frame,time_s,phase,x_green,y_green,x_red,y_red,theta1_deg,theta2_deg,dropout
0,0.0,free_swing,579,492,574,647,-1.423,-1.848,0
1,0.01668,free_swing,579,492,574,649,-1.423,-1.824,0
2,0.03337,free_swing,579,492,575,649,-1.423,-1.459,0
3,0.05005,free_swing,579,492,575,648,-1.423,-1.469,0
4,0.06673,free_swing,579,492,575,649,-1.423,-1.459,0
5,0.08342,free_swing,580,492,575,647,-1.067,-1.848,0
6,0.1001,free_swing,579,492,575,649,-1.423,-1.459,0
7,0.11678,free_swing,579,492,576,647,-1.423,-1.109,0
8,0.13347,free_swing,580,492,576,647,-1.067,-1.478,0
9,0.15015,free_swing,579,492,576,649,-1.423,-1.095,0
10,0.16683,free_swing,579,492,577,647,-1.423,-0.739,0
11,0.18352,free_swing,580,492,577,647,-1.067,-1.109,0
12,0.2002,free_swing,579,492,576,650,-1.423,-1.088,0
13,0.21688,free_swing,579,492,577,647,-1.423,-0.739,0
14,0.23357,free_swing,580,493,577,647,-1.061,-1.116,0
15,0.25025,free_swing,579,493,577,648,-1.414,-0.739,0
16,0.26693,free_swing,580,493,577,647,-1.061,-1.116,0
17,0.28362,free_swing,579,493,577,645,-1.414,-0.754,0
18,0.3003,free_swing,579,492,577,649,-1.423,-0.730,0
19,0.31698,free_swing,579,492,576,648,-1.423,-1.102,0
20,0.33367,free_swing,579,492,576,647,-1.423,-1.109,0
21,0.35035,free_swing,579,492,576,649,-1.423,-1.095,0
22,0.36703,free_swing,579,492,576,648,-1.423,-1.102,0
23,0.38372,free_swing,579,492,576,648,-1.423,-1.102,0
24,0.4004,free_swing,580,492,575,648,-1.067,-1.836,0
25,0.41708,free_swing,579,492,575,648,-1.423,-1.469,0
26,0.43377,free_swing,579,492,575,648,-1.423,-1.469,0
27,0.45045,free_swing,579,492,575,648,-1.423,-1.469,0
28,0.46713,free_swing,580,492,574,648,-1.067,-2.203,0
29,0.48382,free_swing,579,493,574,648,-1.414,-1.848,0
30,0.5005,free_swing,580,492,574,650,-1.067,-2.175,0
31,0.51718,free_swing,580,492,574,650,-1.067,-2.175,0
32,0.53387,free_swing,580,493,574,648,-1.061,-2.217,0
33,0.55055,free_swing,579,492,574,647,-1.423,-1.848,0
34,0.56723,free_swing,579,492,573,650,-1.423,-2.175,0
35,0.58392,free_swing,579,492,573,648,-1.423,-2.203,0
36,0.6006,free_swing,580,492,574,649,-1.067,-2.189,0
37,0.61728,free_swing,579,492,574,648,-1.423,-1.836,0
38,0.63397,free_swing,579,493,574,648,-1.414,-1.848,0
39,0.65065,free_swing,580,493,574,649,-1.061,-2.203,0
40,0.66733,free_swing,580,493,574,649,-1.061,-2.203,0
41,0.68402,free_swing,579,493,574,649,-1.414,-1.836,0
42,0.7007,free_swing,580,492,575,647,-1.067,-1.848,0
43,0.71738,free_swing,580,492,575,649,-1.067,-1.824,0
44,0.73407,free_swing,580,493,575,649,-1.061,-1.836,0
45,0.75075,free_swing,580,492,575,649,-1.067,-1.824,0
46,0.76743,free_swing,580,493,575,650,-1.061,-1.824,0
47,0.78412,free_swing,580,492,576,649,-1.067,-1.459,0
48,0.8008,free_swing,580,492,576,648,-1.067,-1.469,0
49,0.81748,free_swing,580,492,576,650,-1.067,-1.450,0
50,0.83417,free_swing,580,492,576,649,-1.067,-1.459,0
51,0.85085,free_swing,580,492,576,648,-1.067,-1.469,0
52,0.86753,free_swing,580,492,577,647,-1.067,-1.109,0
53,0.88422,free_swing,580,492,577,648,-1.067,-1.102,0
54,0.9009,free_swing,580,492,577,649,-1.067,-1.095,0
55,0.91758,free_swing,580,492,577,649,-1.067,-1.095,0
56,0.93427,free_swing,580,492,577,650,-1.067,-1.088,0
57,0.95095,free_swing,579,493,577,649,-1.414,-0.735,0
58,0.96763,free_swing,579,492,576,650,-1.423,-1.088,0
59,0.98432,free_swing,580,492,576,647,-1.067,-1.478,0
60,1.001,free_swing,580,492,576,647,-1.067,-1.478,0
61,1.01768,free_swing,580,491,576,649,-1.074,-1.450,0
62,1.03437,free_swing,580,491,576,644,-1.074,-1.498,0
63,1.05105,free_swing,580,492,575,650,-1.067,-1.813,0
64,1.06773,free_swing,579,492,575,649,-1.423,-1.459,0
65,1.08442,free_swing,579,492,575,647,-1.423,-1.478,0
66,1.1011,free_swing,580,492,575,648,-1.067,-1.836,0
67,1.11778,free_swing,580,492,575,648,-1.067,-1.836,0
68,1.13447,free_swing,579,492,575,649,-1.423,-1.459,0
69,1.15115,free_swing,579,492,574,649,-1.423,-1.824,0
70,1.16783,free_swing,579,492,574,650,-1.423,-1.813,0
71,1.18452,free_swing,578,493,574,649,-1.768,-1.469,0
72,1.2012,free_swing,579,492,574,648,-1.423,-1.836,0
73,1.21788,free_swing,578,492,575,650,-1.779,-1.088,0
74,1.23457,free_swing,577,492,575,649,-2.134,-0.730,0
75,1.25125,free_swing,575,492,576,648,-2.845,0.367,0
76,1.26793,free_swing,572,491,577,649,-3.933,1.813,0
77,1.28462,free_swing,568,492,577,647,-5.323,3.323,0
78,1.3013,free_swing,567,492,577,649,-5.675,3.644,0
79,1.31798,free_swing,568,492,575,640,-5.323,2.708,0
80,1.33467,free_swing,570,492,574,648,-4.616,1.469,0
81,1.35135,free_swing,577,491,569,649,-2.148,-2.899,0
82,1.36803,free_swing,585,492,564,649,0.712,-7.619,0
83,1.38472,free_swing,596,492,560,646,4.616,-13.158,0
84,1.4014,free_swing,607,491,557,639,8.531,-18.667,0
85,1.41808,free_swing,617,489,555,632,12.144,-23.440,0
86,1.43477,free_swing,627,486,555,624,15.848,-27.553,0
87,1.45145,free_swing,638,483,559,610,19.892,-31.884,0
88,1.46813,free_swing,647,480,563,602,23.245,-34.548,0
89,1.48482,free_swing,656,476,563,602,26.723,-36.431,0
90,1.5015,free_swing,665,470,573,589,30.538,-37.708,0
91,1.51818,free_swing,674,464,580,584,34.380,-38.073,0
92,1.53487,free_swing,681,460,587,584,37.224,-37.164,0
93,1.55155,free_swing,689,454,598,572,40.754,-37.639,0
94,1.56823,free_swing,695,448,610,575,43.749,-33.794,0
95,1.58492,free_swing,701,442,624,574,46.751,-30.256,0
96,1.6016,free_swing,706,436,638,569,49.514,-27.080,0
97,1.61828,free_swing,710,431,654,569,51.783,-22.087,0
98,1.63497,free_swing,714,426,672,571,54.051,-16.154,0
99,1.65165,free_swing,718,420,691,570,56.605,-10.204,0
100,1.66833,free_swing,720,416,710,568,58.183,-3.764,0
101,1.68502,free_swing,721,413,729,563,59.281,3.053,0
102,1.7017,free_swing,722,413,748,559,59.462,10.098,0
103,1.71838,free_swing,719,417,768,557,57.693,19.290,0
104,1.73507,free_swing,715,423,785,549,55.125,29.055,0
105,1.75175,free_swing,709,432,795,534,51.285,40.135,0
106,1.76843,free_swing,699,442,818,531,46.262,53.207,0
107,1.78512,free_swing,688,453,828,518,40.717,65.095,0
108,1.8018,free_swing,677,461,816,497,35.870,75.480,0
109,1.81848,free_swing,663,470,817,487,29.922,83.701,0
110,1.83517,free_swing,651,478,809,476,24.825,90.725,0
111,1.85185,free_swing,637,482,794,467,19.678,95.458,0
112,1.86853,free_swing,622,487,779,460,14.036,99.758,0
113,1.88522,free_swing,606,491,763,459,8.180,101.520,0
114,1.9019,free_swing,589,492,747,461,2.134,101.101,0
115,1.91858,free_swing,571,491,729,466,-4.289,98.991,0
116,1.93527,free_swing,554,489,713,474,-10.401,95.389,0
117,1.95195,free_swing,537,484,694,486,-16.734,89.270,0
118,1.96863,free_swing,521,478,678,505,-22.868,80.242,0
119,1.98532,free_swing,506,472,654,521,-28.639,71.681,0
120,2.002,free_swing,494,465,629,541,-33.591,60.622,0
121,2.01868,free_swing,485,458,597,563,-37.656,46.848,0
122,2.03537,free_swing,479,453,563,584,-40.446,32.669,0
123,2.05205,free_swing,476,452,524,594,-41.486,18.677,0
124,2.06873,free_swing,478,451,481,607,-41.186,1.102,0
125,2.08542,free_swing,482,456,436,602,-38.938,-17.488,0
126,2.1021,free_swing,488,461,401,579,-36.158,-36.401,0
127,2.11878,free_swing,494,465,367,556,-33.591,-54.377,0
128,2.13547,free_swing,498,468,357,517,-31.817,-70.837,0
129,2.15215,free_swing,499,468,388,462,-31.514,-93.094,0
130,2.16883,free_swing,499,469,365,446,-31.329,-99.739,0
131,2.18552,free_swing,500,468,356,421,-31.209,-108.076,0
132,2.2022,free_swing,500,469,363,395,-31.025,-118.376,0
133,2.21888,free_swing,501,469,373,374,-30.719,-126.582,0
134,2.23557,free_swing,502,470,389,356,-30.231,-135.252,0
135,2.25225,free_swing,505,472,410,344,-28.951,-143.418,0
136,2.26893,free_swing,513,476,427,337,-25.769,-148.255,0
137,2.28562,free_swing,522,479,446,335,-22.400,-152.176,0
138,2.3023,free_swing,532,483,466,335,-18.548,-155.966,0
139,2.31898,free_swing,546,487,483,336,-13.343,-157.353,0
140,2.33567,free_swing,560,489,499,338,-8.282,-158.003,0
141,2.35235,free_swing,576,491,512,342,-2.505,-156.755,0
142,2.36903,free_swing,594,491,523,343,3.933,-154.372,0
143,2.38572,free_swing,612,489,533,345,10.401,-151.250,0
144,2.4024,free_swing,631,484,540,348,17.418,-146.213,0
145,2.41908,free_swing,648,478,545,351,23.854,-140.957,0
146,2.43577,free_swing,665,469,548,355,30.719,-134.256,0
147,2.45245,free_swing,681,458,551,361,37.656,-126.729,0
148,2.46913,free_swing,695,445,552,369,44.493,-117.989,0
149,2.48582,free_swing,706,431,554,381,50.889,-108.208,0
150,2.5025,free_swing,717,418,559,394,57.006,-98.637,0
151,2.51918,free_swing,724,407,565,414,61.675,-87.479,0
152,2.53587,free_swing,729,397,573,431,65.674,-77.705,0
153,2.55255,free_swing,731,392,584,447,67.600,-69.487,0
154,2.56923,free_swing,732,392,594,475,67.736,-58.975,0
155,2.58592,free_swing,730,397,605,494,65.821,-52.189,0
156,2.6026,free_swing,727,404,618,512,63.118,-45.264,0
157,2.61928,free_swing,721,415,631,542,58.671,-35.324,0
158,2.63597,free_swing,714,427,645,560,53.765,-27.420,0
159,2.65265,free_swing,701,441,662,577,47.010,-16.001,0
160,2.66933,free_swing,685,457,690,612,38.991,1.848,0
161,2.68602,free_swing,660,473,714,619,28.469,20.298,0
162,2.7027,free_swing,634,484,725,601,18.435,37.875,0
163,2.71938,free_swing,610,491,729,582,9.578,52.595,0
164,2.73607,free_swing,590,492,730,565,2.490,62.461,0
165,2.75275,free_swing,572,491,721,545,-3.933,70.079,0
166,2.76943,free_swing,557,490,702,525,-9.287,76.430,0
167,2.78612,free_swing,541,487,699,512,-15.068,81.009,0
168,2.8028,free_swing,527,482,684,499,-20.348,83.820,0
169,2.81948,free_swing,512,476,672,494,-26.089,83.581,0
170,2.83617,free_swing,499,468,657,489,-31.514,82.429,0
171,2.85285,free_swing,485,458,641,487,-37.656,79.469,0
172,2.86953,free_swing,473,448,625,491,-43.234,74.204,0
173,2.88622,free_swing,462,437,609,494,-48.781,68.806,0
174,2.9029,free_swing,453,426,590,498,-53.842,62.276,0
175,2.91958,free_swing,446,416,570,509,-58.183,53.130,0
176,2.93627,free_swing,442,409,550,516,-61.049,45.266,0
177,2.95295,free_swing,440,404,528,526,-62.956,35.803,0
178,2.96963,free_swing,440,405,503,544,-62.639,24.382,0
179,2.98632,free_swing,443,409,480,555,-60.876,14.221,0
180,3.003,free_swing,448,418,454,565,-57.200,2.337,0
181,3.01968,free_swing,456,429,424,577,-52.344,-12.200,0
182,3.03637,free_swing,470,444,398,575,-45.000,-28.794,0
183,3.05305,free_swing,487,460,379,560,-36.656,-47.203,0
184,3.06973,free_swing,503,471,367,544,-29.745,-61.775,0
185,3.08642,free_swing,519,479,369,521,-23.385,-74.358,0
186,3.1031,free_swing,533,484,377,500,-18.097,-84.144,0
187,3.11978,free_swing,546,487,390,482,-13.343,-91.836,0
188,3.13647,free_swing,559,490,403,467,-8.584,-98.387,0
189,3.15315,free_swing,573,491,416,457,-3.576,-102.219,0
190,3.16983,free_swing,588,492,433,449,1.779,-105.505,0
191,3.18652,free_swing,606,490,451,446,8.231,-105.848,0
192,3.2032,free_swing,624,486,468,446,14.816,-104.381,0
193,3.21988,free_swing,642,480,484,448,21.602,-101.449,0
194,3.23657,free_swing,657,473,497,454,27.525,-96.772,0
195,3.25325,free_swing,673,464,517,462,34.086,-90.735,0
196,3.26993,free_swing,687,454,530,475,40.215,-82.381,0
197,3.28662,free_swing,700,442,550,489,46.507,-72.602,0
198,3.3033,free_swing,709,430,574,507,51.843,-60.301,0
199,3.31998,free_swing,718,420,602,525,56.605,-47.849,0
200,3.33667,free_swing,722,413,632,530,59.462,-37.569,0
201,3.35335,free_swing,724,410,664,541,60.739,-24.609,0
202,3.37003,free_swing,723,413,702,556,59.642,-8.354,0
203,3.38672,free_swing,718,422,737,557,56.017,8.011,0
204,3.4034,free_swing,707,435,768,546,50.013,28.791,0
205,3.42008,free_swing,692,450,807,538,42.489,52.576,0
206,3.43677,free_swing,680,460,813,507,36.941,70.537,0
207,3.45345,free_swing,670,466,817,481,32.800,84.174,0
208,3.47013,free_swing,660,471,818,456,28.811,95.423,0
209,3.48682,free_swing,652,477,805,431,25.296,106.734,0
210,3.5035,free_swing,643,479,787,411,22.068,115.278,0
211,3.52018,free_swing,633,484,768,394,18.097,123.690,0
212,3.53687,free_swing,622,487,744,381,14.036,130.986,0
213,3.55355,free_swing,608,489,721,372,8.991,135.996,0
214,3.57023,free_swing,593,492,698,367,3.554,139.970,0
215,3.58692,free_swing,576,492,677,364,-2.490,141.724,0
216,3.6036,free_swing,559,490,658,362,-8.584,142.280,0
217,3.62028,free_swing,542,486,643,359,-14.816,141.506,0
218,3.63697,free_swing,524,481,630,357,-21.471,139.475,0
219,3.65365,free_swing,507,473,619,356,-28.156,136.251,0
220,3.67033,free_swing,491,464,611,355,-34.673,132.250,0
221,3.68702,free_swing,477,453,606,355,-40.986,127.224,0
222,3.7037,free_swing,464,440,602,357,-47.511,121.025,0
223,3.72038,free_swing,452,427,600,360,-53.765,114.356,0
224,3.73707,free_swing,445,414,598,365,-58.975,107.758,0
225,3.75375,free_swing,439,403,596,373,-63.435,100.818,0
226,3.77043,free_swing,435,395,595,382,-66.615,94.645,0
227,3.78712,free_swing,433,391,593,391,-68.199,90.000,0
228,3.8038,free_swing,434,390,592,401,-68.398,86.017,0
229,3.82048,free_swing,436,394,593,415,-66.801,82.381,0
230,3.83717,free_swing,439,401,595,429,-64.075,79.824,0
231,3.85385,free_swing,443,410,598,446,-60.565,76.924,0
232,3.87053,free_swing,450,421,602,469,-55.914,72.474,0
233,3.88722,free_swing,458,431,605,490,-51.340,68.131,0
234,3.9039,free_swing,468,442,607,515,-46.014,62.292,0
235,3.92058,free_swing,480,454,609,547,-39.943,54.211,0
236,3.93727,free_swing,495,466,606,572,-33.098,46.320,0
237,3.95395,free_swing,514,477,599,599,-25.296,34.866,0
238,3.97063,free_swing,540,486,590,636,-15.505,18.435,0
239,3.98732,free_swing,571,492,571,642,-4.263,0.000,0
240,4.004,free_swing,603,491,552,639,7.125,-19.014,0
241,4.02068,free_swing,626,486,542,617,15.505,-32.669,0
242,4.03737,free_swing,643,480,538,591,21.934,-43.409,0
243,4.05405,free_swing,658,474,538,566,27.676,-52.524,0
244,4.07073,free_swing,669,467,536,547,32.307,-58.973,0
245,4.08742,free_swing,681,459,540,521,37.439,-66.264,0
246,4.1041,free_swing,693,449,546,504,42.990,-69.487,0
247,4.12078,free_swing,703,438,555,485,48.278,-72.382,0
248,4.13747,free_swing,712,425,563,474,53.920,-71.796,0
249,4.15415,free_swing,720,413,571,466,59.098,-70.419,0
250,4.17083,free_swing,726,404,578,459,62.956,-69.614,0
251,4.18752,free_swing,729,397,582,453,65.674,-69.146,0
252,4.2042,free_swing,731,393,586,453,67.270,-67.521,0
253,4.22088,free_swing,731,392,585,455,67.600,-66.659,0
254,4.23757,free_swing,730,396,584,457,66.146,-67.324,0
255,4.25425,free_swing,726,402,582,468,63.595,-65.376,0
256,4.27093,free_swing,723,409,578,479,60.876,-64.231,0
257,4.28762,free_swing,717,419,574,487,56.706,-64.568,0
258,4.3043,free_swing,710,429,571,499,52.344,-63.270,0
259,4.32098,free_swing,700,441,566,522,46.766,-58.848,0
260,4.33767,free_swing,689,452,562,542,41.219,-54.676,0
261,4.35435,free_swing,675,464,563,565,34.673,-47.956,0
262,4.37103,free_swing,658,474,562,596,27.676,-38.199,0
263,4.38772,free_swing,636,485,564,627,18.991,-26.887,0
264,4.4044,free_swing,610,490,576,647,9.638,-12.219,0
265,4.42108,free_swing,577,492,592,649,-2.134,5.458,0
266,4.43777,free_swing,552,489,603,632,-11.101,19.628,0
267,4.45445,free_swing,530,483,607,611,-19.223,31.030,0
268,4.47113,free_swing,514,476,608,593,-25.448,38.779,0
269,4.48782,free_swing,501,470,610,577,-30.538,45.531,0
270,4.5045,free_swing,489,462,607,561,-35.662,50.004,0
271,4.52118,free_swing,480,454,603,549,-39.943,52.319,0
272,4.53787,free_swing,471,446,598,532,-44.243,55.896,0
273,4.55455,free_swing,463,437,591,521,-48.545,56.725,0
274,4.57123,free_swing,456,430,584,520,-52.063,54.888,0
275,4.58792,free_swing,452,424,579,514,-54.628,54.676,0
276,4.6046,free_swing,449,420,573,513,-56.409,53.130,0
277,4.62128,free_swing,448,418,570,520,-57.200,50.102,0
278,4.63797,free_swing,449,419,566,522,-56.706,48.641,0
279,4.65465,free_swing,451,423,564,531,-55.125,46.296,0
280,4.67133,free_swing,455,430,561,545,-52.280,42.668,0
281,4.68802,free_swing,462,437,559,556,-48.781,39.184,0
282,4.7047,free_swing,471,446,550,566,-44.243,33.358,0
283,4.72138,free_swing,481,456,547,600,-39.214,24.624,0
284,4.73807,free_swing,495,466,539,616,-33.098,16.348,0
285,4.75475,free_swing,514,476,528,628,-25.448,5.262,0
286,4.77143,free_swing,536,485,513,640,-16.972,-8.440,0
287,4.78812,free_swing,561,492,502,632,-7.781,-22.852,0
288,4.8048,free_swing,585,492,496,620,0.712,-34.811,0
289,4.82148,free_swing,602,491,495,606,6.772,-42.936,0
290,4.83817,free_swing,618,489,497,590,12.490,-50.148,0
291,4.85485,free_swing,632,484,506,574,17.758,-54.462,0
292,4.87153,free_swing,646,480,511,563,22.920,-58.416,0
293,4.88822,free_swing,658,474,520,552,27.676,-60.524,0
294,4.9049,free_swing,670,467,534,541,32.607,-61.449,0
295,4.92158,free_swing,680,459,544,534,37.155,-61.125,0
296,4.93827,free_swing,691,450,560,523,42.226,-60.871,0
297,4.95495,free_swing,702,440,574,522,47.511,-57.355,0
298,4.97163,free_swing,709,431,591,536,51.563,-48.336,0
299,4.98832,free_swing,715,423,607,528,55.125,-45.807,0
300,5.005,free_swing,719,418,623,528,57.393,-41.112,0
301,5.02168,free_swing,721,416,639,537,58.369,-34.125,0
302,5.03837,free_swing,720,418,655,546,57.583,-26.922,0
303,5.05505,free_swing,715,425,676,563,54.545,-15.781,0
304,5.07173,free_swing,709,434,694,570,50.735,-6.294,0
305,5.08842,free_swing,698,445,717,581,45.250,7.953,0
306,5.1051,free_swing,683,457,738,583,38.437,23.582,0
307,5.12178,free_swing,665,471,763,587,30.358,40.192,0
308,5.13847,free_swing,647,480,772,573,23.245,53.351,0
309,5.15515,free_swing,630,485,767,553,16.972,63.602,0
310,5.17183,free_swing,615,489,759,536,11.449,71.924,0
311,5.18852,free_swing,601,490,753,523,6.459,77.751,0
312,5.2052,free_swing,587,491,743,512,1.432,82.333,0
313,5.22188,free_swing,572,491,732,503,-3.933,85.711,0
314,5.23857,free_swing,558,489,716,497,-8.991,87.101,0
315,5.25525,free_swing,542,486,702,495,-14.816,86.781,0
316,5.27193,free_swing,527,482,686,497,-20.348,84.611,0
317,5.28862,free_swing,512,475,667,499,-26.246,81.198,0
318,5.3053,free_swing,498,467,648,506,-32.005,75.426,0
319,5.32198,free_swing,486,460,630,521,-36.941,67.042,0
320,5.33867,free_swing,476,451,609,531,-41.722,58.973,0
321,5.35535,free_swing,468,443,582,542,-45.757,49.028,0
322,5.37203,free_swing,461,436,555,563,-49.283,36.507,0
323,5.38872,free_swing,458,432,525,568,-51.062,26.227,0
324,5.4054,free_swing,458,432,491,579,-51.062,12.653,0
325,5.42208,free_swing,462,436,453,590,-49.050,-3.345,0
326,5.43877,free_swing,469,444,420,582,-45.252,-19.549,0
327,5.45545,free_swing,481,455,385,571,-39.440,-39.611,0
328,5.47213,free_swing,495,467,363,545,-32.905,-59.421,0
329,5.48882,free_swing,507,472,364,509,-28.325,-75.493,0
330,5.5055,free_swing,516,477,368,477,-24.651,-90.000,0
331,5.52218,free_swing,524,480,371,452,-21.602,-100.371,0
332,5.53887,free_swing,531,484,385,427,-18.771,-111.326,0
333,5.55555,free_swing,538,486,403,405,-16.189,-120.964,0
334,5.57223,free_swing,547,487,418,389,-12.995,-127.224,0
335,5.58892,free_swing,556,489,441,375,-9.697,-134.750,0
336,5.6056,free_swing,570,491,462,369,-4.645,-138.483,0
337,5.62228,free_swing,586,491,483,364,1.074,-140.957,0
338,5.63897,free_swing,600,490,502,360,6.103,-142.989,0
339,5.65565,free_swing,616,488,519,357,11.870,-143.482,0
340,5.67233,free_swing,632,484,533,354,17.758,-142.709,0
341,5.68902,free_swing,650,477,545,352,24.651,-139.970,0
342,5.7057,free_swing,666,468,555,352,31.209,-136.262,0
343,5.72238,free_swing,681,458,560,349,37.656,-132.013,0
344,5.73907,free_swing,695,445,564,348,44.493,-126.518,0
345,5.75575,free_swing,706,432,566,350,50.609,-120.358,0
346,5.77243,free_swing,717,418,568,354,57.006,-113.245,0
347,5.78912,free_swing,725,404,569,360,62.793,-105.751,0
348,5.8058,free_swing,730,392,571,369,67.463,-98.231,0
349,5.82248,free_swing,732,383,573,378,70.761,-91.801,0
350,5.83917,free_swing,734,379,575,388,72.366,-86.760,0
351,5.85585,free_swing,734,381,576,398,71.679,-83.859,0
352,5.87253,free_swing,734,384,576,414,70.659,-79.249,0
353,5.88922,free_swing,731,388,578,427,68.937,-75.700,0
354,5.9059,free_swing,729,395,579,444,66.329,-71.910,0
355,5.92258,free_swing,726,405,578,467,62.639,-67.270,0
356,5.93927,free_swing,720,415,579,484,58.486,-63.925,0
357,5.95595,free_swing,711,427,580,515,53.130,-56.109,0
358,5.97263,free_swing,701,440,582,542,47.270,-49.399,0
359,5.98932,free_swing,688,454,586,564,40.486,-42.839,0
360,6.006,free_swing,670,466,597,595,32.800,-29.505,0
361,6.02268,free_swing,646,480,609,633,22.920,-13.595,0
362,6.03937,free_swing,616,489,629,647,11.797,4.704,0
363,6.05605,free_swing,583,493,643,630,0.000,23.651,0
364,6.07273,free_swing,558,490,646,605,-8.936,37.424,0
365,6.08942,free_swing,539,486,650,589,-15.848,47.141,0
366,6.1061,free_swing,523,480,648,567,-21.934,55.162,0
367,6.12278,free_swing,510,474,646,551,-27.044,60.482,0
368,6.13947,free_swing,497,467,638,531,-32.307,65.587,0
369,6.15615,free_swing,486,459,631,518,-37.155,67.859,0
370,6.17283,free_swing,475,450,622,509,-42.226,68.131,0
371,6.18952,free_swing,466,440,611,495,-47.027,69.228,0
372,6.2062,free_swing,457,431,603,488,-51.563,68.674,0
373,6.22288,free_swing,451,423,594,489,-55.125,65.225,0
374,6.23957,free_swing,447,416,586,486,-57.995,63.270,0
375,6.25625,free_swing,445,413,580,493,-59.281,59.349,0
376,6.27293,free_swing,444,412,574,501,-59.769,55.604,0
377,6.28962,free_swing,445,414,571,507,-58.975,53.569,0
378,6.3063,free_swing,449,419,568,523,-56.706,48.848,0
379,6.32298,free_swing,454,427,566,538,-53.344,45.257,0
380,6.33967,free_swing,461,436,563,553,-49.283,41.082,0
381,6.35635,free_swing,470,445,556,575,-44.748,33.486,0
382,6.37303,free_swing,483,457,549,600,-38.437,24.775,0
383,6.38972,free_swing,498,468,540,615,-31.817,15.945,0
384,6.4064,free_swing,518,479,526,632,-23.711,2.993,0
385,6.42308,free_swing,544,487,509,640,-14.036,-12.885,0
386,6.43977,free_swing,569,492,498,628,-4.970,-27.567,0
387,6.45645,free_swing,591,491,496,609,2.862,-38.837,0
388,6.47313,free_swing,609,490,495,595,9.287,-47.353,0
389,6.48982,free_swing,624,487,498,577,14.725,-54.462,0
390,6.5065,free_swing,643,480,512,556,21.934,-59.880,0
391,6.52318,free_swing,659,473,518,545,28.156,-62.949,0
392,6.53987,free_swing,674,464,532,525,34.380,-66.753,0
393,6.55655,free_swing,687,454,547,511,40.215,-67.847,0
394,6.57323,free_swing,698,442,558,512,46.014,-63.435,0
395,6.58992,free_swing,709,430,574,505,51.843,-60.945,0
396,6.6066,free_swing,718,418,589,501,57.200,-57.242,0
397,6.62328,free_swing,724,409,604,508,61.049,-50.477,0
398,6.63997,free_swing,728,400,619,509,64.552,-45.000,0
399,6.65665,free_swing,730,396,635,516,66.146,-38.367,0
400,6.67333,free_swing,731,396,649,524,66.289,-32.645,0
401,6.69002,free_swing,729,400,664,535,64.704,-25.710,0
402,6.7067,free_swing,726,406,682,552,62.324,-16.771,0
403,6.72338,free_swing,720,416,700,566,58.183,-7.595,0
404,6.74007,free_swing,714,428,717,576,53.482,1.161,0
405,6.75675,free_swing,701,442,737,583,46.751,14.323,0
406,6.77343,free_swing,682,458,752,578,37.937,30.256,0
407,6.79012,free_swing,662,472,768,577,29.261,45.272,0
408,6.8068,free_swing,642,480,769,564,21.602,56.519,0
409,6.82348,free_swing,624,487,762,548,14.725,66.153,0
410,6.84017,free_swing,608,490,753,535,8.936,72.759,0
411,6.85685,free_swing,592,492,742,526,3.200,77.229,0
412,6.87353,free_swing,576,491,730,519,-2.505,79.695,0
413,6.89022,free_swing,560,490,715,513,-8.231,81.560,0
414,6.9069,free_swing,543,486,697,512,-14.470,80.417,0
415,6.92358,free_swing,527,482,681,514,-20.348,78.261,0
416,6.94027,free_swing,512,475,662,519,-26.246,73.652,0
417,6.95695,free_swing,497,467,640,527,-32.307,67.238,0
418,6.97363,free_swing,484,458,618,540,-37.937,58.536,0
419,6.99032,free_swing,474,449,592,545,-42.730,50.870,0
420,7.007,free_swing,466,442,561,555,-46.507,40.054,0
421,7.02368,free_swing,461,436,530,570,-49.283,27.245,0
422,7.04037,free_swing,460,433,497,575,-50.332,14.604,0
423,7.05705,free_swing,462,437,459,585,-48.781,-1.161,0
424,7.07373,free_swing,469,443,418,587,-45.507,-19.502,0
425,7.09042,free_swing,479,453,387,569,-40.446,-38.418,0
426,7.1071,free_swing,492,464,365,541,-34.380,-58.772,0
427,7.12378,free_swing,502,471,358,510,-30.052,-74.846,0
428,7.14047,free_swing,511,475,363,475,-26.565,-90.000,0
429,7.15715,free_swing,517,478,364,447,-24.179,-101.454,0
430,7.17383,free_swing,524,481,378,421,-21.471,-112.341,0
431,7.19052,free_swing,530,483,395,398,-19.223,-122.196,0
432,7.2072,free_swing,537,486,418,381,-16.530,-131.424,0
433,7.22388,free_swing,549,488,439,369,-12.219,-137.251,0
434,7.24057,free_swing,563,490,463,361,-7.169,-142.217,0
435,7.25725,free_swing,576,491,486,355,-2.505,-146.505,0
436,7.27393,free_swing,591,491,506,351,2.862,-148.736,0
437,7.29062,free_swing,607,489,526,347,8.637,-150.299,0
438,7.3073,free_swing,624,486,543,345,14.816,-150.124,0
439,7.32398,free_swing,640,481,557,340,20.807,-149.517,0
440,7.34067,free_swing,657,473,570,337,27.525,-147.393,0
441,7.35735,free_swing,672,465,580,333,33.591,-145.125,0
442,7.37403,free_swing,687,453,586,329,40.446,-140.837,0
443,7.39072,free_swing,699,441,590,325,46.521,-136.782,0
444,7.4074,free_swing,710,428,593,320,52.628,-132.709,0
445,7.42408,free_swing,719,415,594,315,58.299,-128.660,0
446,7.44077,free_swing,725,404,595,311,62.793,-125.579,0
447,7.45745,free_swing,728,396,595,309,65.854,-123.190,0
448,7.47413,free_swing,730,393,596,303,67.132,-123.887,0
449,7.49082,free_swing,730,393,597,304,67.132,-123.789,0
450,7.5075,free_swing,728,398,602,301,65.200,-127.591,0
451,7.52418,free_swing,725,407,603,298,61.844,-131.779,0
452,7.54087,free_swing,719,416,602,305,57.995,-133.493,0
453,7.55755,free_swing,711,427,604,307,53.130,-138.278,0
454,7.57423,free_swing,700,439,605,309,47.291,-143.842,0
455,7.59092,free_swing,688,452,604,314,40.950,-148.671,0
456,7.6076,free_swing,673,464,609,330,34.086,-154.470,0
457,7.62428,free_swing,655,475,605,324,26.565,-161.679,0
458,7.64097,free_swing,634,483,601,323,18.548,-168.346,0
459,7.65765,free_swing,613,489,599,326,10.751,-175.091,0
460,7.67433,free_swing,591,491,595,328,2.862,178.594,0
461,7.69102,free_swing,569,491,593,330,-5.001,171.521,0
462,7.7077,free_swing,547,487,591,331,-12.995,164.249,0
463,7.72438,free_swing,527,482,588,332,-20.348,157.870,0
464,7.74107,free_swing,506,473,588,333,-28.469,149.642,0
465,7.75775,free_swing,488,462,589,335,-35.949,141.506,0
466,7.77443,free_swing,473,448,590,338,-43.234,133.234,0
467,7.79112,free_swing,459,435,593,344,-50.013,124.181,0
468,7.8078,free_swing,447,420,594,352,-56.799,114.825,0
469,7.82448,free_swing,439,404,595,363,-63.118,104.725,0
470,7.84117,free_swing,433,390,592,377,-68.529,94.674,0
471,7.85785,free_swing,430,378,588,393,-72.924,84.577,0
472,7.87453,free_swing,427,372,582,409,-75.275,76.574,0
473,7.89122,free_swing,427,371,576,423,-75.619,70.761,0
474,7.9079,free_swing,429,375,571,443,-74.055,64.411,0
475,7.92458,free_swing,431,383,566,467,-71.114,58.109,0
476,7.94127,free_swing,435,393,561,488,-67.270,52.985,0
477,7.95795,free_swing,440,405,555,509,-62.639,47.875,0
478,7.97463,free_swing,447,418,545,543,-57.393,38.096,0
479,7.99132,free_swing,457,432,537,563,-51.285,31.412,0
480,8.008,free_swing,473,448,523,591,-43.234,19.272,0
481,8.02468,free_swing,493,465,502,622,-33.887,3.281,0
482,8.04137,free_swing,521,480,483,628,-22.593,-14.400,0
483,8.05805,free_swing,551,489,469,616,-11.449,-32.849,0
484,8.07473,free_swing,575,491,464,600,-2.862,-45.521,0
485,8.09142,free_swing,596,491,465,579,4.645,-56.109,0
486,8.1081,free_swing,615,489,474,556,11.449,-64.584,0
487,8.12478,free_swing,631,485,482,539,17.312,-70.079,0
488,8.14147,free_swing,646,478,494,523,23.199,-73.508,0
489,8.15815,free_swing,665,469,514,508,30.719,-75.518,0
490,8.17483,free_swing,681,458,530,492,37.656,-77.311,0
491,8.19152,free_swing,695,446,544,486,44.243,-75.163,0
492,8.2082,free_swing,706,433,560,480,50.332,-72.156,0
493,8.22488,free_swing,717,419,575,483,56.706,-65.739,0
494,8.24157,free_swing,726,405,593,487,62.639,-58.344,0
495,8.25825,free_swing,731,392,612,491,67.600,-50.242,0
496,8.27493,free_swing,735,383,633,503,71.114,-40.365,0
497,8.29162,free_swing,736,378,652,506,72.924,-33.275,0
498,8.3083,free_swing,737,377,670,510,73.369,-26.737,0
499,8.32498,free_swing,736,382,693,526,71.565,-16.626,0
500,8.34167,free_swing,733,389,710,531,68.860,-9.200,0
501,8.35835,free_swing,729,400,733,543,64.704,1.602,0
502,8.37503,free_swing,721,414,759,554,58.975,15.186,0
503,8.39172,free_swing,709,432,777,550,51.285,29.954,0
504,8.4084,free_swing,691,450,791,542,42.226,47.386,0
505,8.42508,free_swing,672,465,804,535,33.591,62.063,0
506,8.44177,free_swing,653,476,802,522,25.769,72.843,0
507,8.45845,free_swing,638,483,792,507,19.892,81.142,0
508,8.47513,free_swing,621,486,779,496,13.775,86.379,0
509,8.49182,free_swing,604,491,764,488,7.477,91.074,0
510,8.5085,free_swing,586,491,745,482,1.074,93.240,0
511,8.52518,free_swing,569,491,729,482,-5.001,93.219,0
512,8.54187,free_swing,550,490,707,480,-11.725,93.644,0
513,8.55855,free_swing,532,483,690,489,-18.548,87.825,0
514,8.57523,free_swing,514,476,671,501,-25.448,80.952,0
515,8.59192,free_swing,498,468,649,513,-31.817,73.405,0
516,8.6086,free_swing,485,458,623,523,-37.656,64.779,0
517,8.62528,free_swing,473,449,596,540,-42.990,53.505,0
518,8.64197,free_swing,465,441,563,555,-47.010,40.684,0
519,8.65865,free_swing,460,435,527,567,-49.785,26.911,0
520,8.67533,free_swing,459,433,485,583,-50.560,9.834,0
521,8.69202,free_swing,462,437,447,580,-48.781,-5.988,0
522,8.7087,free_swing,470,445,408,569,-44.748,-26.565,0
523,8.72538,free_swing,482,456,368,554,-38.938,-49.316,0
524,8.74207,free_swing,493,465,358,517,-33.887,-68.934,0
525,8.75875,free_swing,502,470,373,471,-30.231,-89.556,0
526,8.77543,free_swing,508,474,361,445,-27.676,-101.160,0
527,8.79212,free_swing,513,476,370,413,-25.769,-113.776,0
528,8.8088,free_swing,517,478,389,386,-24.179,-125.707,0
529,8.82548,free_swing,524,480,410,365,-21.602,-135.250,0
530,8.84217,free_swing,533,484,438,352,-18.097,-144.258,0
531,8.85885,free_swing,544,487,468,342,-14.036,-152.339,0
532,8.87553,free_swing,556,488,498,336,-9.758,-159.114,0
533,8.89222,free_swing,568,490,526,333,-5.389,-165.023,0
534,8.9089,free_swing,582,491,554,331,-0.358,-170.074,0
535,8.92558,free_swing,597,491,581,329,5.001,-174.359,0
536,8.94227,free_swing,613,489,606,328,10.751,-177.510,0
537,8.95895,free_swing,629,486,632,324,16.530,178.939,0
538,8.97563,free_swing,643,480,658,320,21.934,174.644,0
539,8.99232,free_swing,658,474,686,314,27.676,170.074,0
540,9.009,free_swing,671,466,709,315,33.098,165.875,0
541,9.02568,free_swing,683,457,737,309,38.437,159.955,0
542,9.04237,free_swing,693,447,758,311,43.479,154.455,0
543,9.05905,free_swing,703,437,785,314,48.545,146.310,0
544,9.07573,free_swing,713,426,820,320,53.842,134.731,0
545,9.09242,free_swing,720,416,838,334,58.183,124.796,0
546,9.1091,free_swing,726,404,854,354,62.956,111.337,0
547,9.12578,free_swing,730,396,867,378,66.146,97.485,0
548,9.14247,free_swing,732,389,876,407,68.731,82.875,0
549,9.15915,free_swing,734,384,865,434,70.659,69.109,0
550,9.17583,free_swing,733,386,855,461,69.864,58.419,0
551,9.19252,free_swing,731,391,838,486,67.932,48.400,0
552,9.2092,free_swing,727,400,813,505,64.398,39.319,0
553,9.22588,free_swing,721,412,800,534,59.589,32.925,0
554,9.24257,free_swing,713,427,776,552,53.556,26.748,0
555,9.25925,free_swing,701,441,751,569,47.010,21.337,0
556,9.27593,free_swing,685,457,733,593,38.991,19.440,0
557,9.29262,free_swing,665,470,711,616,30.538,17.488,0
558,9.3093,free_swing,645,480,683,626,22.593,14.589,0
559,9.32598,free_swing,621,488,655,640,13.606,12.609,0
560,9.34267,free_swing,597,492,624,647,4.970,9.881,0
561,9.35935,free_swing,577,492,591,647,-2.134,5.161,0
562,9.37603,free_swing,557,491,556,645,-9.230,-0.372,0
563,9.39272,free_swing,539,486,521,638,-15.848,-6.754,0
564,9.4094,free_swing,522,480,488,625,-22.264,-13.196,0
565,9.42608,free_swing,504,471,454,617,-29.435,-18.905,0
566,9.44277,free_swing,488,461,425,597,-36.158,-24.855,0
567,9.45945,free_swing,475,449,404,568,-42.466,-30.822,0
568,9.47613,free_swing,464,438,368,557,-48.039,-38.894,0
569,9.49282,free_swing,456,430,484,431,-52.063,87.955,0
570,9.5095,free_swing,451,423,584,347,-55.125,119.745,0
571,9.52618,free_swing,450,421,587,347,-55.914,118.376,0
572,9.54287,free_swing,450,422,587,344,-55.620,119.655,0
573,9.55955,free_swing,451,423,584,348,-55.125,119.419,0
574,9.57623,free_swing,453,426,588,354,-53.842,118.072,0
575,9.59292,free_swing,456,430,578,356,-52.063,121.239,0
576,9.6096,free_swing,458,432,569,353,-51.062,125.440,0
577,9.62628,free_swing,462,438,365,326,-48.514,-139.105,0
578,9.64297,free_swing,467,444,374,314,-45.751,-144.421,0
579,9.65965,free_swing,475,450,401,309,-42.226,-152.308,0
580,9.67633,free_swing,483,457,420,307,-38.437,-157.218,0
581,9.69302,free_swing,494,465,443,310,-33.591,-161.787,0
582,9.7097,free_swing,506,472,468,315,-28.639,-166.394,0
583,9.72638,free_swing,521,479,485,320,-22.730,-167.242,0
584,9.74307,free_swing,539,485,503,325,-15.945,-167.320,0
585,9.75975,free_swing,558,489,521,330,-8.991,-166.900,0
586,9.77643,free_swing,578,492,536,333,-1.779,-165.203,0
587,9.79312,free_swing,600,490,549,335,6.103,-161.787,0
588,9.8098,free_swing,622,487,561,335,14.036,-158.134,0
589,9.82648,free_swing,642,480,574,341,21.602,-153.932,0
590,9.84317,free_swing,661,471,579,333,29.124,-149.281,0
591,9.85985,free_swing,679,460,584,331,36.656,-143.631,0
592,9.87653,free_swing,695,446,587,326,44.243,-138.013,0
593,9.89322,free_swing,707,432,589,323,50.837,-132.730,0
594,9.9099,free_swing,716,421,590,320,55.914,-128.715,0
595,9.92658,free_swing,721,411,592,315,59.899,-126.656,0
596,9.94327,free_swing,723,408,593,313,61.189,-126.158,0
597,9.95995,free_swing,723,408,595,310,61.189,-127.439,0
598,9.97663,free_swing,720,413,597,308,59.098,-130.486,0
599,9.99332,free_swing,715,420,599,309,56.010,-133.738,0
600,10.01,free_swing,709,429,602,308,52.125,-138.514,0
601,10.02668,free_swing,701,439,603,309,47.534,-142.989,0
602,10.04337,free_swing,690,449,604,313,42.201,-147.693,0
603,10.06005,free_swing,678,460,606,320,36.369,-152.784,0
604,10.07673,free_swing,661,471,606,319,29.124,-160.108,0
605,10.09342,free_swing,644,480,606,322,22.264,-166.477,0
606,10.1101,free_swing,624,487,605,324,14.725,-173.351,0
607,10.12678,free_swing,602,491,605,327,6.772,178.952,0
608,10.14347,free_swing,581,492,604,330,-0.712,171.919,0
609,10.16015,free_swing,561,490,603,333,-7.878,165.023,0
610,10.17683,free_swing,539,486,604,337,-15.848,156.431,0
611,10.19352,free_swing,519,478,606,341,-23.527,147.583,0
612,10.2102,free_swing,499,469,608,349,-31.329,137.750,0
613,10.22688,free_swing,483,458,610,357,-38.217,128.494,0
614,10.24357,free_swing,469,445,612,370,-45.000,117.676,0
615,10.26025,free_swing,456,430,610,386,-52.063,105.945,0
616,10.27693,free_swing,447,417,606,406,-57.693,93.958,0
617,10.29362,free_swing,440,404,597,428,-62.956,81.309,0
618,10.3103,free_swing,436,394,583,447,-66.801,70.174,0
619,10.32698,free_swing,433,390,565,474,-68.529,57.529,0
620,10.34367,free_swing,433,390,546,496,-68.529,46.831,0
621,10.36035,free_swing,435,394,528,508,-66.942,39.207,0
622,10.37703,free_swing,440,404,502,541,-62.956,24.349,0
623,10.39372,free_swing,447,416,476,565,-57.995,11.014,0
624,10.4104,free_swing,457,432,450,578,-51.285,-2.745,0
625,10.42708,free_swing,476,450,415,593,-41.961,-23.102,0
626,10.44377,free_swing,499,469,394,581,-31.329,-43.152,0
627,10.46045,free_swing,521,480,390,556,-22.593,-59.880,0
628,10.47713,free_swing,540,486,392,533,-15.505,-72.382,0
629,10.49382,free_swing,557,490,399,512,-9.287,-82.073,0
630,10.5105,free_swing,573,492,417,488,-3.554,-91.469,0
631,10.52718,free_swing,588,491,429,474,1.790,-96.103,0
632,10.54387,free_swing,604,490,447,461,7.524,-100.465,0
633,10.56055,free_swing,621,487,464,451,13.690,-102.915,0
634,10.57723,free_swing,639,481,483,445,20.472,-102.995,0
635,10.59392,free_swing,656,473,498,443,27.207,-100.751,0
636,10.6106,free_swing,673,464,514,442,34.086,-97.878,0
637,10.62728,free_swing,688,452,529,446,40.950,-92.161,0
638,10.64397,free_swing,701,439,543,453,47.534,-84.936,0
639,10.66065,free_swing,713,425,559,466,54.130,-75.092,0
640,10.67733,free_swing,721,411,578,474,59.899,-66.224,0
641,10.69402,free_swing,728,400,601,492,64.552,-54.080,0
642,10.7107,free_swing,733,390,625,501,68.529,-44.215,0
643,10.72738,free_swing,735,384,651,509,70.777,-33.901,0
644,10.74407,free_swing,735,384,681,523,70.777,-21.231,0
645,10.76075,free_swing,735,388,708,529,69.444,-10.840,0
646,10.77743,free_swing,731,396,738,536,66.289,2.862,0
647,10.79412,free_swing,724,410,773,543,60.739,20.225,0
648,10.8108,free_swing,712,428,799,534,53.059,39.378,0
649,10.82748,free_swing,695,447,817,518,43.995,59.802,0
650,10.84417,free_swing,680,460,825,497,36.941,75.685,0
651,10.86085,free_swing,664,468,816,474,30.593,87.739,0
652,10.87753,free_swing,650,477,807,456,24.651,97.619,0
653,10.89422,free_swing,638,482,792,439,20.014,105.601,0
654,10.9109,free_swing,623,486,772,426,14.470,111.934,0
655,10.92758,free_swing,607,489,752,417,8.637,116.407,0
656,10.94427,free_swing,589,492,731,411,2.134,119.701,0
657,10.96095,free_swing,571,491,710,409,-4.289,120.538,0
658,10.97763,free_swing,551,489,692,410,-11.449,119.261,0
659,10.99432,free_swing,531,484,676,413,-18.771,116.089,0
660,11.011,free_swing,513,476,663,418,-25.769,111.140,0
661,11.02768,free_swing,495,466,651,427,-33.098,104.036,0
662,11.04437,free_swing,479,454,640,441,-40.215,94.616,0
663,11.06105,free_swing,466,441,624,456,-46.766,84.577,0
664,11.07773,free_swing,455,428,606,472,-52.845,73.754,0
665,11.09442,free_swing,447,417,583,492,-57.693,61.125,0
666,11.1111,free_swing,441,407,557,502,-61.844,50.684,0
667,11.12778,free_swing,438,400,525,525,-64.552,34.838,0
668,11.14447,free_swing,438,400,493,538,-64.552,21.730,0
669,11.16115,free_swing,439,403,459,545,-63.435,8.017,0
670,11.17783,free_swing,445,414,416,560,-58.975,-11.234,0
671,11.19452,free_swing,455,428,373,562,-52.845,-31.464,0
672,11.2112,free_swing,471,446,371,525,-44.243,-51.691,0
673,11.22788,free_swing,484,459,588,335,-37.720,140.013,0
674,11.24457,free_swing,498,468,350,471,-31.817,-88.839,0
675,11.26125,free_swing,509,474,359,448,-27.361,-99.834,0
676,11.27793,free_swing,520,479,370,424,-23.058,-110.136,0
677,11.29462,free_swing,530,483,391,404,-19.223,-119.612,0
678,11.3113,free_swing,541,486,415,387,-15.161,-128.157,0
679,11.32798,free_swing,554,488,436,376,-10.465,-133.506,0
680,11.34467,free_swing,567,490,461,367,-5.746,-139.246,0
681,11.36135,free_swing,583,492,484,361,0.000,-142.921,0
682,11.37803,free_swing,601,490,505,358,6.459,-143.973,0
683,11.39472,free_swing,619,488,524,355,12.915,-144.462,0
684,11.4114,free_swing,638,482,539,351,20.014,-142.921,0
685,11.42808,free_swing,656,474,553,349,27.044,-140.511,0
686,11.44477,free_swing,673,464,562,345,34.086,-136.992,0
687,11.46145,free_swing,688,452,569,341,40.950,-133.008,0
688,11.47813,free_swing,701,438,574,338,47.799,-128.217,0
689,11.49482,free_swing,712,424,577,336,54.211,-123.098,0
690,11.5115,free_swing,721,410,579,337,60.210,-117.207,0
691,11.52818,free_swing,728,396,580,338,65.854,-111.400,0
692,11.54487,free_swing,733,384,579,340,70.540,-105.945,0
693,11.56155,free_swing,735,376,578,344,73.508,-101.520,0
694,11.57823,free_swing,736,373,578,349,74.650,-98.637,0
695,11.59492,free_swing,735,375,577,354,73.856,-97.571,0
696,11.6116,free_swing,734,382,575,360,71.338,-97.878,0
697,11.62828,free_swing,731,390,572,368,68.265,-97.878,0
698,11.64497,free_swing,726,401,568,378,63.918,-98.282,0
699,11.66165,free_swing,720,411,564,387,59.718,-98.746,0
700,11.67833,free_swing,712,424,555,403,54.211,-97.619,0
701,11.69502,free_swing,701,437,551,420,48.066,-96.466,0
702,11.7117,free_swing,690,450,538,439,41.961,-94.139,0
703,11.72838,free_swing,676,462,518,464,35.372,-89.275,0
704,11.74507,free_swing,659,472,501,494,28.325,-82.073,0
705,11.76175,free_swing,641,481,487,524,21.140,-74.399,0
706,11.77843,free_swing,621,487,483,555,13.690,-63.768,0
707,11.79512,free_swing,596,492,474,593,4.616,-50.380,0
708,11.8118,free_swing,567,492,480,625,-5.675,-33.190,0
709,11.82848,free_swing,534,486,502,633,-17.543,-12.281,0
710,11.84517,free_swing,507,474,524,627,-27.989,6.340,0
711,11.86185,free_swing,490,462,544,597,-35.372,21.801,0
712,11.87853,free_swing,476,451,557,572,-41.722,33.799,0
713,11.89522,free_swing,466,443,569,552,-46.251,43.379,0
714,11.9119,free_swing,460,435,579,530,-49.785,51.399,0
715,11.92858,free_swing,454,427,583,509,-53.344,57.558,0
716,11.94527,free_swing,450,421,590,492,-55.914,63.108,0
717,11.96195,free_swing,447,416,594,469,-57.995,70.174,0
718,11.97863,free_swing,445,414,598,456,-58.975,74.650,0
719,11.99532,free_swing,446,415,603,443,-58.486,79.888,0
720,12.012,free_swing,447,418,606,426,-57.393,87.120,0
721,12.02868,free_swing,452,424,610,417,-54.628,92.537,0
722,12.04537,free_swing,458,432,616,407,-51.062,98.991,0
723,12.06205,free_swing,466,442,620,399,-46.507,105.601,0
724,12.07873,free_swing,476,451,626,395,-41.722,110.472,0
725,12.09542,free_swing,488,461,633,392,-36.158,115.448,0
726,12.1121,free_swing,501,469,641,391,-30.719,119.124,0
727,12.12878,free_swing,517,478,652,393,-24.179,122.196,0
728,12.14547,free_swing,534,484,666,396,-17.758,123.690,0
729,12.16215,free_swing,551,489,681,400,-11.449,124.396,0
730,12.17883,free_swing,567,491,701,405,-5.711,122.692,0
731,12.19552,free_swing,584,491,723,413,0.358,119.299,0
732,12.2122,free_swing,602,490,746,424,6.814,114.624,0
733,12.22888,free_swing,618,488,769,439,12.567,107.978,0
734,12.24557,free_swing,636,483,793,457,19.223,99.403,0
735,12.26225,free_swing,653,477,810,479,25.615,89.270,0
736,12.27893,free_swing,671,465,815,502,33.294,75.590,0
737,12.29562,free_swing,689,452,810,525,41.219,58.897,0
738,12.3123,free_swing,707,435,782,531,50.013,37.999,0
739,12.32898,free_swing,720,418,768,548,57.583,20.266,0
740,12.34567,free_swing,726,406,739,544,62.324,5.382,0
741,12.36235,free_swing,731,397,712,539,65.966,-7.621,0
742,12.37903,free_swing,732,393,688,534,67.407,-17.331,0
743,12.39572,free_swing,732,394,659,523,67.080,-29.505,0
744,12.4124,free_swing,730,397,637,516,65.821,-38.008,0
745,12.42908,free_swing,726,405,613,514,62.639,-46.032,0
746,12.44577,free_swing,720,416,593,512,58.183,-52.914,0
747,12.46245,free_swing,712,427,572,503,53.344,-61.504,0
748,12.47913,free_swing,700,440,554,499,47.027,-67.996,0
749,12.49582,free_swing,686,453,534,501,40.173,-72.474,0
750,12.5125,free_swing,671,466,516,504,33.098,-76.225,0
751,12.52918,free_swing,653,475,501,511,25.925,-76.675,0
752,12.54587,free_swing,634,483,479,523,18.548,-75.530,0
753,12.56255,free_swing,614,489,462,537,11.101,-72.474,0
754,12.57923,free_swing,592,492,446,556,3.200,-66.329,0
755,12.59592,free_swing,569,492,434,576,-4.970,-58.109,0
756,12.6126,free_swing,544,489,432,593,-13.865,-47.121,0
757,12.62928,free_swing,518,479,436,611,-23.711,-31.849,0
758,12.64597,free_swing,493,465,452,610,-33.887,-15.789,0
759,12.66265,free_swing,476,451,468,597,-41.722,-3.136,0
760,12.67933,free_swing,463,437,482,582,-48.545,7.465,0
761,12.69602,free_swing,454,427,493,572,-53.344,15.054,0
762,12.7127,free_swing,447,417,509,543,-57.693,26.200,0
763,12.72938,free_swing,442,407,517,529,-61.675,31.581,0
764,12.74607,free_swing,436,397,519,526,-65.821,32.758,0
765,12.76275,free_swing,433,388,527,503,-69.193,39.262,0
766,12.77943,free_swing,430,382,534,490,-71.565,43.919,0
767,12.79612,free_swing,429,379,536,490,-72.688,43.949,0
768,12.8128,free_swing,430,379,545,481,-72.582,48.428,0
769,12.82948,free_swing,431,383,553,477,-71.114,52.386,0
770,12.84617,free_swing,433,390,560,483,-68.529,53.785,0
771,12.86285,free_swing,437,399,569,486,-65.026,56.611,0
772,12.87953,free_swing,442,410,577,490,-60.739,59.349,0
773,12.89622,free_swing,450,422,586,502,-55.620,59.534,0
774,12.9129,free_swing,459,434,595,512,-50.285,60.164,0
775,12.92958,free_swing,471,447,605,528,-43.995,58.848,0
776,12.94627,free_swing,485,458,611,549,-37.656,54.162,0
777,12.96295,free_swing,501,470,620,571,-30.538,49.677,0
778,12.97963,free_swing,521,480,620,589,-22.593,42.248,0
779,12.99632,free_swing,544,488,618,604,-13.950,32.535,0
780,13.013,free_swing,572,492,619,638,-3.909,17.844,0
781,13.02968,free_swing,604,491,606,646,7.477,0.739,0
782,13.04637,free_swing,631,485,594,636,17.312,-13.768,0
783,13.06305,free_swing,651,478,587,618,24.825,-24.567,0
784,13.07973,free_swing,668,468,585,593,31.817,-33.584,0
785,13.09642,free_swing,681,460,583,572,37.224,-41.186,0
786,13.1131,free_swing,690,451,583,549,41.722,-47.514,0
787,13.12978,free_swing,700,442,585,536,46.507,-50.738,0
788,13.14647,free_swing,709,432,590,518,51.285,-54.145,0
789,13.16315,free_swing,716,423,593,509,55.327,-55.039,0
790,13.17983,free_swing,720,415,598,507,58.486,-52.980,0
791,13.19652,free_swing,723,408,601,503,61.189,-52.093,0
792,13.2132,free_swing,727,405,604,501,62.802,-52.028,0
793,13.22988,free_swing,727,403,606,501,63.435,-50.995,0
794,13.24657,free_swing,726,405,607,505,62.639,-49.958,0
795,13.26325,free_swing,723,410,607,512,60.565,-48.674,0
796,13.27993,free_swing,719,416,608,523,57.995,-46.051,0
797,13.29662,free_swing,713,425,609,546,54.130,-40.679,0
798,13.3133,free_swing,706,436,608,550,49.514,-40.684,0
799,13.32998,free_swing,697,446,609,562,44.750,-37.185,0
800,13.34667,free_swing,685,456,616,596,39.214,-26.237,0
801,13.36335,free_swing,668,468,621,617,31.817,-17.507,0
802,13.38003,free_swing,648,480,631,627,23.569,-6.597,0
803,13.39672,free_swing,621,488,644,645,13.606,8.334,0
804,13.4134,free_swing,596,493,652,637,4.588,21.251,0
805,13.43008,free_swing,573,491,649,613,-3.576,31.921,0
806,13.44677,free_swing,553,489,647,601,-10.751,40.006,0
807,13.46345,free_swing,537,486,645,590,-16.530,46.081,0
808,13.48013,free_swing,523,481,634,574,-21.801,50.042,0
809,13.49682,free_swing,510,475,624,564,-26.882,52.021,0
810,13.5135,free_swing,498,468,621,560,-31.817,53.205,0
811,13.53018,free_swing,487,460,607,550,-36.656,53.130,0
812,13.54687,free_swing,478,453,597,555,-40.717,49.399,0
813,13.56355,free_swing,470,446,582,552,-44.497,46.577,0
814,13.58023,free_swing,462,438,568,544,-48.514,45.000,0
815,13.59692,free_swing,458,433,551,553,-50.786,37.776,0
816,13.6136,free_swing,455,430,534,563,-52.280,30.710,0
817,13.63028,free_swing,455,429,518,567,-52.561,24.538,0
818,13.64697,free_swing,458,432,497,583,-51.062,14.482,0
819,13.66365,free_swing,463,439,481,588,-48.013,6.888,0
820,13.68033,free_swing,473,447,462,591,-43.479,-4.368,0
821,13.69702,free_swing,485,458,434,605,-37.656,-19.134,0
822,13.7137,free_swing,500,470,415,599,-30.842,-33.381,0
823,13.73038,free_swing,518,478,407,579,-23.854,-47.701,0
824,13.74707,free_swing,534,484,401,565,-17.758,-58.658,0
825,13.76375,free_swing,548,488,403,546,-12.567,-68.199,0
826,13.78043,free_swing,561,490,408,531,-7.878,-74.999,0
827,13.79712,free_swing,573,491,417,518,-3.576,-80.181,0
828,13.8138,free_swing,586,492,428,507,1.067,-84.577,0
829,13.83048,free_swing,600,490,441,498,6.103,-87.120,0
830,13.84717,free_swing,615,488,455,493,11.520,-88.210,0
831,13.86385,free_swing,629,485,469,492,16.631,-87.495,0
832,13.88053,free_swing,644,479,486,492,22.400,-85.296,0
833,13.89722,free_swing,658,473,502,497,27.842,-81.254,0
834,13.9139,free_swing,671,465,519,504,33.294,-75.610,0
835,13.93058,free_swing,684,456,541,506,38.938,-70.728,0
836,13.94727,free_swing,693,447,561,518,43.479,-61.725,0
837,13.96395,free_swing,701,440,584,525,47.270,-54.002,0
838,13.98063,free_swing,707,433,610,536,50.560,-43.282,0
839,13.99732,free_swing,710,430,640,554,52.063,-29.445,0
840,14.014,free_swing,711,431,671,567,52.001,-16.390,0
841,14.03068,free_swing,706,435,709,583,49.785,1.161,0
842,14.04737,free_swing,699,444,748,586,45.751,19.038,0
843,14.06405,free_swing,686,456,777,570,39.489,38.598,0
844,14.08073,free_swing,670,467,794,543,32.607,58.496,0
845,14.09742,free_swing,656,474,804,516,27.044,74.157,0
846,14.1141,free_swing,644,479,802,486,22.400,87.463,0
847,14.13078,free_swing,634,483,793,458,18.548,98.936,0
848,14.14747,free_swing,625,486,777,433,15.161,109.223,0
849,14.16415,free_swing,616,489,759,412,11.797,118.301,0
850,14.18083,free_swing,606,489,737,395,8.282,125.662,0
851,14.19752,free_swing,594,491,715,383,3.933,131.751,0
852,14.2142,free_swing,581,491,693,374,-0.716,136.251,0
853,14.23088,free_swing,566,491,672,367,-6.065,139.475,0
854,14.24757,free_swing,551,489,653,362,-11.449,141.230,0
855,14.26425,free_swing,535,484,636,358,-17.418,141.285,0
856,14.28093,free_swing,519,479,621,355,-23.385,140.560,0
857,14.29762,free_swing,503,471,612,351,-29.745,137.750,0
858,14.3143,free_swing,489,462,603,347,-35.662,135.250,0
859,14.33098,free_swing,475,452,596,344,-41.751,131.751,0
860,14.34767,free_swing,464,440,591,342,-47.511,127.656,0
861,14.36435,free_swing,454,428,589,340,-53.059,123.098,0
862,14.38103,free_swing,446,416,588,341,-58.183,117.842,0
863,14.39772,free_swing,439,406,588,343,-62.488,112.920,0
864,14.4144,free_swing,436,398,588,346,-65.497,108.886,0
865,14.43108,free_swing,434,392,589,350,-67.736,105.161,0
866,14.44777,free_swing,434,393,590,356,-67.407,103.343,0
867,14.46445,free_swing,436,397,592,361,-65.821,102.995,0
868,14.48113,free_swing,439,404,596,368,-63.118,102.915,0
869,14.49782,free_swing,444,413,601,377,-59.462,102.915,0
870,14.5145,free_swing,451,424,607,386,-54.834,103.690,0
871,14.53118,free_swing,458,434,615,399,-50.511,102.567,0
872,14.54787,free_swing,469,444,627,415,-45.252,100.401,0
873,14.56455,free_swing,481,456,639,432,-39.214,98.637,0
874,14.58123,free_swing,496,466,654,452,-32.800,95.064,0
875,14.59792,free_swing,512,474,671,478,-26.405,88.559,0
876,14.6146,free_swing,528,483,687,507,-19.892,81.416,0
877,14.63128,free_swing,548,488,697,535,-12.567,72.493,0
878,14.64797,free_swing,570,492,707,571,-4.616,60.030,0
879,14.66465,free_swing,597,492,701,599,4.970,44.185,0
880,14.68133,free_swing,627,486,692,628,15.848,24.596,0
881,14.69802,free_swing,656,476,666,626,26.723,3.814,0
882,14.7147,free_swing,676,464,643,612,34.963,-12.570,0
883,14.73138,free_swing,690,452,622,582,41.486,-27.613,0
884,14.74807,free_swing,698,443,607,560,45.757,-37.875,0
885,14.76475,free_swing,706,436,593,540,49.514,-47.375,0
886,14.78143,free_swing,710,429,583,510,52.344,-57.470,0
887,14.79812,free_swing,715,422,576,492,55.418,-63.270,0
888,14.8148,free_swing,720,416,572,469,58.183,-70.297,0
889,14.83148,free_swing,722,410,571,446,60.388,-76.590,0
890,14.84817,free_swing,722,409,566,434,60.701,-80.895,0
891,14.86485,free_swing,721,411,561,417,59.899,-87.852,0
892,14.88153,free_swing,717,418,559,399,57.006,-96.857,0
893,14.89822,free_swing,711,426,556,388,53.418,-103.775,0
894,14.9149,free_swing,705,436,554,376,49.283,-111.670,0
895,14.93158,free_swing,694,446,553,367,43.986,-119.261,0
896,14.94827,free_swing,683,456,552,360,38.660,-126.235,0
897,14.96495,free_swing,669,466,550,355,32.499,-133.008,0
898,14.98163,free_swing,654,474,549,353,26.405,-139.050,0
899,14.99832,free_swing,637,482,544,350,19.678,-144.834,0
900,15.015,free_swing,619,488,537,347,12.915,-149.819,0
901,15.03168,free_swing,599,490,530,344,5.746,-154.704,0
902,15.04837,free_swing,580,491,519,342,-1.074,-157.736,0
903,15.06505,free_swing,562,490,508,338,-7.524,-160.442,0
904,15.08173,free_swing,544,487,494,334,-14.036,-161.903,0
905,15.09842,free_swing,528,482,478,330,-20.014,-161.792,0
906,15.1151,free_swing,514,475,462,325,-25.602,-160.880,0
907,15.13178,free_swing,500,469,443,321,-31.025,-158.937,0
908,15.14847,free_swing,488,461,422,318,-36.158,-155.225,0
909,15.16515,free_swing,478,452,401,317,-40.950,-150.301,0
910,15.18183,free_swing,468,443,380,318,-45.757,-144.854,0
911,15.19852,free_swing,459,434,375,324,-50.285,-142.633,0
912,15.2152,free_swing,451,424,586,349,-54.834,119.055,0
913,15.23188,free_swing,444,414,587,352,-59.158,113.440,0
914,15.24857,free_swing,440,405,587,352,-62.639,109.826,0
915,15.26525,free_swing,438,402,587,352,-63.911,108.550,0
916,15.28193,free_swing,439,404,587,352,-63.118,109.359,0
917,15.29862,free_swing,442,408,587,352,-61.361,111.117,0
918,15.3153,free_swing,445,413,587,352,-59.281,113.247,0
919,15.33198,free_swing,449,420,587,351,-56.409,116.565,0
920,15.34867,free_swing,456,428,588,355,-52.628,118.944,0
921,15.36535,free_swing,464,439,371,533,-47.774,-44.694,0
922,15.38203,free_swing,475,448,388,560,-42.709,-37.840,0
923,15.39872,free_swing,487,459,409,592,-36.870,-30.390,0
924,15.4154,free_swing,502,469,441,609,-30.411,-23.543,0
925,15.43208,free_swing,519,478,475,625,-23.527,-16.663,0
926,15.44877,free_swing,537,486,510,636,-16.530,-10.204,0
927,15.46545,free_swing,558,492,546,647,-8.826,-4.427,0
928,15.48213,free_swing,580,493,582,646,-1.061,0.749,0
929,15.49882,free_swing,602,492,619,648,6.730,6.219,0
930,15.5155,free_swing,624,487,655,642,14.725,11.310,0
931,15.53218,free_swing,643,481,690,631,21.801,17.398,0
932,15.54887,free_swing,662,471,722,617,29.435,22.341,0
933,15.56555,free_swing,678,462,746,588,35.949,28.355,0
934,15.58223,free_swing,694,449,770,567,43.249,32.784,0
935,15.59892,free_swing,705,436,797,548,49.283,39.401,0
936,15.6156,free_swing,715,422,812,520,55.418,44.706,0
937,15.63228,free_swing,722,410,821,490,60.388,51.059,0
938,15.64897,free_swing,727,401,843,469,64.075,59.621,0
939,15.66565,free_swing,729,397,871,447,65.674,70.602,0
940,15.68233,free_swing,730,396,863,415,66.146,81.870,0
941,15.69902,free_swing,727,399,877,389,64.722,93.814,0
942,15.7157,free_swing,725,404,862,362,62.793,107.044,0
943,15.73238,free_swing,723,410,843,341,60.565,119.899,0
944,15.74907,free_swing,719,416,828,324,57.995,130.166,0
945,15.76575,free_swing,715,423,809,311,55.125,139.994,0
946,15.78243,free_swing,708,431,784,304,51.340,149.103,0
947,15.79912,free_swing,701,440,762,300,47.270,156.457,0
948,15.8158,free_swing,691,448,741,300,42.709,161.333,0
949,15.83248,free_swing,680,459,716,307,37.155,166.675,0
950,15.84917,free_swing,667,468,697,316,31.514,168.835,0
951,15.86585,free_swing,651,477,678,316,24.974,170.480,0
952,15.88253,free_swing,632,484,657,323,17.758,171.174,0
953,15.89922,free_swing,611,489,638,329,10.049,170.422,0
954,15.9159,free_swing,587,491,620,331,1.432,168.346,0
955,15.93258,free_swing,566,490,604,332,-6.103,166.477,0
956,15.94927,free_swing,543,486,588,331,-14.470,163.811,0
957,15.96595,free_swing,523,480,576,328,-21.934,160.777,0
958,15.98263,free_swing,506,471,563,322,-28.811,159.066,0
959,15.99932,free_swing,489,462,550,316,-35.662,157.324,0
960,16.016,free_swing,475,451,542,304,-41.987,155.497,0
961,16.03268,free_swing,463,439,534,296,-48.013,153.595,0
962,16.04937,free_swing,454,429,525,287,-52.776,153.435,0
963,16.06605,free_swing,450,422,511,274,-55.620,157.600,0
964,16.08273,free_swing,447,418,501,269,-57.393,160.079,0
965,16.09942,free_swing,448,419,488,265,-56.902,165.440,0
966,16.1161,free_swing,452,424,470,266,-54.628,173.501,0
967,16.13278,free_swing,456,429,462,277,-52.344,177.739,0
968,16.14947,free_swing,462,436,434,279,-49.050,-169.888,0
969,16.16615,free_swing,468,442,413,291,-46.014,-159.986,0
970,16.18283,free_swing,475,450,404,312,-42.226,-152.775,0
971,16.19952,free_swing,485,458,378,338,-37.656,-138.278,0
972,16.2162,free_swing,493,466,366,371,-33.690,-126.798,0
973,16.23288,free_swing,504,472,362,411,-29.261,-113.247,0
974,16.24957,free_swing,514,476,357,460,-25.448,-95.819,0
975,16.26625,free_swing,522,479,368,512,-22.400,-77.905,0
976,16.28293,free_swing,529,483,396,564,-19.558,-58.658,0
977,16.29962,free_swing,534,485,441,607,-17.650,-37.318,0
978,16.3163,free_swing,538,487,497,637,-16.091,-15.287,0
979,16.33298,free_swing,545,488,560,639,-13.606,5.673,0
980,16.34967,free_swing,554,489,614,621,-10.401,24.444,0
981,16.36635,free_swing,567,492,666,610,-5.675,39.996,0
982,16.38303,free_swing,586,492,697,575,1.067,53.213,0
983,16.39972,free_swing,608,490,744,562,8.936,62.103,0
984,16.4164,free_swing,630,485,775,538,16.972,69.922,0
985,16.43308,free_swing,652,477,800,514,25.296,75.964,0
986,16.44977,free_swing,671,466,814,489,33.098,80.863,0
987,16.46645,free_swing,686,454,838,476,39.943,81.764,0
988,16.48313,free_swing,699,442,836,454,46.262,84.994,0
989,16.49982,free_swing,709,431,853,443,51.563,85.236,0
990,16.5165,free_swing,714,424,854,429,54.628,87.955,0
991,16.53318,free_swing,715,420,857,416,56.010,91.614,0
992,16.54987,free_swing,714,423,849,403,54.920,98.427,0
993,16.56655,free_swing,712,426,849,394,53.631,103.147,0
994,16.58323,free_swing,709,431,842,387,51.563,108.306,0
995,16.59992,free_swing,704,438,840,384,48.514,111.656,0
996,16.6166,free_swing,697,445,836,383,45.000,114.039,0
997,16.63328,free_swing,688,452,827,385,40.950,115.735,0
998,16.64997,free_swing,678,460,815,390,36.369,117.065,0
999,16.66665,free_swing,666,469,808,400,31.025,115.916,0
1000,16.68333,free_swing,652,476,799,412,25.448,113.527,0
1001,16.70002,free_swing,637,482,786,429,19.678,109.581,0
1002,16.7167,free_swing,619,487,776,449,12.995,103.606,0
1003,16.73338,free_swing,604,490,762,473,7.524,96.141,0
1004,16.75007,free_swing,586,492,744,502,1.067,86.379,0
1005,16.76675,free_swing,569,491,719,533,-5.001,74.358,0
1006,16.78343,free_swing,555,490,691,565,-9.987,61.125,0
1007,16.80012,free_swing,543,487,648,593,-14.381,44.728,0
1008,16.8168,free_swing,533,485,604,622,-17.987,27.395,0
1009,16.83348,free_swing,528,483,550,632,-19.892,8.399,0
1010,16.85017,free_swing,528,482,491,632,-20.014,-13.856,0
1011,16.86685,free_swing,529,483,439,609,-19.558,-35.538,0
1012,16.88353,free_swing,529,483,401,569,-19.558,-56.104,0
1013,16.90022,free_swing,524,481,374,527,-21.471,-72.951,0
1014,16.9169,free_swing,518,479,361,481,-23.711,-89.270,0
1015,16.93358,free_swing,510,475,360,437,-26.882,-104.216,0
1016,16.95027,free_swing,503,471,364,399,-29.745,-117.384,0
1017,16.96695,free_swing,497,467,376,367,-32.307,-129.572,0
1018,16.98363,free_swing,494,465,393,342,-33.591,-140.609,0
1019,17.00032,free_swing,494,465,415,326,-33.591,-150.388,0
1020,17.017,free_swing,496,466,439,316,-32.800,-159.193,0
1021,17.03368,free_swing,499,467,466,311,-31.701,-168.056,0
1022,17.05037,free_swing,502,470,489,309,-30.231,-175.384,0
1023,17.06705,free_swing,509,474,511,311,-27.361,179.297,0
1024,17.08373,free_swing,518,478,535,317,-23.854,173.972,0
1025,17.10042,free_swing,528,482,557,322,-20.014,169.727,0
1026,17.1171,free_swing,540,486,580,328,-15.505,165.793,0
1027,17.13378,free_swing,554,489,601,334,-10.401,163.131,0
1028,17.15047,free_swing,569,491,624,340,-5.001,159.986,0
1029,17.16715,free_swing,584,492,649,344,0.356,156.289,0
1030,17.18383,free_swing,599,492,675,350,5.675,151.844,0
1031,17.20052,free_swing,616,489,703,355,11.797,147.006,0
1032,17.2172,free_swing,630,485,731,363,16.972,140.380,0
1033,17.23388,free_swing,645,479,762,371,22.730,132.709,0
1034,17.25057,free_swing,659,471,790,385,28.496,123.284,0
1035,17.26725,free_swing,673,465,818,402,33.887,113.484,0
1036,17.28393,free_swing,686,455,826,423,39.715,102.875,0
1037,17.30062,free_swing,699,442,831,447,46.262,87.831,0
1038,17.3173,free_swing,709,430,845,482,51.843,69.075,0
1039,17.33398,free_swing,718,418,820,501,57.200,50.864,0
1040,17.35067,free_swing,721,413,806,524,59.281,37.444,0
1041,17.36735,free_swing,719,417,785,540,57.693,28.217,0
1042,17.38403,free_swing,715,422,762,554,55.418,19.599,0
1043,17.40072,free_swing,709,430,746,574,51.843,14.410,0
1044,17.4174,free_swing,700,441,724,588,46.766,9.273,0
1045,17.43408,free_swing,691,451,698,595,41.987,2.783,0
1046,17.45077,free_swing,677,463,679,609,35.455,0.785,0
1047,17.46745,free_swing,660,473,660,630,28.469,0.000,0
1048,17.48413,free_swing,642,482,639,639,21.342,-1.095,0
1049,17.50082,free_swing,619,489,619,647,12.836,0.000,0
1050,17.5175,free_swing,597,492,599,649,4.970,0.730,0
1051,17.53418,free_swing,575,491,578,649,-2.862,1.088,0
1052,17.55087,free_swing,555,490,557,640,-9.987,0.764,0
1053,17.56755,free_swing,537,485,534,639,-16.631,-1.116,0
1054,17.58423,free_swing,518,479,514,627,-23.711,-1.548,0
1055,17.60092,free_swing,500,469,492,615,-31.025,-3.136,0
1056,17.6176,free_swing,486,459,467,611,-37.155,-7.125,0
1057,17.63428,free_swing,473,447,447,591,-43.479,-10.235,0
1058,17.65097,free_swing,462,436,423,578,-49.050,-15.357,0
1059,17.66765,free_swing,454,426,399,565,-53.631,-21.588,0
1060,17.68433,free_swing,448,418,379,545,-57.200,-28.516,0
1061,17.70102,free_swing,446,414,390,506,-58.791,-31.329,0
1062,17.7177,free_swing,446,415,586,352,-58.486,114.228,0
1063,17.73438,free_swing,448,419,585,353,-56.902,115.723,0
1064,17.75107,free_swing,452,425,586,349,-54.338,119.560,0
1065,17.76775,free_swing,458,433,586,352,-50.786,122.326,0
1066,17.78443,free_swing,464,440,587,353,-47.511,125.272,0
1067,17.80112,free_swing,471,446,587,355,-44.243,128.114,0
1068,17.8178,free_swing,479,454,443,360,-40.215,-159.044,0
1069,17.83448,free_swing,488,461,369,363,-36.158,-129.472,0
1070,17.85117,free_swing,499,468,387,356,-31.514,-135.000,0
1071,17.86785,free_swing,511,475,406,352,-26.565,-139.514,0
1072,17.88453,free_swing,525,481,429,351,-21.140,-143.556,0
1073,17.90122,free_swing,540,486,449,352,-15.505,-145.819,0
1074,17.9179,free_swing,558,490,465,355,-8.936,-145.437,0
1075,17.93458,free_swing,578,491,482,360,-1.790,-143.765,0
1076,17.95127,free_swing,599,491,494,364,5.711,-140.417,0
1077,17.96795,free_swing,619,487,505,371,12.995,-135.498,0
1078,17.98463,free_swing,640,482,512,379,20.681,-128.823,0
1079,18.00132,free_swing,658,472,521,390,28.009,-120.902,0
1080,18.018,free_swing,677,461,527,404,35.870,-110.807,0
1081,18.03468,free_swing,692,448,535,421,42.973,-99.758,0
1082,18.05137,free_swing,706,433,549,440,50.332,-87.447,0
1083,18.06805,free_swing,715,421,565,464,55.713,-74.004,0
1084,18.08473,free_swing,722,409,585,489,60.701,-59.718,0
1085,18.10142,free_swing,726,404,612,509,62.956,-47.353,0
1086,18.1181,free_swing,727,403,643,536,63.435,-32.276,0
1087,18.13478,free_swing,726,405,672,546,62.639,-20.956,0
1088,18.15147,free_swing,722,414,708,564,59.158,-5.332,0
1089,18.16815,free_swing,712,428,746,576,53.059,12.938,0
1090,18.18483,free_swing,697,446,776,565,44.750,33.579,0
1091,18.20152,free_swing,677,462,794,542,35.662,55.637,0
1092,18.2182,free_swing,659,473,806,519,28.156,72.624,0
1093,18.23488,free_swing,644,480,800,491,22.264,85.967,0
1094,18.25157,free_swing,630,484,788,464,17.076,97.214,0
1095,18.26825,free_swing,618,488,773,441,12.567,106.869,0
1096,18.28493,free_swing,606,489,753,422,8.282,114.503,0
1097,18.30162,free_swing,592,491,731,407,3.219,121.145,0
1098,18.3183,free_swing,576,491,707,396,-2.505,125.949,0
1099,18.33498,free_swing,560,491,684,388,-8.180,129.715,0
1100,18.35167,free_swing,541,487,665,383,-15.068,129.987,0
1101,18.36835,free_swing,523,481,649,378,-21.801,129.265,0
1102,18.38503,free_swing,506,472,635,374,-28.639,127.224,0
1103,18.40172,free_swing,489,463,624,372,-35.455,123.983,0
1104,18.4184,free_swing,475,451,616,372,-41.987,119.261,0
1105,18.43508,free_swing,462,438,609,372,-48.514,114.179,0
1106,18.45177,free_swing,450,424,605,376,-55.037,107.207,0
1107,18.46845,free_swing,441,409,600,383,-61.220,99.287,0
1108,18.48513,free_swing,434,392,594,391,-67.736,90.358,0
1109,18.50182,free_swing,430,379,587,402,-72.582,81.666,0
1110,18.5185,free_swing,427,371,579,418,-75.619,72.818,0
1111,18.53518,free_swing,426,367,572,426,-77.085,67.996,0
1112,18.55187,free_swing,426,367,564,444,-77.085,60.840,0
1113,18.56855,free_swing,428,372,557,461,-75.184,55.397,0
1114,18.58523,free_swing,430,379,552,473,-72.582,52.386,0
1115,18.60192,free_swing,433,388,541,502,-69.193,43.452,0
1116,18.6186,free_swing,438,401,532,527,-64.231,36.724,0
1117,18.63528,free_swing,446,414,522,551,-58.791,29.019,0
1118,18.65197,free_swing,456,429,510,573,-52.344,20.556,0
1119,18.66865,free_swing,471,446,492,604,-44.243,7.571,0
1120,18.68533,free_swing,492,463,475,615,-34.582,-6.382,0
1121,18.70202,free_swing,520,479,457,616,-23.058,-24.696,0
1122,18.7187,free_swing,548,488,447,605,-12.567,-40.802,0
1123,18.73538,free_swing,572,492,447,586,-3.909,-53.057,0
1124,18.75207,free_swing,593,492,456,565,3.554,-61.949,0
1125,18.76875,free_swing,611,490,464,549,9.987,-68.131,0
1126,18.78543,free_swing,628,485,477,533,16.289,-72.366,0
1127,18.80212,free_swing,645,479,494,519,22.730,-75.163,0
1128,18.8188,free_swing,661,472,507,512,28.951,-75.440,0
1129,18.83548,free_swing,676,462,526,501,35.372,-75.426,0
1130,18.85217,free_swing,690,451,542,494,41.722,-73.799,0
1131,18.86885,free_swing,702,439,559,495,47.774,-68.614,0
1132,18.88553,free_swing,713,426,578,493,53.842,-63.605,0
1133,18.90222,free_swing,721,413,597,504,59.281,-53.726,0
1134,18.9189,free_swing,726,404,619,518,62.956,-43.186,0
1135,18.93558,free_swing,730,398,640,517,65.497,-37.100,0
1136,18.95227,free_swing,731,395,666,537,66.615,-24.596,0
1137,18.96895,free_swing,729,399,690,548,65.026,-14.668,0
1138,18.98563,free_swing,726,405,709,547,62.639,-6.827,0
1139,19.00232,free_swing,721,416,734,554,58.369,5.382,0
1140,19.019,free_swing,711,431,764,563,52.001,21.876,0
1141,19.03568,free_swing,694,448,785,555,43.493,40.380,0
1142,19.05237,free_swing,677,462,800,542,35.662,56.960,0
1143,19.06905,free_swing,660,472,797,522,28.639,69.950,0
1144,19.08573,free_swing,645,480,801,508,22.593,79.824,0
1145,19.10242,free_swing,630,485,787,490,16.972,88.176,0
1146,19.1191,free_swing,616,489,775,477,11.797,94.316,0
1147,19.13578,free_swing,600,490,760,466,6.103,98.531,0
1148,19.15247,free_swing,584,491,742,459,0.358,101.449,0
1149,19.16915,free_swing,567,491,725,456,-5.711,102.490,0
1150,19.18583,free_swing,550,488,708,456,-11.870,101.449,0
1151,19.20252,free_swing,532,483,691,460,-18.548,98.231,0
1152,19.2192,free_swing,514,477,674,468,-25.296,93.219,0
1153,19.23588,free_swing,499,468,657,479,-31.514,86.017,0
1154,19.25257,free_swing,485,458,639,492,-37.656,77.550,0
1155,19.26925,free_swing,473,448,617,511,-43.234,66.371,0
1156,19.28593,free_swing,463,438,591,521,-48.278,57.039,0
1157,19.30262,free_swing,456,430,563,537,-52.063,45.000,0
1158,19.3193,free_swing,453,426,528,559,-53.842,29.419,0
1159,19.33598,free_swing,453,425,494,570,-54.130,15.789,0
1160,19.35267,free_swing,456,429,457,575,-52.344,0.392,0
1161,19.36935,free_swing,464,438,412,583,-48.039,-19.729,0
1162,19.38603,free_swing,477,452,380,564,-41.219,-40.895,0
1163,19.40272,free_swing,492,464,364,533,-34.380,-61.673,0
1164,19.4194,free_swing,504,471,356,502,-29.435,-78.170,0
1165,19.43608,free_swing,513,475,361,468,-25.925,-92.637,0
1166,19.45277,free_swing,520,479,370,438,-23.058,-105.287,0
1167,19.46945,free_swing,527,481,385,412,-20.472,-115.916,0
1168,19.48613,free_swing,534,485,404,391,-17.650,-125.870,0
1169,19.50282,free_swing,542,486,428,373,-14.816,-134.748,0
1170,19.5195,free_swing,551,488,451,360,-11.520,-142.001,0
1171,19.53618,free_swing,560,489,476,350,-8.282,-148.855,0
1172,19.55287,free_swing,572,491,499,345,-3.933,-153.435,0
1173,19.56955,free_swing,585,491,522,341,0.716,-157.218,0
1174,19.58623,free_swing,601,490,543,337,6.459,-159.239,0
1175,19.60292,free_swing,616,488,563,335,11.870,-160.894,0
1176,19.6196,free_swing,633,484,580,330,18.097,-161.009,0
1177,19.63628,free_swing,648,478,595,325,23.854,-160.894,0
1178,19.65297,free_swing,663,470,611,323,29.922,-160.519,0
1179,19.66965,free_swing,677,461,624,314,35.870,-160.174,0
1180,19.68633,free_swing,689,451,634,300,41.455,-159.986,0
1181,19.70302,free_swing,698,442,645,292,46.014,-160.540,0
1182,19.7197,free_swing,707,432,655,283,50.837,-160.761,0
1183,19.73638,free_swing,712,425,665,275,53.920,-162.602,0
1184,19.75307,free_swing,716,421,681,266,55.914,-167.276,0
1185,19.76975,free_swing,716,420,691,265,56.211,-170.838,0
1186,19.78643,free_swing,716,420,706,265,56.211,-176.309,0
1187,19.80312,free_swing,712,425,719,271,53.920,177.397,0
1188,19.8198,free_swing,708,431,736,279,51.340,169.563,0
1189,19.83648,free_swing,703,438,753,292,48.278,161.095,0
1190,19.85317,free_swing,695,446,767,312,44.243,151.750,0
1191,19.86985,free_swing,688,454,788,335,40.486,139.958,0
1192,19.88653,free_swing,678,460,800,367,36.369,127.318,0
1193,19.90322,free_swing,667,468,811,406,31.514,113.295,0
1194,19.9199,free_swing,657,474,811,453,27.361,97.765,0
1195,19.93658,free_swing,649,478,802,503,24.179,80.720,0
1196,19.95327,free_swing,644,480,771,551,22.264,60.792,0
1197,19.96995,free_swing,641,482,739,601,21.012,39.472,0
1198,19.98663,free_swing,640,482,684,633,20.681,16.246,0
1199,20.00332,free_swing,639,483,624,640,20.225,-5.458,0
1200,20.02,free_swing,628,485,567,634,16.289,-22.264,0
1201,20.03668,free_swing,614,489,519,613,11.101,-37.457,0
1202,20.05337,free_swing,594,492,476,596,3.909,-48.608,0
1203,20.07005,free_swing,570,492,437,577,-4.616,-57.417,0
1204,20.08673,free_swing,546,488,408,554,-13.261,-64.440,0
1205,20.10342,free_swing,523,481,387,531,-21.801,-69.814,0
1206,20.1201,free_swing,502,470,358,523,-30.231,-69.794,0
1207,20.13678,free_swing,484,458,583,353,-37.937,136.685,0
1208,20.15347,free_swing,469,445,588,355,-45.000,127.100,0
1209,20.17015,free_swing,459,433,587,354,-50.560,121.682,0
1210,20.18683,free_swing,452,423,587,354,-54.920,117.072,0
1211,20.20352,free_swing,447,417,588,349,-57.693,115.747,0
1212,20.2202,free_swing,448,418,587,353,-57.200,115.062,0
1213,20.23688,free_swing,450,421,587,352,-55.914,116.732,0
1214,20.25357,free_swing,452,425,585,350,-54.338,119.419,0
1215,20.27025,free_swing,456,429,588,354,-52.344,119.604,0
1216,20.28693,free_swing,462,437,588,351,-48.781,124.315,0
1217,20.30362,free_swing,468,444,585,355,-45.503,127.260,0
1218,20.3203,free_swing,477,452,562,341,-41.219,142.556,0
1219,20.33698,free_swing,487,459,585,349,-36.870,138.302,0
1220,20.35367,free_swing,498,468,368,414,-31.817,-112.557,0
1221,20.37035,free_swing,512,476,363,428,-26.089,-107.856,0
1222,20.38703,free_swing,527,482,374,443,-20.348,-104.300,0
1223,20.40372,free_swing,543,486,388,461,-14.470,-99.162,0
1224,20.4204,free_swing,560,490,402,484,-8.231,-92.175,0
1225,20.43708,free_swing,577,492,419,512,-2.134,-82.786,0
1226,20.45377,free_swing,594,492,444,541,3.909,-71.910,0
1227,20.47045,free_swing,608,490,478,570,8.936,-58.392,0
1228,20.48713,free_swing,621,488,516,597,13.606,-43.929,0
1229,20.50382,free_swing,631,485,560,623,17.312,-27.225,0
1230,20.5205,free_swing,639,483,613,638,20.225,-9.522,0
1231,20.53718,free_swing,642,482,671,636,21.342,10.665,0
1232,20.55387,free_swing,641,482,722,611,21.012,32.125,0
1233,20.57055,free_swing,642,481,761,576,21.471,51.399,0
1234,20.58723,free_swing,645,480,790,534,22.593,69.574,0
1235,20.60392,free_swing,649,477,803,489,24.326,85.544,0
1236,20.6206,free_swing,656,473,811,447,27.207,99.522,0
1237,20.63728,free_swing,664,470,808,408,30.231,113.295,0
1238,20.65397,free_swing,671,465,798,375,33.294,125.324,0
1239,20.67065,free_swing,675,462,779,349,35.080,137.375,0
1240,20.68733,free_swing,678,461,762,329,36.158,147.529,0
1241,20.70402,free_swing,676,462,738,318,35.372,156.705,0
1242,20.7207,free_swing,672,465,717,310,33.591,163.811,0
1243,20.73738,free_swing,669,467,696,308,32.307,170.362,0
1244,20.75407,free_swing,662,471,673,311,29.435,176.067,0
1245,20.77075,free_swing,654,476,651,316,26.089,-178.926,0
1246,20.78743,free_swing,643,480,629,317,21.934,-175.091,0
1247,20.80412,free_swing,631,484,608,323,17.418,-171.870,0
1248,20.8208,free_swing,617,488,586,328,12.219,-169.035,0
1249,20.83748,free_swing,601,491,565,332,6.419,-167.242,0
1250,20.85417,free_swing,584,492,542,334,0.356,-165.114,0
1251,20.87085,free_swing,568,491,519,337,-5.356,-162.350,0
1252,20.88753,free_swing,552,488,495,338,-11.170,-159.193,0
1253,20.90422,free_swing,536,485,469,339,-16.972,-155.349,0
1254,20.9209,free_swing,522,480,440,343,-22.264,-149.098,0
1255,20.93758,free_swing,508,473,411,348,-27.842,-142.189,0
1256,20.95427,free_swing,496,467,386,357,-32.607,-135.000,0
1257,20.97095,free_swing,485,459,360,371,-37.439,-125.146,0
1258,20.98763,free_swing,476,451,587,351,-41.722,132.016,0
1259,21.00432,free_swing,469,444,586,352,-45.252,128.179,0
1260,21.021,free_swing,461,436,583,329,-49.283,131.252,0
1261,21.03768,free_swing,456,430,588,355,-52.063,119.604,0
1262,21.05437,free_swing,454,428,583,350,-53.059,121.159,0
1263,21.07105,free_swing,457,431,424,480,-51.563,-33.959,0
1264,21.08773,free_swing,461,436,366,556,-49.283,-38.367,0
1265,21.10442,free_swing,468,443,396,572,-45.757,-29.168,0
1266,21.1211,free_swing,476,451,421,594,-41.722,-21.038,0
1267,21.13778,free_swing,488,460,447,611,-36.369,-15.191,0
1268,21.15447,free_swing,502,469,479,616,-30.411,-8.893,0
1269,21.17115,free_swing,519,478,504,635,-23.527,-5.458,0
1270,21.18783,free_swing,537,486,533,640,-16.530,-1.488,0
1271,21.20452,free_swing,557,490,562,641,-9.287,1.897,0
1272,21.2212,free_swing,579,492,589,650,-1.423,3.621,0
1273,21.23788,free_swing,601,491,615,648,6.419,5.096,0
1274,21.25457,free_swing,622,488,641,643,13.950,6.988,0
1275,21.27125,free_swing,643,481,667,635,21.801,8.858,0
1276,21.28793,free_swing,662,472,692,623,29.261,11.237,0
1277,21.30462,free_swing,680,461,713,602,36.729,13.173,0
1278,21.3213,free_swing,693,449,733,584,42.990,16.504,0
1279,21.33798,free_swing,705,437,751,561,49.014,20.353,0
1280,21.35467,free_swing,715,424,772,545,54.834,25.224,0
1281,21.37135,free_swing,721,414,798,532,58.975,33.126,0
1282,21.38803,free_swing,723,407,822,514,61.504,42.776,0
1283,21.40472,free_swing,724,406,840,491,61.991,53.768,0
1284,21.4214,free_swing,723,409,856,468,60.876,66.077,0
1285,21.43808,free_swing,719,415,865,441,58.299,79.902,0
1286,21.45477,free_swing,715,422,850,412,55.418,94.236,0
1287,21.47145,free_swing,710,429,851,391,52.344,105.083,0
1288,21.48813,free_swing,704,436,833,371,49.050,116.742,0
1289,21.50482,free_swing,696,444,818,356,45.000,125.803,0
1290,21.5215,free_swing,689,453,791,345,40.986,136.637,0
1291,21.53818,free_swing,677,461,775,340,35.870,140.995,0
1292,21.55487,free_swing,666,469,756,338,31.025,145.510,0
1293,21.57155,free_swing,652,477,735,337,25.296,149.338,0
1294,21.58823,free_swing,636,483,714,340,19.223,151.390,0
1295,21.60492,free_swing,617,488,693,344,12.219,152.176,0
1296,21.6216,free_swing,597,492,675,348,4.970,151.557,0
1297,21.63828,free_swing,576,492,661,352,-2.490,148.736,0
1298,21.65497,free_swing,555,489,648,356,-10.049,145.037,0
1299,21.67165,free_swing,533,484,637,361,-18.097,139.785,0
1300,21.68833,free_swing,511,476,631,365,-26.407,132.769,0
1301,21.70502,free_swing,492,465,625,372,-34.181,124.963,0
1302,21.7217,free_swing,474,452,621,381,-42.013,115.780,0
1303,21.73838,free_swing,461,436,616,395,-49.283,104.816,0
1304,21.75507,free_swing,449,420,607,408,-56.409,94.343,0
1305,21.77175,free_swing,441,406,597,426,-62.158,82.694,0
1306,21.78843,free_swing,435,394,583,450,-66.942,69.274,0
1307,21.80512,free_swing,432,386,568,464,-69.986,60.164,0
1308,21.8218,free_swing,432,386,551,485,-69.986,50.242,0
1309,21.83848,free_swing,434,393,534,511,-67.407,40.280,0
1310,21.85517,free_swing,437,400,521,523,-64.704,34.330,0
1311,21.87185,free_swing,443,411,498,551,-60.255,21.448,0
1312,21.88853,free_swing,454,426,475,574,-53.631,8.076,0
1313,21.90522,free_swing,466,441,454,581,-46.766,-4.899,0
1314,21.9219,free_swing,486,458,423,596,-37.372,-24.538,0
1315,21.93858,free_swing,509,473,405,587,-27.525,-42.374,0
1316,21.95527,free_swing,530,483,401,565,-19.223,-57.558,0
1317,21.97195,free_swing,548,488,401,548,-12.567,-67.797,0
1318,21.98863,free_swing,564,490,410,528,-6.814,-76.139,0
1319,22.00532,free_swing,580,492,423,510,-1.067,-83.460,0
1320,22.022,free_swing,597,491,437,497,5.001,-87.852,0
1321,22.03868,free_swing,615,488,455,486,11.520,-90.716,0
1322,22.05537,free_swing,634,483,475,478,18.548,-91.801,0
1323,22.07205,free_swing,651,476,491,475,25.125,-90.358,0
1324,22.08873,free_swing,668,467,509,474,32.005,-87.479,0
1325,22.10542,free_swing,683,456,527,475,38.660,-83.056,0
1326,22.1221,free_swing,698,444,545,483,45.503,-75.700,0
1327,22.13878,free_swing,709,431,565,490,51.563,-67.720,0
1328,22.15547,free_swing,719,416,589,497,57.995,-58.074,0
1329,22.17215,free_swing,726,404,614,506,62.956,-47.675,0
1330,22.18883,free_swing,731,396,647,528,66.289,-32.471,0
1331,22.20552,free_swing,733,391,675,530,68.199,-22.649,0
1332,22.2222,free_swing,733,393,711,543,67.543,-8.344,0
1333,22.23888,free_swing,729,400,744,547,64.704,5.826,0
1334,22.25557,free_swing,724,411,772,539,60.430,20.556,0
1335,22.27225,free_swing,712,427,810,536,53.344,41.958,0
1336,22.28893,free_swing,697,446,823,510,44.750,63.072,0
1337,22.30562,free_swing,683,457,820,481,38.437,80.064,0
1338,22.3223,free_swing,669,467,822,460,32.307,92.620,0
1339,22.33898,free_swing,656,474,811,437,27.044,103.426,0
1340,22.35567,free_swing,644,480,791,417,22.264,113.199,0
1341,22.37235,free_swing,632,483,771,402,17.868,120.231,0
1342,22.38903,free_swing,619,487,748,390,12.995,126.941,0
1343,22.40572,free_swing,602,490,723,382,6.814,131.751,0
1344,22.4224,free_swing,584,492,700,378,0.356,134.502,0
1345,22.43908,free_swing,566,490,680,375,-6.103,135.250,0
1346,22.45577,free_swing,546,488,660,373,-13.261,135.250,0
1347,22.47245,free_swing,526,483,646,373,-20.556,132.510,0
1348,22.48913,free_swing,508,474,635,373,-27.676,128.494,0
1349,22.50582,free_swing,490,463,626,375,-35.166,122.905,0
1350,22.5225,free_swing,475,449,619,379,-42.466,115.925,0
1351,22.53918,free_swing,460,436,613,385,-49.514,108.435,0
1352,22.55587,free_swing,449,420,606,393,-56.409,99.758,0
1353,22.57255,free_swing,441,404,599,407,-62.793,88.912,0
1354,22.58923,free_swing,433,390,589,420,-68.529,79.114,0
1355,22.60592,free_swing,429,378,577,434,-73.028,69.274,0
1356,22.6226,free_swing,427,372,563,451,-75.275,59.848,0
1357,22.63928,free_swing,427,370,549,467,-75.964,51.512,0
1358,22.65597,free_swing,428,372,535,483,-75.184,43.949,0
1359,22.67265,free_swing,430,380,521,502,-72.242,36.719,0
1360,22.68933,free_swing,434,390,504,522,-68.398,27.937,0
1361,22.70602,free_swing,439,402,489,538,-63.754,20.186,0
1362,22.7227,free_swing,448,418,462,569,-57.200,5.297,0
1363,22.73938,free_swing,461,436,441,584,-49.283,-7.696,0
1364,22.75607,free_swing,481,455,421,585,-39.440,-24.775,0
1365,22.77275,free_swing,505,472,402,583,-28.951,-42.859,0
1366,22.78943,free_swing,529,483,400,565,-19.558,-57.558,0
1367,22.80612,free_swing,549,488,406,546,-12.219,-67.923,0
1368,22.8228,free_swing,568,492,414,531,-5.323,-75.789,0
1369,22.83948,free_swing,586,492,428,516,1.067,-81.363,0
1370,22.85617,free_swing,603,490,444,505,7.169,-84.611,0
1371,22.87285,free_swing,622,487,462,496,14.036,-86.781,0
1372,22.88953,free_swing,642,481,482,492,21.471,-86.067,0
1373,22.90622,free_swing,660,471,505,491,28.811,-82.648,0
1374,22.9229,free_swing,677,461,522,493,35.870,-78.335,0
1375,22.93958,free_swing,692,450,543,497,42.489,-72.493,0
1376,22.95627,free_swing,705,435,566,503,49.554,-63.932,0
1377,22.97295,free_swing,716,423,593,515,55.327,-53.205,0
1378,22.98963,free_swing,723,411,622,529,60.255,-40.561,0
1379,23.00632,free_swing,728,400,652,522,64.552,-31.921,0
1380,23.023,free_swing,730,396,683,532,66.146,-19.065,0
1381,23.03968,free_swing,730,397,715,534,65.821,-6.248,0
1382,23.05637,free_swing,727,404,751,535,63.118,10.382,0
1383,23.07305,free_swing,720,416,797,539,58.183,32.047,0
1384,23.08973,free_swing,708,431,812,511,51.340,52.431,0
1385,23.10642,free_swing,697,446,825,485,44.750,73.055,0
1386,23.1231,free_swing,686,454,832,461,39.943,87.255,0
1387,23.13978,free_swing,677,461,829,438,35.870,98.604,0
1388,23.15647,free_swing,669,468,815,415,32.118,109.952,0
1389,23.17315,free_swing,659,472,800,397,28.325,118.009,0
1390,23.18983,free_swing,648,477,778,382,23.999,126.158,0
1391,23.20652,free_swing,637,482,754,372,19.678,133.234,0
1392,23.2232,free_swing,622,486,731,365,14.123,137.987,0
1393,23.23988,free_swing,607,490,708,362,8.584,141.724,0
1394,23.25657,free_swing,589,491,685,361,2.148,143.556,0
1395,23.27325,free_swing,570,491,666,360,-4.645,143.765,0
1396,23.28993,free_swing,551,489,649,359,-11.449,142.989,0
1397,23.30662,free_swing,531,483,635,359,-18.886,140.013,0
1398,23.3233,free_swing,513,476,625,360,-25.769,136.005,0
1399,23.33998,free_swing,495,467,618,360,-32.905,131.021,0
1400,23.35667,free_swing,479,455,612,362,-39.987,124.963,0
1401,23.37335,free_swing,465,442,607,366,-46.751,118.156,0
1402,23.39003,free_swing,454,427,605,372,-53.344,110.014,0
1403,23.40672,free_swing,444,413,601,380,-59.462,101.870,0
1404,23.4234,free_swing,437,400,598,390,-64.704,93.554,0
1405,23.44008,free_swing,434,391,592,403,-68.066,85.657,0
1406,23.45677,free_swing,432,385,588,414,-70.322,79.469,0
1407,23.47345,free_swing,431,385,583,429,-70.442,73.856,0
1408,23.49013,free_swing,433,389,581,446,-68.860,68.937,0
1409,23.50682,free_swing,436,396,579,458,-66.146,66.560,0
1410,23.5235,free_swing,441,406,577,485,-62.158,59.848,0
1411,23.54018,free_swing,446,416,574,508,-58.183,54.293,0
1412,23.55687,free_swing,454,428,570,529,-53.059,48.954,0
1413,23.57355,free_swing,465,441,563,566,-47.010,38.096,0
1414,23.59023,free_swing,481,455,553,593,-39.440,27.553,0
1415,23.60692,free_swing,500,468,541,612,-31.209,15.893,0
1416,23.6236,free_swing,526,483,522,634,-20.556,-1.517,0
1417,23.64028,free_swing,558,491,504,631,-8.881,-21.092,0
1418,23.65697,free_swing,586,492,493,617,1.067,-36.649,0
1419,23.67365,free_swing,607,490,492,596,8.584,-47.332,0
1420,23.69033,free_swing,625,487,495,573,15.068,-56.514,0
1421,23.70702,free_swing,640,481,508,548,20.807,-63.089,0
1422,23.7237,free_swing,655,475,511,533,26.565,-68.062,0
1423,23.74038,free_swing,672,465,523,514,33.591,-71.796,0
1424,23.75707,free_swing,687,454,539,493,40.215,-75.237,0
1425,23.77375,free_swing,699,442,551,482,46.262,-74.876,0
1426,23.79043,free_swing,710,429,563,479,52.344,-71.215,0
1427,23.80712,free_swing,720,415,576,474,58.486,-67.720,0
1428,23.8238,free_swing,727,401,590,476,64.075,-61.302,0
1429,23.84048,free_swing,732,391,603,473,68.066,-57.558,0
1430,23.85717,free_swing,735,382,617,479,71.452,-50.579,0
1431,23.87385,free_swing,736,378,630,494,72.924,-42.421,0
1432,23.89053,free_swing,736,379,639,496,72.582,-39.661,0
1433,23.90722,free_swing,736,382,650,506,71.565,-34.743,0
1434,23.9239,free_swing,733,390,663,527,68.529,-27.065,0
1435,23.94058,free_swing,729,400,673,538,64.704,-22.087,0
1436,23.95727,free_swing,723,411,687,554,60.255,-14.130,0
1437,23.97395,free_swing,714,426,702,569,54.051,-4.797,0
1438,23.99063,free_swing,702,442,727,598,46.992,9.105,0
1439,24.00732,free_swing,682,459,729,577,37.720,21.718,0
1440,24.024,free_swing,658,473,747,586,27.842,38.224,0
1441,24.04068,free_swing,635,485,754,581,18.658,51.106,0
1442,24.05737,free_swing,614,489,748,568,11.101,59.478,0
1443,24.07405,free_swing,596,491,736,554,4.645,65.772,0
1444,24.09073,free_swing,578,491,725,543,-1.790,70.519,0
1445,24.10742,free_swing,562,490,710,537,-7.524,72.382,0
1446,24.1241,free_swing,545,486,695,533,-13.775,72.602,0
1447,24.14078,free_swing,528,482,678,533,-20.014,71.222,0
1448,24.15747,free_swing,514,476,659,535,-25.448,67.859,0
1449,24.17415,free_swing,499,468,636,540,-31.514,62.276,0
1450,24.19083,free_swing,486,460,615,544,-36.941,56.929,0
1451,24.20752,free_swing,475,450,588,548,-42.226,49.066,0
1452,24.2242,free_swing,466,442,560,565,-46.507,37.388,0
1453,24.24088,free_swing,461,436,530,574,-49.283,26.565,0
1454,24.25757,free_swing,459,434,503,566,-50.285,18.435,0
1455,24.27425,free_swing,461,436,465,583,-49.283,1.559,0
1456,24.29093,free_swing,467,442,435,575,-46.262,-13.528,0
1457,24.30762,free_swing,477,452,399,569,-41.219,-33.690,0
1458,24.3243,free_swing,490,463,367,554,-35.166,-53.505,0
1459,24.34098,free_swing,501,470,360,522,-30.538,-69.756,0
1460,24.35767,free_swing,511,475,362,490,-26.565,-84.251,0
1461,24.37435,free_swing,519,479,363,463,-23.385,-95.856,0
1462,24.39103,free_swing,527,483,375,437,-20.225,-106.837,0
1463,24.40772,free_swing,534,484,391,415,-17.758,-115.758,0
1464,24.4244,free_swing,542,487,409,397,-14.725,-124.086,0
1465,24.44108,free_swing,551,489,428,383,-11.449,-130.754,0
1466,24.45777,free_swing,565,491,450,374,-6.419,-135.494,0
1467,24.47445,free_swing,579,491,472,368,-1.432,-138.979,0
1468,24.49113,free_swing,594,491,492,365,3.933,-141.009,0
1469,24.50782,free_swing,610,489,509,361,9.697,-141.724,0
1470,24.5245,free_swing,626,485,523,358,15.601,-140.957,0
1471,24.54118,free_swing,643,480,535,357,21.934,-138.715,0
1472,24.55787,free_swing,660,472,545,357,28.639,-135.000,0
1473,24.57455,free_swing,676,461,551,356,35.579,-130.030,0
1474,24.59123,free_swing,690,450,556,358,41.961,-124.472,0
1475,24.60792,free_swing,703,437,560,361,48.545,-117.989,0
1476,24.6246,free_swing,714,422,562,367,55.214,-109.892,0
1477,24.64128,free_swing,722,408,565,376,61.015,-101.520,0
1478,24.65797,free_swing,728,396,568,386,65.854,-93.576,0
1479,24.67465,free_swing,731,388,573,398,68.937,-86.379,0
1480,24.69133,free_swing,733,384,580,409,70.540,-80.720,0
1481,24.70802,free_swing,733,386,580,423,69.864,-76.405,0
1482,24.7247,free_swing,731,391,580,440,67.932,-72.022,0
1483,24.74138,free_swing,729,397,582,458,65.674,-67.463,0
1484,24.75807,free_swing,725,406,584,477,62.158,-63.273,0
1485,24.77475,free_swing,720,416,586,504,58.183,-56.706,0
1486,24.79143,free_swing,711,428,590,522,52.845,-52.158,0
1487,24.80812,free_swing,701,440,595,541,47.270,-46.384,0
1488,24.8248,free_swing,688,453,602,576,40.717,-34.961,0
1489,24.84148,free_swing,670,467,615,616,32.607,-20.260,0
1490,24.85817,free_swing,647,480,632,636,23.245,-5.492,0
1491,24.87485,free_swing,616,490,652,642,11.725,13.325,0
1492,24.89153,free_swing,585,493,663,623,0.707,30.964,0
1493,24.90822,free_swing,563,491,665,603,-7.125,42.325,0
1494,24.9249,free_swing,545,488,667,585,-13.606,51.512,0
1495,24.94158,free_swing,529,483,662,561,-19.558,59.610,0
1496,24.95827,free_swing,515,477,654,544,-24.974,64.265,0
1497,24.97495,free_swing,502,470,648,532,-30.231,66.991,0
1498,24.99163,free_swing,490,463,638,518,-35.166,69.614,0
1499,25.00832,free_swing,480,454,628,508,-39.943,69.955,0
1500,25.025,free_swing,470,444,616,499,-45.000,69.358,0
1501,25.04168,free_swing,460,435,604,492,-49.785,68.405,0
1502,25.05837,free_swing,453,426,593,489,-53.842,65.772,0
1503,25.07505,free_swing,448,418,582,493,-57.200,60.764,0
1504,25.09173,free_swing,444,412,573,496,-59.769,56.929,0
1505,25.10842,free_swing,443,410,564,504,-60.565,52.158,0
1506,25.1251,free_swing,444,412,553,524,-59.769,44.222,0
1507,25.14178,free_swing,446,415,546,532,-58.486,40.521,0
1508,25.15847,free_swing,450,422,536,549,-55.620,34.104,0
1509,25.17515,free_swing,457,431,524,574,-51.563,25.105,0
1510,25.19183,free_swing,467,441,513,587,-46.521,17.488,0
1511,25.20852,free_swing,479,453,499,602,-40.446,7.645,0
1512,25.2252,free_swing,496,467,479,622,-32.607,-6.259,0
1513,25.24188,free_swing,518,479,461,625,-23.711,-21.326,0
1514,25.25857,free_swing,542,488,454,606,-14.636,-36.714,0
1515,25.27525,free_swing,563,491,448,597,-7.125,-47.332,0
1516,25.29193,free_swing,580,492,451,578,-1.067,-56.310,0
1517,25.30862,free_swing,596,491,458,562,4.645,-62.775,0
1518,25.3253,free_swing,611,490,464,551,9.987,-67.463,0
1519,25.34198,free_swing,627,486,478,538,15.848,-70.761,0
1520,25.35867,free_swing,644,479,492,529,22.400,-71.792,0
1521,25.37535,free_swing,659,472,510,520,28.325,-72.144,0
1522,25.39203,free_swing,674,463,528,513,34.582,-71.095,0
1523,25.40872,free_swing,688,454,548,505,40.486,-69.984,0
1524,25.4254,free_swing,699,442,563,512,46.262,-62.765,0
1525,25.44208,free_swing,709,431,583,513,51.563,-56.944,0
1526,25.45877,free_swing,717,420,605,520,56.409,-48.240,0
1527,25.47545,free_swing,722,412,631,539,59.769,-35.623,0
1528,25.49213,free_swing,724,408,652,536,61.361,-29.358,0
1529,25.50882,free_swing,725,408,674,538,61.531,-21.420,0
1530,25.5255,free_swing,723,412,705,555,59.948,-7.174,0
1531,25.54218,free_swing,717,421,732,560,56.113,6.159,0
1532,25.55887,free_swing,708,433,757,557,50.786,21.562,0
1533,25.57555,free_swing,693,448,787,555,43.234,41.299,0
1534,25.59223,free_swing,677,463,798,534,35.455,59.597,0
1535,25.60892,free_swing,662,471,804,516,29.435,72.417,0
1536,25.6256,free_swing,648,478,801,496,23.854,83.290,0
1537,25.64228,free_swing,635,483,794,477,18.886,92.161,0
1538,25.65897,free_swing,622,487,780,461,14.036,99.345,0
1539,25.67565,free_swing,609,489,764,448,9.345,104.816,0
1540,25.69233,free_swing,594,491,746,437,3.933,109.558,0
1541,25.70902,free_swing,578,491,727,431,-1.790,111.934,0
1542,25.7257,free_swing,560,489,710,429,-8.282,111.801,0
1543,25.74238,free_swing,543,487,694,430,-14.381,110.681,0
1544,25.75907,free_swing,525,482,678,433,-21.012,107.758,0
1545,25.77575,free_swing,509,473,665,441,-27.525,101.592,0
1546,25.79243,free_swing,493,464,652,452,-34.086,94.316,0
1547,25.80912,free_swing,479,454,638,466,-40.215,85.684,0
1548,25.8258,free_swing,468,443,620,481,-45.757,75.964,0
1549,25.84248,free_swing,458,432,599,502,-51.062,63.598,0
1550,25.85917,free_swing,451,422,572,514,-55.418,52.753,0
1551,25.87585,free_swing,446,416,544,533,-58.183,39.950,0
1552,25.89253,free_swing,446,414,511,549,-58.791,25.710,0
1553,25.90922,free_swing,447,416,477,563,-57.995,11.535,0
1554,25.9259,free_swing,452,424,439,575,-54.628,-4.921,0
1555,25.94258,free_swing,461,436,405,569,-49.283,-22.834,0
1556,25.95927,free_swing,477,452,378,550,-41.219,-45.291,0
1557,25.97595,free_swing,492,465,357,530,-34.181,-64.290,0
1558,25.99263,free_swing,505,472,366,492,-28.951,-81.812,0
1559,26.00932,free_swing,516,477,361,468,-24.651,-93.323,0
1560,26.026,free_swing,525,481,371,443,-21.140,-103.861,0
1561,26.04268,free_swing,535,485,389,419,-17.312,-114.326,0
1562,26.05937,free_swing,544,487,410,400,-14.036,-122.994,0
1563,26.07605,free_swing,558,489,432,387,-8.991,-128.991,0
1564,26.09273,free_swing,573,492,455,378,-3.554,-134.012,0
1565,26.10942,free_swing,590,491,478,372,2.505,-136.736,0
1566,26.1261,free_swing,608,489,499,367,8.991,-138.221,0
1567,26.14278,free_swing,625,486,516,363,15.161,-138.453,0
1568,26.15947,free_swing,642,480,532,360,21.602,-137.490,0
1569,26.17615,free_swing,657,473,544,356,27.525,-135.996,0
1570,26.19283,free_swing,674,463,554,353,34.582,-132.510,0
1571,26.20952,free_swing,689,450,561,352,41.693,-127.439,0
1572,26.2262,free_swing,702,437,565,351,48.307,-122.118,0
1573,26.24288,free_swing,714,423,568,352,54.920,-115.934,0
1574,26.25957,free_swing,723,407,570,356,61.504,-108.435,0
1575,26.27625,free_swing,730,392,572,362,67.463,-100.751,0
1576,26.29293,free_swing,735,380,575,370,72.132,-93.576,0
1577,26.30962,free_swing,738,371,578,379,75.530,-87.138,0
1578,26.3263,free_swing,739,366,581,389,77.355,-81.718,0
1579,26.34298,free_swing,738,367,582,401,76.924,-77.705,0
1580,26.35967,free_swing,737,372,583,412,75.092,-75.440,0
1581,26.37635,free_swing,735,380,583,429,72.132,-72.132,0
1582,26.39303,free_swing,731,389,584,442,68.600,-70.174,0
1583,26.40972,free_swing,727,401,583,467,64.075,-65.376,0
1584,26.4264,free_swing,721,414,582,490,58.975,-61.332,0
1585,26.44308,free_swing,713,426,582,512,53.842,-56.716,0
1586,26.45977,free_swing,701,441,584,538,47.010,-50.339,0
1587,26.47645,free_swing,687,455,588,568,39.987,-41.222,0
1588,26.49313,free_swing,668,469,594,603,31.631,-28.909,0
1589,26.50982,free_swing,643,482,608,633,21.670,-13.050,0
1590,26.5265,free_swing,609,491,627,648,9.230,6.540,0
1591,26.54318,free_swing,577,493,640,631,-2.121,24.538,0
1592,26.55987,free_swing,551,489,638,599,-11.449,38.341,0
1593,26.57655,free_swing,532,484,641,583,-18.435,47.752,0
1594,26.59323,free_swing,516,477,642,564,-24.651,55.376,0
1595,26.60992,free_swing,502,469,635,543,-30.411,60.909,0
1596,26.6266,free_swing,489,461,631,531,-35.870,63.759,0
1597,26.64328,free_swing,478,453,620,512,-40.717,67.437,0
1598,26.65997,free_swing,468,442,611,501,-46.014,67.580,0
1599,26.67665,free_swing,458,432,602,497,-51.062,65.706,0
1600,26.69333,free_swing,450,421,591,485,-55.914,65.587,0
1601,26.71002,free_swing,445,413,582,484,-59.281,62.605,0
1602,26.7267,free_swing,440,405,574,485,-62.639,59.162,0
1603,26.74338,free_swing,439,401,567,488,-64.075,55.797,0
1604,26.76007,free_swing,438,400,561,492,-64.552,53.205,0
1605,26.77675,free_swing,439,403,556,504,-63.435,49.198,0
1606,26.79343,free_swing,442,408,550,518,-61.361,44.474,0
1607,26.81012,free_swing,446,415,545,533,-58.486,39.996,0
1608,26.8268,free_swing,452,425,539,556,-54.338,33.589,0
1609,26.84348,free_swing,460,435,533,570,-49.785,28.402,0
1610,26.86017,free_swing,471,447,522,596,-43.995,18.895,0
1611,26.87685,free_swing,486,460,510,616,-36.941,8.746,0
1612,26.89353,free_swing,506,473,498,620,-28.469,-3.115,0
1613,26.91022,free_swing,530,484,481,628,-19.106,-18.792,0
1614,26.9269,free_swing,556,490,471,618,-9.638,-33.587,0
1615,26.94358,free_swing,577,492,471,601,-2.134,-44.201,0
1616,26.96027,free_swing,596,492,474,586,4.616,-52.386,0
1617,26.97695,free_swing,612,489,481,571,10.401,-57.955,0
1618,26.99363,free_swing,627,486,490,557,15.848,-62.605,0
1619,27.01032,free_swing,642,481,503,545,21.471,-65.277,0
1620,27.027,free_swing,658,473,515,537,27.842,-65.889,0
1621,27.04368,free_swing,674,463,531,529,34.582,-65.225,0
1622,27.06037,free_swing,687,454,549,522,40.215,-63.768,0
1623,27.07705,free_swing,699,443,568,520,46.005,-59.554,0
1624,27.09373,free_swing,709,432,585,519,51.285,-54.946,0
1625,27.11042,free_swing,716,421,604,521,55.914,-48.240,0
1626,27.1271,free_swing,722,415,625,536,58.855,-38.718,0
1627,27.14378,free_swing,723,410,644,536,60.565,-32.087,0
1628,27.16047,free_swing,724,410,668,549,60.739,-21.943,0
1629,27.17715,free_swing,721,413,690,559,59.281,-11.988,0
1630,27.19383,free_swing,717,421,712,566,56.113,-1.975,0
1631,27.21052,free_swing,708,433,736,570,50.786,11.551,0
1632,27.2272,free_swing,695,447,763,573,43.995,28.355,0
1633,27.24388,free_swing,678,462,776,557,35.949,45.891,0
1634,27.26057,free_swing,661,472,789,547,28.951,59.632,0
1635,27.27725,free_swing,646,479,793,531,23.058,70.519,0
1636,27.29393,free_swing,630,485,785,512,16.972,80.119,0
1637,27.31062,free_swing,617,488,776,496,12.219,87.120,0
1638,27.3273,free_swing,603,490,763,484,7.169,92.148,0
1639,27.34398,free_swing,588,492,748,473,1.779,96.772,0
1640,27.36067,free_swing,573,492,731,467,-3.554,98.991,0
1641,27.37735,free_swing,557,490,715,465,-9.287,98.991,0
1642,27.39403,free_swing,540,485,699,466,-15.601,96.814,0
1643,27.41072,free_swing,523,480,684,470,-21.934,93.554,0
1644,27.4274,free_swing,508,473,668,479,-27.842,87.852,0
1645,27.44408,free_swing,494,465,650,489,-33.591,81.254,0
1646,27.46077,free_swing,482,455,631,501,-39.163,72.843,0
1647,27.47745,free_swing,471,446,609,522,-44.243,61.157,0
1648,27.49413,free_swing,462,438,582,533,-48.514,51.633,0
1649,27.51082,free_swing,457,431,553,544,-51.563,40.350,0
1650,27.5275,free_swing,455,429,519,569,-52.561,24.567,0
1651,27.54418,free_swing,456,430,489,570,-52.063,13.263,0
1652,27.56087,free_swing,462,437,446,588,-48.781,-6.049,0
1653,27.57755,free_swing,472,448,408,585,-43.493,-25.040,0
1654,27.59423,free_swing,487,460,384,559,-36.656,-46.134,0
1655,27.61092,free_swing,502,470,367,531,-30.231,-65.684,0
1656,27.6276,free_swing,514,477,359,504,-25.296,-80.119,0
1657,27.64428,free_swing,523,480,364,471,-21.934,-93.240,0
1658,27.66097,free_swing,531,483,377,442,-18.886,-104.908,0
1659,27.67765,free_swing,539,486,397,417,-15.848,-115.916,0
1660,27.69433,free_swing,547,487,415,396,-12.995,-124.582,0
1661,27.71102,free_swing,558,489,435,382,-8.991,-131.021,0
1662,27.7277,free_swing,571,491,460,372,-4.289,-136.992,0
1663,27.74438,free_swing,585,492,483,364,0.712,-141.450,0
1664,27.76107,free_swing,601,490,505,359,6.459,-143.765,0
1665,27.77775,free_swing,616,488,524,353,11.870,-145.726,0
1666,27.79443,free_swing,633,484,541,348,18.097,-145.923,0
1667,27.81112,free_swing,649,477,556,344,24.326,-145.037,0
1668,27.8278,free_swing,664,470,570,342,30.231,-143.707,0
1669,27.84448,free_swing,680,459,577,333,37.155,-140.735,0
1670,27.86117,free_swing,693,447,583,330,43.479,-136.766,0
1671,27.87785,free_swing,705,435,587,324,49.554,-133.249,0
1672,27.89453,free_swing,715,421,589,321,55.713,-128.437,0
1673,27.91122,free_swing,724,407,590,318,61.675,-123.591,0
1674,27.9279,free_swing,728,396,590,314,65.854,-120.719,0
1675,27.94458,free_swing,733,387,597,315,69.528,-117.897,0
1676,27.96127,free_swing,734,383,590,311,70.998,-116.565,0
1677,27.97795,free_swing,734,383,590,311,70.998,-116.565,0
1678,27.99463,free_swing,732,387,592,311,69.402,-118.496,0
1679,28.01132,free_swing,728,396,593,314,65.854,-121.275,0
1680,28.028,free_swing,724,404,590,315,62.628,-123.591,0
1681,28.04468,free_swing,719,415,588,320,58.299,-125.949,0
1682,28.06137,free_swing,710,428,585,325,52.628,-129.489,0
1683,28.07805,free_swing,699,440,581,330,46.782,-132.990,0
1684,28.09473,free_swing,687,453,575,336,40.446,-136.251,0
1685,28.11142,free_swing,672,464,566,344,33.789,-138.545,0
1686,28.1281,free_swing,655,475,554,349,26.565,-141.285,0
1687,28.14478,free_swing,636,482,538,353,19.341,-142.776,0
1688,28.16147,free_swing,616,488,520,358,11.870,-143.556,0
1689,28.17815,free_swing,596,490,499,362,4.674,-142.845,0
1690,28.19483,free_swing,576,492,476,367,-2.490,-141.340,0
1691,28.21152,free_swing,558,490,451,372,-8.936,-137.799,0
1692,28.2282,free_swing,540,486,421,380,-15.505,-131.693,0
1693,28.24488,free_swing,522,480,396,390,-22.264,-125.538,0
1694,28.26157,free_swing,506,472,366,405,-28.639,-115.574,0
1695,28.27825,free_swing,489,463,588,358,-35.455,136.685,0
1696,28.29493,free_swing,474,450,586,347,-42.489,132.603,0
1697,28.31162,free_swing,458,432,588,355,-51.062,120.639,0
1698,28.3283,free_swing,445,413,588,349,-59.281,114.111,0
1699,28.34498,free_swing,436,396,413,480,-66.146,-15.313,0
1700,28.36167,free_swing,434,388,398,513,-69.066,-16.066,0
1701,28.37835,free_swing,435,388,411,531,-68.937,-9.527,0
1702,28.39503,free_swing,436,393,445,525,-67.132,3.900,0
1703,28.41172,free_swing,439,401,467,532,-64.075,12.065,0
1704,28.4284,free_swing,444,411,479,558,-60.078,13.392,0
1705,28.44508,free_swing,451,422,504,558,-55.418,21.291,0
1706,28.46177,free_swing,461,435,522,571,-49.554,24.158,0
1707,28.47845,free_swing,475,450,539,592,-42.226,24.261,0
1708,28.49513,free_swing,490,463,555,599,-35.166,25.545,0
1709,28.51182,free_swing,511,475,568,615,-26.565,22.153,0
1710,28.5285,free_swing,534,485,581,630,-17.650,17.959,0
1711,28.54518,free_swing,560,491,590,645,-8.180,11.023,0
1712,28.56187,free_swing,588,492,597,648,1.779,3.302,0
1713,28.57855,free_swing,613,489,603,647,10.751,-3.621,0
1714,28.59523,free_swing,636,484,611,639,19.106,-9.162,0
1715,28.61192,free_swing,654,476,621,621,26.089,-12.821,0
1716,28.6286,free_swing,670,467,632,615,32.607,-14.400,0
1717,28.64528,free_swing,687,454,642,589,40.215,-18.435,0
1718,28.66197,free_swing,700,443,654,572,46.251,-19.626,0
1719,28.67865,free_swing,712,430,675,576,52.496,-14.221,0
1720,28.69533,free_swing,722,416,684,548,58.554,-16.060,0
1721,28.71202,free_swing,728,403,707,546,63.593,-8.354,0
1722,28.7287,free_swing,732,391,729,540,68.066,-1.153,0
1723,28.74538,free_swing,737,380,744,525,72.350,2.764,0
1724,28.76207,free_swing,739,374,768,519,74.590,11.310,0
1725,28.77875,free_swing,739,372,787,509,75.275,19.309,0
1726,28.79543,free_swing,738,375,806,500,74.152,28.546,0
1727,28.81212,free_swing,735,382,832,495,71.452,40.643,0
1728,28.8288,free_swing,730,393,851,484,67.132,53.054,0
1729,28.84548,free_swing,724,407,854,465,61.675,65.956,0
1730,28.86217,free_swing,716,421,855,449,55.914,78.611,0
1731,28.87885,free_swing,705,435,855,434,49.554,90.382,0
1732,28.89553,free_swing,695,447,841,420,43.995,100.477,0
1733,28.91222,free_swing,683,456,830,413,38.660,106.305,0
1734,28.9289,free_swing,671,465,816,409,33.294,111.117,0
1735,28.94558,free_swing,657,474,802,407,27.361,114.800,0
1736,28.96227,free_swing,639,482,783,410,20.348,116.565,0
1737,28.97895,free_swing,620,489,764,416,13.180,116.882,0
1738,28.99563,free_swing,600,491,747,425,6.065,114.179,0
1739,29.01232,free_swing,579,491,732,438,-1.432,109.106,0
1740,29.029,free_swing,559,490,714,454,-8.584,103.076,0
1741,29.04568,free_swing,538,485,696,475,-16.289,93.621,0
1742,29.06237,free_swing,521,479,677,501,-22.730,81.973,0
1743,29.07905,free_swing,505,472,651,529,-28.951,68.674,0
1744,29.09573,free_swing,492,464,616,555,-34.380,53.726,0
1745,29.11242,free_swing,485,459,576,575,-37.439,38.114,0
1746,29.1291,free_swing,481,457,533,602,-38.991,19.729,0
1747,29.14578,free_swing,482,456,484,603,-38.938,0.779,0
1748,29.16247,free_swing,489,461,431,601,-35.870,-22.504,0
1749,29.17915,free_swing,496,467,388,576,-32.607,-44.736,0
1750,29.19583,free_swing,502,471,369,530,-30.052,-66.077,0
1751,29.21252,free_swing,505,472,360,490,-28.951,-82.924,0
1752,29.2292,free_swing,504,472,358,449,-29.261,-98.952,0
1753,29.24588,free_swing,503,471,368,410,-29.745,-114.316,0
1754,29.26257,free_swing,501,469,378,378,-30.719,-126.495,0
1755,29.27925,free_swing,502,469,393,353,-30.411,-136.782,0
1756,29.29593,free_swing,505,471,420,335,-29.124,-147.995,0
1757,29.31262,free_swing,509,474,449,325,-27.361,-158.066,0
1758,29.3293,free_swing,515,476,475,318,-25.125,-165.793,0
1759,29.34598,free_swing,523,480,506,319,-21.934,-173.972,0
1760,29.36267,free_swing,533,483,534,321,-18.208,179.646,0
1761,29.37935,free_swing,543,487,562,325,-14.381,173.311,0
1762,29.39603,free_swing,556,490,590,330,-9.638,168.003,0
1763,29.41272,free_swing,569,492,618,339,-4.970,162.242,0
1764,29.4294,free_swing,584,492,647,343,0.356,157.080,0
1765,29.44608,free_swing,599,491,676,351,5.711,151.189,0
1766,29.46277,free_swing,615,489,707,360,11.449,144.504,0
1767,29.47945,free_swing,630,485,741,369,16.972,136.262,0
1768,29.49613,free_swing,645,480,771,383,22.593,127.591,0
1769,29.51282,free_swing,660,472,800,403,28.639,116.237,0
1770,29.5295,free_swing,676,463,824,425,35.166,104.400,0
1771,29.54618,free_swing,691,450,838,453,42.226,88.831,0
1772,29.56287,free_swing,708,433,839,484,50.786,68.728,0
1773,29.57955,free_swing,720,415,821,508,58.486,47.361,0
1774,29.59623,free_swing,729,400,786,516,64.704,26.169,0
1775,29.61292,free_swing,731,392,766,532,67.600,14.036,0
1776,29.6296,free_swing,732,391,735,537,68.066,1.177,0
1777,29.64628,free_swing,731,396,705,541,66.289,-10.166,0
1778,29.66297,free_swing,727,403,679,548,63.435,-18.316,0
1779,29.67965,free_swing,721,414,652,550,58.975,-26.901,0
1780,29.69633,free_swing,713,426,625,548,53.842,-35.803,0
1781,29.71302,free_swing,701,440,602,557,47.270,-40.236,0
1782,29.7297,free_swing,687,455,582,566,39.987,-43.409,0
1783,29.74638,free_swing,671,467,565,573,32.905,-45.000,0
1784,29.76307,free_swing,651,478,548,587,24.825,-43.379,0
1785,29.77975,free_swing,629,486,529,602,16.530,-40.764,0
1786,29.79643,free_swing,605,491,516,616,7.829,-35.451,0
1787,29.81312,free_swing,579,492,509,625,-1.423,-27.759,0
1788,29.8298,free_swing,551,489,504,637,-11.449,-17.618,0
1789,29.84648,free_swing,526,482,505,632,-20.681,-7.970,0
1790,29.86317,free_swing,505,471,504,625,-29.124,-0.372,0
1791,29.87985,free_swing,489,462,502,615,-35.662,4.857,0
1792,29.89653,free_swing,476,450,501,597,-41.961,9.652,0
1793,29.91322,free_swing,465,440,494,588,-47.270,11.086,0
1794,29.9299,free_swing,457,430,489,578,-51.843,12.200,0
1795,29.94658,free_swing,448,418,485,557,-57.200,14.906,0
1796,29.96327,free_swing,441,405,478,544,-62.475,14.906,0
1797,29.97995,free_swing,435,395,464,546,-66.615,10.871,0
1798,29.99663,free_swing,433,388,465,525,-69.193,13.147,0
1799,30.01332,free_swing,432,384,454,524,-70.659,8.931,0
1800,30.03,free_swing,433,384,439,531,-70.540,2.337,0
1801,30.04668,free_swing,433,387,439,521,-69.528,2.564,0
1802,30.06337,free_swing,436,395,424,531,-66.473,-5.042,0
1803,30.08005,free_swing,441,404,400,550,-62.793,-15.686,0
1804,30.09673,free_swing,449,417,394,548,-57.308,-22.775,0
1805,30.11342,free_swing,458,432,378,555,-51.062,-33.040,0
1806,30.1301,free_swing,472,447,364,557,-43.738,-44.474,0
1807,30.14678,free_swing,488,461,368,546,-36.158,-54.689,0
1808,30.16347,free_swing,505,471,369,541,-29.124,-62.765,0
1809,30.18015,free_swing,522,479,376,536,-22.400,-68.674,0
1810,30.19683,free_swing,539,486,392,529,-15.848,-73.695,0
1811,30.21352,free_swing,556,490,406,528,-9.638,-75.784,0
1812,30.2302,free_swing,573,491,421,532,-3.576,-74.904,0
1813,30.24688,free_swing,591,491,441,536,2.862,-73.301,0
1814,30.26357,free_swing,610,489,463,544,9.697,-69.487,0
1815,30.28025,free_swing,628,486,488,552,16.189,-64.759,0
1816,30.29693,free_swing,644,480,516,565,22.264,-56.413,0
1817,30.31362,free_swing,658,473,553,569,27.842,-47.564,0
1818,30.3303,free_swing,670,467,580,591,32.607,-35.972,0
1819,30.34698,free_swing,680,461,617,590,36.729,-26.030,0
1820,30.36367,free_swing,685,457,658,597,38.991,-10.916,0
1821,30.38035,free_swing,686,456,704,606,39.489,6.843,0
1822,30.39703,free_swing,684,457,740,582,38.715,24.132,0
1823,30.41372,free_swing,680,460,774,559,36.941,43.516,0
1824,30.4304,free_swing,675,464,807,534,34.673,62.063,0
1825,30.44708,free_swing,672,465,812,494,33.591,78.297,0
1826,30.46377,free_swing,671,465,819,461,33.294,91.548,0
1827,30.48045,free_swing,671,466,822,428,33.098,104.125,0
1828,30.49713,free_swing,671,466,809,397,33.098,116.565,0
1829,30.51382,free_swing,671,466,796,373,33.098,126.649,0
1830,30.5305,free_swing,671,466,782,351,33.098,136.014,0
1831,30.54718,free_swing,667,468,757,337,31.514,145.510,0
1832,30.56387,free_swing,661,472,732,331,28.951,153.273,0
1833,30.58055,free_swing,651,477,712,325,24.974,158.134,0
1834,30.59723,free_swing,642,481,687,327,21.471,163.711,0
1835,30.61392,free_swing,631,485,666,325,17.312,167.661,0
1836,30.6306,free_swing,617,488,645,326,12.219,170.194,0
1837,30.64728,free_swing,602,491,625,329,6.772,171.919,0
1838,30.66397,free_swing,585,492,605,330,0.712,172.962,0
1839,30.68065,free_swing,568,491,587,329,-5.356,173.311,0
1840,30.69733,free_swing,551,488,570,329,-11.520,173.186,0
1841,30.71402,free_swing,533,484,552,324,-18.097,173.228,0
1842,30.7307,free_swing,517,477,535,317,-24.326,173.581,0
1843,30.74738,free_swing,503,471,519,311,-29.745,174.289,0
1844,30.76407,free_swing,490,462,502,303,-35.372,175.684,0
1845,30.78075,free_swing,480,454,485,295,-39.943,178.199,0
1846,30.79743,free_swing,471,446,467,288,-44.243,-178.550,0
1847,30.81412,free_swing,466,441,448,284,-46.766,-173.460,0
1848,30.8308,free_swing,462,437,429,284,-48.781,-167.829,0
1849,30.84748,free_swing,460,435,413,290,-49.785,-162.041,0
1850,30.86417,free_swing,461,435,391,300,-49.554,-152.592,0
1851,30.88085,free_swing,462,437,368,315,-48.781,-142.386,0
1852,30.89753,free_swing,465,440,422,339,-47.270,-156.938,0
1853,30.91422,free_swing,468,443,587,356,-45.757,126.170,0
1854,30.9309,free_swing,471,447,589,350,-43.995,129.421,0
1855,30.94758,free_swing,474,450,588,352,-42.489,130.684,0
1856,30.96427,free_swing,478,453,580,361,-40.717,132.049,0
1857,30.98095,free_swing,481,456,587,358,-39.214,132.754,0
1858,30.99763,free_swing,484,457,379,554,-38.157,-47.268,0
1859,31.01432,free_swing,487,460,411,593,-36.656,-29.745,0
1860,31.031,free_swing,495,465,457,613,-33.294,-14.400,0
1861,31.04768,free_swing,505,472,502,623,-28.951,-1.138,0
1862,31.06437,free_swing,522,479,546,628,-22.400,9.150,0
1863,31.08105,free_swing,540,487,587,638,-15.410,17.289,0
1864,31.09773,free_swing,562,492,625,630,-7.431,24.538,0
1865,31.11442,free_swing,585,493,661,630,0.707,29.019,0
1866,31.1311,free_swing,609,491,693,624,9.230,32.276,0
1867,31.14778,free_swing,632,485,720,613,17.650,34.509,0
1868,31.16447,free_swing,654,476,741,597,26.089,35.716,0
1869,31.18115,free_swing,673,465,765,587,33.887,37.020,0
1870,31.19783,free_swing,689,452,767,553,41.219,37.678,0
1871,31.21452,free_swing,701,440,793,549,47.270,40.166,0
1872,31.2312,free_swing,710,430,799,526,52.063,42.833,0
1873,31.24788,free_swing,715,423,821,514,55.125,49.354,0
1874,31.26457,free_swing,717,420,829,492,56.409,57.265,0
1875,31.28125,free_swing,716,422,828,468,55.620,67.671,0
1876,31.29793,free_swing,712,426,845,454,53.631,78.111,0
1877,31.31462,free_swing,709,431,856,439,51.563,86.885,0
1878,31.3313,free_swing,704,437,848,421,48.781,96.340,0
1879,31.34798,free_swing,697,444,838,405,45.252,105.461,0
1880,31.36467,free_swing,690,451,833,395,41.722,111.386,0
1881,31.38135,free_swing,682,458,822,387,37.937,116.892,0
1882,31.39803,free_swing,671,465,804,382,33.294,121.967,0
1883,31.41472,free_swing,658,472,791,382,28.009,124.086,0
1884,31.4314,free_swing,644,480,775,384,22.264,126.235,0
1885,31.44808,free_swing,629,484,760,389,16.734,125.949,0
1886,31.46477,free_swing,611,488,745,398,10.112,123.887,0
1887,31.48145,free_swing,593,490,732,410,3.599,119.922,0
1888,31.49813,free_swing,573,492,720,425,-3.554,114.503,0
1889,31.51482,free_swing,554,489,707,443,-10.401,106.734,0
1890,31.5315,free_swing,535,485,695,467,-17.312,96.419,0
1891,31.54818,free_swing,519,478,677,493,-23.527,84.577,0
1892,31.56487,free_swing,505,471,653,524,-29.124,70.297,0
1893,31.58155,free_swing,494,465,620,553,-33.591,55.069,0
1894,31.59823,free_swing,487,461,583,576,-36.444,39.855,0
1895,31.61492,free_swing,485,459,540,597,-37.439,21.730,0
1896,31.6316,free_swing,487,462,490,620,-36.235,1.088,0
1897,31.64828,free_swing,497,467,441,610,-32.307,-21.386,0
1898,31.66497,free_swing,508,474,399,585,-27.676,-44.479,0
1899,31.68165,free_swing,516,477,375,546,-24.651,-63.925,0
1900,31.69833,free_swing,519,479,368,499,-23.385,-82.455,0
1901,31.71502,free_swing,520,478,366,461,-23.199,-96.299,0
1902,31.7317,free_swing,519,479,369,425,-23.385,-109.799,0
1903,31.74838,free_swing,518,479,387,392,-23.711,-123.589,0
1904,31.76507,free_swing,522,479,408,367,-22.400,-134.493,0
1905,31.78175,free_swing,527,481,433,349,-20.472,-144.545,0
1906,31.79843,free_swing,532,484,464,336,-18.435,-155.323,0
1907,31.81512,free_swing,539,485,492,330,-15.945,-163.131,0
1908,31.8318,free_swing,548,487,522,327,-12.645,-170.770,0
1909,31.84848,free_swing,558,489,552,327,-8.991,-177.879,0
1910,31.86517,free_swing,570,491,580,329,-4.645,176.468,0
1911,31.88185,free_swing,583,492,608,332,0.000,171.119,0
1912,31.89853,free_swing,598,491,636,334,5.356,166.394,0
1913,31.91522,free_swing,611,490,665,338,9.987,160.442,0
1914,31.9319,free_swing,626,486,695,341,15.505,154.552,0
1915,31.94858,free_swing,639,482,725,347,20.348,147.501,0
1916,31.96527,free_swing,652,476,756,356,25.448,139.086,0
1917,31.98195,free_swing,666,468,787,367,31.209,129.852,0
1918,31.99863,free_swing,679,459,807,382,36.870,121.030,0
1919,32.01532,free_swing,692,448,819,401,42.973,110.308,0
1920,32.032,free_swing,705,436,847,430,49.283,92.420,0
1921,32.04868,free_swing,718,419,846,457,56.902,73.465,0
1922,32.06537,free_swing,725,405,838,486,62.475,54.367,0
1923,32.08205,free_swing,730,396,826,513,66.146,39.369,0
1924,32.09873,free_swing,732,392,786,517,67.736,23.364,0
1925,32.11542,free_swing,731,394,769,538,66.942,14.783,0
1926,32.1321,free_swing,727,403,741,549,63.435,5.477,0
1927,32.14878,free_swing,722,413,712,554,59.462,-4.057,0
1928,32.16547,free_swing,714,426,690,569,54.051,-9.527,0
1929,32.18215,free_swing,702,440,669,584,47.511,-12.907,0
1930,32.19883,free_swing,688,454,649,599,40.486,-15.054,0
1931,32.21552,free_swing,670,467,631,610,32.607,-15.255,0
1932,32.2322,free_swing,650,479,613,635,24.356,-13.343,0
1933,32.24888,free_swing,625,487,598,644,15.068,-9.758,0
1934,32.26557,free_swing,600,491,584,650,6.065,-5.746,0
1935,32.28225,free_swing,574,492,570,650,-3.200,-1.450,0
1936,32.29893,free_swing,551,490,556,645,-11.379,1.848,0
1937,32.31562,free_swing,530,484,540,638,-19.106,3.715,0
1938,32.3323,free_swing,512,476,523,628,-26.089,4.139,0
1939,32.34898,free_swing,497,468,505,619,-32.118,3.033,0
1940,32.36567,free_swing,482,455,487,604,-39.163,1.922,0
1941,32.38235,free_swing,468,443,468,592,-45.757,0.000,0
1942,32.39903,free_swing,457,431,454,568,-51.563,-1.254,0
1943,32.41572,free_swing,450,419,428,565,-56.509,-8.569,0
1944,32.4324,free_swing,444,410,404,555,-60.388,-15.422,0
1945,32.44908,free_swing,440,403,396,528,-63.275,-19.392,0
1946,32.46577,free_swing,439,401,377,515,-64.075,-28.540,0
1947,32.48245,free_swing,440,403,587,351,-63.275,109.481,0
1948,32.49913,free_swing,443,409,587,351,-60.876,111.938,0
1949,32.51582,free_swing,448,419,586,352,-56.902,115.897,0
1950,32.5325,free_swing,454,428,587,354,-53.059,119.091,0
1951,32.54918,free_swing,462,437,586,353,-48.781,124.114,0
1952,32.56587,free_swing,470,446,584,348,-44.497,130.684,0
1953,32.58255,free_swing,480,455,587,333,-39.715,138.748,0
1954,32.59923,free_swing,491,463,361,381,-34.875,-122.242,0
1955,32.61592,free_swing,504,471,377,375,-29.435,-127.086,0
1956,32.6326,free_swing,518,478,398,372,-23.854,-131.455,0
1957,32.64928,free_swing,533,484,417,372,-18.097,-133.995,0
1958,32.66597,free_swing,551,489,435,375,-11.449,-134.502,0
1959,32.68265,free_swing,571,491,452,379,-4.289,-133.264,0
1960,32.69933,free_swing,590,491,466,386,2.505,-130.257,0
1961,32.71602,free_swing,612,489,478,396,10.401,-124.762,0
1962,32.7327,free_swing,631,484,488,408,17.418,-117.989,0
1963,32.74938,free_swing,651,475,499,424,25.278,-108.548,0
1964,32.76607,free_swing,670,465,512,442,32.994,-98.282,0
1965,32.78275,free_swing,685,455,528,464,39.440,-86.719,0
1966,32.79943,free_swing,698,443,548,490,45.757,-72.602,0
1967,32.81612,free_swing,707,433,577,515,50.560,-57.758,0
1968,32.8328,free_swing,713,427,609,540,53.556,-42.625,0
1969,32.84948,free_swing,715,424,645,552,54.834,-28.673,0
1970,32.86617,free_swing,713,426,687,569,53.842,-10.305,0
1971,32.88285,free_swing,708,433,735,580,50.786,10.408,0
1972,32.89953,free_swing,697,445,761,551,45.000,31.122,0
1973,32.91622,free_swing,684,457,798,536,38.715,55.279,0
1974,32.9329,free_swing,672,466,818,506,33.395,74.678,0
1975,32.94958,free_swing,662,472,816,471,29.261,90.372,0
1976,32.96627,free_swing,655,473,808,437,26.887,103.241,0
1977,32.98295,free_swing,649,477,792,407,24.326,116.082,0
1978,32.99963,free_swing,645,480,773,381,22.593,127.720,0
1979,33.01632,free_swing,636,482,746,362,19.341,137.490,0
1980,33.033,free_swing,626,486,715,351,15.505,146.605,0
1981,33.04968,free_swing,614,489,685,342,11.101,154.220,0
1982,33.06637,free_swing,601,491,655,338,6.419,160.560,0
1983,33.08305,free_swing,587,492,626,333,1.423,166.218,0
1984,33.09973,free_swing,572,491,598,331,-3.933,170.770,0
1985,33.11642,free_swing,556,489,572,328,-9.697,174.325,0
1986,33.1331,free_swing,541,486,544,324,-15.161,178.939,0
1987,33.14978,free_swing,526,481,519,321,-20.807,-177.495,0
1988,33.16647,free_swing,512,475,492,316,-26.246,-172.831,0
1989,33.18315,free_swing,499,468,462,312,-31.514,-166.657,0
1990,33.19983,free_swing,487,460,436,311,-36.656,-161.105,0
1991,33.21652,free_swing,477,451,411,313,-41.455,-154.440,0
1992,33.2332,free_swing,467,441,378,316,-46.521,-144.549,0
1993,33.24988,free_swing,457,432,427,333,-51.285,-163.142,0
1994,33.26657,free_swing,449,421,587,352,-56.113,116.565,0
1995,33.28325,free_swing,443,411,586,350,-60.255,113.102,0
1996,33.29993,free_swing,437,401,587,353,-64.385,107.745,0
1997,33.31662,free_swing,433,392,586,352,-67.870,104.651,0
1998,33.3333,free_swing,432,386,583,351,-69.986,103.050,0
1999,33.34998,free_swing,432,386,586,352,-69.986,102.450,0
2000,33.36667,free_swing,436,393,586,352,-67.132,105.287,0
2001,33.38335,free_swing,441,405,473,436,-62.475,45.909,0
2002,33.40003,free_swing,448,417,373,540,-57.501,-31.373,0
2003,33.41672,free_swing,458,431,398,559,-51.340,-25.115,0
2004,33.4334,free_swing,471,445,411,590,-44.493,-22.479,0
2005,33.45008,free_swing,487,459,440,599,-36.870,-18.558,0
2006,33.46677,free_swing,505,472,465,614,-28.951,-15.732,0
2007,33.48345,free_swing,525,482,488,635,-21.012,-13.595,0
2008,33.50013,free_swing,548,488,517,641,-12.567,-11.454,0
2009,33.51682,free_swing,570,492,546,646,-4.616,-8.858,0
2010,33.5335,free_swing,592,492,578,649,3.200,-5.096,0
2011,33.55018,free_swing,613,490,610,646,10.685,-1.102,0
2012,33.56687,free_swing,635,485,641,638,18.658,2.246,0
2013,33.58355,free_swing,655,476,673,628,26.407,6.754,0
2014,33.60023,free_swing,673,466,703,612,33.690,11.611,0
2015,33.61692,free_swing,688,454,724,579,40.486,16.066,0
2016,33.6336,free_swing,700,443,760,574,46.251,24.609,0
2017,33.65028,free_swing,711,430,776,542,52.280,30.129,0
2018,33.66697,free_swing,717,419,797,518,56.706,38.941,0
2019,33.68365,free_swing,721,412,827,497,59.589,51.274,0
2020,33.70033,free_swing,724,409,849,471,61.049,63.619,0
2021,33.71702,free_swing,722,409,858,439,60.701,77.560,0
2022,33.7337,free_swing,721,413,856,406,59.281,92.968,0
2023,33.75038,free_swing,717,418,852,378,57.006,106.504,0
2024,33.76707,free_swing,714,422,840,352,55.214,119.055,0
2025,33.78375,free_swing,711,427,817,332,53.130,131.868,0
2026,33.80043,free_swing,707,433,791,318,50.560,143.854,0
2027,33.81712,free_swing,701,439,772,307,47.534,151.725,0
2028,33.8338,free_swing,694,446,750,301,43.986,158.883,0
2029,33.85048,free_swing,685,455,722,302,39.440,166.405,0
2030,33.86717,free_swing,675,462,693,308,35.080,173.333,0
2031,33.88385,free_swing,662,471,673,307,29.435,176.163,0
2032,33.90053,free_swing,647,478,646,315,23.527,-179.648,0
2033,33.91722,free_swing,630,485,620,323,16.972,-176.468,0
2034,33.9339,free_swing,611,490,593,328,9.987,-173.660,0
2035,33.95058,free_swing,591,491,568,330,2.862,-171.870,0
2036,33.96727,free_swing,571,491,542,332,-4.289,-169.663,0
2037,33.98395,free_swing,552,489,513,332,-11.101,-166.050,0
2038,34.00063,free_swing,533,484,484,331,-18.097,-162.242,0
2039,34.01732,free_swing,517,477,454,331,-24.326,-156.659,0
2040,34.034,free_swing,501,469,420,333,-30.719,-149.222,0
2041,34.05068,free_swing,487,460,389,338,-36.656,-141.226,0
2042,34.06737,free_swing,474,449,367,348,-42.730,-133.348,0
2043,34.08405,free_swing,462,438,586,351,-48.514,125.054,0
2044,34.10073,free_swing,452,425,587,353,-54.338,118.072,0
2045,34.11742,free_swing,444,413,578,349,-59.462,115.530,0
2046,34.1341,free_swing,440,406,587,353,-62.324,109.826,0
2047,34.15078,free_swing,441,406,586,350,-62.158,111.117,0
2048,34.16747,free_swing,444,411,586,345,-60.078,114.928,0
2049,34.18415,free_swing,448,417,585,350,-57.501,116.061,0
2050,34.20083,free_swing,453,425,366,536,-54.130,-38.089,0
2051,34.21752,free_swing,460,435,389,554,-49.785,-30.822,0
2052,34.2342,free_swing,471,446,406,581,-44.243,-25.710,0
2053,34.25088,free_swing,484,457,432,597,-38.157,-20.376,0
2054,34.26757,free_swing,499,467,460,609,-31.701,-15.357,0
2055,34.28425,free_swing,518,478,483,632,-23.854,-12.804,0
2056,34.30093,free_swing,537,486,513,636,-16.530,-9.090,0
2057,34.31762,free_swing,559,491,542,644,-8.531,-6.340,0
2058,34.3343,free_swing,580,492,572,650,-1.067,-2.899,0
2059,34.35098,free_swing,603,492,602,649,7.081,-0.365,0
2060,34.36767,free_swing,625,487,632,643,15.068,2.569,0
2061,34.38435,free_swing,647,480,663,632,23.245,6.009,0
2062,34.40103,free_swing,664,471,694,623,30.052,11.165,0
2063,34.41772,free_swing,680,460,721,603,36.941,15.998,0
2064,34.4344,free_swing,694,449,746,581,43.249,21.501,0
2065,34.45108,free_swing,706,436,766,556,49.514,26.565,0
2066,34.46777,free_swing,714,423,787,532,54.920,33.811,0
2067,34.48445,free_swing,721,413,818,516,59.281,43.282,0
2068,34.50113,free_swing,724,407,836,489,61.675,53.791,0
2069,34.51782,free_swing,726,403,853,463,63.275,64.712,0
2070,34.5345,free_swing,725,406,863,433,62.158,78.930,0
2071,34.55118,free_swing,723,408,846,400,61.189,93.721,0
2072,34.56787,free_swing,720,413,838,374,59.098,108.289,0
2073,34.58455,free_swing,717,419,831,353,56.706,120.069,0
2074,34.60123,free_swing,712,426,817,334,53.631,131.225,0
2075,34.61792,free_swing,707,432,797,321,50.837,140.964,0
2076,34.6346,free_swing,700,440,780,311,47.027,148.195,0
2077,34.65128,free_swing,693,448,755,306,43.234,156.413,0
2078,34.66797,free_swing,683,457,732,309,38.437,161.681,0
2079,34.68465,free_swing,671,465,708,309,33.294,166.657,0
2080,34.70133,free_swing,657,474,685,313,27.361,170.134,0
2081,34.71802,free_swing,640,481,659,323,20.807,173.143,0
2082,34.7347,free_swing,621,487,637,327,13.690,174.289,0
2083,34.75138,free_swing,601,491,616,328,6.419,174.742,0
2084,34.76807,free_swing,580,492,593,330,-1.067,175.412,0
2085,34.78475,free_swing,558,489,575,328,-8.991,173.972,0
2086,34.80143,free_swing,539,485,553,324,-15.945,175.030,0
2087,34.81812,free_swing,519,479,534,319,-23.385,174.644,0
2088,34.8348,free_swing,502,469,513,309,-30.411,176.067,0
2089,34.85148,free_swing,487,460,492,299,-36.656,178.221,0
2090,34.86817,free_swing,474,449,476,293,-42.730,179.265,0
2091,34.88485,free_swing,464,439,452,283,-47.774,-175.601,0
2092,34.90153,free_swing,456,429,432,278,-52.344,-170.969,0
2093,34.91822,free_swing,450,421,413,278,-55.914,-165.493,0
2094,34.9349,free_swing,447,415,386,279,-58.299,-155.842,0
2095,34.95158,free_swing,445,413,387,294,-59.281,-154.016,0
2096,34.96827,free_swing,445,414,586,347,-58.975,115.416,0
2097,34.98495,free_swing,446,416,587,351,-58.183,114.749,0
2098,35.00163,free_swing,447,418,586,347,-57.393,117.058,0
2099,35.01832,free_swing,450,423,586,353,-55.327,117.235,0
2100,35.035,free_swing,454,427,573,363,-53.344,118.272,0
2101,35.05168,free_swing,458,433,587,349,-50.786,123.071,0
2102,35.06837,free_swing,463,438,587,350,-48.278,125.362,0
2103,35.08505,free_swing,470,445,359,550,-44.748,-46.591,0
2104,35.10173,free_swing,479,453,397,578,-40.446,-33.265,0
2105,35.11842,free_swing,489,461,438,605,-35.870,-19.502,0
2106,35.1351,free_swing,503,470,482,622,-29.922,-7.866,0
2107,35.15178,free_swing,519,479,526,631,-23.385,2.637,0
2108,35.16847,free_swing,538,486,568,636,-16.189,11.310,0
2109,35.18515,free_swing,562,491,608,638,-7.477,17.376,0
2110,35.20183,free_swing,586,492,645,638,1.067,22.004,0
2111,35.21852,free_swing,611,490,680,632,9.987,25.916,0
2112,35.2352,free_swing,634,484,710,620,18.435,29.197,0
2113,35.25188,free_swing,658,475,736,605,27.512,30.964,0
2114,35.26857,free_swing,676,462,752,577,35.372,33.460,0
2115,35.28525,free_swing,691,450,768,555,42.226,36.254,0
2116,35.30193,free_swing,703,438,790,540,48.278,40.462,0
2117,35.31862,free_swing,712,426,816,527,53.631,45.838,0
2118,35.3353,free_swing,718,417,828,503,57.501,51.981,0
2119,35.35198,free_swing,721,412,849,485,59.589,60.303,0
2120,35.36867,free_swing,722,412,855,460,59.769,70.155,0
2121,35.38535,free_swing,720,414,863,436,58.791,81.254,0
2122,35.40203,free_swing,716,419,849,410,56.509,93.871,0
2123,35.41872,free_swing,712,425,849,390,53.920,104.331,0
2124,35.4354,free_swing,708,432,839,373,51.062,114.246,0
2125,35.45208,free_swing,701,440,835,360,47.270,120.838,0
2126,35.46877,free_swing,694,447,806,349,43.738,131.186,0
2127,35.48545,free_swing,684,456,796,343,38.938,135.255,0
2128,35.50213,free_swing,673,463,775,342,34.287,139.870,0
2129,35.51882,free_swing,660,472,756,344,28.639,143.130,0
2130,35.5355,free_swing,645,479,738,347,22.730,144.834,0
2131,35.55218,free_swing,627,486,722,351,15.848,144.866,0
2132,35.56887,free_swing,608,490,706,359,8.936,143.200,0
2133,35.58555,free_swing,587,492,693,369,1.423,139.246,0
2134,35.60223,free_swing,565,491,683,378,-6.419,133.760,0
2135,35.61892,free_swing,543,488,673,390,-14.294,127.011,0
2136,35.6356,free_swing,523,480,667,407,-21.934,116.882,0
2137,35.65228,free_swing,503,471,657,426,-29.745,106.289,0
2138,35.66897,free_swing,486,460,645,450,-36.941,93.599,0
2139,35.68565,free_swing,472,448,628,478,-43.493,79.114,0
2140,35.70233,free_swing,462,437,603,503,-48.781,64.916,0
2141,35.71902,free_swing,456,429,573,527,-52.344,50.050,0
2142,35.7357,free_swing,454,428,538,557,-53.059,33.071,0
2143,35.75238,free_swing,456,431,503,567,-51.783,19.065,0
2144,35.76907,free_swing,464,439,458,588,-47.774,-2.306,0
2145,35.78575,free_swing,477,451,411,590,-41.455,-25.399,0
2146,35.80243,free_swing,494,466,380,565,-33.395,-49.028,0
2147,35.81912,free_swing,510,474,373,525,-27.044,-69.582,0
2148,35.8358,free_swing,521,479,366,493,-22.730,-84.839,0
2149,35.85248,free_swing,528,483,373,459,-19.892,-98.802,0
2150,35.86917,free_swing,535,484,392,425,-17.418,-112.420,0
2151,35.88585,free_swing,542,486,406,400,-14.816,-122.307,0
2152,35.90253,free_swing,550,488,430,379,-11.870,-132.250,0
2153,35.91922,free_swing,562,490,458,365,-7.524,-140.240,0
2154,35.9359,free_swing,575,491,486,354,-2.862,-146.991,0
2155,35.95258,free_swing,588,492,514,345,1.779,-153.279,0
2156,35.96927,free_swing,602,491,541,339,6.772,-158.134,0
2157,35.98595,free_swing,617,488,566,333,12.219,-161.787,0
2158,36.00263,free_swing,631,484,588,327,17.418,-164.683,0
2159,36.01932,free_swing,648,478,612,325,23.854,-166.759,0
2160,36.036,free_swing,661,472,633,316,28.951,-169.824,0
2161,36.05268,free_swing,675,463,653,306,34.875,-172.023,0
2162,36.06937,free_swing,687,453,669,300,40.446,-173.290,0
2163,36.08605,free_swing,697,443,690,288,45.507,-177.414,0
2164,36.10273,free_swing,706,433,708,280,50.332,179.251,0
2165,36.11942,free_swing,713,424,726,276,54.421,174.980,0
2166,36.1361,free_swing,719,416,753,270,57.995,166.891,0
2167,36.15278,free_swing,722,411,786,267,60.078,156.038,0
2168,36.16947,free_swing,725,407,790,280,61.844,152.896,0
2169,36.18615,free_swing,725,405,814,290,62.475,142.263,0
2170,36.20283,free_swing,725,405,841,306,62.475,130.479,0
2171,36.21952,free_swing,723,407,836,331,61.504,123.923,0
2172,36.2362,free_swing,722,411,858,358,60.078,111.291,0
2173,36.25288,free_swing,719,416,858,390,57.995,100.595,0
2174,36.26957,free_swing,716,422,853,424,55.620,89.164,0
2175,36.28625,free_swing,711,428,848,463,52.845,75.669,0
2176,36.30293,free_swing,704,437,826,499,48.781,63.060,0
2177,36.31962,free_swing,696,445,798,532,44.748,49.538,0
2178,36.3363,free_swing,686,455,767,564,39.715,36.617,0
2179,36.35298,free_swing,675,464,731,592,34.673,23.629,0
2180,36.36967,free_swing,660,473,692,617,28.469,12.529,0
2181,36.38635,free_swing,642,482,649,637,21.342,2.586,0
2182,36.40303,free_swing,621,488,605,647,13.606,-5.746,0
2183,36.41972,free_swing,598,492,561,647,5.323,-13.426,0
2184,36.4364,free_swing,573,493,521,640,-3.532,-19.481,0
2185,36.45308,free_swing,549,489,483,632,-12.144,-24.775,0
2186,36.46977,free_swing,526,482,450,616,-20.681,-29.560,0
2187,36.48645,free_swing,505,472,419,598,-28.951,-34.315,0
2188,36.50313,free_swing,488,461,390,578,-36.158,-39.950,0
2189,36.51982,free_swing,474,448,376,546,-42.973,-45.000,0
2190,36.5365,free_swing,462,437,481,439,-48.781,83.991,0
2191,36.55318,free_swing,453,426,587,363,-53.842,115.181,0
2192,36.56987,free_swing,447,417,585,348,-57.693,116.565,0
2193,36.58655,free_swing,444,412,587,354,-59.769,112.077,0
2194,36.60323,free_swing,443,411,585,346,-60.255,114.596,0
2195,36.61992,free_swing,444,411,585,349,-60.078,113.736,0
2196,36.6366,free_swing,445,414,587,355,-58.975,112.563,0
2197,36.65328,free_swing,446,417,582,339,-57.882,119.836,0
2198,36.66997,free_swing,450,422,583,348,-55.620,119.091,0
2199,36.68665,free_swing,454,427,586,354,-53.344,118.944,0
2200,36.70333,free_swing,460,434,370,318,-50.057,-142.193,0
2201,36.72002,free_swing,467,442,380,314,-46.262,-145.797,0
2202,36.7367,free_swing,476,451,391,313,-41.722,-148.369,0
2203,36.75338,free_swing,487,460,410,316,-36.656,-151.866,0
2204,36.77007,free_swing,501,469,431,322,-30.719,-154.537,0
2205,36.78675,free_swing,517,477,447,330,-24.326,-154.537,0
2206,36.80343,free_swing,535,484,460,338,-17.418,-152.810,0
2207,36.82012,free_swing,555,489,473,348,-10.049,-149.819,0
2208,36.8368,free_swing,578,491,482,358,-1.790,-144.178,0
2209,36.85348,free_swing,601,491,489,370,6.419,-137.212,0
2210,36.87017,free_swing,623,487,495,385,14.381,-128.550,0
2211,36.88685,free_swing,645,478,502,404,22.868,-117.361,0
2212,36.90353,free_swing,665,469,509,426,30.719,-105.410,0
2213,36.92022,free_swing,683,457,526,451,38.437,-92.189,0
2214,36.9369,free_swing,695,444,544,477,44.745,-77.672,0
2215,36.95358,free_swing,705,437,569,507,49.014,-62.765,0
2216,36.97027,free_swing,709,432,599,536,51.285,-46.606,0
2217,36.98695,free_swing,708,433,635,566,50.786,-28.761,0
2218,37.00363,free_swing,704,440,674,584,47.987,-11.768,0
2219,37.02032,free_swing,692,451,719,598,42.250,10.408,0
2220,37.037,free_swing,672,466,753,578,33.395,35.875,0
2221,37.05368,free_swing,651,478,781,558,24.825,58.392,0
2222,37.07037,free_swing,638,483,789,523,19.892,75.163,0
2223,37.08705,free_swing,629,485,788,487,16.631,89.279,0
2224,37.10373,free_swing,620,487,776,453,13.343,102.295,0
2225,37.12042,free_swing,614,490,760,423,11.032,114.651,0
2226,37.1371,free_swing,607,490,740,398,8.584,124.673,0
2227,37.15378,free_swing,600,491,716,378,6.065,134.249,0
2228,37.17047,free_swing,592,491,690,362,3.219,142.776,0
2229,37.18715,free_swing,583,491,662,351,0.000,150.565,0
2230,37.20383,free_swing,572,491,637,342,-3.933,156.431,0
2231,37.22052,free_swing,557,489,613,337,-9.345,159.775,0
2232,37.2372,free_swing,544,487,590,331,-14.036,163.571,0
2233,37.25388,free_swing,530,483,570,326,-19.223,165.706,0
2234,37.27057,free_swing,516,477,549,319,-24.651,168.203,0
2235,37.28725,free_swing,503,471,529,312,-29.745,170.713,0
2236,37.30393,free_swing,491,463,508,303,-34.875,173.935,0
2237,37.32062,free_swing,481,455,488,295,-39.440,177.495,0
2238,37.3373,free_swing,472,447,468,288,-43.738,-178.559,0
2239,37.35398,free_swing,466,440,446,283,-47.027,-172.740,0
2240,37.37067,free_swing,460,435,433,285,-49.785,-169.796,0
2241,37.38735,free_swing,458,431,406,287,-51.340,-160.145,0
2242,37.40403,free_swing,456,430,381,294,-52.063,-151.125,0
2243,37.42072,free_swing,456,430,371,311,-52.063,-144.462,0
2244,37.4374,free_swing,457,432,586,352,-51.285,121.805,0
2245,37.45408,free_swing,458,434,585,343,-50.511,125.623,0
2246,37.47077,free_swing,461,437,586,349,-49.014,125.146,0
2247,37.48745,free_swing,463,439,586,346,-48.013,127.093,0
2248,37.50413,free_swing,466,441,585,353,-46.766,126.483,0
2249,37.52082,free_swing,469,444,587,353,-45.252,127.639,0
2250,37.5375,free_swing,472,447,362,545,-43.738,-48.302,0
2251,37.55418,free_swing,477,452,391,583,-41.219,-33.284,0
2252,37.57087,free_swing,486,459,443,590,-37.155,-18.172,0
2253,37.58755,free_swing,498,467,477,621,-32.005,-7.765,0
2254,37.60423,free_swing,512,477,519,632,-25.934,2.586,0
2255,37.62092,free_swing,531,483,561,630,-18.886,11.535,0
2256,37.6376,free_swing,553,489,597,631,-10.751,17.216,0
2257,37.65428,free_swing,578,492,634,638,-1.779,20.985,0
2258,37.67097,free_swing,603,491,667,633,7.125,24.261,0
2259,37.68765,free_swing,627,486,696,625,15.848,26.400,0
2260,37.70433,free_swing,648,479,722,612,23.711,29.091,0
2261,37.72102,free_swing,669,468,741,589,32.118,30.754,0
2262,37.7377,free_swing,685,456,760,572,39.214,32.885,0
2263,37.75438,free_swing,698,444,778,554,45.503,36.027,0
2264,37.77107,free_swing,708,432,789,531,51.062,39.289,0
2265,37.78775,free_swing,715,422,812,518,55.418,45.297,0
2266,37.80443,free_swing,718,417,831,501,57.501,53.374,0
2267,37.82112,free_swing,721,413,837,476,59.281,61.493,0
2268,37.8378,free_swing,719,416,845,454,57.995,73.217,0
2269,37.85448,free_swing,715,422,854,434,55.418,85.066,0
2270,37.87117,free_swing,711,427,851,413,53.130,95.711,0
2271,37.88785,free_swing,705,434,838,394,49.827,106.739,0
2272,37.90453,free_swing,700,443,839,380,46.251,114.382,0
2273,37.92122,free_swing,692,449,819,368,42.730,122.530,0
2274,37.9379,free_swing,682,457,806,361,38.157,127.747,0
2275,37.95458,free_swing,671,465,787,358,33.294,132.689,0
2276,37.97127,free_swing,659,472,771,357,28.325,135.757,0
2277,37.98795,free_swing,644,480,750,361,22.264,138.307,0
2278,38.00463,free_swing,627,486,735,364,15.848,138.483,0
2279,38.02132,free_swing,608,490,720,371,8.936,136.736,0
2280,38.038,free_swing,589,492,707,380,2.134,133.506,0
2281,38.05468,free_swing,566,490,696,392,-6.103,127.011,0
2282,38.07137,free_swing,546,487,685,406,-13.343,120.231,0
2283,38.08805,free_swing,525,481,676,424,-21.140,110.681,0
2284,38.10473,free_swing,507,473,665,447,-28.156,99.345,0
2285,38.12142,free_swing,490,463,649,472,-35.166,86.760,0
2286,38.1381,free_swing,478,452,627,504,-40.950,70.761,0
2287,38.15478,free_swing,468,444,597,532,-45.503,55.699,0
2288,38.17147,free_swing,463,438,563,549,-48.278,42.016,0
2289,38.18815,free_swing,462,437,523,576,-48.781,23.694,0
2290,38.20483,free_swing,466,442,475,597,-46.507,3.323,0
2291,38.22152,free_swing,477,451,435,587,-41.455,-17.162,0
2292,38.2382,free_swing,493,464,392,573,-34.086,-42.818,0
2293,38.25488,free_swing,508,473,367,540,-27.842,-64.584,0
2294,38.27157,free_swing,518,477,366,497,-23.999,-82.504,0
2295,38.28825,free_swing,524,480,367,459,-21.602,-97.619,0
2296,38.30493,free_swing,528,482,382,422,-20.014,-112.341,0
2297,38.32162,free_swing,532,483,402,391,-18.548,-125.287,0
2298,38.3383,free_swing,538,486,428,368,-16.189,-137.010,0
2299,38.35498,free_swing,548,488,458,352,-12.567,-146.505,0
2300,38.37167,free_swing,558,489,491,341,-8.991,-155.644,0
2301,38.38835,free_swing,569,491,523,334,-5.001,-163.670,0
2302,38.40503,free_swing,580,491,555,331,-1.074,-171.119,0
2303,38.42172,free_swing,594,491,586,329,3.933,-177.173,0
2304,38.4384,free_swing,608,490,617,327,8.936,176.840,0
2305,38.45508,free_swing,622,488,648,328,13.950,170.770,0
2306,38.47177,free_swing,637,483,680,327,19.558,164.590,0
2307,38.48845,free_swing,649,477,712,329,24.326,156.942,0
2308,38.50513,free_swing,663,470,743,333,29.922,149.718,0
2309,38.52182,free_swing,677,461,770,341,35.870,142.224,0
2310,38.5385,free_swing,689,453,797,352,40.986,133.082,0
2311,38.55518,free_swing,700,441,835,369,46.766,118.072,0
2312,38.57187,free_swing,711,428,854,391,52.845,104.507,0
2313,38.58855,free_swing,722,411,860,418,60.078,87.096,0
2314,38.60523,free_swing,729,395,861,449,66.329,67.751,0
2315,38.62192,free_swing,735,381,840,472,71.792,49.086,0
2316,38.6386,free_swing,737,375,814,489,74.055,34.037,0
2317,38.65528,free_swing,738,376,791,507,73.811,22.027,0
2318,38.67197,free_swing,737,381,762,518,72.013,10.342,0
2319,38.68865,free_swing,733,390,741,538,68.529,3.094,0
2320,38.70533,free_swing,727,403,713,548,63.435,-5.515,0
2321,38.72202,free_swing,720,418,687,555,57.583,-13.543,0
2322,38.7387,free_swing,709,433,668,577,51.009,-15.893,0
2323,38.75538,free_swing,693,450,648,598,42.749,-16.912,0
2324,38.77207,free_swing,675,465,630,614,34.472,-16.805,0
2325,38.78875,free_swing,651,478,614,630,24.825,-13.681,0
2326,38.80543,free_swing,623,489,599,645,14.207,-8.746,0
2327,38.82212,free_swing,595,493,586,649,4.236,-3.302,0
2328,38.8388,free_swing,568,491,573,647,-5.356,1.836,0
2329,38.85548,free_swing,543,488,559,642,-14.294,5.932,0
2330,38.87217,free_swing,522,481,542,629,-22.130,7.696,0
2331,38.88885,free_swing,505,472,523,622,-28.951,6.843,0
2332,38.90553,free_swing,491,463,504,615,-34.875,4.888,0
2333,38.92222,free_swing,478,452,486,595,-40.950,3.202,0
2334,38.9389,free_swing,465,440,462,591,-47.270,-1.138,0
2335,38.95558,free_swing,455,429,440,579,-52.561,-5.711,0
2336,38.97227,free_swing,447,417,423,558,-57.693,-9.660,0
2337,38.98895,free_swing,442,407,400,544,-61.675,-17.044,0
2338,39.00563,free_swing,439,400,377,531,-64.398,-25.327,0
2339,39.02232,free_swing,437,398,430,465,-65.349,-5.964,0
2340,39.039,free_swing,439,400,587,353,-64.398,107.618,0
2341,39.05568,free_swing,442,406,586,345,-61.991,112.958,0
2342,39.07237,free_swing,446,415,587,348,-58.486,115.416,0
2343,39.08905,free_swing,451,424,587,357,-54.834,116.227,0
2344,39.10573,free_swing,458,433,587,357,-50.786,120.504,0
2345,39.12242,free_swing,466,442,587,351,-46.507,126.946,0
2346,39.1391,free_swing,475,450,582,353,-42.226,132.194,0
2347,39.15578,free_swing,485,459,359,366,-37.439,-126.431,0
2348,39.17247,free_swing,497,467,385,360,-32.307,-133.692,0
2349,39.18915,free_swing,511,474,401,358,-26.725,-136.521,0
2350,39.20583,free_swing,526,482,422,358,-20.681,-140.013,0
2351,39.22252,free_swing,544,486,442,361,-14.123,-140.786,0
2352,39.2392,free_swing,564,490,457,366,-6.814,-139.209,0
2353,39.25588,free_swing,584,492,472,373,0.356,-136.736,0
2354,39.27257,free_swing,605,490,485,381,7.878,-132.250,0
2355,39.28925,free_swing,627,485,494,390,15.945,-125.538,0
2356,39.30593,free_swing,647,478,503,404,23.527,-117.198,0
2357,39.32262,free_swing,667,468,515,420,31.514,-107.526,0
2358,39.3393,free_swing,685,455,524,442,39.440,-94.616,0
2359,39.35598,free_swing,698,443,542,464,45.757,-82.333,0
2360,39.37267,free_swing,709,431,564,492,51.563,-67.184,0
2361,39.38935,free_swing,717,421,593,510,56.113,-54.331,0
2362,39.40603,free_swing,721,415,627,540,58.671,-36.943,0
2363,39.42272,free_swing,722,414,665,554,59.158,-22.153,0
2364,39.4394,free_swing,719,418,705,565,57.393,-5.440,0
2365,39.45608,free_swing,712,430,740,559,52.496,12.246,0
2366,39.47277,free_swing,697,445,777,548,45.000,37.836,0
2367,39.48945,free_swing,681,459,802,525,37.439,61.390,0
2368,39.50613,free_swing,667,468,816,497,31.514,78.986,0
2369,39.52282,free_swing,656,474,807,462,27.044,94.544,0
2370,39.5395,free_swing,647,478,798,432,23.527,106.943,0
2371,39.55618,free_swing,641,481,782,405,21.140,118.325,0
2372,39.57287,free_swing,632,484,757,382,17.758,129.214,0
2373,39.58955,free_swing,619,488,728,368,12.915,137.750,0
2374,39.60623,free_swing,606,490,699,357,8.231,145.037,0
2375,39.62292,free_swing,592,492,668,350,3.200,151.844,0
2376,39.6396,free_swing,577,492,641,342,-2.134,156.894,0
2377,39.65628,free_swing,561,490,615,337,-7.878,160.560,0
2378,39.67297,free_swing,545,487,589,331,-13.690,164.249,0
2379,39.68965,free_swing,528,482,566,326,-20.014,166.310,0
2380,39.70633,free_swing,513,476,542,317,-25.769,169.663,0
2381,39.72302,free_swing,499,468,520,309,-31.514,172.476,0
2382,39.7397,free_swing,486,459,499,300,-37.155,175.326,0
2383,39.75638,free_swing,475,450,474,290,-42.226,-179.642,0
2384,39.77307,free_swing,466,440,458,285,-47.027,-177.045,0
2385,39.78975,free_swing,456,430,430,277,-52.063,-170.356,0
2386,39.80643,free_swing,450,421,404,272,-55.914,-162.843,0
2387,39.82312,free_swing,445,412,399,280,-59.589,-160.787,0
2388,39.8398,free_swing,441,406,383,285,-62.158,-154.390,0
2389,39.85648,free_swing,437,401,586,355,-64.385,107.157,0
2390,39.87317,free_swing,436,397,587,352,-65.821,106.595,0
2391,39.88985,free_swing,435,396,586,350,-66.289,106.943,0
2392,39.90653,free_swing,435,395,587,339,-66.615,110.225,0
2393,39.92322,free_swing,436,398,586,351,-65.497,107.398,0
2394,39.9399,free_swing,438,402,584,348,-63.911,110.298,0
2395,39.95658,free_swing,442,408,583,333,-61.361,118.009,0
2396,39.97327,free_swing,447,416,586,349,-57.995,115.735,0
2397,39.98995,free_swing,454,425,574,360,-53.920,118.443,0
2398,40.00663,free_swing,464,438,369,559,-48.039,-38.136,0
2399,40.02332,free_swing,475,450,404,581,-42.226,-28.457,0
2400,40.04,free_swing,490,461,441,598,-35.579,-19.680,0
2401,40.05668,free_swing,508,472,473,624,-28.009,-12.967,0
2402,40.07337,free_swing,528,482,511,636,-20.014,-6.299,0
2403,40.09005,free_swing,550,489,549,638,-11.797,-0.385,0
2404,40.10673,free_swing,574,492,586,650,-3.200,4.343,0
2405,40.12342,free_swing,598,492,622,645,5.323,8.915,0
2406,40.1401,free_swing,621,488,658,639,13.606,13.768,0
2407,40.15678,free_swing,642,482,692,628,21.342,18.905,0
2408,40.17347,free_swing,663,472,723,612,29.570,23.199,0
2409,40.19015,free_swing,680,460,744,580,36.941,28.072,0
2410,40.20683,free_swing,695,447,772,565,43.995,33.126,0
2411,40.22352,free_swing,706,435,788,534,49.785,39.634,0
2412,40.2402,free_swing,713,425,812,514,54.130,48.045,0
2413,40.25688,free_swing,718,418,845,496,57.200,58.443,0
2414,40.27357,free_swing,720,415,853,463,58.486,70.155,0
2415,40.29025,free_swing,718,416,857,432,57.804,83.434,0
2416,40.30693,free_swing,716,419,862,403,56.509,96.254,0
2417,40.32362,free_swing,715,423,846,375,55.125,110.123,0
2418,40.3403,free_swing,711,427,833,353,53.130,121.239,0
2419,40.35698,free_swing,707,433,823,334,50.560,130.479,0
2420,40.37367,free_swing,702,438,797,321,48.039,140.925,0
2421,40.39035,free_swing,695,445,773,314,44.493,149.230,0
2422,40.40703,free_swing,687,453,751,309,40.446,156.038,0
2423,40.42372,free_swing,678,460,725,311,36.369,162.493,0
2424,40.4404,free_swing,666,468,701,316,31.209,167.033,0
2425,40.45708,free_swing,653,476,683,315,25.769,169.445,0
2426,40.47377,free_swing,636,483,660,321,19.223,171.573,0
2427,40.49045,free_swing,617,488,638,327,12.219,172.569,0
2428,40.50713,free_swing,596,491,618,329,4.645,172.266,0
2429,40.52382,free_swing,575,491,599,330,-2.862,171.521,0
2430,40.5405,free_swing,555,489,580,329,-10.049,171.119,0
2431,40.55718,free_swing,535,483,563,325,-17.526,169.951,0
2432,40.57387,free_swing,515,476,546,320,-25.125,168.761,0
2433,40.59055,free_swing,498,468,530,310,-31.817,168.551,0
2434,40.60723,free_swing,484,458,512,299,-37.937,170.013,0
2435,40.62392,free_swing,472,447,499,292,-43.738,170.119,0
2436,40.6406,free_swing,464,439,481,282,-47.774,173.820,0
2437,40.65728,free_swing,458,433,461,275,-50.786,178.912,0
2438,40.67397,free_swing,455,429,442,273,-52.561,-175.236,0
2439,40.69065,free_swing,454,426,427,277,-53.631,-169.729,0
2440,40.70733,free_swing,455,428,399,283,-52.845,-158.883,0
2441,40.72402,free_swing,459,433,383,300,-50.560,-150.255,0
2442,40.7407,free_swing,462,437,368,322,-48.781,-140.738,0
2443,40.75738,free_swing,466,442,586,356,-46.507,125.628,0
2444,40.77407,free_swing,471,448,586,348,-43.749,131.009,0
2445,40.79075,free_swing,478,453,586,353,-40.717,132.797,0
2446,40.80743,free_swing,484,458,584,344,-37.937,138.743,0
2447,40.82412,free_swing,489,462,367,508,-35.662,-69.341,0
2448,40.8408,free_swing,495,466,377,563,-33.098,-50.579,0
2449,40.85748,free_swing,502,470,419,601,-30.231,-32.358,0
2450,40.87417,free_swing,510,474,472,621,-27.044,-14.494,0
2451,40.89085,free_swing,520,479,524,634,-23.058,1.478,0
2452,40.90753,free_swing,534,485,577,636,-17.650,15.895,0
2453,40.92422,free_swing,552,490,622,622,-11.032,27.937,0
2454,40.9409,free_swing,572,492,664,613,-3.909,37.247,0
2455,40.95758,free_swing,597,492,702,602,4.970,43.668,0
2456,40.97427,free_swing,620,488,738,592,13.261,48.608,0
2457,40.99095,free_swing,644,480,761,574,22.264,51.221,0
2458,41.00763,free_swing,666,469,785,560,31.025,52.595,0
2459,41.02432,free_swing,685,456,802,544,39.214,53.052,0
2460,41.041,free_swing,700,440,811,525,47.027,52.556,0
2461,41.05768,free_swing,711,427,825,510,53.130,53.943,0
2462,41.07437,free_swing,718,416,830,490,57.804,56.547,0
2463,41.09105,free_swing,722,411,842,475,60.078,61.928,0
2464,41.10773,free_swing,722,410,850,458,60.388,69.444,0
2465,41.12442,free_swing,720,413,845,437,59.098,79.131,0
2466,41.1411,free_swing,717,419,850,422,56.706,88.708,0
2467,41.15778,free_swing,713,425,855,410,54.130,96.030,0
2468,41.17447,free_swing,707,433,842,396,50.560,105.327,0
2469,41.19115,free_swing,700,441,834,386,46.766,112.316,0
2470,41.20783,free_swing,692,450,822,381,42.489,117.958,0
2471,41.22452,free_swing,681,457,810,378,37.875,121.483,0
2472,41.2412,free_swing,669,466,802,381,32.499,122.583,0
2473,41.25788,free_swing,655,474,788,385,26.725,123.789,0
2474,41.27457,free_swing,640,481,774,392,20.807,123.591,0
2475,41.29125,free_swing,622,486,761,402,14.123,121.145,0
2476,41.30793,free_swing,603,490,747,417,7.169,116.882,0
2477,41.32462,free_swing,582,492,733,435,-0.356,110.681,0
2478,41.3413,free_swing,563,490,719,458,-7.169,101.592,0
2479,41.35798,free_swing,543,486,703,485,-14.470,90.358,0
2480,41.37467,free_swing,526,482,680,514,-20.681,78.261,0
2481,41.39135,free_swing,513,476,650,544,-25.769,63.602,0
2482,41.40803,free_swing,503,471,610,572,-29.745,46.652,0
2483,41.42472,free_swing,497,468,571,601,-32.118,29.091,0
2484,41.4414,free_swing,498,467,521,615,-32.005,8.833,0
2485,41.45808,free_swing,505,472,465,622,-28.951,-14.931,0
2486,41.47477,free_swing,513,476,419,597,-25.769,-37.842,0
2487,41.49145,free_swing,519,479,385,561,-23.385,-58.536,0
2488,41.50813,free_swing,520,479,367,518,-23.058,-75.700,0
2489,41.52482,free_swing,518,478,361,473,-23.854,-91.824,0
2490,41.5415,free_swing,515,477,368,432,-24.974,-107.021,0
2491,41.55818,free_swing,511,475,374,397,-26.565,-119.655,0
2492,41.57487,free_swing,508,473,393,367,-27.842,-132.668,0
2493,41.59155,free_swing,507,473,413,345,-28.156,-143.707,0
2494,41.60823,free_swing,511,474,437,331,-26.725,-152.639,0
2495,41.62492,free_swing,515,477,462,324,-24.974,-160.894,0
2496,41.6416,free_swing,521,479,490,321,-22.730,-168.899,0
2497,41.65828,free_swing,530,483,516,321,-19.223,-175.061,0
2498,41.67497,free_swing,540,486,541,326,-15.505,179.642,0
2499,41.69165,free_swing,552,489,566,327,-11.101,175.061,0
2500,41.70833,free_swing,566,490,589,330,-6.103,171.820,0
2501,41.72502,free_swing,580,491,614,333,-1.074,167.856,0
2502,41.7417,free_swing,595,492,639,338,4.263,164.055,0
2503,41.75838,free_swing,611,490,666,337,9.987,160.228,0
2504,41.77507,free_swing,626,486,693,340,15.505,155.349,0
2505,41.79175,free_swing,640,481,720,344,20.807,149.718,0
2506,41.80843,free_swing,654,474,749,350,26.405,142.543,0
2507,41.82512,free_swing,668,467,780,356,32.005,134.743,0
2508,41.8418,free_swing,682,458,804,369,37.937,126.111,0
2509,41.85848,free_swing,693,449,825,385,42.990,115.866,0
2510,41.87517,free_swing,705,437,849,408,49.014,101.386,0
2511,41.89185,free_swing,714,424,862,437,54.628,84.980,0
2512,41.90853,free_swing,723,410,864,468,60.565,67.640,0
2513,41.92522,free_swing,726,401,846,492,63.918,52.826,0
2514,41.9419,free_swing,728,399,820,509,64.875,39.908,0
2515,41.95858,free_swing,726,403,806,533,63.275,31.608,0
2516,41.97527,free_swing,723,412,783,549,59.948,23.651,0
2517,41.99195,free_swing,717,422,752,555,55.819,14.744,0
2518,42.00863,free_swing,708,433,735,576,50.786,10.692,0
2519,42.02532,free_swing,696,447,714,593,44.249,7.028,0
2520,42.042,free_swing,681,459,693,602,37.439,4.797,0
2521,42.05868,free_swing,663,471,675,626,29.745,4.427,0
2522,42.07537,free_swing,642,482,655,637,21.342,4.794,0
2523,42.09205,free_swing,620,488,633,645,13.261,4.733,0
2524,42.10873,free_swing,596,492,611,646,4.616,5.563,0
2525,42.12542,free_swing,575,492,588,646,-2.845,4.825,0
2526,42.1421,free_swing,554,489,564,638,-10.401,3.840,0
2527,42.15878,free_swing,536,485,538,634,-16.972,0.769,0
2528,42.17547,free_swing,517,478,513,627,-24.179,-1.538,0
2529,42.19215,free_swing,498,468,489,611,-31.817,-3.601,0
2530,42.20883,free_swing,483,457,460,605,-38.437,-8.833,0
2531,42.22552,free_swing,471,446,439,584,-44.243,-13.055,0
2532,42.2422,free_swing,460,434,411,571,-50.057,-19.680,0
2533,42.25888,free_swing,453,424,379,560,-54.421,-28.551,0
2534,42.27557,free_swing,448,416,370,528,-57.804,-34.854,0
2535,42.29225,free_swing,445,412,587,352,-59.589,112.906,0
2536,42.30893,free_swing,446,414,588,354,-58.791,112.906,0
2537,42.32562,free_swing,448,418,586,348,-57.200,116.896,0
2538,42.3423,free_swing,451,424,588,355,-54.834,116.732,0
2539,42.35898,free_swing,456,430,584,350,-52.063,122.005,0
2540,42.37567,free_swing,460,436,587,351,-49.514,123.794,0
2541,42.39235,free_swing,467,442,584,348,-46.262,128.779,0
2542,42.40903,free_swing,475,449,359,343,-42.466,-132.421,0
2543,42.42572,free_swing,482,457,383,333,-38.715,-141.397,0
2544,42.4424,free_swing,492,464,412,328,-34.380,-149.534,0
2545,42.45908,free_swing,503,470,433,325,-29.922,-154.231,0
2546,42.47577,free_swing,517,477,457,326,-24.326,-158.330,0
2547,42.49245,free_swing,532,483,478,329,-18.548,-160.677,0
2548,42.50913,free_swing,549,487,499,333,-12.295,-162.013,0
2549,42.52582,free_swing,569,491,518,336,-5.001,-161.787,0
2550,42.5425,free_swing,589,491,534,337,2.148,-160.346,0
2551,42.55918,free_swing,610,489,549,337,9.697,-158.134,0
2552,42.57587,free_swing,631,485,562,336,17.312,-155.152,0
2553,42.59255,free_swing,651,477,575,336,24.974,-151.675,0
2554,42.60923,free_swing,669,467,581,332,32.307,-146.902,0
2555,42.62592,free_swing,685,454,588,329,39.668,-142.189,0
2556,42.6426,free_swing,700,440,590,323,47.027,-136.766,0
2557,42.65928,free_swing,713,425,592,317,54.130,-131.751,0
2558,42.67597,free_swing,721,412,593,313,59.589,-127.720,0
2559,42.69265,free_swing,727,400,594,309,64.398,-124.380,0
2560,42.70933,free_swing,730,392,594,307,67.463,-122.005,0
2561,42.72602,free_swing,731,389,595,304,68.600,-122.005,0
2562,42.7427,free_swing,730,392,596,303,67.463,-123.591,0
2563,42.75938,free_swing,728,399,599,303,64.875,-126.656,0
2564,42.77607,free_swing,724,407,601,302,61.675,-130.486,0
2565,42.79275,free_swing,718,417,602,306,57.501,-133.738,0
2566,42.80943,free_swing,710,429,602,309,52.344,-138.013,0
2567,42.82612,free_swing,699,441,602,312,46.521,-143.059,0
2568,42.8428,free_swing,686,453,604,319,40.173,-148.536,0
2569,42.85948,free_swing,670,465,604,324,32.994,-154.916,0
2570,42.87617,free_swing,652,476,601,322,25.448,-161.677,0
2571,42.89285,free_swing,632,484,598,327,17.758,-167.781,0
2572,42.90953,free_swing,609,490,594,327,9.287,-174.742,0
2573,42.92622,free_swing,587,492,591,328,1.423,178.603,0
2574,42.9429,free_swing,564,490,588,329,-6.814,171.521,0
2575,42.95958,free_swing,541,486,585,330,-15.161,164.249,0
2576,42.97627,free_swing,520,479,583,330,-23.058,157.080,0
2577,42.99295,free_swing,500,469,582,331,-31.025,149.281,0
2578,43.00963,free_swing,482,458,582,331,-38.494,141.783,0
2579,43.02632,free_swing,467,443,583,331,-46.005,133.995,0
2580,43.043,free_swing,454,428,585,336,-53.059,125.080,0
2581,43.05968,free_swing,443,412,586,339,-59.948,117.044,0
2582,43.07637,free_swing,436,396,588,347,-66.146,107.868,0
2583,43.09305,free_swing,430,382,588,357,-71.565,98.991,0
2584,43.10973,free_swing,427,371,586,369,-75.619,90.721,0
2585,43.12642,free_swing,427,366,584,380,-77.355,84.904,0
2586,43.1431,free_swing,426,366,583,392,-77.433,80.597,0
2587,43.15978,free_swing,428,371,582,407,-75.530,76.842,0
2588,43.17647,free_swing,429,378,581,424,-73.028,73.163,0
2589,43.19315,free_swing,432,387,581,442,-69.652,69.740,0
2590,43.20983,free_swing,437,399,581,462,-65.026,66.371,0
2591,43.22652,free_swing,444,411,582,489,-60.078,60.524,0
2592,43.2432,free_swing,453,425,580,510,-54.130,56.206,0
2593,43.25988,free_swing,465,440,580,548,-47.270,46.798,0
2594,43.27657,free_swing,479,455,574,574,-39.987,38.601,0
2595,43.29325,free_swing,498,468,563,602,-31.817,25.877,0
2596,43.30993,free_swing,525,482,550,636,-21.012,9.221,0
2597,43.32662,free_swing,559,492,530,645,-8.479,-10.733,0
2598,43.3433,free_swing,590,493,518,627,2.474,-28.250,0
2599,43.35998,free_swing,614,490,515,602,11.032,-41.474,0
2600,43.37667,free_swing,634,485,511,583,18.323,-51.454,0
2601,43.39335,free_swing,650,477,519,556,24.651,-58.908,0
2602,43.41003,free_swing,664,470,524,536,30.231,-64.759,0
2603,43.42672,free_swing,677,462,531,515,35.662,-70.048,0
2604,43.4434,free_swing,690,451,541,496,41.722,-73.195,0
2605,43.46008,free_swing,700,441,550,485,46.766,-73.652,0
2606,43.47677,free_swing,710,429,561,473,52.344,-73.548,0
2607,43.49345,free_swing,719,418,571,466,57.393,-72.031,0
2608,43.51013,free_swing,724,407,580,465,61.675,-68.062,0
2609,43.52682,free_swing,728,399,586,466,64.875,-64.741,0
2610,43.5435,free_swing,731,394,592,467,66.942,-62.292,0
2611,43.56018,free_swing,731,393,597,475,67.270,-58.536,0
2612,43.57687,free_swing,731,395,599,483,66.615,-56.310,0
2613,43.59355,free_swing,729,399,602,493,65.026,-53.493,0
2614,43.61023,free_swing,725,407,603,509,61.844,-50.102,0
2615,43.62692,free_swing,720,417,604,522,57.882,-47.849,0
2616,43.6436,free_swing,713,426,605,538,53.842,-43.958,0
2617,43.66028,free_swing,704,439,609,563,48.249,-37.457,0
2618,43.67697,free_swing,691,452,613,583,41.751,-30.770,0
2619,43.69365,free_swing,675,464,621,607,34.673,-20.688,0
2620,43.71033,free_swing,653,477,635,630,25.615,-6.710,0
2621,43.72702,free_swing,624,489,649,643,14.547,9.221,0
2622,43.7437,free_swing,596,493,659,629,4.588,24.855,0
2623,43.76038,free_swing,572,492,654,605,-3.909,35.967,0
2624,43.77707,free_swing,552,489,655,593,-11.101,44.723,0
2625,43.79375,free_swing,535,485,651,578,-17.312,51.280,0
2626,43.81043,free_swing,520,480,648,569,-22.920,55.189,0
2627,43.82712,free_swing,507,473,638,556,-28.156,57.642,0
2628,43.8438,free_swing,494,465,627,543,-33.591,59.610,0
2629,43.86048,free_swing,483,457,615,537,-38.437,58.782,0
2630,43.87717,free_swing,470,446,600,533,-44.497,56.208,0
2631,43.89385,free_swing,460,435,584,523,-49.785,54.638,0
2632,43.91053,free_swing,452,424,567,529,-54.628,47.603,0
2633,43.92722,free_swing,447,417,550,532,-57.693,41.849,0
2634,43.9439,free_swing,444,411,537,528,-60.078,38.480,0
2635,43.96058,free_swing,443,410,518,543,-60.565,29.419,0
2636,43.97727,free_swing,445,412,500,555,-59.589,21.038,0
2637,43.99395,free_swing,448,418,486,558,-57.200,15.186,0
2638,44.01063,free_swing,455,427,461,580,-53.130,2.246,0
2639,44.02732,free_swing,464,438,438,592,-48.039,-9.583,0
2640,44.044,free_swing,477,452,428,578,-41.219,-21.251,0
2641,44.06068,free_swing,495,465,404,582,-33.294,-37.875,0
2642,44.07737,free_swing,513,476,393,570,-25.769,-51.927,0
2643,44.09405,free_swing,530,482,394,552,-19.341,-62.765,0
2644,44.11073,free_swing,545,487,399,535,-13.690,-71.801,0
2645,44.12742,free_swing,559,490,406,522,-8.584,-78.187,0
2646,44.1441,free_swing,573,491,417,511,-3.576,-82.694,0
2647,44.16078,free_swing,588,492,429,504,1.779,-85.684,0
2648,44.17747,free_swing,604,490,445,497,7.524,-87.479,0
2649,44.19415,free_swing,621,487,460,495,13.690,-87.155,0
2650,44.21083,free_swing,636,482,477,497,19.341,-84.611,0
2651,44.22752,free_swing,652,476,494,502,25.448,-80.655,0
2652,44.2442,free_swing,668,468,514,510,31.817,-74.745,0
2653,44.26088,free_swing,681,459,537,517,37.439,-68.062,0
2654,44.27757,free_swing,693,450,561,524,42.749,-60.725,0
2655,44.29425,free_swing,702,440,586,533,47.511,-51.280,0
2656,44.31093,free_swing,708,433,615,552,50.786,-38.008,0
2657,44.32762,free_swing,712,429,644,554,52.776,-28.546,0
2658,44.3443,free_swing,711,429,676,561,52.561,-14.850,0
2659,44.36098,free_swing,708,434,716,576,50.511,3.225,0
2660,44.37767,free_swing,698,444,748,566,45.503,22.286,0
2661,44.39435,free_swing,685,456,780,554,39.214,44.109,0
2662,44.41103,free_swing,671,466,801,531,33.098,63.435,0
2663,44.42772,free_swing,657,475,812,504,27.198,79.403,0
2664,44.4444,free_swing,648,477,802,470,23.999,92.603,0
2665,44.46108,free_swing,639,481,795,443,20.472,103.690,0
2666,44.47777,free_swing,632,484,778,419,17.758,113.999,0
2667,44.49445,free_swing,623,486,758,398,14.470,123.098,0
2668,44.51113,free_swing,612,489,735,382,10.401,131.021,0
2669,44.52782,free_swing,602,491,712,370,6.772,137.726,0
2670,44.5445,free_swing,589,491,688,363,2.148,142.280,0
2671,44.56118,free_swing,575,492,664,357,-2.845,146.605,0
2672,44.57787,free_swing,559,489,645,352,-8.637,147.882,0
2673,44.59455,free_swing,542,486,625,347,-14.816,149.158,0
2674,44.61123,free_swing,526,481,611,343,-20.807,148.369,0
2675,44.62792,free_swing,510,474,598,338,-27.044,147.095,0
2676,44.6446,free_swing,496,465,586,333,-32.994,145.713,0
2677,44.66128,free_swing,481,456,579,329,-39.214,142.344,0
2678,44.67797,free_swing,470,446,572,322,-44.497,140.560,0
2679,44.69465,free_swing,458,434,567,316,-50.511,137.270,0
2680,44.71133,free_swing,450,422,564,310,-55.620,134.493,0
2681,44.72802,free_swing,444,413,561,305,-59.462,132.709,0
2682,44.7447,free_swing,440,405,559,298,-62.639,131.961,0
2683,44.76138,free_swing,438,402,557,295,-63.911,131.961,0
2684,44.77807,free_swing,439,404,552,291,-63.118,135.000,0
2685,44.79475,free_swing,442,409,548,290,-61.049,138.307,0
2686,44.81143,free_swing,446,417,544,290,-57.882,142.344,0
2687,44.82812,free_swing,452,426,536,288,-54.051,148.671,0
2688,44.8448,free_swing,460,435,530,289,-49.785,154.385,0
2689,44.86148,free_swing,471,447,524,294,-43.995,160.894,0
2690,44.87817,free_swing,484,457,516,298,-38.157,168.621,0
2691,44.89485,free_swing,500,468,508,306,-31.209,177.173,0
2692,44.91153,free_swing,517,477,500,316,-24.326,-173.972,0
2693,44.92822,free_swing,537,485,489,329,-16.631,-162.897,0
2694,44.9449,free_swing,557,489,478,347,-9.345,-150.911,0
2695,44.96158,free_swing,579,491,468,371,-1.432,-137.231,0
2696,44.97827,free_swing,599,490,461,404,5.746,-121.931,0
2697,44.99495,free_swing,615,488,462,442,11.520,-106.734,0
2698,45.01163,free_swing,631,484,470,488,17.418,-88.577,0
2699,45.02832,free_swing,640,481,491,535,20.807,-70.079,0
2700,45.045,free_swing,646,479,527,579,23.058,-49.958,0
2701,45.06168,free_swing,645,481,572,612,22.457,-29.129,0
2702,45.07837,free_swing,642,483,625,639,21.214,-6.219,0
2703,45.09505,free_swing,638,483,681,633,19.892,15.996,0
2704,45.11173,free_swing,638,483,724,604,19.892,35.403,0
2705,45.12842,free_swing,642,482,760,573,21.342,52.361,0
2706,45.1451,free_swing,647,479,793,540,23.385,67.324,0
2707,45.16178,free_swing,654,475,807,499,26.246,81.085,0
2708,45.17847,free_swing,661,472,818,463,28.951,93.281,0
2709,45.19515,free_swing,668,467,818,428,32.005,104.574,0
2710,45.21183,free_swing,674,464,815,398,34.380,115.084,0
2711,45.22852,free_swing,679,460,810,373,36.656,123.589,0
2712,45.2452,free_swing,678,461,789,354,36.158,133.949,0
2713,45.26188,free_swing,674,463,773,341,34.582,140.942,0
2714,45.27857,free_swing,671,464,760,331,33.491,146.211,0
2715,45.29525,free_swing,666,468,737,327,31.209,153.273,0
2716,45.31193,free_swing,660,473,720,326,28.469,157.797,0
2717,45.32862,free_swing,650,477,703,325,24.651,160.777,0
2718,45.3453,free_swing,638,482,686,326,20.014,162.897,0
2719,45.36198,free_swing,625,487,671,330,15.068,163.670,0
2720,45.37867,free_swing,609,490,657,333,9.287,163.000,0
2721,45.39535,free_swing,592,492,644,337,3.200,161.454,0
2722,45.41203,free_swing,573,492,633,340,-3.554,158.459,0
2723,45.42872,free_swing,554,490,624,344,-10.337,154.385,0
2724,45.4454,free_swing,534,485,618,345,-17.650,149.036,0
2725,45.46208,free_swing,516,478,613,347,-24.503,143.482,0
2726,45.47877,free_swing,499,468,610,351,-31.514,136.507,0
2727,45.49545,free_swing,482,457,608,355,-38.715,128.991,0
2728,45.51213,free_swing,468,444,607,362,-45.503,120.538,0
2729,45.52882,free_swing,456,431,606,373,-51.783,111.140,0
2730,45.5455,free_swing,448,417,605,385,-57.501,101.520,0
2731,45.56218,free_swing,441,407,601,399,-61.844,92.862,0
2732,45.57887,free_swing,438,400,596,417,-64.552,83.859,0
2733,45.59555,free_swing,437,397,591,433,-65.674,76.842,0
2734,45.61223,free_swing,438,398,587,450,-65.200,70.761,0
2735,45.62892,free_swing,439,402,581,472,-63.754,63.759,0
2736,45.6456,free_swing,442,408,573,491,-61.361,57.642,0
2737,45.66228,free_swing,446,414,565,514,-58.791,49.958,0
2738,45.67897,free_swing,452,424,554,546,-54.628,39.898,0
2739,45.69565,free_swing,461,435,543,566,-49.554,32.045,0
2740,45.71233,free_swing,474,449,528,588,-42.730,21.231,0
2741,45.72902,free_swing,491,464,506,620,-34.673,5.492,0
2742,45.7457,free_swing,516,479,484,630,-24.356,-11.965,0
2743,45.76238,free_swing,544,488,469,615,-13.950,-30.564,0
2744,45.77907,free_swing,569,492,459,602,-4.970,-45.000,0
2745,45.79575,free_swing,588,492,457,580,1.779,-56.109,0
2746,45.81243,free_swing,605,491,462,558,7.829,-64.895,0
2747,45.82912,free_swing,620,488,470,538,13.261,-71.565,0
2748,45.8458,free_swing,635,483,480,521,18.886,-76.225,0
2749,45.86248,free_swing,649,477,493,505,24.326,-79.824,0
2750,45.87917,free_swing,663,471,505,495,29.745,-81.363,0
2751,45.89585,free_swing,676,461,521,484,35.579,-81.560,0
2752,45.91253,free_swing,689,452,533,479,41.219,-80.181,0
2753,45.92922,free_swing,701,441,546,479,47.010,-76.225,0
2754,45.9459,free_swing,710,428,561,481,52.628,-70.419,0
2755,45.96258,free_swing,718,418,575,483,57.200,-65.556,0
2756,45.97927,free_swing,723,409,589,492,60.876,-58.226,0
2757,45.99595,free_swing,726,404,603,500,62.956,-52.028,0
2758,46.01263,free_swing,727,402,614,511,63.754,-46.032,0
2759,46.02932,free_swing,726,405,627,527,62.639,-39.058,0
2760,46.046,free_swing,723,411,635,527,60.255,-37.185,0
2761,46.06268,free_swing,718,420,649,546,56.605,-28.706,0
2762,46.07937,free_swing,710,431,664,565,51.783,-18.947,0
2763,46.09605,free_swing,700,443,680,579,46.251,-8.366,0
2764,46.11273,free_swing,684,457,700,591,38.715,6.809,0
2765,46.12942,free_swing,662,472,725,606,29.261,25.181,0
2766,46.1461,free_swing,639,483,738,599,20.225,40.479,0
2767,46.16278,free_swing,617,489,741,584,12.144,52.543,0
2768,46.17947,free_swing,598,492,736,566,5.323,61.798,0
2769,46.19615,free_swing,580,493,723,546,-1.061,69.664,0
2770,46.21283,free_swing,564,491,714,534,-6.772,74.004,0
2771,46.22952,free_swing,550,488,704,526,-11.870,76.139,0
2772,46.2462,free_swing,534,485,690,518,-17.650,78.056,0
2773,46.26288,free_swing,520,478,673,512,-23.199,77.471,0
2774,46.27957,free_swing,506,472,658,513,-28.639,74.904,0
2775,46.29625,free_swing,491,463,638,513,-34.875,71.215,0
2776,46.31293,free_swing,478,453,620,515,-40.717,66.413,0
2777,46.32962,free_swing,467,442,598,527,-46.262,57.022,0
2778,46.3463,free_swing,457,432,575,532,-51.285,49.720,0
2779,46.36298,free_swing,451,424,549,540,-54.834,40.192,0
2780,46.37967,free_swing,447,418,519,555,-57.393,27.724,0
2781,46.39635,free_swing,447,417,491,560,-57.693,17.103,0
2782,46.41303,free_swing,449,419,459,570,-56.706,3.789,0
2783,46.42972,free_swing,454,428,422,579,-53.059,-11.965,0
2784,46.4464,free_swing,464,438,391,572,-48.039,-28.580,0
2785,46.46308,free_swing,478,454,362,559,-40.486,-47.849,0
2786,46.47977,free_swing,492,464,356,530,-34.380,-64.113,0
2787,46.49645,free_swing,505,472,359,500,-28.951,-79.144,0
2788,46.51313,free_swing,516,477,362,475,-24.651,-90.744,0
2789,46.52982,free_swing,525,481,371,453,-21.140,-100.305,0
2790,46.5465,free_swing,536,485,389,432,-16.972,-109.826,0
2791,46.56318,free_swing,547,487,406,416,-12.995,-116.727,0
2792,46.57987,free_swing,560,489,422,406,-8.282,-121.025,0
2793,46.59655,free_swing,573,492,442,397,-3.554,-125.949,0
2794,46.61323,free_swing,590,492,460,393,2.490,-127.291,0
2795,46.62992,free_swing,607,490,478,390,8.584,-127.783,0
2796,46.6466,free_swing,624,486,492,390,14.816,-126.027,0
2797,46.66328,free_swing,642,480,506,392,21.602,-122.905,0
2798,46.67997,free_swing,659,472,516,396,28.325,-117.989,0
2799,46.69665,free_swing,675,462,528,402,35.080,-112.203,0
2800,46.71333,free_swing,690,450,541,411,41.961,-104.668,0
2801,46.73002,free_swing,702,437,544,423,48.307,-95.064,0
2802,46.7467,free_swing,714,423,556,440,54.920,-83.859,0
2803,46.76338,free_swing,722,409,575,459,60.701,-71.215,0
2804,46.78007,free_swing,727,401,591,476,64.075,-61.125,0
2805,46.79675,free_swing,730,395,612,495,66.473,-49.720,0
2806,46.81343,free_swing,731,394,636,513,66.942,-38.601,0
2807,46.83012,free_swing,729,397,661,534,65.674,-26.398,0
2808,46.8468,free_swing,727,406,686,548,62.488,-16.105,0
2809,46.86348,free_swing,719,418,716,565,57.393,-1.169,0
2810,46.88017,free_swing,707,434,745,571,50.285,15.503,0
2811,46.89685,free_swing,690,453,775,570,41.252,35.998,0
2812,46.91353,free_swing,668,468,787,551,31.817,55.105,0
2813,46.93022,free_swing,650,478,792,530,24.503,69.887,0
2814,46.9469,free_swing,632,484,787,509,17.758,80.838,0
2815,46.96358,free_swing,617,488,775,488,12.219,90.000,0
2816,46.98027,free_swing,603,491,762,470,7.125,97.524,0
2817,46.99695,free_swing,587,492,744,455,1.423,103.261,0
2818,47.01363,free_swing,571,492,726,444,-4.263,107.207,0
2819,47.03032,free_swing,555,489,707,438,-10.049,108.548,0
2820,47.047,free_swing,537,486,689,434,-16.530,108.886,0
2821,47.06368,free_swing,519,479,672,432,-23.385,107.076,0
2822,47.08037,free_swing,501,470,659,436,-30.538,102.144,0
2823,47.09705,free_swing,486,460,646,442,-36.941,96.419,0
2824,47.11373,free_swing,472,448,631,451,-43.493,88.919,0
2825,47.13042,free_swing,461,435,616,464,-49.554,79.403,0
2826,47.1471,free_swing,451,423,597,474,-55.125,70.745,0
2827,47.16378,free_swing,443,410,575,489,-60.565,59.100,0
2828,47.18047,free_swing,438,402,550,509,-63.911,46.308,0
2829,47.19715,free_swing,436,396,522,522,-66.146,34.315,0
2830,47.21383,free_swing,436,395,496,527,-66.473,24.444,0
2831,47.23052,free_swing,438,400,460,548,-64.552,8.455,0
2832,47.2472,free_swing,442,409,440,539,-61.049,-0.881,0
2833,47.26388,free_swing,451,423,397,553,-55.125,-22.557,0
2834,47.28057,free_swing,465,440,362,549,-47.270,-43.379,0
2835,47.29725,free_swing,482,456,397,494,-38.938,-65.913,0
2836,47.31393,free_swing,497,467,405,463,-32.307,-92.490,0
2837,47.33062,free_swing,510,474,354,473,-27.044,-90.367,0
2838,47.3473,free_swing,522,479,368,449,-22.400,-101.023,0
2839,47.36398,free_swing,534,484,385,430,-17.758,-109.921,0
2840,47.38067,free_swing,547,487,403,415,-12.995,-116.565,0
2841,47.39735,free_swing,561,489,425,403,-7.927,-122.307,0
2842,47.41403,free_swing,577,492,447,395,-2.134,-126.729,0
2843,47.43072,free_swing,595,490,466,391,4.316,-127.504,0
2844,47.4474,free_swing,613,490,484,389,10.685,-128.059,0
2845,47.46408,free_swing,632,484,501,389,17.758,-125.949,0
2846,47.48077,free_swing,650,477,515,391,24.651,-122.499,0
2847,47.49745,free_swing,669,467,525,394,32.307,-116.882,0
2848,47.51413,free_swing,686,455,535,399,39.715,-110.348,0
2849,47.53082,free_swing,700,440,545,409,47.027,-101.310,0
2850,47.5475,free_swing,712,425,562,421,53.920,-91.528,0
2851,47.56418,free_swing,722,410,566,435,60.388,-80.895,0
2852,47.58087,free_swing,729,397,586,452,65.674,-68.962,0
2853,47.59755,free_swing,733,385,604,472,70.201,-56.004,0
2854,47.61423,free_swing,737,379,627,491,72.688,-44.484,0
2855,47.63092,free_swing,737,379,652,509,72.688,-33.179,0
2856,47.6476,free_swing,736,381,678,522,71.903,-22.360,0
2857,47.66428,free_swing,732,390,704,536,68.398,-10.856,0
2858,47.68097,free_swing,728,402,736,552,63.911,3.053,0
2859,47.69765,free_swing,719,419,766,559,57.095,18.558,0
2860,47.71433,free_swing,703,438,790,550,48.278,37.840,0
2861,47.73102,free_swing,683,457,812,541,38.437,56.929,0
2862,47.7477,free_swing,664,470,810,517,30.231,72.156,0
2863,47.76438,free_swing,647,478,801,495,23.527,83.701,0
2864,47.78107,free_swing,631,485,790,477,17.312,92.880,0
2865,47.79775,free_swing,615,489,773,461,11.449,100.049,0
2866,47.81443,free_swing,599,490,753,449,5.746,104.908,0
2867,47.83112,free_swing,582,492,735,441,-0.356,108.435,0
2868,47.8478,free_swing,563,491,714,435,-7.125,110.348,0
2869,47.86448,free_swing,542,486,694,433,-14.816,109.223,0
2870,47.88117,free_swing,524,481,679,436,-21.471,106.189,0
2871,47.89785,free_swing,505,472,662,442,-28.951,100.818,0
2872,47.91453,free_swing,489,461,648,450,-35.870,93.958,0
2873,47.93122,free_swing,475,450,633,463,-42.226,85.296,0
2874,47.9479,free_swing,462,437,614,475,-48.781,75.964,0
2875,47.96458,free_swing,452,424,592,495,-54.628,63.108,0
2876,47.98127,free_swing,444,413,565,511,-59.462,50.995,0
2877,47.99795,free_swing,440,404,536,519,-62.956,39.855,0
2878,48.01463,free_swing,438,399,504,531,-64.875,26.565,0
2879,48.03132,free_swing,439,400,464,550,-64.398,9.462,0
2880,48.048,free_swing,442,408,429,552,-61.361,-5.159,0
2881,48.06468,free_swing,449,419,393,549,-56.706,-23.305,0
2882,48.08137,free_swing,461,435,361,537,-49.554,-44.433,0
2883,48.09805,free_swing,476,453,584,345,-41.252,135.000,0
2884,48.11473,free_swing,489,462,588,353,-35.662,137.752,0
2885,48.13142,free_swing,500,469,350,451,-31.025,-96.843,0
2886,48.1481,free_swing,510,474,363,424,-27.044,-108.785,0
2887,48.16478,free_swing,521,479,380,402,-22.730,-118.639,0
2888,48.18147,free_swing,531,483,403,385,-18.886,-127.439,0
2889,48.19815,free_swing,542,486,429,372,-14.816,-135.252,0
2890,48.21483,free_swing,555,489,456,361,-10.049,-142.280,0
2891,48.23152,free_swing,570,491,479,356,-4.645,-146.017,0
2892,48.2482,free_swing,586,491,502,351,1.074,-149.036,0
2893,48.26488,free_swing,605,490,523,348,7.878,-149.995,0
2894,48.28157,free_swing,623,486,542,346,14.470,-149.948,0
2895,48.29825,free_swing,641,480,559,344,21.269,-148.912,0
2896,48.31493,free_swing,659,472,574,339,28.325,-147.417,0
2897,48.33162,free_swing,676,462,583,332,35.372,-144.421,0
2898,48.3483,free_swing,691,450,589,325,42.226,-140.786,0
2899,48.36498,free_swing,704,437,595,319,48.781,-137.270,0
2900,48.38167,free_swing,714,424,599,310,54.628,-134.750,0
2901,48.39835,free_swing,722,410,601,306,60.388,-130.679,0
2902,48.41503,free_swing,728,397,603,298,65.526,-128.379,0
2903,48.43172,free_swing,732,389,604,292,68.731,-127.155,0
2904,48.4484,free_swing,734,382,605,289,71.338,-125.789,0
2905,48.46508,free_swing,734,383,608,283,70.998,-128.437,0
2906,48.48177,free_swing,733,387,612,279,69.528,-131.751,0
2907,48.49845,free_swing,730,394,615,282,66.801,-134.243,0
2908,48.51513,free_swing,727,403,620,281,63.435,-138.748,0
2909,48.53182,free_swing,720,414,624,283,58.791,-143.765,0
2910,48.5485,free_swing,712,425,628,288,53.920,-148.486,0
2911,48.56518,free_swing,701,439,633,293,47.534,-155.026,0
2912,48.58187,free_swing,688,452,640,296,40.950,-162.897,0
2913,48.59855,free_swing,672,465,646,308,33.591,-170.597,0
2914,48.61523,free_swing,650,476,652,320,24.800,179.265,0
2915,48.63192,free_swing,628,484,661,323,16.390,168.417,0
2916,48.6486,free_swing,606,491,668,340,8.180,157.677,0
2917,48.66528,free_swing,583,492,676,360,0.000,144.834,0
2918,48.68197,free_swing,562,490,684,384,-7.524,130.986,0
2919,48.69865,free_swing,544,487,685,413,-14.036,117.692,0
2920,48.71533,free_swing,527,481,682,451,-20.472,100.954,0
2921,48.73202,free_swing,514,476,672,493,-25.448,83.859,0
2922,48.7487,free_swing,506,472,650,534,-28.639,66.705,0
2923,48.76538,free_swing,502,470,606,564,-30.231,47.891,0
2924,48.78207,free_swing,504,471,572,602,-29.435,27.433,0
2925,48.79875,free_swing,509,475,525,626,-27.198,6.049,0
2926,48.81543,free_swing,517,477,473,624,-24.326,-16.663,0
2927,48.83212,free_swing,523,480,428,604,-21.934,-37.457,0
2928,48.8488,free_swing,525,482,398,567,-21.012,-56.206,0
2929,48.86548,free_swing,525,481,377,528,-21.140,-72.382,0
2930,48.88217,free_swing,522,481,365,490,-22.130,-86.719,0
2931,48.89885,free_swing,519,479,365,452,-23.385,-99.944,0
2932,48.91553,free_swing,515,477,369,419,-24.974,-111.666,0
2933,48.93222,free_swing,513,476,379,389,-25.769,-122.994,0
2934,48.9489,free_swing,513,475,399,366,-25.925,-133.716,0
2935,48.96558,free_swing,516,477,418,351,-24.651,-142.125,0
2936,48.98227,free_swing,521,479,437,340,-22.730,-148.855,0
2937,48.99895,free_swing,527,481,462,334,-20.472,-156.146,0
2938,49.01563,free_swing,535,484,484,330,-17.418,-161.677,0
2939,49.03232,free_swing,544,487,505,330,-14.036,-166.050,0
2940,49.049,free_swing,556,489,525,330,-9.697,-168.968,0
2941,49.06568,free_swing,570,491,543,330,-4.645,-170.480,0
2942,49.08237,free_swing,585,491,560,330,0.716,-171.174,0
2943,49.09905,free_swing,600,491,577,329,6.065,-171.919,0
2944,49.11573,free_swing,616,488,592,327,11.870,-171.521,0
2945,49.13242,free_swing,632,484,607,326,17.758,-171.009,0
2946,49.1491,free_swing,648,478,621,318,23.854,-170.422,0
2947,49.16578,free_swing,663,471,635,321,29.745,-169.426,0
2948,49.18247,free_swing,675,462,647,306,35.080,-169.824,0
2949,49.19915,free_swing,688,452,657,298,40.950,-168.619,0
2950,49.21583,free_swing,698,442,671,287,46.014,-170.119,0
2951,49.23252,free_swing,706,434,683,278,50.057,-171.613,0
2952,49.2492,free_swing,711,426,696,271,53.418,-174.472,0
2953,49.26588,free_swing,714,422,704,272,55.214,-176.186,0
2954,49.28257,free_swing,716,420,722,270,56.211,177.709,0
2955,49.29925,free_swing,715,422,735,275,55.418,172.252,0
2956,49.31593,free_swing,712,425,752,282,53.920,164.373,0
2957,49.33262,free_swing,709,431,774,293,51.563,154.779,0
2958,49.3493,free_swing,703,437,781,313,48.545,147.829,0
2959,49.36598,free_swing,696,444,794,336,45.000,137.779,0
2960,49.38267,free_swing,690,452,818,365,41.486,124.203,0
2961,49.39935,free_swing,682,458,816,400,37.937,113.405,0
2962,49.41603,free_swing,673,464,826,445,34.086,97.079,0
2963,49.43272,free_swing,664,469,818,494,30.411,80.779,0
2964,49.4494,free_swing,658,473,797,543,27.842,63.270,0
2965,49.46608,free_swing,653,477,757,584,25.615,44.185,0
2966,49.48277,free_swing,648,478,710,621,23.854,23.440,0
2967,49.49945,free_swing,643,482,653,637,21.670,3.691,0
2968,49.51613,free_swing,632,485,598,640,17.650,-12.372,0
2969,49.53282,free_swing,616,489,545,633,11.797,-26.246,0
2970,49.5495,free_swing,595,491,500,618,4.289,-36.798,0
2971,49.56618,free_swing,572,492,463,600,-3.909,-45.264,0
2972,49.58287,free_swing,549,488,424,586,-12.219,-51.904,0
2973,49.59955,free_swing,525,482,397,565,-21.012,-57.039,0
2974,49.61623,free_swing,503,471,370,552,-29.745,-58.658,0
2975,49.63292,free_swing,484,459,358,531,-37.720,-60.255,0
2976,49.6496,free_swing,470,445,586,345,-44.748,130.764,0
2977,49.66628,free_swing,458,432,588,353,-51.062,121.287,0
2978,49.68297,free_swing,450,422,582,341,-55.620,121.535,0
2979,49.69965,free_swing,447,417,583,351,-57.693,115.887,0
2980,49.71633,free_swing,448,418,585,351,-57.200,116.061,0
2981,49.73302,free_swing,449,420,581,353,-56.409,116.911,0
2982,49.7497,free_swing,452,424,583,347,-54.628,120.446,0
2983,49.76638,free_swing,456,430,586,354,-52.063,120.311,0
2984,49.78307,free_swing,461,437,589,349,-49.014,124.509,0
2985,49.79975,free_swing,468,445,587,353,-45.250,127.708,0
2986,49.81643,free_swing,476,452,567,355,-41.486,136.828,0
2987,49.83312,free_swing,486,460,357,371,-36.941,-124.603,0
2988,49.8498,free_swing,497,468,376,373,-32.118,-128.136,0
2989,49.86648,free_swing,512,475,383,380,-26.246,-126.369,0
2990,49.88317,free_swing,527,482,395,390,-20.348,-124.875,0
2991,49.89985,free_swing,545,487,409,402,-13.690,-122.005,0
2992,49.91653,free_swing,564,490,418,419,-6.814,-115.934,0
2993,49.93322,free_swing,582,492,430,440,-0.356,-108.886,0
2994,49.9499,free_swing,602,491,443,464,6.772,-99.638,0
2995,49.96658,free_swing,620,487,459,494,13.343,-87.510,0
2996,49.98327,free_swing,636,483,483,527,19.223,-73.956,0
2997,49.99995,free_swing,651,477,518,557,24.974,-58.973,0
2998,50.01663,free_swing,662,472,564,578,29.261,-42.754,0
2999,50.03332,free_swing,669,467,609,613,32.307,-22.341,0
3000,50.05,free_swing,671,468,663,610,32.714,-3.225,0
3001,50.06668,free_swing,664,470,723,608,30.231,23.148,0
3002,50.08337,free_swing,656,476,763,571,26.723,48.400,0
3003,50.10005,free_swing,652,476,793,530,25.448,69.044,0
3004,50.11673,free_swing,652,476,808,483,25.448,87.431,0
3005,50.13342,free_swing,655,475,810,437,26.565,103.775,0
3006,50.1501,free_swing,662,472,799,394,29.261,119.655,0
3007,50.16678,free_swing,668,467,782,359,32.005,133.452,0
3008,50.18347,free_swing,674,463,758,330,34.582,147.724,0
3009,50.20015,free_swing,677,461,727,313,35.870,161.333,0
3010,50.21683,free_swing,676,462,698,305,35.372,172.023,0
3011,50.23352,free_swing,672,464,672,304,33.789,180.000,0
3012,50.2502,free_swing,668,467,644,310,32.005,-171.309,0
3013,50.26688,free_swing,660,472,618,323,28.639,-164.258,0
3014,50.28357,free_swing,651,476,589,329,25.125,-157.132,0
3015,50.30025,free_swing,640,481,562,339,20.807,-151.220,0
3016,50.31693,free_swing,628,485,533,354,16.289,-144.051,0
3017,50.33362,free_swing,614,489,504,370,11.101,-137.251,0
3018,50.3503,free_swing,598,490,475,388,5.389,-129.668,0
3019,50.36698,free_swing,582,491,445,409,-0.358,-120.902,0
3020,50.38367,free_swing,565,490,416,434,-6.459,-110.598,0
3021,50.40035,free_swing,547,487,393,462,-12.995,-99.221,0
3022,50.41703,free_swing,527,482,372,498,-20.348,-84.106,0
3023,50.43372,free_swing,506,473,364,536,-28.469,-66.075,0
3024,50.4504,free_swing,483,457,379,564,-38.437,-44.185,0
3025,50.46708,free_swing,464,439,413,572,-47.774,-20.980,0
3026,50.48377,free_swing,453,426,441,576,-53.842,-4.574,0
3027,50.50045,free_swing,448,417,478,558,-57.501,12.011,0
3028,50.51713,free_swing,446,415,502,558,-58.486,21.386,0
3029,50.53382,free_swing,447,417,531,549,-57.693,32.471,0
3030,50.5505,free_swing,450,423,558,536,-55.327,43.704,0
3031,50.56718,free_swing,458,432,578,526,-51.062,51.927,0
3032,50.58387,free_swing,466,442,604,520,-46.507,60.524,0
3033,50.60055,free_swing,479,452,624,513,-40.679,67.184,0
3034,50.61723,free_swing,492,463,644,511,-34.582,72.474,0
3035,50.63392,free_swing,508,473,662,510,-27.842,76.490,0
3036,50.6506,free_swing,524,481,678,510,-21.471,79.335,0
3037,50.66728,free_swing,542,486,696,519,-14.816,77.905,0
3038,50.68397,free_swing,562,490,711,529,-7.524,75.332,0
3039,50.70065,free_swing,584,492,730,543,0.356,70.745,0
3040,50.71733,free_swing,606,490,747,563,8.231,62.628,0
3041,50.73402,free_swing,629,486,753,580,16.530,52.836,0
3042,50.7507,free_swing,653,475,749,591,25.925,39.611,0
3043,50.76738,free_swing,678,463,735,590,35.742,24.171,0
3044,50.78407,free_swing,694,449,723,595,43.249,11.234,0
3045,50.80075,free_swing,706,434,699,568,50.057,-2.990,0
3046,50.81743,free_swing,717,422,691,566,55.819,-10.235,0
3047,50.83412,free_swing,721,413,677,550,59.281,-17.805,0
3048,50.8508,free_swing,728,402,665,530,63.911,-26.206,0
3049,50.86748,free_swing,732,390,657,518,68.398,-30.368,0
3050,50.88417,free_swing,736,380,650,508,72.242,-33.896,0
3051,50.90085,free_swing,738,374,639,489,74.495,-40.724,0
3052,50.91753,free_swing,739,372,631,485,75.275,-43.704,0
3053,50.93422,free_swing,738,374,621,478,74.495,-48.366,0
3054,50.9509,free_swing,736,378,610,469,72.924,-54.162,0
3055,50.96758,free_swing,733,387,600,471,69.528,-57.724,0
3056,50.98427,free_swing,729,397,589,469,65.674,-62.784,0
3057,51.00095,free_swing,723,409,577,471,60.876,-66.991,0
3058,51.01763,free_swing,715,423,567,475,55.125,-70.641,0
3059,51.03432,free_swing,704,436,555,484,49.050,-72.144,0
3060,51.051,free_swing,692,449,543,497,42.730,-72.144,0
3061,51.06768,free_swing,678,461,531,513,36.158,-70.519,0
3062,51.08437,free_swing,660,472,515,538,28.639,-65.526,0
3063,51.10105,free_swing,641,481,503,561,21.140,-59.899,0
3064,51.11773,free_swing,620,488,501,582,13.261,-51.694,0
3065,51.13442,free_swing,595,492,493,611,4.263,-40.601,0
3066,51.1511,free_swing,566,491,498,633,-6.065,-25.589,0
3067,51.16778,free_swing,534,485,513,636,-17.650,-7.918,0
3068,51.18447,free_swing,509,475,527,625,-27.198,6.843,0
3069,51.20115,free_swing,492,464,539,603,-34.380,18.682,0
3070,51.21783,free_swing,477,453,546,588,-40.986,27.072,0
3071,51.23452,free_swing,467,444,551,571,-45.751,33.481,0
3072,51.2512,free_swing,458,433,556,550,-50.786,39.950,0
3073,51.26788,free_swing,451,424,558,532,-54.834,44.734,0
3074,51.28457,free_swing,445,415,559,520,-58.671,47.353,0
3075,51.30125,free_swing,441,408,561,497,-61.531,53.437,0
3076,51.31793,free_swing,439,403,561,497,-63.435,52.386,0
3077,51.33462,free_swing,438,400,563,495,-64.552,52.765,0
3078,51.3513,free_swing,438,401,567,487,-64.231,56.310,0
3079,51.36798,free_swing,440,404,571,486,-62.956,57.955,0
3080,51.38467,free_swing,444,412,575,501,-59.769,55.808,0
3081,51.40135,free_swing,448,420,582,493,-56.605,61.420,0
3082,51.41803,free_swing,455,429,589,511,-52.561,58.536,0
3083,51.43472,free_swing,464,440,594,529,-47.511,55.604,0
3084,51.4514,free_swing,475,450,601,537,-42.226,55.376,0
3085,51.46808,free_swing,487,461,606,562,-36.444,49.677,0
3086,51.48477,free_swing,503,472,607,579,-29.570,44.185,0
3087,51.50145,free_swing,521,480,612,608,-22.593,35.410,0
3088,51.51813,free_swing,544,488,607,625,-13.950,24.696,0
3089,51.53482,free_swing,571,493,599,646,-4.236,10.371,0
3090,51.5515,free_swing,602,491,585,645,6.772,-6.299,0
3091,51.56818,free_swing,625,486,575,631,15.161,-19.026,0
3092,51.58487,free_swing,645,480,572,608,22.593,-29.697,0
3093,51.60155,free_swing,661,473,571,588,28.780,-38.047,0
3094,51.61823,free_swing,673,465,571,570,33.887,-44.170,0
3095,51.63492,free_swing,683,458,571,554,38.217,-49.399,0
3096,51.6516,free_swing,694,448,575,542,43.493,-51.694,0
3097,51.66828,free_swing,705,437,582,519,49.014,-56.310,0
3098,51.68497,free_swing,714,426,590,514,54.051,-54.638,0
3099,51.70165,free_swing,720,414,598,508,58.791,-52.386,0
3100,51.71833,free_swing,726,406,606,506,62.324,-50.194,0
3101,51.73502,free_swing,728,400,611,501,64.552,-49.198,0
3102,51.7517,free_swing,729,398,616,503,65.349,-47.102,0
3103,51.76838,free_swing,729,397,622,511,65.674,-43.186,0
3104,51.78507,free_swing,727,402,624,521,63.754,-40.878,0
3105,51.80175,free_swing,724,409,625,525,61.049,-40.479,0
3106,51.81843,free_swing,719,418,629,544,57.393,-35.538,0
3107,51.83512,free_swing,711,428,632,560,52.845,-30.900,0
3108,51.8518,free_swing,703,439,637,576,48.013,-25.723,0
3109,51.86848,free_swing,690,453,645,597,41.252,-17.354,0
3110,51.88517,free_swing,674,465,655,616,34.181,-7.172,0
3111,51.90185,free_swing,651,477,668,629,24.974,6.382,0
3112,51.91853,free_swing,624,488,680,633,14.636,21.117,0
3113,51.93522,free_swing,600,492,682,619,6.028,32.849,0
3114,51.9519,free_swing,576,493,678,603,-2.474,42.839,0
3115,51.96858,free_swing,558,491,669,587,-8.881,49.145,0
3116,51.98527,free_swing,542,488,665,579,-14.636,53.505,0
3117,52.00195,free_swing,527,482,656,571,-20.348,55.397,0
3118,52.01863,free_swing,513,476,643,563,-25.769,56.208,0
3119,52.03532,free_swing,500,470,624,552,-30.842,56.524,0
3120,52.052,free_swing,487,460,611,547,-36.656,54.946,0
3121,52.06868,free_swing,477,452,594,552,-41.219,49.479,0
3122,52.08537,free_swing,466,443,576,552,-46.251,45.262,0
3123,52.10205,free_swing,459,433,557,543,-50.560,41.698,0
3124,52.11873,free_swing,453,425,532,557,-54.130,30.900,0
3125,52.13542,free_swing,450,421,509,562,-55.914,22.706,0
3126,52.1521,free_swing,449,420,488,562,-56.409,15.357,0
3127,52.16878,free_swing,452,424,464,565,-54.628,4.865,0
3128,52.18547,free_swing,456,429,436,571,-52.344,-8.017,0
3129,52.20215,free_swing,463,438,415,564,-48.278,-20.854,0
3130,52.21883,free_swing,475,449,385,562,-42.466,-38.536,0
3131,52.23552,free_swing,487,460,367,548,-36.656,-53.746,0
3132,52.2522,free_swing,499,468,362,527,-31.514,-66.701,0
3133,52.26888,free_swing,509,474,359,508,-27.361,-77.229,0
3134,52.28557,free_swing,519,479,365,488,-23.385,-86.655,0
3135,52.30225,free_swing,530,482,373,472,-19.341,-93.644,0
3136,52.31893,free_swing,541,486,387,458,-15.161,-100.305,0
3137,52.33562,free_swing,553,489,400,449,-10.751,-104.651,0
3138,52.3523,free_swing,567,490,413,443,-5.746,-106.972,0
3139,52.36898,free_swing,582,491,430,440,-0.358,-108.548,0
3140,52.38567,free_swing,599,490,444,440,5.746,-107.879,0
3141,52.40235,free_swing,615,488,459,444,11.520,-105.751,0
3142,52.41903,free_swing,631,484,473,451,17.418,-101.797,0
3143,52.43572,free_swing,647,478,487,463,23.527,-95.356,0
3144,52.4524,free_swing,663,470,504,476,29.922,-87.839,0
3145,52.46908,free_swing,677,461,521,495,35.870,-77.705,0
3146,52.48577,free_swing,689,451,545,512,41.455,-67.042,0
3147,52.50245,free_swing,699,442,571,523,46.262,-57.674,0
3148,52.51913,free_swing,704,438,601,551,48.514,-42.349,0
3149,52.53582,free_swing,707,434,636,573,50.285,-27.058,0
3150,52.5525,free_swing,706,436,668,573,49.514,-15.503,0
3151,52.56918,free_swing,699,444,714,596,45.751,5.636,0
3152,52.58587,free_swing,684,457,748,582,38.715,27.112,0
3153,52.60255,free_swing,670,469,774,559,32.229,49.128,0
3154,52.61923,free_swing,653,476,796,535,25.769,67.580,0
3155,52.63592,free_swing,642,481,799,501,21.471,82.740,0
3156,52.6526,free_swing,633,483,790,468,18.208,95.458,0
3157,52.66928,free_swing,626,486,779,438,15.505,107.418,0
3158,52.68597,free_swing,619,487,761,412,12.995,117.842,0
3159,52.70265,free_swing,612,490,739,391,10.337,127.937,0
3160,52.71933,free_swing,603,490,716,374,7.169,135.751,0
3161,52.73602,free_swing,590,491,689,365,2.505,141.843,0
3162,52.7527,free_swing,576,491,664,357,-2.505,146.706,0
3163,52.76938,free_swing,561,490,642,350,-7.878,149.948,0
3164,52.78607,free_swing,547,487,620,343,-12.995,153.118,0
3165,52.80275,free_swing,531,483,601,336,-18.886,154.537,0
3166,52.81943,free_swing,515,477,584,331,-24.974,154.704,0
3167,52.83612,free_swing,501,469,570,323,-30.719,154.704,0
3168,52.8528,free_swing,487,460,555,314,-36.656,155.026,0
3169,52.86948,free_swing,475,451,543,305,-41.987,155.026,0
3170,52.88617,free_swing,465,441,532,295,-47.010,155.349,0
3171,52.90285,free_swing,455,430,524,287,-52.280,154.242,0
3172,52.91953,free_swing,449,420,514,276,-56.409,155.706,0
3173,52.93622,free_swing,445,413,500,264,-59.281,159.740,0
3174,52.9529,free_swing,442,409,493,262,-61.049,160.866,0
3175,52.96958,free_swing,442,408,478,255,-61.361,166.759,0
3176,52.98627,free_swing,443,410,465,256,-60.565,171.870,0
3177,53.00295,free_swing,446,415,450,259,-58.486,178.531,0
3178,53.01963,free_swing,451,422,431,266,-55.418,-172.694,0
3179,53.03632,free_swing,457,430,414,279,-51.843,-164.105,0
3180,53.053,free_swing,464,438,398,297,-48.039,-154.916,0
3181,53.06968,free_swing,472,447,381,320,-43.738,-144.377,0
3182,53.08637,free_swing,481,456,364,350,-39.214,-132.176,0
3183,53.10305,free_swing,490,463,368,386,-35.166,-122.258,0
3184,53.11973,free_swing,499,468,363,428,-31.514,-106.390,0
3185,53.13642,free_swing,508,473,357,481,-27.842,-86.967,0
3186,53.1531,free_swing,513,476,372,533,-25.769,-67.989,0
3187,53.16978,free_swing,515,477,403,585,-24.974,-46.042,0
3188,53.18647,free_swing,515,477,456,616,-24.974,-22.999,0
3189,53.20315,free_swing,518,478,514,627,-23.854,-1.538,0
3190,53.21983,free_swing,526,482,569,628,-20.681,16.411,0
3191,53.23652,free_swing,541,486,615,612,-15.161,30.426,0
3192,53.2532,free_swing,560,491,660,604,-8.180,41.507,0
3193,53.26988,free_swing,584,493,701,594,0.354,49.198,0
3194,53.28657,free_swing,608,491,739,581,8.881,55.510,0
3195,53.30325,free_swing,632,485,767,565,17.650,59.349,0
3196,53.31993,free_swing,655,475,789,550,26.565,60.764,0
3197,53.33662,free_swing,673,465,809,535,33.887,62.765,0
3198,53.3533,free_swing,689,452,812,513,41.219,63.622,0
3199,53.36998,free_swing,699,442,833,505,46.262,64.819,0
3200,53.38667,free_swing,707,433,831,486,50.560,66.857,0
3201,53.40335,free_swing,712,426,837,472,53.631,69.796,0
3202,53.42003,free_swing,713,425,852,463,54.130,74.710,0
3203,53.43672,free_swing,711,427,850,449,53.130,81.006,0
3204,53.4534,free_swing,708,431,844,435,51.340,88.315,0
3205,53.47008,free_swing,703,437,847,427,48.545,93.972,0
3206,53.48677,free_swing,697,443,831,417,45.507,100.981,0
3207,53.50345,free_swing,690,449,835,415,42.201,103.196,0
3208,53.52013,free_swing,682,458,829,414,37.937,106.663,0
3209,53.53682,free_swing,671,465,822,417,33.294,107.634,0
3210,53.5535,free_swing,659,472,806,422,28.325,108.785,0
3211,53.57018,free_swing,644,480,797,430,22.264,108.097,0
3212,53.58687,free_swing,629,485,783,442,16.631,105.601,0
3213,53.60355,free_swing,611,489,769,457,10.049,101.449,0
3214,53.62023,free_swing,595,491,754,478,4.289,94.674,0
3215,53.63692,free_swing,577,491,735,499,-2.148,87.101,0
3216,53.6536,free_swing,561,490,710,526,-7.878,76.417,0
3217,53.67028,free_swing,546,487,679,555,-13.343,62.920,0
3218,53.68697,free_swing,532,485,642,576,-18.323,50.400,0
3219,53.70365,free_swing,522,480,605,605,-22.264,33.584,0
3220,53.72033,free_swing,515,477,555,623,-24.974,15.322,0
3221,53.73702,free_swing,513,476,500,627,-25.769,-4.921,0
3222,53.7537,free_swing,515,478,446,612,-24.825,-27.245,0
3223,53.77038,free_swing,519,479,403,580,-23.385,-48.954,0
3224,53.78707,free_swing,519,478,376,536,-23.527,-67.923,0
3225,53.80375,free_swing,516,477,360,491,-24.651,-84.872,0
3226,53.82043,free_swing,511,475,359,447,-26.565,-100.437,0
3227,53.83712,free_swing,506,472,366,406,-28.639,-115.241,0
3228,53.8538,free_swing,500,468,376,372,-31.209,-127.747,0
3229,53.87048,free_swing,497,466,394,345,-32.499,-139.594,0
3230,53.88717,free_swing,497,466,421,326,-32.499,-151.504,0
3231,53.90385,free_swing,499,467,448,317,-31.701,-161.222,0
3232,53.92053,free_swing,502,469,471,310,-30.411,-168.968,0
3233,53.93722,free_swing,507,472,500,311,-28.325,-177.510,0
3234,53.9539,free_swing,514,475,527,314,-25.602,175.384,0
3235,53.97058,free_swing,521,480,552,322,-22.593,168.899,0
3236,53.98727,free_swing,532,483,579,329,-18.548,163.028,0
3237,54.00395,free_swing,544,487,602,337,-14.036,158.860,0
3238,54.02063,free_swing,558,490,630,345,-8.936,153.593,0
3239,54.03732,free_swing,572,490,657,354,-3.958,147.995,0
3240,54.054,free_swing,587,491,680,373,1.432,141.757,0
3241,54.07068,free_swing,603,490,714,378,7.169,135.257,0
3242,54.08737,free_swing,617,487,745,392,12.295,126.582,0
3243,54.10405,free_swing,633,483,774,412,18.208,116.727,0
3244,54.12073,free_swing,650,478,802,435,24.503,105.796,0
3245,54.13742,free_swing,666,469,823,464,31.025,91.824,0
3246,54.1541,free_swing,685,456,825,493,39.214,75.196,0
3247,54.17078,free_swing,703,439,824,528,48.013,53.664,0
3248,54.18747,free_swing,717,422,794,541,55.819,32.905,0
3249,54.20415,free_swing,723,411,763,547,60.255,16.390,0
3250,54.22083,free_swing,726,406,736,554,62.324,3.865,0
3251,54.23752,free_swing,725,407,705,554,61.844,-7.748,0
3252,54.2542,free_swing,722,412,677,555,59.769,-17.468,0
3253,54.27088,free_swing,717,422,650,556,55.819,-26.565,0
3254,54.28757,free_swing,708,432,624,554,51.062,-34.548,0
3255,54.30425,free_swing,698,444,603,568,45.503,-37.457,0
3256,54.32093,free_swing,684,458,582,577,38.494,-40.601,0
3257,54.33762,free_swing,668,469,562,581,31.631,-43.423,0
3258,54.3543,free_swing,650,478,545,591,24.503,-42.898,0
3259,54.37098,free_swing,629,486,527,607,16.530,-40.130,0
3260,54.38767,free_swing,606,491,513,619,8.180,-36.001,0
3261,54.40435,free_swing,582,492,505,628,-0.356,-29.518,0
3262,54.42103,free_swing,555,489,500,639,-10.049,-20.136,0
3263,54.43772,free_swing,531,484,502,632,-18.771,-11.086,0
3264,54.4544,free_swing,510,474,501,625,-27.044,-3.411,0
3265,54.47108,free_swing,494,465,498,620,-33.591,1.478,0
3266,54.48777,free_swing,479,453,498,600,-40.446,7.365,0
3267,54.50445,free_swing,464,439,493,589,-47.774,10.942,0
3268,54.52113,free_swing,454,426,489,572,-53.631,13.481,0
3269,54.53782,free_swing,445,412,489,546,-59.589,18.178,0
3270,54.5545,free_swing,438,399,479,540,-64.875,16.213,0
3271,54.57118,free_swing,433,389,465,539,-68.860,12.043,0
3272,54.58787,free_swing,430,380,470,509,-72.242,17.227,0
3273,54.60455,free_swing,429,376,459,514,-73.711,12.265,0
3274,54.62123,free_swing,429,375,443,522,-74.055,5.440,0
3275,54.63792,free_swing,430,377,447,509,-73.266,7.339,0
3276,54.6546,free_swing,431,384,423,531,-70.777,-3.115,0
3277,54.67128,free_swing,435,393,406,544,-67.270,-10.871,0
3278,54.68797,free_swing,441,405,409,535,-62.475,-13.829,0
3279,54.70465,free_swing,449,419,389,549,-56.706,-24.775,0
3280,54.72133,free_swing,462,435,370,559,-49.321,-36.573,0
3281,54.73802,free_swing,478,452,371,550,-40.950,-47.514,0
3282,54.7547,free_swing,494,465,369,547,-33.591,-56.735,0
3283,54.77138,free_swing,512,476,374,543,-26.089,-64.103,0
3284,54.78807,free_swing,530,483,386,537,-19.223,-69.444,0
3285,54.80475,free_swing,547,488,399,535,-12.915,-72.382,0
3286,54.82143,free_swing,564,490,416,536,-6.814,-72.734,0
3287,54.83812,free_swing,582,492,435,539,-0.356,-72.269,0
3288,54.8548,free_swing,601,491,454,547,6.419,-69.146,0
3289,54.87148,free_swing,620,488,478,556,13.261,-64.411,0
3290,54.88817,free_swing,637,483,506,568,19.558,-57.022,0
3291,54.90485,free_swing,653,477,542,570,25.615,-50.042,0
3292,54.92153,free_swing,666,469,572,587,31.025,-38.541,0
3293,54.93822,free_swing,676,463,608,594,35.166,-27.433,0
3294,54.9549,free_swing,684,458,647,591,38.494,-15.546,0
3295,54.97158,free_swing,688,455,690,596,40.257,0.813,0
3296,54.98827,free_swing,685,456,730,581,39.214,19.799,0
3297,55.00495,free_swing,680,460,764,557,36.941,40.892,0
3298,55.02163,free_swing,674,464,806,541,34.380,59.744,0
3299,55.03832,free_swing,671,465,815,499,33.294,76.715,0
3300,55.055,free_swing,669,466,817,461,32.499,91.935,0
3301,55.07168,free_swing,670,466,821,429,32.800,103.768,0
3302,55.08837,free_swing,670,466,806,397,32.800,116.901,0
3303,55.10505,free_swing,669,465,793,371,32.692,127.164,0
3304,55.12173,free_swing,669,467,775,350,32.307,137.824,0
3305,55.13842,free_swing,667,468,749,336,31.514,148.151,0
3306,55.1551,free_swing,661,471,730,326,29.124,154.552,0
3307,55.17178,free_swing,653,477,706,321,25.615,161.235,0
3308,55.18847,free_swing,644,480,681,321,22.264,166.900,0
3309,55.20515,free_swing,632,484,657,324,17.758,171.119,0
3310,55.22183,free_swing,618,488,634,325,12.567,174.394,0
3311,55.23852,free_swing,603,491,612,327,7.125,176.859,0
3312,55.2552,free_swing,586,492,589,328,1.067,178.952,0
3313,55.27188,free_swing,569,491,569,328,-5.001,180.000,0
3314,55.28857,free_swing,552,489,549,328,-11.101,-178.933,0
3315,55.30525,free_swing,536,485,526,323,-16.972,-176.468,0
3316,55.32193,free_swing,520,479,504,318,-23.058,-174.325,0
3317,55.33862,free_swing,506,471,483,314,-28.811,-171.666,0
3318,55.3553,free_swing,493,464,462,309,-34.086,-168.690,0
3319,55.37198,free_swing,482,455,434,305,-39.163,-162.255,0
3320,55.38867,free_swing,473,447,414,305,-43.479,-157.437,0
3321,55.40535,free_swing,466,440,382,308,-47.027,-147.529,0
3322,55.42203,free_swing,460,435,368,319,-49.785,-141.582,0
3323,55.43872,free_swing,456,430,588,353,-52.063,120.256,0
3324,55.4554,free_swing,453,427,586,353,-53.556,119.091,0
3325,55.47208,free_swing,452,424,578,357,-54.628,118.002,0
3326,55.48877,free_swing,451,423,584,353,-55.125,117.759,0
3327,55.50545,free_swing,451,423,587,354,-55.125,116.901,0
3328,55.52213,free_swing,453,425,584,350,-54.130,119.792,0
3329,55.53882,free_swing,458,432,587,354,-51.062,121.159,0
3330,55.5555,free_swing,465,440,366,536,-47.270,-45.881,0
3331,55.57218,free_swing,473,448,385,569,-43.234,-36.027,0
3332,55.58887,free_swing,483,456,421,589,-38.660,-24.993,0
3333,55.60555,free_swing,496,466,454,613,-32.800,-15.945,0
3334,55.62223,free_swing,513,474,489,629,-26.082,-8.802,0
3335,55.63892,free_swing,530,482,526,637,-19.341,-1.478,0
3336,55.6556,free_swing,551,489,562,644,-11.449,4.059,0
3337,55.67228,free_swing,573,491,598,647,-3.576,9.105,0
3338,55.68897,free_swing,596,491,632,645,4.645,13.158,0
3339,55.70565,free_swing,618,489,664,639,12.490,17.049,0
3340,55.72233,free_swing,638,482,694,630,20.014,20.726,0
3341,55.73902,free_swing,661,472,720,612,28.951,22.852,0
3342,55.7557,free_swing,679,460,741,589,36.656,25.670,0
3343,55.77238,free_swing,695,448,765,575,43.749,28.863,0
3344,55.78907,free_swing,707,433,783,551,50.560,32.784,0
3345,55.80575,free_swing,715,421,801,528,55.713,38.790,0
3346,55.82243,free_swing,721,414,812,502,58.975,45.960,0
3347,55.83912,free_swing,723,409,836,483,60.876,56.781,0
3348,55.8558,free_swing,722,410,856,460,60.388,69.538,0
3349,55.87248,free_swing,720,415,854,430,58.486,83.613,0
3350,55.88917,free_swing,717,419,854,405,56.706,95.835,0
3351,55.90585,free_swing,713,424,852,382,54.421,106.813,0
3352,55.92253,free_swing,709,431,842,362,51.563,117.420,0
3353,55.93922,free_swing,703,437,823,346,48.545,127.174,0
3354,55.9559,free_swing,696,444,805,335,45.000,135.000,0
3355,55.97258,free_swing,687,452,782,328,40.679,142.543,0
3356,55.98927,free_swing,678,460,757,329,36.369,148.908,0
3357,56.00595,free_swing,666,468,740,326,31.209,152.475,0
3358,56.02263,free_swing,652,477,720,327,25.296,155.614,0
3359,56.03932,free_swing,635,483,696,334,18.886,157.736,0
3360,56.056,free_swing,617,489,680,337,12.144,157.487,0
3361,56.07268,free_swing,596,492,663,342,4.616,155.931,0
3362,56.08937,free_swing,574,491,648,347,-3.219,152.802,0
3363,56.10605,free_swing,551,489,637,350,-11.449,148.255,0
3364,56.12273,free_swing,529,483,629,354,-19.558,142.217,0
3365,56.13942,free_swing,509,474,621,358,-27.361,136.005,0
3366,56.1561,free_swing,490,462,617,363,-35.372,127.937,0
3367,56.17278,free_swing,473,448,613,370,-43.234,119.124,0
3368,56.18947,free_swing,458,433,610,380,-50.786,109.223,0
3369,56.20615,free_swing,447,418,605,393,-57.393,98.991,0
3370,56.22283,free_swing,440,404,599,408,-62.956,88.559,0
3371,56.23952,free_swing,436,395,591,422,-66.473,80.119,0
3372,56.2562,free_swing,435,394,586,439,-66.942,73.405,0
3373,56.27288,free_swing,437,398,582,458,-65.349,67.521,0
3374,56.28957,free_swing,439,403,577,475,-63.435,62.447,0
3375,56.30625,free_swing,443,411,570,505,-60.255,53.493,0
3376,56.32293,free_swing,449,420,563,529,-56.409,46.284,0
3377,56.33962,free_swing,456,430,552,551,-52.063,38.428,0
3378,56.3563,free_swing,467,443,540,577,-46.005,28.580,0
3379,56.37298,free_swing,482,456,524,606,-38.938,15.642,0
3380,56.38967,free_swing,502,470,506,623,-30.231,1.498,0
3381,56.40635,free_swing,529,483,484,630,-19.558,-17.021,0
3382,56.42303,free_swing,557,491,469,618,-9.230,-34.719,0
3383,56.43972,free_swing,580,492,465,596,-1.067,-47.875,0
3384,56.4564,free_swing,599,491,467,574,5.711,-57.839,0
3385,56.47308,free_swing,615,490,470,554,11.379,-66.184,0
3386,56.48977,free_swing,631,484,480,534,17.418,-71.679,0
3387,56.50645,free_swing,649,478,495,516,24.179,-76.139,0
3388,56.52313,free_swing,665,469,509,501,30.719,-78.408,0
3389,56.53982,free_swing,680,459,526,486,37.155,-80.056,0
3390,56.5565,free_swing,692,448,537,482,42.973,-77.628,0
3391,56.57318,free_swing,705,435,554,471,49.554,-76.590,0
3392,56.58987,free_swing,716,422,568,469,55.620,-72.382,0
3393,56.60655,free_swing,724,408,582,478,61.361,-63.759,0
3394,56.62323,free_swing,729,397,598,481,65.674,-57.331,0
3395,56.63992,free_swing,733,388,612,482,69.193,-52.158,0
3396,56.6566,free_swing,735,384,625,486,70.777,-47.161,0
3397,56.67328,free_swing,735,384,641,502,70.777,-38.541,0
3398,56.68997,free_swing,735,387,654,511,69.775,-33.154,0
3399,56.70665,free_swing,732,395,673,534,66.755,-22.999,0
3400,56.72333,free_swing,728,404,687,545,63.277,-16.213,0
3401,56.74002,free_swing,721,416,701,553,58.369,-8.306,0
3402,56.7567,free_swing,711,431,720,567,52.001,3.786,0
3403,56.77338,free_swing,694,449,741,577,43.249,20.163,0
3404,56.79007,free_swing,673,465,753,569,33.887,37.569,0
3405,56.80675,free_swing,650,479,768,569,24.356,52.667,0
3406,56.82343,free_swing,630,485,767,557,16.972,62.276,0
3407,56.84012,free_swing,610,489,753,540,9.697,70.372,0
3408,56.8568,free_swing,593,491,743,529,3.576,75.784,0
3409,56.87348,free_swing,576,491,732,520,-2.505,79.469,0
3410,56.89017,free_swing,559,489,715,513,-8.637,81.254,0
3411,56.90685,free_swing,542,486,694,510,-14.816,81.027,0
3412,56.92353,free_swing,525,480,680,512,-21.269,78.335,0
3413,56.94022,free_swing,508,473,660,515,-27.842,74.554,0
3414,56.9569,free_swing,493,465,640,524,-33.887,68.131,0
3415,56.97358,free_swing,480,454,615,531,-39.943,60.301,0
3416,56.99027,free_swing,469,444,588,538,-45.252,51.694,0
3417,57.00695,free_swing,460,435,559,549,-49.785,40.972,0
3418,57.02363,free_swing,454,428,526,560,-53.059,28.610,0
3419,57.04032,free_swing,452,424,496,557,-54.628,18.306,0
3420,57.057,free_swing,455,425,452,577,-53.707,-1.131,0
3421,57.07368,free_swing,459,433,417,573,-50.560,-16.699,0
3422,57.09037,free_swing,469,443,378,563,-45.507,-37.174,0
3423,57.10705,free_swing,482,456,359,535,-38.938,-57.288,0
3424,57.12373,free_swing,493,465,362,501,-33.887,-74.634,0
3425,57.14042,free_swing,502,470,358,468,-30.231,-90.796,0
3426,57.1571,free_swing,510,474,356,441,-27.044,-102.095,0
3427,57.17378,free_swing,516,478,372,413,-24.503,-114.294,0
3428,57.19047,free_swing,524,481,391,391,-21.471,-124.086,0
3429,57.20715,free_swing,531,483,413,373,-18.886,-132.990,0
3430,57.22383,free_swing,542,487,439,362,-14.725,-140.511,0
3431,57.24052,free_swing,556,488,466,354,-9.758,-146.113,0
3432,57.2572,free_swing,570,492,488,350,-4.616,-149.995,0
3433,57.27388,free_swing,585,491,511,345,0.716,-153.122,0
3434,57.29057,free_swing,602,490,532,342,6.814,-154.687,0
3435,57.30725,free_swing,619,487,552,341,12.995,-155.349,0
3436,57.32393,free_swing,636,483,569,335,19.223,-155.644,0
3437,57.34062,free_swing,654,476,584,332,26.089,-154.075,0
3438,57.3573,free_swing,669,467,598,330,32.307,-152.605,0
3439,57.37398,free_swing,684,456,607,318,38.938,-150.840,0
3440,57.39067,free_swing,696,444,614,308,45.000,-148.912,0
3441,57.40735,free_swing,707,431,620,298,51.116,-146.810,0
3442,57.42403,free_swing,716,420,627,287,56.211,-146.211,0
3443,57.44072,free_swing,722,411,633,278,60.078,-146.211,0
3444,57.4574,free_swing,726,403,640,268,63.275,-147.501,0
3445,57.47408,free_swing,727,400,649,259,64.398,-151.049,0
3446,57.49077,free_swing,727,401,656,260,64.075,-153.273,0
3447,57.50745,free_swing,725,405,664,261,62.475,-157.042,0
3448,57.52413,free_swing,721,413,674,264,59.281,-162.493,0
3449,57.54082,free_swing,715,422,690,265,55.418,-170.952,0
3450,57.5575,free_swing,707,431,699,275,51.116,-177.064,0
3451,57.57418,free_swing,699,441,715,286,46.521,174.106,0
3452,57.59087,free_swing,688,452,728,304,40.950,164.876,0
3453,57.60755,free_swing,675,462,747,322,35.080,152.784,0
3454,57.62423,free_swing,662,471,767,350,29.435,139.050,0
3455,57.64092,free_swing,647,479,778,387,23.385,125.080,0
3456,57.6576,free_swing,632,484,784,432,17.758,108.886,0
3457,57.67428,free_swing,621,488,780,483,13.606,91.801,0
3458,57.69097,free_swing,614,488,758,537,11.170,71.208,0
3459,57.70765,free_swing,610,490,725,590,9.638,48.991,0
3460,57.72433,free_swing,614,490,674,628,11.032,23.499,0
3461,57.74102,free_swing,618,489,612,647,12.490,-2.175,0
3462,57.7577,free_swing,614,489,552,635,11.101,-23.009,0
3463,57.77438,free_swing,602,490,501,614,6.814,-39.163,0
3464,57.79107,free_swing,585,492,458,587,0.712,-53.202,0
3465,57.80775,free_swing,564,491,422,560,-6.772,-64.084,0
3466,57.82443,free_swing,542,487,393,533,-14.725,-72.843,0
3467,57.84112,free_swing,522,480,371,507,-22.264,-79.862,0
3468,57.8578,free_swing,503,471,366,479,-29.745,-86.658,0
3469,57.87448,free_swing,488,461,586,349,-36.158,138.814,0
3470,57.89117,free_swing,475,450,589,350,-42.226,131.257,0
3471,57.90785,free_swing,466,442,587,351,-46.507,126.946,0
3472,57.92453,free_swing,463,439,582,350,-48.013,126.793,0
3473,57.94122,free_swing,464,440,581,349,-47.511,127.875,0
3474,57.9579,free_swing,467,442,585,353,-46.262,127.025,0
3475,57.97458,free_swing,470,446,590,350,-44.497,128.660,0
3476,57.99127,free_swing,475,450,582,348,-42.226,133.630,0
3477,58.00795,free_swing,481,456,585,352,-39.214,135.000,0
3478,58.02463,free_swing,490,462,375,389,-35.372,-122.407,0
3479,58.04132,free_swing,500,468,361,398,-31.209,-116.730,0
3480,58.058,free_swing,511,475,366,408,-26.565,-114.800,0
3481,58.07468,free_swing,524,480,377,420,-21.602,-112.203,0
3482,58.09137,free_swing,538,485,389,436,-16.289,-108.204,0
3483,58.10805,free_swing,554,489,398,458,-10.401,-101.239,0
3484,58.12473,free_swing,569,490,410,483,-5.032,-92.521,0
3485,58.14142,free_swing,585,491,428,512,0.716,-82.381,0
3486,58.1581,free_swing,600,490,451,544,6.103,-70.079,0
3487,58.17478,free_swing,614,490,482,576,11.032,-56.915,0
3488,58.19147,free_swing,625,487,525,600,15.068,-41.507,0
3489,58.20815,free_swing,634,485,570,626,18.323,-24.413,0
3490,58.22483,free_swing,640,482,623,640,20.681,-6.141,0
3491,58.24152,free_swing,641,481,679,632,21.140,14.125,0
3492,58.2582,free_swing,641,481,729,608,21.140,34.719,0
3493,58.27488,free_swing,642,481,767,571,21.471,54.246,0
3494,58.29157,free_swing,646,479,793,529,23.058,71.215,0
3495,58.30825,free_swing,651,477,808,486,24.974,86.719,0
3496,58.32493,free_swing,658,474,813,445,27.676,100.597,0
3497,58.34162,free_swing,665,469,807,407,30.719,113.587,0
3498,58.3583,free_swing,672,466,799,375,33.395,125.623,0
3499,58.37498,free_swing,676,463,782,349,35.166,137.083,0
3500,58.39167,free_swing,676,462,754,333,35.372,148.841,0
3501,58.40835,free_swing,674,463,740,320,34.582,155.225,0
3502,58.42503,free_swing,671,466,715,313,33.098,163.956,0
3503,58.44172,free_swing,667,468,695,313,31.514,169.760,0
3504,58.4584,free_swing,660,472,675,312,28.639,174.644,0
3505,58.47508,free_swing,652,476,653,313,25.448,179.648,0
3506,58.49177,free_swing,640,481,631,323,20.807,-176.740,0
3507,58.50845,free_swing,627,485,611,324,15.945,-174.325,0
3508,58.52513,free_swing,612,489,590,327,10.401,-172.266,0
3509,58.54182,free_swing,596,491,571,332,4.645,-171.064,0
3510,58.5585,free_swing,579,491,549,333,-1.432,-169.249,0
3511,58.57518,free_swing,563,490,527,332,-7.169,-167.164,0
3512,58.59187,free_swing,546,487,504,332,-13.343,-164.839,0
3513,58.60855,free_swing,530,483,479,331,-19.223,-161.452,0
3514,58.62523,free_swing,517,477,453,330,-24.326,-156.473,0
3515,58.64192,free_swing,503,470,427,331,-29.922,-151.332,0
3516,58.6586,free_swing,491,463,399,335,-34.875,-144.293,0
3517,58.67528,free_swing,481,455,374,344,-39.440,-136.051,0
3518,58.69197,free_swing,473,448,430,353,-43.234,-155.647,0
3519,58.70865,free_swing,465,441,583,349,-47.010,127.942,0
3520,58.72533,free_swing,459,435,587,349,-50.013,123.896,0
3521,58.74202,free_swing,454,429,582,347,-52.776,122.645,0
3522,58.7587,free_swing,451,423,587,355,-55.125,116.565,0
3523,58.77538,free_swing,449,420,586,350,-56.409,117.065,0
3524,58.79207,free_swing,450,421,586,348,-55.914,118.225,0
3525,58.80875,free_swing,452,423,368,546,-54.920,-34.330,0
3526,58.82543,free_swing,456,428,398,563,-52.628,-23.250,0
3527,58.84212,free_swing,462,436,426,580,-49.050,-14.036,0
3528,58.8588,free_swing,471,446,452,600,-44.243,-7.033,0
3529,58.87548,free_swing,483,457,483,609,-38.437,0.000,0
3530,58.89217,free_swing,497,467,511,619,-32.307,5.262,0
3531,58.90885,free_swing,515,476,537,631,-25.125,8.078,0
3532,58.92553,free_swing,537,485,561,640,-16.631,8.802,0
3533,58.94222,free_swing,560,490,585,647,-8.231,9.048,0
3534,58.9589,free_swing,583,491,607,647,0.000,8.746,0
3535,58.97558,free_swing,607,491,628,647,8.531,7.667,0
3536,58.99227,free_swing,629,485,648,642,16.631,6.900,0
3537,59.00895,free_swing,648,479,668,630,23.711,7.545,0
3538,59.02563,free_swing,663,471,690,623,29.745,10.072,0
3539,59.04232,free_swing,680,460,699,588,36.941,8.443,0
3540,59.059,free_swing,692,451,721,583,42.250,12.391,0
3541,59.07568,free_swing,701,442,738,567,46.751,16.489,0
3542,59.09237,free_swing,707,433,753,550,50.560,21.463,0
3543,59.10905,free_swing,711,428,775,540,52.845,29.745,0
3544,59.12573,free_swing,710,428,794,527,52.628,40.314,0
3545,59.14242,free_swing,708,431,818,515,51.340,52.633,0
3546,59.1591,free_swing,704,438,825,492,48.514,65.950,0
3547,59.17578,free_swing,697,444,832,472,45.252,78.283,0
3548,59.19247,free_swing,690,450,835,454,41.961,88.420,0
3549,59.20915,free_swing,681,458,833,437,37.656,97.866,0
3550,59.22583,free_swing,672,466,819,420,33.395,107.376,0
3551,59.24252,free_swing,661,471,805,409,29.124,113.295,0
3552,59.2592,free_swing,649,478,790,400,24.179,118.951,0
3553,59.27588,free_swing,636,483,771,395,19.223,123.098,0
3554,59.29257,free_swing,620,488,753,393,13.261,125.538,0
3555,59.30925,free_swing,603,491,735,394,7.125,126.310,0
3556,59.32593,free_swing,585,492,719,398,0.712,125.049,0
3557,59.34262,free_swing,567,491,703,405,-5.711,122.307,0
3558,59.3593,free_swing,547,488,692,414,-12.915,117.037,0
3559,59.37598,free_swing,528,483,679,427,-19.892,110.348,0
3560,59.39267,free_swing,511,475,667,442,-26.565,101.944,0
3561,59.40935,free_swing,494,465,654,464,-33.591,90.358,0
3562,59.42603,free_swing,482,455,636,488,-39.163,77.905,0
3563,59.44272,free_swing,470,445,611,508,-44.748,65.925,0
3564,59.4594,free_swing,462,438,580,534,-48.514,50.870,0
3565,59.47608,free_swing,457,433,549,553,-51.009,37.476,0
3566,59.49277,free_swing,456,431,509,569,-51.783,21.010,0
3567,59.50945,free_swing,460,435,462,593,-49.785,0.725,0
3568,59.52613,free_swing,469,444,419,590,-45.252,-18.905,0
3569,59.54282,free_swing,481,455,387,564,-39.440,-40.774,0
3570,59.5595,free_swing,493,466,359,540,-33.690,-61.091,0
3571,59.57618,free_swing,503,471,364,496,-29.745,-79.804,0
3572,59.59287,free_swing,510,474,361,464,-27.044,-93.840,0
3573,59.60955,free_swing,516,477,366,432,-24.651,-106.699,0
3574,59.62623,free_swing,519,479,381,403,-23.385,-118.843,0
3575,59.64292,free_swing,526,482,402,380,-20.681,-129.440,0
3576,59.6596,free_swing,536,485,428,364,-16.972,-138.249,0
3577,59.67628,free_swing,546,487,458,352,-13.343,-146.902,0
3578,59.69297,free_swing,557,489,486,345,-9.345,-153.754,0
3579,59.70965,free_swing,570,491,511,339,-4.645,-158.786,0
3580,59.72633,free_swing,584,492,537,335,0.356,-163.334,0
3581,59.74302,free_swing,600,491,563,335,6.065,-166.657,0
3582,59.7597,free_swing,615,488,587,329,11.520,-170.013,0
3583,59.77638,free_swing,632,484,610,324,17.758,-172.171,0
3584,59.79307,free_swing,647,479,632,318,23.385,-174.677,0
3585,59.80975,free_swing,661,471,654,317,29.124,-177.397,0
3586,59.82643,free_swing,674,463,675,304,34.582,179.640,0
3587,59.84312,free_swing,686,454,695,299,39.943,176.677,0
3588,59.8598,free_swing,697,445,716,291,45.000,172.967,0
3589,59.87648,free_swing,705,434,741,285,49.827,166.417,0
3590,59.89317,free_swing,713,425,758,285,54.130,162.181,0
3591,59.90985,free_swing,718,417,788,284,57.501,152.241,0
3592,59.92653,free_swing,723,409,802,293,60.876,145.744,0
3593,59.94322,free_swing,725,405,825,305,62.475,135.000,0
3594,59.9599,free_swing,726,402,845,323,63.595,123.579,0
3595,59.97658,free_swing,728,401,856,346,64.231,113.253,0
3596,59.99327,free_swing,726,403,861,372,63.275,102.933,0
3597,60.00995,free_swing,724,406,872,405,61.991,90.387,0
3598,60.02663,free_swing,722,412,847,432,59.769,80.910,0
3599,60.04332,free_swing,718,418,846,469,57.200,68.276,0
3600,60.06,free_swing,711,427,827,501,53.130,57.465,0
3601,60.07668,free_swing,704,438,795,525,48.514,46.287,0
3602,60.09337,free_swing,693,448,770,555,43.234,35.740,0
3603,60.11005,free_swing,682,459,744,587,37.720,25.844,0
3604,60.12673,free_swing,667,470,711,616,31.145,16.771,0
3605,60.14342,free_swing,649,479,672,633,24.034,8.494,0
3606,60.1601,free_swing,627,487,632,645,15.751,1.813,0
3607,60.17678,free_swing,603,491,592,649,7.125,-3.983,0
3608,60.19347,free_swing,579,493,552,647,-1.414,-9.944,0
3609,60.21015,free_swing,556,491,514,643,-9.578,-15.446,0
3610,60.22683,free_swing,534,484,478,628,-17.758,-21.251,0
3611,60.24352,free_swing,515,477,448,606,-24.974,-27.446,0
3612,60.2602,free_swing,497,467,414,595,-32.307,-32.961,0
3613,60.27688,free_swing,481,455,388,572,-39.440,-38.480,0
3614,60.29357,free_swing,467,441,369,544,-46.521,-43.575,0
3615,60.31025,free_swing,456,430,587,350,-52.063,121.412,0
3616,60.32693,free_swing,449,420,585,349,-56.409,117.567,0
3617,60.34362,free_swing,445,413,587,355,-59.281,112.218,0
3618,60.3603,free_swing,443,410,587,358,-60.565,109.855,0
3619,60.37698,free_swing,442,410,586,352,-60.739,111.938,0
3620,60.39367,free_swing,444,412,587,353,-59.769,112.420,0
3621,60.41035,free_swing,446,415,587,356,-58.486,112.706,0
3622,60.42703,free_swing,448,419,587,351,-56.902,116.068,0
3623,60.44372,free_swing,451,423,587,352,-55.125,117.567,0
3624,60.4604,free_swing,456,429,366,314,-52.344,-141.953,0
3625,60.47708,free_swing,462,436,374,307,-49.050,-145.699,0
3626,60.49377,free_swing,469,444,395,305,-45.252,-151.970,0
3627,60.51045,free_swing,479,453,416,306,-40.446,-156.801,0
3628,60.52713,free_swing,490,462,437,310,-35.372,-160.777,0
3629,60.54382,free_swing,504,471,458,317,-29.435,-163.369,0
3630,60.5605,free_swing,521,480,471,323,-22.593,-162.335,0
3631,60.57718,free_swing,540,486,488,330,-15.505,-161.565,0
3632,60.59387,free_swing,561,490,501,337,-7.878,-158.587,0
3633,60.61055,free_swing,584,492,511,344,0.356,-153.745,0
3634,60.62723,free_swing,607,490,520,351,8.584,-147.958,0
3635,60.64392,free_swing,631,484,526,358,17.418,-140.194,0
3636,60.6606,free_swing,652,476,530,367,25.448,-131.779,0
3637,60.67728,free_swing,672,465,535,378,33.591,-122.417,0
3638,60.69397,free_swing,690,450,542,393,41.961,-111.063,0
3639,60.71065,free_swing,704,435,546,411,49.321,-98.637,0
3640,60.72733,free_swing,715,422,560,428,55.418,-87.783,0
3641,60.74402,free_swing,721,411,569,453,59.899,-74.554,0
3642,60.7607,free_swing,725,406,584,471,62.158,-65.251,0
3643,60.77738,free_swing,725,407,599,501,61.844,-53.276,0
3644,60.79407,free_swing,723,410,615,520,60.565,-44.474,0
3645,60.81075,free_swing,719,418,637,551,57.393,-31.656,0
3646,60.82743,free_swing,712,429,658,570,52.776,-20.956,0
3647,60.84412,free_swing,701,442,680,584,46.751,-8.412,0
3648,60.8608,free_swing,685,457,710,601,38.991,9.849,0
3649,60.87748,free_swing,659,474,738,603,27.989,31.483,0
3650,60.89417,free_swing,636,483,747,581,19.223,48.559,0
3651,60.91085,free_swing,616,488,752,562,11.870,61.449,0
3652,60.92753,free_swing,598,491,748,538,5.356,72.602,0
3653,60.94422,free_swing,583,492,738,516,0.000,81.198,0
3654,60.9609,free_swing,568,491,728,497,-5.356,87.852,0
3655,60.97758,free_swing,554,489,713,480,-10.401,93.240,0
3656,60.99427,free_swing,540,486,698,468,-15.505,96.499,0
3657,61.01095,free_swing,524,481,684,461,-21.471,97.125,0
3658,61.02763,free_swing,510,474,667,453,-27.044,97.619,0
3659,61.04432,free_swing,495,465,653,451,-33.294,95.064,0
3660,61.061,free_swing,481,455,641,455,-39.440,90.000,0
3661,61.07768,free_swing,469,444,627,459,-45.252,84.577,0
3662,61.09437,free_swing,458,432,612,464,-51.062,78.261,0
3663,61.11105,free_swing,449,421,597,478,-56.113,68.937,0
3664,61.12773,free_swing,443,411,579,488,-60.255,60.482,0
3665,61.14442,free_swing,439,403,562,489,-63.435,55.039,0
3666,61.1611,free_swing,437,401,543,510,-64.385,44.201,0
3667,61.17778,free_swing,439,402,524,525,-63.754,34.647,0
3668,61.19447,free_swing,441,408,503,543,-61.531,24.667,0
3669,61.21115,free_swing,447,416,482,557,-57.995,13.941,0
3670,61.22783,free_swing,456,429,449,586,-52.344,-2.553,0
3671,61.24452,free_swing,469,444,430,582,-45.252,-15.781,0
3672,61.2612,free_swing,488,460,398,589,-36.369,-34.902,0
3673,61.27788,free_swing,508,474,388,569,-27.676,-51.633,0
3674,61.29457,free_swing,526,481,389,545,-20.807,-64.960,0
3675,61.31125,free_swing,542,486,390,529,-14.816,-74.204,0
3676,61.32793,free_swing,558,490,404,507,-8.936,-83.701,0
3677,61.34462,free_swing,572,491,413,493,-3.933,-89.279,0
3678,61.3613,free_swing,587,491,427,482,1.432,-93.219,0
3679,61.37798,free_swing,602,490,444,472,6.814,-96.499,0
3680,61.39467,free_swing,618,487,460,465,12.645,-97.927,0
3681,61.41135,free_swing,635,482,476,464,19.002,-96.459,0
3682,61.42803,free_swing,653,475,492,466,25.925,-93.200,0
3683,61.44472,free_swing,669,467,511,470,32.307,-88.912,0
3684,61.4614,free_swing,684,456,528,477,38.938,-82.333,0
3685,61.47808,free_swing,696,444,548,481,45.000,-75.964,0
3686,61.49477,free_swing,708,432,569,498,51.062,-64.601,0
3687,61.51145,free_swing,717,421,596,515,56.113,-52.158,0
3688,61.52813,free_swing,723,412,623,525,59.948,-41.507,0
3689,61.54482,free_swing,726,405,653,530,62.639,-30.285,0
3690,61.5615,free_swing,725,406,689,547,62.158,-14.323,0
3691,61.57818,free_swing,723,411,717,544,60.255,-2.583,0
3692,61.59487,free_swing,717,421,748,540,56.113,14.601,0
3693,61.61155,free_swing,705,436,788,539,49.283,38.863,0
3694,61.62823,free_swing,690,451,806,515,41.722,61.113,0
3695,61.64492,free_swing,678,460,814,490,36.369,77.560,0
3696,61.6616,free_swing,668,468,820,469,31.817,89.623,0
3697,61.67828,free_swing,658,473,812,444,27.842,100.665,0
3698,61.69497,free_swing,648,478,793,422,23.854,111.117,0
3699,61.71165,free_swing,638,481,779,404,20.136,118.639,0
3700,61.72833,free_swing,626,486,757,390,15.505,126.235,0
3701,61.74502,free_swing,613,489,733,380,10.751,132.250,0
3702,61.7617,free_swing,597,491,711,374,5.001,135.744,0
3703,61.77838,free_swing,580,492,688,370,-1.067,138.483,0
3704,61.79507,free_swing,562,491,669,368,-7.477,138.979,0
3705,61.81175,free_swing,543,487,652,367,-14.381,137.750,0
3706,61.82843,free_swing,526,482,639,366,-20.681,135.751,0
3707,61.84512,free_swing,508,473,627,365,-27.842,132.226,0
3708,61.8618,free_swing,490,463,620,367,-35.166,126.444,0
3709,61.87848,free_swing,475,450,614,369,-42.226,120.231,0
3710,61.89517,free_swing,461,437,610,374,-49.014,112.920,0
3711,61.91185,free_swing,450,423,606,382,-55.327,104.725,0
3712,61.92853,free_swing,441,408,600,391,-61.531,96.103,0
3713,61.94522,free_swing,435,394,594,405,-66.942,86.042,0
3714,61.9619,free_swing,432,385,586,420,-70.322,77.196,0
3715,61.97858,free_swing,430,378,578,436,-72.924,68.600,0
3716,61.99527,free_swing,430,377,569,452,-73.266,61.650,0
3717,62.01195,free_swing,430,381,562,467,-71.903,56.915,0
3718,62.02863,free_swing,433,388,553,487,-69.193,50.477,0
3719,62.04532,free_swing,437,397,544,509,-65.674,43.692,0
3720,62.062,free_swing,442,408,533,535,-61.361,35.623,0
3721,62.07868,free_swing,450,422,523,555,-55.620,28.761,0
3722,62.09537,free_swing,462,436,508,580,-49.050,17.716,0
3723,62.11205,free_swing,479,453,488,604,-40.446,3.411,0
3724,62.12873,free_swing,501,471,466,619,-30.358,-13.305,0
3725,62.14542,free_swing,530,484,451,611,-19.106,-31.884,0
3726,62.1621,free_swing,555,490,448,593,-9.987,-46.091,0
3727,62.17878,free_swing,576,492,445,577,-2.490,-57.022,0
3728,62.19547,free_swing,595,491,456,555,4.289,-65.277,0
3729,62.21215,free_swing,612,489,464,540,10.401,-70.986,0
3730,62.22883,free_swing,628,486,475,526,16.189,-75.349,0
3731,62.24552,free_swing,644,480,491,513,22.264,-77.829,0
3732,62.2622,free_swing,662,472,508,505,29.261,-77.905,0
3733,62.27888,free_swing,678,461,524,500,36.158,-75.789,0
3734,62.29557,free_swing,692,449,543,491,42.730,-74.258,0
3735,62.31225,free_swing,704,436,561,491,49.050,-68.962,0
3736,62.32893,free_swing,715,423,580,496,55.125,-61.598,0
3737,62.34562,free_swing,724,409,601,501,61.049,-53.205,0
3738,62.3623,free_swing,729,400,623,508,64.704,-44.465,0
3739,62.37898,free_swing,732,393,646,518,67.407,-34.528,0
3740,62.39567,free_swing,732,391,670,525,68.066,-24.829,0
3741,62.41235,free_swing,731,394,696,539,66.942,-13.570,0
3742,62.42903,free_swing,728,402,725,552,63.911,-1.146,0
3743,62.44572,free_swing,723,413,745,547,59.642,9.324,0
3744,62.4624,free_swing,712,427,771,550,53.344,25.626,0
3745,62.47908,free_swing,697,446,794,542,44.750,45.297,0
3746,62.49577,free_swing,680,460,798,521,36.941,62.663,0
3747,62.51245,free_swing,663,469,812,512,30.101,73.902,0
3748,62.52913,free_swing,648,478,804,493,23.854,84.508,0
3749,62.54582,free_swing,633,484,793,477,18.097,92.505,0
3750,62.5625,free_swing,618,488,777,463,12.567,98.936,0
3751,62.57918,free_swing,604,490,759,453,7.524,103.426,0
3752,62.59587,free_swing,587,491,742,447,1.432,105.848,0
3753,62.61255,free_swing,569,491,723,444,-5.001,106.972,0
3754,62.62923,free_swing,550,489,704,445,-11.797,105.945,0
3755,62.64592,free_swing,531,484,687,449,-18.771,102.645,0
3756,62.6626,free_swing,513,476,672,458,-25.769,96.459,0
3757,62.67928,free_swing,497,467,656,468,-32.307,89.640,0
3758,62.69597,free_swing,482,456,638,481,-38.938,80.895,0
3759,62.71265,free_swing,470,445,616,498,-44.748,70.048,0
3760,62.72933,free_swing,460,434,591,518,-50.057,57.331,0
3761,62.74602,free_swing,453,425,559,535,-54.130,43.939,0
3762,62.7627,free_swing,448,420,526,553,-56.605,30.390,0
3763,62.77938,free_swing,449,418,489,563,-57.006,15.422,0
3764,62.79607,free_swing,451,422,457,560,-55.418,2.490,0
3765,62.81275,free_swing,458,431,412,567,-51.340,-18.687,0
3766,62.82943,free_swing,469,445,373,556,-45.000,-40.855,0
3767,62.84612,free_swing,483,457,393,497,-38.437,-66.038,0
3768,62.8628,free_swing,494,466,541,386,-33.395,149.566,0
3769,62.87948,free_swing,503,471,357,459,-29.745,-94.699,0
3770,62.89617,free_swing,510,474,363,429,-27.044,-107.021,0
3771,62.91285,free_swing,517,477,376,404,-24.326,-117.372,0
3772,62.92953,free_swing,524,481,398,383,-21.471,-127.875,0
3773,62.94622,free_swing,533,484,424,366,-18.097,-137.270,0
3774,62.9629,free_swing,546,487,450,356,-13.343,-143.765,0
3775,62.97958,free_swing,560,489,476,349,-8.282,-149.036,0
3776,62.99627,free_swing,573,491,502,345,-3.576,-154.066,0
3777,63.01295,free_swing,590,491,525,341,2.505,-156.571,0
3778,63.02963,free_swing,607,490,548,337,8.584,-158.912,0
3779,63.04632,free_swing,624,486,570,336,14.816,-160.201,0
3780,63.063,free_swing,641,481,586,330,21.140,-159.986,0
3781,63.07968,free_swing,656,474,604,324,27.044,-160.880,0
3782,63.09637,free_swing,673,464,619,317,34.086,-159.829,0
3783,63.11305,free_swing,686,454,631,306,39.943,-159.614,0
3784,63.12973,free_swing,698,443,642,294,45.757,-159.402,0
3785,63.14642,free_swing,708,431,656,282,51.340,-160.761,0
3786,63.1631,free_swing,715,421,665,272,55.713,-161.450,0
3787,63.17978,free_swing,721,411,682,259,59.899,-165.610,0
3788,63.19647,free_swing,725,406,695,251,62.158,-169.046,0
3789,63.21315,free_swing,726,403,711,247,63.275,-174.508,0
3790,63.22983,free_swing,726,403,724,249,63.275,-179.256,0
3791,63.24652,free_swing,724,407,737,255,61.675,175.112,0
3792,63.2632,free_swing,722,412,752,264,59.769,168.541,0
3793,63.27988,free_swing,717,419,772,277,56.706,158.827,0
3794,63.29657,free_swing,712,427,784,297,53.344,151.020,0
3795,63.31325,free_swing,704,436,799,321,49.050,140.440,0
3796,63.32993,free_swing,696,443,816,350,45.255,127.776,0
3797,63.34662,free_swing,688,452,820,387,40.950,116.217,0
3798,63.3633,free_swing,679,460,829,433,36.656,100.204,0
3799,63.37998,free_swing,671,466,826,484,33.098,83.376,0
3800,63.39667,free_swing,664,470,799,532,30.231,65.333,0
3801,63.41335,free_swing,658,474,760,576,27.676,45.000,0
3802,63.43003,free_swing,655,476,713,613,26.407,22.946,0
3803,63.44672,free_swing,648,479,655,629,23.711,2.672,0
3804,63.4634,free_swing,635,484,598,636,18.771,-13.681,0
3805,63.48008,free_swing,618,489,545,629,12.490,-27.539,0
3806,63.49677,free_swing,596,491,499,613,4.645,-38.488,0
3807,63.51345,free_swing,572,492,459,599,-3.909,-46.562,0
3808,63.53013,free_swing,547,488,420,585,-12.915,-52.628,0
3809,63.54682,free_swing,523,481,391,566,-21.801,-57.221,0
3810,63.5635,free_swing,500,469,366,548,-31.025,-59.478,0
3811,63.58018,free_swing,482,457,370,517,-38.715,-61.821,0
3812,63.59687,free_swing,468,444,586,355,-45.503,127.025,0
3813,63.61355,free_swing,458,431,587,354,-51.340,120.833,0
3814,63.63023,free_swing,452,423,587,343,-54.920,120.651,0
3815,63.64692,free_swing,451,423,587,352,-55.125,117.567,0
3816,63.6636,free_swing,453,425,585,352,-54.130,118.944,0
3817,63.68028,free_swing,455,429,587,353,-52.561,119.932,0
3818,63.69697,free_swing,459,434,587,353,-50.285,122.326,0
3819,63.71365,free_swing,464,439,587,355,-47.774,124.330,0
3820,63.73033,free_swing,470,446,587,353,-44.497,128.480,0
3821,63.74702,free_swing,477,452,429,361,-41.219,-152.190,0
3822,63.7637,free_swing,487,460,360,365,-36.656,-126.798,0
3823,63.78038,free_swing,498,467,376,366,-32.005,-129.620,0
3824,63.79707,free_swing,511,475,391,370,-26.565,-131.186,0
3825,63.81375,free_swing,526,481,403,377,-20.807,-130.215,0
3826,63.83043,free_swing,543,486,414,388,-14.470,-127.224,0
3827,63.84712,free_swing,560,490,426,401,-8.231,-123.591,0
3828,63.8638,free_swing,580,491,436,418,-1.074,-116.882,0
3829,63.88048,free_swing,599,490,446,439,5.746,-108.435,0
3830,63.89717,free_swing,617,487,459,465,12.295,-97.927,0
3831,63.91385,free_swing,635,482,476,494,19.002,-85.684,0
3832,63.93053,free_swing,650,477,502,528,24.651,-70.986,0
3833,63.94722,free_swing,663,471,538,557,29.745,-55.472,0
3834,63.9639,free_swing,674,465,581,582,34.181,-38.480,0
3835,63.98058,free_swing,680,462,629,604,36.518,-19.756,0
3836,63.99727,free_swing,677,463,682,605,35.455,2.017,0
3837,64.01395,free_swing,670,467,737,595,32.607,27.629,0
3838,64.03063,free_swing,661,473,781,568,28.780,51.633,0
3839,64.04732,free_swing,656,474,800,520,27.044,72.284,0
3840,64.064,free_swing,655,474,802,472,26.725,90.779,0
3841,64.08068,free_swing,658,473,807,429,27.842,106.452,0
3842,64.09737,free_swing,661,472,789,389,28.951,122.961,0
3843,64.11405,free_swing,665,469,771,358,30.719,136.320,0
3844,64.13073,free_swing,669,466,746,331,32.499,150.301,0
3845,64.14742,free_swing,671,465,717,318,33.294,162.624,0
3846,64.1641,free_swing,669,466,690,311,32.499,172.284,0
3847,64.18078,free_swing,664,469,662,309,30.411,-179.284,0
3848,64.19747,free_swing,658,473,633,322,27.842,-170.599,0
3849,64.21415,free_swing,650,477,604,325,24.651,-163.163,0
3850,64.23083,free_swing,640,481,575,332,20.807,-156.431,0
3851,64.24752,free_swing,629,485,545,347,16.631,-148.671,0
3852,64.2642,free_swing,615,489,515,361,11.449,-142.001,0
3853,64.28088,free_swing,601,490,484,378,6.459,-133.749,0
3854,64.29757,free_swing,586,491,454,398,1.074,-125.166,0
3855,64.31425,free_swing,568,492,424,422,-5.323,-115.925,0
3856,64.33093,free_swing,551,488,398,450,-11.520,-103.948,0
3857,64.34762,free_swing,532,484,377,482,-18.435,-90.739,0
3858,64.3643,free_swing,512,476,363,519,-26.089,-73.902,0
3859,64.38098,free_swing,490,463,369,554,-35.166,-53.054,0
3860,64.39767,free_swing,469,444,402,567,-45.252,-28.578,0
3861,64.41435,free_swing,456,430,429,575,-52.063,-10.548,0
3862,64.43103,free_swing,449,420,463,566,-56.409,5.477,0
3863,64.44772,free_swing,447,415,497,551,-58.299,20.186,0
3864,64.4644,free_swing,447,416,522,548,-57.995,29.604,0
3865,64.48108,free_swing,449,422,548,543,-55.819,39.289,0
3866,64.49777,free_swing,455,429,574,524,-52.561,51.399,0
3867,64.51445,free_swing,464,439,595,522,-47.774,57.642,0
3868,64.53113,free_swing,475,451,618,518,-41.987,64.895,0
3869,64.54782,free_swing,488,460,636,511,-36.369,70.986,0
3870,64.5645,free_swing,503,470,655,511,-29.922,74.904,0
3871,64.58118,free_swing,520,479,674,513,-23.058,77.550,0
3872,64.59787,free_swing,538,485,692,519,-16.289,77.550,0
3873,64.61455,free_swing,557,489,707,527,-9.345,75.784,0
3874,64.63123,free_swing,578,491,728,541,-1.790,71.565,0
3875,64.64792,free_swing,601,491,743,557,6.419,65.072,0
3876,64.6646,free_swing,624,487,752,575,14.725,55.491,0
3877,64.68128,free_swing,648,479,749,587,23.711,43.082,0
3878,64.69797,free_swing,672,466,735,584,33.395,28.098,0
3879,64.71465,free_swing,692,451,724,589,42.250,13.055,0
3880,64.73133,free_swing,704,438,707,578,48.514,1.228,0
3881,64.74802,free_swing,714,425,690,559,54.338,-10.154,0
3882,64.7647,free_swing,721,415,683,559,58.671,-14.783,0
3883,64.78138,free_swing,729,403,672,541,63.750,-22.443,0
3884,64.79807,free_swing,733,390,663,523,68.529,-27.759,0
3885,64.81475,free_swing,736,381,656,511,71.903,-31.608,0
3886,64.83143,free_swing,739,374,646,502,74.590,-36.001,0
3887,64.84812,free_swing,739,371,635,488,75.619,-41.634,0
3888,64.8648,free_swing,739,372,628,482,75.275,-45.259,0
3889,64.88148,free_swing,737,376,615,474,73.711,-51.226,0
3890,64.89817,free_swing,734,384,606,471,70.659,-55.797,0
3891,64.91485,free_swing,732,393,593,466,67.407,-62.292,0
3892,64.93153,free_swing,725,405,582,474,62.475,-64.242,0
3893,64.94822,free_swing,718,418,573,472,57.200,-69.574,0
3894,64.9649,free_swing,709,431,561,483,51.563,-70.641,0
3895,64.98158,free_swing,697,444,549,496,45.252,-70.641,0
3896,64.99827,free_swing,684,456,537,510,38.938,-69.829,0
3897,65.01495,free_swing,668,467,527,530,32.005,-65.925,0
3898,65.03163,free_swing,650,477,514,556,24.651,-59.848,0
3899,65.04832,free_swing,629,485,508,579,16.631,-52.158,0
3900,65.065,free_swing,605,491,500,607,7.829,-42.151,0
3901,65.08168,free_swing,577,493,502,633,-2.121,-28.179,0
3902,65.09837,free_swing,545,488,517,637,-13.606,-10.643,0
3903,65.11505,free_swing,518,478,531,626,-23.854,5.020,0
3904,65.13173,free_swing,498,468,542,610,-31.817,17.216,0
3905,65.14842,free_swing,483,457,551,583,-38.437,28.355,0
3906,65.1651,free_swing,471,448,555,572,-43.749,34.114,0
3907,65.18178,free_swing,462,438,558,559,-48.514,38.428,0
3908,65.19847,free_swing,454,427,561,533,-53.344,45.269,0
3909,65.21515,free_swing,448,419,561,522,-56.902,47.651,0
3910,65.23183,free_swing,443,411,560,514,-60.255,48.641,0
3911,65.24852,free_swing,440,405,562,497,-62.639,52.980,0
3912,65.2652,free_swing,438,401,563,490,-64.231,54.549,0
3913,65.28188,free_swing,438,401,565,490,-64.231,54.978,0
3914,65.29857,free_swing,439,403,568,488,-63.435,56.619,0
3915,65.31525,free_swing,442,408,572,492,-61.361,57.131,0
3916,65.33193,free_swing,446,416,576,505,-58.183,55.604,0
3917,65.34862,free_swing,453,424,582,504,-54.421,58.195,0
3918,65.3653,free_swing,460,435,587,527,-49.785,54.080,0
3919,65.38198,free_swing,470,445,591,544,-44.748,50.711,0
3920,65.39867,free_swing,482,456,597,554,-38.938,49.563,0
3921,65.41535,free_swing,496,467,595,576,-32.607,42.248,0
3922,65.43203,free_swing,514,477,601,609,-25.296,33.389,0
3923,65.44872,free_swing,535,485,597,625,-17.312,23.886,0
3924,65.4654,free_swing,562,491,587,642,-7.477,9.401,0
3925,65.48208,free_swing,591,492,573,649,2.845,-6.540,0
3926,65.49877,free_swing,617,490,563,637,12.070,-20.171,0
3927,65.51545,free_swing,637,483,563,611,19.558,-30.033,0
3928,65.53213,free_swing,654,476,559,599,26.089,-37.681,0
3929,65.54882,free_swing,667,469,561,579,31.329,-43.939,0
3930,65.5655,free_swing,678,462,568,559,35.949,-48.594,0
3931,65.58218,free_swing,688,452,570,547,40.950,-51.163,0
3932,65.59887,free_swing,701,441,577,524,47.010,-56.203,0
3933,65.61555,free_swing,711,430,587,513,52.280,-56.203,0
3934,65.63223,free_swing,718,419,596,513,56.902,-52.386,0
3935,65.64892,free_swing,723,410,603,504,60.565,-51.927,0
3936,65.6656,free_swing,726,404,611,505,62.956,-48.708,0
3937,65.68228,free_swing,728,400,617,508,64.552,-45.785,0
3938,65.69897,free_swing,727,401,623,515,64.075,-42.374,0
3939,65.71565,free_swing,726,405,629,524,62.639,-39.184,0
3940,65.73233,free_swing,723,411,632,537,60.255,-35.838,0
3941,65.74902,free_swing,718,420,637,548,56.605,-32.326,0
3942,65.7657,free_swing,711,430,642,562,52.280,-27.597,0
3943,65.78238,free_swing,701,442,648,574,46.751,-21.876,0
3944,65.79907,free_swing,688,454,660,598,40.486,-11.004,0
3945,65.81575,free_swing,670,467,675,621,32.607,1.860,0
3946,65.83243,free_swing,646,480,689,632,22.920,15.796,0
3947,65.84912,free_swing,621,488,697,624,13.606,29.197,0
3948,65.8658,free_swing,599,492,691,602,5.675,39.908,0
3949,65.88248,free_swing,579,493,691,593,-1.414,48.240,0
3950,65.89917,free_swing,561,491,682,581,-7.829,53.358,0
3951,65.91585,free_swing,545,487,671,568,-13.690,57.265,0
3952,65.93253,free_swing,530,483,665,565,-19.223,58.725,0
3953,65.94922,free_swing,516,477,650,557,-24.651,59.162,0
3954,65.9659,free_swing,502,470,633,553,-30.231,57.642,0
3955,65.98258,free_swing,490,463,618,554,-35.166,54.590,0
3956,65.99927,free_swing,479,454,599,554,-40.215,50.194,0
3957,66.01595,free_swing,470,446,578,550,-44.497,46.081,0
3958,66.03263,free_swing,462,438,558,560,-48.514,38.199,0
3959,66.04932,free_swing,457,432,536,556,-51.285,32.501,0
3960,66.066,free_swing,455,429,514,555,-52.561,25.092,0
3961,66.08268,free_swing,456,430,485,578,-52.063,11.086,0
3962,66.09937,free_swing,460,435,464,572,-49.785,1.672,0
3963,66.11605,free_swing,468,443,433,581,-45.757,-14.231,0
3964,66.13273,free_swing,480,453,399,585,-40.173,-31.535,0
3965,66.14942,free_swing,495,466,389,558,-33.098,-49.044,0
3966,66.1661,free_swing,509,474,374,541,-27.361,-63.605,0
3967,66.18278,free_swing,521,479,371,519,-22.730,-75.069,0
3968,66.19947,free_swing,533,484,378,496,-18.097,-85.573,0
3969,66.21615,free_swing,544,487,388,476,-14.036,-94.033,0
3970,66.23283,free_swing,555,489,399,460,-10.049,-100.531,0
3971,66.24952,free_swing,567,491,415,446,-5.711,-106.492,0
3972,66.2662,free_swing,580,491,429,437,-1.074,-109.678,0
3973,66.28288,free_swing,594,491,445,430,3.933,-112.264,0
3974,66.29957,free_swing,609,489,461,426,9.345,-113.058,0
3975,66.31625,free_swing,626,486,475,427,15.505,-111.342,0
3976,66.33293,free_swing,642,480,488,431,21.602,-107.650,0
3977,66.34962,free_swing,658,472,502,436,28.009,-102.995,0
3978,66.3663,free_swing,673,463,515,447,34.287,-95.782,0
3979,66.38298,free_swing,687,453,530,456,40.446,-88.905,0
3980,66.39967,free_swing,699,442,546,471,46.262,-79.267,0
3981,66.41635,free_swing,709,431,565,486,51.563,-69.096,0
3982,66.43303,free_swing,716,422,589,509,55.620,-55.587,0
3983,66.44972,free_swing,720,415,614,518,58.486,-45.822,0
3984,66.4664,free_swing,722,413,644,536,59.462,-32.381,0
3985,66.48308,free_swing,721,416,673,547,58.369,-20.123,0
3986,66.49977,free_swing,717,422,705,556,55.819,-5.117,0
3987,66.51645,free_swing,709,434,738,559,50.735,13.062,0
3988,66.53313,free_swing,693,449,773,554,42.990,37.304,0
3989,66.54982,free_swing,676,463,797,537,35.166,58.551,0
3990,66.5665,free_swing,660,472,804,512,28.639,74.476,0
3991,66.58318,free_swing,645,479,803,484,22.730,88.187,0
3992,66.59987,free_swing,635,483,792,458,18.886,99.048,0
3993,66.61655,free_swing,623,486,776,435,14.470,108.435,0
3994,66.63323,free_swing,613,489,757,416,10.751,116.882,0
3995,66.64992,free_swing,601,491,735,401,6.419,123.887,0
3996,66.6666,free_swing,587,492,712,389,1.423,129.489,0
3997,66.68328,free_swing,572,492,691,380,-3.909,133.264,0
3998,66.69997,free_swing,555,490,669,375,-9.987,135.250,0
3999,66.71665,free_swing,538,486,652,371,-16.189,135.250,0
4000,66.73333,free_swing,521,480,637,367,-22.593,134.249,0
4001,66.75002,free_swing,504,471,625,364,-29.435,131.486,0
4002,66.7667,free_swing,488,461,616,362,-36.158,127.720,0
4003,66.78338,free_swing,474,451,609,362,-42.250,123.395,0
4004,66.80007,free_swing,461,437,604,362,-49.014,117.676,0
4005,66.81675,free_swing,450,423,601,366,-55.327,110.681,0
4006,66.83343,free_swing,441,409,598,373,-61.220,102.915,0
4007,66.85012,free_swing,434,395,594,381,-66.755,95.001,0
4008,66.8668,free_swing,431,383,589,390,-71.114,87.463,0
4009,66.88348,free_swing,428,375,585,403,-74.152,79.888,0
4010,66.90017,free_swing,427,371,580,413,-75.619,74.650,0
4011,66.91685,free_swing,428,373,576,427,-74.839,69.955,0
4012,66.93353,free_swing,430,378,574,446,-72.924,64.722,0
4013,66.95022,free_swing,433,387,571,464,-69.528,60.840,0
4014,66.9669,free_swing,437,397,568,484,-65.674,56.411,0
4015,66.98358,free_swing,442,410,565,511,-60.739,50.609,0
4016,67.00027,free_swing,451,423,562,529,-55.125,46.320,0
4017,67.01695,free_swing,462,436,555,557,-49.050,37.546,0
4018,67.03363,free_swing,476,451,544,595,-41.722,25.278,0
4019,67.05032,free_swing,496,467,531,616,-32.607,13.219,0
4020,67.067,free_swing,523,482,515,625,-21.670,-3.202,0
4021,67.08368,free_swing,556,491,495,632,-9.578,-23.394,0
4022,67.10037,free_swing,583,492,488,613,0.000,-38.136,0
4023,67.11705,free_swing,606,490,490,591,8.231,-48.954,0
4024,67.13373,free_swing,623,487,492,572,14.381,-57.022,0
4025,67.15042,free_swing,640,481,501,550,20.807,-63.600,0
4026,67.1671,free_swing,654,475,510,532,26.246,-68.405,0
4027,67.18378,free_swing,669,467,520,519,32.307,-70.761,0
4028,67.20047,free_swing,682,457,533,501,38.157,-73.548,0
4029,67.21715,free_swing,695,446,546,495,44.243,-71.796,0
4030,67.23383,free_swing,707,432,561,491,50.837,-67.996,0
4031,67.25052,free_swing,717,419,577,482,56.706,-65.772,0
4032,67.2672,free_swing,725,406,590,483,62.158,-60.301,0
4033,67.28388,free_swing,730,396,605,492,66.146,-52.476,0
4034,67.30057,free_swing,733,389,619,495,68.860,-47.083,0
4035,67.31725,free_swing,734,387,633,502,69.652,-41.292,0
4036,67.33393,free_swing,734,388,648,517,69.319,-33.690,0
4037,67.35062,free_swing,733,392,661,530,67.870,-27.553,0
4038,67.3673,free_swing,729,400,674,541,64.704,-21.309,0
4039,67.38398,free_swing,724,410,689,556,60.739,-13.481,0
4040,67.40067,free_swing,716,423,702,565,55.327,-5.631,0
4041,67.41735,free_swing,704,439,720,576,48.249,6.661,0
4042,67.43403,free_swing,686,456,740,584,39.489,22.874,0
4043,67.45072,free_swing,664,471,756,584,30.052,39.151,0
4044,67.4674,free_swing,642,481,762,576,21.471,51.633,0
4045,67.48408,free_swing,622,487,758,562,14.036,61.125,0
4046,67.50077,free_swing,604,491,746,546,7.477,68.827,0
4047,67.51745,free_swing,586,491,733,535,1.074,73.337,0
4048,67.53413,free_swing,569,491,721,528,-5.001,76.319,0
4049,67.55082,free_swing,552,489,707,523,-11.101,77.628,0
4050,67.5675,free_swing,535,484,686,518,-17.418,77.311,0
4051,67.58418,free_swing,520,478,671,522,-23.199,73.754,0
4052,67.60087,free_swing,503,471,650,524,-29.745,70.174,0
4053,67.61755,free_swing,490,462,628,530,-35.372,63.768,0
4054,67.63423,free_swing,478,453,604,540,-40.717,55.376,0
4055,67.65092,free_swing,467,443,577,545,-46.005,47.161,0
4056,67.6676,free_swing,460,435,548,554,-49.785,36.483,0
4057,67.68428,free_swing,456,430,515,568,-52.063,23.148,0
4058,67.70097,free_swing,455,428,481,573,-52.845,10.166,0
4059,67.71765,free_swing,458,433,446,575,-50.786,-4.830,0
4060,67.73433,free_swing,464,440,405,576,-47.511,-23.452,0
4061,67.75102,free_swing,477,452,378,554,-41.219,-44.145,0
4062,67.7677,free_swing,490,463,371,520,-35.166,-64.406,0
4063,67.78438,free_swing,501,470,368,488,-30.538,-82.293,0
4064,67.80107,free_swing,510,474,360,464,-27.044,-93.814,0
4065,67.81775,free_swing,518,477,364,438,-23.999,-104.211,0
4066,67.83443,free_swing,524,480,381,413,-21.602,-115.105,0
4067,67.85112,free_swing,531,483,400,393,-18.886,-124.490,0
4068,67.8678,free_swing,541,486,421,376,-15.161,-132.510,0
4069,67.88448,free_swing,552,488,446,365,-11.170,-139.246,0
4070,67.90117,free_swing,566,490,470,359,-6.103,-143.765,0
4071,67.91785,free_swing,582,491,494,354,-0.358,-147.286,0
4072,67.93453,free_swing,598,490,514,350,5.389,-149.036,0
4073,67.95122,free_swing,613,488,532,346,10.818,-150.299,0
4074,67.9679,free_swing,630,485,549,343,16.972,-150.299,0
4075,67.98458,free_swing,648,478,565,344,23.854,-148.226,0
4076,68.00127,free_swing,664,469,577,336,30.411,-146.810,0
4077,68.01795,free_swing,679,459,583,330,36.870,-143.344,0
4078,68.03463,free_swing,692,447,589,325,43.218,-139.827,0
4079,68.05132,free_swing,706,433,593,319,50.332,-135.252,0
4080,68.068,free_swing,716,420,596,314,56.211,-131.455,0
4081,68.08468,free_swing,722,409,597,310,60.701,-128.379,0
4082,68.10137,free_swing,728,399,599,305,64.875,-126.080,0
4083,68.11805,free_swing,729,393,599,301,66.991,-125.287,0
4084,68.13473,free_swing,730,392,601,295,67.463,-126.941,0
4085,68.15142,free_swing,729,395,603,298,66.329,-127.591,0
4086,68.1681,free_swing,726,401,605,298,63.918,-130.406,0
4087,68.18478,free_swing,721,411,610,293,59.899,-136.751,0
4088,68.20147,free_swing,715,421,611,298,55.713,-139.785,0
4089,68.21815,free_swing,708,432,613,301,51.062,-144.051,0
4090,68.23483,free_swing,697,444,615,305,45.252,-149.462,0
4091,68.25152,free_swing,683,457,620,314,38.437,-156.224,0
4092,68.2682,free_swing,666,468,623,325,31.209,-163.264,0
4093,68.28488,free_swing,647,479,623,319,23.385,-171.469,0
4094,68.30157,free_swing,625,486,626,322,15.161,179.651,0
4095,68.31825,free_swing,602,491,628,329,6.772,170.882,0
4096,68.33493,free_swing,579,491,632,337,-1.432,161.009,0
4097,68.35162,free_swing,556,490,636,347,-9.638,150.776,0
4098,68.3683,free_swing,534,485,639,360,-17.650,139.970,0
4099,68.38498,free_swing,515,477,643,378,-24.974,127.720,0
4100,68.40167,free_swing,496,466,644,400,-32.800,114.034,0
4101,68.41835,free_swing,480,455,639,428,-39.715,99.638,0
4102,68.43503,free_swing,468,444,627,461,-45.503,83.897,0
4103,68.45172,free_swing,460,434,605,487,-50.057,69.922,0
4104,68.4684,free_swing,453,427,575,515,-53.556,54.197,0
4105,68.48508,free_swing,452,423,540,548,-54.920,35.146,0
4106,68.50177,free_swing,453,424,501,563,-54.421,19.051,0
4107,68.51845,free_swing,456,430,457,573,-52.063,0.401,0
4108,68.53513,free_swing,466,441,405,582,-46.766,-23.394,0
4109,68.55182,free_swing,480,454,369,557,-39.943,-47.141,0
4110,68.5685,free_swing,492,465,375,506,-34.181,-70.688,0
4111,68.58518,free_swing,502,470,372,472,-30.231,-89.119,0
4112,68.60187,free_swing,509,474,359,445,-27.361,-100.942,0
4113,68.61855,free_swing,514,476,372,412,-25.448,-114.261,0
4114,68.63523,free_swing,520,479,390,384,-23.058,-126.158,0
4115,68.65192,free_swing,523,480,417,360,-21.934,-138.545,0
4116,68.6686,free_swing,529,482,444,345,-19.678,-148.183,0
4117,68.68528,free_swing,539,486,475,337,-15.848,-156.755,0
4118,68.70197,free_swing,552,488,506,332,-11.170,-163.571,0
4119,68.71865,free_swing,564,490,534,330,-6.814,-169.380,0
4120,68.73533,free_swing,577,492,564,329,-2.134,-175.440,0
4121,68.75202,free_swing,591,491,592,328,2.862,179.648,0
4122,68.7687,free_swing,608,490,621,328,8.936,175.412,0
4123,68.78538,free_swing,623,487,649,328,14.381,170.713,0
4124,68.80207,free_swing,638,482,679,326,20.014,165.275,0
4125,68.81875,free_swing,652,476,708,326,25.448,159.528,0
4126,68.83543,free_swing,666,469,736,331,31.025,153.104,0
4127,68.85212,free_swing,679,460,767,332,36.656,145.491,0
4128,68.8688,free_swing,691,450,792,340,42.226,137.442,0
4129,68.88548,free_swing,703,439,824,352,48.013,125.716,0
4130,68.90217,free_swing,713,426,849,370,53.842,112.380,0
4131,68.91885,free_swing,722,411,845,392,60.078,98.781,0
4132,68.93553,free_swing,730,395,873,425,66.473,78.152,0
4133,68.95222,free_swing,734,382,850,447,71.338,60.736,0
4134,68.9689,free_swing,737,375,839,472,74.055,46.439,0
4135,68.98558,free_swing,737,375,815,491,74.055,33.917,0
4136,69.00227,free_swing,736,380,794,509,72.242,24.209,0
4137,69.01895,free_swing,733,389,765,521,68.860,13.627,0
4138,69.03563,free_swing,729,401,748,543,64.385,7.621,0
4139,69.05232,free_swing,722,414,726,559,59.158,1.580,0
4140,69.069,free_swing,710,430,700,566,52.063,-4.205,0
4141,69.08568,free_swing,696,447,686,593,44.249,-3.918,0
4142,69.10237,free_swing,679,462,668,609,36.235,-4.279,0
4143,69.11905,free_swing,656,475,652,630,26.882,-1.478,0
4144,69.13573,free_swing,632,485,635,644,17.650,1.081,0
4145,69.15242,free_swing,606,492,617,648,8.130,4.033,0
4146,69.1691,free_swing,580,492,597,645,-1.067,6.340,0
4147,69.18578,free_swing,557,489,577,641,-9.345,7.496,0
4148,69.20247,free_swing,537,485,554,635,-16.631,6.466,0
4149,69.21915,free_swing,519,479,530,627,-23.385,4.251,0
4150,69.23583,free_swing,503,471,503,627,-29.745,0.000,0
4151,69.25252,free_swing,490,463,477,616,-35.166,-4.857,0
4152,69.2692,free_swing,479,453,453,600,-40.446,-10.030,0
4153,69.28588,free_swing,467,442,426,590,-46.262,-15.484,0
4154,69.30257,free_swing,458,432,410,562,-51.062,-20.266,0
4155,69.31925,free_swing,452,423,387,545,-54.920,-28.048,0
4156,69.33593,free_swing,448,418,365,529,-57.200,-36.787,0
4157,69.35262,free_swing,448,419,587,356,-56.902,114.382,0
4158,69.3693,free_swing,450,421,586,353,-55.914,116.565,0
4159,69.38598,free_swing,454,427,588,351,-53.344,119.560,0
4160,69.40267,free_swing,458,434,587,353,-50.511,122.125,0
4161,69.41935,free_swing,463,440,585,348,-47.750,127.020,0
4162,69.43603,free_swing,470,446,586,352,-44.497,129.019,0
4163,69.45272,free_swing,477,452,432,360,-41.219,-153.935,0
4164,69.4694,free_swing,485,459,369,354,-37.439,-132.151,0
4165,69.48608,free_swing,494,465,386,346,-33.591,-137.774,0
4166,69.50277,free_swing,505,472,408,341,-28.951,-143.482,0
4167,69.51945,free_swing,518,478,436,340,-23.854,-149.281,0
4168,69.53613,free_swing,532,484,454,342,-18.435,-151.220,0
4169,69.55282,free_swing,550,488,473,344,-11.870,-151.866,0
4170,69.5695,free_swing,568,491,490,347,-5.356,-151.557,0
4171,69.58618,free_swing,589,492,505,351,2.134,-149.216,0
4172,69.60287,free_swing,608,489,516,354,8.991,-145.726,0
4173,69.61955,free_swing,630,485,526,358,16.972,-140.686,0
4174,69.63623,free_swing,648,477,533,362,23.999,-135.000,0
4175,69.65292,free_swing,667,467,539,369,31.701,-127.439,0
4176,69.6696,free_swing,685,455,543,378,39.440,-118.469,0
4177,69.68628,free_swing,700,440,549,389,47.027,-108.662,0
4178,69.70297,free_swing,712,424,554,404,54.211,-97.214,0
4179,69.71965,free_swing,722,410,563,421,60.388,-86.042,0
4180,69.73633,free_swing,729,398,576,441,65.349,-74.302,0
4181,69.75302,free_swing,732,391,591,462,68.066,-63.273,0
4182,69.7697,free_swing,734,387,610,475,69.652,-54.638,0
4183,69.78638,free_swing,734,390,625,505,68.658,-43.466,0
4184,69.80307,free_swing,731,396,643,524,66.289,-34.509,0
4185,69.81975,free_swing,726,407,662,543,62.011,-25.201,0
4186,69.83643,free_swing,718,420,685,564,56.605,-12.907,0
4187,69.85312,free_swing,706,436,710,582,49.514,1.569,0
4188,69.8698,free_swing,688,453,730,579,40.717,18.435,0
4189,69.88648,free_swing,664,471,754,580,30.052,39.546,0
4190,69.90317,free_swing,641,481,768,571,21.140,54.676,0
4191,69.91985,free_swing,622,487,766,549,14.036,66.705,0
4192,69.93653,free_swing,605,491,753,528,7.829,75.964,0
4193,69.95322,free_swing,588,492,744,511,1.779,83.056,0
4194,69.9699,free_swing,571,491,731,496,-4.289,88.210,0
4195,69.98658,free_swing,556,488,715,484,-9.758,91.441,0
4196,70.00327,free_swing,538,486,698,477,-16.189,93.219,0
4197,70.01995,free_swing,520,479,679,472,-23.058,92.521,0
4198,70.03663,free_swing,504,470,663,472,-29.612,89.279,0
4199,70.05332,free_swing,489,462,647,476,-35.662,84.936,0
4200,70.07,free_swing,475,449,629,479,-42.466,78.977,0
4201,70.08668,free_swing,463,438,611,490,-48.278,70.641,0
4202,70.10337,free_swing,453,426,589,501,-53.842,61.125,0
4203,70.12005,free_swing,445,414,565,505,-58.975,52.826,0
4204,70.13673,free_swing,441,405,537,523,-62.475,39.130,0
4205,70.15342,free_swing,439,401,510,531,-64.075,28.641,0
4206,70.1701,free_swing,438,400,481,537,-64.552,17.425,0
4207,70.18678,free_swing,441,406,451,543,-62.158,4.175,0
4208,70.20347,free_swing,447,416,412,556,-57.995,-14.036,0
4209,70.22015,free_swing,456,430,375,556,-52.063,-32.735,0
4210,70.23683,free_swing,471,446,381,516,-44.243,-52.125,0
4211,70.25352,free_swing,486,460,586,324,-36.941,143.673,0
4212,70.2702,free_swing,499,468,403,453,-31.514,-98.881,0
4213,70.28688,free_swing,511,475,361,456,-26.565,-97.219,0
4214,70.30357,free_swing,522,480,371,435,-22.264,-106.595,0
4215,70.32025,free_swing,534,483,390,417,-17.868,-114.624,0
4216,70.33693,free_swing,545,487,408,403,-13.690,-121.514,0
4217,70.35362,free_swing,559,490,428,394,-8.584,-126.235,0
4218,70.3703,free_swing,574,491,450,387,-3.219,-129.987,0
4219,70.38698,free_swing,593,491,470,384,3.576,-131.021,0
4220,70.40367,free_swing,611,489,487,382,10.049,-130.791,0
4221,70.42035,free_swing,629,484,503,382,16.734,-128.991,0
4222,70.43703,free_swing,648,478,515,384,23.854,-125.251,0
4223,70.45372,free_swing,665,469,525,387,30.719,-120.358,0
4224,70.4704,free_swing,682,457,536,393,38.157,-113.671,0
4225,70.48708,free_swing,696,444,542,401,45.000,-105.601,0
4226,70.50377,free_swing,709,428,551,414,52.409,-95.064,0
4227,70.52045,free_swing,720,414,561,428,58.791,-84.968,0
4228,70.53713,free_swing,727,400,575,448,64.398,-72.474,0
4229,70.55382,free_swing,732,390,593,468,68.398,-60.701,0
4230,70.5705,free_swing,735,384,613,478,70.777,-52.386,0
4231,70.58718,free_swing,736,383,632,495,71.229,-42.879,0
4232,70.60387,free_swing,735,386,653,510,70.108,-33.476,0
4233,70.62055,free_swing,733,393,678,533,67.543,-21.448,0
4234,70.63723,free_swing,726,406,699,542,62.324,-11.229,0
4235,70.65392,free_swing,717,420,723,552,56.409,2.603,0
4236,70.6706,free_swing,704,438,757,567,48.514,22.335,0
4237,70.68728,free_swing,683,458,772,554,38.217,42.833,0
4238,70.70397,free_swing,662,472,791,548,29.261,59.496,0
4239,70.72065,free_swing,644,480,789,527,22.264,72.041,0
4240,70.73733,free_swing,626,486,783,509,15.505,81.666,0
4241,70.75402,free_swing,610,489,770,492,9.697,88.926,0
4242,70.7707,free_swing,593,491,753,478,3.576,94.645,0
4243,70.78738,free_swing,577,491,736,467,-2.148,98.584,0
4244,70.80407,free_swing,559,490,718,460,-8.584,100.685,0
4245,70.82075,free_swing,542,486,698,456,-14.816,100.886,0
4246,70.83743,free_swing,523,480,682,457,-21.934,98.231,0
4247,70.85412,free_swing,506,472,666,462,-28.639,93.576,0
4248,70.8708,free_swing,490,463,649,468,-35.166,88.199,0
4249,70.88748,free_swing,477,451,632,479,-41.455,79.760,0
4250,70.90417,free_swing,464,439,612,496,-47.774,68.937,0
4251,70.92085,free_swing,454,427,588,505,-53.344,59.797,0
4252,70.93753,free_swing,446,417,561,516,-57.882,49.276,0
4253,70.95422,free_swing,442,410,528,539,-60.739,33.690,0
4254,70.9709,free_swing,441,406,500,539,-62.158,23.923,0
4255,70.98758,free_swing,442,409,462,555,-61.049,7.800,0
4256,71.00427,free_swing,448,417,420,568,-57.501,-10.505,0
4257,71.02095,free_swing,456,428,391,554,-52.628,-27.288,0
4258,71.03763,free_swing,469,444,362,540,-45.252,-48.102,0
4259,71.05432,free_swing,484,459,519,405,-37.720,147.051,0
4260,71.071,free_swing,498,467,538,370,-32.005,157.590,0
4261,71.08768,free_swing,509,474,359,452,-27.361,-98.344,0
4262,71.10437,free_swing,519,478,369,427,-23.527,-108.778,0
4263,71.12105,free_swing,528,482,391,404,-20.014,-119.655,0
4264,71.13773,free_swing,538,485,410,388,-16.289,-127.155,0
4265,71.15442,free_swing,550,488,433,375,-11.870,-134.004,0
4266,71.1711,free_swing,562,490,459,365,-7.524,-140.511,0
4267,71.18778,free_swing,577,491,482,359,-2.148,-144.258,0
4268,71.20447,free_swing,595,491,503,355,4.289,-145.923,0
4269,71.22115,free_swing,612,489,523,351,10.401,-147.181,0
4270,71.23783,free_swing,630,485,540,348,16.972,-146.698,0
4271,71.25452,free_swing,648,478,555,344,23.854,-145.238,0
4272,71.2712,free_swing,665,470,568,340,30.538,-143.271,0
4273,71.28788,free_swing,681,459,577,335,37.439,-140.013,0
4274,71.30457,free_swing,693,447,582,331,43.479,-136.262,0
4275,71.32125,free_swing,706,433,586,328,50.332,-131.186,0
4276,71.33793,free_swing,717,418,588,323,57.006,-126.369,0
4277,71.35462,free_swing,724,405,588,319,62.308,-122.307,0
4278,71.3713,free_swing,729,394,588,318,66.659,-118.325,0
4279,71.38798,free_swing,732,386,588,316,69.740,-115.925,0
4280,71.40467,free_swing,733,383,589,315,70.880,-115.278,0
4281,71.42135,free_swing,734,384,589,315,70.659,-115.448,0
4282,71.43803,free_swing,732,390,589,315,68.398,-117.676,0
4283,71.45472,free_swing,727,398,589,316,65.048,-120.719,0
4284,71.4714,free_swing,723,408,588,320,61.189,-123.098,0
4285,71.48808,free_swing,715,419,586,325,56.310,-126.080,0
4286,71.50477,free_swing,707,432,583,329,50.837,-129.715,0
4287,71.52145,free_swing,696,445,578,333,44.748,-133.506,0
4288,71.53813,free_swing,681,457,571,339,37.875,-137.010,0
4289,71.55482,free_swing,665,469,561,345,30.719,-140.013,0
4290,71.5715,free_swing,648,477,547,350,23.999,-141.506,0
4291,71.58818,free_swing,628,485,531,355,16.289,-143.271,0
4292,71.60487,free_swing,608,489,512,359,8.991,-143.556,0
4293,71.62155,free_swing,588,491,490,363,1.790,-142.561,0
4294,71.63823,free_swing,569,491,465,368,-5.001,-139.785,0
4295,71.65492,free_swing,551,489,438,374,-11.449,-135.503,0
4296,71.6716,free_swing,532,484,411,382,-18.435,-130.130,0
4297,71.68828,free_swing,516,477,380,395,-24.651,-121.088,0
4298,71.70497,free_swing,499,468,358,411,-31.514,-112.011,0
4299,71.72165,free_swing,482,457,587,348,-38.715,136.071,0
4300,71.73833,free_swing,467,442,587,354,-46.262,126.254,0
4301,71.75502,free_swing,452,424,587,355,-54.628,117.072,0
4302,71.7717,free_swing,439,404,587,349,-63.118,110.386,0
4303,71.78838,free_swing,434,389,386,503,-68.731,-22.834,0
4304,71.80507,free_swing,431,380,401,518,-72.132,-12.265,0
4305,71.82175,free_swing,430,377,432,517,-73.266,0.818,0
4306,71.83843,free_swing,431,380,454,526,-72.132,8.952,0
4307,71.85512,free_swing,432,386,479,531,-69.986,17.959,0
4308,71.8718,free_swing,435,394,505,532,-66.942,26.896,0
4309,71.88848,free_swing,441,406,531,529,-62.158,36.193,0
4310,71.90517,free_swing,449,420,551,543,-56.409,39.668,0
4311,71.92185,free_swing,460,434,574,535,-50.057,48.460,0
4312,71.93853,free_swing,473,448,590,544,-43.234,50.631,0
4313,71.95522,free_swing,489,462,612,562,-35.662,50.889,0
4314,71.9719,free_swing,508,474,629,570,-27.676,51.572,0
4315,71.98858,free_swing,528,483,640,584,-19.892,47.956,0
4316,72.00527,free_swing,553,489,651,601,-10.751,41.186,0
4317,72.02195,free_swing,579,493,662,621,-1.414,32.961,0
4318,72.03863,free_swing,608,490,664,639,8.936,20.598,0
4319,72.05532,free_swing,637,483,659,639,19.558,8.027,0
4320,72.072,free_swing,658,475,653,626,27.512,-1.897,0
4321,72.08868,free_swing,677,462,650,614,35.662,-10.072,0
4322,72.10537,free_swing,690,452,647,597,41.486,-16.518,0
4323,72.12205,free_swing,703,440,644,569,47.750,-24.578,0
4324,72.13873,free_swing,715,426,648,554,54.258,-27.629,0
4325,72.15542,free_swing,723,411,654,547,60.255,-26.901,0
4326,72.1721,free_swing,730,397,655,520,65.821,-31.373,0
4327,72.18878,free_swing,735,385,668,523,70.442,-25.897,0
4328,72.20547,free_swing,737,377,670,515,73.369,-25.897,0
4329,72.22215,free_swing,740,369,672,506,76.394,-26.398,0
4330,72.23883,free_swing,741,368,677,506,76.820,-24.880,0
4331,72.25552,free_swing,739,369,681,510,76.310,-22.360,0
4332,72.2722,free_swing,739,373,685,519,74.932,-20.298,0
4333,72.28888,free_swing,736,381,690,530,71.903,-17.157,0
4334,72.30557,free_swing,732,391,697,544,68.066,-12.885,0
4335,72.32225,free_swing,728,402,699,549,63.911,-11.160,0
4336,72.33893,free_swing,721,416,703,567,58.369,-6.798,0
4337,72.35562,free_swing,711,431,707,575,52.001,-1.591,0
4338,72.3723,free_swing,696,447,713,584,44.249,7.074,0
4339,72.38898,free_swing,675,464,726,597,34.673,20.980,0
4340,72.40567,free_swing,651,477,732,602,24.974,32.943,0
4341,72.42235,free_swing,627,486,727,593,15.848,43.063,0
4342,72.43903,free_swing,605,490,718,587,7.878,49.357,0
4343,72.45572,free_swing,583,493,707,582,0.000,54.331,0
4344,72.4724,free_swing,566,491,688,573,-6.065,56.094,0
4345,72.48908,free_swing,549,488,676,575,-12.219,55.587,0
4346,72.50577,free_swing,532,484,657,576,-18.435,53.647,0
4347,72.52245,free_swing,517,478,631,569,-24.179,51.402,0
4348,72.53913,free_swing,504,471,607,573,-29.435,45.279,0
4349,72.55582,free_swing,492,463,584,586,-34.582,36.795,0
4350,72.5725,free_swing,482,456,557,573,-38.938,32.661,0
4351,72.58918,free_swing,475,450,524,594,-42.226,18.792,0
4352,72.60587,free_swing,471,446,493,593,-44.243,8.512,0
4353,72.62255,free_swing,470,446,461,587,-44.497,-3.652,0
4354,72.63923,free_swing,474,449,419,592,-42.730,-21.038,0
4355,72.65592,free_swing,482,456,385,577,-38.938,-38.718,0
4356,72.6726,free_swing,490,463,367,546,-35.166,-55.989,0
4357,72.68928,free_swing,499,468,359,515,-31.514,-71.442,0
4358,72.70597,free_swing,506,473,355,486,-28.469,-85.079,0
4359,72.72265,free_swing,513,475,362,454,-25.925,-97.918,0
4360,72.73933,free_swing,519,478,370,428,-23.527,-108.550,0
4361,72.75602,free_swing,525,481,384,407,-21.140,-117.692,0
4362,72.7727,free_swing,531,483,404,388,-18.886,-126.798,0
4363,72.78938,free_swing,540,485,423,374,-15.601,-133.493,0
4364,72.80607,free_swing,548,488,443,363,-12.567,-139.970,0
4365,72.82275,free_swing,561,490,469,358,-7.878,-145.125,0
4366,72.83943,free_swing,575,491,486,354,-2.862,-146.991,0
4367,72.85612,free_swing,591,492,504,352,2.845,-148.142,0
4368,72.8728,free_swing,607,490,520,350,8.584,-148.142,0
4369,72.88948,free_swing,624,486,534,349,14.816,-146.698,0
4370,72.90617,free_swing,641,481,545,348,21.140,-144.178,0
4371,72.92285,free_swing,658,473,554,347,27.842,-140.464,0
4372,72.93953,free_swing,675,463,562,348,34.875,-135.503,0
4373,72.95622,free_swing,689,451,564,347,41.455,-129.760,0
4374,72.9729,free_swing,702,439,566,348,47.774,-123.787,0
4375,72.98958,free_swing,713,424,568,353,54.421,-116.089,0
4376,73.00627,free_swing,721,412,568,358,59.589,-109.440,0
4377,73.02295,free_swing,727,401,569,365,64.075,-102.836,0
4378,73.03963,free_swing,729,394,570,374,66.659,-97.169,0
4379,73.05632,free_swing,731,392,571,383,67.600,-93.219,0
4380,73.073,free_swing,729,393,571,393,66.991,-90.000,0
4381,73.08968,free_swing,727,399,568,406,64.722,-87.479,0
4382,73.10637,free_swing,724,407,565,417,61.675,-86.401,0
4383,73.12305,free_swing,719,416,561,432,57.995,-84.218,0
4384,73.13973,free_swing,712,426,555,453,53.631,-80.242,0
4385,73.15642,free_swing,703,438,550,471,48.278,-77.829,0
4386,73.1731,free_swing,692,448,544,494,42.973,-72.734,0
4387,73.18978,free_swing,678,460,540,528,36.369,-63.768,0
4388,73.20647,free_swing,662,472,535,564,29.261,-54.080,0
4389,73.22315,free_swing,644,481,538,591,22.130,-43.939,0
4390,73.23983,free_swing,618,489,544,623,12.490,-28.909,0
4391,73.25652,free_swing,585,493,559,649,0.707,-9.462,0
4392,73.2732,free_swing,554,490,580,640,-10.337,9.834,0
4393,73.28988,free_swing,529,483,590,616,-19.558,24.638,0
4394,73.30657,free_swing,511,475,601,599,-26.565,35.972,0
4395,73.32325,free_swing,496,467,605,569,-32.607,46.900,0
4396,73.33993,free_swing,485,459,609,552,-37.439,53.130,0
4397,73.35662,free_swing,475,451,607,531,-41.987,58.782,0
4398,73.3733,free_swing,467,442,606,504,-46.262,65.961,0
4399,73.38998,free_swing,460,434,605,493,-50.057,67.859,0
4400,73.40667,free_swing,454,426,601,483,-53.631,68.806,0
4401,73.42335,free_swing,448,418,598,462,-57.200,73.652,0
4402,73.44003,free_swing,444,413,595,460,-59.462,72.711,0
4403,73.45672,free_swing,443,409,594,456,-60.876,72.711,0
4404,73.4734,free_swing,443,408,594,444,-61.189,76.590,0
4405,73.49008,free_swing,443,410,597,450,-60.565,75.440,0
4406,73.50677,free_swing,447,415,601,451,-58.299,76.842,0
4407,73.52345,free_swing,451,422,606,449,-55.418,80.119,0
4408,73.54013,free_swing,458,431,613,461,-51.340,79.046,0
4409,73.55682,free_swing,466,440,621,473,-47.027,77.981,0
4410,73.5735,free_swing,476,450,629,482,-41.961,78.187,0
4411,73.59018,free_swing,487,460,639,498,-36.656,75.964,0
4412,73.60687,free_swing,500,469,650,523,-31.025,70.201,0
4413,73.62355,free_swing,516,477,657,544,-24.651,64.584,0
4414,73.64023,free_swing,534,484,664,570,-17.758,56.514,0
4415,73.65692,free_swing,555,490,663,595,-9.987,45.807,0
4416,73.6736,free_swing,580,493,662,623,-1.061,32.242,0
4417,73.69028,free_swing,609,491,648,640,9.230,14.668,0
4418,73.70697,free_swing,637,484,629,639,19.440,-2.955,0
4419,73.72365,free_swing,657,475,613,622,27.198,-16.663,0
4420,73.74033,free_swing,672,466,601,595,33.395,-28.828,0
4421,73.75702,free_swing,684,457,592,574,38.715,-38.179,0
4422,73.7737,free_swing,692,450,585,547,42.489,-47.806,0
4423,73.79038,free_swing,700,441,580,532,46.766,-52.826,0
4424,73.80707,free_swing,706,434,578,519,50.057,-56.413,0
4425,73.82375,free_swing,713,425,579,495,54.130,-62.418,0
4426,73.84043,free_swing,718,417,578,488,57.501,-63.108,0
4427,73.85712,free_swing,721,414,577,477,58.975,-66.371,0
4428,73.8738,free_swing,722,411,577,464,60.078,-69.922,0
4429,73.89048,free_swing,722,412,572,457,59.769,-73.301,0
4430,73.90717,free_swing,719,416,567,456,57.995,-75.256,0
4431,73.92385,free_swing,714,423,562,452,54.920,-79.198,0
4432,73.94053,free_swing,709,430,554,460,51.843,-79.046,0
4433,73.95722,free_swing,701,439,549,463,47.534,-81.027,0
4434,73.9739,free_swing,692,448,535,471,42.973,-81.666,0
4435,73.99058,free_swing,681,458,527,481,37.656,-81.506,0
4436,74.00727,free_swing,668,467,511,500,32.005,-78.130,0
4437,74.02395,free_swing,654,476,499,516,26.089,-75.530,0
4438,74.04063,free_swing,637,483,487,538,19.558,-69.864,0
4439,74.05732,free_swing,618,488,478,561,12.567,-62.461,0
4440,74.074,free_swing,599,491,472,588,5.711,-52.628,0
4441,74.09068,free_swing,575,492,476,609,-2.845,-40.236,0
4442,74.10737,free_swing,547,489,484,631,-12.836,-23.925,0
4443,74.12405,free_swing,521,480,505,625,-22.593,-6.297,0
4444,74.14073,free_swing,500,470,520,615,-30.842,7.853,0
4445,74.15742,free_swing,486,460,534,607,-36.941,18.083,0
4446,74.1741,free_swing,475,450,547,572,-42.226,30.548,0
4447,74.19078,free_swing,466,442,555,562,-46.507,36.563,0
4448,74.20747,free_swing,459,435,562,552,-50.013,41.359,0
4449,74.22415,free_swing,454,427,569,528,-53.344,48.708,0
4450,74.24083,free_swing,450,422,571,522,-55.620,50.428,0
4451,74.25752,free_swing,447,418,576,505,-57.393,56.004,0
4452,74.2742,free_swing,446,415,581,490,-58.486,60.945,0
4453,74.29088,free_swing,447,417,586,484,-57.693,64.265,0
4454,74.30757,free_swing,449,420,592,481,-56.409,66.898,0
4455,74.32425,free_swing,453,425,599,480,-54.130,69.358,0
4456,74.34093,free_swing,459,433,607,483,-50.560,71.333,0
4457,74.35762,free_swing,466,442,617,493,-46.507,71.338,0
4458,74.3743,free_swing,476,451,626,498,-41.722,72.602,0
4459,74.39098,free_swing,487,460,636,512,-36.656,70.761,0
4460,74.40767,free_swing,500,469,648,527,-31.025,68.600,0
4461,74.42435,free_swing,514,477,657,544,-25.296,64.895,0
4462,74.44103,free_swing,532,483,664,564,-18.548,58.465,0
4463,74.45772,free_swing,551,490,669,586,-11.379,50.870,0
4464,74.4744,free_swing,573,492,668,606,-3.554,39.806,0
4465,74.49108,free_swing,599,492,665,633,5.675,25.084,0
4466,74.50777,free_swing,627,487,650,641,15.751,8.494,0
4467,74.52445,free_swing,650,478,634,632,24.503,-5.932,0
4468,74.54113,free_swing,668,469,621,615,31.631,-17.844,0
4469,74.55782,free_swing,681,460,610,590,37.224,-28.641,0
4470,74.5745,free_swing,691,452,601,559,41.751,-40.068,0
4471,74.59118,free_swing,699,444,596,543,45.751,-46.134,0
4472,74.60787,free_swing,705,437,593,535,49.014,-48.814,0
4473,74.62455,free_swing,713,428,591,518,53.271,-53.584,0
4474,74.64123,free_swing,718,419,592,503,56.902,-56.310,0
4475,74.65792,free_swing,721,412,592,499,59.589,-56.004,0
4476,74.6746,free_swing,724,406,592,482,61.991,-60.068,0
4477,74.69128,free_swing,725,405,590,481,62.475,-60.622,0
4478,74.70797,free_swing,724,406,587,480,61.991,-61.624,0
4479,74.72465,free_swing,723,410,582,474,60.565,-65.587,0
4480,74.74133,free_swing,719,416,577,478,57.995,-66.413,0
4481,74.75802,free_swing,714,425,569,491,54.338,-65.526,0
4482,74.7747,free_swing,706,434,562,500,50.057,-65.376,0
4483,74.79138,free_swing,697,443,556,510,45.507,-64.584,0
4484,74.80807,free_swing,686,454,547,528,39.943,-61.970,0
4485,74.82475,free_swing,673,464,539,548,34.086,-57.918,0
4486,74.84143,free_swing,658,473,538,568,27.842,-51.633,0
4487,74.85812,free_swing,640,482,532,593,20.681,-44.215,0
4488,74.8748,free_swing,618,489,531,618,12.490,-33.996,0
4489,74.89148,free_swing,593,491,537,639,3.576,-20.726,0
4490,74.90817,free_swing,564,491,551,647,-6.772,-4.764,0
4491,74.92485,free_swing,537,486,564,635,-16.530,10.271,0
4492,74.94153,free_swing,517,477,569,614,-24.326,20.785,0
4493,74.95822,free_swing,502,470,576,602,-30.231,29.275,0
4494,74.9749,free_swing,490,462,581,582,-35.372,37.174,0
4495,74.99158,free_swing,479,454,580,568,-40.215,41.540,0
4496,75.00827,free_swing,470,447,581,553,-44.249,46.320,0
4497,75.02495,free_swing,463,438,579,538,-48.278,49.236,0
4498,75.04163,free_swing,456,431,576,530,-51.783,50.477,0
4499,75.05832,free_swing,451,424,571,526,-54.834,49.635,0
4500,75.075,free_swing,448,418,569,506,-57.200,53.973,0
4501,75.09168,free_swing,446,414,566,510,-58.791,51.340,0
4502,75.10837,free_swing,445,413,564,509,-59.281,51.106,0
4503,75.12505,free_swing,446,415,562,514,-58.486,49.521,0
4504,75.14173,free_swing,448,419,561,522,-56.902,47.651,0
4505,75.15842,free_swing,453,426,561,536,-53.842,44.474,0
4506,75.1751,free_swing,459,434,561,543,-50.285,43.100,0
4507,75.19178,free_swing,468,443,557,567,-45.757,35.669,0
4508,75.20847,free_swing,478,454,554,584,-40.486,30.311,0
4509,75.22515,free_swing,492,463,550,608,-34.582,21.801,0
4510,75.24183,free_swing,510,475,541,628,-26.882,11.454,0
4511,75.25852,free_swing,532,484,529,640,-18.435,-1.102,0
4512,75.2752,free_swing,558,490,518,637,-8.936,-15.222,0
4513,75.29188,free_swing,582,492,511,626,-0.356,-27.917,0
4514,75.30857,free_swing,602,492,510,610,6.730,-37.942,0
4515,75.32525,free_swing,618,488,511,597,12.567,-44.469,0
4516,75.34193,free_swing,634,484,521,578,18.435,-50.244,0
4517,75.35862,free_swing,648,479,521,572,23.711,-53.785,0
4518,75.3753,free_swing,661,472,532,558,28.951,-56.310,0
4519,75.39198,free_swing,674,465,543,550,34.181,-57.022,0
4520,75.40867,free_swing,683,458,554,541,38.217,-57.242,0
4521,75.42535,free_swing,694,449,566,531,43.249,-57.355,0
4522,75.44203,free_swing,702,440,580,532,47.511,-52.980,0
4523,75.45872,free_swing,709,431,596,525,51.563,-50.244,0
4524,75.4754,free_swing,716,423,611,527,55.327,-45.274,0
4525,75.49208,free_swing,720,416,629,543,58.183,-35.623,0
4526,75.50877,free_swing,721,415,645,546,58.671,-30.120,0
4527,75.52545,free_swing,721,415,660,548,58.671,-24.638,0
4528,75.54213,free_swing,717,421,680,564,56.113,-14.507,0
4529,75.55882,free_swing,711,429,699,575,52.561,-4.699,0
4530,75.5755,free_swing,702,441,720,583,47.251,7.224,0
4531,75.59218,free_swing,688,453,743,587,40.717,22.316,0
4532,75.60887,free_swing,670,466,761,584,32.800,37.639,0
4533,75.62555,free_swing,652,477,771,572,25.296,51.399,0
4534,75.64223,free_swing,635,483,766,553,18.886,61.882,0
4535,75.65892,free_swing,618,488,762,538,12.567,70.852,0
4536,75.6756,free_swing,604,490,752,524,7.524,77.062,0
4537,75.69228,free_swing,589,491,742,514,2.148,81.451,0
4538,75.70897,free_swing,574,491,732,506,-3.219,84.577,0
4539,75.72565,free_swing,559,490,717,499,-8.584,86.740,0
4540,75.74233,free_swing,544,487,701,499,-14.036,85.629,0
4541,75.75902,free_swing,528,482,684,498,-20.014,84.144,0
4542,75.7757,free_swing,513,475,668,504,-25.925,79.403,0
4543,75.79238,free_swing,498,467,649,513,-32.005,73.057,0
4544,75.80907,free_swing,486,459,628,524,-37.155,65.404,0
4545,75.82575,free_swing,475,450,604,533,-42.226,57.242,0
4546,75.84243,free_swing,466,441,577,552,-46.766,45.000,0
4547,75.85912,free_swing,460,435,546,566,-49.785,33.284,0
4548,75.8758,free_swing,456,430,516,564,-52.063,24.121,0
4549,75.89248,free_swing,456,430,479,576,-52.063,8.952,0
4550,75.90917,free_swing,460,435,436,588,-49.785,-8.915,0
4551,75.92585,free_swing,467,443,403,575,-46.005,-25.866,0
4552,75.94253,free_swing,481,455,372,556,-39.440,-47.182,0
4553,75.95922,free_swing,494,465,358,527,-33.591,-65.493,0
4554,75.9759,free_swing,504,472,364,489,-29.261,-83.077,0
4555,75.99258,free_swing,512,476,362,461,-26.089,-95.711,0
4556,76.00927,free_swing,520,479,367,434,-23.058,-106.390,0
4557,76.02595,free_swing,526,482,388,408,-20.681,-118.202,0
4558,76.04263,free_swing,534,484,406,388,-17.758,-126.870,0
4559,76.05932,free_swing,542,486,427,372,-14.816,-134.750,0
4560,76.076,free_swing,551,488,453,360,-11.520,-142.561,0
4561,76.09268,free_swing,565,490,476,355,-6.459,-146.605,0
4562,76.10937,free_swing,580,491,497,350,-1.074,-149.517,0
4563,76.12605,free_swing,596,491,518,347,4.645,-151.557,0
4564,76.14273,free_swing,612,489,538,343,10.401,-153.122,0
4565,76.15942,free_swing,629,485,554,339,16.631,-152.810,0
4566,76.1761,free_swing,646,479,571,340,23.058,-151.650,0
4567,76.19278,free_swing,663,470,583,334,29.922,-149.534,0
4568,76.20947,free_swing,678,460,589,325,36.369,-146.605,0
4569,76.22615,free_swing,692,449,597,318,42.730,-144.051,0
4570,76.24283,free_swing,704,437,602,311,48.781,-141.009,0
4571,76.25952,free_swing,714,423,606,303,54.920,-138.013,0
4572,76.2762,free_swing,722,410,608,296,60.388,-135.000,0
4573,76.29288,free_swing,727,400,610,290,64.398,-133.234,0
4574,76.30957,free_swing,730,393,612,285,67.132,-132.466,0
4575,76.32625,free_swing,732,390,615,281,68.398,-132.973,0
4576,76.34293,free_swing,731,393,619,277,67.270,-136.005,0
4577,76.35962,free_swing,727,399,625,275,64.722,-140.560,0
4578,76.3763,free_swing,724,406,629,278,61.991,-143.418,0
4579,76.39298,free_swing,719,416,637,277,57.995,-149.462,0
4580,76.40967,free_swing,711,428,643,281,52.845,-155.175,0
4581,76.42635,free_swing,700,440,648,287,47.027,-161.229,0
4582,76.44303,free_swing,688,452,658,294,40.950,-169.249,0
4583,76.45972,free_swing,672,464,667,303,33.789,-178.221,0
4584,76.4764,free_swing,655,475,677,318,26.565,172.023,0
4585,76.49308,free_swing,635,484,689,329,18.771,160.792,0
4586,76.50977,free_swing,614,489,700,349,11.101,148.438,0
4587,76.52645,free_swing,595,492,709,376,4.263,135.498,0
4588,76.54313,free_swing,574,491,715,411,-3.219,119.570,0
4589,76.55982,free_swing,558,491,714,453,-8.881,103.690,0
4590,76.5765,free_swing,544,487,702,499,-14.036,85.657,0
4591,76.59318,free_swing,535,484,669,545,-17.418,65.524,0
4592,76.60987,free_swing,532,485,637,588,-18.323,45.551,0
4593,76.62655,free_swing,536,485,594,628,-16.972,22.077,0
4594,76.64323,free_swing,545,488,536,645,-13.606,-3.281,0
4595,76.65992,free_swing,555,491,483,627,-9.926,-27.897,0
4596,76.6766,free_swing,555,490,439,599,-9.987,-46.782,0
4597,76.69328,free_swing,549,488,407,561,-12.219,-62.793,0
4598,76.70997,free_swing,541,486,388,521,-15.161,-77.115,0
4599,76.72665,free_swing,531,484,376,483,-18.771,-90.370,0
4600,76.74333,free_swing,522,480,369,449,-22.264,-101.454,0
4601,76.76002,free_swing,513,476,368,418,-25.769,-111.801,0
4602,76.7767,free_swing,506,473,378,391,-28.469,-122.645,0
4603,76.79338,free_swing,503,471,383,372,-29.745,-129.523,0
4604,76.81007,free_swing,504,471,395,358,-29.435,-136.032,0
4605,76.82675,free_swing,508,472,410,348,-28.009,-141.680,0
4606,76.84343,free_swing,511,475,420,341,-26.565,-145.819,0
4607,76.86012,free_swing,518,478,434,338,-23.854,-149.036,0
4608,76.8768,free_swing,525,481,452,339,-21.140,-152.793,0
4609,76.89348,free_swing,536,484,462,340,-17.076,-152.802,0
4610,76.91017,free_swing,548,488,473,343,-12.567,-152.650,0
4611,76.92685,free_swing,562,490,483,347,-7.524,-151.082,0
4612,76.94353,free_swing,578,491,488,354,-1.790,-146.698,0
4613,76.96022,free_swing,595,491,494,362,4.289,-141.941,0
4614,76.9769,free_swing,613,488,498,372,10.818,-135.248,0
4615,76.99358,free_swing,630,484,501,385,17.076,-127.504,0
4616,77.01027,free_swing,647,478,504,402,23.527,-117.989,0
4617,77.02695,free_swing,663,470,509,422,29.922,-107.312,0
4618,77.04363,free_swing,678,460,519,446,36.369,-95.032,0
4619,77.06032,free_swing,690,450,534,473,41.961,-81.613,0
4620,77.077,free_swing,701,441,558,498,47.010,-68.268,0
4621,77.09368,free_swing,707,433,588,527,50.560,-51.694,0
4622,77.11037,free_swing,711,430,623,558,52.280,-34.509,0
4623,77.12705,free_swing,710,432,662,573,51.506,-18.800,0
4624,77.14373,free_swing,703,440,706,586,47.750,1.177,0
4625,77.16042,free_swing,689,453,746,576,40.986,24.864,0
4626,77.1771,free_swing,677,463,776,554,35.455,47.411,0
4627,77.19378,free_swing,664,470,805,533,30.231,65.925,0
4628,77.21047,free_swing,653,475,809,497,25.925,81.973,0
4629,77.22715,free_swing,646,478,803,461,23.199,96.180,0
4630,77.24383,free_swing,640,482,789,429,20.681,109.581,0
4631,77.26052,free_swing,634,483,772,402,18.548,120.411,0
4632,77.2772,free_swing,627,484,749,380,16.044,130.446,0
4633,77.29388,free_swing,621,487,724,362,13.690,140.511,0
4634,77.31057,free_swing,613,489,696,349,10.751,149.338,0
4635,77.32725,free_swing,601,491,669,342,6.419,155.469,0
4636,77.34393,free_swing,587,492,642,339,1.423,160.228,0
4637,77.36062,free_swing,573,492,617,334,-3.554,164.438,0
4638,77.3773,free_swing,557,490,592,330,-9.287,167.661,0
4639,77.39398,free_swing,542,486,571,327,-14.816,169.663,0
4640,77.41067,free_swing,527,482,547,322,-20.348,172.875,0
4641,77.42735,free_swing,512,475,526,315,-26.246,174.999,0
4642,77.44403,free_swing,500,468,506,309,-31.209,177.839,0
4643,77.46072,free_swing,487,460,483,302,-36.656,-178.550,0
4644,77.4774,free_swing,476,451,462,295,-41.722,-174.872,0
4645,77.49408,free_swing,467,442,439,290,-46.262,-169.563,0
4646,77.51077,free_swing,459,434,413,286,-50.285,-162.734,0
4647,77.52745,free_swing,454,425,396,289,-53.920,-156.903,0
4648,77.54413,free_swing,449,419,374,295,-56.706,-148.833,0
4649,77.56082,free_swing,446,415,586,351,-58.486,114.567,0
4650,77.5775,free_swing,443,412,586,349,-59.948,113.776,0
4651,77.59418,free_swing,442,410,585,349,-60.739,113.102,0
4652,77.61087,free_swing,443,410,584,346,-60.565,114.413,0
4653,77.62755,free_swing,444,411,586,349,-60.078,113.587,0
4654,77.64423,free_swing,445,414,586,349,-58.975,114.749,0
4655,77.66092,free_swing,447,417,581,336,-57.693,121.152,0
4656,77.6776,free_swing,453,425,586,349,-54.130,119.745,0
4657,77.69428,free_swing,461,434,357,542,-49.827,-43.919,0
4658,77.71097,free_swing,470,446,384,569,-44.497,-34.961,0
4659,77.72765,free_swing,482,455,421,588,-39.163,-24.638,0
4660,77.74433,free_swing,496,466,454,613,-32.800,-15.945,0
4661,77.76102,free_swing,513,477,490,628,-25.615,-8.661,0
4662,77.7777,free_swing,534,485,529,635,-17.650,-1.909,0
4663,77.79438,free_swing,556,490,565,646,-9.638,3.302,0
4664,77.81107,free_swing,580,492,602,648,-1.067,8.027,0
4665,77.82775,free_swing,602,492,637,643,6.730,13.050,0
4666,77.84443,free_swing,625,486,671,637,15.161,16.943,0
4667,77.86112,free_swing,647,479,703,626,23.385,20.854,0
4668,77.8778,free_swing,667,468,729,606,31.514,24.193,0
4669,77.89448,free_swing,685,456,749,578,39.214,27.681,0
4670,77.91117,free_swing,700,443,775,563,46.251,32.005,0
4671,77.92785,free_swing,711,429,789,534,52.561,36.607,0
4672,77.94453,free_swing,718,418,814,516,57.200,44.409,0
4673,77.96122,free_swing,722,412,845,498,59.769,55.039,0
4674,77.9779,free_swing,723,409,846,463,60.876,66.297,0
4675,77.99458,free_swing,722,412,864,438,59.769,79.624,0
4676,78.01127,free_swing,720,414,866,410,58.791,91.569,0
4677,78.02795,free_swing,718,418,846,381,57.200,106.123,0
4678,78.04463,free_swing,714,423,846,360,54.920,115.514,0
4679,78.06132,free_swing,711,428,816,342,52.845,129.319,0
4680,78.078,free_swing,705,435,794,330,49.554,139.715,0
4681,78.09468,free_swing,699,442,784,320,46.262,145.134,0
4682,78.11137,free_swing,691,449,763,315,42.466,151.750,0
4683,78.12805,free_swing,681,458,742,313,37.656,157.184,0
4684,78.14473,free_swing,670,466,721,318,32.800,160.986,0
4685,78.16142,free_swing,657,474,704,318,27.361,163.233,0
4686,78.1781,free_swing,640,482,683,323,20.681,164.867,0
4687,78.19478,free_swing,621,488,663,329,13.606,165.203,0
4688,78.21147,free_swing,600,492,645,334,6.028,164.103,0
4689,78.22815,free_swing,578,492,630,337,-1.779,161.454,0
4690,78.24483,free_swing,555,490,616,338,-9.987,158.134,0
4691,78.26152,free_swing,534,484,605,338,-17.758,154.066,0
4692,78.2782,free_swing,512,476,596,337,-26.089,148.855,0
4693,78.29488,free_swing,493,465,588,334,-33.887,144.051,0
4694,78.31157,free_swing,476,452,584,332,-41.486,138.013,0
4695,78.32825,free_swing,462,438,582,332,-48.514,131.455,0
4696,78.34493,free_swing,452,425,580,329,-54.338,126.870,0
4697,78.36162,free_swing,445,414,579,327,-58.975,122.994,0
4698,78.3783,free_swing,442,410,577,325,-60.739,122.196,0
4699,78.39498,free_swing,444,413,574,323,-59.462,124.695,0
4700,78.41167,free_swing,447,418,572,319,-57.393,128.379,0
4701,78.42835,free_swing,451,424,570,320,-54.834,131.152,0
4702,78.44503,free_swing,457,432,569,319,-51.285,135.255,0
4703,78.46172,free_swing,465,442,568,318,-46.751,140.285,0
4704,78.4784,free_swing,476,451,567,320,-41.722,145.214,0
4705,78.49508,free_swing,488,462,568,321,-35.949,150.430,0
4706,78.51177,free_swing,504,471,568,323,-29.435,156.615,0
4707,78.52845,free_swing,520,479,570,325,-23.058,162.013,0
4708,78.54513,free_swing,540,485,572,327,-15.601,168.551,0
4709,78.56182,free_swing,560,490,574,328,-8.231,175.061,0
4710,78.5785,free_swing,580,492,577,329,-1.067,-178.946,0
4711,78.59518,free_swing,602,491,578,329,6.772,-171.573,0
4712,78.61187,free_swing,623,487,579,329,14.381,-164.438,0
4713,78.62855,free_swing,643,480,579,330,21.934,-156.894,0
4714,78.64523,free_swing,663,470,580,332,29.922,-148.975,0
4715,78.66192,free_swing,680,459,578,334,37.155,-140.786,0
4716,78.6786,free_swing,695,445,575,336,44.493,-132.250,0
4717,78.69528,free_swing,708,431,573,342,51.340,-123.395,0
4718,78.71197,free_swing,718,416,570,351,57.804,-113.711,0
4719,78.72865,free_swing,727,399,571,363,64.722,-102.995,0
4720,78.74533,free_swing,733,384,573,377,70.540,-92.505,0
4721,78.76202,free_swing,737,374,578,393,74.399,-83.186,0
4722,78.7787,free_swing,738,367,584,411,76.924,-74.055,0
4723,78.79538,free_swing,739,367,592,429,77.005,-67.132,0
4724,78.81207,free_swing,738,371,598,449,75.530,-60.876,0
4725,78.82875,free_swing,736,378,607,466,72.924,-55.699,0
4726,78.84543,free_swing,733,387,614,493,69.528,-48.307,0
4727,78.86212,free_swing,729,398,622,516,65.349,-42.201,0
4728,78.8788,free_swing,722,411,631,534,60.078,-36.495,0
4729,78.89548,free_swing,713,427,644,565,53.556,-26.565,0
4730,78.91217,free_swing,698,444,659,591,45.503,-14.859,0
4731,78.92885,free_swing,680,461,676,604,36.729,-1.602,0
4732,78.94553,free_swing,651,478,700,622,24.825,18.792,0
4733,78.96222,free_swing,620,489,710,608,13.180,37.100,0
4734,78.9789,free_swing,596,492,706,586,4.616,49.485,0
4735,78.99558,free_swing,575,491,702,567,-2.862,59.103,0
4736,79.01227,free_swing,558,489,697,553,-8.991,65.277,0
4737,79.02895,free_swing,540,487,686,534,-15.410,72.156,0
4738,79.04563,free_swing,525,480,676,527,-21.269,72.711,0
4739,79.06232,free_swing,510,473,661,516,-27.207,74.105,0
4740,79.079,free_swing,495,465,646,508,-33.294,74.105,0
4741,79.09568,free_swing,481,455,629,505,-39.440,71.333,0
4742,79.11237,free_swing,469,444,612,506,-45.252,66.560,0
4743,79.12905,free_swing,458,432,594,502,-51.062,62.765,0
4744,79.14573,free_swing,449,420,572,510,-56.409,53.807,0
4745,79.16242,free_swing,443,410,553,517,-60.565,45.792,0
4746,79.1791,free_swing,439,403,533,519,-63.435,39.019,0
4747,79.19578,free_swing,438,401,511,530,-64.231,29.505,0
4748,79.21247,free_swing,440,402,489,538,-63.595,19.814,0
4749,79.22915,free_swing,442,409,462,552,-61.049,7.962,0
4750,79.24583,free_swing,448,417,438,560,-57.501,-4.000,0
4751,79.26252,free_swing,458,430,406,570,-51.621,-20.376,0
4752,79.2792,free_swing,471,446,380,566,-44.243,-37.174,0
4753,79.29588,free_swing,488,462,365,550,-35.949,-54.418,0
4754,79.31257,free_swing,505,472,361,530,-28.951,-68.062,0
4755,79.32925,free_swing,520,478,368,507,-23.199,-79.198,0
4756,79.34593,free_swing,533,484,377,490,-18.097,-87.797,0
4757,79.36262,free_swing,547,488,389,475,-12.915,-94.704,0
4758,79.3793,free_swing,561,490,405,462,-7.878,-100.176,0
4759,79.39598,free_swing,580,492,423,454,-1.067,-103.606,0
4760,79.41267,free_swing,598,490,442,450,5.389,-104.381,0
4761,79.42935,free_swing,617,487,460,448,12.295,-103.950,0
4762,79.44603,free_swing,634,482,478,451,18.662,-101.239,0
4763,79.46272,free_swing,651,476,491,456,25.125,-97.125,0
4764,79.4794,free_swing,668,467,509,464,32.005,-91.081,0
4765,79.49608,free_swing,683,456,531,472,38.660,-83.991,0
4766,79.51277,free_swing,697,444,546,490,45.252,-73.057,0
4767,79.52945,free_swing,708,432,571,500,51.062,-63.602,0
4768,79.54613,free_swing,717,421,599,516,56.113,-51.163,0
4769,79.56282,free_swing,722,414,631,530,59.158,-38.114,0
4770,79.5795,free_swing,723,409,667,544,60.876,-22.529,0
4771,79.59618,free_swing,723,411,702,549,60.255,-8.653,0
4772,79.61287,free_swing,719,419,738,549,57.095,8.315,0
4773,79.62955,free_swing,709,431,777,545,51.563,30.816,0
4774,79.64623,free_swing,695,447,801,522,43.995,54.719,0
4775,79.66292,free_swing,684,458,825,500,38.494,73.413,0
4776,79.6796,free_swing,673,464,818,466,34.086,89.210,0
4777,79.69628,free_swing,664,470,819,441,30.231,100.597,0
4778,79.71297,free_swing,656,474,804,415,27.044,111.735,0
4779,79.72965,free_swing,648,478,784,394,23.854,121.701,0
4780,79.74633,free_swing,639,482,762,377,20.348,130.486,0
4781,79.76302,free_swing,628,486,737,364,16.189,138.221,0
4782,79.7797,free_swing,616,489,711,355,11.797,144.665,0
4783,79.79638,free_swing,600,490,684,353,6.103,148.486,0
4784,79.81307,free_swing,584,492,661,349,0.356,151.699,0
4785,79.82975,free_swing,566,491,640,345,-6.065,153.122,0
4786,79.84643,free_swing,549,488,620,343,-12.219,153.911,0
4787,79.86312,free_swing,530,483,604,338,-19.223,152.963,0
4788,79.8798,free_swing,513,476,589,333,-25.769,152.011,0
4789,79.89648,free_swing,496,466,578,329,-32.800,149.098,0
4790,79.91317,free_swing,482,456,568,320,-38.938,147.693,0
4791,79.92985,free_swing,467,445,559,311,-45.498,145.528,0
4792,79.94653,free_swing,456,432,553,303,-51.506,143.059,0
4793,79.96322,free_swing,448,419,546,292,-56.902,142.344,0
4794,79.9799,free_swing,442,409,546,291,-61.049,138.608,0
4795,79.99658,free_swing,438,401,537,277,-64.231,141.397,0
4796,80.01327,free_swing,437,398,532,272,-65.349,142.985,0
4797,80.02995,free_swing,437,398,524,266,-65.349,146.611,0
4798,80.04663,free_swing,439,403,517,266,-63.435,150.345,0
4799,80.06332,free_swing,442,409,505,264,-61.049,156.516,0
4800,80.08,free_swing,447,419,497,270,-57.095,161.450,0
4801,80.09668,free_swing,456,429,481,273,-52.344,170.895,0
4802,80.11337,free_swing,465,440,463,279,-47.270,-179.288,0
4803,80.13005,free_swing,476,451,450,293,-41.722,-170.655,0
4804,80.14673,free_swing,489,461,431,310,-35.870,-158.988,0
4805,80.16342,free_swing,504,470,418,335,-29.612,-147.501,0
4806,80.1801,free_swing,519,478,406,367,-23.527,-134.488,0
4807,80.19678,free_swing,533,484,393,407,-18.097,-118.811,0
4808,80.21347,free_swing,545,488,390,455,-13.606,-102.019,0
4809,80.23015,free_swing,555,489,402,505,-10.049,-84.030,0
4810,80.24683,free_swing,561,490,420,565,-7.878,-61.991,0
4811,80.26352,free_swing,561,491,461,613,-7.829,-39.341,0
4812,80.2802,free_swing,559,490,518,638,-8.584,-15.484,0
4813,80.29688,free_swing,563,491,578,644,-7.125,5.599,0
4814,80.31357,free_swing,570,492,631,629,-4.616,24.001,0
4815,80.33025,free_swing,582,492,678,607,-0.356,39.855,0
4816,80.34693,free_swing,597,492,719,585,4.970,52.682,0
4817,80.36362,free_swing,615,489,754,559,11.449,63.270,0
4818,80.3803,free_swing,634,484,781,531,18.435,72.269,0
4819,80.39698,free_swing,652,476,806,506,25.448,78.977,0
4820,80.41367,free_swing,667,468,823,482,31.514,84.872,0
4821,80.43035,free_swing,680,459,835,459,37.155,90.000,0
4822,80.44703,free_swing,690,451,841,439,41.722,94.544,0
4823,80.46372,free_swing,695,446,847,423,44.243,98.604,0
4824,80.4804,free_swing,697,444,838,406,45.252,105.083,0
4825,80.49708,free_swing,695,446,842,395,44.243,109.134,0
4826,80.51377,free_swing,693,449,826,385,42.990,115.697,0
4827,80.53045,free_swing,689,452,817,379,41.219,119.697,0
4828,80.54713,free_swing,683,457,812,377,38.437,121.805,0
4829,80.56382,free_swing,677,462,804,377,35.662,123.794,0
4830,80.5805,free_swing,666,469,795,381,31.025,124.301,0
4831,80.59718,free_swing,654,475,788,388,26.246,122.994,0
4832,80.61387,free_swing,642,480,781,399,21.602,120.231,0
4833,80.63055,free_swing,627,485,771,412,15.945,116.882,0
4834,80.64723,free_swing,611,489,761,430,10.049,111.471,0
4835,80.66392,free_swing,593,491,749,452,3.576,104.036,0
4836,80.6806,free_swing,576,491,735,477,-2.505,95.032,0
4837,80.69728,free_swing,561,490,718,508,-7.878,83.460,0
4838,80.71397,free_swing,545,488,689,540,-13.606,70.145,0
4839,80.73065,free_swing,532,484,660,573,-18.435,55.189,0
4840,80.74733,free_swing,523,481,612,593,-21.801,38.472,0
4841,80.76402,free_swing,517,477,568,623,-24.326,19.255,0
4842,80.7807,free_swing,514,476,515,621,-25.448,0.395,0
4843,80.79738,free_swing,518,478,456,616,-23.854,-24.193,0
4844,80.81407,free_swing,521,480,410,587,-22.593,-46.051,0
4845,80.83075,free_swing,521,480,382,541,-22.593,-66.306,0
4846,80.84743,free_swing,518,478,364,496,-23.854,-83.333,0
4847,80.86412,free_swing,513,476,360,451,-25.769,-99.280,0
4848,80.8808,free_swing,506,472,364,410,-28.639,-113.587,0
4849,80.89748,free_swing,500,469,375,374,-31.025,-127.235,0
4850,80.91417,free_swing,495,466,394,346,-33.098,-139.914,0
4851,80.93085,free_swing,494,464,419,326,-33.789,-151.477,0
4852,80.94753,free_swing,495,466,440,314,-33.098,-160.108,0
4853,80.96422,free_swing,498,467,467,309,-32.005,-168.899,0
4854,80.9809,free_swing,502,470,494,308,-30.231,-177.173,0
4855,80.99758,free_swing,509,473,520,312,-27.525,176.091,0
4856,81.01427,free_swing,517,477,544,317,-24.326,170.422,0
4857,81.03095,free_swing,527,482,570,326,-20.348,164.590,0
4858,81.04763,free_swing,538,486,593,333,-16.189,160.228,0
4859,81.06432,free_swing,552,489,619,342,-11.101,155.497,0
4860,81.081,free_swing,566,491,644,352,-6.065,150.701,0
4861,81.09768,free_swing,581,492,673,362,-0.712,144.713,0
4862,81.11437,free_swing,597,492,703,371,4.970,138.781,0
4863,81.13105,free_swing,613,489,733,384,10.751,131.186,0
4864,81.14773,free_swing,627,484,763,401,16.044,121.395,0
4865,81.16442,free_swing,645,481,793,421,22.457,112.068,0
4866,81.1811,free_swing,661,472,813,447,28.951,99.340,0
4867,81.19778,free_swing,679,460,831,477,36.656,83.618,0
4868,81.21447,free_swing,695,447,823,503,43.995,66.371,0
4869,81.23115,free_swing,711,427,800,522,53.130,43.132,0
4870,81.24783,free_swing,721,414,774,534,58.975,23.829,0
4871,81.26452,free_swing,725,407,756,551,61.844,12.149,0
4872,81.2812,free_swing,727,404,722,549,63.118,-1.975,0
4873,81.29788,free_swing,724,409,695,553,61.049,-11.386,0
4874,81.31457,free_swing,720,418,669,559,57.583,-19.885,0
4875,81.33125,free_swing,712,428,642,553,53.059,-29.249,0
4876,81.34793,free_swing,701,441,620,565,47.010,-33.154,0
4877,81.36462,free_swing,690,453,599,571,41.252,-37.639,0
4878,81.3813,free_swing,675,464,581,578,34.673,-39.508,0
4879,81.39798,free_swing,657,475,565,592,27.198,-38.179,0
4880,81.41467,free_swing,638,484,545,609,19.772,-36.649,0
4881,81.43135,free_swing,614,490,531,623,11.032,-31.967,0
4882,81.44803,free_swing,590,492,522,633,2.490,-25.747,0
4883,81.46472,free_swing,563,492,516,639,-7.081,-17.731,0
4884,81.4814,free_swing,538,487,514,637,-16.091,-9.090,0
4885,81.49808,free_swing,516,478,512,625,-24.503,-1.559,0
4886,81.51477,free_swing,499,469,507,618,-31.329,3.073,0
4887,81.53145,free_swing,484,458,508,587,-37.937,10.539,0
4888,81.54813,free_swing,469,444,496,592,-45.252,10.339,0
4889,81.56482,free_swing,457,431,487,581,-51.563,11.310,0
4890,81.5815,free_swing,447,416,484,555,-57.995,14.906,0
4891,81.59818,free_swing,440,403,470,550,-63.275,11.535,0
4892,81.61487,free_swing,435,392,465,531,-67.600,12.179,0
4893,81.63155,free_swing,431,382,451,527,-71.452,7.853,0
4894,81.64823,free_swing,430,376,436,526,-73.610,2.291,0
4895,81.66492,free_swing,430,375,424,522,-73.956,-2.337,0
4896,81.6816,free_swing,429,377,422,511,-73.369,-2.990,0
4897,81.69828,free_swing,432,382,398,524,-71.338,-13.465,0
4898,81.71497,free_swing,435,392,379,531,-67.600,-21.943,0
4899,81.73165,free_swing,440,403,367,530,-63.275,-29.890,0
4900,81.74833,free_swing,448,418,422,480,-57.200,-22.751,0
4901,81.76502,free_swing,460,435,592,335,-49.785,127.147,0
4902,81.7817,free_swing,474,449,587,351,-42.730,130.934,0
4903,81.79838,free_swing,489,462,419,470,-35.662,-83.480,0
4904,81.81507,free_swing,504,472,358,504,-29.261,-77.638,0
4905,81.83175,free_swing,520,479,366,502,-23.058,-81.506,0
4906,81.84843,free_swing,536,485,383,499,-16.972,-84.772,0
4907,81.86512,free_swing,554,489,396,505,-10.401,-84.218,0
4908,81.8818,free_swing,572,491,415,511,-3.933,-82.740,0
4909,81.89848,free_swing,592,491,436,520,3.219,-79.469,0
4910,81.91517,free_swing,610,490,458,533,9.638,-74.204,0
4911,81.93185,free_swing,628,485,483,550,16.289,-65.854,0
4912,81.94853,free_swing,645,480,520,562,22.593,-56.735,0
4913,81.96522,free_swing,658,475,554,578,27.512,-45.277,0
4914,81.9819,free_swing,668,468,587,598,31.817,-31.926,0
4915,81.99858,free_swing,675,465,631,609,34.472,-16.991,0
4916,82.01527,free_swing,678,463,679,620,35.742,0.365,0
4917,82.03195,free_swing,676,463,720,597,35.166,18.178,0
4918,82.04863,free_swing,671,466,760,575,33.098,39.232,0
4919,82.06532,free_swing,666,469,796,550,31.025,58.074,0
4920,82.082,free_swing,664,470,811,509,30.231,75.141,0
4921,82.09868,free_swing,664,470,815,469,30.231,90.379,0
4922,82.11537,free_swing,665,469,814,433,30.719,103.583,0
4923,82.13205,free_swing,666,468,806,401,31.209,115.574,0
4924,82.14873,free_swing,668,467,794,374,32.005,126.431,0
4925,82.16542,free_swing,667,466,776,351,31.891,136.534,0
4926,82.1821,free_swing,664,469,750,337,30.411,146.915,0
4927,82.19878,free_swing,658,473,723,331,27.842,155.404,0
4928,82.21547,free_swing,650,476,702,323,24.800,161.229,0
4929,82.23215,free_swing,641,481,676,323,21.140,167.510,0
4930,82.24883,free_swing,629,485,652,323,16.631,171.919,0
4931,82.26552,free_swing,616,488,629,326,11.870,175.412,0
4932,82.2822,free_swing,600,491,606,327,6.065,177.905,0
4933,82.29888,free_swing,584,491,583,330,0.358,-179.644,0
4934,82.31557,free_swing,567,491,561,329,-5.711,-177.879,0
4935,82.33225,free_swing,550,487,539,326,-11.944,-176.091,0
4936,82.34893,free_swing,533,484,516,323,-18.097,-173.972,0
4937,82.36562,free_swing,518,478,493,319,-23.854,-171.064,0
4938,82.3823,free_swing,503,471,472,315,-29.745,-168.761,0
4939,82.39898,free_swing,491,462,446,311,-35.080,-163.405,0
4940,82.41567,free_swing,479,453,419,309,-40.446,-157.380,0
4941,82.43235,free_swing,470,444,396,310,-45.000,-151.091,0
4942,82.44903,free_swing,461,436,367,316,-49.283,-141.927,0
4943,82.46572,free_swing,454,428,587,352,-53.059,119.745,0
4944,82.4824,free_swing,450,422,587,348,-55.620,118.376,0
4945,82.49908,free_swing,446,416,587,351,-58.183,114.749,0
4946,82.51577,free_swing,443,411,586,355,-60.255,111.386,0
4947,82.53245,free_swing,442,408,587,352,-61.361,111.117,0
4948,82.54913,free_swing,442,408,586,352,-61.361,111.251,0
4949,82.56582,free_swing,446,415,589,351,-58.486,114.111,0
4950,82.5825,free_swing,451,422,587,353,-55.418,116.901,0
4951,82.59918,free_swing,458,431,368,537,-51.340,-40.333,0
4952,82.61587,free_swing,467,442,386,566,-46.262,-33.154,0
4953,82.63255,free_swing,479,453,419,581,-40.446,-25.115,0
4954,82.64923,free_swing,493,463,444,608,-34.287,-18.672,0
4955,82.66592,free_swing,510,474,474,627,-27.044,-13.241,0
4956,82.6826,free_swing,530,483,508,636,-19.223,-8.183,0
4957,82.69928,free_swing,552,489,541,643,-11.101,-4.086,0
4958,82.71597,free_swing,574,492,575,649,-3.200,0.365,0
4959,82.73265,free_swing,596,492,609,649,4.616,4.733,0
4960,82.74933,free_swing,618,489,642,644,12.490,8.802,0
4961,82.76602,free_swing,641,483,675,636,20.886,12.529,0
4962,82.7827,free_swing,660,473,704,619,28.469,16.771,0
4963,82.79938,free_swing,679,462,727,592,36.235,20.266,0
4964,82.81607,free_swing,693,450,758,581,42.749,26.390,0
4965,82.83275,free_swing,705,436,772,549,49.283,30.665,0
4966,82.84943,free_swing,713,425,791,524,54.130,38.234,0
4967,82.86612,free_swing,718,417,821,508,57.501,48.540,0
4968,82.8828,free_swing,721,413,838,480,59.281,60.202,0
4969,82.89948,free_swing,720,412,851,452,59.407,73.020,0
4970,82.91617,free_swing,718,416,858,423,57.804,87.138,0
4971,82.93285,free_swing,716,421,845,392,55.914,102.670,0
4972,82.94953,free_swing,712,425,837,368,53.920,114.513,0
4973,82.96622,free_swing,708,431,823,348,51.340,125.819,0
4974,82.9829,free_swing,704,438,804,332,48.514,136.668,0
4975,82.99958,free_swing,696,444,785,320,45.000,144.331,0
4976,83.01627,free_swing,689,451,759,314,41.455,152.935,0
4977,83.03295,free_swing,679,459,737,311,36.870,158.600,0
4978,83.04963,free_swing,668,467,710,316,32.005,164.456,0
4979,83.06632,free_swing,654,475,689,319,26.246,167.355,0
4980,83.083,free_swing,638,482,666,320,20.014,170.194,0
4981,83.09968,free_swing,620,488,643,326,13.261,171.919,0
4982,83.11637,free_swing,599,491,621,329,5.711,172.266,0
4983,83.13305,free_swing,578,492,600,330,-1.779,172.266,0
4984,83.14973,free_swing,557,490,580,329,-9.287,171.870,0
4985,83.16642,free_swing,536,485,561,325,-16.972,171.119,0
4986,83.1831,free_swing,516,477,543,318,-24.651,170.362,0
4987,83.19978,free_swing,499,468,527,311,-31.514,169.888,0
4988,83.21647,free_swing,484,458,508,300,-37.937,171.363,0
4989,83.23315,free_swing,471,447,488,287,-43.995,173.935,0
4990,83.24983,free_swing,461,435,470,277,-49.554,176.740,0
4991,83.26652,free_swing,454,426,449,268,-53.631,-178.187,0
4992,83.2832,free_swing,449,419,433,265,-56.706,-174.068,0
4993,83.29988,free_swing,446,414,420,269,-58.791,-169.834,0
4994,83.31657,free_swing,445,414,388,270,-58.975,-158.405,0
4995,83.33325,free_swing,446,416,367,284,-58.183,-149.100,0
4996,83.34993,free_swing,449,420,437,322,-56.409,-173.019,0
4997,83.36662,free_swing,452,424,587,344,-54.628,120.651,0
4998,83.3833,free_swing,456,429,587,359,-52.344,118.118,0
4999,83.39998,free_swing,460,435,587,355,-49.785,122.208,0
5000,83.41667,free_swing,466,441,588,357,-46.766,124.548,0
5001,83.43335,free_swing,471,447,587,349,-43.995,130.192,0
5002,83.45003,free_swing,478,453,411,489,-40.717,-61.750,0
5003,83.46672,free_swing,485,459,379,573,-37.439,-42.917,0
5004,83.4834,free_swing,493,465,425,603,-33.887,-26.232,0
5005,83.50008,free_swing,504,471,476,620,-29.435,-10.643,0
5006,83.51677,free_swing,517,479,526,634,-24.034,3.323,0
5007,83.53345,free_swing,534,485,575,634,-17.650,15.385,0
5008,83.55013,free_swing,555,490,619,630,-9.987,24.567,0
5009,83.56682,free_swing,579,493,657,619,-1.414,31.759,0
5010,83.5835,free_swing,604,491,697,618,7.477,36.215,0
5011,83.60018,free_swing,629,485,730,608,16.631,39.391,0
5012,83.61687,free_swing,653,476,752,587,25.769,41.730,0
5013,83.63355,free_swing,674,464,776,573,34.380,43.100,0
5014,83.65023,free_swing,691,450,790,551,42.226,44.427,0
5015,83.66692,free_swing,705,436,800,529,49.283,45.610,0
5016,83.6836,free_swing,715,423,821,514,55.125,49.354,0
5017,83.70028,free_swing,720,414,832,493,58.791,54.802,0
5018,83.71697,free_swing,723,409,839,471,60.876,61.876,0
5019,83.73365,free_swing,721,411,848,450,59.899,72.929,0
5020,83.75033,free_swing,720,413,852,429,59.098,83.089,0
5021,83.76702,free_swing,717,419,869,412,56.706,92.637,0
5022,83.7837,free_swing,712,425,853,392,53.920,103.173,0
5023,83.80038,free_swing,707,433,824,375,50.560,116.369,0
5024,83.81707,free_swing,701,440,833,365,47.270,119.604,0
5025,83.83375,free_swing,693,449,821,357,42.990,125.707,0
5026,83.85043,free_swing,683,457,794,353,38.437,133.135,0
5027,83.86712,free_swing,671,465,783,352,33.294,135.255,0
5028,83.8838,free_swing,657,473,769,355,27.525,136.494,0
5029,83.90048,free_swing,641,480,750,360,21.269,137.750,0
5030,83.91717,free_swing,623,486,735,368,14.470,136.494,0
5031,83.93385,free_swing,603,491,721,379,7.125,133.506,0
5032,83.95053,free_swing,582,492,710,392,-0.356,127.999,0
5033,83.96722,free_swing,560,490,699,408,-8.231,120.538,0
5034,83.9839,free_swing,539,486,688,427,-15.848,111.602,0
5035,84.00058,free_swing,519,478,677,451,-23.527,99.697,0
5036,84.01727,free_swing,502,469,661,479,-30.411,86.401,0
5037,84.03395,free_swing,489,461,637,511,-35.870,71.333,0
5038,84.05063,free_swing,477,454,605,535,-40.754,57.674,0
5039,84.06732,free_swing,472,447,567,566,-43.738,38.601,0
5040,84.084,free_swing,470,447,523,593,-44.249,19.952,0
5041,84.10068,free_swing,476,451,475,603,-41.722,-0.377,0
5042,84.11737,free_swing,488,461,421,603,-36.158,-25.259,0
5043,84.13405,free_swing,502,471,386,570,-30.052,-49.521,0
5044,84.15073,free_swing,513,476,372,525,-25.769,-70.837,0
5045,84.16742,free_swing,518,478,366,484,-23.854,-87.739,0
5046,84.1841,free_swing,522,480,368,445,-22.264,-102.804,0
5047,84.20078,free_swing,522,480,383,408,-22.264,-117.384,0
5048,84.21747,free_swing,523,481,402,377,-21.801,-130.679,0
5049,84.23415,free_swing,526,482,429,354,-20.681,-142.845,0
5050,84.25083,free_swing,532,483,460,339,-18.548,-153.435,0
5051,84.26752,free_swing,539,486,490,331,-15.848,-162.457,0
5052,84.2842,free_swing,548,488,522,327,-12.567,-170.826,0
5053,84.30088,free_swing,558,489,555,329,-8.991,-178.926,0
5054,84.31757,free_swing,571,490,585,329,-4.316,175.030,0
5055,84.33425,free_swing,583,492,616,333,0.000,168.275,0
5056,84.35093,free_swing,597,491,647,340,5.001,161.679,0
5057,84.36762,free_swing,610,490,679,344,9.638,154.704,0
5058,84.3843,free_swing,624,486,712,351,14.816,146.902,0
5059,84.40098,free_swing,639,482,744,363,20.348,138.576,0
5060,84.41767,free_swing,653,476,773,378,25.769,129.237,0
5061,84.43435,free_swing,668,468,807,395,31.817,117.708,0
5062,84.45103,free_swing,682,458,818,416,37.937,107.162,0
5063,84.46772,free_swing,697,444,825,440,45.252,91.790,0
5064,84.4844,free_swing,712,428,834,474,53.059,69.341,0
5065,84.50108,free_swing,724,409,815,498,61.049,45.637,0
5066,84.51777,free_swing,729,396,790,514,66.001,27.337,0
5067,84.53445,free_swing,732,390,767,529,68.398,14.133,0
5068,84.55113,free_swing,733,390,732,530,68.529,-0.409,0
5069,84.56782,free_swing,731,395,707,540,66.615,-9.398,0
5070,84.5845,free_swing,727,405,679,545,62.802,-18.925,0
5071,84.60118,free_swing,719,416,653,555,57.995,-25.399,0
5072,84.61787,free_swing,711,429,628,559,52.561,-32.557,0
5073,84.63455,free_swing,699,444,604,567,45.751,-37.681,0
5074,84.65123,free_swing,683,458,583,571,38.217,-41.507,0
5075,84.66792,free_swing,664,470,563,592,30.231,-39.620,0
5076,84.6846,free_swing,643,482,544,604,21.670,-39.058,0
5077,84.70128,free_swing,619,488,528,620,12.915,-34.582,0
5078,84.71797,free_swing,593,492,517,633,3.554,-28.325,0
5079,84.73465,free_swing,565,492,512,641,-6.379,-19.581,0
5080,84.75133,free_swing,539,487,511,636,-15.751,-10.643,0
5081,84.76802,free_swing,516,477,510,623,-24.651,-2.353,0
5082,84.7847,free_swing,497,467,506,619,-32.307,3.389,0
5083,84.80138,free_swing,482,456,504,596,-38.938,8.931,0
5084,84.81807,free_swing,470,445,495,592,-44.748,9.652,0
5085,84.83475,free_swing,460,434,488,581,-50.057,10.784,0
5086,84.85143,free_swing,451,422,484,559,-55.418,13.543,0
5087,84.86812,free_swing,443,408,471,554,-61.189,10.856,0
5088,84.8848,free_swing,437,397,458,546,-65.674,8.022,0
5089,84.90148,free_swing,433,387,458,523,-69.528,10.416,0
5090,84.91817,free_swing,431,381,442,524,-71.792,4.399,0
5091,84.93485,free_swing,430,378,426,525,-72.924,-1.559,0
5092,84.95153,free_swing,430,379,421,517,-72.582,-3.731,0
5093,84.96822,free_swing,432,384,406,521,-70.659,-10.746,0
5094,84.9849,free_swing,435,393,377,537,-67.270,-21.938,0
5095,85.00158,free_swing,440,404,379,524,-62.956,-26.946,0
5096,85.01827,free_swing,448,418,390,509,-57.200,-32.512,0
5097,85.03495,free_swing,459,434,561,371,-50.285,121.701,0
5098,85.05163,free_swing,473,449,584,349,-42.990,132.016,0
5099,85.06832,free_swing,488,461,386,493,-36.158,-72.582,0
5100,85.085,free_swing,503,471,358,506,-29.745,-76.430,0
5101,85.10168,free_swing,519,479,365,504,-23.385,-80.779,0
5102,85.11837,free_swing,535,485,381,501,-17.312,-84.068,0
5103,85.13505,free_swing,553,489,396,505,-10.751,-84.181,0
5104,85.15173,free_swing,571,491,416,509,-4.289,-83.376,0
5105,85.16842,free_swing,591,492,435,519,2.845,-80.181,0
5106,85.1851,free_swing,609,490,456,533,9.287,-74.302,0
5107,85.20178,free_swing,627,486,482,548,15.848,-66.849,0
5108,85.21847,free_swing,643,481,522,556,21.801,-58.208,0
5109,85.23515,free_swing,657,475,549,576,27.198,-46.918,0
5110,85.25183,free_swing,667,469,583,596,31.329,-33.481,0
5111,85.26852,free_swing,675,464,625,603,34.673,-19.784,0
5112,85.2852,free_swing,678,463,670,609,35.742,-3.136,0
5113,85.30188,free_swing,677,463,715,599,35.455,15.611,0
5114,85.31857,free_swing,672,466,754,577,33.395,36.455,0
5115,85.33525,free_swing,668,468,790,554,31.817,54.819,0
5116,85.35193,free_swing,665,469,809,517,30.719,71.565,0
5117,85.36862,free_swing,667,469,821,479,31.329,86.285,0
5118,85.3853,free_swing,667,468,822,443,31.514,99.162,0
5119,85.40198,free_swing,669,467,810,408,32.307,112.706,0
5120,85.41867,free_swing,670,466,800,380,32.800,123.486,0
5121,85.43535,free_swing,671,467,787,357,32.905,133.479,0
5122,85.45203,free_swing,668,467,762,340,32.005,143.493,0
5123,85.46872,free_swing,663,471,738,333,29.745,151.477,0
5124,85.4854,free_swing,655,475,717,325,26.565,157.543,0
5125,85.50208,free_swing,647,479,692,324,23.385,163.811,0
5126,85.51877,free_swing,637,483,667,326,19.558,169.182,0
5127,85.53545,free_swing,622,487,646,324,14.036,171.624,0
5128,85.55213,free_swing,608,490,624,327,8.936,174.394,0
5129,85.56882,free_swing,592,492,603,328,3.200,176.163,0
5130,85.5855,free_swing,575,491,583,329,-2.862,177.173,0
5131,85.60218,free_swing,558,489,564,328,-8.991,177.866,0
5132,85.61887,free_swing,541,486,544,324,-15.161,178.939,0
5133,85.63555,free_swing,526,481,524,319,-20.807,-179.293,0
5134,85.65223,free_swing,510,473,505,314,-27.207,-178.199,0
5135,85.66892,free_swing,496,466,483,307,-32.800,-175.326,0
5136,85.6856,free_swing,484,457,459,299,-38.157,-171.009,0
5137,85.70228,free_swing,474,449,440,295,-42.730,-167.550,0
5138,85.71897,free_swing,466,441,422,294,-46.766,-163.337,0
5139,85.73565,free_swing,460,434,395,295,-50.057,-154.938,0
5140,85.75233,free_swing,456,429,383,304,-52.344,-149.715,0
5141,85.76902,free_swing,453,426,451,330,-53.842,-178.807,0
5142,85.7857,free_swing,452,425,585,355,-54.338,117.759,0
5143,85.80238,free_swing,451,424,586,351,-54.834,118.402,0
5144,85.81907,free_swing,451,425,586,351,-54.545,118.729,0
5145,85.83575,free_swing,453,425,585,356,-54.130,117.597,0
5146,85.85243,free_swing,454,427,587,351,-53.344,119.745,0
5147,85.86912,free_swing,457,432,585,353,-51.285,121.682,0
5148,85.8858,free_swing,464,439,550,381,-47.774,123.996,0
5149,85.90248,free_swing,472,446,373,555,-43.986,-42.248,0
5150,85.91917,free_swing,481,455,407,583,-39.440,-30.033,0
5151,85.93585,free_swing,494,464,439,612,-33.789,-20.386,0
5152,85.95253,free_swing,508,473,482,621,-27.842,-9.964,0
5153,85.96922,free_swing,525,481,520,630,-21.140,-1.922,0
5154,85.9859,free_swing,545,488,559,644,-13.606,5.128,0
5155,86.00258,free_swing,566,492,597,644,-6.028,11.527,0
5156,86.01927,free_swing,589,492,634,642,2.134,16.699,0
5157,86.03595,free_swing,613,489,668,637,10.751,20.386,0
5158,86.05263,free_swing,635,484,699,627,18.771,24.111,0
5159,86.06932,free_swing,657,475,726,612,27.198,26.732,0
5160,86.086,free_swing,676,463,750,594,35.166,29.461,0
5161,86.10268,free_swing,692,450,766,567,42.489,32.312,0
5162,86.11937,free_swing,706,436,788,550,49.514,35.727,0
5163,86.13605,free_swing,715,424,815,535,54.834,42.016,0
5164,86.15273,free_swing,720,415,834,513,58.486,49.316,0
5165,86.16942,free_swing,722,410,844,485,60.388,58.419,0
5166,86.1861,free_swing,722,411,855,458,60.078,70.537,0
5167,86.20278,free_swing,719,415,864,432,58.299,83.313,0
5168,86.21947,free_swing,717,420,850,404,56.409,96.860,0
5169,86.23615,free_swing,712,425,853,382,53.920,106.960,0
5170,86.25283,free_swing,707,433,836,363,50.560,118.486,0
5171,86.26952,free_swing,702,439,816,348,47.774,128.598,0
5172,86.2862,free_swing,694,446,809,337,43.986,133.466,0
5173,86.30288,free_swing,686,453,781,332,40.173,141.864,0
5174,86.31957,free_swing,675,462,760,329,35.080,147.417,0
5175,86.33625,free_swing,663,470,743,329,29.922,150.430,0
5176,86.35293,free_swing,648,478,720,332,23.854,153.750,0
5177,86.36962,free_swing,631,485,699,339,17.312,155.026,0
5178,86.3863,free_swing,612,489,683,342,10.401,154.220,0
5179,86.40298,free_swing,590,492,668,347,2.490,151.723,0
5180,86.41967,free_swing,568,490,653,355,-5.389,147.804,0
5181,86.43635,free_swing,545,487,644,359,-13.690,142.280,0
5182,86.45303,free_swing,524,481,637,364,-21.471,135.996,0
5183,86.46972,free_swing,503,470,629,372,-29.922,127.875,0
5184,86.4864,free_swing,484,459,627,383,-37.720,117.989,0
5185,86.50308,free_swing,468,444,620,395,-45.503,107.868,0
5186,86.51977,free_swing,454,428,613,411,-53.059,96.103,0
5187,86.53645,free_swing,445,415,603,433,-58.671,83.501,0
5188,86.55313,free_swing,440,404,590,451,-62.956,72.602,0
5189,86.56982,free_swing,436,396,573,470,-66.146,61.624,0
5190,86.5865,free_swing,436,396,557,496,-66.146,50.428,0
5191,86.60318,free_swing,439,402,543,511,-63.754,43.655,0
5192,86.61987,free_swing,443,409,526,530,-60.876,34.448,0
5193,86.63655,free_swing,448,421,498,571,-56.310,18.435,0
5194,86.65323,free_swing,461,435,481,575,-49.554,8.130,0
5195,86.66992,free_swing,475,450,455,588,-42.226,-8.246,0
5196,86.6866,free_swing,496,465,422,602,-32.994,-28.376,0
5197,86.70328,free_swing,518,479,410,583,-23.711,-46.081,0
5198,86.71997,free_swing,537,485,406,561,-16.631,-59.880,0
5199,86.73665,free_swing,554,489,406,543,-10.401,-69.955,0
5200,86.75333,free_swing,569,491,415,522,-5.001,-78.619,0
5201,86.77002,free_swing,583,491,427,503,0.000,-85.601,0
5202,86.7867,free_swing,600,491,441,491,6.065,-90.000,0
5203,86.80338,free_swing,619,488,460,478,12.915,-93.599,0
5204,86.82007,free_swing,636,482,477,471,19.341,-93.958,0
5205,86.83675,free_swing,653,475,493,467,25.925,-92.862,0
5206,86.85343,free_swing,669,466,509,466,32.499,-90.000,0
5207,86.87012,free_swing,685,455,530,463,39.440,-87.045,0
5208,86.8868,free_swing,698,442,545,466,46.014,-81.085,0
5209,86.90348,free_swing,710,430,563,473,52.063,-73.695,0
5210,86.92017,free_swing,719,416,582,485,57.995,-63.268,0
5211,86.93685,free_swing,726,404,606,499,62.956,-51.633,0
5212,86.95353,free_swing,730,397,631,511,65.821,-40.972,0
5213,86.97022,free_swing,732,393,655,515,67.407,-32.258,0
5214,86.9869,free_swing,732,394,686,535,67.080,-18.068,0
5215,87.00358,free_swing,728,401,714,543,64.231,-5.631,0
5216,87.02027,free_swing,724,411,742,548,60.430,7.485,0
5217,87.03695,free_swing,714,427,772,548,53.765,25.610,0
5218,87.05363,free_swing,698,443,791,532,45.757,46.259,0
5219,87.07032,free_swing,680,459,803,514,37.155,65.908,0
5220,87.087,free_swing,664,471,817,501,30.052,78.906,0
5221,87.10368,free_swing,650,477,807,478,24.651,89.635,0
5222,87.12037,free_swing,635,483,793,457,18.886,99.345,0
5223,87.13705,free_swing,621,487,775,441,13.690,106.631,0
5224,87.15373,free_swing,607,489,757,429,8.637,111.801,0
5225,87.17042,free_swing,591,491,736,420,2.862,116.089,0
5226,87.1871,free_swing,573,491,716,414,-3.576,118.301,0
5227,87.20378,free_swing,555,490,696,412,-9.987,118.951,0
5228,87.22047,free_swing,535,485,677,413,-17.312,116.887,0
5229,87.23715,free_swing,517,477,665,416,-24.326,112.400,0
5230,87.25383,free_swing,499,469,652,422,-31.329,107.076,0
5231,87.27052,free_swing,483,457,640,431,-38.437,99.403,0
5232,87.2872,free_swing,469,445,628,446,-45.000,89.640,0
5233,87.30388,free_swing,457,431,612,459,-51.563,79.760,0
5234,87.32057,free_swing,447,418,592,473,-57.393,69.228,0
5235,87.33725,free_swing,441,407,569,494,-61.844,55.797,0
5236,87.35393,free_swing,437,399,541,510,-65.026,43.135,0
5237,87.37062,free_swing,435,395,513,520,-66.615,31.964,0
5238,87.3873,free_swing,436,396,476,544,-66.146,15.124,0
5239,87.40398,free_swing,441,403,447,547,-63.113,2.386,0
5240,87.42067,free_swing,447,415,418,545,-58.299,-12.575,0
5241,87.43735,free_swing,458,432,377,549,-51.062,-34.695,0
5242,87.45403,free_swing,474,449,379,515,-42.730,-55.211,0
5243,87.47072,free_swing,489,462,582,347,-35.662,141.038,0
5244,87.4874,free_swing,502,471,354,478,-30.052,-87.292,0
5245,87.50408,free_swing,514,476,361,452,-25.448,-98.915,0
5246,87.52077,free_swing,525,481,377,430,-21.140,-109.014,0
5247,87.53745,free_swing,537,485,396,412,-16.631,-117.372,0
5248,87.55413,free_swing,550,488,417,399,-11.870,-123.789,0
5249,87.57082,free_swing,564,490,439,389,-6.814,-128.938,0
5250,87.5875,free_swing,583,491,460,383,0.000,-131.285,0
5251,87.60418,free_swing,601,491,480,380,6.419,-132.532,0
5252,87.62087,free_swing,621,487,499,379,13.690,-131.517,0
5253,87.63755,free_swing,640,482,514,378,20.681,-129.536,0
5254,87.65423,free_swing,658,473,526,379,27.842,-125.455,0
5255,87.67092,free_swing,675,462,538,380,35.080,-120.902,0
5256,87.6876,free_swing,691,450,544,385,42.226,-113.854,0
5257,87.70428,free_swing,704,435,550,392,49.321,-105.601,0
5258,87.72097,free_swing,716,420,557,403,56.211,-96.103,0
5259,87.73765,free_swing,725,404,567,417,62.793,-85.296,0
5260,87.75433,free_swing,732,389,579,433,68.731,-73.956,0
5261,87.77102,free_swing,736,378,596,447,72.924,-63.763,0
5262,87.7877,free_swing,738,371,614,471,75.530,-51.116,0
5263,87.80438,free_swing,738,369,631,482,76.225,-43.438,0
5264,87.82107,free_swing,738,373,651,502,74.839,-33.996,0
5265,87.83775,free_swing,736,382,671,519,71.565,-25.382,0
5266,87.85443,free_swing,732,392,692,538,67.736,-15.322,0
5267,87.87112,free_swing,726,405,713,550,62.639,-5.123,0
5268,87.8878,free_swing,717,422,740,568,55.819,8.952,0
5269,87.90448,free_swing,699,443,763,572,46.005,26.387,0
5270,87.92117,free_swing,678,462,775,558,35.949,45.297,0
5271,87.93785,free_swing,655,475,789,551,26.565,60.440,0
5272,87.95453,free_swing,635,483,784,534,18.886,71.105,0
5273,87.97122,free_swing,617,489,773,517,12.144,79.824,0
5274,87.9879,free_swing,600,491,758,503,6.065,85.657,0
5275,88.00458,free_swing,582,492,742,492,-0.356,90.000,0
5276,88.02127,free_swing,564,491,724,486,-6.772,91.790,0
5277,88.03795,free_swing,546,487,705,481,-13.343,92.161,0
5278,88.05463,free_swing,527,482,687,483,-20.348,89.642,0
5279,88.07132,free_swing,510,474,667,485,-27.044,85.992,0
5280,88.088,free_swing,493,465,648,493,-33.887,79.760,0
5281,88.10468,free_swing,479,454,628,507,-40.215,70.419,0
5282,88.12137,free_swing,467,442,603,517,-46.262,61.125,0
5283,88.13805,free_swing,456,431,575,533,-51.783,49.399,0
5284,88.15473,free_swing,450,422,543,544,-55.620,37.318,0
5285,88.17142,free_swing,447,415,514,541,-58.299,28.002,0
5286,88.1881,free_swing,445,414,469,568,-58.975,8.858,0
5287,88.20478,free_swing,447,417,428,573,-57.693,-6.944,0
5288,88.22147,free_swing,452,425,398,557,-54.338,-22.249,0
5289,88.23815,free_swing,463,438,362,543,-48.278,-43.888,0
5290,88.25483,free_swing,476,451,583,350,-41.722,133.348,0
5291,88.27152,free_swing,486,460,581,349,-36.941,139.441,0
5292,88.2882,free_swing,495,466,587,353,-33.098,140.849,0
5293,88.30488,free_swing,502,470,362,418,-30.231,-110.376,0
5294,88.32157,free_swing,509,473,376,394,-27.525,-120.710,0
5295,88.33825,free_swing,517,477,393,376,-24.326,-129.163,0
5296,88.35493,free_swing,528,482,420,363,-20.014,-137.774,0
5297,88.37162,free_swing,542,486,449,354,-14.816,-144.834,0
5298,88.3883,free_swing,556,489,474,348,-9.697,-149.819,0
5299,88.40498,free_swing,571,492,500,344,-4.263,-154.372,0
5300,88.42167,free_swing,587,491,524,341,1.432,-157.218,0
5301,88.43835,free_swing,605,490,546,338,7.878,-158.786,0
5302,88.45503,free_swing,624,486,566,333,14.816,-159.239,0
5303,88.47172,free_swing,642,480,584,330,21.602,-158.860,0
5304,88.4884,free_swing,659,472,603,330,28.325,-158.477,0
5305,88.50508,free_swing,675,463,615,316,34.875,-157.797,0
5306,88.52177,free_swing,690,451,625,306,41.722,-155.854,0
5307,88.53845,free_swing,702,439,638,293,47.774,-156.329,0
5308,88.55513,free_swing,711,426,650,280,53.418,-157.324,0
5309,88.57182,free_swing,719,415,656,273,58.299,-156.075,0
5310,88.5885,free_swing,725,406,673,256,62.158,-160.880,0
5311,88.60518,free_swing,727,399,682,251,64.722,-163.088,0
5312,88.62187,free_swing,729,396,695,245,66.001,-167.311,0
5313,88.63855,free_swing,729,397,707,245,65.674,-171.764,0
5314,88.65523,free_swing,727,399,727,244,64.722,180.000,0
5315,88.67192,free_swing,724,405,734,255,62.308,176.186,0
5316,88.6886,free_swing,721,413,753,265,59.281,167.800,0
5317,88.70528,free_swing,716,422,774,279,55.620,157.923,0
5318,88.72197,free_swing,709,431,776,303,51.563,152.371,0
5319,88.73865,free_swing,701,441,794,328,47.010,140.545,0
5320,88.75533,free_swing,692,449,814,361,42.730,125.803,0
5321,88.77202,free_swing,681,458,822,401,37.656,112.011,0
5322,88.7887,free_swing,672,465,818,449,33.591,96.254,0
5323,88.80538,free_swing,663,470,812,502,29.922,77.879,0
5324,88.82207,free_swing,656,474,784,554,27.044,57.995,0
5325,88.83875,free_swing,652,476,738,595,25.448,35.855,0
5326,88.85543,free_swing,648,478,685,632,23.854,13.510,0
5327,88.87212,free_swing,642,482,623,638,21.342,-6.944,0
5328,88.8888,free_swing,629,486,566,633,16.530,-23.199,0
5329,88.90548,free_swing,609,490,516,618,9.287,-36.001,0
5330,88.92217,free_swing,586,492,472,601,1.067,-46.284,0
5331,88.93885,free_swing,561,491,432,583,-7.829,-54.504,0
5332,88.95553,free_swing,536,485,399,566,-16.972,-59.407,0
5333,88.97222,free_swing,512,476,376,545,-26.089,-63.099,0
5334,88.9889,free_swing,491,463,367,521,-34.875,-64.933,0
5335,89.00558,free_swing,474,450,587,360,-42.489,128.536,0
5336,89.02227,free_swing,461,436,587,351,-49.283,124.004,0
5337,89.03895,free_swing,453,426,588,355,-53.842,117.741,0
5338,89.05563,free_swing,452,425,585,346,-54.338,120.710,0
5339,89.07232,free_swing,454,427,587,351,-53.344,119.745,0
5340,89.089,free_swing,456,430,584,346,-52.063,123.275,0
5341,89.10568,free_swing,459,434,584,324,-50.285,131.348,0
5342,89.12237,free_swing,464,440,583,335,-47.511,131.424,0
5343,89.13905,free_swing,470,445,586,327,-44.748,135.490,0
5344,89.15573,free_swing,478,453,557,343,-40.717,144.315,0
5345,89.17242,free_swing,487,460,365,370,-36.656,-126.416,0
5346,89.1891,free_swing,497,467,368,371,-32.307,-126.656,0
5347,89.20578,free_swing,510,474,384,375,-27.044,-128.157,0
5348,89.22247,free_swing,524,480,398,382,-21.602,-127.875,0
5349,89.23915,free_swing,541,486,409,393,-15.161,-125.166,0
5350,89.25583,free_swing,558,489,420,406,-8.991,-121.025,0
5351,89.27252,free_swing,577,490,431,424,-2.161,-114.326,0
5352,89.2892,free_swing,596,490,441,446,4.674,-105.848,0
5353,89.30588,free_swing,614,489,454,472,11.101,-96.065,0
5354,89.32257,free_swing,631,484,473,502,17.418,-83.501,0
5355,89.33925,free_swing,646,478,500,533,23.199,-69.358,0
5356,89.35593,free_swing,660,473,535,566,28.469,-53.351,0
5357,89.37262,free_swing,669,468,579,585,32.118,-37.569,0
5358,89.3893,free_swing,675,465,628,599,34.472,-19.328,0
5359,89.40598,free_swing,673,466,685,616,33.690,4.574,0
5360,89.42267,free_swing,664,470,736,596,30.231,29.745,0
5361,89.43935,free_swing,656,475,771,561,26.882,53.210,0
5362,89.45603,free_swing,653,475,801,522,25.925,72.382,0
5363,89.47272,free_swing,653,475,808,472,25.925,91.109,0
5364,89.4894,free_swing,656,474,806,429,27.044,106.699,0
5365,89.50608,free_swing,661,472,798,390,28.951,120.902,0
5366,89.52277,free_swing,665,469,777,357,30.719,135.000,0
5367,89.53945,free_swing,670,465,752,333,32.994,148.151,0
5368,89.55613,free_swing,671,465,726,318,33.294,159.487,0
5369,89.57282,free_swing,669,467,695,312,32.307,170.478,0
5370,89.5895,free_swing,663,470,666,314,29.922,178.898,0
5371,89.60618,free_swing,658,472,639,314,28.009,-173.143,0
5372,89.62287,free_swing,649,476,611,325,24.474,-165.875,0
5373,89.63955,free_swing,639,481,583,332,20.472,-159.402,0
5374,89.65623,free_swing,628,485,554,341,16.289,-152.802,0
5375,89.67292,free_swing,615,488,525,354,11.520,-146.113,0
5376,89.6896,free_swing,601,490,495,368,6.459,-139.014,0
5377,89.70628,free_swing,585,491,465,385,0.716,-131.455,0
5378,89.72297,free_swing,570,491,436,404,-4.645,-122.994,0
5379,89.73965,free_swing,552,489,407,428,-11.101,-112.816,0
5380,89.75633,free_swing,535,484,380,458,-17.418,-99.522,0
5381,89.77302,free_swing,517,478,363,490,-24.179,-85.544,0
5382,89.7897,free_swing,497,467,359,526,-32.307,-66.852,0
5383,89.80638,free_swing,475,451,372,555,-41.987,-44.723,0
5384,89.82307,free_swing,459,433,403,567,-50.560,-22.681,0
5385,89.83975,free_swing,451,421,434,568,-55.713,-6.597,0
5386,89.85643,free_swing,446,414,463,566,-58.791,6.382,0
5387,89.87312,free_swing,445,413,496,554,-59.281,19.885,0
5388,89.8898,free_swing,447,417,524,550,-57.693,30.069,0
5389,89.90648,free_swing,451,424,549,549,-54.834,38.096,0
5390,89.92317,free_swing,459,434,576,537,-50.285,48.641,0
5391,89.93985,free_swing,469,444,596,532,-45.252,55.281,0
5392,89.95653,free_swing,481,457,618,532,-38.991,61.302,0
5393,89.97322,free_swing,496,466,640,529,-32.800,66.371,0
5394,89.9899,free_swing,512,475,659,536,-26.246,67.463,0
5395,90.00658,free_swing,530,483,676,542,-19.223,67.996,0
5396,90.02327,free_swing,550,489,694,552,-11.797,66.371,0
5397,90.03995,free_swing,572,492,710,566,-3.909,61.798,0
5398,90.05663,free_swing,594,492,709,573,3.909,54.841,0
5399,90.07332,free_swing,619,489,727,596,12.836,45.266,0
5400,90.09,free_swing,645,480,724,604,22.593,32.501,0
5401,90.10668,free_swing,670,467,717,612,32.607,17.959,0
5402,90.12337,free_swing,689,454,698,591,40.754,3.759,0
5403,90.14005,free_swing,703,441,686,574,47.490,-7.284,0
5404,90.15673,free_swing,713,428,682,573,53.271,-12.068,0
5405,90.17342,free_swing,723,413,670,546,59.642,-21.727,0
5406,90.1901,free_swing,730,399,665,531,65.175,-26.217,0
5407,90.20678,free_swing,734,386,664,525,69.986,-26.730,0
5408,90.22347,free_swing,738,375,654,498,74.152,-34.330,0
5409,90.24015,free_swing,740,367,646,483,77.085,-39.019,0
5410,90.25683,free_swing,740,363,643,482,78.480,-39.184,0
5411,90.27352,free_swing,741,362,638,479,78.899,-41.359,0
5412,90.2902,free_swing,740,365,630,474,77.781,-45.262,0
5413,90.30688,free_swing,739,373,621,482,74.932,-47.270,0
5414,90.32357,free_swing,735,383,611,482,71.114,-51.397,0
5415,90.34025,free_swing,731,393,603,486,67.270,-53.999,0
5416,90.35693,free_swing,725,407,593,499,61.844,-55.125,0
5417,90.37362,free_swing,717,421,584,507,56.113,-57.113,0
5418,90.3903,free_swing,706,434,576,522,50.057,-55.905,0
5419,90.40698,free_swing,693,449,566,542,42.990,-53.785,0
5420,90.42367,free_swing,678,462,559,561,35.949,-50.242,0
5421,90.44035,free_swing,659,474,554,585,27.989,-43.409,0
5422,90.45703,free_swing,637,484,552,612,19.440,-33.587,0
5423,90.47372,free_swing,608,491,553,640,8.881,-20.260,0
5424,90.4904,free_swing,575,492,564,649,-2.845,-4.008,0
5425,90.50708,free_swing,546,489,574,639,-13.180,10.574,0
5426,90.52377,free_swing,523,480,579,621,-21.934,21.661,0
5427,90.54045,free_swing,504,471,575,593,-29.435,30.198,0
5428,90.55713,free_swing,489,462,580,587,-35.662,36.055,0
5429,90.57382,free_swing,478,453,577,570,-40.717,40.236,0
5430,90.5905,free_swing,467,442,573,550,-46.262,44.465,0
5431,90.60718,free_swing,458,432,567,541,-51.062,45.000,0
5432,90.62387,free_swing,450,422,561,530,-55.620,45.785,0
5433,90.64055,free_swing,444,413,553,524,-59.462,44.479,0
5434,90.65723,free_swing,440,406,548,514,-62.324,45.000,0
5435,90.67392,free_swing,438,401,542,512,-64.231,43.135,0
5436,90.6906,free_swing,437,400,537,511,-64.704,42.016,0
5437,90.70728,free_swing,438,401,529,529,-64.231,35.410,0
5438,90.72397,free_swing,440,406,526,531,-62.324,34.528,0
5439,90.74065,free_swing,444,413,523,540,-59.462,31.884,0
5440,90.75733,free_swing,451,422,514,564,-55.418,23.925,0
5441,90.77402,free_swing,458,433,509,576,-50.786,19.628,0
5442,90.7907,free_swing,470,445,501,589,-44.748,12.149,0
5443,90.80738,free_swing,484,458,486,617,-37.937,0.721,0
5444,90.82407,free_swing,503,472,475,620,-29.570,-10.713,0
5445,90.84075,free_swing,527,482,462,624,-20.348,-24.596,0
5446,90.85743,free_swing,551,489,458,612,-11.449,-37.093,0
5447,90.87412,free_swing,572,492,461,597,-3.909,-46.591,0
5448,90.8908,free_swing,590,492,465,587,2.490,-52.765,0
5449,90.90748,free_swing,608,490,475,575,8.936,-57.417,0
5450,90.92417,free_swing,623,487,486,565,14.381,-60.345,0
5451,90.94085,free_swing,638,483,499,558,19.892,-61.650,0
5452,90.95753,free_swing,653,476,525,546,25.769,-61.327,0
5453,90.97422,free_swing,669,468,536,545,32.118,-59.931,0
5454,90.9909,free_swing,683,458,556,543,38.217,-56.206,0
5455,91.00758,free_swing,695,447,578,539,43.995,-51.821,0
5456,91.02427,free_swing,705,437,599,547,49.014,-43.939,0
5457,91.04095,free_swing,712,428,623,548,53.059,-36.563,0
5458,91.05763,free_swing,717,422,648,553,55.819,-27.777,0
5459,91.07432,free_swing,719,419,675,558,57.095,-17.565,0
5460,91.091,free_swing,717,421,698,555,56.113,-8.070,0
5461,91.10768,free_swing,712,428,732,567,53.059,8.188,0
5462,91.12437,free_swing,703,439,757,560,48.013,24.050,0
5463,91.14105,free_swing,691,450,780,548,42.226,42.245,0
5464,91.15773,free_swing,675,463,806,538,34.875,60.208,0
5465,91.17442,free_swing,661,471,810,514,29.124,73.902,0
5466,91.1911,free_swing,649,477,803,490,24.326,85.175,0
5467,91.20778,free_swing,638,482,798,469,20.014,94.645,0
5468,91.22447,free_swing,627,486,783,451,15.848,102.645,0
5469,91.24115,free_swing,613,489,766,436,10.751,109.106,0
5470,91.25783,free_swing,601,492,747,425,6.379,114.651,0
5471,91.27452,free_swing,585,492,729,417,0.712,117.512,0
5472,91.2912,free_swing,568,491,709,413,-5.356,118.951,0
5473,91.30788,free_swing,551,490,692,412,-11.379,118.951,0
5474,91.32457,free_swing,533,485,678,413,-17.987,116.407,0
5475,91.34125,free_swing,516,478,665,417,-24.503,112.264,0
5476,91.35793,free_swing,499,469,654,424,-31.329,106.189,0
5477,91.37462,free_swing,484,459,642,434,-37.720,98.991,0
5478,91.3913,free_swing,471,446,629,445,-44.243,90.363,0
5479,91.40798,free_swing,459,435,616,465,-50.013,79.182,0
5480,91.42467,free_swing,450,423,596,485,-55.327,66.991,0
5481,91.44135,free_swing,444,413,573,496,-59.462,57.242,0
5482,91.45803,free_swing,441,406,545,522,-62.158,41.878,0
5483,91.47472,free_swing,439,405,518,535,-62.802,31.287,0
5484,91.4914,free_swing,441,407,492,539,-61.844,21.125,0
5485,91.50808,free_swing,446,416,451,567,-58.183,1.897,0
5486,91.52477,free_swing,455,428,416,574,-52.845,-14.956,0
5487,91.54145,free_swing,469,444,386,565,-45.252,-34.448,0
5488,91.55813,free_swing,487,461,364,546,-36.444,-55.353,0
5489,91.57482,free_swing,504,471,362,516,-29.435,-72.417,0
5490,91.5915,free_swing,518,478,370,486,-23.854,-86.906,0
5491,91.60818,free_swing,530,482,376,463,-19.341,-97.033,0
5492,91.62487,free_swing,543,487,391,441,-14.381,-106.837,0
5493,91.64155,free_swing,554,489,410,422,-10.401,-114.952,0
5494,91.65823,free_swing,567,491,429,409,-5.711,-120.719,0
5495,91.67492,free_swing,581,491,449,397,-0.716,-125.455,0
5496,91.6916,free_swing,599,490,469,391,5.746,-127.291,0
5497,91.70828,free_swing,616,488,488,387,11.870,-128.276,0
5498,91.72497,free_swing,635,483,505,384,18.886,-127.291,0
5499,91.74165,free_swing,652,476,521,385,25.448,-124.786,0
5500,91.75833,free_swing,669,466,529,384,32.499,-120.358,0
5501,91.77502,free_swing,686,454,540,385,39.943,-115.296,0
5502,91.7917,free_swing,701,439,548,390,47.534,-107.758,0
5503,91.80838,free_swing,713,425,554,401,54.130,-98.584,0
5504,91.82507,free_swing,723,409,563,412,60.876,-88.926,0
5505,91.84175,free_swing,730,394,581,427,66.801,-77.512,0
5506,91.85843,free_swing,735,380,592,440,72.132,-67.238,0
5507,91.87512,free_swing,739,371,606,456,75.619,-57.417,0
5508,91.8918,free_swing,739,367,628,472,77.005,-46.591,0
5509,91.90848,free_swing,741,368,645,491,76.820,-37.972,0
5510,91.92517,free_swing,738,374,665,510,74.495,-28.225,0
5511,91.94185,free_swing,736,383,682,521,71.229,-21.371,0
5512,91.95853,free_swing,731,396,706,542,66.289,-9.717,0
5513,91.97522,free_swing,723,412,731,558,59.948,3.136,0
5514,91.9919,free_swing,711,431,754,565,52.001,17.791,0
5515,92.00858,free_swing,691,452,774,561,41.751,37.288,0
5516,92.02527,free_swing,667,469,791,556,31.329,54.946,0
5517,92.04195,free_swing,648,478,781,534,23.854,67.166,0
5518,92.05863,free_swing,630,485,780,523,16.972,75.784,0
5519,92.07532,free_swing,612,489,770,508,10.401,83.143,0
5520,92.092,free_swing,595,491,754,497,4.289,87.839,0
5521,92.10868,free_swing,577,491,735,489,-2.148,90.725,0
5522,92.12537,free_swing,558,490,718,485,-8.936,91.790,0
5523,92.14205,free_swing,539,486,697,481,-15.848,91.813,0
5524,92.15873,free_swing,521,479,680,487,-22.730,87.120,0
5525,92.17542,free_swing,504,471,660,495,-29.435,81.254,0
5526,92.1921,free_swing,488,460,640,504,-36.369,73.856,0
5527,92.20878,free_swing,475,449,615,518,-42.466,63.763,0
5528,92.22547,free_swing,464,439,589,532,-47.774,53.351,0
5529,92.24215,free_swing,455,429,559,533,-52.561,45.000,0
5530,92.25883,free_swing,449,421,524,549,-56.113,30.368,0
5531,92.27552,free_swing,447,418,484,568,-57.393,13.856,0
5532,92.2922,free_swing,448,419,447,567,-56.902,-0.387,0
5533,92.30888,free_swing,454,426,407,564,-53.631,-18.808,0
5534,92.32557,free_swing,463,438,368,551,-48.278,-40.054,0
5535,92.34225,free_swing,475,451,562,368,-41.987,133.652,0
5536,92.35893,free_swing,486,460,586,345,-36.941,138.991,0
5537,92.37562,free_swing,496,466,587,364,-32.800,138.262,0
5538,92.3923,free_swing,503,470,359,422,-29.922,-108.435,0
5539,92.40898,free_swing,509,474,370,396,-27.361,-119.299,0
5540,92.42567,free_swing,516,477,394,373,-24.651,-130.446,0
5541,92.44235,free_swing,526,481,421,358,-20.807,-139.514,0
5542,92.45903,free_swing,539,485,448,349,-15.945,-146.213,0
5543,92.47572,free_swing,552,488,477,342,-11.170,-152.810,0
5544,92.4924,free_swing,565,490,506,338,-6.459,-158.786,0
5545,92.50908,free_swing,581,491,533,336,-0.716,-162.793,0
5546,92.52577,free_swing,598,490,558,332,5.389,-165.793,0
5547,92.54245,free_swing,615,488,582,329,11.520,-168.275,0
5548,92.55913,free_swing,633,484,605,327,18.097,-169.888,0
5549,92.57582,free_swing,648,478,627,321,23.854,-172.381,0
5550,92.5925,free_swing,665,469,648,313,30.719,-173.781,0
5551,92.60918,free_swing,679,460,666,302,36.656,-175.296,0
5552,92.62587,free_swing,691,450,689,292,42.226,-179.275,0
5553,92.64255,free_swing,702,439,704,286,47.774,179.251,0
5554,92.65923,free_swing,710,427,724,279,52.914,174.596,0
5555,92.67592,free_swing,718,417,748,272,57.501,168.311,0
5556,92.6926,free_swing,723,408,772,270,61.189,160.451,0
5557,92.70928,free_swing,728,401,798,272,64.231,151.514,0
5558,92.72597,free_swing,730,395,816,281,66.473,142.970,0
5559,92.74265,free_swing,731,392,847,293,67.600,130.479,0
5560,92.75933,free_swing,731,392,857,314,67.600,121.759,0
5561,92.77602,free_swing,731,394,874,338,66.942,111.386,0
5562,92.7927,free_swing,728,396,864,366,65.854,102.440,0
5563,92.80938,free_swing,726,402,879,400,63.595,90.749,0
5564,92.82607,free_swing,722,410,864,432,60.388,81.193,0
5565,92.84275,free_swing,718,418,850,467,57.200,69.634,0
5566,92.85943,free_swing,710,428,832,502,52.628,58.761,0
5567,92.87612,free_swing,701,440,808,536,47.270,48.102,0
5568,92.8928,free_swing,691,451,774,561,41.987,37.036,0
5569,92.90948,free_swing,678,461,739,586,36.158,26.012,0
5570,92.92617,free_swing,662,471,707,623,29.435,16.492,0
5571,92.94285,free_swing,642,481,665,637,21.471,8.387,0
5572,92.95953,free_swing,622,488,621,647,13.950,-0.360,0
5573,92.97622,free_swing,598,491,579,649,5.356,-6.857,0
5574,92.9929,free_swing,573,492,537,647,-3.554,-13.076,0
5575,93.00958,free_swing,550,488,497,639,-11.870,-19.341,0
5576,93.02627,free_swing,528,483,462,621,-19.892,-25.560,0
5577,93.04295,free_swing,508,473,428,603,-27.842,-31.608,0
5578,93.05963,free_swing,489,462,397,585,-35.662,-36.795,0
5579,93.07632,free_swing,474,448,372,560,-42.973,-42.325,0
5580,93.093,free_swing,461,436,408,493,-49.283,-42.917,0
5581,93.10968,free_swing,452,424,587,358,-54.628,116.053,0
5582,93.12637,free_swing,447,416,585,352,-57.995,114.880,0
5583,93.14305,free_swing,444,412,586,353,-59.769,112.563,0
5584,93.15973,free_swing,443,410,586,349,-60.565,113.102,0
5585,93.17642,free_swing,443,411,586,349,-60.255,113.440,0
5586,93.1931,free_swing,444,412,586,353,-59.769,112.563,0
5587,93.20978,free_swing,445,416,586,350,-58.369,115.084,0
5588,93.22647,free_swing,448,420,587,351,-56.605,116.400,0
5589,93.24315,free_swing,453,427,403,316,-53.556,-155.751,0
5590,93.25983,free_swing,459,433,372,302,-50.560,-146.411,0
5591,93.27652,free_swing,466,442,393,298,-46.507,-153.118,0
5592,93.2932,free_swing,475,450,417,299,-42.226,-158.988,0
5593,93.30988,free_swing,486,459,439,303,-37.155,-163.233,0
5594,93.32657,free_swing,499,468,462,309,-31.514,-166.900,0
5595,93.34325,free_swing,515,476,483,317,-25.125,-168.621,0
5596,93.35993,free_swing,534,484,500,324,-17.758,-168.003,0
5597,93.37662,free_swing,554,489,516,329,-10.401,-166.640,0
5598,93.3933,free_swing,576,491,531,334,-2.505,-164.006,0
5599,93.40998,free_swing,599,491,543,337,5.711,-160.017,0
5600,93.42667,free_swing,622,487,555,339,14.036,-155.644,0
5601,93.44335,free_swing,644,480,563,339,22.264,-150.124,0
5602,93.46003,free_swing,664,470,575,346,30.231,-144.331,0
5603,93.47672,free_swing,684,456,573,336,38.938,-137.231,0
5604,93.4934,free_swing,698,441,576,336,46.273,-130.717,0
5605,93.51008,free_swing,710,427,577,336,52.914,-124.380,0
5606,93.52677,free_swing,718,415,577,337,58.109,-118.951,0
5607,93.54345,free_swing,723,409,578,337,60.876,-116.407,0
5608,93.56013,free_swing,724,405,578,337,62.308,-114.974,0
5609,93.57682,free_swing,724,406,577,338,61.991,-114.825,0
5610,93.5935,free_swing,719,413,575,340,58.912,-116.882,0
5611,93.61018,free_swing,715,420,573,344,56.010,-118.156,0
5612,93.62687,free_swing,709,429,569,348,52.125,-120.052,0
5613,93.64355,free_swing,701,439,563,354,47.534,-121.631,0
5614,93.66023,free_swing,691,450,556,361,42.226,-123.395,0
5615,93.67692,free_swing,679,460,545,368,36.656,-124.472,0
5616,93.6936,free_swing,665,469,533,377,30.719,-124.875,0
5617,93.71028,free_swing,649,476,517,387,24.474,-123.990,0
5618,93.72697,free_swing,632,484,497,397,17.758,-122.800,0
5619,93.74365,free_swing,615,488,474,410,11.520,-118.951,0
5620,93.76033,free_swing,596,490,451,424,4.674,-114.474,0
5621,93.77702,free_swing,578,491,426,443,-1.790,-107.526,0
5622,93.7937,free_swing,559,489,403,464,-8.637,-99.105,0
5623,93.81038,free_swing,539,486,380,493,-15.848,-87.479,0
5624,93.82707,free_swing,518,479,367,523,-23.711,-73.754,0
5625,93.84375,free_swing,496,467,370,550,-32.607,-56.626,0
5626,93.86043,free_swing,474,449,389,570,-42.730,-35.087,0
5627,93.87712,free_swing,458,432,414,577,-51.062,-16.880,0
5628,93.8938,free_swing,448,418,451,558,-57.200,1.228,0
5629,93.91048,free_swing,443,408,479,545,-61.189,14.723,0
5630,93.92717,free_swing,439,403,503,535,-63.435,25.866,0
5631,93.94385,free_swing,438,401,527,520,-64.231,36.793,0
5632,93.96053,free_swing,439,403,549,509,-63.435,46.061,0
5633,93.97722,free_swing,443,410,568,507,-60.565,52.189,0
5634,93.9939,free_swing,449,419,589,489,-56.706,63.435,0
5635,94.01058,free_swing,456,431,606,481,-51.783,71.565,0
5636,94.02727,free_swing,468,442,624,476,-46.014,77.705,0
5637,94.04395,free_swing,480,454,637,465,-39.943,85.992,0
5638,94.06063,free_swing,494,465,654,467,-33.591,89.284,0
5639,94.07732,free_swing,510,475,670,468,-26.882,92.505,0
5640,94.094,free_swing,529,482,687,472,-19.678,93.621,0
5641,94.11068,free_swing,547,487,706,480,-12.995,92.521,0
5642,94.12737,free_swing,567,491,726,493,-5.711,89.279,0
5643,94.14405,free_swing,588,492,746,509,1.779,83.859,0
5644,94.16073,free_swing,609,490,756,527,9.287,75.872,0
5645,94.17742,free_swing,631,485,768,548,17.312,65.304,0
5646,94.1941,free_swing,655,476,772,570,26.407,51.221,0
5647,94.21078,free_swing,679,462,757,578,36.235,33.917,0
5648,94.22747,free_swing,697,445,739,581,45.000,17.162,0
5649,94.24415,free_swing,711,430,717,573,52.280,2.403,0
5650,94.26083,free_swing,719,418,694,555,57.393,-10.342,0
5651,94.27752,free_swing,725,408,681,553,61.531,-16.880,0
5652,94.2942,free_swing,729,400,660,530,64.704,-27.958,0
5653,94.31088,free_swing,733,391,648,521,68.199,-33.179,0
5654,94.32757,free_swing,734,385,634,508,70.322,-39.111,0
5655,94.34425,free_swing,736,382,619,484,71.565,-48.918,0
5656,94.36093,free_swing,736,382,606,472,71.565,-55.305,0
5657,94.37762,free_swing,733,387,594,463,69.528,-61.332,0
5658,94.3943,free_swing,730,395,581,453,66.473,-68.731,0
5659,94.41098,free_swing,724,405,569,441,62.308,-76.924,0
5660,94.42767,free_swing,716,419,559,434,56.509,-84.542,0
5661,94.44435,free_swing,706,432,548,430,50.609,-90.725,0
5662,94.46103,free_swing,696,445,540,426,44.748,-96.944,0
5663,94.47772,free_swing,682,457,525,431,38.157,-99.403,0
5664,94.4944,free_swing,666,467,513,434,31.395,-102.171,0
5665,94.51108,free_swing,650,476,494,443,24.800,-101.944,0
5666,94.52777,free_swing,632,484,474,454,17.758,-100.751,0
5667,94.54445,free_swing,612,488,454,468,10.465,-97.214,0
5668,94.56113,free_swing,593,491,433,486,3.576,-91.790,0
5669,94.57782,free_swing,572,491,414,507,-3.933,-84.218,0
5670,94.5945,free_swing,550,488,398,533,-11.870,-73.508,0
5671,94.61118,free_swing,527,482,390,560,-20.348,-60.345,0
5672,94.62787,free_swing,503,471,396,583,-29.745,-43.692,0
5673,94.64455,free_swing,480,456,414,596,-39.489,-25.241,0
5674,94.66123,free_swing,464,439,441,587,-47.774,-8.833,0
5675,94.67792,free_swing,454,426,461,582,-53.631,2.569,0
5676,94.6946,free_swing,447,416,484,566,-57.995,13.856,0
5677,94.71128,free_swing,441,407,510,534,-61.844,28.516,0
5678,94.72797,free_swing,438,401,523,529,-64.231,33.587,0
5679,94.74465,free_swing,437,397,543,500,-65.674,45.822,0
5680,94.76133,free_swing,436,396,556,494,-66.146,50.763,0
5681,94.77802,free_swing,437,399,570,482,-65.026,58.033,0
5682,94.7947,free_swing,440,405,582,475,-62.639,63.759,0
5683,94.81138,free_swing,444,412,595,459,-59.769,72.711,0
5684,94.82807,free_swing,451,423,607,453,-55.125,79.114,0
5685,94.84475,free_swing,459,435,618,448,-50.013,85.326,0
5686,94.86143,free_swing,470,446,629,443,-44.497,91.081,0
5687,94.87812,free_swing,483,458,642,444,-38.217,95.032,0
5688,94.8948,free_swing,498,467,655,446,-32.005,97.619,0
5689,94.91148,free_swing,515,477,671,451,-24.974,99.462,0
5690,94.92817,free_swing,531,483,690,461,-18.886,97.878,0
5691,94.94485,free_swing,551,489,710,474,-11.449,95.389,0
5692,94.96153,free_swing,570,490,728,489,-4.674,90.363,0
5693,94.97822,free_swing,590,491,748,510,2.505,83.143,0
5694,94.9949,free_swing,612,489,762,534,10.401,73.301,0
5695,95.01158,free_swing,634,484,769,558,18.435,61.271,0
5696,95.02827,free_swing,658,474,766,581,27.676,45.266,0
5697,95.04495,free_swing,682,459,744,585,37.720,26.200,0
5698,95.06163,free_swing,701,443,722,585,46.494,8.412,0
5699,95.07832,free_swing,712,429,702,579,52.776,-3.814,0
5700,95.095,free_swing,719,419,675,553,57.095,-18.178,0
5701,95.11168,free_swing,725,408,656,538,61.531,-27.958,0
5702,95.12837,free_swing,728,402,643,528,63.911,-34.004,0
5703,95.14505,free_swing,730,395,625,504,66.473,-43.929,0
5704,95.16173,free_swing,732,390,612,491,68.398,-49.914,0
5705,95.17842,free_swing,732,392,600,478,67.736,-56.915,0
5706,95.1951,free_swing,730,395,586,460,66.473,-65.706,0
5707,95.21178,free_swing,726,403,573,448,63.275,-73.610,0
5708,95.22847,free_swing,720,414,565,437,58.791,-81.560,0
5709,95.24515,free_swing,711,426,557,424,53.418,-90.744,0
5710,95.26183,free_swing,701,439,544,419,47.534,-97.260,0
5711,95.27852,free_swing,689,451,533,414,41.455,-103.343,0
5712,95.2952,free_swing,674,462,522,413,34.786,-107.868,0
5713,95.31188,free_swing,658,471,509,415,28.179,-110.598,0
5714,95.32857,free_swing,642,480,494,418,21.602,-112.730,0
5715,95.34525,free_swing,623,486,476,424,14.470,-112.868,0
5716,95.36193,free_swing,605,489,456,432,7.927,-110.934,0
5717,95.37862,free_swing,585,491,434,444,0.716,-107.289,0
5718,95.3953,free_swing,566,490,411,458,-6.103,-101.665,0
5719,95.41198,free_swing,547,488,390,476,-12.915,-94.371,0
5720,95.42867,free_swing,528,482,370,501,-20.014,-83.143,0
5721,95.44535,free_swing,507,473,361,526,-28.156,-70.048,0
5722,95.46203,free_swing,486,459,365,549,-37.155,-53.358,0
5723,95.47872,free_swing,467,442,382,565,-46.262,-34.647,0
5724,95.4954,free_swing,453,425,414,558,-54.130,-16.343,0
5725,95.51208,free_swing,445,412,448,542,-59.589,1.322,0
5726,95.52877,free_swing,439,402,462,546,-63.754,9.075,0
5727,95.54545,free_swing,435,395,486,534,-66.615,20.148,0
5728,95.56213,free_swing,433,390,510,517,-68.529,31.228,0
5729,95.57882,free_swing,433,389,529,509,-68.860,38.660,0
5730,95.5955,free_swing,434,392,547,501,-67.736,46.032,0
5731,95.61218,free_swing,437,399,568,480,-65.026,58.271,0
5732,95.62887,free_swing,442,408,584,478,-61.361,63.759,0
5733,95.64555,free_swing,450,420,601,471,-56.211,71.338,0
5734,95.66223,free_swing,459,433,615,461,-50.560,79.824,0
5735,95.67892,free_swing,471,445,629,459,-44.493,84.936,0
5736,95.6956,free_swing,484,458,644,458,-37.937,90.000,0
5737,95.71228,free_swing,500,468,658,458,-31.209,93.621,0
5738,95.72897,free_swing,518,477,677,467,-23.999,93.599,0
5739,95.74565,free_swing,536,485,695,475,-16.972,93.599,0
5740,95.76233,free_swing,556,489,713,488,-9.697,90.365,0
5741,95.77902,free_swing,577,491,735,507,-2.148,84.218,0
5742,95.7957,free_swing,599,490,751,528,5.746,75.964,0
5743,95.81238,free_swing,620,488,764,552,13.261,66.038,0
5744,95.82907,free_swing,644,481,758,568,22.130,52.651,0
5745,95.84575,free_swing,670,469,755,590,32.229,35.087,0
5746,95.86243,free_swing,692,452,725,576,42.013,14.903,0
5747,95.87912,free_swing,706,436,702,565,49.514,-1.776,0
5748,95.8958,free_swing,716,423,685,557,55.327,-13.026,0
5749,95.91248,free_swing,722,411,669,549,60.078,-21.010,0
5750,95.92917,free_swing,728,402,653,532,63.911,-29.982,0
5751,95.94585,free_swing,732,392,640,514,67.736,-37.020,0
5752,95.96253,free_swing,734,383,627,494,70.998,-43.949,0
5753,95.97922,free_swing,736,378,615,476,72.924,-50.995,0
5754,95.9959,free_swing,737,378,603,461,73.028,-58.226,0
5755,96.01258,free_swing,735,380,592,446,72.132,-65.225,0
5756,96.02927,free_swing,732,388,579,432,69.066,-73.956,0
5757,96.04595,free_swing,728,398,570,419,65.200,-82.429,0
5758,96.06263,free_swing,722,410,562,409,60.388,-90.358,0
5759,96.07932,free_swing,713,424,555,400,54.421,-98.637,0
5760,96.096,free_swing,702,437,549,394,48.307,-105.698,0
5761,96.11268,free_swing,690,450,545,391,41.961,-112.141,0
5762,96.12937,free_swing,675,462,538,393,35.080,-116.732,0
5763,96.14605,free_swing,657,473,519,391,27.525,-120.719,0
5764,96.16273,free_swing,640,481,505,394,20.807,-122.800,0
5765,96.17942,free_swing,619,487,487,397,12.995,-124.287,0
5766,96.1961,free_swing,600,490,466,403,6.103,-122.994,0
5767,96.21278,free_swing,582,491,443,411,-0.358,-119.922,0
5768,96.22947,free_swing,562,490,418,422,-7.524,-115.278,0
5769,96.24615,free_swing,543,486,394,435,-14.470,-108.895,0
5770,96.26283,free_swing,524,480,371,453,-21.602,-100.008,0
5771,96.27952,free_swing,505,472,358,475,-28.951,-88.831,0
5772,96.2962,free_swing,486,460,588,355,-36.941,135.830,0
5773,96.31288,free_swing,467,443,558,378,-46.005,125.538,0
5774,96.32957,free_swing,451,423,368,541,-55.125,-35.122,0
5775,96.34625,free_swing,441,407,393,546,-61.844,-19.051,0
5776,96.36293,free_swing,436,395,435,528,-66.473,-0.431,0
5777,96.37962,free_swing,433,387,453,531,-69.528,7.907,0
5778,96.3963,free_swing,432,384,480,523,-70.659,19.051,0
5779,96.41298,free_swing,432,385,508,509,-70.322,31.504,0
5780,96.42967,free_swing,434,391,529,508,-68.066,39.075,0
5781,96.44635,free_swing,438,400,550,506,-64.552,46.577,0
5782,96.46303,free_swing,443,411,571,494,-60.255,57.039,0
5783,96.47972,free_swing,452,424,590,501,-54.628,60.840,0
5784,96.4964,free_swing,463,438,609,501,-48.278,66.659,0
5785,96.51308,free_swing,476,451,626,499,-41.722,72.255,0
5786,96.52977,free_swing,492,463,643,507,-34.582,73.754,0
5787,96.54645,free_swing,508,474,662,516,-27.676,74.745,0
5788,96.56313,free_swing,528,482,678,525,-20.014,74.004,0
5789,96.57982,free_swing,548,488,693,543,-12.567,69.228,0
5790,96.5965,free_swing,570,492,711,564,-4.616,62.949,0
5791,96.61318,free_swing,595,491,718,584,4.289,52.907,0
5792,96.62987,free_swing,623,487,723,606,14.381,40.042,0
5793,96.64655,free_swing,650,478,714,617,24.503,24.723,0
5794,96.66323,free_swing,676,464,695,604,34.963,7.729,0
5795,96.67992,free_swing,692,450,679,591,42.489,-5.268,0
5796,96.6966,free_swing,704,438,668,579,48.514,-14.323,0
5797,96.71328,free_swing,714,426,653,551,54.051,-26.012,0
5798,96.72997,free_swing,722,414,649,541,59.158,-29.890,0
5799,96.74665,free_swing,728,398,644,528,65.200,-32.869,0
5800,96.76333,free_swing,734,386,638,506,69.986,-38.660,0
5801,96.78002,free_swing,737,377,634,491,73.369,-42.098,0
5802,96.7967,free_swing,740,369,629,481,76.394,-44.743,0
5803,96.81338,free_swing,740,364,621,466,78.130,-49.399,0
5804,96.83007,free_swing,740,365,615,464,77.781,-51.621,0
5805,96.84675,free_swing,739,370,608,456,75.964,-56.716,0
5806,96.86343,free_swing,736,377,596,454,73.266,-61.189,0
5807,96.88012,free_swing,733,387,587,454,69.528,-65.349,0
5808,96.8968,free_swing,728,399,579,453,64.875,-70.079,0
5809,96.91348,free_swing,722,411,568,455,60.078,-74.055,0
5810,96.93017,free_swing,713,425,558,465,54.130,-75.530,0
5811,96.94685,free_swing,702,438,546,475,48.039,-76.657,0
5812,96.96353,free_swing,689,451,535,485,41.455,-77.550,0
5813,96.98022,free_swing,674,463,522,507,34.582,-73.856,0
5814,96.9969,free_swing,657,474,507,530,27.361,-69.528,0
5815,97.01358,free_swing,637,483,499,552,19.558,-63.435,0
5816,97.03027,free_swing,615,489,489,581,11.449,-53.865,0
5817,97.04695,free_swing,589,493,483,611,2.121,-41.934,0
5818,97.06363,free_swing,559,491,493,626,-8.531,-26.053,0
5819,97.08032,free_swing,528,483,509,632,-19.892,-7.267,0
5820,97.097,free_swing,503,472,525,625,-29.570,8.183,0
5821,97.11368,free_swing,486,459,538,596,-37.155,20.785,0
5822,97.13037,free_swing,473,449,546,582,-42.990,28.761,0
5823,97.14705,free_swing,464,439,555,563,-47.774,36.274,0
5824,97.16373,free_swing,455,428,560,541,-52.845,42.898,0
5825,97.18042,free_swing,449,420,563,527,-56.409,46.814,0
5826,97.1971,free_swing,444,412,567,511,-59.769,51.170,0
5827,97.21378,free_swing,441,407,571,489,-61.844,57.758,0
5828,97.23047,free_swing,439,404,574,489,-63.118,57.804,0
5829,97.24715,free_swing,440,404,578,482,-62.956,60.524,0
5830,97.26383,free_swing,441,407,585,473,-61.844,65.376,0
5831,97.28052,free_swing,444,412,591,472,-59.769,67.797,0
5832,97.2972,free_swing,449,420,599,472,-56.409,70.880,0
5833,97.31388,free_swing,456,429,608,474,-52.344,73.508,0
5834,97.33057,free_swing,464,439,618,483,-47.774,74.055,0
5835,97.34725,free_swing,475,450,629,494,-42.226,74.055,0
5836,97.36393,free_swing,487,460,639,505,-36.656,73.508,0
5837,97.38062,free_swing,501,469,651,523,-30.719,70.201,0
5838,97.3973,free_swing,517,478,662,545,-24.179,65.200,0
5839,97.41398,free_swing,535,485,668,561,-17.312,60.255,0
5840,97.43067,free_swing,555,490,671,588,-9.987,49.808,0
5841,97.44735,free_swing,581,493,674,614,-0.707,37.546,0
5842,97.46403,free_swing,609,491,666,638,9.230,21.194,0
5843,97.48072,free_swing,637,483,649,640,19.558,4.371,0
5844,97.4974,free_swing,660,474,632,628,28.301,-10.305,0
5845,97.51408,free_swing,675,464,619,599,34.673,-22.529,0
5846,97.53077,free_swing,687,455,610,578,39.987,-32.047,0
5847,97.54745,free_swing,696,447,600,553,44.249,-42.166,0
5848,97.56413,free_swing,705,436,597,537,49.283,-46.918,0
5849,97.58082,free_swing,715,425,596,526,54.545,-49.677,0
5850,97.5975,free_swing,721,414,596,501,58.975,-55.162,0
5851,97.61418,free_swing,726,405,595,490,62.639,-57.022,0
5852,97.63087,free_swing,729,399,593,478,65.026,-59.848,0
5853,97.64755,free_swing,729,397,590,470,65.674,-62.292,0
5854,97.66423,free_swing,728,398,585,464,65.200,-65.225,0
5855,97.68092,free_swing,726,402,579,461,63.595,-68.131,0
5856,97.6976,free_swing,723,410,572,459,60.565,-72.022,0
5857,97.71428,free_swing,718,418,564,460,57.200,-74.745,0
5858,97.73097,free_swing,710,428,556,464,52.628,-76.842,0
5859,97.74765,free_swing,701,438,548,470,47.799,-78.187,0
5860,97.76433,free_swing,691,449,538,479,42.466,-78.906,0
5861,97.78102,free_swing,679,460,525,498,36.656,-76.139,0
5862,97.7977,free_swing,664,470,511,518,30.231,-72.582,0
5863,97.81438,free_swing,648,478,501,538,23.854,-67.797,0
5864,97.83107,free_swing,630,485,490,563,16.972,-60.876,0
5865,97.84775,free_swing,609,490,484,591,9.287,-51.062,0
5866,97.86443,free_swing,585,492,486,613,0.712,-39.289,0
5867,97.88112,free_swing,555,490,495,633,-9.987,-22.762,0
5868,97.8978,free_swing,527,483,513,633,-20.225,-5.332,0
5869,97.91448,free_swing,504,473,528,622,-29.089,9.150,0
5870,97.93117,free_swing,488,462,540,608,-35.949,19.604,0
5871,97.94785,free_swing,477,452,549,584,-41.219,28.610,0
5872,97.96453,free_swing,468,443,559,564,-45.757,36.946,0
5873,97.98122,free_swing,460,435,564,555,-49.785,40.914,0
5874,97.9979,free_swing,454,428,568,536,-53.059,46.548,0
5875,98.01458,free_swing,450,421,572,511,-55.914,53.584,0
5876,98.03127,free_swing,447,416,574,511,-57.995,53.202,0
5877,98.04795,free_swing,445,414,577,498,-58.975,57.529,0
5878,98.06463,free_swing,446,415,581,494,-58.486,59.664,0
5879,98.08132,free_swing,447,417,587,492,-57.693,61.821,0
5880,98.098,free_swing,450,422,594,492,-55.620,64.075,0
5881,98.11468,free_swing,455,429,600,490,-52.561,67.184,0
5882,98.13137,free_swing,463,438,609,496,-48.278,68.334,0
5883,98.14805,free_swing,471,447,616,506,-43.995,67.859,0
5884,98.16473,free_swing,482,456,627,521,-38.938,65.854,0
5885,98.18142,free_swing,494,465,636,536,-33.591,63.435,0
5886,98.1981,free_swing,509,474,644,555,-27.361,59.036,0
5887,98.21478,free_swing,526,482,646,571,-20.681,53.437,0
5888,98.23147,free_swing,545,487,644,588,-13.690,44.427,0
5889,98.24815,free_swing,570,492,650,621,-4.616,31.805,0
5890,98.26483,free_swing,596,492,643,642,4.616,17.398,0
5891,98.28152,free_swing,623,487,627,643,14.381,1.469,0
5892,98.2982,free_swing,645,480,613,632,22.593,-11.889,0
5893,98.31488,free_swing,663,471,603,611,29.745,-23.199,0
5894,98.33157,free_swing,677,462,596,590,35.662,-32.326,0
5895,98.34825,free_swing,686,455,590,569,39.715,-40.101,0
5896,98.36493,free_swing,696,447,587,549,44.249,-46.900,0
5897,98.38162,free_swing,703,439,586,543,48.013,-48.366,0
5898,98.3983,free_swing,709,432,587,523,51.285,-53.281,0
5899,98.41498,free_swing,715,423,588,511,55.125,-55.281,0
5900,98.43167,free_swing,719,416,591,503,57.995,-55.797,0
5901,98.44835,free_swing,722,411,592,492,60.078,-58.074,0
5902,98.46503,free_swing,724,408,592,492,61.361,-57.529,0
5903,98.48172,free_swing,723,409,590,496,60.876,-56.810,0
5904,98.4984,free_swing,722,413,588,497,59.462,-57.918,0
5905,98.51508,free_swing,718,418,584,496,57.200,-59.797,0
5906,98.53177,free_swing,712,426,579,509,53.631,-58.033,0
5907,98.54845,free_swing,705,436,575,521,49.283,-56.821,0
5908,98.56513,free_swing,696,445,570,530,44.748,-55.996,0
5909,98.58182,free_swing,685,456,568,552,39.214,-50.631,0
5910,98.5985,free_swing,672,466,564,577,33.395,-44.215,0
5911,98.61518,free_swing,657,475,563,598,27.198,-37.388,0
5912,98.63187,free_swing,636,484,565,624,19.106,-26.892,0
5913,98.64855,free_swing,610,490,573,644,9.638,-13.510,0
5914,98.66523,free_swing,580,493,586,649,-1.061,2.203,0
5915,98.68192,free_swing,555,490,596,631,-9.987,16.213,0
5916,98.6986,free_swing,534,485,600,619,-17.650,26.222,0
5917,98.71528,free_swing,517,477,600,599,-24.326,34.229,0
5918,98.73197,free_swing,504,472,601,588,-29.261,39.903,0
5919,98.74865,free_swing,493,464,600,575,-34.086,43.949,0
5920,98.76533,free_swing,482,456,595,562,-38.938,46.831,0
5921,98.78202,free_swing,473,448,589,550,-43.234,48.674,0
5922,98.7987,free_swing,465,441,583,540,-47.010,50.004,0
5923,98.81538,free_swing,458,432,575,531,-51.062,49.764,0
5924,98.83207,free_swing,453,425,566,535,-54.130,45.771,0
5925,98.84875,free_swing,449,421,559,528,-56.113,45.792,0
5926,98.86543,free_swing,447,417,552,524,-57.693,44.459,0
5927,98.88212,free_swing,447,417,544,536,-57.693,39.184,0
5928,98.8988,free_swing,448,419,535,549,-56.902,33.792,0
5929,98.91548,free_swing,451,424,528,559,-54.834,29.699,0
5930,98.93217,free_swing,457,432,520,573,-51.285,24.075,0
5931,98.94885,free_swing,465,441,511,587,-47.010,17.488,0
5932,98.96553,free_swing,478,452,501,596,-40.950,9.075,0
5933,98.98222,free_swing,492,465,484,620,-34.181,-2.955,0
5934,98.9989,free_swing,513,476,470,624,-25.769,-16.201,0
5935,99.01558,free_swing,535,485,462,612,-17.312,-29.890,0
5936,99.03227,free_swing,557,490,457,603,-9.287,-41.507,0
5937,99.04895,free_swing,574,492,455,595,-3.200,-49.122,0
5938,99.06563,free_swing,591,491,461,579,2.862,-55.905,0
5939,99.08232,free_swing,606,491,471,566,8.180,-60.945,0
5940,99.099,free_swing,620,488,479,557,13.261,-63.925,0
5941,99.11568,free_swing,636,483,491,549,19.223,-65.526,0
5942,99.13237,free_swing,649,477,507,543,24.326,-65.072,0
5943,99.14905,free_swing,662,471,521,541,29.435,-63.598,0
5944,99.16573,free_swing,674,464,538,539,34.380,-61.125,0
5945,99.18242,free_swing,686,455,557,542,39.715,-56.004,0
5946,99.1991,free_swing,697,445,578,544,45.000,-50.242,0
5947,99.21578,free_swing,706,434,601,547,50.057,-42.898,0
5948,99.23247,free_swing,712,428,628,557,53.059,-33.071,0
5949,99.24915,free_swing,717,423,651,553,55.528,-26.917,0
5950,99.26583,free_swing,718,420,678,559,56.605,-16.054,0
5951,99.28252,free_swing,716,423,705,562,55.327,-4.525,0
5952,99.2992,free_swing,710,431,739,572,51.783,11.622,0
5953,99.31588,free_swing,700,442,771,570,46.507,29.017,0
5954,99.33257,free_swing,686,455,788,549,39.715,47.337,0
5955,99.34925,free_swing,671,466,807,532,33.098,64.113,0
5956,99.36593,free_swing,658,473,807,507,27.842,77.146,0
5957,99.38262,free_swing,646,478,804,484,23.199,87.825,0
5958,99.3993,free_swing,635,484,793,462,18.771,97.927,0
5959,99.41598,free_swing,623,486,778,444,14.470,105.161,0
5960,99.43267,free_swing,612,489,761,429,10.401,111.934,0
5961,99.44935,free_swing,598,490,741,419,5.389,116.405,0
5962,99.46603,free_swing,581,491,723,411,-0.716,119.396,0
5963,99.48272,free_swing,565,490,704,407,-6.459,120.842,0
5964,99.4994,free_swing,548,488,688,405,-12.567,120.662,0
5965,99.51608,free_swing,531,483,672,406,-18.886,118.639,0
5966,99.53277,free_swing,514,477,661,410,-25.296,114.503,0
5967,99.54945,free_swing,497,468,651,417,-32.118,108.323,0
5968,99.56613,free_swing,483,457,638,424,-38.437,102.019,0
5969,99.58282,free_swing,470,446,630,440,-44.497,92.148,0
5970,99.5995,free_swing,459,432,615,452,-50.837,82.694,0
5971,99.61618,free_swing,449,421,598,471,-56.113,71.450,0
5972,99.63287,free_swing,443,410,576,489,-60.565,59.290,0
5973,99.64955,free_swing,439,403,552,506,-63.435,47.651,0
5974,99.66623,free_swing,438,399,524,524,-64.875,34.528,0
5975,99.68292,free_swing,439,401,496,537,-64.075,22.739,0
5976,99.6996,free_swing,442,408,465,552,-61.361,9.075,0
5977,99.71628,free_swing,448,419,431,563,-56.902,-6.733,0
5978,99.73297,free_swing,460,434,395,566,-50.057,-26.217,0
5979,99.74965,free_swing,476,452,370,550,-41.486,-47.246,0
5980,99.76633,free_swing,493,465,376,514,-33.887,-67.276,0
5981,99.78302,free_swing,508,473,361,500,-27.842,-79.592,0
5982,99.7997,free_swing,520,479,367,475,-23.058,-91.498,0
5983,99.81638,free_swing,532,484,380,453,-18.435,-101.527,0
5984,99.83307,free_swing,544,487,392,436,-14.036,-108.548,0
5985,99.84975,free_swing,557,490,413,420,-9.287,-115.925,0
5986,99.86643,free_swing,572,491,431,409,-3.933,-120.181,0
5987,99.88312,free_swing,586,491,452,402,1.074,-123.591,0
5988,99.8998,free_swing,603,491,470,396,7.125,-125.538,0
5989,99.91648,free_swing,621,486,487,394,13.775,-124.472,0
5990,99.93317,free_swing,640,481,502,395,20.807,-121.931,0
5991,99.94985,free_swing,657,473,514,397,27.525,-117.989,0
5992,99.96653,free_swing,674,462,529,402,34.786,-112.479,0
5993,99.98322,free_swing,689,450,534,408,41.693,-105.161,0
5994,99.9999,free_swing,702,437,544,418,48.307,-96.857,0
5995,100.01658,free_swing,715,423,556,431,55.125,-87.120,0
5996,100.03327,free_swing,723,409,569,451,60.876,-74.745,0
5997,100.04995,free_swing,729,397,588,468,65.674,-63.273,0
5998,100.06663,free_swing,733,388,609,480,69.193,-53.427,0
5999,100.08332,free_swing,734,383,633,503,70.998,-40.086,0
6000,100.1,free_swing,734,385,658,521,70.322,-29.197,0
6001,100.11668,free_swing,733,390,677,523,68.529,-22.834,0
6002,100.13337,free_swing,728,401,704,539,64.231,-9.866,0
6003,100.15005,free_swing,722,415,730,548,58.855,3.442,0
6004,100.16673,free_swing,708,433,762,556,50.786,23.703,0
6005,100.18342,free_swing,689,453,787,550,40.986,45.294,0
6006,100.2001,free_swing,670,468,802,536,32.417,62.745,0
6007,100.21678,free_swing,652,476,799,516,25.448,74.778,0
6008,100.23347,free_swing,636,483,794,497,19.223,84.936,0
6009,100.25015,free_swing,621,488,781,479,13.606,93.219,0
6010,100.26683,free_swing,606,489,764,465,8.282,98.637,0
6011,100.28352,free_swing,590,490,747,454,2.521,102.915,0
6012,100.3002,free_swing,573,492,727,446,-3.554,106.631,0
6013,100.31688,free_swing,554,489,708,443,-10.401,106.631,0
6014,100.33357,free_swing,535,485,691,443,-17.312,105.068,0
6015,100.35025,free_swing,518,477,673,446,-23.999,101.310,0
6016,100.36693,free_swing,500,468,658,452,-31.209,95.782,0
6017,100.38362,free_swing,485,458,644,463,-37.656,88.199,0
6018,100.4003,free_swing,472,447,627,478,-43.738,78.690,0
6019,100.41698,free_swing,460,434,606,489,-50.057,69.358,0
6020,100.43367,free_swing,451,423,581,508,-55.125,56.821,0
6021,100.45035,free_swing,445,414,552,521,-58.975,45.000,0
6022,100.46703,free_swing,442,408,520,533,-61.361,31.964,0
6023,100.48372,free_swing,441,407,485,548,-61.844,17.331,0
6024,100.5004,free_swing,443,410,452,552,-60.565,3.627,0
6025,100.51708,free_swing,448,418,412,558,-57.200,-14.421,0
6026,100.53377,free_swing,458,433,369,556,-50.786,-35.889,0
6027,100.55045,free_swing,473,448,430,475,-43.234,-57.875,0
6028,100.56713,free_swing,486,460,589,353,-36.941,136.091,0
6029,100.58382,free_swing,497,467,589,350,-32.307,141.821,0
6030,100.6005,free_swing,507,473,362,437,-28.156,-103.943,0
6031,100.61718,free_swing,516,478,371,414,-24.503,-113.816,0
6032,100.63387,free_swing,525,482,390,394,-21.012,-123.098,0
6033,100.65055,free_swing,534,484,414,377,-17.758,-131.722,0
6034,100.66723,free_swing,546,487,438,366,-13.343,-138.249,0
6035,100.68392,free_swing,563,490,465,361,-7.169,-142.776,0
6036,100.7006,free_swing,580,492,488,356,-1.067,-145.923,0
6037,100.71728,free_swing,599,491,509,353,5.711,-146.889,0
6038,100.73397,free_swing,618,488,528,351,12.567,-146.698,0
6039,100.75065,free_swing,635,484,545,347,18.771,-146.698,0
6040,100.76733,free_swing,653,475,562,347,25.925,-144.590,0
6041,100.78402,free_swing,667,467,575,343,31.701,-143.427,0
6042,100.8007,free_swing,684,456,578,332,38.938,-139.475,0
6043,100.81738,free_swing,698,441,584,330,46.273,-134.236,0
6044,100.83407,free_swing,710,428,588,323,52.628,-130.717,0
6045,100.85075,free_swing,721,413,589,321,59.281,-124.875,0
6046,100.86743,free_swing,728,398,589,316,65.200,-120.538,0
6047,100.88412,free_swing,732,387,589,315,69.402,-116.725,0
6048,100.9008,free_swing,735,379,589,313,72.474,-114.326,0
6049,100.91748,free_swing,735,375,589,311,73.856,-113.671,0
6050,100.93417,free_swing,735,376,589,310,73.508,-114.326,0
6051,100.95085,free_swing,734,382,589,313,71.338,-115.448,0
6052,100.96753,free_swing,731,390,589,314,68.265,-118.156,0
6053,100.98422,free_swing,726,400,588,317,64.242,-121.025,0
6054,101.0009,free_swing,720,412,586,323,59.407,-123.591,0
6055,101.01758,free_swing,711,426,583,329,53.418,-127.155,0
6056,101.03427,free_swing,700,440,578,333,47.027,-131.252,0
6057,101.05095,free_swing,687,454,570,339,40.215,-134.506,0
6058,101.06763,free_swing,671,465,560,347,33.294,-136.751,0
6059,101.08432,free_swing,653,476,547,353,25.769,-139.246,0
6060,101.101,free_swing,634,483,530,359,18.548,-140.013,0
6061,101.11768,free_swing,614,489,510,364,11.101,-140.240,0
6062,101.13437,free_swing,594,491,487,370,3.933,-138.514,0
6063,101.15105,free_swing,574,491,461,377,-3.219,-135.252,0
6064,101.16773,free_swing,553,488,435,385,-10.818,-131.117,0
6065,101.18442,free_swing,535,484,403,397,-17.418,-123.389,0
6066,101.2011,free_swing,517,477,379,410,-24.326,-115.897,0
6067,101.21778,free_swing,500,468,375,424,-31.209,-109.392,0
6068,101.23447,free_swing,482,457,574,367,-38.715,134.370,0
6069,101.25115,free_swing,465,440,588,355,-47.270,124.647,0
6070,101.26783,free_swing,449,420,586,351,-56.409,116.732,0
6071,101.28452,free_swing,438,401,371,517,-64.231,-30.010,0
6072,101.3012,free_swing,433,387,398,520,-69.528,-14.744,0
6073,101.31788,free_swing,431,382,429,519,-71.452,-0.836,0
6074,101.33457,free_swing,432,385,444,537,-70.322,4.514,0
6075,101.35125,free_swing,434,391,479,527,-68.066,18.308,0
6076,101.36793,free_swing,438,400,497,544,-64.552,22.280,0
6077,101.38462,free_swing,443,411,520,553,-60.255,28.469,0
6078,101.4013,free_swing,452,424,544,549,-54.628,36.353,0
6079,101.41798,free_swing,462,437,565,552,-48.781,41.849,0
6080,101.43467,free_swing,475,450,580,559,-42.226,43.929,0
6081,101.45135,free_swing,491,463,601,572,-34.875,45.262,0
6082,101.46803,free_swing,508,473,609,574,-27.842,45.000,0
6083,101.48472,free_swing,529,483,624,593,-19.558,40.815,0
6084,101.5014,free_swing,552,490,639,615,-11.032,34.838,0
6085,101.51808,free_swing,579,493,646,632,-1.414,25.735,0
6086,101.53477,free_swing,608,491,647,643,8.881,14.390,0
6087,101.55145,free_swing,635,485,644,638,18.658,3.366,0
6088,101.56813,free_swing,657,475,642,625,27.198,-5.711,0
6089,101.58482,free_swing,675,464,642,617,34.673,-12.171,0
6090,101.6015,free_swing,689,454,639,584,40.754,-21.038,0
6091,101.61818,free_swing,703,440,642,563,47.750,-26.378,0
6092,101.63487,free_swing,714,426,652,566,54.051,-23.886,0
6093,101.65155,free_swing,722,413,655,539,59.462,-28.002,0
6094,101.66823,free_swing,730,398,666,536,65.497,-24.880,0
6095,101.68492,free_swing,734,385,677,528,70.322,-21.732,0
6096,101.7016,free_swing,738,374,682,513,74.495,-21.943,0
6097,101.71828,free_swing,741,365,694,510,77.856,-17.959,0
6098,101.73497,free_swing,741,361,704,509,79.249,-14.036,0
6099,101.75165,free_swing,741,359,709,504,79.951,-12.445,0
6100,101.76833,free_swing,741,363,724,517,78.551,-6.299,0
6101,101.78502,free_swing,740,370,730,521,76.050,-3.789,0
6102,101.8017,free_swing,737,378,742,532,73.028,1.860,0
6103,101.81838,free_swing,733,389,751,540,68.860,6.798,0
6104,101.83507,free_swing,727,403,757,544,63.435,12.011,0
6105,101.85175,free_swing,719,419,767,551,57.095,19.983,0
6106,101.86843,free_swing,704,437,773,552,48.781,30.964,0
6107,101.88512,free_swing,686,455,783,557,39.715,43.561,0
6108,101.9018,free_swing,665,469,789,559,30.719,54.028,0
6109,101.91848,free_swing,646,479,778,552,23.058,61.056,0
6110,101.93517,free_swing,626,486,765,548,15.505,65.961,0
6111,101.95185,free_swing,606,490,752,547,8.231,68.674,0
6112,101.96853,free_swing,588,491,732,548,1.790,68.405,0
6113,101.98522,free_swing,569,491,712,552,-5.001,66.898,0
6114,102.0019,free_swing,550,489,688,555,-11.797,64.440,0
6115,102.01858,free_swing,534,484,661,566,-17.758,57.151,0
6116,102.03527,free_swing,518,478,633,575,-23.854,49.853,0
6117,102.05195,free_swing,505,472,602,583,-28.951,41.149,0
6118,102.06863,free_swing,494,465,565,596,-33.591,28.457,0
6119,102.08532,free_swing,487,460,528,607,-36.656,15.584,0
6120,102.102,free_swing,483,457,488,605,-38.437,1.935,0
6121,102.11868,free_swing,484,457,445,599,-38.157,-15.357,0
6122,102.13537,free_swing,488,461,401,586,-36.158,-34.838,0
6123,102.15205,free_swing,494,465,377,549,-33.591,-54.324,0
6124,102.16873,free_swing,497,467,359,516,-32.307,-70.451,0
6125,102.18542,free_swing,500,469,399,456,-31.025,-97.334,0
6126,102.2021,free_swing,501,470,380,433,-30.538,-107.003,0
6127,102.21878,free_swing,501,470,361,412,-30.538,-112.504,0
6128,102.23547,free_swing,501,470,367,385,-30.538,-122.388,0
6129,102.25215,free_swing,504,471,387,363,-29.435,-132.709,0
6130,102.26883,free_swing,510,474,410,349,-27.044,-141.340,0
6131,102.28552,free_swing,517,477,434,339,-24.326,-148.975,0
6132,102.3022,free_swing,525,480,460,332,-21.269,-156.289,0
6133,102.31888,free_swing,535,484,485,330,-17.418,-162.013,0
6134,102.33557,free_swing,547,487,508,329,-12.995,-166.135,0
6135,102.35225,free_swing,560,490,531,329,-8.231,-169.789,0
6136,102.36893,free_swing,576,491,552,330,-2.505,-171.521,0
6137,102.38562,free_swing,592,491,574,330,3.219,-173.621,0
6138,102.4023,free_swing,609,490,592,328,9.287,-174.009,0
6139,102.41898,free_swing,626,486,611,326,15.505,-174.644,0
6140,102.43567,free_swing,642,480,630,322,21.602,-175.657,0
6141,102.45235,free_swing,657,473,649,315,27.525,-177.101,0
6142,102.46903,free_swing,671,466,666,310,33.098,-178.164,0
6143,102.48572,free_swing,684,456,684,299,38.938,180.000,0
6144,102.5024,free_swing,695,446,700,290,44.243,178.164,0
6145,102.51908,free_swing,703,438,716,286,48.278,175.112,0
6146,102.53577,free_swing,709,430,744,279,51.843,166.950,0
6147,102.55245,free_swing,713,425,758,283,54.130,162.417,0
6148,102.56913,free_swing,715,423,783,288,55.125,153.265,0
6149,102.58582,free_swing,715,422,812,297,55.418,142.189,0
6150,102.6025,free_swing,714,422,811,318,55.214,136.995,0
6151,102.61918,free_swing,712,425,832,339,53.920,125.628,0
6152,102.63587,free_swing,709,428,835,367,52.409,115.833,0
6153,102.65255,free_swing,706,433,827,396,50.332,107.003,0
6154,102.66923,free_swing,702,438,832,431,48.039,93.082,0
6155,102.68592,free_swing,698,444,827,471,45.503,78.179,0
6156,102.7026,free_swing,692,450,809,508,42.489,63.631,0
6157,102.71928,free_swing,685,455,793,555,39.440,47.203,0
6158,102.73597,free_swing,677,462,756,582,35.662,33.358,0
6159,102.75265,free_swing,667,469,717,616,31.329,18.785,0
6160,102.76933,free_swing,654,476,670,628,26.089,6.009,0
6161,102.78602,free_swing,638,483,624,642,19.892,-5.032,0
6162,102.8027,free_swing,618,488,579,644,12.567,-14.036,0
6163,102.81938,free_swing,596,493,538,636,4.588,-22.077,0
6164,102.83607,free_swing,571,492,501,628,-4.263,-27.235,0
6165,102.85275,free_swing,547,488,466,620,-12.915,-31.535,0
6166,102.86943,free_swing,524,481,435,608,-21.471,-35.022,0
6167,102.88612,free_swing,503,471,408,591,-29.745,-38.367,0
6168,102.9028,free_swing,486,458,387,569,-37.372,-41.730,0
6169,102.91948,free_swing,471,445,368,548,-44.493,-45.000,0
6170,102.93617,free_swing,460,433,459,452,-50.332,-3.013,0
6171,102.95285,free_swing,452,424,587,352,-54.628,118.072,0
6172,102.96953,free_swing,448,418,586,350,-57.200,116.232,0
6173,102.98622,free_swing,446,416,588,354,-58.183,113.587,0
6174,103.0029,free_swing,446,416,582,344,-58.183,117.897,0
6175,103.01958,free_swing,447,418,587,351,-57.393,115.574,0
6176,103.03627,free_swing,449,422,587,350,-55.819,117.553,0
6177,103.05295,free_swing,454,427,587,350,-53.344,120.069,0
6178,103.06963,free_swing,458,433,588,352,-50.786,121.926,0
6179,103.08632,free_swing,464,439,588,352,-47.774,125.054,0
6180,103.103,free_swing,472,447,371,342,-43.738,-136.112,0
6181,103.11968,free_swing,481,455,375,339,-39.440,-137.579,0
6182,103.13637,free_swing,492,463,392,339,-34.582,-141.116,0
6183,103.15305,free_swing,505,471,408,343,-29.124,-142.845,0
6184,103.16973,free_swing,520,479,422,349,-23.058,-142.989,0
6185,103.18642,free_swing,536,485,436,357,-16.972,-142.001,0
6186,103.2031,free_swing,556,489,448,367,-9.697,-138.483,0
6187,103.21978,free_swing,576,491,456,379,-2.505,-133.025,0
6188,103.23647,free_swing,597,491,465,395,5.001,-126.027,0
6189,103.25315,free_swing,618,488,473,414,12.567,-117.037,0
6190,103.26983,free_swing,638,482,482,437,20.014,-106.091,0
6191,103.28652,free_swing,655,475,495,466,26.565,-93.219,0
6192,103.3032,free_swing,670,466,515,496,32.800,-79.046,0
6193,103.31988,free_swing,683,457,543,524,38.437,-64.426,0
6194,103.33657,free_swing,690,453,576,559,41.252,-47.083,0
6195,103.35325,free_swing,691,450,613,573,42.226,-32.381,0
6196,103.36993,free_swing,689,454,659,600,40.754,-11.611,0
6197,103.38662,free_swing,678,462,710,609,35.949,12.281,0
6198,103.4033,free_swing,661,473,749,587,28.780,37.666,0
6199,103.41998,free_swing,649,478,776,557,24.179,58.116,0
6200,103.43667,free_swing,642,481,793,521,21.471,75.163,0
6201,103.45335,free_swing,637,482,795,481,19.678,90.363,0
6202,103.47003,free_swing,634,483,789,445,18.548,103.775,0
6203,103.48672,free_swing,633,484,775,411,18.097,117.207,0
6204,103.5034,free_swing,632,484,756,383,17.758,129.163,0
6205,103.52008,free_swing,629,485,733,362,16.631,139.785,0
6206,103.53677,free_swing,623,487,707,347,14.381,149.036,0
6207,103.55345,free_swing,613,489,679,340,10.751,156.109,0
6208,103.57013,free_swing,603,490,652,335,7.169,162.457,0
6209,103.58682,free_swing,593,491,625,333,3.576,168.551,0
6210,103.6035,free_swing,580,491,599,330,-1.074,173.270,0
6211,103.62018,free_swing,566,490,576,329,-6.103,176.446,0
6212,103.63687,free_swing,552,488,550,327,-11.170,-179.288,0
6213,103.65355,free_swing,538,485,527,324,-16.289,-176.091,0
6214,103.67023,free_swing,525,480,502,323,-21.269,-171.666,0
6215,103.68692,free_swing,512,475,475,319,-26.246,-166.657,0
6216,103.7036,free_swing,500,469,450,317,-31.025,-161.792,0
6217,103.72028,free_swing,489,461,423,319,-35.870,-155.072,0
6218,103.73697,free_swing,480,454,393,322,-39.943,-146.611,0
6219,103.75365,free_swing,472,447,370,331,-43.738,-138.674,0
6220,103.77033,free_swing,464,440,538,351,-47.511,140.258,0
6221,103.78702,free_swing,459,434,587,352,-50.285,122.645,0
6222,103.8037,free_swing,454,428,586,354,-53.059,119.275,0
6223,103.82038,free_swing,451,424,583,350,-54.834,119.275,0
6224,103.83707,free_swing,449,420,586,351,-56.409,116.732,0
6225,103.85375,free_swing,450,422,586,350,-55.620,117.897,0
6226,103.87043,free_swing,455,427,587,357,-53.130,117.937,0
6227,103.88712,free_swing,461,435,357,542,-49.554,-44.185,0
6228,103.9038,free_swing,468,443,379,567,-45.757,-35.669,0
6229,103.92048,free_swing,477,452,412,587,-41.219,-25.710,0
6230,103.93717,free_swing,489,461,440,611,-35.870,-18.090,0
6231,103.95385,free_swing,503,471,474,621,-29.745,-10.942,0
6232,103.97053,free_swing,520,480,507,637,-22.920,-4.733,0
6233,103.98722,free_swing,540,487,540,643,-15.410,0.000,0
6234,104.0039,free_swing,561,492,573,644,-7.781,4.514,0
6235,104.02058,free_swing,584,492,604,649,0.356,7.260,0
6236,104.03727,free_swing,607,491,635,646,8.531,10.240,0
6237,104.05395,free_swing,629,486,664,639,16.530,12.885,0
6238,104.07063,free_swing,650,478,691,626,24.503,15.484,0
6239,104.08732,free_swing,669,468,718,615,32.118,18.435,0
6240,104.104,free_swing,687,455,734,584,39.987,20.019,0
6241,104.12068,free_swing,701,442,753,562,46.751,23.429,0
6242,104.13737,free_swing,710,429,782,553,52.344,30.141,0
6243,104.15405,free_swing,720,416,793,524,58.183,34.056,0
6244,104.17073,free_swing,725,406,815,506,62.158,41.987,0
6245,104.18742,free_swing,727,401,841,488,64.075,52.651,0
6246,104.2041,free_swing,728,400,853,461,64.552,63.988,0
6247,104.22078,free_swing,726,404,863,435,62.956,77.250,0
6248,104.23747,free_swing,723,411,869,409,60.255,90.785,0
6249,104.25415,free_swing,719,417,859,383,57.693,103.650,0
6250,104.27083,free_swing,714,424,847,362,54.628,114.993,0
6251,104.28752,free_swing,709,431,829,345,51.563,125.628,0
6252,104.3042,free_swing,701,439,810,333,47.534,134.201,0
6253,104.32088,free_swing,694,446,785,325,43.986,143.054,0
6254,104.33757,free_swing,684,455,763,321,39.163,149.478,0
6255,104.35425,free_swing,673,464,744,321,34.086,153.595,0
6256,104.37093,free_swing,659,473,722,326,28.156,156.801,0
6257,104.38762,free_swing,643,480,701,327,21.934,159.239,0
6258,104.4043,free_swing,625,486,681,332,15.161,160.017,0
6259,104.42098,free_swing,603,491,663,339,7.125,158.459,0
6260,104.43767,free_swing,580,492,647,342,-1.067,155.931,0
6261,104.45435,free_swing,559,490,634,345,-8.584,152.650,0
6262,104.47103,free_swing,536,485,623,348,-16.972,147.583,0
6263,104.48772,free_swing,515,477,615,349,-24.974,142.001,0
6264,104.5044,free_swing,495,467,609,351,-32.905,135.498,0
6265,104.52108,free_swing,478,453,605,353,-40.717,128.217,0
6266,104.53777,free_swing,462,438,603,358,-48.514,119.570,0
6267,104.55445,free_swing,449,422,600,365,-55.819,110.681,0
6268,104.57113,free_swing,441,407,598,374,-61.844,101.870,0
6269,104.58782,free_swing,434,394,594,385,-67.080,93.219,0
6270,104.6045,free_swing,433,388,591,393,-69.193,88.187,0
6271,104.62118,free_swing,433,390,592,405,-68.529,84.611,0
6272,104.63787,free_swing,436,395,593,420,-66.473,80.952,0
6273,104.65455,free_swing,439,401,594,429,-64.075,79.760,0
6274,104.67123,free_swing,443,410,596,450,-60.565,75.349,0
6275,104.68792,free_swing,448,419,597,474,-56.902,69.740,0
6276,104.7046,free_swing,456,428,599,492,-52.628,65.889,0
6277,104.72128,free_swing,466,441,601,521,-46.766,59.349,0
6278,104.73797,free_swing,479,454,600,555,-40.215,50.148,0
6279,104.75465,free_swing,494,465,598,583,-33.591,41.392,0
6280,104.77133,free_swing,514,477,588,609,-25.296,29.275,0
6281,104.78802,free_swing,540,487,575,642,-15.410,12.724,0
6282,104.8047,free_swing,572,493,555,647,-3.884,-6.299,0
6283,104.82138,free_swing,602,492,539,633,6.730,-24.075,0
6284,104.83807,free_swing,622,487,531,612,14.036,-36.055,0
6285,104.85475,free_swing,641,482,529,586,21.012,-47.121,0
6286,104.87143,free_swing,655,475,528,564,26.565,-54.978,0
6287,104.88812,free_swing,669,468,533,541,32.118,-61.775,0
6288,104.9048,free_swing,684,457,540,517,38.715,-67.380,0
6289,104.92148,free_swing,696,446,550,496,44.497,-71.095,0
6290,104.93817,free_swing,706,434,558,483,50.057,-71.681,0
6291,104.95485,free_swing,716,421,567,469,55.914,-72.144,0
6292,104.97153,free_swing,723,408,576,460,61.189,-70.519,0
6293,104.98822,free_swing,729,397,583,456,65.674,-67.996,0
6294,105.0049,free_swing,732,388,589,453,69.066,-65.556,0
6295,105.02158,free_swing,734,384,593,454,70.659,-63.598,0
6296,105.03827,free_swing,734,383,594,457,70.998,-62.140,0
6297,105.05495,free_swing,733,386,596,458,69.864,-62.276,0
6298,105.07163,free_swing,731,392,595,467,67.600,-61.125,0
6299,105.08832,free_swing,728,399,592,480,64.875,-59.222,0
6300,105.105,free_swing,724,410,589,491,60.739,-59.036,0
6301,105.12168,free_swing,717,420,587,503,56.409,-57.443,0
6302,105.13837,free_swing,708,432,586,531,51.062,-50.942,0
6303,105.15505,free_swing,697,444,583,541,45.252,-49.606,0
6304,105.17173,free_swing,684,457,585,573,38.715,-40.479,0
6305,105.18842,free_swing,666,470,588,607,30.842,-29.655,0
6306,105.2051,free_swing,644,481,595,632,22.130,-17.978,0
6307,105.22178,free_swing,614,490,609,648,11.032,-1.813,0
6308,105.23847,free_swing,582,493,623,643,-0.354,15.287,0
6309,105.25515,free_swing,557,491,627,622,-9.230,28.118,0
6310,105.27183,free_swing,536,485,620,592,-16.972,38.134,0
6311,105.28852,free_swing,520,479,623,584,-23.058,44.449,0
6312,105.3052,free_swing,505,472,622,566,-28.951,51.221,0
6313,105.32188,free_swing,492,464,615,555,-34.380,53.505,0
6314,105.33857,free_swing,482,456,607,544,-38.938,54.854,0
6315,105.35525,free_swing,471,447,600,526,-43.995,58.517,0
6316,105.37193,free_swing,462,437,590,523,-48.781,56.104,0
6317,105.38862,free_swing,455,428,580,520,-52.845,53.647,0
6318,105.4053,free_swing,450,420,571,507,-56.211,54.284,0
6319,105.42198,free_swing,446,416,561,518,-58.183,48.428,0
6320,105.43867,free_swing,444,412,552,525,-59.769,43.704,0
6321,105.45535,free_swing,444,412,545,527,-59.769,41.292,0
6322,105.47203,free_swing,446,415,536,539,-58.486,35.972,0
6323,105.48872,free_swing,449,422,526,558,-55.819,29.518,0
6324,105.5054,free_swing,456,430,521,560,-52.063,26.565,0
6325,105.52208,free_swing,464,440,505,589,-47.511,15.385,0
6326,105.53877,free_swing,477,451,492,603,-41.455,5.636,0
6327,105.55545,free_swing,492,463,479,609,-34.582,-5.088,0
6328,105.57213,free_swing,513,475,460,620,-25.925,-20.078,0
6329,105.58882,free_swing,534,485,448,615,-17.650,-33.486,0
6330,105.6055,free_swing,555,490,447,597,-9.987,-45.266,0
6331,105.62218,free_swing,574,491,449,583,-3.219,-53.647,0
6332,105.63887,free_swing,589,492,454,571,2.134,-59.664,0
6333,105.65555,free_swing,605,490,462,558,7.878,-64.568,0
6334,105.67223,free_swing,620,488,473,548,13.261,-67.797,0
6335,105.68892,free_swing,634,484,486,541,18.435,-68.937,0
6336,105.7056,free_swing,649,478,501,535,24.179,-68.937,0
6337,105.72228,free_swing,662,471,517,532,29.435,-67.184,0
6338,105.73897,free_swing,675,463,534,533,34.875,-63.598,0
6339,105.75565,free_swing,687,454,554,530,40.215,-60.255,0
6340,105.77233,free_swing,699,444,575,531,45.751,-54.946,0
6341,105.78902,free_swing,706,435,598,542,49.785,-45.266,0
6342,105.8057,free_swing,713,427,620,535,53.556,-40.732,0
6343,105.82238,free_swing,716,423,645,549,55.327,-29.401,0
6344,105.83907,free_swing,716,424,674,565,55.037,-16.587,0
6345,105.85575,free_swing,712,428,698,564,53.059,-5.877,0
6346,105.87243,free_swing,705,436,730,574,49.283,10.268,0
6347,105.88912,free_swing,693,449,765,579,42.990,28.980,0
6348,105.9058,free_swing,678,462,779,555,35.949,47.361,0
6349,105.92248,free_swing,662,472,793,538,29.261,63.260,0
6350,105.93917,free_swing,648,478,800,517,23.854,75.610,0
6351,105.95585,free_swing,636,483,794,494,19.223,86.017,0
6352,105.97253,free_swing,624,486,782,472,14.816,95.064,0
6353,105.98922,free_swing,613,489,770,454,10.751,102.567,0
6354,106.0059,free_swing,600,491,753,440,6.065,108.435,0
6355,106.02258,free_swing,586,491,735,429,1.074,112.593,0
6356,106.03927,free_swing,571,491,717,423,-4.289,114.974,0
6357,106.05595,free_swing,555,490,700,419,-9.987,116.089,0
6358,106.07263,free_swing,538,485,684,418,-16.289,114.651,0
6359,106.08932,free_swing,521,480,670,419,-22.593,112.264,0
6360,106.106,free_swing,505,472,659,424,-28.951,107.312,0
6361,106.12268,free_swing,490,462,648,433,-35.372,100.401,0
6362,106.13937,free_swing,476,452,636,444,-41.486,92.862,0
6363,106.15605,free_swing,465,440,622,457,-47.270,83.820,0
6364,106.17273,free_swing,456,428,606,474,-52.628,72.951,0
6365,106.18942,free_swing,448,417,585,496,-57.501,60.030,0
6366,106.2061,free_swing,443,410,561,510,-60.565,49.720,0
6367,106.22278,free_swing,441,406,535,524,-62.158,38.541,0
6368,106.23947,free_swing,441,407,506,543,-61.844,25.545,0
6369,106.25615,free_swing,444,412,477,555,-59.769,12.995,0
6370,106.27283,free_swing,450,422,440,571,-55.620,-3.840,0
6371,106.28952,free_swing,461,436,409,572,-49.283,-20.925,0
6372,106.3062,free_swing,477,452,379,561,-41.219,-41.958,0
6373,106.32288,free_swing,495,466,365,537,-33.098,-61.359,0
6374,106.33957,free_swing,511,474,360,513,-26.725,-75.518,0
6375,106.35625,free_swing,524,480,368,485,-21.602,-88.164,0
6376,106.37293,free_swing,536,485,381,461,-16.972,-98.802,0
6377,106.38962,free_swing,548,488,395,441,-12.567,-107.076,0
6378,106.4063,free_swing,561,490,413,425,-7.878,-113.711,0
6379,106.42298,free_swing,574,491,434,412,-3.219,-119.435,0
6380,106.43967,free_swing,588,491,453,402,1.790,-123.395,0
6381,106.45635,free_swing,605,490,472,396,7.878,-125.251,0
6382,106.47303,free_swing,622,486,490,392,14.123,-125.455,0
6383,106.48972,free_swing,640,481,505,390,20.807,-123.983,0
6384,106.5064,free_swing,657,473,518,391,27.525,-120.538,0
6385,106.52308,free_swing,673,463,530,393,34.287,-116.082,0
6386,106.53977,free_swing,689,451,538,397,41.455,-109.678,0
6387,106.55645,free_swing,702,437,546,406,48.307,-101.239,0
6388,106.57313,free_swing,714,423,556,417,54.920,-92.175,0
6389,106.58982,free_swing,723,408,566,431,61.189,-81.666,0
6390,106.6065,free_swing,730,395,581,449,66.473,-70.079,0
6391,106.62318,free_swing,734,384,600,463,70.659,-59.478,0
6392,106.63987,free_swing,736,379,620,483,72.582,-48.122,0
6393,106.65655,free_swing,737,378,640,498,73.028,-38.950,0
6394,106.67323,free_swing,736,381,662,514,71.903,-29.091,0
6395,106.68992,free_swing,734,389,687,535,68.988,-17.844,0
6396,106.7066,free_swing,729,401,712,551,64.385,-6.466,0
6397,106.72328,free_swing,720,417,735,558,57.882,6.072,0
6398,106.73997,free_swing,706,436,765,567,49.514,24.246,0
6399,106.75665,free_swing,686,456,778,551,39.489,44.081,0
6400,106.77333,free_swing,666,469,792,543,31.025,59.574,0
6401,106.79002,free_swing,650,478,796,530,24.503,70.396,0
6402,106.8067,free_swing,633,484,789,513,18.097,79.469,0
6403,106.82338,free_swing,618,488,776,497,12.567,86.740,0
6404,106.84007,free_swing,602,490,762,485,6.814,91.790,0
6405,106.85675,free_swing,584,492,743,476,0.356,95.746,0
6406,106.87343,free_swing,566,491,726,472,-6.065,96.772,0
6407,106.89012,free_swing,548,488,708,471,-12.567,96.065,0
6408,106.9068,free_swing,529,483,689,473,-19.558,93.576,0
6409,106.92348,free_swing,513,475,671,479,-25.925,88.550,0
6410,106.94017,free_swing,496,467,653,489,-32.607,82.023,0
6411,106.95685,free_swing,483,457,633,503,-38.437,72.951,0
6412,106.97353,free_swing,471,446,605,514,-44.243,63.094,0
6413,106.99022,free_swing,461,435,581,531,-49.554,51.340,0
6414,107.0069,free_swing,454,428,551,545,-53.059,39.661,0
6415,107.02358,free_swing,450,421,519,549,-55.914,28.327,0
6416,107.04027,free_swing,451,421,479,569,-55.713,10.713,0
6417,107.05695,free_swing,453,425,443,568,-54.130,-4.000,0
6418,107.07363,free_swing,460,434,400,569,-50.057,-23.962,0
6419,107.09032,free_swing,472,447,364,552,-43.738,-45.807,0
6420,107.107,free_swing,485,460,392,494,-37.224,-69.918,0
6421,107.12368,free_swing,496,467,558,372,-32.607,146.870,0
6422,107.14037,free_swing,504,472,359,452,-29.261,-97.853,0
6423,107.15705,free_swing,511,475,364,423,-26.565,-109.481,0
6424,107.17373,free_swing,518,478,383,397,-23.854,-120.964,0
6425,107.19042,free_swing,524,481,402,377,-21.471,-130.446,0
6426,107.2071,free_swing,535,486,429,363,-17.207,-139.246,0
6427,107.22378,free_swing,548,488,456,354,-12.567,-145.528,0
6428,107.24047,free_swing,563,490,482,348,-7.169,-150.299,0
6429,107.25715,free_swing,576,492,507,343,-2.490,-155.152,0
6430,107.27383,free_swing,593,491,532,339,3.576,-158.134,0
6431,107.29052,free_swing,611,490,554,336,9.987,-159.689,0
6432,107.3072,free_swing,626,486,575,332,15.505,-161.677,0
6433,107.32388,free_swing,645,480,594,331,22.593,-161.105,0
6434,107.34057,free_swing,661,472,611,322,28.951,-161.565,0
6435,107.35725,free_swing,675,463,626,311,34.875,-162.132,0
6436,107.37393,free_swing,688,452,639,299,40.950,-162.242,0
6437,107.39062,free_swing,700,441,653,288,46.766,-162.924,0
6438,107.4073,free_swing,710,429,666,277,52.344,-163.856,0
6439,107.42398,free_swing,717,418,681,264,57.006,-166.842,0
6440,107.44067,free_swing,723,409,697,252,60.876,-170.597,0
6441,107.45735,free_swing,726,403,711,246,63.275,-174.542,0
6442,107.47403,free_swing,728,399,728,242,64.875,180.000,0
6443,107.49072,free_swing,728,398,743,244,65.200,174.437,0
6444,107.5074,free_swing,727,400,762,247,64.398,167.115,0
6445,107.52408,free_swing,725,404,774,260,62.793,161.208,0
6446,107.54077,free_swing,721,411,791,274,59.899,152.935,0
6447,107.55745,free_swing,717,419,802,295,56.706,145.570,0
6448,107.57413,free_swing,711,427,814,321,53.130,135.822,0
6449,107.59082,free_swing,704,436,826,351,49.050,124.866,0
6450,107.6075,free_swing,696,444,831,387,45.000,112.891,0
6451,107.62418,free_swing,688,453,834,430,40.717,98.952,0
6452,107.64087,free_swing,680,460,824,478,36.941,82.875,0
6453,107.65755,free_swing,673,465,809,531,33.887,64.113,0
6454,107.67423,free_swing,666,469,770,573,31.025,45.000,0
6455,107.69092,free_swing,658,474,724,612,27.676,25.560,0
6456,107.7076,free_swing,649,478,668,633,24.179,6.988,0
6457,107.72428,free_swing,636,484,611,638,19.106,-9.221,0
6458,107.74097,free_swing,619,489,558,637,12.836,-22.400,0
6459,107.75765,free_swing,597,493,511,622,4.939,-33.690,0
6460,107.77433,free_swing,572,492,469,607,-3.909,-41.849,0
6461,107.79102,free_swing,547,488,432,593,-12.915,-47.603,0
6462,107.8077,free_swing,523,480,402,573,-21.934,-52.454,0
6463,107.82438,free_swing,500,469,378,554,-31.025,-55.134,0
6464,107.84107,free_swing,482,457,359,536,-38.715,-57.288,0
6465,107.85775,free_swing,467,443,587,357,-46.005,125.628,0
6466,107.87443,free_swing,457,431,585,354,-51.563,121.030,0
6467,107.89112,free_swing,452,423,586,355,-54.920,116.906,0
6468,107.9078,free_swing,452,424,584,351,-54.628,118.944,0
6469,107.92448,free_swing,454,427,583,351,-53.344,120.504,0
6470,107.94117,free_swing,456,429,569,368,-52.344,118.361,0
6471,107.95785,free_swing,459,434,587,356,-50.285,121.357,0
6472,107.97453,free_swing,463,439,583,349,-48.013,126.870,0
6473,107.99122,free_swing,469,445,587,357,-45.000,126.714,0
6474,108.0079,free_swing,477,451,362,352,-41.455,-130.724,0
6475,108.02458,free_swing,485,459,379,348,-37.439,-136.320,0
6476,108.04127,free_swing,495,466,391,348,-33.098,-138.608,0
6477,108.05795,free_swing,508,473,403,350,-27.842,-139.514,0
6478,108.07463,free_swing,523,480,422,355,-21.934,-141.062,0
6479,108.09132,free_swing,539,486,432,363,-15.848,-138.979,0
6480,108.108,free_swing,558,489,444,372,-8.991,-135.744,0
6481,108.12468,free_swing,577,491,454,385,-2.148,-130.754,0
6482,108.14137,free_swing,597,490,462,401,5.032,-123.395,0
6483,108.15805,free_swing,618,488,470,420,12.567,-114.677,0
6484,108.17473,free_swing,638,482,480,445,20.014,-103.180,0
6485,108.19142,free_swing,655,475,496,473,26.565,-90.721,0
6486,108.2081,free_swing,670,466,517,504,32.800,-76.052,0
6487,108.22478,free_swing,683,457,549,532,38.437,-60.764,0
6488,108.24147,free_swing,692,450,588,552,42.489,-45.556,0
6489,108.25815,free_swing,694,448,632,586,43.493,-24.193,0
6490,108.27483,free_swing,692,451,678,587,42.250,-5.877,0
6491,108.29152,free_swing,682,459,734,592,37.720,21.354,0
6492,108.3082,free_swing,669,468,775,570,32.118,46.102,0
6493,108.32488,free_swing,660,473,797,530,28.469,67.410,0
6494,108.34157,free_swing,654,474,808,489,26.405,84.437,0
6495,108.35825,free_swing,652,477,809,448,25.296,100.465,0
6496,108.37493,free_swing,652,477,795,409,25.296,115.432,0
6497,108.39162,free_swing,651,476,770,379,25.125,129.184,0
6498,108.4083,free_swing,653,476,752,351,25.769,141.621,0
6499,108.42498,free_swing,650,477,721,335,24.651,153.435,0
6500,108.44167,free_swing,645,480,689,329,22.593,163.754,0
6501,108.45835,free_swing,637,483,661,321,19.558,171.573,0
6502,108.47503,free_swing,627,486,629,322,15.848,179.301,0
6503,108.49172,free_swing,616,488,598,327,11.870,-173.621,0
6504,108.5084,free_swing,605,490,568,332,7.878,-166.820,0
6505,108.52508,free_swing,591,491,536,339,2.862,-160.108,0
6506,108.54177,free_swing,577,491,505,348,-2.148,-153.275,0
6507,108.55845,free_swing,563,490,472,357,-7.169,-145.620,0
6508,108.57513,free_swing,549,487,441,370,-12.295,-137.291,0
6509,108.59182,free_swing,533,483,408,386,-18.208,-127.811,0
6510,108.6085,free_swing,518,479,376,408,-23.711,-116.565,0
6511,108.62518,free_swing,502,471,353,435,-30.052,-103.583,0
6512,108.64187,free_swing,487,461,589,354,-36.444,136.370,0
6513,108.65855,free_swing,470,446,590,349,-44.497,128.950,0
6514,108.67523,free_swing,454,427,468,445,-53.344,37.875,0
6515,108.69192,free_swing,444,413,376,543,-59.462,-27.613,0
6516,108.7086,free_swing,441,405,413,544,-62.475,-11.389,0
6517,108.72528,free_swing,440,402,447,543,-63.595,2.842,0
6518,108.74197,free_swing,441,404,477,543,-62.793,14.520,0
6519,108.75865,free_swing,444,410,503,548,-60.388,23.148,0
6520,108.77533,free_swing,449,421,531,543,-56.113,33.906,0
6521,108.79202,free_swing,458,433,554,550,-50.786,39.369,0
6522,108.8087,free_swing,469,445,577,562,-45.000,42.709,0
6523,108.82538,free_swing,483,457,597,555,-38.437,49.316,0
6524,108.84207,free_swing,500,468,615,563,-31.209,50.440,0
6525,108.85875,free_swing,519,479,634,575,-23.385,50.145,0
6526,108.87543,free_swing,540,486,654,587,-15.505,48.460,0
6527,108.89212,free_swing,564,491,667,602,-6.772,42.859,0
6528,108.9088,free_swing,590,492,679,617,2.490,35.451,0
6529,108.92548,free_swing,617,489,684,632,12.144,25.105,0
6530,108.94217,free_swing,643,481,681,631,21.801,14.216,0
6531,108.95885,free_swing,665,471,676,619,30.358,4.251,0
6532,108.97553,free_swing,681,460,668,597,37.224,-5.421,0
6533,108.99222,free_swing,694,448,668,586,43.493,-10.670,0
6534,109.0089,free_swing,706,437,673,588,49.246,-12.328,0
6535,109.02558,free_swing,715,423,665,549,55.125,-21.644,0
6536,109.04227,free_swing,724,409,669,538,61.049,-23.091,0
6537,109.05895,free_swing,730,395,677,537,66.473,-20.468,0
6538,109.07563,free_swing,735,384,677,518,70.777,-23.405,0
6539,109.09232,free_swing,737,375,684,516,74.055,-20.601,0
6540,109.109,free_swing,740,368,686,508,76.739,-21.092,0
6541,109.12568,free_swing,740,367,691,509,77.085,-19.038,0
6542,109.14237,free_swing,741,367,691,507,77.164,-19.654,0
6543,109.15905,free_swing,739,373,702,524,74.932,-13.768,0
6544,109.17573,free_swing,736,381,696,519,71.903,-16.164,0
6545,109.19242,free_swing,733,391,704,536,68.199,-11.310,0
6546,109.2091,free_swing,728,402,712,552,63.911,-6.089,0
6547,109.22578,free_swing,721,416,715,562,58.369,-2.353,0
6548,109.24247,free_swing,710,432,730,588,51.506,7.306,0
6549,109.25915,free_swing,694,449,735,594,43.249,15.789,0
6550,109.27583,free_swing,673,465,743,601,33.887,27.235,0
6551,109.29252,free_swing,649,478,740,592,24.179,38.598,0
6552,109.3092,free_swing,626,487,736,591,15.410,46.606,0
6553,109.32588,free_swing,604,490,725,585,7.524,51.864,0
6554,109.34257,free_swing,584,492,703,574,0.356,55.430,0
6555,109.35925,free_swing,565,492,690,574,-6.379,56.735,0
6556,109.37593,free_swing,548,488,673,573,-12.567,55.784,0
6557,109.39262,free_swing,531,483,650,576,-18.886,51.992,0
6558,109.4093,free_swing,516,478,622,573,-24.503,48.132,0
6559,109.42598,free_swing,502,471,603,585,-30.052,41.540,0
6560,109.44267,free_swing,491,463,570,584,-34.875,33.140,0
6561,109.45935,free_swing,481,457,543,596,-38.991,24.039,0
6562,109.47603,free_swing,476,451,511,595,-41.722,13.661,0
6563,109.49272,free_swing,473,448,473,599,-43.234,0.000,0
6564,109.5094,free_swing,474,448,435,596,-42.973,-14.763,0
6565,109.52608,free_swing,478,453,402,579,-40.717,-31.097,0
6566,109.54277,free_swing,485,458,373,557,-37.656,-48.526,0
6567,109.55945,free_swing,492,464,356,528,-34.380,-64.799,0
6568,109.57613,free_swing,498,468,388,472,-31.817,-87.917,0
6569,109.59282,free_swing,502,470,367,455,-30.231,-96.340,0
6570,109.6095,free_swing,507,473,360,432,-28.156,-105.584,0
6571,109.62618,free_swing,511,475,371,407,-26.565,-115.907,0
6572,109.64287,free_swing,516,477,386,385,-24.651,-125.287,0
6573,109.65955,free_swing,521,480,405,369,-22.593,-133.738,0
6574,109.67623,free_swing,527,482,427,356,-20.348,-141.563,0
6575,109.69292,free_swing,538,485,448,350,-16.289,-146.310,0
6576,109.7096,free_swing,551,488,469,347,-11.520,-149.819,0
6577,109.72628,free_swing,565,490,489,345,-6.459,-152.339,0
6578,109.74297,free_swing,580,492,509,344,-1.067,-154.372,0
6579,109.75965,free_swing,596,491,525,344,4.645,-154.220,0
6580,109.77633,free_swing,613,490,539,343,10.685,-153.279,0
6581,109.79302,free_swing,631,484,552,343,17.418,-150.739,0
6582,109.8097,free_swing,649,478,562,342,24.179,-147.393,0
6583,109.82638,free_swing,665,469,570,340,30.719,-143.631,0
6584,109.84307,free_swing,681,458,573,336,37.656,-138.483,0
6585,109.85975,free_swing,695,446,576,335,44.243,-133.008,0
6586,109.87643,free_swing,707,433,577,335,50.560,-127.011,0
6587,109.89312,free_swing,716,420,578,336,56.211,-121.329,0
6588,109.9098,free_swing,722,408,577,337,61.015,-116.089,0
6589,109.92648,free_swing,726,402,577,339,63.595,-112.920,0
6590,109.94317,free_swing,726,399,576,342,64.568,-110.807,0
6591,109.95985,free_swing,726,401,574,346,63.918,-109.892,0
6592,109.97653,free_swing,723,407,572,351,61.504,-110.348,0
6593,109.99322,free_swing,718,414,568,357,58.416,-110.807,0
6594,110.0099,free_swing,712,423,563,365,54.504,-111.269,0
6595,110.02658,free_swing,705,433,556,373,50.102,-111.934,0
6596,110.04327,free_swing,695,444,548,383,44.745,-112.537,0
6597,110.05995,free_swing,684,456,536,395,38.938,-112.400,0
6598,110.07663,free_swing,671,465,520,411,33.294,-109.678,0
6599,110.09332,free_swing,655,474,504,427,26.725,-107.289,0
6600,110.11,free_swing,639,481,482,447,20.472,-102.219,0
6601,110.12668,free_swing,621,487,462,470,13.690,-96.103,0
6602,110.14337,free_swing,602,491,442,497,6.772,-87.852,0
6603,110.16005,free_swing,581,492,426,528,-0.712,-76.924,0
6604,110.17673,free_swing,559,490,416,560,-8.584,-63.918,0
6605,110.19342,free_swing,533,484,420,589,-18.097,-47.102,0
6606,110.2101,free_swing,504,472,438,608,-29.261,-25.887,0
6607,110.22678,free_swing,482,457,467,603,-38.715,-5.866,0
6608,110.24347,free_swing,467,442,492,587,-46.262,9.782,0
6609,110.26015,free_swing,457,431,511,576,-51.563,20.426,0
6610,110.27683,free_swing,450,423,533,552,-55.327,32.758,0
6611,110.29352,free_swing,446,415,551,521,-58.486,44.728,0
6612,110.3102,free_swing,443,410,565,505,-60.565,52.093,0
6613,110.32688,free_swing,442,409,578,485,-61.049,60.803,0
6614,110.34357,free_swing,443,409,589,461,-60.876,70.396,0
6615,110.36025,free_swing,445,413,600,447,-59.281,77.628,0
6616,110.37693,free_swing,449,419,608,433,-56.706,84.968,0
6617,110.39362,free_swing,454,429,613,414,-52.776,95.389,0
6618,110.4103,free_swing,464,439,619,401,-47.774,103.775,0
6619,110.42698,free_swing,475,452,625,391,-41.751,112.130,0
6620,110.44367,free_swing,488,462,627,382,-35.949,119.922,0
6621,110.46035,free_swing,503,472,633,376,-29.570,126.444,0
6622,110.47703,free_swing,521,480,640,372,-22.593,132.226,0
6623,110.49372,free_swing,538,486,648,368,-16.189,137.010,0
6624,110.5104,free_swing,557,490,658,367,-9.287,140.609,0
6625,110.52708,free_swing,576,492,674,364,-2.490,142.561,0
6626,110.54377,free_swing,594,491,690,364,3.933,142.914,0
6627,110.56045,free_swing,612,489,709,362,10.401,142.628,0
6628,110.57713,free_swing,628,486,731,362,16.189,140.285,0
6629,110.59382,free_swing,644,480,752,364,22.264,137.045,0
6630,110.6105,free_swing,660,472,773,370,28.639,132.071,0
6631,110.62718,free_swing,674,463,804,374,34.582,124.396,0
6632,110.64387,free_swing,687,454,814,384,40.215,118.863,0
6633,110.66055,free_swing,699,441,844,400,46.521,105.789,0
6634,110.67723,free_swing,712,427,847,418,53.344,93.814,0
6635,110.69392,free_swing,723,410,852,442,60.565,76.068,0
6636,110.7106,free_swing,731,392,851,467,67.600,57.995,0
6637,110.72728,free_swing,736,379,838,488,72.582,43.100,0
6638,110.74397,free_swing,738,370,801,491,75.877,27.504,0
6639,110.76065,free_swing,739,369,779,503,76.310,16.621,0
6640,110.77733,free_swing,739,372,758,516,75.275,7.516,0
6641,110.79402,free_swing,736,380,729,520,72.242,-2.862,0
6642,110.8107,free_swing,733,390,712,539,68.529,-8.022,0
6643,110.82738,free_swing,727,403,687,546,63.435,-15.627,0
6644,110.84407,free_swing,720,418,666,558,57.583,-21.092,0
6645,110.86075,free_swing,708,434,649,577,50.511,-22.420,0
6646,110.87743,free_swing,693,450,631,591,42.749,-23.736,0
6647,110.89412,free_swing,674,464,616,601,34.380,-22.946,0
6648,110.9108,free_swing,652,478,601,623,25.145,-19.378,0
6649,110.92748,free_swing,624,487,590,644,14.725,-12.219,0
6650,110.94417,free_swing,595,492,583,649,4.263,-4.371,0
6651,110.96085,free_swing,567,492,575,646,-5.675,2.974,0
6652,110.97753,free_swing,542,488,565,640,-14.636,8.604,0
6653,110.99422,free_swing,522,480,553,626,-22.264,11.988,0
6654,111.0109,free_swing,504,472,539,619,-29.261,13.392,0
6655,111.02758,free_swing,490,463,523,613,-35.166,12.407,0
6656,111.04427,free_swing,478,453,508,594,-40.717,12.011,0
6657,111.06095,free_swing,467,442,489,587,-46.262,8.627,0
6658,111.07763,free_swing,457,431,472,573,-51.563,6.030,0
6659,111.09432,free_swing,448,419,456,555,-56.902,3.366,0
6660,111.111,free_swing,443,408,433,550,-61.189,-4.028,0
6661,111.12768,free_swing,439,400,407,546,-64.398,-12.362,0
6662,111.14437,free_swing,437,396,399,521,-66.001,-16.909,0
6663,111.16105,free_swing,437,396,364,524,-66.001,-29.697,0
6664,111.17773,free_swing,440,402,587,347,-63.595,110.513,0
6665,111.19442,free_swing,444,411,586,350,-60.078,113.247,0
6666,111.2111,free_swing,450,421,585,348,-55.914,118.402,0
6667,111.22778,free_swing,458,432,587,341,-51.062,125.200,0
6668,111.24447,free_swing,466,441,584,345,-46.766,129.130,0
6669,111.26115,free_swing,475,451,585,344,-41.987,134.208,0
6670,111.27783,free_swing,486,460,588,349,-36.941,137.420,0
6671,111.29452,free_swing,499,467,365,395,-31.701,-118.250,0
6672,111.3112,free_swing,513,475,377,391,-25.925,-121.701,0
6673,111.32788,free_swing,529,482,396,390,-19.678,-124.673,0
6674,111.34457,free_swing,545,487,415,391,-13.690,-126.444,0
6675,111.36125,free_swing,564,490,432,396,-6.814,-125.455,0
6676,111.37793,free_swing,584,492,447,404,0.356,-122.714,0
6677,111.39462,free_swing,605,490,461,414,7.878,-117.824,0
6678,111.4113,free_swing,625,486,474,428,15.161,-111.012,0
6679,111.42798,free_swing,644,479,487,446,22.400,-101.870,0
6680,111.44467,free_swing,662,470,503,468,29.612,-90.721,0
6681,111.46135,free_swing,678,460,527,488,36.369,-79.495,0
6682,111.47803,free_swing,691,450,550,515,42.226,-65.251,0
6683,111.49472,free_swing,700,442,583,531,46.507,-52.740,0
6684,111.5114,free_swing,706,436,619,547,49.514,-38.089,0
6685,111.52808,free_swing,707,435,665,580,50.013,-16.154,0
6686,111.54477,free_swing,704,439,707,576,48.249,1.254,0
6687,111.56145,free_swing,698,445,753,571,45.250,23.582,0
6688,111.57813,free_swing,687,455,796,555,39.987,47.466,0
6689,111.59482,free_swing,677,462,811,514,35.662,68.791,0
6690,111.6115,free_swing,670,466,821,477,32.800,85.833,0
6691,111.62818,free_swing,664,470,816,438,30.231,101.889,0
6692,111.64487,free_swing,661,472,804,404,28.951,115.432,0
6693,111.66155,free_swing,658,473,783,375,27.842,128.096,0
6694,111.67823,free_swing,655,474,759,352,26.725,139.554,0
6695,111.69492,free_swing,649,477,729,337,24.326,150.255,0
6696,111.7116,free_swing,639,482,696,330,20.348,159.444,0
6697,111.72828,free_swing,629,485,664,326,16.631,167.586,0
6698,111.74497,free_swing,618,488,631,324,12.567,175.468,0
6699,111.76165,free_swing,605,491,600,327,7.829,-178.254,0
6700,111.77833,free_swing,591,492,569,330,2.845,-172.266,0
6701,111.79502,free_swing,575,491,536,334,-2.862,-166.050,0
6702,111.8117,free_swing,561,489,504,338,-7.927,-159.319,0
6703,111.82838,free_swing,545,487,471,346,-13.690,-152.308,0
6704,111.84507,free_swing,531,483,438,353,-18.886,-144.421,0
6705,111.86175,free_swing,516,477,405,366,-24.651,-135.000,0
6706,111.87843,free_swing,501,470,371,382,-30.538,-124.095,0
6707,111.89512,free_swing,487,460,539,359,-36.656,152.758,0
6708,111.9118,free_swing,472,448,587,352,-43.493,129.855,0
6709,111.92848,free_swing,457,432,586,352,-51.285,121.805,0
6710,111.94517,free_swing,444,413,587,350,-59.462,113.776,0
6711,111.96185,free_swing,436,397,472,435,-65.821,43.452,0
6712,111.97853,free_swing,433,387,388,522,-69.528,-18.435,0
6713,111.99522,free_swing,432,384,429,518,-70.659,-1.283,0
6714,112.0119,free_swing,433,386,454,528,-69.864,8.412,0
6715,112.02858,free_swing,435,393,480,537,-67.270,17.354,0
6716,112.04527,free_swing,439,403,506,541,-63.435,25.897,0
6717,112.06195,free_swing,446,415,537,531,-58.486,38.114,0
6718,112.07863,free_swing,456,430,559,549,-52.063,40.878,0
6719,112.09532,free_swing,469,445,582,555,-45.000,45.771,0
6720,112.112,free_swing,485,459,603,555,-37.439,50.870,0
6721,112.12868,free_swing,504,472,620,568,-29.261,50.389,0
6722,112.14537,free_swing,525,482,632,572,-21.012,49.932,0
6723,112.16205,free_swing,548,489,655,594,-12.490,45.541,0
6724,112.17873,free_swing,574,492,668,614,-3.200,37.614,0
6725,112.19542,free_swing,601,491,675,629,6.419,28.202,0
6726,112.2121,free_swing,630,486,674,637,16.869,16.246,0
6727,112.22878,free_swing,655,476,670,631,26.407,5.528,0
6728,112.24547,free_swing,673,465,666,617,33.887,-2.637,0
6729,112.26215,free_swing,689,454,662,597,40.754,-10.692,0
6730,112.27883,free_swing,701,442,659,575,46.751,-17.526,0
6731,112.29552,free_swing,711,431,663,569,52.001,-19.179,0
6732,112.3122,free_swing,720,418,666,559,57.583,-20.956,0
6733,112.32888,free_swing,726,406,670,543,62.324,-22.233,0
6734,112.34557,free_swing,732,393,675,530,67.407,-22.590,0
6735,112.36225,free_swing,735,382,683,526,71.452,-19.855,0
6736,112.37893,free_swing,738,373,688,518,74.839,-19.026,0
6737,112.39562,free_swing,739,369,694,516,76.310,-17.021,0
6738,112.4123,free_swing,740,369,697,514,76.394,-16.518,0
6739,112.42898,free_swing,739,372,703,521,75.275,-13.583,0
6740,112.44567,free_swing,736,379,708,529,72.582,-10.574,0
6741,112.46235,free_swing,734,388,709,532,69.319,-9.849,0
6742,112.47903,free_swing,728,399,721,552,64.875,-2.620,0
6743,112.49572,free_swing,721,413,723,558,59.281,0.790,0
6744,112.5124,free_swing,714,426,730,567,54.051,6.474,0
6745,112.52908,free_swing,699,443,743,584,46.005,17.331,0
6746,112.54577,free_swing,679,461,754,593,36.444,29.604,0
6747,112.56245,free_swing,657,475,753,587,27.198,40.601,0
6748,112.57913,free_swing,636,485,749,584,18.991,48.778,0
6749,112.59582,free_swing,614,489,741,580,11.101,54.377,0
6750,112.6125,free_swing,594,491,725,574,3.933,57.642,0
6751,112.62918,free_swing,575,492,707,571,-2.845,59.100,0
6752,112.64587,free_swing,557,490,686,569,-9.287,58.517,0
6753,112.66255,free_swing,540,486,664,566,-15.505,57.171,0
6754,112.67923,free_swing,525,481,642,575,-21.140,51.221,0
6755,112.69592,free_swing,510,475,616,582,-26.882,44.731,0
6756,112.7126,free_swing,497,467,589,588,-32.307,37.247,0
6757,112.72928,free_swing,487,461,555,592,-36.444,27.433,0
6758,112.74597,free_swing,480,455,521,605,-39.715,15.287,0
6759,112.76265,free_swing,477,451,485,600,-41.455,3.073,0
6760,112.77933,free_swing,476,450,447,596,-41.961,-11.234,0
6761,112.79602,free_swing,479,454,407,588,-40.215,-28.250,0
6762,112.8127,free_swing,486,458,379,560,-37.372,-46.370,0
6763,112.82938,free_swing,491,463,362,530,-34.875,-62.554,0
6764,112.84607,free_swing,496,466,382,480,-32.800,-82.999,0
6765,112.86275,free_swing,499,469,397,444,-31.329,-103.772,0
6766,112.87943,free_swing,503,471,359,435,-29.745,-104.036,0
6767,112.89612,free_swing,505,472,360,410,-28.951,-113.151,0
6768,112.9128,free_swing,508,473,375,387,-27.842,-122.887,0
6769,112.92948,free_swing,512,475,393,370,-26.246,-131.424,0
6770,112.94617,free_swing,517,478,411,356,-24.179,-139.014,0
6771,112.96285,free_swing,526,481,433,348,-20.807,-145.037,0
6772,112.97953,free_swing,538,485,455,345,-16.289,-149.338,0
6773,112.99622,free_swing,551,488,474,343,-11.520,-152.030,0
6774,113.0129,free_swing,564,490,493,343,-6.814,-154.220,0
6775,113.02958,free_swing,579,491,511,343,-1.432,-155.323,0
6776,113.04627,free_swing,597,491,524,344,5.001,-153.591,0
6777,113.06295,free_swing,615,488,537,345,11.520,-151.390,0
6778,113.07963,free_swing,634,483,547,346,18.548,-147.583,0
6779,113.09632,free_swing,651,477,554,345,24.974,-143.690,0
6780,113.113,free_swing,669,467,561,348,32.307,-137.774,0
6781,113.12968,free_swing,685,455,563,347,39.440,-131.517,0
6782,113.14637,free_swing,699,441,565,350,46.521,-124.181,0
6783,113.16305,free_swing,710,428,565,355,52.628,-116.723,0
6784,113.17973,free_swing,718,415,566,362,58.109,-109.223,0
6785,113.19642,free_swing,724,405,567,371,62.308,-102.219,0
6786,113.2131,free_swing,726,400,568,378,64.242,-97.927,0
6787,113.22978,free_swing,727,398,568,388,65.048,-93.599,0
6788,113.24647,free_swing,726,401,567,399,63.918,-90.721,0
6789,113.26315,free_swing,724,407,564,412,61.675,-88.210,0
6790,113.27983,free_swing,719,415,563,423,58.299,-87.064,0
6791,113.29652,free_swing,713,424,557,442,54.421,-83.418,0
6792,113.3132,free_swing,705,434,551,461,49.827,-80.056,0
6793,113.32988,free_swing,696,445,545,485,44.748,-75.163,0
6794,113.34657,free_swing,684,456,537,518,38.938,-67.132,0
6795,113.36325,free_swing,670,467,535,545,32.607,-59.982,0
6796,113.37993,free_swing,652,478,536,576,25.145,-49.808,0
6797,113.39662,free_swing,631,485,537,612,17.312,-36.507,0
6798,113.4133,free_swing,602,491,548,639,6.772,-20.045,0
6799,113.42998,free_swing,568,492,568,644,-5.323,0.000,0
6800,113.44667,free_swing,540,487,585,629,-15.410,17.583,0
6801,113.46335,free_swing,519,479,598,614,-23.385,30.336,0
6802,113.48003,free_swing,504,470,601,584,-29.612,40.394,0
6803,113.49672,free_swing,491,464,604,561,-34.673,49.357,0
6804,113.5134,free_swing,481,456,610,542,-39.214,56.310,0
6805,113.53008,free_swing,472,447,609,520,-43.738,61.949,0
6806,113.54677,free_swing,464,440,608,505,-47.511,65.706,0
6807,113.56345,free_swing,458,433,605,487,-50.786,69.829,0
6808,113.58013,free_swing,452,424,601,476,-54.628,70.761,0
6809,113.59682,free_swing,447,418,599,465,-57.393,72.818,0
6810,113.6135,free_swing,445,413,596,459,-59.281,73.057,0
6811,113.63018,free_swing,444,411,597,453,-60.078,74.650,0
6812,113.64687,free_swing,444,413,598,452,-59.462,75.789,0
6813,113.66355,free_swing,447,417,601,453,-57.693,76.842,0
6814,113.68023,free_swing,451,422,606,454,-55.418,78.335,0
6815,113.69692,free_swing,457,430,613,463,-51.843,78.056,0
6816,113.7136,free_swing,465,440,621,471,-47.270,78.761,0
6817,113.73028,free_swing,474,449,629,480,-42.730,78.690,0
6818,113.74697,free_swing,485,458,640,499,-37.656,75.184,0
6819,113.76365,free_swing,498,468,650,518,-31.817,71.792,0
6820,113.78033,free_swing,513,476,658,538,-25.769,66.849,0
6821,113.79702,free_swing,530,483,663,562,-19.223,59.290,0
6822,113.8137,free_swing,550,489,670,590,-11.797,49.914,0
6823,113.83038,free_swing,574,493,668,616,-3.180,37.388,0
6824,113.84707,free_swing,602,492,657,637,6.730,20.772,0
6825,113.86375,free_swing,631,486,639,642,17.207,2.936,0
6826,113.88043,free_swing,653,477,621,624,25.615,-12.281,0
6827,113.89712,free_swing,670,467,608,602,32.607,-24.667,0
6828,113.9138,free_swing,682,459,597,578,37.720,-35.538,0
6829,113.93048,free_swing,691,451,590,557,41.987,-43.616,0
6830,113.94717,free_swing,699,443,584,541,46.005,-49.563,0
6831,113.96385,free_swing,705,436,581,522,49.283,-55.257,0
6832,113.98053,free_swing,713,426,581,499,53.842,-61.056,0
6833,113.99722,free_swing,718,418,581,489,57.200,-62.605,0
6834,114.0139,free_swing,722,411,580,481,60.078,-63.759,0
6835,114.03058,free_swing,724,408,581,467,61.361,-67.580,0
6836,114.04727,free_swing,724,407,577,463,61.675,-69.146,0
6837,114.06395,free_swing,722,410,572,457,60.388,-72.602,0
6838,114.08063,free_swing,719,416,565,455,57.995,-75.789,0
6839,114.09732,free_swing,714,423,567,454,54.920,-78.092,0
6840,114.114,free_swing,707,432,550,461,50.837,-79.535,0
6841,114.13068,free_swing,699,441,541,465,46.521,-81.363,0
6842,114.14737,free_swing,689,451,531,474,41.455,-81.718,0
6843,114.16405,free_swing,676,461,520,489,35.579,-79.824,0
6844,114.18073,free_swing,663,470,506,506,29.922,-77.085,0
6845,114.19742,free_swing,647,478,494,526,23.527,-72.582,0
6846,114.2141,free_swing,630,485,482,548,16.972,-66.942,0
6847,114.23078,free_swing,611,490,474,574,9.987,-58.486,0
6848,114.24747,free_swing,588,492,472,600,1.779,-47.045,0
6849,114.26415,free_swing,561,491,476,624,-7.829,-32.583,0
6850,114.28083,free_swing,533,485,492,635,-17.987,-15.287,0
6851,114.29752,free_swing,509,475,511,626,-27.198,0.759,0
6852,114.3142,free_swing,491,464,526,614,-34.673,13.134,0
6853,114.33088,free_swing,478,453,540,593,-40.717,23.886,0
6854,114.34757,free_swing,468,444,548,577,-45.503,31.027,0
6855,114.36425,free_swing,461,437,558,558,-49.014,38.718,0
6856,114.38093,free_swing,456,429,565,538,-52.344,45.000,0
6857,114.39762,free_swing,451,422,570,520,-55.418,50.528,0
6858,114.4143,free_swing,447,418,574,507,-57.393,54.978,0
6859,114.43098,free_swing,446,414,578,494,-58.791,58.782,0
6860,114.44767,free_swing,445,413,583,486,-59.281,62.122,0
6861,114.46435,free_swing,447,415,589,485,-58.299,63.759,0
6862,114.48103,free_swing,449,420,595,475,-56.409,69.358,0
6863,114.49772,free_swing,454,427,604,477,-53.344,71.565,0
6864,114.5144,free_swing,461,436,613,485,-49.283,72.132,0
6865,114.53108,free_swing,470,445,621,484,-44.748,75.518,0
6866,114.54777,free_swing,480,454,633,497,-39.943,74.302,0
6867,114.56445,free_swing,492,463,643,510,-34.582,72.711,0
6868,114.58113,free_swing,506,472,656,525,-28.639,70.540,0
6869,114.59782,free_swing,522,480,660,542,-22.264,65.807,0
6870,114.6145,free_swing,540,486,671,566,-15.505,58.588,0
6871,114.63118,free_swing,561,491,679,593,-7.829,49.160,0
6872,114.64787,free_swing,584,493,677,611,0.354,38.243,0
6873,114.66455,free_swing,612,491,670,634,10.273,22.077,0
6874,114.68123,free_swing,638,484,653,638,19.772,5.563,0
6875,114.69792,free_swing,661,474,637,625,28.610,-9.031,0
6876,114.7146,free_swing,677,463,624,604,35.455,-20.601,0
6877,114.73128,free_swing,688,455,612,584,40.257,-30.504,0
6878,114.74797,free_swing,697,446,604,559,44.750,-39.455,0
6879,114.76465,free_swing,705,437,599,543,49.014,-45.000,0
6880,114.78133,free_swing,710,430,594,530,52.063,-49.236,0
6881,114.79802,free_swing,717,422,593,514,55.819,-53.427,0
6882,114.8147,free_swing,722,414,592,498,59.158,-57.131,0
6883,114.83138,free_swing,725,408,591,489,61.531,-58.848,0
6884,114.84807,free_swing,726,405,589,477,62.639,-62.276,0
6885,114.86475,free_swing,726,404,585,477,62.956,-62.628,0
6886,114.88143,free_swing,724,406,581,469,61.991,-66.224,0
6887,114.89812,free_swing,721,413,576,469,59.281,-68.883,0
6888,114.9148,free_swing,716,421,568,476,55.914,-69.614,0
6889,114.93148,free_swing,709,429,561,477,52.125,-72.031,0
6890,114.94817,free_swing,700,440,552,486,47.027,-72.734,0
6891,114.96485,free_swing,691,451,542,503,41.987,-70.761,0
6892,114.98153,free_swing,679,460,532,520,36.656,-67.797,0
6893,114.99822,free_swing,664,469,526,538,30.411,-63.435,0
6894,115.0149,free_swing,648,478,514,563,23.854,-57.612,0
6895,115.03158,free_swing,629,486,507,589,16.530,-49.827,0
6896,115.04827,free_swing,607,490,508,610,8.584,-39.523,0
6897,115.06495,free_swing,581,492,512,634,-0.712,-25.916,0
6898,115.08163,free_swing,551,489,527,637,-11.449,-9.211,0
6899,115.09832,free_swing,525,482,544,619,-21.012,7.896,0
6900,115.115,free_swing,506,473,552,617,-28.469,17.716,0
6901,115.13168,free_swing,491,464,562,600,-34.673,27.567,0
6902,115.14837,free_swing,480,455,567,572,-39.715,36.634,0
6903,115.16505,free_swing,472,447,570,564,-43.738,39.950,0
6904,115.18173,free_swing,463,439,572,547,-48.013,45.264,0
6905,115.19842,free_swing,457,430,573,529,-51.843,49.521,0
6906,115.2151,free_swing,451,423,572,520,-55.125,51.282,0
6907,115.23178,free_swing,447,418,571,512,-57.393,52.836,0
6908,115.24847,free_swing,445,413,571,498,-59.281,55.996,0
6909,115.26515,free_swing,444,411,571,500,-60.078,54.978,0
6910,115.28183,free_swing,444,412,573,501,-59.769,55.397,0
6911,115.29852,free_swing,446,415,575,500,-58.486,56.619,0
6912,115.3152,free_swing,450,421,579,511,-55.914,55.098,0
6913,115.33188,free_swing,455,429,583,521,-52.561,54.293,0
6914,115.34857,free_swing,462,437,587,530,-48.781,53.351,0
6915,115.36525,free_swing,472,447,591,548,-43.738,49.677,0
6916,115.38193,free_swing,483,458,595,568,-38.217,45.516,0
6917,115.39862,free_swing,496,467,596,582,-32.607,41.009,0
6918,115.4153,free_swing,514,477,595,611,-25.296,31.152,0
6919,115.43198,free_swing,536,486,589,632,-16.869,19.952,0
6920,115.44867,free_swing,562,491,578,643,-7.477,6.009,0
6921,115.46535,free_swing,590,493,565,648,2.474,-9.162,0
6922,115.48203,free_swing,615,490,556,635,11.379,-22.141,0
6923,115.49872,free_swing,635,484,554,612,18.771,-32.326,0
6924,115.5154,free_swing,650,478,556,593,24.503,-39.262,0
6925,115.53208,free_swing,664,472,555,579,29.876,-45.531,0
6926,115.54877,free_swing,675,464,560,560,34.673,-50.145,0
6927,115.56545,free_swing,685,456,563,546,39.214,-53.584,0
6928,115.58213,free_swing,694,448,570,538,43.493,-54.028,0
6929,115.59882,free_swing,704,438,578,519,48.514,-57.265,0
6930,115.6155,free_swing,713,426,589,516,53.842,-54.028,0
6931,115.63218,free_swing,719,416,599,509,57.995,-52.224,0
6932,115.64887,free_swing,725,408,609,507,61.531,-49.521,0
6933,115.66555,free_swing,728,402,620,512,63.911,-44.474,0
6934,115.68223,free_swing,727,400,626,511,64.398,-42.299,0
6935,115.69892,free_swing,728,400,635,515,64.552,-38.962,0
6936,115.7156,free_swing,726,405,644,527,62.639,-33.906,0
6937,115.73228,free_swing,722,412,652,548,59.769,-27.235,0
6938,115.74897,free_swing,717,422,660,559,55.819,-22.590,0
6939,115.76565,free_swing,708,434,673,581,50.511,-13.392,0
6940,115.78233,free_swing,696,446,682,590,44.497,-5.553,0
6941,115.79902,free_swing,680,460,699,606,36.941,7.415,0
6942,115.8157,free_swing,658,474,716,617,27.676,22.077,0
6943,115.83238,free_swing,634,484,723,608,18.435,35.669,0
6944,115.84907,free_swing,612,489,721,595,10.401,45.799,0
6945,115.86575,free_swing,592,492,717,583,3.200,53.945,0
6946,115.88243,free_swing,575,491,706,569,-2.862,59.230,0
6947,115.89912,free_swing,559,490,696,560,-8.584,62.935,0
6948,115.9158,free_swing,543,486,682,550,-14.470,65.277,0
6949,115.93248,free_swing,528,482,667,547,-20.014,64.938,0
6950,115.94917,free_swing,514,476,652,545,-25.448,63.435,0
6951,115.96585,free_swing,500,469,635,549,-31.025,59.349,0
6952,115.98253,free_swing,488,461,615,552,-36.158,54.377,0
6953,115.99922,free_swing,478,453,593,550,-40.717,49.853,0
6954,116.0159,free_swing,469,444,568,557,-45.252,41.222,0
6955,116.03258,free_swing,461,436,541,569,-49.283,31.027,0
6956,116.04927,free_swing,457,430,515,566,-51.843,23.097,0
6957,116.06595,free_swing,455,428,486,571,-52.845,12.232,0
6958,116.08263,free_swing,457,431,447,588,-51.563,-3.644,0
6959,116.09932,free_swing,463,437,421,576,-48.545,-16.813,0
6960,116.116,free_swing,472,448,386,570,-43.493,-35.181,0
6961,116.13268,free_swing,486,459,364,549,-37.155,-53.584,0
6962,116.14937,free_swing,498,467,367,514,-32.005,-70.263,0
6963,116.16605,free_swing,508,473,368,487,-27.842,-84.289,0
6964,116.18273,free_swing,516,477,362,466,-24.651,-94.086,0
6965,116.19942,free_swing,525,481,377,442,-21.140,-104.763,0
6966,116.2161,free_swing,534,484,388,423,-17.758,-112.676,0
6967,116.23278,free_swing,543,487,402,408,-14.381,-119.261,0
6968,116.24947,free_swing,554,489,426,395,-10.401,-126.293,0
6969,116.26615,free_swing,567,490,442,388,-5.746,-129.214,0
6970,116.28283,free_swing,581,492,460,383,-0.712,-132.013,0
6971,116.29952,free_swing,597,490,478,380,5.032,-132.749,0
6972,116.3162,free_swing,614,488,492,379,11.170,-131.779,0
6973,116.33288,free_swing,630,484,505,380,17.076,-129.760,0
6974,116.34957,free_swing,648,478,516,383,23.854,-125.742,0
6975,116.36625,free_swing,665,469,525,389,30.719,-119.745,0
6976,116.38293,free_swing,681,458,533,397,37.656,-112.400,0
6977,116.39962,free_swing,694,445,541,405,44.236,-104.651,0
6978,116.4163,free_swing,707,432,549,419,50.837,-94.704,0
6979,116.43298,free_swing,717,419,559,437,56.706,-83.501,0
6980,116.44967,free_swing,723,409,574,455,60.876,-72.843,0
6981,116.46635,free_swing,727,400,589,477,64.398,-60.840,0
6982,116.48303,free_swing,729,397,608,495,65.674,-50.995,0
6983,116.49972,free_swing,728,399,627,517,64.875,-40.561,0
6984,116.5164,free_swing,726,405,649,538,62.639,-30.069,0
6985,116.53308,free_swing,722,415,671,555,58.855,-20.016,0
6986,116.54977,free_swing,713,426,697,573,53.842,-6.212,0
6987,116.56645,free_swing,701,442,722,580,46.751,8.653,0
6988,116.58313,free_swing,681,459,753,586,37.439,29.550,0
6989,116.59982,free_swing,656,475,770,575,26.882,48.743,0
6990,116.6165,free_swing,637,483,771,552,19.558,62.755,0
6991,116.63318,free_swing,618,487,766,531,12.645,73.443,0
6992,116.64987,free_swing,602,490,756,509,6.814,82.967,0
6993,116.66655,free_swing,586,491,746,492,1.074,89.642,0
6994,116.68323,free_swing,571,491,730,477,-4.289,95.032,0
6995,116.69992,free_swing,555,489,715,466,-10.049,98.180,0
6996,116.7166,free_swing,539,485,697,457,-15.945,100.049,0
6997,116.73328,free_swing,522,480,681,453,-22.264,99.638,0
6998,116.74997,free_swing,505,473,664,452,-28.780,97.524,0
6999,116.76665,free_swing,490,463,649,454,-35.166,93.240,0
7000,116.78333,free_swing,476,451,635,461,-41.722,86.401,0
7001,116.80002,free_swing,464,439,619,469,-47.774,79.046,0
7002,116.8167,free_swing,454,426,601,475,-53.631,71.565,0
7003,116.83338,free_swing,446,415,580,491,-58.486,60.440,0
7004,116.85007,free_swing,440,405,556,506,-62.639,48.954,0
7005,116.86675,free_swing,437,398,530,518,-65.349,37.776,0
7006,116.88343,free_swing,436,395,501,534,-66.473,25.062,0
7007,116.90012,free_swing,437,398,469,547,-65.349,12.121,0
7008,116.9168,free_swing,441,406,443,549,-62.158,0.801,0
7009,116.93348,free_swing,448,417,405,560,-57.501,-16.736,0
7010,116.95017,free_swing,459,434,374,554,-50.285,-35.311,0
7011,116.96685,free_swing,475,451,370,526,-41.987,-54.462,0
7012,116.98353,free_swing,491,463,377,495,-34.875,-74.320,0
7013,117.00022,free_swing,506,472,358,484,-28.639,-85.365,0
7014,117.0169,free_swing,518,478,360,463,-23.854,-95.423,0
7015,117.03358,free_swing,530,482,376,442,-19.341,-104.560,0
7016,117.05027,free_swing,543,486,396,425,-14.470,-112.537,0
7017,117.06695,free_swing,557,489,415,413,-9.345,-118.156,0
7018,117.08363,free_swing,573,491,437,405,-3.576,-122.307,0
7019,117.10032,free_swing,590,492,456,399,2.490,-124.762,0
7020,117.117,free_swing,609,489,474,397,9.345,-124.274,0
7021,117.13368,free_swing,628,485,491,397,16.289,-122.714,0
7022,117.15037,free_swing,646,478,505,399,23.199,-119.261,0
