frame,time_s,phase,x_green,y_green,x_red,y_red,theta1_deg,theta2_deg,dropout,omega1_deg_s,omega2_deg_s,suspect,arm_length_px,arm_dev_pct,omega_cap_applied,delta_omega_suspect,swap_suspect,omega_cap_suspect
0,0.0,free_swing,662,481,661,632,-0.385,-0.379,0,0.00,0.00,0,151.00,0.69,2500,0,0,0
1,0.01668,free_swing,662,481,661,632,-0.385,-0.379,0,0.00,-0.00,0,151.00,0.69,2500,0,0,0
2,0.03337,free_swing,662,481,661,632,-0.385,-0.379,0,0.00,-0.00,0,151.00,0.69,2500,0,0,0
3,0.05005,free_swing,662,481,661,632,-0.385,-0.379,0,0.00,0.00,0,151.00,0.69,2500,0,0,0
4,0.06673,free_swing,662,481,661,632,-0.385,-0.379,0,0.00,0.00,0,151.00,0.69,2500,0,0,0
5,0.08342,free_swing,662,481,661,632,-0.385,-0.379,0,-2.02,1.99,0,151.00,0.69,2500,0,0,0
6,0.1001,free_swing,662,481,661,632,-0.385,-0.379,0,6.14,-6.06,0,151.00,0.69,2500,0,0,0
7,0.11678,free_swing,662,481,661,632,-0.385,-0.379,0,5.31,-5.24,0,151.00,0.69,2500,0,0,0
8,0.13347,free_swing,663,481,661,632,0.000,-0.759,0,0.00,0.00,0,151.01,0.68,2500,0,0,0
9,0.15015,free_swing,662,481,661,632,-0.385,-0.379,0,-5.31,3.26,0,151.00,0.69,2500,0,0,0
10,0.16683,free_swing,662,481,661,632,-0.385,-0.379,0,-6.14,12.10,0,151.00,0.69,2500,0,0,0
11,0.18352,free_swing,662,481,661,632,-0.385,-0.379,0,2.02,1.26,0,151.00,0.69,2500,0,0,0
12,0.2002,free_swing,662,481,662,632,-0.385,0.000,0,0.00,6.04,0,151.00,0.69,2500,0,0,0
13,0.21688,free_swing,662,481,661,632,-0.385,-0.379,0,0.00,0.00,0,151.00,0.69,2500,0,0,0
14,0.23357,free_swing,662,481,662,632,-0.385,0.000,0,0.00,-8.02,0,151.00,0.69,2500,0,0,0
15,0.25025,free_swing,662,481,661,632,-0.385,-0.379,0,0.00,2.80,0,151.00,0.69,2500,0,0,0
16,0.26693,free_swing,662,481,661,632,-0.385,-0.379,0,0.00,-0.81,0,151.00,0.69,2500,0,0,0
17,0.28362,free_swing,662,481,662,632,-0.385,0.000,0,-2.02,3.97,0,151.00,0.69,2500,0,0,0
18,0.3003,free_swing,662,481,661,632,-0.385,-0.379,0,6.14,-11.29,0,151.00,0.69,2500,0,0,0
19,0.31698,free_swing,662,481,661,632,-0.385,-0.379,0,5.31,-11.28,0,151.00,0.69,2500,0,0,0
20,0.33367,free_swing,663,481,661,632,0.000,-0.759,0,-2.02,3.97,0,151.01,0.68,2500,0,0,0
21,0.35035,free_swing,662,481,661,632,-0.385,-0.379,0,-1.19,1.15,0,151.00,0.69,2500,0,0,0
22,0.36703,free_swing,662,481,661,632,-0.385,-0.379,0,3.30,-5.17,0,151.00,0.69,2500,0,0,0
23,0.38372,free_swing,663,481,661,632,0.000,-0.759,0,13.46,-7.14,0,151.01,0.68,2500,0,0,0
24,0.4004,free_swing,663,481,661,633,0.000,-0.754,0,-2.02,7.27,0,152.01,0.03,2500,0,0,0
25,0.41708,free_swing,663,481,662,633,0.000,-0.377,0,-5.31,5.27,0,152.00,0.03,2500,0,0,0
26,0.43377,free_swing,662,481,661,633,-0.385,-0.377,0,-6.14,0.78,0,152.00,0.03,2500,0,0,0
27,0.45045,free_swing,663,481,661,633,0.000,-0.754,0,0.00,-6.01,0,152.01,0.03,2500,0,0,0
28,0.46713,free_swing,662,481,661,633,-0.385,-0.377,0,6.14,-4.01,0,152.00,0.03,2500,0,0,0
29,0.48382,free_swing,663,481,661,633,0.000,-0.754,0,3.30,-3.31,0,152.01,0.03,2500,0,0,0
30,0.5005,free_swing,663,481,661,633,0.000,-0.754,0,8.15,-8.05,0,152.01,0.03,2500,0,0,0
31,0.51718,free_swing,663,481,661,632,0.000,-0.759,0,-8.15,7.98,0,151.01,0.68,2500,0,0,0
32,0.53387,free_swing,663,481,661,633,0.000,-0.754,0,-5.31,5.27,0,152.01,0.03,2500,0,0,0
33,0.55055,free_swing,662,481,661,633,-0.385,-0.377,0,0.00,0.08,0,152.00,0.03,2500,0,0,0
34,0.56723,free_swing,663,481,661,633,0.000,-0.754,0,5.31,-5.23,0,152.01,0.03,2500,0,0,0
35,0.58392,free_swing,663,481,661,633,0.000,-0.754,0,6.14,-5.98,0,152.01,0.03,2500,0,0,0
36,0.6006,free_swing,663,481,661,633,0.000,-0.754,0,-2.02,1.89,0,152.01,0.03,2500,0,0,0
37,0.61728,free_swing,663,481,661,633,0.000,-0.754,0,0.00,-0.07,0,152.01,0.03,2500,0,0,0
38,0.63397,free_swing,663,481,661,632,0.000,-0.759,0,2.02,-1.97,0,151.01,0.68,2500,0,0,0
39,0.65065,free_swing,663,481,661,633,0.000,-0.754,0,-6.14,6.08,0,152.01,0.03,2500,0,0,0
40,0.66733,free_swing,663,481,661,633,0.000,-0.754,0,-3.30,3.31,0,152.01,0.03,2500,0,0,0
41,0.68402,free_swing,662,481,661,633,-0.385,-0.377,0,-6.14,5.98,0,152.00,0.03,2500,0,0,0
42,0.7007,free_swing,663,481,661,633,0.000,-0.754,0,0.00,0.00,0,152.01,0.03,2500,0,0,0
43,0.71738,free_swing,662,481,661,633,-0.385,-0.377,0,6.14,-6.01,0,152.00,0.03,2500,0,0,0
44,0.73407,free_swing,663,481,661,633,0.000,-0.754,0,5.31,-5.20,0,152.01,0.03,2500,0,0,0
45,0.75075,free_swing,663,481,661,633,0.000,-0.754,0,2.02,-1.97,0,152.01,0.03,2500,0,0,0
46,0.76743,free_swing,663,481,661,633,0.000,-0.754,0,-11.45,11.21,0,152.01,0.03,2500,0,0,0
47,0.78412,free_swing,662,481,661,633,-0.385,-0.377,0,-11.45,11.21,0,152.00,0.03,2500,0,0,0
48,0.8008,free_swing,662,481,661,633,-0.385,-0.377,0,0.00,0.00,0,152.00,0.03,2500,0,0,0
49,0.81748,free_swing,662,481,661,633,-0.385,-0.377,0,11.45,-11.21,0,152.00,0.03,2500,0,0,0
50,0.83417,free_swing,663,481,661,633,0.000,-0.754,0,9.43,-9.24,0,152.01,0.03,2500,0,0,0
51,0.85085,free_swing,663,481,661,633,0.000,-0.754,0,6.14,-6.01,0,152.01,0.03,2500,0,0,0
52,0.86753,free_swing,663,481,661,633,0.000,-0.754,0,-8.15,7.98,0,152.01,0.03,2500,0,0,0
53,0.88422,free_swing,663,481,661,633,0.000,-0.754,0,-5.31,5.20,0,152.01,0.03,2500,0,0,0
54,0.9009,free_swing,662,481,661,633,-0.385,-0.377,0,0.00,0.00,0,152.00,0.03,2500,0,0,0
55,0.91758,free_swing,663,481,661,633,0.000,-0.754,0,7.33,-7.18,0,152.01,0.03,2500,0,0,0
56,0.93427,free_swing,663,481,661,633,0.000,-0.754,0,0.00,0.00,0,152.01,0.03,2500,0,0,0
57,0.95095,free_swing,663,481,661,633,0.000,-0.754,0,-7.33,7.18,0,152.01,0.03,2500,0,0,0
58,0.96763,free_swing,662,481,661,633,-0.385,-0.377,0,0.00,0.00,0,152.00,0.03,2500,0,0,0
59,0.98432,free_swing,663,481,661,633,0.000,-0.754,0,7.33,-7.18,0,152.01,0.03,2500,0,0,0
60,1.001,free_swing,663,481,661,633,0.000,-0.754,0,0.00,0.00,0,152.01,0.03,2500,0,0,0
61,1.01768,free_swing,663,481,661,633,0.000,-0.754,0,-7.33,7.20,0,152.01,0.03,2500,0,0,0
62,1.03437,free_swing,662,481,661,633,-0.385,-0.377,0,0.00,-0.08,0,152.00,0.03,2500,0,0,0
63,1.05105,free_swing,663,481,661,633,0.000,-0.754,0,5.31,-5.24,0,152.01,0.03,2500,0,0,0
64,1.06773,free_swing,663,481,661,632,0.000,-0.759,0,6.14,-6.09,0,151.01,0.68,2500,0,0,0
65,1.08442,free_swing,663,481,661,633,0.000,-0.754,0,-2.02,2.00,0,152.01,0.03,2500,0,0,0
66,1.1011,free_swing,663,481,661,632,0.000,-0.759,0,0.00,-1.97,0,151.01,0.68,2500,0,0,0
67,1.11778,free_swing,663,481,661,633,0.000,-0.754,0,2.02,4.01,0,152.01,0.03,2500,0,0,0
68,1.13447,free_swing,663,481,661,632,0.000,-0.759,0,-6.14,11.29,0,151.01,0.68,2500,0,0,0
69,1.15115,free_swing,663,481,662,633,0.000,-0.377,0,-5.31,5.27,0,152.00,0.03,2500,0,0,0
70,1.16783,free_swing,662,481,661,633,-0.385,-0.377,0,0.00,-5.20,0,152.00,0.03,2500,0,0,0
71,1.18452,free_swing,663,481,661,633,0.000,-0.754,0,5.31,-11.31,0,152.01,0.03,2500,0,0,0
72,1.2012,free_swing,663,481,661,632,0.000,-0.759,0,6.14,-4.04,0,151.01,0.68,2500,0,0,0
73,1.21788,free_swing,663,481,661,633,0.000,-0.754,0,-2.02,0.07,0,152.01,0.03,2500,0,0,0
74,1.23457,free_swing,663,481,661,633,0.000,-0.754,0,2.02,4.12,0,152.01,0.03,2500,0,0,0
75,1.25125,free_swing,663,481,661,633,0.000,-0.754,0,-4.12,9.21,0,152.01,0.03,2500,0,0,0
76,1.26793,free_swing,663,481,662,633,0.000,-0.377,0,-11.45,11.21,0,152.00,0.03,2500,0,0,0
77,1.28462,free_swing,662,481,661,633,-0.385,-0.377,0,-5.31,0.00,0,152.00,0.03,2500,0,0,0
78,1.3013,free_swing,662,481,661,633,-0.385,-0.377,0,5.31,-11.21,0,152.00,0.03,2500,0,0,0
79,1.31798,free_swing,663,481,661,633,0.000,-0.754,0,11.45,-9.24,0,152.01,0.03,2500,0,0,0
80,1.33467,free_swing,663,481,661,633,0.000,-0.754,0,6.14,-7.98,0,152.01,0.03,2500,0,0,0
81,1.35135,free_swing,663,481,661,633,0.000,-0.754,0,-8.15,13.99,0,152.01,0.03,2500,0,0,0
82,1.36803,free_swing,663,481,661,633,0.000,-0.754,0,-5.31,10.40,0,152.01,0.03,2500,0,0,0
83,1.38472,free_swing,662,481,662,633,-0.385,0.000,0,0.00,0.00,0,152.00,0.03,2500,0,0,0
84,1.4014,free_swing,663,481,661,633,0.000,-0.754,0,5.31,-10.40,0,152.01,0.03,2500,0,0,0
85,1.41808,free_swing,663,481,661,633,0.000,-0.754,0,6.14,-12.02,0,152.01,0.03,2500,0,0,0
86,1.43477,free_swing,663,481,661,633,0.000,-0.754,0,-2.02,3.95,0,152.01,0.03,2500,0,0,0
87,1.45145,free_swing,663,481,661,633,0.000,-0.754,0,0.00,0.00,0,152.01,0.03,2500,0,0,0
88,1.46813,free_swing,663,481,661,633,0.000,-0.754,0,2.02,-1.97,0,152.01,0.03,2500,0,0,0
89,1.48482,free_swing,663,481,661,633,0.000,-0.754,0,-6.14,6.04,0,152.01,0.03,2500,0,0,0
90,1.5015,free_swing,663,481,661,633,0.000,-0.754,0,-3.30,3.15,0,152.01,0.03,2500,0,0,0
91,1.51818,free_swing,662,481,661,633,-0.385,-0.377,0,-4.12,3.97,0,152.00,0.03,2500,0,0,0
92,1.53487,free_swing,663,481,661,632,0.000,-0.759,0,-6.14,6.01,0,151.01,0.68,2500,0,0,0
93,1.55155,free_swing,662,481,661,633,-0.385,-0.377,0,0.82,-0.74,0,152.00,0.03,2500,0,0,0
94,1.56823,free_swing,662,481,661,633,-0.385,-0.377,0,3.30,-3.15,0,152.00,0.03,2500,0,0,0
95,1.58492,free_swing,663,481,661,633,0.000,-0.754,0,11.45,-11.24,0,152.01,0.03,2500,0,0,0
96,1.6016,free_swing,663,481,661,633,0.000,-0.754,0,4.12,-4.04,0,152.01,0.03,2500,0,0,0
97,1.61828,free_swing,663,481,661,633,0.000,-0.754,0,-0.00,0.00,0,152.01,0.03,2500,0,0,0
98,1.63497,free_swing,663,481,661,633,0.000,-0.754,0,-4.12,4.05,0,152.01,0.03,2500,0,0,0
99,1.65165,free_swing,663,481,661,633,0.000,-0.754,0,-9.43,9.21,0,152.01,0.03,2500,0,0,0
100,1.66833,free_swing,662,481,661,633,-0.385,-0.377,0,-11.45,11.18,0,152.00,0.03,2500,0,0,0
101,1.68502,free_swing,662,481,661,632,-0.385,-0.379,0,0.00,0.00,0,151.00,0.69,2500,0,0,0
102,1.7017,free_swing,662,481,661,633,-0.385,-0.377,0,13.46,-13.16,0,152.00,0.03,2500,0,0,0
103,1.71838,free_swing,663,481,661,633,0.000,-0.754,0,3.30,-3.20,0,152.01,0.03,2500,0,0,0
104,1.73507,free_swing,663,481,661,633,0.000,-0.754,0,-1.19,1.16,0,152.01,0.03,2500,0,0,0
105,1.75175,free_swing,662,481,661,633,-0.385,-0.377,0,-2.02,1.97,0,152.00,0.03,2500,0,0,0
106,1.76843,free_swing,663,481,661,633,0.000,-0.754,0,7.33,-7.18,0,152.01,0.03,2500,0,0,0
107,1.78512,free_swing,663,481,661,633,0.000,-0.754,0,0.00,0.00,0,152.01,0.03,2500,0,0,0
108,1.8018,free_swing,663,481,661,633,0.000,-0.754,0,-7.33,7.18,0,152.01,0.03,2500,0,0,0
109,1.81848,free_swing,662,481,661,633,-0.385,-0.377,0,2.02,-1.97,0,152.00,0.03,2500,0,0,0
110,1.83517,free_swing,663,481,661,633,0.000,-0.754,0,-0.82,0.81,0,152.01,0.03,2500,0,0,0
111,1.85185,free_swing,663,481,661,633,0.000,-0.754,0,2.84,-2.78,0,152.01,0.03,2500,0,0,0
112,1.86853,free_swing,662,481,661,633,-0.385,-0.377,0,-8.15,7.98,0,152.00,0.03,2500,0,0,0
113,1.88522,free_swing,663,481,661,633,0.000,-0.754,0,0.00,0.00,0,152.01,0.03,2500,0,0,0
114,1.9019,free_swing,662,481,661,633,-0.385,-0.377,0,6.14,-6.01,0,152.00,0.03,2500,0,0,0
115,1.91858,free_swing,663,481,661,633,0.000,-0.754,0,3.30,-5.20,0,152.01,0.03,2500,0,0,0
116,1.93527,free_swing,663,481,661,633,0.000,-0.754,0,6.14,0.00,0,152.01,0.03,2500,0,0,0
117,1.95195,free_swing,663,481,661,633,0.000,-0.754,0,-2.02,7.18,0,152.01,0.03,2500,0,0,0
118,1.96863,free_swing,663,481,662,633,0.000,-0.377,0,0.00,0.03,0,152.00,0.03,2500,0,0,0
119,1.98532,free_swing,663,481,661,633,0.000,-0.754,0,0.00,-5.28,0,152.01,0.03,2500,0,0,0
120,2.002,free_swing,663,481,661,633,0.000,-0.754,0,0.00,-4.11,0,152.01,0.03,2500,0,0,0
121,2.01868,free_swing,663,481,661,632,0.000,-0.759,0,-10.06,11.85,0,151.01,0.68,2500,0,0,0
122,2.03537,free_swing,663,481,661,633,0.000,-0.754,0,4.54,-17.44,0,152.01,0.03,2500,0,0,0
123,2.05205,free_swing,663,481,660,633,0.000,-1.131,0,63.73,-93.67,0,152.03,0.02,2500,0,0,0
124,2.06873,free_swing,668,481,658,632,1.922,-3.789,0,136.76,-185.85,0,151.33,0.47,2500,0,0,0
125,2.08542,free_swing,676,481,656,630,4.986,-7.645,0,188.74,-246.54,0,150.34,1.13,2500,0,0,0
126,2.1021,free_swing,684,480,653,628,8.076,-11.830,0,203.46,-262.05,0,151.21,0.55,2500,0,0,0
127,2.11878,free_swing,693,478,651,623,11.611,-16.154,0,221.47,-261.15,0,150.96,0.72,2500,0,0,0
128,2.13547,free_swing,703,476,650,617,15.524,-20.601,0,258.67,-266.55,0,150.63,0.93,2500,0,0,0
129,2.15215,free_swing,714,472,651,609,20.016,-24.696,0,274.13,-241.93,0,150.79,0.83,2500,0,0,0
130,2.16883,free_swing,726,467,653,599,25.017,-28.944,0,286.86,-206.62,0,150.84,0.80,2500,0,0,0
131,2.18552,free_swing,736,462,658,590,29.316,-31.357,0,291.55,-154.03,0,149.89,1.42,2500,0,0,0
132,2.2022,free_swing,748,455,664,580,34.647,-33.901,0,300.67,-94.69,0,150.60,0.95,2500,0,0,0
133,2.21888,free_swing,758,447,672,571,39.560,-34.743,0,308.17,-36.55,0,150.90,0.76,2500,0,0,0
134,2.23557,free_swing,768,438,681,563,44.728,-34.838,0,294.49,44.51,0,152.30,0.16,2500,0,0,0
135,2.25225,free_swing,777,429,693,556,49.606,-33.481,0,307.67,112.12,0,152.27,0.14,2500,0,0,0
136,2.26893,free_swing,785,419,706,551,54.507,-30.900,0,306.39,188.74,0,153.83,1.17,2500,0,0,0
137,2.28562,free_swing,793,407,722,544,60.018,-27.395,0,280.26,248.22,0,154.30,1.48,2500,0,0,0
138,2.3023,free_swing,798,398,739,540,63.947,-22.563,0,223.78,303.79,0,153.77,1.13,2500,0,0,0
139,2.31898,free_swing,802,391,756,538,67.001,-17.376,0,150.32,334.26,0,154.03,1.30,2500,0,0,0
140,2.33567,free_swing,804,386,774,537,69.044,-11.237,0,73.22,366.94,0,153.95,1.25,2500,0,0,0
141,2.35235,free_swing,805,385,791,538,69.532,-5.228,0,-18.05,420.22,0,153.64,1.04,2500,0,0,0
142,2.36903,free_swing,803,388,810,542,68.199,2.603,0,-113.86,468.44,0,154.16,1.39,2500,0,0,0
143,2.38572,free_swing,800,394,830,546,65.651,11.165,0,-222.81,554.17,0,154.93,1.89,2500,0,0,0
144,2.4024,free_swing,795,405,849,549,61.056,20.556,0,-343.68,668.31,0,153.79,1.14,2500,0,0,0
145,2.41908,free_swing,785,420,868,547,54.197,33.166,0,-455.13,795.86,0,151.72,0.22,2500,0,0,0
146,2.43577,free_swing,771,436,882,539,46.081,47.141,0,-494.91,830.25,0,151.43,0.41,2500,0,0,0
147,2.45245,free_swing,754,450,886,524,37.639,60.725,0,-472.82,742.18,0,151.33,0.48,2500,0,0,0
148,2.46913,free_swing,738,460,882,508,30.368,71.565,0,-448.90,606.26,0,151.79,0.17,2500,0,0,0
149,2.48582,free_swing,721,468,871,493,23.097,80.538,0,-443.80,471.41,0,152.07,0.01,2500,0,0,0
150,2.5025,free_swing,702,475,857,482,15.255,87.414,0,-458.30,358.52,0,155.16,2.04,2500,0,0,0
151,2.51918,free_swing,683,479,838,473,7.748,92.217,0,-458.11,208.45,0,155.12,2.01,2500,0,0,0
152,2.53587,free_swing,663,481,819,468,0.000,94.764,0,-471.48,52.61,0,156.54,2.95,2500,0,0,0
153,2.55255,free_swing,643,479,799,469,-7.748,93.668,0,-483.63,-110.10,0,156.32,2.81,2500,0,0,0
154,2.56923,free_swing,621,476,777,473,-16.260,91.102,0,-481.79,-252.58,0,156.03,2.62,2500,0,0,0
155,2.58592,free_swing,603,469,757,481,-23.651,85.544,0,-450.44,-381.69,0,154.47,1.59,2500,0,0,0
156,2.6026,free_swing,586,461,738,492,-30.833,78.473,0,-366.92,-487.67,0,155.13,2.02,2500,0,0,0
157,2.61928,free_swing,575,453,719,507,-36.027,69.444,0,-229.85,-528.74,0,153.79,1.14,2500,0,0,0
158,2.63597,free_swing,570,449,705,525,-38.480,60.622,0,-61.67,-544.93,0,154.92,1.89,2500,0,0,0
159,2.65265,free_swing,571,450,692,546,-37.942,51.572,0,69.38,-566.01,0,154.46,1.58,2500,0,0,0
160,2.66933,free_swing,575,453,678,569,-36.027,41.603,0,167.88,-631.80,0,155.13,2.02,2500,0,0,0
161,2.68602,free_swing,582,458,659,590,-32.735,30.256,0,247.95,-731.96,0,152.82,0.50,2500,0,0,0
162,2.7027,free_swing,594,464,639,610,-27.597,17.130,0,359.50,-876.31,0,152.78,0.48,2500,0,0,0
163,2.71938,free_swing,609,471,613,623,-21.231,1.507,0,446.64,-1017.86,0,152.05,0.00,2500,0,0,0
164,2.73607,free_swing,630,478,587,623,-12.736,-16.518,0,461.69,-1041.65,0,151.24,0.53,2500,0,0,0
165,2.75275,free_swing,649,481,566,605,-5.368,-33.797,0,441.19,-964.97,0,149.21,1.87,2500,0,0,0
166,2.76943,free_swing,666,480,555,581,1.161,-47.701,0,414.93,-830.11,0,150.07,1.30,2500,0,0,0
167,2.78612,free_swing,685,480,552,553,8.455,-61.239,0,407.44,-701.79,0,151.72,0.22,2500,0,0,0
168,2.8028,free_swing,702,476,556,524,15.154,-71.801,0,383.05,-597.91,0,153.69,1.08,2500,0,0,0
169,2.81948,free_swing,716,471,565,496,20.872,-80.599,0,331.70,-487.65,0,153.06,0.66,2500,0,0,0
170,2.83617,free_swing,729,466,576,470,26.222,-88.502,0,289.20,-421.05,0,153.05,0.66,2500,0,0,0
171,2.85285,free_swing,739,461,586,448,30.504,-94.857,0,238.93,-376.07,0,153.55,0.99,2500,0,0,0
172,2.86953,free_swing,747,456,597,427,34.114,-100.942,0,174.99,-355.54,0,152.78,0.48,2500,0,0,0
173,2.88622,free_swing,752,453,606,408,36.336,-107.130,0,99.99,-382.80,0,152.78,0.48,2500,0,0,0
174,2.9029,free_swing,754,451,614,390,37.405,-113.543,0,18.86,-409.79,0,152.71,0.43,2500,0,0,0
175,2.91958,free_swing,753,452,623,373,36.870,-121.287,0,-68.25,-475.15,0,152.12,0.05,2500,0,0,0
176,2.93627,free_swing,749,454,632,359,35.181,-129.075,0,-160.53,-540.22,0,150.71,0.88,2500,0,0,0
177,2.95295,free_swing,741,459,643,344,31.557,-139.563,0,-254.96,-632.17,0,151.09,0.63,2500,0,0,0
178,2.96963,free_swing,730,465,654,334,26.737,-149.880,0,-334.78,-692.32,0,151.45,0.40,2500,0,0,0
179,2.98632,free_swing,715,471,670,326,20.511,-162.759,0,-377.51,-708.97,0,151.82,0.15,2500,0,0,0
180,3.003,free_swing,699,476,683,326,14.036,-173.911,0,-404.79,-743.77,0,150.85,0.79,2500,0,0,0
181,3.01968,free_swing,682,480,700,327,7.316,173.290,0,-417.45,-770.17,0,154.06,1.32,2500,0,0,0
182,3.03637,free_swing,663,481,717,337,0.000,159.444,0,-447.70,-863.80,0,153.79,1.14,2500,0,0,0
183,3.05305,free_swing,644,480,732,354,-7.316,145.069,0,-462.77,-939.43,0,153.69,1.08,2500,0,0,0
184,3.06973,free_swing,624,475,745,380,-15.255,128.136,0,-422.39,-994.62,0,153.84,1.17,2500,0,0,0
185,3.08642,free_swing,608,470,751,414,-21.730,111.386,0,-351.41,-1026.22,0,153.57,1.00,2500,0,0,0
186,3.1031,free_swing,597,466,749,454,-26.222,94.514,0,-242.15,-1037.81,0,152.47,0.28,2500,0,0,0
187,3.11978,free_swing,589,461,738,496,-29.840,76.781,0,-124.18,-1043.20,0,153.06,0.66,2500,0,0,0
188,3.13647,free_swing,588,460,719,539,-30.368,58.908,0,38.82,-1074.78,0,152.98,0.61,2500,0,0,0
189,3.15315,free_swing,592,463,693,578,-28.457,41.292,0,221.27,-1160.94,0,153.06,0.66,2500,0,0,0
190,3.16983,free_swing,605,469,657,611,-22.946,20.113,0,413.29,-1368.65,1,151.22,0.55,2500,1,0,0
191,3.18652,free_swing,623,476,614,627,-15.524,-3.411,0,531.92,-1496.19,0,151.27,0.52,2500,0,0,0
192,3.2032,free_swing,649,482,574,611,-5.332,-30.174,0,500.23,-1407.32,0,149.22,1.86,2500,0,0,0
193,3.21988,free_swing,667,481,549,577,1.538,-50.870,0,363.05,-1199.64,1,152.12,0.04,2500,1,0,0
194,3.23657,free_swing,678,480,536,536,5.787,-68.477,0,206.56,-990.79,1,152.64,0.39,2500,1,0,0
195,3.25325,free_swing,685,480,533,494,8.455,-84.738,0,107.20,-926.26,0,152.64,0.39,2500,0,0,0
196,3.26993,free_swing,689,479,537,454,10.030,-99.340,0,43.14,-880.48,0,154.04,1.31,2500,0,0,0
197,3.28662,free_swing,689,479,550,417,10.030,-114.039,0,36.81,-824.58,0,152.20,0.10,2500,0,0,0
198,3.3033,free_swing,692,478,571,387,11.234,-126.946,0,121.22,-716.09,0,151.40,0.43,2500,0,0,0
199,3.31998,free_swing,699,476,598,364,14.036,-137.956,0,226.36,-544.74,0,150.81,0.81,2500,0,0,0
200,3.33667,free_swing,711,472,626,347,18.925,-145.784,0,267.15,-455.90,0,151.16,0.59,2500,0,0,0
201,3.35335,free_swing,721,469,651,335,22.946,-152.418,0,237.44,-463.77,0,151.18,0.57,2500,0,0,0
202,3.37003,free_swing,729,465,682,322,26.392,-161.806,0,170.16,-541.14,0,150.53,1.00,2500,0,0,0
203,3.38672,free_swing,734,462,711,313,28.641,-171.225,0,108.65,-623.95,0,150.76,0.85,2500,0,0,0
204,3.4034,free_swing,737,460,742,309,30.033,178.103,0,48.36,-679.05,0,151.08,0.64,2500,0,0,0
205,3.42008,free_swing,738,460,775,313,30.368,165.872,0,15.10,-733.68,0,151.58,0.31,2500,0,0,0
206,3.43677,free_swing,738,460,806,324,30.368,153.435,0,-4.19,-762.61,0,152.05,0.00,2500,0,0,0
207,3.45345,free_swing,738,460,834,343,30.368,140.631,0,-22.40,-799.11,0,151.34,0.47,2500,0,0,0
208,3.47013,free_swing,737,462,859,371,29.650,126.719,0,-67.93,-868.40,0,152.20,0.10,2500,0,0,0
209,3.48682,free_swing,734,464,874,409,28.275,111.448,0,-106.26,-969.45,0,150.42,1.08,2500,0,0,0
210,3.5035,free_swing,728,465,877,453,26.046,94.604,0,-101.46,-1072.79,0,149.48,1.69,2500,0,0,0
211,3.52018,free_swing,725,467,870,504,24.667,75.685,0,-79.80,-1146.73,0,149.65,1.58,2500,0,0,0
212,3.53687,free_swing,723,468,847,551,23.806,56.203,0,-57.85,-1191.32,0,149.21,1.87,2500,0,0,0
213,3.55355,free_swing,720,470,809,590,22.443,36.563,0,-68.15,-1195.47,0,149.40,1.74,2500,0,0,0
214,3.57023,free_swing,717,471,760,616,21.231,16.518,0,-117.48,-1154.62,0,151.24,0.53,2500,0,0,0
215,3.58692,free_swing,711,473,706,625,18.800,-1.884,0,-197.66,-1029.86,0,152.08,0.02,2500,0,0,0
216,3.6036,free_swing,700,476,653,622,14.410,-17.844,0,-298.39,-867.12,0,153.38,0.87,2500,0,0,0
217,3.62028,free_swing,686,479,608,611,8.893,-30.579,0,-362.33,-733.19,0,153.32,0.84,2500,0,0,0
218,3.63697,free_swing,669,480,566,594,2.322,-42.098,0,-405.71,-619.34,0,153.64,1.04,2500,0,0,0
219,3.65365,free_swing,652,480,532,574,-4.251,-51.927,0,-421.39,-536.79,0,152.43,0.25,2500,0,0,0
220,3.67033,free_swing,633,478,501,555,-11.611,-59.744,0,-400.37,-457.72,0,152.82,0.50,2500,0,0,0
221,3.68702,free_swing,618,474,476,533,-17.583,-67.437,0,-334.61,-419.49,0,153.77,1.13,2500,0,0,0
222,3.7037,free_swing,606,470,459,512,-22.443,-74.055,0,-225.38,-427.54,0,152.88,0.55,2500,0,0,0
223,3.72038,free_swing,600,466,449,489,-25.181,-81.339,0,-105.16,-445.63,0,152.74,0.45,2500,0,0,0
224,3.73707,free_swing,598,465,445,467,-26.046,-89.251,0,-1.90,-464.63,0,153.01,0.63,2500,0,0,0
225,3.75375,free_swing,600,466,448,448,-25.181,-96.754,0,56.99,-448.58,0,153.06,0.66,2500,0,0,0
226,3.77043,free_swing,602,468,453,431,-24.158,-103.946,0,89.70,-405.85,0,153.53,0.97,2500,0,0,0
227,3.78712,free_swing,606,470,463,417,-22.443,-110.336,0,122.10,-344.75,0,152.51,0.30,2500,0,0,0
228,3.8038,free_swing,612,472,473,406,-20.016,-115.399,0,171.28,-275.20,0,153.87,1.20,2500,0,0,0
229,3.82048,free_swing,620,475,486,400,-16.736,-119.236,0,219.10,-193.95,0,153.56,0.99,2500,0,0,0
230,3.83717,free_swing,630,478,499,396,-12.736,-122.045,0,258.02,-109.40,0,154.55,1.64,2500,0,0,0
231,3.85385,free_swing,642,480,513,397,-8.076,-122.758,0,295.95,-7.88,0,153.39,0.88,2500,0,0,0
232,3.87053,free_swing,655,481,525,399,-3.073,-122.242,0,326.04,102.80,0,153.70,1.08,2500,0,0,0
233,3.88722,free_swing,670,481,536,405,2.690,-119.560,0,331.32,200.24,0,154.05,1.31,2500,0,0,0
234,3.9039,free_swing,684,480,545,414,8.076,-115.399,0,309.23,285.35,0,153.87,1.20,2500,0,0,0
235,3.92058,free_swing,696,478,552,425,12.736,-110.206,0,263.42,348.79,0,153.44,0.91,2500,0,0,0
236,3.93727,free_swing,706,475,558,438,16.736,-104.036,0,214.14,388.63,0,152.55,0.33,2500,0,0,0
237,3.95395,free_swing,713,472,562,453,19.654,-97.172,0,122.54,394.67,0,152.19,0.09,2500,0,0,0
238,3.97063,free_swing,717,472,563,470,21.092,-90.744,0,-1.11,390.82,0,154.01,1.29,2500,0,0,0
239,3.98732,free_swing,713,472,561,487,19.654,-84.364,0,-103.95,406.63,0,152.74,0.45,2500,0,0,0
240,4.004,free_swing,707,474,559,508,17.216,-77.062,0,-168.08,448.92,0,151.86,0.13,2500,0,0,0
241,4.02068,free_swing,700,476,557,531,14.410,-68.962,0,-204.65,521.65,0,153.21,0.76,2500,0,0,0
242,4.03737,free_swing,690,479,558,556,10.408,-59.744,0,-268.27,629.18,0,152.82,0.50,2500,0,0,0
243,4.05405,free_swing,677,480,564,582,5.404,-47.929,0,-345.03,771.39,0,152.23,0.11,2500,0,0,0
244,4.07073,free_swing,660,481,575,608,-1.153,-33.794,0,-443.12,946.84,0,152.82,0.50,2500,0,0,0
245,4.08742,free_swing,640,481,595,625,-8.775,-17.354,0,-498.68,1035.59,0,150.87,0.78,2500,0,0,0
246,4.1041,free_swing,617,474,620,625,-17.949,1.138,0,-469.45,1009.63,0,151.03,0.67,2500,0,0,0
247,4.12078,free_swing,601,467,643,612,-24.667,16.154,0,-394.22,876.32,0,150.96,0.72,2500,0,0,0
248,4.13747,free_swing,588,461,662,591,-30.174,29.650,0,-305.54,730.72,0,149.59,1.62,2500,0,0,0
249,4.15415,free_swing,577,454,676,569,-35.181,40.724,0,-248.96,628.85,0,151.74,0.20,2500,0,0,0
250,4.17083,free_swing,570,449,689,546,-38.480,50.816,0,-165.86,547.93,0,153.53,0.97,2500,0,0,0
251,4.18752,free_swing,566,445,698,524,-40.643,59.100,0,-70.79,503.48,0,153.83,1.17,2500,0,0,0
252,4.2042,free_swing,565,445,708,504,-40.934,67.580,0,8.33,481.81,0,154.69,1.74,2500,0,0,0
253,4.22088,free_swing,566,447,716,486,-40.147,75.426,0,87.70,479.30,0,154.99,1.93,2500,0,0,0
254,4.23757,free_swing,570,450,724,468,-38.243,83.333,0,166.11,451.76,0,155.05,1.97,2500,0,0,0
255,4.25425,free_swing,577,456,732,454,-34.743,90.739,0,234.92,416.89,0,155.01,1.95,2500,0,0,0
256,4.27093,free_swing,588,461,740,442,-30.174,97.125,0,286.71,381.62,0,153.18,0.74,2500,0,0,0
257,4.28762,free_swing,599,467,749,432,-25.364,103.134,0,326.52,339.67,0,154.03,1.30,2500,0,0,0
258,4.3043,free_swing,613,473,758,424,-19.525,108.672,0,358.51,278.74,0,153.06,0.66,2500,0,0,0
259,4.32098,free_swing,629,477,770,419,-13.196,112.360,0,379.67,190.47,0,152.46,0.27,2500,0,0,0
260,4.33767,free_swing,645,480,784,416,-6.934,114.723,0,390.63,86.11,0,153.03,0.64,2500,0,0,0
261,4.35435,free_swing,662,481,801,415,-0.385,115.399,0,399.13,-12.45,0,153.87,1.20,2500,0,0,0
262,4.37103,free_swing,680,480,819,418,6.553,114.039,0,405.57,-136.03,0,152.20,0.10,2500,0,0,0
263,4.38772,free_swing,697,477,840,422,13.196,111.038,0,416.50,-261.04,0,153.21,0.76,2500,0,0,0
264,4.4044,free_swing,714,471,861,431,20.148,105.222,0,427.36,-393.59,0,152.35,0.19,2500,0,0,0
265,4.42108,free_swing,732,464,883,443,27.597,97.918,0,430.84,-518.08,0,152.45,0.26,2500,0,0,0
266,4.43777,free_swing,747,454,899,459,34.548,88.116,0,419.16,-632.92,0,152.08,0.02,2500,0,0,0
267,4.45445,free_swing,761,444,909,478,41.186,77.062,0,395.19,-732.84,0,151.86,0.13,2500,0,0,0
268,4.47113,free_swing,773,433,909,498,47.442,64.455,0,322.56,-717.90,0,150.73,0.87,2500,0,0,0
269,4.48782,free_swing,781,424,901,515,52.058,52.826,0,162.45,-561.56,0,150.60,0.95,2500,0,0,0
270,4.5045,free_swing,783,422,891,528,53.130,45.535,0,-8.46,-365.62,0,151.33,0.48,2500,0,0,0
271,4.52118,free_swing,780,426,880,539,51.221,41.507,0,-121.53,-245.58,0,150.89,0.76,2500,0,0,0
272,4.53787,free_swing,776,430,868,551,49.066,37.247,0,-190.48,-194.90,0,152.00,0.03,2500,0,0,0
273,4.55455,free_swing,770,437,855,562,45.541,34.216,0,-267.80,-133.67,0,151.16,0.59,2500,0,0,0
274,4.57123,free_swing,759,446,841,573,40.101,32.849,0,-342.82,-69.91,0,151.17,0.58,2500,0,0,0
275,4.58792,free_swing,746,456,826,583,33.797,32.208,0,-383.51,-35.34,0,150.10,1.29,2500,0,0,0
276,4.6046,free_swing,732,464,810,593,27.597,31.159,0,-411.30,-30.42,0,150.75,0.86,2500,0,0,0
277,4.62128,free_swing,715,472,792,600,20.376,31.030,0,-437.69,-45.45,0,149.38,1.76,2500,0,0,0
278,4.63797,free_swing,696,478,770,607,12.736,29.840,0,-457.95,-80.99,0,148.72,2.19,2500,0,0,0
279,4.65465,free_swing,677,480,747,613,5.404,27.759,0,-442.27,-163.47,0,150.30,1.16,2500,0,0,0
280,4.67133,free_swing,658,481,720,617,-1.922,24.507,0,-405.11,-266.10,0,149.47,1.70,2500,0,0,0
281,4.68802,free_swing,642,480,690,621,-8.076,18.800,0,-345.95,-393.36,0,148.95,2.04,2500,0,0,0
282,4.7047,free_swing,629,477,658,625,-13.196,11.086,0,-256.64,-537.07,0,150.81,0.81,2500,0,0,0
283,4.72138,free_swing,620,475,623,626,-16.736,1.138,0,-153.76,-677.86,0,151.03,0.67,2500,0,0,0
284,4.73807,free_swing,616,474,586,622,-18.314,-11.459,0,-44.39,-812.28,0,151.01,0.69,2500,0,0,0
285,4.75475,free_swing,616,474,550,611,-18.314,-25.723,0,26.91,-879.37,0,152.07,0.01,2500,0,0,0
286,4.77143,free_swing,619,474,519,589,-17.216,-41.009,0,78.79,-911.28,0,152.40,0.23,2500,0,0,0
287,4.78812,free_swing,622,475,497,561,-15.998,-55.472,0,131.13,-909.37,0,151.73,0.21,2500,0,0,0
288,4.8048,free_swing,629,477,485,526,-13.196,-71.208,0,162.57,-878.43,0,152.11,0.04,2500,0,0,0
289,4.82148,free_swing,637,478,484,491,-10.098,-85.143,0,174.67,-831.53,0,153.55,0.99,2500,0,0,0
290,4.83817,free_swing,643,479,492,457,-7.748,-98.289,0,154.27,-752.25,0,152.59,0.36,2500,0,0,0
291,4.85485,free_swing,650,481,506,427,-4.986,-110.556,0,137.43,-700.39,0,153.79,1.14,2500,0,0,0
292,4.87153,free_swing,656,481,526,402,-2.690,-121.287,0,166.78,-610.20,0,152.12,0.05,2500,0,0,0
293,4.88822,free_swing,663,482,549,382,0.000,-131.257,0,214.64,-511.96,0,151.64,0.27,2500,0,0,0
294,4.9049,free_swing,675,480,574,366,4.635,-138.460,0,257.61,-439.51,0,152.31,0.17,2500,0,0,0
295,4.92158,free_swing,686,479,600,354,8.893,-145.472,0,262.46,-372.67,0,151.73,0.21,2500,0,0,0
296,4.93827,free_swing,696,477,625,343,12.821,-152.083,0,226.97,-396.11,0,151.65,0.27,2500,0,0,0
297,4.95495,free_swing,705,474,648,334,16.477,-157.847,0,184.34,-427.64,0,151.16,0.59,2500,0,0,0
298,4.97163,free_swing,711,472,677,325,18.925,-166.977,0,107.22,-506.54,0,150.88,0.77,2500,0,0,0
299,4.98832,free_swing,714,471,701,321,20.148,-175.047,0,26.66,-598.04,0,150.56,0.98,2500,0,0,0
300,5.005,free_swing,713,471,729,321,19.784,173.911,0,-21.56,-646.50,0,150.85,0.79,2500,0,0,0
301,5.02168,free_swing,712,472,758,327,19.290,162.399,0,-40.02,-707.94,0,152.12,0.05,2500,0,0,0
302,5.03837,free_swing,710,472,784,340,18.558,150.725,0,-69.60,-754.26,0,151.33,0.48,2500,0,0,0
303,5.05505,free_swing,707,474,810,362,17.216,137.397,0,-122.63,-844.96,0,152.16,0.07,2500,0,0,0
304,5.07173,free_swing,700,476,828,395,14.410,122.326,0,-168.98,-929.91,0,151.48,0.38,2500,0,0,0
305,5.08842,free_swing,693,478,839,436,11.611,106.049,0,-172.31,-1016.28,0,151.92,0.09,2500,0,0,0
306,5.1051,free_swing,686,479,838,482,8.893,88.869,0,-119.94,-1108.66,0,152.03,0.02,2500,0,0,0
307,5.12178,free_swing,682,479,823,533,7.365,69.044,0,-68.63,-1203.70,0,150.99,0.70,2500,0,0,0
308,5.13847,free_swing,681,480,793,579,6.934,48.526,0,-29.49,-1282.39,0,149.48,1.69,2500,0,0,0
309,5.15515,free_swing,679,480,747,614,6.170,26.906,0,-24.87,-1311.88,0,150.27,1.17,2500,0,0,0
310,5.17183,free_swing,678,480,691,631,5.787,4.921,0,-50.37,-1272.81,0,151.56,0.32,2500,0,0,0
311,5.18852,free_swing,675,480,634,626,4.635,-15.686,0,-100.18,-1164.01,0,151.65,0.27,2500,0,0,0
312,5.2052,free_swing,669,481,585,608,2.306,-33.481,0,-173.46,-1027.32,0,152.27,0.14,2500,0,0,0
313,5.22188,free_swing,660,481,544,579,-1.153,-49.808,0,-230.54,-904.83,0,151.86,0.13,2500,0,0,0
314,5.23857,free_swing,649,480,514,546,-5.404,-63.947,0,-280.68,-801.16,0,150.27,1.17,2500,0,0,0
315,5.25525,free_swing,637,479,487,515,-10.030,-76.504,0,-287.48,-711.01,0,154.26,1.45,2500,0,0,0
316,5.27193,free_swing,624,476,472,482,-15.154,-87.739,0,-251.72,-651.04,0,152.12,0.04,2500,0,0,0
317,5.28862,free_swing,616,474,464,452,-18.314,-98.236,0,-179.13,-597.35,0,153.58,1.01,2500,0,0,0
318,5.3053,free_swing,610,472,464,425,-20.735,-107.844,0,-90.13,-551.12,0,153.38,0.87,2500,0,0,0
319,5.32198,free_swing,608,471,471,403,-21.588,-116.398,0,-12.12,-486.89,0,152.95,0.59,2500,0,0,0
320,5.33867,free_swing,609,472,483,386,-21.092,-124.315,0,59.61,-428.28,0,152.55,0.33,2500,0,0,0
321,5.35535,free_swing,613,473,497,374,-19.525,-130.479,0,111.88,-364.31,0,152.50,0.30,2500,0,0,0
322,5.37203,free_swing,618,475,513,365,-17.468,-136.332,0,157.48,-289.01,0,152.07,0.01,2500,0,0,0
323,5.38872,free_swing,626,477,528,359,-14.315,-140.290,0,210.09,-195.03,0,153.39,0.88,2500,0,0,0
324,5.4054,free_swing,636,479,543,357,-10.408,-142.682,0,271.04,-80.94,0,153.40,0.89,2500,0,0,0
325,5.42208,free_swing,649,480,557,358,-5.404,-142.980,0,321.06,18.70,0,152.80,0.49,2500,0,0,0
326,5.43877,free_swing,664,481,569,360,0.385,-141.864,0,367.91,139.40,0,153.84,1.17,2500,0,0,0
327,5.45545,free_swing,680,480,579,364,6.553,-138.954,0,386.16,238.05,0,153.81,1.15,2500,0,0,0
328,5.47213,free_swing,697,477,586,371,13.196,-133.680,0,364.21,300.00,0,153.48,0.94,2500,0,0,0
329,5.48882,free_swing,711,473,592,377,18.800,-128.894,0,313.43,317.57,0,152.90,0.55,2500,0,0,0
330,5.5055,free_swing,722,469,596,385,23.299,-123.690,0,253.90,313.19,0,151.43,0.41,2500,0,0,0
331,5.52218,free_swing,731,465,598,393,27.080,-118.429,0,188.72,301.61,0,151.24,0.54,2500,0,0,0
332,5.53887,free_swing,737,462,598,401,29.650,-113.694,0,79.62,235.26,0,151.80,0.17,2500,0,0,0
333,5.55555,free_swing,738,462,595,409,29.982,-110.336,0,-44.65,161.28,0,152.51,0.30,2500,0,0,0
334,5.57223,free_swing,733,464,589,416,27.937,-108.435,0,-136.48,131.33,0,151.79,0.17,2500,0,0,0
335,5.58892,free_swing,727,467,581,425,25.364,-106.049,0,-188.36,148.79,0,151.92,0.09,2500,0,0,0
336,5.6056,free_swing,719,470,571,436,22.087,-102.938,0,-218.65,200.51,0,151.86,0.13,2500,0,0,0
337,5.62228,free_swing,709,474,559,449,17.949,-99.462,0,-254.90,244.47,0,152.07,0.01,2500,0,0,0
338,5.63897,free_swing,698,477,546,465,13.570,-94.514,0,-287.20,316.29,0,152.47,0.28,2500,0,0,0
339,5.65565,free_swing,685,480,531,483,8.455,-88.884,0,-321.05,416.78,0,154.03,1.30,2500,0,0,0
340,5.67233,free_swing,670,481,518,506,2.690,-80.660,0,-372.72,530.85,0,154.04,1.31,2500,0,0,0
341,5.68902,free_swing,653,480,507,531,-3.865,-70.745,0,-428.91,665.38,0,154.65,1.71,2500,0,0,0
342,5.7057,free_swing,633,477,502,557,-11.689,-58.588,0,-499.34,832.68,0,153.50,0.95,2500,0,0,0
343,5.72238,free_swing,611,473,507,582,-20.244,-43.655,0,-553.82,994.48,0,150.66,0.92,2500,0,0,0
344,5.73907,free_swing,588,463,523,598,-29.792,-25.710,0,-535.49,1023.61,0,149.83,1.46,2500,0,0,0
345,5.75575,free_swing,570,450,546,598,-38.243,-9.211,0,-435.49,893.69,0,149.93,1.39,2500,0,0,0
346,5.77243,free_swing,559,440,568,591,-43.919,3.411,0,-276.12,686.17,1,151.27,0.52,2500,1,0,0
347,5.78912,free_swing,553,434,588,582,-47.161,13.305,0,-103.05,512.02,0,152.08,0.02,2500,0,0,0
348,5.8058,free_swing,552,433,607,577,-47.701,20.904,0,47.84,404.03,0,154.15,1.38,2500,0,0,0
349,5.82248,free_swing,556,437,625,575,-45.541,26.565,0,159.17,306.64,0,154.29,1.47,2500,0,0,0
350,5.83917,free_swing,562,443,643,575,-42.299,31.535,0,230.54,232.95,0,154.87,1.85,2500,0,0,0
351,5.85585,free_swing,571,449,658,577,-38.179,34.203,0,291.21,156.90,0,154.77,1.79,2500,0,0,0
352,5.87253,free_swing,582,458,673,581,-32.735,36.495,0,352.18,53.99,0,153.00,0.63,2500,0,0,0
353,5.88922,free_swing,597,466,687,588,-26.222,36.416,0,407.70,-63.00,0,151.60,0.29,2500,0,0,0
354,5.9059,free_swing,614,472,699,598,-19.290,34.004,0,449.84,-202.60,0,151.99,0.04,2500,0,0,0
355,5.92258,free_swing,634,478,709,610,-11.234,29.604,0,499.82,-340.48,0,151.82,0.15,2500,0,0,0
356,5.93927,free_swing,656,481,715,620,-2.690,22.999,0,546.62,-481.89,0,151.00,0.69,2500,0,0,0
357,5.95595,free_swing,681,481,717,627,6.888,13.851,0,576.78,-582.03,0,150.37,1.10,2500,0,0,0
358,5.97263,free_swing,705,475,715,625,16.368,3.814,0,569.80,-569.84,0,150.33,1.13,2500,0,0,0
359,5.98932,free_swing,728,467,715,616,25.710,-4.986,0,502.81,-441.96,0,149.57,1.64,2500,0,0,0
360,6.006,free_swing,745,457,717,605,33.265,-10.713,0,411.88,-271.16,0,150.63,0.94,2500,0,0,0
361,6.02268,free_swing,757,448,721,594,39.019,-13.851,0,306.64,-141.26,0,150.37,1.10,2500,0,0,0
362,6.03937,free_swing,766,440,726,587,43.643,-15.222,0,217.78,-41.30,0,152.35,0.19,2500,0,0,0
363,6.05605,free_swing,772,436,731,582,46.345,-15.686,0,134.15,48.99,0,151.65,0.27,2500,0,0,0
364,6.07273,free_swing,774,432,738,580,47.984,-13.671,0,59.40,127.91,0,152.32,0.17,2500,0,0,0
365,6.08942,free_swing,775,432,746,582,48.240,-10.942,0,-33.18,209.17,0,152.78,0.48,2500,0,0,0
366,6.1061,free_swing,773,434,754,586,47.161,-7.125,0,-139.17,287.23,0,153.18,0.74,2500,0,0,0
367,6.12278,free_swing,766,441,763,594,43.379,-1.123,0,-252.92,410.49,0,153.03,0.64,2500,0,0,0
368,6.13947,free_swing,757,449,774,600,38.779,6.423,0,-350.24,538.60,0,151.95,0.06,2500,0,0,0
369,6.15615,free_swing,742,458,785,603,32.087,16.518,0,-405.22,620.23,0,151.24,0.53,2500,0,0,0
370,6.17283,free_swing,726,467,795,601,25.017,27.245,0,-427.30,631.86,0,150.72,0.88,2500,0,0,0
371,6.18952,free_swing,709,474,799,592,17.949,37.333,0,-438.48,588.17,0,148.40,2.40,2500,0,0,0
372,6.2062,free_swing,691,478,797,579,10.856,46.384,0,-450.09,526.04,0,146.41,3.71,2500,0,0,0
373,6.22288,free_swing,670,480,793,567,2.708,54.728,0,-448.12,426.93,0,150.66,0.92,2500,0,0,0
374,6.23957,free_swing,652,480,783,553,-4.251,60.871,0,-437.53,296.17,0,149.97,1.37,2500,0,0,0
375,6.25625,free_swing,634,478,771,544,-11.234,64.277,0,-403.94,152.00,0,152.07,0.01,2500,0,0,0
376,6.27293,free_swing,617,473,758,536,-18.068,65.925,0,-362.02,26.93,0,154.43,1.57,2500,0,0,0
377,6.28962,free_swing,604,469,744,533,-23.299,65.433,0,-295.75,-78.28,0,153.94,1.24,2500,0,0,0
378,6.3063,free_swing,594,464,731,533,-27.597,63.268,0,-236.30,-168.74,0,153.39,0.88,2500,0,0,0
379,6.32298,free_swing,586,460,719,537,-31.030,59.931,0,-158.57,-228.55,0,153.68,1.07,2500,0,0,0
380,6.33967,free_swing,582,456,709,543,-33.154,55.587,0,-42.15,-283.05,0,153.94,1.24,2500,0,0,0
381,6.35635,free_swing,583,458,702,556,-32.412,50.528,0,80.71,-349.94,0,154.16,1.39,2500,0,0,0
382,6.37303,free_swing,588,461,695,572,-30.174,43.949,0,179.90,-435.98,0,154.18,1.40,2500,0,0,0
383,6.38972,free_swing,596,465,685,588,-26.737,35.889,0,238.12,-522.32,0,151.82,0.15,2500,0,0,0
384,6.4064,free_swing,607,470,674,606,-22.087,26.227,0,304.49,-628.67,0,151.61,0.29,2500,0,0,0
385,6.42308,free_swing,620,475,660,622,-16.736,15.222,0,384.07,-767.85,0,152.35,0.19,2500,0,0,0
386,6.43977,free_swing,638,480,641,631,-9.588,1.138,0,451.25,-871.58,0,151.03,0.67,2500,0,0,0
387,6.45645,free_swing,659,482,622,628,-1.528,-14.221,0,474.18,-888.79,0,150.62,0.95,2500,0,0,0
388,6.47313,free_swing,679,480,608,613,6.170,-28.095,0,452.89,-805.88,0,150.76,0.85,2500,0,0,0
389,6.48982,free_swing,697,477,600,590,13.196,-40.643,0,417.11,-690.93,0,148.92,2.06,2500,0,0,0
390,6.5065,free_swing,714,472,596,567,20.016,-51.163,0,370.40,-570.01,0,151.49,0.37,2500,0,0,0
391,6.52318,free_swing,728,467,596,544,25.710,-59.744,0,312.27,-452.69,0,152.82,0.50,2500,0,0,0
392,6.53987,free_swing,738,461,599,522,30.174,-66.306,0,240.09,-370.54,0,151.80,0.17,2500,0,0,0
393,6.55655,free_swing,746,456,601,503,33.797,-72.041,0,176.16,-313.09,0,152.43,0.25,2500,0,0,0
394,6.57323,free_swing,751,453,602,487,36.027,-77.146,0,108.24,-282.43,0,152.83,0.51,2500,0,0,0
395,6.58992,free_swing,754,451,602,474,37.405,-81.396,0,44.14,-260.84,0,153.73,1.10,2500,0,0,0
396,6.6066,free_swing,754,451,602,462,37.405,-85.861,0,-23.71,-249.96,0,152.40,0.23,2500,0,0,0
397,6.62328,free_swing,752,452,599,452,36.563,-90.000,0,-121.10,-259.60,0,153.00,0.62,2500,0,0,0
398,6.63997,free_swing,746,456,594,445,33.797,-94.139,0,-203.88,-258.57,0,152.40,0.23,2500,0,0,0
399,6.65665,free_swing,736,462,586,439,29.316,-98.717,0,-269.93,-239.83,0,151.75,0.20,2500,0,0,0
400,6.67333,free_swing,726,467,577,435,25.017,-102.121,0,-302.47,-177.72,0,152.40,0.23,2500,0,0,0
401,6.69002,free_swing,713,473,566,435,19.525,-104.494,0,-324.46,-98.19,0,151.83,0.15,2500,0,0,0
402,6.7067,free_swing,699,477,552,437,13.943,-105.222,0,-348.78,-18.59,0,152.35,0.19,2500,0,0,0
403,6.72338,free_swing,684,480,535,440,8.076,-105.027,0,-360.92,76.74,0,154.28,1.46,2500,0,0,0
404,6.74007,free_swing,668,482,518,448,1.909,-102.771,0,-378.23,191.52,0,153.81,1.15,2500,0,0,0
405,6.75675,free_swing,651,481,498,458,-4.604,-98.549,0,-396.27,309.39,0,154.72,1.75,2500,0,0,0
406,6.77343,free_swing,634,478,479,472,-11.234,-92.217,0,-410.30,428.72,0,155.12,2.01,2500,0,0,0
407,6.79012,free_swing,616,474,463,489,-18.314,-84.401,0,-428.86,567.07,0,153.73,1.11,2500,0,0,0
408,6.8068,free_swing,599,467,452,510,-25.364,-73.695,0,-438.37,700.69,0,153.16,0.73,2500,0,0,0
409,6.82348,free_swing,582,458,448,532,-32.735,-61.091,0,-422.05,787.49,0,153.08,0.67,2500,0,0,0
410,6.84017,free_swing,568,449,455,550,-39.075,-48.209,0,-322.39,715.98,0,151.56,0.32,2500,0,0,0
411,6.85685,free_swing,559,441,468,562,-43.655,-36.946,0,-143.31,519.36,0,151.40,0.43,2500,0,0,0
412,6.87353,free_swing,559,440,481,570,-43.919,-30.964,0,35.16,305.14,1,151.60,0.29,2500,1,0,0
413,6.89022,free_swing,563,443,493,578,-42.016,-27.408,0,155.87,171.91,0,152.07,0.01,2500,0,0,0
414,6.9069,free_swing,569,448,505,586,-39.019,-24.880,0,221.26,115.11,0,152.12,0.04,2500,0,0,0
415,6.92358,free_swing,577,455,517,595,-34.961,-23.199,0,286.03,46.59,0,152.32,0.17,2500,0,0,0
416,6.94027,free_swing,589,463,530,601,-29.461,-23.148,0,350.27,-20.35,0,150.08,1.30,2500,0,0,0
417,6.95695,free_swing,604,469,542,608,-23.299,-24.039,0,394.88,-61.00,0,152.20,0.10,2500,0,0,0
418,6.97363,free_swing,621,475,557,612,-16.368,-25.040,0,422.35,-79.71,0,151.21,0.55,2500,0,0,0
419,6.99032,free_swing,639,480,573,614,-9.211,-26.222,0,455.38,-67.71,0,149.37,1.76,2500,0,0,0
420,7.007,free_swing,659,482,590,615,-1.528,-27.420,0,469.91,-20.29,0,149.83,1.46,2500,0,0,0
421,7.02368,free_swing,680,480,612,615,6.553,-26.735,0,454.49,72.19,0,151.16,0.59,2500,0,0,0
422,7.04037,free_swing,698,477,635,614,13.570,-24.696,0,404.90,184.73,0,150.79,0.83,2500,0,0,0
423,7.05705,free_swing,713,472,660,614,19.654,-20.468,0,323.96,322.89,0,151.57,0.32,2500,0,0,0
424,7.07373,free_swing,725,468,688,615,24.507,-14.128,0,232.03,470.97,0,151.58,0.31,2500,0,0,0
425,7.09042,free_swing,731,464,719,616,27.255,-4.514,0,121.20,613.77,0,152.47,0.28,2500,0,0,0
426,7.1071,free_swing,734,463,751,614,28.457,6.423,0,0.11,761.74,0,151.95,0.06,2500,0,0,0
427,7.12378,free_swing,732,464,784,606,27.597,20.113,0,-100.63,874.23,0,151.22,0.55,2500,0,0,0
428,7.14047,free_swing,726,467,814,589,25.017,35.803,0,-167.11,929.77,0,150.43,1.07,2500,0,0,0
429,7.15715,free_swing,719,470,835,564,22.087,50.981,0,-187.10,895.08,0,149.31,1.81,2500,0,0,0
430,7.17383,free_swing,711,472,848,535,18.925,65.304,0,-199.41,829.01,0,150.79,0.83,2500,0,0,0
431,7.19052,free_swing,703,475,851,505,15.627,78.541,0,-214.49,782.41,0,151.01,0.69,2500,0,0,0
432,7.2072,free_swing,693,477,846,474,11.689,91.123,0,-222.49,721.27,0,153.03,0.64,2500,0,0,0
433,7.22388,free_swing,684,480,833,446,8.076,102.854,0,-226.40,636.98,0,152.83,0.51,2500,0,0,0
434,7.24057,free_swing,674,480,815,422,4.251,112.360,0,-245.46,540.40,0,152.46,0.27,2500,0,0,0
435,7.25725,free_swing,663,481,795,403,0.000,120.579,0,-270.01,451.34,0,153.32,0.84,2500,0,0,0
436,7.27393,free_swing,650,480,772,386,-5.020,127.614,0,-295.46,374.77,0,154.01,1.29,2500,0,0,0
437,7.29062,free_swing,638,479,750,374,-9.652,133.152,0,-310.19,284.54,0,153.52,0.97,2500,0,0,0
438,7.3073,free_swing,624,476,728,363,-15.154,137.375,0,-308.12,226.59,0,153.57,1.00,2500,0,0,0
439,7.32398,free_swing,612,472,709,354,-20.016,140.579,0,-275.68,196.27,0,152.75,0.46,2500,0,0,0
440,7.34067,free_swing,602,468,690,344,-24.158,144.638,0,-201.91,261.52,0,152.05,0.00,2500,0,0,0
441,7.35735,free_swing,596,465,675,335,-26.737,148.713,0,-130.16,337.09,0,152.12,0.05,2500,0,0,0
442,7.37403,free_swing,593,463,653,324,-28.118,156.652,0,-39.65,423.21,0,151.40,0.43,2500,0,0,0
443,7.39072,free_swing,592,464,636,317,-28.275,163.337,0,74.40,559.94,0,153.44,0.91,2500,0,0,0
444,7.4074,free_swing,598,466,614,315,-25.877,173.951,0,189.28,694.50,0,151.85,0.14,2500,0,0,0
445,7.42408,free_swing,608,470,588,319,-21.730,-172.455,0,262.96,827.10,0,152.32,0.18,2500,0,0,0
446,7.44077,free_swing,619,474,563,332,-17.216,-158.477,0,290.06,888.42,0,152.64,0.39,2500,0,0,0
447,7.45745,free_swing,631,477,540,354,-12.445,-143.505,0,298.62,943.83,0,153.00,0.63,2500,0,0,0
448,7.47413,free_swing,644,480,521,388,-7.316,-126.795,0,293.44,997.94,0,153.60,1.02,2500,0,0,0
449,7.49082,free_swing,656,481,513,430,-2.690,-109.628,0,256.44,1083.09,0,151.82,0.15,2500,0,0,0
450,7.5075,free_swing,666,481,515,477,1.153,-91.517,0,201.88,1188.94,0,151.05,0.66,2500,0,0,0
451,7.52418,free_swing,673,480,531,532,3.865,-69.887,0,146.78,1243.96,0,151.22,0.55,2500,0,0,0
452,7.54087,free_swing,678,480,565,581,5.787,-48.209,0,58.54,1366.69,0,151.56,0.32,2500,0,0,0
453,7.55755,free_swing,679,480,612,614,6.170,-26.565,0,-78.33,1550.88,0,149.82,1.47,2500,0,0,0
454,7.57423,free_swing,673,481,680,631,3.840,2.672,0,-155.80,1634.37,0,150.16,1.24,2500,0,0,0
455,7.59092,free_swing,664,481,740,611,0.385,30.311,0,-115.15,1506.22,0,150.59,0.96,2500,0,0,0
456,7.6076,free_swing,664,480,782,574,0.387,51.459,0,27.90,1279.24,1,150.86,0.78,2500,1,0,0
457,7.62428,free_swing,668,480,813,529,1.935,71.328,0,179.72,1124.81,0,153.06,0.66,2500,0,0,0
458,7.64097,free_swing,678,480,829,478,5.787,90.759,0,263.27,1021.17,0,151.01,0.68,2500,0,0,0
459,7.65765,free_swing,691,478,836,438,10.856,105.422,0,307.77,915.13,0,150.42,1.08,2500,0,0,0
460,7.67433,free_swing,703,475,834,399,15.627,120.120,0,277.09,826.14,0,151.45,0.40,2500,0,0,0
461,7.69102,free_swing,714,472,822,367,20.016,134.193,0,215.50,772.31,0,150.63,0.94,2500,0,0,0
462,7.7077,free_swing,720,469,806,344,22.590,145.472,0,134.53,662.09,0,151.73,0.21,2500,0,0,0
463,7.72438,free_swing,724,467,786,328,24.316,155.961,0,29.36,536.62,0,152.20,0.10,2500,0,0,0
464,7.74107,free_swing,723,467,765,321,23.962,163.951,0,-63.34,425.53,0,151.92,0.09,2500,0,0,0
465,7.75775,free_swing,718,469,745,319,21.873,169.796,0,-141.55,327.28,0,152.41,0.24,2500,0,0,0
466,7.77443,free_swing,712,472,726,320,19.290,174.738,0,-202.12,240.14,0,152.64,0.39,2500,0,0,0
467,7.79112,free_swing,703,475,707,323,15.627,178.493,0,-241.19,157.66,0,152.05,0.00,2500,0,0,0
468,7.8078,free_swing,691,478,691,326,10.856,180.000,0,-283.74,119.52,0,152.00,0.03,2500,0,0,0
469,7.82448,free_swing,680,480,675,328,6.553,-178.116,0,-296.70,95.43,0,152.08,0.02,2500,0,0,0
470,7.84117,free_swing,666,481,654,329,1.153,-175.486,0,-281.98,124.93,0,152.47,0.28,2500,0,0,0
471,7.85785,free_swing,655,481,640,330,-3.073,-174.327,0,-244.86,177.92,0,151.74,0.20,2500,0,0,0
472,7.87453,free_swing,646,480,619,331,-6.553,-169.729,0,-168.76,285.45,0,151.43,0.41,2500,0,0,0
473,7.89122,free_swing,640,479,599,335,-8.893,-164.107,0,-104.20,412.26,0,149.72,1.53,2500,0,0,0
474,7.9079,free_swing,638,478,577,340,-9.717,-156.153,0,-16.62,514.84,0,150.88,0.77,2500,0,0,0
475,7.92458,free_swing,638,479,555,352,-9.652,-146.834,0,79.32,653.64,0,151.72,0.22,2500,0,0,0
476,7.94127,free_swing,644,480,536,373,-7.316,-134.734,0,158.85,778.48,0,152.03,0.02,2500,0,0,0
477,7.95795,free_swing,652,481,520,403,-4.222,-120.579,0,190.22,875.22,0,153.32,0.84,2500,0,0,0
478,7.97463,free_swing,660,481,513,440,-1.153,-105.584,0,163.48,934.96,0,152.61,0.37,2500,0,0,0
479,7.99132,free_swing,666,481,515,482,1.153,-89.621,0,136.79,996.14,0,151.00,0.69,2500,0,0,0
480,8.008,free_swing,671,480,527,526,3.094,-72.284,0,107.12,1083.98,0,151.17,0.58,2500,0,0,0
481,8.02468,free_swing,676,481,555,570,4.986,-53.664,0,80.91,1161.47,0,150.21,1.21,2500,0,0,0
482,8.04137,free_swing,678,480,594,607,5.787,-33.481,0,46.60,1214.25,0,152.27,0.14,2500,0,0,0
483,8.05805,free_swing,680,480,645,628,6.553,-13.305,0,30.76,1236.30,0,152.08,0.02,2500,0,0,0
484,8.07473,free_swing,681,480,700,630,6.934,7.219,0,45.56,1189.58,0,151.20,0.56,2500,0,0,0
485,8.09142,free_swing,684,480,752,614,8.076,26.906,0,75.86,1133.54,0,150.27,1.17,2500,0,0,0
486,8.1081,free_swing,688,479,791,585,9.652,44.178,0,123.62,1032.48,0,147.80,2.80,2500,0,0,0
487,8.12478,free_swing,694,477,827,549,12.068,61.571,0,164.44,925.26,0,151.24,0.54,2500,0,0,0
488,8.14147,free_swing,702,475,848,513,15.255,75.411,0,211.62,826.76,0,150.86,0.78,2500,0,0,0
489,8.15815,free_swing,711,473,863,477,18.800,88.493,0,225.07,732.67,0,152.05,0.00,2500,0,0,0
490,8.17483,free_swing,721,469,869,442,22.946,100.339,0,221.66,670.80,0,150.44,1.06,2500,0,0,0
491,8.19152,free_swing,728,466,869,412,25.877,110.956,0,193.70,606.92,0,150.99,0.70,2500,0,0,0
492,8.2082,free_swing,735,462,865,386,28.980,120.311,0,110.97,547.92,0,150.59,0.96,2500,0,0,0
493,8.22488,free_swing,738,461,855,365,30.174,129.369,0,6.64,486.57,0,151.34,0.47,2500,0,0,0
494,8.24157,free_swing,735,463,840,352,28.794,136.591,0,-101.81,402.12,0,152.79,0.49,2500,0,0,0
495,8.25825,free_swing,730,465,822,344,26.737,142.753,0,-154.90,320.93,0,152.00,0.03,2500,0,0,0
496,8.27493,free_swing,723,468,807,338,23.806,147.131,0,-184.80,253.95,0,154.78,1.79,2500,0,0,0
497,8.29162,free_swing,715,471,789,337,20.511,151.091,0,-244.50,158.58,0,153.08,0.67,2500,0,0,0
498,8.3083,free_swing,704,475,774,338,15.998,152.935,0,-301.36,62.20,0,153.85,1.18,2500,0,0,0
499,8.32498,free_swing,689,478,760,341,10.098,152.605,0,-358.77,-45.21,0,154.30,1.48,2500,0,0,0
500,8.34167,free_swing,674,480,747,345,4.251,151.598,0,-390.66,-133.38,0,153.47,0.93,2500,0,0,0
501,8.35835,free_swing,656,481,737,349,-2.690,148.465,0,-402.04,-219.90,0,154.87,1.85,2500,0,0,0
502,8.37503,free_swing,639,479,729,354,-9.273,144.246,0,-393.75,-279.57,0,154.03,1.30,2500,0,0,0
503,8.39172,free_swing,623,476,724,359,-15.524,139.198,0,-351.95,-298.66,0,154.56,1.65,2500,0,0,0
504,8.4084,free_swing,610,471,719,363,-20.872,134.736,0,-293.47,-277.49,0,153.44,0.91,2500,0,0,0
505,8.42508,free_swing,600,467,717,368,-25.017,130.236,0,-177.27,-188.80,0,153.26,0.80,2500,0,0,0
506,8.44177,free_swing,595,465,715,371,-27.080,128.073,0,-25.16,-51.80,0,152.43,0.25,2500,0,0,0
507,8.45845,free_swing,598,466,717,371,-25.877,128.601,0,104.50,68.17,0,152.27,0.14,2500,0,0,0
508,8.47513,free_swing,604,469,720,370,-23.299,130.479,0,172.59,100.27,0,152.50,0.30,2500,0,0,0
509,8.49182,free_swing,611,472,725,370,-20.376,131.820,0,204.51,83.34,0,152.97,0.60,2500,0,0,0
510,8.5085,free_swing,620,475,732,371,-16.736,132.879,0,251.25,74.28,0,152.84,0.52,2500,0,0,0
511,8.52518,free_swing,632,478,741,372,-11.988,134.201,0,304.82,80.69,0,152.04,0.01,2500,0,0,0
512,8.54187,free_swing,646,480,753,371,-6.553,135.531,0,336.14,52.73,0,152.74,0.45,2500,0,0,0
513,8.55855,free_swing,661,481,766,372,-0.769,136.071,0,352.14,-8.99,0,151.35,0.46,2500,0,0,0
514,8.57523,free_swing,676,480,783,373,5.020,135.000,0,359.80,-78.84,0,151.32,0.48,2500,0,0,0
515,8.59192,free_swing,692,478,803,374,11.234,133.135,0,368.68,-161.48,0,152.11,0.04,2500,0,0,0
516,8.6086,free_swing,707,474,824,376,17.216,129.950,0,361.92,-252.66,0,152.62,0.37,2500,0,0,0
517,8.62528,free_swing,722,469,847,383,23.299,124.528,0,333.96,-355.39,0,151.73,0.21,2500,0,0,0
518,8.64197,free_swing,734,463,868,392,28.457,117.917,0,308.27,-455.85,0,151.65,0.27,2500,0,0,0
519,8.65865,free_swing,745,457,888,406,33.265,109.628,0,276.39,-545.87,0,151.82,0.15,2500,0,0,0
520,8.67533,free_swing,755,450,903,425,37.942,99.588,0,271.35,-657.50,0,150.10,1.29,2500,0,0,0
521,8.69202,free_swing,762,443,913,447,41.730,88.483,0,225.48,-696.62,0,151.05,0.66,2500,0,0,0
522,8.7087,free_swing,769,436,915,472,45.546,76.149,0,105.78,-624.27,0,150.37,1.10,2500,0,0,0
523,8.72538,free_swing,770,436,908,494,45.815,67.203,0,-36.17,-510.91,0,149.69,1.55,2500,0,0,0
524,8.74207,free_swing,766,440,896,515,43.643,60.018,0,-137.00,-449.16,0,150.08,1.30,2500,0,0,0
525,8.75875,free_swing,761,444,880,536,41.186,52.292,0,-183.27,-440.85,0,150.42,1.08,2500,0,0,0
526,8.77543,free_swing,755,449,860,556,38.179,44.459,0,-235.46,-423.65,0,149.91,1.41,2500,0,0,0
527,8.79212,free_swing,745,457,838,574,33.265,38.480,0,-294.70,-387.31,0,149.46,1.71,2500,0,0,0
528,8.8088,free_swing,733,464,812,591,27.937,31.884,0,-351.88,-353.13,0,149.57,1.64,2500,0,0,0
529,8.82548,free_swing,719,470,785,605,22.087,26.053,0,-393.27,-333.52,0,150.27,1.17,2500,0,0,0
530,8.84217,free_swing,701,476,755,617,14.783,20.956,0,-429.23,-315.55,0,150.99,0.70,2500,0,0,0
531,8.85885,free_swing,683,480,723,625,7.696,15.422,0,-424.98,-353.21,0,150.42,1.08,2500,0,0,0
532,8.87553,free_swing,665,481,689,630,0.769,9.150,0,-401.48,-406.98,0,150.92,0.74,2500,0,0,0
533,8.89222,free_swing,649,480,653,632,-5.404,1.507,0,-368.11,-467.64,0,152.05,0.00,2500,0,0,0
534,8.9089,free_swing,633,479,616,628,-11.535,-6.509,0,-309.17,-553.78,0,149.97,1.37,2500,0,0,0
535,8.92558,free_swing,622,476,579,621,-15.893,-16.518,0,-237.25,-643.43,0,151.24,0.53,2500,0,0,0
536,8.94227,free_swing,614,473,542,607,-19.163,-28.250,0,-172.44,-702.22,0,152.12,0.04,2500,0,0,0
537,8.95895,free_swing,608,471,510,587,-21.588,-40.192,0,-124.37,-733.39,0,151.86,0.13,2500,0,0,0
538,8.97563,free_swing,604,469,484,562,-23.299,-52.224,0,-37.56,-780.76,0,151.82,0.15,2500,0,0,0
539,8.99232,free_swing,604,469,465,531,-23.299,-65.961,0,53.15,-828.74,0,152.20,0.10,2500,0,0,0
540,9.009,free_swing,609,471,459,497,-21.231,-80.166,0,111.45,-827.52,0,152.24,0.12,2500,0,0,0
541,9.02568,free_swing,613,473,461,464,-19.525,-93.389,0,120.93,-768.47,0,152.27,0.14,2500,0,0,0
542,9.04237,free_swing,618,474,471,433,-17.583,-105.584,0,113.24,-714.16,0,152.61,0.37,2500,0,0,0
543,9.05905,free_swing,623,476,487,407,-15.524,-116.901,0,138.27,-648.59,0,152.50,0.30,2500,0,0,0
544,9.07573,free_swing,629,478,508,385,-13.109,-127.546,0,170.88,-570.96,0,152.61,0.37,2500,0,0,0
545,9.09242,free_swing,638,479,531,369,-9.652,-135.792,0,221.94,-477.74,0,153.46,0.92,2500,0,0,0
546,9.1091,free_swing,648,480,557,358,-5.787,-143.281,0,269.50,-379.52,0,152.20,0.10,2500,0,0,0
547,9.12578,free_swing,661,481,582,350,-0.769,-148.908,0,302.02,-303.71,0,152.98,0.61,2500,0,0,0
548,9.14247,free_swing,674,480,606,345,4.251,-153.265,0,305.81,-233.83,0,151.16,0.59,2500,0,0,0
549,9.15915,free_swing,687,479,628,338,9.273,-157.294,0,272.13,-256.12,0,152.85,0.52,2500,0,0,0
550,9.17583,free_swing,697,476,649,334,13.285,-161.323,0,222.47,-307.96,0,149.89,1.42,2500,0,0,0
551,9.19252,free_swing,705,474,674,326,16.477,-168.170,0,155.62,-376.90,0,151.21,0.55,2500,0,0,0
552,9.2092,free_swing,710,472,695,323,18.558,-174.251,0,86.54,-450.65,0,149.75,1.51,2500,0,0,0
553,9.22588,free_swing,712,472,719,321,19.290,177.346,0,14.75,-532.68,0,151.16,0.59,2500,0,0,0
554,9.24257,free_swing,711,472,744,324,18.925,167.430,0,-67.71,-666.93,0,151.63,0.28,2500,0,0,0
555,9.25925,free_swing,707,473,770,335,17.331,155.462,0,-149.10,-775.03,0,151.70,0.23,2500,0,0,0
556,9.27593,free_swing,699,476,794,357,14.036,141.399,0,-200.91,-864.59,0,152.27,0.14,2500,0,0,0
557,9.29262,free_swing,690,478,813,387,10.477,126.495,0,-212.29,-941.93,0,153.00,0.63,2500,0,0,0
558,9.3093,free_swing,682,480,825,427,7.316,110.336,0,-190.10,-1036.22,0,152.51,0.30,2500,0,0,0
559,9.32598,free_swing,674,480,824,474,4.251,92.291,0,-161.65,-1068.16,0,150.12,1.27,2500,0,0,0
560,9.34267,free_swing,668,480,813,524,1.935,73.120,0,-115.12,-1158.03,0,151.53,0.34,2500,0,0,0
561,9.35935,free_swing,664,481,784,564,0.385,55.330,0,-60.17,-1276.61,0,145.91,4.04,2500,0,0,0
562,9.37603,free_swing,663,480,740,610,0.000,30.639,0,-1.73,-1403.32,0,151.09,0.63,2500,0,0,0
563,9.39272,free_swing,663,481,683,631,0.000,7.595,0,24.59,-1416.89,0,151.33,0.48,2500,0,0,0
564,9.4094,free_swing,665,482,624,628,0.764,-15.686,0,-0.34,-1326.02,0,151.65,0.27,2500,0,0,0
565,9.42608,free_swing,663,481,574,604,0.000,-35.889,0,-72.68,-1192.08,0,151.82,0.15,2500,0,0,0
566,9.44277,free_swing,658,481,533,565,-1.922,-56.099,0,-169.57,-1020.38,0,150.60,0.95,2500,0,0,0
567,9.45945,free_swing,649,480,508,531,-5.404,-70.115,0,-227.54,-895.51,0,149.94,1.39,2500,0,0,0
568,9.47613,free_swing,638,479,484,493,-9.652,-84.806,0,-256.40,-799.22,0,154.64,1.70,2500,0,0,0
569,9.49282,free_swing,628,477,475,455,-13.570,-98.183,0,-238.34,-772.49,0,154.57,1.66,2500,0,0,0
570,9.5095,free_swing,618,475,475,423,-17.468,-109.983,0,-189.25,-688.73,0,152.16,0.07,2500,0,0,0
571,9.52618,free_swing,612,473,482,394,-19.885,-121.287,0,-112.54,-619.30,0,152.12,0.05,2500,0,0,0
572,9.54287,free_swing,609,472,494,373,-21.092,-130.724,0,-23.51,-546.08,0,151.74,0.20,2500,0,0,0
573,9.55955,free_swing,610,472,511,357,-20.735,-139.276,0,42.31,-462.46,0,151.74,0.20,2500,0,0,0
574,9.57623,free_swing,613,473,529,347,-19.525,-146.310,0,98.42,-381.88,0,151.43,0.41,2500,0,0,0
575,9.59292,free_swing,618,474,547,341,-17.583,-151.905,0,155.08,-292.14,0,150.76,0.85,2500,0,0,0
576,9.6096,free_swing,626,476,564,337,-14.410,-155.961,0,227.00,-191.53,0,152.20,0.10,2500,0,0,0
577,9.62628,free_swing,637,479,581,337,-10.030,-158.477,0,291.05,-89.23,0,152.64,0.39,2500,0,0,0
578,9.64297,free_swing,651,480,596,338,-4.635,-158.827,0,345.58,15.82,0,152.28,0.15,2500,0,0,0
579,9.65965,free_swing,666,481,609,339,1.153,-158.129,0,371.00,100.48,0,153.01,0.63,2500,0,0,0
580,9.67633,free_swing,683,480,620,340,7.696,-155.772,0,363.70,145.86,0,153.52,0.97,2500,0,0,0
581,9.69302,free_swing,697,477,629,341,13.196,-153.435,0,311.79,115.65,0,152.05,0.00,2500,0,0,0
582,9.7097,free_swing,709,474,637,340,17.949,-151.750,0,244.33,52.41,0,152.12,0.04,2500,0,0,0
583,9.72638,free_swing,716,470,646,336,21.010,-152.418,0,162.88,-22.77,0,151.18,0.57,2500,0,0,0
584,9.74307,free_swing,722,469,653,334,23.299,-152.928,0,30.45,-170.82,0,151.61,0.29,2500,0,0,0
585,9.75975,free_swing,720,469,660,329,22.590,-156.801,0,-105.98,-324.32,0,152.32,0.17,2500,0,0,0
586,9.77643,free_swing,712,472,672,325,19.290,-164.778,0,-210.72,-453.97,0,152.35,0.19,2500,0,0,0
587,9.79312,free_swing,703,475,682,325,15.627,-172.030,0,-248.93,-498.99,0,151.46,0.39,2500,0,0,0
588,9.8098,free_swing,692,478,694,326,11.234,179.246,0,-289.58,-552.32,0,152.01,0.03,2500,0,0,0
589,9.82648,free_swing,679,480,707,330,6.170,169.426,0,-347.48,-648.22,0,152.59,0.35,2500,0,0,0
590,9.84317,free_swing,662,481,721,339,-0.385,157.437,0,-390.39,-741.94,0,153.77,1.13,2500,0,0,0
591,9.85985,free_swing,645,480,734,354,-6.934,144.765,0,-406.65,-824.65,0,154.26,1.45,2500,0,0,0
592,9.87653,free_swing,628,476,746,377,-13.661,129.996,0,-394.99,-893.38,0,154.03,1.30,2500,0,0,0
593,9.89322,free_swing,612,471,751,407,-20.148,114.723,0,-390.55,-971.71,0,153.03,0.64,2500,0,0,0
594,9.9099,free_swing,597,466,749,445,-26.222,97.866,0,-352.10,-1073.76,0,153.44,0.91,2500,0,0,0
595,9.92658,free_swing,584,459,735,487,-31.884,79.495,0,-260.75,-1109.79,0,153.57,1.00,2500,0,0,0
596,9.94327,free_swing,578,454,711,532,-34.866,59.610,0,-112.37,-1103.78,0,154.18,1.40,2500,0,0,0
597,9.95995,free_swing,577,454,684,570,-35.181,42.689,0,77.70,-1160.70,0,157.81,3.79,2500,0,0,0
598,9.97663,free_swing,583,458,639,598,-32.412,21.801,0,290.35,-1384.04,1,150.78,0.83,2500,1,0,0
599,9.99332,free_swing,597,466,589,615,-26.222,-3.073,0,448.45,-1579.99,0,149.21,1.87,2500,0,0,0
600,10.01,free_swing,618,476,542,600,-17.354,-31.504,0,480.77,-1533.61,0,145.44,4.35,2500,0,0,0
601,10.02668,free_swing,636,479,514,567,-10.408,-54.197,0,373.96,-1307.80,1,150.43,1.07,2500,1,0,0
602,10.04337,free_swing,649,480,505,521,-5.404,-74.107,0,221.73,-1103.88,1,149.72,1.53,2500,1,0,0
603,10.06005,free_swing,655,480,507,477,-3.094,-91.161,0,100.44,-1040.68,0,148.03,2.65,2500,0,0,0
604,10.07673,free_swing,658,481,515,432,-1.922,-108.914,0,7.71,-1011.59,0,151.16,0.59,2500,0,0,0
605,10.09342,free_swing,657,481,533,393,-2.306,-125.362,0,-26.15,-990.94,0,152.05,0.00,2500,0,0,0
606,10.1101,free_swing,656,481,561,363,-2.690,-141.163,0,25.50,-869.84,0,151.49,0.37,2500,0,0,0
607,10.12678,free_swing,659,481,596,344,-1.538,-155.304,0,145.39,-738.40,0,150.79,0.83,2500,0,0,0
608,10.14347,free_swing,669,481,630,334,2.306,-165.141,0,246.54,-589.15,0,152.09,0.02,2500,0,0,0
609,10.16015,free_swing,681,480,668,327,6.934,-175.143,0,292.23,-505.00,0,153.55,0.99,2500,0,0,0
610,10.17683,free_swing,693,478,700,327,11.611,177.346,0,288.63,-501.98,0,151.16,0.59,2500,0,0,0
611,10.19352,free_swing,705,474,735,326,16.477,168.541,0,280.10,-528.34,0,151.01,0.69,2500,0,0,0
612,10.2102,free_swing,716,471,770,330,20.872,159.044,0,254.58,-600.58,0,150.99,0.70,2500,0,0,0
613,10.22688,free_swing,726,467,805,338,25.017,148.517,0,221.95,-664.88,0,151.27,0.52,2500,0,0,0
614,10.24357,free_swing,734,464,837,354,28.275,136.882,0,200.65,-747.89,0,150.70,0.89,2500,0,0,0
615,10.26025,free_swing,741,459,866,376,31.557,123.584,0,186.43,-834.55,0,150.05,1.32,2500,0,0,0
616,10.27693,free_swing,748,455,890,406,34.647,109.038,0,176.47,-908.87,0,150.22,1.21,2500,0,0,0
617,10.29362,free_swing,753,450,904,441,37.333,93.411,0,153.21,-959.91,0,151.27,0.52,2500,0,0,0
618,10.3103,free_swing,758,447,904,480,39.560,77.264,0,104.52,-973.23,0,149.68,1.56,2500,0,0,0
619,10.32698,free_swing,760,444,892,517,40.895,61.056,0,27.00,-936.99,0,150.84,0.80,2500,0,0,0
620,10.34367,free_swing,760,446,867,549,40.394,46.091,0,-70.13,-857.29,0,148.52,2.32,2500,0,0,0
621,10.36035,free_swing,756,449,837,576,38.480,32.530,0,-154.88,-776.47,0,150.63,0.93,2500,0,0,0
622,10.37703,free_swing,749,454,802,596,35.181,20.468,0,-222.27,-709.74,0,151.57,0.32,2500,0,0,0
623,10.39372,free_swing,740,460,764,611,31.030,9.031,0,-305.77,-605.95,0,152.90,0.55,2500,0,0,0
624,10.4104,free_swing,727,467,726,620,25.364,-0.374,0,-388.05,-487.77,0,153.00,0.63,2500,0,0,0
625,10.42708,free_swing,709,474,691,625,17.949,-6.798,0,-443.88,-380.65,0,152.07,0.01,2500,0,0,0
626,10.44377,free_swing,690,479,656,628,10.408,-12.854,0,-471.58,-295.72,0,152.83,0.51,2500,0,0,0
627,10.46045,free_swing,670,481,624,627,2.690,-17.488,0,-491.11,-229.98,0,153.08,0.67,2500,0,0,0
628,10.47713,free_swing,648,481,595,623,-5.749,-20.468,0,-488.32,-194.15,0,151.57,0.32,2500,0,0,0
629,10.49382,free_swing,627,478,566,616,-13.851,-23.847,0,-454.71,-208.82,0,150.88,0.77,2500,0,0,0
630,10.5105,free_swing,611,473,539,606,-20.244,-28.429,0,-353.25,-312.25,0,151.24,0.54,2500,0,0,0
631,10.52718,free_swing,598,467,514,592,-25.710,-33.901,0,-202.73,-476.80,0,150.60,0.95,2500,0,0,0
632,10.54387,free_swing,594,465,489,574,-27.420,-43.929,0,-57.58,-638.01,0,151.35,0.46,2500,0,0,0
633,10.56055,free_swing,595,465,470,550,-27.080,-55.784,0,46.52,-717.65,0,151.16,0.59,2500,0,0,0
634,10.57723,free_swing,597,466,457,524,-26.222,-67.496,0,79.07,-700.57,0,151.54,0.34,2500,0,0,0
635,10.59392,free_swing,601,467,452,497,-24.667,-78.616,0,102.63,-666.03,0,151.99,0.04,2500,0,0,0
636,10.6106,free_swing,605,470,453,471,-22.797,-89.623,0,130.10,-615.31,0,152.00,0.03,2500,0,0,0
637,10.62728,free_swing,611,472,460,447,-20.376,-99.401,0,154.18,-558.09,0,153.06,0.66,2500,0,0,0
638,10.64397,free_swing,618,474,472,427,-17.583,-107.844,0,182.29,-497.40,0,153.38,0.87,2500,0,0,0
639,10.66065,free_swing,626,477,488,410,-14.315,-115.897,0,214.25,-433.10,0,153.40,0.89,2500,0,0,0
640,10.67733,free_swing,636,479,507,397,-10.408,-122.442,0,256.87,-332.60,0,152.86,0.53,2500,0,0,0
641,10.69402,free_swing,648,480,526,388,-5.787,-127.020,0,308.09,-211.67,0,152.80,0.49,2500,0,0,0
642,10.7107,free_swing,662,481,543,383,-0.385,-129.472,0,327.38,-128.64,0,154.16,1.39,2500,0,0,0
643,10.72738,free_swing,677,480,561,379,5.404,-131.046,0,318.40,-58.56,0,153.81,1.15,2500,0,0,0
644,10.74407,free_swing,689,479,576,377,10.030,-132.071,0,296.48,-8.02,0,152.23,0.11,2500,0,0,0
645,10.76075,free_swing,701,475,587,375,14.882,-131.257,0,271.69,36.05,0,151.64,0.27,2500,0,0,0
646,10.77743,free_swing,712,473,597,373,19.163,-131.009,0,216.78,28.34,0,152.40,0.23,2500,0,0,0
647,10.79412,free_swing,719,470,604,371,22.087,-130.724,0,104.50,-59.35,0,151.74,0.20,2500,0,0,0
648,10.8108,free_swing,720,469,609,367,22.590,-132.580,0,-23.42,-165.33,0,150.75,0.86,2500,0,0,0
649,10.82748,free_swing,717,471,613,361,21.231,-136.606,0,-128.70,-257.62,0,151.38,0.44,2500,0,0,0
650,10.84417,free_swing,710,473,615,355,18.435,-141.163,0,-191.33,-294.51,0,151.49,0.37,2500,0,0,0
651,10.86085,free_swing,701,475,617,350,14.882,-146.099,0,-228.43,-298.85,0,150.60,0.95,2500,0,0,0
652,10.87753,free_swing,691,478,618,345,10.856,-151.239,0,-264.51,-309.95,0,151.72,0.22,2500,0,0,0
653,10.89422,free_swing,679,480,618,341,6.170,-156.306,0,-318.86,-328.30,0,151.80,0.17,2500,0,0,0
654,10.9109,free_swing,664,481,617,336,0.385,-162.041,0,-362.17,-336.96,0,152.43,0.25,2500,0,0,0
655,10.92758,free_swing,647,480,615,331,-6.170,-167.879,0,-388.30,-346.19,0,152.40,0.23,2500,0,0,0
656,10.94427,free_swing,631,478,613,326,-12.362,-173.246,0,-396.06,-347.44,0,153.06,0.66,2500,0,0,0
657,10.96095,free_swing,614,473,612,320,-19.163,-179.251,0,-403.48,-338.17,0,153.01,0.63,2500,0,0,0
658,10.97763,free_swing,598,467,610,315,-25.710,175.486,0,-377.98,-269.04,0,152.47,0.28,2500,0,0,0
659,10.99432,free_swing,584,459,606,309,-31.884,171.656,0,-316.43,-156.28,0,151.60,0.29,2500,0,0,0
660,11.011,free_swing,575,453,600,303,-36.027,170.538,0,-236.40,-55.02,0,152.07,0.01,2500,0,0,0
661,11.02768,free_swing,568,447,594,297,-39.560,170.166,0,-150.51,37.95,0,152.24,0.12,2500,0,0,0
662,11.04437,free_swing,564,445,587,294,-41.222,171.339,0,-55.72,136.07,0,152.74,0.45,2500,0,0,0
663,11.06105,free_swing,564,444,578,293,-41.474,174.703,0,31.87,234.92,0,151.65,0.27,2500,0,0,0
664,11.07773,free_swing,567,447,568,294,-39.855,179.626,0,109.65,325.04,0,153.00,0.63,2500,0,0,0
665,11.09442,free_swing,571,450,557,299,-37.942,-174.703,0,202.15,427.20,0,151.65,0.27,2500,0,0,0
666,11.1111,free_swing,580,457,544,308,-33.584,-166.417,0,285.45,537.44,0,153.29,0.81,2500,0,0,0
667,11.12778,free_swing,593,464,531,323,-27.937,-156.264,0,357.90,644.55,0,154.03,1.30,2500,0,0,0
668,11.14447,free_swing,607,470,519,344,-22.087,-145.069,0,372.26,739.28,0,153.69,1.08,2500,0,0,0
669,11.16115,free_swing,623,476,508,373,-15.524,-131.849,0,375.95,843.95,0,154.38,1.53,2500,0,0,0
670,11.17783,free_swing,638,479,501,410,-9.652,-116.732,0,370.90,942.13,0,153.39,0.88,2500,0,0,0
671,11.19452,free_swing,654,481,505,454,-3.457,-100.271,0,348.69,1021.83,0,151.43,0.41,2500,0,0,0
672,11.2112,free_swing,668,481,525,500,1.922,-82.432,0,292.08,1174.60,0,144.26,5.13,2500,0,0,0
673,11.22788,free_swing,679,481,544,552,6.129,-62.259,0,179.42,1274.32,0,152.53,0.32,2500,0,0,0
674,11.24457,free_swing,683,479,591,597,7.748,-37.942,0,9.35,1423.98,0,149.63,1.60,2500,0,0,0
675,11.26125,free_swing,681,480,640,622,6.934,-16.105,0,-150.06,1598.08,0,147.80,2.80,2500,0,0,0
676,11.27793,free_swing,671,481,707,632,3.073,13.410,0,-189.68,1635.64,0,155.23,2.09,2500,0,0,0
677,11.29462,free_swing,664,481,763,594,0.385,41.222,0,-84.64,1539.99,0,150.23,1.20,2500,0,0,0
678,11.3113,free_swing,665,480,801,550,0.774,62.765,0,97.54,1266.19,1,152.96,0.60,2500,1,0,0
679,11.32798,free_swing,673,480,821,498,3.865,83.066,0,237.58,1089.62,0,149.09,1.95,2500,0,0,0
680,11.34467,free_swing,685,479,833,453,8.512,99.964,0,314.19,996.52,0,150.27,1.17,2500,0,0,0
681,11.36135,free_swing,699,476,835,410,14.036,115.887,0,342.20,914.92,0,151.17,0.58,2500,0,0,0
682,11.37803,free_swing,713,472,827,374,19.654,130.684,0,320.49,840.74,0,150.33,1.13,2500,0,0,0
683,11.39472,free_swing,725,467,813,345,24.667,144.197,0,267.24,745.21,0,150.43,1.07,2500,0,0,0
684,11.4114,free_swing,733,463,797,325,28.118,155.120,0,163.77,623.79,0,152.12,0.04,2500,0,0,0
685,11.42808,free_swing,738,460,777,314,30.368,165.044,0,42.47,485.52,0,151.12,0.61,2500,0,0,0
686,11.44477,free_swing,736,461,758,310,29.505,171.711,0,-69.01,363.00,0,152.59,0.36,2500,0,0,0
687,11.46145,free_swing,732,463,741,311,27.777,176.611,0,-162.38,241.85,0,152.27,0.14,2500,0,0,0
688,11.47813,free_swing,725,467,724,314,24.667,-179.626,0,-209.51,173.95,0,153.00,0.63,2500,0,0,0
689,11.49482,free_swing,715,471,709,318,20.511,-177.754,0,-260.31,102.67,0,153.12,0.70,2500,0,0,0
690,11.5115,free_swing,705,475,694,323,16.368,-175.861,0,-284.76,52.85,0,152.40,0.23,2500,0,0,0
691,11.52818,free_swing,692,478,680,326,11.234,-175.486,0,-271.83,74.48,0,152.47,0.28,2500,0,0,0
692,11.54487,free_swing,681,479,665,329,6.981,-173.911,0,-234.70,144.79,0,150.85,0.79,2500,0,0,0
693,11.56155,free_swing,673,480,647,331,3.865,-170.102,0,-183.90,236.02,0,151.25,0.53,2500,0,0,0
694,11.57823,free_swing,666,480,628,334,1.161,-165.411,0,-119.12,329.58,0,150.86,0.78,2500,0,0,0
695,11.59492,free_swing,662,480,609,339,-0.387,-159.399,0,-7.16,489.32,0,150.63,0.93,2500,0,0,0
696,11.6116,free_swing,665,481,588,350,0.769,-149.554,0,122.53,683.70,0,151.95,0.06,2500,0,0,0
697,11.62828,free_swing,673,480,567,370,3.865,-136.061,0,197.46,825.40,0,152.76,0.47,2500,0,0,0
698,11.64497,free_swing,682,480,552,399,7.316,-121.926,0,208.57,897.47,0,153.17,0.73,2500,0,0,0
699,11.66165,free_swing,690,479,544,435,10.408,-106.771,0,191.69,958.02,0,152.49,0.29,2500,0,0,0
700,11.67833,free_swing,698,477,545,477,13.570,-90.000,0,162.62,1021.29,0,153.00,0.62,2500,0,0,0
701,11.69502,free_swing,704,475,560,521,15.998,-72.284,0,127.13,1081.78,0,151.17,0.58,2500,0,0,0
702,11.7117,free_swing,708,474,586,562,17.583,-54.197,0,83.89,1154.02,0,150.43,1.07,2500,0,0,0
703,11.72838,free_swing,711,473,626,599,18.800,-34.004,0,43.55,1246.78,0,151.99,0.04,2500,0,0,0
704,11.74507,free_swing,712,473,680,616,19.163,-12.614,0,-0.54,1293.06,0,146.54,3.63,2500,0,0,0
705,11.76175,free_swing,711,473,735,619,18.800,9.335,0,-44.54,1313.90,0,147.96,2.69,2500,0,0,0
706,11.77843,free_swing,709,474,784,604,17.949,29.982,0,-43.78,1221.55,0,150.08,1.30,2500,0,0,0
707,11.79512,free_swing,707,474,828,571,17.216,51.282,0,-2.68,1128.27,0,155.08,1.99,2500,0,0,0
708,11.8118,free_swing,709,473,849,533,18.068,66.801,0,70.58,1030.82,0,152.32,0.17,2500,0,0,0
709,11.82848,free_swing,713,472,863,485,19.654,85.047,0,148.17,931.29,0,150.56,0.98,2500,0,0,0
710,11.84517,free_swing,720,469,870,444,22.590,99.462,0,179.85,880.36,0,152.07,0.01,2500,0,0,0
711,11.86185,free_swing,728,466,867,407,25.877,112.999,0,167.93,780.54,0,151.00,0.69,2500,0,0,0
712,11.87853,free_swing,733,464,855,375,27.937,126.111,0,113.38,728.09,0,151.01,0.68,2500,0,0,0
713,11.89522,free_swing,736,462,839,350,29.316,137.397,0,41.97,644.18,0,152.16,0.07,2500,0,0,0
714,11.9119,free_swing,736,461,818,333,29.505,147.355,0,-35.82,560.07,0,152.01,0.03,2500,0,0,0
715,11.92858,free_swing,733,463,795,323,28.118,156.114,0,-115.47,487.39,0,153.11,0.70,2500,0,0,0
716,11.94527,free_swing,727,466,770,319,25.530,163.695,0,-179.07,414.04,0,153.16,0.73,2500,0,0,0
717,11.96195,free_swing,719,469,746,319,22.233,169.796,0,-228.31,328.42,0,152.41,0.24,2500,0,0,0
718,11.97863,free_swing,709,474,723,322,17.949,174.738,0,-283.18,236.70,0,152.64,0.39,2500,0,0,0
719,11.99532,free_swing,696,477,702,324,12.821,177.754,0,-347.86,144.77,0,153.12,0.70,2500,0,0,0
720,12.012,free_swing,680,480,681,328,6.553,179.623,0,-399.74,61.02,0,152.00,0.03,2500,0,0,0
721,12.02868,free_swing,662,481,661,329,-0.385,-179.623,0,-399.43,55.36,0,152.00,0.03,2500,0,0,0
722,12.04537,free_swing,645,480,642,329,-6.934,-178.862,0,-359.34,116.19,0,151.03,0.67,2500,0,0,0
723,12.06205,free_swing,632,478,620,327,-11.988,-175.456,0,-303.67,211.13,0,151.48,0.38,2500,0,0,0
724,12.07873,free_swing,620,474,597,326,-16.847,-171.167,0,-243.81,317.50,0,149.78,1.50,2500,0,0,0
725,12.09542,free_swing,611,472,573,326,-20.376,-165.411,0,-176.55,410.89,0,150.86,0.78,2500,0,0,0
726,12.1121,free_swing,606,470,547,330,-22.443,-157.148,0,-80.03,529.37,0,151.92,0.08,2500,0,0,0
727,12.12878,free_swing,604,470,523,342,-23.148,-147.674,0,19.88,648.81,0,151.48,0.38,2500,0,0,0
728,12.14547,free_swing,607,471,501,362,-21.943,-135.799,0,109.73,762.73,0,152.04,0.01,2500,0,0,0
729,12.16215,free_swing,613,473,484,392,-19.525,-122.125,0,160.32,867.73,0,152.32,0.18,2500,0,0,0
730,12.17883,free_swing,620,475,473,430,-16.736,-107.021,0,152.62,919.48,0,153.73,1.11,2500,0,0,0
731,12.19552,free_swing,626,476,473,473,-14.410,-91.123,0,125.91,979.57,0,153.03,0.64,2500,0,0,0
732,12.2122,free_swing,630,478,486,517,-12.736,-74.846,0,114.09,1050.74,0,149.19,1.88,2500,0,0,0
733,12.22888,free_swing,635,479,512,562,-10.784,-55.989,0,103.57,1158.89,0,148.38,2.41,2500,0,0,0
734,12.24557,free_swing,640,480,549,602,-8.833,-36.719,0,90.02,1160.03,0,152.20,0.10,2500,0,0,0
735,12.26225,free_swing,643,480,601,625,-7.696,-16.154,0,100.38,1170.66,0,150.96,0.72,2500,0,0,0
736,12.27893,free_swing,648,480,649,627,-5.787,0.390,0,153.03,1113.70,0,147.00,3.32,2500,0,0,0
737,12.29562,free_swing,657,481,713,624,-2.306,21.386,0,231.10,995.73,0,153.57,1.00,2500,0,0,0
738,12.3123,free_swing,668,480,754,603,1.935,34.961,0,279.83,884.42,0,150.08,1.30,2500,0,0,0
739,12.32898,free_swing,681,479,794,579,6.981,48.493,0,314.69,728.88,0,150.89,0.76,2500,0,0,0
740,12.34567,free_swing,694,477,826,550,12.068,61.056,0,319.57,687.04,0,150.84,0.80,2500,0,0,0
741,12.36235,free_swing,708,473,851,522,17.700,71.086,0,290.04,612.85,0,151.16,0.59,2500,0,0,0
742,12.37903,free_swing,718,470,868,493,21.730,81.283,0,238.25,576.16,0,151.75,0.20,2500,0,0,0
743,12.39572,free_swing,726,466,878,464,25.181,90.754,0,160.41,564.46,0,152.01,0.03,2500,0,0,0
744,12.4124,free_swing,732,465,881,439,27.420,99.898,0,88.75,532.15,0,151.25,0.53,2500,0,0,0
745,12.42908,free_swing,733,464,876,416,27.937,108.555,0,3.48,494.06,0,150.84,0.80,2500,0,0,0
746,12.44577,free_swing,732,464,867,397,27.597,116.395,0,-64.06,450.45,0,150.71,0.88,2500,0,0,0
747,12.46245,free_swing,728,466,856,382,25.877,123.275,0,-117.48,383.85,0,153.10,0.69,2500,0,0,0
748,12.47913,free_swing,723,469,841,372,23.651,129.421,0,-160.35,306.85,0,152.75,0.46,2500,0,0,0
749,12.49582,free_swing,715,471,826,366,20.511,133.409,0,-207.89,222.18,0,152.79,0.49,2500,0,0,0
750,12.5125,free_swing,706,474,811,363,16.847,136.591,0,-264.93,139.07,0,152.79,0.49,2500,0,0,0
751,12.52918,free_swing,693,477,796,362,11.689,138.151,0,-318.18,42.63,0,154.38,1.53,2500,0,0,0
752,12.54587,free_swing,679,480,782,365,6.170,138.151,0,-358.08,-67.82,0,154.38,1.53,2500,0,0,0
753,12.56255,free_swing,663,480,770,370,0.000,135.792,0,-367.47,-160.48,0,153.46,0.92,2500,0,0,0
754,12.57923,free_swing,647,480,761,375,-6.170,132.647,0,-367.25,-243.61,0,154.99,1.93,2500,0,0,0
755,12.59592,free_swing,632,478,753,383,-11.988,128.136,0,-348.98,-316.88,0,153.84,1.17,2500,0,0,0
756,12.6126,free_swing,618,474,748,392,-17.583,122.242,0,-301.55,-360.76,0,153.70,1.08,2500,0,0,0
757,12.62928,free_swing,607,470,744,403,-22.087,116.061,0,-213.61,-334.01,0,152.51,0.30,2500,0,0,0
758,12.64597,free_swing,601,468,743,413,-24.507,111.173,0,-77.40,-262.28,0,152.28,0.15,2500,0,0,0
759,12.66265,free_swing,600,468,746,422,-24.855,107.488,0,48.36,-199.06,0,153.08,0.67,2500,0,0,0
760,12.67933,free_swing,605,470,753,432,-22.797,104.400,0,132.83,-180.57,0,152.80,0.49,2500,0,0,0
761,12.69602,free_swing,611,472,761,442,-20.376,101.310,0,182.08,-200.05,0,152.97,0.60,2500,0,0,0
762,12.7127,free_swing,619,475,771,455,-17.103,97.496,0,213.97,-262.71,0,153.31,0.83,2500,0,0,0
763,12.72938,free_swing,629,478,782,471,-13.109,92.620,0,254.80,-336.53,0,153.16,0.73,2500,0,0,0
764,12.74607,free_swing,641,479,795,490,-8.512,85.914,0,304.88,-415.66,0,154.39,1.54,2500,0,0,0
765,12.76275,free_swing,655,481,807,512,-3.073,78.473,0,369.89,-529.15,0,155.13,2.02,2500,0,0,0
766,12.77943,free_swing,673,480,816,536,3.865,68.614,0,434.17,-676.02,0,153.57,1.00,2500,0,0,0
767,12.79612,free_swing,693,477,818,563,11.689,55.472,0,516.67,-889.09,1,151.73,0.21,2500,1,0,0
768,12.8128,free_swing,715,472,811,587,20.376,39.855,0,582.94,-1050.18,0,149.80,1.48,2500,0,0,0
769,12.82948,free_swing,740,461,793,600,30.833,20.872,0,559.08,-1034.06,0,148.76,2.16,2500,0,0,0
770,12.84617,free_swing,758,447,770,598,39.560,4.544,0,434.60,-878.62,0,151.48,0.38,2500,0,0,0
771,12.86285,free_swing,768,438,749,588,44.728,-7.219,0,270.51,-677.29,1,151.20,0.56,2500,1,0,0
772,12.87953,free_swing,775,432,729,575,48.240,-17.832,0,157.59,-556.75,0,150.22,1.21,2500,0,0,0
773,12.89622,free_swing,778,428,710,565,50.145,-26.398,0,55.91,-472.71,0,152.95,0.59,2500,0,0,0
774,12.9129,free_swing,779,428,693,557,50.389,-33.690,0,-65.87,-411.78,0,155.04,1.96,2500,0,0,0
775,12.92958,free_swing,774,432,675,551,47.984,-39.758,0,-171.92,-359.82,0,154.80,1.80,2500,0,0,0
776,12.94627,free_swing,768,439,656,547,44.459,-46.042,0,-244.46,-288.26,0,155.59,2.33,2500,0,0,0
777,12.96295,free_swing,759,446,640,547,40.101,-49.677,0,-287.51,-222.15,0,156.08,2.65,2500,0,0,0
778,12.97963,free_swing,748,454,624,549,34.866,-52.543,0,-342.89,-147.01,0,156.21,2.73,2500,0,0,0
779,12.99632,free_swing,735,463,607,553,28.794,-54.888,0,-396.28,-49.64,0,156.47,2.91,2500,0,0,0
780,13.013,free_swing,718,471,592,561,21.588,-54.462,0,-441.28,99.38,0,154.84,1.83,2500,0,0,0
781,13.02968,free_swing,699,476,579,573,14.036,-51.050,0,-474.56,252.63,0,154.30,1.48,2500,0,0,0
782,13.04637,free_swing,678,480,569,586,5.787,-45.799,0,-515.16,410.33,0,152.04,0.01,2500,0,0,0
783,13.06305,free_swing,655,482,562,601,-3.053,-38.008,0,-574.71,587.91,0,151.03,0.67,2500,0,0,0
784,13.07973,free_swing,629,478,561,614,-13.109,-26.565,0,-614.09,723.96,0,152.05,0.00,2500,0,0,0
785,13.09642,free_swing,603,470,567,615,-23.499,-13.943,0,-588.77,707.28,0,149.40,1.74,2500,0,0,0
786,13.1131,free_swing,582,458,574,607,-32.735,-3.073,0,-500.51,560.80,0,149.21,1.87,2500,0,0,0
787,13.12978,free_swing,567,447,578,597,-39.855,4.194,0,-390.29,382.52,0,150.40,1.09,2500,0,0,0
788,13.14647,free_swing,556,437,581,586,-45.541,9.525,0,-282.55,250.44,0,151.08,0.64,2500,0,0,0
789,13.16315,free_swing,549,430,582,578,-49.316,12.570,0,-155.32,132.64,0,151.63,0.28,2500,0,0,0
790,13.17983,free_swing,546,427,584,576,-50.925,14.307,0,-17.74,18.24,0,153.77,1.13,2500,0,0,0
791,13.19652,free_swing,548,429,583,578,-49.853,13.219,0,90.60,-65.29,0,153.06,0.66,2500,0,0,0
792,13.2132,free_swing,552,433,583,583,-47.701,11.677,0,171.57,-143.47,0,153.17,0.73,2500,0,0,0
793,13.22988,free_swing,558,439,582,591,-44.459,8.973,0,249.24,-224.78,0,153.88,1.20,2500,0,0,0
794,13.24657,free_swing,568,447,579,600,-39.560,4.112,0,326.29,-325.30,0,153.39,0.88,2500,0,0,0
795,13.26325,free_swing,581,457,575,609,-33.265,-2.261,0,398.54,-436.79,0,152.12,0.04,2500,0,0,0
796,13.27993,free_swing,596,466,570,616,-26.565,-9.834,0,453.41,-526.06,0,152.24,0.12,2500,0,0,0
797,13.29662,free_swing,616,474,565,616,-18.314,-19.756,0,491.19,-578.28,0,150.88,0.77,2500,0,0,0
798,13.3133,free_swing,637,480,564,611,-9.964,-29.129,0,518.63,-561.49,0,149.97,1.37,2500,0,0,0
799,13.32998,free_swing,659,481,568,598,-1.538,-37.875,0,499.30,-465.85,0,148.22,2.52,2500,0,0,0
800,13.34667,free_swing,681,479,575,586,6.981,-44.731,0,479.04,-342.87,0,150.62,0.95,2500,0,0,0
801,13.36335,free_swing,699,476,585,575,14.036,-49.028,0,428.02,-189.29,0,150.99,0.70,2500,0,0,0
802,13.38003,free_swing,717,471,598,567,21.231,-51.106,0,355.99,-42.16,0,152.90,0.55,2500,0,0,0
803,13.39672,free_swing,729,466,611,563,26.222,-50.579,0,293.46,74.22,0,152.75,0.46,2500,0,0,0
804,13.4134,free_swing,738,460,624,561,30.368,-48.460,0,219.01,166.21,0,152.31,0.17,2500,0,0,0
805,13.43008,free_swing,746,456,638,563,33.797,-45.266,0,142.18,240.23,0,152.03,0.02,2500,0,0,0
806,13.44677,free_swing,749,454,650,570,35.181,-40.479,0,29.87,324.17,0,152.50,0.30,2500,0,0,0
807,13.46345,free_swing,748,455,661,582,34.647,-34.413,0,-81.66,412.49,0,153.94,1.24,2500,0,0,0
808,13.48013,free_swing,743,458,674,595,32.412,-26.732,0,-173.45,494.48,0,153.39,0.88,2500,0,0,0
809,13.49682,free_swing,735,462,688,609,28.980,-17.731,0,-254.53,592.91,0,154.33,1.50,2500,0,0,0
810,13.5135,free_swing,724,469,705,620,24.001,-7.172,0,-335.84,711.78,0,152.19,0.09,2500,0,0,0
811,13.53018,free_swing,709,474,724,625,17.949,5.673,0,-394.84,806.46,0,151.74,0.20,2500,0,0,0
812,13.54687,free_swing,691,479,742,620,10.784,19.885,0,-425.86,836.25,0,149.94,1.39,2500,0,0,0
813,13.56355,free_swing,673,480,755,605,3.865,33.265,0,-436.13,793.48,0,149.50,1.68,2500,0,0,0
814,13.58023,free_swing,654,480,760,583,-3.480,45.822,0,-426.15,695.53,0,147.80,2.80,2500,0,0,0
815,13.59692,free_swing,636,478,762,561,-10.477,56.626,0,-406.17,566.34,0,150.88,0.77,2500,0,0,0
816,13.6136,free_swing,620,474,758,539,-16.847,64.779,0,-367.13,446.42,0,152.54,0.32,2500,0,0,0
817,13.63028,free_swing,606,469,752,519,-22.590,71.095,0,-311.68,351.83,0,154.32,1.49,2500,0,0,0
818,13.64697,free_swing,594,465,744,500,-27.420,76.866,0,-250.19,277.71,0,154.03,1.30,2500,0,0,0
819,13.66365,free_swing,586,461,738,486,-30.833,80.660,0,-198.98,211.65,0,154.04,1.31,2500,0,0,0
820,13.68033,free_swing,580,456,733,473,-33.797,83.660,0,-152.66,152.63,0,153.94,1.24,2500,0,0,0
821,13.69702,free_swing,575,453,729,463,-36.027,86.285,0,-81.66,153.34,0,154.32,1.49,2500,0,0,0
822,13.7137,free_swing,574,452,728,456,-36.563,88.512,0,31.48,182.29,0,154.05,1.31,2500,0,0,0
823,13.73038,free_swing,577,455,731,449,-34.961,92.231,0,145.99,196.49,0,154.12,1.36,2500,0,0,0
824,13.74707,free_swing,584,460,737,445,-31.682,95.599,0,220.82,187.59,0,153.73,1.11,2500,0,0,0
825,13.76375,free_swing,594,464,746,443,-27.597,97.866,0,260.30,130.83,0,153.44,0.91,2500,0,0,0
826,13.78043,free_swing,604,470,756,443,-23.148,100.072,0,294.35,85.39,0,154.38,1.53,2500,0,0,0
827,13.79712,free_swing,617,474,768,446,-17.949,100.505,0,333.80,13.22,0,153.57,1.00,2500,0,0,0
828,13.8138,free_swing,632,478,783,450,-11.988,100.505,0,357.93,-78.17,0,153.57,1.00,2500,0,0,0
829,13.83048,free_swing,648,480,801,459,-5.787,97.815,0,377.38,-187.90,0,154.43,1.57,2500,0,0,0
830,13.84717,free_swing,664,481,819,470,0.385,94.059,0,410.25,-313.60,0,155.39,2.19,2500,0,0,0
831,13.86385,free_swing,683,479,837,486,7.748,87.397,0,451.22,-449.52,0,154.16,1.39,2500,0,0,0
832,13.88053,free_swing,703,475,853,504,15.627,79.058,0,470.65,-594.23,0,152.78,0.48,2500,0,0,0
833,13.89722,free_swing,722,468,863,526,23.452,67.640,0,471.82,-732.60,0,152.46,0.27,2500,0,0,0
834,13.9139,free_swing,740,460,864,547,31.030,54.946,0,492.47,-862.05,0,151.48,0.38,2500,0,0,0
835,13.93058,free_swing,757,448,854,563,39.019,40.147,0,426.39,-820.76,0,150.45,1.06,2500,0,0,0
836,13.94727,free_swing,771,436,838,570,46.081,26.565,0,259.24,-624.38,0,149.82,1.47,2500,0,0,0
837,13.96395,free_swing,773,433,824,575,47.442,19.756,0,43.35,-369.38,1,150.88,0.77,2500,1,0,0
838,13.98063,free_swing,772,434,812,581,46.900,15.222,0,-104.55,-201.26,0,152.35,0.19,2500,0,0,0
839,13.99732,free_swing,768,439,800,587,44.459,12.200,0,-160.94,-142.87,0,151.42,0.42,2500,0,0,0
840,14.014,free_swing,762,444,790,595,41.474,10.505,0,-234.47,-67.30,0,153.57,1.00,2500,0,0,0
841,14.03068,free_swing,753,451,779,602,37.100,9.770,0,-306.18,18.68,0,153.22,0.77,2500,0,0,0
842,14.04737,free_swing,740,460,769,609,31.030,11.014,0,-380.05,107.32,0,151.80,0.17,2500,0,0,0
843,14.06405,free_swing,725,468,760,615,24.507,13.392,0,-418.65,171.70,0,151.11,0.62,2500,0,0,0
844,14.08073,free_swing,707,475,750,619,17.103,16.626,0,-450.73,203.79,0,150.28,1.16,2500,0,0,0
845,14.09742,free_swing,688,479,739,620,9.652,19.885,0,-485.37,210.46,0,149.94,1.39,2500,0,0,0
846,14.1141,free_swing,666,481,725,618,1.153,23.299,0,-489.59,158.32,0,149.16,1.90,2500,0,0,0
847,14.13078,free_swing,645,480,709,615,-6.934,25.364,0,-467.24,57.94,0,149.40,1.74,2500,0,0,0
848,14.14747,free_swing,627,476,690,612,-14.036,24.855,0,-406.96,-80.08,0,149.88,1.43,2500,0,0,0
849,14.16415,free_swing,611,471,669,610,-20.511,22.649,0,-347.77,-200.42,0,150.62,0.95,2500,0,0,0
850,14.18083,free_swing,599,466,646,610,-25.530,18.076,0,-280.01,-317.14,0,151.48,0.38,2500,0,0,0
851,14.19752,free_swing,589,462,621,611,-29.650,12.121,0,-187.23,-437.09,0,152.40,0.23,2500,0,0,0
852,14.2142,free_swing,584,459,593,611,-31.884,3.389,0,-71.95,-578.72,0,152.27,0.14,2500,0,0,0
853,14.23088,free_swing,584,459,565,610,-31.884,-7.172,0,74.77,-752.37,0,152.19,0.09,2500,0,0,0
854,14.24757,free_swing,589,462,534,604,-29.650,-21.173,0,199.78,-894.37,0,152.28,0.15,2500,0,0,0
855,14.26425,free_swing,599,468,508,588,-25.201,-37.174,0,280.26,-965.55,0,150.60,0.95,2500,0,0,0
856,14.28093,free_swing,611,472,490,563,-20.376,-53.054,0,310.77,-938.08,0,151.40,0.43,2500,0,0,0
857,14.29762,free_swing,624,476,483,533,-15.154,-67.989,0,311.25,-843.45,0,152.09,0.02,2500,0,0,0
858,14.3143,free_swing,637,479,485,502,-10.030,-81.396,0,302.53,-751.39,0,153.73,1.10,2500,0,0,0
859,14.33098,free_swing,650,480,495,473,-5.020,-92.586,0,288.56,-664.74,0,155.16,2.04,2500,0,0,0
860,14.34767,free_swing,662,482,512,446,-0.382,-103.496,0,290.58,-567.94,0,154.26,1.45,2500,0,0,0
861,14.36435,free_swing,675,481,532,423,4.604,-112.077,0,313.40,-465.00,0,154.31,1.49,2500,0,0,0
862,14.38103,free_swing,689,478,555,405,10.098,-118.580,0,343.46,-353.43,0,152.59,0.36,2500,0,0,0
863,14.39772,free_swing,704,475,577,389,15.998,-124.104,0,350.62,-283.65,0,153.38,0.87,2500,0,0,0
864,14.4144,free_swing,718,470,599,376,21.730,-128.306,0,325.46,-246.98,0,151.65,0.27,2500,0,0,0
865,14.43108,free_swing,730,465,618,363,26.737,-132.325,0,272.73,-232.78,0,151.49,0.37,2500,0,0,0
866,14.44777,free_swing,739,460,635,350,30.700,-136.606,0,205.28,-283.79,0,151.38,0.44,2500,0,0,0
867,14.46445,free_swing,745,456,651,338,33.476,-141.459,0,134.01,-345.13,0,150.86,0.78,2500,0,0,0
868,14.48113,free_swing,748,454,670,325,34.866,-148.841,0,15.22,-458.43,0,150.75,0.86,2500,0,0,0
869,14.49782,free_swing,747,454,687,316,34.548,-156.501,0,-111.48,-589.73,0,150.48,1.03,2500,0,0,0
870,14.5145,free_swing,739,459,708,310,30.897,-168.247,0,-213.74,-713.61,0,152.19,0.09,2500,0,0,0
871,14.53118,free_swing,731,464,733,312,27.255,179.246,0,-267.79,-804.02,0,152.01,0.03,2500,0,0,0
872,14.54787,free_swing,720,469,759,321,22.590,165.237,0,-279.70,-840.06,0,153.05,0.66,2500,0,0,0
873,14.56455,free_swing,708,473,782,339,17.700,151.091,0,-302.11,-917.92,0,153.08,0.67,2500,0,0,0
874,14.58123,free_swing,696,477,804,368,12.821,135.264,0,-297.62,-962.50,0,153.44,0.91,2500,0,0,0
875,14.59792,free_swing,683,479,818,408,7.748,117.741,0,-285.10,-1057.48,0,152.53,0.32,2500,0,0,0
876,14.6146,free_swing,672,481,824,452,3.457,100.802,0,-250.94,-1161.62,0,154.74,1.77,2500,0,0,0
877,14.63128,free_swing,662,480,811,509,-0.387,78.986,0,-188.77,-1307.60,0,151.80,0.17,2500,0,0,0
878,14.64797,free_swing,656,480,783,563,-2.708,56.834,0,-74.12,-1389.66,0,151.72,0.22,2500,0,0,0
879,14.66465,free_swing,655,480,735,608,-3.094,32.005,0,83.05,-1526.95,0,150.94,0.73,2500,0,0,0
880,14.68133,free_swing,662,481,683,629,-0.385,8.076,0,181.92,-1645.27,0,149.48,1.69,2500,0,0,0
881,14.69802,free_swing,671,481,612,620,3.073,-22.999,0,141.91,-1580.76,0,151.00,0.69,2500,0,0,0
882,14.7147,free_swing,674,480,563,585,4.251,-46.591,0,-4.72,-1394.17,0,152.79,0.49,2500,0,0,0
883,14.73138,free_swing,669,481,530,541,2.306,-66.652,0,-169.25,-1145.52,1,151.40,0.43,2500,1,0,0
884,14.74807,free_swing,660,481,513,492,-1.153,-85.721,0,-271.40,-1056.12,0,147.41,3.05,2500,0,0,0
885,14.76475,free_swing,646,480,500,448,-6.553,-102.362,0,-317.05,-977.59,0,149.47,1.70,2500,0,0,0
886,14.78143,free_swing,633,478,499,407,-11.611,-117.917,0,-314.13,-899.11,0,151.65,0.27,2500,0,0,0
887,14.79812,free_swing,620,475,509,373,-16.736,-132.580,0,-281.61,-828.00,0,150.75,0.86,2500,0,0,0
888,14.8148,free_swing,610,472,524,347,-20.735,-145.472,0,-228.45,-724.43,0,151.73,0.21,2500,0,0,0
889,14.83148,free_swing,602,468,542,330,-24.158,-156.501,0,-117.12,-578.07,0,150.48,1.03,2500,0,0,0
890,14.84817,free_swing,600,467,561,321,-25.017,-165.044,0,13.50,-424.67,0,151.12,0.61,2500,0,0,0
891,14.86485,free_swing,604,469,579,319,-23.299,-170.538,0,138.59,-294.47,0,152.07,0.01,2500,0,0,0
892,14.88153,free_swing,611,471,597,321,-20.511,-174.668,0,215.18,-187.39,0,150.65,0.92,2500,0,0,0
893,14.89822,free_swing,621,475,614,323,-16.368,-177.363,0,270.93,-108.08,0,152.16,0.07,2500,0,0,0
894,14.9149,free_swing,633,478,628,326,-11.611,-178.116,0,313.16,-7.20,0,152.08,0.02,2500,0,0,0
895,14.93158,free_swing,647,480,643,327,-6.170,-178.502,0,308.72,-15.25,0,153.05,0.66,2500,0,0,0
896,14.94827,free_swing,660,481,654,329,-1.153,-177.739,0,281.71,-66.27,0,152.12,0.04,2500,0,0,0
897,14.96495,free_swing,670,480,674,329,2.708,178.483,0,213.18,-151.96,0,151.05,0.66,2500,0,0,0
898,14.98163,free_swing,679,480,688,329,6.170,176.589,0,146.28,-242.36,0,151.27,0.52,2500,0,0,0
899,14.99832,free_swing,682,479,705,330,7.365,171.225,0,63.53,-335.49,0,150.76,0.85,2500,0,0,0
900,15.015,free_swing,684,478,724,332,8.185,164.678,0,-35.18,-493.73,0,151.38,0.44,2500,0,0,0
901,15.03168,free_swing,680,479,744,341,6.597,155.120,0,-122.38,-617.37,0,152.12,0.04,2500,0,0,0
902,15.04837,free_swing,673,480,763,357,3.865,143.807,0,-194.66,-752.93,0,152.41,0.24,2500,0,0,0
903,15.06505,free_swing,664,481,781,381,0.385,130.521,0,-206.17,-833.41,0,153.91,1.22,2500,0,0,0
904,15.08173,free_swing,655,480,793,414,-3.094,115.560,0,-209.78,-900.37,0,152.97,0.60,2500,0,0,0
905,15.09842,free_swing,647,480,796,452,-6.170,100.643,0,-192.48,-972.03,0,151.61,0.29,2500,0,0,0
906,15.1151,free_swing,638,479,788,496,-9.652,83.534,0,-168.24,-1059.89,0,150.96,0.72,2500,0,0,0
907,15.13178,free_swing,633,476,767,539,-11.768,64.819,0,-127.43,-1169.19,0,148.07,2.62,2500,0,0,0
908,15.14847,free_swing,628,476,735,583,-13.661,45.000,0,-77.93,-1217.05,0,151.32,0.48,2500,0,0,0
909,15.16515,free_swing,626,476,687,615,-14.410,23.694,0,-12.00,-1281.54,0,151.80,0.17,2500,0,0,0
910,15.18183,free_swing,626,476,634,628,-14.410,3.013,0,48.64,-1341.45,0,152.21,0.10,2500,0,0,0
911,15.19852,free_swing,630,478,577,620,-12.736,-20.468,0,64.62,-1317.83,0,151.57,0.32,2500,0,0,0
912,15.2152,free_swing,631,479,530,591,-12.281,-42.044,0,18.11,-1232.90,0,150.81,0.81,2500,0,0,0
913,15.23188,free_swing,631,477,499,552,-12.445,-60.396,0,-67.76,-1077.27,0,151.82,0.15,2500,0,0,0
914,15.24857,free_swing,626,476,479,507,-14.410,-78.092,0,-136.18,-966.93,0,150.23,1.20,2500,0,0,0
915,15.26525,free_swing,619,475,467,467,-17.103,-93.013,0,-188.86,-878.47,0,152.21,0.10,2500,0,0,0
916,15.28193,free_swing,611,472,465,427,-20.376,-107.130,0,-197.56,-799.22,0,152.78,0.48,2500,0,0,0
917,15.29862,free_swing,603,469,471,393,-23.651,-119.932,0,-180.96,-757.20,0,152.32,0.17,2500,0,0,0
918,15.3153,free_swing,597,467,484,365,-26.053,-132.071,0,-110.11,-685.51,0,152.23,0.11,2500,0,0,0
919,15.33198,free_swing,594,465,503,344,-27.420,-143.054,0,-2.21,-579.54,0,151.40,0.43,2500,0,0,0
920,15.34867,free_swing,597,466,525,333,-26.222,-151.571,0,94.33,-475.50,0,151.24,0.54,2500,0,0,0
921,15.36535,free_swing,603,468,547,327,-23.806,-158.339,0,170.45,-388.11,0,151.71,0.22,2500,0,0,0
922,15.38203,free_swing,610,471,570,324,-20.872,-164.778,0,228.31,-314.32,0,152.35,0.19,2500,0,0,0
923,15.39872,free_swing,621,475,592,326,-16.368,-168.986,0,296.48,-212.52,0,151.80,0.17,2500,0,0,0
924,15.4154,free_swing,635,478,613,327,-10.856,-171.711,0,358.36,-85.58,0,152.59,0.36,2500,0,0,0
925,15.43208,free_swing,651,480,631,330,-4.635,-172.405,0,383.24,-29.17,0,151.33,0.48,2500,0,0,0
926,15.44877,free_swing,668,481,647,330,1.922,-172.082,0,388.10,-0.79,0,152.45,0.26,2500,0,0,0
927,15.46545,free_swing,684,480,666,328,8.076,-173.246,0,372.03,-18.10,0,153.06,0.66,2500,0,0,0
928,15.48213,free_swing,699,476,681,326,14.036,-173.157,0,312.84,-89.15,0,151.08,0.64,2500,0,0,0
929,15.49882,free_swing,711,473,699,322,18.800,-175.456,0,227.96,-193.07,0,151.48,0.38,2500,0,0,0
930,15.5155,free_swing,717,470,718,319,21.371,179.621,0,135.28,-330.86,0,151.00,0.69,2500,0,0,0
931,15.53218,free_swing,721,468,738,318,23.097,173.534,0,55.94,-423.54,0,150.96,0.72,2500,0,0,0
932,15.54887,free_swing,722,468,760,321,23.452,165.506,0,-30.43,-535.19,0,151.83,0.15,2500,0,0,0
933,15.56555,free_swing,719,469,781,330,22.233,155.961,0,-125.83,-657.19,0,152.20,0.10,2500,0,0,0
934,15.58223,free_swing,712,472,803,349,19.290,143.505,0,-183.46,-754.01,0,153.00,0.63,2500,0,0,0
935,15.59892,free_swing,704,475,820,376,15.998,130.479,0,-204.40,-840.35,0,152.50,0.30,2500,0,0,0
936,15.6156,free_swing,696,477,833,410,12.821,116.061,0,-204.93,-908.27,0,152.51,0.30,2500,0,0,0
937,15.63228,free_swing,687,478,837,452,9.335,99.834,0,-198.38,-997.07,0,152.24,0.12,2500,0,0,0
938,15.64897,free_swing,679,480,829,499,6.170,82.781,0,-158.98,-1095.90,0,151.20,0.56,2500,0,0,0
939,15.66565,free_swing,673,480,809,547,3.865,63.773,0,-115.11,-1174.11,0,151.61,0.29,2500,0,0,0
940,15.68233,free_swing,670,480,773,590,2.708,43.118,0,-76.67,-1238.96,0,150.70,0.89,2500,0,0,0
941,15.69902,free_swing,666,481,724,620,1.153,22.649,0,-43.90,-1295.59,0,150.62,0.95,2500,0,0,0
942,15.7157,free_swing,665,481,667,632,0.769,0.759,0,-29.81,-1314.94,0,151.01,0.68,2500,0,0,0
943,15.73238,free_swing,664,481,608,622,0.385,-21.661,0,-59.48,-1281.92,0,151.71,0.22,2500,0,0,0
944,15.74907,free_swing,660,481,559,595,-1.153,-41.540,0,-124.44,-1138.53,0,152.31,0.17,2500,0,0,0
945,15.76575,free_swing,652,481,524,556,-4.222,-59.632,0,-193.24,-973.96,0,148.35,2.43,2500,0,0,0
946,15.78243,free_swing,644,479,497,521,-7.365,-74.055,0,-245.47,-850.45,0,152.88,0.55,2500,0,0,0
947,15.79912,free_swing,632,478,478,484,-11.988,-87.769,0,-263.79,-771.22,0,154.12,1.36,2500,0,0,0
948,15.8158,free_swing,621,475,471,448,-16.368,-100.204,0,-234.51,-731.18,0,152.41,0.24,2500,0,0,0
949,15.83248,free_swing,613,473,472,416,-19.525,-112.011,0,-144.08,-669.17,0,152.09,0.02,2500,0,0,0
950,15.84917,free_swing,609,472,481,390,-21.092,-122.645,0,-44.76,-590.89,0,152.01,0.03,2500,0,0,0
951,15.86585,free_swing,609,472,495,370,-21.092,-131.820,0,26.43,-518.14,0,152.97,0.60,2500,0,0,0
952,15.88253,free_swing,612,472,513,356,-20.016,-139.521,0,77.03,-441.06,0,152.50,0.30,2500,0,0,0
953,15.89922,free_swing,615,474,532,347,-18.677,-146.834,0,122.75,-371.13,0,151.72,0.22,2500,0,0,0
954,15.9159,free_swing,622,475,550,341,-15.998,-151.750,0,186.45,-276.57,0,152.12,0.04,2500,0,0,0
955,15.93258,free_swing,631,478,569,339,-12.362,-155.961,0,265.30,-163.35,0,152.20,0.10,2500,0,0,0
956,15.94927,free_swing,644,479,586,339,-7.365,-157.496,0,321.51,-62.27,0,151.54,0.34,2500,0,0,0
957,15.96595,free_swing,659,481,601,339,-1.538,-157.782,0,354.71,33.58,0,153.39,0.88,2500,0,0,0
958,15.98263,free_swing,674,480,614,340,4.251,-156.801,0,357.36,86.40,0,152.32,0.17,2500,0,0,0
959,15.99932,free_swing,689,478,625,340,10.098,-155.120,0,327.61,86.99,0,152.12,0.04,2500,0,0,0
960,16.016,free_swing,702,475,635,339,15.255,-153.773,0,270.27,48.00,0,151.61,0.29,2500,0,0,0
961,16.03268,free_swing,711,472,645,336,18.925,-154.113,0,194.62,-27.74,0,151.17,0.58,2500,0,0,0
962,16.04937,free_swing,717,470,653,333,21.371,-154.960,0,90.82,-153.59,0,151.21,0.55,2500,0,0,0
963,16.06605,free_swing,719,469,664,328,22.233,-158.691,0,-42.93,-302.73,0,151.35,0.46,2500,0,0,0
964,16.08273,free_swing,714,471,676,324,20.148,-165.506,0,-160.45,-444.08,0,151.83,0.15,2500,0,0,0
965,16.09942,free_swing,705,475,688,324,16.368,-173.577,0,-246.35,-537.77,0,151.95,0.06,2500,0,0,0
966,16.1161,free_swing,695,477,703,325,12.445,176.987,0,-284.17,-601.43,0,152.21,0.10,2500,0,0,0
967,16.13278,free_swing,681,480,718,331,6.934,166.054,0,-329.14,-693.21,0,153.53,0.97,2500,0,0,0
968,16.14947,free_swing,667,481,734,342,1.538,154.265,0,-360.58,-770.50,0,154.30,1.48,2500,0,0,0
969,16.16615,free_swing,650,480,749,362,-5.020,140.004,0,-370.73,-859.87,0,154.03,1.30,2500,0,0,0
970,16.18283,free_swing,635,478,759,389,-10.856,125.669,0,-377.82,-951.24,0,152.63,0.38,2500,0,0,0
971,16.19952,free_swing,619,474,764,425,-17.216,108.672,0,-357.96,-1019.15,0,153.06,0.66,2500,0,0,0
972,16.2162,free_swing,605,469,757,466,-22.946,91.131,0,-327.89,-1070.20,0,152.03,0.02,2500,0,0,0
973,16.23288,free_swing,594,464,734,507,-27.597,72.926,0,-233.11,-1132.54,0,146.45,3.68,2500,0,0,0
974,16.24957,free_swing,587,460,712,552,-30.700,53.647,0,-78.24,-1252.30,0,155.21,2.07,2500,0,0,0
975,16.26625,free_swing,588,461,667,593,-30.174,30.900,0,144.78,-1424.93,1,153.83,1.17,2500,1,0,0
976,16.28293,free_swing,597,466,614,618,-26.222,6.382,0,346.08,-1588.92,1,152.95,0.59,2500,1,0,0
977,16.29962,free_swing,614,474,560,615,-19.038,-20.956,0,396.77,-1571.65,0,150.99,0.70,2500,0,0,0
978,16.3163,free_swing,630,478,519,581,-12.736,-47.141,0,299.04,-1405.44,0,151.43,0.41,2500,0,0,0
979,16.33298,free_swing,638,479,498,538,-9.652,-67.148,0,143.01,-1184.54,1,151.92,0.08,2500,1,0,0
980,16.34967,free_swing,641,480,492,491,-8.455,-85.778,0,22.75,-1046.37,0,149.41,1.74,2500,0,0,0
981,16.36635,free_swing,641,480,494,446,-8.455,-103.023,0,-60.93,-1003.66,0,150.88,0.77,2500,0,0,0
982,16.38303,free_swing,637,479,504,405,-10.030,-119.091,0,-106.71,-956.74,0,152.20,0.10,2500,0,0,0
983,16.39972,free_swing,632,478,524,371,-11.988,-134.734,0,-72.37,-889.30,0,152.03,0.02,2500,0,0,0
984,16.4164,free_swing,631,478,553,348,-12.362,-149.036,0,44.16,-784.04,0,151.60,0.29,2500,0,0,0
985,16.43308,free_swing,636,478,586,336,-10.477,-160.602,0,151.98,-614.29,0,150.55,0.99,2500,0,0,0
986,16.44977,free_swing,645,480,619,330,-6.934,-170.166,0,218.94,-506.84,0,152.24,0.12,2500,0,0,0
987,16.46645,free_swing,654,480,646,329,-3.480,-176.967,0,251.29,-473.38,0,151.21,0.55,2500,0,0,0
988,16.48313,free_swing,666,481,682,330,1.153,173.951,0,275.14,-466.77,0,151.85,0.14,2500,0,0,0
989,16.49982,free_swing,678,480,714,333,5.787,166.239,0,284.88,-482.72,0,151.34,0.47,2500,0,0,0
990,16.5165,free_swing,690,478,745,338,10.477,158.552,0,255.28,-515.22,0,150.42,1.08,2500,0,0,0
991,16.53318,free_swing,700,476,778,346,14.410,149.036,0,221.55,-604.75,0,151.60,0.29,2500,0,0,0
992,16.54987,free_swing,708,473,810,360,17.700,137.929,0,193.78,-673.25,0,152.23,0.11,2500,0,0,0
993,16.56655,free_swing,716,471,838,381,20.872,126.416,0,181.14,-737.75,0,151.60,0.29,2500,0,0,0
994,16.58323,free_swing,723,468,861,407,23.806,113.847,0,166.87,-816.11,0,150.88,0.77,2500,0,0,0
995,16.59992,free_swing,729,465,879,441,26.392,99.090,0,144.58,-894.21,0,151.91,0.10,2500,0,0,0
996,16.6166,free_swing,734,463,884,479,28.457,83.911,0,99.27,-926.82,0,150.85,0.79,2500,0,0,0
997,16.63328,free_swing,737,461,876,516,29.840,68.412,0,34.91,-922.86,0,149.49,1.69,2500,0,0,0
998,16.64997,free_swing,737,462,856,551,29.650,53.207,0,-20.10,-922.58,0,148.60,2.27,2500,0,0,0
999,16.66665,free_swing,735,463,827,581,28.794,37.942,0,-67.37,-906.42,0,149.63,1.60,2500,0,0,0
1000,16.68333,free_swing,732,464,791,603,27.597,22.999,0,-119.07,-854.53,0,151.00,0.69,2500,0,0,0
1001,16.70002,free_swing,726,468,751,617,24.855,9.525,0,-202.76,-748.72,0,151.08,0.64,2500,0,0,0
1002,16.7167,free_swing,716,472,711,624,20.735,-1.884,0,-299.71,-614.09,0,152.08,0.02,2500,0,0,0
1003,16.73338,free_swing,702,477,673,626,15.054,-11.014,0,-360.46,-505.33,0,151.80,0.17,2500,0,0,0
1004,16.75007,free_swing,685,480,637,624,8.455,-18.435,0,-404.65,-406.56,0,151.79,0.17,2500,0,0,0
1005,16.76675,free_swing,668,481,603,620,1.922,-25.062,0,-432.30,-326.72,0,153.45,0.92,2500,0,0,0
1006,16.78343,free_swing,648,481,573,614,-5.749,-29.419,0,-447.59,-260.01,0,152.69,0.42,2500,0,0,0
1007,16.80012,free_swing,629,478,545,604,-13.109,-33.690,0,-432.29,-227.92,0,151.43,0.41,2500,0,0,0
1008,16.8168,free_swing,612,473,520,593,-19.885,-37.476,0,-377.77,-240.00,0,151.21,0.56,2500,0,0,0
1009,16.83348,free_swing,599,467,497,580,-25.364,-42.071,0,-280.23,-323.93,0,152.23,0.11,2500,0,0,0
1010,16.85017,free_swing,590,462,477,564,-29.316,-47.929,0,-128.14,-470.69,0,152.23,0.11,2500,0,0,0
1011,16.86685,free_swing,588,462,460,543,-29.982,-57.674,0,15.95,-592.29,0,151.48,0.38,2500,0,0,0
1012,16.88353,free_swing,592,463,450,520,-28.457,-68.129,0,90.15,-636.33,0,153.01,0.63,2500,0,0,0
1013,16.90022,free_swing,595,466,446,497,-26.906,-78.247,0,112.28,-589.72,0,152.19,0.09,2500,0,0,0
1014,16.9169,free_swing,599,467,447,473,-25.364,-87.739,0,128.71,-534.73,0,152.12,0.04,2500,0,0,0
1015,16.93358,free_swing,606,470,453,454,-22.443,-95.970,0,166.46,-482.39,0,153.83,1.17,2500,0,0,0
1016,16.95027,free_swing,613,472,464,436,-19.654,-103.583,0,199.61,-417.42,0,153.29,0.81,2500,0,0,0
1017,16.96695,free_swing,622,475,478,422,-15.998,-110.206,0,222.19,-356.68,0,153.44,0.91,2500,0,0,0
1018,16.98363,free_swing,632,478,493,413,-11.988,-115.062,0,266.84,-269.79,0,153.45,0.92,2500,0,0,0
1019,17.00032,free_swing,644,480,510,405,-7.316,-119.236,0,317.36,-160.05,0,153.56,0.99,2500,0,0,0
1020,17.017,free_swing,659,481,526,402,-1.538,-120.710,0,351.43,-44.83,0,154.69,1.74,2500,0,0,0
1021,17.03368,free_swing,675,480,542,402,4.635,-120.390,0,356.17,55.95,0,154.18,1.40,2500,0,0,0
1022,17.05037,free_swing,689,478,555,404,10.098,-118.909,0,336.57,131.03,0,153.08,0.67,2500,0,0,0
1023,17.06705,free_swing,703,475,566,407,15.627,-116.398,0,310.65,193.18,0,152.95,0.59,2500,0,0,0
1024,17.08373,free_swing,715,471,574,413,20.511,-112.360,0,275.74,255.95,0,152.46,0.27,2500,0,0,0
1025,17.10042,free_swing,725,468,580,420,24.507,-108.316,0,193.30,255.63,0,152.74,0.45,2500,0,0,0
1026,17.1171,free_swing,731,465,582,429,27.080,-103.583,0,75.33,206.17,0,153.29,0.81,2500,0,0,0
1027,17.13378,free_swing,731,465,581,435,27.080,-101.310,0,-43.88,165.35,0,152.97,0.60,2500,0,0,0
1028,17.15047,free_swing,727,467,576,444,25.364,-98.661,0,-136.34,149.93,0,152.74,0.45,2500,0,0,0
1029,17.16715,free_swing,721,470,568,455,22.797,-95.599,0,-188.40,194.72,0,153.73,1.11,2500,0,0,0
1030,17.18383,free_swing,712,473,559,467,19.163,-92.246,0,-226.38,244.28,0,153.12,0.70,2500,0,0,0
1031,17.20052,free_swing,702,476,549,483,15.154,-87.380,0,-267.49,314.77,0,153.16,0.73,2500,0,0,0
1032,17.2172,free_swing,690,479,537,502,10.408,-81.451,0,-311.40,401.87,0,154.72,1.75,2500,0,0,0
1033,17.23388,free_swing,675,480,526,523,4.635,-73.902,0,-371.91,517.50,0,155.08,1.99,2500,0,0,0
1034,17.25057,free_swing,658,481,519,548,-1.922,-64.265,0,-422.67,658.98,0,154.30,1.48,2500,0,0,0
1035,17.26725,free_swing,638,479,518,574,-9.652,-51.633,0,-492.85,843.14,0,153.05,0.66,2500,0,0,0
1036,17.28393,free_swing,617,475,526,596,-17.832,-36.946,0,-550.80,988.92,0,151.40,0.43,2500,0,0,0
1037,17.30062,free_swing,593,465,544,607,-27.759,-19.038,0,-534.08,986.20,0,150.22,1.21,2500,0,0,0
1038,17.3173,free_swing,575,453,566,603,-36.027,-3.434,0,-436.78,846.79,0,150.27,1.17,2500,0,0,0
1039,17.33398,free_swing,564,443,586,593,-41.730,8.344,0,-289.81,665.28,0,151.60,0.29,2500,0,0,0
1040,17.35067,free_swing,556,437,604,582,-45.541,18.316,0,-161.39,546.27,0,152.74,0.45,2500,0,0,0
1041,17.36735,free_swing,552,434,622,571,-47.420,27.065,0,-62.58,451.44,0,153.85,1.18,2500,0,0,0
1042,17.38403,free_swing,552,434,638,563,-47.420,33.690,0,24.24,368.21,0,155.04,1.96,2500,0,0,0
1043,17.40072,free_swing,554,435,652,556,-46.621,39.005,0,116.02,316.53,0,155.71,2.40,2500,0,0,0
1044,17.4174,free_swing,559,440,668,552,-43.919,44.222,0,214.19,271.50,0,156.28,2.78,2500,0,0,0
1045,17.43408,free_swing,568,448,685,552,-39.316,48.366,0,302.06,194.79,0,156.54,2.95,2500,0,0,0
1046,17.45077,free_swing,580,456,700,555,-33.797,50.477,0,356.38,84.51,0,155.57,2.31,2500,0,0,0
1047,17.46745,free_swing,594,464,715,562,-27.597,50.995,0,400.66,-27.75,0,155.71,2.40,2500,0,0,0
1048,17.48413,free_swing,611,471,728,571,-20.511,49.479,0,451.15,-157.22,0,153.91,1.22,2500,0,0,0
1049,17.50082,free_swing,631,476,740,582,-12.529,45.799,0,495.07,-307.64,0,152.04,0.01,2500,0,0,0
1050,17.5175,free_swing,653,480,748,597,-3.865,39.075,0,546.42,-484.07,0,150.71,0.88,2500,0,0,0
1051,17.53418,free_swing,677,481,752,611,5.368,29.982,0,597.28,-658.07,0,150.08,1.30,2500,0,0,0
1052,17.55087,free_swing,704,476,750,619,15.893,17.832,0,624.47,-735.18,0,150.22,1.21,2500,0,0,0
1053,17.56755,free_swing,729,467,743,615,26.053,5.404,0,572.84,-649.76,0,148.66,2.23,2500,0,0,0
1054,17.58423,free_swing,749,455,739,605,34.961,-3.814,0,449.24,-455.00,0,150.33,1.13,2500,0,0,0
1055,17.60092,free_swing,761,445,737,594,40.934,-9.150,0,316.66,-282.24,0,150.92,0.74,2500,0,0,0
1056,17.6176,free_swing,769,437,735,584,45.272,-13.023,0,221.08,-171.95,0,150.88,0.77,2500,0,0,0
1057,17.63428,free_swing,775,432,735,577,48.240,-15.422,0,139.82,-91.71,0,150.42,1.08,2500,0,0,0
1058,17.65097,free_swing,778,428,736,575,50.145,-15.945,0,22.17,12.60,0,152.88,0.55,2500,0,0,0
1059,17.66765,free_swing,777,430,737,577,49.316,-15.222,0,-90.73,102.88,0,152.35,0.19,2500,0,0,0
1060,17.68433,free_swing,772,435,739,584,46.621,-12.488,0,-174.18,164.51,0,152.61,0.37,2500,0,0,0
1061,17.70102,free_swing,766,440,741,591,43.643,-9.401,0,-223.67,223.63,0,153.06,0.66,2500,0,0,0
1062,17.7177,free_swing,758,448,744,601,39.316,-5.228,0,-307.94,324.35,0,153.64,1.04,2500,0,0,0
1063,17.73438,free_swing,746,457,749,609,33.584,1.131,0,-403.80,459.13,0,152.03,0.02,2500,0,0,0
1064,17.75107,free_swing,728,467,755,616,25.710,10.271,0,-468.25,570.31,0,151.43,0.41,2500,0,0,0
1065,17.76775,free_swing,709,474,760,615,17.949,19.885,0,-491.91,592.82,0,149.94,1.39,2500,0,0,0
1066,17.78443,free_swing,688,479,762,608,9.652,29.840,0,-492.03,549.82,0,148.72,2.19,2500,0,0,0
1067,17.80112,free_swing,667,480,758,597,1.548,37.875,0,-492.83,460.86,0,148.22,2.52,2500,0,0,0
1068,17.8178,free_swing,646,479,751,584,-6.597,45.000,0,-464.29,341.03,0,148.49,2.34,2500,0,0,0
1069,17.83448,free_swing,627,476,742,575,-14.036,49.276,0,-418.83,205.48,0,151.74,0.20,2500,0,0,0
1070,17.85117,free_swing,611,472,730,566,-20.376,51.694,0,-356.99,53.21,0,151.65,0.27,2500,0,0,0
1071,17.86785,free_swing,598,466,718,562,-25.877,51.340,0,-294.89,-66.09,0,153.67,1.07,2500,0,0,0
1072,17.88453,free_swing,588,461,704,561,-30.174,49.236,0,-228.77,-164.29,0,153.15,0.72,2500,0,0,0
1073,17.90122,free_swing,581,457,692,564,-33.265,46.051,0,-128.20,-237.51,0,154.18,1.40,2500,0,0,0
1074,17.9179,free_swing,578,455,680,571,-34.647,41.326,0,2.70,-331.17,0,154.47,1.59,2500,0,0,0
1075,17.93458,free_swing,581,457,669,582,-33.265,35.146,0,122.59,-424.36,0,152.87,0.54,2500,0,0,0
1076,17.95127,free_swing,588,461,657,597,-30.174,26.901,0,215.22,-518.89,0,152.50,0.30,2500,0,0,0
1077,17.96795,free_swing,597,465,644,611,-26.392,17.844,0,283.14,-623.87,0,153.38,0.87,2500,0,0,0
1078,17.98463,free_swing,610,471,627,623,-20.872,6.382,0,367.73,-747.15,0,152.95,0.59,2500,0,0,0
1079,18.00132,free_swing,626,477,608,627,-14.315,-6.843,0,426.79,-830.97,0,151.08,0.64,2500,0,0,0
1080,18.018,free_swing,646,481,591,621,-6.509,-21.448,0,444.65,-840.18,0,150.42,1.08,2500,0,0,0
1081,18.03468,free_swing,664,481,579,605,0.385,-34.430,0,433.51,-771.44,0,150.34,1.13,2500,0,0,0
1082,18.05137,free_swing,683,480,574,582,7.696,-46.900,0,420.83,-665.67,0,149.28,1.82,2500,0,0,0
1083,18.06805,free_swing,700,476,574,559,14.410,-56.626,0,410.33,-540.93,0,150.88,0.77,2500,0,0,0
1084,18.08473,free_swing,717,471,578,536,21.231,-64.938,0,361.56,-419.42,0,153.45,0.92,2500,0,0,0
1085,18.10142,free_swing,730,465,585,516,26.737,-70.622,0,304.55,-326.25,0,153.71,1.09,2500,0,0,0
1086,18.1181,free_swing,740,460,593,497,31.030,-75.872,0,243.35,-251.54,0,151.58,0.31,2500,0,0,0
1087,18.13478,free_swing,748,454,598,482,34.866,-79.426,0,197.04,-217.97,0,152.59,0.35,2500,0,0,0
1088,18.15147,free_swing,754,450,603,469,37.639,-82.828,0,142.05,-188.47,0,152.19,0.09,2500,0,0,0
1089,18.16815,free_swing,758,448,605,458,39.316,-86.260,0,40.18,-197.57,0,153.33,0.84,2500,0,0,0
1090,18.18483,free_swing,758,448,604,450,39.316,-89.256,0,-81.06,-221.14,0,154.01,1.29,2500,0,0,0
1091,18.20152,free_swing,752,452,600,443,36.563,-93.389,0,-184.27,-242.37,0,152.27,0.14,2500,0,0,0
1092,18.2182,free_swing,744,457,594,437,32.943,-97.595,0,-242.03,-231.84,0,151.33,0.48,2500,0,0,0
1093,18.23488,free_swing,735,463,585,434,28.794,-100.942,0,-273.22,-173.85,0,152.78,0.48,2500,0,0,0
1094,18.25157,free_swing,724,469,575,434,24.001,-103.219,0,-307.96,-108.98,0,153.06,0.66,2500,0,0,0
1095,18.26825,free_swing,710,473,562,435,18.435,-104.400,0,-337.53,-30.51,0,152.80,0.49,2500,0,0,0
1096,18.28493,free_swing,696,478,548,440,12.736,-104.400,0,-359.52,49.57,0,152.80,0.49,2500,0,0,0
1097,18.30162,free_swing,680,480,530,447,6.553,-102.407,0,-381.51,157.53,0,153.59,1.01,2500,0,0,0
1098,18.3183,free_swing,663,481,511,456,0.000,-99.340,0,-399.27,263.16,0,154.04,1.31,2500,0,0,0
1099,18.33498,free_swing,645,480,491,471,-6.934,-93.345,0,-427.06,392.09,0,154.26,1.45,2500,0,0,0
1100,18.35167,free_swing,627,477,472,487,-13.943,-86.309,0,-450.04,535.14,0,155.32,2.15,2500,0,0,0
1101,18.36835,free_swing,607,470,458,508,-22.087,-75.693,0,-473.14,680.91,0,153.77,1.13,2500,0,0,0
1102,18.38503,free_swing,589,462,452,530,-29.650,-63.602,0,-494.40,827.96,0,152.95,0.59,2500,0,0,0
1103,18.40172,free_swing,571,451,456,550,-37.708,-49.276,0,-442.30,836.09,0,151.74,0.20,2500,0,0,0
1104,18.4184,free_swing,557,439,469,563,-44.731,-35.362,0,-284.42,670.82,0,152.05,0.00,2500,0,0,0
1105,18.43508,free_swing,552,434,484,569,-47.420,-26.735,0,-66.58,412.44,1,151.16,0.59,2500,1,0,0
1106,18.45177,free_swing,554,436,496,576,-46.345,-22.504,0,97.87,224.03,0,151.54,0.34,2500,0,0,0
1107,18.46845,free_swing,558,440,508,583,-44.193,-19.272,0,176.88,138.28,0,151.49,0.37,2500,0,0,0
1108,18.48513,free_swing,565,445,520,591,-40.934,-17.130,0,236.51,75.82,0,152.78,0.48,2500,0,0,0
1109,18.50182,free_swing,574,453,530,598,-36.336,-16.880,0,313.89,-17.07,0,151.53,0.34,2500,0,0,0
1110,18.5185,free_swing,587,461,541,606,-30.504,-17.601,0,380.99,-97.09,0,152.12,0.05,2500,0,0,0
1111,18.53518,free_swing,603,469,551,612,-23.651,-19.983,0,429.61,-156.54,0,152.16,0.07,2500,0,0,0
1112,18.55187,free_swing,621,476,563,615,-16.260,-22.649,0,462.12,-175.89,0,150.62,0.95,2500,0,0,0
1113,18.56855,free_swing,641,481,576,616,-8.399,-25.710,0,475.67,-147.53,0,149.83,1.46,2500,0,0,0
1114,18.58523,free_swing,662,482,593,615,-0.382,-27.420,0,476.75,-89.23,0,149.83,1.46,2500,0,0,0
1115,18.60192,free_swing,682,480,611,612,7.316,-28.275,0,461.00,8.13,0,149.88,1.43,2500,0,0,0
1116,18.6186,free_swing,701,476,632,610,14.783,-27.245,0,415.90,135.01,0,150.72,0.88,2500,0,0,0
1117,18.63528,free_swing,717,471,656,610,21.231,-23.694,0,335.50,284.48,0,151.80,0.17,2500,0,0,0
1118,18.65197,free_swing,728,466,682,611,25.877,-17.601,0,234.54,423.72,0,152.12,0.05,2500,0,0,0
1119,18.66865,free_swing,735,463,710,612,28.794,-9.525,0,125.60,554.76,0,151.08,0.64,2500,0,0,0
1120,18.68533,free_swing,738,461,740,613,30.174,0.754,0,10.09,692.16,0,152.01,0.03,2500,0,0,0
1121,18.70202,free_swing,736,462,771,609,29.316,13.392,0,-100.54,827.39,0,151.11,0.62,2500,0,0,0
1122,18.7187,free_swing,730,465,801,598,26.737,28.095,0,-183.70,904.30,0,150.76,0.85,2500,0,0,0
1123,18.73538,free_swing,722,469,825,577,23.299,43.643,0,-229.74,915.91,0,149.24,1.85,2500,0,0,0
1124,18.75207,free_swing,712,472,840,551,19.290,58.318,0,-254.18,888.31,0,150.42,1.08,2500,0,0,0
1125,18.76875,free_swing,701,475,846,520,14.882,72.759,0,-264.76,828.09,0,151.82,0.15,2500,0,0,0
1126,18.78543,free_swing,690,478,842,488,10.477,86.236,0,-261.03,745.16,0,152.33,0.18,2500,0,0,0
1127,18.80212,free_swing,679,480,831,460,6.170,97.496,0,-256.89,646.21,0,153.31,0.83,2500,0,0,0
1128,18.8188,free_swing,668,481,814,435,1.922,107.488,0,-264.97,557.87,0,153.08,0.67,2500,0,0,0
1129,18.83548,free_swing,656,481,794,413,-2.690,116.232,0,-288.17,468.56,0,153.84,1.18,2500,0,0,0
1130,18.85217,free_swing,643,480,771,396,-7.696,123.275,0,-319.19,361.87,0,153.10,0.69,2500,0,0,0
1131,18.86885,free_swing,629,477,749,382,-13.196,128.367,0,-332.83,269.34,0,153.05,0.66,2500,0,0,0
1132,18.88553,free_swing,615,473,728,370,-18.800,132.349,0,-315.90,229.95,0,152.90,0.56,2500,0,0,0
1133,18.90222,free_swing,603,469,709,359,-23.651,136.061,0,-270.67,213.84,0,152.76,0.47,2500,0,0,0
1134,18.9189,free_swing,594,464,691,347,-27.597,140.339,0,-207.02,279.43,0,151.98,0.05,2500,0,0,0
1135,18.93558,free_swing,587,461,676,336,-30.504,144.549,0,-134.63,343.75,0,153.45,0.92,2500,0,0,0
1136,18.95227,free_swing,584,459,654,323,-31.884,152.765,0,-25.58,440.43,0,152.96,0.60,2500,0,0,0
1137,18.96895,free_swing,585,459,638,317,-31.557,159.532,0,106.19,583.95,0,151.57,0.32,2500,0,0,0
1138,18.98563,free_swing,592,463,616,313,-28.457,170.910,0,214.36,709.44,0,151.91,0.10,2500,0,0,0
1139,19.00232,free_swing,602,468,590,316,-24.158,-175.486,0,277.75,832.77,0,152.47,0.28,2500,0,0,0
1140,19.019,free_swing,613,473,565,328,-19.525,-161.684,0,304.59,889.22,0,152.74,0.45,2500,0,0,0
1141,19.03568,free_swing,626,477,541,349,-14.315,-146.413,0,313.54,957.30,0,153.65,1.05,2500,0,0,0
1142,19.05237,free_swing,640,479,521,381,-8.893,-129.472,0,316.06,1010.25,0,154.16,1.39,2500,0,0,0
1143,19.06905,free_swing,652,481,512,424,-4.222,-112.153,0,270.75,1081.36,0,151.16,0.59,2500,0,0,0
1144,19.08573,free_swing,664,482,514,471,0.382,-94.194,0,215.58,1166.58,0,150.40,1.09,2500,0,0,0
1145,19.10242,free_swing,670,481,526,526,2.690,-72.646,0,151.69,1302.08,0,150.87,0.78,2500,0,0,0
1146,19.1191,free_swing,676,481,559,577,4.986,-50.631,0,46.29,1447.35,0,151.34,0.47,2500,0,0,0
1147,19.13578,free_swing,676,481,612,618,4.986,-25.040,0,-88.19,1584.07,0,151.21,0.55,2500,0,0,0
1148,19.15247,free_swing,669,481,674,632,2.306,1.897,0,-176.65,1646.36,0,151.08,0.64,2500,0,0,0
1149,19.16915,free_swing,660,481,734,612,-1.153,29.461,0,-122.50,1491.99,0,150.46,1.05,2500,0,0,0
1150,19.18583,free_swing,659,481,778,572,-1.538,52.595,0,29.81,1291.25,1,149.81,1.48,2500,1,0,0
1151,19.20252,free_swing,664,480,808,530,0.387,70.852,0,182.71,1111.36,0,152.43,0.25,2500,0,0,0
1152,19.2192,free_swing,674,480,824,480,4.251,90.000,0,274.30,1010.44,0,150.00,1.35,2500,0,0,0
1153,19.23588,free_swing,687,479,833,438,9.273,105.686,0,304.21,943.36,0,151.65,0.27,2500,0,0,0
1154,19.25257,free_swing,700,476,830,400,14.410,120.311,0,285.48,840.59,0,150.59,0.96,2500,0,0,0
1155,19.26925,free_swing,710,473,818,367,18.435,134.465,0,238.01,773.51,0,151.33,0.48,2500,0,0,0
1156,19.28593,free_swing,719,470,804,344,22.087,145.996,0,170.34,673.48,0,151.99,0.04,2500,0,0,0
1157,19.30262,free_swing,724,467,784,328,24.316,156.652,0,91.39,572.20,0,151.40,0.43,2500,0,0,0
1158,19.3193,free_swing,725,466,764,319,24.829,165.141,0,-15.67,453.82,0,152.09,0.02,2500,0,0,0
1159,19.33598,free_swing,723,467,744,317,23.962,172.030,0,-117.37,326.25,0,151.46,0.39,2500,0,0,0
1160,19.35267,free_swing,716,470,727,318,21.010,175.861,0,-201.77,214.47,0,152.40,0.23,2500,0,0,0
1161,19.36935,free_swing,707,474,709,321,17.216,179.251,0,-245.39,134.90,0,153.01,0.63,2500,0,0,0
1162,19.38603,free_swing,696,477,694,324,12.821,-179.251,0,-274.52,91.52,0,153.01,0.63,2500,0,0,0
1163,19.40272,free_swing,685,479,679,326,8.512,-177.754,0,-295.22,62.93,0,153.12,0.70,2500,0,0,0
1164,19.4194,free_swing,671,481,662,328,3.073,-176.634,0,-281.19,95.73,0,153.26,0.80,2500,0,0,0
1165,19.43608,free_swing,660,480,646,329,-1.161,-174.703,0,-235.54,164.53,0,151.65,0.27,2500,0,0,0
1166,19.45277,free_swing,652,480,628,331,-4.251,-170.850,0,-159.94,274.65,0,150.92,0.74,2500,0,0,0
1167,19.46945,free_swing,646,480,608,334,-6.553,-165.411,0,-98.81,383.09,0,150.86,0.78,2500,0,0,0
1168,19.48613,free_swing,644,479,587,339,-7.365,-157.847,0,-2.77,515.58,0,151.16,0.59,2500,0,0,0
1169,19.50282,free_swing,645,480,566,351,-6.934,-148.517,0,110.63,661.41,0,151.27,0.52,2500,0,0,0
1170,19.5195,free_swing,653,481,547,372,-3.840,-135.799,0,188.06,788.08,0,152.04,0.01,2500,0,0,0
1171,19.53618,free_swing,662,481,532,400,-0.385,-121.926,0,207.67,890.74,0,153.17,0.73,2500,0,0,0
1172,19.55287,free_swing,670,481,523,437,2.690,-106.663,0,179.76,946.55,0,153.44,0.91,2500,0,0,0
1173,19.56955,free_swing,677,480,525,480,5.404,-90.000,0,149.16,1017.48,0,152.00,0.03,2500,0,0,0
1174,19.58623,free_swing,683,479,539,523,7.748,-73.009,0,119.56,1078.41,0,150.57,0.97,2500,0,0,0
1175,19.60292,free_swing,687,479,566,567,9.273,-53.973,0,75.20,1157.17,0,149.62,1.60,2500,0,0,0
1176,19.6196,free_swing,690,479,604,604,10.408,-34.528,0,36.47,1214.73,0,151.73,0.21,2500,0,0,0
1177,19.63628,free_swing,690,478,655,626,10.477,-13.305,0,10.20,1276.84,0,152.08,0.02,2500,0,0,0
1178,19.65297,free_swing,691,479,710,628,10.784,7.267,0,3.41,1289.98,0,150.21,1.21,2500,0,0,0
1179,19.66965,free_swing,691,478,766,610,10.856,29.604,0,26.91,1183.07,0,151.82,0.15,2500,0,0,0
1180,19.68633,free_swing,693,478,802,577,11.611,47.752,0,67.91,1058.98,0,147.25,3.16,2500,0,0,0
1181,19.70302,free_swing,697,476,832,544,13.285,63.265,0,137.34,927.88,0,151.16,0.59,2500,0,0,0
1182,19.7197,free_swing,704,475,853,503,15.998,79.357,0,197.36,867.13,0,151.61,0.29,2500,0,0,0
1183,19.73638,free_swing,713,471,864,464,19.784,92.654,0,216.01,793.30,0,151.16,0.59,2500,0,0,0
1184,19.75307,free_swing,722,469,868,429,23.299,105.322,0,197.69,715.50,0,151.38,0.44,2500,0,0,0
1185,19.76975,free_swing,728,466,863,398,25.877,116.735,0,137.75,665.96,0,151.16,0.59,2500,0,0,0
1186,19.78643,free_swing,733,464,853,372,27.937,127.476,0,57.67,592.59,0,151.21,0.56,2500,0,0,0
1187,19.80312,free_swing,733,464,838,353,27.937,136.591,0,-27.63,505.44,0,152.79,0.49,2500,0,0,0
1188,19.8198,free_swing,730,465,819,341,26.737,144.331,0,-103.19,424.71,0,152.63,0.38,2500,0,0,0
1189,19.83648,free_swing,725,467,800,334,24.667,150.581,0,-149.24,356.14,0,152.69,0.42,2500,0,0,0
1190,19.85317,free_swing,718,470,780,329,21.730,156.264,0,-198.97,287.30,0,154.03,1.30,2500,0,0,0
1191,19.86985,free_swing,709,473,761,329,18.068,160.145,0,-260.42,186.42,0,153.10,0.69,2500,0,0,0
1192,19.88653,free_swing,697,477,743,330,13.196,162.624,0,-316.96,78.07,0,154.03,1.30,2500,0,0,0
1193,19.90322,free_swing,682,480,728,333,7.316,162.624,0,-367.98,-12.60,0,154.03,1.30,2500,0,0,0
1194,19.9199,free_swing,666,481,713,335,1.153,162.156,0,-399.68,-94.00,0,153.38,0.87,2500,0,0,0
1195,19.93658,free_swing,648,480,700,336,-5.787,160.145,0,-404.53,-135.06,0,153.10,0.69,2500,0,0,0
1196,19.95327,free_swing,631,478,690,336,-12.362,157.437,0,-369.03,-143.83,0,153.77,1.13,2500,0,0,0
1197,19.96995,free_swing,617,474,680,334,-17.949,155.772,0,-303.74,-79.14,0,153.52,0.97,2500,0,0,0
1198,19.98663,free_swing,607,470,671,332,-22.087,155.120,0,-213.93,41.86,0,152.12,0.04,2500,0,0,0
1199,20.00332,free_swing,600,467,659,327,-25.017,157.148,0,-74.60,204.89,0,151.92,0.08,2500,0,0,0
1200,20.02,free_swing,600,467,647,322,-25.017,162.041,0,78.16,380.81,0,152.43,0.25,2500,0,0,0
1201,20.03668,free_swing,607,470,634,320,-22.087,169.796,0,192.81,509.34,0,152.41,0.24,2500,0,0,0
1202,20.05337,free_swing,616,473,618,321,-18.435,179.246,0,261.40,615.22,0,152.01,0.03,2500,0,0,0
1203,20.07005,free_swing,627,476,601,326,-14.036,-170.166,0,306.33,700.32,0,152.24,0.12,2500,0,0,0
1204,20.08673,free_swing,642,479,583,338,-8.130,-157.294,0,351.19,793.50,0,152.85,0.52,2500,0,0,0
1205,20.10342,free_swing,657,481,566,357,-2.306,-143.726,0,369.23,868.08,0,153.81,1.15,2500,0,0,0
1206,20.1201,free_swing,673,480,553,385,3.865,-128.367,0,354.57,930.19,0,153.05,0.66,2500,0,0,0
1207,20.13678,free_swing,688,479,546,420,9.652,-112.563,0,338.61,1007.26,0,153.77,1.13,2500,0,0,0
1208,20.15347,free_swing,701,476,550,463,14.783,-94.921,0,302.82,1103.04,0,151.56,0.32,2500,0,0,0
1209,20.17015,free_swing,713,473,567,510,19.525,-75.779,0,230.17,1194.52,0,150.62,0.95,2500,0,0,0
1210,20.18683,free_swing,720,470,596,558,22.443,-54.638,0,95.86,1274.66,0,152.05,0.00,2500,0,0,0
1211,20.20352,free_swing,720,470,637,598,22.443,-32.961,0,-128.04,1453.66,1,152.55,0.33,2500,1,0,0
1212,20.2202,free_swing,712,474,691,624,19.038,-7.970,0,-307.62,1620.53,0,151.46,0.39,2500,0,0,0
1213,20.23688,free_swing,694,478,749,617,11.988,21.588,0,-355.91,1619.52,0,149.49,1.69,2500,0,0,0
1214,20.25357,free_swing,682,480,791,582,7.316,46.900,0,-239.17,1428.28,0,149.28,1.82,2500,0,0,0
1215,20.27025,free_swing,675,479,816,537,4.667,67.640,0,-54.06,1200.88,1,152.46,0.27,2500,1,0,0
1216,20.28693,free_swing,677,480,828,488,5.404,86.967,0,76.54,1093.52,0,151.21,0.55,2500,0,0,0
1217,20.30362,free_swing,682,480,827,442,7.316,104.685,0,153.19,1028.21,0,149.90,1.42,2500,0,0,0
1218,20.3203,free_swing,689,478,819,399,10.098,121.287,0,171.17,966.34,0,152.12,0.05,2500,0,0,0
1219,20.33698,free_swing,696,477,800,366,12.821,136.865,0,161.17,914.92,0,152.11,0.04,2500,0,0,0
1220,20.35367,free_swing,702,475,774,341,15.255,151.750,0,111.02,851.54,0,152.12,0.04,2500,0,0,0
1221,20.37035,free_swing,705,474,744,327,16.477,165.141,0,31.10,734.23,0,152.09,0.02,2500,0,0,0
1222,20.38703,free_swing,704,474,713,323,16.105,176.589,0,-77.06,615.78,0,151.27,0.52,2500,0,0,0
1223,20.40372,free_swing,699,476,686,326,14.036,-175.047,0,-183.57,460.65,0,150.56,0.98,2500,0,0,0
1224,20.4204,free_swing,689,478,655,330,10.098,-167.062,0,-257.09,356.08,0,151.86,0.13,2500,0,0,0
1225,20.43708,free_swing,677,480,633,335,5.404,-163.120,0,-289.49,332.18,0,151.53,0.34,2500,0,0,0
1226,20.45377,free_swing,665,481,605,343,0.769,-156.501,0,-283.59,367.90,0,150.48,1.03,2500,0,0,0
1227,20.47045,free_swing,653,480,577,351,-3.865,-149.496,0,-245.43,478.83,0,149.72,1.53,2500,0,0,0
1228,20.48713,free_swing,643,480,549,363,-7.696,-141.221,0,-205.41,552.22,0,150.08,1.30,2500,0,0,0
1229,20.50382,free_swing,636,479,521,380,-10.408,-130.724,0,-177.17,648.86,0,151.74,0.20,2500,0,0,0
1230,20.5205,free_swing,628,478,496,403,-13.481,-119.604,0,-155.31,726.20,0,151.82,0.15,2500,0,0,0
1231,20.53718,free_swing,622,475,476,431,-15.998,-106.771,0,-130.36,777.24,0,152.49,0.29,2500,0,0,0
1232,20.55387,free_swing,618,474,465,465,-17.583,-93.366,0,-96.31,832.39,0,153.26,0.80,2500,0,0,0
1233,20.57055,free_swing,614,474,465,502,-19.038,-79.357,0,-62.69,882.91,0,151.61,0.29,2500,0,0,0
1234,20.58723,free_swing,612,473,476,539,-19.885,-64.113,0,-17.00,917.25,0,151.17,0.58,2500,0,0,0
1235,20.60392,free_swing,613,473,500,573,-19.525,-48.493,0,46.91,920.32,0,150.89,0.76,2500,0,0,0
1236,20.6206,free_swing,616,474,532,600,-18.314,-33.690,0,90.64,902.68,0,151.43,0.41,2500,0,0,0
1237,20.63728,free_swing,621,476,572,619,-16.260,-18.914,0,137.87,850.85,0,151.16,0.59,2500,0,0,0
1238,20.65397,free_swing,627,477,614,628,-13.943,-4.921,0,198.98,765.97,0,151.56,0.32,2500,0,0,0
1239,20.67065,free_swing,638,479,655,630,-9.652,6.423,0,273.72,648.56,0,151.95,0.06,2500,0,0,0
1240,20.68733,free_swing,651,480,694,626,-4.635,16.411,0,343.76,531.18,0,152.20,0.10,2500,0,0,0
1241,20.70402,free_swing,667,481,730,619,1.538,24.538,0,383.40,438.16,0,151.70,0.23,2500,0,0,0
1242,20.7207,free_swing,684,479,762,609,8.130,30.964,0,401.57,357.74,0,151.60,0.29,2500,0,0,0
1243,20.73738,free_swing,701,476,791,597,14.783,36.642,0,386.07,318.12,0,150.80,0.82,2500,0,0,0
1244,20.75407,free_swing,716,471,816,583,20.872,41.760,0,350.71,309.12,0,150.15,1.25,2500,0,0,0
1245,20.77075,free_swing,729,466,838,567,26.222,47.182,0,283.86,334.89,0,148.60,2.27,2500,0,0,0
1246,20.78743,free_swing,738,460,859,551,30.368,53.054,0,188.32,403.42,0,151.40,0.43,2500,0,0,0
1247,20.80412,free_swing,743,458,874,532,32.412,60.539,0,63.14,493.66,0,150.46,1.05,2500,0,0,0
1248,20.8208,free_swing,743,457,885,510,32.619,69.532,0,-43.92,568.89,0,151.57,0.32,2500,0,0,0
1249,20.83748,free_swing,739,459,888,487,30.897,79.357,0,-109.17,579.60,0,151.61,0.29,2500,0,0,0
1250,20.85417,free_swing,735,462,887,465,28.980,88.869,0,-145.84,544.61,0,152.03,0.02,2500,0,0,0
1251,20.87085,free_swing,729,465,880,446,26.392,97.172,0,-162.89,482.95,0,152.19,0.09,2500,0,0,0
1252,20.88753,free_swing,722,469,869,430,23.299,104.859,0,-195.93,411.73,0,152.09,0.02,2500,0,0,0
1253,20.90422,free_swing,714,472,857,417,20.016,111.038,0,-228.10,340.85,0,153.21,0.76,2500,0,0,0
1254,20.9209,free_swing,703,475,841,408,15.627,115.897,0,-273.59,250.45,0,153.40,0.89,2500,0,0,0
1255,20.93758,free_swing,691,478,825,402,10.856,119.560,0,-321.56,159.26,0,154.05,1.31,2500,0,0,0
1256,20.95427,free_swing,676,480,809,400,5.020,121.027,0,-359.73,40.33,0,155.21,2.07,2500,0,0,0
1257,20.97095,free_swing,660,481,793,401,-1.153,121.027,0,-384.20,-80.98,0,155.21,2.07,2500,0,0,0
1258,20.98763,free_swing,643,480,780,406,-7.696,118.376,0,-388.64,-183.09,0,155.71,2.40,2500,0,0,0
1259,21.00432,free_swing,627,477,768,412,-13.943,114.749,0,-370.82,-270.32,0,155.26,2.11,2500,0,0,0
1260,21.021,free_swing,612,472,757,420,-20.016,109.729,0,-330.49,-338.29,0,154.04,1.31,2500,0,0,0
1261,21.03768,free_swing,600,468,749,432,-24.855,103.583,0,-272.39,-391.86,0,153.29,0.81,2500,0,0,0
1262,21.05437,free_swing,591,463,743,445,-28.794,96.754,0,-181.66,-393.10,0,153.06,0.66,2500,0,0,0
1263,21.07105,free_swing,586,460,739,459,-31.030,90.374,0,-55.75,-362.88,0,153.00,0.63,2500,0,0,0
1264,21.08773,free_swing,586,461,740,475,-30.833,84.806,0,68.31,-330.95,0,154.64,1.70,2500,0,0,0
1265,21.10442,free_swing,592,463,743,492,-28.457,79.129,0,153.89,-352.40,0,153.76,1.12,2500,0,0,0
1266,21.1211,free_swing,598,467,746,512,-25.710,73.088,0,211.84,-409.24,0,154.69,1.73,2500,0,0,0
1267,21.13778,free_swing,608,470,748,535,-21.730,65.095,0,276.30,-501.97,0,154.35,1.51,2500,0,0,0
1268,21.15447,free_swing,621,475,748,560,-16.368,56.206,0,355.71,-615.29,0,152.82,0.50,2500,0,0,0
1269,21.17115,free_swing,638,478,744,586,-9.717,44.465,0,440.48,-770.17,0,151.33,0.48,2500,0,0,0
1270,21.18783,free_swing,658,481,735,611,-1.922,30.639,0,536.24,-973.56,1,151.09,0.63,2500,1,0,0
1271,21.20452,free_swing,683,480,717,627,7.696,13.023,0,586.32,-1073.74,0,150.88,0.77,2500,0,0,0
1272,21.2212,free_swing,709,475,694,624,17.832,-5.749,0,550.74,-1011.39,0,149.75,1.51,2500,0,0,0
1273,21.23788,free_swing,728,466,675,608,25.877,-20.468,0,440.99,-822.72,0,151.57,0.32,2500,0,0,0
1274,21.25457,free_swing,742,458,661,586,32.087,-32.326,0,315.93,-649.02,0,151.48,0.38,2500,0,0,0
1275,21.27125,free_swing,752,452,649,565,36.563,-42.349,0,216.01,-545.52,0,152.90,0.56,2500,0,0,0
1276,21.28793,free_swing,758,448,640,544,39.316,-50.870,0,133.96,-468.13,0,152.12,0.04,2500,0,0,0
1277,21.30462,free_swing,761,445,631,526,40.934,-58.074,0,57.38,-426.65,0,153.17,0.73,2500,0,0,0
1278,21.3213,free_swing,762,444,623,509,41.474,-64.938,0,-11.89,-401.32,0,153.45,0.92,2500,0,0,0
1279,21.33798,free_swing,760,446,614,494,40.394,-71.801,0,-92.94,-378.89,0,153.69,1.08,2500,0,0,0
1280,21.35467,free_swing,756,449,606,482,38.480,-77.593,0,-169.20,-354.67,0,153.59,1.01,2500,0,0,0
1281,21.37135,free_swing,748,454,596,472,34.866,-83.246,0,-226.44,-315.94,0,153.06,0.66,2500,0,0,0
1282,21.38803,free_swing,739,460,586,464,30.700,-88.502,0,-279.90,-280.82,0,153.05,0.66,2500,0,0,0
1283,21.40472,free_swing,728,466,575,460,25.877,-92.246,0,-319.81,-216.36,0,153.12,0.70,2500,0,0,0
1284,21.4214,free_swing,714,472,561,457,20.016,-95.599,0,-354.86,-125.84,0,153.73,1.11,2500,0,0,0
1285,21.43808,free_swing,699,477,546,459,13.943,-96.710,0,-371.23,-26.50,0,154.06,1.32,2500,0,0,0
1286,21.45477,free_swing,683,480,530,464,7.696,-95.970,0,-387.51,95.59,0,153.83,1.17,2500,0,0,0
1287,21.47145,free_swing,666,482,512,472,1.146,-93.715,0,-411.38,207.10,0,154.32,1.49,2500,0,0,0
1288,21.48813,free_swing,647,480,492,483,-6.170,-88.891,0,-443.19,349.50,0,155.03,1.96,2500,0,0,0
1289,21.50482,free_swing,628,477,475,498,-13.570,-82.185,0,-470.20,498.05,0,154.43,1.57,2500,0,0,0
1290,21.5215,free_swing,608,470,461,517,-21.730,-72.269,0,-486.43,646.82,0,154.33,1.50,2500,0,0,0
1291,21.53818,free_swing,588,463,455,537,-29.792,-60.909,0,-501.27,777.00,0,152.20,0.10,2500,0,0,0
1292,21.55487,free_swing,571,451,459,554,-37.708,-47.397,0,-442.64,767.70,0,152.16,0.07,2500,0,0,0
1293,21.57155,free_swing,557,439,470,564,-44.731,-34.838,0,-281.87,596.23,0,152.30,0.16,2500,0,0,0
1294,21.58823,free_swing,552,434,482,568,-47.420,-27.582,0,-78.20,348.26,1,151.18,0.57,2500,1,0,0
1295,21.60492,free_swing,554,435,492,574,-46.621,-24.039,0,88.65,169.54,0,152.20,0.10,2500,0,0,0
1296,21.6216,free_swing,557,439,501,580,-44.731,-21.661,0,170.95,92.47,0,151.71,0.22,2500,0,0,0
1297,21.63828,free_swing,564,445,511,586,-41.222,-20.601,0,234.41,21.64,0,150.63,0.93,2500,0,0,0
1298,21.65497,free_swing,573,452,519,594,-36.870,-20.821,0,314.65,-71.02,0,151.92,0.09,2500,0,0,0
1299,21.67165,free_swing,586,460,527,600,-31.030,-22.852,0,377.71,-150.20,0,151.92,0.08,2500,0,0,0
1300,21.68833,free_swing,602,469,536,605,-24.001,-25.887,0,439.33,-207.81,0,151.17,0.58,2500,0,0,0
1301,21.70502,free_swing,620,475,546,607,-16.736,-29.275,0,466.11,-201.14,0,151.33,0.48,2500,0,0,0
1302,21.7217,free_swing,641,481,560,607,-8.399,-32.735,0,480.50,-154.53,0,149.79,1.49,2500,0,0,0
1303,21.73838,free_swing,661,481,577,605,-0.769,-34.114,0,482.45,-70.24,0,149.77,1.50,2500,0,0,0
1304,21.75507,free_swing,682,479,596,603,7.365,-34.743,0,461.58,38.73,0,150.90,0.76,2500,0,0,0
1305,21.77175,free_swing,701,476,619,602,14.783,-33.056,0,427.06,155.39,0,150.33,1.13,2500,0,0,0
1306,21.78843,free_swing,717,470,643,602,21.371,-29.275,0,363.23,292.15,0,151.33,0.48,2500,0,0,0
1307,21.80512,free_swing,730,465,670,604,26.737,-23.348,0,280.33,421.57,0,151.40,0.43,2500,0,0,0
1308,21.8218,free_swing,739,460,699,607,30.700,-15.222,0,170.31,550.06,0,152.35,0.19,2500,0,0,0
1309,21.83848,free_swing,743,458,730,610,32.412,-4.888,0,42.32,688.33,0,152.55,0.33,2500,0,0,0
1310,21.85517,free_swing,742,458,762,609,32.087,7.545,0,-79.82,834.04,0,152.32,0.18,2500,0,0,0
1311,21.87185,free_swing,737,461,795,600,29.840,22.649,0,-175.12,957.67,0,150.62,0.95,2500,0,0,0
1312,21.88853,free_swing,729,465,824,581,26.392,39.316,0,-233.77,995.91,0,149.94,1.39,2500,0,0,0
1313,21.90522,free_swing,719,470,842,553,22.087,55.989,0,-269.82,969.30,0,148.38,2.41,2500,0,0,0
1314,21.9219,free_swing,708,473,850,522,17.700,70.962,0,-274.86,898.26,0,150.22,1.21,2500,0,0,0
1315,21.93858,free_swing,696,477,848,488,12.821,85.861,0,-263.58,811.49,0,152.40,0.23,2500,0,0,0
1316,21.95527,free_swing,686,479,837,457,8.893,98.289,0,-251.10,716.99,0,152.59,0.36,2500,0,0,0
1317,21.97195,free_swing,675,480,820,429,4.635,109.378,0,-246.02,613.74,0,153.71,1.09,2500,0,0,0
1318,21.98863,free_swing,664,481,798,407,0.385,118.909,0,-272.83,526.64,0,153.08,0.67,2500,0,0,0
1319,22.00532,free_swing,652,480,774,388,-4.251,127.020,0,-303.51,427.76,0,152.80,0.49,2500,0,0,0
1320,22.022,free_swing,638,478,749,373,-9.717,133.409,0,-324.93,352.71,0,152.79,0.49,2500,0,0,0
1321,22.03868,free_swing,624,476,725,361,-15.154,138.708,0,-316.58,305.20,0,153.06,0.66,2500,0,0,0
1322,22.05537,free_swing,612,472,701,349,-20.016,144.111,0,-271.54,337.46,0,151.82,0.15,2500,0,0,0
1323,22.07205,free_swing,602,468,679,337,-24.158,149.554,0,-209.03,375.90,0,151.95,0.06,2500,0,0,0
1324,22.08873,free_swing,595,466,654,324,-26.906,157.437,0,-135.94,437.39,0,153.77,1.13,2500,0,0,0
1325,22.10542,free_swing,592,463,633,317,-28.457,164.314,0,-41.60,532.99,0,151.65,0.27,2500,0,0,0
1326,22.1221,free_swing,592,463,606,312,-28.457,174.703,0,71.39,676.99,0,151.65,0.27,2500,0,0,0
1327,22.13878,free_swing,597,466,578,316,-26.222,-172.781,0,178.76,831.63,0,151.20,0.56,2500,0,0,0
1328,22.15547,free_swing,606,470,548,330,-22.443,-157.496,0,238.09,922.18,0,151.54,0.34,2500,0,0,0
1329,22.17215,free_swing,616,474,522,353,-18.314,-142.158,0,259.85,967.04,0,153.22,0.77,2500,0,0,0
1330,22.18883,free_swing,626,477,501,389,-14.315,-125.146,0,245.50,1034.58,0,152.87,0.54,2500,0,0,0
1331,22.20552,free_swing,637,479,492,432,-10.030,-107.959,0,206.89,1129.65,0,152.43,0.25,2500,0,0,0
1332,22.2222,free_swing,644,479,492,486,-7.365,-87.363,0,147.45,1231.84,0,152.16,0.07,2500,0,0,0
1333,22.23888,free_swing,649,481,512,540,-5.368,-66.701,0,89.30,1292.35,0,149.16,1.90,2500,0,0,0
1334,22.25557,free_swing,652,481,548,589,-4.222,-43.919,0,56.46,1409.63,0,149.93,1.39,2500,0,0,0
1335,22.27225,free_swing,654,481,600,619,-3.457,-21.371,0,21.72,1487.48,0,148.19,2.54,2500,0,0,0
1336,22.28893,free_swing,655,481,671,629,-3.073,6.170,0,23.17,1420.85,0,148.86,2.10,2500,0,0,0
1337,22.30562,free_swing,656,480,725,615,-2.708,27.072,0,84.85,1263.67,0,151.61,0.29,2500,0,0,0
1338,22.3223,free_swing,662,481,771,586,-0.385,46.071,0,188.35,1066.12,0,151.35,0.46,2500,0,0,0
1339,22.33898,free_swing,673,480,810,548,3.865,63.602,0,282.39,967.34,0,152.95,0.59,2500,0,0,0
1340,22.35567,free_swing,686,478,835,508,8.952,78.616,0,328.75,860.91,0,151.99,0.04,2500,0,0,0
1341,22.37235,free_swing,700,475,853,470,14.507,91.872,0,333.29,763.59,0,153.08,0.68,2500,0,0,0
1342,22.38903,free_swing,714,472,861,434,20.016,104.494,0,310.64,697.40,0,151.83,0.15,2500,0,0,0
1343,22.40572,free_swing,725,467,862,403,24.667,115.040,0,259.03,616.74,0,151.21,0.55,2500,0,0,0
1344,22.4224,free_swing,734,463,858,376,28.457,125.054,0,178.55,530.98,0,151.48,0.38,2500,0,0,0
1345,22.43908,free_swing,739,460,850,357,30.700,132.859,0,78.28,445.13,0,151.43,0.41,2500,0,0,0
1346,22.45577,free_swing,740,460,838,344,31.030,139.808,0,-25.57,363.05,0,151.86,0.13,2500,0,0,0
1347,22.47245,free_swing,737,461,824,337,29.840,144.946,0,-100.05,287.83,0,151.48,0.38,2500,0,0,0
1348,22.48913,free_swing,732,464,810,332,27.597,149.421,0,-161.53,201.50,0,153.32,0.84,2500,0,0,0
1349,22.50582,free_swing,725,467,797,333,24.667,151.750,0,-226.92,110.41,0,152.12,0.04,2500,0,0,0
1350,22.5225,free_swing,714,471,784,334,20.148,152.935,0,-290.49,15.22,0,153.85,1.18,2500,0,0,0
1351,22.53918,free_swing,701,476,773,339,14.783,152.276,0,-346.80,-84.05,0,154.77,1.79,2500,0,0,0
1352,22.55587,free_swing,686,479,763,344,8.893,150.301,0,-379.05,-190.64,0,155.42,2.21,2500,0,0,0
1353,22.57255,free_swing,669,480,755,352,2.322,146.104,0,-374.51,-257.62,0,154.21,1.42,2500,0,0,0
1354,22.58923,free_swing,653,480,749,360,-3.865,141.340,0,-353.34,-306.16,0,153.67,1.07,2500,0,0,0
1355,22.60592,free_swing,640,479,745,368,-8.893,136.591,0,-311.40,-322.93,0,152.79,0.49,2500,0,0,0
1356,22.6226,free_swing,627,476,743,376,-14.036,130.764,0,-236.61,-304.30,0,153.15,0.72,2500,0,0,0
1357,22.63928,free_swing,619,475,742,385,-17.103,126.193,0,-109.73,-218.36,0,152.41,0.24,2500,0,0,0
1358,22.65597,free_swing,618,474,745,390,-17.583,123.481,0,32.05,-119.47,0,152.27,0.14,2500,0,0,0
1359,22.67265,free_swing,622,476,751,394,-15.893,122.442,0,124.92,-78.05,0,152.86,0.53,2500,0,0,0
1360,22.68933,free_swing,628,477,759,399,-13.570,120.770,0,169.99,-84.91,0,152.46,0.27,2500,0,0,0
1361,22.70602,free_swing,636,479,769,405,-10.408,119.091,0,197.92,-122.73,0,152.20,0.10,2500,0,0,0
1362,22.7227,free_swing,645,480,781,411,-6.934,116.901,0,238.08,-155.91,0,152.50,0.30,2500,0,0,0
1363,22.73938,free_swing,656,481,796,420,-2.690,113.543,0,271.88,-218.28,0,152.71,0.43,2500,0,0,0
1364,22.75607,free_swing,669,481,812,430,2.306,109.628,0,295.61,-297.89,0,151.82,0.15,2500,0,0,0
1365,22.77275,free_swing,682,480,830,444,7.316,103.671,0,322.30,-383.50,0,152.32,0.17,2500,0,0,0
1366,22.78943,free_swing,696,477,849,460,12.821,96.340,0,371.36,-494.95,0,153.94,1.24,2500,0,0,0
1367,22.80612,free_swing,713,472,865,479,19.654,87.363,0,426.16,-630.73,0,152.16,0.07,2500,0,0,0
1368,22.8228,free_swing,731,464,877,502,27.255,75.411,0,464.22,-797.51,0,150.86,0.78,2500,0,0,0
1369,22.83948,free_swing,748,454,881,528,34.866,60.909,0,485.67,-940.06,0,152.20,0.10,2500,0,0,0
1370,22.85617,free_swing,765,442,871,549,42.839,44.731,0,457.08,-954.31,0,150.62,0.95,2500,0,0,0
1371,22.87285,free_swing,778,428,851,559,50.145,29.129,0,328.37,-811.71,0,149.97,1.37,2500,0,0,0
1372,22.88953,free_swing,784,420,830,564,53.973,17.716,0,126.95,-579.88,1,151.17,0.58,2500,1,0,0
1373,22.90622,free_swing,784,420,811,570,53.973,10.204,0,-56.69,-389.91,0,152.41,0.24,2500,0,0,0
1374,22.9229,free_swing,781,424,794,577,52.058,4.857,0,-166.65,-281.79,0,153.55,0.99,2500,0,0,0
1375,22.93958,free_swing,776,431,777,584,48.778,0.374,0,-224.57,-211.88,0,153.00,0.63,2500,0,0,0
1376,22.95627,free_swing,768,439,762,592,44.459,-2.246,0,-292.74,-124.57,0,153.12,0.70,2500,0,0,0
1377,22.97295,free_swing,758,448,748,601,39.316,-3.740,0,-362.76,-24.60,0,153.33,0.84,2500,0,0,0
1378,22.98963,free_swing,743,459,735,612,32.208,-2.993,0,-448.23,97.24,0,153.21,0.76,2500,0,0,0
1379,23.00632,free_swing,725,468,723,621,24.507,-0.749,0,-515.53,220.98,0,153.01,0.63,2500,0,0,0
1380,23.023,free_swing,702,476,713,627,15.154,4.167,0,-551.38,301.24,0,151.40,0.43,2500,0,0,0
1381,23.03968,free_swing,679,481,703,629,6.129,9.211,0,-549.76,295.75,0,149.93,1.39,2500,0,0,0
1382,23.05637,free_swing,655,481,691,627,-3.073,13.851,0,-526.20,221.64,0,150.37,1.10,2500,0,0,0
1383,23.07305,free_swing,634,478,676,622,-11.234,16.260,0,-500.93,130.04,0,150.00,1.35,2500,0,0,0
1384,23.08973,free_swing,613,472,659,615,-19.654,17.832,0,-459.37,12.27,0,150.22,1.21,2500,0,0,0
1385,23.10642,free_swing,596,465,640,608,-26.737,17.103,0,-410.92,-106.52,0,149.62,1.60,2500,0,0,0
1386,23.1231,free_swing,582,457,618,603,-32.943,13.851,0,-334.04,-242.32,0,150.37,1.10,2500,0,0,0
1387,23.13978,free_swing,571,450,595,600,-37.942,9.090,0,-236.84,-364.90,0,151.91,0.10,2500,0,0,0
1388,23.15647,free_swing,565,445,570,598,-40.934,1.872,0,-127.23,-473.34,0,153.08,0.68,2500,0,0,0
1389,23.17315,free_swing,563,444,544,595,-41.760,-7.172,0,-2.41,-606.93,0,152.19,0.09,2500,0,0,0
1390,23.18983,free_swing,564,445,517,590,-41.222,-17.959,0,134.80,-765.53,0,152.43,0.25,2500,0,0,0
1391,23.20652,free_swing,571,451,491,578,-37.708,-32.208,0,247.26,-896.44,0,150.10,1.29,2500,0,0,0
1392,23.2232,free_swing,582,459,470,559,-32.530,-48.240,0,319.53,-944.28,0,150.15,1.25,2500,0,0,0
1393,23.23988,free_swing,594,465,459,533,-27.420,-63.265,0,337.43,-894.97,0,151.16,0.59,2500,0,0,0
1394,23.25657,free_swing,608,471,459,504,-21.588,-77.512,0,340.41,-792.24,0,152.61,0.37,2500,0,0,0
1395,23.27325,free_swing,622,476,469,476,-15.893,-90.000,0,335.56,-691.36,0,153.00,0.62,2500,0,0,0
1396,23.28993,free_swing,636,479,485,452,-10.408,-100.138,0,328.92,-581.91,0,153.39,0.88,2500,0,0,0
1397,23.30662,free_swing,650,481,505,430,-4.986,-109.378,0,347.94,-471.09,0,153.71,1.09,2500,0,0,0
1398,23.3233,free_swing,666,481,528,413,1.153,-116.232,0,378.87,-359.35,0,153.84,1.18,2500,0,0,0
1399,23.33998,free_swing,683,479,552,400,7.748,-121.092,0,402.49,-243.21,0,152.98,0.61,2500,0,0,0
1400,23.35667,free_swing,700,476,574,389,14.410,-124.624,0,393.85,-167.89,0,153.12,0.70,2500,0,0,0
1401,23.37335,free_swing,716,471,593,379,20.872,-126.795,0,365.95,-119.04,0,153.60,1.02,2500,0,0,0
1402,23.39003,free_swing,729,465,611,370,26.392,-128.837,0,321.29,-101.80,0,151.49,0.37,2500,0,0,0
1403,23.40672,free_swing,740,459,625,360,31.228,-130.724,0,231.53,-151.26,0,151.74,0.20,2500,0,0,0
1404,23.4234,free_swing,747,455,638,350,34.330,-133.929,0,92.92,-304.97,0,151.35,0.46,2500,0,0,0
1405,23.44008,free_swing,747,455,650,338,34.330,-140.339,0,-63.16,-470.10,0,151.98,0.05,2500,0,0,0
1406,23.45677,free_swing,742,458,667,326,32.087,-150.396,0,-171.95,-574.67,0,151.82,0.15,2500,0,0,0
1407,23.47345,free_swing,734,462,681,320,28.641,-159.532,0,-226.17,-610.42,0,151.57,0.32,2500,0,0,0
1408,23.49013,free_swing,725,467,699,317,24.667,-170.166,0,-280.56,-665.15,0,152.24,0.12,2500,0,0,0
1409,23.50682,free_swing,713,472,718,320,19.654,178.116,0,-340.40,-781.27,0,152.08,0.02,2500,0,0,0
1410,23.5235,free_swing,697,476,739,329,13.285,164.055,0,-373.49,-844.53,0,152.88,0.55,2500,0,0,0
1411,23.54018,free_swing,681,479,760,347,6.981,149.100,0,-376.76,-905.80,0,153.83,1.17,2500,0,0,0
1412,23.55687,free_swing,666,481,776,373,1.153,134.474,0,-362.17,-987.42,0,154.16,1.38,2500,0,0,0
1413,23.57355,free_swing,650,480,787,411,-5.020,116.732,0,-354.25,-1043.79,0,153.39,0.88,2500,0,0,0
1414,23.59023,free_swing,636,478,786,457,-10.477,97.970,0,-313.04,-1129.55,0,151.46,0.39,2500,0,0,0
1415,23.60692,free_swing,624,476,780,503,-15.154,80.181,0,-196.38,-1207.98,0,158.32,4.12,2500,0,0,0
1416,23.6236,free_swing,619,475,747,557,-17.103,57.355,0,-18.30,-1391.01,0,152.01,0.03,2500,0,0,0
1417,23.64028,free_swing,623,476,707,602,-15.524,33.690,0,209.11,-1590.95,1,151.43,0.41,2500,1,0,0
1418,23.65697,free_swing,635,479,649,630,-10.784,5.297,0,370.66,-1660.32,0,151.65,0.27,2500,0,0,0
1419,23.67365,free_swing,654,482,597,621,-3.434,-22.297,0,376.37,-1610.11,0,150.23,1.20,2500,0,0,0
1420,23.69033,free_swing,668,481,556,584,1.922,-47.397,0,240.08,-1393.24,1,152.16,0.07,2500,1,0,0
1421,23.70702,free_swing,673,481,536,533,3.840,-69.215,0,51.93,-1206.15,0,146.54,3.63,2500,0,0,0
1422,23.7237,free_swing,672,481,522,488,3.457,-87.328,0,-96.27,-1106.50,0,150.16,1.24,2500,0,0,0
1423,23.74038,free_swing,666,481,522,440,1.153,-105.893,0,-189.76,-1084.30,0,149.72,1.53,2500,0,0,0
1424,23.75707,free_swing,656,481,532,397,-2.690,-124.114,0,-222.87,-1062.38,0,149.77,1.50,2500,0,0,0
1425,23.77375,free_swing,647,480,553,363,-6.170,-141.221,0,-190.87,-984.27,0,150.08,1.30,2500,0,0,0
1426,23.79043,free_swing,641,479,581,341,-8.512,-156.501,0,-91.93,-856.86,0,150.48,1.03,2500,0,0,0
1427,23.80712,free_swing,639,478,613,330,-9.335,-170.036,0,38.49,-708.44,0,150.27,1.17,2500,0,0,0
1428,23.8238,free_swing,644,479,644,329,-7.365,180.000,0,156.61,-539.37,0,150.00,1.35,2500,0,0,0
1429,23.84048,free_swing,653,480,675,330,-3.865,171.656,0,231.08,-416.77,0,151.60,0.29,2500,0,0,0
1430,23.85717,free_swing,663,480,700,334,0.000,165.779,0,251.32,-395.35,0,150.62,0.95,2500,0,0,0
1431,23.87385,free_swing,674,480,729,339,4.251,158.691,0,240.84,-440.40,0,151.35,0.46,2500,0,0,0
1432,23.89053,free_swing,684,479,759,347,8.130,150.396,0,212.26,-525.50,0,151.82,0.15,2500,0,0,0
1433,23.90722,free_swing,692,478,787,360,11.234,141.163,0,179.54,-590.58,0,151.49,0.37,2500,0,0,0
1434,23.9239,free_swing,699,476,814,377,14.036,130.724,0,164.20,-660.10,0,151.74,0.20,2500,0,0,0
1435,23.94058,free_swing,706,475,839,401,16.736,119.091,0,153.88,-738.32,0,152.20,0.10,2500,0,0,0
1436,23.95727,free_swing,712,472,857,430,19.290,106.154,0,143.74,-817.76,0,150.96,0.72,2500,0,0,0
1437,23.97395,free_swing,717,470,869,465,21.371,91.884,0,128.20,-892.68,0,152.08,0.02,2500,0,0,0
1438,23.99063,free_swing,722,468,869,503,23.452,76.608,0,94.99,-924.57,0,151.11,0.62,2500,0,0,0
1439,24.00732,free_swing,725,467,856,540,24.667,60.871,0,41.08,-926.45,0,149.97,1.37,2500,0,0,0
1440,24.024,free_swing,725,467,833,571,24.667,46.081,0,-32.17,-898.96,0,149.93,1.39,2500,0,0,0
1441,24.04068,free_swing,723,469,800,597,23.651,31.030,0,-84.84,-864.24,0,149.38,1.76,2500,0,0,0
1442,24.05737,free_swing,718,471,763,615,21.588,17.354,0,-136.92,-796.27,0,150.87,0.78,2500,0,0,0
1443,24.07405,free_swing,712,473,724,625,19.163,4.514,0,-214.11,-687.53,0,152.47,0.28,2500,0,0,0
1444,24.09073,free_swing,701,476,686,628,14.783,-5.636,0,-295.05,-577.46,0,152.74,0.45,2500,0,0,0
1445,24.10742,free_swing,686,479,648,627,8.893,-14.400,0,-372.34,-462.67,0,152.80,0.49,2500,0,0,0
1446,24.1241,free_swing,670,481,614,623,2.690,-21.523,0,-409.59,-379.30,0,152.64,0.39,2500,0,0,0
1447,24.14078,free_swing,651,481,582,617,-4.604,-26.901,0,-425.14,-300.27,0,152.50,0.30,2500,0,0,0
1448,24.15747,free_swing,633,479,553,608,-11.535,-31.805,0,-421.17,-256.29,0,151.79,0.17,2500,0,0,0
1449,24.17415,free_swing,616,474,527,598,-18.314,-35.669,0,-389.53,-244.38,0,152.63,0.38,2500,0,0,0
1450,24.19083,free_swing,601,469,504,584,-24.349,-40.147,0,-325.16,-278.67,0,150.45,1.06,2500,0,0,0
1451,24.20752,free_swing,590,463,482,570,-29.129,-45.266,0,-211.54,-386.99,0,152.03,0.02,2500,0,0,0
1452,24.2242,free_swing,585,460,464,552,-31.357,-52.753,0,-64.03,-521.67,0,152.00,0.03,2500,0,0,0
1453,24.24088,free_swing,585,460,451,529,-31.357,-62.755,0,59.82,-623.63,0,150.72,0.88,2500,0,0,0
1454,24.25757,free_swing,590,462,444,505,-29.316,-73.589,0,131.70,-646.72,0,152.20,0.10,2500,0,0,0
1455,24.27425,free_swing,595,465,444,481,-27.080,-83.951,0,162.70,-613.07,0,151.85,0.14,2500,0,0,0
1456,24.29093,free_swing,602,468,449,458,-24.158,-93.740,0,170.23,-550.65,0,153.33,0.84,2500,0,0,0
1457,24.30762,free_swing,609,472,459,439,-21.092,-102.407,0,212.17,-478.28,0,153.59,1.01,2500,0,0,0
1458,24.3243,free_swing,618,474,474,423,-17.583,-109.502,0,253.19,-398.25,0,152.76,0.47,2500,0,0,0
1459,24.34098,free_swing,631,478,491,411,-12.362,-115.574,0,285.33,-316.11,0,155.21,2.07,2500,0,0,0
1460,24.35767,free_swing,643,480,510,403,-7.696,-120.069,0,323.22,-216.01,0,153.68,1.07,2500,0,0,0
1461,24.37435,free_swing,657,481,528,398,-2.306,-122.758,0,359.24,-93.51,0,153.39,0.88,2500,0,0,0
1462,24.39103,free_swing,675,481,545,396,4.604,-123.179,0,406.36,33.48,0,155.32,2.15,2500,0,0,0
1463,24.40772,free_swing,692,478,561,397,11.234,-121.729,0,413.89,138.74,0,154.02,1.29,2500,0,0,0
1464,24.4244,free_swing,709,473,575,400,18.068,-118.580,0,383.27,212.83,0,152.59,0.36,2500,0,0,0
1465,24.44108,free_swing,724,468,585,404,24.158,-114.723,0,350.39,270.38,0,153.03,0.64,2500,0,0,0
1466,24.45777,free_swing,736,462,593,410,29.316,-109.983,0,292.29,302.86,0,152.16,0.07,2500,0,0,0
1467,24.47445,free_swing,746,456,598,417,33.797,-104.763,0,190.95,272.65,0,153.05,0.66,2500,0,0,0
1468,24.49113,free_swing,751,453,600,425,36.027,-100.505,0,58.86,202.42,0,153.57,1.00,2500,0,0,0
1469,24.50782,free_swing,750,454,599,432,35.493,-98.289,0,-67.66,151.96,0,152.59,0.36,2500,0,0,0
1470,24.5245,free_swing,746,456,594,441,33.797,-95.636,0,-137.43,154.68,0,152.74,0.45,2500,0,0,0
1471,24.54118,free_swing,740,460,588,453,31.030,-92.637,0,-181.35,188.38,0,152.16,0.07,2500,0,0,0
1472,24.55787,free_swing,733,464,580,466,27.937,-89.251,0,-218.38,224.80,0,153.01,0.63,2500,0,0,0
1473,24.57455,free_swing,723,469,570,482,23.651,-85.143,0,-264.74,286.67,0,153.55,0.99,2500,0,0,0
1474,24.59123,free_swing,712,473,559,501,19.163,-79.629,0,-310.56,356.26,0,155.54,2.29,2500,0,0,0
1475,24.60792,free_swing,697,477,549,523,13.196,-72.734,0,-367.83,468.05,0,154.98,1.93,2500,0,0,0
1476,24.6246,free_swing,681,480,541,547,6.934,-64.426,0,-429.20,595.74,0,155.21,2.07,2500,0,0,0
1477,24.64128,free_swing,660,480,538,574,-1.161,-52.386,0,-498.73,779.57,0,154.01,1.29,2500,0,0,0
1478,24.65797,free_swing,638,480,543,598,-9.588,-38.837,0,-577.89,968.95,0,151.49,0.37,2500,0,0,0
1479,24.67465,free_swing,612,474,558,614,-19.756,-21.092,0,-580.22,1023.84,0,150.05,1.31,2500,0,0,0
1480,24.69133,free_swing,589,463,579,612,-29.461,-3.840,0,-514.93,929.83,0,149.34,1.79,2500,0,0,0
1481,24.70802,free_swing,575,452,599,601,-36.254,9.150,0,-366.81,718.82,1,150.92,0.74,2500,1,0,0
1482,24.7247,free_swing,564,444,615,587,-41.474,19.628,0,-203.65,552.01,0,151.82,0.15,2500,0,0,0
1483,24.74138,free_swing,560,441,631,576,-43.379,27.741,0,-57.48,434.29,0,152.53,0.32,2500,0,0,0
1484,24.75807,free_swing,560,442,647,569,-43.118,34.413,0,74.86,334.18,0,153.94,1.24,2500,0,0,0
1485,24.77475,free_swing,564,445,661,565,-41.222,38.950,0,152.74,261.05,0,154.30,1.48,2500,0,0,0
1486,24.79143,free_swing,571,450,677,564,-37.942,42.917,0,217.59,202.03,0,155.67,2.38,2500,0,0,0
1487,24.80812,free_swing,579,456,691,565,-34.114,45.778,0,277.38,121.04,0,156.28,2.78,2500,0,0,0
1488,24.8248,free_swing,591,463,704,568,-28.794,47.102,0,345.44,8.50,0,154.25,1.45,2500,0,0,0
1489,24.84148,free_swing,606,469,717,577,-22.590,45.785,0,404.47,-111.61,0,154.87,1.85,2500,0,0,0
1490,24.85817,free_swing,624,475,728,586,-15.255,43.135,0,444.97,-243.67,0,152.11,0.04,2500,0,0,0
1491,24.87485,free_swing,643,479,736,598,-7.748,38.008,0,484.40,-382.54,0,151.03,0.67,2500,0,0,0
1492,24.89153,free_swing,665,481,741,612,0.769,30.120,0,537.73,-560.18,0,151.45,0.40,2500,0,0,0
1493,24.90822,free_swing,689,479,741,621,10.030,20.113,0,593.63,-677.79,0,151.22,0.55,2500,0,0,0
1494,24.9249,free_swing,715,473,735,621,20.244,7.696,0,580.81,-665.11,0,149.35,1.78,2500,0,0,0
1495,24.94158,free_swing,737,462,731,612,29.650,-2.291,0,500.69,-531.04,0,150.12,1.27,2500,0,0,0
1496,24.95827,free_swing,752,452,728,600,36.563,-9.211,0,373.87,-340.44,0,149.93,1.39,2500,0,0,0
1497,24.97495,free_swing,763,443,727,590,42.016,-13.761,0,266.52,-209.86,0,151.34,0.47,2500,0,0,0
1498,24.99163,free_swing,770,437,728,582,45.541,-16.154,0,193.67,-113.16,0,150.96,0.72,2500,0,0,0
1499,25.00832,free_swing,775,432,729,576,48.240,-17.716,0,115.45,-40.32,0,151.17,0.58,2500,0,0,0
1500,25.025,free_swing,777,429,731,575,49.606,-17.488,0,11.79,48.33,0,153.08,0.67,2500,0,0,0
1501,25.04168,free_swing,776,431,733,578,48.778,-16.305,0,-107.34,137.52,0,153.16,0.73,2500,0,0,0
1502,25.05837,free_swing,770,436,736,586,45.815,-12.771,0,-204.28,215.81,0,153.81,1.15,2500,0,0,0
1503,25.07505,free_swing,763,443,739,595,42.016,-8.973,0,-262.09,284.00,0,153.88,1.20,2500,0,0,0
1504,25.09173,free_swing,753,451,744,604,37.100,-3.366,0,-326.32,373.39,0,153.26,0.80,2500,0,0,0
1505,25.10842,free_swing,741,460,750,612,31.357,3.389,0,-408.34,503.37,0,152.27,0.14,2500,0,0,0
1506,25.1251,free_swing,723,469,757,616,23.651,13.023,0,-463.20,595.74,0,150.88,0.77,2500,0,0,0
1507,25.14178,free_swing,703,476,763,614,15.524,23.499,0,-493.58,615.55,0,150.48,1.03,2500,0,0,0
1508,25.15847,free_swing,683,480,764,604,7.696,33.154,0,-491.64,552.01,0,148.11,2.59,2500,0,0,0
1509,25.17515,free_swing,661,480,759,591,-0.774,41.441,0,-482.66,444.92,0,148.07,2.62,2500,0,0,0
1510,25.19183,free_swing,641,479,752,579,-8.512,47.984,0,-452.80,303.19,0,149.40,1.74,2500,0,0,0
1511,25.20852,free_swing,623,475,742,569,-15.627,51.694,0,-393.54,160.42,0,151.65,0.27,2500,0,0,0
1512,25.2252,free_swing,608,470,730,562,-21.730,52.980,0,-339.39,30.38,0,152.80,0.49,2500,0,0,0
1513,25.24188,free_swing,596,465,718,557,-26.737,52.980,0,-278.37,-69.10,0,152.80,0.49,2500,0,0,0
1514,25.25857,free_swing,586,460,705,557,-31.030,50.816,0,-216.72,-153.50,0,153.53,0.97,2500,0,0,0
1515,25.27525,free_swing,580,456,693,559,-33.797,47.651,0,-121.14,-237.14,0,152.90,0.56,2500,0,0,0
1516,25.29193,free_swing,577,454,683,567,-35.181,43.169,0,-1.81,-310.01,0,154.94,1.90,2500,0,0,0
1517,25.30862,free_swing,580,456,673,579,-33.797,37.093,0,120.25,-404.00,0,154.20,1.41,2500,0,0,0
1518,25.3253,free_swing,586,460,662,593,-31.030,29.745,0,232.10,-507.93,0,153.18,0.74,2500,0,0,0
1519,25.34198,free_swing,597,465,650,609,-26.392,20.206,0,309.56,-614.41,0,153.44,0.91,2500,0,0,0
1520,25.35867,free_swing,611,471,635,622,-20.511,9.031,0,383.80,-737.20,0,152.90,0.55,2500,0,0,0
1521,25.37535,free_swing,627,477,617,628,-13.943,-3.789,0,434.53,-832.41,0,151.33,0.47,2500,0,0,0
1522,25.39203,free_swing,647,481,599,624,-6.129,-18.555,0,456.44,-848.73,0,150.84,0.80,2500,0,0,0
1523,25.40872,free_swing,667,482,587,608,1.528,-32.412,0,469.62,-795.86,0,149.25,1.84,2500,0,0,0
1524,25.4254,free_swing,686,479,582,586,8.893,-44.185,0,449.95,-679.51,0,149.21,1.87,2500,0,0,0
1525,25.44208,free_swing,706,475,581,562,16.736,-55.162,0,414.78,-554.85,0,152.30,0.16,2500,0,0,0
1526,25.45877,free_swing,721,470,584,540,22.797,-62.935,0,357.50,-426.60,0,153.85,1.18,2500,0,0,0
1527,25.47545,free_swing,734,464,590,519,28.275,-69.096,0,293.38,-312.51,0,154.15,1.38,2500,0,0,0
1528,25.49213,free_swing,744,458,597,501,32.735,-73.695,0,236.26,-253.71,0,153.16,0.73,2500,0,0,0
1529,25.50882,free_swing,751,452,602,485,36.254,-77.512,0,180.34,-205.04,0,152.61,0.37,2500,0,0,0
1530,25.5255,free_swing,756,449,606,473,38.480,-80.910,0,128.61,-181.15,0,151.91,0.10,2500,0,0,0
1531,25.54218,free_swing,760,446,608,463,40.394,-83.618,0,44.97,-191.96,0,152.95,0.59,2500,0,0,0
1532,25.55887,free_swing,760,446,607,454,40.394,-87.007,0,-68.16,-216.03,0,153.21,0.76,2500,0,0,0
1533,25.57555,free_swing,755,450,602,447,37.942,-91.123,0,-178.80,-228.89,0,153.03,0.64,2500,0,0,0
1534,25.59223,free_swing,747,455,596,443,34.330,-94.544,0,-237.46,-196.09,0,151.48,0.38,2500,0,0,0
1535,25.60892,free_swing,738,461,587,441,30.174,-97.545,0,-268.72,-152.59,0,152.32,0.18,2500,0,0,0
1536,25.6256,free_swing,727,466,577,441,25.530,-99.462,0,-308.81,-108.76,0,152.07,0.01,2500,0,0,0
1537,25.64228,free_swing,714,472,565,443,20.016,-101.014,0,-340.43,-39.78,0,151.80,0.17,2500,0,0,0
1538,25.65897,free_swing,699,477,549,448,13.943,-100.942,0,-361.12,50.90,0,152.78,0.48,2500,0,0,0
1539,25.67565,free_swing,684,480,532,456,8.076,-98.973,0,-376.21,178.28,0,153.88,1.20,2500,0,0,0
1540,25.69233,free_swing,667,482,513,468,1.528,-95.194,0,-397.25,290.73,0,154.64,1.70,2500,0,0,0
1541,25.70902,free_swing,649,480,494,483,-5.404,-88.891,0,-434.56,415.52,0,155.03,1.96,2500,0,0,0
1542,25.7257,free_swing,630,478,477,501,-12.736,-81.451,0,-464.31,557.91,0,154.72,1.75,2500,0,0,0
1543,25.74238,free_swing,610,471,465,522,-20.872,-70.622,0,-483.76,715.27,0,153.71,1.09,2500,0,0,0
1544,25.75907,free_swing,591,463,461,545,-28.794,-57.758,0,-480.43,833.24,0,153.70,1.08,2500,0,0,0
1545,25.77575,free_swing,574,453,470,563,-36.336,-43.394,0,-414.46,812.40,0,151.38,0.44,2500,0,0,0
1546,25.79243,free_swing,561,443,484,572,-42.580,-30.833,0,-260.89,641.87,0,150.23,1.20,2500,0,0,0
1547,25.80912,free_swing,556,438,499,578,-45.269,-22.153,0,-57.50,381.60,1,151.16,0.59,2500,1,0,0
1548,25.8258,free_swing,558,440,511,584,-44.193,-18.076,0,111.18,188.30,0,151.48,0.38,2500,0,0,0
1549,25.84248,free_swing,564,444,521,590,-41.474,-16.411,0,203.65,79.84,0,152.20,0.10,2500,0,0,0
1550,25.85917,free_swing,571,451,532,598,-37.708,-14.859,0,270.40,10.16,0,152.09,0.02,2500,0,0,0
1551,25.87585,free_swing,582,458,541,605,-32.735,-15.584,0,343.19,-72.30,0,152.61,0.37,2500,0,0,0
1552,25.89253,free_swing,597,466,551,611,-26.222,-17.601,0,407.35,-154.82,0,152.12,0.05,2500,0,0,0
1553,25.90922,free_swing,614,473,561,615,-19.163,-20.468,0,442.03,-195.71,0,151.57,0.32,2500,0,0,0
1554,25.9259,free_swing,633,479,572,617,-11.535,-23.847,0,467.17,-201.15,0,150.88,0.77,2500,0,0,0
1555,25.94258,free_swing,653,482,585,615,-3.814,-27.080,0,484.24,-154.39,0,149.38,1.76,2500,0,0,0
1556,25.95927,free_swing,675,480,602,612,4.635,-28.944,0,490.93,-76.26,0,150.84,0.80,2500,0,0,0
1557,25.97595,free_swing,695,477,622,608,12.445,-29.129,0,474.47,35.45,0,149.97,1.37,2500,0,0,0
1558,25.99263,free_swing,714,471,643,605,20.148,-27.917,0,411.06,163.59,0,151.65,0.27,2500,0,0,0
1559,26.00932,free_swing,729,465,668,604,26.392,-23.694,0,327.72,298.42,0,151.80,0.17,2500,0,0,0
1560,26.026,free_swing,739,460,693,605,30.700,-17.601,0,225.02,434.91,0,152.12,0.05,2500,0,0,0
1561,26.04268,free_swing,746,456,721,606,33.797,-9.462,0,116.85,561.39,0,152.07,0.01,2500,0,0,0
1562,26.05937,free_swing,748,454,751,606,34.866,1.131,0,8.67,689.29,0,152.03,0.02,2500,0,0,0
1563,26.07605,free_swing,746,456,782,603,33.797,13.761,0,-114.00,838.88,0,151.34,0.47,2500,0,0,0
1564,26.09273,free_swing,741,460,812,592,31.357,28.275,0,-218.09,947.61,0,149.88,1.43,2500,0,0,0
1565,26.10942,free_swing,730,465,836,569,26.737,45.546,0,-283.69,987.12,0,148.50,2.34,2500,0,0,0
1566,26.1261,free_swing,718,470,849,542,21.730,61.206,0,-305.33,943.54,0,149.48,1.69,2500,0,0,0
1567,26.14278,free_swing,706,474,853,510,16.847,76.239,0,-292.84,844.09,0,151.34,0.47,2500,0,0,0
1568,26.15947,free_swing,694,477,846,478,12.068,89.623,0,-283.00,759.59,0,152.00,0.03,2500,0,0,0
1569,26.17615,free_swing,682,480,833,450,7.316,101.237,0,-282.67,648.24,0,153.95,1.25,2500,0,0,0
1570,26.19283,free_swing,670,481,812,425,2.690,111.523,0,-282.54,557.87,0,152.64,0.39,2500,0,0,0
1571,26.20952,free_swing,657,481,791,405,-2.306,119.560,0,-307.52,458.73,0,154.05,1.31,2500,0,0,0
1572,26.2262,free_swing,644,480,766,388,-7.316,127.020,0,-337.20,357.55,0,152.80,0.49,2500,0,0,0
1573,26.24288,free_swing,628,477,743,374,-13.570,131.849,0,-354.33,278.03,0,154.38,1.53,2500,0,0,0
1574,26.25957,free_swing,614,473,720,363,-19.163,136.061,0,-337.55,230.67,0,152.76,0.47,2500,0,0,0
1575,26.27625,free_swing,601,468,699,351,-24.507,140.050,0,-273.51,262.16,0,152.62,0.37,2500,0,0,0
1576,26.29293,free_swing,592,463,680,339,-28.457,144.638,0,-209.42,302.03,0,152.05,0.00,2500,0,0,0
1577,26.30962,free_swing,586,460,661,326,-31.030,150.764,0,-129.44,367.94,0,153.56,0.99,2500,0,0,0
1578,26.3263,free_swing,582,458,641,318,-32.735,157.148,0,-18.14,496.08,0,151.92,0.08,2500,0,0,0
1579,26.34298,free_swing,584,458,619,311,-32.087,166.608,0,108.63,654.54,0,151.11,0.62,2500,0,0,0
1580,26.35967,free_swing,591,463,592,311,-28.794,179.623,0,221.37,812.54,0,152.00,0.03,2500,0,0,0
1581,26.37635,free_swing,600,468,564,319,-24.855,-166.417,0,270.24,893.74,0,153.29,0.81,2500,0,0,0
1582,26.39303,free_swing,612,472,537,338,-20.016,-150.764,0,282.18,949.53,0,153.56,0.99,2500,0,0,0
1583,26.40972,free_swing,623,476,515,369,-15.524,-134.734,0,286.62,1014.69,0,152.03,0.02,2500,0,0,0
1584,26.4264,free_swing,635,479,499,410,-10.784,-116.901,0,263.31,1111.16,0,152.50,0.30,2500,0,0,0
1585,26.44308,free_swing,646,480,496,459,-6.553,-97.970,0,225.09,1196.28,0,151.46,0.39,2500,0,0,0
1586,26.45977,free_swing,654,480,508,515,-3.480,-76.519,0,171.19,1259.27,0,150.14,1.26,2500,0,0,0
1587,26.47645,free_swing,660,481,534,567,-1.153,-55.685,0,93.73,1362.22,0,152.55,0.33,2500,0,0,0
1588,26.49313,free_swing,663,481,582,610,0.000,-32.125,0,-13.64,1503.92,0,152.32,0.18,2500,0,0,0
1589,26.50982,free_swing,660,481,645,632,-1.153,-5.673,0,-87.43,1577.44,0,151.74,0.20,2500,0,0,0
1590,26.5265,free_swing,655,481,709,622,-3.073,20.956,0,-45.58,1485.40,0,150.99,0.70,2500,0,0,0
1591,26.54318,free_swing,656,480,760,590,-2.708,43.394,0,85.17,1310.10,0,151.38,0.44,2500,0,0,0
1592,26.55987,free_swing,664,480,800,547,0.387,63.773,0,227.54,1133.87,0,151.61,0.29,2500,0,0,0
1593,26.57655,free_swing,675,480,823,501,4.635,81.924,0,308.32,1007.00,0,149.48,1.69,2500,0,0,0
1594,26.59323,free_swing,690,478,840,459,10.477,97.219,0,345.12,889.60,0,151.20,0.56,2500,0,0,0
1595,26.60992,free_swing,704,475,846,419,15.998,111.523,0,342.25,803.82,0,152.64,0.39,2500,0,0,0
1596,26.6266,free_swing,718,471,843,386,21.588,124.216,0,296.56,719.04,0,151.16,0.59,2500,0,0,0
1597,26.64328,free_swing,728,466,834,358,25.877,135.535,0,231.46,614.87,0,151.33,0.48,2500,0,0,0
1598,26.65997,free_swing,735,462,823,338,28.980,144.638,0,126.51,498.52,0,152.05,0.00,2500,0,0,0
1599,26.67665,free_swing,738,460,809,325,30.368,152.259,0,18.72,390.93,0,152.53,0.32,2500,0,0,0
1600,26.69333,free_swing,736,461,794,320,29.505,157.640,0,-70.11,299.42,0,152.46,0.27,2500,0,0,0
1601,26.71002,free_swing,732,463,779,317,27.777,162.156,0,-143.08,207.64,0,153.38,0.87,2500,0,0,0
1602,26.7267,free_swing,726,466,766,318,25.181,164.876,0,-206.47,125.63,0,153.31,0.83,2500,0,0,0
1603,26.74338,free_swing,716,471,753,322,20.872,166.054,0,-272.14,25.76,0,153.53,0.97,2500,0,0,0
1604,26.76007,free_swing,704,475,741,326,15.998,166.054,0,-322.02,-57.33,0,153.53,0.97,2500,0,0,0
1605,26.77675,free_swing,690,478,732,330,10.477,164.157,0,-342.09,-126.50,0,153.84,1.18,2500,0,0,0
1606,26.79343,free_swing,675,481,723,334,4.604,161.917,0,-338.54,-156.78,0,154.64,1.70,2500,0,0,0
1607,26.81012,free_swing,661,481,716,337,-0.769,159.096,0,-314.34,-165.27,0,154.15,1.38,2500,0,0,0
1608,26.8268,free_swing,649,480,709,339,-5.404,156.949,0,-258.34,-130.84,0,153.24,0.78,2500,0,0,0
1609,26.84348,free_swing,639,479,704,340,-9.273,154.938,0,-141.04,-0.56,0,153.45,0.92,2500,0,0,0
1610,26.86017,free_swing,636,478,697,338,-10.477,156.457,0,14.53,189.66,0,152.71,0.43,2500,0,0,0
1611,26.87685,free_swing,641,479,689,335,-8.512,161.565,0,148.92,339.90,0,151.79,0.17,2500,0,0,0
1612,26.89353,free_swing,649,480,680,331,-5.404,168.247,0,219.13,411.72,0,152.19,0.09,2500,0,0,0
1613,26.91022,free_swing,659,481,673,329,-1.538,174.738,0,254.18,461.33,0,152.64,0.39,2500,0,0,0
1614,26.9269,free_swing,671,481,662,329,3.073,-176.611,0,308.08,537.33,0,152.27,0.14,2500,0,0,0
1615,26.94358,free_swing,685,479,651,332,8.512,-166.977,0,360.36,624.99,0,150.88,0.77,2500,0,0,0
1616,26.96027,free_swing,702,476,640,337,15.154,-155.961,0,392.02,685.19,0,152.20,0.10,2500,0,0,0
1617,26.97695,free_swing,718,470,629,348,21.730,-143.889,0,410.52,763.69,0,151.01,0.68,2500,0,0,0
1618,26.99363,free_swing,734,463,619,364,28.457,-130.724,0,424.68,856.37,0,151.74,0.20,2500,0,0,0
1619,27.01032,free_swing,750,453,612,387,35.716,-115.560,0,421.03,928.16,0,152.97,0.60,2500,0,0,0
1620,27.027,free_swing,764,442,613,417,42.558,-99.401,0,365.67,971.11,0,153.06,0.66,2500,0,0,0
1621,27.04368,free_swing,774,433,621,450,47.701,-83.660,0,258.82,963.58,0,153.94,1.24,2500,0,0,0
1622,27.06037,free_swing,779,426,638,485,50.981,-67.294,0,134.37,933.54,0,152.85,0.52,2500,0,0,0
1623,27.07705,free_swing,781,424,660,518,52.058,-52.158,0,0.23,910.89,0,153.22,0.77,2500,0,0,0
1624,27.09373,free_swing,779,426,686,549,50.981,-37.093,0,-139.14,910.13,0,154.20,1.41,2500,0,0,0
1625,27.11042,free_swing,772,433,716,578,47.182,-21.117,0,-314.20,1022.81,0,155.44,2.23,2500,0,0,0
1626,27.1271,free_swing,761,445,752,599,40.934,-3.345,0,-511.95,1236.94,1,154.26,1.45,2500,1,0,0
1627,27.14378,free_swing,740,461,789,603,30.833,19.038,0,-611.79,1359.22,0,150.22,1.21,2500,0,0,0
1628,27.16047,free_swing,714,473,815,581,19.885,43.082,0,-577.74,1283.24,0,147.87,2.75,2500,0,0,0
1629,27.17715,free_swing,694,477,825,548,12.068,61.543,0,-454.29,1072.10,1,149.00,2.01,2500,1,0,0
1630,27.19383,free_swing,677,479,824,512,5.440,77.347,0,-343.32,872.35,0,150.66,0.92,2500,0,0,0
1631,27.21052,free_swing,663,481,815,477,0.000,91.507,0,-294.69,761.43,0,152.05,0.00,2500,0,0,0
1632,27.2272,free_swing,652,480,801,446,-4.251,102.854,0,-262.65,664.82,0,152.83,0.51,2500,0,0,0
1633,27.24388,free_swing,640,479,781,418,-8.893,113.394,0,-259.11,586.44,0,153.63,1.04,2500,0,0,0
1634,27.26057,free_swing,629,477,758,394,-13.196,122.758,0,-280.59,507.43,0,153.39,0.88,2500,0,0,0
1635,27.27725,free_swing,617,474,734,374,-17.949,130.521,0,-294.82,427.18,0,153.91,1.22,2500,0,0,0
1636,27.29393,free_swing,604,469,709,358,-23.299,136.591,0,-315.42,335.92,0,152.79,0.49,2500,0,0,0
1637,27.31062,free_swing,592,464,685,343,-28.275,142.454,0,-318.25,285.74,0,152.61,0.37,2500,0,0,0
1638,27.3273,free_swing,580,457,665,330,-33.584,146.206,0,-281.25,295.46,0,152.82,0.50,2500,0,0,0
1639,27.34398,free_swing,571,450,642,316,-37.942,152.083,0,-210.95,372.87,0,151.65,0.27,2500,0,0,0
1640,27.36067,free_swing,566,446,620,304,-40.394,159.179,0,-119.32,489.33,0,151.92,0.09,2500,0,0,0
1641,27.37735,free_swing,563,444,594,295,-41.760,168.247,0,-45.92,559.90,0,152.19,0.09,2500,0,0,0
1642,27.39403,free_swing,563,443,568,292,-42.016,178.103,0,14.47,614.03,0,151.08,0.64,2500,0,0,0
1643,27.41072,free_swing,564,445,541,295,-41.222,-171.283,0,95.66,688.50,0,151.75,0.20,2500,0,0,0
1644,27.4274,free_swing,568,449,514,306,-39.075,-159.312,0,180.10,780.04,0,152.86,0.53,2500,0,0,0
1645,27.44408,free_swing,576,455,488,330,-35.272,-144.854,0,235.76,877.49,0,152.87,0.54,2500,0,0,0
1646,27.46077,free_swing,585,461,467,362,-31.159,-129.996,0,243.35,963.42,0,154.03,1.30,2500,0,0,0
1647,27.47745,free_swing,594,465,453,405,-27.420,-113.051,0,210.50,1039.10,0,153.24,0.78,2500,0,0,0
1648,27.49413,free_swing,602,468,451,455,-24.158,-94.921,0,174.67,1151.77,0,151.56,0.32,2500,0,0,0
1649,27.51082,free_swing,608,471,462,509,-21.588,-75.411,0,157.39,1181.03,0,150.86,0.78,2500,0,0,0
1650,27.5275,free_swing,614,473,492,562,-19.163,-53.889,0,130.13,1310.35,0,151.01,0.68,2500,0,0,0
1651,27.54418,free_swing,620,475,536,600,-16.736,-33.901,0,108.40,1439.80,0,150.60,0.95,2500,0,0,0
1652,27.56087,free_swing,623,476,606,627,-15.524,-6.423,0,112.70,1400.70,0,151.95,0.06,2500,0,0,0
1653,27.57755,free_swing,629,477,671,628,-13.196,15.544,0,162.53,1241.88,0,156.73,3.08,2500,0,0,0
1654,27.59423,free_swing,638,478,719,607,-9.717,32.125,0,246.46,1005.95,1,152.32,0.18,2500,1,0,0
1655,27.61092,free_swing,650,480,765,579,-5.020,49.276,0,322.18,915.16,0,151.74,0.20,2500,0,0,0
1656,27.6276,free_swing,665,480,801,547,0.774,63.773,0,370.57,836.73,0,151.61,0.29,2500,0,0,0
1657,27.64428,free_swing,682,479,829,514,7.365,76.608,0,372.47,727.95,0,151.11,0.62,2500,0,0,0
1658,27.66097,free_swing,697,477,850,482,13.196,88.128,0,348.27,638.93,0,153.08,0.68,2500,0,0,0
1659,27.67765,free_swing,710,473,861,451,18.435,98.289,0,299.59,560.71,0,152.59,0.36,2500,0,0,0
1660,27.69433,free_swing,722,469,867,426,23.299,106.518,0,235.60,481.73,0,151.24,0.53,2500,0,0,0
1661,27.71102,free_swing,729,466,867,403,26.222,114.538,0,127.95,418.75,0,151.70,0.23,2500,0,0,0
1662,27.7277,free_swing,732,464,862,387,27.597,120.639,0,14.56,364.91,0,151.09,0.63,2500,0,0,0
1663,27.74438,free_swing,730,465,852,375,26.737,126.416,0,-58.33,304.80,0,151.60,0.29,2500,0,0,0
1664,27.76107,free_swing,727,467,842,367,25.364,131.009,0,-120.54,242.87,0,152.40,0.23,2500,0,0,0
1665,27.77775,free_swing,722,469,831,362,23.299,134.469,0,-164.32,166.00,0,152.74,0.45,2500,0,0,0
1666,27.79443,free_swing,713,472,819,361,19.654,136.320,0,-220.33,70.57,0,153.48,0.94,2500,0,0,0
1667,27.81112,free_swing,704,475,808,363,15.998,137.121,0,-260.42,-17.99,0,152.84,0.52,2500,0,0,0
1668,27.8278,free_swing,692,478,800,368,11.234,135.526,0,-278.95,-102.96,0,154.16,1.38,2500,0,0,0
1669,27.84448,free_swing,680,480,791,374,6.553,133.680,0,-287.09,-179.11,0,153.48,0.94,2500,0,0,0
1670,27.86117,free_swing,668,481,785,383,1.922,129.950,0,-267.55,-232.43,0,152.62,0.37,2500,0,0,0
1671,27.87785,free_swing,657,481,781,392,-2.306,125.669,0,-240.48,-284.34,0,152.63,0.38,2500,0,0,0
1672,27.89453,free_swing,648,480,778,402,-5.787,120.964,0,-166.33,-276.04,0,151.60,0.29,2500,0,0,0
1673,27.91122,free_swing,642,480,779,413,-8.076,116.061,0,-57.77,-261.48,0,152.51,0.30,2500,0,0,0
1674,27.9279,free_swing,643,480,783,422,-7.696,112.504,0,51.30,-242.19,0,151.54,0.34,2500,0,0,0
1675,27.94458,free_swing,647,480,792,433,-6.170,107.959,0,121.12,-254.89,0,152.43,0.25,2500,0,0,0
1676,27.96127,free_swing,653,481,801,445,-3.840,103.671,0,148.09,-305.42,0,152.32,0.17,2500,0,0,0
1677,27.97795,free_swing,660,481,811,460,-1.153,97.918,0,192.93,-365.70,0,152.45,0.26,2500,0,0,0
1678,27.99463,free_swing,669,480,822,477,2.322,91.123,0,249.32,-448.30,0,153.03,0.64,2500,0,0,0
1679,28.01132,free_swing,682,479,833,498,7.365,82.828,0,317.68,-554.26,0,152.19,0.09,2500,0,0,0
1680,28.028,free_swing,696,476,841,521,12.907,72.759,0,369.72,-687.99,0,151.82,0.15,2500,0,0,0
1681,28.04468,free_swing,713,472,843,548,19.654,59.689,0,418.64,-852.53,0,150.59,0.96,2500,0,0,0
1682,28.06137,free_swing,730,465,836,572,26.737,44.731,0,474.38,-995.52,0,150.62,0.95,2500,0,0,0
1683,28.07805,free_swing,749,455,817,588,34.961,27.080,0,477.30,-1020.05,0,149.38,1.76,2500,0,0,0
1684,28.09473,free_swing,765,442,792,590,42.839,10.339,0,402.67,-916.61,0,150.44,1.06,2500,0,0,0
1685,28.11142,free_swing,775,432,767,583,48.240,-3.033,0,259.38,-744.08,0,151.21,0.55,2500,0,0,0
1686,28.1281,free_swing,780,426,743,574,51.221,-14.036,0,123.39,-604.58,0,152.55,0.33,2500,0,0,0
1687,28.14478,free_swing,782,424,721,564,52.292,-23.543,0,22.12,-521.13,0,152.71,0.43,2500,0,0,0
1688,28.16147,free_swing,781,424,700,556,52.058,-31.535,0,-70.37,-467.07,0,154.87,1.85,2500,0,0,0
1689,28.17815,free_swing,778,428,680,549,50.145,-39.005,0,-159.29,-419.73,0,155.71,2.40,2500,0,0,0
1690,28.19483,free_swing,772,435,660,544,46.621,-45.778,0,-249.19,-371.65,0,156.28,2.78,2500,0,0,0
1691,28.21152,free_swing,763,443,641,541,42.016,-51.226,0,-317.86,-302.20,0,156.49,2.92,2500,0,0,0
1692,28.2282,free_swing,751,453,622,541,36.027,-55.699,0,-370.94,-213.85,0,156.16,2.70,2500,0,0,0
1693,28.24488,free_swing,737,462,604,544,29.650,-58.344,0,-409.81,-95.19,0,156.25,2.76,2500,0,0,0
1694,28.26157,free_swing,720,470,586,551,22.443,-58.848,0,-444.95,37.69,0,156.58,2.98,2500,0,0,0
1695,28.27825,free_swing,701,476,570,562,14.783,-56.716,0,-489.30,192.18,0,156.71,3.06,2500,0,0,0
1696,28.29493,free_swing,679,480,556,574,6.170,-52.612,0,-530.74,358.01,0,154.81,1.81,2500,0,0,0
1697,28.31162,free_swing,655,480,548,588,-3.094,-44.734,0,-590.46,553.91,0,152.03,0.02,2500,0,0,0
1698,28.3283,free_swing,629,478,543,603,-13.109,-34.528,0,-643.84,730.30,0,151.73,0.21,2500,0,0,0
1699,28.34498,free_swing,601,469,547,609,-24.349,-21.092,0,-640.11,767.22,0,150.05,1.31,2500,0,0,0
1700,28.36167,free_swing,577,456,555,603,-34.743,-8.512,0,-573.81,663.67,0,148.64,2.25,2500,0,0,0
1701,28.37835,free_swing,561,442,562,591,-42.839,0.385,0,-454.04,480.42,0,149.00,2.01,2500,0,0,0
1702,28.39503,free_swing,549,429,567,580,-49.606,6.798,0,-304.08,299.35,0,152.07,0.01,2500,0,0,0
1703,28.41172,free_swing,542,422,571,572,-53.358,10.942,0,-133.50,138.90,0,152.78,0.48,2500,0,0,0
1704,28.4284,free_swing,541,421,572,572,-53.889,11.602,0,33.47,5.25,0,154.15,1.38,2500,0,0,0
1705,28.44508,free_swing,544,424,573,576,-52.292,10.802,0,139.49,-76.10,0,154.74,1.77,2500,0,0,0
1706,28.46177,free_swing,549,430,574,582,-49.316,9.340,0,205.88,-122.06,0,154.04,1.31,2500,0,0,0
1707,28.47845,free_swing,556,437,574,589,-45.541,6.754,0,273.11,-200.74,0,153.06,0.66,2500,0,0,0
1708,28.49513,free_swing,566,446,573,599,-40.394,2.620,0,349.80,-318.42,0,153.16,0.73,2500,0,0,0
1709,28.51182,free_swing,580,456,570,608,-33.797,-3.764,0,425.34,-442.67,0,152.33,0.18,2500,0,0,0
1710,28.5285,free_swing,597,466,565,615,-26.222,-12.121,0,487.02,-540.49,0,152.40,0.23,2500,0,0,0
1711,28.54518,free_swing,617,475,562,615,-17.832,-21.448,0,518.55,-563.74,0,150.42,1.08,2500,0,0,0
1712,28.56187,free_swing,640,480,563,609,-8.833,-30.833,0,525.74,-520.65,0,150.23,1.20,2500,0,0,0
1713,28.57855,free_swing,662,481,569,598,-0.385,-38.480,0,520.01,-428.35,0,149.46,1.71,2500,0,0,0
1714,28.59523,free_swing,684,479,579,585,8.130,-44.728,0,493.83,-290.76,0,149.20,1.88,2500,0,0,0
1715,28.61192,free_swing,705,475,592,575,16.368,-48.493,0,460.72,-144.91,0,150.89,0.76,2500,0,0,0
1716,28.6286,free_swing,722,469,607,568,23.299,-49.276,0,409.28,3.67,0,151.74,0.20,2500,0,0,0
1717,28.64528,free_swing,737,461,623,562,29.840,-48.460,0,349.54,115.09,0,152.31,0.17,2500,0,0,0
1718,28.66197,free_swing,749,454,640,561,35.181,-45.531,0,293.54,209.88,0,152.74,0.45,2500,0,0,0
1719,28.67865,free_swing,758,448,657,562,39.316,-41.540,0,223.93,297.40,0,152.31,0.17,2500,0,0,0
1720,28.69533,free_swing,764,442,675,566,42.558,-35.669,0,135.98,373.73,0,152.63,0.38,2500,0,0,0
1721,28.71202,free_swing,767,440,693,574,43.919,-28.909,0,6.67,457.08,0,153.08,0.67,2500,0,0,0
1722,28.7287,free_swing,765,442,711,586,42.839,-20.556,0,-130.06,546.32,0,153.79,1.14,2500,0,0,0
1723,28.74538,free_swing,758,448,730,599,39.316,-10.505,0,-251.69,664.93,0,153.57,1.00,2500,0,0,0
1724,28.76207,free_swing,748,455,752,608,34.647,1.498,0,-356.22,803.76,0,153.05,0.66,2500,0,0,0
1725,28.77875,free_swing,733,464,774,609,27.937,15.789,0,-421.63,902.65,0,150.69,0.90,2500,0,0,0
1726,28.79543,free_swing,715,472,793,599,20.376,31.557,0,-429.36,884.37,0,149.04,1.98,2500,0,0,0
1727,28.81212,free_swing,698,477,803,580,13.570,45.551,0,-403.03,786.06,0,147.09,3.27,2500,0,0,0
1728,28.8288,free_swing,682,479,808,561,7.365,56.944,0,-395.86,676.90,0,150.33,1.13,2500,0,0,0
1729,28.84548,free_swing,664,480,804,537,0.387,67.847,0,-414.29,575.91,0,151.16,0.59,2500,0,0,0
1730,28.86217,free_swing,646,480,795,515,-6.553,76.781,0,-405.88,461.49,0,153.06,0.66,2500,0,0,0
1731,28.87885,free_swing,629,477,783,496,-13.196,82.967,0,-366.78,335.88,0,155.17,2.05,2500,0,0,0
1732,28.89553,free_swing,615,474,769,480,-18.677,87.769,0,-331.32,225.22,0,154.12,1.36,2500,0,0,0
1733,28.91222,free_swing,602,469,756,466,-24.001,91.116,0,-297.46,151.80,0,154.03,1.30,2500,0,0,0
1734,28.9289,free_swing,591,463,745,456,-28.794,92.603,0,-263.88,97.19,0,154.16,1.39,2500,0,0,0
1735,28.94558,free_swing,582,459,735,447,-32.530,94.485,0,-197.83,72.38,0,153.47,0.93,2500,0,0,0
1736,28.96227,free_swing,576,455,729,440,-35.272,95.599,0,-88.07,97.44,0,153.73,1.11,2500,0,0,0
1737,28.97895,free_swing,575,454,727,435,-35.803,97.125,0,31.35,124.76,0,153.18,0.74,2500,0,0,0
1738,28.99563,free_swing,579,457,730,430,-33.901,100.138,0,135.37,156.18,0,153.39,0.88,2500,0,0,0
1739,29.01232,free_swing,585,460,735,427,-31.357,102.407,0,197.54,156.67,0,153.59,1.01,2500,0,0,0
1740,29.029,free_swing,594,464,741,425,-27.597,104.859,0,238.91,123.13,0,152.09,0.02,2500,0,0,0
1741,29.04568,free_swing,604,469,750,425,-23.299,106.771,0,281.77,86.87,0,152.49,0.29,2500,0,0,0
1742,29.06237,free_swing,616,474,762,428,-18.314,107.488,0,321.09,25.30,0,153.08,0.67,2500,0,0,0
1743,29.07905,free_swing,630,478,776,432,-12.736,107.488,0,346.68,-46.51,0,153.08,0.67,2500,0,0,0
1744,29.09573,free_swing,646,480,793,438,-6.553,105.945,0,360.24,-138.54,0,152.88,0.55,2500,0,0,0
1745,29.11242,free_swing,661,481,811,447,-0.769,102.771,0,376.34,-250.27,0,153.81,1.15,2500,0,0,0
1746,29.1291,free_swing,678,480,830,460,5.787,97.496,0,403.82,-369.60,0,153.31,0.83,2500,0,0,0
1747,29.14578,free_swing,696,477,849,476,12.821,90.374,0,430.87,-501.77,0,153.00,0.63,2500,0,0,0
1748,29.16247,free_swing,714,471,864,495,20.148,80.910,0,434.36,-636.51,0,151.91,0.10,2500,0,0,0
1749,29.17915,free_swing,731,464,873,518,27.255,69.179,0,445.99,-779.98,0,151.92,0.09,2500,0,0,0
1750,29.19583,free_swing,747,455,872,540,34.330,55.784,0,416.08,-834.62,0,151.16,0.59,2500,0,0,0
1751,29.21252,free_swing,762,445,861,557,41.222,41.474,0,295.17,-719.59,0,149.48,1.69,2500,0,0,0
1752,29.2292,free_swing,768,439,846,567,44.459,31.357,0,101.83,-489.29,1,149.89,1.42,2500,1,0,0
1753,29.24588,free_swing,767,439,833,575,44.185,25.887,0,-73.28,-281.14,1,151.17,0.58,2500,1,0,0
1754,29.26257,free_swing,763,443,820,583,42.016,22.153,0,-156.86,-193.04,0,151.16,0.59,2500,0,0,0
1755,29.27925,free_swing,757,448,807,592,39.019,19.148,0,-219.78,-130.96,0,152.43,0.25,2500,0,0,0
1756,29.29593,free_swing,749,454,794,599,35.181,17.241,0,-287.11,-52.36,0,151.82,0.15,2500,0,0,0
1757,29.31262,free_swing,736,462,782,607,29.316,17.601,0,-357.33,27.67,0,152.12,0.05,2500,0,0,0
1758,29.3293,free_swing,722,470,769,613,23.148,18.194,0,-407.56,74.24,0,150.53,1.00,2500,0,0,0
1759,29.34598,free_swing,704,475,755,617,15.998,19.756,0,-443.46,97.50,0,150.88,0.77,2500,0,0,0
1760,29.36267,free_swing,685,480,739,619,8.455,21.231,0,-466.07,93.29,0,149.12,1.93,2500,0,0,0
1761,29.37935,free_swing,664,481,722,619,0.385,22.797,0,-466.64,38.63,0,149.69,1.55,2500,0,0,0
1762,29.39603,free_swing,645,480,702,618,-6.934,22.443,0,-455.13,-50.66,0,149.31,1.80,2500,0,0,0
1763,29.41272,free_swing,626,476,679,616,-14.410,20.735,0,-406.82,-164.49,0,149.70,1.55,2500,0,0,0
1764,29.4294,free_swing,610,471,654,615,-20.872,16.991,0,-343.62,-288.08,0,150.57,0.97,2500,0,0,0
1765,29.44608,free_swing,599,467,628,615,-25.364,11.086,0,-243.92,-427.56,0,150.81,0.81,2500,0,0,0
1766,29.46277,free_swing,591,462,598,615,-28.980,2.620,0,-129.02,-576.51,0,153.16,0.73,2500,0,0,0
1767,29.47945,free_swing,588,462,567,612,-29.982,-7.970,0,-12.21,-719.78,0,151.46,0.39,2500,0,0,0
1768,29.49613,free_swing,590,463,535,605,-29.129,-21.173,0,95.27,-831.57,0,152.28,0.15,2500,0,0,0
1769,29.51282,free_swing,595,465,507,588,-27.080,-35.582,0,143.42,-870.23,0,151.24,0.54,2500,0,0,0
1770,29.5295,free_swing,602,468,485,565,-24.158,-50.339,0,189.74,-879.99,0,151.98,0.05,2500,0,0,0
1771,29.54618,free_swing,609,471,473,537,-21.231,-64.113,0,224.36,-857.32,0,151.17,0.58,2500,0,0,0
1772,29.56287,free_swing,620,476,471,505,-16.626,-78.986,0,247.88,-796.47,0,151.80,0.17,2500,0,0,0
1773,29.57955,free_swing,630,478,477,475,-12.736,-91.123,0,255.42,-717.02,0,153.03,0.64,2500,0,0,0
1774,29.59623,free_swing,641,480,491,448,-8.455,-102.043,0,249.18,-616.87,0,153.38,0.87,2500,0,0,0
1775,29.61292,free_swing,652,481,509,423,-4.222,-112.077,0,265.27,-546.24,0,154.31,1.49,2500,0,0,0
1776,29.6296,free_swing,664,482,530,404,0.382,-120.203,0,291.82,-448.38,0,155.05,1.97,2500,0,0,0
1777,29.64628,free_swing,677,480,555,388,5.404,-127.020,0,325.72,-340.83,0,152.80,0.49,2500,0,0,0
1778,29.66297,free_swing,692,478,578,376,11.234,-131.820,0,346.33,-254.84,0,152.97,0.60,2500,0,0,0
1779,29.67965,free_swing,706,474,600,366,16.847,-135.535,0,328.18,-211.81,0,151.33,0.48,2500,0,0,0
1780,29.69633,free_swing,719,470,619,355,22.087,-138.991,0,273.16,-204.18,0,152.40,0.23,2500,0,0,0
1781,29.71302,free_swing,728,466,637,345,25.877,-143.054,0,209.51,-263.14,0,151.40,0.43,2500,0,0,0
1782,29.7297,free_swing,734,462,653,335,28.641,-147.470,0,120.89,-362.16,0,150.63,0.93,2500,0,0,0
1783,29.74638,free_swing,737,460,675,324,30.033,-155.493,0,-12.93,-516.27,0,149.47,1.70,2500,0,0,0
1784,29.76307,free_swing,734,462,694,316,28.641,-164.678,0,-146.73,-658.39,0,151.38,0.44,2500,0,0,0
1785,29.77975,free_swing,725,467,718,315,24.667,-177.363,0,-240.07,-764.23,0,152.16,0.07,2500,0,0,0
1786,29.79643,free_swing,716,471,743,321,20.872,169.796,0,-266.70,-832.59,0,152.41,0.24,2500,0,0,0
1787,29.81312,free_swing,704,474,769,335,16.105,154.938,0,-276.67,-885.38,0,153.45,0.92,2500,0,0,0
1788,29.8298,free_swing,693,478,791,360,11.611,140.290,0,-294.69,-955.61,0,153.39,0.88,2500,0,0,0
1789,29.84648,free_swing,680,480,808,397,6.553,122.961,0,-287.54,-1076.60,0,152.55,0.33,2500,0,0,0
1790,29.86317,free_swing,668,481,814,442,1.922,104.956,0,-259.31,-1156.24,0,151.12,0.61,2500,0,0,0
1791,29.87985,free_swing,658,481,806,498,-1.922,83.447,0,-200.21,-1208.68,0,148.97,2.03,2500,0,0,0
1792,29.89653,free_swing,651,480,788,545,-4.635,64.618,0,-135.21,-1323.11,0,151.64,0.27,2500,0,0,0
1793,29.91322,free_swing,647,480,746,593,-6.170,41.222,0,-27.54,-1372.04,0,150.23,1.20,2500,0,0,0
1794,29.9299,free_swing,647,480,689,627,-6.170,15.945,0,86.80,-1518.99,0,152.88,0.55,2500,0,0,0
1795,29.94658,free_swing,654,481,637,627,-3.457,-6.642,0,127.60,-1547.74,0,146.99,3.33,2500,0,0,0
1796,29.96327,free_swing,659,481,571,604,-1.538,-35.582,0,70.18,-1470.22,0,151.24,0.54,2500,0,0,0
1797,29.97995,free_swing,658,481,530,562,-1.922,-57.674,0,-76.37,-1303.81,0,151.48,0.38,2500,0,0,0
1798,29.99663,free_swing,653,480,505,515,-3.865,-76.695,0,-197.61,-1090.12,1,152.08,0.02,2500,1,0,0
1799,30.01332,free_swing,641,479,490,467,-8.512,-94.544,0,-282.04,-1008.58,0,151.48,0.38,2500,0,0,0
1800,30.03,free_swing,629,478,486,423,-13.109,-111.038,0,-305.20,-938.58,0,153.21,0.76,2500,0,0,0
1801,30.04668,free_swing,616,474,492,386,-18.314,-125.362,0,-266.14,-854.56,0,152.05,0.00,2500,0,0,0
1802,30.06337,free_swing,607,471,509,356,-21.943,-139.563,0,-195.22,-761.23,0,151.09,0.63,2500,0,0,0
1803,30.08005,free_swing,601,468,528,336,-24.507,-151.056,0,-84.84,-641.17,0,150.84,0.80,2500,0,0,0
1804,30.09673,free_swing,600,467,550,324,-25.017,-160.728,0,13.70,-512.27,0,151.49,0.37,2500,0,0,0
1805,30.11342,free_swing,603,468,572,320,-23.806,-168.170,0,100.27,-420.77,0,151.21,0.55,2500,0,0,0
1806,30.1301,free_swing,608,470,594,319,-21.730,-174.703,0,166.61,-342.06,0,151.65,0.27,2500,0,0,0
1807,30.14678,free_swing,616,473,615,321,-18.435,-179.623,0,239.29,-222.87,0,152.00,0.03,2500,0,0,0
1808,30.16347,free_swing,627,477,635,325,-13.943,176.987,0,296.27,-152.03,0,152.21,0.10,2500,0,0,0
1809,30.18015,free_swing,641,480,651,328,-8.455,176.236,0,317.19,-120.88,0,152.33,0.18,2500,0,0,0
1810,30.19683,free_swing,654,481,674,330,-3.457,172.455,0,315.28,-127.57,0,152.32,0.18,2500,0,0,0
1811,30.21352,free_swing,667,480,691,331,1.548,170.850,0,282.49,-181.83,0,150.92,0.74,2500,0,0,0
1812,30.2302,free_swing,679,480,712,332,6.170,167.430,0,218.83,-267.57,0,151.63,0.28,2500,0,0,0
1813,30.24688,free_swing,686,478,734,335,8.952,161.445,0,141.80,-409.33,0,150.84,0.80,2500,0,0,0
1814,30.26357,free_swing,690,478,758,342,10.477,153.435,0,80.99,-506.34,0,152.05,0.00,2500,0,0,0
1815,30.28025,free_swing,693,477,781,353,11.689,144.638,0,27.00,-595.98,0,152.05,0.00,2500,0,0,0
1816,30.29693,free_swing,693,477,803,371,11.689,133.939,0,-47.71,-688.71,0,152.76,0.47,2500,0,0,0
1817,30.31362,free_swing,689,478,819,399,10.098,121.287,0,-118.66,-795.93,0,152.12,0.05,2500,0,0,0
1818,30.3303,free_swing,683,480,828,434,7.696,107.601,0,-146.59,-883.47,0,152.12,0.05,2500,0,0,0
1819,30.34698,free_swing,677,480,829,475,5.404,91.884,0,-129.04,-965.20,0,152.08,0.02,2500,0,0,0
1820,30.36367,free_swing,672,480,818,518,3.480,75.411,0,-91.70,-1018.96,0,150.86,0.78,2500,0,0,0
1821,30.38035,free_swing,669,480,797,561,2.322,57.674,0,-60.26,-1082.04,0,151.48,0.38,2500,0,0,0
1822,30.39703,free_swing,667,480,761,593,1.548,39.756,0,-40.57,-1172.18,0,146.99,3.33,2500,0,0,0
1823,30.41372,free_swing,665,481,714,622,0.769,19.163,0,-40.58,-1205.34,0,149.27,1.83,2500,0,0,0
1824,30.4304,free_swing,663,481,660,633,0.000,-1.131,0,-75.19,-1156.41,0,152.03,0.02,2500,0,0,0
1825,30.44708,free_swing,659,481,610,625,-1.538,-18.792,0,-132.14,-1023.61,0,152.11,0.04,2500,0,0,0
1826,30.46377,free_swing,651,481,565,604,-4.604,-34.961,0,-197.71,-895.42,0,150.08,1.30,2500,0,0,0
1827,30.48045,free_swing,642,479,527,579,-8.130,-48.991,0,-237.45,-803.17,0,152.40,0.23,2500,0,0,0
1828,30.49713,free_swing,631,477,497,550,-12.445,-61.420,0,-269.25,-703.58,0,152.59,0.36,2500,0,0,0
1829,30.51382,free_swing,620,475,473,520,-16.736,-72.979,0,-271.36,-636.67,0,153.73,1.11,2500,0,0,0
1830,30.5305,free_swing,608,471,457,491,-21.588,-82.455,0,-231.37,-574.64,0,152.32,0.18,2500,0,0,0
1831,30.54718,free_swing,601,468,448,462,-24.507,-92.246,0,-171.21,-534.14,0,153.12,0.70,2500,0,0,0
1832,30.56387,free_swing,596,465,445,437,-26.737,-100.505,0,-93.32,-513.02,0,153.57,1.00,2500,0,0,0
1833,30.58055,free_swing,593,464,448,414,-27.937,-109.026,0,-17.80,-480.41,0,153.38,0.87,2500,0,0,0
1834,30.59723,free_swing,594,465,457,396,-27.420,-116.732,0,58.30,-436.57,0,153.39,0.88,2500,0,0,0
1835,30.61392,free_swing,598,467,470,382,-25.710,-123.587,0,118.26,-371.92,0,153.65,1.05,2500,0,0,0
1836,30.6306,free_swing,603,469,484,373,-23.651,-128.894,0,160.37,-307.44,0,152.90,0.55,2500,0,0,0
1837,30.64728,free_swing,611,472,500,366,-20.376,-133.680,0,218.01,-224.87,0,153.48,0.94,2500,0,0,0
1838,30.66397,free_swing,621,475,516,364,-16.368,-136.591,0,289.85,-113.58,0,152.79,0.49,2500,0,0,0
1839,30.68065,free_swing,635,478,531,365,-10.856,-137.375,0,348.98,10.32,0,153.57,1.00,2500,0,0,0
1840,30.69733,free_swing,651,480,544,369,-4.635,-136.051,0,386.93,123.78,0,154.18,1.40,2500,0,0,0
1841,30.71402,free_swing,668,481,556,375,1.922,-133.423,0,399.21,224.90,0,154.21,1.42,2500,0,0,0
1842,30.7307,free_swing,685,479,565,383,8.512,-128.660,0,400.81,319.22,0,153.67,1.07,2500,0,0,0
1843,30.74738,free_swing,702,476,573,393,15.154,-122.758,0,383.39,400.86,0,153.39,0.88,2500,0,0,0
1844,30.76407,free_swing,717,471,579,405,21.231,-115.560,0,337.30,449.71,0,152.97,0.60,2500,0,0,0
1845,30.78075,free_swing,729,466,583,419,26.222,-107.844,0,257.60,464.33,0,153.38,0.87,2500,0,0,0
1846,30.79743,free_swing,737,462,587,435,29.650,-100.204,0,138.44,432.47,0,152.41,0.24,2500,0,0,0
1847,30.81412,free_swing,740,460,587,451,31.030,-93.366,0,7.39,381.29,0,153.26,0.80,2500,0,0,0
1848,30.8308,free_swing,737,461,584,468,29.840,-87.380,0,-101.35,360.80,0,153.16,0.73,2500,0,0,0
1849,30.84748,free_swing,732,464,580,487,27.597,-81.396,0,-161.57,397.45,0,153.73,1.10,2500,0,0,0
1850,30.86417,free_swing,725,468,578,510,24.507,-74.055,0,-207.11,455.82,0,152.88,0.55,2500,0,0,0
1851,30.88085,free_swing,716,471,575,535,20.872,-65.587,0,-265.85,531.36,0,154.85,1.84,2500,0,0,0
1852,30.89753,free_swing,703,476,575,561,15.524,-56.413,0,-345.99,631.01,0,153.65,1.05,2500,0,0,0
1853,30.91422,free_swing,687,479,580,588,9.273,-44.469,0,-434.83,797.37,0,152.74,0.45,2500,0,0,0
1854,30.9309,free_swing,666,482,590,614,1.146,-29.932,0,-533.33,1002.02,1,152.32,0.17,2500,1,0,0
1855,30.94758,free_swing,642,481,611,628,-8.022,-11.908,0,-577.90,1086.64,0,150.23,1.20,2500,0,0,0
1856,30.96427,free_swing,616,474,634,623,-18.314,6.888,0,-541.37,1020.56,0,150.08,1.30,2500,0,0,0
1857,30.98095,free_swing,598,466,653,605,-25.877,21.588,0,-437.69,836.81,0,149.49,1.69,2500,0,0,0
1858,30.99763,free_swing,583,458,668,583,-32.412,34.216,0,-312.78,670.54,0,151.16,0.59,2500,0,0,0
1859,31.01432,free_swing,574,452,681,562,-36.563,44.208,0,-208.27,564.40,0,153.46,0.92,2500,0,0,0
1860,31.031,free_swing,568,448,692,541,-39.316,53.130,0,-116.82,474.14,0,155.00,1.94,2500,0,0,0
1861,31.04768,free_swing,566,446,700,522,-40.394,60.440,0,-47.58,430.24,0,154.05,1.31,2500,0,0,0
1862,31.06437,free_swing,565,445,708,505,-40.934,67.238,0,34.20,414.55,0,155.08,1.99,2500,0,0,0
1863,31.08105,free_swing,567,448,717,490,-39.611,74.358,0,111.31,401.62,0,155.77,2.44,2500,0,0,0
1864,31.09773,free_swing,573,452,725,476,-36.870,81.027,0,186.35,387.96,0,153.88,1.20,2500,0,0,0
1865,31.11442,free_swing,580,457,734,466,-33.584,86.655,0,234.74,335.36,0,154.26,1.45,2500,0,0,0
1866,31.1311,free_swing,590,463,745,456,-29.129,92.586,0,281.26,279.23,0,155.16,2.04,2500,0,0,0
1867,31.14778,free_swing,602,468,756,452,-24.158,95.932,0,328.58,221.76,0,154.83,1.83,2500,0,0,0
1868,31.16447,free_swing,616,474,768,449,-18.314,99.340,0,364.86,142.72,0,154.04,1.31,2500,0,0,0
1869,31.18115,free_swing,632,478,783,448,-11.988,101.237,0,389.07,56.01,0,153.95,1.25,2500,0,0,0
1870,31.19783,free_swing,649,481,800,452,-5.368,100.871,0,388.51,-75.75,0,153.76,1.12,2500,0,0,0
1871,31.21452,free_swing,666,481,818,458,1.153,98.604,0,399.89,-202.13,0,153.73,1.10,2500,0,0,0
1872,31.2312,free_swing,683,479,838,468,7.748,94.059,0,441.04,-343.16,0,155.39,2.19,2500,0,0,0
1873,31.24788,free_swing,703,475,856,482,15.627,87.380,0,469.24,-480.24,0,153.16,0.73,2500,0,0,0
1874,31.26457,free_swing,723,467,871,499,23.962,77.800,0,483.30,-627.53,0,151.42,0.42,2500,0,0,0
1875,31.28125,free_swing,740,459,881,519,31.228,66.949,0,479.51,-755.75,0,153.24,0.78,2500,0,0,0
1876,31.29793,free_swing,758,448,879,538,39.316,53.358,0,433.20,-779.91,0,150.80,0.82,2500,0,0,0
1877,31.31462,free_swing,771,436,869,550,46.081,40.684,0,304.63,-652.45,0,150.33,1.13,2500,0,0,0
1878,31.3313,free_swing,776,429,856,558,49.357,31.805,0,105.48,-420.08,1,151.79,0.17,2500,1,0,0
1879,31.34798,free_swing,776,429,845,564,49.357,27.072,0,-60.75,-224.52,0,151.61,0.29,2500,0,0,0
1880,31.36467,free_swing,773,433,835,571,47.442,24.193,0,-147.60,-135.99,0,151.29,0.50,2500,0,0,0
1881,31.38135,free_swing,768,439,826,579,44.459,22.504,0,-201.36,-97.08,0,151.54,0.34,2500,0,0,0
1882,31.39803,free_swing,761,445,815,587,40.934,20.821,0,-269.81,-21.44,0,151.92,0.09,2500,0,0,0
1883,31.41472,free_swing,750,453,805,595,35.716,21.173,0,-348.56,66.76,0,152.28,0.15,2500,0,0,0
1884,31.4314,free_swing,736,463,796,601,29.129,23.499,0,-406.50,133.51,0,150.48,1.03,2500,0,0,0
1885,31.44808,free_swing,719,470,784,606,22.087,25.545,0,-442.52,142.20,0,150.73,0.87,2500,0,0,0
1886,31.46477,free_swing,701,476,771,609,14.783,27.759,0,-465.54,128.80,0,150.30,1.16,2500,0,0,0
1887,31.48145,free_swing,680,480,754,610,6.553,29.650,0,-473.38,86.44,0,149.59,1.62,2500,0,0,0
1888,31.49813,free_swing,660,481,736,609,-1.153,30.700,0,-465.88,-5.09,0,148.86,2.10,2500,0,0,0
1889,31.51482,free_swing,641,479,714,609,-8.512,29.316,0,-432.46,-122.80,0,149.09,1.95,2500,0,0,0
1890,31.5315,free_swing,623,475,689,609,-15.627,26.222,0,-382.68,-258.95,0,149.37,1.76,2500,0,0,0
1891,31.54818,free_swing,609,471,663,612,-21.231,20.956,0,-299.31,-392.34,0,150.99,0.70,2500,0,0,0
1892,31.56487,free_swing,599,467,633,615,-25.364,12.938,0,-189.41,-534.96,0,151.86,0.13,2500,0,0,0
1893,31.58155,free_swing,594,464,602,617,-27.597,2.993,0,-72.38,-685.94,0,153.21,0.76,2500,0,0,0
1894,31.59823,free_swing,593,465,568,614,-27.759,-9.525,0,46.95,-828.15,0,151.08,0.64,2500,0,0,0
1895,31.61492,free_swing,597,467,534,604,-26.053,-24.696,0,156.66,-953.17,0,150.79,0.83,2500,0,0,0
1896,31.6316,free_swing,605,470,506,584,-22.797,-40.972,0,231.10,-1005.67,0,150.99,0.70,2500,0,0,0
1897,31.64828,free_swing,616,474,488,554,-18.314,-57.995,0,274.64,-980.93,0,150.94,0.73,2500,0,0,0
1898,31.66497,free_swing,627,477,481,520,-13.943,-73.589,0,267.58,-898.17,0,152.20,0.10,2500,0,0,0
1899,31.68165,free_swing,639,479,486,485,-9.273,-87.754,0,248.56,-799.18,0,153.12,0.70,2500,0,0,0
1900,31.69833,free_swing,648,480,497,453,-5.787,-100.138,0,231.33,-724.73,0,153.39,0.88,2500,0,0,0
1901,31.71502,free_swing,659,481,516,424,-1.538,-111.732,0,236.79,-642.05,0,153.94,1.24,2500,0,0,0
1902,31.7317,free_swing,669,481,539,400,2.306,-121.926,0,276.35,-548.94,0,153.17,0.73,2500,0,0,0
1903,31.74838,free_swing,682,479,565,381,7.365,-129.950,0,311.71,-442.97,0,152.62,0.37,2500,0,0,0
1904,31.76507,free_swing,696,477,592,366,12.821,-136.865,0,321.32,-374.44,0,152.11,0.04,2500,0,0,0
1905,31.78175,free_swing,709,473,617,352,18.068,-142.753,0,285.89,-386.34,0,152.00,0.03,2500,0,0,0
1906,31.79843,free_swing,719,470,642,340,22.087,-149.361,0,228.09,-413.01,0,151.09,0.63,2500,0,0,0
1907,31.81512,free_swing,727,466,669,326,25.530,-157.496,0,153.13,-474.50,0,151.54,0.34,2500,0,0,0
1908,31.8318,free_swing,731,463,692,318,27.433,-164.946,0,80.63,-548.97,0,150.15,1.25,2500,0,0,0
1909,31.84848,free_swing,732,462,720,312,27.958,-175.426,0,11.34,-625.48,0,150.48,1.03,2500,0,0,0
1910,31.86517,free_swing,732,463,750,312,27.777,173.202,0,-58.09,-737.28,0,152.07,0.01,2500,0,0,0
1911,31.88185,free_swing,729,465,779,321,26.392,160.852,0,-127.06,-813.53,0,152.43,0.25,2500,0,0,0
1912,31.89853,free_swing,722,468,808,342,23.452,145.685,0,-179.94,-910.43,0,152.55,0.33,2500,0,0,0
1913,31.91522,free_swing,715,472,831,373,20.376,130.479,0,-196.33,-970.92,0,152.50,0.30,2500,0,0,0
1914,31.9319,free_swing,707,474,847,414,17.216,113.199,0,-183.78,-1046.17,0,152.32,0.17,2500,0,0,0
1915,31.94858,free_swing,700,477,850,462,14.315,95.711,0,-154.51,-1159.25,0,150.75,0.86,2500,0,0,0
1916,31.96527,free_swing,694,477,840,517,12.068,74.678,0,-98.13,-1292.84,0,151.38,0.44,2500,0,0,0
1917,31.98195,free_swing,691,478,811,569,10.856,52.826,0,-53.72,-1354.29,0,150.60,0.95,2500,0,0,0
1918,31.99863,free_swing,690,479,763,610,10.408,29.129,0,-42.05,-1356.35,0,149.97,1.37,2500,0,0,0
1919,32.01532,free_swing,687,479,709,628,9.273,8.399,0,-70.59,-1303.20,0,150.62,0.95,2500,0,0,0
1920,32.032,free_swing,683,479,646,627,7.748,-14.036,0,-131.25,-1214.16,0,152.55,0.33,2500,0,0,0
1921,32.04868,free_swing,676,480,594,609,5.020,-32.442,0,-209.04,-1087.27,0,152.86,0.53,2500,0,0,0
1922,32.06537,free_swing,665,481,549,579,0.769,-49.808,0,-290.91,-908.75,0,151.86,0.13,2500,0,0,0
1923,32.08205,free_swing,651,480,516,548,-4.635,-63.265,0,-338.49,-794.21,0,151.16,0.59,2500,0,0,0
1924,32.09873,free_swing,636,479,487,517,-10.408,-75.693,0,-340.90,-696.18,0,153.77,1.13,2500,0,0,0
1925,32.11542,free_swing,622,476,469,484,-15.893,-87.007,0,-317.13,-621.99,0,153.21,0.76,2500,0,0,0
1926,32.1321,free_swing,610,472,457,454,-20.735,-96.710,0,-275.37,-543.52,0,154.06,1.32,2500,0,0,0
1927,32.14878,free_swing,600,467,453,428,-25.017,-104.859,0,-215.92,-491.15,0,152.09,0.02,2500,0,0,0
1928,32.16547,free_swing,593,464,452,404,-27.937,-113.051,0,-138.30,-450.62,0,153.24,0.78,2500,0,0,0
1929,32.18215,free_swing,589,463,457,386,-29.461,-120.256,0,-41.36,-400.88,0,152.82,0.50,2500,0,0,0
1930,32.19883,free_swing,589,463,466,373,-29.461,-126.193,0,49.15,-336.28,0,152.41,0.24,2500,0,0,0
1931,32.21552,free_swing,593,465,478,364,-27.759,-131.292,0,129.48,-263.58,0,153.06,0.66,2500,0,0,0
1932,32.2322,free_swing,599,468,491,359,-25.201,-135.264,0,182.89,-197.23,0,153.44,0.91,2500,0,0,0
1933,32.24888,free_swing,608,471,503,357,-21.588,-137.353,0,240.19,-89.07,0,154.99,1.93,2500,0,0,0
1934,32.26557,free_swing,618,475,516,359,-17.468,-138.674,0,299.82,18.11,0,154.47,1.59,2500,0,0,0
1935,32.28225,free_swing,633,478,526,365,-11.611,-136.562,0,349.23,127.11,0,155.62,2.35,2500,0,0,0
1936,32.29893,free_swing,648,480,537,372,-5.787,-134.215,0,364.42,229.72,0,154.87,1.85,2500,0,0,0
1937,32.31562,free_swing,664,481,545,383,0.385,-129.472,0,351.17,301.02,0,154.16,1.39,2500,0,0,0
1938,32.3323,free_swing,678,480,551,395,5.787,-123.794,0,334.67,378.80,0,152.82,0.50,2500,0,0,0
1939,32.34898,free_swing,692,478,556,408,11.234,-117.235,0,286.28,420.34,0,152.96,0.60,2500,0,0,0
1940,32.36567,free_swing,703,476,559,424,15.524,-109.855,0,210.62,438.47,0,153.10,0.69,2500,0,0,0
1941,32.38235,free_swing,709,474,560,441,17.949,-102.488,0,89.97,430.56,0,152.61,0.37,2500,0,0,0
1942,32.39903,free_swing,711,474,558,459,18.677,-95.599,0,-27.43,418.66,0,153.73,1.11,2500,0,0,0
1943,32.41572,free_swing,707,475,554,479,17.103,-88.502,0,-105.79,434.45,0,153.05,0.66,2500,0,0,0
1944,32.4324,free_swing,701,476,550,500,14.783,-80.969,0,-165.78,475.14,0,152.90,0.55,2500,0,0,0
1945,32.44908,free_swing,694,478,546,525,11.988,-72.382,0,-225.47,547.21,0,155.28,2.12,2500,0,0,0
1946,32.46577,free_swing,682,480,545,551,7.316,-62.605,0,-300.87,659.41,0,154.30,1.48,2500,0,0,0
1947,32.48245,free_swing,667,481,549,579,1.538,-50.290,0,-395.59,823.22,0,153.39,0.88,2500,0,0,0
1948,32.49913,free_swing,649,482,561,606,-5.332,-35.362,0,-476.77,1002.98,0,152.05,0.00,2500,0,0,0
1949,32.51582,free_swing,626,478,581,622,-14.221,-17.354,0,-519.61,1089.97,0,150.87,0.78,2500,0,0,0
1950,32.5325,free_swing,605,470,608,619,-22.797,1.153,0,-489.93,1038.62,0,149.03,1.99,2500,0,0,0
1951,32.54918,free_swing,588,461,632,605,-30.174,16.991,0,-400.61,889.01,0,150.57,0.97,2500,0,0,0
1952,32.56587,free_swing,575,453,651,583,-36.027,30.311,0,-308.00,741.11,0,150.59,0.96,2500,0,0,0
1953,32.58255,free_swing,566,446,668,560,-40.394,41.820,0,-221.56,638.08,0,152.97,0.60,2500,0,0,0
1954,32.59923,free_swing,560,441,681,536,-43.379,51.864,0,-137.47,573.88,0,153.84,1.17,2500,0,0,0
1955,32.61592,free_swing,557,438,692,513,-45.000,60.945,0,-48.38,531.48,0,154.43,1.57,2500,0,0,0
1956,32.6326,free_swing,557,438,702,491,-45.000,69.922,0,51.03,527.78,0,154.38,1.53,2500,0,0,0
1957,32.64928,free_swing,560,441,711,472,-43.379,78.398,0,143.63,535.48,0,154.15,1.38,2500,0,0,0
1958,32.66597,free_swing,566,447,720,453,-40.147,87.769,0,222.12,526.98,0,154.12,1.36,2500,0,0,0
1959,32.68265,free_swing,575,453,728,436,-36.027,96.340,0,287.67,515.96,0,153.94,1.24,2500,0,0,0
1960,32.69933,free_swing,587,460,735,422,-30.700,104.400,0,344.07,481.88,0,152.80,0.49,2500,0,0,0
1961,32.71602,free_swing,601,468,743,409,-24.507,112.563,0,397.32,446.73,0,153.77,1.13,2500,0,0,0
1962,32.7327,free_swing,618,474,752,399,-17.583,119.236,0,435.50,377.73,0,153.56,0.99,2500,0,0,0
1963,32.74938,free_swing,637,479,763,391,-10.030,124.931,0,457.82,277.02,0,153.69,1.08,2500,0,0,0
1964,32.76607,free_swing,657,481,776,386,-2.306,128.601,0,468.66,174.19,0,152.27,0.14,2500,0,0,0
1965,32.78275,free_swing,677,480,793,381,5.404,130.479,0,462.10,63.14,0,152.50,0.30,2500,0,0,0
1966,32.79943,free_swing,697,477,812,378,13.196,130.724,0,451.06,-45.14,0,151.74,0.20,2500,0,0,0
1967,32.81612,free_swing,715,472,834,376,20.376,128.894,0,437.83,-184.01,0,152.90,0.55,2500,0,0,0
1968,32.8328,free_swing,732,464,857,377,27.597,124.838,0,408.50,-324.32,0,152.30,0.16,2500,0,0,0
1969,32.84948,free_swing,747,455,881,384,34.330,117.917,0,387.33,-448.96,0,151.65,0.27,2500,0,0,0
1970,32.86617,free_swing,759,446,902,394,40.101,109.983,0,353.22,-538.42,0,152.16,0.07,2500,0,0,0
1971,32.88285,free_swing,771,436,919,409,46.081,100.339,0,309.17,-589.78,0,150.44,1.06,2500,0,0,0
1972,32.89953,free_swing,778,427,930,426,50.440,90.377,0,229.83,-610.89,0,152.00,0.03,2500,0,0,0
1973,32.91622,free_swing,783,421,932,446,53.437,80.475,0,94.27,-540.38,0,151.08,0.64,2500,0,0,0
1974,32.9329,free_swing,784,420,927,467,53.973,71.806,0,-32.32,-446.23,0,150.53,1.00,2500,0,0,0
1975,32.94958,free_swing,781,424,918,485,52.058,65.999,0,-129.08,-371.90,0,149.97,1.37,2500,0,0,0
1976,32.96627,free_swing,777,429,907,505,49.606,59.689,0,-193.54,-341.67,0,150.59,0.96,2500,0,0,0
1977,32.98295,free_swing,771,436,892,524,46.081,53.973,0,-245.86,-334.00,0,149.62,1.60,2500,0,0,0
1978,32.99963,free_swing,761,444,874,543,41.186,48.778,0,-314.93,-293.54,0,150.23,1.20,2500,0,0,0
1979,33.01632,free_swing,750,453,854,561,35.716,43.919,0,-368.62,-278.05,0,149.93,1.39,2500,0,0,0
1980,33.033,free_swing,735,462,831,578,28.980,39.611,0,-406.02,-282.80,0,150.57,0.97,2500,0,0,0
1981,33.04968,free_swing,719,470,804,594,22.087,34.430,0,-435.03,-301.14,0,150.34,1.13,2500,0,0,0
1982,33.06637,free_swing,701,476,774,607,14.783,29.129,0,-444.39,-343.24,0,149.97,1.37,2500,0,0,0
1983,33.08305,free_swing,682,480,741,618,7.316,23.148,0,-432.69,-405.84,0,150.08,1.30,2500,0,0,0
1984,33.09973,free_swing,664,481,704,626,0.385,15.422,0,-384.87,-504.93,0,150.42,1.08,2500,0,0,0
1985,33.11642,free_swing,649,480,665,630,-5.404,6.089,0,-314.65,-631.96,0,150.85,0.79,2500,0,0,0
1986,33.1331,free_swing,637,479,623,630,-10.030,-5.297,0,-242.52,-747.98,0,151.65,0.27,2500,0,0,0
1987,33.14978,free_swing,628,478,579,621,-13.481,-18.914,0,-175.74,-817.76,0,151.16,0.59,2500,0,0,0
1988,33.16647,free_swing,622,476,540,603,-15.893,-32.849,0,-113.28,-853.87,0,151.17,0.58,2500,0,0,0
1989,33.18315,free_swing,619,474,508,578,-17.216,-46.865,0,-39.21,-894.28,0,152.11,0.04,2500,0,0,0
1990,33.19983,free_swing,618,475,485,545,-17.468,-62.241,0,25.44,-912.08,0,150.30,1.16,2500,0,0,0
1991,33.21652,free_swing,621,476,472,508,-16.260,-77.879,0,73.52,-884.73,0,152.40,0.23,2500,0,0,0
1992,33.2332,free_swing,624,476,471,472,-15.154,-91.498,0,78.88,-830.92,0,153.05,0.66,2500,0,0,0
1993,33.24988,free_swing,628,477,479,437,-13.570,-105.027,0,75.77,-785.60,0,154.28,1.46,2500,0,0,0
1994,33.26657,free_swing,630,478,495,406,-12.736,-118.072,0,83.43,-742.73,0,153.00,0.62,2500,0,0,0
1995,33.28325,free_swing,635,479,517,381,-10.784,-129.710,0,109.84,-657.28,0,153.39,0.88,2500,0,0,0
1996,33.29993,free_swing,640,479,542,362,-8.893,-140.050,0,152.11,-586.80,0,152.62,0.37,2500,0,0,0
1997,33.31662,free_swing,648,480,569,349,-5.787,-148.908,0,200.59,-516.20,0,152.98,0.61,2500,0,0,0
1998,33.3333,free_swing,657,481,599,341,-2.306,-157.496,0,246.47,-408.58,0,151.54,0.34,2500,0,0,0
1999,33.34998,free_swing,669,481,626,335,2.306,-163.589,0,250.27,-367.74,0,152.20,0.10,2500,0,0,0
2000,33.36667,free_swing,679,480,649,331,6.170,-168.616,0,222.22,-392.28,0,151.99,0.04,2500,0,0,0
2001,33.38335,free_swing,687,478,680,327,9.335,-177.346,0,163.53,-491.06,0,151.16,0.59,2500,0,0,0
2002,33.40003,free_swing,693,477,708,327,11.689,174.289,0,105.70,-592.23,0,150.75,0.86,2500,0,0,0
2003,33.41672,free_swing,696,476,738,331,12.907,163.846,0,50.72,-641.64,0,150.96,0.72,2500,0,0,0
2004,33.4334,free_swing,697,476,768,342,13.285,152.083,0,12.04,-709.61,0,151.65,0.27,2500,0,0,0
2005,33.45008,free_swing,697,477,795,359,13.196,140.290,0,-37.46,-785.90,0,153.39,0.88,2500,0,0,0
2006,33.46677,free_swing,695,477,817,387,12.445,126.416,0,-90.74,-880.68,0,151.60,0.29,2500,0,0,0
2007,33.48345,free_swing,689,478,832,425,10.098,110.336,0,-132.57,-970.09,0,152.51,0.30,2500,0,0,0
2008,33.50013,free_swing,684,480,834,470,8.076,93.814,0,-118.34,-1063.98,0,150.33,1.13,2500,0,0,0
2009,33.51682,free_swing,679,479,824,516,6.212,75.685,0,-64.99,-1165.66,0,149.65,1.58,2500,0,0,0
2010,33.5335,free_swing,678,479,801,566,5.826,54.728,0,-31.24,-1248.51,0,150.66,0.92,2500,0,0,0
2011,33.55018,free_swing,677,480,761,605,5.404,33.901,0,-24.11,-1256.32,0,150.60,0.95,2500,0,0,0
2012,33.56687,free_swing,675,480,710,628,4.635,13.305,0,-54.76,-1227.25,0,152.08,0.02,2500,0,0,0
2013,33.58355,free_swing,672,481,655,631,3.457,-6.466,0,-108.28,-1163.02,0,150.96,0.72,2500,0,0,0
2014,33.60023,free_swing,666,481,601,617,1.153,-25.545,0,-179.93,-1010.94,0,150.73,0.87,2500,0,0,0
2015,33.61692,free_swing,656,481,557,596,-2.690,-40.724,0,-255.58,-841.75,0,151.74,0.20,2500,0,0,0
2016,33.6336,free_swing,644,480,523,572,-7.316,-52.753,0,-310.14,-702.18,0,152.00,0.03,2500,0,0,0
2017,33.65028,free_swing,630,477,492,543,-12.821,-64.440,0,-334.33,-625.92,0,152.97,0.60,2500,0,0,0
2018,33.66697,free_swing,616,473,468,515,-18.435,-74.157,0,-335.44,-554.92,0,153.84,1.18,2500,0,0,0
2019,33.68365,free_swing,603,469,451,488,-23.651,-82.875,0,-286.88,-500.09,0,153.18,0.74,2500,0,0,0
2020,33.70033,free_swing,593,463,441,461,-28.118,-90.754,0,-207.46,-480.16,0,152.01,0.03,2500,0,0,0
2021,33.71702,free_swing,587,461,436,437,-30.504,-99.031,0,-123.47,-460.07,0,152.90,0.55,2500,0,0,0
2022,33.7337,free_swing,584,459,437,416,-31.884,-106.305,0,-42.59,-436.84,0,153.16,0.73,2500,0,0,0
2023,33.75038,free_swing,583,459,443,399,-32.208,-113.199,0,32.95,-391.53,0,152.32,0.17,2500,0,0,0
2024,33.76707,free_swing,586,461,454,386,-30.833,-119.604,0,115.18,-349.57,0,151.82,0.15,2500,0,0,0
2025,33.78375,free_swing,592,464,466,377,-28.275,-124.624,0,181.67,-277.29,0,153.12,0.70,2500,0,0,0
2026,33.80043,free_swing,600,468,480,371,-24.855,-128.950,0,226.10,-210.93,0,154.30,1.48,2500,0,0,0
2027,33.81712,free_swing,610,472,494,370,-20.735,-131.326,0,271.20,-126.14,0,154.47,1.59,2500,0,0,0
2028,33.8338,free_swing,622,476,509,370,-15.893,-133.169,0,320.57,-10.42,0,154.94,1.90,2500,0,0,0
2029,33.85048,free_swing,637,479,521,375,-10.030,-131.878,0,379.15,124.11,0,155.79,2.46,2500,0,0,0
2030,33.86717,free_swing,654,481,533,384,-3.457,-128.718,0,416.76,260.68,0,155.08,1.99,2500,0,0,0
2031,33.88385,free_swing,673,480,544,395,3.865,-123.381,0,415.92,360.48,0,154.49,1.60,2500,0,0,0
2032,33.90053,free_swing,690,479,553,410,10.408,-116.732,0,386.48,447.15,0,153.39,0.88,2500,0,0,0
2033,33.91722,free_swing,705,475,560,426,16.368,-108.672,0,336.21,508.32,0,153.06,0.66,2500,0,0,0
2034,33.9339,free_swing,718,471,567,445,21.588,-99.770,0,272.96,554.77,0,153.22,0.77,2500,0,0,0
2035,33.95058,free_swing,727,467,574,466,25.364,-90.374,0,171.51,573.22,0,153.00,0.63,2500,0,0,0
2036,33.96727,free_swing,731,464,580,489,27.255,-80.599,0,37.05,573.86,0,153.06,0.66,2500,0,0,0
2037,33.98395,free_swing,730,465,584,515,26.737,-71.095,0,-85.32,576.78,0,154.32,1.49,2500,0,0,0
2038,34.00063,free_swing,724,468,589,542,24.158,-61.271,0,-181.64,623.77,0,153.95,1.25,2500,0,0,0
2039,34.01732,free_swing,716,472,597,571,20.735,-50.242,0,-262.45,723.53,0,154.80,1.80,2500,0,0,0
2040,34.034,free_swing,703,475,611,598,15.627,-36.795,0,-361.00,881.78,0,153.60,1.02,2500,0,0,0
2041,34.05068,free_swing,686,480,631,622,8.833,-21.173,0,-465.26,1054.67,0,152.28,0.15,2500,0,0,0
2042,34.06737,free_swing,664,482,658,633,0.382,-2.275,0,-497.36,1114.63,0,151.12,0.61,2500,0,0,0
2043,34.08405,free_swing,642,480,685,623,-8.076,16.736,0,-469.77,1059.01,0,149.33,1.79,2500,0,0,0
2044,34.10073,free_swing,625,475,705,602,-14.882,32.208,0,-419.46,916.46,0,150.10,1.29,2500,0,0,0
2045,34.11742,free_swing,608,470,718,573,-21.730,46.882,0,-385.08,789.62,0,150.70,0.89,2500,0,0,0
2046,34.1341,free_swing,593,464,723,542,-27.937,59.036,0,-350.98,695.12,0,151.60,0.29,2500,0,0,0
2047,34.15078,free_swing,581,457,726,510,-33.265,69.922,0,-275.54,604.93,0,154.38,1.53,2500,0,0,0
2048,34.16747,free_swing,572,452,724,480,-37.174,79.563,0,-183.25,571.09,0,154.56,1.65,2500,0,0,0
2049,34.18415,free_swing,568,448,722,451,-39.316,88.884,0,-93.70,558.68,0,154.03,1.30,2500,0,0,0
2050,34.20083,free_swing,566,447,717,424,-40.147,98.661,0,-12.45,590.74,0,152.74,0.45,2500,0,0,0
2051,34.21752,free_swing,567,447,711,399,-39.855,108.435,0,63.72,630.09,0,151.79,0.17,2500,0,0,0
2052,34.2342,free_swing,571,450,703,374,-37.942,119.932,0,158.05,682.71,0,152.32,0.17,2500,0,0,0
2053,34.25088,free_swing,578,455,692,354,-34.647,131.540,0,260.11,781.39,0,152.31,0.17,2500,0,0,0
2054,34.26757,free_swing,590,462,677,337,-29.316,145.162,0,356.44,860.47,0,152.30,0.16,2500,0,0,0
2055,34.28425,free_swing,605,470,655,325,-22.797,160.974,0,428.45,918.29,0,153.38,0.87,2500,0,0,0
2056,34.30093,free_swing,624,476,635,323,-15.154,175.888,0,469.27,953.78,0,153.39,0.88,2500,0,0,0
2057,34.31762,free_swing,644,480,612,330,-7.316,-167.957,0,483.82,1005.61,0,153.38,0.87,2500,0,0,0
2058,34.3343,free_swing,665,481,589,348,0.769,-150.255,0,460.29,1065.50,0,153.18,0.74,2500,0,0,0
2059,34.35098,free_swing,684,479,570,376,8.130,-132.098,0,414.48,1094.78,0,153.64,1.04,2500,0,0,0
2060,34.36767,free_swing,700,476,560,414,14.410,-113.886,0,372.40,1142.67,0,153.11,0.70,2500,0,0,0
2061,34.38435,free_swing,714,472,564,461,20.016,-94.194,0,306.44,1234.81,0,150.40,1.09,2500,0,0,0
2062,34.40103,free_swing,726,468,581,513,24.855,-72.759,0,192.48,1272.58,0,151.82,0.15,2500,0,0,0
2063,34.41772,free_swing,729,466,612,563,26.222,-50.339,0,7.22,1353.01,0,151.98,0.05,2500,0,0,0
2064,34.4344,free_swing,726,468,653,601,24.855,-28.761,0,-236.50,1542.56,1,151.72,0.22,2500,1,0,0
2065,34.45108,free_swing,713,473,712,625,19.525,-0.377,0,-386.68,1689.38,0,152.00,0.03,2500,0,0,0
2066,34.46777,free_swing,693,479,766,609,11.535,29.316,0,-380.29,1630.04,0,149.09,1.95,2500,0,0,0
2067,34.48445,free_swing,681,479,802,568,6.981,53.664,0,-223.18,1403.60,1,150.21,1.21,2500,1,0,0
2068,34.50113,free_swing,676,480,822,521,5.020,74.314,0,-39.67,1194.27,1,151.65,0.27,2500,1,0,0
2069,34.51782,free_swing,677,480,826,468,5.404,94.604,0,76.60,1088.19,0,149.48,1.69,2500,0,0,0
2070,34.5345,free_swing,682,480,823,426,7.316,110.956,0,146.20,1026.10,0,150.99,0.70,2500,0,0,0
2071,34.55118,free_swing,689,478,808,385,10.098,128.008,0,158.71,979.59,0,151.03,0.67,2500,0,0,0
2072,34.56787,free_swing,695,477,783,354,12.445,144.418,0,132.11,946.79,0,151.24,0.54,2500,0,0,0
2073,34.58455,free_swing,699,476,753,334,14.036,159.179,0,57.61,821.13,0,151.92,0.09,2500,0,0,0
2074,34.60123,free_swing,700,475,721,325,14.507,172.030,0,-49.98,691.92,0,151.46,0.39,2500,0,0,0
2075,34.61792,free_swing,695,477,690,325,12.445,-178.116,0,-164.19,553.96,0,152.08,0.02,2500,0,0,0
2076,34.6346,free_swing,686,479,657,329,8.893,-169.058,0,-239.17,450.49,0,152.78,0.48,2500,0,0,0
2077,34.65128,free_swing,675,480,630,336,4.635,-162.646,0,-263.15,425.69,0,150.87,0.78,2500,0,0,0
2078,34.66797,free_swing,664,481,601,344,0.385,-155.304,0,-256.04,458.04,0,150.79,0.83,2500,0,0,0
2079,34.68465,free_swing,653,480,570,354,-3.865,-146.626,0,-228.47,542.90,0,150.88,0.77,2500,0,0,0
2080,34.70133,free_swing,644,480,541,369,-7.316,-137.141,0,-200.87,614.97,0,151.43,0.41,2500,0,0,0
2081,34.71802,free_swing,636,479,513,389,-10.408,-126.193,0,-187.25,700.26,0,152.41,0.24,2500,0,0,0
2082,34.7347,free_swing,628,477,488,415,-13.570,-113.886,0,-191.03,774.73,0,153.11,0.70,2500,0,0,0
2083,34.75138,free_swing,620,475,469,448,-16.736,-100.138,0,-173.66,833.79,0,153.39,0.88,2500,0,0,0
2084,34.76807,free_swing,613,473,462,483,-19.525,-86.211,0,-146.11,890.68,0,151.33,0.47,2500,0,0,0
2085,34.78475,free_swing,609,471,465,521,-21.231,-70.852,0,-96.75,936.59,0,152.43,0.25,2500,0,0,0
2086,34.80143,free_swing,605,470,481,557,-22.797,-54.946,0,-30.90,929.67,0,151.48,0.38,2500,0,0,0
2087,34.81812,free_swing,606,470,509,587,-22.443,-39.661,0,39.40,875.44,0,151.98,0.05,2500,0,0,0
2088,34.8348,free_swing,609,472,542,608,-21.092,-26.227,0,115.45,815.14,0,151.61,0.29,2500,0,0,0
2089,34.85148,free_swing,615,473,581,622,-18.800,-12.854,0,180.73,732.03,0,152.83,0.51,2500,0,0,0
2090,34.86817,free_swing,624,476,621,628,-15.154,-1.131,0,246.46,639.79,0,152.03,0.02,2500,0,0,0
2091,34.88485,free_swing,636,479,657,629,-10.408,7.970,0,307.39,531.33,0,151.46,0.39,2500,0,0,0
2092,34.90153,free_swing,650,480,693,626,-5.020,16.411,0,363.11,431.73,0,152.20,0.10,2500,0,0,0
2093,34.91822,free_swing,667,481,726,621,1.538,22.852,0,421.17,316.70,0,151.92,0.08,2500,0,0,0
2094,34.9349,free_swing,686,480,755,614,8.833,27.245,0,443.47,231.72,0,150.72,0.88,2500,0,0,0
2095,34.95158,free_swing,705,475,781,605,16.368,30.311,0,410.02,226.43,0,150.59,0.96,2500,0,0,0
2096,34.96827,free_swing,720,470,806,593,22.443,34.961,0,358.00,256.59,0,150.08,1.30,2500,0,0,0
2097,34.98495,free_swing,732,464,828,579,27.597,39.855,0,272.76,323.35,0,149.80,1.48,2500,0,0,0
2098,35.00163,free_swing,742,459,848,564,31.884,45.272,0,156.98,427.22,0,149.20,1.88,2500,0,0,0
2099,35.01832,free_swing,744,457,866,546,32.943,53.889,0,8.85,570.81,0,151.01,0.68,2500,0,0,0
2100,35.035,free_swing,742,458,878,523,32.087,64.455,0,-89.34,646.04,0,150.73,0.87,2500,0,0,0
2101,35.05168,free_swing,737,461,884,499,29.840,75.506,0,-129.83,630.35,0,151.83,0.15,2500,0,0,0
2102,35.06837,free_swing,733,463,883,476,28.118,85.047,0,-147.47,583.18,0,150.56,0.98,2500,0,0,0
2103,35.08505,free_swing,726,467,877,455,25.017,94.544,0,-175.84,525.98,0,151.48,0.38,2500,0,0,0
2104,35.10173,free_swing,719,470,867,436,22.087,102.938,0,-217.79,469.85,0,151.86,0.13,2500,0,0,0
2105,35.11842,free_swing,709,474,853,422,17.949,109.855,0,-247.52,382.71,0,153.10,0.69,2500,0,0,0
2106,35.1351,free_swing,698,477,837,410,13.570,115.735,0,-290.37,290.80,0,154.30,1.48,2500,0,0,0
2107,35.15178,free_swing,685,479,819,403,8.512,119.560,0,-320.89,190.15,0,154.05,1.31,2500,0,0,0
2108,35.16847,free_swing,670,481,802,399,2.690,121.849,0,-366.92,69.37,0,155.40,2.20,2500,0,0,0
2109,35.18515,free_swing,654,481,786,398,-3.457,122.161,0,-393.01,-45.88,0,155.93,2.55,2500,0,0,0
2110,35.20183,free_swing,636,478,770,400,-10.477,120.203,0,-399.32,-154.56,0,155.05,1.97,2500,0,0,0
2111,35.21852,free_swing,620,475,757,405,-16.736,117.065,0,-384.99,-235.51,0,153.85,1.18,2500,0,0,0
2112,35.2352,free_swing,605,469,747,410,-22.946,112.563,0,-343.49,-297.71,0,153.77,1.13,2500,0,0,0
2113,35.25188,free_swing,592,464,739,418,-28.275,107.376,0,-287.24,-328.32,0,154.03,1.30,2500,0,0,0
2114,35.26857,free_swing,583,459,733,428,-32.208,101.677,0,-180.27,-306.42,0,153.17,0.73,2500,0,0,0
2115,35.28525,free_swing,578,456,731,437,-34.430,97.079,0,-51.24,-255.94,0,154.18,1.40,2500,0,0,0
2116,35.30193,free_swing,579,457,732,448,-33.901,93.366,0,75.43,-203.41,0,153.26,0.80,2500,0,0,0
2117,35.31862,free_swing,584,459,738,459,-31.884,90.000,0,161.12,-203.37,0,154.00,1.28,2500,0,0,0
2118,35.3353,free_swing,591,464,744,473,-28.610,86.634,0,207.51,-239.88,0,153.26,0.80,2500,0,0,0
2119,35.35198,free_swing,600,467,752,489,-25.017,81.764,0,251.32,-305.81,0,153.58,1.01,2500,0,0,0
2120,35.36867,free_swing,611,472,761,509,-20.376,76.144,0,302.80,-389.14,0,154.50,1.61,2500,0,0,0
2121,35.38535,free_swing,625,476,769,532,-14.783,68.749,0,367.28,-499.74,0,154.51,1.61,2500,0,0,0
2122,35.40203,free_swing,642,479,774,557,-8.130,59.421,0,427.87,-637.73,0,153.32,0.84,2500,0,0,0
2123,35.41872,free_swing,662,480,772,582,-0.387,47.161,0,513.37,-824.11,0,150.01,1.34,2500,0,0,0
2124,35.4354,free_swing,685,479,767,607,8.512,32.645,0,594.01,-1009.79,0,152.01,0.03,2500,0,0,0
2125,35.45208,free_swing,712,473,749,619,19.163,14.221,0,600.06,-1044.49,0,150.62,0.95,2500,0,0,0
2126,35.46877,free_swing,735,463,727,613,28.794,-3.053,0,511.50,-911.84,0,150.21,1.21,2500,0,0,0
2127,35.48545,free_swing,750,453,710,598,35.716,-15.422,0,358.52,-702.87,1,150.42,1.08,2500,1,0,0
2128,35.50213,free_swing,760,445,694,582,40.643,-25.723,0,228.83,-549.45,0,152.07,0.01,2500,0,0,0
2129,35.51882,free_swing,766,441,680,566,43.379,-34.528,0,133.23,-467.22,0,151.73,0.21,2500,0,0,0
2130,35.5355,free_swing,769,438,668,553,45.000,-41.292,0,39.87,-391.42,0,153.06,0.66,2500,0,0,0
2131,35.55218,free_swing,769,438,655,542,45.000,-47.626,0,-55.43,-342.37,0,154.31,1.49,2500,0,0,0
2132,35.56887,free_swing,765,441,642,534,43.100,-52.907,0,-155.14,-317.95,0,154.20,1.41,2500,0,0,0
2133,35.58555,free_swing,759,447,628,529,39.855,-57.955,0,-230.59,-276.14,0,154.55,1.64,2500,0,0,0
2134,35.60223,free_swing,750,454,613,526,35.493,-62.276,0,-276.35,-215.05,0,154.77,1.79,2500,0,0,0
2135,35.61892,free_swing,739,461,598,527,30.504,-64.916,0,-331.05,-109.99,0,155.68,2.39,2500,0,0,0
2136,35.6356,free_swing,726,468,583,532,24.855,-65.889,0,-382.52,13.81,0,156.67,3.04,2500,0,0,0
2137,35.65228,free_swing,708,474,568,541,17.583,-64.426,0,-425.68,134.54,0,155.21,2.07,2500,0,0,0
2138,35.66897,free_swing,690,478,554,553,10.477,-61.125,0,-453.55,259.01,0,155.31,2.14,2500,0,0,0
2139,35.68565,free_swing,670,481,542,568,2.690,-55.797,0,-486.72,411.71,0,154.77,1.79,2500,0,0,0
2140,35.70233,free_swing,648,480,535,583,-5.787,-47.651,0,-551.86,601.81,0,152.90,0.56,2500,0,0,0
2141,35.71902,free_swing,623,477,534,599,-15.422,-36.111,0,-595.23,752.51,0,151.01,0.68,2500,0,0,0
2142,35.7357,free_swing,598,468,540,606,-25.545,-22.797,0,-564.42,754.70,0,149.69,1.55,2500,0,0,0
2143,35.75238,free_swing,578,456,550,603,-34.430,-10.784,0,-481.82,640.01,0,149.64,1.58,2500,0,0,0
2144,35.76907,free_swing,565,445,559,595,-40.934,-2.291,0,-368.43,476.78,0,150.12,1.27,2500,0,0,0
2145,35.78575,free_swing,554,435,567,586,-46.621,4.921,0,-242.38,330.70,0,151.56,0.32,2500,0,0,0
2146,35.80243,free_swing,549,430,573,580,-49.316,9.090,0,-91.49,195.45,0,151.91,0.10,2500,0,0,0
2147,35.81912,free_swing,548,430,578,580,-49.563,11.310,0,54.98,62.31,0,152.97,0.60,2500,0,0,0
2148,35.8358,free_swing,552,434,582,584,-47.420,11.310,0,158.56,-34.74,0,152.97,0.60,2500,0,0,0
2149,35.85248,free_swing,558,439,585,590,-44.459,10.138,0,230.25,-112.82,0,153.39,0.88,2500,0,0,0
2150,35.86917,free_swing,567,447,587,598,-39.855,7.545,0,291.30,-191.67,0,152.32,0.18,2500,0,0,0
2151,35.88585,free_swing,578,455,588,607,-34.647,3.764,0,366.24,-298.83,0,152.33,0.18,2500,0,0,0
2152,35.90253,free_swing,593,464,587,616,-27.937,-2.261,0,436.58,-423.85,0,152.12,0.04,2500,0,0,0
2153,35.91922,free_swing,612,472,585,622,-20.016,-10.204,0,493.04,-518.10,0,152.41,0.24,2500,0,0,0
2154,35.9359,free_swing,633,479,583,621,-11.535,-19.398,0,512.67,-531.70,0,150.55,0.99,2500,0,0,0
2155,35.95258,free_swing,655,482,585,615,-3.053,-27.759,0,513.19,-467.31,0,150.30,1.16,2500,0,0,0
2156,35.96927,free_swing,677,480,592,603,5.404,-34.647,0,504.63,-360.08,0,149.51,1.67,2500,0,0,0
2157,35.98595,free_swing,698,476,603,591,13.661,-39.560,0,474.10,-241.17,0,149.16,1.90,2500,0,0,0
2158,36.00263,free_swing,717,471,615,582,21.231,-42.580,0,414.19,-96.52,0,150.75,0.86,2500,0,0,0
2159,36.01932,free_swing,732,465,629,575,27.420,-43.118,0,341.03,38.20,0,150.70,0.89,2500,0,0,0
2160,36.036,free_swing,743,458,643,573,32.412,-41.009,0,269.72,151.68,0,152.40,0.23,2500,0,0,0
2161,36.05268,free_swing,752,453,658,573,36.336,-38.073,0,190.57,239.46,0,152.43,0.25,2500,0,0,0
2162,36.06937,free_swing,757,449,673,577,38.779,-33.275,0,79.14,335.63,0,153.10,0.69,2500,0,0,0
2163,36.08605,free_swing,758,449,689,585,39.075,-26.901,0,-46.46,435.66,0,152.50,0.30,2500,0,0,0
2164,36.10273,free_swing,753,451,704,597,37.100,-18.553,0,-156.56,522.95,0,154.00,1.28,2500,0,0,0
2165,36.11942,free_swing,746,456,721,607,33.797,-9.401,0,-247.84,626.81,0,153.06,0.66,2500,0,0,0
2166,36.1361,free_swing,736,463,741,615,29.129,1.884,0,-330.10,736.38,0,152.08,0.02,2500,0,0,0
2167,36.15278,free_swing,721,469,761,616,22.946,15.222,0,-388.04,821.84,0,152.35,0.19,2500,0,0,0
2168,36.16947,free_swing,704,475,777,606,15.998,29.129,0,-418.96,825.04,0,149.97,1.37,2500,0,0,0
2169,36.18615,free_swing,687,479,787,588,9.273,42.534,0,-426.59,768.34,0,147.92,2.72,2500,0,0,0
2170,36.20283,free_swing,668,480,791,568,1.935,54.418,0,-425.17,679.81,0,151.24,0.54,2500,0,0,0
2171,36.21952,free_swing,650,480,787,544,-5.020,64.960,0,-409.31,553.80,0,151.21,0.55,2500,0,0,0
2172,36.2362,free_swing,633,478,779,522,-11.611,73.229,0,-379.05,419.04,0,152.49,0.29,2500,0,0,0
2173,36.25288,free_swing,618,474,769,504,-17.583,78.763,0,-353.25,305.64,0,153.95,1.25,2500,0,0,0
2174,36.26957,free_swing,604,469,756,487,-23.299,83.246,0,-316.35,221.29,0,153.06,0.66,2500,0,0,0
2175,36.28625,free_swing,592,464,746,473,-28.275,86.655,0,-276.21,154.06,0,154.26,1.45,2500,0,0,0
2176,36.30293,free_swing,583,459,736,463,-32.208,88.502,0,-217.76,101.52,0,153.05,0.66,2500,0,0,0
2177,36.31962,free_swing,576,454,730,454,-35.493,90.000,0,-138.99,96.26,0,154.00,1.28,2500,0,0,0
2178,36.3363,free_swing,573,452,726,447,-36.870,91.872,0,-24.63,134.28,0,153.08,0.68,2500,0,0,0
2179,36.35298,free_swing,574,453,728,441,-36.336,94.456,0,99.18,170.24,0,154.47,1.59,2500,0,0,0
2180,36.36967,free_swing,580,457,732,437,-33.584,97.496,0,188.32,165.95,0,153.31,0.83,2500,0,0,0
2181,36.38635,free_swing,588,462,739,435,-29.982,100.138,0,243.66,136.63,0,153.39,0.88,2500,0,0,0
2182,36.40303,free_swing,598,467,748,436,-25.710,101.677,0,277.41,92.85,0,153.17,0.73,2500,0,0,0
2183,36.41972,free_swing,610,472,760,437,-20.735,103.134,0,321.07,45.84,0,154.03,1.30,2500,0,0,0
2184,36.4364,free_swing,624,476,773,441,-15.154,103.219,0,354.14,-30.42,0,153.06,0.66,2500,0,0,0
2185,36.45308,free_swing,640,480,790,448,-8.833,102.043,0,367.96,-129.22,0,153.38,0.87,2500,0,0,0
2186,36.46977,free_swing,656,481,808,458,-2.690,98.604,0,390.66,-253.00,0,153.73,1.10,2500,0,0,0
2187,36.48645,free_swing,673,481,827,471,3.840,93.715,0,430.80,-395.64,0,154.32,1.49,2500,0,0,0
2188,36.50313,free_swing,693,477,846,489,11.689,85.515,0,467.97,-527.68,0,153.47,0.93,2500,0,0,0
2189,36.51982,free_swing,713,471,861,509,19.784,75.600,0,488.61,-674.77,0,152.80,0.49,2500,0,0,0
2190,36.5365,free_swing,732,464,868,531,27.597,63.773,0,506.82,-820.28,0,151.61,0.29,2500,0,0,0
2191,36.55318,free_swing,751,453,865,552,36.027,49.028,0,479.09,-876.83,0,150.99,0.70,2500,0,0,0
2192,36.56987,free_swing,767,440,851,564,43.919,34.114,0,361.08,-763.12,0,149.77,1.50,2500,0,0,0
2193,36.58655,free_swing,774,432,835,570,47.984,23.847,0,168.85,-526.10,1,150.88,0.77,2500,1,0,0
2194,36.60323,free_swing,776,430,821,575,49.066,17.241,0,-19.67,-306.58,1,151.82,0.15,2500,1,0,0
2195,36.61992,free_swing,774,433,809,581,47.701,13.305,0,-134.20,-189.73,0,152.08,0.02,2500,0,0,0
2196,36.6366,free_swing,768,439,797,588,44.459,11.014,0,-214.99,-105.29,0,151.80,0.17,2500,0,0,0
2197,36.65328,free_swing,761,446,786,596,40.684,9.462,0,-291.98,-19.66,0,152.07,0.01,2500,0,0,0
2198,36.66997,free_swing,749,454,776,605,35.181,10.138,0,-358.91,74.56,0,153.39,0.88,2500,0,0,0
2199,36.68665,free_swing,734,464,766,612,28.275,12.200,0,-426.02,166.40,0,151.42,0.42,2500,0,0,0
2200,36.70333,free_swing,717,471,757,617,21.231,15.322,0,-475.69,222.60,0,151.38,0.44,2500,0,0,0
2201,36.72002,free_swing,696,477,746,619,12.821,19.398,0,-495.59,235.39,0,150.55,0.99,2500,0,0,0
2202,36.7367,free_swing,674,481,733,619,4.222,23.148,0,-499.15,193.02,0,150.08,1.30,2500,0,0,0
2203,36.75338,free_swing,654,481,718,615,-3.457,25.530,0,-485.57,103.35,0,148.50,2.34,2500,0,0,0
2204,36.77007,free_swing,633,478,699,611,-11.611,26.392,0,-464.92,-10.38,0,148.48,2.35,2500,0,0,0
2205,36.78675,free_swing,614,472,678,608,-19.290,25.201,0,-425.66,-132.88,0,150.31,1.15,2500,0,0,0
2206,36.80343,free_swing,599,466,655,606,-25.530,21.801,0,-348.46,-264.41,0,150.78,0.83,2500,0,0,0
2207,36.82012,free_swing,587,460,630,606,-30.700,16.411,0,-257.28,-390.75,0,152.20,0.10,2500,0,0,0
2208,36.8368,free_swing,579,456,602,607,-34.114,8.661,0,-152.04,-516.53,0,152.74,0.45,2500,0,0,0
2209,36.85348,free_swing,576,454,573,607,-35.493,-1.123,0,3.55,-695.72,0,153.03,0.64,2500,0,0,0
2210,36.87017,free_swing,578,456,542,603,-34.430,-13.761,0,167.71,-890.00,0,151.34,0.47,2500,0,0,0
2211,36.88685,free_swing,588,462,511,592,-29.982,-30.639,0,277.64,-1000.17,0,151.09,0.63,2500,0,0,0
2212,36.90353,free_swing,600,468,488,570,-24.855,-47.675,0,315.43,-1000.44,0,151.49,0.37,2500,0,0,0
2213,36.92022,free_swing,612,472,477,541,-20.016,-62.928,0,309.10,-908.75,0,151.61,0.29,2500,0,0,0
2214,36.9369,free_swing,625,476,476,508,-14.783,-77.879,0,300.23,-815.02,0,152.40,0.23,2500,0,0,0
2215,36.95358,free_swing,638,479,484,478,-9.652,-90.372,0,301.53,-728.11,0,154.00,1.28,2500,0,0,0
2216,36.97027,free_swing,650,480,500,449,-5.020,-101.677,0,294.74,-632.34,0,153.17,0.73,2500,0,0,0
2217,36.98695,free_swing,664,481,521,424,0.385,-111.732,0,310.82,-552.38,0,153.94,1.24,2500,0,0,0
2218,37.00363,free_swing,677,480,545,404,5.404,-119.932,0,347.80,-429.22,0,152.32,0.17,2500,0,0,0
2219,37.02032,free_swing,693,478,570,387,11.611,-126.495,0,370.11,-322.42,0,153.00,0.63,2500,0,0,0
2220,37.037,free_swing,709,473,593,374,18.068,-130.479,0,375.36,-254.45,0,152.50,0.30,2500,0,0,0
2221,37.05368,free_swing,723,468,616,361,23.806,-135.000,0,331.23,-209.69,0,151.32,0.48,2500,0,0,0
2222,37.07037,free_swing,735,462,635,348,28.980,-138.743,0,263.20,-277.21,0,151.64,0.27,2500,0,0,0
2223,37.08705,free_swing,743,457,652,337,32.619,-142.826,0,190.41,-335.20,0,150.60,0.95,2500,0,0,0
2224,37.10373,free_swing,748,454,676,322,34.866,-151.390,0,80.05,-447.88,0,150.36,1.11,2500,0,0,0
2225,37.12042,free_swing,750,453,693,313,35.716,-157.847,0,-39.70,-572.78,0,151.16,0.59,2500,0,0,0
2226,37.1371,free_swing,745,456,717,307,33.476,-169.357,0,-157.39,-701.26,0,151.61,0.29,2500,0,0,0
2227,37.15378,free_swing,738,460,744,308,30.368,177.739,0,-235.00,-835.71,0,152.12,0.04,2500,0,0,0
2228,37.17047,free_swing,728,465,772,319,26.046,163.229,0,-254.65,-867.98,0,152.49,0.29,2500,0,0,0
2229,37.18715,free_swing,718,470,798,339,21.730,148.588,0,-266.14,-920.83,0,153.50,0.95,2500,0,0,0
2230,37.20383,free_swing,708,474,820,370,17.583,132.879,0,-253.62,-1000.09,0,152.84,0.52,2500,0,0,0
2231,37.22052,free_swing,697,477,835,412,13.196,115.221,0,-237.69,-1082.91,0,152.54,0.32,2500,0,0,0
2232,37.2372,free_swing,688,478,836,462,9.717,96.170,0,-201.92,-1160.51,0,148.86,2.10,2500,0,0,0
2233,37.25388,free_swing,680,479,823,513,6.597,76.626,0,-157.06,-1281.46,0,146.99,3.33,2500,0,0,0
2234,37.27057,free_swing,675,480,797,568,4.635,54.197,0,-83.54,-1419.47,0,150.43,1.07,2500,0,0,0
2235,37.28725,free_swing,672,480,745,612,3.480,28.944,0,8.59,-1481.27,0,150.84,0.80,2500,0,0,0
2236,37.30393,free_swing,675,481,686,627,4.604,4.309,0,48.42,-1495.29,0,146.41,3.71,2500,0,0,0
2237,37.32062,free_swing,677,481,628,623,5.368,-19.038,0,2.39,-1417.65,0,150.22,1.21,2500,0,0,0
2238,37.3373,free_swing,674,480,568,591,4.251,-43.680,0,-126.01,-1287.58,0,153.48,0.94,2500,0,0,0
2239,37.35398,free_swing,666,481,531,552,1.153,-62.259,0,-241.60,-1093.72,0,152.53,0.32,2500,0,0,0
2240,37.37067,free_swing,653,481,506,509,-3.840,-79.216,0,-318.43,-911.21,0,149.64,1.58,2500,0,0,0
2241,37.38735,free_swing,639,479,486,470,-9.273,-93.366,0,-346.09,-837.61,0,153.26,0.80,2500,0,0,0
2242,37.40403,free_swing,624,476,478,432,-15.154,-106.771,0,-334.98,-755.56,0,152.49,0.29,2500,0,0,0
2243,37.42072,free_swing,611,472,478,398,-20.376,-119.091,0,-307.49,-682.19,0,152.20,0.10,2500,0,0,0
2244,37.4374,free_swing,600,467,483,371,-25.017,-129.369,0,-248.76,-587.94,0,151.34,0.47,2500,0,0,0
2245,37.45408,free_swing,591,464,490,350,-28.610,-138.460,0,-141.83,-485.03,0,152.31,0.17,2500,0,0,0
2246,37.47077,free_swing,588,462,503,337,-29.982,-145.784,0,-4.70,-372.45,0,151.16,0.59,2500,0,0,0
2247,37.48745,free_swing,591,464,517,331,-28.610,-150.909,0,105.76,-261.32,0,152.20,0.10,2500,0,0,0
2248,37.50413,free_swing,597,466,531,329,-26.222,-154.277,0,172.93,-170.05,0,152.07,0.01,2500,0,0,0
2249,37.52082,free_swing,604,470,543,329,-23.148,-156.606,0,237.15,-73.55,0,153.63,1.04,2500,0,0,0
2250,37.5375,free_swing,615,474,555,332,-18.677,-157.094,0,304.17,30.78,0,154.16,1.38,2500,0,0,0
2251,37.55418,free_swing,630,477,566,337,-12.821,-155.433,0,339.76,123.42,0,153.94,1.24,2500,0,0,0
2252,37.57087,free_swing,644,480,574,343,-7.316,-152.935,0,341.49,185.72,0,153.85,1.18,2500,0,0,0
2253,37.58755,free_swing,658,481,580,348,-1.922,-149.610,0,321.94,221.54,0,154.18,1.40,2500,0,0,0
2254,37.60423,free_swing,672,481,585,354,3.457,-145.587,0,291.28,242.56,0,153.94,1.24,2500,0,0,0
2255,37.62092,free_swing,683,479,589,360,7.748,-141.694,0,232.69,232.31,0,151.65,0.27,2500,0,0,0
2256,37.6376,free_swing,691,478,590,365,10.856,-138.209,0,129.04,156.96,0,151.56,0.32,2500,0,0,0
2257,37.65428,free_swing,695,478,589,368,12.362,-136.061,0,15.32,52.00,0,152.76,0.47,2500,0,0,0
2258,37.67097,free_swing,692,478,588,368,11.234,-136.606,0,-90.84,-33.88,0,151.38,0.44,2500,0,0,0
2259,37.68765,free_swing,687,479,584,367,9.273,-137.397,0,-159.17,-59.28,0,152.16,0.07,2500,0,0,0
2260,37.70433,free_swing,679,480,578,367,6.170,-138.209,0,-197.42,-45.60,0,151.56,0.32,2500,0,0,0
2261,37.72102,free_swing,670,481,570,367,2.690,-138.743,0,-237.27,-33.80,0,151.64,0.27,2500,0,0,0
2262,37.7377,free_swing,659,481,560,366,-1.538,-139.276,0,-260.78,-6.41,0,151.74,0.20,2500,0,0,0
2263,37.75438,free_swing,647,480,548,366,-6.170,-139.028,0,-280.37,31.84,0,150.99,0.70,2500,0,0,0
2264,37.77107,free_swing,635,479,533,366,-10.784,-137.929,0,-292.25,90.98,0,152.23,0.11,2500,0,0,0
2265,37.78775,free_swing,622,476,517,367,-15.893,-136.071,0,-318.62,158.34,0,151.35,0.46,2500,0,0,0
2266,37.80443,free_swing,609,471,497,368,-21.231,-132.603,0,-331.62,237.34,0,152.16,0.07,2500,0,0,0
2267,37.82112,free_swing,595,465,476,372,-27.080,-128.008,0,-321.49,326.18,0,151.03,0.67,2500,0,0,0
2268,37.8378,free_swing,584,459,454,378,-31.884,-121.926,0,-288.22,401.60,0,153.17,0.73,2500,0,0,0
2269,37.85448,free_swing,574,452,435,389,-36.563,-114.382,0,-252.89,478.79,0,152.61,0.37,2500,0,0,0
2270,37.87117,free_swing,566,446,420,404,-40.394,-106.049,0,-236.78,566.62,0,151.92,0.09,2500,0,0,0
2271,37.88785,free_swing,559,439,407,423,-44.185,-96.009,0,-219.22,643.41,0,152.84,0.52,2500,0,0,0
2272,37.90453,free_swing,553,433,400,447,-47.442,-84.772,0,-141.46,625.12,0,153.64,1.04,2500,0,0,0
2273,37.92122,free_swing,549,430,403,470,-49.316,-74.678,0,-2.55,517.53,0,151.38,0.44,2500,0,0,0
2274,37.9379,free_swing,552,434,412,491,-47.420,-67.847,0,130.87,420.57,0,151.16,0.59,2500,0,0,0
2275,37.95458,free_swing,558,439,425,512,-44.459,-61.239,0,216.95,381.85,0,151.72,0.22,2500,0,0,0
2276,37.97127,free_swing,565,446,442,534,-40.684,-54.418,0,260.43,382.33,0,151.24,0.54,2500,0,0,0
2277,37.98795,free_swing,575,454,462,554,-35.803,-48.493,0,324.27,354.91,0,150.89,0.76,2500,0,0,0
2278,38.00463,free_swing,588,462,486,573,-29.982,-42.580,0,375.19,338.31,0,150.75,0.86,2500,0,0,0
2279,38.02132,free_swing,604,470,513,590,-23.148,-37.174,0,419.21,339.27,0,150.60,0.95,2500,0,0,0
2280,38.038,free_swing,621,476,543,605,-16.260,-31.159,0,443.68,352.26,0,150.75,0.86,2500,0,0,0
2281,38.05468,free_swing,641,481,577,617,-8.399,-25.201,0,451.63,391.74,0,150.31,1.15,2500,0,0,0
2282,38.07137,free_swing,660,482,613,625,-1.146,-18.194,0,449.47,448.28,0,150.53,1.00,2500,0,0,0
2283,38.08805,free_swing,679,481,653,629,6.129,-9.964,0,409.47,533.70,0,150.27,1.17,2500,0,0,0
2284,38.10473,free_swing,696,478,695,629,12.736,-0.379,0,348.02,634.96,0,151.00,0.69,2500,0,0,0
2285,38.12142,free_swing,708,474,737,622,17.583,11.086,0,253.72,742.26,0,150.81,0.81,2500,0,0,0
2286,38.1381,free_swing,717,471,779,608,21.231,24.349,0,177.05,824.20,0,150.38,1.10,2500,0,0,0
2287,38.15478,free_swing,722,468,816,586,23.452,38.541,0,129.24,862.99,0,150.86,0.78,2500,0,0,0
2288,38.17147,free_swing,727,466,846,556,25.530,52.900,0,91.64,860.24,0,149.20,1.88,2500,0,0,0
2289,38.18815,free_swing,730,465,868,523,26.737,67.203,0,53.71,844.72,0,149.69,1.55,2500,0,0,0
2290,38.20483,free_swing,731,464,881,488,27.255,80.910,0,13.04,823.65,0,151.91,0.10,2500,0,0,0
2291,38.22152,free_swing,731,465,882,453,27.080,94.544,0,-25.26,787.42,0,151.48,0.38,2500,0,0,0
2292,38.2382,free_swing,730,466,874,421,26.565,107.354,0,-60.83,741.46,0,150.87,0.78,2500,0,0,0
2293,38.25488,free_swing,726,467,859,393,25.017,119.091,0,-91.48,693.55,0,152.20,0.10,2500,0,0,0
2294,38.27157,free_swing,722,469,838,371,23.299,130.192,0,-135.98,622.60,0,151.86,0.13,2500,0,0,0
2295,38.28825,free_swing,716,471,813,354,20.872,140.339,0,-170.46,546.48,0,151.98,0.05,2500,0,0,0
2296,38.30493,free_swing,707,474,788,344,17.216,148.074,0,-218.34,465.60,0,153.17,0.73,2500,0,0,0
2297,38.32162,free_swing,698,476,761,337,13.661,155.618,0,-275.90,372.47,0,152.61,0.37,2500,0,0,0
2298,38.3383,free_swing,685,479,734,334,8.512,161.328,0,-321.02,293.05,0,153.06,0.66,2500,0,0,0
2299,38.35498,free_swing,670,481,709,333,2.690,165.237,0,-322.77,264.47,0,153.05,0.66,2500,0,0,0
2300,38.37167,free_swing,657,481,684,331,-2.306,169.796,0,-283.56,290.93,0,152.41,0.24,2500,0,0,0
2301,38.38835,free_swing,647,480,658,328,-6.170,175.861,0,-226.92,347.75,0,152.40,0.23,2500,0,0,0
2302,38.40503,free_swing,637,479,633,328,-10.030,-178.483,0,-181.37,414.67,0,151.05,0.66,2500,0,0,0
2303,38.42172,free_swing,632,478,607,329,-11.988,-170.475,0,-91.04,539.70,0,151.08,0.64,2500,0,0,0
2304,38.4384,free_swing,629,477,578,335,-13.196,-160.244,0,34.33,717.43,0,150.88,0.77,2500,0,0,0
2305,38.45508,free_swing,634,479,550,351,-11.160,-146.725,0,128.45,862.83,0,153.10,0.69,2500,0,0,0
2306,38.47177,free_swing,641,480,526,379,-8.455,-131.292,0,181.33,957.22,0,153.06,0.66,2500,0,0,0
2307,38.48845,free_swing,648,481,510,417,-5.749,-114.880,0,158.57,1012.94,0,152.12,0.04,2500,0,0,0
2308,38.50513,free_swing,655,481,507,461,-3.073,-97.696,0,132.47,1068.26,0,149.35,1.78,2500,0,0,0
2309,38.52182,free_swing,659,481,516,509,-1.538,-78.921,0,91.88,1206.76,0,145.72,4.17,2500,0,0,0
2310,38.5385,free_swing,663,481,533,560,0.000,-58.713,0,53.54,1278.79,0,152.12,0.05,2500,0,0,0
2311,38.55518,free_swing,664,482,580,602,0.382,-34.992,0,19.16,1299.85,0,146.48,3.67,2500,0,0,0
2312,38.57187,free_swing,665,482,624,627,0.764,-15.789,0,5.76,1267.55,0,150.69,0.90,2500,0,0,0
2313,38.58855,free_swing,665,481,681,632,0.769,6.049,0,52.47,1232.83,0,151.85,0.14,2500,0,0,0
2314,38.60523,free_swing,669,481,735,617,2.306,25.887,0,131.07,1158.18,0,151.17,0.58,2500,0,0,0
2315,38.62192,free_swing,677,480,788,592,5.404,44.743,0,211.92,977.29,0,157.69,3.71,2500,0,0,0
2316,38.6386,free_swing,687,478,814,556,9.335,58.443,0,251.73,827.84,0,149.04,1.98,2500,0,0,0
2317,38.65528,free_swing,698,476,841,523,13.661,71.806,0,268.73,735.21,0,150.53,1.00,2500,0,0,0
2318,38.67197,free_swing,709,473,860,490,18.068,83.577,0,262.43,693.92,0,151.95,0.06,2500,0,0,0
2319,38.68865,free_swing,720,470,871,457,22.443,94.921,0,239.90,620.84,0,151.56,0.32,2500,0,0,0
2320,38.70533,free_swing,728,466,875,428,25.877,104.494,0,194.17,559.98,0,151.83,0.15,2500,0,0,0
2321,38.72202,free_swing,735,463,874,403,28.794,113.348,0,128.15,508.67,0,151.40,0.43,2500,0,0,0
2322,38.7387,free_swing,738,461,867,382,30.174,121.483,0,42.19,459.57,0,151.27,0.52,2500,0,0,0
2323,38.75538,free_swing,738,461,856,366,30.174,128.837,0,-52.98,393.15,0,151.49,0.37,2500,0,0,0
2324,38.77207,free_swing,734,463,843,356,28.457,134.469,0,-125.96,314.46,0,152.74,0.45,2500,0,0,0
2325,38.78875,free_swing,728,466,828,350,25.877,139.236,0,-177.25,240.35,0,153.15,0.72,2500,0,0,0
2326,38.80543,free_swing,720,469,813,348,22.590,142.454,0,-226.29,162.03,0,152.61,0.37,2500,0,0,0
2327,38.82212,free_swing,710,473,799,348,18.435,144.549,0,-297.96,56.29,0,153.45,0.92,2500,0,0,0
2328,38.8388,free_swing,696,477,786,351,12.821,144.462,0,-359.73,-63.68,0,154.84,1.83,2500,0,0,0
2329,38.85548,free_swing,679,480,774,357,6.170,142.319,0,-405.09,-179.25,0,155.42,2.21,2500,0,0,0
2330,38.87217,free_swing,662,481,765,365,-0.385,138.397,0,-422.25,-282.81,0,155.13,2.02,2500,0,0,0
2331,38.88885,free_swing,643,480,756,374,-7.696,133.169,0,-414.12,-368.55,0,154.94,1.90,2500,0,0,0
2332,38.90553,free_swing,626,476,751,385,-14.410,126.055,0,-396.55,-455.44,0,154.62,1.69,2500,0,0,0
2333,38.92222,free_swing,611,472,746,399,-20.376,118.402,0,-343.95,-492.98,0,153.47,0.93,2500,0,0,0
2334,38.9389,free_swing,598,466,742,415,-25.877,109.502,0,-261.63,-481.67,0,152.76,0.47,2500,0,0,0
2335,38.95558,free_swing,590,463,740,430,-29.129,102.407,0,-130.76,-433.20,0,153.59,1.01,2500,0,0,0
2336,38.97227,free_swing,588,461,740,447,-30.174,95.262,0,11.71,-388.81,0,152.64,0.39,2500,0,0,0
2337,38.98895,free_swing,591,463,744,465,-28.794,89.251,0,109.97,-380.99,0,153.01,0.63,2500,0,0,0
2338,39.00563,free_swing,597,465,749,485,-26.392,82.504,0,167.94,-392.33,0,153.31,0.83,2500,0,0,0
2339,39.02232,free_swing,604,469,754,507,-23.299,75.784,0,220.94,-445.24,0,154.74,1.77,2500,0,0,0
2340,39.039,free_swing,614,473,757,532,-19.163,67.580,0,302.44,-543.91,0,154.69,1.74,2500,0,0,0
2341,39.05568,free_swing,629,477,758,559,-13.196,57.558,0,393.49,-680.62,0,152.86,0.53,2500,0,0,0
2342,39.07237,free_swing,648,479,754,587,-5.826,44.465,0,486.40,-867.74,0,151.33,0.48,2500,0,0,0
2343,39.08905,free_swing,670,481,744,613,2.690,29.275,0,572.36,-1058.63,0,151.33,0.48,2500,0,0,0
2344,39.10573,free_swing,696,478,722,626,12.736,9.964,0,593.02,-1102.15,0,150.27,1.17,2500,0,0,0
2345,39.12242,free_swing,721,470,699,618,22.797,-8.455,0,526.00,-991.08,0,149.63,1.60,2500,0,0,0
2346,39.1391,free_swing,737,460,680,600,30.033,-22.153,0,404.70,-791.18,0,151.16,0.59,2500,0,0,0
2347,39.15578,free_swing,750,453,665,578,35.716,-34.216,0,282.86,-635.47,0,151.16,0.59,2500,0,0,0
2348,39.17247,free_swing,759,447,652,557,39.855,-44.208,0,191.96,-555.85,0,153.46,0.92,2500,0,0,0
2349,39.18915,free_swing,763,443,642,536,42.016,-52.454,0,97.38,-489.27,0,152.61,0.37,2500,0,0,0
2350,39.20583,free_swing,766,442,632,517,43.118,-60.764,0,14.92,-455.25,0,153.56,0.99,2500,0,0,0
2351,39.22252,free_swing,765,443,622,501,42.580,-67.923,0,-69.86,-432.54,0,154.31,1.49,2500,0,0,0
2352,39.2392,free_swing,761,445,612,485,40.934,-74.973,0,-140.73,-410.21,0,154.28,1.46,2500,0,0,0
2353,39.25588,free_swing,754,450,603,472,37.639,-81.711,0,-212.86,-397.29,0,152.59,0.36,2500,0,0,0
2354,39.27257,free_swing,747,456,594,461,34.114,-88.128,0,-278.60,-362.37,0,153.08,0.68,2500,0,0,0
2355,39.28925,free_swing,734,463,582,453,28.457,-93.764,0,-333.46,-308.70,0,152.33,0.18,2500,0,0,0
2356,39.30593,free_swing,721,470,569,448,22.797,-98.236,0,-369.78,-226.75,0,153.58,1.01,2500,0,0,0
2357,39.32262,free_swing,705,475,555,445,16.368,-101.310,0,-380.13,-123.74,0,152.97,0.60,2500,0,0,0
2358,39.3393,free_swing,689,479,538,446,10.030,-102.328,0,-404.41,-14.20,0,154.56,1.65,2500,0,0,0
2359,39.35598,free_swing,671,481,519,450,3.073,-101.527,0,-421.12,107.92,0,155.13,2.02,2500,0,0,0
2360,39.37267,free_swing,652,481,499,457,-4.222,-98.915,0,-441.82,227.66,0,154.87,1.85,2500,0,0,0
2361,39.38935,free_swing,633,478,478,468,-11.611,-93.691,0,-462.77,367.62,0,155.32,2.15,2500,0,0,0
2362,39.40603,free_swing,613,473,459,482,-19.525,-86.655,0,-492.59,533.37,0,154.26,1.45,2500,0,0,0
2363,39.42272,free_swing,593,464,444,500,-27.937,-76.417,0,-508.23,688.16,0,153.29,0.81,2500,0,0,0
2364,39.4394,free_swing,574,453,438,520,-36.336,-63.773,0,-481.39,785.37,0,151.61,0.29,2500,0,0,0
2365,39.45608,free_swing,559,441,441,537,-43.655,-50.870,0,-385.63,726.18,0,152.12,0.04,2500,0,0,0
2366,39.47277,free_swing,549,431,452,548,-49.028,-39.661,0,-208.05,520.16,1,151.98,0.05,2500,1,0,0
2367,39.48945,free_swing,546,427,462,555,-50.925,-33.275,0,-17.10,299.16,1,153.10,0.69,2500,1,0,0
2368,39.50613,free_swing,549,430,472,561,-49.316,-30.446,0,115.91,153.65,0,151.95,0.06,2500,0,0,0
2369,39.52282,free_swing,553,435,482,569,-46.882,-27.917,0,186.44,94.92,0,151.65,0.27,2500,0,0,0
2370,39.5395,free_swing,559,441,491,576,-43.655,-26.735,0,244.13,39.28,0,151.16,0.59,2500,0,0,0
2371,39.55618,free_swing,569,449,501,584,-38.779,-26.735,0,323.37,-43.58,0,151.16,0.59,2500,0,0,0
2372,39.57287,free_swing,582,458,511,591,-32.735,-28.095,0,398.72,-123.16,0,150.76,0.85,2500,0,0,0
2373,39.58955,free_swing,598,467,522,596,-25.710,-30.504,0,444.45,-158.93,0,149.72,1.53,2500,0,0,0
2374,39.60623,free_swing,617,475,534,600,-17.832,-33.584,0,479.44,-156.46,0,150.05,1.32,2500,0,0,0
2375,39.62292,free_swing,637,480,551,602,-9.964,-35.181,0,490.77,-90.62,0,149.26,1.83,2500,0,0,0
2376,39.6396,free_swing,659,482,570,602,-1.528,-36.563,0,483.84,7.91,0,149.40,1.74,2500,0,0,0
2377,39.65628,free_swing,679,480,593,603,6.170,-34.961,0,461.93,111.68,0,150.08,1.30,2500,0,0,0
2378,39.67297,free_swing,698,477,618,604,13.570,-32.208,0,414.85,245.52,0,150.10,1.29,2500,0,0,0
2379,39.68965,free_swing,714,472,645,606,20.016,-27.245,0,348.12,381.77,0,150.72,0.88,2500,0,0,0
2380,39.70633,free_swing,726,467,676,610,25.017,-19.272,0,240.78,542.21,0,151.49,0.37,2500,0,0,0
2381,39.72302,free_swing,733,463,709,613,28.118,-9.090,0,127.50,678.29,0,151.91,0.10,2500,0,0,0
2382,39.7397,free_swing,735,462,744,614,28.980,3.389,0,1.24,819.00,0,152.27,0.14,2500,0,0,0
2383,39.75638,free_swing,734,463,780,607,28.457,17.716,0,-119.18,951.86,0,151.17,0.58,2500,0,0,0
2384,39.77307,free_swing,727,467,812,589,25.364,34.866,0,-191.65,1017.12,0,148.69,2.21,2500,0,0,0
2385,39.78975,free_swing,718,470,835,562,21.730,51.821,0,-204.59,984.54,0,148.84,2.11,2500,0,0,0
2386,39.80643,free_swing,711,473,850,531,18.800,67.351,0,-178.62,891.19,0,150.62,0.95,2500,0,0,0
2387,39.82312,free_swing,704,475,854,498,15.998,81.283,0,-178.60,818.67,0,151.75,0.20,2500,0,0,0
2388,39.8398,free_swing,696,477,848,465,12.821,94.514,0,-196.54,757.58,0,152.47,0.28,2500,0,0,0
2389,39.85648,free_swing,687,479,833,435,9.273,106.771,0,-206.83,688.85,0,152.49,0.29,2500,0,0,0
2390,39.87317,free_swing,678,480,813,410,5.787,117.408,0,-228.83,601.77,0,152.07,0.01,2500,0,0,0
2391,39.88985,free_swing,668,481,790,390,1.922,126.719,0,-263.77,503.75,0,152.20,0.10,2500,0,0,0
2392,39.90653,free_swing,655,480,764,373,-3.094,134.469,0,-300.72,414.86,0,152.74,0.45,2500,0,0,0
2393,39.92322,free_swing,642,479,739,361,-8.130,140.579,0,-308.89,356.56,0,152.75,0.46,2500,0,0,0
2394,39.9399,free_swing,629,477,714,350,-13.196,146.206,0,-284.88,306.47,0,152.82,0.50,2500,0,0,0
2395,39.95658,free_swing,618,474,690,340,-17.583,151.750,0,-247.83,317.55,0,152.12,0.04,2500,0,0,0
2396,39.97327,free_swing,609,471,670,331,-21.231,156.457,0,-183.00,388.51,0,152.71,0.43,2500,0,0,0
2397,39.98995,free_swing,603,468,643,323,-23.806,164.578,0,-110.89,478.17,0,150.42,1.08,2500,0,0,0
2398,40.00663,free_swing,601,467,617,317,-24.667,173.911,0,-25.62,602.13,0,150.85,0.79,2500,0,0,0
2399,40.02332,free_swing,601,468,589,317,-24.507,-175.456,0,72.80,760.38,0,151.48,0.38,2500,0,0,0
