frame,time_s,phase,x_green,y_green,x_red,y_red,theta1_deg,theta2_deg,dropout
0,0.0,free_swing,659,481,659,633,-1.538,0.000,0
1,0.01668,free_swing,659,481,659,633,-1.538,0.000,0
2,0.03337,free_swing,659,481,659,633,-1.538,0.000,0
3,0.05005,free_swing,659,481,659,633,-1.538,0.000,0
4,0.06673,free_swing,659,481,659,633,-1.538,0.000,0
5,0.08342,free_swing,659,481,659,633,-1.538,0.000,0
6,0.1001,free_swing,659,480,659,633,-1.548,0.000,0
7,0.11678,free_swing,659,480,659,633,-1.548,0.000,0
8,0.13347,free_swing,659,480,659,633,-1.548,0.000,0
9,0.15015,free_swing,659,481,659,633,-1.538,0.000,0
10,0.16683,free_swing,659,480,659,633,-1.548,0.000,0
11,0.18352,free_swing,659,481,659,633,-1.538,0.000,0
12,0.2002,free_swing,659,480,658,633,-1.548,-0.374,0
13,0.21688,free_swing,659,480,659,633,-1.548,0.000,0
14,0.23357,free_swing,659,480,659,633,-1.548,0.000,0
15,0.25025,free_swing,659,480,658,633,-1.548,-0.374,0
16,0.26693,free_swing,659,480,659,633,-1.548,0.000,0
17,0.28362,free_swing,659,480,659,633,-1.548,0.000,0
18,0.3003,free_swing,659,481,659,632,-1.538,0.000,0
19,0.31698,free_swing,659,481,659,632,-1.538,0.000,0
20,0.33367,free_swing,659,481,659,632,-1.538,0.000,0
21,0.35035,free_swing,659,481,658,633,-1.538,-0.377,0
22,0.36703,free_swing,659,480,658,633,-1.548,-0.374,0
23,0.38372,free_swing,659,481,658,633,-1.538,-0.377,0
24,0.4004,free_swing,659,481,658,633,-1.538,-0.377,0
25,0.41708,free_swing,659,481,659,633,-1.538,0.000,0
26,0.43377,free_swing,659,481,659,633,-1.538,0.000,0
27,0.45045,free_swing,659,481,658,633,-1.538,-0.377,0
28,0.46713,free_swing,659,481,658,633,-1.538,-0.377,0
29,0.48382,free_swing,659,481,658,633,-1.538,-0.377,0
30,0.5005,free_swing,659,481,658,632,-1.538,-0.379,0
31,0.51718,free_swing,659,481,658,632,-1.538,-0.379,0
32,0.53387,free_swing,659,481,658,633,-1.538,-0.377,0
33,0.55055,free_swing,659,481,658,632,-1.538,-0.379,0
34,0.56723,free_swing,659,481,658,632,-1.538,-0.379,0
35,0.58392,free_swing,659,481,658,633,-1.538,-0.377,0
36,0.6006,free_swing,659,481,658,632,-1.538,-0.379,0
37,0.61728,free_swing,659,480,658,633,-1.548,-0.374,0
38,0.63397,free_swing,659,481,659,632,-1.538,0.000,0
39,0.65065,free_swing,659,481,659,632,-1.538,0.000,0
40,0.66733,free_swing,659,481,658,633,-1.538,-0.377,0
41,0.68402,free_swing,659,481,658,632,-1.538,-0.379,0
42,0.7007,free_swing,659,480,658,633,-1.548,-0.374,0
43,0.71738,free_swing,659,481,659,633,-1.538,0.000,0
44,0.73407,free_swing,659,480,658,632,-1.548,-0.377,0
45,0.75075,free_swing,659,481,658,633,-1.538,-0.377,0
46,0.76743,free_swing,659,481,659,633,-1.538,0.000,0
47,0.78412,free_swing,659,481,658,633,-1.538,-0.377,0
48,0.8008,free_swing,659,481,658,633,-1.538,-0.377,0
49,0.81748,free_swing,659,481,658,633,-1.538,-0.377,0
50,0.83417,free_swing,659,481,658,633,-1.538,-0.377,0
51,0.85085,free_swing,659,481,658,633,-1.538,-0.377,0
52,0.86753,free_swing,659,480,658,633,-1.548,-0.374,0
53,0.88422,free_swing,659,481,658,633,-1.538,-0.377,0
54,0.9009,free_swing,659,480,658,632,-1.548,-0.377,0
55,0.91758,free_swing,659,481,658,633,-1.538,-0.377,0
56,0.93427,free_swing,659,481,658,633,-1.538,-0.377,0
57,0.95095,free_swing,659,481,658,633,-1.538,-0.377,0
58,0.96763,free_swing,659,481,658,633,-1.538,-0.377,0
59,0.98432,free_swing,659,481,658,633,-1.538,-0.377,0
60,1.001,free_swing,659,481,659,633,-1.538,0.000,0
61,1.01768,free_swing,659,481,659,633,-1.538,0.000,0
62,1.03437,free_swing,659,481,658,633,-1.538,-0.377,0
63,1.05105,free_swing,659,481,658,633,-1.538,-0.377,0
64,1.06773,free_swing,659,481,658,633,-1.538,-0.377,0
65,1.08442,free_swing,659,481,658,633,-1.538,-0.377,0
66,1.1011,free_swing,659,481,658,633,-1.538,-0.377,0
67,1.11778,free_swing,659,481,658,633,-1.538,-0.377,0
68,1.13447,free_swing,659,481,659,633,-1.538,0.000,0
69,1.15115,free_swing,659,481,658,633,-1.538,-0.377,0
70,1.16783,free_swing,659,481,658,633,-1.538,-0.377,0
71,1.18452,free_swing,659,481,658,633,-1.538,-0.377,0
72,1.2012,free_swing,659,481,659,633,-1.538,0.000,0
73,1.21788,free_swing,659,480,658,633,-1.548,-0.374,0
74,1.23457,free_swing,659,481,658,633,-1.538,-0.377,0
75,1.25125,free_swing,659,480,658,633,-1.548,-0.374,0
76,1.26793,free_swing,659,480,658,633,-1.548,-0.374,0
77,1.28462,free_swing,659,481,658,633,-1.538,-0.377,0
78,1.3013,free_swing,659,481,658,633,-1.538,-0.377,0
79,1.31798,free_swing,659,481,659,633,-1.538,0.000,0
80,1.33467,free_swing,659,481,659,633,-1.538,0.000,0
81,1.35135,free_swing,659,481,659,633,-1.538,0.000,0
82,1.36803,free_swing,659,480,659,633,-1.548,0.000,0
83,1.38472,free_swing,659,481,659,633,-1.538,0.000,0
84,1.4014,free_swing,659,481,659,633,-1.538,0.000,0
85,1.41808,free_swing,659,481,658,633,-1.538,-0.377,0
86,1.43477,free_swing,659,481,659,633,-1.538,0.000,0
87,1.45145,free_swing,659,481,659,633,-1.538,0.000,0
88,1.46813,free_swing,659,481,658,633,-1.538,-0.377,0
89,1.48482,free_swing,659,481,658,633,-1.538,-0.377,0
90,1.5015,free_swing,659,481,658,633,-1.538,-0.377,0
91,1.51818,free_swing,659,481,658,632,-1.538,-0.379,0
92,1.53487,free_swing,659,481,658,633,-1.538,-0.377,0
93,1.55155,free_swing,659,481,658,633,-1.538,-0.377,0
94,1.56823,free_swing,659,481,658,633,-1.538,-0.377,0
95,1.58492,free_swing,659,481,658,633,-1.538,-0.377,0
96,1.6016,free_swing,659,481,658,633,-1.538,-0.377,0
97,1.61828,free_swing,659,481,658,632,-1.538,-0.379,0
98,1.63497,free_swing,659,481,658,633,-1.538,-0.377,0
99,1.65165,free_swing,659,481,658,633,-1.538,-0.377,0
100,1.66833,free_swing,659,481,658,633,-1.538,-0.377,0
101,1.68502,free_swing,659,481,658,633,-1.538,-0.377,0
102,1.7017,free_swing,659,481,658,633,-1.538,-0.377,0
103,1.71838,free_swing,659,481,658,633,-1.538,-0.377,0
104,1.73507,free_swing,659,481,658,633,-1.538,-0.377,0
105,1.75175,free_swing,659,481,659,633,-1.538,0.000,0
106,1.76843,free_swing,659,481,658,633,-1.538,-0.377,0
107,1.78512,free_swing,659,481,659,633,-1.538,0.000,0
108,1.8018,free_swing,659,481,659,633,-1.538,0.000,0
109,1.81848,free_swing,659,481,658,633,-1.538,-0.377,0
110,1.83517,free_swing,659,481,659,633,-1.538,0.000,0
111,1.85185,free_swing,659,481,658,633,-1.538,-0.377,0
112,1.86853,free_swing,659,481,658,632,-1.538,-0.379,0
113,1.88522,free_swing,659,481,658,633,-1.538,-0.377,0
114,1.9019,free_swing,659,481,658,633,-1.538,-0.377,0
115,1.91858,free_swing,659,481,659,633,-1.538,0.000,0
116,1.93527,free_swing,659,481,659,633,-1.538,0.000,0
117,1.95195,free_swing,659,481,659,633,-1.538,0.000,0
118,1.96863,free_swing,659,481,658,633,-1.538,-0.377,0
119,1.98532,free_swing,659,481,658,633,-1.538,-0.377,0
120,2.002,free_swing,659,481,659,633,-1.538,0.000,0
121,2.01868,free_swing,659,481,659,633,-1.538,0.000,0
122,2.03537,free_swing,659,481,659,633,-1.538,0.000,0
123,2.05205,free_swing,659,481,658,633,-1.538,-0.377,0
124,2.06873,free_swing,659,481,658,633,-1.538,-0.377,0
125,2.08542,free_swing,659,481,658,633,-1.538,-0.377,0
126,2.1021,free_swing,659,481,658,633,-1.538,-0.377,0
127,2.11878,free_swing,659,481,658,633,-1.538,-0.377,0
128,2.13547,free_swing,659,481,658,633,-1.538,-0.377,0
129,2.15215,free_swing,659,481,658,633,-1.538,-0.377,0
130,2.16883,free_swing,659,481,658,633,-1.538,-0.377,0
131,2.18552,free_swing,659,481,658,632,-1.538,-0.379,0
132,2.2022,free_swing,659,481,659,633,-1.538,0.000,0
133,2.21888,free_swing,659,481,658,633,-1.538,-0.377,0
134,2.23557,free_swing,659,481,659,633,-1.538,0.000,0
135,2.25225,free_swing,659,481,658,633,-1.538,-0.377,0
136,2.26893,free_swing,659,481,658,633,-1.538,-0.377,0
137,2.28562,free_swing,659,481,658,633,-1.538,-0.377,0
138,2.3023,free_swing,659,481,658,633,-1.538,-0.377,0
139,2.31898,free_swing,659,481,658,633,-1.538,-0.377,0
140,2.33567,free_swing,659,481,658,633,-1.538,-0.377,0
141,2.35235,free_swing,659,481,659,633,-1.538,0.000,0
142,2.36903,free_swing,659,481,658,633,-1.538,-0.377,0
143,2.38572,free_swing,659,480,658,633,-1.548,-0.374,0
144,2.4024,free_swing,659,481,658,633,-1.538,-0.377,0
145,2.41908,free_swing,659,481,658,633,-1.538,-0.377,0
146,2.43577,free_swing,659,481,658,633,-1.538,-0.377,0
147,2.45245,free_swing,659,481,658,633,-1.538,-0.377,0
148,2.46913,free_swing,659,481,658,633,-1.538,-0.377,0
149,2.48582,free_swing,659,481,658,633,-1.538,-0.377,0
150,2.5025,free_swing,659,481,659,632,-1.538,0.000,0
151,2.51918,free_swing,659,481,658,633,-1.538,-0.377,0
152,2.53587,free_swing,659,481,658,633,-1.538,-0.377,0
153,2.55255,free_swing,659,481,658,633,-1.538,-0.377,0
154,2.56923,free_swing,659,481,658,633,-1.538,-0.377,0
155,2.58592,free_swing,659,481,659,633,-1.538,0.000,0
156,2.6026,free_swing,659,481,658,632,-1.538,-0.379,0
157,2.61928,free_swing,659,481,658,632,-1.538,-0.379,0
158,2.63597,free_swing,659,481,659,633,-1.538,0.000,0
159,2.65265,free_swing,659,481,658,633,-1.538,-0.377,0
160,2.66933,free_swing,659,481,658,632,-1.538,-0.379,0
161,2.68602,free_swing,659,480,658,633,-1.548,-0.374,0
162,2.7027,free_swing,659,481,659,633,-1.538,0.000,0
163,2.71938,free_swing,659,481,658,633,-1.538,-0.377,0
164,2.73607,free_swing,659,481,659,633,-1.538,0.000,0
165,2.75275,free_swing,659,481,659,633,-1.538,0.000,0
166,2.76943,free_swing,659,481,658,633,-1.538,-0.377,0
167,2.78612,free_swing,659,481,659,633,-1.538,0.000,0
168,2.8028,free_swing,659,481,658,633,-1.538,-0.377,0
169,2.81948,free_swing,659,481,658,633,-1.538,-0.377,0
170,2.83617,free_swing,662,481,657,632,-0.385,-1.897,0
171,2.85285,free_swing,667,481,655,632,1.538,-4.544,0
172,2.86953,free_swing,673,481,653,631,3.840,-7.595,0
173,2.88622,free_swing,681,480,651,628,6.934,-11.459,0
174,2.9029,free_swing,689,479,649,625,10.030,-15.322,0
175,2.91958,free_swing,699,477,648,618,13.943,-19.885,0
176,2.93627,free_swing,711,472,648,610,18.925,-24.538,0
177,2.95295,free_swing,723,468,651,601,23.806,-28.429,0
178,2.96963,free_swing,735,462,655,590,28.980,-32.005,0
179,2.98632,free_swing,746,455,661,580,34.011,-34.216,0
180,3.003,free_swing,757,448,669,572,39.019,-35.362,0
181,3.01968,free_swing,767,439,679,564,44.185,-35.146,0
182,3.03637,free_swing,776,430,692,557,49.066,-33.481,0
183,3.05305,free_swing,785,419,705,550,54.507,-31.412,0
184,3.06973,free_swing,793,408,720,544,59.689,-28.225,0
185,3.08642,free_swing,799,397,738,538,64.455,-23.394,0
186,3.1031,free_swing,803,387,757,533,68.552,-17.488,0
187,3.11978,free_swing,807,379,776,529,71.924,-11.677,0
188,3.13647,free_swing,809,373,797,526,74.314,-4.485,0
189,3.15315,free_swing,809,371,817,525,75.044,2.974,0
190,3.16983,free_swing,808,374,838,526,73.846,11.165,0
191,3.18652,free_swing,806,381,860,526,71.086,20.426,0
192,3.2032,free_swing,801,392,881,524,66.501,31.218,0
193,3.21988,free_swing,793,409,899,516,59.361,44.731,0
194,3.23657,free_swing,779,427,909,503,50.684,59.689,0
195,3.25325,free_swing,765,441,909,486,43.100,72.646,0
196,3.26993,free_swing,749,452,900,469,35.628,83.577,0
197,3.28662,free_swing,733,463,886,457,28.118,92.246,0
198,3.3033,free_swing,716,470,869,447,21.010,98.549,0
199,3.31998,free_swing,697,477,849,441,13.196,103.325,0
200,3.33667,free_swing,677,480,828,440,5.404,104.837,0
201,3.35335,free_swing,654,481,807,443,-3.457,103.948,0
202,3.37003,free_swing,631,478,786,450,-12.362,100.240,0
203,3.38672,free_swing,609,471,765,462,-21.231,93.302,0
204,3.4034,free_swing,588,462,742,478,-29.982,84.068,0
205,3.42008,free_swing,568,449,715,498,-39.075,71.565,0
206,3.43677,free_swing,554,435,682,518,-46.621,57.039,0
207,3.45345,free_swing,542,422,642,537,-53.358,41.009,0
208,3.47013,free_swing,535,412,598,551,-57.995,24.382,0
209,3.48682,free_swing,531,406,544,559,-60.725,4.857,0
210,3.5035,free_swing,531,404,493,553,-61.390,-14.307,0
211,3.52018,free_swing,530,405,449,530,-61.239,-32.943,0
212,3.53687,free_swing,530,406,412,496,-60.909,-52.667,0
213,3.55355,free_swing,530,403,389,458,-61.905,-68.691,0
214,3.57023,free_swing,527,397,376,417,-64.455,-82.455,0
215,3.58692,free_swing,524,390,372,378,-67.351,-94.514,0
216,3.6036,free_swing,520,381,373,343,-71.086,-104.494,0
217,3.62028,free_swing,517,371,377,311,-75.044,-113.199,0
218,3.63697,free_swing,514,359,382,283,-79.729,-119.932,0
219,3.65365,free_swing,511,347,388,258,-84.364,-125.889,0
220,3.67033,free_swing,510,335,396,237,-88.877,-130.684,0
221,3.68702,free_swing,509,326,404,219,-92.231,-135.541,0
222,3.7037,free_swing,509,320,414,203,-94.456,-140.925,0
223,3.72038,free_swing,508,318,426,192,-95.161,-146.944,0
224,3.73707,free_swing,508,318,440,184,-95.161,-153.094,0
225,3.75375,free_swing,508,322,454,180,-93.691,-159.179,0
226,3.77043,free_swing,508,328,470,181,-91.478,-165.506,0
227,3.78712,free_swing,509,338,486,186,-87.769,-171.396,0
228,3.8038,free_swing,510,349,503,197,-83.660,-177.363,0
229,3.82048,free_swing,513,363,520,209,-78.323,177.397,0
230,3.83717,free_swing,518,380,534,226,-71.684,174.068,0
231,3.85385,free_swing,527,399,549,244,-63.773,171.922,0
232,3.87053,free_swing,541,419,561,264,-54.507,172.648,0
233,3.88722,free_swing,559,440,572,283,-43.919,175.267,0
234,3.9039,free_swing,581,458,581,301,-33.056,180.000,0
235,3.92058,free_swing,608,472,590,316,-21.448,-173.418,0
236,3.93727,free_swing,642,480,594,331,-8.076,-162.144,0
237,3.95395,free_swing,674,481,595,348,4.222,-149.290,0
238,3.97063,free_swing,705,476,596,367,16.260,-135.000,0
239,3.98732,free_swing,735,463,600,391,28.794,-118.072,0
240,4.004,free_swing,758,447,607,422,39.560,-99.401,0
241,4.02068,free_swing,775,432,624,456,48.240,-80.969,0
242,4.03737,free_swing,787,416,655,491,55.886,-60.396,0
243,4.05405,free_swing,796,404,698,520,61.571,-40.192,0
244,4.07073,free_swing,801,393,751,537,66.153,-19.148,0
245,4.08742,free_swing,805,386,811,538,69.179,2.261,0
246,4.1041,free_swing,806,382,868,520,70.728,24.193,0
247,4.12078,free_swing,806,381,916,486,71.086,46.332,0
248,4.13747,free_swing,806,380,944,434,71.445,68.629,0
249,4.15415,free_swing,806,378,948,393,72.168,83.970,0
250,4.17083,free_swing,808,373,944,327,74.211,108.687,0
251,4.18752,free_swing,811,364,935,284,77.800,122.829,0
252,4.2042,free_swing,813,355,914,246,81.283,137.182,0
253,4.22088,free_swing,815,343,889,214,85.861,150.160,0
254,4.23757,free_swing,816,330,862,190,90.749,161.811,0
255,4.25425,free_swing,816,320,832,172,94.485,173.830,0
256,4.27093,free_swing,815,310,804,162,98.236,-175.749,0
257,4.28762,free_swing,813,302,775,158,101.310,-165.217,0
258,4.3043,free_swing,812,297,746,162,103.219,-153.947,0
259,4.32098,free_swing,812,297,722,175,103.219,-143.584,0
260,4.33767,free_swing,813,302,703,197,101.310,-133.668,0
261,4.35435,free_swing,815,308,687,225,98.973,-122.961,0
262,4.37103,free_swing,816,315,675,259,96.340,-111.661,0
263,4.38772,free_swing,817,327,667,296,91.860,-101.677,0
264,4.4044,free_swing,816,341,663,335,86.634,-92.246,0
265,4.42108,free_swing,813,359,661,373,79.796,-84.738,0
266,4.43777,free_swing,808,377,660,418,72.759,-74.516,0
267,4.45445,free_swing,799,397,660,463,64.455,-64.601,0
268,4.47113,free_swing,788,417,663,510,55.784,-53.351,0
269,4.48782,free_swing,769,438,670,557,45.000,-39.758,0
270,4.5045,free_swing,742,458,684,602,32.087,-21.938,0
271,4.52118,free_swing,,,710,627,,,1
272,4.53787,free_swing,658,482,731,609,-1.909,29.890,0
273,4.55455,free_swing,625,475,735,574,-14.882,48.013,0
274,4.57123,free_swing,598,466,731,537,-25.877,61.905,0
275,4.58792,free_swing,576,455,723,499,-35.272,73.337,0
276,4.6046,free_swing,559,440,711,465,-43.919,80.660,0
277,4.62128,free_swing,544,423,697,434,-52.595,85.888,0
278,4.63797,free_swing,530,404,684,406,-61.571,89.256,0
279,4.65465,free_swing,520,384,674,383,-70.017,90.372,0
280,4.67133,free_swing,512,360,667,363,-79.495,88.891,0
281,4.68802,free_swing,509,335,663,346,-88.884,85.914,0
282,4.7047,free_swing,510,309,663,330,-98.549,82.185,0
283,4.72138,free_swing,515,284,666,317,-107.969,77.672,0
284,4.73807,free_swing,522,263,671,310,-116.075,72.493,0
285,4.75475,free_swing,533,242,677,304,-124.695,66.705,0
286,4.77143,free_swing,549,222,684,300,-133.977,59.982,0
287,4.78812,free_swing,563,208,691,298,-141.116,54.888,0
288,4.8048,free_swing,579,197,699,298,-148.109,49.914,0
289,4.82148,free_swing,592,189,705,297,-153.595,46.296,0
290,4.83817,free_swing,603,184,711,297,-157.932,43.704,0
291,4.85485,free_swing,611,180,716,297,-161.114,41.906,0
292,4.87153,free_swing,618,178,720,298,-163.711,40.365,0
293,4.88822,free_swing,619,178,722,296,-164.055,41.117,0
294,4.9049,free_swing,614,180,723,292,-162.132,44.222,0
295,4.92158,free_swing,607,182,723,287,-159.528,47.849,0
296,4.93827,free_swing,599,185,720,284,-156.473,50.711,0
297,4.95495,free_swing,589,190,716,281,-152.475,54.377,0
298,4.97163,free_swing,578,197,711,277,-147.804,58.973,0
299,4.98832,free_swing,565,207,704,276,-141.904,63.600,0
300,5.005,free_swing,551,219,698,275,-135.255,69.146,0
301,5.02168,free_swing,539,234,689,275,-128.320,74.713,0
302,5.03837,free_swing,527,254,680,277,-119.836,81.451,0
303,5.05505,free_swing,517,277,672,280,-110.642,88.891,0
304,5.07173,free_swing,511,305,665,284,-100.072,97.765,0
305,5.08842,free_swing,509,336,658,292,-88.512,106.452,0
306,5.1051,free_swing,515,368,652,296,-76.329,117.724,0
307,5.12178,free_swing,527,402,649,304,-62.765,128.774,0
308,5.13847,free_swing,549,431,647,310,-49.028,140.995,0
309,5.15515,free_swing,576,455,646,317,-35.272,153.104,0
310,5.17183,free_swing,608,471,647,321,-21.588,165.426,0
311,5.18852,free_swing,644,481,649,326,-7.267,178.152,0
312,5.2052,free_swing,680,481,651,329,6.509,-169.198,0
313,5.22188,free_swing,712,473,651,333,19.163,-156.457,0
314,5.23857,free_swing,742,458,654,335,32.087,-144.418,0
315,5.25525,free_swing,769,439,653,339,44.731,-130.764,0
316,5.27193,free_swing,790,415,653,347,56.834,-116.398,0
317,5.28862,free_swing,804,387,654,360,68.691,-100.204,0
318,5.3053,free_swing,813,360,661,376,79.426,-83.991,0
319,5.32198,free_swing,816,333,675,392,89.626,-67.294,0
320,5.33867,free_swing,814,309,697,407,98.661,-50.050,0
321,5.35535,free_swing,811,290,727,419,105.843,-33.071,0
322,5.37203,free_swing,807,276,760,425,111.251,-17.507,0
323,5.38872,free_swing,805,269,795,426,113.925,-3.644,0
324,5.4054,free_swing,804,268,827,423,114.413,8.440,0
325,5.42208,free_swing,807,272,858,420,112.620,19.014,0
326,5.43877,free_swing,810,281,889,416,109.134,30.336,0
327,5.45545,free_swing,814,293,918,409,104.482,41.878,0
328,5.47213,free_swing,816,314,941,400,96.710,55.472,0
329,5.48882,free_swing,815,341,949,392,86.611,69.163,0
330,5.5055,free_swing,810,369,,,75.872,,1
331,5.52218,free_swing,801,391,944,352,66.852,105.255,0
332,5.53887,free_swing,788,413,928,345,57.057,115.907,0
333,5.55555,free_swing,773,432,902,343,47.726,124.603,0
334,5.57223,free_swing,755,449,877,347,38.179,129.898,0
335,5.58892,free_swing,736,462,852,354,29.316,132.955,0
336,5.6056,free_swing,711,474,828,366,18.677,132.709,0
337,5.62228,free_swing,680,479,807,380,6.597,127.937,0
338,5.63897,free_swing,649,480,788,400,-5.404,119.922,0
339,5.65565,free_swing,621,474,769,426,-16.477,107.969,0
340,5.67233,free_swing,593,464,748,455,-27.937,93.323,0
341,5.68902,free_swing,572,452,720,490,-37.174,75.600,0
342,5.7057,free_swing,557,438,672,524,-45.000,53.210,0
343,5.72238,free_swing,547,428,633,553,-50.389,34.528,0
344,5.73907,free_swing,542,422,576,572,-53.358,12.771,0
345,5.75575,free_swing,542,423,515,573,-53.054,-10.204,0
346,5.77243,free_swing,546,427,457,550,-50.925,-35.889,0
347,5.78912,free_swing,550,432,420,507,-48.493,-60.018,0
348,5.8058,free_swing,551,431,405,457,-48.526,-79.902,0
349,5.82248,free_swing,545,424,393,412,-52.058,-94.514,0
350,5.83917,free_swing,538,415,393,369,-56.416,-107.601,0
351,5.85585,free_swing,531,404,398,330,-61.390,-119.091,0
352,5.87253,free_swing,524,392,406,296,-66.652,-129.130,0
353,5.88922,free_swing,518,376,414,266,-73.120,-136.606,0
354,5.9059,free_swing,514,363,424,242,-78.247,-143.358,0
355,5.92258,free_swing,511,352,438,221,-82.504,-150.871,0
356,5.93927,free_swing,509,343,451,205,-85.914,-157.203,0
357,5.95595,free_swing,508,338,465,194,-87.783,-163.374,0
358,5.97263,free_swing,509,336,480,187,-88.512,-168.986,0
359,5.98932,free_swing,509,338,497,187,-87.769,-175.456,0
360,6.006,free_swing,510,347,513,194,-84.401,178.877,0
361,6.02268,free_swing,512,358,529,205,-80.230,173.660,0
362,6.03937,free_swing,516,370,545,219,-75.506,169.129,0
363,6.05605,free_swing,520,385,560,235,-69.664,165.069,0
364,6.07273,free_swing,529,403,574,253,-62.083,163.301,0
365,6.08942,free_swing,541,421,587,272,-53.889,162.843,0
366,6.1061,free_swing,559,441,600,289,-43.655,164.904,0
367,6.12278,free_swing,582,458,611,305,-32.735,169.267,0
368,6.13947,free_swing,608,471,622,318,-21.588,174.772,0
369,6.15615,free_swing,639,479,632,326,-9.273,-177.380,0
370,6.17283,free_swing,671,481,640,331,3.073,-168.323,0
371,6.18952,free_swing,700,477,648,333,14.315,-160.145,0
372,6.2062,free_swing,729,466,654,333,26.222,-150.581,0
373,6.22288,free_swing,754,452,659,332,37.174,-141.633,0
374,6.23957,free_swing,774,432,662,331,47.984,-132.044,0
375,6.25625,free_swing,790,412,663,330,57.792,-122.849,0
376,6.27293,free_swing,803,389,663,331,67.847,-112.504,0
377,6.28962,free_swing,812,363,662,337,78.247,-99.834,0
378,6.3063,free_swing,816,335,663,345,88.877,-86.260,0
379,6.32298,free_swing,815,307,670,357,99.340,-70.974,0
380,6.33967,free_swing,810,283,682,368,108.435,-56.413,0
381,6.35635,free_swing,801,259,702,377,117.878,-39.996,0
382,6.37303,free_swing,789,238,728,381,126.724,-23.102,0
383,6.38972,free_swing,775,220,758,375,135.000,-6.259,0
384,6.4064,free_swing,761,207,790,359,141.904,10.802,0
385,6.42308,free_swing,747,197,818,334,148.109,27.395,0
386,6.43977,free_swing,736,189,841,301,152.956,43.152,0
387,6.45645,free_swing,726,185,858,265,156.801,58.782,0
388,6.47313,free_swing,723,184,869,230,157.932,72.512,0
389,6.48982,free_swing,723,185,875,194,157.797,86.611,0
390,6.5065,free_swing,729,187,877,161,155.526,99.964,0
391,6.52318,free_swing,739,192,874,130,151.504,114.667,0
392,6.53987,free_swing,751,199,864,103,146.509,130.350,0
393,6.55655,free_swing,765,210,845,86,140.102,147.171,0
394,6.57323,free_swing,777,222,821,79,133.977,162.897,0
395,6.58992,free_swing,787,235,793,85,128.035,177.709,0
396,6.6066,free_swing,795,249,765,101,122.161,-168.541,0
397,6.62328,free_swing,804,266,738,129,115.084,-154.277,0
398,6.63997,free_swing,810,283,715,161,108.435,-142.093,0
399,6.65665,free_swing,817,298,696,204,102.450,-127.842,0
400,6.67333,free_swing,816,322,682,252,93.740,-117.582,0
401,6.69002,free_swing,815,345,668,304,85.112,-105.584,0
402,6.7067,free_swing,810,371,659,356,75.141,-95.673,0
403,6.72338,free_swing,800,395,647,413,65.304,-83.290,0
404,6.74007,free_swing,787,417,643,466,55.570,-71.208,0
405,6.75675,free_swing,765,442,637,529,42.839,-55.797,0
406,6.77343,free_swing,735,463,641,590,28.794,-36.507,0
407,6.79012,free_swing,,,667,630,,,1
408,6.8068,free_swing,640,481,695,616,-8.775,22.166,0
409,6.82348,free_swing,607,470,707,579,-22.087,42.534,0
410,6.84017,free_swing,583,457,711,539,-32.619,57.355,0
411,6.85685,free_swing,564,445,707,496,-41.222,70.372,0
412,6.87353,free_swing,550,431,700,457,-48.778,80.166,0
413,6.89022,free_swing,537,414,691,420,-56.944,87.769,0
414,6.9069,free_swing,527,397,680,385,-64.455,94.485,0
415,6.92358,free_swing,519,377,670,352,-72.646,99.401,0
416,6.94027,free_swing,513,357,661,317,-80.538,105.124,0
417,6.95695,free_swing,510,335,658,297,-88.877,104.400,0
418,6.97363,free_swing,510,309,658,270,-98.549,104.763,0
419,6.99032,free_swing,513,288,660,245,-106.348,106.305,0
420,7.007,free_swing,518,270,663,220,-113.151,109.026,0
421,7.02368,free_swing,525,257,666,197,-118.523,113.051,0
422,7.04037,free_swing,532,246,667,175,-123.284,117.741,0
423,7.05705,free_swing,537,238,667,159,-126.724,121.287,0
424,7.07373,free_swing,541,232,665,143,-129.341,125.669,0
425,7.09042,free_swing,544,229,660,131,-130.878,130.192,0
426,7.1071,free_swing,545,228,656,124,-131.392,133.135,0
427,7.12378,free_swing,542,230,648,119,-130.130,136.320,0
428,7.14047,free_swing,537,237,638,120,-127.015,139.198,0
429,7.15715,free_swing,531,246,626,125,-123.085,141.864,0
430,7.17383,free_swing,525,257,615,132,-118.523,144.246,0
431,7.19052,free_swing,519,272,603,144,-112.620,146.725,0
432,7.2072,free_swing,513,290,590,157,-105.642,149.931,0
433,7.22388,free_swing,510,310,576,170,-98.183,154.759,0
434,7.24057,free_swing,509,334,561,187,-89.256,160.519,0
435,7.25725,free_swing,512,362,545,206,-78.763,168.056,0
436,7.27393,free_swing,,,526,227,,,1
437,7.29062,free_swing,,,506,254,,,1
438,7.3073,free_swing,,,483,290,,,1
439,7.32398,free_swing,571,451,465,338,-37.708,-136.831,0
440,7.34067,free_swing,591,464,452,396,-28.610,-116.068,0
441,7.35735,free_swing,609,471,456,457,-21.231,-95.228,0
442,7.37403,free_swing,622,475,487,545,-15.998,-62.592,0
443,7.39072,free_swing,631,478,558,610,-12.362,-28.944,0
444,7.4074,free_swing,639,480,635,630,-9.211,-1.528,0
445,7.42408,free_swing,652,480,719,616,-4.251,26.227,0
446,7.44077,free_swing,672,480,788,580,3.480,49.236,0
447,7.45745,free_swing,699,476,837,539,14.036,65.462,0
448,7.47413,free_swing,729,464,877,495,26.565,78.170,0
449,7.49082,free_swing,757,447,907,455,39.262,86.947,0
450,7.5075,free_swing,782,423,932,420,52.595,91.146,0
451,7.52418,free_swing,800,395,947,389,65.304,92.337,0
452,7.54087,free_swing,810,366,,,76.977,,1
453,7.55755,free_swing,816,336,,,88.502,,1
454,7.57423,free_swing,815,307,,,99.340,,1
455,7.59092,free_swing,811,288,,,106.557,,1
456,7.6076,free_swing,806,272,948,269,112.762,91.210,0
457,7.62428,free_swing,803,266,947,242,115.241,99.462,0
458,7.64097,free_swing,804,268,944,219,114.413,109.290,0
459,7.65765,free_swing,806,272,935,197,112.762,120.174,0
460,7.67433,free_swing,809,278,922,181,110.298,130.643,0
461,7.69102,free_swing,811,288,901,167,106.557,143.358,0
462,7.7077,free_swing,814,299,878,163,102.328,154.799,0
463,7.72438,free_swing,815,312,854,165,97.496,165.141,0
464,7.74107,free_swing,816,326,827,174,92.246,175.861,0
465,7.75775,free_swing,815,342,800,191,86.236,-174.327,0
466,7.77443,free_swing,812,360,775,212,79.357,-165.964,0
467,7.79112,free_swing,807,380,751,236,71.565,-158.749,0
468,7.8078,free_swing,802,397,728,264,64.938,-150.909,0
469,7.82448,free_swing,784,421,704,291,53.664,-148.392,0
470,7.84117,free_swing,766,443,681,315,42.859,-146.413,0
471,7.85785,free_swing,740,461,650,337,30.833,-144.028,0
472,7.87453,free_swing,712,473,621,353,19.163,-142.826,0
473,7.89122,free_swing,686,479,585,369,8.893,-137.442,0
474,7.9079,free_swing,660,481,544,385,-1.153,-129.611,0
475,7.92458,free_swing,636,480,502,405,-10.339,-119.236,0
476,7.94127,free_swing,609,471,461,431,-21.231,-105.124,0
477,7.95795,free_swing,581,456,427,463,-33.476,-87.397,0
478,7.97463,free_swing,551,432,414,501,-48.240,-63.268,0
479,7.99132,free_swing,526,400,439,521,-63.602,-35.716,0
480,8.008,free_swing,517,368,477,516,-76.149,-15.124,0
481,8.02468,free_swing,512,347,518,500,-84.327,2.246,0
482,8.04137,free_swing,510,331,556,478,-90.374,17.376,0
483,8.05805,free_swing,509,316,590,449,-95.932,31.342,0
484,8.07473,free_swing,511,301,620,412,-101.527,44.479,0
485,8.09142,free_swing,515,287,642,376,-106.912,54.978,0
486,8.1081,free_swing,519,273,657,342,-112.280,63.435,0
487,8.12478,free_swing,522,262,673,296,-116.402,77.311,0
488,8.14147,free_swing,525,255,680,256,-119.160,89.630,0
489,8.15815,free_swing,530,251,679,218,-121.342,102.488,0
490,8.17483,free_swing,532,246,671,183,-123.284,114.382,0
491,8.19152,free_swing,534,242,658,153,-124.902,125.669,0
492,8.2082,free_swing,535,240,639,130,-125.707,136.606,0
493,8.22488,free_swing,535,241,616,113,-125.410,147.674,0
494,8.24157,free_swing,531,246,590,106,-123.085,157.148,0
495,8.25825,free_swing,527,252,562,105,-120.466,166.608,0
496,8.27493,free_swing,522,261,532,110,-116.727,176.211,0
497,8.29162,free_swing,518,272,501,122,-112.479,-173.534,0
498,8.3083,free_swing,513,286,472,140,-107.049,-164.314,0
499,8.32498,free_swing,510,301,445,164,-101.454,-154.618,0
500,8.34167,free_swing,511,317,417,197,-95.636,-141.927,0
501,8.35835,free_swing,512,335,394,238,-88.862,-129.421,0
502,8.37503,free_swing,513,354,377,288,-81.656,-115.887,0
503,8.39172,free_swing,517,373,368,343,-74.314,-101.384,0
504,8.4084,free_swing,523,391,374,406,-67.148,-84.251,0
505,8.42508,free_swing,533,410,397,469,-59.036,-66.548,0
506,8.44177,free_swing,546,428,439,534,-50.631,-45.269,0
507,8.45845,free_swing,562,445,487,576,-41.791,-29.792,0
508,8.47513,free_swing,584,460,540,602,-31.682,-17.216,0
509,8.49182,free_swing,611,473,612,626,-20.244,0.374,0
510,8.5085,free_swing,644,481,671,630,-7.267,10.271,0
511,8.52518,free_swing,678,482,724,631,5.711,17.157,0
512,8.54187,free_swing,712,474,780,612,19.038,26.232,0
513,8.55855,free_swing,742,459,821,587,31.884,31.682,0
514,8.57523,free_swing,767,442,859,557,43.394,38.660,0
515,8.59192,free_swing,785,420,900,517,54.197,49.853,0
516,8.6086,free_swing,799,398,922,483,64.113,55.353,0
517,8.62528,free_swing,809,375,944,434,73.589,66.393,0
518,8.64197,free_swing,815,348,949,400,83.991,68.791,0
519,8.65865,free_swing,816,319,,,94.857,,1
520,8.67533,free_swing,814,294,,,104.125,,1
521,8.69202,free_swing,808,276,948,251,111.117,100.125,0
522,8.7087,free_swing,803,262,942,213,116.565,109.418,0
523,8.72538,free_swing,799,255,923,172,119.518,123.797,0
524,8.74207,free_swing,796,250,895,139,121.656,138.270,0
525,8.75875,free_swing,794,247,859,113,122.978,154.123,0
526,8.77543,free_swing,793,245,820,98,123.792,169.592,0
527,8.79212,free_swing,793,245,776,97,123.792,-173.447,0
528,8.8088,free_swing,794,248,734,110,122.669,-156.501,0
529,8.82548,free_swing,797,251,696,138,121.152,-138.209,0
530,8.84217,free_swing,798,254,667,174,120.018,-121.412,0
531,8.85885,free_swing,800,256,656,228,119.019,-101.004,0
532,8.87553,free_swing,802,259,651,290,117.708,-78.398,0
533,8.89222,free_swing,803,263,670,346,116.237,-58.033,0
534,8.9089,free_swing,806,272,715,393,112.762,-36.946,0
535,8.92558,free_swing,811,286,747,430,107.266,-23.962,0
536,8.94227,free_swing,815,305,798,464,100.072,-6.103,0
537,8.95895,free_swing,816,330,844,486,90.749,10.176,0
538,8.97563,free_swing,811,365,892,499,77.430,31.152,0
539,8.99232,free_swing,,,922,484,,,1
540,9.009,free_swing,765,441,913,452,43.100,85.749,0
541,9.02568,free_swing,733,463,885,426,28.118,103.681,0
542,9.04237,free_swing,706,475,847,404,16.736,116.727,0
543,9.05905,free_swing,681,480,808,389,6.934,125.623,0
544,9.07573,free_swing,653,481,768,378,-3.840,131.849,0
545,9.09242,free_swing,622,476,733,370,-15.893,133.680,0
546,9.1091,free_swing,592,465,705,361,-28.095,132.625,0
547,9.12578,free_swing,562,445,683,349,-41.791,128.428,0
548,9.14247,free_swing,539,419,670,338,-54.946,121.729,0
549,9.15915,free_swing,523,391,659,320,-67.148,117.567,0
550,9.17583,free_swing,513,363,656,306,-78.323,111.732,0
551,9.19252,free_swing,510,335,657,290,-88.877,107.021,0
552,9.2092,free_swing,510,308,660,274,-98.915,102.771,0
553,9.22588,free_swing,514,284,665,259,-107.856,99.401,0
554,9.24257,free_swing,520,266,674,244,-114.775,98.130,0
555,9.25925,free_swing,528,251,682,230,-120.964,97.765,0
556,9.27593,free_swing,535,240,688,218,-125.707,98.183,0
557,9.29262,free_swing,540,233,693,208,-128.830,99.280,0
558,9.3093,free_swing,543,230,694,198,-130.365,101.965,0
559,9.32598,free_swing,542,233,691,191,-129.289,105.742,0
560,9.34267,free_swing,539,236,686,187,-127.747,108.435,0
561,9.35935,free_swing,534,242,680,185,-124.902,111.326,0
562,9.37603,free_swing,529,250,671,186,-121.464,114.261,0
563,9.39272,free_swing,523,262,661,188,-116.565,118.202,0
564,9.4094,free_swing,517,276,650,194,-110.985,121.656,0
565,9.42608,free_swing,511,295,639,201,-103.681,126.293,0
566,9.44277,free_swing,509,315,625,210,-96.299,132.151,0
567,9.45945,free_swing,509,340,612,219,-87.026,139.594,0
568,9.47613,free_swing,517,370,598,232,-75.411,149.589,0
569,9.49282,free_swing,526,396,580,246,-64.960,160.201,0
570,9.5095,free_swing,545,423,562,264,-52.361,173.897,0
571,9.52618,free_swing,566,444,539,287,-40.895,-170.242,0
572,9.54287,free_swing,590,461,517,320,-29.505,-152.628,0
573,9.55955,free_swing,612,475,502,369,-19.628,-133.939,0
574,9.57623,free_swing,634,479,492,421,-11.160,-112.218,0
575,9.59292,free_swing,653,481,502,495,-3.840,-84.703,0
576,9.6096,free_swing,665,481,542,567,0.769,-55.039,0
577,9.62628,free_swing,674,481,611,618,4.222,-24.696,0
578,9.64297,free_swing,678,481,695,630,5.749,6.509,0
579,9.65965,free_swing,684,480,773,601,8.076,36.336,0
580,9.67633,free_swing,699,476,830,551,14.036,60.208,0
581,9.69302,free_swing,720,468,868,494,22.739,80.036,0
582,9.7097,free_swing,744,456,893,442,33.154,95.368,0
583,9.72638,free_swing,766,437,910,394,44.449,106.626,0
584,9.74307,free_swing,785,415,922,351,55.771,115.040,0
585,9.75975,free_swing,801,388,931,314,67.913,119.650,0
586,9.77643,free_swing,810,362,937,283,78.465,121.884,0
587,9.79312,free_swing,814,339,940,258,87.346,122.735,0
588,9.8098,free_swing,815,316,942,236,96.009,122.208,0
589,9.82648,free_swing,813,296,941,219,103.496,121.030,0
590,9.84317,free_swing,811,285,935,203,107.618,123.476,0
591,9.85985,free_swing,810,282,927,189,108.785,128.480,0
592,9.87653,free_swing,811,285,915,177,107.618,136.081,0
593,9.89322,free_swing,812,291,899,168,105.385,144.728,0
594,9.9099,free_swing,814,298,882,164,102.689,153.094,0
595,9.92658,free_swing,815,309,863,166,98.604,161.445,0
596,9.94327,free_swing,816,322,843,173,93.740,169.729,0
597,9.95995,free_swing,815,338,824,185,87.739,176.634,0
598,9.97663,free_swing,813,354,804,203,81.656,-176.589,0
599,9.99332,free_swing,808,373,786,222,74.211,-171.711,0
600,10.01,free_swing,800,394,768,244,65.651,-167.957,0
601,10.02668,free_swing,787,416,752,265,55.886,-166.950,0
602,10.04337,free_swing,770,437,736,287,45.541,-167.229,0
603,10.06005,free_swing,746,457,723,304,33.584,-171.451,0
604,10.07673,free_swing,715,472,711,317,20.376,-178.522,0
605,10.09342,free_swing,681,481,699,327,6.888,173.333,0
606,10.1101,free_swing,647,481,689,333,-6.129,164.157,0
607,10.12678,free_swing,614,473,681,334,-19.163,154.265,0
608,10.14347,free_swing,585,461,674,336,-31.159,144.549,0
609,10.16015,free_swing,560,442,669,334,-43.118,134.736,0
610,10.17683,free_swing,540,420,667,333,-54.418,124.413,0
611,10.19352,free_swing,526,396,665,334,-64.960,114.039,0
612,10.2102,free_swing,516,371,665,337,-75.141,102.854,0
613,10.22688,free_swing,510,344,663,343,-85.515,90.374,0
614,10.24357,free_swing,510,315,660,352,-96.340,76.144,0
615,10.26025,free_swing,514,288,650,363,-106.452,61.125,0
616,10.27693,free_swing,522,263,634,373,-116.075,45.516,0
617,10.29362,free_swing,535,241,610,378,-125.410,28.698,0
618,10.3103,free_swing,550,222,581,375,-134.229,11.454,0
619,10.32698,free_swing,565,207,550,363,-141.904,-5.492,0
620,10.34367,free_swing,577,198,522,344,-147.308,-20.642,0
621,10.36035,free_swing,586,192,497,322,-151.189,-34.396,0
622,10.37703,free_swing,590,189,477,297,-152.956,-46.296,0
623,10.39372,free_swing,591,190,459,273,-153.113,-57.839,0
624,10.4104,free_swing,588,192,443,249,-151.821,-68.540,0
625,10.42708,free_swing,581,196,430,229,-148.912,-77.672,0
626,10.44377,free_swing,571,202,418,209,-144.713,-87.380,0
627,10.46045,free_swing,560,211,408,191,-139.594,-97.496,0
628,10.47713,free_swing,547,225,405,173,-132.689,-110.113,0
629,10.49382,free_swing,534,244,407,162,-124.301,-122.849,0
630,10.5105,free_swing,525,264,416,156,-116.232,-134.736,0
631,10.52718,free_swing,518,285,431,159,-107.959,-145.376,0
632,10.54387,free_swing,,,448,170,,,1
633,10.56055,free_swing,513,347,465,187,-84.289,-163.301,0
634,10.57723,free_swing,516,371,482,209,-75.141,-168.147,0
635,10.59392,free_swing,524,397,496,235,-64.938,-170.194,0
636,10.6106,free_swing,,,508,262,,,1
637,10.62728,free_swing,569,446,518,291,-39.508,-161.787,0
638,10.64397,free_swing,598,465,522,323,-26.046,-151.844,0
639,10.66065,free_swing,632,476,524,360,-12.149,-137.045,0
640,10.67733,free_swing,666,481,528,405,1.153,-118.843,0
641,10.69402,free_swing,693,479,542,455,11.535,-99.031,0
642,10.7107,free_swing,713,473,569,515,19.525,-73.740,0
643,10.72738,free_swing,724,468,614,572,24.158,-46.606,0
644,10.74407,free_swing,727,467,679,612,25.364,-18.316,0
645,10.76075,free_swing,722,469,753,617,23.299,11.830,0
646,10.77743,free_swing,717,471,816,583,21.231,41.474,0
647,10.79412,free_swing,723,468,856,535,23.806,63.263,0
648,10.8108,free_swing,737,460,886,481,30.033,81.978,0
649,10.82748,free_swing,753,450,902,432,37.333,96.888,0
650,10.84417,free_swing,771,434,913,387,46.637,108.314,0
651,10.86085,free_swing,786,415,920,346,55.989,117.245,0
652,10.87753,free_swing,798,395,923,312,64.983,123.584,0
653,10.89422,free_swing,806,375,924,281,73.264,128.541,0
654,10.9109,free_swing,812,356,923,255,80.850,132.299,0
655,10.92758,free_swing,814,339,921,234,87.346,134.459,0
656,10.94427,free_swing,815,326,918,217,92.261,136.621,0
657,10.96095,free_swing,816,316,913,202,95.970,139.606,0
658,10.97763,free_swing,816,312,905,192,97.447,143.437,0
659,10.99432,free_swing,816,316,894,186,95.970,149.036,0
660,11.011,free_swing,816,322,880,184,93.740,155.120,0
661,11.02768,free_swing,816,330,866,187,90.749,160.728,0
662,11.04437,free_swing,815,341,850,193,86.611,166.695,0
663,11.06105,free_swing,813,355,835,203,81.283,171.764,0
664,11.07773,free_swing,809,370,820,218,75.411,175.861,0
665,11.09442,free_swing,802,388,807,235,68.057,178.128,0
666,11.1111,free_swing,793,406,794,252,60.350,179.628,0
667,11.12778,free_swing,777,427,782,271,50.194,178.164,0
668,11.14447,free_swing,757,447,774,288,39.262,173.897,0
669,11.16115,free_swing,734,463,768,308,28.457,167.628,0
670,11.17783,free_swing,705,475,765,329,16.368,157.659,0
671,11.19452,free_swing,676,481,764,353,4.986,145.491,0
672,11.2112,free_swing,642,480,763,382,-8.076,129.005,0
673,11.22788,free_swing,613,472,758,419,-19.654,110.078,0
674,11.24457,free_swing,591,462,743,462,-28.980,90.000,0
675,11.26125,free_swing,573,452,714,505,-36.870,69.399,0
676,11.27793,free_swing,562,443,669,550,-42.299,45.000,0
677,11.29462,free_swing,554,435,608,577,-46.621,20.821,0
678,11.3113,free_swing,550,431,540,584,-48.778,-3.740,0
679,11.32798,free_swing,551,433,472,562,-47.956,-31.483,0
680,11.34467,free_swing,552,435,432,519,-47.141,-55.008,0
681,11.36135,free_swing,550,431,403,461,-48.778,-78.465,0
682,11.37803,free_swing,544,423,393,405,-52.595,-96.798,0
683,11.39472,free_swing,537,414,399,356,-56.944,-112.797,0
684,11.4114,free_swing,529,401,407,309,-62.755,-127.020,0
685,11.42808,free_swing,521,385,422,270,-69.532,-139.276,0
686,11.44477,free_swing,515,368,441,238,-76.329,-150.350,0
687,11.46145,free_swing,511,351,461,211,-82.875,-160.346,0
688,11.47813,free_swing,509,336,480,190,-88.512,-168.766,0
689,11.49482,free_swing,508,324,500,175,-92.955,-176.927,0
690,11.5115,free_swing,509,315,522,165,-96.299,175.047,0
691,11.52818,free_swing,509,309,541,161,-98.494,167.800,0
692,11.54487,free_swing,509,308,560,164,-98.858,160.498,0
693,11.56155,free_swing,509,314,577,177,-96.667,153.602,0
694,11.57823,free_swing,510,321,593,192,-94.112,147.242,0
695,11.59492,free_swing,509,329,608,211,-91.116,140.004,0
696,11.6116,free_swing,510,343,620,235,-85.888,134.474,0
697,11.62828,free_swing,513,358,632,261,-80.166,129.184,0
698,11.64497,free_swing,519,378,644,288,-72.284,125.754,0
699,11.66165,free_swing,526,397,655,313,-64.618,123.071,0
700,11.67833,free_swing,539,418,672,343,-55.257,119.419,0
701,11.69502,free_swing,555,437,691,370,-45.807,116.227,0
702,11.7117,free_swing,574,452,716,397,-36.563,111.173,0
703,11.72838,free_swing,596,466,744,428,-26.565,104.400,0
704,11.74507,free_swing,619,475,773,461,-17.103,95.194,0
705,11.76175,free_swing,647,481,799,499,-6.129,83.246,0
706,11.77843,free_swing,682,478,818,541,7.415,65.145,0
707,11.79512,free_swing,718,473,820,580,21.309,43.630,0
708,11.8118,free_swing,756,451,795,593,38.008,15.357,0
709,11.82848,free_swing,781,424,764,574,52.058,-6.466,0
710,11.84517,free_swing,794,405,738,545,60.871,-21.801,0
711,11.86185,free_swing,804,387,715,511,68.691,-35.669,0
712,11.87853,free_swing,810,372,697,474,74.778,-47.929,0
713,11.89522,free_swing,814,353,685,435,82.082,-57.558,0
714,11.9119,free_swing,816,331,678,398,90.374,-64.103,0
715,11.92858,free_swing,815,311,670,361,97.866,-70.974,0
716,11.94527,free_swing,813,291,662,323,105.287,-78.035,0
717,11.96195,free_swing,807,272,655,299,112.620,-79.928,0
718,11.97863,free_swing,799,253,646,269,120.152,-84.030,0
719,11.99532,free_swing,789,237,635,244,127.015,-87.397,0
720,12.012,free_swing,780,225,625,219,132.444,-92.217,0
721,12.02868,free_swing,770,215,618,195,137.556,-97.496,0
722,12.04537,free_swing,761,207,612,176,141.904,-101.753,0
723,12.06205,free_swing,754,201,608,156,145.214,-107.130,0
724,12.07873,free_swing,748,197,606,140,147.804,-111.871,0
725,12.09542,free_swing,742,195,606,127,150.030,-116.565,0
726,12.1121,free_swing,742,194,609,119,150.210,-119.419,0
727,12.12878,free_swing,745,196,616,116,148.912,-121.805,0
728,12.14547,free_swing,751,200,623,115,146.310,-123.587,0
729,12.16215,free_swing,759,205,632,118,142.914,-124.413,0
730,12.17883,free_swing,768,213,641,125,138.576,-124.719,0
731,12.19552,free_swing,777,222,652,134,133.977,-125.146,0
732,12.2122,free_swing,787,235,663,145,128.035,-125.972,0
733,12.22888,free_swing,798,251,674,158,120.964,-126.870,0
734,12.24557,free_swing,808,270,685,173,113.151,-128.260,0
735,12.26225,free_swing,818,298,698,190,102.372,-131.987,0
736,12.27893,free_swing,819,312,710,207,97.306,-133.929,0
737,12.29562,free_swing,815,350,722,222,83.246,-143.999,0
738,12.3123,free_swing,804,382,737,240,70.475,-154.741,0
739,12.32898,free_swing,790,412,754,257,57.792,-166.924,0
740,12.34567,free_swing,768,438,773,280,44.728,178.187,0
741,12.36235,free_swing,741,458,795,311,31.759,159.829,0
742,12.37903,free_swing,715,471,815,353,20.511,139.720,0
743,12.39572,free_swing,692,478,828,409,11.234,116.901,0
744,12.4124,free_swing,673,480,824,467,3.865,94.921,0
745,12.42908,free_swing,662,481,796,547,-0.385,63.778,0
746,12.44577,free_swing,656,481,738,607,-2.690,33.056,0
747,12.46245,free_swing,657,481,662,631,-2.306,1.909,0
748,12.47913,free_swing,656,481,584,615,-2.690,-28.250,0
749,12.49582,free_swing,643,480,528,575,-7.696,-50.440,0
750,12.5125,free_swing,623,475,479,526,-15.627,-70.498,0
751,12.52918,free_swing,600,467,451,481,-25.017,-84.632,0
752,12.54587,free_swing,576,454,425,439,-35.493,-95.673,0
753,12.56255,free_swing,557,437,407,401,-45.272,-103.496,0
754,12.57923,free_swing,539,416,393,364,-55.886,-109.604,0
755,12.59592,free_swing,526,395,386,336,-65.304,-112.852,0
756,12.6126,free_swing,518,378,383,310,-72.399,-116.735,0
757,12.62928,free_swing,515,367,385,289,-76.695,-120.964,0
758,12.64597,free_swing,514,364,393,273,-77.879,-126.946,0
759,12.66265,free_swing,514,366,407,259,-77.146,-135.000,0
760,12.67933,free_swing,515,370,422,250,-75.600,-142.224,0
761,12.69602,free_swing,517,377,439,246,-72.870,-149.230,0
762,12.7127,free_swing,521,386,458,246,-69.179,-155.772,0
763,12.72938,free_swing,526,397,476,250,-64.618,-161.215,0
764,12.74607,free_swing,533,409,496,259,-59.361,-166.144,0
765,12.76275,free_swing,543,423,514,269,-52.826,-169.335,0
766,12.77943,free_swing,557,438,530,283,-45.000,-170.119,0
767,12.79612,free_swing,575,453,546,298,-36.027,-169.403,0
768,12.8128,free_swing,597,466,559,312,-26.222,-166.139,0
769,12.82948,free_swing,621,475,569,327,-16.368,-160.641,0
770,12.84617,free_swing,651,481,575,342,-4.604,-151.332,0
771,12.86285,free_swing,680,480,580,359,6.553,-140.428,0
772,12.87953,free_swing,709,474,584,382,17.949,-126.353,0
773,12.89622,free_swing,735,462,590,410,28.980,-109.729,0
774,12.9129,free_swing,755,449,602,442,38.179,-92.620,0
775,12.92958,free_swing,773,434,628,478,47.161,-73.120,0
776,12.94627,free_swing,787,417,666,507,55.570,-53.358,0
777,12.96295,free_swing,795,403,723,538,61.725,-28.072,0
778,12.97963,free_swing,801,394,786,545,65.807,-5.673,0
779,12.99632,free_swing,803,389,851,534,67.847,18.316,0
780,13.013,free_swing,804,388,910,495,68.339,44.731,0
781,13.02968,free_swing,803,388,943,441,68.199,69.265,0
782,13.04637,free_swing,804,385,948,379,69.399,92.386,0
783,13.06305,free_swing,806,378,944,324,72.168,111.371,0
784,13.07973,free_swing,809,369,926,274,75.779,129.075,0
785,13.09642,free_swing,813,356,895,234,80.910,146.094,0
786,13.1131,free_swing,815,342,867,203,86.236,159.489,0
787,13.12978,free_swing,816,328,833,180,91.498,173.447,0
788,13.14647,free_swing,815,314,800,166,96.754,-174.213,0
789,13.16315,free_swing,813,302,767,160,101.310,-162.051,0
790,13.17983,free_swing,811,290,735,161,105.843,-149.496,0
791,13.19652,free_swing,809,283,708,170,108.553,-138.209,0
792,13.2132,free_swing,808,281,687,190,109.378,-126.946,0
793,13.22988,free_swing,810,283,672,217,108.435,-115.560,0
794,13.24657,free_swing,812,287,664,248,106.805,-104.763,0
795,13.26325,free_swing,814,294,660,282,104.125,-94.456,0
796,13.27993,free_swing,815,304,661,315,100.437,-85.914,0
797,13.29662,free_swing,816,317,668,357,95.599,-74.876,0
798,13.3133,free_swing,815,333,676,397,89.623,-65.277,0
799,13.32998,free_swing,813,352,683,438,82.405,-56.514,0
800,13.34667,free_swing,809,374,694,481,73.951,-47.064,0
801,13.36335,free_swing,800,396,708,524,64.960,-35.707,0
802,13.38003,free_swing,784,420,725,564,53.973,-22.280,0
803,13.39672,free_swing,759,446,749,601,40.101,-3.691,0
804,13.4134,free_swing,,,776,609,,,1
805,13.43008,free_swing,679,481,784,581,6.129,46.397,0
806,13.44677,free_swing,646,479,778,549,-6.597,62.063,0
807,13.46345,free_swing,618,474,763,515,-17.583,74.211,0
808,13.48013,free_swing,594,465,745,485,-27.420,82.455,0
809,13.49682,free_swing,571,450,727,459,-37.942,86.698,0
810,13.5135,free_swing,552,431,707,436,-48.270,88.152,0
811,13.53018,free_swing,535,412,689,417,-57.995,88.140,0
812,13.54687,free_swing,521,387,675,404,-68.827,83.701,0
813,13.56355,free_swing,512,360,664,394,-79.495,77.391,0
814,13.58023,free_swing,509,331,654,388,-90.372,68.540,0
815,13.59692,free_swing,511,304,644,386,-100.437,58.344,0
816,13.6136,free_swing,518,278,630,385,-110.426,46.308,0
817,13.63028,free_swing,528,253,613,383,-120.336,33.179,0
818,13.64697,free_swing,542,232,592,380,-129.572,18.667,0
819,13.66365,free_swing,558,214,570,371,-138.336,4.371,0
820,13.68033,free_swing,572,203,547,358,-144.800,-9.162,0
821,13.69702,free_swing,582,194,527,341,-149.589,-20.513,0
822,13.7137,free_swing,590,191,510,324,-152.628,-31.027,0
823,13.73038,free_swing,594,188,493,308,-154.398,-40.086,0
824,13.74707,free_swing,595,187,479,293,-154.875,-47.579,0
825,13.76375,free_swing,593,189,466,281,-153.918,-54.080,0
826,13.78043,free_swing,588,192,453,271,-151.821,-59.664,0
827,13.79712,free_swing,580,196,439,263,-148.605,-64.584,0
828,13.8138,free_swing,569,204,425,257,-143.707,-69.794,0
829,13.83048,free_swing,558,214,408,255,-138.336,-74.713,0
830,13.84717,free_swing,546,225,396,255,-132.444,-78.690,0
831,13.86385,free_swing,534,241,384,253,-125.200,-85.426,0
832,13.88053,free_swing,522,265,371,256,-115.416,-93.411,0
833,13.89722,free_swing,514,292,366,256,-105.027,-103.671,0
834,13.9139,free_swing,510,319,367,263,-94.857,-111.386,0
835,13.93058,free_swing,512,346,374,276,-84.703,-116.896,0
836,13.94727,free_swing,521,378,386,294,-72.051,-121.891,0
837,13.96395,free_swing,533,406,399,318,-60.350,-123.294,0
838,13.98063,free_swing,550,431,413,347,-48.778,-121.514,0
839,13.99732,free_swing,571,450,427,384,-37.942,-114.624,0
840,14.014,free_swing,595,466,443,426,-26.906,-104.744,0
841,14.03068,free_swing,621,476,470,472,-16.260,-91.517,0
842,14.04737,free_swing,645,480,504,528,-6.934,-71.200,0
843,14.06405,free_swing,667,481,553,580,1.538,-49.028,0
844,14.08073,free_swing,683,480,624,618,7.696,-23.148,0
845,14.09742,free_swing,698,478,706,627,13.481,3.073,0
846,14.1141,free_swing,711,473,785,604,18.800,29.461,0
847,14.13078,free_swing,726,467,845,559,25.017,52.292,0
848,14.14747,free_swing,745,456,888,503,33.476,71.806,0
849,14.16415,free_swing,766,439,918,445,43.909,87.739,0
850,14.18083,free_swing,786,416,933,397,55.670,97.365,0
851,14.19752,free_swing,801,389,944,349,67.557,105.627,0
852,14.2142,free_swing,811,362,947,308,78.541,111.656,0
853,14.23088,free_swing,816,336,947,271,88.502,116.390,0
854,14.24757,free_swing,815,309,945,238,98.604,118.641,0
855,14.26425,free_swing,811,288,939,212,106.557,120.700,0
856,14.28093,free_swing,806,272,929,188,112.762,124.330,0
857,14.29762,free_swing,804,264,913,164,115.747,132.534,0
858,14.3143,free_swing,803,263,893,144,116.237,142.900,0
859,14.33098,free_swing,804,267,867,131,114.749,155.145,0
860,14.34767,free_swing,806,270,839,125,113.440,167.179,0
861,14.36435,free_swing,808,277,810,127,110.772,179.236,0
862,14.38103,free_swing,810,286,778,138,107.376,-167.800,0
863,14.39772,free_swing,812,295,748,157,103.946,-155.120,0
864,14.4144,free_swing,815,306,722,185,99.707,-142.454,0
865,14.43108,free_swing,816,318,699,220,95.228,-129.950,0
866,14.44777,free_swing,816,332,680,263,90.000,-116.901,0
867,14.46445,free_swing,815,349,668,310,83.618,-104.859,0
868,14.48113,free_swing,810,368,659,358,76.239,-93.789,0
869,14.49782,free_swing,803,389,651,412,67.847,-81.396,0
870,14.5145,free_swing,792,410,649,466,58.841,-68.614,0
871,14.53118,free_swing,778,431,649,522,49.276,-54.800,0
872,14.54787,free_swing,753,451,658,575,37.100,-37.457,0
873,14.56455,free_swing,717,470,680,621,21.371,-13.768,0
874,14.58123,free_swing,,,711,623,,,1
875,14.59792,free_swing,630,477,725,587,-12.821,40.815,0
876,14.6146,free_swing,598,466,726,545,-25.877,58.318,0
877,14.63128,free_swing,575,454,719,501,-35.803,71.924,0
878,14.64797,free_swing,558,439,710,460,-44.459,82.134,0
879,14.66465,free_swing,543,422,697,420,-53.130,90.744,0
880,14.68133,free_swing,531,405,683,385,-61.056,97.496,0
881,14.69802,free_swing,521,385,670,350,-69.532,103.219,0
882,14.7147,free_swing,514,364,660,314,-77.879,108.905,0
883,14.73138,free_swing,510,338,655,290,-87.754,108.316,0
884,14.74807,free_swing,510,312,654,260,-97.447,109.855,0
885,14.76475,free_swing,513,289,655,232,-105.996,111.871,0
886,14.78143,free_swing,518,270,657,205,-113.151,115.062,0
887,14.79812,free_swing,526,254,658,178,-119.655,119.932,0
888,14.8148,free_swing,533,243,657,156,-124.396,125.054,0
889,14.83148,free_swing,541,233,656,134,-129.058,130.724,0
890,14.84817,free_swing,546,226,651,116,-132.176,136.332,0
891,14.86485,free_swing,550,221,646,103,-134.488,140.870,0
892,14.88153,free_swing,551,219,638,95,-135.255,144.946,0
893,14.89822,free_swing,548,222,629,93,-133.727,147.875,0
894,14.9149,free_swing,543,228,618,95,-130.914,150.581,0
895,14.93158,free_swing,538,236,609,100,-127.524,152.433,0
896,14.94827,free_swing,531,246,597,109,-123.085,154.277,0
897,14.96495,free_swing,524,260,585,120,-117.384,156.457,0
898,14.98163,free_swing,517,276,574,135,-110.985,157.989,0
899,14.99832,free_swing,512,295,560,150,-103.768,161.684,0
900,15.015,free_swing,504,327,547,169,-91.801,164.776,0
901,15.03168,free_swing,508,353,533,190,-82.284,171.280,0
902,15.04837,free_swing,512,379,515,213,-72.711,178.965,0
903,15.06505,free_swing,528,403,496,242,-62.259,-168.759,0
904,15.08173,free_swing,541,422,475,277,-53.584,-155.526,0
905,15.09842,free_swing,561,443,458,324,-42.580,-139.122,0
906,15.1151,free_swing,579,456,443,381,-34.114,-118.875,0
907,15.13178,free_swing,598,467,446,445,-25.710,-98.236,0
908,15.14847,free_swing,611,472,471,527,-20.376,-68.552,0
909,15.16515,free_swing,622,476,529,594,-15.893,-38.243,0
910,15.18183,free_swing,631,479,620,630,-12.281,-4.167,0
911,15.19852,free_swing,645,480,699,621,-6.934,20.956,0
912,15.2152,free_swing,665,480,769,592,0.774,42.879,0
913,15.23188,free_swing,693,477,831,548,11.689,62.775,0
914,15.24857,free_swing,723,467,869,508,23.962,74.314,0
915,15.26525,free_swing,754,450,903,469,37.639,82.733,0
916,15.28193,free_swing,780,426,930,434,51.221,86.947,0
917,15.29862,free_swing,799,398,946,404,64.113,87.663,0
918,15.3153,free_swing,811,368,,,76.329,,1
919,15.33198,free_swing,816,336,,,88.502,,1
920,15.34867,free_swing,815,307,,,99.340,,1
921,15.36535,free_swing,811,287,,,106.912,,1
922,15.38203,free_swing,806,271,948,265,113.102,92.420,0
923,15.39872,free_swing,802,264,947,244,116.068,97.853,0
924,15.4154,free_swing,803,265,944,216,115.574,109.163,0
925,15.43208,free_swing,805,269,933,192,113.925,121.030,0
926,15.44877,free_swing,808,275,916,172,111.460,133.643,0
927,15.46545,free_swing,811,285,893,159,107.618,146.944,0
928,15.48213,free_swing,813,295,868,155,103.856,158.552,0
929,15.49882,free_swing,815,308,837,158,98.973,171.656,0
930,15.5155,free_swing,816,322,808,170,93.740,-176.987,0
931,15.53218,free_swing,815,337,779,189,88.116,-166.329,0
932,15.54887,free_swing,812,355,751,215,81.225,-156.457,0
933,15.56555,free_swing,809,372,725,246,74.678,-146.310,0
934,15.58223,free_swing,802,391,700,279,67.001,-137.675,0
935,15.59892,free_swing,789,414,675,314,56.944,-131.257,0
936,15.6156,free_swing,773,434,648,348,47.161,-124.528,0
937,15.63228,free_swing,754,451,618,384,37.405,-116.227,0
938,15.64897,free_swing,732,465,587,422,27.420,-106.518,0
939,15.66565,free_swing,707,475,554,464,17.103,-94.112,0
940,15.68233,free_swing,676,481,525,510,4.986,-79.129,0
941,15.69902,free_swing,643,479,511,558,-7.748,-59.100,0
942,15.7157,free_swing,,,519,597,,,1
943,15.73238,free_swing,561,443,555,590,-42.580,-2.337,0
944,15.74907,free_swing,540,418,584,562,-55.039,16.991,0
945,15.76575,free_swing,528,398,610,526,-63.947,32.645,0
946,15.78243,free_swing,519,381,633,485,-71.208,47.626,0
947,15.79912,free_swing,514,366,648,441,-77.146,60.764,0
948,15.8158,free_swing,511,349,657,399,-83.618,71.095,0
949,15.83248,free_swing,510,329,662,357,-91.123,79.563,0
950,15.84917,free_swing,511,308,665,315,-98.973,87.397,0
951,15.86585,free_swing,514,287,667,282,-106.805,91.872,0
952,15.88253,free_swing,519,270,671,246,-113.295,98.973,0
953,15.89922,free_swing,526,254,673,213,-119.655,105.584,0
954,15.9159,free_swing,533,243,673,181,-124.396,113.886,0
955,15.93258,free_swing,540,233,671,154,-128.830,121.092,0
956,15.94927,free_swing,546,226,663,129,-132.176,129.661,0
957,15.96595,free_swing,551,220,654,109,-135.000,137.141,0
958,15.98263,free_swing,554,217,645,96,-136.534,143.054,0
959,15.99932,free_swing,552,218,630,89,-135.764,148.841,0
960,16.016,free_swing,548,223,614,86,-133.466,154.277,0
961,16.03268,free_swing,543,229,599,88,-130.641,158.339,0
962,16.04937,free_swing,536,238,583,93,-126.507,162.041,0
963,16.06605,free_swing,529,250,567,102,-121.464,165.600,0
964,16.08273,free_swing,522,264,549,114,-115.747,169.796,0
965,16.09942,free_swing,515,281,532,129,-109.014,173.618,0
966,16.1161,free_swing,512,301,515,148,-101.602,178.877,0
967,16.13278,free_swing,,,495,169,,,1
968,16.14947,free_swing,,,475,196,,,1
969,16.16615,free_swing,519,381,454,230,-71.208,-156.710,0
970,16.18283,free_swing,527,399,434,271,-63.773,-143.999,0
971,16.19952,free_swing,539,417,418,320,-55.570,-128.718,0
972,16.2162,free_swing,553,433,409,383,-47.442,-109.148,0
973,16.23288,free_swing,567,446,416,461,-40.101,-84.327,0
974,16.24957,free_swing,578,455,448,531,-34.647,-59.689,0
975,16.26625,free_swing,591,463,515,594,-28.794,-30.120,0
976,16.28293,free_swing,606,470,589,621,-22.443,-6.423,0
977,16.29962,free_swing,625,476,671,622,-14.783,17.488,0
978,16.3163,free_swing,651,480,738,606,-4.635,34.624,0
979,16.33298,free_swing,684,479,797,582,8.130,47.651,0
980,16.34967,free_swing,720,471,846,553,22.297,56.944,0
981,16.36635,free_swing,751,454,883,526,35.803,61.390,0
982,16.38303,free_swing,778,429,912,496,49.853,63.435,0
983,16.39972,free_swing,797,401,933,466,62.755,64.455,0
984,16.4164,free_swing,810,371,945,432,75.141,65.684,0
985,16.43308,free_swing,815,341,948,394,86.611,68.273,0
986,16.44977,free_swing,815,314,,,96.754,,1
987,16.46645,free_swing,813,294,,,104.216,,1
988,16.48313,free_swing,808,278,,,110.426,,1
989,16.49982,free_swing,804,269,948,252,114.075,96.733,0
990,16.5165,free_swing,803,264,944,215,115.907,109.163,0
991,16.53318,free_swing,804,264,929,183,115.747,122.943,0
992,16.54987,free_swing,805,267,904,156,114.596,138.270,0
993,16.56655,free_swing,807,273,872,139,112.280,154.123,0
994,16.58323,free_swing,809,280,835,132,109.604,170.036,0
995,16.59992,free_swing,811,289,797,138,106.201,-174.703,0
996,16.6166,free_swing,812,297,760,155,103.219,-159.887,0
997,16.63328,free_swing,814,307,725,180,99.401,-144.978,0
998,16.64997,free_swing,815,317,694,225,95.636,-127.247,0
999,16.66665,free_swing,817,328,674,275,91.488,-110.336,0
1000,16.68333,free_swing,816,341,662,320,86.634,-97.765,0
1001,16.70002,free_swing,813,358,666,394,80.166,-76.239,0
1002,16.7167,free_swing,807,377,672,449,72.646,-61.928,0
1003,16.73338,free_swing,799,398,686,506,64.113,-46.296,0
1004,16.75007,free_swing,782,423,706,563,52.595,-28.496,0
1005,16.76675,free_swing,759,449,738,605,39.369,-7.667,0
1006,16.78343,free_swing,,,772,609,,,1
1007,16.80012,free_swing,668,481,783,571,1.922,51.953,0
1008,16.8168,free_swing,635,478,776,529,-10.856,70.115,0
1009,16.83348,free_swing,608,471,759,485,-21.588,84.703,0
1010,16.85017,free_swing,587,460,738,445,-30.700,95.673,0
1011,16.86685,free_swing,568,447,716,408,-39.560,104.763,0
1012,16.88353,free_swing,551,433,692,374,-47.956,112.706,0
1013,16.90022,free_swing,535,413,672,343,-57.674,117.065,0
1014,16.9169,free_swing,523,390,655,313,-67.496,120.256,0
1015,16.93358,free_swing,514,365,643,281,-77.512,123.071,0
1016,16.95027,free_swing,510,341,633,251,-86.634,126.193,0
1017,16.96695,free_swing,509,317,623,220,-95.563,130.394,0
1018,16.98363,free_swing,510,295,616,188,-103.595,135.269,0
1019,17.00032,free_swing,516,278,608,158,-110.171,142.524,0
1020,17.017,free_swing,524,260,599,132,-117.384,149.632,0
1021,17.03368,free_swing,531,246,587,109,-123.085,157.767,0
1022,17.05037,free_swing,538,235,575,91,-127.811,165.590,0
1023,17.06705,free_swing,545,226,562,78,-131.934,173.447,0
1024,17.08373,free_swing,550,220,550,71,-134.745,180.000,0
1025,17.10042,free_swing,550,219,538,71,-135.000,-175.365,0
1026,17.1171,free_swing,546,223,527,76,-132.973,-172.635,0
1027,17.13378,free_swing,542,229,520,81,-130.406,-171.545,0
1028,17.15047,free_swing,536,237,512,89,-126.798,-170.789,0
1029,17.16715,free_swing,529,248,503,100,-122.082,-170.036,0
1030,17.18383,free_swing,521,263,495,114,-115.916,-170.102,0
1031,17.20052,free_swing,515,281,487,131,-109.014,-169.426,0
1032,17.2172,free_swing,511,301,479,151,-101.527,-167.957,0
1033,17.23388,free_swing,,,471,173,,,1
1034,17.25057,free_swing,511,359,461,200,-79.928,-162.543,0
1035,17.26725,free_swing,519,382,450,233,-70.852,-155.152,0
1036,17.28393,free_swing,529,402,439,270,-62.418,-145.713,0
1037,17.30062,free_swing,543,423,428,314,-52.826,-133.466,0
1038,17.3173,free_swing,560,441,423,368,-43.379,-118.051,0
1039,17.33398,free_swing,578,455,427,434,-34.647,-97.918,0
1040,17.35067,free_swing,594,464,448,506,-27.597,-73.951,0
1041,17.36735,free_swing,608,471,500,573,-21.588,-46.637,0
1042,17.38403,free_swing,621,476,573,619,-16.260,-18.555,0
1043,17.40072,free_swing,637,479,654,629,-10.030,6.466,0
1044,17.4174,free_swing,657,481,733,612,-2.306,30.120,0
1045,17.43408,free_swing,683,479,803,579,7.748,50.194,0
1046,17.45077,free_swing,715,472,846,544,20.376,61.206,0
1047,17.46745,free_swing,746,456,889,507,33.797,70.372,0
1048,17.48413,free_swing,772,436,917,471,46.345,76.430,0
1049,17.50082,free_swing,794,408,941,437,59.880,78.840,0
1050,17.5175,free_swing,808,378,948,410,72.399,77.125,0
1051,17.53418,free_swing,814,346,,,84.703,,1
1052,17.55087,free_swing,815,318,,,95.262,,1
1053,17.56755,free_swing,812,291,,,105.385,,1
1054,17.58423,free_swing,807,272,,,112.620,,1
1055,17.60092,free_swing,801,260,947,248,117.553,94.699,0
1056,17.6176,free_swing,797,252,943,217,120.838,103.481,0
1057,17.63428,free_swing,795,248,932,188,122.471,113.651,0
1058,17.65097,free_swing,796,248,917,161,122.276,125.716,0
1059,17.66765,free_swing,798,253,895,140,120.336,139.357,0
1060,17.68433,free_swing,802,261,866,126,117.058,154.636,0
1061,17.70102,free_swing,805,269,834,122,113.925,168.840,0
1062,17.7177,free_swing,808,279,801,128,110.078,-177.346,0
1063,17.73438,free_swing,811,290,768,144,105.843,-163.589,0
1064,17.75107,free_swing,814,303,736,172,100.871,-149.230,0
1065,17.76775,free_swing,816,315,708,208,96.340,-134.734,0
1066,17.78443,free_swing,817,330,684,256,90.744,-119.091,0
1067,17.80112,free_swing,816,346,667,306,84.772,-105.027,0
1068,17.8178,free_swing,811,366,659,355,77.062,-94.139,0
1069,17.83448,free_swing,803,388,652,411,68.199,-81.339,0
1070,17.85117,free_swing,792,409,650,472,59.167,-66.075,0
1071,17.86785,free_swing,776,431,654,532,48.778,-50.380,0
1072,17.88453,free_swing,752,453,667,586,36.336,-32.583,0
1073,17.90122,free_swing,,,695,626,,,1
1074,17.9179,free_swing,658,484,725,614,-1.884,27.266,0
1075,17.93458,free_swing,623,475,733,572,-15.627,48.594,0
1076,17.95127,free_swing,594,464,730,528,-27.597,64.799,0
1077,17.96795,free_swing,572,451,720,482,-37.405,78.170,0
1078,17.98463,free_swing,556,436,708,440,-45.815,88.493,0
1079,18.00132,free_swing,541,419,693,399,-54.507,97.496,0
1080,18.018,free_swing,529,402,676,361,-62.418,105.584,0
1081,18.03468,free_swing,520,381,661,319,-71.086,113.736,0
1082,18.05137,free_swing,513,358,652,294,-80.166,114.723,0
1083,18.06805,free_swing,510,335,644,261,-88.877,118.909,0
1084,18.08473,free_swing,509,307,639,229,-99.221,120.964,0
1085,18.10142,free_swing,513,286,636,197,-107.049,125.889,0
1086,18.1181,free_swing,519,269,630,166,-113.629,132.859,0
1087,18.13478,free_swing,527,253,625,140,-120.152,139.066,0
1088,18.15147,free_swing,535,240,617,115,-125.707,146.735,0
1089,18.16815,free_swing,542,230,607,95,-130.130,154.290,0
1090,18.18483,free_swing,549,222,597,80,-133.977,161.323,0
1091,18.20152,free_swing,553,217,587,71,-136.273,166.891,0
1092,18.2182,free_swing,553,217,576,68,-136.273,171.225,0
1093,18.23488,free_swing,550,221,564,71,-134.488,174.668,0
1094,18.25157,free_swing,544,226,555,76,-131.693,175.806,0
1095,18.26825,free_swing,538,235,544,84,-127.811,177.725,0
1096,18.28493,free_swing,531,246,536,95,-123.085,178.103,0
1097,18.30162,free_swing,523,261,527,109,-116.892,178.493,0
1098,18.3183,free_swing,516,278,518,125,-110.171,179.251,0
1099,18.33498,free_swing,,,507,145,,,1
1100,18.35167,free_swing,,,497,167,,,1
1101,18.36835,free_swing,,,485,192,,,1
1102,18.38503,free_swing,517,381,471,222,-71.447,-163.864,0
1103,18.40172,free_swing,529,403,456,258,-62.083,-153.277,0
1104,18.4184,free_swing,545,425,441,301,-51.757,-140.013,0
1105,18.43508,free_swing,560,441,433,354,-43.379,-124.413,0
1106,18.45177,free_swing,578,455,430,418,-34.647,-104.036,0
1107,18.46845,free_swing,595,465,445,493,-27.080,-79.426,0
1108,18.48513,free_swing,609,471,491,566,-21.231,-51.163,0
1109,18.50182,free_swing,620,475,569,617,-16.736,-19.756,0
1110,18.5185,free_swing,634,479,645,629,-11.160,4.194,0
1111,18.53518,free_swing,653,480,728,613,-3.865,29.419,0
1112,18.55187,free_swing,679,480,787,584,6.170,46.081,0
1113,18.56855,free_swing,710,473,844,543,18.435,62.418,0
1114,18.58523,free_swing,742,460,885,505,31.682,72.532,0
1115,18.60192,free_swing,770,438,916,469,45.269,78.012,0
1116,18.6186,free_swing,792,410,940,436,58.841,80.036,0
1117,18.63528,free_swing,807,379,948,407,71.924,78.768,0
1118,18.65197,free_swing,814,348,,,83.951,,1
1119,18.66865,free_swing,815,320,,,94.514,,1
1120,18.68533,free_swing,813,295,,,103.856,,1
1121,18.70202,free_swing,808,279,,,110.078,,1
1122,18.7187,free_swing,804,267,948,250,114.749,96.733,0
1123,18.73538,free_swing,802,260,945,220,117.384,105.627,0
1124,18.75207,free_swing,801,258,934,191,118.202,116.737,0
1125,18.76875,free_swing,802,259,918,166,117.708,128.720,0
1126,18.78543,free_swing,804,265,896,148,115.416,141.821,0
1127,18.80212,free_swing,807,273,868,136,112.280,155.999,0
1128,18.8188,free_swing,810,282,836,133,108.785,170.102,0
1129,18.83548,free_swing,812,292,805,141,105.027,-177.346,0
1130,18.85217,free_swing,814,304,772,157,100.505,-164.055,0
1131,18.86885,free_swing,815,317,741,184,95.636,-150.909,0
1132,18.88553,free_swing,817,331,714,218,90.372,-137.651,0
1133,18.90222,free_swing,816,345,689,260,85.143,-123.794,0
1134,18.9189,free_swing,813,362,671,305,78.690,-111.871,0
1135,18.93558,free_swing,805,384,656,354,69.887,-101.384,0
1136,18.95227,free_swing,794,405,641,407,60.871,-89.251,0
1137,18.96895,free_swing,780,425,632,464,51.520,-75.237,0
1138,18.98563,free_swing,762,445,624,521,41.222,-61.157,0
1139,19.00232,free_swing,736,463,627,576,29.129,-43.968,0
1140,19.019,free_swing,695,480,645,623,12.200,-19.272,0
1141,19.03568,free_swing,,,678,624,,,1
1142,19.05237,free_swing,608,470,696,588,-21.730,36.714,0
1143,19.06905,free_swing,580,455,701,544,-34.011,53.664,0
1144,19.08573,free_swing,560,441,700,497,-43.379,68.199,0
1145,19.10242,free_swing,546,425,695,453,-51.520,79.357,0
1146,19.1191,free_swing,534,409,687,409,-59.167,90.000,0
1147,19.13578,free_swing,525,392,675,370,-66.501,98.344,0
1148,19.15247,free_swing,517,371,668,340,-75.044,101.602,0
1149,19.16915,free_swing,511,345,657,301,-85.112,106.771,0
1150,19.18583,free_swing,508,320,652,266,-94.427,110.556,0
1151,19.20252,free_swing,511,297,650,233,-102.967,114.723,0
1152,19.2192,free_swing,516,277,648,201,-110.513,119.932,0
1153,19.23588,free_swing,523,261,645,170,-116.892,126.719,0
1154,19.25257,free_swing,531,246,641,144,-123.085,132.839,0
1155,19.26925,free_swing,538,236,633,120,-127.524,140.684,0
1156,19.28593,free_swing,545,227,625,100,-131.664,147.792,0
1157,19.30262,free_swing,549,221,615,86,-134.236,153.947,0
1158,19.3193,free_swing,552,218,603,75,-135.764,160.372,0
1159,19.33598,free_swing,551,220,593,74,-135.000,163.951,0
1160,19.35267,free_swing,546,224,582,77,-132.709,166.239,0
1161,19.36935,free_swing,541,231,571,82,-129.620,168.616,0
1162,19.38603,free_swing,534,240,559,90,-125.496,170.538,0
1163,19.40272,free_swing,527,253,546,102,-120.152,172.828,0
1164,19.4194,free_swing,520,268,535,117,-114.111,174.327,0
1165,19.43608,free_swing,514,285,525,134,-107.507,175.833,0
1166,19.45277,free_swing,510,308,511,153,-98.915,179.630,0
1167,19.46945,free_swing,,,497,174,,,1
1168,19.48613,free_swing,516,365,482,203,-77.347,-168.147,0
1169,19.50282,free_swing,521,388,466,234,-68.477,-160.346,0
1170,19.5195,free_swing,534,410,449,273,-58.841,-148.183,0
1171,19.53618,free_swing,548,429,434,322,-49.853,-133.186,0
1172,19.55287,free_swing,565,445,425,374,-40.934,-116.892,0
1173,19.56955,free_swing,581,457,431,447,-33.265,-93.814,0
1174,19.58623,free_swing,595,466,456,524,-26.906,-67.351,0
1175,19.60292,free_swing,607,471,519,592,-21.943,-36.027,0
1176,19.6196,free_swing,620,476,593,624,-16.626,-10.339,0
1177,19.63628,free_swing,637,479,680,624,-10.030,16.518,0
1178,19.65297,free_swing,659,480,751,601,-1.548,37.247,0
1179,19.66965,free_swing,688,478,809,569,9.717,53.054,0
1180,19.68633,free_swing,723,470,858,531,23.499,65.684,0
1181,19.70302,free_swing,753,452,893,499,36.870,71.442,0
1182,19.7197,free_swing,779,429,924,466,50.097,75.685,0
1183,19.73638,free_swing,798,399,943,436,63.605,75.685,0
1184,19.75307,free_swing,810,368,948,409,76.239,73.453,0
1185,19.76975,free_swing,815,339,,,87.363,,1
1186,19.78643,free_swing,815,310,,,98.236,,1
1187,19.80312,free_swing,812,291,,,105.385,,1
1188,19.8198,free_swing,808,277,,,110.772,,1
1189,19.83648,free_swing,804,268,948,245,114.413,99.075,0
1190,19.85317,free_swing,803,264,944,216,115.907,108.800,0
1191,19.86985,free_swing,804,264,932,188,115.747,120.700,0
1192,19.88653,free_swing,804,267,913,165,114.749,133.100,0
1193,19.90322,free_swing,807,273,888,147,112.280,147.265,0
1194,19.9199,free_swing,809,280,859,139,109.604,160.475,0
1195,19.93658,free_swing,811,290,828,140,105.843,173.534,0
1196,19.95327,free_swing,814,300,795,150,101.965,-172.781,0
1197,19.96995,free_swing,816,312,763,170,97.447,-159.532,0
1198,19.98663,free_swing,815,325,733,198,92.637,-147.151,0
1199,20.00332,free_swing,815,340,707,233,86.987,-134.734,0
1200,20.02,free_swing,815,354,684,277,81.764,-120.446,0
1201,20.03668,free_swing,810,372,666,319,74.778,-110.206,0
1202,20.05337,free_swing,802,392,651,372,66.652,-97.545,0
1203,20.07005,free_swing,789,412,636,425,57.588,-85.143,0
1204,20.08673,free_swing,774,432,628,477,47.984,-72.870,0
1205,20.10342,free_swing,752,452,622,541,36.563,-55.604,0
1206,20.1201,free_swing,724,468,629,592,24.158,-37.457,0
1207,20.13678,free_swing,679,478,653,631,6.254,-9.644,0
1208,20.15347,free_swing,631,478,684,615,-12.362,21.150,0
1209,20.17015,free_swing,598,465,697,575,-26.046,41.987,0
1210,20.18683,free_swing,573,451,701,531,-37.100,57.995,0
1211,20.20352,free_swing,555,437,698,485,-45.807,71.445,0
1212,20.2202,free_swing,542,420,693,441,-53.973,82.082,0
1213,20.23688,free_swing,531,404,684,399,-61.390,91.872,0
1214,20.25357,free_swing,522,387,673,360,-68.691,100.138,0
1215,20.27025,free_swing,515,366,661,316,-77.062,108.905,0
1216,20.28693,free_swing,510,338,655,292,-87.754,107.601,0
1217,20.30362,free_swing,509,317,650,258,-95.563,112.706,0
1218,20.3203,free_swing,512,294,648,226,-104.125,116.565,0
1219,20.33698,free_swing,516,277,645,195,-110.513,122.442,0
1220,20.35367,free_swing,523,262,640,165,-116.565,129.661,0
1221,20.37035,free_swing,530,249,634,142,-121.967,135.815,0
1222,20.38703,free_swing,536,239,625,119,-126.215,143.437,0
1223,20.40372,free_swing,541,231,615,101,-129.620,150.350,0
1224,20.4204,free_swing,545,226,605,89,-131.934,156.349,0
1225,20.43708,free_swing,545,225,593,82,-132.201,161.445,0
1226,20.45377,free_swing,543,229,580,82,-130.641,165.872,0
1227,20.47045,free_swing,538,235,567,86,-127.811,168.986,0
1228,20.48713,free_swing,533,243,556,92,-124.396,171.339,0
1229,20.50382,free_swing,526,254,543,103,-119.655,173.577,0
1230,20.5205,free_swing,520,269,529,117,-113.776,176.611,0
1231,20.53718,free_swing,514,286,517,133,-107.157,178.877,0
1232,20.55387,free_swing,511,305,502,152,-100.072,-176.634,0
1233,20.57055,free_swing,511,329,489,174,-91.131,-171.922,0
1234,20.58723,free_swing,,,473,201,,,1
1235,20.60392,free_swing,518,387,457,233,-69.228,-158.391,0
1236,20.6206,free_swing,,,440,272,,,1
1237,20.63728,free_swing,543,423,426,320,-52.826,-131.359,0
1238,20.65397,free_swing,559,440,418,372,-43.919,-115.747,0
1239,20.67065,free_swing,575,452,424,442,-36.254,-93.789,0
1240,20.68733,free_swing,587,461,449,521,-30.504,-66.501,0
1241,20.70402,free_swing,601,469,509,587,-24.349,-37.942,0
1242,20.7207,free_swing,614,474,583,622,-19.038,-11.830,0
1243,20.73738,free_swing,631,478,665,626,-12.362,12.938,0
1244,20.75407,free_swing,654,480,747,606,-3.480,36.431,0
1245,20.77075,free_swing,685,479,799,579,8.512,48.743,0
1246,20.78743,free_swing,717,470,847,546,21.371,59.689,0
1247,20.80412,free_swing,748,456,885,514,34.430,67.054,0
1248,20.8208,free_swing,775,433,917,483,47.956,70.602,0
1249,20.83748,free_swing,796,403,938,451,61.905,71.323,0
1250,20.85417,free_swing,809,373,947,419,74.314,71.565,0
1251,20.87085,free_swing,816,342,948,394,86.260,68.499,0
1252,20.88753,free_swing,815,313,,,97.125,,1
1253,20.90422,free_swing,812,290,,,105.742,,1
1254,20.9209,free_swing,807,274,,,111.938,,1
1255,20.93758,free_swing,802,262,947,254,116.730,93.158,0
1256,20.95427,free_swing,799,256,944,221,119.197,103.570,0
1257,20.97095,free_swing,798,254,933,189,120.018,115.710,0
1258,20.98763,free_swing,799,254,915,160,119.836,129.019,0
1259,21.00432,free_swing,801,259,892,140,117.878,142.595,0
1260,21.021,free_swing,805,266,861,128,114.928,157.913,0
1261,21.03768,free_swing,807,275,828,126,111.595,171.978,0
1262,21.05437,free_swing,810,284,792,134,108.083,-173.157,0
1263,21.07105,free_swing,812,295,758,152,103.946,-159.312,0
1264,21.08773,free_swing,815,306,727,184,99.707,-144.197,0
1265,21.10442,free_swing,816,318,697,218,95.228,-130.042,0
1266,21.1211,free_swing,816,332,678,272,90.000,-113.499,0
1267,21.13778,free_swing,815,347,664,317,84.364,-101.237,0
1268,21.15447,free_swing,811,365,658,364,77.430,-90.374,0
1269,21.17115,free_swing,803,386,662,431,68.908,-72.300,0
1270,21.18783,free_swing,795,406,661,497,60.725,-55.819,0
1271,21.20452,free_swing,776,431,675,553,48.778,-39.620,0
1272,21.2212,free_swing,749,453,698,602,35.403,-18.895,0
1273,21.23788,free_swing,,,731,624,,,1
1274,21.25457,free_swing,657,481,751,593,-2.306,40.006,0
1275,21.27125,free_swing,622,475,751,550,-15.998,59.826,0
1276,21.28793,free_swing,595,465,741,505,-27.080,74.678,0
1277,21.30462,free_swing,574,453,727,461,-36.336,87.007,0
1278,21.3213,free_swing,557,438,709,422,-45.000,96.009,0
1279,21.33798,free_swing,542,422,690,385,-53.358,104.036,0
1280,21.35467,free_swing,529,402,673,350,-62.418,109.855,0
1281,21.37135,free_swing,519,379,657,314,-71.924,115.221,0
1282,21.38803,free_swing,512,354,649,286,-81.711,116.398,0
1283,21.40472,free_swing,508,331,641,254,-90.370,120.069,0
1284,21.4214,free_swing,509,308,635,223,-98.858,124.004,0
1285,21.43808,free_swing,513,289,629,192,-105.996,129.903,0
1286,21.45477,free_swing,518,272,623,162,-112.479,136.332,0
1287,21.47145,free_swing,525,257,615,138,-118.523,142.900,0
1288,21.48813,free_swing,532,245,605,115,-123.589,150.684,0
1289,21.50482,free_swing,537,236,595,98,-127.304,157.203,0
1290,21.5215,free_swing,543,229,583,84,-130.641,164.578,0
1291,21.53818,free_swing,546,224,570,78,-132.709,170.665,0
1292,21.55487,free_swing,546,224,559,74,-132.709,175.047,0
1293,21.57155,free_swing,542,229,548,78,-130.406,177.725,0
1294,21.58823,free_swing,536,237,539,86,-126.798,178.862,0
1295,21.60492,free_swing,530,247,528,95,-122.583,-179.246,0
1296,21.6216,free_swing,523,260,518,107,-117.216,-178.128,0
1297,21.63828,free_swing,516,277,509,124,-110.513,-177.380,0
1298,21.65497,free_swing,512,296,499,143,-103.410,-175.143,0
1299,21.67165,free_swing,,,488,162,,,1
1300,21.68833,free_swing,,,476,190,,,1
1301,21.70502,free_swing,518,375,463,219,-73.482,-160.579,0
1302,21.7217,free_swing,527,399,448,253,-63.773,-151.582,0
1303,21.73838,free_swing,538,416,435,296,-56.099,-139.359,0
1304,21.75507,free_swing,555,436,427,350,-46.081,-123.896,0
1305,21.77175,free_swing,572,451,423,410,-37.405,-105.385,0
1306,21.78843,free_swing,588,460,438,476,-30.368,-83.911,0
1307,21.80512,free_swing,602,469,476,552,-24.001,-56.626,0
1308,21.8218,free_swing,614,474,547,608,-19.038,-26.565,0
1309,21.83848,free_swing,629,478,629,629,-13.109,0.000,0
1310,21.85517,free_swing,647,480,708,619,-6.170,23.694,0
1311,21.87185,free_swing,674,480,776,591,4.251,42.580,0
1312,21.88853,free_swing,703,475,832,556,15.627,57.875,0
1313,21.90522,free_swing,735,463,870,520,28.794,67.109,0
1314,21.9219,free_swing,764,442,907,486,42.558,72.897,0
1315,21.93858,free_swing,788,417,933,453,55.784,76.057,0
1316,21.95527,free_swing,804,387,947,420,68.691,77.005,0
1317,21.97195,free_swing,813,357,,,80.538,,1
1318,21.98863,free_swing,816,325,,,92.620,,1
1319,22.00532,free_swing,814,298,,,102.689,,1
1320,22.022,free_swing,809,278,,,110.298,,1
1321,22.03868,free_swing,803,263,948,260,116.237,91.185,0
1322,22.05537,free_swing,798,253,945,229,120.336,99.273,0
1323,22.07205,free_swing,795,248,937,199,122.471,109.038,0
1324,22.08873,free_swing,796,247,923,172,122.583,120.564,0
1325,22.10542,free_swing,796,250,906,148,121.656,132.839,0
1326,22.1221,free_swing,800,256,879,130,119.019,147.913,0
1327,22.13878,free_swing,803,264,849,121,115.907,162.168,0
1328,22.15547,free_swing,806,273,816,123,112.420,176.186,0
1329,22.17215,free_swing,810,284,782,135,108.083,-169.357,0
1330,22.18883,free_swing,813,295,749,156,103.856,-155.277,0
1331,22.20552,free_swing,815,307,721,188,99.340,-141.694,0
1332,22.2222,free_swing,816,320,695,228,94.485,-127.247,0
1333,22.23888,free_swing,817,335,677,275,88.884,-113.199,0
1334,22.25557,free_swing,814,352,664,323,82.455,-100.942,0
1335,22.27225,free_swing,809,372,655,384,74.678,-85.544,0
1336,22.28893,free_swing,800,393,656,442,65.999,-71.208,0
1337,22.30562,free_swing,789,415,657,501,56.626,-56.915,0
1338,22.3223,free_swing,768,438,666,559,44.728,-40.130,0
1339,22.33898,free_swing,739,460,687,609,30.700,-19.239,0
1340,22.35567,free_swing,,,720,626,,,1
1341,22.37235,free_swing,647,480,739,593,-6.170,39.151,0
1342,22.38903,free_swing,612,471,740,550,-20.148,58.318,0
1343,22.40572,free_swing,586,460,732,504,-31.030,73.229,0
1344,22.4224,free_swing,566,447,718,460,-40.147,85.112,0
1345,22.43908,free_swing,550,430,703,419,-49.066,94.112,0
1346,22.45577,free_swing,536,413,686,382,-57.470,101.677,0
1347,22.47245,free_swing,525,393,671,347,-66.153,107.488,0
1348,22.48913,free_swing,516,370,658,312,-75.506,112.218,0
1349,22.50582,free_swing,511,347,649,280,-84.364,115.897,0
1350,22.5225,free_swing,508,322,643,249,-93.691,118.402,0
1351,22.53918,free_swing,510,297,638,215,-102.885,122.645,0
1352,22.55587,free_swing,515,278,635,185,-110.045,127.776,0
1353,22.57255,free_swing,523,261,630,155,-116.892,134.731,0
1354,22.58923,free_swing,531,247,623,129,-122.779,142.058,0
1355,22.60592,free_swing,538,236,615,107,-127.524,149.167,0
1356,22.6226,free_swing,545,226,606,90,-131.934,155.842,0
1357,22.63928,free_swing,549,221,595,77,-134.236,162.284,0
1358,22.65597,free_swing,551,219,583,73,-135.255,167.638,0
1359,22.67265,free_swing,547,223,573,74,-133.218,170.102,0
1360,22.68933,free_swing,542,229,563,78,-130.406,172.082,0
1361,22.70602,free_swing,536,237,551,86,-126.798,174.327,0
1362,22.7227,free_swing,529,248,541,97,-122.082,175.456,0
1363,22.73938,free_swing,522,262,530,110,-116.402,176.987,0
1364,22.75607,free_swing,516,280,520,127,-109.481,178.502,0
1365,22.77275,free_swing,511,299,509,146,-102.249,-179.251,0
1366,22.78943,free_swing,,,496,167,,,1
1367,22.80612,free_swing,,,483,193,,,1
1368,22.8228,free_swing,,,469,222,,,1
1369,22.83948,free_swing,530,403,453,259,-61.905,-151.866,0
1370,22.85617,free_swing,544,424,438,303,-52.292,-138.781,0
1371,22.87285,free_swing,559,440,429,357,-43.919,-122.557,0
1372,22.88953,free_swing,577,454,428,422,-35.181,-102.121,0
1373,22.90622,free_swing,593,463,444,488,-28.118,-80.475,0
1374,22.9229,free_swing,605,470,491,568,-22.797,-49.316,0
1375,22.93958,free_swing,617,475,571,618,-17.832,-17.832,0
1376,22.95627,free_swing,633,479,645,629,-11.535,4.574,0
1377,22.97295,free_swing,652,480,729,611,-4.251,30.446,0
1378,22.98963,free_swing,679,480,802,577,6.170,51.740,0
1379,23.00632,free_swing,710,473,843,544,18.435,61.905,0
1380,23.023,free_swing,743,459,886,506,32.208,71.806,0
1381,23.03968,free_swing,771,437,916,473,45.807,76.057,0
1382,23.05637,free_swing,792,410,939,441,58.841,78.092,0
1383,23.07305,free_swing,807,379,948,412,71.924,76.827,0
1384,23.08973,free_swing,815,346,,,84.738,,1
1385,23.10642,free_swing,816,314,,,96.710,,1
1386,23.1231,free_swing,812,291,,,105.385,,1
1387,23.13978,free_swing,807,273,948,288,112.280,83.928,0
1388,23.15647,free_swing,801,260,947,253,117.553,92.745,0
1389,23.17315,free_swing,796,251,944,223,121.342,100.713,0
1390,23.18983,free_swing,794,247,935,193,122.978,110.956,0
1391,23.20652,free_swing,795,247,920,165,122.779,123.265,0
1392,23.2232,free_swing,797,252,900,144,120.838,136.357,0
1393,23.23988,free_swing,802,259,872,127,117.708,152.063,0
1394,23.25657,free_swing,805,268,841,122,114.261,166.149,0
1395,23.27325,free_swing,808,277,809,127,110.772,179.618,0
1396,23.28993,free_swing,811,289,776,141,106.201,-166.695,0
1397,23.30662,free_swing,813,301,743,165,101.677,-152.765,0
1398,23.3233,free_swing,816,313,715,199,97.079,-138.460,0
1399,23.33998,free_swing,817,327,693,245,91.860,-123.476,0
1400,23.35667,free_swing,816,342,672,293,86.260,-108.792,0
1401,23.37335,free_swing,812,362,661,347,78.616,-95.673,0
1402,23.39003,free_swing,805,382,653,396,70.602,-84.738,0
1403,23.40672,free_swing,794,403,651,454,61.543,-70.372,0
1404,23.4234,free_swing,782,426,650,516,51.694,-55.713,0
1405,23.44008,free_swing,758,448,659,571,39.316,-38.830,0
1406,23.45677,free_swing,725,468,681,619,24.507,-16.246,0
1407,23.47345,free_swing,,,714,623,,,1
1408,23.49013,free_swing,633,477,729,585,-11.689,41.634,0
1409,23.50682,free_swing,599,467,729,542,-25.364,60.018,0
1410,23.5235,free_swing,575,454,721,496,-35.803,73.951,0
1411,23.54018,free_swing,558,439,710,452,-44.459,85.112,0
1412,23.55687,free_swing,543,422,696,410,-53.130,94.485,0
1413,23.57355,free_swing,530,403,680,372,-61.905,101.677,0
1414,23.59023,free_swing,520,384,669,341,-70.017,106.098,0
1415,23.60692,free_swing,513,360,655,303,-79.426,111.871,0
1416,23.6236,free_swing,510,337,647,270,-88.128,116.061,0
1417,23.64028,free_swing,509,310,643,238,-98.130,118.250,0
1418,23.65697,free_swing,512,287,640,205,-106.595,122.645,0
1419,23.67365,free_swing,518,271,635,173,-112.816,129.950,0
1420,23.69033,free_swing,526,255,629,146,-119.338,136.621,0
1421,23.70702,free_swing,534,242,621,121,-124.902,144.284,0
1422,23.7237,free_swing,541,232,612,101,-129.341,151.543,0
1423,23.74038,free_swing,548,223,601,84,-133.466,159.128,0
1424,23.75707,free_swing,552,217,590,73,-136.014,165.217,0
1425,23.77375,free_swing,554,216,580,69,-136.782,169.970,0
1426,23.79043,free_swing,550,220,571,70,-134.745,172.030,0
1427,23.80712,free_swing,545,225,558,75,-132.201,175.047,0
1428,23.8238,free_swing,539,233,552,83,-128.603,175.047,0
1429,23.84048,free_swing,533,242,540,91,-124.695,177.346,0
1430,23.85717,free_swing,525,256,529,105,-118.843,178.483,0
1431,23.87385,free_swing,518,273,521,120,-112.141,178.877,0
1432,23.89053,free_swing,513,291,511,139,-105.287,-179.246,0
1433,23.90722,free_swing,,,498,160,,,1
1434,23.9239,free_swing,,,487,184,,,1
1435,23.94058,free_swing,516,364,473,212,-77.719,-164.204,0
1436,23.95727,free_swing,523,397,459,246,-65.095,-157.031,0
1437,23.97395,free_swing,539,418,443,286,-55.257,-143.973,0
1438,23.99063,free_swing,554,435,432,336,-46.621,-129.058,0
1439,24.00732,free_swing,572,451,434,398,-37.405,-111.010,0
1440,24.024,free_swing,588,461,438,469,-30.174,-86.947,0
1441,24.04068,free_swing,602,468,470,541,-24.158,-61.056,0
1442,24.05737,free_swing,614,474,532,599,-19.038,-33.265,0
1443,24.07405,free_swing,628,478,619,628,-13.481,-3.434,0
1444,24.09073,free_swing,645,480,701,621,-6.934,21.661,0
1445,24.10742,free_swing,669,480,766,601,2.322,38.718,0
1446,24.1241,free_swing,697,476,830,556,13.285,58.973,0
1447,24.14078,free_swing,731,465,870,520,27.080,68.412,0
1448,24.15747,free_swing,761,446,904,485,40.684,74.745,0
1449,24.17415,free_swing,785,420,932,451,54.197,78.092,0
1450,24.19083,free_swing,802,391,946,421,67.001,78.232,0
1451,24.20752,free_swing,812,360,,,79.357,,1
1452,24.2242,free_swing,816,331,,,90.374,,1
1453,24.24088,free_swing,814,305,,,100.138,,1
1454,24.25757,free_swing,811,287,,,106.912,,1
1455,24.27425,free_swing,807,273,948,256,112.280,96.875,0
1456,24.29093,free_swing,803,265,946,231,115.574,103.374,0
1457,24.30762,free_swing,804,264,939,202,115.747,114.667,0
1458,24.3243,free_swing,806,269,922,175,113.776,129.019,0
1459,24.34098,free_swing,808,274,898,155,111.801,142.900,0
1460,24.35767,free_swing,810,281,869,144,109.134,156.701,0
1461,24.37435,free_swing,812,290,837,142,105.742,170.412,0
1462,24.39103,free_swing,813,300,804,149,102.043,-176.589,0
1463,24.40772,free_swing,814,311,770,166,97.918,-163.120,0
1464,24.4244,free_swing,815,325,739,193,92.637,-150.068,0
1465,24.44108,free_swing,814,339,712,227,87.346,-137.675,0
1466,24.45777,free_swing,815,353,686,271,82.134,-122.442,0
1467,24.47445,free_swing,810,371,668,316,75.141,-111.173,0
1468,24.49113,free_swing,803,389,653,366,67.847,-98.717,0
1469,24.50782,free_swing,790,410,639,420,58.443,-86.211,0
1470,24.5245,free_swing,776,430,629,476,49.066,-72.624,0
1471,24.54118,free_swing,756,449,624,536,38.480,-56.611,0
1472,24.55787,free_swing,727,466,630,589,25.530,-38.260,0
1473,24.57455,free_swing,,,653,630,,,1
1474,24.59123,free_swing,636,481,684,618,-10.271,19.309,0
1475,24.60792,free_swing,601,467,697,578,-24.667,40.855,0
1476,24.6246,free_swing,574,452,701,534,-36.563,57.151,0
1477,24.64128,free_swing,556,438,699,488,-45.269,70.728,0
1478,24.65797,free_swing,543,422,693,443,-53.130,82.030,0
1479,24.67465,free_swing,531,404,685,400,-61.390,91.488,0
1480,24.69133,free_swing,522,388,673,361,-68.339,100.138,0
1481,24.70802,free_swing,514,363,661,319,-78.247,106.663,0
1482,24.7247,free_swing,509,338,656,294,-87.769,106.663,0
1483,24.74138,free_swing,509,314,653,260,-96.667,110.556,0
1484,24.75807,free_swing,512,290,651,227,-105.544,114.382,0
1485,24.77475,free_swing,518,270,650,196,-113.151,119.275,0
1486,24.79143,free_swing,525,254,648,165,-119.476,125.889,0
1487,24.80812,free_swing,534,241,646,141,-125.200,131.760,0
1488,24.8248,free_swing,542,230,640,116,-130.130,139.316,0
1489,24.84148,free_swing,550,221,633,96,-134.488,146.416,0
1490,24.85817,free_swing,556,214,624,80,-137.799,153.094,0
1491,24.87485,free_swing,559,211,615,72,-139.321,158.057,0
1492,24.89153,free_swing,558,213,605,70,-138.576,161.806,0
1493,24.90822,free_swing,553,217,595,73,-136.273,163.740,0
1494,24.9249,free_swing,547,224,587,78,-132.955,164.678,0
1495,24.94158,free_swing,540,232,576,85,-129.111,166.239,0
1496,24.95827,free_swing,532,244,567,96,-123.891,166.695,0
1497,24.97495,free_swing,524,259,557,110,-117.708,167.512,0
1498,24.99163,free_swing,516,277,545,127,-110.513,169.058,0
1499,25.00832,free_swing,,,535,145,,,1
1500,25.025,free_swing,,,523,167,,,1
1501,25.04168,free_swing,506,357,509,191,-80.952,178.965,0
1502,25.05837,free_swing,520,383,493,219,-70.372,-170.651,0
1503,25.07505,free_swing,,,475,253,,,1
1504,25.09173,free_swing,,,457,294,,,1
1505,25.10842,free_swing,565,446,443,346,-40.684,-129.341,0
1506,25.1251,free_swing,583,458,437,411,-32.412,-107.844,0
1507,25.14178,free_swing,601,468,449,487,-24.507,-82.875,0
1508,25.15847,free_swing,613,473,492,562,-19.525,-53.664,0
1509,25.17515,free_swing,624,477,570,617,-15.054,-21.092,0
1510,25.19183,free_swing,637,479,655,629,-10.030,6.843,0
1511,25.20852,free_swing,654,480,734,610,-3.480,31.608,0
1512,25.2252,free_swing,680,479,804,573,6.597,52.836,0
1513,25.24188,free_swing,709,473,849,532,18.068,67.148,0
1514,25.25857,free_swing,741,459,888,493,31.557,76.977,0
1515,25.27525,free_swing,771,436,920,456,46.081,82.355,0
1516,25.29193,free_swing,793,408,943,422,59.689,84.668,0
1517,25.30862,free_swing,808,377,948,400,72.759,80.670,0
1518,25.3253,free_swing,815,346,,,84.738,,1
1519,25.34198,free_swing,816,312,,,97.447,,1
1520,25.35867,free_swing,811,289,,,106.201,,1
1521,25.37535,free_swing,806,272,948,266,112.762,92.420,0
1522,25.39203,free_swing,802,262,947,247,116.730,95.906,0
1523,25.40872,free_swing,801,261,943,215,117.225,107.949,0
1524,25.4254,free_swing,802,262,933,188,116.730,119.461,0
1525,25.44208,free_swing,804,265,915,165,115.416,132.016,0
1526,25.45877,free_swing,807,272,891,148,112.620,145.886,0
1527,25.47545,free_swing,809,280,863,140,109.604,158.908,0
1528,25.49213,free_swing,811,291,831,141,105.484,172.405,0
1529,25.50882,free_swing,814,302,800,151,101.237,-174.703,0
1530,25.5255,free_swing,815,315,768,170,96.382,-162.041,0
1531,25.54218,free_swing,815,328,739,198,91.507,-149.689,0
1532,25.55887,free_swing,815,344,712,233,85.486,-137.141,0
1533,25.57555,free_swing,812,362,689,274,78.616,-125.582,0
1534,25.59223,free_swing,807,380,669,316,71.565,-114.880,0
1535,25.60892,free_swing,797,401,650,362,62.755,-104.859,0
1536,25.6256,free_swing,783,422,631,413,53.130,-93.389,0
1537,25.64228,free_swing,766,440,614,468,43.643,-79.563,0
1538,25.65897,free_swing,742,459,600,520,31.884,-66.753,0
1539,25.67565,free_swing,713,473,598,575,19.525,-48.428,0
1540,25.69233,free_swing,668,484,611,623,1.884,-22.297,0
1541,25.70902,free_swing,620,479,643,621,-16.305,9.200,0
1542,25.7257,free_swing,585,459,663,584,-31.557,31.964,0
1543,25.74238,free_swing,562,442,674,541,-42.558,48.526,0
1544,25.75907,free_swing,544,426,679,495,-51.694,62.928,0
1545,25.77575,free_swing,534,409,681,450,-59.167,74.416,0
1546,25.79243,free_swing,524,392,677,405,-66.652,85.143,0
1547,25.80912,free_swing,517,372,670,365,-74.678,92.620,0
1548,25.8258,free_swing,511,347,662,319,-84.364,100.505,0
1549,25.84248,free_swing,509,324,659,293,-92.974,101.677,0
1550,25.85917,free_swing,511,299,658,259,-102.249,105.222,0
1551,25.87585,free_swing,516,278,659,225,-110.171,110.336,0
1552,25.89253,free_swing,522,260,660,195,-117.051,115.221,0
1553,25.90922,free_swing,531,245,659,164,-123.389,122.326,0
1554,25.9259,free_swing,539,233,656,138,-128.603,129.075,0
1555,25.94258,free_swing,548,223,652,115,-133.466,136.081,0
1556,25.95927,free_swing,555,215,644,94,-137.291,143.664,0
1557,25.97595,free_swing,561,210,636,80,-140.102,150.018,0
1558,25.99263,free_swing,564,207,629,72,-141.621,154.290,0
1559,26.00932,free_swing,562,210,616,68,-140.380,159.179,0
1560,26.026,free_swing,557,213,610,72,-138.307,159.399,0
1561,26.04268,free_swing,551,220,598,75,-135.000,162.041,0
1562,26.05937,free_swing,543,228,588,82,-130.914,162.870,0
1563,26.07605,free_swing,535,240,577,94,-125.707,163.951,0
1564,26.09273,free_swing,526,254,567,107,-119.655,164.416,0
1565,26.10942,free_swing,519,272,557,124,-112.620,165.600,0
1566,26.1261,free_swing,512,294,546,143,-104.125,167.311,0
1567,26.14278,free_swing,,,533,161,,,1
1568,26.15947,free_swing,,,519,185,,,1
1569,26.17615,free_swing,,,502,213,,,1
1570,26.19283,free_swing,528,403,484,244,-62.259,-164.532,0
1571,26.20952,free_swing,543,425,466,283,-52.224,-151.531,0
1572,26.2262,free_swing,562,442,450,333,-42.558,-134.222,0
1573,26.24288,free_swing,581,457,439,396,-33.265,-113.247,0
1574,26.25957,free_swing,599,467,444,458,-25.364,-93.323,0
1575,26.27625,free_swing,613,472,480,545,-19.654,-61.239,0
1576,26.29293,free_swing,623,476,553,609,-15.524,-27.759,0
1577,26.30962,free_swing,634,479,641,629,-11.160,2.672,0
1578,26.3263,free_swing,651,480,722,614,-4.635,27.917,0
1579,26.34298,free_swing,674,480,791,579,4.251,49.764,0
1580,26.35967,free_swing,704,474,842,538,16.105,65.120,0
1581,26.37635,free_swing,736,461,875,497,29.505,75.480,0
1582,26.39303,free_swing,767,439,915,459,44.185,82.304,0
1583,26.40972,free_swing,789,414,939,425,56.944,85.806,0
1584,26.4264,free_swing,806,382,948,397,70.728,83.970,0
1585,26.44308,free_swing,814,348,,,83.951,,1
1586,26.45977,free_swing,815,318,,,95.262,,1
1587,26.47645,free_swing,813,294,,,104.216,,1
1588,26.49313,free_swing,809,281,,,109.255,,1
1589,26.50982,free_swing,807,276,948,245,111.251,102.400,0
1590,26.5265,free_swing,807,273,944,216,112.280,112.590,0
1591,26.54318,free_swing,808,275,931,190,111.460,124.647,0
1592,26.55987,free_swing,809,280,910,168,109.604,137.956,0
1593,26.57655,free_swing,811,286,883,155,107.266,151.206,0
1594,26.59323,free_swing,813,295,854,151,103.856,164.107,0
1595,26.60992,free_swing,814,306,823,154,99.770,176.611,0
1596,26.6266,free_swing,816,317,789,168,95.599,-169.729,0
1597,26.64328,free_swing,815,330,758,189,90.754,-157.989,0
1598,26.65997,free_swing,813,345,729,219,85.047,-146.310,0
1599,26.67665,free_swing,814,359,703,255,79.862,-133.135,0
1600,26.69333,free_swing,808,376,679,297,73.120,-121.483,0
1601,26.71002,free_swing,799,396,654,343,64.799,-110.078,0
1602,26.7267,free_swing,787,416,639,386,55.886,-101.459,0
1603,26.74338,free_swing,771,435,618,434,46.357,-90.374,0
1604,26.76007,free_swing,752,453,600,487,36.336,-77.391,0
1605,26.77675,free_swing,725,467,590,541,24.667,-61.271,0
1606,26.79343,free_swing,691,477,590,595,10.929,-40.561,0
1607,26.81012,free_swing,,,612,628,,,1
1608,26.8268,free_swing,603,469,642,609,-23.651,15.566,0
1609,26.84348,free_swing,571,450,660,570,-37.942,36.563,0
1610,26.86017,free_swing,552,433,671,525,-47.701,52.292,0
1611,26.87685,free_swing,537,417,677,481,-55.996,65.433,0
1612,26.89353,free_swing,528,401,678,436,-62.928,76.866,0
1613,26.91022,free_swing,521,383,674,394,-70.244,85.888,0
1614,26.9269,free_swing,514,361,668,354,-78.986,92.603,0
1615,26.94358,free_swing,510,337,662,313,-88.128,98.973,0
1616,26.96027,free_swing,509,313,659,283,-97.033,101.310,0
1617,26.97695,free_swing,512,291,660,250,-105.191,105.484,0
1618,26.99363,free_swing,518,272,661,217,-112.479,111.038,0
1619,27.01032,free_swing,525,255,661,186,-119.160,116.901,0
1620,27.027,free_swing,534,242,660,158,-124.902,123.690,0
1621,27.04368,free_swing,542,231,656,133,-129.852,130.684,0
1622,27.06037,free_swing,549,222,651,111,-133.977,137.420,0
1623,27.07705,free_swing,555,215,643,93,-137.291,144.197,0
1624,27.09373,free_swing,559,211,635,81,-139.321,149.689,0
1625,27.11042,free_swing,560,211,625,74,-139.594,154.618,0
1626,27.1271,free_swing,556,215,615,74,-137.556,157.294,0
1627,27.14378,free_swing,550,220,603,78,-134.745,159.532,0
1628,27.16047,free_swing,544,228,592,84,-131.152,161.565,0
1629,27.17715,free_swing,535,239,581,93,-126.001,162.512,0
1630,27.19383,free_swing,528,252,570,106,-120.651,163.951,0
1631,27.21052,free_swing,520,268,559,121,-114.111,165.141,0
1632,27.2272,free_swing,514,287,546,138,-106.805,167.879,0
1633,27.24388,free_swing,506,321,533,159,-94.008,170.538,0
1634,27.26057,free_swing,,,518,180,,,1
1635,27.27725,free_swing,,,502,206,,,1
1636,27.29393,free_swing,,,483,237,,,1
1637,27.31062,free_swing,,,464,274,,,1
1638,27.3273,free_swing,556,438,447,323,-45.269,-136.534,0
1639,27.34398,free_swing,574,453,434,383,-36.336,-116.565,0
1640,27.36067,free_swing,592,463,439,449,-28.457,-95.228,0
1641,27.37735,free_swing,605,470,468,533,-22.797,-65.304,0
1642,27.39403,free_swing,616,474,530,597,-18.314,-34.961,0
1643,27.41072,free_swing,628,478,619,628,-13.481,-3.434,0
1644,27.4274,free_swing,644,480,702,619,-7.316,22.649,0
1645,27.44408,free_swing,666,480,771,590,1.161,43.668,0
1646,27.46077,free_swing,696,476,832,549,12.907,61.775,0
1647,27.47745,free_swing,729,465,873,509,26.392,73.009,0
1648,27.49413,free_swing,760,445,906,475,40.643,78.389,0
1649,27.51082,free_swing,785,421,934,441,53.889,82.355,0
1650,27.5275,free_swing,803,390,947,412,67.496,81.314,0
1651,27.54418,free_swing,813,357,,,80.538,,1
1652,27.56087,free_swing,815,328,,,91.507,,1
1653,27.57755,free_swing,815,299,,,102.249,,1
1654,27.59423,free_swing,809,280,,,109.604,,1
1655,27.61092,free_swing,804,269,948,262,114.075,92.783,0
1656,27.6276,free_swing,804,266,946,231,115.084,103.846,0
1657,27.64428,free_swing,804,266,938,200,115.084,116.222,0
1658,27.66097,free_swing,806,270,923,177,113.440,128.480,0
1659,27.67765,free_swing,808,276,899,156,111.117,142.826,0
1660,27.69433,free_swing,810,284,871,147,108.083,155.999,0
1661,27.71102,free_swing,812,293,840,146,104.668,169.216,0
1662,27.7277,free_swing,814,304,808,152,100.505,-177.739,0
1663,27.74438,free_swing,815,317,775,170,95.636,-164.778,0
1664,27.76107,free_swing,815,330,744,196,90.754,-152.083,0
1665,27.77775,free_swing,814,345,716,228,85.079,-140.050,0
1666,27.79443,free_swing,813,359,691,270,79.796,-126.111,0
1667,27.81112,free_swing,808,378,670,313,72.399,-115.221,0
1668,27.8278,free_swing,799,397,651,358,64.455,-104.763,0
1669,27.84448,free_swing,786,418,633,409,55.039,-93.366,0
1670,27.86117,free_swing,770,437,616,465,45.541,-79.695,0
1671,27.87785,free_swing,748,455,604,520,34.647,-65.706,0
1672,27.89453,free_swing,719,471,603,571,21.943,-49.236,0
1673,27.91122,free_swing,,,614,621,,,1
1674,27.9279,free_swing,,,646,624,,,1
1675,27.94458,free_swing,593,463,668,590,-28.118,30.564,0
1676,27.96127,free_swing,567,446,679,547,-40.101,47.956,0
1677,27.97795,free_swing,548,430,683,501,-49.563,62.259,0
1678,27.99463,free_swing,536,414,684,455,-57.151,74.516,0
1679,28.01132,free_swing,528,397,680,411,-64.290,84.738,0
1680,28.028,free_swing,519,379,672,370,-71.924,93.366,0
1681,28.04468,free_swing,512,356,668,340,-80.969,95.856,0
1682,28.06137,free_swing,509,332,659,300,-90.000,102.043,0
1683,28.07805,free_swing,510,307,657,265,-99.280,105.945,0
1684,28.09473,free_swing,514,286,656,230,-107.157,111.523,0
1685,28.11142,free_swing,519,267,656,200,-114.294,116.061,0
1686,28.1281,free_swing,527,251,655,169,-120.778,122.645,0
1687,28.14478,free_swing,536,238,651,143,-126.507,129.560,0
1688,28.16147,free_swing,544,229,646,119,-130.878,137.161,0
1689,28.17815,free_swing,550,220,639,99,-134.745,143.664,0
1690,28.19483,free_swing,556,214,631,84,-137.799,150.018,0
1691,28.21152,free_swing,558,212,622,75,-138.814,154.960,0
1692,28.2282,free_swing,557,214,611,72,-138.066,159.179,0
1693,28.24488,free_swing,552,219,600,74,-135.512,161.684,0
1694,28.26157,free_swing,546,225,590,80,-132.444,163.120,0
1695,28.27825,free_swing,539,233,578,87,-128.603,165.044,0
1696,28.29493,free_swing,531,246,568,98,-123.085,165.964,0
1697,28.31162,free_swing,523,260,556,112,-117.216,167.430,0
1698,28.3283,free_swing,516,278,544,128,-110.171,169.426,0
1699,28.34498,free_swing,,,533,147,,,1
1700,28.36167,free_swing,,,519,167,,,1
1701,28.37835,free_swing,,,505,193,,,1
1702,28.39503,free_swing,,,487,222,,,1
1703,28.41172,free_swing,532,407,469,256,-60.208,-157.353,0
1704,28.4284,free_swing,547,430,451,299,-49.808,-143.765,0
1705,28.44508,free_swing,564,444,438,353,-41.474,-125.838,0
1706,28.46177,free_swing,582,458,433,420,-32.735,-104.307,0
1707,28.47845,free_swing,598,466,449,497,-25.877,-78.247,0
1708,28.49513,free_swing,610,472,496,569,-20.735,-49.606,0
1709,28.51182,free_swing,620,476,575,619,-16.626,-17.468,0
1710,28.5285,free_swing,635,479,663,627,-10.784,10.713,0
1711,28.54518,free_swing,654,480,737,607,-3.480,33.166,0
1712,28.56187,free_swing,680,479,802,572,6.597,52.682,0
1713,28.57855,free_swing,711,472,850,533,18.925,66.306,0
1714,28.59523,free_swing,745,456,890,496,33.476,74.578,0
1715,28.61192,free_swing,773,434,921,461,47.161,79.661,0
1716,28.6286,free_swing,795,406,942,430,60.725,80.727,0
1717,28.64528,free_swing,808,374,948,404,73.846,77.905,0
1718,28.66197,free_swing,814,345,,,85.079,,1
1719,28.67865,free_swing,816,312,,,97.447,,1
1720,28.69533,free_swing,812,291,,,105.385,,1
1721,28.71202,free_swing,807,272,949,270,112.620,90.807,0
1722,28.7287,free_swing,802,264,947,247,116.068,96.687,0
1723,28.74538,free_swing,803,263,943,215,116.237,108.925,0
1724,28.76207,free_swing,804,265,932,188,115.416,121.030,0
1725,28.77875,free_swing,806,269,912,164,113.776,134.728,0
1726,28.79543,free_swing,808,276,886,148,111.117,148.643,0
1727,28.81212,free_swing,810,285,857,142,107.731,161.806,0
1728,28.8288,free_swing,813,295,824,144,103.856,175.833,0
1729,28.84548,free_swing,814,306,791,155,99.770,-171.339,0
1730,28.86217,free_swing,815,319,758,177,94.888,-158.129,0
1731,28.87885,free_swing,816,333,729,208,89.626,-145.162,0
1732,28.89553,free_swing,816,345,701,245,85.143,-131.009,0
1733,28.91222,free_swing,813,363,680,289,78.323,-119.091,0
1734,28.9289,free_swing,806,381,659,340,71.086,-105.584,0
1735,28.94558,free_swing,796,402,644,385,62.241,-96.382,0
1736,28.96227,free_swing,781,422,631,439,52.667,-83.534,0
1737,28.97895,free_swing,766,442,619,494,43.118,-70.519,0
1738,28.99563,free_swing,741,460,616,550,31.357,-54.246,0
1739,29.01232,free_swing,707,473,621,604,17.331,-33.284,0
1740,29.029,free_swing,,,648,632,,,1
1741,29.04568,free_swing,616,473,676,606,-18.435,24.281,0
1742,29.06237,free_swing,583,458,688,565,-32.412,44.459,0
1743,29.07905,free_swing,562,442,692,520,-42.558,59.036,0
1744,29.09573,free_swing,545,426,690,473,-51.459,72.041,0
1745,29.11242,free_swing,535,410,687,429,-58.643,82.875,0
1746,29.1291,free_swing,525,394,679,388,-65.807,92.231,0
1747,29.14578,free_swing,518,375,669,349,-73.482,99.770,0
1748,29.16247,free_swing,511,350,660,312,-83.246,104.307,0
1749,29.17915,free_swing,509,326,655,280,-92.231,107.488,0
1750,29.19583,free_swing,510,300,653,246,-101.813,110.688,0
1751,29.21252,free_swing,516,279,653,213,-109.826,115.723,0
1752,29.2292,free_swing,522,261,652,183,-116.727,120.964,0
1753,29.24588,free_swing,531,247,650,154,-122.779,128.008,0
1754,29.26257,free_swing,539,234,645,128,-128.320,135.000,0
1755,29.27925,free_swing,547,225,638,105,-132.689,142.826,0
1756,29.29593,free_swing,554,217,631,88,-136.534,149.167,0
1757,29.31262,free_swing,559,212,622,74,-139.086,155.462,0
1758,29.3293,free_swing,561,210,612,68,-140.102,160.244,0
1759,29.34598,free_swing,557,213,605,68,-138.307,161.684,0
1760,29.36267,free_swing,552,218,592,71,-135.764,164.778,0
1761,29.37935,free_swing,546,225,582,78,-132.444,166.239,0
1762,29.39603,free_swing,539,234,572,86,-128.320,167.430,0
1763,29.41272,free_swing,530,246,563,98,-122.887,167.430,0
1764,29.4294,free_swing,523,262,554,113,-116.565,168.247,0
1765,29.44608,free_swing,516,279,543,130,-109.826,169.729,0
1766,29.46277,free_swing,,,532,148,,,1
1767,29.47945,free_swing,,,519,172,,,1
1768,29.49613,free_swing,,,506,195,,,1
1769,29.51282,free_swing,,,489,225,,,1
1770,29.5295,free_swing,530,413,471,260,-58.658,-158.912,0
1771,29.54618,free_swing,550,435,454,303,-47.651,-143.973,0
1772,29.56287,free_swing,568,448,441,356,-39.316,-125.920,0
1773,29.57955,free_swing,587,461,439,424,-30.504,-104.036,0
1774,29.59623,free_swing,604,468,454,501,-23.452,-77.593,0
1775,29.61292,free_swing,615,473,506,576,-18.800,-46.621,0
1776,29.6296,free_swing,626,477,583,622,-14.315,-16.518,0
1777,29.64628,free_swing,639,480,674,627,-9.211,13.392,0
1778,29.66297,free_swing,658,480,746,604,-1.935,35.362,0
1779,29.67965,free_swing,685,479,812,566,8.512,55.587,0
1780,29.69633,free_swing,716,470,856,526,21.010,68.199,0
1781,29.71302,free_swing,747,454,896,485,34.548,78.247,0
1782,29.7297,free_swing,775,430,924,450,48.814,82.355,0
1783,29.74638,free_swing,796,403,944,418,61.905,84.213,0
1784,29.76307,free_swing,809,371,,,75.044,,1
1785,29.77975,free_swing,816,341,,,86.634,,1
1786,29.79643,free_swing,815,309,,,98.604,,1
1787,29.81312,free_swing,811,286,,,107.266,,1
1788,29.8298,free_swing,806,274,948,262,112.077,94.830,0
1789,29.84648,free_swing,805,270,947,237,113.587,103.083,0
1790,29.86317,free_swing,805,268,941,208,114.261,113.806,0
1791,29.87985,free_swing,806,270,928,184,113.440,125.181,0
1792,29.89653,free_swing,808,275,906,162,111.460,139.066,0
1793,29.91322,free_swing,810,282,880,149,108.785,152.241,0
1794,29.9299,free_swing,812,291,850,146,105.385,165.315,0
1795,29.94658,free_swing,814,301,819,150,101.602,178.103,0
1796,29.96327,free_swing,815,312,787,163,97.496,-169.357,0
1797,29.97995,free_swing,815,325,756,186,92.637,-157.001,0
1798,29.99663,free_swing,814,340,727,216,86.967,-144.946,0
1799,30.01332,free_swing,815,353,701,253,82.134,-131.257,0
1800,30.03,free_swing,810,372,680,294,74.778,-120.964,0
1801,30.04668,free_swing,802,390,655,344,67.351,-107.376,0
1802,30.06337,free_swing,790,411,641,386,58.116,-99.525,0
1803,30.08005,free_swing,774,431,621,437,48.270,-87.754,0
1804,30.09673,free_swing,759,449,608,487,39.369,-75.875,0
1805,30.11342,free_swing,731,465,597,545,27.080,-59.162,0
1806,30.1301,free_swing,694,477,600,598,12.068,-37.842,0
1807,30.14678,free_swing,,,623,630,,,1
1808,30.16347,free_swing,607,471,653,609,-21.943,18.435,0
1809,30.18015,free_swing,575,453,669,569,-36.027,39.019,0
1810,30.19683,free_swing,555,436,677,524,-46.081,54.197,0
1811,30.21352,free_swing,540,420,681,479,-54.418,67.294,0
1812,30.2302,free_swing,530,404,680,434,-61.571,78.690,0
1813,30.24688,free_swing,522,386,675,393,-69.044,87.380,0
1814,30.26357,free_swing,515,365,668,353,-77.430,94.485,0
1815,30.28025,free_swing,510,342,662,313,-86.260,100.802,0
1816,30.29693,free_swing,509,317,658,283,-95.563,102.854,0
1817,30.31362,free_swing,512,293,658,250,-104.482,106.411,0
1818,30.3303,free_swing,518,274,659,217,-111.801,112.011,0
1819,30.34698,free_swing,524,257,659,187,-118.350,117.408,0
1820,30.36367,free_swing,533,243,657,159,-124.396,124.114,0
1821,30.38035,free_swing,540,233,653,133,-128.830,131.507,0
1822,30.39703,free_swing,548,224,648,111,-133.202,138.493,0
1823,30.41372,free_swing,554,217,640,94,-136.534,145.039,0
1824,30.4304,free_swing,557,213,631,81,-138.307,150.725,0
1825,30.44708,free_swing,557,213,621,76,-138.307,154.960,0
1826,30.46377,free_swing,553,217,609,76,-136.273,158.339,0
1827,30.48045,free_swing,547,222,598,79,-133.479,160.372,0
1828,30.49713,free_swing,541,231,586,86,-129.620,162.759,0
1829,30.51382,free_swing,533,242,575,96,-124.695,163.951,0
1830,30.5305,free_swing,525,256,564,109,-118.843,165.141,0
1831,30.54718,free_swing,518,273,552,123,-112.141,167.229,0
1832,30.56387,free_swing,512,294,539,142,-104.125,169.928,0
1833,30.58055,free_swing,,,525,162,,,1
1834,30.59723,free_swing,507,351,510,184,-83.056,178.971,0
1835,30.61392,free_swing,,,493,212,,,1
1836,30.6306,free_swing,529,401,474,244,-62.755,-160.694,0
1837,30.64728,free_swing,539,416,455,285,-55.886,-147.331,0
1838,30.66397,free_swing,558,440,439,336,-44.193,-131.152,0
1839,30.68065,free_swing,576,454,430,400,-35.493,-110.298,0
1840,30.69733,free_swing,593,463,439,474,-28.118,-85.914,0
1841,30.71402,free_swing,605,470,476,548,-22.797,-58.841,0
1842,30.7307,free_swing,615,474,546,608,-18.677,-27.245,0
1843,30.74738,free_swing,628,477,638,628,-13.570,3.789,0
1844,30.76407,free_swing,645,479,714,615,-6.981,26.901,0
1845,30.78075,free_swing,671,480,788,582,3.094,48.918,0
1846,30.79743,free_swing,702,476,836,546,15.154,62.418,0
1847,30.81412,free_swing,734,463,873,510,28.457,71.318,0
1848,30.8308,free_swing,766,441,911,474,43.379,77.179,0
1849,30.84748,free_swing,789,415,937,442,56.626,79.661,0
1850,30.86417,free_swing,805,385,947,413,69.532,78.845,0
1851,30.88085,free_swing,813,353,,,82.030,,1
1852,30.89753,free_swing,816,320,,,94.485,,1
1853,30.91422,free_swing,813,296,,,103.496,,1
1854,30.9309,free_swing,809,278,,,110.298,,1
1855,30.94758,free_swing,803,265,948,260,115.574,91.975,0
1856,30.96427,free_swing,802,262,945,228,116.730,103.374,0
1857,30.98095,free_swing,803,264,937,198,115.907,116.222,0
1858,30.99763,free_swing,806,269,920,172,113.776,130.394,0
1859,31.01432,free_swing,808,275,895,154,111.460,144.284,0
1860,31.031,free_swing,810,283,866,144,108.435,158.057,0
1861,31.04768,free_swing,812,294,833,144,104.307,172.030,0
1862,31.06437,free_swing,814,305,800,154,100.138,-174.703,0
1863,31.08105,free_swing,815,318,765,173,95.262,-160.974,0
1864,31.09773,free_swing,816,329,735,202,91.123,-147.470,0
1865,31.11442,free_swing,815,343,708,239,85.861,-134.185,0
1866,31.1311,free_swing,812,361,683,280,78.986,-122.125,0
1867,31.14778,free_swing,807,378,664,320,72.284,-112.077,0
1868,31.16447,free_swing,798,398,648,378,63.947,-97.595,0
1869,31.18115,free_swing,785,419,634,431,54.507,-85.456,0
1870,31.19783,free_swing,771,437,621,482,45.807,-73.301,0
1871,31.21452,free_swing,745,457,615,545,33.265,-55.905,0
1872,31.2312,free_swing,712,472,621,600,19.290,-35.410,0
1873,31.24788,free_swing,,,648,632,,,1
1874,31.26457,free_swing,622,476,677,610,-15.893,22.316,0
1875,31.28125,free_swing,587,461,690,570,-30.504,43.379,0
1876,31.29793,free_swing,565,445,693,524,-40.934,58.318,0
1877,31.31462,free_swing,548,430,692,477,-49.563,71.924,0
1878,31.3313,free_swing,536,413,689,433,-57.470,82.553,0
1879,31.34798,free_swing,527,397,680,391,-64.455,92.246,0
1880,31.36467,free_swing,519,379,669,351,-71.924,100.574,0
1881,31.38135,free_swing,512,356,661,311,-80.969,106.805,0
1882,31.39803,free_swing,509,329,655,281,-91.116,108.199,0
1883,31.41472,free_swing,510,304,651,248,-100.371,111.661,0
1884,31.4314,free_swing,514,282,650,215,-108.550,116.227,0
1885,31.44808,free_swing,520,265,649,183,-115.105,122.442,0
1886,31.46477,free_swing,529,249,646,153,-121.774,129.369,0
1887,31.48145,free_swing,538,235,642,128,-127.811,135.815,0
1888,31.49813,free_swing,546,226,634,104,-132.176,144.197,0
1889,31.51482,free_swing,554,217,627,86,-136.534,150.871,0
1890,31.5315,free_swing,560,211,617,73,-139.594,157.557,0
1891,31.54818,free_swing,562,209,613,69,-140.609,159.984,0
1892,31.56487,free_swing,560,210,599,68,-139.827,164.643,0
1893,31.58155,free_swing,555,215,589,72,-137.291,166.626,0
1894,31.59823,free_swing,550,221,580,76,-134.488,168.311,0
1895,31.61492,free_swing,542,230,571,82,-130.130,168.914,0
1896,31.6316,free_swing,533,242,561,93,-124.695,169.357,0
1897,31.64828,free_swing,525,256,552,107,-118.843,169.729,0
1898,31.66497,free_swing,518,273,543,123,-112.141,170.538,0
1899,31.68165,free_swing,512,297,534,143,-103.050,171.870,0
1900,31.69833,free_swing,,,522,164,,,1
1901,31.71502,free_swing,,,510,187,,,1
1902,31.7317,free_swing,,,496,216,,,1
1903,31.74838,free_swing,529,403,478,248,-62.083,-161.787,0
1904,31.76507,free_swing,545,426,461,289,-51.459,-148.486,0
1905,31.78175,free_swing,564,446,446,340,-40.972,-131.934,0
1906,31.79843,free_swing,583,458,438,402,-32.412,-111.117,0
1907,31.81512,free_swing,601,468,450,466,-24.507,-90.759,0
1908,31.8318,free_swing,614,473,486,551,-19.163,-58.643,0
1909,31.84848,free_swing,625,476,564,614,-14.783,-23.847,0
1910,31.86517,free_swing,637,479,644,630,-10.030,2.654,0
1911,31.88185,free_swing,653,481,726,613,-3.840,28.944,0
1912,31.89853,free_swing,677,480,802,576,5.404,52.476,0
1913,31.91522,free_swing,707,474,846,535,17.216,66.306,0
1914,31.9319,free_swing,738,459,885,495,30.564,76.239,0
1915,31.94858,free_swing,770,438,917,456,45.269,83.019,0
1916,31.96527,free_swing,791,412,941,421,57.995,86.566,0
1917,31.98195,free_swing,807,381,948,396,71.208,83.928,0
1918,31.99863,free_swing,814,347,,,84.327,,1
1919,32.01532,free_swing,816,317,,,95.599,,1
1920,32.032,free_swing,812,291,,,105.385,,1
1921,32.04868,free_swing,808,277,,,110.772,,1
1922,32.06537,free_swing,806,272,948,241,112.762,102.315,0
1923,32.08205,free_swing,806,270,943,213,113.440,112.590,0
1924,32.09873,free_swing,807,271,931,188,112.958,123.797,0
1925,32.11542,free_swing,808,276,909,166,111.117,137.442,0
1926,32.1321,free_swing,810,282,883,151,108.785,150.871,0
1927,32.14878,free_swing,812,290,856,146,105.742,163.009,0
1928,32.16547,free_swing,815,301,824,149,101.527,176.611,0
1929,32.18215,free_swing,814,312,792,162,97.545,-171.656,0
1930,32.19883,free_swing,816,325,761,182,92.620,-158.962,0
1931,32.21552,free_swing,815,341,732,211,86.611,-147.443,0
1932,32.2322,free_swing,813,356,705,247,80.910,-135.264,0
1933,32.24888,free_swing,811,370,683,287,75.600,-122.961,0
1934,32.26557,free_swing,803,390,662,325,67.496,-114.749,0
1935,32.28225,free_swing,792,408,643,377,59.496,-101.753,0
1936,32.29893,free_swing,775,429,624,426,49.105,-91.138,0
1937,32.31562,free_swing,759,447,607,480,39.855,-77.751,0
1938,32.3323,free_swing,734,463,596,532,28.457,-63.435,0
1939,32.34898,free_swing,702,476,594,585,15.154,-44.736,0
1940,32.36567,free_swing,,,611,627,,,1
1941,32.38235,free_swing,611,473,643,615,-20.244,12.700,0
1942,32.39903,free_swing,578,455,662,577,-34.647,34.548,0
1943,32.41572,free_swing,557,437,673,533,-45.272,50.389,0
1944,32.4324,free_swing,541,421,678,488,-53.889,63.939,0
1945,32.44908,free_swing,531,405,680,444,-61.056,75.332,0
1946,32.46577,free_swing,523,388,676,400,-68.199,85.515,0
1947,32.48245,free_swing,515,367,669,360,-76.695,92.603,0
1948,32.49913,free_swing,511,342,662,316,-86.236,99.770,0
1949,32.51582,free_swing,509,320,659,290,-94.456,101.310,0
1950,32.5325,free_swing,511,296,659,256,-103.325,105.124,0
1951,32.54918,free_swing,516,277,660,223,-110.513,110.556,0
1952,32.56587,free_swing,523,259,660,193,-117.539,115.723,0
1953,32.58255,free_swing,531,245,659,163,-123.389,122.645,0
1954,32.59923,free_swing,540,233,656,137,-128.830,129.611,0
1955,32.61592,free_swing,547,224,651,116,-132.955,136.081,0
1956,32.6326,free_swing,554,217,644,97,-136.534,143.130,0
1957,32.64928,free_swing,558,212,635,83,-138.814,149.167,0
1958,32.66597,free_swing,558,212,625,76,-138.814,153.773,0
1959,32.68265,free_swing,555,216,613,76,-137.045,157.496,0
1960,32.69933,free_swing,549,221,604,79,-134.236,158.827,0
1961,32.71602,free_swing,543,228,592,85,-130.914,161.086,0
1962,32.7327,free_swing,535,239,581,94,-126.001,162.399,0
1963,32.74938,free_swing,527,252,570,106,-120.466,163.589,0
1964,32.76607,free_swing,520,269,557,121,-113.776,165.964,0
1965,32.78275,free_swing,514,288,545,138,-106.452,168.323,0
1966,32.79943,free_swing,509,312,533,157,-97.400,171.198,0
1967,32.81612,free_swing,,,518,177,,,1
1968,32.8328,free_swing,,,500,205,,,1
1969,32.84948,free_swing,,,481,237,,,1
1970,32.86617,free_swing,,,462,274,,,1
1971,32.88285,free_swing,555,437,444,323,-45.807,-135.764,0
1972,32.89953,free_swing,572,451,432,383,-37.405,-115.907,0
1973,32.91622,free_swing,589,462,437,449,-29.650,-94.888,0
1974,32.9329,free_swing,603,469,466,533,-23.651,-64.960,0
1975,32.94958,free_swing,614,473,527,596,-19.163,-35.272,0
1976,32.96627,free_swing,625,477,617,628,-14.685,-3.033,0
1977,32.98295,free_swing,642,480,700,620,-8.076,22.504,0
1978,32.99963,free_swing,665,480,769,591,0.774,43.135,0
1979,33.01632,free_swing,695,476,831,551,12.529,61.125,0
1980,33.033,free_swing,729,465,868,520,26.392,68.412,0
1981,33.04968,free_swing,759,446,905,479,40.101,77.264,0
1982,33.06637,free_swing,784,422,933,446,53.358,80.850,0
1983,33.08305,free_swing,802,392,947,417,66.652,80.218,0
1984,33.09973,free_swing,813,356,,,80.910,,1
1985,33.11642,free_swing,816,327,,,91.872,,1
1986,33.1331,free_swing,814,300,,,101.965,,1
1987,33.14978,free_swing,810,281,,,109.134,,1
1988,33.16647,free_swing,804,267,948,265,114.749,90.796,0
1989,33.18315,free_swing,803,264,946,233,115.907,102.232,0
1990,33.19983,free_swing,804,265,939,202,115.416,115.017,0
1991,33.21652,free_swing,805,269,924,177,113.925,127.708,0
1992,33.2332,free_swing,808,276,899,156,111.117,142.826,0
1993,33.24988,free_swing,810,284,870,146,108.083,156.501,0
1994,33.26657,free_swing,812,294,838,146,104.307,170.036,0
1995,33.28325,free_swing,814,306,804,154,99.770,-176.236,0
1996,33.29993,free_swing,814,318,770,172,95.297,-163.229,0
1997,33.31662,free_swing,815,331,739,200,90.377,-149.880,0
1998,33.3333,free_swing,815,345,711,235,85.112,-136.606,0
1999,33.34998,free_swing,812,362,686,277,78.616,-124.004,0
2000,33.36667,free_swing,808,378,667,319,72.399,-112.706,0
2001,33.38335,free_swing,798,399,649,370,63.605,-101.014,0
2002,33.40003,free_swing,785,419,632,424,54.507,-88.128,0
2003,33.41672,free_swing,770,438,618,479,45.269,-74.904,0
2004,33.4334,free_swing,747,457,611,538,33.901,-59.222,0
2005,33.45008,free_swing,716,471,616,591,20.872,-39.806,0
2006,33.46677,free_swing,,,638,630,,,1
2007,33.48345,free_swing,619,476,669,615,-16.991,19.784,0
2008,33.50013,free_swing,589,461,684,576,-29.840,39.560,0
2009,33.51682,free_swing,565,445,690,530,-40.934,55.784,0
2010,33.5335,free_swing,548,429,690,484,-49.853,68.827,0
2011,33.55018,free_swing,536,413,688,439,-57.470,80.293,0
2012,33.56687,free_swing,527,397,680,396,-64.455,90.374,0
2013,33.58355,free_swing,518,379,671,355,-72.041,98.915,0
2014,33.60023,free_swing,512,354,660,313,-81.711,105.484,0
2015,33.61692,free_swing,509,328,655,285,-91.488,106.411,0
2016,33.6336,free_swing,510,305,652,251,-100.008,110.821,0
2017,33.65028,free_swing,514,284,651,218,-107.856,115.723,0
2018,33.66697,free_swing,520,264,651,186,-115.432,120.770,0
2019,33.68365,free_swing,529,249,648,156,-121.774,128.008,0
2020,33.70033,free_swing,538,235,644,129,-127.811,135.000,0
2021,33.71702,free_swing,547,224,638,106,-132.955,142.361,0
2022,33.7337,free_swing,555,216,631,86,-137.045,149.689,0
2023,33.75038,free_swing,561,209,622,72,-140.332,155.999,0
2024,33.76707,free_swing,565,206,618,68,-142.125,158.990,0
2025,33.78375,free_swing,563,208,607,63,-141.116,163.120,0
2026,33.80043,free_swing,558,212,595,66,-138.814,165.779,0
2027,33.81712,free_swing,552,218,587,72,-135.764,166.519,0
2028,33.8338,free_swing,545,226,577,78,-131.934,167.800,0
2029,33.85048,free_swing,536,238,568,88,-126.507,167.957,0
2030,33.86717,free_swing,528,251,559,102,-120.964,168.247,0
2031,33.88385,free_swing,520,268,550,119,-114.111,168.616,0
2032,33.90053,free_swing,514,290,540,138,-105.742,170.293,0
2033,33.91722,free_swing,508,323,530,158,-93.323,172.405,0
2034,33.9339,free_swing,,,518,182,,,1
2035,33.95058,free_swing,515,373,503,208,-74.516,-175.840,0
2036,33.96727,free_swing,526,399,487,239,-63.939,-166.301,0
2037,33.98395,free_swing,543,425,470,277,-52.224,-153.745,0
2038,34.00063,free_swing,559,441,454,326,-43.655,-137.603,0
2039,34.01732,free_swing,580,456,442,384,-33.797,-117.553,0
2040,34.034,free_swing,599,467,446,454,-25.364,-94.857,0
2041,34.05068,free_swing,615,473,475,532,-18.800,-67.148,0
2042,34.06737,free_swing,626,477,535,597,-14.315,-37.174,0
2043,34.08405,free_swing,636,479,632,631,-10.408,-1.507,0
2044,34.10073,free_swing,651,480,711,619,-4.635,23.348,0
2045,34.11742,free_swing,673,480,782,585,3.865,46.071,0
2046,34.1341,free_swing,701,475,837,542,14.882,63.773,0
2047,34.15078,free_swing,732,464,878,500,27.597,76.149,0
2048,34.16747,free_swing,763,443,911,459,42.016,83.830,0
2049,34.18415,free_swing,788,417,937,423,55.784,87.694,0
2050,34.20083,free_swing,804,386,948,392,69.044,87.614,0
2051,34.21752,free_swing,813,355,,,81.283,,1
2052,34.2342,free_swing,815,324,,,93.013,,1
2053,34.25088,free_swing,813,294,,,104.216,,1
2054,34.26757,free_swing,808,279,,,110.078,,1
2055,34.28425,free_swing,805,272,948,245,112.906,100.692,0
2056,34.30093,free_swing,805,269,944,216,113.925,110.872,0
2057,34.31762,free_swing,806,269,933,190,113.776,121.884,0
2058,34.3343,free_swing,807,272,914,168,112.620,134.185,0
2059,34.35098,free_swing,809,278,891,153,110.298,146.735,0
2060,34.36767,free_swing,811,286,863,145,107.266,159.756,0
2061,34.38435,free_swing,812,295,833,146,103.946,171.978,0
2062,34.40103,free_swing,814,306,803,155,99.770,-175.833,0
2063,34.41772,free_swing,815,318,773,173,95.262,-163.846,0
2064,34.4344,free_swing,815,333,745,198,89.623,-152.592,0
2065,34.45108,free_swing,815,347,717,230,84.364,-140.050,0
2066,34.46777,free_swing,812,364,694,269,77.879,-128.837,0
2067,34.48445,free_swing,806,384,673,310,70.017,-119.091,0
2068,34.50113,free_swing,795,404,651,353,61.390,-109.502,0
2069,34.51782,free_swing,781,424,632,400,52.058,-99.150,0
2070,34.5345,free_swing,764,441,610,446,42.818,-88.140,0
2071,34.55118,free_swing,742,459,592,498,31.884,-75.426,0
2072,34.56787,free_swing,713,473,581,554,19.525,-58.465,0
2073,34.58455,free_swing,674,480,584,606,4.251,-35.538,0
2074,34.60123,free_swing,,,612,626,,,1
2075,34.61792,free_swing,588,461,640,599,-30.174,20.647,0
2076,34.6346,free_swing,562,442,656,558,-42.558,39.019,0
2077,34.65128,free_swing,544,424,667,514,-52.292,53.807,0
2078,34.66797,free_swing,531,408,672,469,-60.068,66.606,0
2079,34.68465,free_swing,524,392,674,424,-66.652,77.957,0
2080,34.70133,free_swing,517,372,670,383,-74.678,85.888,0
2081,34.71802,free_swing,512,350,667,346,-83.202,91.478,0
2082,34.7347,free_swing,509,326,662,309,-92.231,96.340,0
2083,34.75138,free_swing,509,302,661,274,-101.023,100.437,0
2084,34.76807,free_swing,515,280,664,240,-109.359,105.027,0
2085,34.78475,free_swing,522,261,665,209,-116.727,109.983,0
2086,34.80143,free_swing,530,247,666,177,-122.583,117.235,0
2087,34.81812,free_swing,538,234,665,153,-128.096,122.530,0
2088,34.8348,free_swing,546,226,660,127,-132.176,130.972,0
2089,34.85148,free_swing,553,218,655,106,-136.023,137.675,0
2090,34.86817,free_swing,558,212,648,91,-138.814,143.358,0
2091,34.88485,free_swing,560,210,639,82,-139.827,148.318,0
2092,34.90153,free_swing,558,213,625,77,-138.576,153.773,0
2093,34.91822,free_swing,553,217,615,78,-136.273,155.961,0
2094,34.9349,free_swing,546,224,604,83,-132.709,157.640,0
2095,34.95158,free_swing,539,233,592,91,-128.603,159.532,0
2096,34.96827,free_swing,531,245,580,101,-123.389,161.208,0
2097,34.98495,free_swing,523,260,568,114,-117.216,162.870,0
2098,35.00163,free_swing,517,277,554,131,-110.642,165.779,0
2099,35.01832,free_swing,,,541,149,,,1
2100,35.035,free_swing,,,525,170,,,1
2101,35.05168,free_swing,,,509,192,,,1
2102,35.06837,free_swing,519,383,490,222,-70.498,-169.789,0
2103,35.08505,free_swing,532,409,469,256,-59.554,-157.620,0
2104,35.10173,free_swing,547,429,450,301,-50.097,-142.845,0
2105,35.11842,free_swing,563,445,434,356,-41.507,-124.603,0
2106,35.1351,free_swing,582,458,433,426,-32.735,-102.121,0
2107,35.15178,free_swing,596,465,449,503,-26.737,-75.506,0
2108,35.16847,free_swing,608,471,501,576,-21.588,-45.541,0
2109,35.18515,free_swing,618,475,580,621,-17.468,-14.589,0
2110,35.20183,free_swing,633,479,669,625,-11.535,13.851,0
2111,35.21852,free_swing,653,480,742,604,-3.865,35.669,0
2112,35.2352,free_swing,681,479,804,570,6.981,53.505,0
2113,35.25188,free_swing,714,471,852,531,20.148,66.501,0
2114,35.26857,free_swing,747,455,890,496,34.330,74.002,0
2115,35.28525,free_swing,774,434,922,462,47.420,79.287,0
2116,35.30193,free_swing,796,403,943,432,61.905,78.840,0
2117,35.31862,free_swing,810,371,948,406,75.141,75.769,0
2118,35.3353,free_swing,816,339,,,87.380,,1
2119,35.35198,free_swing,815,309,,,98.604,,1
2120,35.36867,free_swing,812,289,,,106.098,,1
2121,35.38535,free_swing,807,275,,,111.595,,1
2122,35.40203,free_swing,805,272,948,243,112.906,101.464,0
2123,35.41872,free_swing,806,271,943,212,113.102,113.299,0
2124,35.4354,free_swing,808,274,929,187,111.801,125.716,0
2125,35.45208,free_swing,809,279,905,165,109.952,139.899,0
2126,35.46877,free_swing,811,286,877,152,107.266,153.778,0
2127,35.48545,free_swing,813,296,846,148,103.496,167.430,0
2128,35.50213,free_swing,814,306,812,155,99.770,-179.241,0
2129,35.51882,free_swing,814,318,778,171,95.297,-166.239,0
2130,35.5355,free_swing,815,331,746,195,90.377,-153.099,0
2131,35.55218,free_swing,813,344,717,227,85.426,-140.631,0
2132,35.56887,free_swing,814,359,692,270,79.862,-126.111,0
2133,35.58555,free_swing,809,376,670,314,73.229,-114.039,0
2134,35.60223,free_swing,800,395,653,359,65.304,-103.761,0
2135,35.61892,free_swing,787,416,634,413,55.886,-91.123,0
2136,35.6356,free_swing,770,436,619,466,45.815,-78.763,0
2137,35.65228,free_swing,752,453,612,524,36.336,-63.108,0
2138,35.66897,free_swing,723,469,613,579,23.651,-45.000,0
2139,35.68565,free_swing,682,482,629,625,7.219,-20.336,0
2140,35.70233,free_swing,630,482,662,623,-12.407,12.787,0
2141,35.71902,free_swing,596,465,680,586,-26.737,34.769,0
2142,35.7357,free_swing,570,449,689,542,-38.480,51.992,0
2143,35.75238,free_swing,552,433,689,495,-47.701,65.651,0
2144,35.76907,free_swing,539,417,688,450,-55.570,77.512,0
2145,35.78575,free_swing,529,400,682,406,-63.094,87.754,0
2146,35.80243,free_swing,520,382,673,365,-70.728,96.340,0
2147,35.81912,free_swing,514,360,663,324,-79.357,103.583,0
2148,35.8358,free_swing,510,336,657,296,-88.502,105.222,0
2149,35.85248,free_swing,509,310,655,261,-98.130,108.553,0
2150,35.86917,free_swing,513,287,654,228,-106.699,112.706,0
2151,35.88585,free_swing,519,267,653,197,-114.294,117.582,0
2152,35.90253,free_swing,527,251,652,166,-120.778,124.216,0
2153,35.91922,free_swing,536,238,649,140,-126.507,130.934,0
2154,35.9359,free_swing,544,227,644,115,-131.424,138.240,0
2155,35.95258,free_swing,553,218,638,94,-136.023,145.570,0
2156,35.96927,free_swing,559,211,629,79,-139.321,152.063,0
2157,35.98595,free_swing,564,207,624,72,-141.621,156.038,0
2158,36.00263,free_swing,564,207,614,68,-141.621,160.216,0
2159,36.01932,free_swing,559,211,603,69,-139.321,162.784,0
2160,36.036,free_swing,554,216,595,71,-136.782,164.211,0
2161,36.05268,free_swing,547,224,585,76,-132.955,165.600,0
2162,36.06937,free_swing,539,235,576,87,-128.035,165.964,0
2163,36.08605,free_swing,529,248,568,101,-122.082,165.141,0
2164,36.10273,free_swing,522,263,558,116,-116.075,166.239,0
2165,36.11942,free_swing,514,285,548,135,-107.507,167.229,0
2166,36.1361,free_swing,506,317,538,155,-95.458,168.826,0
2167,36.15278,free_swing,,,526,178,,,1
2168,36.16947,free_swing,,,513,202,,,1
2169,36.18615,free_swing,,,496,232,,,1
2170,36.20283,free_swing,537,421,478,267,-54.765,-159.037,0
2171,36.21952,free_swing,559,441,460,311,-43.655,-142.709,0
2172,36.2362,free_swing,577,454,446,368,-35.181,-123.284,0
2173,36.25288,free_swing,597,466,447,436,-26.222,-101.310,0
2174,36.26957,free_swing,613,472,466,514,-19.654,-74.055,0
2175,36.28625,free_swing,625,476,521,585,-14.783,-43.655,0
2176,36.30293,free_swing,635,479,606,627,-10.784,-11.086,0
2177,36.31962,free_swing,647,480,693,624,-6.170,17.716,0
2178,36.3363,free_swing,666,480,765,595,1.161,40.724,0
2179,36.35298,free_swing,693,477,830,549,11.689,62.276,0
2180,36.36967,free_swing,724,467,869,508,24.316,74.211,0
2181,36.38635,free_swing,755,449,903,466,38.179,83.447,0
2182,36.40303,free_swing,781,425,931,428,51.757,88.854,0
2183,36.41972,free_swing,800,397,947,396,64.618,90.390,0
2184,36.4364,free_swing,812,364,,,77.879,,1
2185,36.45308,free_swing,816,330,,,90.749,,1
2186,36.46977,free_swing,814,301,,,101.602,,1
2187,36.48645,free_swing,810,284,,,108.083,,1
2188,36.50313,free_swing,807,277,948,249,110.904,101.232,0
2189,36.51982,free_swing,806,273,945,223,112.420,109.784,0
2190,36.5365,free_swing,807,273,935,196,112.280,121.030,0
2191,36.55318,free_swing,808,277,917,175,110.772,133.100,0
2192,36.56987,free_swing,810,282,893,158,108.785,146.203,0
2193,36.58655,free_swing,812,290,866,151,105.742,158.769,0
2194,36.60323,free_swing,814,301,837,152,101.602,171.225,0
2195,36.61992,free_swing,815,311,806,160,97.866,-176.589,0
2196,36.6366,free_swing,815,324,774,178,93.013,-164.314,0
2197,36.65328,free_swing,814,339,746,203,87.346,-153.435,0
2198,36.66997,free_swing,813,354,718,235,81.656,-141.399,0
2199,36.68665,free_swing,810,371,693,273,75.141,-129.950,0
2200,36.70333,free_swing,803,390,670,313,67.496,-120.069,0
2201,36.72002,free_swing,791,411,651,354,58.318,-112.153,0
2202,36.7367,free_swing,775,431,628,401,48.526,-101.535,0
2203,36.75338,free_swing,757,446,605,447,39.508,-89.623,0
2204,36.77007,free_swing,735,463,584,500,28.794,-76.232,0
2205,36.78675,free_swing,705,475,572,551,16.368,-60.255,0
2206,36.80343,free_swing,665,481,573,603,0.769,-37.020,0
2207,36.82012,free_swing,,,600,623,,,1
2208,36.8368,free_swing,582,457,629,596,-32.943,18.682,0
2209,36.85348,free_swing,557,437,647,556,-45.272,37.100,0
2210,36.87017,free_swing,540,419,660,512,-54.728,52.224,0
2211,36.88685,free_swing,528,402,668,467,-62.592,65.095,0
2212,36.90353,free_swing,522,386,671,422,-69.044,76.417,0
2213,36.92022,free_swing,515,366,668,381,-77.062,84.401,0
2214,36.9369,free_swing,511,343,667,344,-85.861,89.633,0
2215,36.95358,free_swing,509,321,662,306,-94.086,95.599,0
2216,36.97027,free_swing,511,297,662,271,-102.967,99.770,0
2217,36.98695,free_swing,517,276,665,236,-110.985,105.124,0
2218,37.00363,free_swing,524,258,667,204,-118.030,110.688,0
2219,37.02032,free_swing,532,243,668,173,-124.192,117.235,0
2220,37.037,free_swing,542,231,667,147,-129.852,123.901,0
2221,37.05368,free_swing,550,221,663,122,-134.488,131.222,0
2222,37.07037,free_swing,557,214,658,102,-138.066,137.956,0
2223,37.08705,free_swing,563,208,650,86,-141.116,144.507,0
2224,37.10373,free_swing,565,206,640,76,-142.125,150.018,0
2225,37.12042,free_swing,563,208,630,72,-141.116,153.773,0
2226,37.1371,free_swing,558,212,620,74,-138.814,155.807,0
2227,37.15378,free_swing,552,218,610,78,-135.764,157.496,0
2228,37.17047,free_swing,544,227,599,85,-131.424,158.827,0
2229,37.18715,free_swing,536,239,588,96,-126.215,160.017,0
2230,37.20383,free_swing,527,253,577,109,-120.152,160.852,0
2231,37.22052,free_swing,519,270,565,125,-113.295,162.399,0
2232,37.2372,free_swing,512,293,552,143,-104.482,165.069,0
2233,37.25388,free_swing,505,325,538,163,-92.537,168.486,0
2234,37.27057,free_swing,505,350,522,186,-83.501,174.082,0
2235,37.28725,free_swing,,,505,213,,,1
2236,37.30393,free_swing,526,402,485,245,-62.935,-165.364,0
2237,37.32062,free_swing,544,426,465,284,-51.694,-150.911,0
2238,37.3373,free_swing,558,440,447,332,-44.193,-134.215,0
2239,37.35398,free_swing,580,457,437,398,-33.584,-112.420,0
2240,37.37067,free_swing,597,466,444,474,-26.222,-87.007,0
2241,37.38735,free_swing,610,472,481,550,-20.735,-58.841,0
2242,37.40403,free_swing,621,476,558,613,-16.260,-24.696,0
2243,37.42072,free_swing,632,479,644,629,-11.908,4.574,0
2244,37.4374,free_swing,649,480,725,612,-5.404,29.932,0
2245,37.45408,free_swing,675,480,792,577,4.635,50.339,0
2246,37.47077,free_swing,706,474,844,536,16.847,65.807,0
2247,37.48745,free_swing,737,460,885,495,30.033,76.695,0
2248,37.50413,free_swing,768,438,916,460,44.728,81.545,0
2249,37.52082,free_swing,791,412,941,427,57.995,84.289,0
2250,37.5375,free_swing,807,379,948,401,71.924,81.132,0
2251,37.55418,free_swing,814,346,,,84.703,,1
2252,37.57087,free_swing,815,316,,,96.009,,1
2253,37.58755,free_swing,812,292,,,105.027,,1
2254,37.60423,free_swing,808,280,948,271,109.729,93.678,0
2255,37.62092,free_swing,807,274,947,244,111.938,102.095,0
2256,37.6376,free_swing,807,272,944,216,112.620,112.233,0
2257,37.65428,free_swing,808,275,930,189,111.460,125.181,0
2258,37.67097,free_swing,809,279,909,168,109.952,137.984,0
2259,37.68765,free_swing,811,286,881,154,107.266,152.063,0
2260,37.70433,free_swing,813,295,851,150,103.856,165.315,0
2261,37.72102,free_swing,814,306,821,154,99.770,177.363,0
2262,37.7377,free_swing,815,317,786,168,95.636,-168.986,0
2263,37.75438,free_swing,815,330,754,191,90.754,-156.306,0
2264,37.77107,free_swing,813,345,725,222,85.047,-144.418,0
2265,37.78775,free_swing,814,359,699,260,79.862,-130.724,0
2266,37.80443,free_swing,808,378,676,302,72.399,-119.932,0
2267,37.82112,free_swing,799,397,654,348,64.455,-108.672,0
2268,37.8378,free_swing,786,417,637,394,55.353,-98.775,0
2269,37.85448,free_swing,771,435,617,444,46.357,-86.655,0
2270,37.87117,free_swing,751,454,603,501,35.803,-72.382,0
2271,37.88785,free_swing,723,468,594,555,23.806,-56.004,0
2272,37.90453,free_swing,688,479,599,607,9.652,-34.811,0
2273,37.92122,free_swing,,,628,629,,,1
2274,37.9379,free_swing,599,466,655,601,-25.530,22.529,0
2275,37.95458,free_swing,569,448,669,561,-39.019,41.507,0
2276,37.97127,free_swing,551,432,677,514,-48.240,56.944,0
2277,37.98795,free_swing,537,415,680,469,-56.626,69.312,0
2278,38.00463,free_swing,528,400,679,424,-63.265,80.969,0
2279,38.02132,free_swing,520,383,673,382,-70.372,90.374,0
2280,38.038,free_swing,513,360,668,345,-79.426,95.528,0
2281,38.05468,free_swing,510,334,660,309,-89.251,99.462,0
2282,38.07137,free_swing,509,311,657,273,-97.765,104.400,0
2283,38.08805,free_swing,513,289,658,238,-105.996,109.378,0
2284,38.10473,free_swing,519,269,658,206,-113.629,114.382,0
2285,38.12142,free_swing,527,251,658,175,-120.778,120.120,0
2286,38.1381,free_swing,536,238,657,149,-126.507,126.336,0
2287,38.15478,free_swing,545,227,653,122,-131.664,134.193,0
2288,38.17147,free_swing,553,218,647,101,-136.023,141.221,0
2289,38.18815,free_swing,560,211,640,84,-139.594,147.792,0
2290,38.20483,free_swing,565,207,632,72,-141.904,153.605,0
2291,38.22152,free_swing,565,206,623,68,-142.125,157.203,0
2292,38.2382,free_swing,562,210,614,68,-140.380,159.887,0
2293,38.25488,free_swing,557,213,605,71,-138.307,161.323,0
2294,38.27157,free_swing,550,220,594,76,-134.745,163.009,0
2295,38.28825,free_swing,542,230,586,84,-130.130,163.229,0
2296,38.30493,free_swing,533,243,577,97,-124.396,163.229,0
2297,38.32162,free_swing,524,258,567,112,-118.030,163.589,0
2298,38.3383,free_swing,517,276,556,129,-110.985,165.141,0
2299,38.35498,free_swing,,,545,148,,,1
2300,38.37167,free_swing,,,534,170,,,1
2301,38.38835,free_swing,,,520,194,,,1
2302,38.40503,free_swing,519,381,504,221,-71.208,-174.644,0
2303,38.42172,free_swing,532,410,486,253,-59.230,-163.670,0
2304,38.4384,free_swing,550,433,468,293,-48.209,-149.642,0
2305,38.45508,free_swing,568,449,451,343,-39.075,-132.176,0
2306,38.47177,free_swing,589,462,445,410,-29.650,-109.855,0
2307,38.48845,free_swing,607,470,455,486,-22.087,-83.991,0
2308,38.50513,free_swing,620,475,501,564,-16.736,-53.207,0
2309,38.52182,free_swing,630,479,573,617,-12.653,-22.443,0
2310,38.5385,free_swing,641,480,668,628,-8.455,10.339,0
2311,38.55518,free_swing,658,480,742,607,-1.935,33.481,0
2312,38.57187,free_swing,681,479,807,572,6.981,53.569,0
2313,38.58855,free_swing,711,472,855,522,18.925,70.852,0
2314,38.60523,free_swing,743,457,892,477,32.619,82.355,0
2315,38.62192,free_swing,773,433,922,441,47.442,86.927,0
2316,38.6386,free_swing,794,407,944,407,60.208,90.000,0
2317,38.65528,free_swing,808,375,,,73.482,,1
2318,38.67197,free_swing,815,342,,,86.236,,1
2319,38.68865,free_swing,816,312,,,97.447,,1
2320,38.70533,free_swing,812,292,,,105.027,,1
2321,38.72202,free_swing,809,282,949,254,108.905,101.310,0
2322,38.7387,free_swing,808,278,947,233,110.426,107.939,0
2323,38.75538,free_swing,808,277,940,207,110.772,117.937,0
2324,38.77207,free_swing,809,280,924,184,109.604,129.855,0
2325,38.78875,free_swing,811,285,902,166,107.618,142.595,0
2326,38.80543,free_swing,812,292,875,156,105.027,155.145,0
2327,38.82212,free_swing,814,302,846,154,101.237,167.800,0
2328,38.8388,free_swing,815,312,816,160,97.496,179.623,0
2329,38.85548,free_swing,815,324,784,176,93.013,-168.170,0
2330,38.87217,free_swing,814,338,755,198,87.725,-157.148,0
2331,38.88885,free_swing,813,354,727,227,81.656,-145.896,0
2332,38.90553,free_swing,810,370,702,264,75.506,-134.465,0
2333,38.92222,free_swing,803,389,679,302,67.847,-125.054,0
2334,38.9389,free_swing,792,410,653,343,58.841,-115.735,0
2335,38.95558,free_swing,777,429,633,382,49.606,-108.076,0
2336,38.97227,free_swing,759,445,608,428,40.350,-96.423,0
2337,38.98895,free_swing,738,461,585,477,30.174,-84.030,0
2338,39.00563,free_swing,711,473,567,527,18.800,-69.444,0
2339,39.02232,free_swing,676,481,559,579,4.986,-50.050,0
2340,39.039,free_swing,,,574,619,,,1
2341,39.05568,free_swing,588,463,607,608,-29.792,7.465,0
2342,39.07237,free_swing,560,440,630,573,-43.643,27.759,0
2343,39.08905,free_swing,543,422,647,531,-53.130,43.655,0
2344,39.10573,free_swing,530,404,658,486,-61.571,57.355,0
2345,39.12242,free_swing,522,388,666,441,-68.339,69.794,0
2346,39.1391,free_swing,516,370,667,399,-75.506,79.129,0
2347,39.15578,free_swing,511,348,666,358,-83.991,86.309,0
2348,39.17247,free_swing,510,325,663,315,-92.620,93.740,0
2349,39.18915,free_swing,511,303,663,286,-100.802,96.382,0
2350,39.20583,free_swing,515,282,665,251,-108.667,101.677,0
2351,39.22252,free_swing,521,263,668,218,-115.916,107.021,0
2352,39.2392,free_swing,529,247,670,187,-122.388,113.051,0
2353,39.25588,free_swing,538,235,668,159,-127.811,120.311,0
2354,39.27257,free_swing,546,226,665,133,-132.176,128.008,0
2355,39.28925,free_swing,553,218,660,113,-136.023,134.459,0
2356,39.30593,free_swing,559,212,654,96,-139.086,140.684,0
2357,39.32262,free_swing,561,209,644,84,-140.332,146.416,0
2358,39.3393,free_swing,560,211,634,78,-139.594,150.909,0
2359,39.35598,free_swing,555,215,623,79,-137.291,153.435,0
2360,39.37267,free_swing,550,221,609,81,-134.488,157.148,0
2361,39.38935,free_swing,542,229,597,88,-130.406,158.691,0
2362,39.40603,free_swing,534,241,585,97,-125.200,160.498,0
2363,39.42272,free_swing,526,255,573,110,-119.338,162.041,0
2364,39.4394,free_swing,518,272,559,125,-112.479,164.416,0
2365,39.45608,free_swing,514,291,545,143,-105.385,168.170,0
2366,39.47277,free_swing,,,530,163,,,1
2367,39.48945,free_swing,506,351,515,185,-83.100,176.897,0
2368,39.50613,free_swing,515,377,496,212,-73.088,-173.431,0
2369,39.52282,free_swing,526,399,476,246,-63.939,-161.903,0
2370,39.5395,free_swing,542,423,456,287,-53.054,-147.693,0
2371,39.55618,free_swing,558,440,438,333,-44.193,-131.722,0
2372,39.57287,free_swing,576,454,431,403,-35.493,-109.378,0
2373,39.58955,free_swing,592,463,440,480,-28.457,-83.618,0
2374,39.60623,free_swing,604,470,481,556,-23.148,-55.039,0
2375,39.62292,free_swing,615,474,563,616,-18.677,-20.113,0
2376,39.6396,free_swing,627,477,642,628,-13.943,5.673,0
2377,39.65628,free_swing,646,480,723,611,-6.553,30.446,0
2378,39.67297,free_swing,672,480,789,578,3.480,50.050,0
2379,39.68965,free_swing,704,474,841,541,16.105,63.939,0
2380,39.70633,free_swing,737,462,881,503,29.650,74.107,0
2381,39.72302,free_swing,768,440,914,471,44.193,78.012,0
2382,39.7397,free_swing,792,411,939,439,58.517,79.216,0
2383,39.75638,free_swing,807,379,947,412,71.924,76.737,0
2384,39.77307,free_swing,815,347,,,84.364,,1
2385,39.78975,free_swing,815,318,,,95.262,,1
2386,39.80643,free_swing,812,293,,,104.668,,1
2387,39.82312,free_swing,807,276,,,111.251,,1
2388,39.8398,free_swing,805,269,948,256,113.925,95.194,0
2389,39.85648,free_swing,805,268,945,222,114.261,108.189,0
2390,39.87317,free_swing,806,269,933,192,113.776,121.228,0
2391,39.88985,free_swing,808,274,913,169,111.801,135.000,0
2392,39.90653,free_swing,810,281,886,153,109.134,149.300,0
2393,39.92322,free_swing,812,290,856,147,105.742,162.897,0
2394,39.9399,free_swing,813,300,823,149,102.043,176.211,0
2395,39.95658,free_swing,814,311,789,162,97.918,-170.475,0
2396,39.97327,free_swing,815,324,755,184,93.013,-156.801,0
2397,39.98995,free_swing,814,338,725,214,87.725,-144.331,0
2398,40.00663,free_swing,815,352,699,250,82.504,-131.326,0
2399,40.02332,free_swing,811,368,675,299,76.329,-116.901,0
2400,40.04,free_swing,803,389,655,347,67.847,-105.843,0
2401,40.05668,free_swing,792,408,641,396,59.496,-94.544,0
2402,40.07337,free_swing,778,427,627,450,50.440,-81.339,0
2403,40.09005,free_swing,760,447,615,508,40.147,-67.184,0
2404,40.10673,free_swing,734,464,613,564,28.275,-50.428,0
2405,40.12342,free_swing,697,477,625,615,13.196,-27.553,0
2406,40.1401,free_swing,,,656,629,,,1
2407,40.15678,free_swing,606,470,679,597,-22.443,29.890,0
2408,40.17347,free_swing,577,454,688,554,-35.181,47.984,0
2409,40.19015,free_swing,556,438,691,506,-45.269,63.265,0
2410,40.20683,free_swing,542,422,688,461,-53.358,75.044,0
2411,40.22352,free_swing,532,405,684,417,-60.871,85.486,0
2412,40.2402,free_swing,522,388,675,375,-68.339,94.857,0
2413,40.25688,free_swing,515,367,668,342,-76.695,99.280,0
2414,40.27357,free_swing,510,341,659,304,-86.634,103.946,0
2415,40.29025,free_swing,509,316,654,268,-95.932,108.316,0
2416,40.30693,free_swing,512,292,653,234,-104.837,112.360,0
2417,40.32362,free_swing,518,272,653,202,-112.479,117.408,0
2418,40.3403,free_swing,525,255,652,170,-119.160,123.794,0
2419,40.35698,free_swing,534,241,649,143,-125.200,130.437,0
2420,40.37367,free_swing,544,228,645,117,-131.152,137.701,0
2421,40.39035,free_swing,553,218,639,96,-136.023,144.819,0
2422,40.40703,free_swing,560,210,630,79,-139.827,151.882,0
2423,40.42372,free_swing,566,205,624,70,-142.628,156.750,0
2424,40.4404,free_swing,568,204,620,63,-143.418,159.756,0
2425,40.45708,free_swing,564,206,609,66,-141.843,162.181,0
2426,40.47377,free_swing,559,211,595,69,-139.321,165.774,0
2427,40.49045,free_swing,552,217,588,73,-136.014,165.964,0
2428,40.50713,free_swing,544,227,579,79,-131.424,166.695,0
2429,40.52382,free_swing,535,239,571,92,-126.001,166.239,0
2430,40.5405,free_swing,526,254,563,107,-119.655,165.872,0
2431,40.55718,free_swing,518,274,554,125,-111.801,166.417,0
2432,40.57387,free_swing,,,545,145,,,1
2433,40.59055,free_swing,505,329,534,167,-91.088,169.851,0
2434,40.60723,free_swing,511,356,522,189,-81.027,176.231,0
2435,40.62392,free_swing,518,382,507,218,-70.974,-176.163,0
2436,40.6406,free_swing,531,408,488,251,-60.068,-164.683,0
2437,40.65728,free_swing,548,433,471,290,-48.708,-151.699,0
2438,40.67397,free_swing,569,449,457,340,-38.779,-134.222,0
2439,40.69065,free_swing,591,463,448,404,-28.794,-112.420,0
2440,40.70733,free_swing,609,471,456,479,-21.231,-87.007,0
2441,40.72402,free_swing,623,476,499,557,-15.524,-56.846,0
2442,40.7407,free_swing,633,479,570,615,-11.535,-24.855,0
2443,40.75738,free_swing,645,481,670,630,-6.888,9.525,0
2444,40.77407,free_swing,659,481,741,609,-1.538,32.645,0
2445,40.79075,free_swing,682,479,805,569,7.365,53.807,0
2446,40.80743,free_swing,713,471,856,521,19.784,70.728,0
2447,40.82412,free_swing,743,457,892,478,32.619,81.978,0
2448,40.8408,free_swing,770,434,922,437,46.370,88.869,0
2449,40.85748,free_swing,794,407,943,401,60.208,92.306,0
2450,40.87417,free_swing,809,375,,,73.589,,1
2451,40.89085,free_swing,816,341,,,86.634,,1
2452,40.90753,free_swing,815,309,,,98.604,,1
2453,40.92422,free_swing,811,288,,,106.557,,1
2454,40.9409,free_swing,808,276,948,250,111.117,100.521,0
2455,40.95758,free_swing,805,271,946,227,113.247,107.331,0
2456,40.97427,free_swing,805,269,937,199,113.925,117.937,0
2457,40.99095,free_swing,807,272,921,176,112.620,130.101,0
2458,41.00763,free_swing,809,277,898,158,110.642,143.207,0
2459,41.02432,free_swing,810,284,872,148,108.083,155.493,0
2460,41.041,free_swing,812,294,843,146,104.307,168.170,0
2461,41.05768,free_swing,814,304,812,153,100.505,-179.241,0
2462,41.07437,free_swing,815,316,780,169,96.009,-166.608,0
2463,41.09105,free_swing,815,330,751,192,90.754,-155.120,0
2464,41.10773,free_swing,814,344,723,223,85.456,-143.054,0
2465,41.12442,free_swing,814,359,698,262,79.862,-129.903,0
2466,41.1411,free_swing,808,378,677,302,72.399,-120.120,0
2467,41.15778,free_swing,798,400,653,346,63.265,-110.426,0
2468,41.17447,free_swing,784,420,636,390,53.973,-101.459,0
2469,41.19115,free_swing,767,438,616,439,44.454,-89.621,0
2470,41.20783,free_swing,748,455,595,494,34.647,-75.700,0
2471,41.22452,free_swing,721,470,587,545,22.797,-60.764,0
2472,41.2412,free_swing,684,478,586,598,8.185,-39.237,0
2473,41.25788,free_swing,,,610,628,,,1
2474,41.27457,free_swing,596,465,640,605,-26.737,17.447,0
2475,41.29125,free_swing,567,447,657,566,-39.855,37.100,0
2476,41.30793,free_swing,549,429,668,521,-49.606,52.292,0
2477,41.32462,free_swing,535,413,673,477,-57.674,65.120,0
2478,41.3413,free_swing,526,396,675,431,-64.960,76.781,0
2479,41.35798,free_swing,519,377,672,390,-72.646,85.143,0
2480,41.37467,free_swing,513,356,667,351,-80.910,91.860,0
2481,41.39135,free_swing,510,332,662,311,-90.000,97.866,0
2482,41.40803,free_swing,509,310,660,279,-98.130,101.602,0
2483,41.42472,free_swing,513,286,661,246,-107.049,105.124,0
2484,41.4414,free_swing,520,267,663,213,-114.444,110.688,0
2485,41.45808,free_swing,527,250,663,182,-121.088,116.565,0
2486,41.47477,free_swing,536,238,663,156,-126.507,122.849,0
2487,41.49145,free_swing,544,228,659,129,-131.152,130.724,0
2488,41.50813,free_swing,551,220,653,108,-135.000,137.675,0
2489,41.52482,free_swing,557,213,645,91,-138.307,144.197,0
2490,41.5415,free_swing,561,209,637,79,-140.332,149.689,0
2491,41.55818,free_swing,561,209,628,74,-140.332,153.605,0
2492,41.57487,free_swing,557,213,616,73,-138.307,157.148,0
2493,41.59155,free_swing,552,218,607,77,-135.764,158.691,0
2494,41.60823,free_swing,545,226,595,82,-131.934,160.852,0
2495,41.62492,free_swing,537,236,584,92,-127.304,161.924,0
2496,41.6416,free_swing,529,249,574,104,-121.774,162.759,0
2497,41.65828,free_swing,520,267,563,119,-114.444,163.799,0
2498,41.67497,free_swing,514,284,551,137,-107.856,165.872,0
2499,41.69165,free_swing,511,305,537,156,-100.072,170.102,0
2500,41.70833,free_swing,,,524,177,,,1
2501,41.72502,free_swing,508,367,508,202,-77.276,180.000,0
2502,41.7417,free_swing,,,489,232,,,1
2503,41.75838,free_swing,537,416,470,269,-56.310,-155.497,0
2504,41.77507,free_swing,554,437,453,314,-46.071,-140.609,0
2505,41.79175,free_swing,572,451,438,372,-37.405,-120.522,0
2506,41.80843,free_swing,591,463,441,441,-28.794,-98.344,0
2507,41.82512,free_swing,605,470,464,522,-22.797,-69.756,0
2508,41.8418,free_swing,617,475,522,590,-17.832,-39.560,0
2509,41.85848,free_swing,628,478,603,626,-13.481,-9.588,0
2510,41.87517,free_swing,642,480,693,622,-8.076,19.756,0
2511,41.89185,free_swing,663,481,764,594,0.000,41.791,0
2512,41.90853,free_swing,693,477,829,552,11.689,61.125,0
2513,41.92522,free_swing,724,467,868,514,24.316,71.924,0
2514,41.9419,free_swing,754,449,902,475,37.875,80.036,0
2515,41.95858,free_swing,784,423,932,441,53.054,83.066,0
2516,41.97527,free_swing,801,393,947,410,66.153,83.358,0
2517,41.99195,free_swing,812,362,,,78.616,,1
2518,42.00863,free_swing,817,328,,,91.488,,1
2519,42.02532,free_swing,814,301,,,101.602,,1
2520,42.042,free_swing,810,285,,,107.731,,1
2521,42.05868,free_swing,807,278,948,253,110.556,100.054,0
2522,42.07537,free_swing,807,274,946,229,111.938,107.939,0
2523,42.09205,free_swing,808,276,936,200,111.117,120.700,0
2524,42.10873,free_swing,810,280,918,178,109.481,133.363,0
2525,42.12542,free_swing,811,286,892,160,107.266,147.265,0
2526,42.1421,free_swing,813,295,863,153,103.856,160.602,0
2527,42.15878,free_swing,814,305,830,154,100.138,173.951,0
2528,42.17547,free_swing,815,316,798,164,96.009,-173.618,0
2529,42.19215,free_swing,815,328,765,184,91.507,-160.852,0
2530,42.20883,free_swing,814,342,734,212,86.211,-148.392,0
2531,42.22552,free_swing,814,356,707,247,80.969,-135.531,0
2532,42.2422,free_swing,809,373,684,287,74.314,-124.528,0
2533,42.25888,free_swing,803,391,658,336,67.148,-110.772,0
2534,42.27557,free_swing,790,412,643,377,57.792,-103.392,0
2535,42.29225,free_swing,775,431,625,426,48.526,-91.909,0
2536,42.30893,free_swing,758,448,607,479,39.316,-78.398,0
2537,42.32562,free_swing,733,464,595,538,27.937,-61.798,0
2538,42.3423,free_swing,702,475,595,590,15.255,-42.936,0
2539,42.35898,free_swing,,,616,628,,,1
2540,42.37567,free_swing,610,473,648,614,-20.601,15.083,0
2541,42.39235,free_swing,579,455,665,575,-34.330,35.628,0
2542,42.40903,free_swing,558,438,675,532,-44.728,51.221,0
2543,42.42572,free_swing,542,422,680,486,-53.358,65.120,0
2544,42.4424,free_swing,531,406,681,441,-60.725,76.866,0
2545,42.45908,free_swing,523,390,677,398,-67.496,87.026,0
2546,42.47577,free_swing,516,372,669,358,-74.778,95.228,0
2547,42.49245,free_swing,510,347,662,316,-84.401,101.527,0
2548,42.50913,free_swing,509,323,659,288,-93.345,103.134,0
2549,42.52582,free_swing,511,299,657,255,-102.249,106.771,0
2550,42.5425,free_swing,516,279,657,222,-109.826,112.011,0
2551,42.55918,free_swing,522,261,658,190,-116.727,117.567,0
2552,42.57587,free_swing,531,246,656,162,-123.085,123.901,0
2553,42.59255,free_swing,539,235,653,137,-128.035,130.684,0
2554,42.60923,free_swing,546,225,647,113,-132.444,137.956,0
2555,42.62592,free_swing,553,217,640,95,-136.273,144.507,0
2556,42.6426,free_swing,558,212,632,81,-138.814,150.539,0
2557,42.65928,free_swing,559,211,623,74,-139.321,154.960,0
2558,42.67597,free_swing,556,214,611,73,-137.799,158.691,0
2559,42.69265,free_swing,550,219,602,76,-135.000,160.017,0
2560,42.70933,free_swing,545,226,591,82,-131.934,162.284,0
2561,42.72602,free_swing,537,236,579,90,-127.304,163.951,0
2562,42.7427,free_swing,529,250,568,103,-121.464,165.141,0
2563,42.75938,free_swing,521,265,558,118,-115.259,165.872,0
2564,42.77607,free_swing,516,285,546,135,-107.731,168.690,0
2565,42.79275,free_swing,510,307,534,154,-99.280,171.085,0
2566,42.80943,free_swing,,,520,177,,,1
2567,42.82612,free_swing,,,505,201,,,1
2568,42.8428,free_swing,523,393,486,233,-66.457,-166.979,0
2569,42.85948,free_swing,537,415,467,269,-56.626,-154.385,0
2570,42.87617,free_swing,554,436,450,317,-46.345,-138.848,0
2571,42.89285,free_swing,571,451,436,375,-37.708,-119.378,0
2572,42.90953,free_swing,591,463,442,444,-28.794,-97.267,0
2573,42.92622,free_swing,605,469,465,525,-22.946,-68.199,0
2574,42.9429,free_swing,617,474,524,593,-17.949,-38.008,0
2575,42.95958,free_swing,628,478,601,626,-13.481,-10.339,0
2576,42.97627,free_swing,643,480,695,622,-7.696,20.113,0
2577,42.99295,free_swing,665,480,766,593,0.774,41.791,0
2578,43.00963,free_swing,694,477,830,551,12.068,61.449,0
2579,43.02632,free_swing,726,467,869,513,25.017,72.168,0
2580,43.043,free_swing,758,448,904,474,39.316,79.902,0
2581,43.05968,free_swing,782,423,932,441,52.595,83.157,0
2582,43.07637,free_swing,802,392,947,410,66.652,82.924,0
2583,43.09305,free_swing,813,359,,,79.796,,1
2584,43.10973,free_swing,816,327,,,91.872,,1
2585,43.12642,free_swing,814,299,,,102.328,,1
2586,43.1431,free_swing,809,278,,,110.298,,1
2587,43.15978,free_swing,803,263,947,261,116.237,90.796,0
2588,43.17647,free_swing,800,258,945,231,118.376,100.548,0
2589,43.19315,free_swing,800,258,938,200,118.376,112.797,0
2590,43.20983,free_swing,802,260,924,174,117.384,125.181,0
2591,43.22652,free_swing,804,266,902,153,115.084,139.066,0
2592,43.2432,free_swing,807,273,875,140,112.280,152.920,0
2593,43.25988,free_swing,810,282,844,137,108.785,166.804,0
2594,43.27657,free_swing,812,294,812,142,104.307,180.000,0
2595,43.29325,free_swing,814,306,779,157,99.770,-166.781,0
2596,43.30993,free_swing,815,319,748,182,94.888,-153.939,0
2597,43.32662,free_swing,815,334,720,216,89.246,-141.163,0
2598,43.3433,free_swing,815,348,695,253,83.991,-128.367,0
2599,43.35998,free_swing,812,366,674,301,77.146,-115.221,0
2600,43.37667,free_swing,804,386,655,350,69.044,-103.583,0
2601,43.39335,free_swing,793,407,641,397,60.018,-93.764,0
2602,43.41003,free_swing,779,428,629,453,50.389,-80.538,0
2603,43.42672,free_swing,760,447,617,513,40.147,-65.225,0
2604,43.4434,free_swing,733,465,616,567,27.759,-48.918,0
2605,43.46008,free_swing,693,478,628,617,11.611,-25.062,0
2606,43.47677,free_swing,,,660,628,,,1
2607,43.49345,free_swing,605,469,682,593,-22.946,31.839,0
2608,43.51013,free_swing,575,452,690,550,-36.254,49.563,0
2609,43.52682,free_swing,555,437,691,502,-45.807,64.455,0
2610,43.5435,free_swing,542,421,689,457,-53.664,76.239,0
2611,43.56018,free_swing,530,405,683,413,-61.239,87.007,0
2612,43.57687,free_swing,522,385,674,371,-69.399,95.262,0
2613,43.59355,free_swing,515,366,668,340,-77.062,99.644,0
2614,43.61023,free_swing,509,339,658,301,-87.397,104.307,0
2615,43.62692,free_swing,509,314,654,265,-96.667,108.672,0
2616,43.6436,free_swing,512,290,653,231,-105.544,112.706,0
2617,43.66028,free_swing,518,271,652,198,-112.816,118.580,0
2618,43.67697,free_swing,526,253,651,167,-119.970,124.528,0
2619,43.69365,free_swing,535,239,648,140,-126.001,131.222,0
2620,43.71033,free_swing,544,227,643,114,-131.424,138.778,0
2621,43.72702,free_swing,553,218,636,93,-136.023,146.416,0
2622,43.7437,free_swing,560,211,627,77,-139.594,153.435,0
2623,43.76038,free_swing,564,207,619,69,-141.621,158.270,0
2624,43.77707,free_swing,564,206,614,67,-141.843,160.216,0
2625,43.79375,free_swing,561,210,604,68,-140.102,163.153,0
2626,43.81043,free_swing,556,214,590,70,-137.799,166.715,0
2627,43.82712,free_swing,549,221,580,74,-134.236,168.092,0
2628,43.8438,free_swing,540,232,572,84,-129.111,167.800,0
2629,43.86048,free_swing,532,244,564,96,-123.891,167.800,0
2630,43.87717,free_swing,524,260,555,111,-117.384,168.247,0
2631,43.89385,free_swing,517,279,544,129,-109.952,169.796,0
2632,43.91053,free_swing,,,534,150,,,1
2633,43.92722,free_swing,,,523,173,,,1
2634,43.9439,free_swing,,,510,197,,,1
2635,43.96058,free_swing,518,391,493,227,-67.859,-171.333,0
2636,43.97727,free_swing,535,414,475,263,-57.355,-158.330,0
2637,43.99395,free_swing,554,436,459,306,-46.345,-143.842,0
2638,44.01063,free_swing,572,452,445,355,-37.174,-127.372,0
2639,44.02732,free_swing,592,464,445,429,-28.275,-103.392,0
2640,44.044,free_swing,609,471,461,507,-21.231,-76.329,0
2641,44.06068,free_swing,621,476,517,583,-16.260,-44.185,0
2642,44.07737,free_swing,632,479,589,623,-11.908,-16.626,0
2643,44.09405,free_swing,645,481,685,626,-6.888,15.422,0
2644,44.11073,free_swing,664,481,757,599,0.385,38.243,0
2645,44.12742,free_swing,690,478,827,554,10.477,60.981,0
2646,44.1441,free_swing,721,469,865,513,22.946,73.009,0
2647,44.16078,free_swing,753,451,901,472,37.100,81.924,0
2648,44.17747,free_swing,779,427,929,435,50.684,86.947,0
2649,44.19415,free_swing,799,398,946,402,64.113,88.441,0
2650,44.21083,free_swing,811,365,,,77.430,,1
2651,44.22752,free_swing,816,333,,,89.626,,1
2652,44.2442,free_swing,815,303,,,100.802,,1
2653,44.26088,free_swing,810,284,,,108.083,,1
2654,44.27757,free_swing,807,276,948,250,111.251,100.448,0
2655,44.29425,free_swing,805,271,945,225,113.247,108.189,0
2656,44.31093,free_swing,806,271,935,196,113.102,120.174,0
2657,44.32762,free_swing,807,274,917,173,111.938,132.558,0
2658,44.3443,free_swing,809,279,894,156,109.952,145.353,0
2659,44.36098,free_swing,811,287,865,148,106.912,158.769,0
2660,44.37767,free_swing,813,296,834,147,103.496,171.978,0
2661,44.39435,free_swing,814,306,804,155,99.770,-176.211,0
2662,44.41103,free_swing,815,318,772,173,95.262,-163.482,0
2663,44.42772,free_swing,814,332,743,198,90.000,-152.083,0
2664,44.4444,free_swing,814,346,715,230,84.703,-139.521,0
2665,44.46108,free_swing,813,362,691,271,78.690,-126.719,0
2666,44.47777,free_swing,806,382,670,313,70.728,-116.901,0
2667,44.49445,free_swing,797,402,651,357,62.418,-107.130,0
2668,44.51113,free_swing,783,421,632,405,53.437,-96.049,0
2669,44.52782,free_swing,766,439,615,458,43.909,-82.828,0
2670,44.5445,free_swing,746,457,600,514,33.584,-68.674,0
2671,44.56118,free_swing,717,471,595,565,21.231,-52.386,0
2672,44.57787,free_swing,676,480,603,616,5.020,-28.225,0
2673,44.59455,free_swing,,,634,626,,,1
2674,44.61123,free_swing,592,463,658,594,-28.457,26.740,0
2675,44.62792,free_swing,566,445,671,552,-40.643,44.459,0
2676,44.6446,free_swing,547,428,677,505,-50.389,59.361,0
2677,44.66128,free_swing,535,412,680,461,-57.995,71.328,0
2678,44.67797,free_swing,526,396,678,416,-64.960,82.504,0
2679,44.69465,free_swing,518,377,671,375,-72.759,90.749,0
2680,44.71133,free_swing,513,355,667,342,-81.283,94.825,0
2681,44.72802,free_swing,509,330,660,305,-90.744,99.401,0
2682,44.7447,free_swing,510,306,659,270,-99.644,103.583,0
2683,44.76138,free_swing,514,285,660,236,-107.507,108.553,0
2684,44.77807,free_swing,520,266,660,205,-114.775,113.543,0
2685,44.79475,free_swing,527,250,660,174,-121.088,119.745,0
2686,44.81143,free_swing,536,238,658,149,-126.507,126.111,0
2687,44.82812,free_swing,544,228,653,125,-131.152,133.379,0
2688,44.8448,free_swing,550,221,647,105,-134.488,140.097,0
2689,44.86148,free_swing,556,215,638,89,-137.556,146.944,0
2690,44.87817,free_swing,557,214,628,80,-138.066,152.083,0
2691,44.89485,free_swing,554,216,618,79,-136.782,154.960,0
2692,44.91153,free_swing,549,221,605,80,-134.236,158.339,0
2693,44.92822,free_swing,543,228,595,85,-130.914,160.017,0
2694,44.9449,free_swing,536,238,582,93,-126.507,162.399,0
2695,44.96158,free_swing,529,250,569,104,-121.464,164.678,0
2696,44.97827,free_swing,521,266,557,118,-114.928,166.329,0
2697,44.99495,free_swing,515,284,545,135,-107.969,168.616,0
2698,45.01163,free_swing,,,531,154,,,1
2699,45.02832,free_swing,,,515,176,,,1
2700,45.045,free_swing,509,367,499,200,-77.196,-176.573,0
2701,45.06168,free_swing,521,388,480,232,-68.477,-165.275,0
2702,45.07837,free_swing,535,412,460,269,-57.995,-152.324,0
2703,45.09505,free_swing,551,431,443,316,-48.526,-136.798,0
2704,45.11173,free_swing,568,448,432,371,-39.316,-119.518,0
2705,45.12842,free_swing,585,459,433,444,-31.557,-95.636,0
2706,45.1451,free_swing,599,467,459,525,-25.364,-67.496,0
2707,45.16178,free_swing,610,472,521,593,-20.735,-36.336,0
2708,45.17847,free_swing,621,476,596,625,-16.260,-9.525,0
2709,45.19515,free_swing,637,479,687,622,-10.030,19.272,0
2710,45.21183,free_swing,660,480,759,596,-1.161,40.479,0
2711,45.22852,free_swing,690,478,815,563,10.477,55.784,0
2712,45.2452,free_swing,723,468,864,522,23.806,69.044,0
2713,45.26188,free_swing,755,451,899,488,37.708,75.590,0
2714,45.27857,free_swing,781,425,929,456,51.757,78.170,0
2715,45.29525,free_swing,801,395,946,425,65.462,78.311,0
2716,45.31193,free_swing,812,362,948,402,78.616,73.610,0
2717,45.32862,free_swing,816,331,,,90.374,,1
2718,45.3453,free_swing,815,304,,,100.437,,1
2719,45.36198,free_swing,810,284,,,108.083,,1
2720,45.37867,free_swing,805,269,948,271,113.925,89.199,0
2721,45.39535,free_swing,800,259,946,239,118.051,97.800,0
2722,45.41203,free_swing,799,255,941,209,119.518,107.949,0
2723,45.42872,free_swing,801,258,928,180,118.202,121.557,0
2724,45.4454,free_swing,803,262,907,156,116.565,135.546,0
2725,45.46208,free_swing,805,268,882,141,114.261,148.772,0
2726,45.47877,free_swing,808,276,853,134,111.117,162.417,0
2727,45.49545,free_swing,810,286,820,136,107.376,176.186,0
2728,45.51213,free_swing,812,298,787,147,102.854,-170.599,0
2729,45.52882,free_swing,814,310,755,170,98.289,-157.148,0
2730,45.5455,free_swing,815,323,725,200,93.389,-143.807,0
2731,45.56218,free_swing,816,337,701,238,88.128,-130.724,0
2732,45.57887,free_swing,814,352,679,283,82.455,-117.072,0
2733,45.59555,free_swing,809,371,661,331,75.044,-105.124,0
2734,45.61223,free_swing,801,391,649,384,66.852,-92.637,0
2735,45.62892,free_swing,789,412,640,439,57.588,-79.729,0
2736,45.6456,free_swing,775,433,632,498,47.956,-65.556,0
2737,45.66228,free_swing,751,452,633,555,36.254,-48.883,0
2738,45.67897,free_swing,718,470,645,608,21.730,-27.878,0
2739,45.69565,free_swing,,,675,632,,,1
2740,45.71233,free_swing,625,477,699,603,-14.685,30.426,0
2741,45.72902,free_swing,594,463,707,561,-27.777,49.066,0
2742,45.7457,free_swing,570,449,706,514,-38.480,64.455,0
2743,45.76238,free_swing,553,434,700,469,-47.161,76.608,0
2744,45.77907,free_swing,540,418,693,426,-55.039,87.007,0
2745,45.79575,free_swing,528,400,681,386,-63.265,95.228,0
2746,45.81243,free_swing,520,382,669,348,-70.728,102.854,0
2747,45.82912,free_swing,513,358,659,312,-80.166,107.488,0
2748,45.8458,free_swing,509,331,653,281,-90.372,109.148,0
2749,45.86248,free_swing,509,307,650,248,-99.221,112.706,0
2750,45.87917,free_swing,514,285,650,215,-107.507,117.235,0
2751,45.89585,free_swing,520,265,648,185,-115.105,122.005,0
2752,45.91253,free_swing,528,251,645,156,-120.964,129.075,0
2753,45.92922,free_swing,536,238,640,129,-126.507,136.345,0
2754,45.9459,free_swing,544,228,633,106,-131.152,143.889,0
2755,45.96258,free_swing,551,220,625,90,-135.000,150.350,0
2756,45.97927,free_swing,555,215,614,78,-137.291,156.701,0
2757,45.99595,free_swing,555,215,605,72,-137.291,160.728,0
2758,46.01263,free_swing,552,218,594,74,-135.764,163.740,0
2759,46.02932,free_swing,548,222,584,76,-133.727,166.149,0
2760,46.046,free_swing,542,230,573,82,-130.130,168.170,0
2761,46.06268,free_swing,534,240,563,91,-125.496,168.986,0
2762,46.07937,free_swing,527,253,552,103,-120.152,170.538,0
2763,46.09605,free_swing,519,269,542,118,-113.629,171.339,0
2764,46.11273,free_swing,514,288,530,137,-106.452,173.951,0
2765,46.12942,free_swing,,,519,157,,,1
2766,46.1461,free_swing,,,505,182,,,1
2767,46.16278,free_swing,,,490,207,,,1
2768,46.17947,free_swing,527,395,473,239,-65.145,-160.907,0
2769,46.19615,free_swing,539,418,456,279,-55.257,-149.158,0
2770,46.21283,free_swing,555,436,441,326,-46.081,-133.977,0
2771,46.22952,free_swing,572,451,434,382,-37.405,-116.565,0
2772,46.2462,free_swing,591,463,439,456,-28.794,-92.637,0
2773,46.26288,free_swing,605,469,468,535,-22.946,-64.277,0
2774,46.27957,free_swing,616,474,528,596,-18.314,-35.803,0
2775,46.29625,free_swing,628,478,613,627,-13.481,-5.749,0
2776,46.31293,free_swing,645,480,702,620,-6.934,22.153,0
2777,46.32962,free_swing,667,480,772,592,1.548,43.152,0
2778,46.3463,free_swing,696,476,831,552,12.907,60.622,0
2779,46.36298,free_swing,730,465,873,513,26.737,71.445,0
2780,46.37967,free_swing,762,445,906,478,41.222,77.093,0
2781,46.39635,free_swing,785,420,934,444,54.197,80.850,0
2782,46.41303,free_swing,803,390,947,414,67.496,80.538,0
2783,46.42972,free_swing,813,357,,,80.538,,1
2784,46.4464,free_swing,816,327,,,91.872,,1
2785,46.46308,free_swing,813,299,,,102.407,,1
2786,46.47977,free_swing,810,280,,,109.481,,1
2787,46.49645,free_swing,804,267,948,259,114.749,93.180,0
2788,46.51313,free_swing,802,263,945,228,116.400,103.753,0
2789,46.52982,free_swing,804,264,936,196,115.747,117.255,0
2790,46.5465,free_swing,806,269,917,170,113.776,131.730,0
2791,46.56318,free_swing,808,275,892,152,111.460,145.670,0
2792,46.57987,free_swing,810,284,862,143,108.083,159.756,0
2793,46.59655,free_swing,812,294,828,144,104.307,173.911,0
2794,46.61323,free_swing,814,304,795,154,100.505,-172.781,0
2795,46.62992,free_swing,815,316,760,174,96.009,-158.827,0
2796,46.6466,free_swing,815,330,729,205,90.754,-145.472,0
2797,46.66328,free_swing,815,343,702,242,85.861,-131.791,0
2798,46.67997,free_swing,813,359,681,287,79.796,-118.610,0
2799,46.69665,free_swing,808,378,660,340,72.399,-104.400,0
2800,46.71333,free_swing,798,397,646,389,64.290,-93.013,0
2801,46.73002,free_swing,786,418,635,440,55.039,-81.711,0
2802,46.7467,free_swing,770,438,626,500,45.269,-66.705,0
2803,46.76338,free_swing,745,457,626,559,33.265,-49.399,0
2804,46.78007,free_swing,713,473,638,610,19.525,-28.698,0
2805,46.79675,free_swing,,,668,631,,,1
2806,46.81343,free_swing,619,474,692,601,-17.216,29.890,0
2807,46.83012,free_swing,588,460,701,559,-30.368,48.778,0
2808,46.8468,free_swing,565,446,702,513,-40.684,63.939,0
2809,46.86348,free_swing,549,430,696,466,-49.316,76.239,0
2810,46.88017,free_swing,537,414,690,423,-56.944,86.634,0
2811,46.89685,free_swing,526,397,679,382,-64.618,95.599,0
2812,46.91353,free_swing,519,377,669,344,-72.646,102.407,0
2813,46.93022,free_swing,512,353,659,310,-82.082,106.305,0
2814,46.9469,free_swing,509,327,652,275,-91.860,109.983,0
2815,46.96358,free_swing,509,303,650,242,-100.665,113.394,0
2816,46.98027,free_swing,514,281,648,208,-108.895,118.580,0
2817,46.99695,free_swing,522,262,647,176,-116.402,124.528,0
2818,47.01363,free_swing,531,246,644,149,-123.085,130.643,0
2819,47.03032,free_swing,540,233,639,121,-128.830,138.526,0
2820,47.047,free_swing,549,222,633,99,-133.977,145.670,0
2821,47.06368,free_swing,557,213,625,81,-138.307,152.745,0
2822,47.08037,free_swing,564,207,617,69,-141.621,158.990,0
2823,47.09705,free_swing,567,205,608,63,-142.914,163.895,0
2824,47.11373,free_swing,565,206,602,63,-142.125,165.493,0
2825,47.13042,free_swing,560,210,594,67,-139.827,166.626,0
2826,47.1471,free_swing,554,216,584,72,-136.782,168.232,0
2827,47.16378,free_swing,546,224,575,76,-132.709,168.914,0
2828,47.18047,free_swing,537,236,567,87,-127.304,168.616,0
2829,47.19715,free_swing,528,250,560,102,-121.275,167.800,0
2830,47.21383,free_swing,519,268,553,119,-113.962,167.146,0
2831,47.23052,free_swing,512,289,544,138,-105.895,168.035,0
2832,47.2472,free_swing,506,323,534,161,-93.281,170.194,0
2833,47.26388,free_swing,512,349,522,182,-83.577,176.573,0
2834,47.28057,free_swing,,,509,210,,,1
2835,47.29725,free_swing,527,402,492,242,-62.765,-167.661,0
2836,47.31393,free_swing,545,428,476,278,-50.870,-155.298,0
2837,47.33062,free_swing,560,440,460,325,-43.643,-138.991,0
2838,47.3473,free_swing,584,459,448,384,-31.884,-118.875,0
2839,47.36398,free_swing,604,469,451,452,-23.299,-96.340,0
2840,47.38067,free_swing,620,475,479,531,-16.736,-68.339,0
2841,47.39735,free_swing,632,479,536,593,-11.908,-40.101,0
2842,47.41403,free_swing,641,480,629,628,-8.455,-4.635,0
2843,47.43072,free_swing,655,481,720,618,-3.073,25.382,0
2844,47.4474,free_swing,675,480,789,581,4.635,48.460,0
2845,47.46408,free_swing,703,474,842,535,15.732,66.306,0
2846,47.48077,free_swing,735,462,881,490,28.980,79.144,0
2847,47.49745,free_swing,763,442,911,448,42.274,87.678,0
2848,47.51413,free_swing,788,416,938,409,56.099,92.672,0
2849,47.53082,free_swing,805,385,948,378,69.532,92.802,0
2850,47.5475,free_swing,814,352,,,82.455,,1
2851,47.56418,free_swing,816,318,,,95.228,,1
2852,47.58087,free_swing,813,292,,,104.931,,1
2853,47.59755,free_swing,808,277,,,110.772,,1
2854,47.61423,free_swing,805,270,947,237,113.587,103.083,0
2855,47.63092,free_swing,804,266,941,209,115.084,112.590,0
2856,47.6476,free_swing,805,267,929,184,114.596,123.797,0
2857,47.66428,free_swing,806,271,910,164,113.102,135.815,0
2858,47.68097,free_swing,808,277,887,150,110.772,148.116,0
2859,47.69765,free_swing,811,285,860,143,107.618,160.962,0
2860,47.71433,free_swing,812,294,831,145,104.307,172.733,0
2861,47.73102,free_swing,814,306,801,155,99.770,-175.079,0
2862,47.7477,free_swing,816,319,771,173,94.857,-162.870,0
2863,47.76438,free_swing,815,334,744,199,89.246,-152.259,0
2864,47.78107,free_swing,815,348,718,231,83.991,-140.339,0
2865,47.79775,free_swing,814,365,695,269,77.672,-128.894,0
2866,47.81443,free_swing,804,387,673,310,68.691,-120.446,0
2867,47.83112,free_swing,793,407,652,351,60.018,-111.661,0
2868,47.8478,free_swing,778,428,631,396,50.145,-102.281,0
2869,47.86448,free_swing,760,444,608,443,40.895,-90.377,0
2870,47.88117,free_swing,739,461,587,494,30.504,-77.751,0
2871,47.89785,free_swing,710,473,575,548,18.435,-60.945,0
2872,47.91453,free_swing,674,480,574,599,4.251,-40.042,0
2873,47.93122,free_swing,,,599,624,,,1
2874,47.9479,free_swing,587,460,629,601,-30.700,16.587,0
2875,47.96458,free_swing,559,440,647,561,-43.919,36.027,0
2876,47.98127,free_swing,543,421,659,518,-53.437,50.097,0
2877,47.99795,free_swing,530,405,667,473,-61.239,63.602,0
2878,48.01463,free_swing,522,388,671,428,-68.339,74.973,0
2879,48.03132,free_swing,516,369,669,388,-75.872,82.921,0
2880,48.048,free_swing,511,348,666,348,-83.991,90.000,0
2881,48.06468,free_swing,509,325,663,310,-92.603,95.563,0
2882,48.08137,free_swing,511,300,662,277,-101.889,98.661,0
2883,48.09805,free_swing,516,279,665,243,-109.826,103.583,0
2884,48.11473,free_swing,523,260,667,212,-117.216,108.435,0
2885,48.13142,free_swing,531,245,669,181,-123.389,114.880,0
2886,48.1481,free_swing,539,233,669,155,-128.603,120.964,0
2887,48.16478,free_swing,547,224,664,129,-132.955,129.075,0
2888,48.18147,free_swing,555,217,659,109,-136.798,136.081,0
2889,48.19815,free_swing,560,211,653,92,-139.594,141.992,0
2890,48.21483,free_swing,562,209,643,81,-140.609,147.674,0
2891,48.23152,free_swing,560,210,633,78,-139.827,151.056,0
2892,48.2482,free_swing,555,214,622,78,-137.534,153.773,0
2893,48.26488,free_swing,550,220,611,82,-134.745,156.153,0
2894,48.28157,free_swing,543,229,599,88,-130.641,158.339,0
2895,48.29825,free_swing,535,240,588,97,-125.707,159.664,0
2896,48.31493,free_swing,527,254,576,110,-119.836,161.208,0
2897,48.33162,free_swing,519,271,563,126,-112.958,163.120,0
2898,48.3483,free_swing,512,293,550,143,-104.482,165.784,0
2899,48.36498,free_swing,506,325,535,163,-92.553,169.851,0
2900,48.38167,free_swing,,,520,184,,,1
2901,48.39835,free_swing,,,502,212,,,1
2902,48.41503,free_swing,,,482,243,,,1
2903,48.43172,free_swing,542,423,462,282,-53.054,-150.430,0
2904,48.4484,free_swing,558,440,444,333,-44.193,-133.186,0
2905,48.46508,free_swing,577,455,435,396,-34.961,-112.563,0
2906,48.48177,free_swing,593,464,441,471,-27.937,-87.363,0
2907,48.49845,free_swing,607,470,475,546,-22.087,-60.068,0
2908,48.51513,free_swing,617,474,542,605,-17.949,-29.792,0
2909,48.53182,free_swing,629,478,642,628,-13.109,4.953,0
2910,48.5485,free_swing,645,480,717,614,-6.934,28.250,0
2911,48.56518,free_swing,671,480,785,581,3.094,48.460,0
2912,48.58187,free_swing,702,475,838,543,15.255,63.435,0
2913,48.59855,free_swing,733,462,880,504,28.301,74.055,0
2914,48.61523,free_swing,766,441,912,468,43.379,79.523,0
2915,48.63192,free_swing,789,416,938,437,56.310,81.978,0
2916,48.6486,free_swing,805,385,948,407,69.532,81.254,0
2917,48.66528,free_swing,814,349,,,83.577,,1
2918,48.68197,free_swing,816,320,,,94.485,,1
2919,48.69865,free_swing,813,297,,,103.134,,1
2920,48.71533,free_swing,810,285,,,107.731,,1
2921,48.73202,free_swing,808,280,949,249,109.729,102.400,0
2922,48.7487,free_swing,808,279,945,222,110.078,112.590,0
2923,48.76538,free_swing,810,280,932,195,109.481,124.866,0
2924,48.78207,free_swing,810,284,911,173,108.083,137.701,0
2925,48.79875,free_swing,812,290,883,159,105.742,151.543,0
2926,48.81543,free_swing,814,299,854,154,102.328,164.578,0
2927,48.83212,free_swing,815,309,823,157,98.604,176.987,0
2928,48.8488,free_swing,815,320,789,170,94.514,-170.166,0
2929,48.86548,free_swing,815,332,757,192,90.000,-157.496,0
2930,48.88217,free_swing,813,346,728,220,84.668,-145.996,0
2931,48.89885,free_swing,811,361,701,257,78.914,-133.394,0
2932,48.91553,free_swing,808,377,679,298,72.759,-121.483,0
2933,48.93222,free_swing,800,396,654,344,64.960,-109.604,0
2934,48.9489,free_swing,788,415,640,388,56.416,-100.339,0
2935,48.96558,free_swing,772,435,619,438,46.621,-88.877,0
2936,48.98227,free_swing,754,452,605,486,37.174,-77.146,0
2937,48.99895,free_swing,727,467,595,543,25.364,-60.068,0
2938,49.01563,free_swing,692,477,595,598,11.310,-38.718,0
2939,49.03232,free_swing,,,619,629,,,1
2940,49.049,free_swing,604,469,648,608,-23.299,17.565,0
2941,49.06568,free_swing,573,451,665,570,-37.100,37.708,0
2942,49.08237,free_swing,554,434,675,525,-46.900,53.054,0
2943,49.09905,free_swing,539,419,679,480,-54.946,66.457,0
2944,49.11573,free_swing,530,403,679,435,-61.905,77.879,0
2945,49.13242,free_swing,522,385,675,393,-69.399,87.007,0
2946,49.1491,free_swing,514,363,668,354,-78.247,93.345,0
2947,49.16578,free_swing,510,340,662,313,-87.007,100.072,0
2948,49.18247,free_swing,510,317,659,284,-95.599,102.488,0
2949,49.19915,free_swing,512,293,660,251,-104.482,105.843,0
2950,49.21583,free_swing,517,274,660,219,-111.666,111.038,0
2951,49.23252,free_swing,524,256,660,189,-118.668,116.227,0
2952,49.2492,free_swing,533,243,660,160,-124.396,123.166,0
2953,49.26588,free_swing,541,232,657,136,-129.341,129.611,0
2954,49.28257,free_swing,548,224,651,113,-133.202,137.141,0
2955,49.29925,free_swing,554,217,644,97,-136.534,143.130,0
2956,49.31593,free_swing,557,213,635,84,-138.307,148.841,0
2957,49.33262,free_swing,557,212,624,77,-138.545,153.605,0
2958,49.3493,free_swing,554,216,614,76,-136.782,156.801,0
2959,49.36598,free_swing,549,222,604,80,-133.977,158.827,0
2960,49.38267,free_swing,542,229,593,85,-130.406,160.498,0
2961,49.39935,free_swing,535,240,581,94,-125.707,162.512,0
2962,49.41603,free_swing,527,253,570,107,-120.152,163.589,0
2963,49.43272,free_swing,520,269,559,122,-113.776,165.141,0
2964,49.4494,free_swing,514,290,546,139,-105.742,168.035,0
2965,49.46608,free_swing,,,533,158,,,1
2966,49.48277,free_swing,,,518,182,,,1
2967,49.49945,free_swing,,,502,207,,,1
2968,49.51613,free_swing,524,395,483,237,-65.618,-165.453,0
2969,49.53282,free_swing,538,419,464,275,-55.162,-152.802,0
2970,49.5495,free_swing,555,437,447,324,-45.807,-136.296,0
2971,49.56618,free_swing,573,452,434,382,-36.870,-116.730,0
2972,49.58287,free_swing,591,463,440,451,-28.794,-94.544,0
2973,49.59955,free_swing,605,470,466,531,-22.797,-66.306,0
2974,49.61623,free_swing,616,474,527,596,-18.314,-36.111,0
2975,49.63292,free_swing,628,478,618,627,-13.481,-3.840,0
2976,49.6496,free_swing,643,480,700,620,-7.696,22.153,0
2977,49.66628,free_swing,664,480,770,591,0.387,43.680,0
2978,49.68297,free_swing,694,477,831,549,12.068,62.276,0
2979,49.69965,free_swing,727,466,870,514,25.530,71.445,0
2980,49.71633,free_swing,758,447,905,475,39.560,79.216,0
2981,49.73302,free_swing,784,423,933,442,53.054,82.733,0
2982,49.7497,free_swing,802,391,947,413,67.001,81.373,0
2983,49.76638,free_swing,813,357,,,80.538,,1
2984,49.78307,free_swing,815,328,,,91.507,,1
2985,49.79975,free_swing,814,299,,,102.328,,1
2986,49.81643,free_swing,809,280,,,109.604,,1
2987,49.83312,free_swing,804,271,948,260,113.394,94.368,0
2988,49.8498,free_swing,804,268,946,229,114.413,105.357,0
2989,49.86648,free_swing,805,268,938,201,114.261,116.737,0
2990,49.88317,free_swing,807,273,921,177,112.280,130.101,0
2991,49.89985,free_swing,809,279,895,158,109.952,144.597,0
2992,49.91653,free_swing,811,287,867,149,106.912,157.913,0
2993,49.93322,free_swing,813,297,835,149,103.134,171.545,0
2994,49.9499,free_swing,814,309,803,157,98.661,-175.861,0
2995,49.96658,free_swing,815,321,769,176,94.139,-162.399,0
2996,49.98327,free_swing,814,335,739,203,88.862,-150.396,0
2997,49.99995,free_swing,813,350,710,237,83.157,-137.651,0
2998,50.01663,free_swing,812,365,686,280,77.512,-124.004,0
2999,50.03332,free_swing,806,384,668,319,70.017,-115.221,0
3000,50.05,free_swing,795,404,647,370,61.390,-102.938,0
3001,50.06668,free_swing,780,424,629,422,51.821,-90.759,0
3002,50.08337,free_swing,765,443,613,476,42.580,-77.751,0
3003,50.10005,free_swing,740,460,601,534,31.030,-61.970,0
3004,50.11673,free_swing,711,473,604,586,18.800,-43.438,0
3005,50.13342,free_swing,,,623,628,,,1
3006,50.1501,free_swing,616,474,654,617,-18.314,14.882,0
3007,50.16678,free_swing,583,458,671,578,-32.412,36.254,0
3008,50.18347,free_swing,561,441,680,533,-43.100,52.292,0
3009,50.20015,free_swing,544,425,683,488,-51.992,65.618,0
3010,50.21683,free_swing,534,408,682,442,-59.496,77.062,0
3011,50.23352,free_swing,525,393,678,399,-66.153,87.754,0
3012,50.2502,free_swing,517,373,670,358,-74.314,95.599,0
3013,50.26688,free_swing,511,349,661,315,-83.618,102.771,0
3014,50.28357,free_swing,509,325,657,288,-92.603,104.036,0
3015,50.30025,free_swing,511,301,656,254,-101.527,107.959,0
3016,50.31693,free_swing,516,279,657,221,-109.826,112.360,0
3017,50.33362,free_swing,522,259,658,190,-117.372,116.901,0
3018,50.3503,free_swing,532,243,657,160,-124.192,123.584,0
3019,50.36698,free_swing,541,231,654,133,-129.620,130.934,0
3020,50.38367,free_swing,550,221,650,110,-134.488,137.984,0
3021,50.40035,free_swing,558,213,643,90,-138.576,145.353,0
3022,50.41703,free_swing,565,206,637,75,-142.125,151.206,0
3023,50.43372,free_swing,568,204,631,68,-143.418,155.145,0
3024,50.4504,free_swing,566,205,621,66,-142.628,158.412,0
3025,50.46708,free_swing,561,209,610,67,-140.332,160.962,0
3026,50.48377,free_swing,555,214,600,71,-137.534,162.532,0
3027,50.50045,free_swing,548,222,593,76,-133.727,162.870,0
3028,50.51713,free_swing,539,234,584,89,-128.320,162.759,0
3029,50.53382,free_swing,530,247,576,103,-122.583,162.284,0
3030,50.5505,free_swing,521,264,566,119,-115.589,162.759,0
3031,50.56718,free_swing,514,286,556,138,-107.157,164.157,0
3032,50.58387,free_swing,507,319,545,158,-94.764,166.720,0
3033,50.60055,free_swing,508,345,533,182,-85.206,171.280,0
3034,50.61723,free_swing,,,518,205,,,1
3035,50.63392,free_swing,524,397,501,235,-64.938,-171.919,0
3036,50.6506,free_swing,541,424,483,270,-52.980,-159.362,0
3037,50.66728,free_swing,561,446,464,317,-41.820,-143.059,0
3038,50.68397,free_swing,581,458,450,372,-33.056,-123.284,0
3039,50.70065,free_swing,602,469,450,434,-24.001,-102.967,0
3040,50.71733,free_swing,618,474,473,519,-17.583,-72.759,0
3041,50.73402,free_swing,629,477,532,592,-13.196,-40.147,0
3042,50.7507,free_swing,638,480,627,631,-9.588,-4.167,0
3043,50.76738,free_swing,651,481,703,623,-4.604,20.113,0
3044,50.78407,free_swing,670,480,778,587,2.708,45.266,0
3045,50.80075,free_swing,698,476,834,544,13.661,63.435,0
3046,50.81743,free_swing,729,465,875,497,26.392,77.638,0
3047,50.83412,free_swing,760,445,907,453,40.643,86.885,0
3048,50.8508,free_swing,784,420,934,416,53.973,91.528,0
3049,50.86748,free_swing,803,389,947,384,67.847,91.989,0
3050,50.88417,free_swing,813,357,,,80.538,,1
3051,50.90085,free_swing,816,325,,,92.620,,1
3052,50.91753,free_swing,814,297,,,103.050,,1
3053,50.93422,free_swing,810,284,,,108.083,,1
3054,50.9509,free_swing,807,277,947,240,110.904,104.804,0
3055,50.96758,free_swing,806,273,943,213,112.420,113.651,0
3056,50.98427,free_swing,807,274,930,189,111.938,124.647,0
3057,51.00095,free_swing,809,279,909,168,109.952,137.984,0
3058,51.01763,free_swing,811,285,884,155,107.618,150.684,0
3059,51.03432,free_swing,813,293,858,150,104.574,162.532,0
3060,51.051,free_swing,814,304,826,153,100.505,175.456,0
3061,51.06768,free_swing,815,315,796,164,96.382,-172.828,0
3062,51.08437,free_swing,815,328,766,185,91.507,-161.086,0
3063,51.10105,free_swing,813,344,737,212,85.426,-150.068,0
3064,51.11773,free_swing,815,357,711,246,80.660,-136.865,0
3065,51.13442,free_swing,809,376,688,283,73.229,-127.546,0
3066,51.1511,free_swing,800,397,668,320,64.618,-120.256,0
3067,51.16778,free_swing,786,419,644,366,54.728,-110.468,0
3068,51.18447,free_swing,770,437,620,412,45.541,-99.462,0
3069,51.20115,free_swing,751,452,597,460,36.254,-87.026,0
3070,51.21783,free_swing,727,468,579,511,25.201,-73.799,0
3071,51.23452,free_swing,696,478,568,564,12.736,-56.104,0
3072,51.2512,free_swing,,,574,613,,,1
3073,51.26788,free_swing,604,473,605,618,-22.706,0.395,0
3074,51.28457,free_swing,573,451,631,587,-37.100,23.097,0
3075,51.30125,free_swing,551,432,648,546,-48.240,40.394,0
3076,51.31793,free_swing,536,414,659,502,-57.151,54.418,0
3077,51.33462,free_swing,525,397,667,457,-64.779,67.094,0
3078,51.3513,free_swing,520,381,669,413,-71.086,77.879,0
3079,51.36798,free_swing,514,360,667,371,-79.357,85.888,0
3080,51.38467,free_swing,510,337,666,339,-88.128,89.265,0
3081,51.40135,free_swing,510,315,662,299,-96.340,96.009,0
3082,51.41803,free_swing,512,290,664,263,-105.544,100.072,0
3083,51.43472,free_swing,518,271,666,230,-112.816,105.484,0
3084,51.4514,free_swing,526,253,669,198,-119.970,111.038,0
3085,51.46808,free_swing,535,239,670,168,-126.001,117.741,0
3086,51.48477,free_swing,544,227,669,144,-131.424,123.584,0
3087,51.50145,free_swing,552,219,665,119,-135.512,131.507,0
3088,51.51813,free_swing,560,212,660,99,-139.359,138.493,0
3089,51.53482,free_swing,564,207,653,84,-141.621,144.111,0
3090,51.5515,free_swing,565,206,643,76,-142.125,149.036,0
3091,51.56818,free_swing,562,209,632,74,-140.609,152.592,0
3092,51.58487,free_swing,556,214,621,77,-137.799,154.618,0
3093,51.60155,free_swing,549,221,610,82,-134.236,156.306,0
3094,51.61823,free_swing,541,231,599,89,-129.620,157.782,0
3095,51.63492,free_swing,533,243,587,100,-124.396,159.312,0
3096,51.6516,free_swing,524,257,576,114,-118.350,160.017,0
3097,51.66828,free_swing,517,277,563,132,-110.642,162.399,0
3098,51.68497,free_swing,509,304,550,150,-100.305,165.092,0
3099,51.70165,free_swing,507,333,535,171,-89.633,170.194,0
3100,51.71833,free_swing,506,359,518,194,-80.242,175.840,0
3101,51.73502,free_swing,520,387,500,222,-68.962,-173.089,0
3102,51.7517,free_swing,532,410,479,256,-59.230,-161.009,0
3103,51.76838,free_swing,,,459,300,,,1
3104,51.78507,free_swing,567,448,441,354,-39.611,-126.724,0
3105,51.80175,free_swing,586,460,439,418,-31.030,-105.945,0
3106,51.81843,free_swing,601,467,453,502,-24.667,-76.695,0
3107,51.83512,free_swing,613,473,511,583,-19.525,-42.839,0
3108,51.8518,free_swing,624,477,592,624,-15.054,-12.281,0
3109,51.86848,free_swing,637,479,680,625,-10.030,16.411,0
3110,51.88517,free_swing,657,480,749,601,-2.322,37.247,0
3111,51.90185,free_swing,685,479,805,568,8.512,53.437,0
3112,51.91853,free_swing,716,470,858,522,21.010,69.887,0
3113,51.93522,free_swing,750,454,898,483,35.493,78.914,0
3114,51.9519,free_swing,778,431,926,448,49.276,83.447,0
3115,51.96858,free_swing,798,400,945,417,63.265,83.403,0
3116,51.98527,free_swing,810,367,,,76.608,,1
3117,52.00195,free_swing,816,335,,,88.877,,1
3118,52.01863,free_swing,815,303,,,100.802,,1
3119,52.03532,free_swing,810,285,,,107.731,,1
3120,52.052,free_swing,806,273,948,269,112.420,91.614,0
3121,52.06868,free_swing,804,269,946,235,114.075,103.465,0
3122,52.08537,free_swing,804,266,941,207,115.084,113.299,0
3123,52.10205,free_swing,806,269,927,182,113.776,125.716,0
3124,52.11873,free_swing,807,275,903,159,111.595,140.389,0
3125,52.13542,free_swing,810,281,877,148,109.134,153.263,0
3126,52.1521,free_swing,812,291,846,144,105.385,166.977,0
3127,52.16878,free_swing,814,301,814,150,101.602,180.000,0
3128,52.18547,free_swing,815,313,781,165,97.125,-167.062,0
3129,52.20215,free_swing,815,326,750,189,92.261,-154.618,0
3130,52.21883,free_swing,814,342,721,221,86.211,-142.454,0
3131,52.23552,free_swing,814,356,697,264,80.969,-128.179,0
3132,52.2522,free_swing,809,374,675,302,73.951,-118.250,0
3133,52.26888,free_swing,801,394,654,349,65.807,-107.021,0
3134,52.28557,free_swing,788,414,636,399,56.735,-95.636,0
3135,52.30225,free_swing,772,434,620,449,46.900,-84.364,0
3136,52.31893,free_swing,755,452,607,505,37.476,-70.297,0
3137,52.33562,free_swing,726,467,604,561,25.017,-52.386,0
3138,52.3523,free_swing,692,480,612,613,11.086,-31.027,0
3139,52.36898,free_swing,,,642,629,,,1
3140,52.38567,free_swing,600,467,666,597,-25.017,26.917,0
3141,52.40235,free_swing,571,450,678,556,-37.942,45.269,0
3142,52.41903,free_swing,552,434,683,510,-47.420,59.880,0
3143,52.43572,free_swing,538,417,684,464,-55.784,72.156,0
3144,52.4524,free_swing,528,401,681,420,-62.928,82.921,0
3145,52.46908,free_swing,520,383,673,378,-70.372,91.872,0
3146,52.48577,free_swing,514,361,668,343,-78.986,96.667,0
3147,52.50245,free_swing,510,336,660,308,-88.502,100.574,0
3148,52.51913,free_swing,509,311,657,271,-97.765,105.124,0
3149,52.53582,free_swing,513,287,657,237,-106.699,109.148,0
3150,52.5525,free_swing,519,268,659,206,-113.962,113.886,0
3151,52.56918,free_swing,527,251,659,174,-120.778,120.256,0
3152,52.58587,free_swing,536,238,657,148,-126.507,126.642,0
3153,52.60255,free_swing,545,227,653,123,-131.664,133.919,0
3154,52.61923,free_swing,553,217,648,101,-136.273,140.684,0
3155,52.63592,free_swing,560,211,641,84,-139.594,147.470,0
3156,52.6526,free_swing,564,207,633,72,-141.621,152.928,0
3157,52.66928,free_swing,564,208,627,70,-141.397,155.462,0
3158,52.68597,free_swing,560,211,616,70,-139.594,158.339,0
3159,52.70265,free_swing,554,216,605,74,-136.782,160.244,0
3160,52.71933,free_swing,547,224,594,80,-132.955,161.924,0
3161,52.73602,free_swing,539,234,586,90,-128.320,161.924,0
3162,52.7527,free_swing,531,246,575,102,-123.085,163.009,0
3163,52.76938,free_swing,522,263,566,117,-116.075,163.229,0
3164,52.78607,free_swing,515,283,554,135,-108.319,165.237,0
3165,52.80275,free_swing,512,308,543,155,-99.031,168.546,0
3166,52.81943,free_swing,,,529,178,,,1
3167,52.83612,free_swing,508,366,515,201,-77.628,177.571,0
3168,52.8528,free_swing,,,498,230,,,1
3169,52.86948,free_swing,536,416,479,265,-56.519,-159.319,0
3170,52.88617,free_swing,555,437,461,311,-45.807,-143.276,0
3171,52.90285,free_swing,575,454,446,365,-35.803,-124.603,0
3172,52.91953,free_swing,594,465,445,431,-27.420,-102.854,0
3173,52.93622,free_swing,611,472,464,512,-20.376,-74.778,0
3174,52.9529,free_swing,623,476,521,587,-15.524,-42.580,0
3175,52.96958,free_swing,632,479,604,625,-11.908,-10.856,0
3176,52.98627,free_swing,645,480,690,625,-6.934,17.241,0
3177,53.00295,free_swing,665,481,764,595,0.769,40.972,0
3178,53.01963,free_swing,692,477,829,551,11.310,61.624,0
3179,53.03632,free_swing,724,467,868,509,24.316,73.740,0
3180,53.053,free_swing,754,450,903,467,37.639,83.491,0
3181,53.06968,free_swing,780,424,931,432,51.821,86.967,0
3182,53.08637,free_swing,800,395,946,399,65.304,88.431,0
3183,53.10305,free_swing,811,364,,,77.800,,1
3184,53.11973,free_swing,817,328,,,91.488,,1
3185,53.13642,free_swing,814,300,,,101.965,,1
3186,53.1531,free_swing,810,284,,,108.083,,1
3187,53.16978,free_swing,807,276,948,250,111.251,100.448,0
3188,53.18647,free_swing,806,272,945,225,112.762,108.682,0
3189,53.20315,free_swing,807,272,936,197,112.620,120.174,0
3190,53.21983,free_swing,808,275,918,174,111.460,132.558,0
3191,53.23652,free_swing,809,280,895,157,109.604,145.039,0
3192,53.2532,free_swing,811,287,868,149,106.912,157.557,0
3193,53.26988,free_swing,813,297,838,148,103.134,170.475,0
3194,53.28657,free_swing,814,308,808,156,99.031,-177.739,0
3195,53.30325,free_swing,815,320,776,173,94.514,-165.141,0
3196,53.31993,free_swing,815,333,747,198,89.623,-153.265,0
3197,53.33662,free_swing,814,350,720,229,83.202,-142.158,0
3198,53.3533,free_swing,811,365,696,268,77.430,-130.147,0
3199,53.36998,free_swing,806,385,674,307,69.664,-120.579,0
3200,53.38667,free_swing,793,407,652,351,60.018,-111.661,0
3201,53.40335,free_swing,779,427,633,396,50.684,-101.988,0
3202,53.42003,free_swing,763,443,610,443,42.016,-90.000,0
3203,53.43672,free_swing,741,460,591,496,31.357,-76.504,0
3204,53.4534,free_swing,713,473,579,550,19.525,-60.117,0
3205,53.47008,free_swing,676,481,580,601,4.986,-38.660,0
3206,53.48677,free_swing,,,605,626,,,1
3207,53.50345,free_swing,589,462,635,600,-29.650,18.435,0
3208,53.52013,free_swing,562,442,652,561,-42.558,37.100,0
3209,53.53682,free_swing,544,424,664,516,-52.292,52.524,0
3210,53.5535,free_swing,531,407,670,470,-60.396,65.618,0
3211,53.57018,free_swing,524,390,673,427,-67.351,76.054,0
3212,53.58687,free_swing,517,371,669,385,-75.044,84.738,0
3213,53.60355,free_swing,511,349,667,346,-83.618,91.102,0
3214,53.62023,free_swing,509,325,662,310,-92.603,95.599,0
3215,53.63692,free_swing,510,301,661,275,-101.454,99.770,0
3216,53.6536,free_swing,516,281,663,241,-109.134,105.222,0
3217,53.67028,free_swing,523,261,666,209,-116.892,109.983,0
3218,53.68697,free_swing,531,244,668,177,-123.690,116.061,0
3219,53.70365,free_swing,540,233,668,152,-128.830,122.326,0
3220,53.72033,free_swing,549,223,663,125,-133.716,130.684,0
3221,53.73702,free_swing,556,215,659,105,-137.556,136.882,0
3222,53.7537,free_swing,562,209,652,89,-140.609,143.130,0
3223,53.77038,free_swing,565,206,645,78,-142.125,147.995,0
3224,53.78707,free_swing,563,208,634,74,-141.116,152.083,0
3225,53.80375,free_swing,558,212,622,74,-138.814,155.120,0
3226,53.82043,free_swing,553,218,611,78,-136.023,157.496,0
3227,53.83712,free_swing,545,226,600,85,-131.934,158.691,0
3228,53.8538,free_swing,537,237,589,95,-127.015,159.887,0
3229,53.87048,free_swing,528,251,578,107,-120.964,160.852,0
3230,53.88717,free_swing,520,268,566,123,-114.111,162.399,0
3231,53.90385,free_swing,513,290,554,141,-105.642,164.615,0
3232,53.92053,free_swing,506,321,540,160,-94.008,168.075,0
3233,53.93722,free_swing,505,347,525,182,-84.577,173.089,0
3234,53.9539,free_swing,512,375,508,207,-74.105,-178.636,0
3235,53.97058,free_swing,524,398,488,239,-64.601,-167.242,0
3236,53.98727,free_swing,541,422,468,278,-53.584,-153.118,0
3237,54.00395,free_swing,558,440,450,326,-44.193,-136.548,0
3238,54.02063,free_swing,576,455,438,387,-35.272,-116.232,0
3239,54.03732,free_swing,595,465,442,456,-27.080,-93.366,0
3240,54.054,free_swing,609,471,474,540,-21.231,-62.928,0
3241,54.07068,free_swing,619,475,539,602,-17.103,-32.208,0
3242,54.08737,free_swing,630,479,629,629,-12.653,-0.382,0
3243,54.10405,free_swing,647,480,714,615,-6.170,26.395,0
3244,54.12073,free_swing,670,480,784,581,2.708,48.460,0
3245,54.13742,free_swing,700,475,836,542,14.507,63.773,0
3246,54.1541,free_swing,733,463,881,499,28.118,76.329,0
3247,54.17078,free_swing,763,445,910,464,41.507,82.635,0
3248,54.18747,free_swing,788,417,938,431,55.784,84.668,0
3249,54.20415,free_swing,805,385,948,400,69.532,84.012,0
3250,54.22083,free_swing,814,352,,,82.455,,1
3251,54.23752,free_swing,815,320,,,94.514,,1
3252,54.2542,free_swing,813,295,,,103.856,,1
3253,54.27088,free_swing,809,282,,,108.905,,1
3254,54.28757,free_swing,807,276,948,250,111.251,100.448,0
3255,54.30425,free_swing,806,273,945,222,112.420,110.148,0
3256,54.32093,free_swing,808,275,933,194,111.460,122.943,0
3257,54.33762,free_swing,809,280,913,172,109.604,136.081,0
3258,54.3543,free_swing,811,286,887,157,107.266,149.496,0
3259,54.37098,free_swing,813,295,857,152,103.856,162.897,0
3260,54.38767,free_swing,814,305,826,154,100.138,175.456,0
3261,54.40435,free_swing,815,316,794,166,96.009,-172.030,0
3262,54.42103,free_swing,815,329,762,187,91.131,-159.532,0
3263,54.43772,free_swing,814,344,732,216,85.456,-147.355,0
3264,54.4544,free_swing,813,359,705,252,79.796,-134.734,0
3265,54.47108,free_swing,809,376,683,291,73.229,-124.004,0
3266,54.48777,free_swing,800,396,655,341,64.960,-110.772,0
3267,54.50445,free_swing,787,417,639,383,55.570,-102.938,0
3268,54.52113,free_swing,772,435,620,430,46.621,-91.884,0
3269,54.53782,free_swing,753,452,601,481,36.870,-79.198,0
3270,54.5545,free_swing,726,468,589,537,24.855,-63.268,0
3271,54.57118,free_swing,694,477,587,591,12.068,-43.186,0
3272,54.58787,free_swing,,,607,627,,,1
3273,54.60455,free_swing,603,469,639,611,-23.651,14.226,0
3274,54.62123,free_swing,572,450,657,572,-37.639,34.866,0
3275,54.63792,free_swing,552,432,669,529,-47.984,50.339,0
3276,54.6546,free_swing,537,416,674,482,-56.310,64.277,0
3277,54.67128,free_swing,528,400,677,438,-63.265,75.693,0
3278,54.68797,free_swing,520,382,673,395,-70.728,85.143,0
3279,54.70465,free_swing,514,362,667,354,-78.616,92.993,0
3280,54.72133,free_swing,510,336,662,313,-88.502,98.604,0
3281,54.73802,free_swing,509,313,659,282,-97.033,101.677,0
3282,54.7547,free_swing,512,290,661,250,-105.544,105.027,0
3283,54.77138,free_swing,518,270,662,216,-113.151,110.556,0
3284,54.78807,free_swing,527,252,663,185,-120.466,116.227,0
3285,54.80475,free_swing,535,238,664,157,-126.293,122.125,0
3286,54.82143,free_swing,545,227,660,130,-131.664,130.147,0
3287,54.83812,free_swing,553,218,655,108,-136.023,137.161,0
3288,54.8548,free_swing,560,211,649,90,-139.594,143.664,0
3289,54.87148,free_swing,565,206,641,77,-142.125,149.496,0
3290,54.88817,free_swing,566,205,634,71,-142.628,153.094,0
3291,54.90485,free_swing,562,208,624,70,-140.837,155.807,0
3292,54.92153,free_swing,557,213,613,72,-138.307,158.339,0
3293,54.93822,free_swing,550,220,602,78,-134.745,159.887,0
3294,54.9549,free_swing,542,230,592,87,-130.130,160.728,0
3295,54.97158,free_swing,533,242,582,98,-124.695,161.208,0
3296,54.98827,free_swing,524,258,572,113,-118.030,161.684,0
3297,55.00495,free_swing,516,277,560,131,-110.513,163.229,0
3298,55.02163,free_swing,,,548,150,,,1
3299,55.03832,free_swing,504,333,535,172,-89.640,169.101,0
3300,55.055,free_swing,507,359,521,195,-80.181,175.121,0
3301,55.07168,free_swing,521,387,504,221,-68.827,-174.153,0
3302,55.08837,free_swing,534,413,484,256,-57.875,-162.335,0
3303,55.10505,free_swing,551,434,465,298,-47.675,-147.693,0
3304,55.12173,free_swing,570,450,447,350,-38.243,-129.111,0
3305,55.13842,free_swing,590,462,443,417,-29.316,-107.021,0
3306,55.1551,free_swing,607,470,456,495,-22.087,-80.599,0
3307,55.17178,free_swing,618,475,513,580,-17.468,-45.000,0
3308,55.18847,free_swing,629,478,581,619,-13.109,-18.800,0
3309,55.20515,free_swing,641,480,677,627,-8.455,13.761,0
3310,55.22183,free_swing,659,480,749,602,-1.548,36.416,0
3311,55.23852,free_swing,685,478,807,570,8.569,52.980,0
3312,55.2552,free_swing,716,470,859,519,21.010,71.086,0
3313,55.27188,free_swing,746,455,894,476,34.011,81.924,0
3314,55.28857,free_swing,776,431,926,441,48.778,86.186,0
3315,55.30525,free_swing,797,403,945,408,62.083,88.065,0
3316,55.32193,free_swing,810,369,,,75.872,,1
3317,55.33862,free_swing,816,336,,,88.502,,1
3318,55.3553,free_swing,815,306,,,99.707,,1
3319,55.37198,free_swing,810,286,,,107.376,,1
3320,55.38867,free_swing,807,276,948,257,111.251,97.674,0
3321,55.40535,free_swing,805,270,946,231,113.587,105.461,0
3322,55.42203,free_swing,806,269,939,203,113.776,116.392,0
3323,55.43872,free_swing,807,272,924,179,112.620,128.480,0
3324,55.4554,free_swing,808,277,902,160,110.772,141.221,0
3325,55.47208,free_swing,810,283,876,149,108.435,153.778,0
3326,55.48877,free_swing,812,293,846,146,104.668,166.977,0
3327,55.50545,free_swing,814,303,816,151,100.871,179.246,0
3328,55.52213,free_swing,815,315,783,167,96.382,-167.800,0
3329,55.53882,free_swing,815,328,753,190,91.507,-155.807,0
3330,55.5555,free_swing,814,344,725,220,85.456,-144.331,0
3331,55.57218,free_swing,815,357,700,257,80.660,-131.009,0
3332,55.58887,free_swing,808,377,677,299,72.759,-120.770,0
3333,55.60555,free_swing,800,396,653,345,64.960,-109.134,0
3334,55.62223,free_swing,786,418,638,387,55.039,-101.830,0
3335,55.63892,free_swing,769,437,618,436,45.272,-90.379,0
3336,55.6556,free_swing,751,454,601,487,35.803,-77.593,0
3337,55.67228,free_swing,723,469,589,544,23.651,-60.764,0
3338,55.68897,free_swing,690,478,589,596,10.477,-40.561,0
3339,55.70565,free_swing,,,611,628,,,1
3340,55.72233,free_swing,599,467,642,607,-25.364,17.074,0
3341,55.73902,free_swing,569,448,659,568,-39.019,36.870,0
3342,55.7557,free_swing,550,431,670,523,-48.778,52.524,0
3343,55.77238,free_swing,536,414,674,477,-57.151,65.462,0
3344,55.78907,free_swing,527,398,677,433,-64.113,76.866,0
3345,55.80575,free_swing,520,379,673,391,-71.806,85.515,0
3346,55.82243,free_swing,513,358,667,352,-80.166,92.231,0
3347,55.83912,free_swing,510,333,662,312,-89.626,97.866,0
3348,55.8558,free_swing,510,310,660,280,-98.183,101.310,0
3349,55.87248,free_swing,513,288,661,246,-106.348,105.843,0
3350,55.88917,free_swing,520,267,663,214,-114.444,110.336,0
3351,55.90585,free_swing,527,250,664,182,-121.088,116.398,0
3352,55.92253,free_swing,536,238,664,156,-126.507,122.645,0
3353,55.93922,free_swing,545,227,659,129,-131.664,130.684,0
3354,55.9559,free_swing,553,218,654,107,-136.023,137.701,0
3355,55.97258,free_swing,559,212,648,91,-139.086,143.664,0
3356,55.98927,free_swing,562,208,639,77,-140.837,149.554,0
3357,56.00595,free_swing,562,208,629,72,-140.837,153.773,0
3358,56.02263,free_swing,559,212,619,73,-139.086,156.652,0
3359,56.03932,free_swing,553,217,608,75,-136.273,158.827,0
3360,56.056,free_swing,547,225,598,82,-132.689,160.372,0
3361,56.07268,free_swing,538,235,588,90,-127.811,160.974,0
3362,56.08937,free_swing,530,248,577,103,-122.276,162.041,0
3363,56.10605,free_swing,521,265,566,118,-115.259,162.979,0
3364,56.12273,free_swing,515,284,554,136,-107.969,165.237,0
3365,56.13942,free_swing,,,540,155,,,1
3366,56.1561,free_swing,507,341,527,179,-86.698,172.962,0
3367,56.17278,free_swing,,,511,201,,,1
3368,56.18947,free_swing,521,393,493,231,-66.753,-170.194,0
3369,56.20615,free_swing,536,418,472,268,-55.896,-156.894,0
3370,56.22283,free_swing,555,437,454,314,-45.807,-140.609,0
3371,56.23952,free_swing,573,452,440,371,-36.870,-121.342,0
3372,56.2562,free_swing,593,464,441,441,-27.937,-98.604,0
3373,56.27288,free_swing,608,470,465,521,-21.730,-70.372,0
3374,56.28957,free_swing,618,474,524,591,-17.583,-38.779,0
3375,56.30625,free_swing,629,478,603,625,-13.109,-10.030,0
3376,56.32293,free_swing,644,480,694,622,-7.316,19.398,0
3377,56.33962,free_swing,664,480,767,593,0.387,42.349,0
3378,56.3563,free_swing,692,477,829,550,11.310,61.949,0
3379,56.37298,free_swing,726,466,872,508,25.181,73.951,0
3380,56.38967,free_swing,756,448,904,471,38.720,81.167,0
3381,56.40635,free_swing,783,424,933,437,52.524,85.047,0
3382,56.42303,free_swing,802,392,947,406,66.652,84.485,0
3383,56.43972,free_swing,813,360,,,79.426,,1
3384,56.4564,free_swing,815,327,,,91.884,,1
3385,56.47308,free_swing,814,299,,,102.328,,1
3386,56.48977,free_swing,809,283,,,108.553,,1
3387,56.50645,free_swing,806,276,948,252,111.386,99.593,0
3388,56.52313,free_swing,806,272,946,226,112.762,108.189,0
3389,56.53982,free_swing,807,272,936,198,112.620,119.840,0
3390,56.5565,free_swing,808,276,918,174,111.117,132.839,0
3391,56.57318,free_swing,810,282,894,158,108.785,145.886,0
3392,56.58987,free_swing,812,290,864,150,105.742,159.624,0
3393,56.60655,free_swing,813,300,832,150,102.043,172.781,0
3394,56.62323,free_swing,815,311,802,159,97.866,-175.112,0
3395,56.63992,free_swing,815,323,769,178,93.389,-162.399,0
3396,56.6566,free_swing,815,337,739,205,88.116,-150.068,0
3397,56.67328,free_swing,814,350,712,238,83.202,-137.675,0
3398,56.68997,free_swing,811,368,688,279,76.329,-125.889,0
3399,56.70665,free_swing,805,386,668,319,69.179,-116.061,0
3400,56.72333,free_swing,793,408,647,368,59.689,-105.322,0
3401,56.74002,free_swing,779,426,628,415,50.981,-94.167,0
3402,56.7567,free_swing,761,444,611,468,41.186,-80.910,0
3403,56.77338,free_swing,738,461,596,523,30.174,-66.413,0
3404,56.79007,free_swing,709,474,593,578,17.949,-48.122,0
3405,56.80675,free_swing,,,606,623,,,1
3406,56.82343,free_swing,615,476,639,620,-18.435,9.462,0
3407,56.84012,free_swing,583,458,659,584,-32.412,31.097,0
3408,56.8568,free_swing,560,440,671,541,-43.643,47.701,0
3409,56.87348,free_swing,543,424,677,495,-52.524,62.083,0
3410,56.89017,free_swing,532,407,679,451,-60.208,73.337,0
3411,56.90685,free_swing,524,391,677,407,-67.001,84.030,0
3412,56.92353,free_swing,516,371,669,365,-75.141,92.246,0
3413,56.94022,free_swing,511,348,663,322,-83.991,99.707,0
3414,56.9569,free_swing,509,323,659,294,-93.345,100.942,0
3415,56.97358,free_swing,510,299,659,260,-102.171,104.668,0
3416,56.99027,free_swing,516,278,661,227,-110.171,109.378,0
3417,57.00695,free_swing,523,259,662,196,-117.539,114.382,0
3418,57.02363,free_swing,531,245,662,166,-123.389,121.092,0
3419,57.04032,free_swing,540,232,659,139,-129.111,128.008,0
3420,57.057,free_swing,549,222,655,116,-133.977,135.000,0
3421,57.07368,free_swing,556,215,650,97,-137.556,141.459,0
3422,57.09037,free_swing,561,210,641,82,-140.102,147.995,0
3423,57.10705,free_swing,562,209,631,75,-140.609,152.755,0
3424,57.12373,free_swing,559,211,622,73,-139.321,155.462,0
3425,57.14042,free_swing,554,215,611,75,-137.027,157.847,0
3426,57.1571,free_swing,548,222,600,81,-133.727,159.756,0
3427,57.17378,free_swing,540,233,590,89,-128.830,160.852,0
3428,57.19047,free_swing,532,245,579,100,-123.589,162.041,0
3429,57.20715,free_swing,524,260,568,115,-117.384,163.120,0
3430,57.22383,free_swing,516,279,555,132,-109.826,165.141,0
3431,57.24052,free_swing,511,302,542,150,-101.165,168.473,0
3432,57.2572,free_swing,507,328,528,172,-91.469,172.333,0
3433,57.27388,free_swing,508,361,513,195,-79.403,178.275,0
3434,57.29057,free_swing,520,388,495,224,-68.614,-171.333,0
3435,57.30725,free_swing,536,412,475,260,-57.792,-158.134,0
3436,57.32393,free_swing,551,434,456,305,-47.675,-143.631,0
3437,57.34062,free_swing,568,449,441,359,-39.075,-125.324,0
3438,57.3573,free_swing,587,461,440,426,-30.504,-103.392,0
3439,57.37398,free_swing,603,469,457,508,-23.651,-75.044,0
3440,57.39067,free_swing,615,474,516,586,-18.677,-41.474,0
3441,57.40735,free_swing,626,477,586,622,-14.315,-15.422,0
3442,57.42403,free_swing,639,479,679,626,-9.273,15.222,0
3443,57.44072,free_swing,659,480,755,599,-1.548,38.894,0
3444,57.4574,free_swing,687,478,816,563,9.335,56.619,0
3445,57.47408,free_swing,719,469,862,518,22.233,71.086,0
3446,57.49077,free_swing,752,452,899,481,36.563,78.840,0
3447,57.50745,free_swing,779,427,928,444,50.684,83.491,0
3448,57.52413,free_swing,799,397,946,413,64.455,83.788,0
3449,57.54082,free_swing,811,364,,,77.800,,1
3450,57.5575,free_swing,816,331,,,90.374,,1
3451,57.57418,free_swing,814,302,,,101.237,,1
3452,57.59087,free_swing,809,280,,,109.604,,1
3453,57.60755,free_swing,803,266,947,262,115.241,91.591,0
3454,57.62423,free_swing,801,262,946,232,116.896,101.689,0
3455,57.64092,free_swing,801,260,939,203,117.553,112.443,0
3456,57.6576,free_swing,802,261,925,178,117.058,124.011,0
3457,57.67428,free_swing,804,266,904,155,115.084,137.984,0
3458,57.69097,free_swing,807,273,879,142,112.280,151.206,0
3459,57.70765,free_swing,809,281,850,137,109.255,164.107,0
3460,57.72433,free_swing,812,292,817,141,105.027,178.103,0
3461,57.74102,free_swing,814,303,786,153,100.871,-169.426,0
3462,57.7577,free_swing,815,316,754,176,96.009,-156.457,0
3463,57.77438,free_swing,816,330,725,207,90.749,-143.505,0
3464,57.79107,free_swing,815,344,701,245,85.486,-130.972,0
3465,57.80775,free_swing,813,361,679,289,79.058,-118.250,0
3466,57.82443,free_swing,806,382,658,341,70.728,-105.484,0
3467,57.84112,free_swing,796,402,646,385,62.241,-96.466,0
3468,57.8578,free_swing,782,423,631,434,52.595,-85.833,0
3469,57.87448,free_swing,764,443,618,491,42.299,-71.801,0
3470,57.89117,free_swing,738,460,611,549,30.368,-54.978,0
3471,57.90785,free_swing,705,474,617,603,16.477,-34.301,0
3472,57.92453,free_swing,,,643,632,,,1
3473,57.94122,free_swing,613,473,671,608,-19.525,23.250,0
3474,57.9579,free_swing,583,457,684,567,-32.619,42.558,0
3475,57.97458,free_swing,560,441,689,521,-43.379,58.195,0
3476,57.99127,free_swing,544,425,688,474,-51.992,71.208,0
3477,58.00795,free_swing,533,408,685,431,-59.689,81.396,0
3478,58.02463,free_swing,524,391,677,390,-67.001,90.374,0
3479,58.04132,free_swing,516,371,668,350,-75.141,97.866,0
3480,58.058,free_swing,511,346,661,313,-84.738,102.407,0
3481,58.07468,free_swing,509,322,657,280,-93.715,105.843,0
3482,58.09137,free_swing,512,298,657,249,-102.689,108.672,0
3483,58.10805,free_swing,517,276,657,216,-110.985,113.199,0
3484,58.12473,free_swing,524,258,658,184,-118.030,118.909,0
3485,58.14142,free_swing,532,244,656,157,-123.891,125.054,0
3486,58.1581,free_swing,541,232,652,130,-129.341,132.580,0
3487,58.17478,free_swing,549,223,646,108,-133.716,139.853,0
3488,58.19147,free_swing,555,215,639,91,-137.291,145.886,0
3489,58.20815,free_swing,560,210,630,77,-139.827,152.241,0
3490,58.22483,free_swing,561,210,623,73,-140.102,155.651,0
3491,58.24152,free_swing,558,212,610,72,-138.814,159.624,0
3492,58.2582,free_swing,553,217,601,74,-136.273,161.445,0
3493,58.27488,free_swing,546,224,590,79,-132.709,163.120,0
3494,58.29157,free_swing,539,234,580,88,-128.320,164.314,0
3495,58.30825,free_swing,530,247,571,100,-122.583,164.416,0
3496,58.32493,free_swing,523,262,561,115,-116.565,165.506,0
3497,58.34162,free_swing,515,281,549,133,-109.014,167.062,0
3498,58.3583,free_swing,511,304,538,152,-100.437,169.928,0
3499,58.37498,free_swing,,,524,173,,,1
3500,58.39167,free_swing,,,510,198,,,1
3501,58.40835,free_swing,518,391,492,227,-67.859,-170.991,0
3502,58.42503,free_swing,534,413,473,263,-57.875,-157.870,0
3503,58.44172,free_swing,552,435,455,307,-47.141,-142.845,0
3504,58.4584,free_swing,571,451,447,364,-37.708,-125.054,0
3505,58.47508,free_swing,589,462,441,431,-29.650,-101.830,0
3506,58.49177,free_swing,605,469,459,510,-22.946,-74.314,0
3507,58.50845,free_swing,617,474,517,586,-17.949,-41.760,0
3508,58.52513,free_swing,628,478,585,622,-13.481,-16.626,0
3509,58.54182,free_swing,641,480,683,625,-8.455,16.154,0
3510,58.5585,free_swing,661,480,756,599,-0.774,38.601,0
3511,58.57518,free_swing,688,478,823,557,9.717,59.664,0
3512,58.59187,free_swing,721,468,864,518,23.097,70.728,0
3513,58.60855,free_swing,752,451,899,478,36.793,79.592,0
3514,58.62523,free_swing,779,427,929,443,50.684,83.911,0
3515,58.64192,free_swing,799,398,946,410,64.113,85.333,0
3516,58.6586,free_swing,812,365,,,77.512,,1
3517,58.67528,free_swing,816,332,,,90.000,,1
3518,58.69197,free_swing,815,302,,,101.165,,1
3519,58.70865,free_swing,810,285,,,107.731,,1
3520,58.72533,free_swing,807,276,949,254,111.251,98.807,0
3521,58.74202,free_swing,806,272,946,227,112.762,107.819,0
3522,58.7587,free_swing,806,272,937,199,112.762,119.129,0
3523,58.77538,free_swing,808,275,919,175,111.460,132.016,0
3524,58.79207,free_swing,809,280,895,157,109.604,145.039,0
3525,58.80875,free_swing,811,287,866,148,106.912,158.412,0
3526,58.82543,free_swing,813,296,835,147,103.496,171.601,0
3527,58.84212,free_swing,814,306,803,155,99.770,-175.833,0
3528,58.8588,free_swing,815,318,771,172,95.262,-163.229,0
3529,58.87548,free_swing,814,331,741,199,90.379,-151.056,0
3530,58.89217,free_swing,814,345,713,232,85.079,-138.209,0
3531,58.90885,free_swing,812,360,690,272,79.357,-125.803,0
3532,58.92553,free_swing,808,378,669,315,72.399,-114.382,0
3533,58.94222,free_swing,798,399,651,362,63.605,-104.128,0
3534,58.9589,free_swing,785,419,633,410,54.507,-93.389,0
3535,58.97558,free_swing,770,436,618,463,45.815,-79.928,0
3536,58.99227,free_swing,748,455,607,519,34.647,-65.587,0
3537,59.00895,free_swing,720,469,603,575,22.590,-47.824,0
3538,59.02563,free_swing,,,617,621,,,1
3539,59.04232,free_swing,628,482,649,624,-13.134,8.412,0
3540,59.059,free_swing,595,464,671,589,-27.255,31.300,0
3541,59.07568,free_swing,568,447,680,547,-39.560,48.240,0
3542,59.09237,free_swing,549,431,684,501,-49.028,62.592,0
3543,59.10905,free_swing,537,415,684,456,-56.626,74.416,0
3544,59.12573,free_swing,528,399,681,413,-63.605,84.772,0
3545,59.14242,free_swing,520,379,672,371,-71.806,93.013,0
3546,59.1591,free_swing,512,357,668,340,-80.599,96.219,0
3547,59.17578,free_swing,509,332,660,303,-90.000,100.871,0
3548,59.19247,free_swing,510,308,657,268,-98.915,105.222,0
3549,59.20915,free_swing,514,287,658,234,-106.805,110.206,0
3550,59.22583,free_swing,520,267,658,203,-114.444,114.880,0
3551,59.24252,free_swing,527,252,658,173,-120.466,121.092,0
3552,59.2592,free_swing,535,239,656,148,-126.001,126.946,0
3553,59.27588,free_swing,544,228,652,123,-131.152,134.193,0
3554,59.29257,free_swing,550,220,645,104,-134.745,140.684,0
3555,59.30925,free_swing,556,214,637,88,-137.799,147.265,0
3556,59.32593,free_swing,557,212,626,79,-138.545,152.580,0
3557,59.34262,free_swing,556,215,616,76,-137.556,156.652,0
3558,59.3593,free_swing,551,220,607,78,-135.000,158.477,0
3559,59.37598,free_swing,545,226,594,82,-131.934,161.208,0
3560,59.39267,free_swing,538,234,584,90,-128.096,162.284,0
3561,59.40935,free_swing,531,247,574,100,-122.779,163.695,0
3562,59.42603,free_swing,523,261,562,115,-116.892,165.044,0
3563,59.44272,free_swing,515,279,550,131,-109.703,166.695,0
3564,59.4594,free_swing,511,302,537,150,-101.165,170.293,0
3565,59.47608,free_swing,,,523,171,,,1
3566,59.49277,free_swing,506,359,508,194,-80.242,179.306,0
3567,59.50945,free_swing,,,491,222,,,1
3568,59.52613,free_swing,530,407,472,257,-60.581,-158.860,0
3569,59.54282,free_swing,547,430,453,301,-49.808,-143.920,0
3570,59.5595,free_swing,565,446,437,357,-40.684,-124.811,0
3571,59.57618,free_swing,583,458,435,419,-32.412,-104.763,0
3572,59.59287,free_swing,599,467,450,499,-25.364,-77.879,0
3573,59.60955,free_swing,611,472,508,580,-20.376,-43.643,0
3574,59.62623,free_swing,622,476,581,621,-15.893,-15.789,0
3575,59.64292,free_swing,635,479,665,627,-10.784,11.459,0
3576,59.6596,free_swing,654,480,742,605,-3.480,35.146,0
3577,59.67628,free_swing,681,479,804,569,6.981,53.807,0
3578,59.69297,free_swing,713,472,852,529,19.654,67.703,0
3579,59.70965,free_swing,746,455,891,490,34.011,76.430,0
3580,59.72633,free_swing,773,433,922,457,47.442,80.850,0
3581,59.74302,free_swing,795,404,944,425,61.390,81.978,0
3582,59.7597,free_swing,809,372,949,400,74.678,78.690,0
3583,59.77638,free_swing,815,341,,,86.611,,1
3584,59.79307,free_swing,814,311,,,97.918,,1
3585,59.80975,free_swing,811,287,,,106.912,,1
3586,59.82643,free_swing,806,272,948,272,112.762,90.000,0
3587,59.84312,free_swing,803,266,947,244,115.241,98.686,0
3588,59.8598,free_swing,803,264,943,214,115.907,109.654,0
3589,59.87648,free_swing,805,266,931,186,114.928,122.412,0
3590,59.89317,free_swing,806,271,909,163,113.102,136.357,0
3591,59.90985,free_swing,809,278,884,149,110.298,149.826,0
3592,59.92653,free_swing,811,287,853,143,106.912,163.740,0
3593,59.94322,free_swing,813,297,822,146,103.134,176.589,0
3594,59.9599,free_swing,814,309,790,158,98.661,-170.969,0
3595,59.97658,free_swing,815,321,757,181,94.139,-157.496,0
3596,59.99327,free_swing,814,336,727,211,88.483,-145.162,0
3597,60.00995,free_swing,814,351,702,249,82.828,-132.325,0
3598,60.02663,free_swing,811,368,680,292,76.329,-120.120,0
3599,60.04332,free_swing,804,386,656,343,69.044,-106.201,0
3600,60.06,free_swing,792,409,642,388,59.167,-97.970,0
3601,60.07668,free_swing,778,429,627,436,49.853,-87.346,0
3602,60.09337,free_swing,760,446,612,490,40.394,-73.443,0
3603,60.11005,free_swing,734,464,606,550,28.275,-56.104,0
3604,60.12673,free_swing,699,476,610,603,14.036,-35.022,0
3605,60.14342,free_swing,,,637,631,,,1
3606,60.1601,free_swing,608,470,665,606,-21.730,22.739,0
3607,60.17678,free_swing,578,454,678,565,-34.866,42.016,0
3608,60.19347,free_swing,557,438,684,520,-45.000,57.151,0
3609,60.21015,free_swing,541,422,685,473,-53.584,70.498,0
3610,60.22683,free_swing,532,406,683,429,-60.539,81.339,0
3611,60.24352,free_swing,523,389,675,388,-67.847,90.377,0
3612,60.2602,free_swing,515,368,668,348,-76.329,97.447,0
3613,60.27688,free_swing,511,343,661,312,-85.861,101.677,0
3614,60.29357,free_swing,508,318,656,278,-95.161,105.124,0
3615,60.31025,free_swing,512,294,656,245,-104.125,108.792,0
3616,60.32693,free_swing,518,274,656,212,-111.801,114.193,0
3617,60.34362,free_swing,525,256,656,180,-118.843,120.120,0
3618,60.3603,free_swing,533,242,654,153,-124.695,126.336,0
3619,60.37698,free_swing,543,230,651,127,-130.365,133.643,0
3620,60.39367,free_swing,551,221,645,104,-134.743,141.221,0
3621,60.41035,free_swing,557,213,638,88,-138.307,147.057,0
3622,60.42703,free_swing,561,209,630,74,-140.332,152.928,0
3623,60.44372,free_swing,562,208,620,70,-140.837,157.203,0
3624,60.4604,free_swing,559,211,611,69,-139.321,159.887,0
3625,60.47708,free_swing,554,216,600,71,-136.782,162.399,0
3626,60.49377,free_swing,547,223,590,78,-133.218,163.482,0
3627,60.51045,free_swing,539,234,581,88,-128.320,163.951,0
3628,60.52713,free_swing,531,246,571,100,-123.085,164.678,0
3629,60.54382,free_swing,523,262,561,114,-116.565,165.600,0
3630,60.5605,free_swing,516,280,549,133,-109.481,167.347,0
3631,60.57718,free_swing,,,538,152,,,1
3632,60.59387,free_swing,,,525,175,,,1
3633,60.61055,free_swing,512,365,511,199,-77.672,-179.655,0
3634,60.62723,free_swing,521,388,494,228,-68.477,-170.422,0
3635,60.64392,free_swing,535,414,474,263,-57.355,-158.003,0
3636,60.6606,free_swing,553,436,457,309,-46.606,-142.914,0
3637,60.67728,free_swing,572,452,442,364,-37.174,-124.095,0
3638,60.69397,free_swing,592,464,442,431,-28.275,-102.407,0
3639,60.71065,free_swing,608,470,461,512,-21.730,-74.055,0
3640,60.72733,free_swing,620,475,519,587,-16.736,-42.044,0
3641,60.74402,free_swing,630,478,595,624,-12.736,-13.481,0
3642,60.7607,free_swing,643,480,685,625,-7.696,16.154,0
3643,60.77738,free_swing,662,480,761,597,-0.387,40.236,0
3644,60.79407,free_swing,690,478,827,553,10.477,61.302,0
3645,60.81075,free_swing,723,468,866,513,23.806,72.532,0
3646,60.82743,free_swing,754,449,902,473,37.875,80.789,0
3647,60.84412,free_swing,781,426,930,438,51.459,85.396,0
3648,60.8608,free_swing,800,396,946,405,64.960,86.473,0
3649,60.87748,free_swing,812,361,,,78.986,,1
3650,60.89417,free_swing,816,331,,,90.374,,1
3651,60.91085,free_swing,814,300,,,101.965,,1
3652,60.92753,free_swing,809,282,,,108.905,,1
3653,60.94422,free_swing,805,272,948,252,112.906,97.962,0
3654,60.9609,free_swing,804,268,946,225,114.413,106.847,0
3655,60.97758,free_swing,804,267,936,199,114.749,117.255,0
3656,60.99427,free_swing,806,270,920,174,113.440,130.101,0
3657,61.01095,free_swing,808,275,897,155,111.460,143.437,0
3658,61.02763,free_swing,810,282,871,145,108.785,155.999,0
3659,61.04432,free_swing,812,291,841,143,105.385,168.914,0
3660,61.061,free_swing,813,301,810,149,101.677,-178.869,0
3661,61.07768,free_swing,814,312,777,165,97.545,-165.872,0
3662,61.09437,free_swing,815,326,747,190,92.261,-153.435,0
3663,61.11105,free_swing,815,341,720,221,86.611,-141.633,0
3664,61.12773,free_swing,815,354,695,260,81.764,-128.073,0
3665,61.14442,free_swing,809,374,674,303,73.951,-117.741,0
3666,61.1611,free_swing,801,393,654,349,66.153,-106.663,0
3667,61.17778,free_swing,789,414,637,397,56.944,-96.382,0
3668,61.19447,free_swing,773,433,620,445,47.442,-85.515,0
3669,61.21115,free_swing,753,452,605,502,36.870,-71.333,0
3670,61.22783,free_swing,726,467,599,557,25.017,-54.676,0
3671,61.24452,free_swing,691,480,605,609,10.713,-33.690,0
3672,61.2612,free_swing,,,633,629,,,1
3673,61.27788,free_swing,600,467,660,600,-25.017,24.281,0
3674,61.29457,free_swing,571,450,673,560,-37.942,42.839,0
3675,61.31125,free_swing,552,433,679,514,-47.701,57.470,0
3676,61.32793,free_swing,538,417,682,468,-55.784,70.498,0
3677,61.34462,free_swing,528,400,679,425,-63.265,80.599,0
3678,61.3613,free_swing,520,382,673,384,-70.728,89.251,0
3679,61.37798,free_swing,513,359,668,346,-79.796,94.794,0
3680,61.39467,free_swing,510,334,661,311,-89.251,98.661,0
3681,61.41135,free_swing,510,311,659,276,-97.815,103.219,0
3682,61.42803,free_swing,513,287,660,243,-106.699,106.663,0
3683,61.44472,free_swing,519,267,661,211,-114.294,111.523,0
3684,61.4614,free_swing,527,250,662,180,-121.088,117.408,0
3685,61.47808,free_swing,536,238,661,154,-126.507,123.901,0
3686,61.49477,free_swing,544,227,657,128,-131.424,131.222,0
3687,61.51145,free_swing,552,219,652,107,-135.512,138.240,0
3688,61.52813,free_swing,558,213,645,89,-138.576,144.946,0
3689,61.54482,free_swing,561,209,636,78,-140.332,150.208,0
3690,61.5615,free_swing,561,210,628,74,-140.102,153.773,0
3691,61.57818,free_swing,557,213,617,74,-138.307,156.652,0
3692,61.59487,free_swing,551,219,606,78,-135.255,158.691,0
3693,61.61155,free_swing,544,227,597,84,-131.424,159.664,0
3694,61.62823,free_swing,536,238,586,94,-126.507,160.852,0
3695,61.64492,free_swing,528,251,576,106,-120.964,161.684,0
3696,61.6616,free_swing,519,268,564,122,-113.962,162.870,0
3697,61.67828,free_swing,515,288,551,140,-106.557,166.329,0
3698,61.69497,free_swing,,,539,160,,,1
3699,61.71165,free_swing,,,524,182,,,1
3700,61.72833,free_swing,512,373,509,206,-74.809,-178.971,0
3701,61.74502,free_swing,525,398,489,237,-64.440,-167.396,0
3702,61.7617,free_swing,540,421,469,275,-54.111,-154.066,0
3703,61.77838,free_swing,557,439,452,324,-44.731,-137.603,0
3704,61.79507,free_swing,577,455,439,382,-34.961,-117.878,0
3705,61.81175,free_swing,596,465,443,449,-26.737,-95.970,0
3706,61.82843,free_swing,610,471,472,533,-20.872,-65.807,0
3707,61.84512,free_swing,620,475,538,601,-16.736,-33.056,0
3708,61.8618,free_swing,631,478,611,628,-12.362,-7.595,0
3709,61.87848,free_swing,647,480,708,618,-6.170,23.847,0
3710,61.89517,free_swing,669,480,779,585,2.322,46.332,0
3711,61.91185,free_swing,698,476,834,546,13.661,62.765,0
3712,61.92853,free_swing,730,464,876,504,26.911,74.678,0
3713,61.94522,free_swing,762,443,910,466,41.730,81.167,0
3714,61.9619,free_swing,787,418,937,431,55.257,85.047,0
3715,61.97858,free_swing,804,385,947,401,69.399,83.616,0
3716,61.99527,free_swing,813,354,,,81.656,,1
3717,62.01195,free_swing,815,323,,,93.389,,1
3718,62.02863,free_swing,813,294,,,104.216,,1
3719,62.04532,free_swing,808,281,,,109.378,,1
3720,62.062,free_swing,806,274,948,250,112.077,99.593,0
3721,62.07868,free_swing,806,270,945,220,113.440,109.784,0
3722,62.09537,free_swing,807,272,933,193,112.620,122.087,0
3723,62.11205,free_swing,808,277,913,169,110.772,135.807,0
3724,62.12873,free_swing,810,283,887,154,108.435,149.167,0
3725,62.14542,free_swing,812,291,858,148,105.385,162.168,0
3726,62.1621,free_swing,814,301,826,151,101.602,175.426,0
3727,62.17878,free_swing,815,313,794,162,97.125,-172.082,0
3728,62.19547,free_swing,815,326,762,183,92.261,-159.664,0
3729,62.21215,free_swing,814,339,732,212,87.346,-147.151,0
3730,62.22883,free_swing,814,354,705,249,81.711,-133.929,0
3731,62.24552,free_swing,810,371,683,288,75.141,-123.166,0
3732,62.2622,free_swing,802,391,657,335,67.001,-111.117,0
3733,62.27888,free_swing,790,411,642,381,58.116,-101.459,0
3734,62.29557,free_swing,775,429,623,431,49.105,-89.246,0
3735,62.31225,free_swing,757,448,608,479,39.019,-78.247,0
3736,62.32893,free_swing,732,465,596,538,27.420,-61.775,0
3737,62.34562,free_swing,699,476,596,593,14.036,-41.359,0
3738,62.3623,free_swing,,,618,629,,,1
3739,62.37898,free_swing,605,471,648,612,-22.649,16.960,0
3740,62.39567,free_swing,575,453,665,572,-36.027,37.100,0
3741,62.41235,free_swing,555,436,674,528,-46.081,52.292,0
3742,62.42903,free_swing,539,419,678,481,-54.946,65.961,0
3743,62.44572,free_swing,530,403,679,436,-61.905,77.512,0
3744,62.4624,free_swing,522,385,675,394,-69.399,86.634,0
3745,62.47908,free_swing,515,364,668,354,-77.800,93.740,0
3746,62.49577,free_swing,511,340,662,314,-86.987,99.770,0
3747,62.51245,free_swing,509,316,659,283,-95.932,102.407,0
3748,62.52913,free_swing,511,292,660,250,-104.744,105.742,0
3749,62.54582,free_swing,518,272,661,217,-112.479,111.038,0
3750,62.5625,free_swing,526,253,663,186,-119.970,116.061,0
3751,62.57918,free_swing,535,239,662,158,-126.001,122.530,0
3752,62.59587,free_swing,544,228,660,131,-131.152,129.903,0
3753,62.61255,free_swing,553,218,656,108,-136.023,136.882,0
3754,62.62923,free_swing,561,210,651,91,-140.102,142.900,0
3755,62.64592,free_swing,566,205,644,76,-142.628,148.841,0
3756,62.6626,free_swing,568,203,636,69,-143.631,153.094,0
3757,62.67928,free_swing,566,205,627,69,-142.628,155.842,0
3758,62.69597,free_swing,561,209,617,70,-140.332,158.057,0
3759,62.71265,free_swing,554,216,608,74,-136.782,159.179,0
3760,62.72933,free_swing,546,224,599,82,-132.709,159.532,0
3761,62.74602,free_swing,537,236,590,93,-127.304,159.664,0
3762,62.7627,free_swing,528,249,580,107,-121.584,159.887,0
3763,62.77938,free_swing,519,268,571,124,-113.962,160.145,0
3764,62.79607,free_swing,511,290,560,143,-105.446,161.565,0
3765,62.81275,free_swing,507,323,549,164,-93.302,165.203,0
3766,62.82943,free_swing,,,536,186,,,1
3767,62.84612,free_swing,514,373,521,210,-74.615,177.541,0
3768,62.8628,free_swing,,,503,240,,,1
3769,62.87948,free_swing,,,483,275,,,1
3770,62.89617,free_swing,565,448,465,323,-40.192,-141.340,0
3771,62.91285,free_swing,586,461,452,380,-30.833,-121.152,0
3772,62.92953,free_swing,605,470,455,454,-22.797,-96.089,0
3773,62.94622,free_swing,621,475,480,531,-16.368,-68.339,0
3774,62.9629,free_swing,632,479,539,597,-11.908,-38.243,0
3775,62.97958,free_swing,641,481,628,627,-8.399,-5.088,0
3776,62.99627,free_swing,653,480,719,618,-3.865,25.560,0
3777,63.01295,free_swing,674,480,791,579,4.251,49.764,0
3778,63.02963,free_swing,702,475,842,533,15.255,67.496,0
3779,63.04632,free_swing,734,462,882,487,28.641,80.412,0
3780,63.063,free_swing,763,442,912,445,42.274,88.847,0
3781,63.07968,free_swing,788,417,938,407,55.784,93.814,0
3782,63.09637,free_swing,805,385,948,378,69.532,92.802,0
3783,63.11305,free_swing,814,354,,,81.711,,1
3784,63.12973,free_swing,815,319,,,94.888,,1
3785,63.14642,free_swing,813,297,,,103.134,,1
3786,63.1631,free_swing,810,285,,,107.731,,1
3787,63.17978,free_swing,808,280,947,233,109.729,108.682,0
3788,63.19647,free_swing,809,278,940,207,110.298,118.457,0
3789,63.21315,free_swing,810,280,925,185,109.481,129.560,0
3790,63.22983,free_swing,811,285,902,167,107.618,142.361,0
3791,63.24652,free_swing,812,292,878,156,105.027,154.113,0
3792,63.2632,free_swing,814,302,848,154,101.237,167.062,0
3793,63.27988,free_swing,815,312,819,160,97.496,178.493,0
3794,63.29657,free_swing,816,324,788,175,92.993,-169.357,0
3795,63.31325,free_swing,815,338,758,197,87.739,-157.989,0
3796,63.32993,free_swing,813,354,730,225,81.656,-147.242,0
3797,63.34662,free_swing,812,369,705,260,76.054,-135.531,0
3798,63.3633,free_swing,805,387,682,297,68.827,-126.193,0
3799,63.37998,free_swing,792,410,653,341,58.841,-116.400,0
3800,63.39667,free_swing,777,428,635,378,49.899,-109.398,0
3801,63.41335,free_swing,759,445,609,421,40.350,-99.090,0
3802,63.43003,free_swing,739,461,585,467,30.504,-87.769,0
3803,63.44672,free_swing,711,473,565,518,18.800,-72.870,0
3804,63.4634,free_swing,680,480,554,570,6.553,-54.462,0
3805,63.48008,free_swing,640,478,563,614,-8.952,-29.518,0
3806,63.49677,free_swing,591,465,596,611,-28.429,1.961,0
3807,63.51345,free_swing,563,442,621,578,-42.274,23.097,0
3808,63.53013,free_swing,543,422,640,538,-53.130,39.903,0
3809,63.54682,free_swing,530,404,653,493,-61.571,54.111,0
3810,63.5635,free_swing,522,388,662,449,-68.339,66.457,0
3811,63.58018,free_swing,517,370,666,406,-75.411,76.417,0
3812,63.59687,free_swing,512,350,665,363,-83.202,85.143,0
3813,63.61355,free_swing,510,327,662,317,-91.872,93.764,0
3814,63.63023,free_swing,510,304,663,290,-100.371,95.228,0
3815,63.64692,free_swing,514,283,666,256,-108.204,100.072,0
3816,63.6636,free_swing,522,264,669,223,-115.747,105.584,0
3817,63.68028,free_swing,530,247,672,192,-122.583,111.173,0
3818,63.69697,free_swing,538,234,672,163,-128.096,117.917,0
3819,63.71365,free_swing,546,225,671,139,-132.444,124.528,0
3820,63.73033,free_swing,554,217,666,114,-136.534,132.603,0
3821,63.74702,free_swing,561,210,659,97,-140.102,139.066,0
3822,63.7637,free_swing,563,207,651,84,-141.340,144.418,0
3823,63.78038,free_swing,563,208,641,78,-141.116,149.036,0
3824,63.79707,free_swing,559,212,630,77,-139.086,152.259,0
3825,63.81375,free_swing,553,217,617,80,-136.273,154.960,0
3826,63.83043,free_swing,545,226,606,86,-131.934,156.457,0
3827,63.84712,free_swing,537,236,593,95,-127.304,158.339,0
3828,63.8638,free_swing,529,249,581,107,-121.774,159.887,0
3829,63.88048,free_swing,521,266,568,121,-114.928,162.041,0
3830,63.89717,free_swing,514,287,554,139,-106.805,164.876,0
3831,63.91385,free_swing,512,310,539,158,-98.289,169.928,0
3832,63.93053,free_swing,,,523,180,,,1
3833,63.94722,free_swing,511,371,505,205,-75.610,-177.930,0
3834,63.9639,free_swing,523,395,485,236,-65.772,-166.559,0
3835,63.98058,free_swing,537,418,464,275,-55.685,-152.956,0
3836,63.99727,free_swing,555,438,445,324,-45.535,-136.023,0
3837,64.01395,free_swing,573,452,433,386,-36.870,-115.241,0
3838,64.03063,free_swing,590,462,440,456,-29.316,-92.291,0
3839,64.04732,free_swing,604,469,469,538,-23.299,-62.928,0
3840,64.064,free_swing,614,473,538,603,-19.163,-30.311,0
3841,64.08068,free_swing,626,477,634,628,-14.315,3.033,0
3842,64.09737,free_swing,643,480,709,617,-7.696,25.723,0
3843,64.11405,free_swing,668,480,779,585,1.935,46.591,0
3844,64.13073,free_swing,699,476,834,547,14.036,62.259,0
3845,64.14742,free_swing,732,463,874,508,27.777,72.417,0
3846,64.1641,free_swing,763,443,910,473,42.016,78.465,0
3847,64.18078,free_swing,788,416,936,441,56.099,80.412,0
3848,64.19747,free_swing,805,384,947,411,69.887,79.234,0
3849,64.21415,free_swing,814,352,,,82.455,,1
3850,64.23083,free_swing,815,320,,,94.514,,1
3851,64.24752,free_swing,813,292,,,104.931,,1
3852,64.2642,free_swing,807,276,,,111.251,,1
3853,64.28088,free_swing,804,268,948,255,114.413,95.159,0
3854,64.29757,free_swing,804,266,945,222,115.084,107.331,0
3855,64.31425,free_swing,804,265,934,193,115.416,118.980,0
3856,64.33093,free_swing,806,269,915,168,113.776,132.818,0
3857,64.34762,free_swing,807,275,890,150,111.595,146.416,0
3858,64.3643,free_swing,809,282,861,141,108.905,159.756,0
3859,64.38098,free_swing,812,292,827,142,105.027,174.289,0
3860,64.39767,free_swing,813,302,795,151,101.310,-173.202,0
3861,64.41435,free_swing,815,314,761,171,96.754,-159.312,0
3862,64.43103,free_swing,815,327,731,201,91.884,-146.310,0
3863,64.44772,free_swing,815,340,706,237,86.987,-133.379,0
3864,64.4644,free_swing,813,356,682,280,80.910,-120.120,0
3865,64.48108,free_swing,809,374,663,321,73.951,-109.952,0
3866,64.49777,free_swing,800,395,648,379,65.304,-96.009,0
3867,64.51445,free_swing,787,415,637,434,56.203,-82.781,0
3868,64.53113,free_swing,773,435,625,496,46.882,-67.600,0
3869,64.54782,free_swing,750,455,625,546,35.272,-53.945,0
3870,64.5645,free_swing,718,470,633,602,21.730,-32.779,0
3871,64.58118,free_swing,,,661,633,,,1
3872,64.59787,free_swing,623,477,688,608,-15.422,26.390,0
3873,64.61455,free_swing,593,463,698,567,-28.118,45.274,0
3874,64.63123,free_swing,568,447,700,522,-39.560,60.396,0
3875,64.64792,free_swing,551,433,697,476,-47.956,73.589,0
3876,64.6646,free_swing,539,417,690,431,-55.570,84.703,0
3877,64.68128,free_swing,528,399,682,391,-63.605,92.974,0
3878,64.69797,free_swing,520,380,670,351,-71.445,100.942,0
3879,64.71465,free_swing,512,356,661,313,-80.969,106.098,0
3880,64.73133,free_swing,509,330,655,283,-90.744,107.844,0
3881,64.74802,free_swing,510,305,652,250,-100.008,111.173,0
3882,64.7647,free_swing,515,283,652,218,-108.319,115.382,0
3883,64.78138,free_swing,521,265,652,187,-115.259,120.770,0
3884,64.79807,free_swing,529,249,650,157,-121.774,127.247,0
3885,64.81475,free_swing,538,235,646,132,-127.811,133.643,0
3886,64.83143,free_swing,546,225,640,108,-132.444,141.221,0
3887,64.84812,free_swing,554,216,633,90,-136.782,147.913,0
3888,64.8648,free_swing,559,211,625,75,-139.321,154.113,0
3889,64.88148,free_swing,562,209,620,70,-140.609,157.351,0
3890,64.89817,free_swing,560,211,608,68,-139.594,161.445,0
3891,64.91485,free_swing,555,215,598,72,-137.291,163.264,0
3892,64.93153,free_swing,548,222,587,75,-133.727,165.141,0
3893,64.94822,free_swing,541,231,579,84,-129.620,165.506,0
3894,64.9649,free_swing,533,242,569,95,-124.695,166.239,0
3895,64.98158,free_swing,524,258,560,109,-118.030,166.417,0
3896,64.99827,free_swing,516,276,549,127,-110.854,167.512,0
3897,65.01495,free_swing,512,298,538,147,-102.689,170.230,0
3898,65.03163,free_swing,506,331,526,167,-90.365,173.047,0
3899,65.04832,free_swing,506,357,514,192,-80.952,177.224,0
3900,65.065,free_swing,,,498,220,,,1
3901,65.08168,free_swing,531,408,480,253,-60.068,-161.787,0
3902,65.09837,free_swing,549,431,462,295,-49.028,-147.393,0
3903,65.11505,free_swing,567,447,447,346,-39.855,-130.086,0
3904,65.13173,free_swing,587,461,442,412,-30.504,-108.672,0
3905,65.14842,free_swing,605,469,453,489,-22.946,-82.504,0
3906,65.1651,free_swing,617,474,503,569,-17.949,-50.194,0
3907,65.18178,free_swing,629,478,579,620,-13.109,-19.398,0
3908,65.19847,free_swing,641,480,671,629,-8.455,11.384,0
3909,65.21515,free_swing,658,480,742,607,-1.935,33.481,0
3910,65.23183,free_swing,683,479,807,567,7.748,54.638,0
3911,65.24852,free_swing,713,472,855,524,19.654,69.887,0
3912,65.2652,free_swing,746,455,890,483,34.011,78.996,0
3913,65.28188,free_swing,773,434,923,444,47.161,86.186,0
3914,65.29857,free_swing,796,405,944,411,61.239,87.678,0
3915,65.31525,free_swing,809,373,,,74.314,,1
3916,65.33193,free_swing,816,339,,,87.380,,1
3917,65.34862,free_swing,815,307,,,99.340,,1
3918,65.3653,free_swing,811,284,,,107.969,,1
3919,65.38198,free_swing,805,272,949,259,112.906,95.159,0
3920,65.39867,free_swing,804,267,946,233,114.749,103.465,0
3921,65.41535,free_swing,803,264,939,204,115.907,113.806,0
3922,65.43203,free_swing,804,266,926,180,115.084,125.181,0
3923,65.44872,free_swing,806,270,904,158,113.440,138.814,0
3924,65.4654,free_swing,808,277,880,146,110.772,151.206,0
3925,65.48208,free_swing,810,285,852,140,107.731,163.846,0
3926,65.49877,free_swing,813,295,820,144,103.856,177.346,0
3927,65.51545,free_swing,814,306,789,156,99.770,-170.538,0
3928,65.53213,free_swing,815,319,759,177,94.888,-158.477,0
3929,65.54882,free_swing,814,333,730,207,89.621,-146.310,0
3930,65.5655,free_swing,815,348,704,243,83.991,-133.409,0
3931,65.58218,free_swing,811,365,683,283,77.430,-122.645,0
3932,65.59887,free_swing,805,385,663,323,69.532,-113.587,0
3933,65.61555,free_swing,794,406,646,375,60.539,-101.830,0
3934,65.63223,free_swing,779,425,626,426,51.280,-89.626,0
3935,65.64892,free_swing,764,443,613,475,42.299,-78.035,0
3936,65.6656,free_swing,738,461,601,532,30.174,-62.605,0
3937,65.68228,free_swing,706,474,599,587,16.847,-43.438,0
3938,65.69897,free_swing,,,619,628,,,1
3939,65.71565,free_swing,613,473,649,616,-19.525,14.130,0
3940,65.73233,free_swing,580,456,667,577,-33.797,35.716,0
3941,65.74902,free_swing,559,439,677,533,-44.185,51.459,0
3942,65.7657,free_swing,542,423,681,488,-53.054,64.938,0
3943,65.78238,free_swing,531,406,680,441,-60.725,76.781,0
3944,65.79907,free_swing,523,388,676,399,-68.199,85.888,0
3945,65.81575,free_swing,516,367,669,359,-76.608,92.993,0
3946,65.83243,free_swing,511,344,662,316,-85.486,100.505,0
3947,65.84912,free_swing,509,319,659,289,-94.825,101.310,0
3948,65.8658,free_swing,512,295,659,255,-103.768,105.222,0
3949,65.88248,free_swing,517,275,661,223,-111.326,109.855,0
3950,65.89917,free_swing,524,257,662,191,-118.350,115.560,0
3951,65.91585,free_swing,533,243,661,162,-124.396,122.326,0
3952,65.93253,free_swing,541,231,658,136,-129.620,129.075,0
3953,65.94922,free_swing,549,222,653,114,-133.977,136.081,0
3954,65.9659,free_swing,555,215,646,95,-137.291,142.826,0
3955,65.98258,free_swing,560,211,638,81,-139.594,149.036,0
3956,65.99927,free_swing,561,210,627,75,-140.102,153.947,0
3957,66.01595,free_swing,558,212,617,74,-138.814,156.852,0
3958,66.03263,free_swing,553,218,608,76,-136.023,158.827,0
3959,66.04932,free_swing,546,224,596,81,-132.709,160.728,0
3960,66.066,free_swing,539,234,586,90,-128.320,161.924,0
3961,66.08268,free_swing,530,247,574,102,-122.583,163.120,0
3962,66.09937,free_swing,523,262,564,116,-116.565,164.314,0
3963,66.11605,free_swing,515,281,551,134,-109.014,166.239,0
3964,66.13273,free_swing,,,538,152,,,1
3965,66.14942,free_swing,506,338,524,175,-87.811,173.698,0
3966,66.1661,free_swing,508,365,509,199,-77.981,179.655,0
3967,66.18278,free_swing,522,388,491,228,-68.339,-169.035,0
3968,66.19947,free_swing,535,413,471,263,-57.674,-156.894,0
3969,66.21615,free_swing,554,436,452,310,-46.345,-141.009,0
3970,66.23283,free_swing,571,451,438,366,-37.708,-122.583,0
3971,66.24952,free_swing,589,462,439,432,-29.650,-101.310,0
3972,66.2662,free_swing,605,469,459,514,-22.946,-72.870,0
3973,66.28288,free_swing,615,474,517,587,-18.677,-40.934,0
3974,66.29957,free_swing,626,478,604,627,-14.221,-8.399,0
3975,66.31625,free_swing,640,480,684,624,-8.833,16.991,0
3976,66.33293,free_swing,661,480,758,597,-0.774,39.661,0
3977,66.34962,free_swing,689,478,826,555,10.098,60.662,0
3978,66.3663,free_swing,721,468,863,518,23.097,70.602,0
3979,66.38298,free_swing,753,451,899,479,37.100,79.144,0
3980,66.39967,free_swing,780,427,929,444,50.925,83.491,0
3981,66.41635,free_swing,799,397,946,413,64.455,83.788,0
3982,66.43303,free_swing,812,362,,,78.616,,1
3983,66.44972,free_swing,816,332,,,90.000,,1
3984,66.4664,free_swing,815,302,,,101.165,,1
3985,66.48308,free_swing,810,284,,,108.083,,1
3986,66.49977,free_swing,807,275,948,257,111.595,97.275,0
3987,66.51645,free_swing,806,272,946,230,112.762,106.699,0
3988,66.53313,free_swing,806,272,938,201,112.762,118.275,0
3989,66.54982,free_swing,808,275,921,177,111.460,130.934,0
3990,66.5665,free_swing,809,280,895,158,109.604,144.819,0
3991,66.58318,free_swing,811,288,868,149,106.557,157.703,0
3992,66.59987,free_swing,813,297,836,148,103.134,171.225,0
3993,66.61655,free_swing,814,308,803,156,99.031,-175.861,0
3994,66.63323,free_swing,815,320,771,174,94.514,-163.229,0
3995,66.64992,free_swing,814,333,740,201,89.621,-150.725,0
3996,66.6666,free_swing,816,346,712,234,84.772,-137.121,0
3997,66.68328,free_swing,812,362,688,276,78.616,-124.743,0
3998,66.69997,free_swing,806,381,668,317,71.086,-114.880,0
3999,66.71665,free_swing,797,401,649,365,62.755,-103.671,0
4000,66.73333,free_swing,783,421,633,416,53.437,-91.909,0
4001,66.75002,free_swing,767,439,617,466,44.185,-79.796,0
4002,66.7667,free_swing,744,457,604,524,32.943,-64.426,0
4003,66.78338,free_swing,716,471,604,580,20.872,-45.778,0
4004,66.80007,free_swing,,,619,625,,,1
4005,66.81675,free_swing,620,478,651,621,-16.411,12.232,0
4006,66.83343,free_swing,588,461,670,584,-30.174,33.690,0
4007,66.85012,free_swing,565,444,680,541,-41.186,49.853,0
4008,66.8668,free_swing,547,428,683,495,-50.389,63.773,0
4009,66.88348,free_swing,535,411,683,449,-58.318,75.600,0
4010,66.90017,free_swing,525,395,679,406,-65.462,85.914,0
4011,66.91685,free_swing,518,376,671,365,-73.120,94.112,0
4012,66.93353,free_swing,512,351,661,319,-82.828,102.121,0
4013,66.95022,free_swing,509,326,659,295,-92.231,101.677,0
4014,66.9669,free_swing,510,303,657,261,-100.733,105.945,0
4015,66.98358,free_swing,514,282,658,228,-108.550,110.556,0
4016,67.00027,free_swing,521,263,659,197,-115.916,115.560,0
4017,67.01695,free_swing,529,247,657,166,-122.388,122.326,0
4018,67.03363,free_swing,539,235,656,139,-128.035,129.369,0
4019,67.05032,free_swing,547,224,652,116,-132.955,135.807,0
4020,67.067,free_swing,554,216,645,97,-136.782,142.595,0
4021,67.08368,free_swing,560,210,638,82,-139.827,148.643,0
4022,67.10037,free_swing,563,208,630,72,-141.116,153.773,0
4023,67.11705,free_swing,561,209,620,70,-140.332,157.001,0
4024,67.13373,free_swing,556,214,608,73,-137.799,159.756,0
4025,67.15042,free_swing,550,220,597,78,-134.745,161.686,0
4026,67.1671,free_swing,542,229,589,84,-130.406,162.041,0
4027,67.18378,free_swing,533,242,579,97,-124.695,162.399,0
4028,67.20047,free_swing,525,256,569,110,-118.843,163.229,0
4029,67.21715,free_swing,518,275,558,127,-111.460,164.876,0
4030,67.23383,free_swing,,,546,146,,,1
4031,67.25052,free_swing,,,533,167,,,1
4032,67.2672,free_swing,,,519,191,,,1
4033,67.28388,free_swing,518,382,503,217,-70.974,-174.806,0
4034,67.30057,free_swing,530,406,484,250,-60.909,-163.571,0
4035,67.31725,free_swing,548,430,464,290,-49.563,-149.036,0
4036,67.33393,free_swing,566,447,450,345,-40.147,-131.326,0
4037,67.35062,free_swing,585,460,441,406,-31.357,-110.556,0
4038,67.3673,free_swing,603,469,451,482,-23.651,-85.112,0
4039,67.38398,free_swing,616,474,491,559,-18.314,-55.784,0
4040,67.40067,free_swing,626,477,572,618,-14.315,-20.956,0
4041,67.41735,free_swing,637,479,661,628,-10.030,9.150,0
4042,67.43403,free_swing,654,480,737,608,-3.480,32.961,0
4043,67.45072,free_swing,680,479,802,570,6.597,53.281,0
4044,67.4674,free_swing,710,472,852,527,18.558,68.827,0
4045,67.48408,free_swing,743,457,890,486,32.619,78.840,0
4046,67.50077,free_swing,772,435,921,448,46.621,85.014,0
4047,67.51745,free_swing,793,407,943,414,60.018,87.328,0
4048,67.53413,free_swing,809,375,,,73.589,,1
4049,67.55082,free_swing,815,341,,,86.611,,1
4050,67.5675,free_swing,815,311,,,97.866,,1
4051,67.58418,free_swing,811,285,,,107.618,,1
4052,67.60087,free_swing,805,272,949,275,112.906,88.807,0
4053,67.61755,free_swing,803,266,947,237,115.241,101.386,0
4054,67.63423,free_swing,803,264,942,209,115.907,111.588,0
4055,67.65092,free_swing,804,265,929,184,115.416,122.943,0
4056,67.6676,free_swing,807,271,908,161,112.958,137.442,0
4057,67.68428,free_swing,809,277,883,148,110.642,150.160,0
4058,67.70097,free_swing,811,286,854,143,107.266,163.264,0
4059,67.71765,free_swing,813,297,822,146,103.134,176.589,0
4060,67.73433,free_swing,814,309,791,160,98.661,-171.225,0
4061,67.75102,free_swing,815,322,759,181,93.764,-158.339,0
4062,67.7677,free_swing,815,338,731,210,87.739,-146.725,0
4063,67.78438,free_swing,814,352,706,247,82.455,-134.193,0
4064,67.80107,free_swing,811,369,683,287,75.964,-122.645,0
4065,67.81775,free_swing,803,389,660,333,67.847,-111.386,0
4066,67.83443,free_swing,791,410,643,379,58.643,-101.830,0
4067,67.85112,free_swing,775,430,624,429,48.814,-90.379,0
4068,67.8678,free_swing,758,447,611,481,39.560,-76.977,0
4069,67.88448,free_swing,732,464,596,537,27.597,-61.775,0
4070,67.90117,free_swing,698,476,595,593,13.661,-41.359,0
4071,67.91785,free_swing,,,617,629,,,1
4072,67.93453,free_swing,607,472,647,611,-21.801,16.054,0
4073,67.95122,free_swing,577,453,665,572,-35.403,36.483,0
4074,67.9679,free_swing,555,435,674,528,-46.357,51.992,0
4075,67.98458,free_swing,539,419,678,482,-54.946,65.618,0
4076,68.00127,free_swing,530,403,679,436,-61.905,77.512,0
4077,68.01795,free_swing,521,385,675,394,-69.532,86.655,0
4078,68.03463,free_swing,514,364,668,354,-77.879,93.715,0
4079,68.05132,free_swing,510,339,662,313,-87.380,99.707,0
4080,68.068,free_swing,508,314,659,283,-96.624,101.602,0
4081,68.08468,free_swing,512,292,660,249,-104.837,106.201,0
4082,68.10137,free_swing,518,271,661,216,-112.816,111.038,0
4083,68.11805,free_swing,527,253,662,185,-120.152,116.735,0
4084,68.13473,free_swing,536,239,662,157,-126.215,123.056,0
4085,68.15142,free_swing,545,227,660,131,-131.664,129.855,0
4086,68.1681,free_swing,553,218,655,108,-136.023,137.161,0
4087,68.18478,free_swing,560,210,649,90,-139.827,143.437,0
4088,68.20147,free_swing,566,205,641,75,-142.628,150.018,0
4089,68.21815,free_swing,567,205,633,70,-142.914,153.947,0
4090,68.23483,free_swing,565,208,622,68,-141.680,157.847,0
4091,68.25152,free_swing,559,212,613,71,-139.086,159.044,0
4092,68.2682,free_swing,552,218,605,75,-135.764,159.664,0
4093,68.28488,free_swing,544,228,594,84,-131.152,160.852,0
4094,68.30157,free_swing,535,240,584,97,-125.707,161.086,0
4095,68.31825,free_swing,526,255,575,111,-119.338,161.208,0
4096,68.33493,free_swing,518,273,564,128,-112.141,162.399,0
4097,68.35162,free_swing,512,295,553,147,-103.768,164.516,0
4098,68.3683,free_swing,506,329,540,168,-91.095,168.075,0
4099,68.38498,free_swing,,,526,192,,,1
4100,68.40167,free_swing,,,510,218,,,1
4101,68.41835,free_swing,,,490,250,,,1
4102,68.43503,free_swing,549,433,471,290,-48.460,-151.390,0
4103,68.45172,free_swing,568,449,455,340,-39.075,-133.968,0
4104,68.4684,free_swing,588,462,446,404,-29.982,-112.218,0
4105,68.48508,free_swing,607,470,454,480,-22.087,-86.260,0
4106,68.50177,free_swing,620,475,493,557,-16.736,-57.151,0
4107,68.51845,free_swing,630,478,574,618,-12.736,-21.801,0
4108,68.53513,free_swing,641,480,671,631,-8.455,11.237,0
4109,68.55182,free_swing,656,481,740,608,-2.690,33.481,0
4110,68.5685,free_swing,682,479,805,568,7.365,54.111,0
4111,68.58518,free_swing,712,472,854,522,19.290,70.602,0
4112,68.60187,free_swing,744,457,888,481,32.943,80.538,0
4113,68.61855,free_swing,773,433,921,440,47.442,87.292,0
4114,68.63523,free_swing,794,406,943,406,60.539,90.000,0
4115,68.65192,free_swing,809,374,,,73.951,,1
4116,68.6686,free_swing,816,341,,,86.634,,1
4117,68.68528,free_swing,814,309,,,98.661,,1
4118,68.70197,free_swing,812,289,,,106.098,,1
4119,68.71865,free_swing,808,280,949,257,109.729,99.265,0
4120,68.73533,free_swing,807,275,947,230,111.595,107.819,0
4121,68.75202,free_swing,807,273,938,203,112.280,118.118,0
4122,68.7687,free_swing,808,277,923,181,110.772,129.855,0
4123,68.78538,free_swing,810,282,898,162,108.785,143.746,0
4124,68.80207,free_swing,812,289,872,152,106.098,156.349,0
4125,68.81875,free_swing,813,298,843,151,102.771,168.465,0
4126,68.83543,free_swing,815,309,812,157,98.604,-178.869,0
4127,68.85212,free_swing,815,321,781,173,94.139,-167.062,0
4128,68.8688,free_swing,815,335,751,197,88.869,-155.120,0
4129,68.88548,free_swing,814,349,723,227,83.577,-143.281,0
4130,68.90217,free_swing,812,365,699,266,77.512,-131.222,0
4131,68.91885,free_swing,805,384,676,304,69.887,-121.805,0
4132,68.93553,free_swing,795,405,653,347,61.056,-112.218,0
4133,68.95222,free_swing,780,425,633,391,51.520,-103.023,0
4134,68.9689,free_swing,763,443,611,439,42.016,-91.507,0
4135,68.98558,free_swing,742,459,593,487,31.884,-79.357,0
4136,69.00227,free_swing,714,472,577,542,20.016,-62.935,0
4137,69.01895,free_swing,676,480,576,595,5.020,-41.009,0
4138,69.03563,free_swing,,,598,625,,,1
4139,69.05232,free_swing,589,462,628,604,-29.650,15.357,0
4140,69.069,free_swing,562,442,647,565,-42.558,34.647,0
4141,69.08568,free_swing,544,424,660,522,-52.292,49.808,0
4142,69.10237,free_swing,532,408,669,476,-59.880,63.602,0
4143,69.11905,free_swing,524,391,672,431,-67.001,74.876,0
4144,69.13573,free_swing,517,372,669,390,-74.678,83.246,0
4145,69.15242,free_swing,511,351,666,350,-82.875,90.370,0
4146,69.1691,free_swing,509,326,662,311,-92.231,95.599,0
4147,69.18578,free_swing,510,302,662,277,-101.094,99.340,0
4148,69.20247,free_swing,516,280,664,243,-109.481,104.036,0
4149,69.21915,free_swing,523,260,666,211,-117.216,108.914,0
4150,69.23583,free_swing,531,245,668,179,-123.389,115.723,0
4151,69.25252,free_swing,540,232,669,153,-129.111,121.483,0
4152,69.2692,free_swing,549,222,665,127,-133.977,129.316,0
4153,69.28588,free_swing,557,214,661,105,-138.066,136.345,0
4154,69.30257,free_swing,564,208,655,88,-141.397,142.826,0
4155,69.31925,free_swing,567,205,647,76,-142.914,148.195,0
4156,69.33593,free_swing,567,205,636,71,-142.914,152.755,0
4157,69.35262,free_swing,562,209,627,73,-140.609,154.455,0
4158,69.3693,free_swing,556,214,616,76,-137.799,156.501,0
4159,69.38598,free_swing,549,222,607,81,-133.977,157.640,0
4160,69.40267,free_swing,540,232,595,91,-129.111,158.691,0
4161,69.41935,free_swing,531,245,585,104,-123.389,159.044,0
4162,69.43603,free_swing,523,262,575,118,-116.565,160.145,0
4163,69.45272,free_swing,515,282,562,136,-108.667,162.156,0
4164,69.4694,free_swing,510,308,549,155,-98.915,165.700,0
4165,69.48608,free_swing,506,338,535,178,-87.811,169.727,0
4166,69.50277,free_swing,508,367,520,201,-77.276,175.865,0
4167,69.51945,free_swing,,,501,230,,,1
4168,69.53613,free_swing,537,417,480,264,-55.996,-159.567,0
4169,69.55282,free_swing,555,437,461,311,-45.807,-143.276,0
4170,69.5695,free_swing,575,454,445,367,-35.803,-123.792,0
4171,69.58618,free_swing,594,465,445,431,-27.420,-102.854,0
4172,69.60287,free_swing,610,471,465,516,-20.872,-72.759,0
4173,69.61955,free_swing,621,475,522,588,-16.368,-41.222,0
4174,69.63623,free_swing,631,479,612,627,-12.281,-7.316,0
4175,69.65292,free_swing,645,480,695,622,-6.934,19.398,0
4176,69.6696,free_swing,665,480,768,592,0.774,42.603,0
4177,69.68628,free_swing,693,477,831,547,11.689,63.104,0
4178,69.70297,free_swing,724,467,870,506,24.316,75.044,0
4179,69.71965,free_swing,757,447,905,465,39.262,83.066,0
4180,69.73633,free_swing,783,422,933,430,53.130,86.947,0
4181,69.75302,free_swing,801,392,947,400,66.501,86.864,0
4182,69.7697,free_swing,813,359,,,79.796,,1
4183,69.78638,free_swing,816,326,,,92.246,,1
4184,69.80307,free_swing,813,297,,,103.134,,1
4185,69.81975,free_swing,809,283,,,108.553,,1
4186,69.83643,free_swing,807,277,948,247,110.904,102.011,0
4187,69.85312,free_swing,806,273,945,221,112.420,110.511,0
4188,69.8698,free_swing,807,274,933,195,111.938,122.087,0
4189,69.88648,free_swing,809,279,913,172,109.952,135.815,0
4190,69.90317,free_swing,811,286,887,157,107.266,149.496,0
4191,69.91985,free_swing,813,294,858,151,104.216,162.532,0
4192,69.93653,free_swing,814,305,826,154,100.138,175.456,0
4193,69.95322,free_swing,815,316,795,165,96.009,-172.455,0
4194,69.9699,free_swing,815,329,763,186,91.131,-160.017,0
4195,69.98658,free_swing,814,343,733,214,85.833,-147.875,0
4196,70.00327,free_swing,814,356,707,249,80.969,-135.000,0
4197,70.01995,free_swing,809,375,683,289,73.589,-124.315,0
4198,70.03663,free_swing,800,395,657,335,65.304,-112.762,0
4199,70.05332,free_swing,787,416,642,377,55.886,-105.054,0
4200,70.07,free_swing,772,434,620,426,46.900,-93.013,0
4201,70.08668,free_swing,755,452,603,478,37.476,-80.293,0
4202,70.10337,free_swing,730,467,588,533,26.395,-65.072,0
4203,70.12005,free_swing,695,478,586,586,12.362,-45.264,0
4204,70.13673,free_swing,,,604,626,,,1
4205,70.15342,free_swing,604,470,636,613,-23.148,12.614,0
4206,70.1701,free_swing,573,451,655,576,-37.100,33.265,0
4207,70.18678,free_swing,552,434,667,532,-47.420,49.563,0
4208,70.20347,free_swing,538,417,674,486,-55.784,63.099,0
4209,70.22015,free_swing,528,400,676,441,-63.265,74.516,0
4210,70.23683,free_swing,520,382,673,396,-70.728,84.772,0
4211,70.25352,free_swing,514,362,668,357,-78.616,91.860,0
4212,70.2702,free_swing,510,337,662,315,-88.128,98.236,0
4213,70.28688,free_swing,509,313,660,285,-97.033,100.505,0
4214,70.30357,free_swing,512,291,661,252,-105.191,104.668,0
4215,70.32025,free_swing,518,270,662,218,-113.151,109.855,0
4216,70.33693,free_swing,526,253,663,187,-119.970,115.723,0
4217,70.35362,free_swing,535,239,663,159,-126.001,122.005,0
4218,70.3703,free_swing,544,227,661,131,-131.424,129.369,0
4219,70.38698,free_swing,553,218,657,109,-136.023,136.345,0
4220,70.40367,free_swing,561,210,651,90,-140.102,143.130,0
4221,70.42035,free_swing,566,205,644,76,-142.628,148.841,0
4222,70.43703,free_swing,568,204,634,70,-143.418,153.778,0
4223,70.45372,free_swing,566,205,626,68,-142.628,156.349,0
4224,70.4704,free_swing,560,210,617,71,-139.827,157.703,0
4225,70.48708,free_swing,553,216,608,75,-136.521,158.691,0
4226,70.50377,free_swing,546,225,598,82,-132.444,160.017,0
4227,70.52045,free_swing,536,237,589,94,-126.798,159.664,0
4228,70.53713,free_swing,527,252,579,109,-120.466,160.017,0
4229,70.55382,free_swing,519,269,569,126,-113.629,160.728,0
4230,70.5705,free_swing,,,557,145,,,1
4231,70.58718,free_swing,506,324,546,165,-92.917,165.879,0
4232,70.60387,free_swing,506,350,532,189,-83.460,170.826,0
4233,70.62055,free_swing,515,379,516,214,-72.382,179.653,0
4234,70.63723,free_swing,529,405,497,244,-61.420,-168.759,0
4235,70.65392,free_swing,546,429,477,282,-50.339,-154.855,0
4236,70.6706,free_swing,567,448,460,331,-39.611,-137.556,0
4237,70.68728,free_swing,587,461,449,392,-30.504,-116.565,0
4238,70.70397,free_swing,606,470,452,466,-22.443,-91.488,0
4239,70.72065,free_swing,620,475,481,538,-16.736,-65.618,0
4240,70.73733,free_swing,631,478,566,614,-12.362,-25.545,0
4241,70.75402,free_swing,640,480,647,631,-8.833,2.654,0
4242,70.7707,free_swing,655,481,730,612,-3.073,29.792,0
4243,70.78738,free_swing,677,479,797,574,5.440,51.633,0
4244,70.80407,free_swing,707,474,851,525,17.216,70.498,0
4245,70.82075,free_swing,737,460,886,484,30.033,80.850,0
4246,70.83743,free_swing,768,439,917,443,44.459,88.462,0
4247,70.85412,free_swing,791,411,941,407,58.318,91.528,0
4248,70.8708,free_swing,807,379,948,382,71.924,88.781,0
4249,70.88748,free_swing,814,345,,,85.079,,1
4250,70.90417,free_swing,815,313,,,97.125,,1
4251,70.92085,free_swing,812,292,,,105.027,,1
4252,70.93753,free_swing,809,281,948,257,109.255,99.796,0
4253,70.95422,free_swing,807,275,946,233,111.595,106.813,0
4254,70.9709,free_swing,807,274,940,205,111.938,117.420,0
4255,70.98758,free_swing,808,275,925,182,111.460,128.480,0
4256,71.00427,free_swing,809,280,902,163,109.604,141.520,0
4257,71.02095,free_swing,811,286,878,152,107.266,153.435,0
4258,71.03763,free_swing,813,295,850,149,103.856,165.779,0
4259,71.05432,free_swing,814,306,819,154,99.770,178.116,0
4260,71.071,free_swing,815,317,788,168,95.636,-169.729,0
4261,71.08768,free_swing,815,331,758,190,90.377,-157.989,0
4262,71.10437,free_swing,813,346,730,219,84.668,-146.834,0
4263,71.12105,free_swing,812,362,706,253,78.616,-135.799,0
4264,71.13773,free_swing,808,379,683,292,72.041,-124.838,0
4265,71.15442,free_swing,796,401,656,336,62.580,-114.905,0
4266,71.1711,free_swing,783,421,639,375,53.437,-107.716,0
4267,71.18778,free_swing,767,439,616,422,44.185,-96.423,0
4268,71.20447,free_swing,747,456,595,470,34.114,-84.738,0
4269,71.22115,free_swing,722,470,575,522,23.148,-70.519,0
4270,71.23783,free_swing,688,478,568,575,9.717,-51.050,0
4271,71.25452,free_swing,,,580,619,,,1
4272,71.2712,free_swing,598,468,612,614,-25.545,5.477,0
4273,71.28788,free_swing,567,447,636,579,-39.855,27.597,0
4274,71.30457,free_swing,548,428,651,536,-50.145,43.643,0
4275,71.32125,free_swing,533,410,661,492,-59.036,57.355,0
4276,71.33793,free_swing,524,393,668,447,-66.306,69.444,0
4277,71.35462,free_swing,518,376,669,404,-73.120,79.495,0
4278,71.3713,free_swing,512,354,666,362,-81.711,87.026,0
4279,71.38798,free_swing,510,331,662,317,-90.374,95.262,0
4280,71.40467,free_swing,510,308,662,289,-98.915,97.125,0
4281,71.42135,free_swing,514,286,664,255,-107.157,101.677,0
4282,71.43803,free_swing,520,266,666,222,-114.775,106.771,0
4283,71.45472,free_swing,528,250,668,191,-121.275,112.852,0
4284,71.4714,free_swing,536,237,668,161,-126.798,119.932,0
4285,71.48808,free_swing,545,226,666,135,-131.934,126.946,0
4286,71.50477,free_swing,554,218,661,114,-136.284,134.185,0
4287,71.52145,free_swing,560,211,655,95,-139.594,140.684,0
4288,71.53813,free_swing,564,207,648,82,-141.621,146.099,0
4289,71.55482,free_swing,565,206,638,75,-142.125,150.871,0
4290,71.5715,free_swing,561,210,625,73,-140.102,154.960,0
4291,71.58818,free_swing,555,215,615,76,-137.291,156.652,0
4292,71.60487,free_swing,548,222,604,82,-133.727,158.199,0
4293,71.62155,free_swing,540,232,593,90,-129.111,159.532,0
4294,71.63823,free_swing,532,245,582,101,-123.589,160.852,0
4295,71.65492,free_swing,523,261,570,116,-116.892,162.041,0
4296,71.6716,free_swing,516,280,557,133,-109.481,164.416,0
4297,71.68828,free_swing,508,313,544,152,-96.988,167.396,0
4298,71.70497,free_swing,,,530,174,,,1
4299,71.72165,free_swing,,,513,198,,,1
4300,71.73833,free_swing,519,390,495,227,-68.062,-171.624,0
4301,71.75502,free_swing,536,413,473,263,-57.470,-157.218,0
4302,71.7717,free_swing,552,435,454,308,-47.141,-142.344,0
4303,71.78838,free_swing,570,449,443,363,-38.480,-124.104,0
4304,71.80507,free_swing,589,462,440,434,-29.650,-100.643,0
4305,71.82175,free_swing,604,469,459,515,-23.299,-72.399,0
4306,71.83843,free_swing,615,474,518,588,-18.677,-40.394,0
4307,71.85512,free_swing,625,477,599,625,-14.685,-9.964,0
4308,71.8718,free_swing,639,479,688,623,-9.273,18.792,0
4309,71.88848,free_swing,659,480,759,596,-1.548,40.764,0
4310,71.90517,free_swing,689,478,827,553,10.098,61.477,0
4311,71.92185,free_swing,720,468,865,515,22.739,72.041,0
4312,71.93853,free_swing,755,450,901,476,37.942,79.902,0
4313,71.95522,free_swing,781,426,931,442,51.459,83.911,0
4314,71.9719,free_swing,801,396,947,412,65.120,83.746,0
4315,71.98858,free_swing,812,361,,,78.986,,1
4316,72.00527,free_swing,816,328,,,91.498,,1
4317,72.02195,free_swing,814,300,,,101.965,,1
4318,72.03863,free_swing,809,283,,,108.553,,1
4319,72.05532,free_swing,807,275,948,255,111.595,98.073,0
4320,72.072,free_swing,806,271,946,229,113.102,106.699,0
4321,72.08868,free_swing,807,272,937,200,112.620,118.980,0
4322,72.10537,free_swing,808,275,920,176,111.460,131.474,0
4323,72.12205,free_swing,810,281,894,157,109.134,145.886,0
4324,72.13873,free_swing,812,288,866,149,106.452,158.769,0
4325,72.15542,free_swing,813,298,834,148,102.771,172.030,0
4326,72.1721,free_swing,814,308,802,157,99.031,-175.456,0
4327,72.18878,free_swing,815,320,768,175,94.514,-162.041,0
4328,72.20547,free_swing,815,334,738,203,89.246,-149.554,0
4329,72.22215,free_swing,815,347,711,236,84.364,-136.865,0
4330,72.23883,free_swing,812,363,686,278,78.247,-124.004,0
4331,72.25552,free_swing,806,382,667,318,70.728,-114.723,0
4332,72.2722,free_swing,796,402,648,368,62.241,-102.938,0
4333,72.28888,free_swing,783,421,632,419,53.437,-90.759,0
4334,72.30557,free_swing,767,439,615,471,44.185,-78.111,0
4335,72.32225,free_swing,743,458,604,530,32.412,-62.616,0
4336,72.33893,free_swing,713,472,603,583,19.654,-44.741,0
4337,72.35562,free_swing,,,622,626,,,1
4338,72.3723,free_swing,621,478,654,620,-16.049,13.083,0
4339,72.38898,free_swing,587,460,672,582,-30.700,34.866,0
4340,72.40567,free_swing,564,444,681,539,-41.474,50.925,0
4341,72.42235,free_swing,547,428,683,492,-50.389,64.799,0
4342,72.43903,free_swing,535,411,684,447,-58.318,76.417,0
4343,72.45572,free_swing,525,394,679,404,-65.807,86.285,0
4344,72.4724,free_swing,517,375,671,363,-73.589,94.456,0
4345,72.48908,free_swing,511,349,662,318,-83.618,101.602,0
4346,72.50577,free_swing,509,326,659,294,-92.231,102.043,0
4347,72.52245,free_swing,510,302,658,260,-101.094,105.843,0
4348,72.53913,free_swing,515,280,659,227,-109.359,110.206,0
4349,72.55582,free_swing,522,261,660,197,-116.727,114.880,0
4350,72.5725,free_swing,530,245,660,167,-123.190,120.964,0
4351,72.58918,free_swing,540,233,657,140,-128.830,128.480,0
4352,72.60587,free_swing,548,223,654,116,-133.466,135.269,0
4353,72.62255,free_swing,555,215,648,97,-137.291,141.757,0
4354,72.63923,free_swing,562,209,642,82,-140.609,147.792,0
4355,72.65592,free_swing,565,206,634,73,-142.125,152.580,0
4356,72.6726,free_swing,564,207,626,69,-141.621,155.807,0
4357,72.68928,free_swing,560,211,616,70,-139.594,158.339,0
4358,72.70597,free_swing,554,216,607,74,-136.782,159.532,0
4359,72.72265,free_swing,547,224,597,81,-132.955,160.728,0
4360,72.73933,free_swing,538,236,587,92,-127.524,161.208,0
4361,72.75602,free_swing,529,249,578,105,-121.774,161.208,0
4362,72.7727,free_swing,520,266,568,121,-114.775,161.684,0
4363,72.78938,free_swing,515,285,557,139,-107.618,163.951,0
4364,72.80607,free_swing,506,319,546,159,-94.733,165.964,0
4365,72.82275,free_swing,507,344,533,183,-85.601,170.826,0
4366,72.83943,free_swing,514,369,518,207,-76.054,178.586,0
4367,72.85612,free_swing,526,398,501,235,-64.277,-171.280,0
4368,72.8728,free_swing,540,423,482,270,-53.505,-159.239,0
4369,72.88948,free_swing,560,442,463,316,-43.118,-142.409,0
4370,72.90617,free_swing,581,458,449,373,-33.056,-122.779,0
4371,72.92285,free_swing,601,468,453,435,-24.507,-102.570,0
4372,72.93953,free_swing,616,473,471,520,-18.435,-72.041,0
4373,72.95622,free_swing,628,477,529,591,-13.570,-40.972,0
4374,72.9729,free_swing,637,480,625,629,-9.964,-4.604,0
4375,72.98958,free_swing,650,480,705,621,-5.020,21.309,0
4376,73.00627,free_swing,670,480,777,588,2.708,44.734,0
4377,73.02295,free_swing,697,476,835,542,13.285,64.440,0
4378,73.03963,free_swing,728,465,872,495,26.046,78.232,0
4379,73.05632,free_swing,759,445,907,456,40.350,85.749,0
4380,73.073,free_swing,784,421,935,418,53.664,91.138,0
4381,73.08968,free_swing,803,389,947,387,67.847,90.796,0
4382,73.10637,free_swing,813,357,,,80.538,,1
4383,73.12305,free_swing,816,326,,,92.246,,1
4384,73.13973,free_swing,813,298,,,102.771,,1
4385,73.15642,free_swing,810,284,,,108.083,,1
4386,73.1731,free_swing,808,278,947,243,110.426,104.133,0
4387,73.18978,free_swing,808,275,943,215,111.460,113.962,0
4388,73.20647,free_swing,808,277,930,190,110.772,125.493,0
4389,73.22315,free_swing,810,280,910,169,109.481,137.984,0
4390,73.23983,free_swing,811,287,884,156,106.912,150.871,0
4391,73.25652,free_swing,813,295,857,151,103.856,163.009,0
4392,73.2732,free_swing,814,305,827,155,100.138,175.047,0
4393,73.28988,free_swing,815,316,796,166,96.009,-172.781,0
4394,73.30657,free_swing,814,330,766,186,90.759,-161.565,0
4395,73.32325,free_swing,813,345,738,212,85.047,-150.581,0
4396,73.33993,free_swing,814,359,711,246,79.862,-137.651,0
4397,73.35662,free_swing,808,378,689,284,72.399,-128.306,0
4398,73.3733,free_swing,799,398,668,320,64.113,-120.770,0
4399,73.38998,free_swing,786,418,644,365,55.039,-110.468,0
4400,73.40667,free_swing,770,435,620,410,46.091,-99.462,0
4401,73.42335,free_swing,749,454,597,459,35.181,-88.116,0
4402,73.44003,free_swing,726,467,577,510,25.017,-73.902,0
4403,73.45672,free_swing,695,478,567,561,12.362,-57.039,0
4404,73.4734,free_swing,657,483,571,611,-2.275,-33.896,0
4405,73.49008,free_swing,606,475,602,619,-21.732,-1.591,0
4406,73.50677,free_swing,572,451,628,588,-37.405,22.233,0
4407,73.52345,free_swing,551,431,646,547,-48.526,39.316,0
4408,73.54013,free_swing,536,413,658,504,-57.470,53.281,0
4409,73.55682,free_swing,525,397,666,458,-64.779,66.606,0
4410,73.5735,free_swing,519,380,669,414,-71.565,77.229,0
4411,73.59018,free_swing,514,360,667,373,-79.357,85.143,0
4412,73.60687,free_swing,510,338,667,340,-87.754,89.270,0
4413,73.62355,free_swing,509,314,662,301,-96.667,94.857,0
4414,73.64023,free_swing,512,291,664,264,-105.191,100.072,0
4415,73.65692,free_swing,518,271,667,231,-112.816,105.027,0
4416,73.6736,free_swing,526,253,669,199,-119.970,110.688,0
4417,73.69028,free_swing,534,239,670,169,-125.789,117.235,0
4418,73.70697,free_swing,543,228,670,144,-130.914,123.481,0
4419,73.72365,free_swing,552,219,665,120,-135.512,131.222,0
4420,73.74033,free_swing,559,212,660,100,-139.086,137.956,0
4421,73.75702,free_swing,564,207,652,85,-141.621,144.197,0
4422,73.7737,free_swing,566,206,643,76,-142.409,149.361,0
4423,73.79038,free_swing,564,208,633,73,-141.397,152.928,0
4424,73.80707,free_swing,558,212,622,74,-138.814,155.120,0
4425,73.82375,free_swing,551,218,612,80,-135.507,156.153,0
4426,73.84043,free_swing,543,228,601,87,-130.914,157.640,0
4427,73.85712,free_swing,535,240,589,98,-125.707,159.179,0
4428,73.8738,free_swing,526,255,578,112,-119.338,160.017,0
4429,73.89048,free_swing,517,274,566,128,-111.666,161.447,0
4430,73.90717,free_swing,511,296,553,147,-103.325,164.258,0
4431,73.92385,free_swing,,,538,167,,,1
4432,73.94053,free_swing,507,354,523,191,-81.973,174.394,0
4433,73.95722,free_swing,518,379,505,217,-72.041,-175.412,0
4434,73.9739,free_swing,531,406,485,249,-60.725,-163.670,0
4435,73.99058,free_swing,,,464,290,,,1
4436,74.00727,free_swing,564,445,446,342,-41.222,-131.117,0
4437,74.02395,free_swing,584,459,440,408,-31.884,-109.502,0
4438,74.04063,free_swing,601,468,449,486,-24.507,-83.246,0
4439,74.05732,free_swing,613,473,493,563,-19.525,-53.130,0
4440,74.074,free_swing,623,476,575,620,-15.524,-18.435,0
4441,74.09068,free_swing,635,479,667,628,-10.784,12.121,0
4442,74.10737,free_swing,653,480,738,606,-3.865,34.004,0
4443,74.12405,free_swing,680,479,802,568,6.597,53.889,0
4444,74.14073,free_swing,711,473,852,526,18.800,69.399,0
4445,74.15742,free_swing,743,457,890,487,32.619,78.465,0
4446,74.1741,free_swing,772,433,922,449,47.182,83.911,0
4447,74.19078,free_swing,795,405,943,417,61.056,85.365,0
4448,74.20747,free_swing,810,372,,,74.778,,1
4449,74.22415,free_swing,816,340,,,87.007,,1
4450,74.24083,free_swing,815,307,,,99.340,,1
4451,74.25752,free_swing,811,288,,,106.557,,1
4452,74.2742,free_swing,807,278,948,263,110.556,96.072,0
4453,74.29088,free_swing,806,273,947,237,112.420,104.323,0
4454,74.30757,free_swing,807,272,941,209,112.620,115.181,0
4455,74.32425,free_swing,808,275,926,184,111.460,127.639,0
4456,74.34093,free_swing,809,280,903,163,109.604,141.221,0
4457,74.35762,free_swing,811,287,876,152,106.912,154.290,0
4458,74.3743,free_swing,813,296,847,149,103.496,166.977,0
4459,74.39098,free_swing,814,306,815,154,99.770,179.623,0
4460,74.40767,free_swing,815,318,782,169,95.262,-167.512,0
4461,74.42435,free_swing,815,332,751,193,90.000,-155.277,0
4462,74.44103,free_swing,815,345,723,224,85.112,-142.753,0
4463,74.45772,free_swing,813,361,698,263,79.058,-130.437,0
4464,74.4744,free_swing,807,378,675,302,72.284,-119.932,0
4465,74.49108,free_swing,798,398,653,348,63.947,-109.026,0
4466,74.50777,free_swing,785,418,635,394,54.819,-99.090,0
4467,74.52445,free_swing,768,437,616,445,45.000,-86.987,0
4468,74.54113,free_swing,748,455,599,499,34.647,-73.548,0
4469,74.55782,free_swing,721,469,590,552,22.946,-57.642,0
4470,74.5745,free_swing,685,480,594,605,8.455,-36.055,0
4471,74.59118,free_swing,,,621,628,,,1
4472,74.60787,free_swing,597,466,649,602,-26.222,20.925,0
4473,74.62455,free_swing,569,447,665,562,-39.262,39.855,0
4474,74.64123,free_swing,549,430,674,517,-49.316,55.162,0
4475,74.65792,free_swing,536,414,677,471,-57.151,67.989,0
4476,74.6746,free_swing,527,398,677,426,-64.113,79.426,0
4477,74.69128,free_swing,519,380,672,386,-71.565,87.754,0
4478,74.70797,free_swing,513,357,668,347,-80.538,93.691,0
4479,74.72465,free_swing,509,332,661,311,-90.000,97.866,0
4480,74.74133,free_swing,509,309,659,276,-98.494,102.407,0
4481,74.75802,free_swing,514,286,660,242,-107.157,106.771,0
4482,74.7747,free_swing,520,266,663,211,-114.775,111.038,0
4483,74.79138,free_swing,528,250,663,180,-121.275,117.408,0
4484,74.80807,free_swing,537,236,662,153,-127.304,123.584,0
4485,74.82475,free_swing,546,226,660,128,-132.176,130.684,0
4486,74.84143,free_swing,554,217,655,106,-136.534,137.701,0
4487,74.85812,free_swing,560,211,649,90,-139.594,143.664,0
4488,74.8748,free_swing,563,208,640,78,-141.116,149.361,0
4489,74.89148,free_swing,562,208,630,73,-140.837,153.265,0
4490,74.90817,free_swing,558,212,619,73,-138.814,156.306,0
4491,74.92485,free_swing,552,218,609,77,-135.764,157.989,0
4492,74.94153,free_swing,545,225,598,84,-132.201,159.399,0
4493,74.95822,free_swing,537,237,587,94,-127.015,160.728,0
4494,74.9749,free_swing,528,250,577,107,-121.275,161.086,0
4495,74.99158,free_swing,520,268,566,122,-114.111,162.512,0
4496,75.00827,free_swing,514,287,553,139,-106.805,165.237,0
4497,75.02495,free_swing,507,312,540,159,-97.306,167.829,0
4498,75.04163,free_swing,506,345,525,182,-85.267,173.351,0
4499,75.05832,free_swing,,,509,207,,,1
4500,75.075,free_swing,524,398,490,238,-64.601,-168.003,0
4501,75.09168,free_swing,539,424,470,274,-53.427,-155.298,0
4502,75.10837,free_swing,558,439,452,323,-44.459,-137.579,0
4503,75.12505,free_swing,577,455,439,384,-34.961,-117.225,0
4504,75.14173,free_swing,595,465,448,448,-27.080,-96.597,0
4505,75.15842,free_swing,609,471,472,533,-21.231,-65.651,0
4506,75.1751,free_swing,621,476,536,600,-16.260,-34.430,0
4507,75.19178,free_swing,631,479,633,631,-12.281,0.754,0
4508,75.20847,free_swing,646,480,710,618,-6.553,24.880,0
4509,75.22515,free_swing,669,480,780,584,2.322,46.865,0
4510,75.24183,free_swing,700,475,836,543,14.507,63.435,0
4511,75.25852,free_swing,731,464,876,501,27.255,75.685,0
4512,75.2752,free_swing,762,443,910,464,41.730,81.924,0
4513,75.29188,free_swing,787,418,937,429,55.257,85.806,0
4514,75.30857,free_swing,805,385,948,400,69.532,84.012,0
4515,75.32525,free_swing,814,353,,,82.082,,1
4516,75.34193,free_swing,815,320,,,94.514,,1
4517,75.35862,free_swing,813,292,,,104.931,,1
4518,75.3753,free_swing,807,277,,,110.904,,1
4519,75.39198,free_swing,805,270,948,251,113.587,97.568,0
4520,75.40867,free_swing,804,266,945,220,115.084,108.068,0
4521,75.42535,free_swing,805,266,934,193,114.928,119.505,0
4522,75.44203,free_swing,806,270,915,169,113.440,132.818,0
4523,75.45872,free_swing,808,276,892,153,111.117,145.670,0
4524,75.4754,free_swing,810,284,865,145,108.083,158.412,0
4525,75.49208,free_swing,812,294,833,144,104.307,172.030,0
4526,75.50877,free_swing,814,304,802,153,100.505,-175.456,0
4527,75.52545,free_swing,815,317,770,171,95.636,-162.870,0
4528,75.54213,free_swing,815,330,741,198,90.754,-150.725,0
4529,75.55882,free_swing,816,345,714,231,85.143,-138.180,0
4530,75.5755,free_swing,813,360,690,272,79.426,-125.582,0
4531,75.59218,free_swing,808,380,669,314,71.684,-115.399,0
4532,75.60887,free_swing,796,402,651,360,62.241,-106.154,0
4533,75.62555,free_swing,782,423,631,410,52.595,-94.921,0
4534,75.64223,free_swing,766,440,614,461,43.643,-82.134,0
4535,75.65892,free_swing,744,457,600,515,32.943,-68.062,0
4536,75.6756,free_swing,716,472,596,570,20.735,-50.763,0
4537,75.69228,free_swing,,,607,620,,,1
4538,75.70897,free_swing,,,639,624,,,1
4539,75.72565,free_swing,588,461,661,589,-30.174,29.697,0
4540,75.74233,free_swing,563,443,673,546,-42.016,46.882,0
4541,75.75902,free_swing,546,427,678,501,-50.925,60.725,0
4542,75.7757,free_swing,533,410,680,455,-59.036,72.979,0
4543,75.79238,free_swing,525,393,677,411,-66.153,83.246,0
4544,75.80907,free_swing,518,374,670,370,-73.846,91.507,0
4545,75.82575,free_swing,511,350,667,340,-83.246,93.668,0
4546,75.84243,free_swing,509,325,660,300,-92.603,99.401,0
4547,75.85912,free_swing,511,301,660,265,-101.527,103.583,0
4548,75.8758,free_swing,516,279,661,231,-109.826,108.316,0
4549,75.89248,free_swing,523,259,663,200,-117.539,112.852,0
4550,75.90917,free_swing,532,245,664,169,-123.589,119.932,0
4551,75.92585,free_swing,541,232,663,144,-129.341,125.803,0
4552,75.94253,free_swing,549,222,658,119,-133.977,133.379,0
4553,75.95922,free_swing,557,214,653,99,-138.066,140.145,0
4554,75.9759,free_swing,563,208,647,83,-141.116,146.099,0
4555,75.99258,free_swing,566,206,637,72,-142.409,152.083,0
4556,76.00927,free_swing,565,207,628,70,-141.904,155.304,0
4557,76.02595,free_swing,560,210,619,72,-139.827,156.852,0
4558,76.04263,free_swing,554,216,609,75,-136.782,158.691,0
4559,76.05932,free_swing,546,225,600,82,-132.444,159.312,0
4560,76.076,free_swing,537,236,588,93,-127.304,160.372,0
4561,76.09268,free_swing,529,249,579,106,-121.774,160.728,0
4562,76.10937,free_swing,520,267,569,122,-114.444,161.328,0
4563,76.12605,free_swing,514,287,556,141,-106.805,163.951,0
4564,76.14273,free_swing,,,545,160,,,1
4565,76.15942,free_swing,506,346,531,184,-84.904,171.227,0
4566,76.1761,free_swing,516,370,515,209,-75.506,-179.644,0
4567,76.19278,free_swing,527,400,497,237,-63.435,-169.571,0
4568,76.20947,free_swing,542,425,477,274,-52.454,-156.710,0
4569,76.22615,free_swing,560,442,458,323,-43.118,-139.399,0
4570,76.24283,free_swing,580,457,445,381,-33.584,-119.378,0
4571,76.25952,free_swing,600,467,447,443,-25.017,-98.915,0
4572,76.2762,free_swing,615,473,474,530,-18.800,-67.989,0
4573,76.29288,free_swing,625,477,535,597,-14.685,-36.870,0
4574,76.30957,free_swing,635,479,843,20,-10.784,155.622,0
4575,76.32625,free_swing,650,480,711,618,-5.020,23.847,0
4576,76.34293,free_swing,671,480,785,582,3.094,48.180,0
4577,76.35962,free_swing,700,475,837,541,14.507,64.277,0
4578,76.3763,free_swing,732,464,878,496,27.597,77.638,0
4579,76.39298,free_swing,763,442,910,455,42.274,84.946,0
4580,76.40967,free_swing,786,419,937,420,54.728,89.621,0
4581,76.42635,free_swing,805,386,948,392,69.179,87.597,0
4582,76.44303,free_swing,814,354,,,81.711,,1
4583,76.45972,free_swing,816,321,,,94.112,,1
4584,76.4764,free_swing,813,295,,,103.856,,1
4585,76.49308,free_swing,809,283,949,263,108.553,98.130,0
4586,76.50977,free_swing,807,277,948,245,110.904,102.787,0
4587,76.52645,free_swing,807,275,943,215,111.595,113.806,0
4588,76.54313,free_swing,808,277,929,190,110.772,125.716,0
4589,76.55982,free_swing,810,282,907,169,108.785,139.357,0
4590,76.5765,free_swing,812,289,880,156,106.098,152.920,0
4591,76.59318,free_swing,813,299,851,153,102.407,165.411,0
4592,76.60987,free_swing,815,309,820,158,98.604,178.103,0
4593,76.62655,free_swing,815,321,787,172,94.139,-169.357,0
4594,76.64323,free_swing,815,334,757,194,89.246,-157.496,0
4595,76.65992,free_swing,813,349,728,223,83.534,-145.996,0
4596,76.6766,free_swing,811,365,702,259,77.430,-134.201,0
4597,76.69328,free_swing,805,384,679,300,69.887,-123.690,0
4598,76.70997,free_swing,795,404,653,344,61.390,-112.906,0
4599,76.72665,free_swing,781,425,636,388,51.757,-104.315,0
4600,76.74333,free_swing,764,441,613,435,42.818,-92.275,0
4601,76.76002,free_swing,746,457,594,484,33.584,-79.928,0
4602,76.7767,free_swing,717,471,580,539,21.231,-63.602,0
4603,76.79338,free_swing,685,480,576,592,8.455,-44.222,0
4604,76.81007,free_swing,,,598,626,,,1
4605,76.82675,free_swing,595,465,629,606,-27.080,13.557,0
4606,76.84343,free_swing,565,444,649,568,-41.186,34.114,0
4607,76.86012,free_swing,546,427,662,525,-50.925,49.808,0
4608,76.8768,free_swing,533,410,669,479,-59.036,63.099,0
4609,76.89348,free_swing,525,393,673,434,-66.153,74.516,0
4610,76.91017,free_swing,518,374,670,392,-73.846,83.246,0
4611,76.92685,free_swing,512,351,667,351,-82.828,90.000,0
4612,76.94353,free_swing,509,329,663,313,-91.116,95.932,0
4613,76.96022,free_swing,510,305,661,280,-100.008,99.401,0
4614,76.9769,free_swing,515,283,663,245,-108.319,104.400,0
4615,76.99358,free_swing,521,264,665,213,-115.589,109.502,0
4616,77.01027,free_swing,530,246,667,181,-122.887,115.382,0
4617,77.02695,free_swing,539,233,668,155,-128.603,121.159,0
4618,77.04363,free_swing,549,222,664,127,-133.977,129.560,0
4619,77.06032,free_swing,557,214,660,104,-138.066,136.882,0
4620,77.077,free_swing,565,207,655,87,-141.904,143.130,0
4621,77.09368,free_swing,569,203,649,77,-143.920,147.588,0
4622,77.11037,free_swing,570,202,641,71,-144.421,151.543,0
4623,77.12705,free_swing,566,205,632,68,-142.628,154.277,0
4624,77.14373,free_swing,561,210,622,72,-140.102,156.153,0
4625,77.16042,free_swing,554,216,611,76,-136.782,157.847,0
4626,77.1771,free_swing,545,226,602,85,-131.934,157.989,0
4627,77.19378,free_swing,536,238,591,97,-126.507,158.691,0
4628,77.21047,free_swing,526,254,582,111,-119.655,158.614,0
4629,77.22715,free_swing,518,272,571,129,-112.479,159.664,0
4630,77.24383,free_swing,506,303,559,148,-100.465,161.123,0
4631,77.26052,free_swing,504,327,546,170,-91.801,165.023,0
4632,77.2772,free_swing,,,533,193,,,1
4633,77.29388,free_swing,516,383,516,217,-70.866,180.000,0
4634,77.31057,free_swing,531,410,496,249,-59.421,-167.735,0
4635,77.32725,free_swing,549,433,476,288,-48.460,-153.277,0
4636,77.34393,free_swing,569,452,458,340,-38.073,-135.257,0
4637,77.36062,free_swing,590,463,449,400,-29.129,-114.075,0
4638,77.3773,free_swing,609,471,455,477,-21.231,-87.769,0
4639,77.39398,free_swing,622,475,499,561,-15.998,-55.039,0
4640,77.41067,free_swing,632,479,577,618,-11.908,-21.588,0
4641,77.42735,free_swing,642,480,660,630,-8.076,6.843,0
4642,77.44403,free_swing,657,481,740,608,-2.306,33.166,0
4643,77.46072,free_swing,681,479,805,567,6.981,54.638,0
4644,77.4774,free_swing,710,472,854,521,18.558,71.208,0
4645,77.49408,free_swing,743,457,892,476,32.619,82.733,0
4646,77.51077,free_swing,773,434,921,436,47.161,89.226,0
4647,77.52745,free_swing,794,407,943,401,60.208,92.306,0
4648,77.54413,free_swing,808,374,,,73.846,,1
4649,77.56082,free_swing,815,342,,,86.236,,1
4650,77.5775,free_swing,815,310,,,98.236,,1
4651,77.59418,free_swing,812,291,,,105.385,,1
4652,77.61087,free_swing,808,280,948,252,109.729,101.310,0
4653,77.62755,free_swing,807,275,946,229,111.595,108.311,0
4654,77.64423,free_swing,808,273,937,202,112.141,118.828,0
4655,77.66092,free_swing,808,277,922,179,110.772,130.684,0
4656,77.6776,free_swing,810,282,899,161,108.785,143.664,0
4657,77.69428,free_swing,812,288,875,152,106.452,155.145,0
4658,77.71097,free_swing,813,298,845,151,102.771,167.719,0
4659,77.72765,free_swing,814,308,815,157,99.031,179.621,0
4660,77.74433,free_swing,815,321,785,172,94.139,-168.616,0
4661,77.76102,free_swing,814,335,755,195,88.862,-157.148,0
4662,77.7777,free_swing,813,351,727,224,82.781,-145.896,0
4663,77.79438,free_swing,811,366,703,261,77.062,-134.193,0
4664,77.81107,free_swing,804,386,680,299,69.044,-125.054,0
4665,77.82775,free_swing,795,406,653,342,60.725,-114.261,0
4666,77.84443,free_swing,779,426,634,382,50.981,-106.880,0
4667,77.86112,free_swing,761,444,610,426,41.186,-96.798,0
4668,77.8778,free_swing,740,460,587,474,31.030,-84.772,0
4669,77.89448,free_swing,713,473,568,527,19.525,-69.574,0
4670,77.91117,free_swing,679,481,560,578,6.129,-50.816,0
4671,77.92785,free_swing,,,574,619,,,1
4672,77.94453,free_swing,588,462,607,609,-29.982,7.365,0
4673,77.96122,free_swing,561,441,631,572,-43.100,28.118,0
4674,77.9779,free_swing,543,422,646,531,-53.130,43.379,0
4675,77.99458,free_swing,530,404,658,485,-61.571,57.674,0
4676,78.01127,free_swing,521,388,665,441,-68.477,69.794,0
4677,78.02795,free_swing,516,370,667,398,-75.506,79.495,0
4678,78.04463,free_swing,511,348,665,357,-83.991,86.655,0
4679,78.06132,free_swing,509,323,663,315,-93.345,92.974,0
4680,78.078,free_swing,511,302,664,284,-101.165,96.710,0
4681,78.09468,free_swing,516,279,667,250,-109.826,100.871,0
4682,78.11137,free_swing,523,260,670,217,-117.216,106.305,0
4683,78.12805,free_swing,532,243,673,185,-124.192,112.360,0
4684,78.14473,free_swing,541,231,673,158,-129.620,118.944,0
4685,78.16142,free_swing,550,221,670,132,-134.488,126.563,0
4686,78.1781,free_swing,558,213,666,109,-138.576,133.919,0
4687,78.19478,free_swing,564,207,661,90,-141.621,140.339,0
4688,78.21147,free_swing,569,203,654,78,-143.920,145.784,0
4689,78.22815,free_swing,569,203,644,73,-143.920,150.018,0
4690,78.24483,free_swing,565,206,634,71,-142.125,152.928,0
4691,78.26152,free_swing,560,211,625,73,-139.594,154.779,0
4692,78.2782,free_swing,552,218,613,78,-135.764,156.457,0
4693,78.29488,free_swing,544,228,602,88,-131.152,157.496,0
4694,78.31157,free_swing,535,240,592,100,-125.707,157.847,0
4695,78.32825,free_swing,525,256,581,114,-118.843,158.477,0
4696,78.34493,free_swing,517,274,570,132,-111.666,159.532,0
4697,78.36162,free_swing,511,299,556,150,-102.249,163.195,0
4698,78.3783,free_swing,508,331,542,171,-90.370,168.003,0
4699,78.39498,free_swing,508,357,527,193,-80.838,173.392,0
4700,78.41167,free_swing,,,509,220,,,1
4701,78.42835,free_swing,532,411,488,253,-58.908,-164.438,0
4702,78.44503,free_swing,549,435,468,295,-47.902,-149.948,0
4703,78.46172,free_swing,569,449,449,347,-38.779,-130.365,0
4704,78.4784,free_swing,587,461,444,413,-30.504,-108.555,0
4705,78.49508,free_swing,606,470,455,492,-22.443,-81.711,0
4706,78.51177,free_swing,618,474,512,580,-17.583,-45.000,0
4707,78.52845,free_swing,628,478,580,620,-13.481,-18.677,0
4708,78.54513,free_swing,640,480,674,627,-8.833,13.023,0
4709,78.56182,free_swing,657,480,749,602,-2.322,37.020,0
4710,78.5785,free_swing,684,479,810,563,8.130,56.310,0
4711,78.59518,free_swing,714,471,858,518,20.148,71.924,0
4712,78.61187,free_swing,746,455,893,474,34.011,82.635,0
4713,78.62855,free_swing,775,430,925,440,48.814,86.186,0
4714,78.64523,free_swing,796,403,945,407,61.905,88.462,0
4715,78.66192,free_swing,810,370,,,75.506,,1
4716,78.6786,free_swing,816,337,,,88.128,,1
4717,78.69528,free_swing,815,308,,,98.973,,1
4718,78.71197,free_swing,811,292,,,105.124,,1
4719,78.72865,free_swing,809,284,948,254,108.199,102.179,0
4720,78.74533,free_swing,809,281,946,229,109.255,110.785,0
4721,78.76202,free_swing,810,281,936,203,109.134,121.759,0
4722,78.7787,free_swing,811,285,917,181,107.618,134.454,0
4723,78.79538,free_swing,812,291,892,164,105.385,147.792,0
4724,78.81207,free_swing,814,299,864,157,102.328,160.602,0
4725,78.82875,free_swing,814,309,832,158,98.661,173.202,0
4726,78.84543,free_swing,815,320,802,169,94.514,-175.079,0
4727,78.86212,free_swing,815,333,770,188,89.623,-162.759,0
4728,78.8788,free_swing,813,347,740,214,84.289,-151.239,0
4729,78.89548,free_swing,812,362,713,247,78.616,-139.276,0
4730,78.91217,free_swing,807,380,689,284,71.565,-129.130,0
4731,78.92885,free_swing,798,399,667,321,63.605,-120.770,0
4732,78.94553,free_swing,785,419,643,368,54.507,-109.756,0
4733,78.96222,free_swing,768,437,619,414,45.000,-98.775,0
4734,78.9789,free_swing,749,453,596,461,35.403,-87.007,0
4735,78.99558,free_swing,725,468,578,513,24.507,-72.979,0
4736,79.01227,free_swing,694,477,568,566,12.068,-54.765,0
4737,79.02895,free_swing,653,483,575,614,-3.789,-30.770,0
4738,79.04563,free_swing,603,473,607,618,-23.051,1.580,0
4739,79.06232,free_swing,571,450,633,584,-37.942,24.829,0
4740,79.079,free_swing,551,431,649,544,-48.526,40.934,0
4741,79.09568,free_swing,536,413,660,499,-57.470,55.257,0
4742,79.11237,free_swing,526,396,668,455,-64.960,67.437,0
4743,79.12905,free_swing,519,380,669,410,-71.565,78.690,0
4744,79.14573,free_swing,513,358,666,368,-80.166,86.260,0
4745,79.16242,free_swing,510,334,662,324,-89.251,93.764,0
4746,79.1791,free_swing,510,311,662,295,-97.815,96.009,0
4747,79.19578,free_swing,513,289,664,260,-105.996,100.871,0
4748,79.21247,free_swing,520,268,667,227,-114.111,105.584,0
4749,79.22915,free_swing,529,249,670,195,-121.774,110.956,0
4750,79.24583,free_swing,538,235,672,166,-127.811,117.245,0
4751,79.26252,free_swing,547,224,672,140,-132.955,123.901,0
4752,79.2792,free_swing,556,214,669,114,-137.799,131.507,0
4753,79.29588,free_swing,564,207,665,95,-141.621,137.956,0
4754,79.31257,free_swing,571,202,658,80,-144.713,144.507,0
4755,79.32925,free_swing,572,200,651,71,-145.418,148.517,0
4756,79.34593,free_swing,571,202,642,68,-144.713,152.083,0
4757,79.36262,free_swing,566,206,633,71,-142.409,153.605,0
4758,79.3793,free_swing,559,211,624,75,-139.321,154.455,0
4759,79.39598,free_swing,551,220,614,80,-135.000,155.772,0
4760,79.41267,free_swing,542,230,603,91,-130.130,156.306,0
4761,79.42935,free_swing,532,243,594,104,-124.192,155.961,0
4762,79.44603,free_swing,522,261,583,121,-116.727,156.457,0
4763,79.46272,free_swing,517,279,572,139,-109.952,158.552,0
4764,79.4794,free_swing,,,560,159,,,1
4765,79.49608,free_swing,504,339,547,181,-87.479,164.776,0
4766,79.51277,free_swing,508,367,532,203,-77.276,171.674,0
4767,79.52945,free_swing,,,514,231,,,1
4768,79.54613,free_swing,538,420,493,265,-54.854,-163.811,0
4769,79.56282,free_swing,559,443,473,307,-43.135,-147.693,0
4770,79.5795,free_swing,580,457,457,362,-33.584,-127.681,0
4771,79.59618,free_swing,602,468,454,431,-24.158,-104.036,0
4772,79.61287,free_swing,619,474,471,511,-17.216,-75.964,0
4773,79.62955,free_swing,630,478,525,585,-12.736,-44.459,0
4774,79.64623,free_swing,639,480,604,626,-9.211,-13.481,0
4775,79.66292,free_swing,650,480,700,623,-5.020,19.272,0
4776,79.6796,free_swing,669,480,774,589,2.322,43.929,0
4777,79.69628,free_swing,695,477,830,546,12.445,62.928,0
4778,79.71297,free_swing,726,466,873,495,25.181,78.840,0
4779,79.72965,free_swing,756,447,904,452,38.962,88.065,0
4780,79.74633,free_swing,784,421,933,412,53.664,93.457,0
4781,79.76302,free_swing,801,392,947,379,66.501,95.088,0
4782,79.7797,free_swing,813,360,,,79.426,,1
4783,79.79638,free_swing,816,325,,,92.620,,1
4784,79.81307,free_swing,814,299,,,102.328,,1
4785,79.82975,free_swing,810,286,,,107.376,,1
4786,79.84643,free_swing,808,280,946,235,109.729,108.060,0
4787,79.86312,free_swing,808,277,942,212,110.772,115.877,0
4788,79.8798,free_swing,809,278,927,188,110.298,127.333,0
4789,79.89648,free_swing,810,282,907,169,108.785,139.357,0
4790,79.91317,free_swing,811,288,883,156,106.557,151.390,0
4791,79.92985,free_swing,813,296,855,151,103.496,163.846,0
4792,79.94653,free_swing,814,306,826,156,99.770,175.426,0
4793,79.96322,free_swing,815,318,796,167,95.262,-172.828,0
4794,79.9799,free_swing,815,332,766,188,90.000,-161.208,0
4795,79.99658,free_swing,814,346,738,215,84.703,-149.880,0
4796,80.01327,free_swing,812,362,713,247,78.616,-139.276,0
4797,80.02995,free_swing,808,381,689,285,71.328,-128.894,0
4798,80.04663,free_swing,796,403,669,320,61.905,-123.166,0
4799,80.06332,free_swing,782,424,644,362,52.292,-114.193,0
4800,80.08,free_swing,765,441,619,405,43.100,-103.851,0
4801,80.09668,free_swing,744,457,593,449,32.943,-93.033,0
4802,80.11337,free_swing,721,470,569,499,22.797,-79.198,0
4803,80.13005,free_swing,690,480,553,549,10.339,-63.268,0
4804,80.14673,free_swing,649,481,551,598,-5.368,-39.950,0
4805,80.16342,free_swing,,,579,615,,,1
4806,80.1801,free_swing,570,448,609,588,-38.720,15.566,0
4807,80.19678,free_swing,546,426,629,551,-51.221,33.584,0
4808,80.21347,free_swing,532,407,645,507,-60.208,48.493,0
4809,80.23015,free_swing,522,390,656,463,-67.640,61.420,0
4810,80.24683,free_swing,517,372,663,419,-74.678,72.156,0
4811,80.26352,free_swing,513,351,663,376,-82.781,80.538,0
4812,80.2802,free_swing,510,330,666,344,-90.749,84.872,0
4813,80.29688,free_swing,510,305,664,302,-100.008,91.116,0
4814,80.31357,free_swing,515,283,667,266,-108.319,96.382,0
4815,80.33025,free_swing,522,264,671,233,-115.747,101.753,0
4816,80.34693,free_swing,530,247,676,200,-122.583,107.844,0
4817,80.36362,free_swing,539,233,678,169,-128.603,114.723,0
4818,80.3803,free_swing,548,223,678,145,-133.466,120.964,0
4819,80.39698,free_swing,557,215,674,119,-137.824,129.369,0
4820,80.41367,free_swing,564,208,669,101,-141.397,135.541,0
4821,80.43035,free_swing,568,204,662,86,-143.418,141.459,0
4822,80.44703,free_swing,568,204,651,76,-143.418,147.039,0
4823,80.46372,free_swing,565,207,641,75,-141.904,150.068,0
4824,80.4804,free_swing,560,211,629,76,-139.594,152.928,0
4825,80.49708,free_swing,552,218,618,81,-135.764,154.277,0
4826,80.51377,free_swing,544,227,606,89,-131.424,155.807,0
4827,80.53045,free_swing,535,239,594,99,-126.001,157.148,0
4828,80.54713,free_swing,526,256,582,113,-119.019,158.614,0
4829,80.56382,free_swing,517,274,569,129,-111.666,160.271,0
4830,80.5805,free_swing,512,295,553,148,-103.768,164.416,0
4831,80.59718,free_swing,506,329,539,168,-91.095,168.417,0
4832,80.61387,free_swing,,,523,191,,,1
4833,80.63055,free_swing,515,385,503,218,-70.297,-175.890,0
4834,80.64723,free_swing,531,407,481,252,-60.396,-162.121,0
4835,80.66392,free_swing,547,432,460,296,-49.236,-147.393,0
4836,80.6806,free_swing,566,447,442,350,-40.147,-128.035,0
4837,80.69728,free_swing,584,459,437,417,-31.884,-105.945,0
4838,80.71397,free_swing,600,467,451,498,-25.017,-78.247,0
4839,80.73065,free_swing,612,472,512,583,-20.016,-42.016,0
4840,80.74733,free_swing,622,476,577,619,-15.893,-17.468,0
4841,80.76402,free_swing,636,479,675,626,-10.408,14.859,0
4842,80.7807,free_swing,656,480,749,601,-2.708,37.546,0
4843,80.79738,free_swing,684,479,808,566,8.130,54.946,0
4844,80.81407,free_swing,717,470,858,522,21.371,69.756,0
4845,80.83075,free_swing,749,453,897,483,35.403,78.541,0
4846,80.84743,free_swing,777,431,926,449,49.028,83.112,0
4847,80.86412,free_swing,798,400,946,417,63.265,83.447,0
4848,80.8808,free_swing,811,366,,,77.062,,1
4849,80.89748,free_swing,816,331,,,90.374,,1
4850,80.91417,free_swing,814,301,,,101.602,,1
4851,80.93085,free_swing,810,285,,,107.731,,1
4852,80.94753,free_swing,807,276,948,258,111.251,97.275,0
4853,80.96422,free_swing,806,271,946,232,113.102,105.566,0
4854,80.9809,free_swing,806,270,938,202,113.440,117.255,0
4855,80.99758,free_swing,807,273,920,176,112.280,130.643,0
4856,81.01427,free_swing,808,278,896,157,110.426,143.973,0
4857,81.03095,free_swing,811,285,868,146,107.618,157.703,0
4858,81.04763,free_swing,812,294,836,145,104.307,170.850,0
4859,81.06432,free_swing,814,305,803,153,100.138,-175.861,0
4860,81.081,free_swing,815,316,770,171,96.009,-162.759,0
4861,81.09768,free_swing,815,329,739,198,91.131,-149.880,0
4862,81.11437,free_swing,815,343,712,234,85.861,-136.621,0
4863,81.13105,free_swing,814,359,686,274,79.862,-123.587,0
4864,81.14773,free_swing,808,377,667,317,72.759,-113.051,0
4865,81.16442,free_swing,798,397,651,368,64.290,-101.160,0
4866,81.1811,free_swing,786,417,635,419,55.353,-89.241,0
4867,81.19778,free_swing,771,435,621,471,46.357,-76.504,0
4868,81.21447,free_swing,749,455,614,531,34.961,-60.622,0
4869,81.23115,free_swing,719,470,614,586,22.087,-42.151,0
4870,81.24783,free_swing,,,633,628,,,1
4871,81.26452,free_swing,625,479,665,618,-14.494,16.054,0
4872,81.2812,free_swing,592,462,681,579,-28.641,37.260,0
4873,81.29788,free_swing,567,446,689,536,-40.101,53.584,0
4874,81.31457,free_swing,549,431,689,488,-49.028,67.847,0
4875,81.33125,free_swing,537,414,686,444,-56.944,78.616,0
4876,81.34793,free_swing,527,397,680,401,-64.455,88.502,0
4877,81.36462,free_swing,518,379,671,360,-72.041,97.079,0
4878,81.3813,free_swing,512,355,661,317,-81.339,104.307,0
4879,81.39798,free_swing,509,328,658,291,-91.488,103.946,0
4880,81.41467,free_swing,510,303,656,257,-100.733,107.488,0
4881,81.43135,free_swing,515,281,657,224,-109.014,111.871,0
4882,81.44803,free_swing,522,260,658,193,-117.051,116.227,0
4883,81.46472,free_swing,531,245,657,163,-123.389,123.056,0
4884,81.4814,free_swing,541,232,655,136,-129.341,130.101,0
4885,81.49808,free_swing,549,222,652,112,-133.977,136.882,0
4886,81.51477,free_swing,557,213,646,92,-138.307,143.664,0
4887,81.53145,free_swing,564,207,639,76,-141.621,150.208,0
4888,81.54813,free_swing,567,205,634,72,-142.914,153.263,0
4889,81.56482,free_swing,566,206,624,67,-142.409,157.351,0
4890,81.5815,free_swing,561,210,614,69,-140.102,159.399,0
4891,81.59818,free_swing,554,215,603,73,-137.027,160.962,0
4892,81.61487,free_swing,547,224,594,80,-132.955,161.924,0
4893,81.63155,free_swing,539,234,585,90,-128.320,162.284,0
4894,81.64823,free_swing,529,248,576,103,-122.082,162.041,0
4895,81.66492,free_swing,521,265,567,120,-115.259,162.399,0
4896,81.6816,free_swing,517,284,556,139,-108.199,164.946,0
4897,81.69828,free_swing,,,545,160,,,1
4898,81.71497,free_swing,504,345,532,184,-85.326,170.134,0
4899,81.73165,free_swing,,,518,206,,,1
4900,81.74833,free_swing,526,397,500,236,-64.618,-170.826,0
4901,81.76502,free_swing,541,424,480,272,-52.980,-158.134,0
4902,81.7817,free_swing,561,445,463,319,-42.071,-142.125,0
4903,81.79838,free_swing,582,458,449,376,-32.735,-121.656,0
4904,81.81507,free_swing,602,468,448,445,-24.158,-98.494,0
4905,81.83175,free_swing,617,474,476,527,-17.949,-69.399,0
4906,81.84843,free_swing,628,478,533,594,-13.481,-39.316,0
4907,81.86512,free_swing,638,479,613,628,-9.652,-9.525,0
4908,81.8818,free_swing,652,481,713,619,-4.222,23.847,0
4909,81.89848,free_swing,673,480,784,583,3.865,47.141,0
4910,81.91517,free_swing,700,475,839,538,14.507,65.618,0
4911,81.93185,free_swing,732,463,879,494,27.777,78.092,0
4912,81.94853,free_swing,761,444,910,452,41.186,86.927,0
4913,81.96522,free_swing,787,417,937,414,55.570,91.146,0
4914,81.9819,free_swing,804,387,948,383,68.691,91.591,0
4915,81.99858,free_swing,814,353,,,82.082,,1
4916,82.01527,free_swing,816,321,,,94.112,,1
4917,82.03195,free_swing,813,294,,,104.216,,1
4918,82.04863,free_swing,808,279,948,277,110.078,90.818,0
4919,82.06532,free_swing,806,273,947,239,112.420,103.557,0
4920,82.082,free_swing,805,269,943,213,113.925,112.087,0
4921,82.09868,free_swing,806,271,930,187,113.102,124.114,0
4922,82.11537,free_swing,808,276,909,166,111.117,137.442,0
4923,82.13205,free_swing,810,283,884,152,108.435,150.539,0
4924,82.14873,free_swing,812,291,856,148,105.385,162.897,0
4925,82.16542,free_swing,815,302,825,151,101.165,176.211,0
4926,82.1821,free_swing,815,314,794,163,96.754,-172.082,0
4927,82.19878,free_swing,815,327,763,184,91.884,-160.017,0
4928,82.21547,free_swing,813,342,734,214,86.186,-148.318,0
