frame,time_s,phase,x_green,y_green,x_red,y_red,theta1_deg,theta2_deg,dropout
0,0.0,driven,664.016,484.997,662.914,637.993,0.380,-0.413,0
1,0.01668,driven,664.016,484.997,662.914,637.993,0.380,-0.413,0
2,0.03337,driven,664.016,484.997,662.817,637.992,0.380,-0.449,0
3,0.05005,driven,664.016,484.997,662.817,637.992,0.380,-0.449,0
4,0.06673,driven,664.016,484.997,662.806,637.992,0.380,-0.453,0
5,0.08342,driven,664.016,484.997,662.817,637.992,0.380,-0.449,0
6,0.1001,driven,664.016,484.997,662.817,637.992,0.380,-0.449,0
7,0.11678,driven,664.016,484.997,662.890,637.992,0.380,-0.421,0
8,0.13347,driven,664.016,484.997,662.890,637.992,0.380,-0.421,0
9,0.15015,driven,664.016,484.997,662.890,637.992,0.380,-0.421,0
10,0.16683,driven,663.940,484.997,662.887,637.993,0.352,-0.394,0
11,0.18352,driven,663.885,484.997,662.883,637.994,0.331,-0.375,0
12,0.2002,driven,663.873,484.998,662.679,637.993,0.327,-0.447,0
13,0.21688,driven,663.873,484.998,662.679,637.993,0.327,-0.447,0
14,0.23357,driven,663.873,484.998,662.678,637.993,0.327,-0.448,0
15,0.25025,driven,663.991,484.997,662.679,637.991,0.371,-0.491,0
16,0.26693,driven,663.991,484.997,662.742,637.992,0.371,-0.468,0
17,0.28362,driven,663.991,484.997,662.842,637.992,0.371,-0.430,0
18,0.3003,driven,664.037,484.996,663.066,637.993,0.388,-0.364,0
19,0.31698,driven,663.991,484.997,663.153,637.994,0.371,-0.314,0
20,0.33367,driven,663.991,484.997,663.160,637.995,0.371,-0.311,0
21,0.35035,driven,663.973,484.997,663.215,637.995,0.364,-0.284,0
22,0.36703,driven,664.064,484.996,663.407,637.995,0.398,-0.246,0
23,0.38372,driven,663.973,484.997,663.412,637.996,0.364,-0.210,0
24,0.4004,driven,664.064,484.996,663.531,637.995,0.398,-0.200,0
25,0.41708,driven,664.148,484.996,663.531,637.994,0.430,-0.231,0
26,0.43377,driven,664.197,484.995,663.531,637.994,0.448,-0.249,0
27,0.45045,driven,664.148,484.996,663.427,637.994,0.430,-0.270,0
28,0.46713,driven,664.148,484.996,663.396,637.994,0.430,-0.282,0
29,0.48382,driven,664.187,484.995,663.394,637.993,0.445,-0.297,0
30,0.5005,driven,664.148,484.996,663.382,637.994,0.430,-0.287,0
31,0.51718,driven,664.059,484.996,663.345,637.995,0.396,-0.267,0
32,0.53387,driven,663.997,484.997,663.345,637.995,0.373,-0.244,0
33,0.55055,driven,663.997,484.997,663.268,637.995,0.373,-0.273,0
34,0.56723,driven,663.997,484.997,663.187,637.995,0.373,-0.303,0
35,0.58392,driven,663.997,484.997,663.187,637.995,0.373,-0.303,0
36,0.6006,driven,663.997,484.997,663.199,637.995,0.373,-0.299,0
37,0.61728,driven,663.912,484.997,663.199,637.996,0.342,-0.267,0
38,0.63397,driven,664.016,484.997,663.239,637.995,0.381,-0.291,0
39,0.65065,driven,663.927,484.997,663.287,637.996,0.347,-0.240,0
40,0.66733,driven,663.927,484.997,663.287,637.996,0.347,-0.240,0
41,0.68402,driven,663.927,484.997,663.287,637.996,0.347,-0.240,0
42,0.7007,driven,663.927,484.997,663.287,637.996,0.347,-0.240,0
43,0.71738,driven,663.927,484.997,663.294,637.996,0.347,-0.237,0
44,0.73407,driven,664.016,484.997,663.335,637.995,0.381,-0.255,0
45,0.75075,driven,663.886,484.997,663.335,637.996,0.332,-0.206,0
46,0.76743,driven,663.910,484.997,663.335,637.996,0.341,-0.215,0
47,0.78412,driven,663.910,484.997,663.291,637.996,0.341,-0.232,0
48,0.8008,driven,663.910,484.997,663.148,637.995,0.341,-0.285,0
49,0.81748,driven,663.903,484.997,663.106,637.995,0.338,-0.298,0
50,0.83417,driven,663.910,484.997,663.106,637.995,0.341,-0.301,0
51,0.85085,driven,663.903,484.997,663.144,637.995,0.338,-0.284,0
52,0.86753,driven,663.926,484.997,663.144,637.995,0.347,-0.293,0
53,0.88422,driven,663.926,484.997,663.184,637.995,0.347,-0.278,0
54,0.9009,driven,663.926,484.997,663.184,637.995,0.347,-0.278,0
55,0.91758,driven,663.904,484.997,663.226,637.996,0.338,-0.254,0
56,0.93427,driven,663.904,484.997,663.265,637.996,0.338,-0.239,0
57,0.95095,driven,663.903,484.997,663.226,637.996,0.338,-0.253,0
58,0.96763,driven,663.903,484.997,663.166,637.996,0.338,-0.276,0
59,0.98432,driven,663.904,484.997,663.166,637.996,0.338,-0.276,0
60,1.001,driven,663.993,484.997,663.166,637.995,0.372,-0.310,0
61,1.01768,driven,663.993,484.997,663.166,637.995,0.372,-0.310,0
62,1.03437,driven,663.993,484.997,663.183,637.995,0.372,-0.303,0
63,1.05105,driven,663.975,484.997,663.226,637.995,0.365,-0.281,0
64,1.06773,driven,663.974,484.997,663.226,637.995,0.365,-0.280,0
65,1.08442,driven,663.974,484.997,663.183,637.995,0.365,-0.296,0
66,1.1011,driven,663.974,484.997,663.142,637.995,0.365,-0.312,0
67,1.11778,driven,663.975,484.997,663.133,637.995,0.365,-0.315,0
68,1.13447,driven,663.975,484.997,663.133,637.995,0.365,-0.315,0
69,1.15115,driven,664.060,484.996,663.135,637.994,0.397,-0.346,0
70,1.16783,driven,664.060,484.996,663.135,637.994,0.397,-0.346,0
71,1.18452,driven,664.060,484.996,663.135,637.994,0.397,-0.346,0
72,1.2012,driven,664.060,484.996,663.135,637.994,0.397,-0.346,0
73,1.21788,driven,664.103,484.996,663.091,637.993,0.413,-0.379,0
74,1.23457,driven,664.060,484.996,663.091,637.993,0.397,-0.363,0
75,1.25125,driven,664.060,484.996,663.132,637.994,0.397,-0.347,0
76,1.26793,driven,664.017,484.997,663.132,637.994,0.381,-0.331,0
77,1.28462,driven,664.017,484.997,663.132,637.994,0.381,-0.331,0
78,1.3013,driven,664.017,484.997,663.132,637.994,0.381,-0.331,0
79,1.31798,driven,664.106,484.996,663.131,637.993,0.414,-0.365,0
80,1.33467,driven,664.106,484.996,663.131,637.993,0.414,-0.365,0
81,1.35135,driven,664.152,484.996,663.131,637.992,0.431,-0.382,0
82,1.36803,driven,664.106,484.996,663.142,637.993,0.414,-0.361,0
83,1.38472,driven,664.060,484.996,663.168,637.994,0.397,-0.334,0
84,1.4014,driven,664.060,484.996,663.168,637.994,0.397,-0.334,0
85,1.41808,driven,664.126,484.996,663.168,637.993,0.422,-0.359,0
86,1.43477,driven,664.017,484.997,663.081,637.994,0.381,-0.351,0
87,1.45145,driven,663.956,484.997,663.081,637.995,0.358,-0.328,0
88,1.46813,driven,663.952,484.997,663.028,637.994,0.356,-0.346,0
89,1.48482,driven,663.906,484.997,663.028,637.995,0.339,-0.329,0
90,1.5015,driven,663.875,484.997,663.059,637.995,0.328,-0.305,0
91,1.51818,driven,663.729,484.998,663.182,637.997,0.273,-0.205,0
92,1.53487,driven,663.083,485.000,663.962,637.997,0.031,0.329,0
93,1.55155,driven,659.765,484.966,664.838,637.882,-1.211,1.900,0
94,1.56823,driven,655.342,484.808,667.145,637.352,-2.869,4.424,0
95,1.58492,driven,648.507,484.312,669.193,635.907,-5.436,7.770,0
96,1.6016,driven,640.700,483.366,672.060,633.118,-8.381,11.828,0
97,1.61828,driven,631.338,481.688,673.380,628.798,-11.943,15.949,0
98,1.63497,driven,622.207,479.462,673.464,623.620,-15.463,19.573,0
99,1.65165,driven,611.622,476.116,673.330,616.120,-19.621,23.786,0
100,1.66833,driven,602.434,472.502,671.424,609.065,-23.319,26.802,0
101,1.68502,driven,593.195,468.148,666.931,602.208,-27.145,28.812,0
102,1.7017,driven,584.773,463.490,661.272,595.992,-30.749,29.999,0
103,1.71838,driven,576.464,458.177,654.108,590.012,-34.443,30.496,0
104,1.73507,driven,568.757,452.529,645.259,585.029,-38.022,30.001,0
105,1.75175,driven,562.496,447.360,635.329,581.913,-41.063,28.426,0
106,1.76843,driven,556.408,441.760,624.051,578.994,-44.161,26.239,0
107,1.78512,driven,551.205,436.455,611.731,576.974,-46.944,23.303,0
108,1.8018,driven,545.198,429.630,597.365,573.462,-50.349,19.935,0
109,1.81848,driven,539.444,422.238,581.461,569.355,-53.858,15.940,0
110,1.83517,driven,534.252,414.662,564.978,564.545,-57.298,11.585,0
111,1.85185,driven,529.614,406.947,547.465,558.902,-60.669,6.700,0
112,1.86853,driven,525.724,399.560,529.144,552.522,-63.796,1.281,0
113,1.88522,driven,523.243,394.266,510.465,546.732,-65.985,-4.791,0
114,1.9019,driven,523.243,394.266,490.781,543.783,-65.985,-12.250,0
115,1.91858,driven,523.243,394.266,470.583,537.918,-65.985,-20.132,0
116,1.93527,driven,525.509,399.121,451.057,532.784,-63.979,-29.118,0
117,1.95195,driven,530.402,408.333,432.177,525.640,-60.072,-39.940,0
118,1.96863,driven,539.699,422.586,416.693,513.572,-53.696,-53.510,0
119,1.98532,driven,549.495,434.595,410.779,499.146,-47.890,-65.045,0
120,2.002,driven,560.888,445.939,412.177,481.913,-41.867,-76.401,0
121,2.01868,driven,574.554,456.845,421.683,463.120,-35.315,-87.650,0
122,2.03537,driven,588.144,465.437,435.879,450.453,-29.292,-95.620,0
123,2.05205,driven,602.621,472.582,452.594,442.566,-23.243,-101.314,0
124,2.06873,driven,620.617,479.012,473.289,437.740,-16.082,-105.650,0
125,2.08542,driven,637.935,482.933,491.822,437.545,-9.429,-107.257,0
126,2.1021,driven,656.662,484.869,511.111,437.711,-2.374,-107.952,0
127,2.11878,driven,677.406,484.320,529.794,444.075,5.403,-105.251,0
128,2.13547,driven,696.529,481.281,545.749,455.315,12.659,-99.771,0
129,2.15215,driven,716.767,475.241,563.875,469.503,20.574,-92.149,0
130,2.16883,driven,735.435,466.767,583.812,487.247,28.257,-82.308,0
131,2.18552,driven,751.336,456.923,607.416,508.846,35.265,-70.162,0
132,2.2022,driven,764.322,446.642,636.597,530.875,41.471,-56.596,0
133,2.21888,driven,774.731,436.523,673.519,551.263,46.909,-41.415,0
134,2.23557,driven,780.498,429.996,715.467,568.487,50.171,-25.153,0
135,2.25225,driven,780.498,429.996,760.994,581.747,50.171,-7.324,0
136,2.26893,driven,780.498,429.996,814.444,579.182,50.171,12.819,0
137,2.28562,driven,779.869,430.745,859.209,561.567,49.805,31.236,0
138,2.3023,driven,779.869,430.745,894.367,532.230,49.805,48.448,0
139,2.31898,driven,779.869,430.745,917.602,497.368,49.805,64.186,0
140,2.33567,driven,783.012,426.901,931.654,463.154,51.664,76.294,0
141,2.35235,driven,787.400,421.071,940.162,429.602,54.397,86.804,0
142,2.36903,driven,792.211,413.936,944.418,398.380,57.620,95.835,0
143,2.38572,driven,796.552,406.652,945.645,372.298,60.796,102.976,0
144,2.4024,driven,799.757,400.604,943.115,347.148,63.360,110.450,0
145,2.41908,driven,801.892,396.171,938.128,326.538,65.202,117.073,0
146,2.43577,driven,801.892,396.171,927.654,309.033,65.202,124.718,0
147,2.45245,driven,801.892,396.171,915.901,294.137,65.202,131.827,0
148,2.46913,driven,800.256,399.600,902.824,286.071,63.779,137.904,0
149,2.48582,driven,797.433,405.053,889.543,282.886,61.480,142.985,0
150,2.5025,driven,792.685,413.184,872.784,282.826,57.953,148.431,0
151,2.51918,driven,786.239,422.671,854.576,285.781,53.657,153.471,0
152,2.53587,driven,777.452,433.536,837.241,292.702,48.422,156.997,0
153,2.55255,driven,766.536,444.647,820.861,301.616,42.587,159.202,0
154,2.56923,driven,752.438,456.137,807.351,313.331,35.772,158.967,0
155,2.58592,driven,735.610,466.673,793.790,325.167,28.331,157.650,0
156,2.6026,driven,714.633,476.024,782.733,339.016,19.723,153.570,0
157,2.61928,driven,691.657,482.292,773.375,352.943,10.795,147.717,0
158,2.63597,driven,667.875,484.922,767.715,368.987,1.826,139.266,0
159,2.65265,driven,642.471,483.616,762.987,389.357,-7.711,128.030,0
160,2.66933,driven,618.782,478.471,758.054,415.129,-16.798,114.457,0
161,2.68602,driven,598.975,470.960,749.715,444.756,-24.738,99.861,0
162,2.7027,driven,582.534,462.132,734.650,478.554,-31.730,83.838,0
163,2.71938,driven,569.386,453.019,709.272,514.995,-37.724,66.104,0
164,2.73607,driven,560.896,445.947,673.790,549.214,-41.862,47.550,0
165,2.75275,driven,556.479,441.829,628.299,576.925,-44.124,27.996,0
166,2.76943,driven,556.237,441.593,580.564,592.647,-44.251,9.149,0
167,2.78612,driven,555.744,441.111,516.930,589.106,-44.509,-14.696,0
168,2.8028,driven,554.939,440.314,472.406,569.144,-44.933,-32.645,0
169,2.81948,driven,553.836,439.202,433.742,533.998,-45.520,-51.714,0
170,2.83617,driven,551.222,436.473,408.939,492.728,-46.935,-68.427,0
171,2.85285,driven,547.522,432.368,395.636,450.800,-49.004,-83.081,0
172,2.86953,driven,542.401,426.153,390.300,409.589,-52.021,-96.215,0
173,2.88622,driven,537.270,419.184,391.588,372.431,-55.262,-107.793,0
174,2.9029,driven,532.745,412.265,397.853,340.063,-58.358,-118.158,0
175,2.91958,driven,528.494,404.918,407.536,311.226,-61.537,-127.761,0
176,2.93627,driven,525.410,398.918,420.782,287.285,-64.063,-136.855,0
177,2.95295,driven,523.885,395.686,437.901,269.132,-65.402,-145.807,0
178,2.96963,driven,523.885,395.686,456.884,258.137,-65.402,-154.029,0
179,2.98632,driven,523.885,395.686,475.665,250.483,-65.402,-161.629,0
180,3.003,driven,525.556,399.218,496.309,249.039,-63.939,-168.979,0
181,3.01968,driven,528.944,405.744,519.034,253.065,-61.185,-176.286,0
182,3.03637,driven,534.492,415.035,538.354,262.084,-57.132,178.554,0
183,3.05305,driven,542.006,425.646,558.949,273.587,-52.261,173.642,0
184,3.06973,driven,552.089,437.393,576.073,286.285,-46.461,170.981,0
185,3.08642,driven,565.223,449.680,593.891,299.390,-39.722,169.200,0
186,3.1031,driven,582.007,461.804,612.352,311.844,-31.963,168.560,0
187,3.11978,driven,601.455,472.076,629.613,321.689,-23.719,169.395,0
188,3.13647,driven,624.811,480.157,644.025,328.369,-14.454,172.786,0
189,3.15315,driven,648.147,484.277,660.020,331.739,-5.571,175.549,0
190,3.16983,driven,673.141,484.664,680.626,331.847,3.800,177.196,0
191,3.18652,driven,695.309,481.550,698.585,328.585,12.191,178.773,0
192,3.2032,driven,716.031,475.515,717.949,322.527,20.280,179.282,0
193,3.21988,driven,735.744,466.601,738.541,313.626,28.389,178.952,0
194,3.23657,driven,753.307,455.505,758.615,302.597,36.174,178.012,0
195,3.25325,driven,769.515,441.834,779.586,289.166,44.121,176.226,0
196,3.26993,driven,782.038,428.120,803.787,276.673,51.080,171.828,0
197,3.28662,driven,792.714,413.138,827.955,264.252,57.973,166.683,0
198,3.3033,driven,801.287,397.465,855.063,254.226,64.667,159.422,0
199,3.31998,driven,808.159,380.351,880.741,245.663,71.578,151.680,0
200,3.33667,driven,812.925,362.522,909.094,243.524,78.493,141.056,0
201,3.35335,driven,815.610,342.919,933.559,245.466,85.908,129.564,0
202,3.37003,driven,815.654,321.722,954.908,258.339,93.852,114.473,0
203,3.38672,driven,813.356,303.679,964.110,277.558,100.667,99.830,0
204,3.4034,driven,809.436,287.667,961.699,302.669,106.843,84.373,0
205,3.42008,driven,806.277,278.328,952.191,324.351,110.536,72.494,0
206,3.43677,driven,806.277,278.328,942.481,348.024,110.536,62.901,0
207,3.45345,driven,806.277,278.328,927.600,371.547,110.536,52.463,0
208,3.47013,driven,806.627,279.271,909.669,392.370,110.159,42.336,0
209,3.48682,driven,809.758,288.742,894.691,416.003,106.423,33.719,0
210,3.5035,driven,812.756,300.663,878.259,438.932,101.819,25.348,0
211,3.52018,driven,815.139,315.789,861.652,461.547,96.082,17.698,0
212,3.53687,driven,815.979,334.543,845.993,484.570,89.048,11.313,0
213,3.55355,driven,813.980,356.779,831.241,508.802,80.680,6.478,0
214,3.57023,driven,807.727,381.630,817.822,534.297,71.072,3.783,0
215,3.58692,driven,797.133,405.602,805.045,558.397,61.245,2.964,0
216,3.6036,driven,779.577,431.090,795.248,583.285,49.635,5.879,0
217,3.62028,driven,753.173,455.604,786.808,604.861,36.112,12.700,0
218,3.63697,driven,724.314,472.177,777.055,615.799,23.625,20.164,0
219,3.65365,driven,692.514,482.126,764.030,617.383,11.122,27.867,0
220,3.67033,driven,665.191,484.984,742.934,616.761,0.821,30.539,0
221,3.68702,driven,637.332,482.832,716.439,613.793,-9.658,31.134,0
222,3.7037,driven,612.975,476.591,686.836,610.582,-19.084,28.865,0
223,3.72038,driven,593.518,468.313,653.328,609.139,-27.009,23.011,0
224,3.73707,driven,574.902,457.091,616.395,604.357,-35.156,15.735,0
225,3.75375,driven,560.051,445.183,577.425,597.194,-42.289,6.520,0
226,3.77043,driven,548.643,433.644,535.630,586.089,-48.369,-4.879,0
227,3.78712,driven,539.786,422.705,494.425,568.826,-53.641,-17.246,0
228,3.8038,driven,534.205,414.589,455.448,545.762,-57.330,-30.981,0
229,3.82048,driven,529.191,406.189,422.378,515.734,-60.994,-44.277,0
230,3.83717,driven,523.343,394.489,397.692,481.786,-65.894,-55.210,0
231,3.85385,driven,518.960,383.591,378.787,444.912,-70.294,-66.372,0
232,3.87053,driven,514.974,370.694,366.641,408.195,-75.351,-75.812,0
233,3.88722,driven,512.826,361.268,360.265,372.858,-78.972,-85.656,0
234,3.9039,driven,511.612,354.153,359.723,335.752,-81.675,-96.907,0
235,3.92058,driven,510.991,349.382,364.896,303.934,-83.477,-107.280,0
236,3.93727,driven,510.991,349.382,377.505,274.611,-83.477,-119.255,0
237,3.95395,driven,510.991,349.382,394.861,249.768,-83.477,-130.622,0
238,3.97063,driven,511.113,350.417,415.675,230.832,-83.086,-141.408,0
239,3.98732,driven,511.561,353.798,441.042,218.018,-81.809,-152.555,0
240,4.004,driven,512.436,359.194,467.447,212.958,-79.762,-162.900,0
241,4.02068,driven,513.804,365.905,496.728,213.861,-77.197,-173.592,0
242,4.03737,driven,515.944,374.231,526.820,221.618,-73.977,175.924,0
243,4.05405,driven,519.291,384.504,555.187,235.774,-69.930,166.431,0
244,4.07073,driven,524.000,395.937,582.438,254.537,-65.299,157.546,0
245,4.08742,driven,531.125,409.575,607.396,276.941,-59.534,150.099,0
246,4.1041,driven,541.375,424.824,633.486,302.658,-52.649,142.984,0
247,4.12078,driven,555.584,440.953,653.713,323.566,-44.593,140.106,0
248,4.13747,driven,570.624,453.966,684.238,351.492,-37.140,132.049,0
249,4.15415,driven,588.959,465.892,714.316,378.172,-28.942,124.983,0
250,4.17083,driven,607.415,474.546,745.142,407.910,-21.303,115.819,0
251,4.18752,driven,631.153,481.649,777.925,438.441,-12.014,106.404,0
252,4.2042,driven,653.448,484.702,806.125,474.766,-3.579,93.723,0
253,4.22088,driven,680.606,483.984,830.228,515.956,6.608,77.938,0
254,4.23757,driven,714.930,475.918,836.593,568.693,19.841,52.672,0
255,4.25425,driven,746.612,460.133,838.433,582.517,33.126,36.880,0
256,4.27093,driven,777.055,433.982,790.992,586.346,48.199,5.226,0
257,4.28762,driven,791.025,415.778,757.030,564.953,56.800,-12.838,0
258,4.3043,driven,799.847,400.424,728.561,535.802,63.435,-27.770,0
259,4.32098,driven,805.486,387.738,704.199,502.411,68.636,-41.453,0
260,4.33767,driven,808.525,379.239,684.105,468.282,72.016,-54.410,0
261,4.35435,driven,810.761,371.694,669.853,431.308,74.963,-67.068,0
262,4.37103,driven,813.032,361.991,663.826,395.851,78.696,-77.214,0
263,4.38772,driven,814.509,353.307,661.633,359.476,81.995,-87.689,0
264,4.4044,driven,815.150,348.106,664.926,319.090,83.957,-100.932,0
265,4.42108,driven,815.150,348.106,672.784,292.062,83.957,-111.488,0
266,4.43777,driven,815.150,348.106,687.994,263.016,83.957,-123.790,0
267,4.45445,driven,814.981,349.626,708.997,239.279,83.385,-136.155,0
268,4.47113,driven,814.244,355.116,735.536,223.913,81.310,-149.041,0
269,4.48782,driven,813.183,361.224,764.989,216.013,78.988,-161.640,0
270,4.5045,driven,811.506,368.810,799.327,216.296,76.079,-175.435,0
271,4.52118,driven,809.209,377.075,831.857,225.761,72.866,171.488,0
272,4.53787,driven,806.370,385.424,865.392,244.267,69.563,157.309,0
273,4.55455,driven,803.029,393.651,897.036,272.937,66.238,142.090,0
274,4.57123,driven,799.427,401.259,923.426,311.630,63.085,125.860,0
275,4.58792,driven,795.792,407.995,939.358,355.100,60.218,110.226,0
276,4.6046,driven,793.172,412.400,946.065,418.115,58.299,87.860,0
277,4.62128,driven,790.722,416.238,930.649,478.121,56.594,66.142,0
278,4.63797,driven,786.680,422.068,895.408,529.712,53.936,45.287,0
279,4.65465,driven,778.296,432.578,848.977,568.273,48.900,27.514,0
280,4.67133,driven,764.709,446.299,794.078,596.454,41.664,11.067,0
281,4.68802,driven,746.965,459.902,746.241,612.900,33.284,-0.271,0
282,4.7047,driven,723.508,472.527,697.661,623.328,23.296,-9.726,0
283,4.72138,driven,694.645,481.692,649.396,627.848,11.937,-17.202,0
284,4.73807,driven,666.208,484.966,607.922,626.430,1.201,-22.393,0
285,4.75475,driven,637.040,482.782,570.753,620.677,-9.769,-25.674,0
286,4.77143,driven,608.629,475.013,534.631,608.929,-20.816,-28.924,0
287,4.78812,driven,584.433,463.287,503.996,593.436,-30.898,-31.718,0
288,4.8048,driven,563.263,448.023,474.239,572.458,-40.683,-35.581,0
289,4.82148,driven,546.312,430.959,448.814,548.871,-49.700,-39.587,0
290,4.83817,driven,533.232,413.051,426.078,522.261,-58.012,-44.455,0
291,4.85485,driven,523.240,394.258,406.385,493.020,-65.989,-49.797,0
292,4.87153,driven,516.455,375.974,390.630,463.020,-73.297,-55.324,0
293,4.88822,driven,512.701,360.620,377.760,432.731,-79.219,-61.880,0
294,4.9049,driven,510.727,346.897,367.930,401.833,-84.413,-68.957,0
295,4.92158,driven,510.089,337.208,360.691,370.213,-88.049,-77.542,0
296,4.93827,driven,510.089,337.208,357.106,339.519,-88.049,-89.134,0
297,4.95495,driven,510.089,337.208,360.120,306.900,-88.049,-101.425,0
298,4.97163,driven,510.098,337.488,368.599,279.292,-87.944,-112.356,0
299,4.98832,driven,510.410,343.196,385.160,255.325,-85.803,-125.052,0
300,5.005,driven,511.110,350.399,407.800,237.545,-83.093,-137.528,0
301,5.02168,driven,512.295,358.401,433.472,227.268,-80.064,-148.990,0
302,5.03837,driven,514.340,368.182,462.216,224.335,-76.321,-160.082,0
303,5.05505,driven,517.259,378.567,493.196,227.471,-72.280,-170.951,0
304,5.07173,driven,521.801,390.922,524.218,237.941,-67.349,179.095,0
305,5.08842,driven,528.116,404.217,554.290,253.472,-61.835,170.150,0
306,5.1051,driven,536.189,417.604,583.168,271.995,-55.979,162.118,0
307,5.12178,driven,548.243,433.191,610.377,293.376,-48.595,156.040,0
308,5.13847,driven,564.156,448.785,638.584,315.108,-40.244,150.892,0
309,5.15515,driven,582.904,462.359,672.600,338.410,-31.568,144.108,0
310,5.17183,driven,602.749,472.637,699.365,354.001,-23.191,140.841,0
311,5.18852,driven,622.911,479.654,732.489,372.876,-15.190,134.259,0
312,5.2052,driven,644.841,483.919,769.088,394.634,-6.816,125.701,0
313,5.22188,driven,668.287,484.909,806.493,419.272,1.980,115.404,0
314,5.23857,driven,689.992,482.600,839.416,449.714,10.161,102.412,0
315,5.25525,driven,716.581,475.311,869.221,485.801,20.500,86.069,0
316,5.27193,driven,746.780,460.023,881.067,533.345,33.201,61.365,0
317,5.28862,driven,775.004,436.231,876.820,550.434,47.059,41.718,0
318,5.3053,driven,796.523,406.704,834.110,555.015,60.774,14.221,0
319,5.32198,driven,805.297,388.219,793.679,540.777,68.442,-4.355,0
320,5.33867,driven,810.421,372.939,759.677,517.279,74.480,-19.370,0
321,5.35535,driven,812.921,362.541,728.331,490.031,78.485,-33.565,0
322,5.37203,driven,814.219,355.276,701.242,458.451,81.250,-47.596,0
323,5.38872,driven,814.736,351.626,679.759,423.669,82.630,-61.909,0
324,5.4054,driven,814.736,351.626,666.293,388.687,82.630,-75.982,0
325,5.42208,driven,814.736,351.626,661.737,352.078,82.630,-89.830,0
326,5.43877,driven,814.059,356.293,667.495,312.383,80.864,-106.678,0
327,5.45545,driven,812.811,363.075,684.777,279.312,78.282,-123.194,0
328,5.47213,driven,810.916,371.114,710.251,255.895,75.188,-138.857,0
329,5.48882,driven,808.409,379.596,741.695,241.907,71.875,-154.149,0
330,5.5055,driven,805.342,388.106,778.211,237.530,68.488,-169.786,0
331,5.52218,driven,801.846,396.270,818.507,244.180,65.161,173.749,0
332,5.53887,driven,798.117,403.780,856.086,262.187,62.021,157.735,0
333,5.55555,driven,794.283,410.573,891.014,292.031,59.099,140.785,0
334,5.57223,driven,791.018,415.788,920.246,333.879,56.795,122.368,0
335,5.58892,driven,788.866,418.987,935.558,375.507,55.351,106.510,0
336,5.6056,driven,788.341,419.742,938.045,451.330,55.007,78.085,0
337,5.62228,driven,787.876,420.402,914.486,506.304,54.704,55.844,0
338,5.63897,driven,782.742,427.241,872.993,550.787,51.502,36.148,0
339,5.65565,driven,773.168,438.170,824.343,582.357,46.059,19.541,0
340,5.67233,driven,759.340,450.859,769.926,603.493,39.026,3.967,0
341,5.68902,driven,739.616,464.435,721.621,616.373,30.050,-6.754,0
342,5.7057,driven,715.997,475.528,675.300,623.016,20.266,-15.426,0
343,5.72238,driven,690.782,482.457,631.248,623.399,10.462,-22.899,0
344,5.73907,driven,660.077,484.972,591.797,621.891,-1.095,-26.505,0
345,5.75575,driven,632.159,481.859,556.495,614.840,-11.629,-29.639,0
346,5.77243,driven,605.508,473.787,524.330,603.476,-22.072,-32.044,0
347,5.78912,driven,580.727,460.997,496.159,588.501,-32.529,-33.555,0
348,5.8058,driven,559.799,444.954,470.985,569.538,-42.417,-35.484,0
349,5.82248,driven,543.130,427.080,448.422,547.243,-51.579,-38.244,0
350,5.83917,driven,531.290,409.856,429.034,523.666,-59.412,-41.939,0
351,5.85585,driven,522.264,392.020,411.638,497.712,-66.903,-46.307,0
352,5.87253,driven,515.836,373.855,396.931,470.139,-74.124,-51.001,0
353,5.88922,driven,512.095,357.231,385.291,442.844,-80.508,-55.974,0
354,5.9059,driven,510.519,344.596,374.271,414.206,-85.278,-62.937,0
355,5.92258,driven,510.047,335.777,365.978,387.286,-88.585,-70.327,0
356,5.93927,driven,510.047,335.777,358.809,358.932,-88.585,-81.295,0
357,5.95595,driven,510.047,335.777,357.207,328.763,-88.585,-92.628,0
358,5.97263,driven,510.158,338.954,362.092,300.412,-87.395,-104.590,0
359,5.98932,driven,510.805,347.679,374.686,277.819,-84.118,-117.168,0
360,6.006,driven,512.171,357.681,394.491,259.902,-80.337,-129.723,0
361,6.02268,driven,514.362,368.272,418.527,249.005,-76.286,-141.217,0
362,6.03937,driven,517.635,379.730,444.496,245.344,-71.823,-151.443,0
363,6.05605,driven,522.583,392.762,475.076,247.325,-66.600,-161.910,0
364,6.07273,driven,528.957,405.766,505.959,254.504,-61.175,-171.355,0
365,6.08942,driven,537.895,420.079,534.739,267.111,-54.853,-178.818,0
366,6.1061,driven,549.728,434.852,562.513,282.387,-47.760,175.207,0
367,6.12278,driven,565.820,450.174,589.062,298.949,-39.432,171.262,0
368,6.13947,driven,584.472,463.310,615.714,313.534,-30.881,168.218,0
369,6.15615,driven,607.350,474.520,642.551,325.625,-21.329,166.699,0
370,6.17283,driven,632.278,481.884,672.927,334.382,-11.584,164.593,0
371,6.18952,driven,658.828,484.943,696.805,336.731,-1.562,165.628,0
372,6.2062,driven,683.924,483.562,729.014,337.357,7.860,162.860,0
373,6.22288,driven,703.056,479.663,762.687,338.762,15.177,157.061,0
374,6.23957,driven,722.885,472.793,798.434,339.747,23.042,150.411,0
375,6.25625,driven,741.587,463.275,836.072,342.935,30.907,141.863,0
376,6.27293,driven,758.691,451.382,873.446,350.188,38.714,131.407,0
377,6.28962,driven,775.013,436.222,909.577,363.410,47.064,118.417,0
378,6.3063,driven,792.575,413.359,942.847,384.596,57.876,100.836,0
379,6.32298,driven,805.339,388.113,955.353,418.190,68.485,78.663,0
380,6.33967,driven,813.829,357.682,941.218,442.424,80.337,56.367,0
381,6.35635,driven,815.990,333.749,907.644,456.259,89.345,36.801,0
382,6.37303,driven,815.478,319.367,873.665,460.870,94.736,22.353,0
383,6.38972,driven,814.263,309.013,833.934,460.743,98.641,7.387,0
384,6.4064,driven,814.149,308.272,793.154,459.824,98.922,-7.887,0
385,6.42308,driven,814.149,308.272,753.746,448.844,98.922,-23.253,0
386,6.43977,driven,814.149,308.272,719.712,428.649,98.922,-38.115,0
387,6.45645,driven,815.567,320.497,688.612,405.887,94.312,-56.075,0
388,6.47313,driven,815.885,337.927,667.875,376.683,87.780,-75.327,0
389,6.48982,driven,813.722,358.305,661.026,348.655,80.100,-93.616,0
390,6.5065,driven,808.201,380.225,669.327,316.016,71.627,-114.814,0
391,6.52318,driven,799.557,401.002,685.498,299.023,63.193,-131.800,0
392,6.53987,driven,785.387,423.817,707.841,291.925,53.122,-149.547,0
393,6.55655,driven,770.933,440.441,741.127,290.373,44.865,-168.767,0
394,6.57323,driven,754.884,454.337,774.809,302.640,36.909,172.517,0
395,6.58992,driven,740.048,464.184,806.987,326.604,30.237,154.055,0
396,6.6066,driven,725.336,471.725,834.901,364.933,24.043,134.266,0
397,6.62328,driven,712.904,476.633,852.605,414.242,19.036,114.066,0
398,6.63997,driven,705.783,478.897,858.745,475.477,16.238,91.281,0
399,6.65665,driven,703.856,479.444,843.806,541.275,15.488,66.164,0
400,6.67333,driven,701.452,480.089,798.059,598.732,14.556,39.155,0
401,6.69002,driven,696.245,481.344,738.110,628.505,12.550,15.880,0
402,6.7067,driven,690.867,482.441,673.797,634.486,10.494,-6.406,0
403,6.72338,driven,680.542,483.991,607.113,618.220,6.583,-28.680,0
404,6.74007,driven,665.399,484.981,553.082,588.875,0.898,-47.231,0
405,6.75675,driven,646.036,484.057,514.115,561.554,-6.366,-59.568,0
406,6.77343,driven,623.024,479.685,478.519,529.958,-15.146,-70.818,0
407,6.79012,driven,599.660,471.273,449.574,500.991,-24.455,-78.800,0
408,6.8068,driven,577.599,458.948,425.372,474.302,-33.930,-84.240,0
409,6.82348,driven,557.466,442.777,404.633,449.941,-43.612,-87.316,0
410,6.84017,driven,539.887,422.841,387.124,431.364,-53.578,-86.806,0
411,6.85685,driven,527.438,402.936,374.842,414.047,-62.378,-85.835,0
412,6.87353,driven,517.737,380.039,365.955,399.302,-71.701,-82.767,0
413,6.89022,driven,512.474,359.405,362.162,387.956,-79.682,-79.245,0
414,6.9069,driven,510.241,340.576,361.300,375.587,-86.787,-76.772,0
415,6.92358,driven,510.040,328.514,361.122,363.623,-91.305,-76.734,0
416,6.94027,driven,510.384,321.173,360.864,353.623,-94.058,-77.755,0
417,6.95695,driven,510.384,321.173,359.061,343.765,-94.058,-81.509,0
418,6.97363,driven,510.384,321.173,357.791,332.334,-94.058,-85.817,0
419,6.99032,driven,510.036,328.699,357.288,319.921,-91.236,-93.289,0
420,7.007,driven,510.155,338.874,359.459,312.417,-87.425,-99.958,0
421,7.02368,driven,511.134,350.592,364.111,308.243,-83.021,-106.069,0
422,7.04037,driven,513.802,365.895,372.295,307.714,-77.201,-112.350,0
423,7.05705,driven,518.571,382.491,385.090,307.713,-70.731,-119.258,0
424,7.07373,driven,525.788,399.690,399.061,313.961,-63.742,-124.078,0
425,7.09042,driven,536.085,417.449,413.987,325.248,-56.048,-127.058,0
426,7.1071,driven,549.697,434.818,429.047,340.730,-47.777,-127.948,0
427,7.12378,driven,565.670,450.050,440.507,362.054,-39.505,-125.109,0
428,7.14047,driven,584.205,463.150,453.299,383.951,-30.997,-121.174,0
429,7.15715,driven,604.681,473.449,465.212,410.541,-22.406,-114.278,0
430,7.17383,driven,626.156,480.497,478.282,441.223,-13.935,-104.874,0
431,7.19052,driven,646.656,484.125,493.787,477.780,-6.132,-92.377,0
432,7.2072,driven,667.656,484.929,518.410,518.614,1.744,-77.281,0
433,7.22388,driven,684.412,483.494,554.109,563.683,8.045,-58.392,0
434,7.24057,driven,695.906,481.420,600.880,601.333,12.420,-38.395,0
435,7.25725,driven,701.375,480.109,658.394,626.948,14.526,-16.315,0
436,7.27393,driven,702.057,479.931,734.994,629.344,14.790,12.432,0
437,7.29062,driven,706.581,478.662,790.593,606.533,16.549,33.305,0
438,7.3073,driven,719.315,474.259,837.340,571.620,21.597,50.480,0
439,7.32398,driven,733.371,467.856,871.663,533.312,27.384,64.671,0
440,7.34067,driven,749.913,457.917,899.113,491.804,34.615,77.204,0
441,7.35735,driven,766.133,445.016,918.834,454.575,42.382,86.418,0
442,7.37403,driven,780.439,430.066,933.059,419.276,50.137,94.044,0
443,7.39072,driven,792.039,414.206,942.629,387.155,57.500,100.184,0
444,7.4074,driven,800.817,398.450,948.425,358.192,64.258,105.255,0
445,7.42408,driven,806.563,384.901,950.259,332.361,69.772,110.084,0
446,7.44077,driven,810.069,374.186,949.407,310.988,73.995,114.397,0
447,7.45745,driven,812.176,365.994,945.415,290.786,77.163,119.443,0
448,7.47413,driven,812.176,365.994,936.520,276.845,77.163,125.638,0
449,7.49082,driven,812.176,365.994,927.024,264.905,77.163,131.354,0
450,7.5075,driven,811.430,369.113,914.027,255.610,75.962,137.889,0
451,7.52418,driven,809.237,376.986,899.231,253.251,72.901,143.971,0
452,7.54087,driven,806.065,386.235,881.929,253.368,69.238,150.275,0
453,7.55755,driven,801.073,397.916,862.893,257.962,64.480,156.168,0
454,7.57423,driven,793.749,411.458,845.550,267.494,58.712,160.210,0
455,7.59092,driven,784.532,424.946,828.822,278.497,52.592,163.173,0
456,7.6076,driven,771.855,439.516,813.204,292.209,45.355,164.321,0
457,7.62428,driven,755.611,453.788,798.859,307.028,37.250,163.580,0
458,7.64097,driven,736.122,466.396,786.971,322.092,28.550,160.589,0
459,7.65765,driven,711.555,477.091,777.802,339.176,18.503,154.343,0
460,7.67433,driven,684.903,483.424,771.188,357.075,8.231,145.671,0
461,7.69102,driven,656.530,484.863,766.037,378.011,-2.424,134.297,0
462,7.7077,driven,630.578,481.525,761.982,403.155,-12.234,120.812,0
463,7.72438,driven,606.019,473.993,754.249,436.089,-21.865,104.344,0
464,7.74107,driven,588.415,465.589,741.254,472.606,-29.175,87.371,0
465,7.75775,driven,572.454,455.331,714.925,511.107,-36.285,68.620,0
466,7.77443,driven,560.355,445.459,674.005,547.893,-42.135,47.971,0
467,7.79112,driven,551.686,436.967,620.001,573.869,-46.681,26.520,0
468,7.8078,driven,547.183,431.977,557.090,584.656,-49.198,3.713,0
469,7.82448,driven,545.084,429.492,487.127,571.090,-50.416,-22.260,0
470,7.84117,driven,544.821,429.174,436.430,537.157,-50.571,-45.108,0
471,7.85785,driven,543.935,428.086,401.965,485.125,-51.096,-68.112,0
472,7.87453,driven,540.940,424.252,387.949,422.578,-52.918,-90.627,0
473,7.89122,driven,536.820,418.532,390.990,372.243,-55.558,-107.610,0
474,7.9079,driven,531.561,410.312,402.862,327.575,-59.213,-122.736,0
475,7.92458,driven,525.974,400.065,422.361,287.489,-63.585,-137.374,0
476,7.94127,driven,521.496,390.187,449.016,255.445,-67.647,-151.723,0
477,7.95795,driven,517.982,380.772,479.136,232.785,-71.411,-165.292,0
478,7.97463,driven,516.128,374.867,511.925,221.924,-73.729,-178.426,0
479,7.99132,driven,516.128,374.867,545.031,224.622,-73.729,169.111,0
480,8.008,driven,516.128,374.867,573.350,232.970,-73.729,158.037,0
481,8.02468,driven,517.211,378.419,601.129,250.486,-72.339,146.737,0
482,8.04137,driven,519.427,384.875,625.330,274.451,-69.782,136.197,0
483,8.05805,driven,522.362,392.248,648.082,305.051,-66.810,124.744,0
484,8.07473,driven,527.261,402.597,668.343,343.394,-62.521,112.765,0
485,8.09142,driven,534.090,414.409,681.375,372.984,-57.410,105.709,0
486,8.1081,driven,543.552,427.610,695.746,411.928,-51.325,95.883,0
487,8.12478,driven,556.188,441.545,708.703,453.712,-44.276,85.439,0
488,8.14147,driven,571.394,454.546,718.417,496.895,-36.779,73.931,0
489,8.15815,driven,590.397,466.677,722.195,544.382,-28.329,59.477,0
490,8.17483,driven,617.687,478.136,720.548,591.400,-17.227,42.244,0
491,8.19152,driven,652.401,484.632,714.924,624.275,-3.972,24.120,0
492,8.2082,driven,693.900,481.847,671.797,633.242,11.651,-8.306,0
493,8.22488,driven,726.488,471.206,652.731,605.254,24.517,-28.821,0
494,8.24157,driven,746.575,460.157,639.630,569.573,33.110,-44.346,0
495,8.25825,driven,762.155,448.522,633.683,531.613,40.396,-57.107,0
496,8.27493,driven,773.770,437.541,631.761,494.484,46.385,-68.150,0
497,8.29162,driven,783.133,426.747,633.444,458.403,51.738,-78.059,0
498,8.3083,driven,794.135,410.820,641.775,424.798,58.991,-84.758,0
499,8.32498,driven,802.990,393.739,649.993,394.689,66.201,-89.644,0
500,8.34167,driven,809.270,376.880,656.659,365.971,72.942,-94.089,0
501,8.35835,driven,813.395,360.114,661.453,342.154,79.412,-96.741,0
502,8.37503,driven,815.635,342.561,665.355,313.840,86.042,-100.820,0
503,8.39172,driven,815.951,328.131,666.477,295.476,91.449,-102.324,0
504,8.4084,driven,815.429,318.792,669.012,274.393,94.952,-106.869,0
505,8.42508,driven,814.782,312.734,672.852,255.595,97.234,-111.929,0
506,8.44177,driven,814.782,312.734,681.000,238.495,97.234,-119.027,0
507,8.45845,driven,814.782,312.734,690.336,223.728,97.234,-125.573,0
508,8.47513,driven,815.139,315.787,701.579,213.253,96.083,-132.079,0
509,8.49182,driven,815.743,323.128,717.084,206.186,93.324,-139.847,0
510,8.5085,driven,815.984,334.190,734.136,204.923,89.180,-147.659,0
511,8.52518,driven,815.182,347.797,755.469,206.931,84.074,-157.028,0
512,8.54187,driven,813.049,361.905,776.424,213.354,78.728,-166.150,0
513,8.55855,driven,808.874,378.150,799.830,225.417,72.444,-176.611,0
514,8.57523,driven,802.399,395.064,821.648,243.279,65.658,172.772,0
515,8.59192,driven,794.152,410.792,846.063,266.868,59.004,160.166,0
516,8.6086,driven,783.635,426.107,868.892,299.063,52.042,146.135,0
517,8.62528,driven,771.783,439.588,888.544,340.715,45.316,130.258,0
518,8.64197,driven,760.471,449.934,900.369,387.984,39.573,113.885,0
519,8.65865,driven,750.867,457.254,903.829,453.867,35.050,91.268,0
520,8.67533,driven,744.610,461.417,879.852,532.961,32.235,62.121,0
521,8.69202,driven,742.341,462.821,834.071,585.273,31.236,36.837,0
522,8.7087,driven,739.322,464.604,766.577,615.157,29.923,10.261,0
523,8.72538,driven,728.361,470.336,703.905,621.369,25.290,-9.198,0
524,8.74207,driven,709.825,477.659,643.039,615.313,17.821,-25.881,0
525,8.75875,driven,684.920,483.422,589.892,603.332,8.237,-38.397,0
526,8.77543,driven,656.288,484.853,543.223,587.932,-2.514,-47.645,0
527,8.79212,driven,626.098,480.483,503.085,571.460,-13.957,-53.515,0
528,8.8088,driven,597.479,470.261,469.180,553.618,-25.356,-56.988,0
529,8.82548,driven,572.107,455.075,441.936,535.477,-36.447,-58.298,0
530,8.84217,driven,551.334,436.593,420.566,516.020,-46.873,-58.726,0
531,8.85885,driven,534.454,414.975,404.870,496.320,-57.158,-57.882,0
532,8.87553,driven,522.625,392.859,392.891,473.965,-66.561,-57.988,0
533,8.89222,driven,515.286,371.870,385.015,452.110,-74.895,-58.369,0
534,8.9089,driven,511.400,352.650,378.334,428.165,-82.243,-60.425,0
535,8.92558,driven,510.188,339.585,371.823,404.884,-87.158,-64.736,0
536,8.94227,driven,510.004,333.145,365.148,382.396,-89.571,-71.222,0
537,8.95895,driven,510.004,333.145,359.282,359.446,-89.571,-80.102,0
538,8.97563,driven,510.004,333.145,357.023,335.543,-89.571,-89.102,0
539,8.99232,driven,510.233,340.441,359.570,313.804,-86.837,-100.027,0
540,9.009,driven,511.142,350.656,368.819,294.502,-82.996,-111.532,0
541,9.02568,driven,513.136,362.818,384.179,280.482,-78.380,-122.557,0
542,9.04237,driven,516.209,375.144,403.685,271.474,-73.621,-132.655,0
543,9.05905,driven,520.992,388.944,424.620,270.111,-68.150,-140.959,0
544,9.07573,driven,527.739,403.509,449.615,271.958,-62.136,-149.295,0
545,9.09242,driven,536.323,417.802,473.181,278.438,-55.889,-155.626,0
546,9.1091,driven,548.791,433.811,497.645,289.613,-48.285,-160.471,0
547,9.12578,driven,564.661,449.211,519.541,303.015,-39.996,-162.848,0
548,9.14247,driven,584.377,463.253,539.137,317.095,-30.922,-162.801,0
549,9.15915,driven,608.537,474.978,557.160,330.862,-20.853,-160.379,0
550,9.17583,driven,635.219,482.457,572.248,343.016,-10.461,-155.696,0
551,9.19252,driven,663.987,484.997,583.162,355.088,0.369,-148.112,0
552,9.2092,driven,694.074,481.811,591.381,368.396,11.718,-137.840,0
553,9.22588,driven,721.905,473.206,596.625,385.378,22.644,-125.033,0
554,9.24257,driven,745.936,460.572,603.093,405.754,32.824,-110.995,0
555,9.25925,driven,765.729,445.383,613.369,431.411,42.178,-95.239,0
556,9.27593,driven,780.311,430.220,630.482,461.209,50.062,-78.314,0
557,9.29262,driven,789.517,418.037,655.195,491.294,55.783,-61.393,0
558,9.3093,driven,796.815,406.179,692.111,517.742,60.999,-43.183,0
559,9.32598,driven,801.579,396.845,736.688,535.402,64.924,-25.095,0
560,9.34267,driven,804.954,389.078,793.389,541.641,68.095,-4.335,0
561,9.35935,driven,805.210,388.438,843.042,536.687,68.354,14.316,0
562,9.37603,driven,805.210,388.438,895.950,511.626,68.354,36.375,0
563,9.39272,driven,805.210,388.438,934.100,470.878,68.354,57.396,0
564,9.4094,driven,800.910,398.257,952.252,420.720,64.339,81.558,0
565,9.42608,driven,797.360,405.187,944.263,362.426,61.422,106.229,0
566,9.44277,driven,796.613,406.543,925.208,323.644,60.843,122.808,0
567,9.45945,driven,796.613,406.543,891.833,286.785,60.843,141.512,0
568,9.47613,driven,796.613,406.543,852.973,264.302,60.843,158.385,0
569,9.49282,driven,797.928,404.134,812.393,251.820,61.871,174.575,0
570,9.5095,driven,797.928,404.134,764.292,254.877,61.871,-167.300,0
571,9.52618,driven,797.928,404.134,725.622,269.298,61.871,-151.797,0
572,9.54287,driven,797.383,405.145,690.755,295.420,61.441,-135.820,0
573,9.55955,driven,792.923,412.802,664.710,329.314,58.122,-123.071,0
574,9.57623,driven,786.153,422.787,641.509,372.915,53.603,-109.024,0
575,9.59292,driven,776.438,434.668,624.513,416.565,47.853,-96.795,0
576,9.6096,driven,763.965,446.957,612.037,465.045,41.292,-83.211,0
577,9.62628,driven,747.720,459.403,605.837,516.659,33.623,-68.024,0
578,9.64297,driven,726.114,471.376,607.213,567.665,24.362,-50.999,0
579,9.65965,driven,698.077,480.925,614.848,609.307,13.253,-32.955,0
580,9.67633,driven,655.614,484.822,638.812,636.896,-2.767,-6.305,0
581,9.69302,driven,620.543,478.991,679.106,620.339,-16.111,22.505,0
582,9.7097,driven,593.983,468.549,692.468,585.638,-26.814,40.068,0
583,9.72638,driven,574.614,456.888,700.526,543.808,-35.288,55.382,0
584,9.74307,driven,562.186,447.089,704.123,504.210,-41.217,68.078,0
585,9.75975,driven,552.153,437.460,702.685,464.830,-46.427,79.695,0
586,9.77643,driven,542.833,426.704,695.832,426.180,-51.758,90.196,0
587,9.79312,driven,532.315,411.565,684.373,394.611,-58.666,96.362,0
588,9.8098,driven,524.072,396.095,673.152,361.680,-65.234,102.999,0
589,9.82648,driven,517.797,380.218,664.557,336.971,-71.630,106.419,0
590,9.84317,driven,513.158,362.926,656.027,308.176,-78.338,110.968,0
591,9.85985,driven,510.591,345.440,649.268,280.803,-84.961,114.990,0
592,9.87653,driven,510.019,329.559,644.736,257.031,-90.914,118.297,0
593,9.89322,driven,510.788,316.488,640.528,235.390,-95.819,122.009,0
594,9.9099,driven,512.039,307.105,632.909,213.300,-99.364,127.814,0
595,9.92658,driven,513.342,300.197,624.949,195.541,-101.997,133.159,0
596,9.94327,driven,513.594,299.030,614.452,183.980,-102.444,138.761,0
597,9.95995,driven,513.594,299.030,601.225,173.611,-102.444,145.058,0
598,9.97663,driven,513.594,299.030,588.055,165.372,-102.444,150.878,0
599,9.99332,driven,512.448,304.738,572.353,163.953,-100.264,156.950,0
600,10.01,driven,511.208,312.814,555.545,166.379,-97.204,163.155,0
601,10.02668,driven,510.193,324.313,537.473,173.765,-92.880,169.729,0
602,10.04337,driven,510.100,337.537,519.654,184.835,-87.926,176.420,0
603,10.06005,driven,511.439,352.936,499.968,200.367,-82.135,-175.700,0
604,10.07673,driven,514.928,370.519,480.523,221.437,-75.419,-167.005,0
605,10.09342,driven,520.427,387.515,462.136,246.054,-68.725,-157.605,0
606,10.1101,driven,528.566,405.051,442.046,278.863,-61.481,-145.564,0
607,10.12678,driven,539.035,421.676,425.281,319.358,-54.118,-131.970,0
608,10.14347,driven,550.168,435.334,414.991,363.666,-47.516,-117.932,0
609,10.16015,driven,560.589,445.671,409.294,422.896,-42.017,-98.561,0
610,10.17683,driven,568.951,452.680,420.347,489.093,-37.930,-76.232,0
611,10.19352,driven,574.736,456.974,456.648,554.259,-35.232,-50.517,0
612,10.2102,driven,582.011,461.807,509.370,596.463,-31.961,-28.345,0
613,10.22688,driven,594.598,468.858,581.671,621.311,-26.556,-4.847,0
614,10.24357,driven,612.832,476.541,647.146,625.644,-19.141,12.960,0
615,10.26025,driven,637.051,482.783,704.415,620.156,-9.765,26.122,0
616,10.27693,driven,665.456,484.980,757.129,607.475,0.920,36.810,0
617,10.29362,driven,695.196,481.574,801.790,591.332,12.148,44.162,0
618,10.3103,driven,725.037,471.858,839.449,573.441,23.921,48.399,0
619,10.32698,driven,750.400,457.580,870.473,552.404,34.837,51.701,0
620,10.34367,driven,773.013,438.330,895.771,529.651,45.975,53.354,0
621,10.36035,driven,790.470,416.619,914.745,505.865,56.423,54.317,0
622,10.37703,driven,803.190,393.284,929.641,479.419,66.387,55.738,0
623,10.39372,driven,810.443,372.860,941.286,452.164,74.511,58.780,0
624,10.4104,driven,814.147,355.743,950.994,424.166,81.073,63.435,0
625,10.42708,driven,815.487,344.519,960.149,394.338,85.306,70.997,0
626,10.44377,driven,815.749,340.764,966.547,366.627,86.716,80.268,0
627,10.46045,driven,815.749,340.764,968.652,335.329,86.716,92.036,0
628,10.47713,driven,815.749,340.764,964.707,305.830,86.716,103.199,0
629,10.49382,driven,815.283,346.792,953.542,281.267,84.452,115.358,0
630,10.5105,driven,814.278,354.889,934.944,260.822,81.396,127.939,0
631,10.52718,driven,812.615,364.006,911.335,247.115,77.925,139.817,0
632,10.54387,driven,810.154,373.890,887.374,241.807,74.110,149.688,0
633,10.56055,driven,806.525,385.006,858.711,241.181,69.730,160.057,0
634,10.57723,driven,801.189,397.672,826.056,246.706,64.581,170.646,0
635,10.59392,driven,794.050,410.962,797.902,258.011,58.930,178.557,0
636,10.6106,driven,784.104,425.503,769.268,273.224,52.329,-174.435,0
637,10.62728,driven,770.861,440.513,741.795,290.299,44.827,-169.049,0
638,10.64397,driven,754.978,454.266,714.526,306.711,36.953,-164.669,0
639,10.66065,driven,735.116,466.938,688.628,321.172,28.122,-162.311,0
640,10.67733,driven,712.369,476.816,655.478,334.786,18.825,-158.171,0
641,10.69402,driven,686.432,483.195,630.072,340.954,8.809,-158.385,0
642,10.7107,driven,662.109,484.997,597.050,346.518,-0.334,-154.836,0
643,10.72738,driven,640.593,483.350,560.389,353.057,-8.421,-148.385,0
644,10.74407,driven,616.777,477.851,521.533,358.111,-17.584,-141.501,0
645,10.76075,driven,597.262,470.158,482.834,368.594,-25.446,-131.591,0
646,10.77743,driven,578.639,459.641,445.235,384.726,-33.461,-119.317,0
647,10.79412,driven,559.077,444.290,411.136,405.273,-42.784,-104.774,0
648,10.8108,driven,537.658,419.740,385.600,436.699,-55.008,-83.636,0
649,10.82748,driven,521.729,390.748,395.374,477.024,-67.420,-55.675,0
650,10.84417,driven,512.484,359.457,417.697,479.559,-79.662,-38.281,0
651,10.86085,driven,510.160,338.990,454.977,481.692,-87.382,-21.142,0
652,10.87753,driven,510.191,324.364,496.756,476.773,-92.861,-5.038,0
653,10.89422,driven,510.820,316.186,535.900,467.116,-95.933,9.435,0
654,10.9109,driven,510.820,316.186,575.062,455.045,-95.933,24.827,0
655,10.92758,driven,510.820,316.186,610.468,432.286,-95.933,40.639,0
656,10.94427,driven,510.453,320.232,638.139,404.525,-94.411,56.569,0
657,10.96095,driven,510.030,335.027,658.169,373.289,-88.866,75.518,0
658,10.97763,driven,511.606,354.108,664.155,342.378,-81.692,94.397,0
659,10.99432,driven,516.162,374.982,652.968,306.476,-73.684,116.599,0
660,11.011,driven,522.889,393.464,628.776,283.024,-66.314,136.206,0
661,11.02768,driven,531.502,410.213,601.041,273.929,-59.256,152.967,0
662,11.04437,driven,541.685,425.229,562.134,273.602,-52.458,172.319,0
663,11.06105,driven,551.279,436.534,520.769,286.607,-46.903,-168.497,0
664,11.07773,driven,561.203,446.220,484.415,313.885,-41.709,-149.876,0
665,11.09442,driven,570.115,453.579,453.643,354.366,-37.379,-130.425,0
666,11.1111,driven,575.162,457.274,433.171,400.286,-35.037,-111.868,0
667,11.12778,driven,575.162,457.274,422.864,471.910,-35.037,-84.511,0
668,11.14447,driven,576.419,458.145,443.881,534.583,-34.464,-60.027,0
669,11.16115,driven,577.779,459.068,486.141,581.590,-33.849,-36.794,0
670,11.17783,driven,583.172,462.524,544.322,610.510,-31.450,-14.710,0
671,11.19452,driven,596.420,469.754,600.417,622.701,-25.796,1.497,0
672,11.2112,driven,612.862,476.552,662.482,621.282,-19.129,18.924,0
673,11.22788,driven,634.117,482.249,710.161,615.014,-10.881,29.803,0
674,11.24457,driven,658.958,484.947,754.951,604.086,-1.514,38.859,0
675,11.26125,driven,685.255,483.373,794.055,590.943,8.364,45.326,0
676,11.27793,driven,711.814,477.004,827.557,577.066,18.605,49.156,0
677,11.29462,driven,734.290,467.376,854.734,561.728,27.772,51.926,0
678,11.3113,driven,756.156,453.371,876.984,547.230,37.507,52.160,0
679,11.32798,driven,774.851,436.395,895.167,530.910,46.975,51.849,0
680,11.34467,driven,789.958,417.386,908.526,514.084,56.077,50.801,0
681,11.36135,driven,802.012,395.911,918.002,495.688,65.309,49.297,0
682,11.37803,driven,809.763,375.241,925.387,475.440,73.583,49.088,0
683,11.39472,driven,813.734,358.236,931.371,456.065,80.126,50.253,0
684,11.4114,driven,815.503,344.326,937.113,437.170,85.379,52.640,0
685,11.42808,driven,815.969,335.095,944.130,418.663,88.841,56.894,0
686,11.44477,driven,815.969,335.095,953.533,402.065,88.841,64.042,0
687,11.46145,driven,815.969,335.095,960.736,384.607,88.841,71.119,0
688,11.47813,driven,815.935,336.476,965.632,368.093,88.324,78.074,0
689,11.49482,driven,815.366,345.919,968.252,351.820,84.780,87.790,0
690,11.5115,driven,813.695,358.458,964.839,334.697,80.042,98.934,0
691,11.52818,driven,810.448,372.842,954.903,322.424,74.518,109.240,0
692,11.54487,driven,805.176,388.525,939.709,315.657,68.319,118.441,0
693,11.56155,driven,797.553,404.832,921.540,315.187,61.574,125.868,0
694,11.57823,driven,787.538,420.878,898.877,315.937,54.486,133.306,0
695,11.59492,driven,775.331,435.878,878.665,323.046,47.239,137.516,0
696,11.6116,driven,760.251,450.115,857.956,332.375,39.467,140.313,0
697,11.62828,driven,741.235,463.485,840.284,346.873,30.753,139.656,0
698,11.64497,driven,719.250,474.285,823.183,362.005,21.570,137.211,0
699,11.66165,driven,695.013,481.613,809.823,380.481,12.078,131.376,0
700,11.67833,driven,669.221,484.873,799.175,404.122,2.330,121.856,0
701,11.69502,driven,642.890,483.673,786.589,431.142,-7.553,110.080,0
702,11.7117,driven,620.082,478.857,772.348,463.886,-16.291,95.616,0
703,11.72838,driven,598.685,470.826,748.559,501.596,-24.857,78.398,0
704,11.74507,driven,583.142,462.506,714.551,540.868,-31.463,59.191,0
705,11.76175,driven,573.588,456.155,670.718,574.371,-35.760,39.408,0
706,11.77843,driven,572.957,455.698,618.771,601.678,-36.052,17.424,0
707,11.79512,driven,570.960,454.220,548.528,605.567,-36.982,-8.431,0
708,11.8118,driven,569.683,453.247,493.880,586.149,-37.583,-29.699,0
709,11.82848,driven,569.572,453.162,452.324,551.457,-37.636,-50.025,0
710,11.84517,driven,563.869,448.542,422.770,507.703,-40.385,-67.252,0
711,11.86185,driven,557.155,442.480,405.658,463.873,-43.772,-81.963,0
712,11.87853,driven,548.854,433.881,396.313,422.050,-48.249,-94.435,0
713,11.89522,driven,540.994,424.323,393.899,382.227,-52.885,-105.970,0
714,11.9119,driven,534.110,414.440,396.124,348.344,-57.396,-115.595,0
715,11.92858,driven,528.868,405.604,404.365,316.677,-61.244,-125.537,0
716,11.94527,driven,524.962,397.990,415.370,291.226,-64.450,-134.251,0
717,11.96195,driven,522.621,392.850,429.397,271.531,-66.565,-142.461,0
718,11.97863,driven,522.621,392.850,448.272,259.129,-66.565,-150.926,0
719,11.99532,driven,522.621,392.850,467.300,250.202,-66.565,-158.803,0
720,12.012,driven,522.667,392.956,484.740,244.731,-66.522,-165.648,0
721,12.02868,driven,525.490,399.081,506.315,247.287,-63.996,-172.801,0
722,12.04537,driven,530.233,408.039,525.818,255.103,-60.199,-178.347,0
723,12.06205,driven,536.551,418.138,544.616,265.350,-55.737,176.979,0
724,12.07873,driven,545.387,429.858,563.845,277.975,-50.238,173.071,0
725,12.09542,driven,556.665,442.008,580.470,290.872,-44.027,171.049,0
726,12.1121,driven,571.555,454.666,597.562,303.892,-36.704,170.213,0
727,12.12878,driven,591.222,467.118,614.418,315.887,-27.978,171.280,0
728,12.14547,driven,613.331,476.714,629.197,324.538,-18.943,174.048,0
729,12.16215,driven,636.982,482.771,644.238,329.944,-9.791,177.282,0
730,12.17883,driven,663.435,484.999,651.926,332.433,0.163,-175.686,0
731,12.19552,driven,689.025,482.770,677.985,330.169,9.794,-175.862,0
732,12.2122,driven,710.403,477.472,688.353,326.069,18.048,-171.714,0
733,12.22888,driven,732.020,468.548,704.091,318.118,26.815,-169.482,0
734,12.24557,driven,751.306,456.944,717.499,307.726,35.251,-167.234,0
735,12.26225,driven,769.233,442.107,730.513,294.088,43.974,-165.341,0
736,12.27893,driven,782.398,427.671,744.185,279.520,51.296,-165.537,0
737,12.29562,driven,793.872,411.257,757.029,262.759,58.801,-166.066,0
738,12.3123,driven,802.971,393.782,770.112,244.352,66.184,-167.598,0
739,12.32898,driven,809.386,376.500,784.097,225.605,73.091,-170.486,0
740,12.34567,driven,813.506,359.514,799.151,207.189,79.640,-174.617,0
741,12.36235,driven,815.606,342.967,813.876,189.977,85.889,-179.352,0
742,12.37903,driven,815.939,327.669,828.919,175.221,91.622,175.133,0
743,12.39572,driven,814.992,314.466,844.625,164.363,96.581,168.832,0
744,12.4124,driven,813.332,303.551,860.663,158.056,100.716,161.980,0
745,12.42908,driven,811.704,295.997,876.373,157.336,103.610,154.996,0
746,12.44577,driven,811.405,294.784,886.114,161.264,104.078,150.772,0
747,12.46245,driven,811.405,294.784,897.587,168.365,104.078,145.717,0
748,12.47913,driven,811.405,294.784,908.592,176.616,104.078,140.564,0
749,12.49582,driven,812.903,301.372,916.420,188.708,101.548,137.423,0
750,12.5125,driven,814.585,311.243,923.937,204.233,97.797,134.380,0
751,12.52918,driven,815.836,324.926,930.218,223.310,92.650,131.618,0
752,12.54587,driven,815.824,339.346,935.185,243.628,87.248,128.727,0
753,12.56255,driven,814.009,356.600,939.723,269.392,80.748,124.749,0
754,12.57923,driven,809.727,375.362,941.854,298.217,73.536,120.279,0
755,12.59592,driven,802.596,394.626,942.467,332.618,65.838,113.909,0
756,12.6126,driven,792.940,412.775,940.500,372.338,58.134,105.325,0
757,12.62928,driven,780.924,429.483,933.459,417.569,50.421,94.466,0
758,12.64597,driven,766.572,444.613,917.508,469.663,42.605,80.577,0
759,12.66265,driven,751.411,456.870,890.602,520.392,35.300,65.469,0
760,12.67933,driven,736.022,466.450,848.836,569.804,28.507,47.506,0
761,12.69602,driven,721.696,473.293,792.864,608.734,22.559,27.720,0
762,12.7127,driven,705.544,478.966,723.800,630.873,16.145,6.853,0
763,12.72938,driven,686.145,483.239,664.177,634.654,8.701,-8.255,0
764,12.74607,driven,661.134,484.989,599.306,624.940,-0.699,-23.835,0
765,12.76275,driven,635.921,482.585,544.801,605.492,-10.194,-36.552,0
766,12.77943,driven,610.103,475.565,499.207,580.973,-20.226,-46.454,0
767,12.79612,driven,583.444,462.690,459.866,552.897,-31.330,-53.872,0
768,12.8128,driven,560.456,445.550,428.187,522.453,-42.084,-59.826,0
769,12.82948,driven,542.163,425.848,403.529,490.575,-52.165,-64.972,0
770,12.84617,driven,527.572,403.192,384.804,458.203,-62.270,-68.927,0
771,12.86285,driven,517.542,379.445,371.535,425.173,-71.935,-72.610,0
772,12.87953,driven,511.886,355.952,363.064,391.460,-80.993,-76.580,0
773,12.89622,driven,510.066,336.488,358.804,359.484,-88.319,-81.355,0
774,12.9129,driven,510.459,320.154,357.729,329.229,-94.441,-86.600,0
775,12.92958,driven,511.714,309.160,359.259,296.261,-98.585,-94.836,0
776,12.94627,driven,512.255,305.831,364.371,266.597,-99.848,-104.858,0
777,12.96295,driven,512.255,305.831,374.562,239.124,-99.848,-115.849,0
778,12.97963,driven,512.255,305.831,389.620,214.344,-99.848,-126.723,0
779,12.99632,driven,511.606,309.888,410.467,195.084,-98.310,-138.621,0
780,13.013,driven,510.825,316.134,435.306,183.070,-95.952,-150.423,0
781,13.02968,driven,510.242,323.400,462.304,178.104,-93.222,-161.741,0
782,13.04637,driven,510.000,332.129,491.265,180.280,-89.952,-172.967,0
783,13.06305,driven,510.332,342.078,522.321,189.549,-86.223,175.506,0
784,13.07973,driven,511.504,353.400,552.195,205.910,-81.960,164.576,0
785,13.09642,driven,514.044,366.943,579.761,228.776,-76.798,154.563,0
786,13.1131,driven,518.402,382.004,605.694,256.349,-70.924,145.213,0
787,13.12978,driven,524.964,397.992,630.698,287.406,-64.449,136.285,0
788,13.14647,driven,536.065,417.419,652.343,317.979,-56.062,130.537,0
789,13.16315,driven,549.393,434.482,678.919,353.044,-47.947,122.159,0
790,13.17983,driven,564.354,448.953,705.511,389.931,-40.146,112.691,0
791,13.19652,driven,583.447,462.692,732.516,428.231,-31.329,103.017,0
792,13.2132,driven,605.778,473.897,758.729,470.038,-21.962,91.445,0
793,13.22988,driven,630.152,481.432,779.322,515.450,-12.398,77.153,0
794,13.24657,driven,664.911,484.988,789.963,573.142,0.716,54.819,0
795,13.26325,driven,700.977,480.212,791.523,603.543,14.372,36.285,0
796,13.27993,driven,741.064,463.587,755.619,615.893,30.678,5.459,0
797,13.29662,driven,769.430,441.916,721.726,587.289,44.077,-18.167,0
798,13.3133,driven,784.485,425.007,698.835,551.787,52.563,-34.042,0
799,13.32998,driven,794.588,410.062,680.423,511.922,59.322,-48.260,0
800,13.34667,driven,801.226,397.595,667.610,472.132,64.613,-60.845,0
801,13.36335,driven,806.311,385.581,660.238,431.097,69.500,-72.693,0
802,13.38003,driven,811.004,370.781,659.531,392.344,75.317,-81.898,0
803,13.39672,driven,813.619,358.886,660.688,354.305,79.879,-91.716,0
804,13.4134,driven,814.766,351.390,666.191,314.862,82.719,-103.813,0
805,13.43008,driven,815.227,347.363,678.085,279.531,84.237,-116.318,0
806,13.44677,driven,815.227,347.363,697.144,250.072,84.237,-129.486,0
807,13.46345,driven,815.227,347.363,721.963,226.075,84.237,-142.442,0
808,13.48013,driven,815.064,348.899,751.355,209.794,83.659,-155.393,0
809,13.49682,driven,814.694,351.949,782.376,202.401,82.508,-167.806,0
810,13.5135,driven,814.114,355.949,818.614,203.015,80.995,178.315,0
811,13.53018,driven,813.275,360.748,852.573,212.881,79.170,165.117,0
812,13.54687,driven,811.749,367.816,883.766,232.825,76.462,151.920,0
813,13.56355,driven,809.493,376.144,913.454,263.890,73.230,137.197,0
814,13.58023,driven,806.443,385.227,936.812,305.146,69.642,121.561,0
815,13.59692,driven,802.837,394.086,949.437,350.296,66.059,106.631,0
816,13.6136,driven,798.202,403.619,950.983,411.817,62.089,86.929,0
817,13.63028,driven,793.248,412.277,934.511,471.046,58.353,67.411,0
818,13.64697,driven,785.644,423.474,899.511,525.666,53.283,48.093,0
819,13.66365,driven,775.700,435.478,852.593,567.752,47.443,30.170,0
820,13.68033,driven,762.632,448.114,799.440,596.620,40.631,13.921,0
821,13.69702,driven,742.760,462.565,748.692,615.450,31.420,2.222,0
822,13.7137,driven,717.661,474.903,693.350,625.959,20.932,-9.143,0
823,13.73038,driven,689.340,482.716,644.009,628.846,9.913,-17.234,0
824,13.74707,driven,656.273,484.852,599.549,626.949,-2.520,-21.762,0
825,13.76375,driven,625.674,480.377,559.029,618.100,-14.120,-25.823,0
826,13.78043,driven,597.837,470.430,521.707,603.145,-25.208,-29.840,0
827,13.79712,driven,572.797,455.582,487.279,582.451,-36.126,-33.983,0
828,13.8138,driven,553.272,438.625,457.155,557.664,-45.822,-38.919,0
829,13.83048,driven,538.539,420.985,430.518,529.339,-54.437,-44.912,0
830,13.84717,driven,527.465,402.987,407.418,497.844,-62.357,-51.685,0
831,13.86385,driven,518.769,383.054,389.386,464.718,-70.507,-57.741,0
832,13.88053,driven,512.879,361.540,376.253,430.406,-78.868,-63.250,0
833,13.89722,driven,510.588,345.395,366.300,396.289,-84.977,-70.571,0
834,13.9139,driven,510.001,331.510,359.974,361.525,-90.183,-78.687,0
835,13.93058,driven,510.253,323.208,357.279,326.061,-93.294,-88.932,0
836,13.94727,driven,510.253,323.211,360.822,290.355,-93.293,-102.401,0
837,13.96395,driven,510.253,323.211,371.287,259.198,-93.293,-114.732,0
838,13.98063,driven,510.129,325.719,389.622,231.447,-92.353,-128.036,0
839,13.99732,driven,510.009,330.331,414.105,211.119,-90.625,-141.184,0
840,14.014,driven,510.051,335.942,442.784,198.523,-88.524,-153.918,0
841,14.03068,driven,510.382,342.800,472.895,194.464,-85.952,-165.818,0
842,14.04737,driven,511.076,350.112,506.969,197.167,-83.201,-178.462,0
843,14.06405,driven,512.386,358.913,539.455,208.326,-79.869,169.809,0
844,14.08073,driven,514.583,369.169,571.944,227.328,-75.940,157.981,0
845,14.09742,driven,517.945,380.662,601.687,252.614,-71.455,146.815,0
846,14.1141,driven,523.094,393.930,628.427,282.962,-66.123,136.492,0
847,14.13078,driven,531.553,410.299,652.591,316.710,-59.219,127.712,0
848,14.14747,driven,542.550,426.344,677.948,355.095,-51.930,117.754,0
849,14.16415,driven,556.078,441.438,701.812,394.849,-44.334,107.728,0
850,14.18083,driven,572.830,455.606,724.722,437.228,-36.111,96.899,0
851,14.19752,driven,592.484,467.781,744.712,483.127,-27.445,84.243,0
852,14.2142,driven,616.059,477.621,757.970,534.808,-17.867,68.052,0
853,14.23088,driven,649.272,484.383,759.260,590.739,-5.148,45.962,0
854,14.24757,driven,692.025,482.222,765.880,616.216,10.936,28.863,0
855,14.26425,driven,730.625,469.244,711.858,621.089,26.231,-7.046,0
856,14.28093,driven,758.034,451.907,690.116,589.006,38.399,-26.353,0
857,14.29762,driven,774.718,436.537,671.851,549.795,46.902,-42.247,0
858,14.3143,driven,786.562,422.230,659.701,507.760,53.862,-56.012,0
859,14.33098,driven,794.378,410.415,652.383,467.394,59.168,-68.136,0
860,14.34767,driven,800.527,399.048,649.882,425.792,64.009,-79.933,0
861,14.36435,driven,805.430,387.881,652.437,386.448,68.578,-90.536,0
862,14.38103,driven,810.073,374.172,658.818,351.130,74.000,-98.662,0
863,14.39772,driven,812.719,363.516,668.067,313.667,78.113,-109.015,0
864,14.4144,driven,814.028,356.484,680.666,281.493,80.792,-119.349,0
865,14.43108,driven,814.769,351.367,697.536,253.055,82.728,-129.983,0
866,14.44777,driven,814.790,351.208,721.014,230.314,82.788,-142.200,0
867,14.46445,driven,814.790,351.208,746.785,214.151,82.788,-153.610,0
868,14.48113,driven,814.790,351.208,774.490,203.611,82.788,-164.728,0
869,14.49782,driven,814.401,354.060,805.539,201.317,81.710,-176.679,0
870,14.5145,driven,813.651,358.710,836.044,207.357,79.946,171.584,0
871,14.53118,driven,812.403,364.981,867.239,222.146,77.551,158.998,0
872,14.54787,driven,810.393,373.040,894.498,245.231,74.441,146.653,0
873,14.56455,driven,807.374,382.648,919.267,278.297,70.669,133.002,0
874,14.58123,driven,803.734,392.026,938.852,320.247,66.901,117.978,0
875,14.59792,driven,799.113,401.873,948.534,368.975,62.827,102.417,0
876,14.6146,driven,793.810,411.358,945.888,428.130,58.756,83.706,0
877,14.63128,driven,787.710,420.636,926.545,484.932,54.597,65.151,0
878,14.64797,driven,779.365,431.339,890.004,537.018,49.513,46.314,0
879,14.66465,driven,769.236,442.104,840.216,577.643,43.975,27.641,0
880,14.68133,driven,754.656,454.508,787.167,604.014,36.803,12.268,0
881,14.69802,driven,734.904,467.051,732.624,620.034,28.032,-0.854,0
882,14.7147,driven,710.532,477.429,679.532,627.256,18.099,-11.690,0
883,14.73138,driven,681.472,483.881,627.958,627.217,6.934,-20.473,0
884,14.74807,driven,649.293,484.385,585.057,623.247,-5.140,-24.825,0
885,14.76475,driven,618.248,478.309,544.081,612.130,-17.008,-28.996,0
886,14.78143,driven,592.418,467.747,508.538,595.704,-27.472,-33.246,0
887,14.79812,driven,568.893,452.635,475.072,573.493,-37.958,-37.822,0
888,14.8148,driven,550.580,435.782,446.985,548.375,-47.288,-42.617,0
889,14.83148,driven,535.800,417.024,421.800,519.069,-56.240,-48.167,0
890,14.84817,driven,524.248,396.474,401.009,487.145,-65.077,-53.657,0
891,14.86485,driven,516.766,376.995,384.921,454.622,-72.897,-59.511,0
892,14.88153,driven,512.075,357.114,373.074,421.049,-80.553,-65.299,0
893,14.89822,driven,510.247,340.685,364.497,387.226,-86.746,-72.290,0
894,14.9149,driven,510.107,326.279,359.585,353.706,-92.143,-79.673,0
895,14.93158,driven,510.535,319.211,357.536,318.841,-94.795,-90.139,0
896,14.94827,driven,510.535,319.211,361.495,284.629,-94.795,-103.063,0
897,14.96495,driven,510.535,319.211,372.066,254.132,-94.795,-115.173,0
898,14.98163,driven,510.297,322.473,389.751,228.251,-93.570,-128.012,0
899,14.99832,driven,510.048,328.152,414.114,208.964,-91.441,-141.169,0
900,15.015,driven,510.032,335.136,442.060,198.064,-88.826,-153.624,0
901,15.03168,driven,510.364,342.541,472.399,194.326,-86.050,-165.633,0
902,15.04837,driven,511.173,350.912,506.274,197.991,-82.899,-178.165,0
903,15.06505,driven,512.718,360.712,538.047,209.823,-79.184,170.471,0
904,15.08173,driven,515.230,371.663,570.018,228.808,-74.975,159.017,0
905,15.09842,driven,519.171,384.175,599.628,254.038,-70.061,148.273,0
906,15.1151,driven,525.292,398.674,626.392,283.836,-64.165,138.640,0
907,15.13178,driven,534.514,415.069,651.520,316.486,-57.116,130.116,0
908,15.14847,driven,547.210,432.008,677.566,351.907,-49.183,121.570,0
909,15.16515,driven,560.953,445.997,703.482,390.370,-41.834,111.320,0
910,15.18183,driven,578.520,459.562,728.534,429.483,-33.515,101.338,0
911,15.19852,driven,600.509,471.656,753.493,473.885,-24.107,89.165,0
912,15.2152,driven,623.681,479.862,771.015,521.113,-14.891,74.359,0
913,15.23188,driven,656.873,484.877,778.586,577.587,-2.295,52.703,0
914,15.24857,driven,695.241,481.565,783.277,606.699,12.165,35.128,0
915,15.26525,driven,736.830,466.008,736.478,619.008,28.852,-0.132,0
916,15.28193,driven,763.994,446.931,707.458,589.102,41.307,-21.686,0
917,15.29862,driven,779.154,431.586,685.932,552.906,49.391,-37.538,0
918,15.3153,driven,790.588,416.442,670.222,510.893,56.502,-51.879,0
919,15.33198,driven,797.528,404.878,659.744,471.396,61.554,-64.230,0
920,15.34867,driven,802.947,393.838,654.342,430.248,66.161,-76.233,0
921,15.36535,driven,807.562,382.109,654.768,390.056,70.882,-87.023,0
922,15.38203,driven,811.762,367.763,659.444,353.330,76.482,-95.413,0
923,15.39872,driven,813.983,356.761,666.821,314.901,80.687,-105.878,0
924,15.4154,driven,814.949,349.903,677.735,282.216,83.280,-116.257,0
925,15.43208,driven,815.394,345.608,694.378,251.990,84.897,-127.726,0
926,15.44877,driven,815.394,345.608,717.182,228.290,84.897,-140.066,0
927,15.46545,driven,815.394,345.608,742.354,211.167,84.897,-151.485,0
928,15.48213,driven,815.366,345.915,771.133,199.448,84.782,-163.196,0
929,15.49882,driven,815.026,349.237,802.330,196.765,83.531,-175.240,0
930,15.5155,driven,814.493,353.419,833.028,201.545,81.953,173.042,0
931,15.53218,driven,813.616,358.903,865.501,214.969,79.873,160.177,0
932,15.54887,driven,812.058,366.506,893.779,237.159,76.966,147.715,0
933,15.56555,driven,809.709,375.422,919.080,268.432,73.512,134.370,0
934,15.58223,driven,806.292,385.633,939.024,309.533,69.480,119.827,0
935,15.59892,driven,802.091,395.739,949.833,355.973,65.380,105.065,0
936,15.6156,driven,797.246,405.395,950.080,412.520,61.334,87.331,0
937,15.63228,driven,790.630,416.378,933.239,471.799,56.531,68.763,0
938,15.64897,driven,782.932,427.002,899.609,525.974,51.616,49.693,0
939,15.66565,driven,772.958,438.387,852.980,568.792,45.946,31.535,0
940,15.68233,driven,759.274,450.913,799.570,598.512,38.994,15.270,0
941,15.69902,driven,739.012,464.783,745.500,617.645,29.789,2.430,0
942,15.7157,driven,714.365,476.120,692.121,627.495,19.616,-8.359,0
943,15.73238,driven,686.082,483.249,641.614,629.644,8.677,-16.896,0
944,15.74907,driven,653.603,484.711,596.895,626.814,-3.521,-21.755,0
945,15.76575,driven,622.846,479.637,554.812,616.679,-15.215,-26.402,0
946,15.78243,driven,596.421,469.754,516.135,599.997,-25.795,-31.651,0
947,15.79912,driven,572.524,455.382,482.040,578.758,-36.253,-36.256,0
948,15.8158,driven,553.066,438.412,451.554,552.886,-45.933,-41.566,0
949,15.83248,driven,538.126,420.405,424.809,523.207,-54.703,-47.785,0
950,15.84917,driven,526.281,400.680,403.109,491.441,-63.327,-53.615,0
951,15.86585,driven,518.170,381.328,385.292,457.172,-71.192,-60.283,0
952,15.88253,driven,512.676,360.488,373.086,423.128,-79.269,-65.832,0
953,15.89922,driven,510.429,343.449,364.073,388.046,-85.709,-73.053,0
954,15.9159,driven,510.013,329.975,358.803,353.305,-90.759,-81.229,0
955,15.93258,driven,510.366,321.419,357.443,316.583,-93.965,-91.812,0
956,15.94927,driven,510.366,321.422,362.427,282.397,-93.965,-104.777,0
957,15.96595,driven,510.366,321.422,374.366,251.329,-93.965,-117.266,0
958,15.98263,driven,510.186,324.454,393.849,225.083,-92.827,-130.503,0
959,15.99932,driven,510.037,328.641,419.084,205.610,-91.258,-143.526,0
960,16.016,driven,510.015,334.120,447.715,194.379,-89.206,-155.972,0
961,16.03268,driven,510.258,340.879,479.997,190.901,-86.673,-168.593,0
962,16.04937,driven,510.860,348.203,514.845,195.255,-83.921,178.508,0
963,16.06605,driven,511.984,356.559,546.548,207.514,-80.763,166.944,0
964,16.08273,driven,514.007,366.787,578.433,228.013,-76.858,155.097,0
965,16.09942,driven,517.101,378.072,608.017,255.013,-72.475,143.543,0
966,16.1161,driven,522.009,391.418,633.869,287.033,-67.148,133.020,0
967,16.13278,driven,529.922,407.493,654.745,319.016,-60.434,125.330,0
968,16.14947,driven,540.511,423.682,680.048,360.923,-53.185,114.216,0
969,16.16615,driven,553.746,439.110,702.322,402.584,-45.568,103.812,0
970,16.18283,driven,570.013,453.501,722.822,445.858,-37.428,92.863,0
971,16.19952,driven,589.998,466.461,740.256,495.294,-28.499,79.138,0
972,16.2162,driven,615.968,477.592,750.076,551.240,-17.902,61.226,0
973,16.23288,driven,649.618,484.414,746.172,603.100,-5.018,39.129,0
974,16.24957,driven,693.734,481.881,743.355,626.611,11.588,18.924,0
975,16.26625,driven,733.229,467.930,693.221,615.606,27.323,-15.158,0
976,16.28293,driven,757.634,452.222,676.893,582.183,38.208,-31.852,0
977,16.29962,driven,773.996,437.304,661.686,541.205,46.508,-47.227,0
978,16.3163,driven,785.641,423.477,652.386,498.658,53.281,-60.569,0
979,16.33298,driven,793.690,411.555,648.417,459.564,58.670,-71.713,0
980,16.34967,driven,800.519,399.063,648.629,417.462,64.003,-83.094,0
981,16.36635,driven,807.041,383.587,654.136,378.197,70.295,-92.019,0
982,16.38303,driven,811.513,368.782,659.940,347.936,76.089,-97.831,0
983,16.39972,driven,814.131,355.839,668.231,309.772,81.036,-107.523,0
984,16.4164,driven,815.257,347.059,678.942,277.581,84.351,-117.008,0
985,16.43308,driven,815.693,341.684,694.438,248.377,86.371,-127.578,0
986,16.44977,driven,815.790,340.016,715.896,224.128,86.997,-139.239,0
987,16.46645,driven,815.790,340.016,739.395,207.453,86.997,-150.046,0
988,16.48313,driven,815.790,340.016,766.056,195.325,86.997,-161.031,0
989,16.49982,driven,815.616,342.833,794.595,191.284,85.940,-172.103,0
990,16.5165,driven,815.199,347.634,824.023,194.888,84.135,176.694,0
991,16.53318,driven,814.220,355.272,853.372,207.366,81.251,165.173,0
992,16.54987,driven,812.368,365.139,881.058,228.425,77.491,153.323,0
993,16.56655,driven,809.582,375.849,907.817,258.551,73.346,140.054,0
994,16.58323,driven,806.001,386.404,929.880,296.611,69.171,125.936,0
995,16.59992,driven,801.399,397.228,943.859,341.425,64.765,111.391,0
996,16.6166,driven,795.878,407.845,948.621,398.978,60.283,93.322,0
997,16.63328,driven,789.318,418.329,936.861,458.827,55.650,74.652,0
998,16.64997,driven,781.694,428.543,905.029,519.084,50.876,53.717,0
999,16.66665,driven,771.888,439.482,860.185,564.432,45.373,35.247,0
1000,16.68333,driven,759.134,451.026,804.658,597.097,38.927,17.310,0
1001,16.70002,driven,739.731,464.368,748.372,617.124,30.100,3.238,0
1002,16.7167,driven,716.308,475.413,690.063,626.145,20.390,-9.877,0
1003,16.73338,driven,689.050,482.766,638.628,627.219,9.803,-19.242,0
1004,16.75007,driven,655.576,484.820,593.130,624.496,-2.781,-24.088,0
1005,16.76675,driven,624.613,480.106,550.085,613.727,-14.530,-29.151,0
1006,16.78343,driven,596.932,470.000,511.703,597.063,-25.583,-33.852,0
1007,16.80012,driven,572.345,455.250,477.489,575.298,-36.336,-38.314,0
1008,16.8168,driven,553.021,438.366,447.890,549.525,-45.957,-43.404,0
1009,16.83348,driven,536.914,418.668,422.415,520.152,-55.496,-48.449,0
1010,16.85017,driven,525.280,398.650,401.061,487.973,-64.175,-54.281,0
1011,16.86685,driven,517.269,378.599,384.088,453.910,-72.268,-60.513,0
1012,16.88353,driven,512.238,358.071,372.113,419.505,-80.189,-66.326,0
1013,16.90022,driven,510.286,341.347,363.189,383.436,-86.497,-74.033,0
1014,16.9169,driven,510.030,328.967,358.477,349.960,-91.136,-82.114,0
1015,16.93358,driven,510.350,321.651,357.585,313.178,-93.879,-93.174,0
1016,16.95027,driven,510.350,321.651,363.203,279.739,-93.879,-105.899,0
1017,16.96695,driven,510.350,321.651,375.434,249.495,-93.879,-118.139,0
1018,16.98363,driven,510.250,323.258,394.683,222.991,-93.276,-130.945,0
1019,17.00032,driven,510.051,328.063,419.880,204.457,-91.475,-143.889,0
1020,17.017,driven,510.007,333.494,448.126,193.567,-89.440,-156.143,0
1021,17.03368,driven,510.212,340.049,479.319,190.200,-86.984,-168.351,0
1022,17.05037,driven,510.817,347.793,514.010,194.826,-84.075,178.804,0
1023,17.06705,driven,511.975,356.502,545.975,207.328,-80.785,167.160,0
1024,17.08373,driven,513.979,366.665,576.935,227.218,-76.905,155.702,0
1025,17.10042,driven,517.215,378.429,606.511,254.190,-72.335,144.293,0
1026,17.1171,driven,522.249,391.985,632.285,285.679,-66.917,134.012,0
1027,17.13378,driven,530.229,408.031,654.040,318.143,-60.202,125.980,0
1028,17.15047,driven,541.462,424.938,679.080,358.078,-52.595,115.912,0
1029,17.16715,driven,554.586,439.960,702.156,399.562,-45.120,105.310,0
1030,17.18383,driven,571.097,454.323,723.565,441.568,-36.918,94.782,0
1031,17.20052,driven,591.264,467.140,742.698,488.970,-27.961,81.797,0
1032,17.2172,driven,615.949,477.586,754.022,543.500,-17.910,64.481,0
1033,17.23388,driven,650.159,484.460,751.073,599.462,-4.814,41.267,0
1034,17.25057,driven,690.658,482.479,756.616,620.532,10.415,25.537,0
1035,17.26725,driven,732.737,468.183,701.863,618.036,27.116,-11.642,0
1036,17.28393,driven,757.357,452.440,683.189,586.261,38.076,-28.997,0
1037,17.30062,driven,774.155,437.136,666.585,545.938,46.594,-44.674,0
1038,17.3173,driven,786.509,422.302,656.338,502.704,53.828,-58.298,0
1039,17.33398,driven,794.528,410.162,651.009,463.183,59.279,-69.724,0
1040,17.35067,driven,801.044,397.977,649.874,421.570,64.455,-81.129,0
1041,17.36735,driven,807.145,383.296,654.154,381.591,70.411,-90.638,0
1042,17.38403,driven,811.593,368.457,659.708,350.016,76.215,-96.923,0
1043,17.40072,driven,814.005,356.628,667.935,311.103,80.737,-107.311,0
1044,17.4174,driven,815.093,348.638,679.018,278.689,83.757,-117.205,0
1045,17.43408,driven,815.548,343.747,695.001,249.527,85.596,-128.011,0
1046,17.45077,driven,815.580,343.333,717.205,226.152,85.752,-139.986,0
1047,17.46745,driven,815.580,343.333,742.101,209.132,85.752,-151.298,0
1048,17.48413,driven,815.580,343.333,769.496,197.438,85.752,-162.470,0
1049,17.50082,driven,815.350,346.092,799.059,193.961,84.715,-173.888,0
1050,17.5175,driven,814.828,350.897,829.118,198.566,82.905,174.641,0
1051,17.53418,driven,813.713,358.354,860.267,212.609,80.081,162.285,0
1052,17.55087,driven,811.858,367.360,888.386,234.875,76.637,149.988,0
1053,17.56755,driven,808.814,378.337,914.138,267.360,72.371,136.497,0
1054,17.58423,driven,805.358,388.064,935.067,306.918,68.504,122.030,0
1055,17.60092,driven,800.713,398.664,946.732,352.974,64.169,107.375,0
1056,17.6176,driven,795.367,408.734,948.282,413.838,59.899,88.088,0
1057,17.63428,driven,788.743,419.165,932.104,472.613,55.270,69.553,0
1058,17.65097,driven,780.871,429.547,898.245,527.692,50.390,50.098,0
1059,17.66765,driven,770.955,440.420,849.757,571.565,44.877,31.001,0
1060,17.68433,driven,756.756,452.908,793.987,601.309,37.791,14.084,0
1061,17.70102,driven,737.431,465.675,738.297,618.672,29.109,0.324,0
1062,17.7177,driven,712.289,476.843,685.407,627.463,18.793,-10.119,0
1063,17.73438,driven,683.070,483.678,631.351,627.672,7.537,-19.757,0
1064,17.75107,driven,650.886,484.520,587.603,623.819,-4.541,-24.432,0
1065,17.76775,driven,620.102,478.863,545.547,612.469,-16.283,-29.162,0
1066,17.78443,driven,593.115,468.107,508.008,595.252,-27.179,-33.797,0
1067,17.80112,driven,569.241,452.906,474.377,572.947,-37.793,-38.318,0
1068,17.8178,driven,549.702,434.822,444.807,546.205,-47.775,-43.282,0
1069,17.83448,driven,535.031,415.863,419.940,516.674,-56.761,-48.784,0
1070,17.85117,driven,523.784,395.466,399.170,484.237,-65.492,-54.535,0
1071,17.86785,driven,516.434,375.903,382.759,450.333,-73.325,-60.891,0
1072,17.88453,driven,512.002,356.669,370.586,415.068,-80.721,-67.561,0
1073,17.90122,driven,510.252,340.779,362.232,379.497,-86.711,-75.341,0
1074,17.9179,driven,510.049,328.133,358.005,345.213,-91.448,-83.591,0
1075,17.93458,driven,510.371,321.347,357.750,310.587,-93.992,-94.033,0
1076,17.95127,driven,510.371,321.347,364.430,275.411,-93.992,-107.472,0
1077,17.96795,driven,510.371,321.347,377.446,245.586,-93.992,-119.681,0
1078,17.98463,driven,510.234,323.539,397.468,220.133,-93.170,-132.521,0
1079,18.00132,driven,510.046,328.254,423.276,202.238,-91.403,-145.450,0
1080,18.018,driven,510.012,333.920,451.704,192.466,-89.281,-157.598,0
1081,18.03468,driven,510.244,340.632,483.512,189.985,-86.766,-169.938,0
1082,18.05137,driven,510.880,348.385,518.930,195.597,-83.852,176.984,0
1083,18.06805,driven,512.107,357.303,548.882,208.788,-80.481,166.092,0
1084,18.08473,driven,514.120,367.269,580.142,229.246,-76.673,154.436,0
1085,18.10142,driven,517.486,379.272,609.555,257.075,-72.003,143.004,0
1086,18.1181,driven,522.650,392.916,635.592,289.703,-66.538,132.423,0
1087,18.13478,driven,531.052,409.451,655.155,319.967,-59.588,125.793,0
1088,18.15147,driven,542.602,426.410,681.374,361.981,-51.898,114.905,0
1089,18.16815,driven,556.392,441.744,704.589,403.710,-44.169,104.394,0
1090,18.18483,driven,572.946,455.690,725.689,446.830,-36.057,93.320,0
1091,18.20152,driven,593.867,468.490,744.730,493.973,-26.862,80.413,0
1092,18.2182,driven,618.648,478.430,754.546,548.720,-16.851,62.651,0
1093,18.23488,driven,654.353,484.755,751.184,603.215,-3.240,39.263,0
1094,18.25157,driven,694.735,481.673,749.508,624.532,11.971,20.977,0
1095,18.26825,driven,736.399,466.245,699.411,614.706,28.668,-13.990,0
1096,18.28493,driven,759.119,451.038,680.823,582.487,38.920,-30.780,0
1097,18.30162,driven,775.713,435.464,665.570,541.660,47.450,-46.045,0
1098,18.3183,driven,786.895,421.772,654.899,499.142,54.073,-59.623,0
1099,18.33498,driven,795.165,409.081,650.621,459.243,59.748,-70.861,0
1100,18.35167,driven,801.462,397.095,649.843,417.606,64.820,-82.296,0
1101,18.36835,driven,806.775,384.322,653.945,377.123,70.003,-92.697,0
1102,18.38503,driven,811.168,370.149,659.999,346.545,75.561,-98.875,0
1103,18.40172,driven,813.595,359.019,669.536,307.484,79.829,-109.684,0
1104,18.4184,driven,814.748,351.532,681.829,275.760,82.666,-119.686,0
1105,18.43508,driven,815.265,346.983,698.920,247.620,84.380,-130.499,0
1106,18.45177,driven,815.265,346.983,722.358,225.421,84.380,-142.611,0
1107,18.46845,driven,815.265,346.983,747.828,209.647,84.380,-153.847,0
1108,18.48513,driven,815.240,347.227,775.500,199.478,84.288,-164.945,0
1109,18.50182,driven,814.933,350.038,806.217,197.287,83.229,-176.734,0
1110,18.5185,driven,814.266,354.966,836.586,203.603,81.367,171.612,0
1111,18.53518,driven,813.155,361.368,866.605,218.007,78.934,159.553,0
1112,18.55187,driven,811.155,370.198,893.753,241.410,75.542,147.326,0
1113,18.56855,driven,808.030,380.737,918.719,275.111,71.425,133.659,0
1114,18.58523,driven,804.296,390.689,937.910,316.148,67.444,119.157,0
1115,18.60192,driven,799.662,400.794,948.028,363.426,63.280,104.136,0
1116,18.6186,driven,794.237,410.650,946.213,428.325,59.066,83.366,0
1117,18.63528,driven,787.449,421.003,927.393,482.847,54.429,66.159,0
1118,18.65197,driven,779.355,431.350,891.405,535.532,49.508,47.084,0
1119,18.66865,driven,768.749,442.572,842.270,576.750,43.723,28.720,0
1120,18.68533,driven,753.608,455.285,786.752,604.652,36.314,12.511,0
1121,18.70202,driven,733.879,467.592,731.529,620.574,27.598,-0.880,0
1122,18.7187,driven,709.394,477.796,677.808,627.500,17.652,-11.914,0
1123,18.73538,driven,679.354,484.123,625.263,627.243,6.136,-20.704,0
1124,18.75207,driven,646.213,484.076,582.503,623.181,-6.299,-24.608,0
1125,18.76875,driven,616.264,477.687,541.065,610.932,-17.786,-29.439,0
1126,18.78543,driven,589.487,466.182,504.543,593.436,-28.717,-33.724,0
1127,18.80212,driven,567.031,451.160,471.130,570.373,-38.847,-38.815,0
1128,18.8188,driven,548.323,433.282,441.852,543.159,-48.549,-44.098,0
1129,18.83548,driven,533.718,413.823,417.650,513.509,-57.670,-49.342,0
1130,18.85217,driven,523.436,394.697,397.416,481.461,-65.809,-55.453,0
1131,18.86885,driven,516.247,375.274,381.158,447.107,-73.570,-61.998,0
1132,18.88553,driven,511.551,353.730,370.219,412.332,-81.835,-67.479,0
1133,18.90222,driven,510.079,336.905,362.554,377.470,-88.163,-74.625,0
1134,18.9189,driven,510.160,325.004,358.283,343.505,-92.621,-83.055,0
1135,18.93558,driven,510.510,319.519,357.907,308.500,-94.679,-94.130,0
1136,18.95227,driven,510.510,319.519,364.654,273.313,-94.679,-107.578,0
1137,18.96895,driven,510.510,319.519,377.745,243.477,-94.679,-119.802,0
1138,18.98563,driven,510.231,323.591,398.279,219.304,-93.151,-132.970,0
1139,19.00232,driven,510.040,328.519,425.210,201.189,-91.304,-146.328,0
1140,19.019,driven,510.017,334.256,453.267,192.170,-89.155,-158.228,0
1141,19.03568,driven,510.299,341.561,485.638,190.562,-86.417,-170.724,0
1142,19.05237,driven,510.979,349.282,520.644,196.587,-83.514,176.378,0
1143,19.06905,driven,512.267,358.238,553.372,210.864,-80.125,164.415,0
1144,19.08573,driven,514.451,368.635,583.994,232.354,-76.146,152.965,0
1145,19.10242,driven,517.982,380.772,613.154,260.976,-71.411,141.535,0
1146,19.1191,driven,524.133,396.227,638.874,295.016,-65.179,131.415,0
1147,19.13578,driven,532.905,412.525,658.236,324.769,-58.244,125.000,0
1148,19.15247,driven,543.617,427.690,684.838,368.821,-51.287,112.629,0
1149,19.16915,driven,557.914,443.203,707.385,410.531,-43.380,102.330,0
1150,19.18583,driven,575.180,457.286,728.179,456.722,-35.029,90.211,0
1151,19.20252,driven,595.829,469.467,745.059,503.222,-26.042,77.254,0
1152,19.2192,driven,624.400,480.051,754.519,560.537,-14.613,58.261,0
1153,19.23588,driven,659.321,484.956,748.719,609.121,-1.378,35.754,0
1154,19.25257,driven,699.978,480.464,735.462,629.293,13.986,13.410,0
1155,19.26925,driven,740.694,463.805,695.069,609.844,30.518,-17.350,0
1156,19.28593,driven,762.399,448.314,675.818,574.459,40.516,-34.464,0
1157,19.30262,driven,777.870,433.064,661.845,532.801,48.658,-49.317,0
1158,19.3193,driven,788.420,419.629,652.647,490.161,55.058,-62.549,0
1159,19.33598,driven,795.824,407.939,648.667,449.815,60.242,-74.115,0
1160,19.35267,driven,802.628,394.554,650.280,408.667,65.867,-84.708,0
1161,19.36935,driven,808.639,378.885,655.912,369.747,72.155,-93.424,0
1162,19.38603,driven,812.594,364.103,661.059,342.982,77.888,-97.935,0
1163,19.40272,driven,814.591,352.717,670.399,301.554,82.218,-109.536,0
1164,19.4194,driven,815.429,345.203,682.699,269.099,85.050,-119.829,0
1165,19.43608,driven,815.761,340.548,699.198,241.442,86.797,-130.372,0
1166,19.45277,driven,815.761,340.548,722.095,219.570,86.797,-142.251,0
1167,19.46945,driven,815.761,340.548,746.733,204.004,86.797,-153.182,0
1168,19.48613,driven,815.759,340.593,773.385,193.578,86.780,-163.922,0
1169,19.50282,driven,815.528,344.011,803.869,191.456,85.497,-175.630,0
1170,19.5195,driven,814.920,350.145,833.131,198.233,83.189,173.164,0
1171,19.53618,driven,813.738,358.214,862.780,213.287,80.135,161.304,0
1172,19.55287,driven,811.529,368.718,890.630,237.752,76.114,148.868,0
1173,19.56955,driven,808.461,379.435,916.466,271.065,71.939,135.097,0
1174,19.58623,driven,804.631,389.877,936.222,311.821,67.773,120.675,0
1175,19.60292,driven,799.975,400.168,947.126,358.269,63.542,105.893,0
1176,19.6196,driven,794.116,410.852,946.757,421.325,58.977,86.075,0
1177,19.63628,driven,787.520,420.904,927.980,481.567,54.474,66.641,0
1178,19.65297,driven,779.290,431.426,890.401,536.609,49.470,46.570,0
1179,19.66965,driven,768.500,442.809,841.713,577.155,43.594,28.589,0
1180,19.68633,driven,753.456,455.396,784.682,605.176,36.243,11.776,0
1181,19.70302,driven,733.663,467.705,728.476,620.617,27.507,-1.943,0
1182,19.7197,driven,707.062,478.518,677.759,628.686,16.737,-11.041,0
1183,19.73638,driven,677.059,484.353,621.175,626.781,5.272,-21.423,0
1184,19.75307,driven,645.379,483.982,578.534,621.607,-6.613,-25.906,0
1185,19.76975,driven,614.574,477.134,537.157,609.102,-18.452,-30.397,0
1186,19.78643,driven,587.932,465.319,500.060,590.568,-29.382,-35.053,0
1187,19.80312,driven,565.043,449.530,467.491,567.398,-39.810,-39.612,0
1188,19.8198,driven,546.580,431.275,439.114,540.178,-49.545,-44.619,0
1189,19.83648,driven,531.934,410.935,414.579,509.102,-58.941,-50.088,0
1190,19.85317,driven,522.153,391.759,394.810,476.570,-67.009,-56.336,0
1191,19.86985,driven,515.202,371.558,379.265,441.772,-75.016,-62.683,0
1192,19.88653,driven,511.312,351.991,368.591,407.125,-82.492,-68.878,0
1193,19.90322,driven,510.057,336.167,361.268,371.815,-88.439,-76.527,0
1194,19.9199,driven,510.176,324.671,357.675,337.024,-92.746,-85.369,0
1195,19.93658,driven,510.528,319.294,358.601,301.212,-94.764,-96.787,0
1196,19.95327,driven,510.528,319.294,366.539,267.564,-94.764,-109.762,0
1197,19.96995,driven,510.528,319.294,380.564,238.558,-94.764,-121.849,0
1198,19.98663,driven,510.289,322.600,401.671,214.846,-93.522,-134.771,0
1199,20.00332,driven,510.066,327.492,428.845,197.830,-91.689,-147.937,0
1200,20.02,driven,510.002,332.852,456.853,189.381,-89.681,-159.673,0
1201,20.03668,driven,510.191,339.645,489.450,188.058,-87.136,-172.209,0
1202,20.05337,driven,510.808,347.701,523.187,195.203,-84.110,175.359,0
1203,20.07005,driven,511.991,356.603,555.033,209.782,-80.746,163.661,0
1204,20.08673,driven,514.136,367.333,586.003,232.263,-76.648,151.984,0
1205,20.10342,driven,517.506,379.333,614.250,260.802,-71.979,140.779,0
1206,20.1201,driven,522.899,393.487,639.884,294.880,-66.305,130.128,0
1207,20.13678,driven,531.294,409.863,660.262,327.544,-59.409,122.550,0
1208,20.15347,driven,542.608,426.419,684.390,368.912,-51.894,112.077,0
1209,20.17015,driven,556.350,441.704,706.395,411.775,-44.191,101.281,0
1210,20.18683,driven,574.170,456.572,727.168,457.345,-35.492,89.711,0
1211,20.20352,driven,594.341,468.729,743.048,504.716,-26.664,76.396,0
1212,20.2202,driven,619.365,478.646,749.549,559.026,-16.571,58.308,0
1213,20.23688,driven,655.977,484.839,745.790,608.704,-2.631,35.945,0
1214,20.25357,driven,,,723.483,604.923,,,1
1215,20.27025,driven,739.733,464.367,691.619,609.605,30.101,-18.329,0
1216,20.28693,driven,760.106,450.235,671.865,575.225,39.396,-35.221,0
1217,20.30362,driven,776.040,435.107,658.350,532.872,47.631,-50.284,0
1218,20.3203,driven,787.244,421.288,650.872,490.655,54.297,-63.040,0
1219,20.33698,driven,794.886,409.557,647.462,450.486,59.542,-74.484,0
1220,20.35367,driven,801.489,397.038,648.983,409.326,64.844,-85.393,0
1221,20.37035,driven,807.177,383.205,654.774,369.708,70.447,-95.061,0
1222,20.38703,driven,811.502,368.827,661.394,339.217,76.072,-101.159,0
1223,20.40372,driven,813.652,358.700,671.389,302.397,79.950,-111.592,0
1224,20.4204,driven,814.719,351.756,684.831,270.898,82.581,-121.903,0
1225,20.43708,driven,815.230,347.330,702.831,243.525,84.249,-132.724,0
1226,20.45377,driven,815.230,347.330,727.078,222.277,84.249,-144.819,0
1227,20.47045,driven,815.230,347.330,753.132,207.499,84.249,-156.054,0
1228,20.48713,driven,815.127,348.321,780.126,199.378,83.877,-166.776,0
1229,20.50382,driven,814.664,352.176,812.226,199.196,82.422,-179.087,0
1230,20.5205,driven,813.926,357.107,842.146,206.732,80.555,169.371,0
1231,20.53718,driven,812.439,364.817,871.498,223.675,77.614,157.294,0
1232,20.55387,driven,809.839,374.981,898.851,250.539,73.685,144.424,0
1233,20.57055,driven,806.449,385.211,923.324,286.472,69.648,130.192,0
1234,20.58723,driven,802.522,394.791,941.530,330.871,65.770,114.694,0
1235,20.60392,driven,797.234,405.418,947.641,377.372,61.324,100.563,0
1236,20.6206,driven,791.442,415.136,942.048,442.095,57.086,79.851,0
1237,20.63728,driven,784.275,425.281,917.572,500.388,52.434,60.600,0
1238,20.65397,driven,775.918,435.240,875.272,551.592,47.564,40.494,0
1239,20.67065,driven,764.340,446.626,826.832,586.282,41.480,24.107,0
1240,20.68733,driven,747.072,459.831,766.400,611.606,33.332,7.257,0
1241,20.70402,driven,726.888,471.023,711.385,623.236,24.681,-5.815,0
1242,20.7207,driven,699.436,480.598,661.657,628.861,13.777,-14.295,0
1243,20.73738,driven,668.954,484.884,609.130,625.704,2.230,-23.017,0
1244,20.75407,driven,636.815,482.743,566.518,618.637,-9.854,-27.352,0
1245,20.77075,driven,607.828,474.706,527.214,604.746,-21.137,-31.795,0
1246,20.78743,driven,580.824,461.058,490.916,584.855,-32.487,-35.989,0
1247,20.80412,driven,559.650,444.818,460.172,561.063,-42.492,-40.556,0
1248,20.8208,driven,542.164,425.850,433.184,533.238,-52.165,-45.422,0
1249,20.83748,driven,529.194,406.195,410.036,502.166,-60.992,-51.151,0
1250,20.85417,driven,520.125,386.733,391.318,469.303,-69.039,-57.338,0
1251,20.87085,driven,513.840,366.065,376.961,434.425,-77.135,-63.461,0
1252,20.88753,driven,510.648,346.067,367.392,399.795,-84.725,-69.441,0
1253,20.90422,driven,510.023,329.332,361.386,365.607,-90.999,-76.285,0
1254,20.9209,driven,510.564,318.870,358.012,330.567,-94.923,-85.615,0
1255,20.93758,driven,510.866,315.745,359.264,295.112,-96.099,-97.750,0
1256,20.95427,driven,510.866,315.745,367.465,262.405,-96.099,-110.403,0
1257,20.97095,driven,510.866,315.745,382.128,233.067,-96.099,-122.709,0
1258,20.98763,driven,510.481,319.875,404.064,209.947,-94.545,-135.930,0
1259,21.00432,driven,510.142,325.413,431.221,194.339,-92.467,-148.948,0
1260,21.021,driven,510.000,331.808,461.081,186.839,-90.072,-161.353,0
1261,21.03768,driven,510.176,339.329,494.378,187.147,-87.254,-174.074,0
1262,21.05437,driven,510.761,347.241,529.203,195.356,-84.283,173.077,0
1263,21.07105,driven,511.979,356.527,562.067,211.958,-80.775,160.891,0
1264,21.08773,driven,514.193,367.575,592.456,236.106,-76.555,149.235,0
1265,21.10442,driven,517.559,379.496,620.041,265.889,-71.915,137.947,0
1266,21.1211,driven,523.477,394.789,645.160,302.040,-65.771,127.315,0
1267,21.13778,driven,532.596,412.024,669.679,344.074,-58.464,116.367,0
1268,21.15447,driven,543.683,427.773,689.384,381.080,-51.247,107.769,0
1269,21.17115,driven,558.010,443.293,709.932,425.166,-43.331,96.804,0
1270,21.18783,driven,576.592,458.264,728.915,472.635,-34.386,84.610,0
1271,21.20452,driven,598.289,470.641,742.067,522.957,-25.021,70.005,0
1272,21.2212,driven,626.161,480.499,744.514,577.460,-13.932,50.674,0
1273,21.23788,driven,666.751,484.954,748.418,614.335,1.405,32.261,0
1274,21.25457,driven,711.194,477.211,704.345,630.058,18.360,-2.566,0
1275,21.27125,driven,744.561,461.448,678.945,599.664,32.214,-25.395,0
1276,21.28793,driven,764.215,446.737,662.454,560.990,41.417,-41.690,0
1277,21.30462,driven,778.572,432.261,651.577,517.591,49.058,-56.102,0
1278,21.3213,driven,788.517,419.490,646.816,477.196,55.122,-67.842,0
1279,21.33798,driven,796.604,406.559,646.071,433.923,60.836,-79.697,0
1280,21.35467,driven,803.037,393.634,650.039,394.464,66.244,-89.689,0
1281,21.37135,driven,809.096,377.441,657.363,357.795,72.723,-97.377,0
1282,21.38803,driven,812.894,362.673,666.151,319.367,78.435,-106.442,0
1283,21.40472,driven,814.650,352.278,674.821,290.175,82.384,-113.948,0
1284,21.4214,driven,815.446,345.005,688.468,259.650,85.124,-123.909,0
1285,21.43808,driven,815.780,340.193,706.801,232.804,86.930,-134.579,0
1286,21.45477,driven,815.794,339.934,729.814,213.379,87.027,-145.808,0
1287,21.47145,driven,815.794,339.934,755.680,199.239,87.027,-156.865,0
1288,21.48813,driven,815.794,339.934,781.413,190.847,87.027,-167.014,0
1289,21.50482,driven,815.591,343.185,810.905,190.257,85.808,-178.245,0
1290,21.5215,driven,815.073,348.821,840.906,198.018,83.688,170.279,0
1291,21.53818,driven,813.812,357.783,868.983,215.076,80.299,158.863,0
1292,21.55487,driven,811.795,367.623,895.499,239.550,76.536,146.833,0
1293,21.57155,driven,808.684,378.745,919.795,273.562,72.210,133.430,0
1294,21.58823,driven,804.673,389.774,938.340,315.329,67.815,119.115,0
1295,21.60492,driven,799.619,400.878,947.593,361.981,63.245,104.728,0
1296,21.6216,driven,793.881,411.241,946.329,424.234,58.808,85.128,0
1297,21.63828,driven,786.795,421.909,926.867,483.465,54.010,66.277,0
1298,21.65497,driven,778.103,432.799,888.101,539.144,48.790,45.968,0
1299,21.67165,driven,767.310,443.930,840.199,578.453,42.982,28.450,0
1300,21.68833,driven,751.182,457.032,784.501,606.360,35.194,12.578,0
1301,21.70502,driven,731.122,468.998,727.046,621.943,26.439,-1.527,0
1302,21.7217,driven,705.563,478.960,672.116,628.260,16.152,-12.627,0
1303,21.73838,driven,675.599,484.480,620.772,627.319,4.723,-20.999,0
1304,21.75507,driven,644.320,483.855,576.394,620.951,-7.013,-26.357,0
1305,21.77175,driven,614.635,477.154,534.963,607.774,-18.428,-31.381,0
1306,21.78843,driven,586.695,464.614,497.649,589.032,-29.916,-35.591,0
1307,21.80512,driven,564.352,448.951,464.812,565.144,-40.148,-40.586,0
1308,21.8218,driven,546.140,430.756,436.618,537.592,-49.800,-45.711,0
1309,21.83848,driven,531.442,410.111,412.809,506.731,-59.301,-50.839,0
1310,21.85517,driven,522.141,391.730,392.742,473.369,-67.021,-57.752,0
1311,21.87185,driven,515.291,371.887,377.819,439.048,-74.889,-63.962,0
1312,21.88853,driven,511.202,351.143,367.581,403.887,-82.813,-69.834,0
1313,21.90522,driven,510.049,335.888,360.499,368.192,-88.544,-77.811,0
1314,21.9219,driven,510.152,325.186,357.355,333.072,-92.553,-87.046,0
1315,21.93858,driven,510.399,320.957,359.181,297.675,-94.139,-98.753,0
1316,21.95527,driven,510.399,320.957,367.947,265.132,-94.139,-111.400,0
1317,21.97195,driven,510.399,320.957,382.984,236.255,-94.139,-123.615,0
1318,21.98863,driven,510.218,323.831,404.978,212.775,-93.061,-136.540,0
1319,22.00532,driven,510.036,328.669,431.519,197.352,-91.248,-149.124,0
1320,22.022,driven,510.015,334.167,460.004,189.572,-89.188,-160.921,0
1321,22.03868,driven,510.268,341.059,493.429,188.989,-86.605,-173.681,0
1322,22.05537,driven,510.951,349.029,527.375,196.913,-83.610,173.837,0
1323,22.07205,driven,512.279,358.311,559.001,212.619,-80.098,162.219,0
1324,22.08873,driven,514.503,368.846,588.949,235.179,-76.065,150.884,0
1325,22.10542,driven,518.092,381.097,616.520,263.961,-71.283,139.960,0
1326,22.1221,driven,524.163,396.291,641.647,298.278,-65.152,129.838,0
1327,22.13878,driven,532.817,412.383,668.150,341.011,-58.306,117.807,0
1328,22.15547,driven,543.593,427.661,686.618,373.321,-51.301,110.803,0
1329,22.17215,driven,558.034,443.316,708.380,414.943,-43.318,100.687,0
1330,22.18883,driven,576.319,458.077,729.293,460.902,-34.509,88.942,0
1331,22.20552,driven,596.790,469.932,744.842,508.530,-25.642,75.388,0
1332,22.2222,driven,623.451,479.800,751.577,563.424,-14.980,56.869,0
1333,22.23888,driven,662.635,485.000,747.345,612.410,-0.137,33.618,0
1334,22.25557,driven,,,722.608,608.645,,,1
1335,22.27225,driven,740.936,463.663,692.056,608.645,30.623,-18.631,0
1336,22.28893,driven,761.777,448.843,672.469,573.073,40.211,-35.712,0
1337,22.30562,driven,777.123,433.906,658.620,530.684,48.237,-50.763,0
1338,22.3223,driven,787.754,420.574,651.006,489.197,54.626,-63.352,0
1339,22.33898,driven,795.937,407.741,648.244,447.687,60.328,-74.866,0
1340,22.35567,driven,801.549,396.910,648.861,406.678,64.897,-86.339,0
1341,22.37235,driven,806.899,383.982,654.671,368.632,70.138,-95.758,0
1342,22.38903,driven,810.794,371.570,663.447,330.367,75.011,-105.623,0
1343,22.40572,driven,812.820,363.032,673.201,300.457,78.298,-114.141,0
1344,22.4224,driven,814.010,356.597,688.240,269.471,80.749,-124.712,0
1345,22.43908,driven,814.539,353.090,708.286,243.003,82.077,-136.015,0
1346,22.45577,driven,814.539,353.090,732.726,223.802,82.077,-147.675,0
1347,22.47245,driven,814.539,353.090,760.901,209.801,82.077,-159.477,0
1348,22.48913,driven,814.202,355.387,790.003,204.313,81.208,-170.900,0
1349,22.50582,driven,813.571,359.155,821.964,206.385,79.777,176.855,0
1350,22.5225,driven,812.602,364.066,852.437,216.343,77.902,164.909,0
1351,22.53918,driven,811.008,370.765,881.233,234.833,75.323,152.678,0
1352,22.55587,driven,808.545,379.178,908.181,263.067,72.040,139.367,0
1353,22.57255,driven,805.007,388.947,929.916,300.591,68.148,125.274,0
1354,22.58923,driven,800.792,398.501,943.918,344.426,64.237,110.697,0
1355,22.60592,driven,795.826,407.935,948.054,392.581,60.244,95.760,0
1356,22.6226,driven,789.543,417.999,937.305,457.691,55.800,74.964,0
1357,22.63928,driven,782.561,427.468,908.089,514.942,51.393,55.129,0
1358,22.65597,driven,773.423,437.904,864.508,560.838,46.197,36.536,0
1359,22.67265,driven,761.461,449.109,811.800,593.590,40.056,19.209,0
1360,22.68933,driven,742.485,462.733,756.581,615.082,31.299,5.286,0
1361,22.70602,driven,720.704,473.701,699.792,625.265,22.157,-7.856,0
1362,22.7227,driven,694.250,481.775,649.588,628.111,11.785,-16.972,0
1363,22.73938,driven,663.308,485.000,603.908,625.998,0.116,-22.845,0
1364,22.75607,driven,631.675,481.759,561.768,617.855,-11.814,-27.188,0
1365,22.77275,driven,603.293,472.869,522.890,603.039,-22.969,-31.703,0
1366,22.78943,driven,578.180,459.336,488.309,583.160,-33.668,-35.972,0
1367,22.80612,driven,557.583,442.888,457.524,558.635,-43.551,-40.842,0
1368,22.8228,driven,541.160,424.542,431.455,531.191,-52.782,-45.809,0
1369,22.83948,driven,528.394,404.734,408.520,499.809,-61.616,-51.581,0
1370,22.85617,driven,519.945,386.261,390.374,467.627,-69.228,-57.872,0
1371,22.87285,driven,513.879,366.234,376.794,434.181,-77.070,-63.634,0
1372,22.88953,driven,510.515,344.546,367.823,399.756,-85.296,-68.848,0
1373,22.90622,driven,510.023,329.340,361.384,365.607,-90.996,-76.288,0
1374,22.9229,driven,510.520,319.397,358.027,331.844,-94.725,-85.333,0
1375,22.93958,driven,510.562,318.900,359.402,295.245,-94.912,-98.894,0
1376,22.95627,driven,510.562,318.900,367.819,263.824,-94.912,-111.099,0
1377,22.97295,driven,510.562,318.900,382.405,235.324,-94.912,-123.110,0
1378,22.98963,driven,510.211,323.966,404.649,213.216,-93.010,-136.374,0
1379,23.00632,driven,510.017,329.695,431.601,198.318,-90.863,-149.168,0
1380,23.023,driven,510.058,336.198,460.460,191.460,-88.428,-161.085,0
1381,23.03968,driven,510.494,344.289,494.347,192.144,-85.393,-173.942,0
1382,23.05637,driven,511.471,353.162,528.332,201.094,-82.050,173.673,0
1383,23.07305,driven,513.241,363.327,560.560,217.827,-78.185,161.985,0
1384,23.08973,driven,516.202,375.120,590.881,241.583,-73.631,150.784,0
1385,23.10642,driven,520.471,387.628,618.721,270.342,-68.680,140.047,0
1386,23.1231,driven,527.757,403.543,644.815,305.022,-62.121,130.086,0
1387,23.13978,driven,537.480,419.486,670.626,344.112,-55.124,119.514,0
1388,23.15647,driven,550.354,435.537,692.787,379.664,-47.413,111.419,0
1389,23.17315,driven,566.230,450.510,716.498,421.729,-39.234,100.842,0
1390,23.18983,driven,584.420,463.279,737.356,467.687,-30.904,88.349,0
1391,23.20652,driven,607.220,474.470,754.545,515.754,-21.382,74.346,0
1392,23.2232,driven,634.917,482.401,760.260,570.140,-10.576,55.008,0
1393,23.23988,driven,676.449,484.408,762.022,611.239,5.043,34.008,0
1394,23.25657,driven,718.701,474.500,727.973,627.219,21.350,3.474,0
1395,23.27325,driven,751.101,457.089,696.870,600.156,35.157,-20.760,0
1396,23.28993,driven,770.007,441.355,676.875,562.745,44.378,-37.496,0
1397,23.30662,driven,782.956,426.971,662.156,520.867,51.631,-52.143,0
1398,23.3233,driven,791.906,414.415,653.637,479.919,57.407,-64.651,0
1399,23.33998,driven,798.614,402.837,650.020,439.290,62.420,-76.216,0
1400,23.35667,driven,803.534,392.491,650.635,398.062,66.711,-87.913,0
1401,23.37335,driven,808.194,380.248,656.593,359.605,71.618,-97.754,0
1402,23.39003,driven,811.485,368.895,666.627,319.648,76.046,-108.776,0
1403,23.40672,driven,813.182,361.229,677.005,291.482,78.987,-117.121,0
1404,23.4234,driven,814.228,355.218,693.555,261.160,81.272,-127.934,0
1405,23.44008,driven,814.676,352.082,714.926,236.070,82.458,-139.310,0
1406,23.45677,driven,814.676,352.082,740.520,218.255,82.458,-151.008,0
1407,23.47345,driven,814.676,352.082,769.573,205.882,82.458,-162.855,0
1408,23.49013,driven,814.323,354.589,799.037,202.355,81.510,-174.266,0
1409,23.50682,driven,813.762,358.074,830.170,205.956,80.188,173.844,0
1410,23.5235,driven,812.824,363.013,861.149,217.845,78.305,161.588,0
1411,23.54018,driven,811.221,369.941,889.815,238.671,75.642,149.090,0
1412,23.55687,driven,808.606,378.989,914.788,268.832,72.115,136.052,0
1413,23.57355,driven,805.125,388.653,935.225,308.136,68.267,121.752,0
1414,23.59023,driven,800.739,398.610,946.438,351.910,64.192,107.772,0
1415,23.60692,driven,795.894,407.817,948.881,409.806,60.295,89.255,0
1416,23.6236,driven,789.452,418.133,934.326,467.332,55.739,71.243,0
1417,23.64028,driven,781.870,428.327,902.720,522.158,50.980,52.173,0
1418,23.65697,driven,771.987,439.382,857.610,566.180,45.425,34.030,0
1419,23.67365,driven,758.851,451.255,804.480,597.292,38.790,17.351,0
1420,23.69033,driven,739.541,464.478,747.004,617.296,30.018,2.796,0
1421,23.70702,driven,716.375,475.388,696.298,627.065,20.417,-7.540,0
1422,23.7237,driven,689.936,482.610,645.273,628.947,10.140,-16.972,0
1423,23.74038,driven,655.963,484.838,599.258,626.942,-2.636,-21.754,0
1424,23.75707,driven,626.408,480.560,557.190,617.007,-13.837,-26.898,0
1425,23.77375,driven,598.848,470.901,518.805,601.293,-24.790,-31.544,0
1426,23.79043,driven,574.624,456.895,484.122,580.257,-35.283,-36.265,0
1427,23.80712,driven,554.401,439.774,453.919,555.153,-45.219,-41.052,0
1428,23.8238,driven,539.132,421.809,427.321,526.247,-54.057,-46.952,0
1429,23.84048,driven,526.850,401.801,405.231,494.634,-62.857,-52.645,0
1430,23.85717,driven,518.666,382.761,387.351,461.281,-70.624,-59.123,0
1431,23.87385,driven,512.760,360.933,374.977,427.451,-79.100,-64.230,0
1432,23.89053,driven,510.265,340.993,366.206,392.530,-86.630,-70.315,0
1433,23.90722,driven,510.127,325.765,360.611,358.229,-92.336,-77.750,0
1434,23.9239,driven,510.770,316.667,357.928,323.608,-95.752,-87.400,0
1435,23.94058,driven,510.858,315.823,360.317,288.503,-96.069,-100.286,0
1436,23.95727,driven,510.858,315.823,369.810,256.538,-96.069,-112.798,0
1437,23.97395,driven,510.858,315.823,385.984,227.418,-96.069,-125.297,0
1438,23.99063,driven,510.429,320.555,409.445,205.615,-94.290,-138.698,0
1439,24.00732,driven,510.111,326.174,437.571,191.464,-92.182,-151.698,0
1440,24.024,driven,510.004,333.130,467.743,186.082,-89.577,-163.965,0
1441,24.04068,driven,510.250,340.736,502.222,187.947,-86.727,-176.993,0
1442,24.05737,driven,510.985,349.332,535.742,198.349,-83.495,170.688,0
1443,24.07405,driven,512.329,358.594,567.864,216.028,-79.990,158.717,0
1444,24.09073,driven,514.914,370.465,598.096,242.053,-75.439,147.066,0
1445,24.10742,driven,518.535,382.387,625.239,272.736,-70.772,135.780,0
1446,24.1241,driven,525.046,398.163,650.255,310.234,-64.378,125.079,0
1447,24.14078,driven,534.049,414.344,672.450,349.121,-57.439,115.233,0
1448,24.15747,driven,546.249,430.884,694.010,391.190,-49.737,105.037,0
1449,24.17415,driven,561.047,446.082,713.647,435.027,-41.787,94.143,0
1450,24.19083,driven,579.509,460.212,730.699,483.679,-33.072,81.177,0
1451,24.20752,driven,602.861,472.685,740.984,538.496,-23.145,64.524,0
1452,24.2242,driven,635.280,482.468,738.885,595.051,-10.438,42.622,0
1453,24.24088,driven,675.213,484.512,745.304,620.513,4.579,27.265,0
1454,24.25757,driven,717.136,475.102,691.260,625.899,20.722,-9.737,0
1455,24.27425,driven,747.569,459.504,672.681,592.923,33.555,-29.305,0
1456,24.29093,driven,767.294,443.946,658.265,551.285,42.973,-45.447,0
1457,24.30762,driven,780.241,430.304,648.585,508.252,50.021,-59.372,0
1458,24.3243,driven,789.670,417.812,645.404,468.766,55.884,-70.547,0
1459,24.34098,driven,797.070,405.718,645.375,425.659,61.196,-82.511,0
1460,24.35767,driven,802.848,394.061,650.012,386.972,66.070,-92.656,0
1461,24.37435,driven,807.854,381.256,657.818,351.289,71.220,-101.295,0
1462,24.39103,driven,811.798,367.609,668.429,314.184,76.542,-110.438,0
1463,24.40772,driven,813.498,359.558,681.071,282.928,79.623,-120.056,0
1464,24.4244,driven,814.540,353.084,697.490,254.554,82.079,-130.090,0
1465,24.44108,driven,815.042,349.098,718.958,230.032,83.584,-141.097,0
1466,24.45777,driven,815.042,349.098,743.225,214.000,83.584,-152.006,0
1467,24.47445,driven,815.042,349.098,771.357,202.467,83.584,-163.410,0
1468,24.49113,driven,814.951,349.888,798.650,197.759,83.286,-173.884,0
1469,24.50782,driven,814.407,354.021,828.199,201.644,81.725,174.828,0
1470,24.5245,driven,813.633,358.808,858.059,212.400,79.909,163.120,0
1471,24.54118,driven,812.424,364.888,886.539,231.038,77.587,151.026,0
1472,24.55787,driven,810.407,372.991,911.553,258.193,74.460,138.617,0
1473,24.57455,driven,807.351,382.713,931.662,293.517,70.643,125.660,0
1474,24.59123,driven,803.919,391.588,946.743,336.721,67.079,111.015,0
1475,24.60792,driven,798.765,402.547,951.323,390.924,62.543,94.357,0
1476,24.6246,driven,793.128,412.472,943.378,441.348,58.267,79.121,0
1477,24.64128,driven,786.007,422.984,918.153,500.098,53.511,59.734,0
1478,24.65797,driven,777.397,433.599,878.339,548.576,48.391,41.281,0
1479,24.67465,driven,766.060,445.083,831.204,583.521,42.345,25.200,0
1480,24.69133,driven,749.295,458.342,772.703,609.540,34.334,8.800,0
1481,24.70802,driven,727.650,470.670,720.333,623.495,24.996,-2.741,0
1482,24.7247,driven,702.194,479.895,668.891,629.226,14.843,-12.572,0
1483,24.74138,driven,672.751,484.689,621.682,628.914,3.654,-19.499,0
1484,24.75807,driven,642.283,483.591,579.264,623.010,-7.782,-24.324,0
1485,24.77475,driven,614.532,477.120,538.976,610.163,-18.468,-29.593,0
1486,24.79143,driven,588.485,465.629,503.540,592.881,-29.145,-33.725,0
1487,24.80812,driven,566.158,450.451,470.201,569.620,-39.269,-38.841,0
1488,24.8248,driven,548.954,433.992,441.904,543.305,-48.194,-44.401,0
1489,24.84148,driven,534.546,415.117,417.707,513.898,-57.095,-49.787,0
1490,24.85817,driven,524.162,396.287,397.494,482.103,-65.154,-55.883,0
1491,24.87485,driven,516.545,376.270,381.798,448.743,-73.181,-61.727,0
1492,24.89153,driven,512.423,359.119,370.097,415.266,-79.791,-68.471,0
1493,24.90822,driven,510.487,344.192,362.236,382.017,-85.429,-75.687,0
1494,24.9249,driven,510.033,335.187,357.660,349.027,-88.807,-84.810,0
1495,24.94158,driven,510.002,332.789,358.310,312.826,-89.705,-97.497,0
1496,24.95827,driven,510.002,332.789,365.681,281.990,-89.705,-109.391,0
1497,24.97495,driven,510.002,332.789,379.062,253.645,-89.705,-121.150,0
1498,24.99163,driven,510.067,336.516,399.534,230.727,-88.309,-133.744,0
1499,25.00832,driven,510.347,342.299,425.200,215.181,-86.140,-146.185,0
1500,25.025,driven,510.913,348.692,452.611,207.236,-83.737,-157.601,0
1501,25.04168,driven,511.948,356.338,484.385,205.841,-80.847,-169.621,0
1502,25.05837,driven,513.641,365.180,517.826,212.238,-77.475,178.433,0
1503,25.07505,driven,516.333,375.563,547.877,225.850,-73.457,168.102,0
1504,25.09173,driven,520.339,387.289,578.034,245.584,-68.816,157.846,0
1505,25.10842,driven,525.973,400.064,605.763,269.516,-63.586,148.567,0
1506,25.1251,driven,535.109,415.982,633.205,298.568,-56.708,140.122,0
1507,25.14178,driven,547.289,432.100,656.182,324.623,-49.137,134.625,0
1508,25.15847,driven,561.289,446.298,686.247,358.011,-41.665,125.242,0
1509,25.17515,driven,577.360,458.786,714.784,391.529,-34.038,116.078,0
1510,25.19183,driven,596.765,469.920,743.877,427.883,-25.652,105.947,0
1511,25.20852,driven,618.011,478.236,770.661,467.884,-17.100,93.880,0
1512,25.2252,driven,641.605,483.497,792.229,510.353,-8.039,79.891,0
1513,25.24188,driven,676.526,484.401,805.547,566.637,5.072,57.487,0
1514,25.25857,driven,710.983,477.281,802.890,599.601,18.277,36.920,0
1515,25.27525,driven,747.695,459.420,772.992,610.314,33.612,9.517,0
1516,25.29193,driven,773.417,437.911,736.517,586.394,46.193,-13.956,0
1517,25.30862,driven,787.584,420.813,710.680,553.081,54.516,-30.175,0
1518,25.3253,driven,796.671,406.439,689.896,516.021,60.887,-44.257,0
1519,25.34198,driven,802.272,395.343,673.572,478.080,65.543,-57.264,0
1520,25.35867,driven,806.166,385.969,662.501,438.595,69.345,-69.882,0
1521,25.37535,driven,809.408,376.426,658.424,401.182,73.120,-80.688,0
1522,25.39203,driven,811.941,367.009,659.050,361.218,76.772,-92.169,0
1523,25.40872,driven,813.227,361.000,665.770,320.187,79.074,-105.471,0
1524,25.4254,driven,813.227,361.000,676.712,291.914,79.074,-116.843,0
1525,25.44208,driven,813.227,361.000,695.724,263.009,79.074,-129.826,0
1526,25.45877,driven,812.966,362.318,721.186,239.903,78.571,-143.139,0
1527,25.47545,driven,812.245,365.689,751.821,225.126,77.280,-156.738,0
1528,25.49213,driven,810.958,370.954,784.012,220.346,75.250,-169.856,0
1529,25.50882,driven,809.411,376.416,820.661,223.830,73.124,175.783,0
1530,25.5255,driven,807.470,382.373,855.149,236.992,70.778,161.843,0
1531,25.54218,driven,805.205,388.450,887.284,259.330,68.349,147.557,0
1532,25.55887,driven,802.962,393.803,916.934,291.727,66.175,131.848,0
1533,25.57555,driven,800.633,398.829,939.467,334.531,64.101,114.850,0
1534,25.59223,driven,798.012,403.977,949.997,386.375,61.937,96.606,0
1535,25.60892,driven,794.552,410.122,942.546,448.938,59.296,75.303,0
1536,25.6256,driven,789.922,417.440,920.833,496.631,56.053,58.829,0
1537,25.64228,driven,782.518,427.522,881.854,543.889,51.367,40.485,0
1538,25.65897,driven,772.878,438.470,835.035,578.275,45.902,23.970,0
1539,25.67565,driven,758.569,451.480,779.559,603.034,38.655,7.885,0
1540,25.69233,driven,737.795,465.472,732.809,618.390,29.265,-1.868,0
1541,25.70902,driven,714.584,476.042,684.401,626.035,19.703,-11.377,0
1542,25.7257,driven,686.997,483.106,638.570,628.240,9.024,-18.452,0
1543,25.74238,driven,656.039,484.842,597.667,626.269,-2.608,-22.428,0
1544,25.75907,driven,627.324,480.782,559.414,617.886,-13.484,-26.350,0
1545,25.77575,driven,601.122,471.929,524.516,604.370,-23.856,-30.046,0
1546,25.79243,driven,576.712,458.346,492.706,586.221,-34.331,-33.302,0
1547,25.80912,driven,557.583,442.888,464.550,564.354,-43.551,-37.449,0
1548,25.8258,driven,541.053,424.401,439.493,538.833,-52.848,-41.589,0
1549,25.84248,driven,529.820,407.313,417.929,511.665,-60.512,-46.997,0
1550,25.85917,driven,521.108,389.234,398.792,481.146,-68.033,-53.078,0
1551,25.87585,driven,514.605,369.254,385.597,451.510,-75.907,-57.478,0
1552,25.89253,driven,511.333,352.156,373.948,419.492,-82.430,-63.889,0
1553,25.90922,driven,510.120,338.065,365.527,388.083,-87.728,-70.919,0
1554,25.9259,driven,510.015,329.836,359.356,356.498,-90.811,-79.964,0
1555,25.94258,driven,510.015,329.836,357.201,322.296,-90.810,-92.825,0
1556,25.95927,driven,510.015,329.836,361.763,292.017,-90.810,-104.311,0
1557,25.97595,driven,510.021,334.554,374.592,263.364,-89.044,-117.729,0
1558,25.99263,driven,510.294,341.486,394.425,241.570,-86.445,-130.772,0
1559,26.00932,driven,510.949,349.018,419.249,226.543,-83.614,-143.177,0
1560,26.026,driven,512.186,357.768,445.590,220.022,-80.304,-154.198,0
1561,26.04268,driven,514.164,367.450,477.632,218.876,-76.603,-166.186,0
1562,26.05937,driven,517.200,378.381,511.192,225.499,-72.353,-177.750,0
1563,26.07605,driven,521.774,390.857,542.258,239.234,-67.376,172.306,0
1564,26.09273,driven,527.500,403.054,573.417,257.107,-62.328,162.536,0
1565,26.10942,driven,535.526,416.613,602.837,279.215,-56.425,153.900,0
1566,26.1261,driven,547.900,432.802,631.801,304.858,-48.789,146.745,0
1567,26.14278,driven,564.022,448.672,656.846,327.047,-40.310,142.649,0
1568,26.15947,driven,581.819,461.687,690.560,354.056,-32.046,134.706,0
1569,26.17615,driven,600.096,471.471,723.061,380.429,-24.276,126.516,0
1570,26.19283,driven,620.574,479.000,756.976,409.693,-16.099,116.935,0
1571,26.20952,driven,644.038,483.820,791.301,442.318,-7.119,105.739,0
1572,26.2262,driven,667.740,484.927,820.601,478.420,1.775,92.437,0
1573,26.24288,driven,697.136,481.143,843.280,526.429,12.892,72.784,0
1574,26.25957,driven,731.573,468.772,837.987,578.705,26.628,44.068,0
1575,26.27625,driven,763.282,447.553,834.176,583.137,40.953,27.604,0
1576,26.29293,driven,787.336,421.161,786.895,574.160,54.356,-0.165,0
1577,26.30962,driven,798.205,403.614,753.935,550.069,62.091,-16.819,0
1578,26.3263,driven,805.452,387.825,725.767,518.437,68.600,-31.387,0
1579,26.34298,driven,808.984,377.800,700.295,485.483,72.581,-45.267,0
1580,26.35967,driven,811.289,369.676,680.159,448.505,75.744,-58.988,0
1581,26.37635,driven,812.445,364.791,666.683,411.295,77.624,-72.305,0
1582,26.39303,driven,813.338,360.418,660.755,371.707,79.296,-85.769,0
1583,26.40972,driven,813.338,360.418,662.869,332.702,79.296,-100.437,0
1584,26.4264,driven,813.338,360.418,673.223,298.963,79.296,-113.683,0
1585,26.44308,driven,812.936,362.466,691.928,268.839,78.514,-127.730,0
1586,26.45977,driven,812.006,366.732,718.491,245.637,76.879,-142.323,0
1587,26.47645,driven,810.702,371.913,749.447,231.710,74.878,-156.399,0
1588,26.49313,driven,808.941,377.937,783.829,227.012,72.528,-170.553,0
1589,26.50982,driven,806.736,384.431,820.838,232.083,69.959,174.712,0
1590,26.5265,driven,804.151,391.036,856.667,247.331,67.303,159.926,0
1591,26.54318,driven,801.478,397.060,890.011,272.276,64.835,144.645,0
1592,26.55987,driven,798.983,402.126,919.657,308.068,62.720,127.934,0
1593,26.57655,driven,796.835,406.143,939.789,351.617,61.014,110.878,0
1594,26.59323,driven,794.867,409.589,947.805,413.939,59.528,88.371,0
1595,26.60992,driven,791.779,414.613,933.190,473.024,57.319,67.556,0
1596,26.6266,driven,786.174,422.759,905.067,519.058,53.616,50.994,0
1597,26.64328,driven,778.880,431.905,861.933,560.400,49.234,32.877,0
1598,26.65997,driven,768.081,443.207,807.669,590.997,43.378,14.996,0
1599,26.67665,driven,752.219,456.294,756.797,609.225,35.671,1.715,0
1600,26.69333,driven,730.792,469.161,709.425,620.662,26.301,-8.028,0
1601,26.71002,driven,704.679,479.214,662.075,626.162,15.808,-16.168,0
1602,26.7267,driven,676.723,484.383,617.805,625.584,5.146,-22.649,0
1603,26.74338,driven,645.089,483.948,580.304,622.555,-6.723,-25.051,0
1604,26.76007,driven,616.899,477.889,544.127,612.475,-17.537,-28.400,0
1605,26.77675,driven,591.804,467.426,512.356,598.181,-27.732,-31.283,0
1606,26.79343,driven,569.218,452.888,483.618,579.702,-37.803,-34.020,0
1607,26.81012,driven,551.500,436.770,457.000,557.098,-46.782,-38.144,0
1608,26.8268,driven,536.700,418.356,434.124,531.878,-55.638,-42.100,0
1609,26.84348,driven,526.448,401.012,413.900,504.654,-63.189,-47.359,0
1610,26.86017,driven,518.834,383.235,396.736,475.437,-70.435,-52.942,0
1611,26.87685,driven,512.930,361.799,384.876,445.532,-78.769,-56.820,0
1612,26.89353,driven,510.393,342.958,375.496,415.151,-85.893,-61.846,0
1613,26.91022,driven,510.009,330.372,366.942,384.603,-90.610,-69.240,0
1614,26.9269,driven,510.197,324.235,360.117,353.985,-92.909,-78.788,0
1615,26.94358,driven,510.197,324.241,357.218,321.681,-92.907,-90.958,0
1616,26.96027,driven,510.197,324.241,360.862,290.953,-92.907,-102.566,0
1617,26.97695,driven,510.005,330.715,373.071,262.467,-90.481,-116.492,0
1618,26.99363,driven,510.147,338.711,391.932,241.581,-87.486,-129.408,0
1619,27.01032,driven,510.868,348.277,417.098,227.380,-83.893,-142.202,0
1620,27.027,driven,512.207,357.895,442.218,221.842,-80.256,-152.778,0
1621,27.04368,driven,514.514,368.889,475.000,221.079,-76.048,-165.033,0
1622,27.06037,driven,517.972,380.742,508.728,228.021,-71.423,-176.536,0
1623,27.07705,driven,522.977,393.665,540.335,241.653,-66.232,173.486,0
1624,27.09373,driven,529.830,407.330,571.387,260.082,-60.504,164.239,0
1625,27.11042,driven,538.943,421.548,600.483,281.470,-54.177,156.283,0
1626,27.1271,driven,552.467,437.789,629.914,305.839,-46.256,149.590,0
1627,27.14378,driven,568.014,451.944,654.251,325.563,-38.376,145.692,0
1628,27.16047,driven,587.521,465.086,689.347,350.891,-29.559,138.277,0
1629,27.17715,driven,607.365,474.526,723.313,374.701,-21.323,130.727,0
1630,27.19383,driven,628.183,480.986,758.673,401.103,-13.154,121.474,0
1631,27.21052,driven,652.257,484.622,795.487,430.824,-4.026,110.586,0
1632,27.2272,driven,674.256,484.585,825.940,464.561,4.219,97.520,0
1633,27.24388,driven,702.902,479.705,853.773,505.137,15.117,80.432,0
1634,27.26057,driven,734.581,467.222,858.403,557.096,27.895,54.027,0
1635,27.27725,driven,765.964,445.170,858.793,566.791,42.297,37.353,0
1636,27.29393,driven,789.961,417.381,809.043,569.186,56.079,7.165,0
1637,27.31062,driven,800.811,398.461,771.298,548.587,64.254,-11.122,0
1638,27.3273,driven,807.031,383.613,739.477,520.892,70.285,-26.202,0
1639,27.34398,driven,810.675,372.013,712.327,489.216,74.840,-40.001,0
1640,27.36067,driven,812.378,365.092,688.412,454.765,77.509,-54.119,0
1641,27.37735,driven,813.194,361.170,670.932,417.479,79.009,-68.406,0
1642,27.39403,driven,813.429,359.930,661.828,380.574,79.482,-82.246,0
1643,27.41072,driven,813.429,359.930,661.073,345.907,79.482,-95.259,0
1644,27.4274,driven,813.429,359.930,670.315,305.826,79.482,-110.709,0
1645,27.44408,driven,812.490,364.583,688.982,274.279,77.704,-126.173,0
1646,27.46077,driven,811.376,369.331,714.587,250.836,75.878,-140.757,0
1647,27.47745,driven,809.768,375.221,745.536,236.357,73.591,-155.177,0
1648,27.49413,driven,807.583,382.049,780.827,231.407,70.906,-169.929,0
1649,27.51082,driven,804.962,389.060,818.441,236.655,68.103,174.946,0
1650,27.5275,driven,802.016,395.903,854.733,252.272,65.313,159.845,0
1651,27.54418,driven,798.944,402.201,888.056,277.830,62.688,144.378,0
1652,27.56087,driven,796.379,406.960,918.698,315.051,60.664,126.921,0
1653,27.57755,driven,793.669,411.591,937.110,358.360,58.654,110.360,0
1654,27.59423,driven,791.909,414.411,944.767,420.988,57.410,87.536,0
1655,27.61092,driven,788.567,419.418,930.127,477.469,55.155,67.702,0
1656,27.6276,driven,782.878,427.070,897.216,528.735,51.584,48.357,0
1657,27.64428,driven,775.257,435.959,851.511,568.602,47.198,29.894,0
1658,27.66097,driven,764.391,446.581,798.069,595.828,41.505,12.716,0
1659,27.67765,driven,748.466,458.904,740.207,611.680,33.959,-3.095,0
1660,27.69433,driven,727.000,470.971,695.859,620.768,24.728,-11.744,0
1661,27.71102,driven,698.027,480.937,646.847,625.122,13.234,-19.543,0
1662,27.7277,driven,670.285,484.826,604.352,622.891,2.729,-25.527,0
1663,27.74438,driven,640.954,483.403,567.534,617.636,-8.285,-28.677,0
1664,27.76107,driven,612.454,476.410,532.716,606.988,-19.291,-31.410,0
1665,27.77775,driven,587.323,464.974,502.520,592.321,-29.645,-33.660,0
1666,27.79443,driven,565.183,449.647,474.668,573.000,-39.742,-36.271,0
1667,27.81112,driven,547.933,432.839,450.118,550.488,-48.770,-39.741,0
1668,27.8278,driven,533.560,413.573,429.269,525.522,-57.781,-42.972,0
1669,27.84448,driven,523.727,395.341,410.592,498.343,-65.544,-47.684,0
1670,27.86117,driven,517.075,377.989,394.524,469.587,-72.508,-53.224,0
1671,27.87785,driven,512.059,357.015,384.260,441.137,-80.590,-56.645,0
1672,27.89453,driven,510.108,337.736,375.955,411.304,-87.851,-61.260,0
1673,27.91122,driven,510.176,324.667,368.135,381.529,-92.747,-68.183,0
1674,27.9279,driven,510.575,318.744,361.546,353.375,-94.970,-76.918,0
1675,27.94458,driven,510.575,318.744,357.623,322.570,-94.970,-88.567,0
1676,27.96127,driven,510.575,318.744,359.978,291.738,-94.970,-100.166,0
1677,27.97795,driven,510.104,326.352,369.604,265.782,-92.116,-113.321,0
1678,27.99463,driven,510.037,335.371,387.523,243.724,-88.738,-126.798,0
1679,28.01132,driven,510.562,345.096,411.199,228.751,-85.090,-139.502,0
1680,28.028,driven,512.049,356.955,436.743,223.771,-80.613,-150.515,0
1681,28.04468,driven,514.473,368.724,468.331,222.848,-76.112,-162.448,0
1682,28.06137,driven,518.327,381.786,500.977,229.773,-71.010,-173.489,0
1683,28.07805,driven,523.552,394.955,532.224,242.201,-65.703,176.751,0
1684,28.09473,driven,531.602,410.381,563.152,260.669,-59.183,168.100,0
1685,28.11142,driven,541.457,424.932,591.457,280.333,-52.598,160.926,0
1686,28.1281,driven,556.355,441.708,620.159,302.647,-44.189,155.354,0
1687,28.14478,driven,573.813,456.317,647.657,322.317,-35.656,151.142,0
1688,28.16147,driven,595.885,469.494,679.578,341.414,-26.019,146.838,0
1689,28.17815,driven,618.357,478.342,713.786,358.750,-16.965,141.412,0
1690,28.19483,driven,639.452,483.177,749.757,377.150,-8.854,133.867,0
1691,28.21152,driven,662.282,484.998,788.515,398.545,-0.269,124.406,0
1692,28.2282,driven,685.155,483.387,825.726,422.983,8.326,113.254,0
1693,28.24488,driven,708.396,478.110,859.493,454.056,17.260,99.046,0
1694,28.26157,driven,737.289,465.754,887.298,495.861,29.049,78.651,0
1695,28.27825,driven,765.316,445.756,881.352,545.478,41.969,49.324,0
1696,28.29493,driven,790.404,416.719,873.529,545.168,56.378,32.909,0
1697,28.31162,driven,804.812,389.432,826.768,540.848,67.953,8.251,0
1698,28.3283,driven,810.686,371.973,788.655,523.379,74.855,-8.279,0
1699,28.34498,driven,813.451,359.812,753.433,500.549,79.527,-23.096,0
1700,28.36167,driven,814.795,351.165,721.895,472.732,82.804,-37.387,0
1701,28.37835,driven,815.301,346.612,694.757,440.836,84.520,-51.987,0
1702,28.39503,driven,815.301,346.612,674.186,405.736,84.520,-67.268,0
1703,28.41172,driven,815.301,346.612,663.607,366.562,84.520,-82.508,0
1704,28.4284,driven,815.257,347.057,664.933,318.568,84.352,-100.731,0
1705,28.44508,driven,814.591,352.719,674.516,291.173,82.217,-113.720,0
1706,28.46177,driven,813.579,359.108,695.426,261.903,79.795,-129.444,0
1707,28.47845,driven,812.081,366.406,725.158,240.496,77.004,-145.381,0
1708,28.49513,driven,810.065,374.200,756.829,230.760,73.989,-159.638,0
1709,28.51182,driven,807.773,381.494,795.969,228.950,71.126,-175.575,0
1710,28.5285,driven,804.966,389.050,834.461,238.920,68.107,168.885,0
1711,28.54518,driven,802.022,395.890,872.708,260.197,65.318,152.484,0
1712,28.56187,driven,799.197,401.710,906.472,292.618,62.895,135.481,0
1713,28.57855,driven,797.057,405.741,932.594,334.757,61.186,117.642,0
1714,28.59523,driven,795.211,409.001,947.079,390.423,59.783,96.975,0
1715,28.61192,driven,793.695,411.548,940.565,454.422,58.673,73.726,0
1716,28.6286,driven,788.893,418.949,914.661,506.077,55.369,55.287,0
1717,28.64528,driven,782.155,427.975,872.526,551.433,51.150,36.204,0
1718,28.66197,driven,772.089,439.278,822.918,583.588,45.480,19.403,0
1719,28.67865,driven,757.627,452.228,767.411,604.915,38.205,3.666,0
1720,28.69533,driven,737.158,465.827,720.434,617.910,28.992,-6.275,0
1721,28.71202,driven,711.552,477.092,672.141,624.929,18.502,-14.927,0
1722,28.7287,driven,683.077,483.677,626.531,625.844,7.540,-21.690,0
1723,28.74538,driven,653.037,484.675,587.535,622.945,-3.733,-25.348,0
1724,28.76207,driven,624.412,480.054,551.059,614.324,-14.608,-28.648,0
1725,28.77875,driven,598.421,470.703,518.434,601.130,-24.966,-31.520,0
1726,28.79543,driven,574.695,456.945,489.159,583.802,-35.251,-33.991,0
1727,28.81212,driven,555.692,441.059,462.563,562.452,-44.536,-37.494,0
1728,28.8288,driven,539.967,422.950,439.468,538.315,-53.527,-41.061,0
1729,28.84548,driven,528.275,404.514,419.901,512.514,-61.709,-45.099,0
1730,28.86217,driven,520.385,387.408,401.630,483.876,-68.768,-50.912,0
1731,28.87885,driven,514.480,368.753,387.854,454.630,-76.101,-55.855,0
1732,28.89553,driven,511.096,350.278,377.198,424.308,-83.139,-61.062,0
1733,28.91222,driven,510.080,336.945,368.075,393.897,-88.148,-68.146,0
1734,28.9289,driven,510.013,329.989,360.875,364.147,-90.753,-77.100,0
1735,28.94558,driven,510.013,329.990,357.028,332.134,-90.753,-89.197,0
1736,28.96227,driven,510.013,329.990,359.658,301.667,-90.753,-100.668,0
1737,28.97895,driven,510.070,336.641,370.275,274.461,-88.262,-113.979,0
1738,28.99563,driven,510.500,344.356,388.816,251.608,-85.368,-127.315,0
1739,29.01232,driven,511.535,353.619,412.736,236.795,-81.877,-139.778,0
1740,29.029,driven,513.114,362.711,437.560,229.667,-78.421,-150.408,0
1741,29.04568,driven,515.827,373.822,468.963,228.175,-74.137,-162.164,0
1742,29.06237,driven,519.852,386.015,501.740,234.091,-69.327,-173.202,0
1743,29.07905,driven,525.274,398.637,532.590,245.812,-64.181,177.259,0
1744,29.09573,driven,532.829,412.403,563.319,262.472,-58.297,168.505,0
1745,29.11242,driven,542.983,426.894,592.514,282.133,-51.668,161.111,0
1746,29.1291,driven,556.655,441.998,621.807,303.564,-44.033,154.797,0
1747,29.14578,driven,574.102,456.523,647.968,322.536,-35.523,151.132,0
1748,29.16247,driven,594.145,468.631,680.233,342.148,-26.746,145.760,0
1749,29.17915,driven,615.161,477.329,714.054,360.585,-18.220,139.732,0
1750,29.19583,driven,635.918,482.584,749.935,380.559,-10.195,131.823,0
1751,29.21252,driven,659.008,484.948,788.332,403.191,-1.495,122.300,0
1752,29.2292,driven,682.029,483.812,824.557,428.182,7.144,111.321,0
1753,29.24588,driven,705.490,478.982,857.238,459.454,16.124,97.333,0
1754,29.26257,driven,734.385,467.326,883.043,503.518,27.812,76.317,0
1755,29.27925,driven,762.759,448.005,874.742,552.258,40.694,47.047,0
1756,29.29593,driven,788.512,419.497,866.674,551.025,55.119,30.721,0
1757,29.31262,driven,803.590,392.361,820.374,544.438,66.764,6.298,0
1758,29.3293,driven,809.106,377.409,783.734,528.291,72.735,-9.545,0
1759,29.34598,driven,812.656,363.814,749.738,503.278,77.999,-24.282,0
1760,29.36267,driven,814.221,355.267,719.465,475.393,81.253,-38.266,0
1761,29.37935,driven,814.707,351.851,692.831,444.345,82.545,-52.804,0
1762,29.39603,driven,814.707,351.851,672.754,408.934,82.545,-68.094,0
1763,29.41272,driven,814.707,351.851,662.843,370.460,82.545,-83.014,0
1764,29.4294,driven,813.718,358.325,665.028,322.266,80.092,-103.632,0
1765,29.44608,driven,812.039,366.587,675.460,297.629,76.935,-116.789,0
1766,29.46277,driven,809.685,375.502,698.049,270.878,73.481,-133.143,0
1767,29.47945,driven,807.365,382.673,728.078,251.820,70.658,-148.788,0
1768,29.49613,driven,804.173,390.985,760.649,244.307,67.324,-163.473,0
1769,29.51282,driven,800.575,398.949,799.603,245.952,64.051,-179.636,0
1770,29.5295,driven,796.585,406.592,837.110,259.056,60.822,164.641,0
1771,29.54618,driven,792.483,413.505,872.593,283.154,57.811,148.426,0
1772,29.56287,driven,788.884,418.960,904.571,318.832,55.363,130.877,0
1773,29.57955,driven,785.841,423.209,925.153,359.955,53.406,114.420,0
1774,29.59623,driven,783.700,426.024,936.645,421.911,52.082,91.540,0
1775,29.61292,driven,779.255,431.468,923.957,481.170,49.450,71.043,0
1776,29.6296,driven,773.449,437.878,889.035,538.122,46.211,49.066,0
1777,29.64628,driven,767.242,443.994,842.422,577.249,42.947,29.431,0
1778,29.66297,driven,757.062,452.670,785.612,602.983,37.936,10.754,0
1779,29.67965,driven,740.589,463.867,728.571,616.394,30.472,-4.505,0
1780,29.69633,driven,720.233,473.892,675.755,620.284,21.967,-16.900,0
1781,29.71302,driven,694.335,481.757,626.128,618.712,11.818,-26.474,0
1782,29.7297,driven,667.235,484.941,583.808,613.195,1.586,-33.043,0
1783,29.74638,driven,637.305,482.827,545.501,605.224,-9.668,-36.872,0
1784,29.76307,driven,608.574,474.992,511.803,593.501,-20.838,-39.234,0
1785,29.77975,driven,583.496,462.722,482.952,578.047,-31.308,-41.083,0
1786,29.79643,driven,560.911,445.960,458.439,559.575,-41.855,-42.048,0
1787,29.81312,driven,543.339,427.343,438.049,538.352,-51.453,-43.485,0
1788,29.8298,driven,530.277,408.115,420.547,514.738,-60.166,-45.823,0
1789,29.84648,driven,520.995,388.953,405.673,489.500,-68.146,-48.915,0
1790,29.86317,driven,514.999,370.789,393.085,463.234,-75.314,-52.828,0
1791,29.87985,driven,511.224,351.318,384.162,436.547,-82.746,-56.148,0
1792,29.89653,driven,510.016,334.218,376.863,409.579,-89.169,-60.491,0
1793,29.91322,driven,510.464,320.091,371.001,383.011,-94.464,-65.717,0
1794,29.9299,driven,511.208,312.811,364.957,357.750,-97.205,-72.919,0
1795,29.94658,driven,511.208,312.811,359.477,332.476,-97.205,-82.615,0
1796,29.96327,driven,511.208,312.811,358.416,304.842,-97.205,-92.986,0
1797,29.97995,driven,510.381,321.209,363.114,279.719,-94.044,-105.734,0
1798,29.99663,driven,510.001,331.404,374.892,259.608,-90.223,-117.986,0
1799,30.01332,driven,510.351,342.357,393.518,243.569,-86.119,-130.216,0
1800,30.03,driven,512.033,356.857,415.575,238.094,-80.650,-140.917,0
1801,30.04668,driven,514.641,369.399,440.257,235.699,-75.851,-150.911,0
1802,30.06337,driven,519.364,384.704,470.506,239.715,-69.851,-161.377,0
1803,30.08005,driven,525.577,399.261,497.677,248.826,-63.921,-169.493,0
1804,30.09673,driven,535.087,415.948,525.554,263.246,-56.723,-176.428,0
1805,30.11342,driven,547.741,432.620,551.314,279.662,-48.879,178.662,0
1806,30.1301,driven,564.880,449.395,575.250,296.746,-39.889,176.114,0
1807,30.14678,driven,584.849,463.535,598.910,311.182,-30.716,174.727,0
1808,30.16347,driven,610.632,475.759,621.214,323.125,-20.016,176.034,0
1809,30.18015,driven,639.497,483.184,642.190,330.208,-8.836,178.992,0
1810,30.19683,driven,667.878,484.922,655.895,332.392,1.827,-175.508,0
1811,30.21352,driven,695.928,481.415,682.544,329.001,12.428,-174.981,0
1812,30.2302,driven,720.251,473.885,703.906,321.761,21.974,-173.867,0
1813,30.24688,driven,741.420,463.375,726.823,311.073,30.834,-174.525,0
1814,30.26357,driven,759.071,451.077,750.516,298.317,38.896,-176.795,0
1815,30.28025,driven,773.078,438.263,773.638,285.264,46.010,179.790,0
1816,30.29693,driven,785.054,424.259,798.867,271.884,52.915,174.820,0
1817,30.31362,driven,795.269,408.902,824.010,258.625,59.826,169.173,0
1818,30.3303,driven,802.919,393.899,852.091,249.016,66.136,161.254,0
1819,30.34698,driven,809.381,376.514,880.655,241.130,73.086,152.235,0
1820,30.36367,driven,813.640,358.768,910.624,240.434,79.924,140.663,0
1821,30.38035,driven,815.824,339.338,934.816,243.162,87.251,128.947,0
1822,30.39703,driven,815.381,318.247,955.761,257.401,95.157,113.434,0
1823,30.41372,driven,812.965,301.677,963.952,276.937,101.431,99.306,0
1824,30.4304,driven,810.077,289.840,962.569,302.292,105.995,85.332,0
1825,30.44708,driven,809.899,289.226,958.544,325.472,106.235,76.296,0
1826,30.46377,driven,809.899,289.226,950.743,348.993,106.235,67.006,0
1827,30.48045,driven,809.899,289.226,939.628,370.339,106.235,57.984,0
1828,30.49713,driven,812.410,299.049,931.018,395.699,102.437,50.825,0
1829,30.51382,driven,814.600,311.351,921.284,421.021,97.756,44.209,0
1830,30.5305,driven,815.917,326.958,911.761,446.218,91.888,38.787,0
1831,30.54718,driven,815.354,346.046,902.232,471.988,84.732,34.599,0
1832,30.56387,driven,811.833,367.464,891.850,497.872,76.598,31.533,0
1833,30.58055,driven,804.237,390.830,881.295,523.009,67.387,30.241,0
1834,30.59723,driven,790.279,416.907,870.849,546.974,56.293,31.776,0
1835,30.61392,driven,770.768,440.605,857.170,566.873,44.779,34.383,0
1836,30.6306,driven,747.281,459.694,838.455,582.561,33.426,36.577,0
1837,30.64728,driven,722.718,472.864,815.001,594.901,22.974,37.096,0
1838,30.66397,driven,696.465,481.295,785.677,605.595,12.634,35.667,0
1839,30.68065,driven,671.604,484.758,751.585,615.188,3.224,31.517,0
1840,30.69733,driven,649.156,484.372,712.754,623.528,-5.191,24.561,0
1841,30.71402,driven,627.881,480.915,670.579,627.837,-13.270,16.205,0
1842,30.7307,driven,608.720,475.048,622.660,627.411,-20.780,5.228,0
1843,30.74738,driven,588.219,465.480,575.336,617.936,-29.259,-4.830,0
1844,30.76407,driven,572.033,455.020,527.946,601.531,-36.481,-16.747,0
1845,30.78075,driven,557.622,442.926,482.148,576.015,-43.531,-29.557,0
1846,30.79743,driven,545.401,429.874,441.547,542.228,-50.230,-42.748,0
1847,30.81412,driven,535.487,416.554,409.698,503.653,-56.452,-55.300,0
1848,30.8308,driven,526.985,402.064,386.618,462.941,-62.746,-66.554,0
1849,30.84748,driven,520.111,386.697,370.824,420.198,-69.054,-77.352,0
1850,30.86417,driven,514.586,369.180,361.873,378.550,-75.936,-86.489,0
1851,30.88085,driven,511.646,354.386,359.378,339.447,-81.587,-95.603,0
1852,30.89753,driven,510.163,339.057,361.662,302.225,-87.356,-103.930,0
1853,30.91422,driven,510.053,327.970,369.177,268.279,-91.509,-112.963,0
1854,30.9309,driven,510.454,320.218,381.252,238.269,-94.416,-122.386,0
1855,30.94758,driven,510.901,315.418,398.397,211.727,-96.222,-132.666,0
1856,30.96427,driven,510.901,315.418,420.183,192.214,-96.222,-143.635,0
1857,30.98095,driven,510.901,315.418,445.758,176.979,-96.222,-154.800,0
1858,30.99763,driven,510.832,316.065,472.724,167.887,-95.978,-165.577,0
1859,31.01432,driven,510.509,319.532,499.551,166.924,-94.674,-175.893,0
1860,31.031,driven,510.173,324.732,529.069,172.903,-92.723,172.905,0
1861,31.04768,driven,510.002,332.829,558.059,187.572,-89.690,161.694,0
1862,31.06437,driven,510.422,343.361,584.300,209.379,-85.742,151.128,0
1863,31.08105,driven,511.786,355.310,608.467,236.728,-81.237,140.810,0
1864,31.09773,driven,514.574,369.129,630.525,269.308,-75.955,130.725,0
1865,31.11442,driven,519.586,385.306,650.262,305.727,-69.610,121.341,0
1866,31.1311,driven,527.310,402.691,669.559,346.350,-62.482,111.608,0
1867,31.14778,driven,537.848,420.011,686.696,384.611,-54.884,103.378,0
1868,31.16447,driven,551.115,436.359,703.851,427.373,-46.993,93.367,0
1869,31.18115,driven,568.683,452.471,720.118,474.298,-38.057,81.798,0
1870,31.19783,driven,589.479,466.177,731.387,523.370,-28.720,68.049,0
1871,31.21452,driven,618.308,478.327,734.151,578.274,-16.984,49.213,0
1872,31.2312,driven,656.440,484.859,735.483,615.860,-2.457,31.106,0
1873,31.24788,driven,701.662,480.035,696.053,632.932,14.637,-2.101,0
1874,31.26457,driven,736.172,466.369,670.498,604.557,28.571,-25.419,0
1875,31.28125,driven,758.594,451.461,656.096,565.053,38.667,-42.061,0
1876,31.29793,driven,773.980,437.320,647.595,523.552,46.499,-55.695,0
1877,31.31462,driven,785.031,424.290,644.115,483.886,52.900,-67.075,0
1878,31.3313,driven,793.847,411.298,644.140,442.872,58.783,-78.091,0
1879,31.34798,driven,800.854,398.372,647.951,403.815,64.291,-87.961,0
1880,31.36467,driven,807.569,382.089,655.347,366.679,70.890,-95.780,0
1881,31.38135,driven,812.205,365.866,661.176,341.384,77.212,-99.208,0
1882,31.39803,driven,814.629,352.437,669.763,303.215,82.324,-108.767,0
1883,31.41472,driven,815.657,342.246,678.663,274.116,86.160,-116.442,0
1884,31.4314,driven,815.946,336.065,691.429,247.158,88.478,-125.527,0
1885,31.44808,driven,815.997,332.902,708.999,223.539,89.662,-135.626,0
1886,31.46477,driven,815.997,332.902,729.598,206.631,89.662,-145.619,0
1887,31.48145,driven,815.997,332.902,752.220,193.828,89.662,-155.365,0
1888,31.49813,driven,815.946,336.065,776.588,188.214,88.477,-165.093,0
1889,31.51482,driven,815.722,341.226,802.903,188.764,86.543,-175.194,0
1890,31.5315,driven,815.112,348.456,829.967,196.179,83.825,174.428,0
1891,31.54818,driven,813.998,356.669,857.661,210.032,80.721,163.418,0
1892,31.56487,driven,811.979,366.847,882.930,231.293,76.835,152.372,0
1893,31.58155,driven,808.941,377.937,906.769,260.298,72.528,140.253,0
1894,31.59823,driven,804.674,389.771,926.730,297.514,67.816,127.084,0
1895,31.61492,driven,799.364,401.382,940.100,341.362,63.033,113.097,0
1896,31.6316,driven,792.917,412.813,944.972,395.835,58.117,96.371,0
1897,31.64828,driven,786.093,422.869,935.625,455.259,53.565,77.778,0
1898,31.66497,driven,777.621,433.346,906.695,515.498,48.518,57.524,0
1899,31.68165,driven,768.537,442.774,862.607,563.438,43.613,37.940,0
1900,31.69833,driven,755.910,453.560,806.930,597.802,37.391,19.479,0
1901,31.71502,driven,738.812,464.897,748.827,617.568,29.703,3.753,0
1902,31.7317,driven,716.647,475.287,690.537,626.042,20.526,-9.826,0
1903,31.74838,driven,689.732,482.647,635.382,625.668,10.062,-20.808,0
1904,31.76507,driven,658.309,484.928,589.058,621.359,-1.757,-26.912,0
1905,31.78175,driven,628.077,480.961,545.167,609.549,-13.194,-32.813,0
1906,31.79843,driven,598.966,470.956,507.513,593.615,-24.741,-36.708,0
1907,31.81512,driven,574.744,456.979,473.660,571.832,-35.229,-41.351,0
1908,31.8318,driven,553.810,439.175,444.682,546.414,-45.534,-45.500,0
1909,31.84848,driven,537.810,419.958,420.747,518.472,-54.908,-49.918,0
1910,31.86517,driven,525.757,399.627,400.490,487.474,-63.768,-54.959,0
1911,31.88185,driven,517.362,378.888,384.622,454.975,-72.154,-60.178,0
1912,31.89853,driven,512.515,359.627,372.622,421.587,-79.597,-66.111,0
1913,31.91522,driven,510.588,345.400,363.531,387.629,-84.975,-73.978,0
1914,31.9319,driven,510.052,335.994,358.173,354.477,-88.504,-83.062,0
1915,31.94858,driven,510.009,333.646,357.726,318.848,-89.383,-95.550,0
1916,31.96527,driven,510.009,333.646,364.458,286.488,-89.383,-107.952,0
1917,31.98195,driven,510.009,333.646,376.945,258.128,-89.383,-119.576,0
1918,31.99863,driven,510.117,337.970,397.735,234.146,-87.764,-132.734,0
1919,32.01532,driven,510.463,343.892,423.522,217.994,-85.542,-145.372,0
1920,32.032,driven,511.051,349.902,450.419,209.429,-83.280,-156.654,0
1921,32.04868,driven,512.106,357.299,482.470,207.197,-80.482,-168.831,0
1922,32.06537,driven,513.780,365.798,516.649,212.825,-77.238,178.926,0
1923,32.08205,driven,516.631,376.554,546.237,226.445,-73.070,168.843,0
1924,32.09873,driven,521.308,389.727,576.464,247.015,-67.833,158.869,0
1925,32.11542,driven,527.235,402.548,605.400,271.021,-62.542,149.278,0
1926,32.1321,driven,536.262,417.712,632.769,298.988,-55.930,140.894,0
1927,32.14878,driven,548.835,433.860,654.982,323.670,-48.260,136.071,0
1928,32.16547,driven,562.972,447.773,687.000,358.185,-40.827,125.841,0
1929,32.18215,driven,580.326,460.740,716.632,391.244,-32.708,117.015,0
1930,32.19883,driven,599.608,471.250,745.953,426.616,-24.477,106.961,0
1931,32.21552,driven,621.150,479.165,773.604,466.240,-15.874,94.846,0
1932,32.2322,driven,646.512,484.109,797.457,509.101,-6.187,80.599,0
1933,32.24888,driven,680.714,483.971,811.011,564.170,6.649,58.387,0
1934,32.26557,driven,716.039,475.512,808.549,597.377,20.283,37.203,0
1935,32.28225,driven,753.281,455.525,777.171,606.648,36.162,8.983,0
1936,32.29893,driven,776.427,434.680,740.757,583.464,47.847,-13.482,0
1937,32.31562,driven,789.763,417.674,714.428,550.841,55.947,-29.498,0
1938,32.3323,driven,798.345,403.350,692.292,513.630,62.203,-43.880,0
1939,32.34898,driven,803.861,391.726,676.117,475.932,67.023,-56.608,0
1940,32.36567,driven,808.094,380.546,665.254,435.370,71.501,-69.002,0
1941,32.38235,driven,812.043,366.571,662.387,398.386,76.941,-77.998,0
1942,32.39903,driven,813.987,356.736,661.002,358.855,80.696,-89.206,0
1943,32.41572,driven,814.866,350.591,665.609,316.958,83.021,-102.699,0
1944,32.4324,driven,814.866,350.591,676.742,284.783,83.021,-115.475,0
1945,32.44908,driven,814.866,350.591,696.042,254.208,83.021,-129.047,0
1946,32.46577,driven,814.689,351.989,722.006,230.256,82.493,-142.716,0
1947,32.48245,driven,814.177,355.546,752.566,215.499,81.147,-156.254,0
1948,32.49913,driven,813.393,360.126,785.877,209.620,79.407,-169.640,0
1949,32.51582,driven,812.448,364.775,822.603,212.112,77.631,176.195,0
1950,32.5325,driven,811.068,370.534,857.130,224.633,75.413,162.479,0
1951,32.54918,driven,809.621,375.718,890.775,246.014,73.397,147.966,0
1952,32.56587,driven,807.853,381.262,921.037,278.314,71.218,132.289,0
1953,32.58255,driven,805.637,387.349,943.553,321.105,68.792,115.656,0
1954,32.59923,driven,802.288,395.307,952.726,367.422,65.558,100.501,0
1955,32.61592,driven,798.722,402.630,949.228,430.144,62.508,79.640,0
1956,32.6326,driven,793.601,411.702,927.490,485.747,58.605,61.056,0
1957,32.64928,driven,786.596,422.183,890.619,534.381,53.883,42.835,0
1958,32.66597,driven,776.741,434.333,844.260,571.629,48.022,26.187,0
1959,32.68265,driven,761.377,449.179,788.179,599.814,40.015,10.089,0
1960,32.69933,driven,742.419,462.773,741.418,615.770,31.270,-0.375,0
1961,32.71602,driven,716.100,475.490,693.282,626.779,20.307,-8.577,0
1962,32.7327,driven,686.652,483.161,645.328,630.474,8.893,-15.670,0
1963,32.74938,driven,655.542,484.818,602.875,628.468,-2.794,-20.135,0
1964,32.76607,driven,626.146,480.495,564.553,620.550,-13.938,-23.739,0
1965,32.78275,driven,599.229,471.076,527.342,606.137,-24.633,-28.024,0
1966,32.79943,driven,575.718,457.662,494.384,587.252,-34.783,-32.114,0
1967,32.81612,driven,556.218,441.574,463.880,563.569,-44.261,-37.122,0
1968,32.8328,driven,540.812,424.082,436.763,536.255,-52.998,-42.848,0
1969,32.84948,driven,529.008,405.860,413.730,506.458,-61.135,-48.890,0
1970,32.86617,driven,520.914,388.750,393.953,474.130,-68.228,-56.080,0
1971,32.88285,driven,514.752,369.837,379.386,441.145,-75.682,-62.221,0
1972,32.89953,driven,511.406,352.694,368.511,407.376,-82.227,-69.059,0
1973,32.91622,driven,510.231,340.395,360.730,372.933,-86.855,-77.721,0
1974,32.9329,driven,510.002,332.704,357.108,338.405,-89.736,-87.865,0
1975,32.94958,driven,510.002,332.704,359.648,304.371,-89.736,-100.672,0
1976,32.96627,driven,510.002,332.704,369.400,272.369,-89.736,-113.225,0
1977,32.98295,driven,510.064,336.418,386.321,246.437,-88.345,-126.023,0
1978,32.99963,driven,510.264,340.989,409.388,225.954,-86.632,-138.752,0
1979,33.01632,driven,510.732,346.948,437.714,212.496,-84.393,-151.495,0
1980,33.033,driven,511.555,353.756,466.363,207.583,-81.825,-162.820,0
1981,33.04968,driven,513.002,362.161,500.197,209.698,-78.631,-175.199,0
1982,33.06637,driven,515.207,371.574,532.830,219.592,-75.010,173.386,0
1983,33.08305,driven,518.655,382.730,563.311,236.392,-70.636,163.030,0
1984,33.09973,driven,523.444,394.714,593.512,258.701,-65.802,152.744,0
1985,33.11642,driven,530.379,408.294,621.903,285.687,-60.089,143.259,0
1986,33.1331,driven,540.546,423.728,648.904,315.712,-53.164,134.910,0
1987,33.14978,driven,554.255,439.627,675.598,346.434,-45.296,127.525,0
1988,33.16647,driven,568.825,452.582,703.259,379.532,-37.990,118.519,0
1989,33.18315,driven,585.892,464.149,731.261,416.433,-30.263,108.172,0
1990,33.19983,driven,607.788,474.691,759.514,454.986,-21.153,97.400,0
1991,33.21652,driven,629.172,481.214,781.094,499.344,-12.773,83.194,0
1992,33.2332,driven,658.346,484.929,794.919,553.900,-1.743,63.206,0
1993,33.24988,driven,695.394,481.531,788.226,603.150,12.223,37.355,0
1994,33.26657,driven,734.082,467.486,777.368,614.235,27.683,16.434,0
1995,33.28325,driven,765.302,445.769,736.360,596.006,41.962,-10.904,0
1996,33.29993,driven,781.066,429.311,710.476,565.053,50.504,-27.476,0
1997,33.31662,driven,791.965,414.323,689.430,527.881,57.449,-42.080,0
1998,33.3333,driven,799.143,401.814,673.246,488.755,62.851,-55.372,0
1999,33.34998,driven,803.836,391.784,662.126,449.465,66.999,-67.852,0
2000,33.36667,driven,806.851,384.113,656.131,410.424,70.086,-80.098,0
2001,33.38335,driven,809.353,376.606,656.542,369.004,73.050,-92.848,0
2002,33.40003,driven,811.161,370.173,662.610,333.548,75.552,-103.850,0
2003,33.41672,driven,812.182,365.965,674.107,300.056,77.174,-115.517,0
2004,33.4334,driven,812.218,365.808,692.096,271.046,77.234,-128.269,0
2005,33.45008,driven,812.218,365.808,715.618,247.160,77.234,-140.848,0
2006,33.46677,driven,812.218,365.808,742.638,229.545,77.234,-152.950,0
2007,33.48345,driven,811.452,369.029,772.562,221.054,75.994,-165.275,0
2008,33.50013,driven,810.335,373.248,806.199,220.304,74.360,-178.451,0
2009,33.51682,driven,808.715,378.649,839.681,228.815,72.248,168.323,0
2010,33.5335,driven,806.659,384.641,871.338,245.984,69.876,154.993,0
2011,33.55018,driven,804.476,390.255,901.909,272.290,67.620,140.445,0
2012,33.56687,driven,802.087,395.748,927.832,308.586,65.376,124.729,0
2013,33.58355,driven,799.601,400.915,944.685,352.338,63.229,108.511,0
2014,33.60023,driven,796.108,407.441,949.066,403.847,60.457,91.346,0
2015,33.61692,driven,792.405,413.629,938.868,457.874,57.756,73.191,0
2016,33.6336,driven,786.090,422.872,909.560,513.228,53.563,53.803,0
2017,33.65028,driven,777.915,433.013,867.962,556.708,48.684,36.054,0
2018,33.66697,driven,767.261,443.976,819.668,587.721,42.957,20.031,0
2019,33.68365,driven,751.761,456.621,765.800,608.976,35.460,5.265,0
2020,33.70033,driven,730.167,469.469,716.216,621.831,26.040,-5.231,0
2021,33.71702,driven,705.169,479.074,669.588,627.879,15.999,-13.448,0
2022,33.7337,driven,676.123,484.436,624.270,628.382,4.920,-19.810,0
2023,33.75038,driven,643.822,483.793,584.449,624.803,-7.201,-22.834,0
2024,33.76707,driven,616.364,477.719,547.539,614.365,-17.747,-26.733,0
2025,33.78375,driven,591.245,467.130,512.997,598.608,-27.969,-30.759,0
2026,33.80043,driven,569.048,452.756,481.972,578.560,-37.884,-34.689,0
2027,33.81712,driven,550.843,436.066,454.350,554.801,-47.143,-39.100,0
2028,33.8338,driven,536.850,418.575,429.197,527.294,-55.539,-44.718,0
2029,33.85048,driven,526.449,401.012,408.450,498.405,-63.188,-50.465,0
2030,33.86717,driven,518.608,382.596,391.803,468.208,-70.689,-55.975,0
2031,33.88385,driven,512.772,360.995,379.783,436.644,-79.076,-60.367,0
2032,33.90053,driven,510.404,343.115,369.937,403.761,-85.834,-66.648,0
2033,33.91722,driven,510.001,332.465,362.027,371.357,-89.826,-75.274,0
2034,33.9339,driven,510.038,328.601,357.364,338.581,-91.273,-86.260,0
2035,33.95058,driven,510.038,328.603,358.828,305.267,-91.272,-98.773,0
2036,33.96727,driven,510.038,328.601,367.106,274.016,-91.273,-110.902,0
2037,33.98395,driven,510.016,334.194,383.677,247.895,-89.178,-124.336,0
2038,34.00063,driven,510.236,340.489,406.387,228.130,-86.819,-137.254,0
2039,34.01732,driven,510.821,347.824,434.180,215.404,-84.063,-149.939,0
2040,34.034,driven,511.995,356.628,462.745,211.771,-80.737,-161.222,0
2041,34.05068,driven,513.816,365.960,495.378,214.075,-77.176,-173.078,0
2042,34.06737,driven,516.684,376.729,529.613,224.276,-73.001,175.153,0
2043,34.08405,driven,521.064,389.125,559.766,241.101,-68.077,165.348,0
2044,34.10073,driven,527.013,402.118,590.421,262.875,-62.723,155.517,0
2045,34.11742,driven,535.529,416.617,619.281,288.576,-56.423,146.811,0
2046,34.1341,driven,548.000,432.915,647.778,316.927,-48.732,139.297,0
2047,34.15078,driven,564.054,448.699,675.679,344.062,-40.294,133.149,0
2048,34.16747,driven,580.633,460.937,706.188,373.501,-32.571,124.853,0
2049,34.18415,driven,600.177,471.507,738.323,405.745,-24.243,115.456,0
2050,34.20083,driven,621.910,479.379,769.994,440.904,-15.579,104.564,0
2051,34.21752,driven,644.124,483.831,797.083,480.294,-7.087,91.325,0
2052,34.2342,driven,672.011,484.734,818.539,528.765,3.376,73.275,0
2053,34.25088,driven,706.798,478.597,819.181,582.420,16.634,47.267,0
2054,34.26757,driven,744.051,461.768,820.358,594.381,31.988,29.916,0
2055,34.28425,driven,774.213,437.074,769.133,589.990,46.626,-1.903,0
2056,34.30093,driven,788.514,419.494,738.917,564.232,55.120,-18.915,0
2057,34.31762,driven,797.999,404.001,712.465,530.859,61.927,-33.990,0
2058,34.3343,driven,804.093,391.177,690.349,493.507,67.246,-48.024,0
2059,34.35098,driven,807.776,381.487,673.863,455.489,71.129,-61.074,0
2060,34.36767,driven,810.193,373.753,663.191,416.175,74.163,-73.903,0
2061,34.38435,driven,812.538,364.365,660.030,376.631,77.788,-85.402,0
2062,34.40103,driven,813.814,357.773,661.334,345.160,80.302,-94.729,0
2063,34.41772,driven,814.121,355.903,670.613,302.852,81.012,-110.288,0
2064,34.4344,driven,814.121,355.903,686.703,271.206,81.012,-123.612,0
2065,34.45108,driven,814.121,355.903,709.109,244.631,81.012,-136.658,0
2066,34.46777,driven,813.567,359.174,737.763,226.273,79.769,-150.300,0
2067,34.48445,driven,812.765,363.298,768.014,216.989,78.196,-162.993,0
2068,34.50113,driven,811.619,368.351,804.342,215.525,76.256,-177.274,0
2069,34.51782,driven,810.054,374.240,840.139,224.227,73.974,168.660,0
2070,34.5345,driven,808.140,380.410,873.798,242.214,71.554,154.587,0
2071,34.55118,driven,806.202,385.873,906.040,269.937,69.383,139.267,0
2072,34.56787,driven,804.183,390.960,932.821,308.127,67.334,122.779,0
2073,34.58455,driven,801.676,396.637,948.223,352.671,65.010,106.700,0
2074,34.60123,driven,798.424,403.199,951.068,413.631,62.267,86.090,0
2075,34.61792,driven,794.314,410.521,936.904,465.994,59.122,68.742,0
2076,34.6346,driven,788.104,420.080,905.167,518.595,54.852,49.918,0
2077,34.65128,driven,779.932,430.671,861.735,559.966,49.841,32.321,0
2078,34.66797,driven,768.008,443.276,811.968,589.824,43.340,16.697,0
2079,34.68465,driven,750.300,457.649,763.114,610.112,34.791,4.804,0
2080,34.70133,driven,728.641,470.204,711.486,622.239,25.406,-6.438,0
2081,34.71802,driven,700.351,480.371,664.394,629.086,14.130,-13.592,0
2082,34.7347,driven,671.021,484.790,619.906,628.999,3.005,-19.517,0
2083,34.75138,driven,640.714,483.368,581.497,624.444,-8.376,-22.770,0
2084,34.76807,driven,612.662,476.482,544.270,613.346,-19.208,-26.552,0
2085,34.78475,driven,586.863,464.711,510.694,597.403,-29.843,-29.857,0
2086,34.80143,driven,565.875,450.219,479.039,576.189,-39.406,-34.580,0
2087,34.81812,driven,548.405,433.375,451.282,551.596,-48.503,-39.404,0
2088,34.8348,driven,534.317,414.763,426.810,523.626,-57.253,-44.641,0
2089,34.85148,driven,524.658,397.350,405.778,493.664,-64.715,-50.987,0
2090,34.86817,driven,517.288,378.659,389.344,462.559,-72.244,-56.745,0
2091,34.88485,driven,512.393,358.953,376.596,429.439,-79.854,-62.568,0
2092,34.90153,driven,510.479,344.091,367.134,397.582,-85.467,-69.536,0
2093,34.91822,driven,510.001,332.501,360.300,364.101,-89.813,-78.080,0
2094,34.9349,driven,510.014,329.929,357.014,329.851,-90.775,-90.029,0
2095,34.95158,driven,510.014,329.930,360.772,296.229,-90.775,-102.725,0
2096,34.96827,driven,510.014,329.929,370.805,266.449,-90.775,-114.513,0
2097,34.98495,driven,510.028,334.949,388.575,241.900,-88.896,-127.457,0
2098,35.00163,driven,510.270,341.093,412.650,223.283,-86.593,-140.354,0
2099,35.01832,driven,510.846,348.069,440.707,212.093,-83.971,-152.714,0
2100,35.035,driven,511.960,356.411,470.795,209.053,-80.819,-164.392,0
2101,35.05168,driven,513.780,365.797,503.611,213.136,-77.238,-176.189,0
2102,35.06837,driven,516.608,376.480,535.972,224.711,-73.099,172.729,0
2103,35.08505,driven,520.876,388.655,566.716,242.683,-68.266,162.566,0
2104,35.10173,driven,526.890,401.879,596.026,265.390,-62.824,153.136,0
2105,35.11842,driven,535.623,416.759,624.982,292.566,-56.360,144.264,0
2106,35.1351,driven,548.411,433.382,650.469,319.395,-48.500,138.160,0
2107,35.15178,driven,562.444,447.315,680.273,349.717,-41.089,129.635,0
2108,35.16847,driven,579.478,460.192,709.976,380.320,-33.086,121.469,0
2109,35.18515,driven,599.013,470.977,741.613,415.532,-24.722,111.247,0
2110,35.20183,driven,621.302,479.208,771.927,452.353,-15.815,100.109,0
2111,35.21852,driven,644.800,483.914,797.541,492.808,-6.832,86.667,0
2112,35.2352,driven,675.244,484.509,815.312,546.070,4.590,66.274,0
2113,35.25188,driven,710.032,477.592,807.518,595.514,17.903,39.581,0
2114,35.26857,driven,748.298,459.017,799.361,603.244,33.883,19.496,0
2115,35.28525,driven,776.247,434.879,756.473,586.595,47.747,-7.426,0
2116,35.30193,driven,789.544,417.998,727.523,557.864,55.800,-23.914,0
2117,35.31862,driven,798.411,403.224,703.241,523.023,62.256,-38.464,0
2118,35.3353,driven,804.155,391.028,683.962,485.699,67.306,-51.774,0
2119,35.35198,driven,807.764,381.521,669.207,446.412,71.115,-64.905,0
2120,35.36867,driven,810.504,372.641,661.885,408.992,74.596,-76.256,0
2121,35.38535,driven,812.947,362.414,660.042,367.822,78.534,-87.974,0
2122,35.40203,driven,814.235,355.175,664.174,325.329,81.288,-101.249,0
2123,35.41872,driven,814.719,351.755,672.044,296.502,82.582,-111.169,0
2124,35.4354,driven,814.719,351.755,688.602,265.132,82.582,-124.483,0
2125,35.45208,driven,814.719,351.755,710.074,240.137,82.582,-136.847,0
2126,35.46877,driven,814.324,354.582,738.114,221.913,81.513,-150.125,0
2127,35.48545,driven,813.611,358.934,767.931,212.912,79.861,-162.629,0
2128,35.50213,driven,812.582,364.159,803.487,211.430,77.867,-176.592,0
2129,35.51882,driven,811.143,370.246,838.881,219.782,75.524,169.555,0
2130,35.5355,driven,809.365,376.569,871.845,236.908,73.064,155.897,0
2131,35.55218,driven,807.402,382.568,902.931,263.056,70.700,141.364,0
2132,35.56887,driven,805.115,388.678,929.998,300.286,68.257,125.291,0
2133,35.58555,driven,802.336,395.201,946.399,343.677,65.601,109.680,0
2134,35.60223,driven,798.839,402.405,951.818,399.885,62.603,90.944,0
2135,35.61892,driven,794.098,410.881,940.024,456.867,58.965,72.509,0
2136,35.6356,driven,787.556,420.853,910.444,511.998,54.498,53.436,0
2137,35.65228,driven,779.585,431.080,866.853,556.752,49.641,34.776,0
2138,35.66897,driven,768.162,443.130,815.861,588.505,43.419,18.165,0
2139,35.68565,driven,750.674,457.388,764.297,609.781,34.962,5.108,0
2140,35.70233,driven,728.530,470.256,711.782,622.337,25.360,-6.284,0
2141,35.71902,driven,700.679,480.288,663.482,628.697,14.257,-14.071,0
2142,35.7357,driven,669.989,484.840,618.011,628.741,2.618,-19.860,0
2143,35.75238,driven,639.410,483.170,578.563,623.551,-8.869,-23.434,0
2144,35.76907,driven,610.853,475.839,540.570,611.741,-19.927,-27.346,0
2145,35.78575,driven,585.565,463.958,507.457,595.518,-30.405,-30.698,0
2146,35.80243,driven,564.793,449.322,474.634,572.935,-39.932,-36.106,0
2147,35.81912,driven,547.092,431.872,447.186,547.750,-49.250,-40.767,0
2148,35.8358,driven,533.551,413.559,422.845,519.168,-57.787,-46.350,0
2149,35.85248,driven,523.306,394.406,402.042,487.701,-65.928,-52.427,0
2150,35.86917,driven,516.401,375.791,386.243,456.214,-73.368,-58.289,0
2151,35.88585,driven,511.968,356.459,373.978,422.548,-80.801,-64.408,0
2152,35.90253,driven,510.195,339.720,365.406,389.169,-87.108,-71.144,0
2153,35.91922,driven,510.032,328.867,359.440,355.907,-91.173,-79.820,0
2154,35.9359,driven,510.118,325.981,357.228,320.181,-92.254,-92.173,0
2155,35.95258,driven,510.118,325.984,362.092,287.292,-92.253,-104.649,0
2156,35.96927,driven,510.118,325.984,373.706,256.698,-92.253,-116.927,0
2157,35.98595,driven,510.007,330.520,392.766,232.217,-90.554,-129.979,0
2158,36.00263,driven,510.073,336.724,417.333,215.034,-88.231,-142.689,0
2159,36.01932,driven,510.427,343.417,445.715,204.776,-85.721,-154.979,0
2160,36.036,driven,511.250,351.521,477.526,202.284,-82.670,-167.266,0
2161,36.05268,driven,512.662,360.416,511.808,207.418,-79.297,-179.680,0
2162,36.06937,driven,514.930,370.525,544.234,220.358,-75.416,168.958,0
2163,36.08605,driven,518.456,382.160,575.355,240.134,-70.862,158.168,0
2164,36.10273,driven,523.182,394.128,604.725,264.668,-66.042,147.794,0
2165,36.11942,driven,530.475,408.461,632.927,294.827,-60.017,137.962,0
2166,36.1361,driven,541.724,425.279,655.641,323.143,-52.434,131.879,0
2167,36.15278,driven,555.025,440.399,685.005,359.689,-44.888,121.838,0
2168,36.16947,driven,570.736,454.051,712.396,396.246,-37.087,112.198,0
2169,36.18615,driven,589.033,465.932,739.111,436.175,-28.911,101.215,0
2170,36.20283,driven,610.039,475.542,762.973,480.045,-20.252,88.313,0
2171,36.21952,driven,633.862,482.200,780.180,526.922,-10.979,73.004,0
2172,36.2362,driven,668.199,484.912,785.325,583.352,1.947,49.954,0
2173,36.25288,driven,707.157,478.489,790.198,606.993,16.775,32.871,0
2174,36.26957,driven,745.414,460.907,739.968,613.810,32.592,-2.040,0
2175,36.28625,driven,768.593,442.721,712.097,584.908,43.642,-21.670,0
2176,36.30293,driven,782.817,427.146,689.302,548.241,51.547,-37.677,0
2177,36.31962,driven,793.013,412.658,673.198,507.808,58.185,-51.545,0
2178,36.3363,driven,799.055,401.986,661.284,468.530,62.779,-64.219,0
2179,36.35298,driven,803.773,391.933,655.123,428.158,66.939,-76.304,0
2180,36.36967,driven,808.162,380.342,655.440,389.559,71.581,-86.546,0
2181,36.38635,driven,811.514,368.780,659.411,352.236,76.090,-96.207,0
2182,36.40303,driven,813.233,360.968,667.150,315.485,79.086,-107.294,0
2183,36.41972,driven,814.225,355.237,679.333,283.036,81.264,-118.158,0
2184,36.4364,driven,814.291,354.802,698.372,254.944,81.429,-130.743,0
2185,36.45308,driven,814.291,354.802,721.796,232.927,81.429,-142.804,0
2186,36.46977,driven,814.291,354.802,749.084,216.393,81.429,-154.774,0
2187,36.48645,driven,813.749,358.150,778.725,209.213,80.159,-166.767,0
2188,36.50313,driven,812.855,362.861,812.212,209.862,78.363,-179.759,0
2189,36.51982,driven,811.719,367.940,845.073,218.620,76.414,167.408,0
2190,36.5365,driven,810.125,373.991,876.481,236.129,74.071,154.297,0
2191,36.55318,driven,808.288,379.961,906.058,262.275,71.731,140.281,0
2192,36.56987,driven,805.630,387.368,930.020,298.283,68.784,125.610,0
2193,36.58655,driven,802.048,395.834,945.352,342.235,65.341,110.507,0
2194,36.60323,driven,797.585,404.772,950.292,395.303,61.599,93.548,0
2195,36.61992,driven,792.734,413.106,940.292,453.549,57.987,74.672,0
2196,36.6366,driven,786.155,422.784,912.484,509.098,53.604,55.657,0
2197,36.65328,driven,777.949,432.974,869.912,555.252,48.703,36.946,0
2198,36.66997,driven,766.759,444.442,818.188,588.539,42.700,19.642,0
2199,36.68665,driven,748.823,458.663,765.779,610.720,34.120,6.363,0
2200,36.70333,driven,728.392,470.322,711.652,622.403,25.302,-6.281,0
2201,36.72002,driven,701.418,480.098,662.871,628.163,14.543,-14.593,0
2202,36.7367,driven,671.896,484.741,615.928,627.137,3.333,-21.457,0
2203,36.75338,driven,640.643,483.358,575.499,621.796,-8.402,-25.200,0
2204,36.77007,driven,611.236,475.977,537.022,609.773,-19.775,-29.016,0
2205,36.78675,driven,585.696,464.034,503.666,593.186,-30.348,-32.421,0
2206,36.80343,driven,564.238,448.855,471.616,570.634,-40.203,-37.256,0
2207,36.82012,driven,547.319,432.134,444.366,545.314,-49.121,-42.291,0
2208,36.8368,driven,533.402,413.322,420.310,516.371,-57.892,-47.660,0
2209,36.85348,driven,523.270,394.326,400.332,485.405,-65.961,-53.467,0
2210,36.87017,driven,516.476,376.043,384.706,453.797,-73.270,-59.456,0
2211,36.88685,driven,511.864,355.811,373.197,420.468,-81.047,-65.002,0
2212,36.90353,driven,510.175,339.321,364.796,387.007,-87.257,-71.840,0
2213,36.92022,driven,510.041,328.444,359.146,353.735,-91.332,-80.485,0
2214,36.9369,driven,510.142,325.418,357.277,318.991,-92.466,-92.407,0
2215,36.95358,driven,510.142,325.419,362.103,286.773,-92.465,-104.631,0
2216,36.97027,driven,510.142,325.419,373.239,257.106,-92.465,-116.519,0
2217,36.98695,driven,510.011,330.193,392.184,232.592,-90.677,-129.636,0
2218,37.00363,driven,510.052,335.978,417.200,214.375,-88.510,-142.636,0
2219,37.02032,driven,510.389,342.910,444.376,204.884,-85.911,-154.440,0
2220,37.037,driven,511.214,351.236,475.369,202.494,-82.777,-166.451,0
2221,37.05368,driven,512.681,360.515,509.693,207.544,-79.259,-178.881,0
2222,37.07037,driven,514.913,370.460,540.900,219.683,-75.441,170.221,0
2223,37.08705,driven,518.773,383.064,571.719,239.517,-70.504,159.754,0
2224,37.10373,driven,523.934,395.794,601.825,264.105,-65.358,149.396,0
2225,37.12042,driven,531.838,410.775,629.805,293.253,-59.011,140.185,0
2226,37.1371,driven,543.048,426.976,653.386,320.983,-51.629,133.849,0
2227,37.15378,driven,556.290,441.644,683.102,356.043,-44.223,124.020,0
2228,37.17047,driven,572.050,455.033,711.370,391.795,-36.473,114.414,0
2229,37.18715,driven,591.182,467.097,739.450,429.340,-27.995,104.287,0
2230,37.20383,driven,612.403,476.392,765.319,471.319,-19.311,91.900,0
2231,37.22052,driven,636.136,482.623,785.591,515.368,-10.112,77.642,0
2232,37.2372,driven,668.209,484.911,795.174,570.286,1.951,56.082,0
2233,37.25388,driven,705.728,478.913,797.606,601.254,16.217,36.906,0
2234,37.27057,driven,744.541,461.461,757.365,613.922,32.205,4.808,0
2235,37.28725,driven,770.883,440.491,723.993,586.129,44.839,-17.847,0
2236,37.30393,driven,784.362,425.168,699.599,552.543,52.487,-33.642,0
2237,37.32062,driven,793.979,411.079,680.102,513.260,58.879,-48.099,0
2238,37.3373,driven,800.514,399.073,666.597,473.067,63.999,-61.078,0
2239,37.35398,driven,804.818,389.417,657.965,432.351,67.959,-73.703,0
2240,37.37067,driven,807.720,381.650,655.113,392.611,71.064,-85.892,0
2241,37.38735,driven,810.300,373.372,658.494,354.296,74.312,-97.162,0
2242,37.40403,driven,811.846,367.411,667.566,316.496,76.618,-109.438,0
2243,37.42072,driven,812.631,363.931,681.846,284.532,77.954,-121.262,0
2244,37.4374,driven,812.631,363.931,703.048,257.157,77.954,-134.256,0
2245,37.45408,driven,812.631,363.931,728.858,235.904,77.954,-146.802,0
2246,37.47077,driven,812.261,365.618,758.800,222.262,77.307,-159.548,0
2247,37.48745,driven,811.425,369.137,791.396,217.453,75.953,-172.478,0
2248,37.50413,driven,810.267,373.490,824.341,221.139,74.266,174.722,0
2249,37.52082,driven,808.741,378.568,858.295,233.815,72.280,161.102,0
2250,37.5375,driven,807.037,383.599,889.388,254.652,70.291,147.436,0
2251,37.55418,driven,805.061,388.812,918.131,285.739,68.203,132.352,0
2252,37.57087,driven,802.486,394.869,939.082,325.945,65.738,116.775,0
2253,37.58755,driven,798.960,402.171,949.221,373.350,62.701,100.858,0
2254,37.60423,driven,794.497,410.216,946.015,431.459,59.255,82.019,0
2255,37.62092,driven,789.520,418.033,926.703,485.781,55.784,63.718,0
2256,37.6376,driven,782.467,427.586,891.292,535.132,51.337,45.339,0
2257,37.65428,driven,773.392,437.937,844.543,573.386,46.180,27.713,0
2258,37.67097,driven,759.617,450.634,793.361,599.867,39.160,12.741,0
2259,37.68765,driven,739.433,464.541,740.905,617.534,29.971,0.551,0
2260,37.70433,driven,716.751,475.248,691.777,626.196,20.568,-9.394,0
2261,37.72102,driven,689.602,482.670,643.949,628.699,10.013,-17.361,0
2262,37.7377,driven,658.418,484.931,601.717,627.037,-1.716,-21.752,0
2263,37.75438,driven,628.449,481.048,562.467,619.089,-13.051,-25.547,0
2264,37.77107,driven,601.769,472.213,526.011,605.141,-23.591,-29.680,0
2265,37.78775,driven,578.245,459.380,493.256,586.603,-33.639,-33.744,0
2266,37.80443,driven,557.750,443.047,463.961,563.930,-43.465,-37.807,0
2267,37.82112,driven,542.091,425.755,437.858,537.757,-52.209,-42.943,0
2268,37.8378,driven,530.222,408.020,415.516,509.270,-60.207,-48.566,0
2269,37.85448,driven,521.036,389.054,396.822,478.384,-68.105,-54.278,0
2270,37.87117,driven,514.671,369.519,383.166,447.719,-75.805,-59.262,0
2271,37.88785,driven,511.165,350.846,372.391,415.271,-82.925,-65.097,0
2272,37.90453,driven,510.046,335.755,364.286,382.263,-88.594,-72.303,0
2273,37.92122,driven,510.137,325.529,359.189,350.502,-92.424,-80.606,0
2274,37.9379,driven,510.137,325.537,357.452,315.720,-92.421,-93.679,0
2275,37.95458,driven,510.137,325.537,362.529,285.274,-92.421,-105.257,0
2276,37.97127,driven,510.116,326.043,374.074,256.032,-92.231,-117.232,0
2277,37.98795,driven,510.000,331.629,393.669,232.252,-90.139,-130.506,0
2278,38.00463,driven,510.146,338.683,417.981,216.558,-87.496,-142.959,0
2279,38.02132,driven,510.738,347.007,445.008,208.845,-84.371,-154.557,0
2280,38.038,driven,511.867,355.830,476.839,206.894,-81.039,-166.765,0
2281,38.05468,driven,513.836,366.045,510.938,213.072,-77.143,-178.915,0
2282,38.07137,driven,516.985,377.700,541.706,226.711,-72.621,170.702,0
2283,38.08805,driven,521.455,390.087,572.818,245.966,-67.688,160.385,0
2284,38.10473,driven,528.055,404.103,602.010,270.164,-61.884,151.095,0
2285,38.12142,driven,537.405,419.378,630.655,298.079,-55.173,142.448,0
2286,38.1381,driven,551.516,436.787,654.321,323.473,-46.774,137.784,0
2287,38.15478,driven,566.863,451.024,686.369,355.487,-38.928,128.640,0
2288,38.17147,driven,583.408,462.668,717.177,388.405,-31.346,119.037,0
2289,38.18815,driven,604.087,473.203,748.072,421.460,-22.647,109.767,0
2290,38.20483,driven,626.230,480.516,777.965,460.883,-13.906,97.373,0
2291,38.22152,driven,651.563,484.572,803.558,502.076,-4.287,83.431,0
2292,38.2382,driven,684.752,483.446,818.697,557.390,8.174,61.099,0
2293,38.25488,driven,719.285,474.271,814.225,594.252,21.585,38.354,0
2294,38.27157,driven,755.894,453.572,788.553,603.046,37.384,12.325,0
2295,38.28825,driven,779.623,431.036,750.069,581.155,49.662,-11.137,0
2296,38.30493,driven,792.470,413.526,721.505,549.072,57.802,-27.634,0
2297,38.32162,driven,800.182,399.751,697.851,513.493,63.716,-41.977,0
2298,38.3383,driven,805.078,388.770,679.589,476.299,68.220,-55.104,0
2299,38.35498,driven,808.373,379.705,666.062,435.888,71.833,-68.456,0
2300,38.37167,driven,810.709,371.889,660.044,398.519,74.888,-79.976,0
2301,38.38835,driven,812.634,363.916,659.761,357.686,77.960,-92.334,0
2302,38.40503,driven,813.586,359.073,666.267,317.767,79.808,-105.662,0
2303,38.42172,driven,813.670,358.598,678.424,287.063,79.988,-117.876,0
2304,38.4384,driven,813.670,358.598,698.214,258.204,79.988,-131.008,0
2305,38.45508,driven,813.670,358.598,723.118,235.273,79.988,-143.712,0
2306,38.47177,driven,812.895,362.668,754.164,221.389,78.437,-157.427,0
2307,38.48845,driven,812.064,366.479,785.790,215.752,76.976,-170.112,0
2308,38.50513,driven,810.880,371.249,821.310,218.605,75.136,176.091,0
2309,38.52182,driven,809.323,376.706,855.781,230.930,73.011,162.323,0
2310,38.5385,driven,807.474,382.362,887.828,252.162,70.782,148.319,0
2311,38.55518,driven,805.437,387.863,917.623,283.827,68.585,132.841,0
2312,38.57187,driven,803.234,393.184,940.150,324.897,66.428,116.508,0
2313,38.58855,driven,800.312,399.487,950.998,372.979,63.826,99.977,0
2314,38.60523,driven,796.574,406.613,946.134,438.875,60.813,77.827,0
2315,38.62192,driven,791.859,414.489,927.139,485.961,57.375,62.151,0
2316,38.6386,driven,784.835,424.549,891.095,534.630,52.779,43.988,0
2317,38.65528,driven,775.469,435.729,844.805,572.116,47.315,26.948,0
2318,38.67197,driven,761.859,448.773,793.782,598.406,40.251,12.043,0
2319,38.68865,driven,742.795,462.544,743.420,615.543,31.435,0.234,0
2320,38.70533,driven,718.632,474.528,694.324,625.584,21.322,-9.141,0
2321,38.72202,driven,691.524,482.318,647.341,628.799,10.744,-16.785,0
2322,38.7387,driven,660.108,484.973,605.482,627.889,-1.083,-20.918,0
2323,38.75538,driven,629.629,481.316,566.727,620.788,-12.598,-24.276,0
2324,38.77207,driven,602.979,472.735,530.615,607.541,-23.097,-28.227,0
2325,38.78875,driven,578.546,459.579,498.326,589.863,-33.504,-31.622,0
2326,38.80543,driven,558.542,443.793,468.464,567.465,-43.057,-36.068,0
2327,38.82212,driven,543.315,427.313,441.601,541.607,-51.468,-41.667,0
2328,38.8388,driven,530.836,409.083,418.646,513.113,-59.748,-47.161,0
2329,38.85548,driven,521.886,391.126,399.252,482.613,-67.266,-53.277,0
2330,38.87217,driven,515.193,371.522,384.804,451.570,-75.030,-58.453,0
2331,38.88885,driven,511.438,352.931,373.349,418.811,-82.137,-64.495,0
2332,38.90553,driven,510.154,338.855,364.536,385.808,-87.432,-72.129,0
2333,38.92222,driven,510.016,329.815,358.936,353.980,-90.818,-80.912,0
2334,38.9389,driven,510.016,329.815,357.409,318.854,-90.818,-94.108,0
2335,38.95558,driven,510.016,329.815,363.007,287.420,-90.818,-106.087,0
2336,38.97227,driven,510.005,330.791,375.176,258.470,-90.453,-118.209,0
2337,38.98895,driven,510.075,336.783,395.542,235.337,-88.209,-131.532,0
2338,39.00563,driven,510.461,343.873,420.354,220.222,-85.549,-143.918,0
2339,39.02232,driven,511.202,351.140,446.761,212.372,-82.814,-155.091,0
2340,39.039,driven,512.562,359.882,479.115,210.583,-79.500,-167.373,0
2341,39.05568,driven,514.771,369.909,512.778,216.922,-75.654,-179.254,0
2342,39.07237,driven,518.003,380.836,544.179,230.091,-71.386,170.149,0
2343,39.08905,driven,522.981,393.675,575.181,249.854,-66.228,160.052,0
2344,39.10573,driven,529.642,406.997,603.516,273.014,-60.648,151.129,0
2345,39.12242,driven,539.771,422.685,632.451,300.950,-53.650,142.717,0
2346,39.1391,driven,553.769,439.134,655.510,324.863,-45.555,138.320,0
2347,39.15578,driven,569.975,453.471,688.342,356.527,-37.446,129.318,0
2348,39.17247,driven,587.609,465.136,719.611,387.777,-29.522,120.372,0
2349,39.18915,driven,607.752,474.677,750.710,420.161,-21.168,110.874,0
2350,39.20583,driven,630.665,481.544,781.886,458.281,-12.201,98.745,0
2351,39.22252,driven,654.474,484.762,806.809,499.009,-3.194,84.657,0
2352,39.2392,driven,686.686,483.155,822.596,553.423,8.906,62.660,0
2353,39.25588,driven,721.697,473.293,816.677,593.242,22.559,38.373,0
2354,39.27257,driven,756.545,453.072,794.826,601.205,37.691,14.490,0
2355,39.28925,driven,780.404,430.109,755.128,581.007,50.116,-9.509,0
2356,39.30593,driven,793.123,412.481,725.991,549.966,58.263,-26.026,0
2357,39.32262,driven,800.837,398.407,701.236,514.547,64.276,-40.616,0
2358,39.3393,driven,805.654,387.308,682.260,477.767,68.808,-53.755,0
2359,39.35598,driven,808.812,378.345,667.619,437.281,72.368,-67.344,0
2360,39.37267,driven,811.404,369.220,661.664,400.636,75.921,-78.151,0
2361,39.38935,driven,813.419,359.986,660.419,359.813,79.460,-90.065,0
2362,39.40603,driven,814.418,353.948,665.599,318.425,81.752,-103.425,0
2363,39.42272,driven,814.418,353.948,676.521,287.664,81.752,-115.673,0
2364,39.4394,driven,814.418,353.948,695.387,257.820,81.752,-128.924,0
2365,39.45608,driven,814.357,354.361,720.215,233.753,81.596,-142.026,0
2366,39.47277,driven,813.825,357.706,750.002,218.653,80.328,-155.346,0
2367,39.48945,driven,812.983,362.236,782.373,212.329,78.602,-168.459,0
2368,39.50613,driven,811.855,367.371,819.269,214.550,76.633,177.223,0
2369,39.52282,driven,810.446,372.851,854.219,226.246,74.514,163.375,0
2370,39.5395,driven,808.601,379.003,886.811,247.502,72.109,149.258,0
2371,39.55618,driven,806.755,384.378,917.456,278.764,69.980,133.653,0
2372,39.57287,driven,804.661,389.804,940.582,319.559,67.802,117.330,0
2373,39.58955,driven,801.478,397.061,951.796,368.541,64.835,100.743,0
2374,39.60623,driven,797.600,404.745,948.747,428.488,61.611,81.072,0
2375,39.62292,driven,792.656,413.230,928.851,482.944,57.933,62.893,0
2376,39.6396,driven,785.380,423.826,893.026,532.553,53.118,44.714,0
2377,39.65628,driven,775.906,435.253,846.361,571.066,47.557,27.419,0
2378,39.67297,driven,762.119,448.552,794.978,597.982,40.379,12.402,0
2379,39.68965,driven,743.364,462.195,738.100,615.104,31.685,-1.972,0
2380,39.70633,driven,717.434,474.989,693.909,626.170,20.841,-8.845,0
2381,39.72302,driven,689.311,482.721,646.326,629.558,9.902,-16.317,0
2382,39.7397,driven,657.028,484.883,603.960,628.385,-2.237,-20.295,0
2383,39.75638,driven,627.662,480.863,565.017,620.450,-13.354,-24.170,0
2384,39.77307,driven,600.251,471.541,527.984,606.398,-24.212,-28.186,0
2385,39.78975,driven,576.989,458.535,494.490,587.387,-34.206,-32.630,0
2386,39.80643,driven,557.072,442.400,464.065,563.886,-43.816,-37.437,0
2387,39.82312,driven,541.549,425.052,437.466,537.194,-52.542,-42.866,0
2388,39.8398,driven,529.639,406.993,413.632,506.749,-60.649,-49.307,0
2389,39.85648,driven,520.856,388.605,394.273,474.545,-68.287,-55.826,0
2390,39.87317,driven,514.238,367.760,380.460,442.007,-76.483,-60.970,0
2391,39.88985,driven,510.961,349.120,369.956,408.506,-83.575,-67.161,0
2392,39.90653,driven,510.012,333.910,362.433,374.275,-89.285,-74.703,0
2393,39.92322,driven,510.139,325.479,358.028,341.945,-92.443,-83.822,0
2394,39.9399,driven,510.139,325.485,358.496,305.153,-92.441,-97.636,0
2395,39.95658,driven,510.139,325.485,366.559,272.627,-92.441,-110.211,0
2396,39.97327,driven,510.110,326.195,380.715,244.551,-92.174,-122.251,0
2397,39.98995,driven,510.005,330.809,403.034,221.419,-90.446,-135.641,0
2398,40.00663,driven,510.091,337.278,429.918,206.966,-88.023,-148.399,0
2399,40.02332,driven,510.470,343.980,458.066,200.234,-85.509,-159.970,0
2400,40.04,driven,511.373,352.451,491.575,200.738,-82.318,-172.565,0
2401,40.05668,driven,512.873,361.512,525.750,209.055,-78.879,175.172,0
2402,40.07337,driven,515.259,371.769,557.013,224.576,-74.934,164.163,0
2403,40.09005,driven,519.172,384.178,587.673,247.369,-70.060,153.403,0
2404,40.10673,driven,524.207,396.386,616.436,274.309,-65.113,142.929,0
2405,40.12342,driven,532.713,412.215,643.225,306.402,-58.380,133.756,0
2406,40.1401,driven,544.227,428.447,671.044,342.852,-50.922,124.018,0
2407,40.15678,driven,558.421,443.679,695.566,375.854,-43.119,116.315,0
2408,40.17347,driven,574.817,457.031,721.605,413.877,-35.195,106.382,0
2409,40.19015,driven,595.370,469.241,747.750,455.484,-26.233,95.159,0
2410,40.20683,driven,616.885,477.885,768.022,501.689,-17.542,81.049,0
2411,40.22352,driven,645.229,483.964,779.800,556.762,-6.670,61.589,0
2412,40.2402,driven,682.635,483.735,774.174,606.330,7.373,36.748,0
2413,40.25688,driven,721.874,473.219,762.154,620.822,22.631,15.264,0
2414,40.27357,driven,756.594,453.034,720.934,601.820,37.714,-13.478,0
2415,40.29025,driven,774.535,436.732,697.653,569.012,46.802,-30.166,0
2416,40.30693,driven,787.191,421.362,678.267,528.808,54.263,-45.392,0
2417,40.32362,driven,795.172,409.069,664.479,488.620,59.754,-58.671,0
2418,40.3403,driven,801.298,397.441,657.038,448.412,64.677,-70.540,0
2419,40.35698,driven,805.351,388.083,653.484,406.674,68.497,-83.021,0
2420,40.37367,driven,808.887,378.107,656.278,367.180,72.461,-94.096,0
2421,40.39035,driven,811.558,368.598,664.423,326.645,76.161,-105.915,0
2422,40.40703,driven,813.165,361.319,674.144,297.427,78.952,-114.683,0
2423,40.42372,driven,813.978,356.794,690.202,266.858,80.674,-126.003,0
2424,40.4404,driven,813.997,356.677,712.719,241.996,80.718,-138.551,0
2425,40.45708,driven,813.997,356.677,738.318,223.705,80.718,-150.354,0
2426,40.47377,driven,813.997,356.677,766.957,211.088,80.718,-162.094,0
2427,40.49045,driven,813.440,359.871,798.761,207.576,79.504,-174.494,0
2428,40.50713,driven,812.614,364.010,830.072,212.009,77.924,173.448,0
2429,40.52382,driven,811.433,369.102,862.302,224.807,75.966,160.581,0
2430,40.5405,driven,809.899,374.775,891.990,245.662,73.765,147.551,0
2431,40.55718,driven,807.597,382.008,918.420,276.523,70.922,133.586,0
2432,40.57387,driven,804.371,390.508,938.039,316.065,67.517,119.115,0
