frame,time_s,phase,x_green,y_green,x_red,y_red,theta1_deg,theta2_deg,dropout
0,0.0,free_swing,657,481,655,633,-2.306,-0.754,0
1,0.01668,free_swing,657,481,655,633,-2.306,-0.754,0
2,0.03337,free_swing,657,481,655,633,-2.306,-0.754,0
3,0.05005,free_swing,657,481,655,632,-2.306,-0.759,0
4,0.06673,free_swing,657,481,655,632,-2.306,-0.759,0
5,0.08342,free_swing,657,481,655,632,-2.306,-0.759,0
6,0.1001,free_swing,657,481,655,632,-2.306,-0.759,0
7,0.11678,free_swing,657,481,655,633,-2.306,-0.754,0
8,0.13347,free_swing,657,481,655,633,-2.306,-0.754,0
9,0.15015,free_swing,657,481,655,633,-2.306,-0.754,0
10,0.16683,free_swing,657,481,655,633,-2.306,-0.754,0
11,0.18352,free_swing,657,481,655,633,-2.306,-0.754,0
12,0.2002,free_swing,657,481,655,632,-2.306,-0.759,0
13,0.21688,free_swing,657,481,655,632,-2.306,-0.759,0
14,0.23357,free_swing,657,481,655,632,-2.306,-0.759,0
15,0.25025,free_swing,657,481,655,632,-2.306,-0.759,0
16,0.26693,free_swing,657,481,655,632,-2.306,-0.759,0
17,0.28362,free_swing,657,481,655,632,-2.306,-0.759,0
18,0.3003,free_swing,657,481,655,632,-2.306,-0.759,0
19,0.31698,free_swing,657,481,655,632,-2.306,-0.759,0
20,0.33367,free_swing,657,481,655,632,-2.306,-0.759,0
21,0.35035,free_swing,657,481,655,633,-2.306,-0.754,0
22,0.36703,free_swing,657,481,655,633,-2.306,-0.754,0
23,0.38372,free_swing,657,481,655,633,-2.306,-0.754,0
24,0.4004,free_swing,657,481,655,633,-2.306,-0.754,0
25,0.41708,free_swing,657,481,655,633,-2.306,-0.754,0
26,0.43377,free_swing,657,481,655,633,-2.306,-0.754,0
27,0.45045,free_swing,657,481,655,633,-2.306,-0.754,0
28,0.46713,free_swing,657,481,655,633,-2.306,-0.754,0
29,0.48382,free_swing,657,481,655,633,-2.306,-0.754,0
30,0.5005,free_swing,656,481,656,633,-2.690,0.000,0
31,0.51718,free_swing,657,481,655,633,-2.306,-0.754,0
32,0.53387,free_swing,657,481,656,633,-2.306,-0.377,0
33,0.55055,free_swing,657,481,655,633,-2.306,-0.754,0
34,0.56723,free_swing,657,481,655,633,-2.306,-0.754,0
35,0.58392,free_swing,657,481,655,633,-2.306,-0.754,0
36,0.6006,free_swing,657,481,656,633,-2.306,-0.377,0
37,0.61728,free_swing,657,481,655,633,-2.306,-0.754,0
38,0.63397,free_swing,657,481,655,633,-2.306,-0.754,0
39,0.65065,free_swing,657,481,655,633,-2.306,-0.754,0
40,0.66733,free_swing,657,481,655,633,-2.306,-0.754,0
41,0.68402,free_swing,657,481,655,633,-2.306,-0.754,0
42,0.7007,free_swing,657,481,655,633,-2.306,-0.754,0
43,0.71738,free_swing,657,481,655,633,-2.306,-0.754,0
44,0.73407,free_swing,656,481,655,633,-2.690,-0.377,0
45,0.75075,free_swing,657,481,655,633,-2.306,-0.754,0
46,0.76743,free_swing,657,481,655,633,-2.306,-0.754,0
47,0.78412,free_swing,657,481,655,633,-2.306,-0.754,0
48,0.8008,free_swing,657,481,655,633,-2.306,-0.754,0
49,0.81748,free_swing,657,481,656,633,-2.306,-0.377,0
50,0.83417,free_swing,657,481,655,633,-2.306,-0.754,0
51,0.85085,free_swing,657,481,655,633,-2.306,-0.754,0
52,0.86753,free_swing,657,481,655,633,-2.306,-0.754,0
53,0.88422,free_swing,656,481,655,633,-2.690,-0.377,0
54,0.9009,free_swing,656,481,655,633,-2.690,-0.377,0
55,0.91758,free_swing,657,481,655,633,-2.306,-0.754,0
56,0.93427,free_swing,657,481,655,633,-2.306,-0.754,0
57,0.95095,free_swing,657,481,655,633,-2.306,-0.754,0
58,0.96763,free_swing,656,481,655,633,-2.690,-0.377,0
59,0.98432,free_swing,657,481,656,633,-2.306,-0.377,0
60,1.001,free_swing,656,481,656,633,-2.690,0.000,0
61,1.01768,free_swing,657,481,655,633,-2.306,-0.754,0
62,1.03437,free_swing,657,481,655,633,-2.306,-0.754,0
63,1.05105,free_swing,657,481,655,633,-2.306,-0.754,0
64,1.06773,free_swing,657,481,655,633,-2.306,-0.754,0
65,1.08442,free_swing,657,481,655,633,-2.306,-0.754,0
66,1.1011,free_swing,657,481,656,633,-2.306,-0.377,0
67,1.11778,free_swing,657,481,655,633,-2.306,-0.754,0
68,1.13447,free_swing,657,481,655,633,-2.306,-0.754,0
69,1.15115,free_swing,657,481,655,633,-2.306,-0.754,0
70,1.16783,free_swing,657,481,656,633,-2.306,-0.377,0
71,1.18452,free_swing,657,481,655,633,-2.306,-0.754,0
72,1.2012,free_swing,656,481,656,633,-2.690,0.000,0
73,1.21788,free_swing,657,481,655,633,-2.306,-0.754,0
74,1.23457,free_swing,657,481,656,633,-2.306,-0.377,0
75,1.25125,free_swing,657,481,655,633,-2.306,-0.754,0
76,1.26793,free_swing,657,481,656,633,-2.306,-0.377,0
77,1.28462,free_swing,657,481,656,633,-2.306,-0.377,0
78,1.3013,free_swing,657,481,655,633,-2.306,-0.754,0
79,1.31798,free_swing,657,481,655,633,-2.306,-0.754,0
80,1.33467,free_swing,657,481,655,633,-2.306,-0.754,0
81,1.35135,free_swing,656,481,655,633,-2.690,-0.377,0
82,1.36803,free_swing,656,481,655,633,-2.690,-0.377,0
83,1.38472,free_swing,657,481,655,633,-2.306,-0.754,0
84,1.4014,free_swing,657,481,655,633,-2.306,-0.754,0
85,1.41808,free_swing,656,481,655,633,-2.690,-0.377,0
86,1.43477,free_swing,657,481,656,633,-2.306,-0.377,0
87,1.45145,free_swing,657,481,656,633,-2.306,-0.377,0
88,1.46813,free_swing,656,481,655,633,-2.690,-0.377,0
89,1.48482,free_swing,657,481,655,633,-2.306,-0.754,0
90,1.5015,free_swing,656,481,655,633,-2.690,-0.377,0
91,1.51818,free_swing,657,481,655,633,-2.306,-0.754,0
92,1.53487,free_swing,657,481,655,633,-2.306,-0.754,0
93,1.55155,free_swing,657,481,655,633,-2.306,-0.754,0
94,1.56823,free_swing,657,481,656,633,-2.306,-0.377,0
95,1.58492,free_swing,657,481,656,633,-2.306,-0.377,0
96,1.6016,free_swing,657,481,655,633,-2.306,-0.754,0
97,1.61828,free_swing,657,481,655,633,-2.306,-0.754,0
98,1.63497,free_swing,657,481,655,633,-2.306,-0.754,0
99,1.65165,free_swing,657,481,655,633,-2.306,-0.754,0
100,1.66833,free_swing,657,481,655,633,-2.306,-0.754,0
101,1.68502,free_swing,657,481,655,633,-2.306,-0.754,0
102,1.7017,free_swing,657,481,655,633,-2.306,-0.754,0
103,1.71838,free_swing,657,481,655,633,-2.306,-0.754,0
104,1.73507,free_swing,657,481,655,633,-2.306,-0.754,0
105,1.75175,free_swing,657,481,655,633,-2.306,-0.754,0
106,1.76843,free_swing,657,481,655,633,-2.306,-0.754,0
107,1.78512,free_swing,657,481,655,633,-2.306,-0.754,0
108,1.8018,free_swing,656,481,655,633,-2.690,-0.377,0
109,1.81848,free_swing,657,481,656,633,-2.306,-0.377,0
110,1.83517,free_swing,659,481,656,633,-1.538,-1.131,0
111,1.85185,free_swing,660,482,655,633,-1.146,-1.897,0
112,1.86853,free_swing,666,482,652,632,1.146,-5.332,0
113,1.88522,free_swing,674,481,650,631,4.222,-9.090,0
114,1.9019,free_swing,681,480,648,628,6.934,-12.570,0
115,1.91858,free_swing,690,479,646,623,10.408,-16.991,0
116,1.93527,free_swing,698,477,645,619,13.570,-20.468,0
117,1.95195,free_swing,707,475,646,613,17.103,-23.847,0
118,1.96863,free_swing,716,472,649,608,20.735,-26.227,0
119,1.98532,free_swing,723,469,653,604,23.651,-27.408,0
120,2.002,free_swing,728,467,657,602,25.710,-27.741,0
121,2.01868,free_swing,730,466,662,603,26.565,-26.398,0
122,2.03537,free_swing,730,466,669,606,26.565,-23.543,0
123,2.05205,free_swing,727,468,676,612,25.201,-19.502,0
124,2.06873,free_swing,720,470,685,619,22.443,-13.219,0
125,2.08542,free_swing,712,474,696,625,19.038,-6.049,0
126,2.1021,free_swing,701,476,708,628,14.783,2.637,0
127,2.11878,free_swing,688,480,719,627,9.588,11.908,0
128,2.13547,free_swing,676,481,729,621,4.986,20.735,0
129,2.15215,free_swing,663,481,736,611,0.000,29.316,0
130,2.16883,free_swing,650,480,740,599,-5.020,37.100,0
131,2.18552,free_swing,636,479,741,587,-10.408,44.193,0
132,2.2022,free_swing,624,476,739,575,-15.154,49.276,0
133,2.21888,free_swing,613,472,735,564,-19.654,52.980,0
134,2.23557,free_swing,602,468,729,555,-24.158,55.587,0
135,2.25225,free_swing,591,463,721,546,-28.794,57.443,0
136,2.26893,free_swing,581,457,711,541,-33.265,57.131,0
137,2.28562,free_swing,572,451,700,538,-37.405,55.797,0
138,2.3023,free_swing,564,444,687,537,-41.474,52.907,0
139,2.31898,free_swing,557,438,674,539,-45.000,49.198,0
140,2.33567,free_swing,552,433,660,543,-47.701,44.474,0
141,2.35235,free_swing,549,430,646,551,-49.316,38.718,0
142,2.36903,free_swing,548,429,632,560,-49.853,32.669,0
143,2.38572,free_swing,551,432,616,571,-48.240,25.062,0
144,2.4024,free_swing,555,437,601,585,-45.807,17.266,0
145,2.41908,free_swing,563,444,583,597,-41.760,7.447,0
146,2.43577,free_swing,575,454,564,606,-35.803,-4.139,0
147,2.45245,free_swing,590,464,544,608,-28.944,-17.716,0
148,2.46913,free_swing,609,473,528,600,-20.956,-32.530,0
149,2.48582,free_swing,625,477,520,584,-14.685,-44.459,0
150,2.5025,free_swing,640,479,518,567,-8.893,-54.197,0
151,2.51918,free_swing,654,481,519,551,-3.457,-62.592,0
152,2.53587,free_swing,666,481,523,536,1.153,-68.962,0
153,2.55255,free_swing,679,481,531,522,6.129,-74.516,0
154,2.56923,free_swing,691,479,542,510,10.784,-78.247,0
155,2.58592,free_swing,705,475,554,503,16.368,-79.495,0
156,2.6026,free_swing,719,471,567,497,21.943,-80.293,0
157,2.61928,free_swing,732,465,581,495,27.420,-78.763,0
158,2.63597,free_swing,744,458,595,496,32.735,-75.693,0
159,2.65265,free_swing,754,451,610,501,37.405,-70.852,0
160,2.66933,free_swing,763,444,624,508,41.760,-65.277,0
161,2.68602,free_swing,768,438,639,518,44.728,-58.195,0
162,2.7027,free_swing,771,435,652,531,46.357,-51.106,0
163,2.71938,free_swing,772,434,666,545,46.900,-43.680,0
164,2.73607,free_swing,771,437,681,562,45.807,-35.754,0
165,2.75275,free_swing,766,442,698,579,43.118,-26.398,0
166,2.76943,free_swing,758,448,716,596,39.316,-15.843,0
167,2.78612,free_swing,748,456,738,609,34.430,-3.740,0
168,2.8028,free_swing,731,466,761,614,26.906,11.459,0
169,2.81948,free_swing,711,474,781,606,18.677,27.937,0
170,2.83617,free_swing,694,478,794,589,11.988,42.016,0
171,2.85285,free_swing,679,480,800,569,6.170,53.664,0
172,2.86953,free_swing,666,481,801,549,1.153,63.265,0
173,2.88622,free_swing,654,480,798,530,-3.480,70.852,0
174,2.9029,free_swing,643,479,792,513,-7.748,77.146,0
175,2.91958,free_swing,631,478,784,499,-12.362,82.185,0
176,2.93627,free_swing,619,475,773,487,-17.103,85.544,0
177,2.95295,free_swing,608,471,762,479,-21.588,87.026,0
178,2.96963,free_swing,595,466,749,473,-26.906,87.397,0
179,2.98632,free_swing,583,460,738,471,-32.005,85.941,0
180,3.003,free_swing,574,453,728,471,-36.336,83.333,0
181,3.01968,free_swing,566,447,718,474,-40.147,79.928,0
182,3.03637,free_swing,560,443,710,481,-42.859,75.784,0
183,3.05305,free_swing,558,440,704,490,-44.193,71.095,0
184,3.06973,free_swing,558,439,699,501,-44.459,66.264,0
185,3.08642,free_swing,560,441,695,516,-43.379,60.945,0
186,3.1031,free_swing,565,444,692,533,-41.186,54.978,0
187,3.11978,free_swing,571,450,688,552,-37.942,48.918,0
188,3.13647,free_swing,579,456,681,572,-34.114,41.326,0
189,3.15315,free_swing,589,462,671,591,-29.650,32.442,0
190,3.16983,free_swing,604,469,659,611,-23.299,21.173,0
191,3.18652,free_swing,622,476,642,627,-15.893,7.545,0
192,3.2032,free_swing,645,481,622,630,-6.888,-8.775,0
193,3.21988,free_swing,667,482,606,620,1.528,-23.847,0
194,3.23657,free_swing,684,480,597,602,8.076,-35.493,0
195,3.25325,free_swing,699,477,591,583,13.943,-45.535,0
196,3.26993,free_swing,711,474,588,564,18.677,-53.807,0
197,3.28662,free_swing,721,469,589,546,22.946,-59.744,0
198,3.3033,free_swing,733,464,593,529,27.937,-65.095,0
199,3.31998,free_swing,742,459,600,514,31.884,-68.827,0
200,3.33667,free_swing,751,453,605,502,36.027,-71.447,0
201,3.35335,free_swing,757,449,610,493,38.779,-73.337,0
202,3.37003,free_swing,761,446,614,486,40.684,-74.778,0
203,3.38672,free_swing,763,444,615,482,41.760,-75.600,0
204,3.4034,free_swing,763,444,615,481,41.760,-75.964,0
205,3.42008,free_swing,761,446,613,483,40.684,-75.964,0
206,3.43677,free_swing,757,448,609,488,39.019,-74.876,0
207,3.45345,free_swing,752,453,604,496,36.336,-73.799,0
208,3.47013,free_swing,745,457,598,506,33.265,-71.565,0
209,3.48682,free_swing,737,462,593,520,29.650,-68.062,0
210,3.5035,free_swing,727,467,588,536,25.364,-63.600,0
211,3.52018,free_swing,714,472,583,555,20.016,-57.642,0
212,3.53687,free_swing,700,477,582,575,14.315,-50.290,0
213,3.55355,free_swing,684,480,584,597,8.076,-40.521,0
214,3.57023,free_swing,664,482,592,617,0.382,-28.072,0
215,3.58692,free_swing,640,480,606,628,-8.833,-12.938,0
216,3.6036,free_swing,617,475,624,625,-17.832,2.672,0
217,3.62028,free_swing,602,468,638,614,-24.158,13.851,0
218,3.63697,free_swing,588,461,650,598,-30.174,24.349,0
219,3.65365,free_swing,578,455,660,582,-34.647,32.849,0
220,3.67033,free_swing,571,450,668,568,-37.942,39.421,0
221,3.68702,free_swing,566,446,674,556,-40.394,44.474,0
222,3.7037,free_swing,563,444,680,545,-41.760,49.198,0
223,3.72038,free_swing,563,444,687,537,-41.760,53.130,0
224,3.73707,free_swing,565,445,694,532,-40.934,56.004,0
225,3.75375,free_swing,569,448,701,530,-39.019,58.151,0
226,3.77043,free_swing,575,453,709,531,-36.027,59.797,0
227,3.78712,free_swing,582,458,717,536,-32.735,59.982,0
228,3.8038,free_swing,591,463,725,543,-28.794,59.162,0
229,3.82048,free_swing,601,468,731,553,-24.507,56.821,0
230,3.83717,free_swing,613,473,737,566,-19.525,53.130,0
231,3.85385,free_swing,628,477,741,580,-13.570,47.651,0
232,3.87053,free_swing,645,480,741,595,-6.934,39.855,0
233,3.88722,free_swing,663,481,739,612,0.000,30.120,0
234,3.9039,free_swing,683,480,731,624,7.696,18.435,0
235,3.92058,free_swing,705,476,718,626,16.260,4.953,0
236,3.93727,free_swing,725,469,706,618,24.349,-7.267,0
237,3.95395,free_swing,738,461,696,606,30.174,-16.154,0
238,3.97063,free_swing,750,454,689,592,35.493,-23.847,0
239,3.98732,free_swing,758,448,683,579,39.316,-29.792,0
240,4.004,free_swing,765,443,678,568,42.580,-34.838,0
241,4.02068,free_swing,769,439,674,558,44.731,-38.601,0
242,4.03737,free_swing,771,436,670,552,46.081,-41.046,0
243,4.05405,free_swing,772,436,666,548,46.345,-43.423,0
244,4.07073,free_swing,769,438,661,548,45.000,-44.474,0
245,4.08742,free_swing,765,441,656,551,43.100,-44.738,0
246,4.1041,free_swing,760,446,651,557,40.394,-44.479,0
247,4.12078,free_swing,752,452,647,565,36.563,-42.898,0
248,4.13747,free_swing,743,459,643,576,32.208,-40.521,0
249,4.15415,free_swing,731,465,642,589,27.080,-35.669,0
250,4.17083,free_swing,718,471,641,604,21.588,-30.069,0
251,4.18752,free_swing,701,477,643,618,14.685,-22.360,0
252,4.2042,free_swing,681,481,649,629,6.888,-12.200,0
253,4.22088,free_swing,659,482,659,633,-1.528,0.000,0
254,4.23757,free_swing,638,480,667,627,-9.588,11.160,0
255,4.25425,free_swing,621,475,672,616,-16.368,19.885,0
256,4.27093,free_swing,606,470,674,604,-22.443,26.906,0
257,4.28762,free_swing,595,464,674,591,-27.255,31.884,0
258,4.3043,free_swing,583,458,672,580,-32.412,36.111,0
259,4.32098,free_swing,573,452,669,570,-36.870,39.130,0
260,4.33767,free_swing,565,446,665,562,-40.684,40.764,0
261,4.35435,free_swing,559,441,660,557,-43.655,41.046,0
262,4.37103,free_swing,556,438,656,556,-45.269,40.280,0
263,4.38772,free_swing,555,437,651,558,-45.807,38.428,0
264,4.4044,free_swing,556,438,647,563,-45.269,36.055,0
265,4.42108,free_swing,559,441,643,571,-43.655,32.869,0
266,4.43777,free_swing,564,445,637,581,-41.222,28.225,0
267,4.45445,free_swing,572,451,631,593,-37.405,22.563,0
268,4.47113,free_swing,583,458,624,606,-32.412,15.484,0
269,4.48782,free_swing,597,466,614,617,-26.222,6.423,0
270,4.5045,free_swing,612,473,602,625,-19.885,-3.764,0
271,4.52118,free_swing,633,479,590,623,-11.535,-16.626,0
272,4.53787,free_swing,651,482,582,615,-4.574,-27.420,0
273,4.55455,free_swing,667,481,578,602,1.538,-36.336,0
274,4.57123,free_swing,683,480,578,589,7.696,-43.929,0
275,4.58792,free_swing,696,478,581,577,12.736,-49.276,0
276,4.6046,free_swing,709,475,586,565,17.832,-53.807,0
277,4.62128,free_swing,723,469,596,554,23.651,-56.206,0
278,4.63797,free_swing,735,463,606,546,28.794,-57.242,0
279,4.65465,free_swing,746,456,617,540,33.797,-56.929,0
280,4.67133,free_swing,754,451,628,537,37.405,-55.685,0
281,4.68802,free_swing,761,446,639,538,40.684,-52.980,0
282,4.7047,free_swing,765,443,649,542,42.580,-49.521,0
283,4.72138,free_swing,767,441,658,549,43.655,-45.264,0
284,4.73807,free_swing,766,442,667,560,43.118,-39.996,0
285,4.75475,free_swing,763,445,678,572,41.507,-33.794,0
286,4.77143,free_swing,757,449,688,585,38.779,-26.901,0
287,4.78812,free_swing,749,455,701,600,34.961,-18.316,0
288,4.8048,free_swing,739,461,716,613,30.504,-8.604,0
289,4.82148,free_swing,723,470,733,621,23.499,3.789,0
290,4.83817,free_swing,704,476,750,619,15.893,17.832,0
291,4.85485,free_swing,687,480,762,608,9.211,30.368,0
292,4.87153,free_swing,672,481,769,594,3.457,40.643,0
293,4.88822,free_swing,658,481,771,578,-1.922,49.357,0
294,4.9049,free_swing,646,480,772,564,-6.553,56.310,0
295,4.92158,free_swing,634,478,768,550,-11.234,61.750,0
296,4.93827,free_swing,622,475,762,538,-15.998,65.772,0
297,4.95495,free_swing,611,472,754,528,-20.376,68.614,0
298,4.97163,free_swing,600,467,745,521,-25.017,69.574,0
299,4.98832,free_swing,590,463,734,516,-29.129,69.794,0
300,5.005,free_swing,581,457,724,514,-33.265,68.268,0
301,5.02168,free_swing,575,453,715,516,-36.027,65.772,0
302,5.03837,free_swing,570,449,707,521,-38.480,62.276,0
303,5.05505,free_swing,568,448,699,530,-39.316,57.955,0
304,5.07173,free_swing,568,448,693,541,-39.316,53.351,0
305,5.08842,free_swing,571,450,686,554,-37.942,47.875,0
306,5.1051,free_swing,576,454,678,570,-35.493,41.326,0
307,5.12178,free_swing,583,459,668,586,-32.208,33.794,0
308,5.13847,free_swing,594,464,656,604,-27.597,23.886,0
309,5.15515,free_swing,607,470,641,619,-22.087,12.854,0
310,5.17183,free_swing,623,477,623,628,-15.422,0.000,0
311,5.18852,free_swing,644,481,604,626,-7.267,-15.422,0
312,5.2052,free_swing,662,482,590,613,-0.382,-28.794,0
313,5.22188,free_swing,678,480,582,597,5.787,-39.369,0
314,5.23857,free_swing,690,479,577,580,10.408,-48.209,0
315,5.25525,free_swing,701,476,576,563,14.783,-55.162,0
316,5.27193,free_swing,710,474,577,547,18.314,-61.239,0
317,5.28862,free_swing,720,470,581,532,22.443,-65.961,0
318,5.3053,free_swing,729,466,586,520,26.222,-69.312,0
319,5.32198,free_swing,737,462,593,510,29.650,-71.565,0
320,5.33867,free_swing,744,458,599,503,32.735,-72.759,0
321,5.35535,free_swing,750,454,604,499,35.493,-72.870,0
322,5.37203,free_swing,753,452,607,499,36.870,-72.156,0
323,5.38872,free_swing,754,451,609,501,37.405,-70.974,0
324,5.4054,free_swing,754,452,610,505,37.174,-69.794,0
325,5.42208,free_swing,750,453,609,514,35.716,-66.606,0
326,5.43877,free_swing,745,456,608,525,33.476,-63.268,0
327,5.45545,free_swing,739,461,606,539,30.504,-59.610,0
328,5.47213,free_swing,731,465,604,555,27.080,-54.676,0
329,5.48882,free_swing,721,470,606,573,22.797,-48.151,0
330,5.5055,free_swing,708,474,610,592,17.583,-39.710,0
331,5.52218,free_swing,692,478,616,612,11.234,-29.560,0
332,5.53887,free_swing,674,482,629,627,4.194,-17.241,0
333,5.55555,free_swing,652,481,646,632,-4.222,-2.275,0
334,5.57223,free_swing,631,478,662,625,-12.362,11.908,0
335,5.58892,free_swing,615,473,674,611,-18.800,23.148,0
336,5.6056,free_swing,602,468,683,595,-24.158,32.530,0
337,5.62228,free_swing,591,463,690,579,-28.794,40.479,0
338,5.63897,free_swing,582,458,693,563,-32.735,46.591,0
339,5.65565,free_swing,575,453,695,548,-36.027,51.633,0
340,5.67233,free_swing,569,448,696,535,-39.019,55.587,0
341,5.68902,free_swing,564,445,696,525,-41.222,58.782,0
342,5.7057,free_swing,562,443,697,517,-42.299,61.271,0
343,5.72238,free_swing,562,442,700,512,-42.558,63.104,0
344,5.73907,free_swing,563,444,703,511,-41.760,64.426,0
345,5.75575,free_swing,567,447,707,512,-39.855,65.095,0
346,5.77243,free_swing,572,451,713,517,-37.405,64.916,0
347,5.78912,free_swing,580,456,719,525,-33.797,63.600,0
348,5.8058,free_swing,588,461,725,536,-30.174,61.302,0
349,5.82248,free_swing,598,466,730,549,-25.877,57.839,0
350,5.83917,free_swing,610,472,734,565,-20.735,53.130,0
351,5.85585,free_swing,623,476,735,582,-15.524,46.577,0
352,5.87253,free_swing,641,479,732,600,-8.512,36.946,0
353,5.88922,free_swing,661,481,726,618,-0.769,25.382,0
354,5.9059,free_swing,681,481,713,628,6.888,12.281,0
355,5.92258,free_swing,704,476,698,626,15.893,-2.291,0
356,5.93927,free_swing,722,470,686,616,23.148,-13.851,0
357,5.95595,free_swing,735,463,676,602,28.794,-22.999,0
358,5.97263,free_swing,745,457,669,587,33.265,-30.311,0
359,5.98932,free_swing,754,451,663,573,37.405,-36.719,0
360,6.006,free_swing,760,446,659,561,40.394,-41.292,0
361,6.02268,free_swing,765,442,655,550,42.839,-45.526,0
362,6.03937,free_swing,767,440,652,542,43.919,-48.428,0
363,6.05605,free_swing,767,440,648,537,43.919,-50.816,0
364,6.07273,free_swing,766,441,643,534,43.379,-52.907,0
365,6.08942,free_swing,761,445,638,536,40.934,-53.505,0
366,6.1061,free_swing,756,449,632,540,38.480,-53.726,0
367,6.12278,free_swing,749,455,625,548,34.961,-53.130,0
368,6.13947,free_swing,740,460,620,559,31.030,-50.477,0
369,6.15615,free_swing,729,466,616,572,26.222,-46.831,0
370,6.17283,free_swing,717,471,614,585,21.231,-42.098,0
371,6.18952,free_swing,701,476,613,602,14.783,-34.931,0
372,6.2062,free_swing,684,480,616,618,8.076,-26.232,0
373,6.22288,free_swing,663,482,625,629,0.000,-14.494,0
374,6.23957,free_swing,641,481,636,631,-8.399,-1.909,0
375,6.25625,free_swing,621,476,646,624,-16.260,9.588,0
376,6.27293,free_swing,606,470,654,612,-22.443,18.677,0
377,6.28962,free_swing,593,463,658,599,-28.118,25.545,0
378,6.3063,free_swing,582,457,661,585,-32.943,31.682,0
379,6.32298,free_swing,572,451,663,574,-37.405,36.495,0
380,6.33967,free_swing,565,446,663,564,-40.684,39.710,0
381,6.35635,free_swing,560,441,662,557,-43.379,41.326,0
382,6.37303,free_swing,557,438,662,552,-45.000,42.647,0
383,6.38972,free_swing,557,438,662,551,-45.000,42.898,0
384,6.4064,free_swing,558,439,663,554,-44.459,42.397,0
385,6.42308,free_swing,562,442,664,560,-42.558,40.840,0
386,6.43977,free_swing,567,447,664,568,-39.855,38.718,0
387,6.45645,free_swing,574,453,663,579,-36.336,35.235,0
388,6.47313,free_swing,584,459,661,591,-31.884,30.256,0
389,6.48982,free_swing,597,466,658,605,-26.222,23.694,0
390,6.5065,free_swing,612,472,652,619,-20.016,15.222,0
391,6.52318,free_swing,630,478,644,629,-12.736,5.297,0
392,6.53987,free_swing,650,481,633,631,-4.986,-6.466,0
393,6.55655,free_swing,670,482,624,625,2.672,-17.832,0
394,6.57323,free_swing,687,479,619,614,9.273,-26.735,0
395,6.58992,free_swing,702,476,618,601,15.154,-33.901,0
396,6.6066,free_swing,714,472,618,589,20.016,-39.369,0
397,6.62328,free_swing,726,467,621,577,25.017,-43.668,0
398,6.63997,free_swing,737,462,626,567,29.650,-46.591,0
399,6.65665,free_swing,746,456,632,559,33.797,-47.902,0
400,6.67333,free_swing,753,451,639,553,37.100,-48.180,0
401,6.69002,free_swing,758,448,645,551,39.316,-47.651,0
402,6.7067,free_swing,761,446,651,552,40.684,-46.061,0
403,6.72338,free_swing,763,445,657,557,41.507,-43.423,0
404,6.74007,free_swing,760,446,663,564,40.394,-39.421,0
405,6.75675,free_swing,757,449,669,574,38.779,-35.146,0
406,6.77343,free_swing,751,453,675,587,36.027,-29.560,0
407,6.79012,free_swing,742,460,683,601,31.682,-22.706,0
408,6.8068,free_swing,730,465,693,614,26.737,-13.946,0
409,6.82348,free_swing,716,473,706,624,20.601,-3.789,0
410,6.84017,free_swing,698,478,720,627,13.481,8.399,0
411,6.85685,free_swing,678,481,733,621,5.749,21.448,0
412,6.87353,free_swing,662,481,740,609,-0.385,31.357,0
413,6.89022,free_swing,647,480,743,595,-6.170,39.855,0
414,6.9069,free_swing,635,478,744,581,-10.856,46.621,0
415,6.92358,free_swing,623,476,742,569,-15.524,51.992,0
416,6.94027,free_swing,612,472,738,558,-20.016,55.685,0
417,6.95695,free_swing,601,468,731,548,-24.507,58.392,0
418,6.97363,free_swing,590,463,723,541,-29.129,59.610,0
419,6.99032,free_swing,582,458,714,537,-32.735,59.100,0
420,7.007,free_swing,573,452,704,534,-36.870,57.955,0
421,7.02368,free_swing,568,448,695,536,-39.316,55.281,0
422,7.04037,free_swing,565,446,687,540,-40.684,52.386,0
423,7.05705,free_swing,564,445,679,548,-41.222,48.151,0
424,7.07373,free_swing,565,446,671,559,-40.684,43.169,0
425,7.09042,free_swing,569,449,663,571,-38.779,37.614,0
426,7.1071,free_swing,575,453,653,585,-36.027,30.579,0
427,7.12378,free_swing,584,459,642,601,-31.884,22.218,0
428,7.14047,free_swing,596,466,628,615,-26.565,12.121,0
429,7.15715,free_swing,610,472,611,625,-20.735,0.374,0
430,7.17383,free_swing,629,478,593,625,-13.109,-13.761,0
431,7.19052,free_swing,648,481,580,616,-5.749,-26.735,0
432,7.2072,free_swing,664,481,571,600,0.385,-38.008,0
433,7.22388,free_swing,678,481,567,584,5.749,-47.141,0
434,7.24057,free_swing,690,479,566,568,10.408,-54.331,0
435,7.25725,free_swing,700,477,568,553,14.315,-60.068,0
436,7.27393,free_swing,711,474,573,540,18.677,-64.440,0
437,7.29062,free_swing,722,470,580,528,23.148,-67.782,0
438,7.3073,free_swing,731,465,587,518,27.080,-69.794,0
439,7.32398,free_swing,740,460,596,512,31.030,-70.145,0
440,7.34067,free_swing,747,456,604,509,34.114,-69.664,0
441,7.35735,free_swing,753,452,610,509,36.870,-68.268,0
442,7.37403,free_swing,756,450,615,512,38.243,-66.264,0
443,7.39072,free_swing,756,449,620,519,38.480,-62.765,0
444,7.4074,free_swing,755,450,624,528,37.942,-59.230,0
445,7.42408,free_swing,752,453,626,540,36.336,-55.376,0
446,7.44077,free_swing,747,456,628,555,34.114,-50.242,0
447,7.45745,free_swing,739,461,632,572,30.504,-43.949,0
448,7.47413,free_swing,729,466,639,589,26.222,-36.193,0
449,7.49082,free_swing,717,472,647,608,21.092,-27.235,0
450,7.5075,free_swing,701,477,659,624,14.685,-15.945,0
451,7.52418,free_swing,681,481,676,632,6.888,-1.897,0
452,7.54087,free_swing,659,482,692,628,-1.528,12.736,0
453,7.55755,free_swing,642,480,705,615,-8.076,25.017,0
454,7.57423,free_swing,627,476,713,599,-14.036,34.961,0
455,7.59092,free_swing,615,473,718,583,-18.800,43.118,0
456,7.6076,free_swing,605,469,720,568,-22.946,49.276,0
457,7.62428,free_swing,594,465,720,553,-27.420,55.069,0
458,7.64097,free_swing,586,460,718,539,-31.030,59.100,0
459,7.65765,free_swing,577,455,713,527,-34.961,62.103,0
460,7.67433,free_swing,570,450,708,519,-38.243,63.435,0
461,7.69102,free_swing,565,446,705,512,-40.684,64.759,0
462,7.7077,free_swing,562,444,702,509,-42.044,65.095,0
463,7.72438,free_swing,561,443,701,510,-42.580,64.426,0
464,7.74107,free_swing,563,444,702,513,-41.760,63.600,0
465,7.75775,free_swing,567,447,703,520,-39.855,61.775,0
466,7.77443,free_swing,572,451,706,530,-37.405,59.478,0
467,7.79112,free_swing,579,456,708,543,-34.114,56.004,0
468,7.8078,free_swing,588,461,709,558,-30.174,51.282,0
469,7.82448,free_swing,598,467,708,574,-25.710,45.792,0
470,7.84117,free_swing,612,472,705,592,-20.016,37.776,0
471,7.85785,free_swing,628,477,699,611,-13.570,27.917,0
472,7.87453,free_swing,647,481,689,627,-6.129,16.049,0
473,7.89122,free_swing,669,482,674,633,2.291,1.897,0
474,7.9079,free_swing,691,480,659,626,10.713,-12.362,0
475,7.92458,free_swing,707,475,648,614,17.103,-22.999,0
476,7.94127,free_swing,721,470,641,598,22.797,-32.005,0
477,7.95795,free_swing,732,464,636,583,27.597,-38.894,0
478,7.97463,free_swing,741,460,634,567,31.357,-45.000,0
479,7.99132,free_swing,749,454,633,554,35.181,-49.236,0
480,8.008,free_swing,756,450,634,541,38.243,-53.281,0
481,8.02468,free_swing,760,447,634,532,40.147,-55.996,0
482,8.04137,free_swing,762,444,634,527,41.474,-57.039,0
483,8.05805,free_swing,762,444,632,524,41.474,-58.392,0
484,8.07473,free_swing,761,446,629,524,40.684,-59.421,0
485,8.09142,free_swing,757,449,625,528,38.779,-59.100,0
486,8.1081,free_swing,751,453,621,535,36.027,-57.758,0
487,8.12478,free_swing,743,458,616,545,32.412,-55.587,0
488,8.14147,free_swing,735,463,613,558,28.794,-52.093,0
489,8.15815,free_swing,725,468,610,573,24.507,-47.603,0
490,8.17483,free_swing,711,473,610,589,18.800,-41.046,0
491,8.19152,free_swing,695,478,612,607,12.362,-32.758,0
492,8.2082,free_swing,677,482,618,622,5.332,-22.852,0
493,8.22488,free_swing,655,482,630,631,-3.053,-9.525,0
494,8.24157,free_swing,634,479,644,629,-11.160,3.814,0
495,8.25825,free_swing,617,474,655,619,-17.949,14.685,0
496,8.27493,free_swing,602,468,662,605,-24.158,23.651,0
497,8.29162,free_swing,590,462,667,591,-29.316,30.833,0
498,8.3083,free_swing,579,456,671,577,-34.114,37.247,0
499,8.32498,free_swing,571,451,673,565,-37.708,41.820,0
500,8.34167,free_swing,565,445,674,555,-40.934,44.738,0
501,8.35835,free_swing,560,442,674,546,-43.118,47.626,0
502,8.37503,free_swing,558,440,675,542,-44.193,48.918,0
503,8.39172,free_swing,558,440,676,540,-44.193,49.720,0
504,8.4084,free_swing,560,441,678,542,-43.379,49.439,0
505,8.42508,free_swing,564,444,681,547,-41.474,48.641,0
506,8.44177,free_swing,570,449,684,555,-38.480,47.083,0
507,8.45845,free_swing,577,455,686,566,-34.961,44.479,0
508,8.47513,free_swing,586,460,687,578,-31.030,40.561,0
509,8.49182,free_swing,598,466,685,592,-25.877,34.624,0
510,8.5085,free_swing,613,472,682,608,-19.654,26.901,0
511,8.52518,free_swing,630,478,676,623,-12.736,17.601,0
512,8.54187,free_swing,650,481,666,632,-4.986,6.049,0
513,8.55855,free_swing,672,482,654,631,3.434,-6.888,0
514,8.57523,free_swing,692,479,645,622,11.160,-18.194,0
515,8.59192,free_swing,708,474,640,610,17.583,-26.565,0
516,8.6086,free_swing,721,470,637,596,22.797,-33.690,0
517,8.62528,free_swing,732,465,637,582,27.420,-39.075,0
518,8.64197,free_swing,741,459,638,570,31.557,-42.859,0
519,8.65865,free_swing,750,454,641,560,35.493,-45.799,0
520,8.67533,free_swing,757,449,644,551,38.779,-47.929,0
521,8.69202,free_swing,762,444,648,546,41.474,-48.180,0
522,8.7087,free_swing,765,443,650,545,42.580,-48.428,0
523,8.72538,free_swing,765,442,652,547,42.839,-47.102,0
524,8.74207,free_swing,763,444,654,552,41.760,-45.264,0
525,8.75875,free_swing,759,447,655,560,39.855,-42.625,0
526,8.77543,free_swing,753,452,657,571,36.870,-38.894,0
527,8.79212,free_swing,745,457,660,584,33.265,-33.794,0
528,8.8088,free_swing,735,463,664,598,28.794,-27.741,0
529,8.82548,free_swing,723,469,670,613,23.651,-20.206,0
530,8.84217,free_swing,707,476,680,626,16.991,-10.204,0
531,8.85885,free_swing,687,480,692,631,9.211,1.897,0
532,8.87553,free_swing,666,482,704,627,1.146,14.685,0
533,8.89222,free_swing,649,480,711,616,-5.404,24.507,0
534,8.9089,free_swing,633,478,715,603,-11.611,33.265,0
535,8.92558,free_swing,620,475,715,589,-16.736,39.806,0
536,8.94227,free_swing,608,471,715,578,-21.588,45.000,0
537,8.95895,free_swing,597,466,712,567,-26.222,48.708,0
538,8.97563,free_swing,586,461,706,557,-30.833,51.340,0
539,8.99232,free_swing,578,455,700,549,-34.647,52.386,0
540,9.009,free_swing,571,450,693,545,-37.942,52.093,0
541,9.02568,free_swing,565,446,686,544,-40.684,50.995,0
542,9.04237,free_swing,563,444,680,545,-41.760,49.198,0
543,9.05905,free_swing,563,443,674,551,-42.016,45.785,0
544,9.07573,free_swing,565,445,669,559,-40.934,42.374,0
545,9.09242,free_swing,568,448,664,570,-39.316,38.199,0
546,9.1091,free_swing,574,453,657,583,-36.336,32.557,0
547,9.12578,free_swing,583,459,649,597,-32.208,25.560,0
548,9.14247,free_swing,596,465,639,611,-26.737,16.411,0
549,9.15915,free_swing,609,471,626,623,-21.231,6.382,0
550,9.17583,free_swing,627,478,611,628,-13.851,-6.089,0
551,9.19252,free_swing,648,481,597,623,-5.749,-19.756,0
552,9.2092,free_swing,664,481,588,611,0.385,-30.311,0
553,9.22588,free_swing,680,480,584,596,6.553,-39.611,0
554,9.24257,free_swing,693,479,583,581,11.535,-47.161,0
555,9.25925,free_swing,704,476,583,568,15.893,-52.753,0
556,9.27593,free_swing,716,472,587,556,20.735,-56.929,0
557,9.29262,free_swing,725,467,593,544,24.667,-59.744,0
558,9.3093,free_swing,735,463,601,535,28.794,-61.750,0
559,9.32598,free_swing,744,458,609,529,32.735,-62.259,0
560,9.34267,free_swing,751,453,616,526,36.027,-61.598,0
561,9.35935,free_swing,756,450,623,526,38.243,-60.255,0
562,9.37603,free_swing,758,447,629,530,39.560,-57.242,0
563,9.39272,free_swing,759,447,634,536,39.855,-54.549,0
564,9.4094,free_swing,757,449,638,547,38.779,-50.528,0
565,9.42608,free_swing,753,452,643,559,36.870,-45.792,0
566,9.44277,free_swing,747,456,648,574,34.114,-39.996,0
567,9.45945,free_swing,738,461,654,590,30.174,-33.071,0
568,9.47613,free_swing,727,467,663,607,25.364,-24.567,0
569,9.49282,free_swing,713,474,676,622,19.398,-14.036,0
570,9.5095,free_swing,694,479,692,630,11.908,-0.759,0
571,9.52618,free_swing,673,481,708,628,3.840,13.392,0
572,9.54287,free_swing,655,481,719,616,-3.073,25.364,0
573,9.55955,free_swing,641,479,726,601,-8.512,34.866,0
574,9.57623,free_swing,626,477,730,585,-14.315,43.919,0
575,9.59292,free_swing,615,474,732,571,-18.677,50.339,0
576,9.6096,free_swing,605,470,731,557,-22.797,55.376,0
577,9.62628,free_swing,596,464,727,544,-26.911,58.588,0
578,9.64297,free_swing,586,460,722,534,-31.030,61.449,0
579,9.65965,free_swing,578,455,715,526,-34.647,62.605,0
580,9.67633,free_swing,571,450,708,520,-37.942,62.935,0
581,9.69302,free_swing,566,446,702,518,-40.394,62.103,0
582,9.7097,free_swing,564,444,698,519,-41.474,60.764,0
583,9.72638,free_swing,563,444,695,524,-41.760,58.782,0
584,9.74307,free_swing,565,445,693,532,-40.934,55.797,0
585,9.75975,free_swing,568,448,692,542,-39.316,52.836,0
586,9.77643,free_swing,574,453,690,555,-36.336,48.674,0
587,9.79312,free_swing,581,458,687,571,-33.056,43.169,0
588,9.8098,free_swing,592,464,682,587,-28.275,36.193,0
589,9.82648,free_swing,605,469,675,605,-22.946,27.235,0
590,9.84317,free_swing,620,475,665,621,-16.736,17.130,0
591,9.85985,free_swing,640,480,650,631,-8.833,3.789,0
592,9.87653,free_swing,662,482,634,630,-0.382,-10.713,0
593,9.89322,free_swing,681,480,622,620,6.934,-22.852,0
594,9.9099,free_swing,696,477,615,604,12.821,-32.530,0
595,9.92658,free_swing,710,474,611,588,18.314,-40.972,0
596,9.94327,free_swing,721,470,609,573,22.797,-47.397,0
597,9.95995,free_swing,731,465,610,558,27.080,-52.454,0
598,9.97663,free_swing,740,460,613,545,31.030,-56.206,0
599,9.99332,free_swing,748,455,617,534,34.647,-58.908,0
600,10.01,free_swing,754,451,621,526,37.405,-60.581,0
601,10.02668,free_swing,758,448,624,520,39.316,-61.750,0
602,10.04337,free_swing,761,446,626,519,40.684,-61.598,0
603,10.06005,free_swing,761,446,627,520,40.684,-61.091,0
604,10.07673,free_swing,759,447,626,524,39.855,-59.931,0
605,10.09342,free_swing,756,450,626,533,38.243,-57.443,0
606,10.1101,free_swing,749,454,624,544,35.181,-54.246,0
607,10.12678,free_swing,743,459,623,557,32.208,-50.763,0
608,10.14347,free_swing,733,464,623,572,27.937,-45.526,0
609,10.16015,free_swing,722,469,626,588,23.299,-38.894,0
610,10.17683,free_swing,708,474,630,607,17.583,-30.390,0
611,10.19352,free_swing,691,479,639,623,10.784,-19.855,0
612,10.2102,free_swing,670,482,652,632,2.672,-6.843,0
613,10.22688,free_swing,648,481,667,630,-5.749,7.267,0
614,10.24357,free_swing,630,478,679,619,-12.736,19.163,0
615,10.26025,free_swing,615,473,686,605,-18.800,28.275,0
616,10.27693,free_swing,602,468,691,589,-24.158,36.336,0
617,10.29362,free_swing,592,463,694,575,-28.457,42.325,0
618,10.3103,free_swing,582,458,694,561,-32.735,47.397,0
619,10.32698,free_swing,573,452,693,549,-36.870,51.050,0
620,10.34367,free_swing,568,448,692,540,-39.316,53.427,0
621,10.36035,free_swing,563,444,690,532,-41.760,55.281,0
622,10.37703,free_swing,561,442,690,529,-42.839,56.004,0
623,10.39372,free_swing,561,442,690,528,-42.839,56.310,0
624,10.4104,free_swing,562,443,691,531,-42.299,55.699,0
625,10.42708,free_swing,566,447,693,537,-40.147,54.676,0
626,10.44377,free_swing,572,451,695,546,-37.405,52.319,0
627,10.46045,free_swing,579,456,697,558,-34.114,49.160,0
628,10.47713,free_swing,588,462,698,572,-29.982,45.000,0
629,10.49382,free_swing,600,467,695,586,-25.017,38.601,0
630,10.5105,free_swing,614,473,692,603,-19.163,30.964,0
631,10.52718,free_swing,632,478,686,620,-11.988,20.821,0
632,10.54387,free_swing,650,481,675,631,-4.986,9.462,0
633,10.56055,free_swing,672,482,661,632,3.434,-4.194,0
634,10.57723,free_swing,693,479,649,623,11.535,-16.991,0
635,10.59392,free_swing,708,475,641,610,17.468,-26.395,0
636,10.6106,free_swing,721,469,637,594,22.946,-33.901,0
637,10.62728,free_swing,732,464,635,580,27.597,-39.903,0
638,10.64397,free_swing,742,459,635,566,31.884,-45.000,0
639,10.66065,free_swing,750,454,635,555,35.493,-48.708,0
640,10.67733,free_swing,756,449,637,544,38.480,-51.399,0
641,10.69402,free_swing,761,446,639,538,40.684,-52.980,0
642,10.7107,free_swing,763,444,640,534,41.760,-53.807,0
643,10.72738,free_swing,763,444,640,534,41.760,-53.807,0
644,10.74407,free_swing,761,445,639,537,40.934,-52.980,0
645,10.76075,free_swing,758,448,637,544,39.316,-51.572,0
646,10.77743,free_swing,752,453,635,554,36.336,-49.198,0
647,10.79412,free_swing,744,458,633,566,32.735,-45.785,0
648,10.8108,free_swing,734,463,634,580,28.457,-40.521,0
649,10.82748,free_swing,723,469,636,596,23.651,-34.413,0
650,10.84417,free_swing,708,475,640,612,17.468,-26.398,0
651,10.86085,free_swing,691,480,648,626,10.713,-16.411,0
652,10.87753,free_swing,670,482,660,633,2.672,-3.789,0
653,10.89422,free_swing,649,481,673,629,-5.368,9.211,0
654,10.9109,free_swing,631,478,682,618,-12.362,20.016,0
655,10.92758,free_swing,615,473,688,604,-18.800,29.129,0
656,10.94427,free_swing,602,468,690,590,-24.158,35.803,0
657,10.96095,free_swing,591,463,692,577,-28.794,41.540,0
658,10.97763,free_swing,582,458,691,565,-32.735,45.531,0
659,10.99432,free_swing,573,452,688,554,-36.870,48.428,0
660,11.011,free_swing,567,447,685,547,-39.855,49.720,0
661,11.02768,free_swing,562,443,682,541,-42.299,50.763,0
662,11.04437,free_swing,559,441,679,540,-43.655,50.477,0
663,11.06105,free_swing,559,440,678,542,-43.919,49.399,0
664,11.07773,free_swing,561,442,677,546,-42.839,48.122,0
665,11.09442,free_swing,565,445,676,554,-40.934,45.521,0
666,11.1111,free_swing,570,450,674,565,-38.243,42.125,0
667,11.12778,free_swing,578,455,672,578,-34.647,37.388,0
668,11.14447,free_swing,587,461,668,591,-30.504,31.926,0
669,11.16115,free_swing,599,467,663,607,-25.364,24.567,0
670,11.17783,free_swing,615,473,654,621,-18.800,14.763,0
671,11.19452,free_swing,633,479,643,630,-11.535,3.789,0
672,11.2112,free_swing,655,482,629,630,-3.053,-9.964,0
673,11.22788,free_swing,674,482,619,622,4.194,-21.448,0
674,11.24457,free_swing,691,478,613,608,10.856,-30.964,0
675,11.26125,free_swing,704,475,611,594,15.998,-38.008,0
676,11.27793,free_swing,716,472,610,580,20.735,-44.465,0
677,11.29462,free_swing,728,467,613,567,25.710,-48.991,0
678,11.3113,free_swing,737,462,617,556,29.650,-51.927,0
679,11.32798,free_swing,747,456,622,546,34.114,-54.246,0
680,11.34467,free_swing,753,452,627,539,36.870,-55.376,0
681,11.36135,free_swing,757,448,632,537,39.019,-54.549,0
682,11.37803,free_swing,761,446,636,536,40.684,-54.246,0
683,11.39472,free_swing,761,446,639,540,40.684,-52.386,0
684,11.4114,free_swing,758,447,642,547,39.560,-49.236,0
685,11.42808,free_swing,754,450,644,557,37.639,-45.792,0
686,11.44477,free_swing,749,455,647,569,34.961,-41.820,0
687,11.46145,free_swing,741,459,651,583,31.557,-35.972,0
688,11.47813,free_swing,732,465,656,599,27.420,-29.560,0
689,11.49482,free_swing,720,471,665,614,22.297,-21.038,0
690,11.5115,free_swing,704,477,676,626,15.789,-10.643,0
691,11.52818,free_swing,683,481,691,632,7.645,3.033,0
692,11.54487,free_swing,664,482,704,626,0.382,15.524,0
693,11.56155,free_swing,647,480,713,615,-6.170,26.053,0
694,11.57823,free_swing,632,478,718,600,-11.988,35.181,0
695,11.59492,free_swing,620,475,720,586,-16.736,42.016,0
696,11.6116,free_swing,609,471,721,573,-21.231,47.675,0
697,11.62828,free_swing,598,467,719,561,-25.710,52.158,0
698,11.64497,free_swing,589,462,714,550,-29.650,54.854,0
699,11.66165,free_swing,581,457,709,542,-33.265,56.413,0
700,11.67833,free_swing,574,452,704,536,-36.563,57.131,0
701,11.69502,free_swing,569,449,699,534,-38.779,56.821,0
702,11.7117,free_swing,567,447,695,535,-39.855,55.491,0
703,11.72838,free_swing,566,447,691,539,-40.147,53.647,0
704,11.74507,free_swing,568,448,689,547,-39.316,50.711,0
705,11.76175,free_swing,572,451,686,557,-37.405,47.083,0
706,11.77843,free_swing,579,456,683,570,-34.114,42.374,0
707,11.79512,free_swing,586,460,677,583,-31.030,36.495,0
708,11.8118,free_swing,596,466,671,599,-26.565,29.419,0
709,11.82848,free_swing,610,472,662,615,-20.735,19.983,0
710,11.84517,free_swing,626,477,650,627,-14.315,9.090,0
711,11.86185,free_swing,645,481,635,632,-6.888,-3.789,0
712,11.87853,free_swing,666,482,620,625,1.146,-17.832,0
713,11.89522,free_swing,683,480,611,613,7.696,-28.429,0
714,11.9119,free_swing,697,477,606,598,13.196,-36.946,0
715,11.92858,free_swing,709,474,604,582,17.949,-44.193,0
716,11.94527,free_swing,720,470,603,569,22.443,-49.764,0
717,11.96195,free_swing,730,466,605,555,26.565,-54.549,0
718,11.97863,free_swing,738,461,610,543,30.174,-57.355,0
719,11.99532,free_swing,746,456,615,534,33.797,-59.230,0
720,12.012,free_swing,752,452,619,528,36.563,-60.255,0
721,12.02868,free_swing,757,449,623,525,38.779,-60.440,0
722,12.04537,free_swing,758,448,626,525,39.316,-59.744,0
723,12.06205,free_swing,758,448,627,528,39.316,-58.588,0
724,12.07873,free_swing,755,449,628,536,38.179,-55.587,0
725,12.09542,free_swing,751,453,628,545,36.027,-53.205,0
726,12.1121,free_swing,745,457,629,558,33.265,-48.954,0
727,12.12878,free_swing,737,462,630,572,29.650,-44.208,0
728,12.14547,free_swing,727,467,633,589,25.364,-37.614,0
729,12.16215,free_swing,714,472,638,606,20.016,-29.560,0
730,12.17883,free_swing,698,478,647,622,13.481,-19.502,0
731,12.19552,free_swing,680,481,661,632,6.509,-7.172,0
732,12.2122,free_swing,658,482,676,631,-1.909,6.888,0
733,12.22888,free_swing,639,480,688,621,-9.211,19.163,0
734,12.24557,free_swing,624,476,696,607,-15.154,28.794,0
735,12.26225,free_swing,612,472,700,592,-20.016,36.254,0
736,12.27893,free_swing,600,468,703,578,-24.855,43.118,0
737,12.29562,free_swing,590,462,703,564,-29.316,47.929,0
738,12.3123,free_swing,579,457,701,551,-33.901,52.386,0
739,12.32898,free_swing,571,451,698,539,-37.708,55.281,0
740,12.34567,free_swing,565,446,694,531,-40.684,56.619,0
741,12.36235,free_swing,561,442,691,526,-42.839,57.131,0
742,12.37903,free_swing,559,440,689,525,-43.919,56.821,0
743,12.39572,free_swing,560,440,689,526,-43.643,56.310,0
744,12.4124,free_swing,562,442,689,531,-42.558,54.978,0
745,12.42908,free_swing,565,446,690,539,-40.684,53.351,0
746,12.44577,free_swing,572,451,691,550,-37.405,50.242,0
747,12.46245,free_swing,579,456,692,564,-34.114,46.296,0
748,12.47913,free_swing,590,462,690,579,-29.316,40.521,0
749,12.49582,free_swing,602,468,687,595,-24.158,33.794,0
750,12.5125,free_swing,617,474,681,612,-17.949,24.880,0
751,12.52918,free_swing,635,479,671,627,-10.784,13.671,0
752,12.54587,free_swing,657,482,657,633,-2.291,0.000,0
753,12.56255,free_swing,680,482,644,628,6.466,-13.851,0
754,12.57923,free_swing,696,478,635,615,12.736,-24.001,0
755,12.59592,free_swing,711,473,630,601,18.800,-32.326,0
756,12.6126,free_swing,723,468,628,585,23.806,-39.075,0
757,12.62928,free_swing,734,463,626,571,28.457,-45.000,0
758,12.64597,free_swing,744,458,628,559,32.735,-48.954,0
759,12.66265,free_swing,751,453,631,548,36.027,-51.633,0
760,12.67933,free_swing,758,449,634,539,39.075,-54.028,0
761,12.69602,free_swing,762,446,636,533,40.972,-55.376,0
762,12.7127,free_swing,763,444,638,531,41.760,-55.162,0
763,12.72938,free_swing,763,444,638,533,41.760,-54.549,0
764,12.74607,free_swing,761,446,638,537,40.684,-53.505,0
765,12.76275,free_swing,757,449,637,545,38.779,-51.340,0
766,12.77943,free_swing,750,454,635,557,35.493,-48.151,0
767,12.79612,free_swing,743,458,636,569,32.412,-43.949,0
768,12.8128,free_swing,733,464,638,583,27.937,-38.601,0
769,12.82948,free_swing,721,469,640,600,22.946,-31.729,0
770,12.84617,free_swing,707,475,646,616,17.103,-23.394,0
771,12.86285,free_swing,689,480,657,629,9.964,-12.121,0
772,12.87953,free_swing,667,482,670,633,1.528,1.138,0
773,12.89622,free_swing,647,481,682,626,-6.129,13.570,0
774,12.9129,free_swing,629,477,691,614,-13.196,24.349,0
775,12.92958,free_swing,615,473,696,600,-18.800,32.530,0
776,12.94627,free_swing,603,469,698,585,-23.651,39.316,0
777,12.96295,free_swing,592,464,699,572,-28.275,44.734,0
778,12.97963,free_swing,583,459,697,560,-32.208,48.460,0
779,12.99632,free_swing,575,453,695,550,-36.027,51.050,0
780,13.013,free_swing,568,448,691,543,-39.316,52.319,0
781,13.02968,free_swing,565,445,688,539,-40.934,52.612,0
782,13.04637,free_swing,562,443,686,537,-42.299,52.836,0
783,13.06305,free_swing,562,443,684,540,-42.299,51.512,0
784,13.07973,free_swing,565,445,683,545,-40.934,49.720,0
785,13.09642,free_swing,568,448,683,554,-39.316,47.332,0
786,13.1131,free_swing,574,453,682,566,-36.336,43.704,0
787,13.12978,free_swing,584,458,679,578,-32.087,38.367,0
788,13.14647,free_swing,593,464,675,593,-27.937,32.442,0
789,13.16315,free_swing,607,470,670,609,-22.087,24.382,0
790,13.17983,free_swing,621,476,661,623,-16.260,15.222,0
791,13.19652,free_swing,641,480,648,632,-8.455,2.637,0
792,13.2132,free_swing,661,482,635,630,-0.764,-9.964,0
793,13.22988,free_swing,681,481,624,620,6.888,-22.297,0
794,13.24657,free_swing,696,477,618,607,12.821,-30.964,0
795,13.26325,free_swing,710,474,616,592,18.314,-38.541,0
796,13.27993,free_swing,721,469,615,578,22.946,-44.201,0
797,13.29662,free_swing,732,464,617,565,27.597,-48.708,0
798,13.3133,free_swing,741,460,621,553,31.357,-52.224,0
799,13.32998,free_swing,749,454,626,544,35.181,-53.807,0
800,13.34667,free_swing,755,450,630,537,37.942,-55.162,0
801,13.36335,free_swing,759,447,634,534,39.855,-55.162,0
802,13.38003,free_swing,761,445,636,534,40.934,-54.549,0
803,13.39672,free_swing,760,446,638,538,40.394,-52.980,0
804,13.4134,free_swing,759,448,640,545,39.611,-50.816,0
805,13.43008,free_swing,754,451,640,555,37.405,-47.626,0
806,13.44677,free_swing,747,455,642,567,34.330,-43.152,0
807,13.46345,free_swing,739,461,645,581,30.504,-38.073,0
808,13.48013,free_swing,728,466,649,598,25.877,-30.900,0
809,13.49682,free_swing,716,472,656,613,20.735,-23.051,0
810,13.5135,free_swing,700,477,667,626,14.315,-12.488,0
811,13.53018,free_swing,680,482,681,632,6.466,0.382,0
812,13.54687,free_swing,658,482,694,627,-1.909,13.943,0
813,13.56355,free_swing,641,480,703,616,-8.455,24.507,0
814,13.58023,free_swing,626,476,709,602,-14.410,33.374,0
815,13.59692,free_swing,615,473,711,587,-18.800,40.101,0
816,13.6136,free_swing,603,469,712,574,-23.651,46.071,0
817,13.63028,free_swing,592,464,710,561,-28.275,50.579,0
818,13.64697,free_swing,583,459,706,550,-32.208,53.505,0
819,13.66365,free_swing,575,453,702,542,-36.027,54.978,0
820,13.68033,free_swing,569,449,697,536,-38.779,55.797,0
821,13.69702,free_swing,565,446,693,533,-40.684,55.797,0
822,13.7137,free_swing,563,444,690,534,-41.760,54.676,0
823,13.73038,free_swing,564,444,687,538,-41.474,52.612,0
824,13.74707,free_swing,566,447,686,545,-40.147,50.763,0
825,13.76375,free_swing,571,450,685,556,-37.942,47.083,0
826,13.78043,free_swing,577,455,682,569,-34.961,42.647,0
827,13.79712,free_swing,586,460,678,583,-31.030,36.795,0
828,13.8138,free_swing,597,466,673,598,-26.222,29.932,0
829,13.83048,free_swing,611,472,665,615,-20.376,20.688,0
830,13.84717,free_swing,628,478,654,628,-13.481,9.834,0
831,13.86385,free_swing,648,482,640,632,-5.711,-3.053,0
832,13.88053,free_swing,670,482,626,626,2.672,-16.991,0
833,13.89722,free_swing,688,480,617,613,9.588,-28.095,0
834,13.9139,free_swing,701,476,613,599,14.783,-35.582,0
835,13.93058,free_swing,714,472,612,583,20.016,-42.580,0
836,13.94727,free_swing,725,468,611,569,24.507,-48.460,0
837,13.96395,free_swing,735,463,613,557,28.794,-52.386,0
838,13.98063,free_swing,744,458,618,545,32.735,-55.376,0
839,13.99732,free_swing,751,453,623,536,36.027,-57.039,0
840,14.014,free_swing,757,448,627,530,39.019,-57.758,0
841,14.03068,free_swing,760,446,631,527,40.394,-57.875,0
842,14.04737,free_swing,762,444,634,528,41.474,-56.725,0
843,14.06405,free_swing,762,445,636,532,41.222,-55.376,0
844,14.08073,free_swing,759,447,636,539,39.855,-53.205,0
845,14.09742,free_swing,754,451,636,550,37.405,-50.004,0
846,14.1141,free_swing,748,455,638,562,34.647,-45.792,0
847,14.13078,free_swing,739,461,639,577,30.504,-40.764,0
848,14.14747,free_swing,729,466,643,594,26.222,-33.896,0
849,14.16415,free_swing,716,472,649,610,20.735,-25.897,0
850,14.18083,free_swing,699,477,659,625,13.943,-15.124,0
851,14.19752,free_swing,680,481,673,632,6.509,-2.654,0
852,14.2142,free_swing,659,482,687,629,-1.528,10.784,0
853,14.23088,free_swing,641,479,697,618,-8.512,21.943,0
854,14.24757,free_swing,625,476,704,603,-14.783,31.884,0
855,14.26425,free_swing,612,472,706,589,-20.016,38.779,0
856,14.28093,free_swing,601,468,708,575,-24.507,45.000,0
857,14.29762,free_swing,591,463,707,562,-28.794,49.521,0
858,14.3143,free_swing,581,458,704,550,-33.056,53.205,0
859,14.33098,free_swing,573,452,700,541,-36.870,54.978,0
860,14.34767,free_swing,568,448,696,534,-39.316,56.104,0
861,14.36435,free_swing,564,445,692,531,-41.222,56.104,0
862,14.38103,free_swing,562,443,690,531,-42.299,55.491,0
863,14.39772,free_swing,563,444,688,535,-41.760,53.945,0
864,14.4144,free_swing,566,445,688,541,-40.643,51.801,0
865,14.43108,free_swing,569,449,688,551,-38.779,49.399,0
866,14.44777,free_swing,575,454,686,563,-35.803,45.521,0
867,14.46445,free_swing,584,459,684,578,-31.884,40.042,0
868,14.48113,free_swing,596,465,679,592,-26.737,33.166,0
869,14.49782,free_swing,609,471,674,609,-21.231,25.221,0
870,14.5145,free_swing,627,477,664,624,-13.943,14.128,0
871,14.53118,free_swing,646,481,650,632,-6.509,1.517,0
872,14.54787,free_swing,667,482,637,630,1.528,-11.459,0
873,14.56455,free_swing,686,480,626,618,8.833,-23.499,0
874,14.58123,free_swing,701,476,620,604,14.783,-32.326,0
875,14.59792,free_swing,714,472,617,589,20.016,-39.661,0
876,14.6146,free_swing,725,468,617,575,24.507,-45.266,0
877,14.63128,free_swing,735,463,618,562,28.794,-49.764,0
878,14.64797,free_swing,744,458,621,550,32.735,-53.205,0
879,14.66465,free_swing,752,452,626,540,36.563,-55.069,0
880,14.68133,free_swing,757,449,630,533,38.779,-56.519,0
881,14.69802,free_swing,760,446,633,530,40.394,-56.519,0
882,14.7147,free_swing,762,444,635,529,41.474,-56.206,0
883,14.73138,free_swing,762,445,636,533,41.222,-55.069,0
884,14.74807,free_swing,758,448,637,540,39.316,-52.753,0
885,14.76475,free_swing,754,451,636,549,37.405,-50.290,0
886,14.78143,free_swing,747,456,636,562,34.114,-46.320,0
887,14.79812,free_swing,739,461,637,576,30.504,-41.572,0
888,14.8148,free_swing,728,466,641,591,25.877,-34.838,0
889,14.83148,free_swing,715,472,646,609,20.376,-26.732,0
890,14.84817,free_swing,699,478,655,624,13.851,-16.771,0
891,14.86485,free_swing,679,481,668,632,6.129,-4.167,0
892,14.88153,free_swing,656,482,682,630,-2.672,9.964,0
893,14.89822,free_swing,639,480,692,619,-9.211,20.872,0
894,14.9149,free_swing,624,476,698,605,-15.154,29.840,0
895,14.93158,free_swing,610,471,702,591,-20.872,37.476,0
896,14.94827,free_swing,599,467,703,576,-25.364,43.655,0
897,14.96495,free_swing,589,462,703,564,-29.650,48.180,0
898,14.98163,free_swing,579,456,700,552,-34.114,51.572,0
899,14.99832,free_swing,572,451,696,543,-37.405,53.427,0
900,15.015,free_swing,566,446,692,536,-40.394,54.462,0
901,15.03168,free_swing,563,443,689,533,-42.016,54.462,0
902,15.04837,free_swing,561,442,687,533,-42.839,54.162,0
903,15.06505,free_swing,562,442,686,536,-42.558,52.836,0
904,15.08173,free_swing,564,445,685,543,-41.222,50.995,0
905,15.09842,free_swing,568,448,684,552,-39.316,48.122,0
906,15.1151,free_swing,575,453,683,565,-36.027,43.958,0
907,15.13178,free_swing,584,459,681,579,-31.884,38.950,0
908,15.14847,free_swing,595,465,676,594,-27.080,32.125,0
909,15.16515,free_swing,608,471,671,610,-21.588,24.382,0
910,15.18183,free_swing,625,476,661,625,-14.783,13.583,0
911,15.19852,free_swing,645,481,648,632,-6.888,1.138,0
912,15.2152,free_swing,667,482,635,629,1.528,-12.281,0
913,15.23188,free_swing,687,480,624,618,9.211,-24.538,0
914,15.24857,free_swing,701,476,619,603,14.783,-32.849,0
915,15.26525,free_swing,714,472,617,588,20.016,-39.903,0
916,15.28193,free_swing,725,468,616,574,24.507,-45.799,0
917,15.29862,free_swing,736,463,618,561,29.129,-50.290,0
918,15.3153,free_swing,745,457,623,549,33.265,-52.980,0
919,15.33198,free_swing,753,451,628,539,37.100,-54.854,0
920,15.34867,free_swing,759,447,632,532,39.855,-56.206,0
921,15.36535,free_swing,762,444,636,529,41.474,-55.996,0
922,15.38203,free_swing,764,442,638,529,42.558,-55.376,0
923,15.39872,free_swing,764,443,640,533,42.299,-54.028,0
924,15.4154,free_swing,761,445,641,540,40.934,-51.633,0
925,15.43208,free_swing,757,449,641,550,38.779,-48.954,0
926,15.44877,free_swing,750,454,642,563,35.493,-44.736,0
927,15.46545,free_swing,741,459,643,578,31.557,-39.472,0
928,15.48213,free_swing,731,465,647,594,27.080,-33.071,0
929,15.49882,free_swing,718,471,653,610,21.588,-25.062,0
930,15.5155,free_swing,701,477,663,625,14.685,-14.400,0
931,15.53218,free_swing,680,481,676,632,6.509,-1.517,0
932,15.54887,free_swing,659,482,689,629,-1.528,11.535,0
933,15.56555,free_swing,642,480,699,618,-8.076,22.443,0
934,15.58223,free_swing,626,476,704,604,-14.410,31.357,0
935,15.59892,free_swing,613,472,707,590,-19.654,38.541,0
936,15.6156,free_swing,601,468,708,576,-24.507,44.734,0
937,15.63228,free_swing,591,463,706,564,-28.794,48.708,0
938,15.64897,free_swing,582,458,703,552,-32.735,52.158,0
939,15.66565,free_swing,574,452,698,544,-36.563,53.427,0
940,15.68233,free_swing,569,448,694,538,-39.019,54.246,0
941,15.69902,free_swing,565,444,690,535,-41.186,53.945,0
942,15.7157,free_swing,563,443,687,537,-42.016,52.836,0
943,15.73238,free_swing,563,444,685,541,-41.760,51.512,0
944,15.74907,free_swing,566,446,683,547,-40.394,49.198,0
945,15.76575,free_swing,570,449,682,558,-38.480,45.778,0
946,15.78243,free_swing,577,454,679,570,-35.181,41.326,0
947,15.79912,free_swing,586,460,675,584,-31.030,35.669,0
948,15.8158,free_swing,597,465,670,600,-26.392,28.402,0
949,15.83248,free_swing,611,471,662,615,-20.511,19.502,0
950,15.84917,free_swing,626,477,650,628,-14.315,9.031,0
951,15.86585,free_swing,647,481,636,632,-6.129,-4.167,0
952,15.88253,free_swing,669,482,623,625,2.291,-17.832,0
953,15.89922,free_swing,686,480,615,613,8.833,-28.095,0
954,15.9159,free_swing,701,476,611,598,14.783,-36.416,0
955,15.93258,free_swing,713,473,610,583,19.525,-43.118,0
956,15.94927,free_swing,724,468,609,569,24.158,-48.708,0
957,15.96595,free_swing,734,464,612,557,28.275,-52.682,0
958,15.98263,free_swing,743,458,617,546,32.412,-55.069,0
959,15.99932,free_swing,751,454,622,537,35.803,-57.242,0
960,16.016,free_swing,756,450,627,532,38.243,-57.558,0
961,16.03268,free_swing,759,447,631,529,39.855,-57.355,0
962,16.04937,free_swing,761,446,634,531,40.684,-56.206,0
963,16.06605,free_swing,760,446,635,535,40.394,-54.549,0
964,16.08273,free_swing,757,449,637,543,38.779,-51.927,0
965,16.09942,free_swing,753,452,638,554,36.870,-48.428,0
966,16.1161,free_swing,746,456,639,567,33.797,-43.949,0
967,16.13278,free_swing,737,462,642,582,29.650,-38.367,0
968,16.14947,free_swing,726,467,646,599,25.017,-31.218,0
969,16.16615,free_swing,712,473,653,615,19.163,-22.563,0
970,16.18283,free_swing,695,479,665,628,12.281,-11.384,0
971,16.19952,free_swing,674,482,679,633,4.194,1.897,0
972,16.2162,free_swing,653,482,693,626,-3.814,15.524,0
973,16.23288,free_swing,637,479,701,614,-10.030,25.364,0
974,16.24957,free_swing,622,475,707,599,-15.998,34.430,0
975,16.26625,free_swing,610,471,709,584,-20.872,41.222,0
976,16.28293,free_swing,598,467,710,571,-25.710,47.121,0
977,16.29962,free_swing,589,462,708,558,-29.650,51.106,0
978,16.3163,free_swing,579,456,704,547,-34.114,53.945,0
979,16.33298,free_swing,572,451,700,538,-37.405,55.797,0
980,16.34967,free_swing,566,447,696,533,-40.147,56.514,0
981,16.36635,free_swing,563,444,692,530,-41.760,56.310,0
982,16.38303,free_swing,562,442,690,531,-42.558,55.189,0
983,16.39972,free_swing,562,443,688,535,-42.299,53.865,0
984,16.4164,free_swing,565,446,687,543,-40.684,51.512,0
985,16.43308,free_swing,570,450,686,553,-38.243,48.397,0
986,16.44977,free_swing,576,454,685,566,-35.493,44.222,0
987,16.46645,free_swing,586,460,683,581,-31.030,38.718,0
988,16.48313,free_swing,597,466,677,596,-26.222,31.608,0
989,16.49982,free_swing,612,472,670,612,-20.016,22.504,0
990,16.5165,free_swing,628,478,660,626,-13.481,12.200,0
991,16.53318,free_swing,650,481,646,633,-4.986,-1.507,0
992,16.54987,free_swing,671,482,632,627,3.053,-15.054,0
993,16.56655,free_swing,689,480,623,615,9.964,-26.053,0
994,16.58323,free_swing,704,476,618,600,15.893,-34.743,0
995,16.59992,free_swing,716,472,616,585,20.735,-41.507,0
996,16.6166,free_swing,727,467,615,571,25.364,-47.121,0
997,16.63328,free_swing,737,462,618,557,29.650,-51.399,0
998,16.64997,free_swing,746,456,622,545,33.797,-54.331,0
999,16.66665,free_swing,754,451,627,536,37.405,-56.206,0
1000,16.68333,free_swing,760,446,632,528,40.394,-57.355,0
1001,16.70002,free_swing,764,444,635,525,42.044,-57.875,0
1002,16.7167,free_swing,765,441,637,526,43.100,-56.413,0
1003,16.73338,free_swing,764,442,638,529,42.558,-55.376,0
1004,16.75007,free_swing,762,445,639,536,41.222,-53.505,0
1005,16.76675,free_swing,758,448,638,546,39.316,-50.763,0
1006,16.78343,free_swing,751,453,638,559,36.027,-46.831,0
1007,16.80012,free_swing,743,458,640,573,32.412,-41.849,0
1008,16.8168,free_swing,732,464,643,589,27.597,-35.451,0
1009,16.83348,free_swing,719,470,647,606,22.087,-27.897,0
1010,16.85017,free_swing,702,476,656,622,15.154,-17.488,0
1011,16.86685,free_swing,683,481,669,632,7.645,-5.297,0
1012,16.88353,free_swing,660,482,683,631,-1.146,8.775,0
1013,16.90022,free_swing,642,480,693,620,-8.076,20.016,0
1014,16.9169,free_swing,625,476,699,606,-14.783,29.650,0
1015,16.93358,free_swing,612,472,703,591,-20.016,37.405,0
1016,16.95027,free_swing,601,468,704,577,-24.507,43.379,0
1017,16.96695,free_swing,590,463,704,565,-29.129,48.180,0
1018,16.98363,free_swing,581,457,701,553,-33.265,51.340,0
1019,17.00032,free_swing,573,452,697,544,-36.870,53.427,0
1020,17.017,free_swing,568,447,694,538,-39.560,54.162,0
1021,17.03368,free_swing,564,444,690,534,-41.474,54.462,0
1022,17.05037,free_swing,563,443,688,535,-42.016,53.647,0
1023,17.06705,free_swing,563,444,687,538,-41.760,52.836,0
1024,17.08373,free_swing,565,446,686,545,-40.684,50.711,0
1025,17.10042,free_swing,570,450,685,555,-38.243,47.603,0
1026,17.1171,free_swing,577,455,684,567,-34.961,43.692,0
1027,17.13378,free_swing,586,460,681,580,-31.030,38.367,0
1028,17.15047,free_swing,597,466,676,596,-26.222,31.287,0
1029,17.16715,free_swing,610,471,670,612,-20.872,23.051,0
1030,17.18383,free_swing,627,477,660,626,-13.943,12.488,0
1031,17.20052,free_swing,647,482,646,632,-6.089,-0.382,0
1032,17.2172,free_swing,669,482,633,628,2.291,-13.851,0
1033,17.23388,free_swing,686,479,623,616,8.893,-24.696,0
1034,17.25057,free_swing,702,476,618,602,15.154,-33.690,0
1035,17.26725,free_swing,714,472,616,587,20.016,-40.437,0
1036,17.28393,free_swing,726,467,615,573,25.017,-46.320,0
1037,17.30062,free_swing,736,463,618,559,29.129,-50.870,0
1038,17.3173,free_swing,745,458,621,548,33.056,-54.028,0
1039,17.33398,free_swing,752,452,626,539,36.563,-55.376,0
1040,17.35067,free_swing,758,448,630,533,39.316,-56.413,0
1041,17.36735,free_swing,761,447,633,530,40.437,-57.039,0
1042,17.38403,free_swing,762,445,635,530,41.222,-56.206,0
1043,17.40072,free_swing,761,446,636,535,40.684,-54.549,0
1044,17.4174,free_swing,757,448,636,542,39.019,-52.158,0
1045,17.43408,free_swing,753,452,636,553,36.870,-49.198,0
1046,17.45077,free_swing,745,456,636,566,33.476,-44.738,0
1047,17.46745,free_swing,737,462,639,580,29.650,-39.710,0
1048,17.48413,free_swing,726,467,642,596,25.017,-33.071,0
1049,17.50082,free_swing,712,473,648,613,19.163,-24.567,0
1050,17.5175,free_swing,695,478,659,627,12.362,-13.583,0
1051,17.53418,free_swing,674,482,673,633,4.194,-0.379,0
1052,17.55087,free_swing,653,482,686,628,-3.814,12.736,0
1053,17.56755,free_swing,636,479,695,616,-10.408,23.299,0
1054,17.58423,free_swing,621,475,701,602,-16.368,32.208,0
1055,17.60092,free_swing,609,471,704,587,-21.231,39.316,0
1056,17.6176,free_swing,597,466,705,574,-26.222,45.000,0
1057,17.63428,free_swing,587,461,703,561,-30.504,49.236,0
1058,17.65097,free_swing,578,456,700,550,-34.430,52.386,0
1059,17.66765,free_swing,571,451,696,541,-37.708,54.246,0
1060,17.68433,free_swing,565,446,691,535,-40.684,54.765,0
1061,17.70102,free_swing,563,444,689,533,-41.760,54.765,0
1062,17.7177,free_swing,561,443,687,534,-42.580,54.162,0
1063,17.73438,free_swing,563,443,686,538,-42.016,52.319,0
1064,17.75107,free_swing,566,446,685,546,-40.394,49.958,0
1065,17.76775,free_swing,570,450,685,556,-38.243,47.332,0
1066,17.78443,free_swing,577,455,683,569,-34.961,42.917,0
1067,17.80112,free_swing,586,461,680,583,-30.833,37.614,0
1068,17.8178,free_swing,599,467,675,598,-25.364,30.120,0
1069,17.83448,free_swing,614,472,669,615,-19.290,21.038,0
1070,17.85117,free_swing,630,478,658,628,-12.736,10.574,0
1071,17.86785,free_swing,652,482,644,632,-4.194,-3.053,0
1072,17.88453,free_swing,674,482,631,626,4.194,-16.626,0
1073,17.90122,free_swing,690,479,622,613,10.408,-26.906,0
1074,17.9179,free_swing,705,475,618,599,16.368,-35.054,0
1075,17.93458,free_swing,717,471,617,583,21.231,-41.760,0
1076,17.95127,free_swing,728,467,617,570,25.710,-47.141,0
1077,17.96795,free_swing,739,461,619,557,30.504,-51.340,0
1078,17.98463,free_swing,748,455,624,545,34.647,-54.028,0
1079,18.00132,free_swing,755,450,629,536,37.942,-55.685,0
1080,18.018,free_swing,761,445,634,530,40.934,-56.206,0
1081,18.03468,free_swing,765,442,638,528,42.839,-55.896,0
1082,18.05137,free_swing,766,441,640,528,43.379,-55.376,0
1083,18.06805,free_swing,765,442,642,533,42.839,-53.505,0
1084,18.08473,free_swing,761,444,643,541,41.186,-50.579,0
1085,18.10142,free_swing,757,449,643,551,38.779,-48.180,0
1086,18.1181,free_swing,750,453,643,564,35.716,-43.949,0
1087,18.13478,free_swing,741,460,646,579,31.357,-38.601,0
1088,18.15147,free_swing,730,465,649,596,26.737,-31.729,0
1089,18.16815,free_swing,716,471,656,612,20.872,-23.051,0
1090,18.18483,free_swing,698,478,666,627,13.481,-12.121,0
1091,18.20152,free_swing,678,481,679,633,5.749,0.377,0
1092,18.2182,free_swing,656,481,692,627,-2.690,13.851,0
1093,18.23488,free_swing,639,479,701,615,-9.273,24.507,0
1094,18.25157,free_swing,624,475,705,601,-15.255,32.735,0
1095,18.26825,free_swing,611,472,707,586,-20.376,40.101,0
1096,18.28493,free_swing,599,467,708,573,-25.364,45.799,0
1097,18.30162,free_swing,589,462,706,561,-29.650,49.764,0
1098,18.3183,free_swing,579,456,702,550,-34.114,52.612,0
1099,18.33498,free_swing,573,451,697,542,-37.100,53.726,0
1100,18.35167,free_swing,567,447,693,537,-39.855,54.462,0
1101,18.36835,free_swing,563,444,689,534,-41.760,54.462,0
1102,18.38503,free_swing,562,443,686,536,-42.299,53.130,0
1103,18.40172,free_swing,563,444,683,541,-41.760,51.050,0
1104,18.4184,free_swing,565,446,682,549,-40.684,48.641,0
1105,18.43508,free_swing,570,450,680,559,-38.243,45.262,0
1106,18.45177,free_swing,577,455,677,573,-34.961,40.280,0
1107,18.46845,free_swing,586,461,673,586,-30.833,34.838,0
1108,18.48513,free_swing,598,466,667,602,-25.877,26.901,0
1109,18.50182,free_swing,612,472,659,618,-20.016,17.844,0
1110,18.5185,free_swing,629,478,646,629,-13.109,6.423,0
1111,18.53518,free_swing,651,482,632,631,-4.574,-7.267,0
1112,18.55187,free_swing,671,482,620,623,3.053,-19.885,0
1113,18.56855,free_swing,688,480,612,610,9.588,-30.311,0
1114,18.58523,free_swing,702,476,609,595,15.154,-38.008,0
1115,18.60192,free_swing,714,472,608,580,20.016,-44.465,0
1116,18.6186,free_swing,725,468,608,566,24.507,-50.050,0
1117,18.63528,free_swing,735,463,612,554,28.794,-53.505,0
1118,18.65197,free_swing,744,458,617,543,32.735,-56.206,0
1119,18.66865,free_swing,751,453,622,535,36.027,-57.558,0
1120,18.68533,free_swing,756,449,626,530,38.480,-58.074,0
1121,18.70202,free_swing,760,447,631,528,40.147,-57.875,0
1122,18.7187,free_swing,761,445,633,531,40.934,-56.104,0
1123,18.73538,free_swing,760,446,635,536,40.394,-54.246,0
1124,18.75207,free_swing,757,449,636,544,38.779,-51.864,0
1125,18.76875,free_swing,752,452,637,555,36.563,-48.151,0
1126,18.78543,free_swing,744,457,639,569,32.943,-43.152,0
1127,18.80212,free_swing,735,463,642,584,28.794,-37.546,0
1128,18.8188,free_swing,724,468,646,601,24.158,-30.390,0
1129,18.83548,free_swing,711,474,654,617,18.677,-21.732,0
1130,18.85217,free_swing,693,479,667,629,11.535,-9.834,0
1131,18.86885,free_swing,671,482,681,632,3.053,3.814,0
1132,18.88553,free_swing,651,481,694,625,-4.604,16.626,0
1133,18.90222,free_swing,634,478,702,612,-11.234,26.906,0
1134,18.9189,free_swing,619,475,707,597,-17.103,35.803,0
1135,18.93558,free_swing,608,471,709,582,-21.588,42.299,0
1136,18.95227,free_swing,597,466,710,569,-26.222,47.651,0
1137,18.96895,free_swing,587,461,707,556,-30.504,51.633,0
1138,18.98563,free_swing,578,456,704,545,-34.430,54.765,0
1139,19.00232,free_swing,571,451,700,537,-37.708,56.310,0
1140,19.019,free_swing,566,446,695,532,-40.394,56.310,0
1141,19.03568,free_swing,563,444,692,529,-41.760,56.619,0
1142,19.05237,free_swing,563,443,690,531,-42.016,55.281,0
1143,19.06905,free_swing,564,444,690,536,-41.474,53.865,0
1144,19.08573,free_swing,566,447,689,544,-40.147,51.740,0
1145,19.10242,free_swing,572,451,688,555,-37.405,48.122,0
1146,19.1191,free_swing,579,456,688,568,-34.114,44.222,0
1147,19.13578,free_swing,589,462,684,582,-29.650,38.367,0
1148,19.15247,free_swing,601,468,679,599,-24.507,30.770,0
1149,19.16915,free_swing,616,473,672,615,-18.435,21.523,0
1150,19.18583,free_swing,633,478,661,628,-11.611,10.574,0
1151,19.20252,free_swing,654,482,647,632,-3.434,-2.672,0
1152,19.2192,free_swing,676,482,634,626,4.953,-16.260,0
1153,19.23588,free_swing,693,478,625,613,11.611,-26.735,0
1154,19.25257,free_swing,707,474,620,598,17.216,-35.054,0
1155,19.26925,free_swing,719,470,618,583,22.087,-41.791,0
1156,19.28593,free_swing,730,465,618,569,26.737,-47.121,0
1157,19.30262,free_swing,740,460,620,556,31.030,-51.340,0
1158,19.3193,free_swing,748,455,624,544,34.647,-54.331,0
1159,19.33598,free_swing,755,450,628,535,37.942,-56.206,0
1160,19.35267,free_swing,760,446,632,528,40.394,-57.355,0
1161,19.36935,free_swing,764,443,635,526,42.299,-57.242,0
1162,19.38603,free_swing,765,442,637,526,42.839,-56.725,0
1163,19.40272,free_swing,764,443,638,531,42.299,-55.069,0
1164,19.4194,free_swing,761,446,637,538,40.684,-53.427,0
1165,19.43608,free_swing,755,450,637,549,37.942,-50.004,0
1166,19.45277,free_swing,748,455,636,562,34.647,-46.308,0
1167,19.46945,free_swing,740,460,638,577,31.030,-41.082,0
1168,19.48613,free_swing,728,466,641,593,25.877,-34.413,0
1169,19.50282,free_swing,714,472,646,610,20.016,-26.232,0
1170,19.5195,free_swing,697,478,655,625,13.109,-15.945,0
1171,19.53618,free_swing,676,482,669,633,4.953,-2.654,0
1172,19.55287,free_swing,654,482,682,629,-3.434,10.784,0
1173,19.56955,free_swing,636,479,692,618,-10.408,21.943,0
1174,19.58623,free_swing,620,475,698,603,-16.736,31.357,0
1175,19.60292,free_swing,607,470,700,588,-22.087,38.243,0
1176,19.6196,free_swing,596,466,701,574,-26.565,44.193,0
1177,19.63628,free_swing,585,460,700,561,-31.357,48.708,0
1178,19.65297,free_swing,576,454,697,550,-35.493,51.572,0
1179,19.66965,free_swing,570,449,694,541,-38.480,53.427,0
1180,19.68633,free_swing,564,445,690,535,-41.222,54.462,0
1181,19.70302,free_swing,561,442,687,532,-42.839,54.462,0
1182,19.7197,free_swing,559,441,685,533,-43.655,53.865,0
1183,19.73638,free_swing,561,442,684,537,-42.839,52.319,0
1184,19.75307,free_swing,564,444,683,544,-41.474,49.958,0
1185,19.76975,free_swing,569,449,683,554,-38.779,47.353,0
1186,19.78643,free_swing,575,453,681,567,-36.027,42.917,0
1187,19.80312,free_swing,584,459,678,580,-31.884,37.842,0
1188,19.8198,free_swing,595,465,674,596,-27.080,31.092,0
1189,19.83648,free_swing,609,471,668,612,-21.231,22.706,0
1190,19.85317,free_swing,626,477,657,626,-14.315,11.753,0
1191,19.86985,free_swing,646,481,644,632,-6.509,-0.759,0
1192,19.88653,free_swing,669,482,631,628,2.291,-14.589,0
1193,19.90322,free_swing,686,480,622,616,8.833,-25.201,0
1194,19.9199,free_swing,702,476,617,601,15.154,-34.216,0
1195,19.93658,free_swing,714,472,615,586,20.016,-40.972,0
1196,19.95327,free_swing,726,467,615,572,25.017,-46.591,0
1197,19.96995,free_swing,736,463,617,559,29.129,-51.106,0
1198,19.98663,free_swing,745,458,621,548,33.056,-54.028,0
1199,20.00332,free_swing,752,453,626,539,36.336,-55.685,0
1200,20.02,free_swing,757,449,630,533,38.779,-56.519,0
1201,20.03668,free_swing,759,446,633,531,40.101,-55.996,0
1202,20.05337,free_swing,761,446,635,532,40.684,-55.685,0
1203,20.07005,free_swing,760,447,636,538,40.147,-53.726,0
1204,20.08673,free_swing,756,449,636,545,38.480,-51.340,0
1205,20.10342,free_swing,751,453,636,556,36.027,-48.151,0
1206,20.1201,free_swing,744,458,637,569,32.735,-43.949,0
1207,20.13678,free_swing,734,463,639,584,28.457,-38.136,0
1208,20.15347,free_swing,723,469,643,601,23.651,-31.218,0
1209,20.17015,free_swing,708,474,650,617,17.583,-22.077,0
1210,20.18683,free_swing,691,480,661,629,10.713,-11.384,0
1211,20.20352,free_swing,669,482,676,632,2.291,2.672,0
1212,20.2202,free_swing,649,481,688,626,-5.368,15.054,0
1213,20.23688,free_swing,632,477,696,613,-12.068,25.201,0
1214,20.25357,free_swing,617,474,701,598,-17.949,34.114,0
1215,20.27025,free_swing,606,470,703,583,-22.443,40.643,0
1216,20.28693,free_swing,595,465,704,570,-27.080,46.071,0
1217,20.30362,free_swing,585,460,702,557,-31.357,50.339,0
1218,20.3203,free_swing,576,454,699,547,-35.493,52.907,0
1219,20.33698,free_swing,569,449,695,539,-38.779,54.462,0
1220,20.35367,free_swing,564,444,691,534,-41.474,54.676,0
1221,20.37035,free_swing,561,442,688,531,-42.839,54.978,0
1222,20.38703,free_swing,561,441,686,533,-43.100,53.647,0
1223,20.40372,free_swing,562,443,685,538,-42.299,52.319,0
1224,20.4204,free_swing,565,446,684,545,-40.684,50.242,0
1225,20.43708,free_swing,571,450,684,556,-37.942,46.831,0
1226,20.45377,free_swing,578,455,682,570,-34.647,42.125,0
1227,20.47045,free_swing,586,461,679,584,-30.833,37.093,0
1228,20.48713,free_swing,600,467,674,600,-25.017,29.091,0
1229,20.50382,free_swing,615,473,667,616,-18.800,19.983,0
1230,20.5205,free_swing,632,478,655,629,-11.988,8.661,0
1231,20.53718,free_swing,653,482,642,632,-3.814,-4.194,0
1232,20.55387,free_swing,675,482,629,625,4.574,-17.832,0
1233,20.57055,free_swing,692,479,621,612,11.160,-28.095,0
1234,20.58723,free_swing,706,475,617,597,16.736,-36.111,0
1235,20.60392,free_swing,718,471,616,582,21.588,-42.580,0
1236,20.6206,free_swing,728,466,616,569,25.877,-47.397,0
1237,20.63728,free_swing,738,461,619,556,30.174,-51.399,0
1238,20.65397,free_swing,747,456,623,546,34.114,-54.028,0
1239,20.67065,free_swing,754,451,628,537,37.405,-55.685,0
1240,20.68733,free_swing,759,447,632,532,39.855,-56.206,0
1241,20.70402,free_swing,761,444,635,530,41.186,-55.685,0
1242,20.7207,free_swing,762,444,637,532,41.474,-54.854,0
1243,20.73738,free_swing,761,445,638,537,40.934,-53.205,0
1244,20.75407,free_swing,757,448,639,546,39.019,-50.290,0
1245,20.77075,free_swing,752,453,639,557,36.336,-47.375,0
1246,20.78743,free_swing,744,457,640,570,32.943,-42.625,0
1247,20.80412,free_swing,735,463,643,585,28.794,-37.020,0
1248,20.8208,free_swing,724,469,647,602,24.001,-30.069,0
1249,20.83748,free_swing,709,474,655,618,17.949,-20.556,0
1250,20.85417,free_swing,691,479,667,629,10.784,-9.090,0
1251,20.87085,free_swing,670,481,681,632,2.690,4.167,0
1252,20.88753,free_swing,650,481,693,624,-4.986,16.736,0
1253,20.90422,free_swing,633,478,701,611,-11.611,27.080,0
1254,20.9209,free_swing,618,474,705,596,-17.583,35.493,0
1255,20.93758,free_swing,606,470,707,581,-22.443,42.299,0
1256,20.95427,free_swing,596,465,707,568,-26.737,47.141,0
1257,20.97095,free_swing,585,460,705,556,-31.357,51.340,0
1258,20.98763,free_swing,576,454,701,546,-35.493,53.647,0
1259,21.00432,free_swing,569,449,697,538,-38.779,55.189,0
1260,21.021,free_swing,565,445,693,533,-40.934,55.491,0
1261,21.03768,free_swing,562,442,689,531,-42.558,54.978,0
1262,21.05437,free_swing,562,442,687,533,-42.558,53.945,0
1263,21.07105,free_swing,563,443,686,538,-42.016,52.319,0
1264,21.08773,free_swing,566,447,686,547,-40.147,50.194,0
1265,21.10442,free_swing,572,451,684,558,-37.405,46.308,0
1266,21.1211,free_swing,579,456,683,572,-34.114,41.878,0
1267,21.13778,free_swing,590,462,679,586,-29.316,35.669,0
1268,21.15447,free_swing,603,468,674,603,-23.806,27.741,0
1269,21.17115,free_swing,617,474,666,619,-17.949,18.672,0
1270,21.18783,free_swing,636,479,654,630,-10.408,6.798,0
1271,21.20452,free_swing,658,482,640,631,-1.909,-6.888,0
1272,21.2212,free_swing,678,481,628,623,5.749,-19.398,0
1273,21.23788,free_swing,694,478,621,610,11.988,-28.944,0
1274,21.25457,free_swing,708,474,617,595,17.583,-36.946,0
1275,21.27125,free_swing,720,470,616,580,22.443,-43.394,0
1276,21.28793,free_swing,731,465,617,566,27.080,-48.460,0
1277,21.30462,free_swing,741,460,620,554,31.357,-52.158,0
1278,21.3213,free_swing,748,455,624,543,34.647,-54.638,0
1279,21.33798,free_swing,755,450,629,535,37.942,-55.996,0
1280,21.35467,free_swing,760,447,632,530,40.147,-57.039,0
1281,21.37135,free_swing,762,444,635,529,41.474,-56.206,0
1282,21.38803,free_swing,763,444,637,531,41.760,-55.376,0
1283,21.40472,free_swing,761,445,638,536,40.934,-53.505,0
1284,21.4214,free_swing,758,449,639,545,39.075,-51.106,0
1285,21.43808,free_swing,752,453,639,557,36.336,-47.375,0
1286,21.45477,free_swing,744,458,640,570,32.735,-42.879,0
1287,21.47145,free_swing,735,463,642,586,28.794,-37.093,0
1288,21.48813,free_swing,722,469,646,603,23.299,-29.560,0
1289,21.50482,free_swing,707,475,654,619,17.103,-20.206,0
1290,21.5215,free_swing,690,480,666,630,10.339,-9.090,0
1291,21.53818,free_swing,667,482,680,632,1.528,4.953,0
1292,21.55487,free_swing,647,481,692,624,-6.129,17.468,0
1293,21.57155,free_swing,631,478,700,610,-12.362,27.597,0
1294,21.58823,free_swing,617,474,704,596,-17.949,35.493,0
1295,21.60492,free_swing,605,470,706,581,-22.797,42.299,0
1296,21.6216,free_swing,595,465,706,569,-27.080,46.865,0
1297,21.63828,free_swing,584,459,704,556,-31.884,51.050,0
1298,21.65497,free_swing,575,454,699,546,-35.803,53.427,0
1299,21.67165,free_swing,569,449,695,539,-38.779,54.462,0
1300,21.68833,free_swing,565,445,691,534,-40.934,54.765,0
1301,21.70502,free_swing,562,443,688,533,-42.299,54.462,0
1302,21.7217,free_swing,562,443,686,535,-42.299,53.427,0
1303,21.73838,free_swing,563,444,685,541,-41.760,51.512,0
1304,21.75507,free_swing,567,447,684,549,-39.855,48.918,0
1305,21.77175,free_swing,572,452,683,561,-37.174,45.521,0
1306,21.78843,free_swing,580,457,681,574,-33.584,40.802,0
1307,21.80512,free_swing,591,463,677,589,-28.794,34.315,0
1308,21.8218,free_swing,603,468,671,605,-23.806,26.398,0
1309,21.83848,free_swing,619,474,663,620,-17.216,16.771,0
1310,21.85517,free_swing,637,479,650,631,-10.030,4.888,0
1311,21.87185,free_swing,659,482,636,631,-1.528,-8.775,0
1312,21.88853,free_swing,679,481,625,622,6.129,-20.956,0
1313,21.90522,free_swing,695,478,618,607,12.362,-30.833,0
1314,21.9219,free_swing,709,474,615,592,17.949,-38.541,0
1315,21.93858,free_swing,721,470,614,578,22.797,-44.734,0
1316,21.95527,free_swing,731,465,615,564,27.080,-49.521,0
1317,21.97195,free_swing,741,459,619,552,31.557,-52.682,0
1318,21.98863,free_swing,750,454,624,541,35.493,-55.376,0
1319,22.00532,free_swing,757,448,630,533,39.019,-56.206,0
1320,22.022,free_swing,762,444,634,528,41.474,-56.725,0
1321,22.03868,free_swing,765,442,637,526,42.839,-56.725,0
1322,22.05537,free_swing,766,441,640,529,43.379,-55.069,0
1323,22.07205,free_swing,764,442,641,534,42.558,-53.205,0
1324,22.08873,free_swing,761,445,642,543,40.934,-50.528,0
1325,22.10542,free_swing,755,450,642,554,37.942,-47.375,0
1326,22.1221,free_swing,747,456,643,568,34.114,-42.879,0
1327,22.13878,free_swing,738,461,646,584,30.174,-36.795,0
1328,22.15547,free_swing,726,467,650,601,25.017,-29.560,0
1329,22.17215,free_swing,711,474,657,617,18.677,-20.688,0
1330,22.18883,free_swing,693,479,669,629,11.535,-9.090,0
1331,22.20552,free_swing,671,482,684,632,3.053,4.953,0
1332,22.2222,free_swing,650,481,695,624,-4.986,17.468,0
1333,22.23888,free_swing,634,478,702,611,-11.234,27.080,0
1334,22.25557,free_swing,620,474,706,596,-16.847,35.181,0
1335,22.27225,free_swing,607,470,708,582,-22.087,42.044,0
1336,22.28893,free_swing,596,466,708,569,-26.565,47.397,0
1337,22.30562,free_swing,585,460,705,557,-31.357,51.050,0
1338,22.3223,free_swing,577,455,701,547,-34.961,53.427,0
1339,22.33898,free_swing,570,450,696,540,-38.243,54.462,0
1340,22.35567,free_swing,565,446,692,535,-40.684,54.978,0
1341,22.37235,free_swing,563,444,689,534,-41.760,54.462,0
1342,22.38903,free_swing,562,443,686,537,-42.299,52.836,0
1343,22.40572,free_swing,564,445,685,542,-41.222,51.282,0
1344,22.4224,free_swing,567,447,684,551,-39.855,48.366,0
1345,22.43908,free_swing,573,452,682,562,-36.870,44.738,0
1346,22.45577,free_swing,581,457,679,575,-33.265,39.710,0
1347,22.47245,free_swing,590,462,675,590,-29.316,33.587,0
1348,22.48913,free_swing,603,469,669,606,-23.651,25.723,0
1349,22.50582,free_swing,619,475,660,621,-17.103,15.686,0
1350,22.5225,free_swing,637,480,647,631,-9.964,3.789,0
1351,22.53918,free_swing,660,482,632,630,-1.146,-10.713,0
1352,22.55587,free_swing,679,481,621,620,6.129,-22.649,0
1353,22.57255,free_swing,695,478,616,606,12.362,-31.682,0
1354,22.58923,free_swing,708,474,613,591,17.583,-39.075,0
1355,22.60592,free_swing,720,470,611,577,22.443,-45.531,0
1356,22.6226,free_swing,731,465,613,563,27.080,-50.290,0
1357,22.63928,free_swing,740,460,616,551,31.030,-53.726,0
1358,22.65597,free_swing,749,455,621,541,34.961,-56.104,0
1359,22.67265,free_swing,755,450,626,533,37.942,-57.242,0
1360,22.68933,free_swing,760,446,631,528,40.394,-57.558,0
1361,22.70602,free_swing,762,444,634,527,41.474,-57.039,0
1362,22.7227,free_swing,763,443,636,530,42.016,-55.587,0
1363,22.73938,free_swing,762,444,638,535,41.474,-53.726,0
1364,22.75607,free_swing,758,448,638,545,39.316,-51.050,0
1365,22.77275,free_swing,753,452,639,556,36.870,-47.626,0
1366,22.78943,free_swing,745,457,640,570,33.265,-42.898,0
1367,22.80612,free_swing,735,463,643,586,28.794,-36.795,0
1368,22.8228,free_swing,723,468,648,603,23.806,-29.055,0
1369,22.83948,free_swing,708,474,656,618,17.583,-19.855,0
1370,22.85617,free_swing,690,479,668,630,10.408,-8.289,0
1371,22.87285,free_swing,668,482,683,632,1.909,5.711,0
1372,22.88953,free_swing,649,481,695,623,-5.368,17.949,0
1373,22.90622,free_swing,632,478,702,610,-11.988,27.937,0
1374,22.9229,free_swing,618,474,706,595,-17.583,36.027,0
1375,22.93958,free_swing,607,470,708,581,-22.087,42.299,0
1376,22.95627,free_swing,596,465,708,568,-26.737,47.397,0
1377,22.97295,free_swing,586,460,705,555,-31.030,51.399,0
1378,22.98963,free_swing,577,454,702,545,-35.181,53.945,0
1379,23.00632,free_swing,570,450,697,537,-38.243,55.587,0
1380,23.023,free_swing,565,446,694,533,-40.684,56.004,0
1381,23.03968,free_swing,563,444,690,531,-41.760,55.587,0
1382,23.05637,free_swing,562,443,689,533,-42.299,54.676,0
1383,23.07305,free_swing,564,444,688,539,-41.474,52.543,0
1384,23.08973,free_swing,567,448,687,548,-39.611,50.194,0
1385,23.10642,free_swing,573,452,686,559,-36.870,46.562,0
1386,23.1231,free_swing,581,457,684,573,-33.265,41.603,0
1387,23.13978,free_swing,590,463,680,587,-29.129,35.972,0
1388,23.15647,free_swing,603,468,675,603,-23.806,28.072,0
1389,23.17315,free_swing,619,474,667,619,-17.216,18.316,0
1390,23.18983,free_swing,637,480,655,630,-9.964,6.843,0
1391,23.20652,free_swing,658,482,640,632,-1.909,-6.843,0
1392,23.2232,free_swing,679,481,628,623,6.129,-19.756,0
1393,23.23988,free_swing,696,478,621,609,12.736,-29.792,0
1394,23.25657,free_swing,710,474,617,593,18.314,-38.008,0
1395,23.27325,free_swing,721,470,616,579,22.797,-43.929,0
1396,23.28993,free_swing,732,465,616,565,27.420,-49.236,0
1397,23.30662,free_swing,742,459,620,551,31.884,-52.980,0
1398,23.3233,free_swing,752,452,626,539,36.563,-55.376,0
1399,23.33998,free_swing,759,447,631,530,39.855,-57.039,0
1400,23.35667,free_swing,764,443,635,525,42.299,-57.558,0
1401,23.37335,free_swing,767,440,638,523,43.919,-57.242,0
1402,23.39003,free_swing,767,440,639,524,43.919,-56.725,0
1403,23.40672,free_swing,766,441,641,529,43.379,-54.854,0
1404,23.4234,free_swing,762,444,640,537,41.474,-52.682,0
1405,23.44008,free_swing,757,448,639,548,39.019,-49.720,0
1406,23.45677,free_swing,750,453,639,561,35.716,-45.785,0
1407,23.47345,free_swing,741,459,641,576,31.557,-40.521,0
1408,23.49013,free_swing,730,466,644,593,26.565,-34.104,0
1409,23.50682,free_swing,716,472,650,610,20.735,-25.560,0
1410,23.5235,free_swing,698,478,659,625,13.481,-14.859,0
1411,23.54018,free_swing,678,481,673,633,5.749,-1.884,0
1412,23.55687,free_swing,655,482,686,629,-3.053,11.908,0
1413,23.57355,free_swing,637,479,696,617,-10.030,23.148,0
1414,23.59023,free_swing,621,475,700,602,-16.368,31.884,0
1415,23.60692,free_swing,608,471,703,587,-21.588,39.316,0
1416,23.6236,free_swing,598,466,705,573,-25.877,45.000,0
1417,23.64028,free_swing,587,461,703,561,-30.504,49.236,0
1418,23.65697,free_swing,578,456,700,550,-34.430,52.386,0
1419,23.67365,free_swing,571,450,696,542,-37.942,53.647,0
1420,23.69033,free_swing,566,446,692,536,-40.394,54.462,0
1421,23.70702,free_swing,563,444,689,534,-41.760,54.462,0
1422,23.7237,free_swing,563,444,688,535,-41.760,53.945,0
1423,23.74038,free_swing,564,444,687,540,-41.474,52.028,0
1424,23.75707,free_swing,567,447,686,548,-39.855,49.677,0
1425,23.77375,free_swing,572,451,686,558,-37.405,46.814,0
1426,23.79043,free_swing,580,456,684,571,-33.797,42.125,0
1427,23.80712,free_swing,590,462,681,585,-29.316,36.495,0
1428,23.8238,free_swing,601,467,676,601,-24.667,29.236,0
1429,23.84048,free_swing,616,473,669,617,-18.435,20.206,0
1430,23.85717,free_swing,633,479,657,629,-11.535,9.090,0
1431,23.87385,free_swing,653,482,644,633,-3.814,-3.411,0
1432,23.89053,free_swing,676,481,631,625,4.986,-17.354,0
1433,23.90722,free_swing,693,479,623,612,11.535,-27.759,0
1434,23.9239,free_swing,707,475,618,597,17.103,-36.111,0
1435,23.94058,free_swing,720,471,617,582,22.297,-42.859,0
1436,23.95727,free_swing,730,465,617,568,26.737,-47.651,0
1437,23.97395,free_swing,740,460,620,556,31.030,-51.340,0
1438,23.99063,free_swing,748,455,624,544,34.647,-54.331,0
1439,24.00732,free_swing,755,451,628,536,37.708,-56.206,0
1440,24.024,free_swing,759,447,631,531,39.855,-56.725,0
1441,24.04068,free_swing,761,445,634,529,40.934,-56.519,0
1442,24.05737,free_swing,761,445,635,531,40.934,-55.685,0
1443,24.07405,free_swing,760,447,636,536,40.147,-54.331,0
1444,24.09073,free_swing,756,450,635,545,38.243,-51.864,0
1445,24.10742,free_swing,750,453,635,556,35.716,-48.151,0
1446,24.1241,free_swing,743,459,635,569,32.208,-44.474,0
1447,24.14078,free_swing,733,464,637,584,27.937,-38.660,0
1448,24.15747,free_swing,721,469,641,601,22.946,-31.218,0
1449,24.17415,free_swing,706,475,648,617,16.736,-22.218,0
1450,24.19083,free_swing,689,480,659,629,9.964,-11.384,0
1451,24.20752,free_swing,667,482,673,633,1.528,2.275,0
1452,24.2242,free_swing,648,481,685,626,-5.749,14.315,0
1453,24.24088,free_swing,630,477,694,613,-12.821,25.201,0
1454,24.25757,free_swing,616,474,698,599,-18.314,33.265,0
1455,24.27425,free_swing,605,470,700,585,-22.797,39.560,0
1456,24.29093,free_swing,593,464,702,572,-27.937,45.264,0
1457,24.30762,free_swing,584,459,700,559,-31.884,49.236,0
1458,24.3243,free_swing,576,454,697,549,-35.493,51.864,0
1459,24.34098,free_swing,569,449,694,542,-38.779,53.351,0
1460,24.35767,free_swing,565,446,690,537,-40.684,53.945,0
1461,24.37435,free_swing,563,443,687,536,-42.016,53.130,0
1462,24.39103,free_swing,562,444,686,538,-42.044,52.836,0
1463,24.40772,free_swing,564,445,685,543,-41.222,50.995,0
1464,24.4244,free_swing,568,448,684,551,-39.316,48.397,0
1465,24.44108,free_swing,574,452,684,562,-36.563,45.000,0
1466,24.45777,free_swing,582,458,681,576,-32.735,39.996,0
1467,24.47445,free_swing,592,464,677,590,-28.275,34.004,0
1468,24.49113,free_swing,606,469,672,606,-22.590,25.723,0
1469,24.50782,free_swing,621,475,664,621,-16.368,16.411,0
1470,24.5245,free_swing,639,480,651,631,-9.211,4.544,0
1471,24.54118,free_swing,661,482,638,631,-0.764,-8.775,0
1472,24.55787,free_swing,681,481,627,622,6.888,-20.956,0
1473,24.57455,free_swing,696,477,620,608,12.821,-30.120,0
1474,24.59123,free_swing,710,474,617,593,18.314,-38.008,0
1475,24.60792,free_swing,722,470,616,578,23.148,-44.465,0
1476,24.6246,free_swing,732,464,617,565,27.597,-48.708,0
1477,24.64128,free_swing,742,459,621,553,31.884,-52.158,0
1478,24.65797,free_swing,750,454,626,543,35.493,-54.331,0
1479,24.67465,free_swing,756,449,630,535,38.480,-55.685,0
1480,24.69133,free_swing,761,445,634,531,40.934,-55.896,0
1481,24.70802,free_swing,763,443,637,530,42.016,-55.376,0
1482,24.7247,free_swing,764,443,639,532,42.299,-54.549,0
1483,24.74138,free_swing,762,445,640,539,41.222,-52.386,0
1484,24.75807,free_swing,758,448,641,547,39.316,-49.764,0
1485,24.77475,free_swing,752,452,641,560,36.563,-45.785,0
1486,24.79143,free_swing,744,457,643,573,32.943,-41.046,0
1487,24.80812,free_swing,734,463,647,589,28.457,-34.624,0
1488,24.8248,free_swing,723,469,651,606,23.651,-27.724,0
1489,24.84148,free_swing,707,476,660,621,16.991,-17.959,0
1490,24.85817,free_swing,687,480,672,631,9.211,-5.673,0
1491,24.87485,free_swing,666,482,686,631,1.146,7.645,0
1492,24.89153,free_swing,647,480,697,622,-6.170,19.398,0
1493,24.90822,free_swing,631,478,704,608,-12.362,29.316,0
1494,24.9249,free_swing,617,474,707,593,-17.949,37.100,0
1495,24.94158,free_swing,605,470,709,579,-22.797,43.655,0
1496,24.95827,free_swing,595,465,708,566,-27.080,48.209,0
1497,24.97495,free_swing,585,459,705,555,-31.557,51.340,0
1498,24.99163,free_swing,576,454,701,545,-35.493,53.945,0
1499,25.00832,free_swing,570,449,696,538,-38.480,54.765,0
1500,25.025,free_swing,565,445,692,534,-40.934,54.978,0
1501,25.04168,free_swing,562,443,688,534,-42.299,54.162,0
1502,25.05837,free_swing,562,443,686,537,-42.299,52.836,0
1503,25.07505,free_swing,564,445,684,543,-41.222,50.763,0
1504,25.09173,free_swing,568,448,683,553,-39.316,47.603,0
1505,25.10842,free_swing,574,452,682,565,-36.563,43.704,0
1506,25.1251,free_swing,582,458,678,579,-32.735,38.428,0
1507,25.14178,free_swing,593,464,674,593,-27.937,32.125,0
1508,25.15847,free_swing,606,470,667,610,-22.443,23.543,0
1509,25.17515,free_swing,622,476,657,624,-15.893,13.305,0
1510,25.19183,free_swing,641,480,644,632,-8.455,1.131,0
1511,25.20852,free_swing,663,482,630,629,0.000,-12.653,0
1512,25.2252,free_swing,682,481,620,618,7.267,-24.349,0
1513,25.24188,free_swing,697,478,614,604,13.109,-33.374,0
1514,25.25857,free_swing,710,474,612,588,18.314,-40.684,0
1515,25.27525,free_swing,722,469,612,574,23.299,-46.332,0
1516,25.29193,free_swing,731,465,613,561,27.080,-50.870,0
1517,25.30862,free_swing,741,460,617,549,31.357,-54.331,0
1518,25.3253,free_swing,749,454,622,540,35.181,-55.896,0
1519,25.34198,free_swing,756,450,627,533,38.243,-57.242,0
1520,25.35867,free_swing,760,447,632,530,40.147,-57.039,0
1521,25.37535,free_swing,763,444,635,529,41.760,-56.413,0
1522,25.39203,free_swing,763,444,637,532,41.760,-55.069,0
1523,25.40872,free_swing,760,446,639,539,40.394,-52.454,0
1524,25.4254,free_swing,757,448,640,549,39.019,-49.198,0
1525,25.44208,free_swing,750,453,641,561,35.716,-45.264,0
1526,25.45877,free_swing,744,458,643,575,32.735,-40.802,0
1527,25.47545,free_swing,733,464,647,590,27.937,-34.315,0
1528,25.49213,free_swing,720,470,653,607,22.443,-26.061,0
1529,25.50882,free_swing,706,476,662,622,16.626,-16.771,0
1530,25.5255,free_swing,686,480,675,632,8.833,-4.139,0
1531,25.54218,free_swing,665,482,690,630,0.764,9.588,0
1532,25.55887,free_swing,647,481,701,620,-6.129,21.231,0
1533,25.57555,free_swing,631,477,707,606,-12.445,30.504,0
1534,25.59223,free_swing,617,474,710,591,-17.949,38.480,0
1535,25.60892,free_swing,606,470,712,577,-22.443,44.731,0
1536,25.6256,free_swing,595,465,711,564,-27.080,49.521,0
1537,25.64228,free_swing,585,459,708,551,-31.557,53.205,0
1538,25.65897,free_swing,577,454,703,542,-35.181,55.069,0
1539,25.67565,free_swing,570,449,699,535,-38.480,56.310,0
1540,25.69233,free_swing,566,445,694,531,-40.643,56.104,0
1541,25.70902,free_swing,563,443,691,531,-42.016,55.491,0
1542,25.7257,free_swing,563,443,689,533,-42.016,54.462,0
1543,25.74238,free_swing,565,445,688,540,-40.934,52.319,0
1544,25.75907,free_swing,569,448,687,549,-39.019,49.439,0
1545,25.77575,free_swing,574,452,686,561,-36.563,45.778,0
1546,25.79243,free_swing,582,458,682,574,-32.735,40.764,0
1547,25.80912,free_swing,592,463,678,589,-28.457,34.315,0
1548,25.8258,free_swing,605,469,672,606,-22.946,26.061,0
1549,25.84248,free_swing,621,475,663,621,-16.368,16.049,0
1550,25.85917,free_swing,640,481,650,631,-8.775,3.814,0
1551,25.87585,free_swing,661,483,636,630,-0.759,-9.652,0
1552,25.89253,free_swing,681,481,625,621,6.888,-21.801,0
1553,25.90922,free_swing,696,477,618,606,12.821,-31.159,0
1554,25.9259,free_swing,710,474,615,591,18.314,-39.075,0
1555,25.94258,free_swing,722,470,613,576,23.148,-45.799,0
1556,25.95927,free_swing,734,463,616,560,28.457,-50.579,0
1557,25.97595,free_swing,747,456,622,546,34.114,-54.246,0
1558,25.99263,free_swing,756,449,628,534,38.480,-56.413,0
1559,26.00932,free_swing,764,443,634,524,42.299,-58.074,0
1560,26.026,free_swing,768,438,639,519,44.728,-57.875,0
1561,26.04268,free_swing,771,436,642,516,46.081,-58.195,0
1562,26.05937,free_swing,772,435,644,518,46.621,-57.039,0
1563,26.07605,free_swing,771,436,645,522,46.081,-55.685,0
1564,26.09273,free_swing,769,438,645,530,45.000,-53.427,0
1565,26.10942,free_swing,764,443,644,540,42.299,-51.050,0
1566,26.1261,free_swing,757,448,645,553,39.019,-46.848,0
1567,26.14278,free_swing,749,454,645,568,35.181,-42.374,0
1568,26.15947,free_swing,739,461,649,584,30.504,-36.193,0
1569,26.17615,free_swing,726,467,653,603,25.017,-28.225,0
1570,26.19283,free_swing,710,475,661,620,18.194,-18.672,0
1571,26.20952,free_swing,690,480,673,631,10.339,-6.423,0
1572,26.2262,free_swing,667,482,687,631,1.528,7.645,0
1573,26.24288,free_swing,647,480,698,621,-6.170,19.885,0
1574,26.25957,free_swing,629,477,704,606,-13.196,30.174,0
1575,26.27625,free_swing,615,473,706,591,-18.800,37.639,0
1576,26.29293,free_swing,603,469,708,577,-23.651,44.193,0
1577,26.30962,free_swing,593,464,707,564,-27.937,48.743,0
1578,26.3263,free_swing,582,458,704,552,-32.735,52.386,0
1579,26.34298,free_swing,575,453,700,544,-36.027,53.945,0
1580,26.35967,free_swing,570,449,696,538,-38.480,54.765,0
1581,26.37635,free_swing,566,446,693,535,-40.394,54.978,0
1582,26.39303,free_swing,565,446,691,536,-40.684,54.462,0
1583,26.40972,free_swing,567,446,691,539,-40.101,53.130,0
1584,26.4264,free_swing,569,449,690,547,-38.779,50.995,0
1585,26.44308,free_swing,574,452,690,557,-36.563,47.849,0
1586,26.45977,free_swing,582,457,688,569,-32.943,43.423,0
1587,26.47645,free_swing,591,463,685,583,-28.794,38.073,0
1588,26.49313,free_swing,602,468,681,599,-24.158,31.092,0
1589,26.50982,free_swing,616,474,674,615,-18.314,22.360,0
1590,26.5265,free_swing,633,478,663,627,-11.611,11.384,0
1591,26.54318,free_swing,654,482,649,633,-3.434,-1.897,0
1592,26.55987,free_swing,674,481,636,627,4.222,-14.589,0
1593,26.57655,free_swing,692,479,627,615,11.160,-25.545,0
1594,26.59323,free_swing,706,475,622,599,16.736,-34.114,0
1595,26.60992,free_swing,718,471,619,585,21.588,-40.972,0
1596,26.6266,free_swing,729,466,619,571,26.222,-46.332,0
1597,26.64328,free_swing,740,460,622,557,31.030,-50.579,0
1598,26.65997,free_swing,749,455,625,545,34.961,-54.028,0
1599,26.67665,free_swing,756,449,629,536,38.480,-55.587,0
1600,26.69333,free_swing,761,446,633,529,40.684,-57.039,0
1601,26.71002,free_swing,763,443,635,527,42.016,-56.725,0
1602,26.7267,free_swing,764,443,637,528,42.299,-56.206,0
1603,26.74338,free_swing,763,443,637,532,42.016,-54.765,0
1604,26.76007,free_swing,760,447,636,540,40.147,-53.130,0
1605,26.77675,free_swing,754,451,636,550,37.405,-50.004,0
1606,26.79343,free_swing,747,456,635,563,34.114,-46.308,0
1607,26.81012,free_swing,738,461,636,577,30.174,-41.326,0
1608,26.8268,free_swing,727,467,640,593,25.364,-34.624,0
1609,26.84348,free_swing,713,473,644,610,19.525,-26.732,0
1610,26.86017,free_swing,696,478,653,625,12.736,-16.305,0
1611,26.87685,free_swing,676,482,667,633,4.953,-3.411,0
1612,26.89353,free_swing,653,482,680,629,-3.814,10.408,0
1613,26.91022,free_swing,636,479,690,618,-10.408,21.231,0
1614,26.9269,free_swing,620,475,696,604,-16.736,30.504,0
1615,26.94358,free_swing,608,471,699,589,-21.588,37.639,0
1616,26.96027,free_swing,597,466,700,576,-26.222,43.118,0
1617,26.97695,free_swing,586,460,700,564,-31.030,47.626,0
1618,26.99363,free_swing,578,455,697,552,-34.647,50.816,0
1619,27.01032,free_swing,571,450,694,544,-37.942,52.612,0
1620,27.027,free_swing,567,447,691,539,-39.855,53.427,0
1621,27.04368,free_swing,565,444,689,536,-41.186,53.427,0
1622,27.06037,free_swing,565,444,688,538,-41.186,52.612,0
1623,27.07705,free_swing,566,446,688,542,-40.394,51.801,0
1624,27.09373,free_swing,569,449,688,550,-38.779,49.677,0
1625,27.11042,free_swing,575,453,687,560,-36.027,46.308,0
1626,27.1271,free_swing,583,458,686,573,-32.412,41.849,0
1627,27.14378,free_swing,592,464,683,587,-28.275,36.495,0
1628,27.16047,free_swing,605,469,679,603,-22.946,28.909,0
1629,27.17715,free_swing,620,475,671,618,-16.736,19.628,0
1630,27.19383,free_swing,638,480,660,630,-9.588,8.344,0
1631,27.21052,free_swing,659,482,646,632,-1.528,-4.953,0
1632,27.2272,free_swing,680,481,634,625,6.509,-17.716,0
1633,27.24388,free_swing,696,477,627,611,12.821,-27.245,0
1634,27.26057,free_swing,711,474,623,596,18.677,-35.803,0
1635,27.27725,free_swing,723,469,621,581,23.651,-42.325,0
1636,27.29393,free_swing,733,464,621,568,27.937,-47.121,0
1637,27.31062,free_swing,742,459,624,555,31.884,-50.870,0
1638,27.3273,free_swing,751,453,627,545,36.027,-53.427,0
1639,27.34398,free_swing,757,449,632,536,38.779,-55.162,0
1640,27.36067,free_swing,761,445,635,531,40.934,-55.685,0
1641,27.37735,free_swing,764,443,637,530,42.299,-55.587,0
1642,27.39403,free_swing,763,444,638,532,41.760,-54.854,0
1643,27.41072,free_swing,761,445,639,538,40.934,-52.682,0
1644,27.4274,free_swing,758,449,638,547,39.075,-50.763,0
1645,27.44408,free_swing,751,453,638,558,36.027,-47.102,0
1646,27.46077,free_swing,743,458,639,571,32.412,-42.625,0
1647,27.47745,free_swing,733,464,641,586,27.937,-37.020,0
1648,27.49413,free_swing,721,470,645,603,22.797,-29.745,0
1649,27.51082,free_swing,706,476,652,619,16.626,-20.688,0
1650,27.5275,free_swing,688,480,664,630,9.588,-9.090,0
1651,27.54418,free_swing,665,482,678,632,0.764,4.953,0
1652,27.56087,free_swing,646,480,690,624,-6.553,16.991,0
1653,27.57755,free_swing,629,477,697,611,-13.196,26.906,0
1654,27.59423,free_swing,615,473,701,596,-18.800,34.961,0
1655,27.61092,free_swing,603,469,702,582,-23.651,41.222,0
1656,27.6276,free_swing,593,464,702,570,-27.937,45.799,0
1657,27.64428,free_swing,582,458,700,557,-32.735,50.004,0
1658,27.66097,free_swing,574,453,696,548,-36.336,52.093,0
1659,27.67765,free_swing,569,448,693,541,-39.019,53.130,0
1660,27.69433,free_swing,564,445,689,537,-41.222,53.647,0
1661,27.71102,free_swing,562,443,686,536,-42.299,53.130,0
1662,27.7277,free_swing,562,442,684,538,-42.558,51.801,0
1663,27.74438,free_swing,563,444,682,544,-41.760,49.958,0
1664,27.76107,free_swing,567,448,681,553,-39.611,47.353,0
1665,27.77775,free_swing,573,452,680,565,-36.870,43.438,0
1666,27.79443,free_swing,582,457,677,577,-32.943,38.367,0
1667,27.81112,free_swing,591,463,672,593,-28.794,31.926,0
1668,27.8278,free_swing,605,469,666,609,-22.946,23.543,0
1669,27.84448,free_swing,620,475,657,623,-16.736,14.036,0
1670,27.86117,free_swing,639,480,644,631,-9.211,1.897,0
1671,27.87785,free_swing,660,482,630,630,-1.146,-11.459,0
1672,27.89453,free_swing,680,481,620,619,6.509,-23.499,0
1673,27.91122,free_swing,695,478,614,605,12.362,-32.530,0
1674,27.9279,free_swing,709,474,612,590,17.949,-39.903,0
1675,27.94458,free_swing,720,470,611,576,22.443,-45.799,0
1676,27.96127,free_swing,731,465,613,563,27.080,-50.290,0
1677,27.97795,free_swing,741,460,617,550,31.357,-54.028,0
1678,27.99463,free_swing,749,454,622,541,35.181,-55.587,0
1679,28.01132,free_swing,755,450,627,534,37.942,-56.725,0
1680,28.028,free_swing,759,447,632,530,39.855,-56.834,0
1681,28.04468,free_swing,761,445,635,530,40.934,-55.996,0
1682,28.06137,free_swing,762,445,637,533,41.222,-54.854,0
1683,28.07805,free_swing,760,446,638,540,40.394,-52.386,0
1684,28.09473,free_swing,756,449,639,549,38.480,-49.479,0
1685,28.11142,free_swing,750,454,640,562,35.493,-45.526,0
1686,28.1281,free_swing,742,459,642,576,31.884,-40.521,0
1687,28.14478,free_swing,732,465,646,592,27.420,-34.104,0
1688,28.16147,free_swing,719,470,652,609,22.087,-25.735,0
1689,28.17815,free_swing,704,476,661,623,15.893,-16.305,0
1690,28.19483,free_swing,684,481,675,632,8.022,-3.411,0
1691,28.21152,free_swing,662,482,689,630,-0.382,10.339,0
1692,28.2282,free_swing,645,480,699,620,-6.934,21.092,0
1693,28.24488,free_swing,629,477,705,606,-13.196,30.504,0
1694,28.26157,free_swing,616,474,709,591,-18.314,38.480,0
1695,28.27825,free_swing,606,469,710,578,-22.590,43.655,0
1696,28.29493,free_swing,594,465,709,565,-27.420,48.991,0
1697,28.31162,free_swing,585,460,706,554,-31.357,52.158,0
1698,28.3283,free_swing,576,455,702,544,-35.272,54.765,0
1699,28.34498,free_swing,570,450,697,538,-38.243,55.281,0
1700,28.36167,free_swing,566,446,693,534,-40.394,55.281,0
1701,28.37835,free_swing,563,444,690,534,-41.760,54.676,0
1702,28.39503,free_swing,563,444,687,537,-41.760,53.130,0
1703,28.41172,free_swing,564,445,684,543,-41.222,50.763,0
1704,28.4284,free_swing,567,447,681,552,-39.855,47.353,0
1705,28.44508,free_swing,570,449,677,562,-38.480,43.438,0
1706,28.46177,free_swing,575,454,671,574,-35.803,38.660,0
1707,28.47845,free_swing,583,458,665,587,-32.412,32.442,0
1708,28.49513,free_swing,594,464,657,603,-27.597,24.382,0
1709,28.51182,free_swing,607,471,647,618,-21.943,15.222,0
1710,28.5285,free_swing,623,476,633,628,-15.524,3.764,0
1711,28.54518,free_swing,643,480,618,629,-7.696,-9.525,0
1712,28.56187,free_swing,662,482,605,621,-0.382,-22.297,0
1713,28.57855,free_swing,679,481,597,607,6.129,-33.056,0
1714,28.59523,free_swing,693,478,594,592,11.611,-40.972,0
1715,28.61192,free_swing,705,475,592,577,16.368,-47.929,0
1716,28.6286,free_swing,716,472,593,563,20.735,-53.505,0
1717,28.64528,free_swing,725,468,597,551,24.507,-57.039,0
1718,28.66197,free_swing,734,464,602,540,28.275,-60.068,0
1719,28.67865,free_swing,741,460,607,532,31.357,-61.750,0
1720,28.69533,free_swing,746,456,611,528,33.797,-61.928,0
1721,28.71202,free_swing,749,454,614,526,35.181,-61.928,0
1722,28.7287,free_swing,750,453,616,529,35.716,-60.440,0
1723,28.74538,free_swing,748,455,617,535,34.647,-58.588,0
1724,28.76207,free_swing,743,458,616,544,32.412,-55.896,0
1725,28.77875,free_swing,737,462,616,556,29.650,-52.158,0
1726,28.79543,free_swing,730,466,617,570,26.565,-47.375,0
1727,28.81212,free_swing,721,470,620,585,22.797,-41.292,0
1728,28.8288,free_swing,709,474,624,601,17.949,-33.794,0
1729,28.84548,free_swing,692,478,632,619,11.234,-23.051,0
1730,28.86217,free_swing,675,482,644,630,4.574,-11.830,0
1731,28.87885,free_swing,654,482,660,632,-3.434,2.291,0
1732,28.89553,free_swing,636,479,674,624,-10.408,14.685,0
1733,28.91222,free_swing,620,475,684,611,-16.736,25.201,0
1734,28.9289,free_swing,608,470,691,596,-21.730,33.374,0
1735,28.94558,free_swing,597,466,695,581,-26.222,40.437,0
1736,28.96227,free_swing,585,460,696,565,-31.357,46.591,0
1737,28.97895,free_swing,575,454,695,551,-35.803,51.050,0
1738,28.99563,free_swing,567,448,692,538,-39.611,54.246,0
1739,29.01232,free_swing,562,443,690,529,-42.299,56.104,0
1740,29.029,free_swing,557,439,689,521,-44.731,58.151,0
1741,29.04568,free_swing,556,437,688,517,-45.541,58.782,0
1742,29.06237,free_swing,556,438,690,517,-45.269,59.478,0
1743,29.07905,free_swing,558,440,692,520,-44.193,59.162,0
1744,29.09573,free_swing,563,444,695,527,-41.760,57.839,0
1745,29.11242,free_swing,569,448,698,536,-39.019,55.699,0
1746,29.1291,free_swing,576,454,701,547,-35.493,53.351,0
1747,29.14578,free_swing,586,460,703,561,-31.030,49.198,0
1748,29.16247,free_swing,597,466,703,578,-26.222,43.423,0
1749,29.17915,free_swing,611,472,701,595,-20.376,36.193,0
1750,29.19583,free_swing,629,477,696,613,-13.196,26.227,0
1751,29.21252,free_swing,648,481,686,628,-5.749,14.494,0
1752,29.2292,free_swing,671,482,673,633,3.053,0.759,0
1753,29.24588,free_swing,694,479,660,626,11.908,-13.023,0
1754,29.26257,free_swing,709,474,651,612,17.949,-22.797,0
1755,29.27925,free_swing,724,469,645,597,24.001,-31.682,0
1756,29.29593,free_swing,736,463,642,582,29.129,-38.306,0
1757,29.31262,free_swing,745,457,641,568,33.265,-43.135,0
1758,29.3293,free_swing,753,451,641,554,37.100,-47.397,0
1759,29.34598,free_swing,760,446,642,544,40.394,-50.290,0
1760,29.36267,free_swing,764,443,643,536,42.299,-52.454,0
1761,29.37935,free_swing,766,441,643,531,43.379,-53.807,0
1762,29.39603,free_swing,766,441,642,529,43.379,-54.638,0
1763,29.41272,free_swing,764,442,640,532,42.558,-54.028,0
1764,29.4294,free_swing,761,446,638,537,40.684,-53.505,0
1765,29.44608,free_swing,755,450,635,546,37.942,-51.340,0
1766,29.46277,free_swing,748,455,632,558,34.647,-48.397,0
1767,29.47945,free_swing,739,460,631,571,30.700,-44.215,0
1768,29.49613,free_swing,728,467,631,585,25.710,-39.421,0
1769,29.51282,free_swing,714,472,632,602,20.016,-32.242,0
1770,29.5295,free_swing,697,478,638,619,13.109,-22.706,0
1771,29.54618,free_swing,676,482,647,630,4.953,-11.086,0
1772,29.56287,free_swing,654,482,660,632,-3.434,2.291,0
1773,29.57955,free_swing,635,479,671,624,-10.784,13.943,0
1774,29.59623,free_swing,618,474,678,611,-17.583,23.651,0
1775,29.61292,free_swing,605,469,682,598,-22.946,30.833,0
1776,29.6296,free_swing,593,464,684,584,-27.937,37.174,0
1777,29.64628,free_swing,583,458,685,572,-32.412,41.820,0
1778,29.66297,free_swing,574,453,683,561,-36.336,45.264,0
1779,29.67965,free_swing,568,448,681,552,-39.316,47.375,0
1780,29.69633,free_swing,563,444,679,547,-41.760,48.397,0
1781,29.71302,free_swing,561,442,677,544,-42.839,48.674,0
1782,29.7297,free_swing,561,442,677,545,-42.839,48.397,0
1783,29.74638,free_swing,563,444,676,550,-41.760,46.831,0
1784,29.76307,free_swing,567,447,676,557,-39.855,44.738,0
1785,29.77975,free_swing,573,452,676,568,-36.870,41.603,0
1786,29.79643,free_swing,581,457,674,580,-33.265,37.093,0
1787,29.81312,free_swing,592,463,671,594,-28.457,31.092,0
1788,29.8298,free_swing,606,470,666,609,-22.443,23.348,0
1789,29.84648,free_swing,621,475,658,623,-16.368,14.036,0
1790,29.86317,free_swing,640,480,647,632,-8.833,2.637,0
1791,29.87985,free_swing,661,483,634,630,-0.759,-10.408,0
1792,29.89653,free_swing,681,481,625,621,6.888,-21.801,0
1793,29.91322,free_swing,696,477,620,607,12.821,-30.311,0
1794,29.9299,free_swing,710,474,618,593,18.314,-37.708,0
1795,29.94658,free_swing,723,469,618,580,23.651,-43.409,0
1796,29.96327,free_swing,733,464,621,567,27.937,-47.397,0
1797,29.97995,free_swing,743,458,625,556,32.412,-50.290,0
1798,29.99663,free_swing,752,452,630,547,36.563,-52.093,0
1799,30.01332,free_swing,758,448,636,540,39.316,-52.980,0
1800,30.03,free_swing,762,445,641,538,41.222,-52.454,0
1801,30.04668,free_swing,764,443,645,539,42.299,-51.106,0
1802,30.06337,free_swing,764,443,648,543,42.299,-49.236,0
1803,30.08005,free_swing,763,444,651,550,41.760,-46.577,0
1804,30.09673,free_swing,758,447,654,560,39.560,-42.625,0
1805,30.11342,free_swing,753,452,657,573,36.870,-38.428,0
1806,30.1301,free_swing,744,458,662,587,32.735,-32.442,0
1807,30.14678,free_swing,733,464,667,603,27.937,-25.399,0
1808,30.16347,free_swing,720,470,676,618,22.443,-16.557,0
1809,30.18015,free_swing,703,476,689,628,15.524,-5.262,0
1810,30.19683,free_swing,682,481,702,630,7.267,7.645,0
1811,30.21352,free_swing,662,482,714,622,-0.382,20.376,0
1812,30.2302,free_swing,645,480,721,609,-6.934,30.504,0
1813,30.24688,free_swing,631,477,724,595,-12.445,38.243,0
1814,30.26357,free_swing,618,474,725,581,-17.583,45.000,0
1815,30.28025,free_swing,607,471,723,569,-21.943,49.808,0
1816,30.29693,free_swing,595,465,719,557,-27.080,53.427,0
1817,30.31362,free_swing,585,460,712,546,-31.357,55.896,0
1818,30.3303,free_swing,575,454,704,539,-35.803,56.619,0
1819,30.34698,free_swing,569,448,697,534,-39.019,56.104,0
1820,30.36367,free_swing,563,444,690,533,-41.760,54.978,0
1821,30.38035,free_swing,561,442,684,535,-42.839,52.907,0
1822,30.39703,free_swing,560,442,680,541,-43.118,50.477,0
1823,30.41372,free_swing,562,443,675,549,-42.299,46.831,0
1824,30.4304,free_swing,566,446,671,561,-40.394,42.397,0
1825,30.44708,free_swing,571,451,665,574,-37.708,37.388,0
1826,30.46377,free_swing,580,456,657,588,-33.797,30.256,0
1827,30.48045,free_swing,591,463,649,604,-28.794,22.360,0
1828,30.49713,free_swing,605,469,637,619,-22.946,12.043,0
1829,30.51382,free_swing,621,476,623,628,-16.260,0.754,0
1830,30.5305,free_swing,642,481,608,627,-8.022,-13.109,0
1831,30.54718,free_swing,662,482,596,617,-0.382,-26.053,0
1832,30.56387,free_swing,679,481,590,603,6.129,-36.111,0
1833,30.58055,free_swing,693,479,588,586,11.535,-44.459,0
1834,30.59723,free_swing,705,475,587,572,16.368,-50.579,0
1835,30.61392,free_swing,716,471,590,558,20.872,-55.376,0
1836,30.6306,free_swing,727,467,595,545,25.364,-59.421,0
1837,30.64728,free_swing,737,462,602,533,29.650,-62.259,0
1838,30.66397,free_swing,746,457,609,526,33.584,-63.268,0
1839,30.68065,free_swing,752,452,616,521,36.563,-63.099,0
1840,30.69733,free_swing,757,448,622,519,39.019,-62.259,0
1841,30.71402,free_swing,760,446,626,521,40.394,-60.764,0
1842,30.7307,free_swing,761,446,630,526,40.684,-58.588,0
1843,30.74738,free_swing,759,448,633,534,39.611,-55.685,0
1844,30.76407,free_swing,756,449,635,545,38.480,-51.572,0
1845,30.78075,free_swing,750,454,637,558,35.493,-47.375,0
1846,30.79743,free_swing,742,459,640,574,31.884,-41.572,0
1847,30.81412,free_swing,732,464,646,591,27.597,-34.104,0
1848,30.8308,free_swing,720,470,653,609,22.443,-25.735,0
1849,30.84748,free_swing,704,476,665,624,15.893,-14.763,0
1850,30.86417,free_swing,684,481,680,632,8.022,-1.517,0
1851,30.88085,free_swing,662,482,695,628,-0.382,12.736,0
1852,30.89753,free_swing,644,480,706,616,-7.316,24.507,0
1853,30.91422,free_swing,629,477,713,601,-13.196,34.114,0
1854,30.9309,free_swing,617,474,716,585,-17.949,41.730,0
1855,30.94758,free_swing,605,470,719,571,-22.797,48.460,0
1856,30.96427,free_swing,595,465,717,557,-27.080,52.980,0
1857,30.98095,free_swing,584,459,713,543,-31.884,56.929,0
1858,30.99763,free_swing,575,454,708,533,-35.803,59.290,0
1859,31.01432,free_swing,568,448,703,524,-39.316,60.622,0
1860,31.031,free_swing,563,444,698,520,-41.760,60.622,0
1861,31.04768,free_swing,560,442,696,518,-43.118,60.803,0
1862,31.06437,free_swing,561,442,694,520,-42.839,59.610,0
1863,31.08105,free_swing,563,443,694,525,-42.016,57.955,0
1864,31.09773,free_swing,566,446,694,534,-40.394,55.491,0
1865,31.11442,free_swing,572,451,695,545,-37.405,52.612,0
1866,31.1311,free_swing,579,456,695,559,-34.114,48.397,0
1867,31.14778,free_swing,588,462,694,574,-29.982,43.423,0
1868,31.16447,free_swing,600,467,690,591,-25.017,35.972,0
1869,31.18115,free_swing,616,473,684,609,-18.435,26.565,0
1870,31.19783,free_swing,633,478,675,625,-11.611,15.945,0
1871,31.21452,free_swing,655,482,660,633,-3.053,1.897,0
1872,31.2312,free_swing,677,482,646,629,5.332,-11.908,0
1873,31.24788,free_swing,694,478,635,617,11.988,-22.999,0
1874,31.26457,free_swing,710,474,629,602,18.314,-32.326,0
1875,31.28125,free_swing,722,469,626,586,23.299,-39.369,0
1876,31.29793,free_swing,732,464,625,571,27.597,-45.000,0
1877,31.31462,free_swing,742,459,625,558,31.884,-49.764,0
1878,31.3313,free_swing,749,454,627,546,35.181,-52.980,0
1879,31.34798,free_swing,756,450,630,536,38.243,-55.685,0
1880,31.36467,free_swing,760,447,632,530,40.147,-57.039,0
1881,31.38135,free_swing,761,445,633,526,40.934,-57.674,0
1882,31.39803,free_swing,762,445,633,527,41.222,-57.558,0
1883,31.41472,free_swing,760,447,632,530,40.147,-57.039,0
1884,31.4314,free_swing,756,450,630,537,38.243,-55.376,0
1885,31.44808,free_swing,750,454,628,547,35.493,-52.682,0
1886,31.46477,free_swing,743,459,626,560,32.208,-49.198,0
1887,31.48145,free_swing,733,464,625,574,27.937,-44.474,0
1888,31.49813,free_swing,722,469,627,590,23.299,-38.136,0
1889,31.51482,free_swing,707,474,631,608,17.216,-29.560,0
1890,31.5315,free_swing,690,479,638,623,10.408,-19.855,0
1891,31.54818,free_swing,668,482,651,632,1.909,-6.466,0
1892,31.56487,free_swing,647,481,664,630,-6.129,6.509,0
1893,31.58155,free_swing,629,478,674,620,-13.109,17.583,0
1894,31.59823,free_swing,614,472,682,606,-19.290,26.906,0
1895,31.61492,free_swing,601,468,686,592,-24.507,34.430,0
1896,31.6316,free_swing,590,463,688,578,-29.129,40.437,0
1897,31.64828,free_swing,581,457,689,566,-33.265,44.736,0
1898,31.66497,free_swing,573,452,688,554,-36.870,48.428,0
1899,31.68165,free_swing,567,447,686,546,-39.855,50.242,0
1900,31.69833,free_swing,563,444,684,541,-41.760,51.282,0
1901,31.71502,free_swing,561,442,683,538,-42.839,51.801,0
1902,31.7317,free_swing,560,442,682,539,-43.118,51.512,0
1903,31.74838,free_swing,563,444,683,543,-41.760,50.477,0
1904,31.76507,free_swing,567,447,683,551,-39.855,48.122,0
1905,31.78175,free_swing,573,452,684,561,-36.870,45.521,0
1906,31.79843,free_swing,581,457,683,573,-33.265,41.326,0
1907,31.81512,free_swing,591,462,680,587,-28.980,35.451,0
1908,31.8318,free_swing,603,468,677,602,-23.806,28.909,0
1909,31.84848,free_swing,619,474,671,618,-17.216,19.855,0
1910,31.86517,free_swing,637,479,660,629,-10.030,8.717,0
1911,31.88185,free_swing,658,482,647,633,-1.909,-4.167,0
1912,31.89853,free_swing,679,481,636,626,6.129,-16.518,0
1913,31.91522,free_swing,696,478,628,613,12.736,-26.735,0
1914,31.9319,free_swing,710,474,625,599,18.314,-34.216,0
1915,31.94858,free_swing,722,469,624,584,23.299,-40.437,0
1916,31.96527,free_swing,732,464,624,571,27.597,-45.266,0
1917,31.98195,free_swing,742,459,627,559,31.884,-48.991,0
1918,31.99863,free_swing,750,453,631,549,35.716,-51.106,0
1919,32.01532,free_swing,756,449,635,542,38.480,-52.454,0
1920,32.032,free_swing,761,445,639,537,40.934,-52.980,0
1921,32.04868,free_swing,763,444,641,536,41.760,-52.980,0
1922,32.06537,free_swing,763,444,643,540,41.760,-51.340,0
1923,32.08205,free_swing,761,445,645,546,40.934,-48.954,0
1924,32.09873,free_swing,757,449,646,555,38.779,-46.320,0
1925,32.11542,free_swing,750,453,647,567,35.716,-42.098,0
1926,32.1321,free_swing,743,458,649,580,32.412,-37.614,0
1927,32.14878,free_swing,732,464,653,596,27.597,-30.900,0
1928,32.16547,free_swing,719,470,659,612,22.087,-22.906,0
1929,32.18215,free_swing,704,476,669,625,15.893,-13.219,0
1930,32.19883,free_swing,684,481,682,632,8.022,-0.759,0
1931,32.21552,free_swing,662,482,695,628,-0.382,12.736,0
1932,32.2322,free_swing,645,480,704,618,-6.934,23.148,0
1933,32.24888,free_swing,629,477,709,604,-13.196,32.208,0
1934,32.26557,free_swing,617,474,711,589,-17.949,39.262,0
1935,32.28225,free_swing,606,470,711,576,-22.443,44.728,0
1936,32.29893,free_swing,594,465,710,565,-27.420,49.236,0
1937,32.31562,free_swing,584,459,706,554,-31.884,52.093,0
1938,32.3323,free_swing,575,454,700,545,-35.803,53.945,0
1939,32.34898,free_swing,570,449,695,540,-38.480,53.945,0
1940,32.36567,free_swing,566,446,691,537,-40.394,53.945,0
1941,32.38235,free_swing,564,444,687,539,-41.474,52.319,0
1942,32.39903,free_swing,564,445,684,544,-41.222,50.477,0
1943,32.41572,free_swing,566,446,681,551,-40.394,47.603,0
1944,32.4324,free_swing,571,450,679,561,-37.942,44.215,0
1945,32.44908,free_swing,577,455,675,574,-34.961,39.472,0
1946,32.46577,free_swing,587,460,670,588,-30.700,32.961,0
1947,32.48245,free_swing,597,466,664,604,-26.222,25.897,0
1948,32.49913,free_swing,613,473,654,619,-19.525,15.686,0
1949,32.51582,free_swing,629,478,641,629,-13.109,4.544,0
1950,32.5325,free_swing,650,482,627,630,-4.953,-8.833,0
1951,32.54918,free_swing,670,482,615,622,2.672,-21.448,0
1952,32.56587,free_swing,686,479,608,608,8.893,-31.159,0
1953,32.58255,free_swing,700,477,605,593,14.315,-39.316,0
1954,32.59923,free_swing,712,473,604,579,19.163,-45.535,0
1955,32.61592,free_swing,723,468,605,566,23.806,-50.290,0
1956,32.6326,free_swing,733,464,608,553,27.937,-54.549,0
1957,32.64928,free_swing,743,459,613,542,32.208,-57.443,0
1958,32.66597,free_swing,750,454,619,534,35.493,-58.588,0
1959,32.68265,free_swing,756,449,625,529,38.480,-58.588,0
1960,32.69933,free_swing,760,446,630,527,40.394,-58.074,0
1961,32.71602,free_swing,761,445,634,529,40.934,-56.519,0
1962,32.7327,free_swing,761,446,637,534,40.684,-54.638,0
1963,32.74938,free_swing,760,447,639,542,40.147,-51.864,0
1964,32.76607,free_swing,755,450,641,553,37.942,-47.902,0
1965,32.78275,free_swing,748,454,643,566,34.866,-43.152,0
1966,32.79943,free_swing,741,460,647,581,31.357,-37.842,0
1967,32.81612,free_swing,730,466,652,598,26.565,-30.579,0
1968,32.8328,free_swing,717,471,661,615,21.231,-21.251,0
1969,32.84948,free_swing,701,478,673,627,14.589,-10.643,0
1970,32.86617,free_swing,679,481,688,632,6.129,3.411,0
1971,32.88285,free_swing,658,482,701,625,-1.909,16.736,0
1972,32.89953,free_swing,642,480,710,613,-8.076,27.080,0
1973,32.91622,free_swing,627,477,715,598,-13.943,36.027,0
1974,32.9329,free_swing,615,473,718,583,-18.800,43.118,0
1975,32.94958,free_swing,604,469,718,570,-23.299,48.460,0
1976,32.96627,free_swing,594,464,716,557,-27.597,52.682,0
1977,32.98295,free_swing,584,459,711,546,-31.884,55.587,0
1978,32.99963,free_swing,577,454,707,537,-35.181,57.443,0
1979,33.01632,free_swing,570,450,702,531,-38.243,58.465,0
1980,33.033,free_swing,566,446,698,529,-40.394,57.839,0
1981,33.04968,free_swing,565,445,694,529,-40.934,56.929,0
1982,33.06637,free_swing,565,445,692,533,-40.934,55.281,0
1983,33.08305,free_swing,567,447,690,541,-39.855,52.612,0
1984,33.09973,free_swing,571,450,690,551,-37.942,49.677,0
1985,33.11642,free_swing,577,454,687,564,-35.181,45.000,0
1986,33.1331,free_swing,585,460,684,578,-31.357,39.996,0
1987,33.14978,free_swing,596,466,679,594,-26.565,32.961,0
1988,33.16647,free_swing,610,471,672,611,-20.872,23.886,0
1989,33.18315,free_swing,626,477,661,625,-14.315,13.305,0
1990,33.19983,free_swing,646,481,646,632,-6.509,0.000,0
1991,33.21652,free_swing,668,482,632,628,1.909,-13.851,0
1992,33.2332,free_swing,685,480,622,616,8.455,-24.855,0
1993,33.24988,free_swing,700,477,616,601,14.315,-34.114,0
1994,33.26657,free_swing,713,473,613,586,19.525,-41.507,0
1995,33.28325,free_swing,725,468,612,571,24.507,-47.651,0
1996,33.29993,free_swing,734,464,614,558,28.275,-51.927,0
1997,33.31662,free_swing,743,458,617,546,32.412,-55.069,0
1998,33.3333,free_swing,750,454,621,536,35.493,-57.558,0
1999,33.34998,free_swing,756,449,625,529,38.480,-58.588,0
2000,33.36667,free_swing,759,447,628,525,39.855,-59.230,0
2001,33.38335,free_swing,761,445,630,525,40.934,-58.588,0
2002,33.40003,free_swing,761,446,632,528,40.684,-57.558,0
2003,33.41672,free_swing,759,447,632,534,39.855,-55.587,0
2004,33.4334,free_swing,754,451,632,544,37.405,-52.682,0
2005,33.45008,free_swing,748,455,631,556,34.647,-49.198,0
2006,33.46677,free_swing,740,460,632,570,31.030,-44.474,0
2007,33.48345,free_swing,730,465,635,585,26.737,-38.367,0
2008,33.50013,free_swing,717,471,639,603,21.231,-30.579,0
2009,33.51682,free_swing,702,476,647,619,15.154,-21.038,0
2010,33.5335,free_swing,683,481,659,631,7.645,-9.090,0
2011,33.55018,free_swing,661,482,674,632,-0.764,4.953,0
2012,33.56687,free_swing,642,480,686,623,-8.076,17.103,0
2013,33.58355,free_swing,625,476,694,609,-14.783,27.420,0
2014,33.60023,free_swing,611,472,699,595,-20.376,35.582,0
2015,33.61692,free_swing,601,468,701,580,-24.507,41.760,0
2016,33.6336,free_swing,590,462,702,566,-29.316,47.121,0
2017,33.65028,free_swing,581,457,700,554,-33.265,50.816,0
2018,33.66697,free_swing,573,452,698,544,-36.870,53.647,0
2019,33.68365,free_swing,568,448,695,536,-39.316,55.281,0
2020,33.70033,free_swing,564,445,692,532,-41.222,55.797,0
2021,33.71702,free_swing,562,444,691,531,-42.044,56.004,0
2022,33.7337,free_swing,563,444,690,533,-41.760,54.978,0
2023,33.75038,free_swing,566,446,691,538,-40.394,53.647,0
2024,33.76707,free_swing,570,450,691,547,-38.243,51.282,0
2025,33.78375,free_swing,576,454,692,559,-35.493,47.849,0
2026,33.80043,free_swing,585,460,691,572,-31.357,43.423,0
2027,33.81712,free_swing,595,465,688,586,-27.080,37.546,0
2028,33.8338,free_swing,608,471,684,603,-21.588,29.932,0
2029,33.85048,free_swing,624,476,677,619,-15.154,20.336,0
2030,33.86717,free_swing,644,481,665,631,-7.267,7.970,0
2031,33.88385,free_swing,665,482,651,632,0.764,-5.332,0
2032,33.90053,free_swing,686,480,639,624,8.833,-18.076,0
2033,33.91722,free_swing,701,476,632,610,14.783,-27.245,0
2034,33.9339,free_swing,715,472,628,595,20.376,-35.272,0
2035,33.95058,free_swing,726,467,626,581,25.017,-41.257,0
2036,33.96727,free_swing,736,462,626,568,29.316,-46.061,0
2037,33.98395,free_swing,745,457,628,555,33.265,-50.050,0
2038,34.00063,free_swing,752,452,631,545,36.563,-52.454,0
2039,34.01732,free_swing,757,448,634,537,39.019,-54.111,0
2040,34.034,free_swing,761,445,637,533,40.934,-54.638,0
2041,34.05068,free_swing,764,444,639,532,42.044,-54.854,0
2042,34.06737,free_swing,762,444,639,535,41.474,-53.505,0
2043,34.08405,free_swing,760,446,640,540,40.394,-51.927,0
2044,34.10073,free_swing,757,449,640,549,38.779,-49.479,0
2045,34.11742,free_swing,750,454,639,560,35.493,-46.320,0
2046,34.1341,free_swing,743,458,641,574,32.412,-41.326,0
2047,34.15078,free_swing,733,464,644,589,27.937,-35.451,0
2048,34.16747,free_swing,721,469,648,605,22.946,-28.225,0
2049,34.18415,free_swing,706,475,656,620,16.736,-19.026,0
2050,34.20083,free_swing,688,480,668,631,9.588,-7.545,0
2051,34.21752,free_swing,666,482,682,632,1.146,6.089,0
2052,34.2342,free_swing,648,481,694,623,-5.749,17.949,0
2053,34.25088,free_swing,631,478,701,610,-12.362,27.937,0
2054,34.26757,free_swing,617,474,704,595,-17.949,35.716,0
2055,34.28425,free_swing,606,470,706,582,-22.443,41.760,0
2056,34.30093,free_swing,595,465,706,570,-27.080,46.591,0
2057,34.31762,free_swing,585,460,703,557,-31.357,50.579,0
2058,34.3343,free_swing,577,455,700,548,-34.961,52.907,0
2059,34.35098,free_swing,571,450,696,542,-37.942,53.647,0
2060,34.36767,free_swing,567,447,693,539,-39.855,53.865,0
2061,34.38435,free_swing,565,446,690,538,-40.684,53.647,0
2062,34.40103,free_swing,566,446,689,541,-40.394,52.319,0
2063,34.41772,free_swing,568,448,687,548,-39.316,49.958,0
2064,34.4344,free_swing,572,451,687,557,-37.405,47.332,0
2065,34.45108,free_swing,579,456,685,569,-34.114,43.169,0
2066,34.46777,free_swing,588,461,681,583,-30.174,37.318,0
2067,34.48445,free_swing,598,467,676,598,-25.710,30.770,0
2068,34.50113,free_swing,613,473,669,614,-19.525,21.661,0
2069,34.51782,free_swing,630,478,659,627,-12.736,11.014,0
2070,34.5345,free_swing,650,481,645,632,-4.986,-1.897,0
2071,34.55118,free_swing,671,482,632,627,3.053,-15.054,0
2072,34.56787,free_swing,688,479,623,615,9.652,-25.545,0
2073,34.58455,free_swing,703,475,618,600,15.627,-34.216,0
2074,34.60123,free_swing,715,471,615,585,20.511,-41.257,0
2075,34.61792,free_swing,728,467,616,570,25.710,-47.397,0
2076,34.6346,free_swing,740,460,619,556,31.030,-51.572,0
2077,34.65128,free_swing,750,454,625,543,35.493,-54.549,0
2078,34.66797,free_swing,758,448,631,533,39.316,-56.206,0
2079,34.68465,free_swing,764,442,635,526,42.558,-56.929,0
2080,34.70133,free_swing,768,439,640,522,44.459,-57.039,0
2081,34.71802,free_swing,770,437,642,521,45.541,-56.725,0
2082,34.7347,free_swing,770,438,644,524,45.269,-55.685,0
2083,34.75138,free_swing,768,439,645,530,44.459,-53.505,0
2084,34.76807,free_swing,764,442,645,540,42.558,-50.528,0
2085,34.78475,free_swing,759,447,645,553,39.855,-47.083,0
2086,34.80143,free_swing,751,453,646,566,36.027,-42.898,0
2087,34.81812,free_swing,742,459,649,582,31.884,-37.093,0
2088,34.8348,free_swing,729,466,653,599,26.222,-29.745,0
2089,34.85148,free_swing,716,472,661,616,20.735,-20.904,0
2090,34.86817,free_swing,697,478,672,629,13.109,-9.401,0
2091,34.88485,free_swing,675,482,687,632,4.574,4.574,0
2092,34.90153,free_swing,654,481,699,624,-3.457,17.468,0
2093,34.91822,free_swing,637,478,706,611,-10.098,27.420,0
2094,34.9349,free_swing,621,475,710,596,-16.368,36.336,0
2095,34.95158,free_swing,609,471,711,581,-21.231,42.839,0
2096,34.96827,free_swing,597,466,711,568,-26.222,48.180,0
2097,34.98495,free_swing,587,461,708,556,-30.504,51.864,0
2098,35.00163,free_swing,579,456,704,547,-34.114,53.945,0
2099,35.01832,free_swing,573,452,700,540,-36.870,55.281,0
2100,35.035,free_swing,569,448,696,536,-39.019,55.281,0
2101,35.05168,free_swing,567,446,693,536,-40.101,54.462,0
2102,35.06837,free_swing,567,446,691,539,-40.101,53.130,0
2103,35.08505,free_swing,568,449,690,545,-39.075,51.801,0
2104,35.10173,free_swing,573,452,689,555,-36.870,48.397,0
2105,35.11842,free_swing,579,456,687,567,-34.114,44.215,0
2106,35.1351,free_swing,587,461,684,580,-30.504,39.184,0
2107,35.15178,free_swing,597,466,679,595,-26.222,32.442,0
2108,35.16847,free_swing,611,472,673,611,-20.376,24.039,0
2109,35.18515,free_swing,628,477,663,625,-13.570,13.305,0
2110,35.20183,free_swing,647,481,649,632,-6.129,0.759,0
2111,35.21852,free_swing,668,482,635,629,1.909,-12.653,0
2112,35.2352,free_swing,687,480,625,617,9.211,-24.349,0
2113,35.25188,free_swing,701,476,619,603,14.783,-32.849,0
2114,35.26857,free_swing,714,473,616,588,19.885,-40.437,0
2115,35.28525,free_swing,725,468,615,574,24.507,-46.061,0
2116,35.30193,free_swing,734,463,617,561,28.457,-50.050,0
2117,35.31862,free_swing,744,458,620,548,32.735,-54.028,0
2118,35.3353,free_swing,752,452,625,538,36.563,-55.896,0
2119,35.35198,free_swing,758,448,629,531,39.316,-57.242,0
2120,35.36867,free_swing,762,445,633,527,41.222,-57.558,0
2121,35.38535,free_swing,764,443,636,528,42.299,-56.413,0
2122,35.40203,free_swing,764,444,637,530,42.044,-55.896,0
2123,35.41872,free_swing,761,446,638,536,40.684,-53.807,0
2124,35.4354,free_swing,757,448,638,546,39.019,-50.528,0
2125,35.45208,free_swing,751,453,639,558,36.027,-46.848,0
2126,35.46877,free_swing,744,458,640,572,32.735,-42.374,0
2127,35.48545,free_swing,734,463,643,587,28.457,-36.274,0
2128,35.50213,free_swing,723,469,648,604,23.651,-29.055,0
2129,35.51882,free_swing,707,476,656,620,16.991,-19.502,0
2130,35.5355,free_swing,688,480,669,631,9.588,-7.172,0
2131,35.55218,free_swing,667,482,684,632,1.528,6.466,0
2132,35.56887,free_swing,648,481,695,623,-5.749,18.314,0
2133,35.58555,free_swing,632,478,702,609,-11.988,28.118,0
2134,35.60223,free_swing,617,474,707,594,-17.949,36.870,0
2135,35.61892,free_swing,607,470,708,580,-22.087,42.558,0
2136,35.6356,free_swing,596,465,709,567,-26.737,47.929,0
2137,35.65228,free_swing,585,460,706,555,-31.357,51.864,0
2138,35.66897,free_swing,578,455,703,546,-34.647,53.945,0
2139,35.68565,free_swing,572,451,699,539,-37.405,55.281,0
2140,35.70233,free_swing,568,449,696,535,-39.075,56.104,0
2141,35.71902,free_swing,567,447,694,535,-39.855,55.281,0
2142,35.7357,free_swing,568,447,693,539,-39.560,53.647,0
2143,35.75238,free_swing,570,449,692,545,-38.480,51.801,0
2144,35.76907,free_swing,574,452,692,554,-36.563,49.160,0
2145,35.78575,free_swing,581,457,692,566,-33.265,45.521,0
2146,35.80243,free_swing,590,462,689,580,-29.316,39.996,0
2147,35.81912,free_swing,601,468,686,596,-24.507,33.587,0
2148,35.8358,free_swing,616,473,680,612,-18.435,24.723,0
2149,35.85248,free_swing,632,479,670,626,-11.908,14.494,0
2150,35.86917,free_swing,653,482,657,632,-3.814,1.528,0
2151,35.88585,free_swing,674,482,643,629,4.194,-11.908,0
2152,35.90253,free_swing,692,479,633,618,11.160,-22.999,0
2153,35.91922,free_swing,706,475,626,604,16.736,-31.805,0
2154,35.9359,free_swing,719,470,624,588,22.087,-38.837,0
2155,35.95258,free_swing,730,466,623,573,26.565,-45.000,0
2156,35.96927,free_swing,741,459,625,558,31.557,-49.521,0
2157,35.98595,free_swing,751,453,629,545,36.027,-52.980,0
2158,36.00263,free_swing,759,447,634,533,39.855,-55.472,0
2159,36.01932,free_swing,765,442,638,526,42.839,-56.519,0
2160,36.036,free_swing,769,439,641,522,44.731,-57.039,0
2161,36.05268,free_swing,770,438,642,521,45.269,-57.039,0
2162,36.06937,free_swing,770,438,643,524,45.269,-55.896,0
2163,36.08605,free_swing,768,440,643,530,44.193,-54.246,0
2164,36.10273,free_swing,763,443,642,538,42.016,-51.864,0
2165,36.11942,free_swing,757,448,641,550,39.019,-48.674,0
2166,36.1361,free_swing,749,454,641,564,35.181,-44.474,0
2167,36.15278,free_swing,739,460,643,580,30.700,-38.660,0
2168,36.16947,free_swing,727,467,646,597,25.364,-31.926,0
2169,36.18615,free_swing,712,473,652,614,19.163,-23.051,0
2170,36.20283,free_swing,695,479,662,628,12.281,-12.488,0
2171,36.21952,free_swing,672,482,675,633,3.434,1.138,0
2172,36.2362,free_swing,650,481,688,626,-4.986,14.685,0
2173,36.25288,free_swing,633,478,696,614,-11.611,24.855,0
2174,36.26957,free_swing,618,474,700,599,-17.583,33.265,0
2175,36.28625,free_swing,605,470,702,585,-22.797,40.147,0
2176,36.30293,free_swing,593,464,703,572,-27.937,45.526,0
2177,36.31962,free_swing,584,460,701,560,-31.682,49.479,0
2178,36.3363,free_swing,576,454,697,550,-35.493,51.572,0
2179,36.35298,free_swing,570,450,694,543,-38.243,53.130,0
2180,36.36967,free_swing,566,447,691,539,-40.147,53.647,0
2181,36.38635,free_swing,565,446,689,539,-40.684,53.130,0
2182,36.40303,free_swing,565,446,688,542,-40.684,52.028,0
2183,36.41972,free_swing,567,448,687,547,-39.611,50.477,0
2184,36.4364,free_swing,572,451,686,556,-37.405,47.353,0
2185,36.45308,free_swing,578,456,685,568,-34.430,43.692,0
2186,36.46977,free_swing,586,460,682,581,-31.030,38.428,0
2187,36.48645,free_swing,597,466,678,596,-26.222,31.926,0
2188,36.50313,free_swing,611,472,672,612,-20.376,23.543,0
2189,36.51982,free_swing,627,477,662,625,-13.943,13.305,0
2190,36.5365,free_swing,646,481,649,632,-6.509,1.138,0
2191,36.55318,free_swing,668,482,635,629,1.909,-12.653,0
2192,36.56987,free_swing,686,480,625,618,8.833,-23.847,0
2193,36.58655,free_swing,701,476,620,604,14.783,-32.326,0
2194,36.60323,free_swing,713,472,617,589,19.654,-39.369,0
2195,36.61992,free_swing,724,468,617,575,24.158,-45.000,0
2196,36.6366,free_swing,734,464,618,563,28.275,-49.521,0
2197,36.65328,free_swing,743,458,621,551,32.412,-52.682,0
2198,36.66997,free_swing,750,454,625,542,35.493,-54.854,0
2199,36.68665,free_swing,755,449,630,536,38.179,-55.162,0
2200,36.70333,free_swing,759,447,633,533,39.855,-55.685,0
2201,36.72002,free_swing,760,446,635,534,40.394,-54.854,0
2202,36.7367,free_swing,760,446,637,538,40.394,-53.205,0
2203,36.75338,free_swing,757,448,638,545,39.019,-50.816,0
2204,36.77007,free_swing,753,452,638,555,36.870,-48.151,0
2205,36.78675,free_swing,746,457,639,567,33.584,-44.208,0
2206,36.80343,free_swing,737,462,642,582,29.650,-38.367,0
2207,36.82012,free_swing,726,467,646,598,25.017,-31.412,0
2208,36.8368,free_swing,713,473,652,614,19.525,-23.394,0
2209,36.85348,free_swing,697,478,663,627,13.109,-12.854,0
2210,36.87017,free_swing,677,482,677,632,5.332,0.000,0
2211,36.88685,free_swing,656,482,690,628,-2.672,13.109,0
2212,36.90353,free_swing,639,479,699,616,-9.273,23.651,0
2213,36.92022,free_swing,625,476,705,602,-14.783,32.412,0
2214,36.9369,free_swing,612,472,707,588,-20.016,39.316,0
2215,36.95358,free_swing,602,468,709,576,-24.158,44.734,0
2216,36.97027,free_swing,592,463,707,563,-28.457,48.991,0
2217,36.98695,free_swing,583,459,704,553,-32.208,52.158,0
2218,37.00363,free_swing,576,453,701,545,-35.716,53.647,0
2219,37.02032,free_swing,571,450,697,540,-37.942,54.462,0
2220,37.037,free_swing,567,447,693,537,-39.855,54.462,0
2221,37.05368,free_swing,566,447,691,539,-40.147,53.647,0
2222,37.07037,free_swing,567,447,689,544,-39.855,51.512,0
2223,37.08705,free_swing,570,450,687,552,-38.243,48.918,0
2224,37.10373,free_swing,575,453,685,562,-36.027,45.262,0
2225,37.12042,free_swing,583,458,683,575,-32.412,40.521,0
2226,37.1371,free_swing,592,464,678,589,-28.275,34.528,0
2227,37.15378,free_swing,604,469,673,605,-23.299,26.901,0
2228,37.17047,free_swing,618,474,664,620,-17.583,17.488,0
2229,37.18715,free_swing,637,479,651,630,-10.030,5.297,0
2230,37.20383,free_swing,658,482,637,631,-1.909,-8.022,0
2231,37.22052,free_swing,677,482,625,623,5.332,-20.244,0
2232,37.2372,free_swing,693,479,618,610,11.535,-29.792,0
2233,37.25388,free_swing,706,475,614,594,16.736,-37.708,0
2234,37.27057,free_swing,717,472,612,580,21.092,-44.193,0
2235,37.28725,free_swing,729,466,613,566,26.222,-49.236,0
2236,37.30393,free_swing,740,460,618,553,31.030,-52.682,0
2237,37.32062,free_swing,750,454,623,541,35.493,-55.587,0
2238,37.3373,free_swing,758,448,629,531,39.316,-57.242,0
2239,37.35398,free_swing,764,443,635,525,42.299,-57.558,0
2240,37.37067,free_swing,766,439,639,523,43.909,-56.519,0
2241,37.38735,free_swing,768,438,642,524,44.728,-55.685,0
2242,37.40403,free_swing,768,439,644,528,44.459,-54.331,0
2243,37.42072,free_swing,766,441,645,535,43.379,-52.158,0
2244,37.4374,free_swing,762,445,646,546,41.222,-48.954,0
2245,37.45408,free_swing,755,450,646,559,37.942,-45.000,0
2246,37.47077,free_swing,747,455,649,574,34.330,-39.472,0
2247,37.48745,free_swing,737,462,653,589,29.650,-33.481,0
2248,37.50413,free_swing,724,468,658,607,24.158,-25.399,0
2249,37.52082,free_swing,708,475,669,623,17.468,-14.763,0
2250,37.5375,free_swing,688,480,682,631,9.588,-2.275,0
2251,37.55418,free_swing,665,482,696,629,0.764,11.908,0
2252,37.57087,free_swing,648,481,705,619,-5.749,22.443,0
2253,37.58755,free_swing,632,478,711,605,-11.988,31.884,0
2254,37.60423,free_swing,618,474,714,590,-17.583,39.611,0
2255,37.62092,free_swing,608,470,714,577,-21.730,44.731,0
2256,37.6376,free_swing,597,466,713,565,-26.222,49.521,0
2257,37.65428,free_swing,587,461,710,553,-30.504,53.205,0
2258,37.67097,free_swing,579,456,705,545,-34.114,54.765,0
2259,37.68765,free_swing,573,452,701,539,-36.870,55.797,0
2260,37.70433,free_swing,570,449,697,537,-38.480,55.281,0
2261,37.72102,free_swing,568,448,694,538,-39.316,54.462,0
2262,37.7377,free_swing,570,449,692,543,-38.480,52.386,0
2263,37.75438,free_swing,572,451,691,550,-37.405,50.242,0
2264,37.77107,free_swing,576,454,690,561,-35.493,46.814,0
2265,37.78775,free_swing,583,459,687,574,-32.208,42.125,0
2266,37.80443,free_swing,592,464,682,587,-28.275,36.193,0
2267,37.82112,free_swing,603,469,676,603,-23.651,28.580,0
2268,37.8378,free_swing,618,474,668,618,-17.583,19.148,0
2269,37.85448,free_swing,635,479,655,629,-10.784,7.595,0
2270,37.87117,free_swing,655,482,641,632,-3.053,-5.332,0
2271,37.88785,free_swing,676,481,628,624,4.986,-18.555,0
2272,37.90453,free_swing,692,479,619,611,11.160,-28.944,0
2273,37.92122,free_swing,705,475,615,596,16.368,-36.642,0
2274,37.9379,free_swing,717,471,612,581,21.231,-43.668,0
2275,37.95458,free_swing,727,467,612,567,25.364,-48.991,0
2276,37.97127,free_swing,736,462,614,554,29.316,-52.980,0
2277,37.98795,free_swing,744,457,618,543,32.943,-55.685,0
2278,38.00463,free_swing,751,453,622,534,36.027,-57.875,0
2279,38.02132,free_swing,755,449,625,529,38.179,-58.392,0
2280,38.038,free_swing,759,447,628,527,39.855,-58.588,0
2281,38.05468,free_swing,759,446,630,528,40.101,-57.558,0
2282,38.07137,free_swing,759,447,631,533,39.855,-56.104,0
2283,38.08805,free_swing,755,450,631,540,37.942,-54.028,0
2284,38.10473,free_swing,750,454,631,551,35.493,-50.816,0
2285,38.12142,free_swing,743,458,631,564,32.412,-46.577,0
2286,38.1381,free_swing,734,463,633,579,28.457,-41.046,0
2287,38.15478,free_swing,723,468,636,595,23.806,-34.413,0
2288,38.17147,free_swing,709,474,643,612,17.949,-25.560,0
2289,38.18815,free_swing,693,479,652,626,11.535,-15.584,0
2290,38.20483,free_swing,672,482,667,633,3.434,-1.897,0
2291,38.22152,free_swing,651,482,681,629,-4.574,11.535,0
2292,38.2382,free_swing,634,479,691,617,-11.160,22.443,0
2293,38.25488,free_swing,619,474,697,603,-17.216,31.159,0
2294,38.27157,free_swing,607,470,701,588,-22.087,38.541,0
2295,38.28825,free_swing,598,466,703,576,-25.877,43.668,0
2296,38.30493,free_swing,588,461,703,563,-30.174,48.428,0
2297,38.32162,free_swing,579,456,701,552,-34.114,51.801,0
2298,38.3383,free_swing,573,452,698,543,-36.870,53.945,0
2299,38.35498,free_swing,568,448,694,537,-39.316,54.765,0
2300,38.37167,free_swing,565,446,692,535,-40.684,54.978,0
2301,38.38835,free_swing,565,445,691,535,-40.934,54.462,0
2302,38.40503,free_swing,566,447,691,539,-40.147,53.647,0
2303,38.42172,free_swing,569,449,691,546,-38.779,51.512,0
2304,38.4384,free_swing,575,453,691,556,-36.027,48.397,0
2305,38.45508,free_swing,582,458,690,569,-32.735,44.215,0
2306,38.47177,free_swing,591,463,687,583,-28.794,38.660,0
2307,38.48845,free_swing,603,469,683,599,-23.651,31.608,0
2308,38.50513,free_swing,618,474,677,615,-17.583,22.706,0
2309,38.52182,free_swing,636,479,666,628,-10.408,11.384,0
2310,38.5385,free_swing,655,482,653,633,-3.053,-0.759,0
2311,38.55518,free_swing,677,481,639,627,5.368,-14.589,0
2312,38.57187,free_swing,694,478,630,615,11.988,-25.040,0
2313,38.58855,free_swing,709,474,625,600,17.949,-33.690,0
2314,38.60523,free_swing,721,470,623,585,22.797,-40.437,0
2315,38.62192,free_swing,731,465,622,571,27.080,-45.799,0
2316,38.6386,free_swing,740,460,624,559,31.030,-49.521,0
2317,38.65528,free_swing,748,454,627,547,34.866,-52.454,0
2318,38.67197,free_swing,756,450,631,538,38.243,-54.854,0
2319,38.68865,free_swing,760,446,634,532,40.394,-55.685,0
2320,38.70533,free_swing,763,444,636,530,41.760,-55.896,0
2321,38.72202,free_swing,763,443,638,531,42.016,-54.854,0
2322,38.7387,free_swing,762,445,639,535,41.222,-53.807,0
2323,38.75538,free_swing,759,448,638,543,39.611,-51.864,0
2324,38.77207,free_swing,753,452,638,553,36.870,-48.708,0
2325,38.78875,free_swing,745,457,638,566,33.265,-44.469,0
2326,38.80543,free_swing,736,462,640,581,29.316,-38.894,0
2327,38.82212,free_swing,726,467,643,597,25.017,-32.557,0
2328,38.8388,free_swing,712,473,649,614,19.163,-24.075,0
2329,38.85548,free_swing,695,479,659,627,12.281,-13.671,0
2330,38.87217,free_swing,674,482,674,633,4.194,0.000,0
2331,38.88885,free_swing,652,482,686,627,-4.194,13.196,0
2332,38.90553,free_swing,635,479,695,616,-10.784,23.651,0
2333,38.92222,free_swing,620,475,700,602,-16.736,32.208,0
2334,38.9389,free_swing,609,471,702,588,-21.231,38.480,0
2335,38.95558,free_swing,597,466,704,575,-26.222,44.469,0
2336,38.97227,free_swing,587,461,703,563,-30.504,48.674,0
2337,38.98895,free_swing,579,456,699,553,-34.114,51.050,0
2338,39.00563,free_swing,572,451,695,545,-37.405,52.612,0
2339,39.02232,free_swing,567,447,691,540,-39.855,53.130,0
2340,39.039,free_swing,564,445,688,539,-41.222,52.836,0
2341,39.05568,free_swing,564,444,686,540,-41.474,51.801,0
2342,39.07237,free_swing,565,446,684,545,-40.684,50.242,0
2343,39.08905,free_swing,568,448,683,553,-39.316,47.603,0
2344,39.10573,free_swing,574,452,681,564,-36.563,43.692,0
2345,39.12242,free_swing,581,457,679,577,-33.265,39.237,0
2346,39.1391,free_swing,590,462,674,591,-29.316,33.071,0
2347,39.15578,free_swing,603,468,668,606,-23.806,25.221,0
2348,39.17247,free_swing,618,474,659,621,-17.583,15.584,0
2349,39.18915,free_swing,636,479,647,631,-10.408,4.139,0
2350,39.20583,free_swing,658,482,633,631,-1.909,-9.525,0
2351,39.22252,free_swing,677,482,621,622,5.332,-21.801,0
2352,39.2392,free_swing,693,479,615,608,11.535,-31.159,0
2353,39.25588,free_swing,707,474,612,593,17.216,-38.601,0
2354,39.27257,free_swing,718,471,611,579,21.588,-44.734,0
2355,39.28925,free_swing,729,466,612,566,26.222,-49.479,0
2356,39.30593,free_swing,738,461,616,553,30.174,-52.980,0
2357,39.32262,free_swing,747,455,621,542,34.330,-55.376,0
2358,39.3393,free_swing,754,450,627,535,37.639,-56.206,0
2359,39.35598,free_swing,760,446,632,530,40.394,-56.725,0
2360,39.37267,free_swing,763,443,635,529,42.016,-56.104,0
2361,39.38935,free_swing,764,443,638,531,42.299,-55.069,0
2362,39.40603,free_swing,763,444,641,537,41.760,-52.682,0
2363,39.42272,free_swing,760,446,642,546,40.394,-49.720,0
2364,39.4394,free_swing,754,451,643,558,37.405,-46.051,0
2365,39.45608,free_swing,747,456,645,571,34.114,-41.572,0
2366,39.47277,free_swing,737,461,649,587,29.840,-34.931,0
2367,39.48945,free_swing,726,467,655,603,25.017,-27.567,0
2368,39.50613,free_swing,711,473,663,619,18.800,-18.199,0
2369,39.52282,free_swing,694,479,676,630,11.908,-6.798,0
2370,39.5395,free_swing,672,482,690,631,3.434,6.888,0
2371,39.55618,free_swing,653,481,702,623,-3.840,19.038,0
2372,39.57287,free_swing,637,479,709,609,-10.030,28.980,0
2373,39.58955,free_swing,622,475,713,595,-15.998,37.174,0
2374,39.60623,free_swing,611,472,714,581,-20.376,43.379,0
2375,39.62292,free_swing,600,467,714,568,-25.017,48.460,0
2376,39.6396,free_swing,590,463,712,556,-29.129,52.682,0
2377,39.65628,free_swing,581,457,707,546,-33.265,54.765,0
2378,39.67297,free_swing,574,453,702,539,-36.336,56.104,0
2379,39.68965,free_swing,569,449,698,535,-38.779,56.310,0
2380,39.70633,free_swing,566,446,694,534,-40.394,55.491,0
2381,39.72302,free_swing,565,446,691,537,-40.684,54.162,0
2382,39.7397,free_swing,567,447,689,543,-39.855,51.801,0
2383,39.75638,free_swing,570,450,688,552,-38.243,49.160,0
2384,39.77307,free_swing,576,454,685,564,-35.493,44.738,0
2385,39.78975,free_swing,583,458,683,578,-32.412,39.806,0
2386,39.80643,free_swing,593,464,677,592,-27.937,33.275,0
2387,39.82312,free_swing,606,470,670,608,-22.443,24.880,0
2388,39.8398,free_swing,622,475,660,623,-15.998,14.400,0
2389,39.85648,free_swing,640,480,647,631,-8.833,2.654,0
2390,39.87317,free_swing,661,482,632,630,-0.764,-11.086,0
2391,39.88985,free_swing,680,481,620,619,6.509,-23.499,0
2392,39.90653,free_swing,695,477,614,605,12.445,-32.326,0
2393,39.92322,free_swing,709,474,611,589,17.949,-40.437,0
2394,39.9399,free_swing,720,470,610,575,22.443,-46.332,0
2395,39.95658,free_swing,730,465,611,561,26.737,-51.106,0
2396,39.97327,free_swing,739,460,615,549,30.700,-54.331,0
2397,39.98995,free_swing,748,455,619,538,34.647,-57.242,0
2398,40.00663,free_swing,754,451,623,531,37.405,-58.588,0
2399,40.02332,free_swing,758,447,628,526,39.560,-58.713,0
2400,40.04,free_swing,762,446,631,525,40.972,-58.908,0
2401,40.05668,free_swing,762,444,633,527,41.474,-57.242,0
2402,40.07337,free_swing,761,446,634,533,40.684,-55.587,0
2403,40.09005,free_swing,758,449,636,541,39.075,-52.980,0
2404,40.10673,free_swing,752,453,635,552,36.336,-49.764,0
2405,40.12342,free_swing,744,457,636,567,32.943,-44.474,0
2406,40.1401,free_swing,735,463,638,582,28.794,-39.184,0
2407,40.15678,free_swing,724,469,643,599,24.001,-31.926,0
2408,40.17347,free_swing,709,474,650,616,17.949,-22.563,0
2409,40.19015,free_swing,691,480,662,629,10.713,-11.014,0
2410,40.20683,free_swing,669,482,676,633,2.291,2.654,0
2411,40.22352,free_swing,649,481,689,626,-5.368,15.422,0
2412,40.2402,free_swing,633,478,697,613,-11.611,25.364,0
2413,40.25688,free_swing,618,474,702,598,-17.583,34.114,0
2414,40.27357,free_swing,607,470,705,584,-22.087,40.684,0
2415,40.29025,free_swing,596,465,706,570,-26.737,46.332,0
2416,40.30693,free_swing,586,460,705,558,-31.030,50.528,0
2417,40.32362,free_swing,578,455,702,547,-34.647,53.427,0
2418,40.3403,free_swing,571,451,698,540,-37.708,54.978,0
2419,40.35698,free_swing,566,447,694,535,-40.147,55.491,0
2420,40.37367,free_swing,564,445,692,532,-41.222,55.797,0
2421,40.39035,free_swing,564,444,691,534,-41.474,54.676,0
2422,40.40703,free_swing,565,446,690,539,-40.684,53.351,0
2423,40.42372,free_swing,569,449,690,547,-38.779,50.995,0
2424,40.4404,free_swing,574,453,689,558,-36.336,47.603,0
2425,40.45708,free_swing,582,458,688,571,-32.735,43.169,0
2426,40.47377,free_swing,592,463,684,586,-28.457,36.795,0
2427,40.49045,free_swing,604,469,680,602,-23.299,29.745,0
2428,40.50713,free_swing,619,474,672,617,-17.216,20.336,0
2429,40.52382,free_swing,638,479,661,630,-9.652,8.661,0
2430,40.5405,free_swing,658,482,646,632,-1.909,-4.574,0
2431,40.55718,free_swing,679,481,634,625,6.129,-17.354,0
2432,40.57387,free_swing,696,478,626,611,12.736,-27.759,0
2433,40.59055,free_swing,710,474,622,596,18.314,-35.803,0
2434,40.60723,free_swing,722,469,619,581,23.299,-42.603,0
2435,40.62392,free_swing,732,464,619,567,27.597,-47.651,0
2436,40.6406,free_swing,743,459,622,554,32.208,-51.864,0
2437,40.65728,free_swing,750,453,626,543,35.716,-54.028,0
2438,40.67397,free_swing,757,449,630,534,38.779,-56.206,0
2439,40.69065,free_swing,761,445,634,529,40.934,-56.519,0
2440,40.70733,free_swing,764,443,636,527,42.299,-56.725,0
2441,40.72402,free_swing,765,442,638,528,42.839,-55.896,0
2442,40.7407,free_swing,764,443,639,533,42.299,-54.246,0
2443,40.75738,free_swing,760,446,638,541,40.394,-52.093,0
2444,40.77407,free_swing,754,451,638,552,37.405,-48.954,0
2445,40.79075,free_swing,747,456,638,566,34.114,-44.738,0
2446,40.80743,free_swing,738,461,639,580,30.174,-39.758,0
2447,40.82412,free_swing,726,467,643,597,25.017,-32.557,0
2448,40.8408,free_swing,711,473,649,614,18.800,-23.736,0
2449,40.85748,free_swing,695,479,659,628,12.281,-13.583,0
2450,40.87417,free_swing,673,482,673,633,3.814,0.000,0
2451,40.89085,free_swing,652,481,686,628,-4.222,13.023,0
2452,40.90753,free_swing,635,479,695,616,-10.784,23.651,0
2453,40.92422,free_swing,619,474,700,602,-17.216,32.326,0
2454,40.9409,free_swing,607,470,702,587,-22.087,39.075,0
2455,40.95758,free_swing,597,466,704,574,-26.222,44.734,0
2456,40.97427,free_swing,587,461,702,562,-30.504,48.708,0
2457,40.99095,free_swing,578,456,699,552,-34.430,51.572,0
2458,41.00763,free_swing,572,451,695,544,-37.405,52.907,0
2459,41.02432,free_swing,567,447,692,538,-39.855,53.945,0
2460,41.041,free_swing,565,445,689,537,-40.934,53.427,0
2461,41.05768,free_swing,564,445,687,539,-41.222,52.612,0
2462,41.07437,free_swing,566,446,686,544,-40.394,50.763,0
2463,41.09105,free_swing,569,449,685,552,-38.779,48.397,0
2464,41.10773,free_swing,574,453,684,564,-36.336,44.741,0
2465,41.12442,free_swing,583,458,682,577,-32.412,39.758,0
2466,41.1411,free_swing,592,464,678,591,-28.275,34.104,0
2467,41.15778,free_swing,605,469,672,606,-22.946,26.061,0
2468,41.17447,free_swing,621,475,663,621,-16.368,16.049,0
2469,41.19115,free_swing,638,480,651,631,-9.588,4.921,0
2470,41.20783,free_swing,660,482,637,631,-1.146,-8.775,0
2471,41.22452,free_swing,680,481,626,622,6.509,-20.956,0
2472,41.2412,free_swing,696,478,619,608,12.736,-30.639,0
2473,41.25788,free_swing,709,474,616,593,17.949,-38.008,0
2474,41.27457,free_swing,720,470,615,579,22.443,-43.929,0
2475,41.29125,free_swing,730,466,615,565,26.565,-49.276,0
2476,41.30793,free_swing,741,459,620,552,31.557,-52.454,0
2477,41.32462,free_swing,750,453,626,542,35.716,-54.331,0
2478,41.3413,free_swing,758,448,631,533,39.316,-56.206,0
2479,41.35798,free_swing,762,444,636,528,41.474,-56.310,0
2480,41.37467,free_swing,766,441,639,527,43.379,-55.896,0
2481,41.39135,free_swing,767,440,641,529,43.919,-54.765,0
2482,41.40803,free_swing,766,442,644,535,43.118,-52.682,0
2483,41.42472,free_swing,762,445,644,544,41.222,-50.004,0
2484,41.4414,free_swing,757,449,645,555,38.779,-46.577,0
2485,41.45808,free_swing,750,454,647,568,35.493,-42.098,0
2486,41.47477,free_swing,741,460,650,583,31.357,-36.495,0
2487,41.49145,free_swing,729,466,655,600,26.222,-28.909,0
2488,41.50813,free_swing,715,472,663,616,20.376,-19.855,0
2489,41.52482,free_swing,698,478,675,628,13.481,-8.717,0
2490,41.5415,free_swing,676,482,689,631,4.953,4.986,0
2491,41.55818,free_swing,656,482,701,624,-2.672,17.583,0
2492,41.57487,free_swing,639,479,708,611,-9.273,27.597,0
2493,41.59155,free_swing,624,476,712,597,-15.154,36.027,0
2494,41.60823,free_swing,612,472,714,583,-20.016,42.580,0
2495,41.62492,free_swing,601,468,713,570,-24.507,47.675,0
2496,41.6416,free_swing,591,463,711,559,-28.794,51.340,0
2497,41.65828,free_swing,582,458,707,549,-32.735,53.945,0
2498,41.67497,free_swing,575,454,702,542,-35.803,55.281,0
2499,41.69165,free_swing,571,449,698,538,-38.179,54.978,0
2500,41.70833,free_swing,568,447,694,536,-39.560,54.765,0
2501,41.72502,free_swing,567,447,692,539,-39.855,53.647,0
2502,41.7417,free_swing,568,449,690,545,-39.075,51.801,0
2503,41.75838,free_swing,572,451,688,555,-37.405,48.122,0
2504,41.77507,free_swing,578,455,686,567,-34.647,43.958,0
2505,41.79175,free_swing,586,460,683,580,-31.030,38.950,0
2506,41.80843,free_swing,596,466,677,594,-26.565,32.326,0
2507,41.82512,free_swing,609,471,670,610,-21.231,23.694,0
2508,41.8418,free_swing,625,476,660,624,-14.783,13.305,0
2509,41.85848,free_swing,642,480,646,632,-8.076,1.507,0
2510,41.87517,free_swing,664,482,631,629,0.382,-12.653,0
2511,41.89185,free_swing,682,480,621,618,7.316,-23.847,0
2512,41.90853,free_swing,698,477,615,603,13.570,-33.374,0
2513,41.92522,free_swing,710,474,612,588,18.314,-40.684,0
2514,41.9419,free_swing,722,469,611,574,23.299,-46.591,0
2515,41.95858,free_swing,732,465,612,561,27.420,-51.340,0
2516,41.97527,free_swing,741,460,616,548,31.357,-54.854,0
2517,41.99195,free_swing,748,455,620,538,34.647,-57.039,0
2518,42.00863,free_swing,754,450,625,530,37.639,-58.195,0
2519,42.02532,free_swing,759,447,629,526,39.855,-58.713,0
2520,42.042,free_swing,762,445,632,525,41.222,-58.392,0
2521,42.05868,free_swing,763,444,634,528,41.760,-56.929,0
2522,42.07537,free_swing,760,446,635,533,40.394,-55.162,0
2523,42.09205,free_swing,757,448,635,542,39.019,-52.386,0
2524,42.10873,free_swing,752,453,635,554,36.336,-49.198,0
2525,42.12542,free_swing,744,458,637,568,32.735,-44.208,0
2526,42.1421,free_swing,734,463,639,584,28.457,-38.136,0
2527,42.15878,free_swing,723,468,644,601,23.806,-30.710,0
2528,42.17547,free_swing,708,475,652,617,17.468,-21.523,0
2529,42.19215,free_swing,690,479,664,629,10.408,-9.834,0
2530,42.20883,free_swing,669,482,679,632,2.291,3.814,0
2531,42.22552,free_swing,649,481,691,625,-5.368,16.260,0
2532,42.2422,free_swing,633,478,699,612,-11.611,26.222,0
2533,42.25888,free_swing,618,474,704,597,-17.583,34.961,0
2534,42.27557,free_swing,607,470,707,583,-22.087,41.507,0
2535,42.29225,free_swing,596,466,708,570,-26.565,47.121,0
2536,42.30893,free_swing,587,461,706,558,-30.504,50.816,0
2537,42.32562,free_swing,579,456,703,548,-34.114,53.427,0
2538,42.3423,free_swing,572,451,699,539,-37.405,55.281,0
2539,42.35898,free_swing,568,447,695,535,-39.560,55.281,0
2540,42.37567,free_swing,566,446,693,534,-40.394,55.281,0
2541,42.39235,free_swing,566,446,692,536,-40.394,54.462,0
2542,42.40903,free_swing,567,448,691,541,-39.611,53.130,0
2543,42.42572,free_swing,571,450,691,549,-37.942,50.477,0
2544,42.4424,free_swing,577,454,691,561,-35.181,46.814,0
2545,42.45908,free_swing,585,459,689,574,-31.557,42.125,0
2546,42.47577,free_swing,594,465,685,588,-27.420,36.495,0
2547,42.49245,free_swing,607,470,680,605,-22.087,28.402,0
2548,42.50913,free_swing,623,476,672,620,-15.524,18.792,0
2549,42.52582,free_swing,641,480,659,631,-8.455,6.798,0
2550,42.5425,free_swing,663,482,645,631,0.000,-6.888,0
2551,42.55918,free_swing,683,481,633,623,7.645,-19.398,0
2552,42.57587,free_swing,699,477,625,609,13.943,-29.275,0
2553,42.59255,free_swing,712,473,621,594,19.163,-36.946,0
2554,42.60923,free_swing,723,469,620,579,23.651,-43.118,0
2555,42.62592,free_swing,736,463,621,564,29.129,-48.708,0
2556,42.6426,free_swing,747,456,625,549,34.114,-52.682,0
2557,42.65928,free_swing,756,449,630,537,38.480,-55.069,0
2558,42.67597,free_swing,763,443,636,527,42.016,-56.519,0
2559,42.69265,free_swing,768,438,640,521,44.728,-57.039,0
2560,42.70933,free_swing,771,436,642,519,46.081,-57.242,0
2561,42.72602,free_swing,772,435,644,519,46.621,-56.725,0
2562,42.7427,free_swing,771,436,645,524,46.081,-55.069,0
2563,42.75938,free_swing,768,439,645,531,44.459,-53.205,0
2564,42.77607,free_swing,762,444,644,541,41.474,-50.579,0
2565,42.79275,free_swing,756,449,643,554,38.480,-47.102,0
2566,42.80943,free_swing,747,456,643,570,34.114,-42.374,0
2567,42.82612,free_swing,737,462,646,585,29.650,-36.495,0
2568,42.8428,free_swing,724,468,650,604,24.158,-28.551,0
2569,42.85948,free_swing,708,475,658,620,17.468,-19.026,0
2570,42.87617,free_swing,687,480,670,631,9.211,-6.423,0
2571,42.89285,free_swing,664,482,684,631,0.382,7.645,0
2572,42.90953,free_swing,645,480,694,622,-6.934,19.038,0
2573,42.92622,free_swing,628,477,701,607,-13.570,29.316,0
2574,42.9429,free_swing,614,473,703,592,-19.163,36.793,0
2575,42.95958,free_swing,601,468,705,579,-24.507,43.135,0
2576,42.97627,free_swing,591,463,704,567,-28.794,47.375,0
2577,42.99295,free_swing,582,458,702,555,-32.735,51.050,0
2578,43.00963,free_swing,575,453,698,546,-36.027,52.907,0
2579,43.02632,free_swing,570,449,695,541,-38.480,53.647,0
2580,43.043,free_swing,567,447,692,538,-39.855,53.945,0
2581,43.05968,free_swing,566,447,690,539,-40.147,53.427,0
2582,43.07637,free_swing,568,448,690,544,-39.316,51.801,0
2583,43.09305,free_swing,570,450,689,551,-38.243,49.677,0
2584,43.10973,free_swing,576,454,688,562,-35.493,46.042,0
2585,43.12642,free_swing,583,459,686,574,-32.208,41.849,0
2586,43.1431,free_swing,593,464,683,588,-27.937,35.972,0
2587,43.15978,free_swing,606,469,677,604,-22.590,27.741,0
2588,43.17647,free_swing,620,474,669,619,-16.847,18.672,0
2589,43.19315,free_swing,637,480,658,630,-9.964,7.970,0
2590,43.20983,free_swing,658,482,644,632,-1.909,-5.332,0
2591,43.22652,free_swing,679,481,632,624,6.129,-18.194,0
2592,43.2432,free_swing,695,478,624,611,12.362,-28.095,0
2593,43.25988,free_swing,709,473,620,596,18.068,-35.889,0
2594,43.27657,free_swing,720,470,618,581,22.443,-42.580,0
2595,43.29325,free_swing,730,465,618,567,26.737,-47.675,0
2596,43.30993,free_swing,740,460,620,555,31.030,-51.633,0
2597,43.32662,free_swing,748,455,624,545,34.647,-54.028,0
2598,43.3433,free_swing,754,451,627,537,37.405,-55.896,0
2599,43.35998,free_swing,758,448,631,532,39.316,-56.519,0
2600,43.37667,free_swing,761,446,633,531,40.684,-56.413,0
2601,43.39335,free_swing,760,446,634,533,40.394,-55.376,0
2602,43.41003,free_swing,758,447,635,538,39.560,-53.505,0
2603,43.42672,free_swing,755,450,635,547,37.942,-51.050,0
2604,43.4434,free_swing,748,454,635,558,34.866,-47.375,0
2605,43.46008,free_swing,740,460,635,572,31.030,-43.152,0
2606,43.47677,free_swing,730,465,639,586,26.737,-36.946,0
2607,43.49345,free_swing,719,470,642,603,22.087,-30.069,0
2608,43.51013,free_swing,703,476,650,620,15.524,-20.206,0
2609,43.52682,free_swing,686,481,662,630,8.775,-9.150,0
2610,43.5435,free_swing,663,482,676,632,0.000,4.953,0
2611,43.56018,free_swing,644,481,687,624,-7.267,16.736,0
2612,43.57687,free_swing,629,477,695,611,-13.196,26.222,0
2613,43.59355,free_swing,615,473,700,597,-18.800,34.430,0
2614,43.61023,free_swing,604,469,702,583,-23.299,40.684,0
2615,43.62692,free_swing,594,464,703,571,-27.597,45.531,0
2616,43.6436,free_swing,585,459,701,559,-31.557,49.236,0
2617,43.66028,free_swing,576,455,698,550,-35.272,52.093,0
2618,43.67697,free_swing,571,450,694,543,-37.942,52.907,0
2619,43.69365,free_swing,567,447,691,539,-39.855,53.427,0
2620,43.71033,free_swing,565,446,689,539,-40.684,53.130,0
2621,43.72702,free_swing,566,446,687,542,-40.394,51.572,0
2622,43.7437,free_swing,568,448,687,548,-39.316,49.958,0
2623,43.76038,free_swing,572,451,686,557,-37.405,47.083,0
2624,43.77707,free_swing,579,456,685,569,-34.114,43.169,0
2625,43.79375,free_swing,587,461,682,582,-30.504,38.136,0
2626,43.81043,free_swing,598,466,677,597,-25.877,31.092,0
2627,43.82712,free_swing,612,472,671,613,-20.016,22.706,0
2628,43.8438,free_swing,629,477,661,626,-13.196,12.121,0
2629,43.86048,free_swing,649,482,647,632,-5.332,-0.764,0
2630,43.87717,free_swing,669,482,634,628,2.291,-13.481,0
2631,43.89385,free_swing,687,480,625,617,9.211,-24.349,0
2632,43.91053,free_swing,703,476,620,602,15.524,-33.374,0
2633,43.92722,free_swing,715,472,617,587,20.376,-40.437,0
2634,43.9439,free_swing,727,468,616,573,25.201,-46.591,0
2635,43.96058,free_swing,736,462,619,560,29.316,-50.050,0
2636,43.97727,free_swing,745,457,622,548,33.265,-53.505,0
2637,43.99395,free_swing,752,452,627,539,36.563,-55.162,0
2638,44.01063,free_swing,758,447,632,531,39.560,-56.310,0
2639,44.02732,free_swing,762,443,635,529,41.730,-55.896,0
2640,44.044,free_swing,764,442,638,529,42.558,-55.376,0
2641,44.06068,free_swing,764,443,640,532,42.299,-54.331,0
2642,44.07737,free_swing,762,444,642,539,41.474,-51.633,0
2643,44.09405,free_swing,758,448,642,549,39.316,-48.954,0
2644,44.11073,free_swing,751,452,642,562,36.254,-44.738,0
2645,44.12742,free_swing,743,458,645,576,32.412,-39.710,0
2646,44.1441,free_swing,732,464,648,592,27.597,-33.275,0
2647,44.16078,free_swing,720,470,654,609,22.443,-25.399,0
2648,44.17747,free_swing,704,477,664,624,15.789,-15.222,0
2649,44.19415,free_swing,684,481,677,632,8.022,-2.654,0
2650,44.21083,free_swing,662,482,690,630,-0.382,10.713,0
2651,44.22752,free_swing,645,480,700,619,-6.934,21.588,0
2652,44.2442,free_swing,629,477,706,605,-13.196,31.030,0
2653,44.26088,free_swing,615,473,709,590,-18.800,38.779,0
2654,44.27757,free_swing,605,469,710,577,-22.946,44.193,0
2655,44.29425,free_swing,594,464,709,565,-27.597,48.708,0
2656,44.31093,free_swing,584,459,706,554,-31.884,52.093,0
2657,44.32762,free_swing,576,454,701,545,-35.493,53.945,0
2658,44.3443,free_swing,570,450,696,539,-38.243,54.765,0
2659,44.36098,free_swing,566,446,692,536,-40.394,54.462,0
2660,44.37767,free_swing,565,445,689,537,-40.934,53.427,0
2661,44.39435,free_swing,565,445,687,541,-40.934,51.801,0
2662,44.41103,free_swing,567,447,685,548,-39.855,49.439,0
2663,44.42772,free_swing,571,450,683,558,-37.942,46.042,0
2664,44.4444,free_swing,578,455,681,571,-34.647,41.603,0
2665,44.46108,free_swing,586,460,677,585,-31.030,36.055,0
2666,44.47777,free_swing,599,466,671,600,-25.530,28.250,0
2667,44.49445,free_swing,613,472,663,616,-19.654,19.148,0
2668,44.51113,free_swing,629,478,651,628,-13.109,8.344,0
2669,44.52782,free_swing,649,481,637,632,-5.368,-4.544,0
2670,44.5445,free_swing,670,482,624,625,2.672,-17.832,0
2671,44.56118,free_swing,687,480,616,612,9.211,-28.275,0
2672,44.57787,free_swing,702,476,612,597,15.154,-36.642,0
2673,44.59455,free_swing,714,472,610,583,20.016,-43.135,0
2674,44.61123,free_swing,725,467,610,569,24.667,-48.428,0
2675,44.62792,free_swing,737,462,614,554,29.650,-53.205,0
2676,44.6446,free_swing,748,455,621,542,34.647,-55.587,0
2677,44.66128,free_swing,756,449,628,532,38.480,-57.039,0
2678,44.67797,free_swing,763,443,634,524,42.016,-57.875,0
2679,44.69465,free_swing,768,439,639,521,44.459,-57.558,0
2680,44.71133,free_swing,771,436,643,521,46.081,-56.413,0
2681,44.72802,free_swing,771,436,646,524,46.081,-54.854,0
2682,44.7447,free_swing,769,437,648,532,45.272,-51.864,0
2683,44.76138,free_swing,767,440,650,541,43.919,-49.198,0
2684,44.77807,free_swing,761,446,651,553,40.684,-45.792,0
2685,44.79475,free_swing,754,451,653,568,37.405,-40.802,0
2686,44.81143,free_swing,744,457,657,584,32.943,-34.413,0
2687,44.82812,free_swing,733,464,663,601,27.937,-27.065,0
2688,44.8448,free_swing,718,471,672,617,21.588,-17.488,0
2689,44.86148,free_swing,698,477,684,629,13.570,-5.262,0
2690,44.87817,free_swing,678,481,699,630,5.749,8.022,0
2691,44.89485,free_swing,657,481,710,622,-2.306,20.601,0
2692,44.91153,free_swing,640,479,716,608,-8.893,30.504,0
2693,44.92822,free_swing,625,476,719,592,-14.783,39.019,0
2694,44.9449,free_swing,613,473,720,579,-19.525,45.269,0
2695,44.96158,free_swing,601,468,719,566,-24.507,50.290,0
2696,44.97827,free_swing,591,463,715,554,-28.794,53.726,0
2697,44.99495,free_swing,582,458,709,545,-32.735,55.587,0
2698,45.01163,free_swing,575,453,704,538,-36.027,56.619,0
2699,45.02832,free_swing,571,449,699,535,-38.179,56.104,0
2700,45.045,free_swing,567,448,695,535,-39.611,55.797,0
2701,45.06168,free_swing,567,447,692,539,-39.855,53.647,0
2702,45.07837,free_swing,568,449,690,545,-39.075,51.801,0
2703,45.09505,free_swing,572,451,688,555,-37.405,48.122,0
2704,45.11173,free_swing,578,455,685,567,-34.647,43.692,0
2705,45.12842,free_swing,586,460,681,581,-31.030,38.136,0
2706,45.1451,free_swing,595,465,675,596,-27.080,31.412,0
2707,45.16178,free_swing,609,471,667,612,-21.231,22.360,0
2708,45.17847,free_swing,625,477,656,625,-14.685,11.830,0
2709,45.19515,free_swing,643,481,642,632,-7.645,-0.379,0
2710,45.21183,free_swing,664,482,627,628,0.382,-14.221,0
2711,45.22852,free_swing,682,480,616,616,7.316,-25.887,0
2712,45.2452,free_swing,698,477,611,600,13.570,-35.272,0
2713,45.26188,free_swing,711,473,607,585,18.800,-42.879,0
2714,45.27857,free_swing,721,470,607,569,22.797,-49.028,0
2715,45.29525,free_swing,732,465,609,556,27.420,-53.505,0
2716,45.31193,free_swing,742,460,613,543,31.682,-57.242,0
2717,45.32862,free_swing,748,455,617,533,34.647,-59.230,0
2718,45.3453,free_swing,754,451,621,525,37.405,-60.909,0
2719,45.36198,free_swing,758,448,625,521,39.316,-61.239,0
2720,45.37867,free_swing,760,446,627,521,40.394,-60.581,0
2721,45.39535,free_swing,761,446,628,524,40.684,-59.610,0
2722,45.41203,free_swing,758,448,629,529,39.316,-57.875,0
2723,45.42872,free_swing,754,450,629,538,37.639,-54.854,0
2724,45.4454,free_swing,749,454,627,551,35.181,-51.512,0
2725,45.46208,free_swing,740,459,627,565,31.228,-46.831,0
2726,45.47877,free_swing,730,465,630,581,26.737,-40.764,0
2727,45.49545,free_swing,718,470,633,598,21.730,-33.587,0
2728,45.51213,free_swing,703,475,640,615,15.627,-24.228,0
2729,45.52882,free_swing,686,481,651,628,8.775,-13.392,0
2730,45.5455,free_swing,663,482,666,633,0.000,1.138,0
2731,45.56218,free_swing,643,480,679,626,-7.696,13.851,0
2732,45.57887,free_swing,627,476,689,613,-14.036,24.349,0
2733,45.59555,free_swing,613,472,695,598,-19.654,33.056,0
2734,45.61223,free_swing,601,468,698,582,-24.507,40.394,0
2735,45.62892,free_swing,590,463,700,570,-29.129,45.792,0
2736,45.6456,free_swing,581,458,699,557,-33.056,50.004,0
2737,45.66228,free_swing,574,453,697,545,-36.336,53.205,0
2738,45.67897,free_swing,568,448,695,537,-39.316,54.978,0
2739,45.69565,free_swing,565,445,693,532,-40.934,55.797,0
2740,45.71233,free_swing,563,444,692,531,-41.760,56.004,0
2741,45.72902,free_swing,563,444,692,532,-41.760,55.699,0
2742,45.7457,free_swing,566,446,693,537,-40.394,54.377,0
2743,45.76238,free_swing,571,450,694,545,-37.942,52.319,0
2744,45.77907,free_swing,577,454,696,556,-35.181,49.399,0
2745,45.79575,free_swing,585,460,696,568,-31.357,45.785,0
2746,45.81243,free_swing,596,465,694,583,-26.737,39.710,0
2747,45.82912,free_swing,608,470,691,599,-21.730,32.758,0
2748,45.8458,free_swing,624,476,685,616,-15.154,23.543,0
2749,45.86248,free_swing,643,480,675,628,-7.696,12.200,0
2750,45.87917,free_swing,664,482,661,633,0.382,-1.138,0
2751,45.89585,free_swing,685,480,648,626,8.455,-14.221,0
2752,45.91253,free_swing,702,476,639,613,15.154,-24.696,0
2753,45.92922,free_swing,716,472,634,598,20.735,-33.056,0
2754,45.9459,free_swing,727,467,632,583,25.364,-39.316,0
2755,45.96258,free_swing,738,462,631,569,29.982,-45.000,0
2756,45.97927,free_swing,746,456,632,556,33.797,-48.743,0
2757,45.99595,free_swing,754,451,634,545,37.405,-51.927,0
2758,46.01263,free_swing,760,447,637,537,40.147,-53.807,0
2759,46.02932,free_swing,763,443,638,532,42.016,-54.549,0
