frame,time_s,phase,x_green,y_green,x_red,y_red,theta1_deg,theta2_deg,dropout
0,0.0,holding,769,355,607,355,90.000000,-90.0,0
1,0.01668,holding,,,,,,,1
2,0.03337,holding,,,,,,,1
3,0.05005,holding,,,,,,,1
4,0.06673,holding,,,,,,,1
5,0.08342,holding,,,,,,,1
6,0.1001,holding,,,,,,,1
7,0.11678,holding,,,,,,,1
8,0.13347,holding,,,,,,,1
9,0.15015,holding,,,,,,,1
10,0.16683,holding,,,,,,,1
11,0.18352,holding,,,,,,,1
12,0.2002,holding,,,,,,,1
13,0.21688,holding,,,,,,,1
14,0.23357,holding,,,,,,,1
15,0.25025,holding,,,,,,,1
16,0.26693,holding,,,,,,,1
17,0.28362,holding,,,,,,,1
18,0.3003,holding,,,,,,,1
19,0.31698,holding,,,,,,,1
20,0.33367,holding,,,,,,,1
21,0.35035,holding,,,,,,,1
22,0.36703,holding,,,,,,,1
23,0.38372,holding,,,,,,,1
24,0.4004,holding,,,,,,,1
25,0.41708,holding,,,,,,,1
26,0.43377,holding,,,,,,,1
27,0.45045,holding,,,,,,,1
28,0.46713,holding,,,,,,,1
29,0.48382,holding,,,,,,,1
30,0.5005,holding,,,,,,,1
31,0.51718,holding,,,,,,,1
32,0.53387,holding,,,,,,,1
33,0.55055,holding,,,,,,,1
34,0.56723,holding,,,,,,,1
35,0.58392,holding,,,,,,,1
36,0.6006,holding,,,,,,,1
37,0.61728,holding,,,,,,,1
38,0.63397,holding,,,,,,,1
39,0.65065,holding,,,,,,,1
40,0.66733,holding,,,,,,,1
41,0.68402,holding,,,,,,,1
42,0.7007,holding,,,,,,,1
43,0.71738,holding,,,,,,,1
44,0.73407,holding,,,,,,,1
45,0.75075,holding,,,,,,,1
46,0.76743,holding,,,,,,,1
47,0.78412,holding,,,,,,,1
48,0.8008,holding,,,,,,,1
49,0.81748,holding,,,,,,,1
50,0.83417,holding,,,,,,,1
51,0.85085,holding,,,,,,,1
52,0.86753,holding,,,,,,,1
53,0.88422,holding,,,,,,,1
54,0.9009,holding,,,,,,,1
55,0.91758,holding,,,,,,,1
56,0.93427,holding,,,,,,,1
57,0.95095,holding,,,,,,,1
58,0.96763,holding,,,,,,,1
59,0.98432,holding,,,,,,,1
60,1.001,holding,,,,,,,1
61,1.01768,holding,,,,,,,1
62,1.03437,holding,,,,,,,1
63,1.05105,holding,,,,,,,1
64,1.06773,holding,,,,,,,1
65,1.08442,holding,,,,,,,1
66,1.1011,holding,,,,,,,1
67,1.11778,holding,,,,,,,1
68,1.13447,holding,,,,,,,1
69,1.15115,holding,,,,,,,1
70,1.16783,holding,,,,,,,1
71,1.18452,holding,,,,,,,1
72,1.2012,holding,,,,,,,1
73,1.21788,holding,,,,,,,1
74,1.23457,holding,,,,,,,1
75,1.25125,holding,,,,,,,1
76,1.26793,holding,,,,,,,1
77,1.28462,holding,,,,,,,1
78,1.3013,holding,,,,,,,1
79,1.31798,holding,,,,,,,1
80,1.33467,holding,,,,,,,1
81,1.35135,holding,,,,,,,1
82,1.36803,holding,,,,,,,1
83,1.38472,holding,,,,,,,1
84,1.4014,holding,,,,,,,1
85,1.41808,free_swing,,,,,,,1
86,1.43477,free_swing,,,,,,,1
87,1.45145,free_swing,,,,,,,1
88,1.46813,free_swing,,,,,,,1
89,1.48482,free_swing,762,406,600,428,71.676739,-82.266,0
90,1.5015,free_swing,757,419,596,445,66.755016,-80.826,0
91,1.51818,free_swing,750,432,591,464,61.531081,-78.621,0
92,1.53487,free_swing,742,445,584,485,56.113041,-75.793,0
93,1.55155,free_swing,732,458,577,509,50.285447,-71.787,0
94,1.56823,free_swing,721,471,570,536,44.249443,-66.71,0
95,1.58492,free_swing,708,483,562,564,37.998732,-60.979,0
96,1.6016,free_swing,691,494,557,595,30.842367,-52.994,0
97,1.61828,free_swing,671,504,556,627,22.919555,-43.075,0
98,1.63497,free_swing,640,523,559,663,10.784298,-30.052,0
99,1.65165,free_swing,615,519,573,679,2.444068,-14.708,0
100,1.66833,free_swing,580,515,593,680,-9.926246,4.505,0
101,1.68502,free_swing,552,508,608,659,-20.103286,20.348,0
102,1.7017,free_swing,528,496,618,634,-29.569531,33.111,0
103,1.71838,free_swing,509,485,619,600,-37.290667,43.727,0
104,1.73507,free_swing,495,470,622,574,-44.497418,50.686,0
105,1.75175,free_swing,484,458,621,545,-50.285447,57.583,0
106,1.76843,free_swing,475,445,619,518,-55.914113,63.118,0
107,1.78512,free_swing,467,433,617,494,-61.049005,67.87,0
108,1.8018,free_swing,461,421,615,471,-65.820893,72.013,0
109,1.81848,free_swing,457,410,613,451,-69.986433,75.275,0
110,1.83517,free_swing,454,400,612,431,-73.711226,78.899,0
111,1.85185,free_swing,452,390,611,417,-77.354580,80.362,0
112,1.86853,free_swing,450,383,614,403,-79.950651,83.047,0
113,1.88522,free_swing,449,376,637,388,-82.476180,86.191,0
114,1.9019,free_swing,448,372,636,374,-83.935078,89.332,0
115,1.91858,free_swing,448,369,610,362,-84.999355,92.474,0
116,1.93527,free_swing,448,367,611,363,-85.710847,91.406,0
117,1.95195,free_swing,448,367,608,343,-85.710847,98.531,0
118,1.96863,free_swing,448,369,606,337,-84.999355,101.449,0
119,1.98532,free_swing,449,373,605,330,-83.541184,105.41,0
120,2.002,free_swing,449,378,602,326,-81.769025,108.771,0
121,2.01868,free_swing,450,385,600,324,-79.249033,112.13,0
122,2.03537,free_swing,452,393,598,323,-76.309950,115.615,0
123,2.05205,free_swing,455,403,596,323,-72.582029,119.57,0
124,2.06873,free_swing,459,415,593,324,-68.066115,124.181,0
125,2.08542,free_swing,464,427,591,325,-63.434949,128.77,0
126,2.1021,free_swing,472,441,589,328,-57.692666,134.004,0
127,2.11878,free_swing,482,456,588,334,-51.284780,139.014,0
128,2.13547,free_swing,495,470,588,337,-44.497418,145.037,0
129,2.15215,free_swing,510,484,588,340,-37.223571,151.557,0
130,2.16883,free_swing,528,496,589,344,-29.569531,158.134,0
131,2.18552,free_swing,548,506,590,348,-21.670448,165.114,0
132,2.2022,free_swing,572,513,592,350,-12.835609,173.005,0
133,2.21888,free_swing,596,517,594,352,-4.236395,-179.306,0
134,2.23557,free_swing,620,517,595,354,4.236395,-171.28,0
135,2.25225,free_swing,645,513,595,355,13.179868,-162.44,0
136,2.26893,free_swing,666,502,594,357,21.532101,-153.593,0
137,2.28562,free_swing,688,495,594,361,29.744881,-144.951,0
138,2.3023,free_swing,707,482,594,365,37.937397,-135.996,0
139,2.31898,free_swing,724,468,593,370,45.750557,-126.8,0
140,2.33567,free_swing,737,453,592,377,52.776429,-117.661,0
141,2.35235,free_swing,748,436,593,386,59.947552,-107.879,0
142,2.36903,free_swing,756,420,595,396,66.289438,-98.479,0
143,2.38572,free_swing,762,406,599,403,71.676739,-91.054,0
144,2.4024,free_swing,765,392,608,427,76.739141,-77.433,0
145,2.41908,free_swing,768,381,617,441,80.770114,-68.33,0
146,2.43577,free_swing,769,372,630,457,83.972470,-58.554,0
147,2.45245,free_swing,769,366,647,473,86.091456,-48.748,0
148,2.46913,free_swing,770,362,664,489,87.525796,-39.85,0
149,2.48582,free_swing,770,362,683,503,87.525796,-31.675,0
150,2.5025,free_swing,770,364,705,517,86.820170,-23.018,0
151,2.51918,free_swing,769,368,726,529,85.383648,-14.954,0
152,2.53587,free_swing,768,376,748,542,82.522670,-6.87,0
153,2.55255,free_swing,767,386,772,554,78.967527,1.705,0
154,2.56923,free_swing,764,399,795,564,74.248826,10.641,0
155,2.58592,free_swing,758,415,817,571,68.198591,20.717,0
156,2.6026,free_swing,749,435,840,574,60.430469,33.212,0
157,2.61928,free_swing,733,458,856,567,50.511477,48.453,0
158,2.63597,free_swing,717,477,859,551,41.778960,62.475,0
159,2.65265,free_swing,693,493,849,532,31.630661,75.964,0
160,2.66933,free_swing,671,505,835,516,22.782406,86.163,0
161,2.68602,free_swing,653,511,815,500,16.090816,93.884,0
162,2.7027,free_swing,632,515,818,491,8.530766,97.296,0
163,2.71938,free_swing,,,,,,,1
164,2.73607,free_swing,593,516,752,476,-5.322751,104.121,0
165,2.75275,free_swing,569,513,729,473,-13.865467,104.036,0
166,2.76943,free_swing,547,506,709,473,-21.997403,101.514,0
167,2.78612,free_swing,527,496,692,475,-29.875993,97.253,0
168,2.8028,free_swing,509,484,673,481,-37.504142,91.048,0
169,2.81948,free_swing,492,471,655,489,-45.000000,83.698,0
170,2.83617,free_swing,479,456,637,499,-51.940983,74.776,0
171,2.85285,free_swing,470,441,616,511,-58.069318,64.385,0
172,2.86953,free_swing,464,426,592,524,-63.754142,52.561,0
173,2.88622,free_swing,459,414,565,536,-68.397764,40.986,0
174,2.9029,free_swing,456,406,536,547,-71.452042,29.57,0
175,2.91958,free_swing,454,400,502,556,-73.711226,17.103,0
176,2.93627,free_swing,454,398,470,562,-74.399162,5.572,0
177,2.95295,free_swing,454,400,435,565,-73.711226,-6.569,0
178,2.96963,free_swing,456,407,401,561,-71.113913,-19.654,0
179,2.98632,free_swing,460,417,371,555,-67.270268,-32.819,0
180,3.003,free_swing,468,433,345,537,-60.875947,-49.785,0
181,3.01968,free_swing,477,451,329,514,-53.765128,-66.942,0
182,3.03637,free_swing,490,464,330,486,-47.270450,-82.171,0
183,3.05305,free_swing,501,476,341,457,-41.486250,-96.772,0
184,3.06973,free_swing,512,485,358,434,-36.444442,-108.323,0
185,3.08642,free_swing,523,492,380,413,-31.817035,-118.918,0
186,3.1031,free_swing,533,498,406,396,-27.675910,-128.77,0
187,3.11978,free_swing,543,503,432,383,-23.710562,-137.231,0
188,3.13647,free_swing,553,507,460,373,-19.892257,-145.238,0
189,3.15315,free_swing,563,510,488,366,-16.189206,-152.488,0
190,3.16983,free_swing,574,513,514,361,-12.144278,-158.459,0
191,3.18652,free_swing,586,515,542,358,-7.829077,-164.344,0
192,3.2032,free_swing,599,516,571,354,-3.199540,-170.194,0
193,3.21988,free_swing,612,517,596,353,1.414423,-174.428,0
194,3.23657,free_swing,624,516,620,353,5.675356,-178.594,0
195,3.25325,free_swing,637,514,649,352,10.336554,175.764,0
196,3.26993,free_swing,649,512,674,351,14.635729,171.174,0
197,3.28662,free_swing,659,509,702,352,18.323261,164.683,0
198,3.3033,free_swing,669,505,730,354,22.129937,158.003,0
199,3.31998,free_swing,678,501,757,359,25.615484,150.911,0
200,3.33667,free_swing,687,497,785,367,29.088851,142.989,0
201,3.35335,free_swing,696,492,813,379,32.714084,134.004,0
202,3.37003,free_swing,704,485,838,393,36.444442,124.472,0
203,3.38672,free_swing,713,479,861,413,40.257065,114.034,0
204,3.4034,free_swing,722,470,881,437,44.749802,101.725,0
205,3.42008,free_swing,731,460,894,465,49.513988,88.243,0
206,3.43677,free_swing,741,448,897,494,55.036902,73.571,0
207,3.45345,free_swing,750,432,885,523,61.531081,56.017,0
208,3.47013,free_swing,756,419,862,543,66.614779,40.525,0
209,3.48682,free_swing,760,409,833,557,70.441748,26.255,0
210,3.5035,free_swing,763,402,799,565,73.131342,12.454,0
211,3.52018,free_swing,763,400,764,566,73.810794,0.345,0
212,3.53687,free_swing,763,402,732,566,73.131342,-10.704,0
213,3.55355,free_swing,761,407,699,562,71.228681,-21.801,0
214,3.57023,free_swing,758,416,669,557,67.870063,-32.26,0
215,3.58692,free_swing,753,427,641,551,63.593224,-42.089,0
216,3.6036,free_swing,745,441,614,545,57.881978,-51.554,0
217,3.62028,free_swing,735,455,592,537,51.783049,-60.169,0
218,3.63697,free_swing,722,470,571,534,44.749802,-67.031,0
219,3.65365,free_swing,706,484,549,532,37.223571,-73.0,0
220,3.67033,free_swing,687,496,527,533,29.261199,-76.979,0
221,3.68702,free_swing,668,505,506,536,21.801409,-79.167,0
222,3.7037,free_swing,640,490,458,536,13.335106,-75.850,0
223,3.72038,free_swing,,,,,,,1
224,3.73707,free_swing,,,,,,,1
225,3.75375,free_swing,578,515,426,583,-10.619655,-65.898,0
226,3.77043,free_swing,551,507,414,601,-20.556045,-55.545,0
227,3.78712,free_swing,526,495,412,615,-30.358115,-43.531,0
228,3.8038,free_swing,501,476,421,621,-41.486250,-28.887,0
229,3.82048,free_swing,483,455,437,611,-51.340192,-16.429,0
230,3.83717,free_swing,469,437,451,597,-59.462453,-6.419,0
231,3.85385,free_swing,460,420,465,581,-66.289438,1.779,0
232,3.87053,free_swing,455,403,477,566,-72.582029,7.687,0
233,3.88722,free_swing,451,390,488,550,-77.432557,13.021,0
234,3.9039,free_swing,449,377,499,528,-82.122300,18.321,0
235,3.92058,free_swing,448,367,510,517,-85.710847,22.457,0
236,3.93727,free_swing,448,358,519,504,-88.925830,25.934,0
237,3.95395,free_swing,448,351,529,490,-91.432096,30.231,0
238,3.97063,free_swing,447,346,539,478,-93.199540,34.875,0
239,3.98732,free_swing,447,342,548,468,-94.616352,38.715,0
240,4.004,free_swing,447,341,558,459,-94.969741,43.249,0
241,4.02068,free_swing,447,341,566,450,-94.969741,47.511,0
242,4.03737,free_swing,447,343,575,443,-94.262611,52.001,0
243,4.05405,free_swing,447,348,583,436,-92.489553,57.095,0
244,4.07073,free_swing,447,354,590,430,-90.355870,62.011,0
245,4.08742,free_swing,448,362,597,425,-87.494907,67.08,0
246,4.1041,free_swing,448,372,602,422,-83.935078,72.013,0
247,4.12078,free_swing,450,384,608,420,-79.599448,77.164,0
248,4.13747,free_swing,453,397,613,419,-74.838757,82.171,0
249,4.15415,free_swing,457,411,619,420,-69.652151,86.82,0
250,4.17083,free_swing,463,426,625,423,-63.911080,91.061,0
251,4.18752,free_swing,472,441,634,428,-57.692666,94.588,0
252,4.2042,free_swing,482,456,643,435,-51.284780,97.431,0
253,4.22088,free_swing,494,469,655,444,-45.000000,98.826,0
254,4.23757,free_swing,508,482,669,455,-38.216951,99.52,0
255,4.25425,free_swing,522,493,685,469,-31.930682,98.376,0
256,4.27093,free_swing,538,502,703,484,-25.463345,96.226,0
257,4.28762,free_swing,556,509,721,502,-18.657888,92.429,0
258,4.3043,free_swing,576,514,741,525,-11.379214,86.186,0
259,4.32098,free_swing,,,,,,,1
260,4.33767,free_swing,,,,,,,1
261,4.35435,free_swing,640,516,780,604,11.241479,57.848,0
262,4.37103,free_swing,671,513,780,634,21.738860,42.013,0
263,4.38772,free_swing,691,495,761,641,30.661885,25.615,0
264,4.4044,free_swing,716,487,740,646,39.289407,8.584,0
265,4.42108,free_swing,731,459,715,625,49.784530,-5.505,0
266,4.43777,free_swing,742,446,695,605,55.819398,-16.468,0
267,4.45445,free_swing,750,432,677,581,61.531081,-26.102,0
268,4.47113,free_swing,755,422,659,557,65.497341,-35.417,0
269,4.48782,free_swing,759,413,645,534,68.987920,-43.294,0
270,4.5045,free_swing,761,406,633,507,71.565051,-51.724,0
271,4.52118,free_swing,763,402,622,484,73.131342,-59.819,0
272,4.53787,free_swing,763,400,612,461,73.810794,-68.003,0
273,4.55455,free_swing,763,401,604,437,73.470470,-77.242,0
274,4.57123,free_swing,762,404,600,419,72.349876,-84.71,0
275,4.58792,free_swing,761,409,598,394,70.559965,-95.258,0
276,4.6046,free_swing,758,416,600,375,67.870063,-104.547,0
277,4.62128,free_swing,754,425,604,361,64.384516,-113.106,0
278,4.63797,free_swing,749,435,614,343,60.430469,-124.274,0
279,4.65465,free_swing,742,446,625,331,55.819398,-134.506,0
280,4.67133,free_swing,734,457,638,324,51.009006,-144.178,0
281,4.68802,free_swing,724,468,656,318,45.750557,-155.614,0
282,4.7047,free_swing,713,478,673,319,40.486012,-165.879,0
283,4.72138,free_swing,700,488,690,324,34.672746,-176.511,0
284,4.73807,free_swing,687,496,709,333,29.261199,172.313,0
285,4.75475,free_swing,673,503,729,349,23.710562,160.017,0
286,4.77143,free_swing,659,509,746,369,18.323261,148.142,0
287,4.78812,free_swing,647,512,762,396,13.950343,135.248,0
288,4.8048,free_swing,635,515,774,430,9.578423,121.446,0
289,4.82148,free_swing,626,516,781,467,6.379248,107.543,0
290,4.83817,free_swing,620,517,783,509,4.236395,92.81,0
291,4.85485,free_swing,618,517,779,556,3.532295,76.383,0
292,4.87153,free_swing,619,516,761,603,3.908544,58.505,0
293,4.88822,free_swing,626,516,734,643,6.379248,40.378,0
294,4.9049,free_swing,638,514,693,671,10.684912,19.306,0
295,4.92158,free_swing,653,511,640,676,16.090816,-4.505,0
296,4.93827,free_swing,661,508,596,655,19.106353,-23.854,0
297,4.95495,free_swing,666,506,558,632,21.012080,-40.601,0
298,4.97163,free_swing,665,507,526,598,20.556045,-56.788,0
299,4.98832,free_swing,659,509,504,564,18.323261,-70.463,0
300,5.005,free_swing,649,512,486,528,14.635729,-84.394,0
301,5.02168,free_swing,635,515,473,494,9.578423,-97.386,0
302,5.03837,free_swing,619,516,465,465,3.908544,-108.323,0
303,5.05505,free_swing,601,516,460,437,-2.489553,-119.261,0
304,5.07173,free_swing,582,515,456,413,-9.229886,-128.991,0
305,5.08842,free_swing,564,511,453,393,-15.751174,-136.751,0
306,5.1051,free_swing,547,504,451,375,-22.263995,-143.344,0
307,5.12178,free_swing,530,497,447,359,-28.779806,-148.975,0
308,5.13847,free_swing,517,488,443,345,-34.380345,-152.639,0
309,5.15515,free_swing,505,479,437,333,-39.714553,-155.026,0
310,5.17183,free_swing,495,470,430,322,-44.497418,-156.289,0
311,5.18852,free_swing,487,461,423,313,-48.780569,-156.615,0
312,5.2052,free_swing,480,452,415,305,-52.844696,-156.146,0
313,5.22188,free_swing,474,444,407,298,-56.408718,-155.349,0
314,5.23857,free_swing,470,437,397,293,-59.281096,-153.118,0
315,5.25525,free_swing,467,431,388,291,-61.675018,-150.565,0
316,5.27193,free_swing,464,426,378,290,-63.754142,-147.693,0
317,5.28862,free_swing,462,422,368,291,-65.349415,-144.338,0
318,5.3053,free_swing,461,419,359,295,-66.472936,-140.56,0
319,5.32198,free_swing,460,417,350,300,-67.270268,-136.766,0
320,5.33867,free_swing,459,416,341,307,-67.736005,-132.73,0
321,5.35535,free_swing,459,416,332,318,-67.736005,-127.656,0
322,5.37203,free_swing,460,417,325,330,-67.270268,-122.8,0
323,5.38872,free_swing,460,419,317,345,-66.614779,-117.361,0
324,5.4054,free_swing,461,421,311,363,-65.820893,-111.14,0
325,5.42208,free_swing,463,424,308,382,-64.551995,-105.161,0
326,5.43877,free_swing,464,428,305,404,-63.117524,-98.584,0
327,5.45545,free_swing,467,432,306,430,-61.361077,-90.712,0
328,5.47213,free_swing,469,436,309,456,-59.769199,-82.875,0
329,5.48882,free_swing,472,441,315,484,-57.692666,-74.683,0
330,5.5055,free_swing,475,446,326,514,-55.619655,-65.469,0
331,5.52218,free_swing,479,452,343,544,-53.059104,-55.923,0
332,5.53887,free_swing,484,458,364,570,-50.285447,-46.975,0
333,5.55555,free_swing,490,465,389,596,-47.009554,-37.632,0
334,5.57223,free_swing,498,473,418,618,-42.990446,-28.887,0
335,5.58892,free_swing,508,482,447,636,-38.216951,-21.609,0
336,5.6056,free_swing,520,490,478,651,-33.098394,-14.621,0
337,5.62228,free_swing,535,500,511,665,-26.722890,-8.276,0
338,5.63897,free_swing,552,507,542,673,-20.224859,-3.447,0
339,5.65565,free_swing,571,513,573,679,-13.179868,0.69,0
340,5.67233,free_swing,593,517,605,683,-5.290081,4.135,0
341,5.68902,free_swing,614,517,634,683,2.121096,6.87,0
342,5.7057,free_swing,636,514,662,678,9.987422,9.009,0
343,5.72238,free_swing,658,509,693,672,17.987335,12.119,0
344,5.73907,free_swing,676,502,720,663,24.824555,15.285,0
345,5.75575,free_swing,693,492,747,650,31.817035,18.869,0
346,5.77243,free_swing,708,482,775,635,38.216951,23.649,0
347,5.78912,free_swing,719,472,801,617,43.492564,29.489,0
348,5.8058,free_swing,729,462,825,598,48.513750,35.218,0
349,5.82248,free_swing,736,453,847,576,52.561428,42.064,0
350,5.83917,free_swing,742,445,866,554,56.113041,48.683,0
351,5.85585,free_swing,747,438,884,529,59.157633,56.407,0
352,5.87253,free_swing,750,432,898,504,61.531081,64.058,0
353,5.88922,free_swing,752,428,909,480,63.117524,71.675,0
354,5.9059,free_swing,754,424,916,454,64.704454,79.509,0
355,5.92258,free_swing,755,422,919,431,65.497341,86.859,0
356,5.93927,free_swing,756,419,920,409,66.614779,93.489,0
357,5.95595,free_swing,757,418,918,388,67.080445,100.555,0
358,5.97263,free_swing,757,418,914,370,67.080445,107.0,0
359,5.98932,free_swing,757,417,908,354,67.407445,112.647,0
360,6.006,free_swing,757,418,901,339,67.080445,118.75,0
361,6.02268,free_swing,756,420,893,328,66.289438,123.883,0
362,6.03937,free_swing,755,422,884,319,65.497341,128.606,0
363,6.05605,free_swing,753,426,873,312,63.911080,133.531,0
364,6.07273,free_swing,751,430,863,308,62.324090,137.447,0
365,6.08942,free_swing,749,435,852,306,60.430469,141.394,0
366,6.1061,free_swing,745,441,841,306,57.881978,144.583,0
367,6.12278,free_swing,740,448,830,308,54.833564,147.265,0
368,6.13947,free_swing,735,455,820,312,51.783049,149.273,0
369,6.15615,free_swing,728,463,809,318,48.012788,150.811,0
370,6.17283,free_swing,720,472,799,326,43.749199,151.582,0
371,6.18952,free_swing,710,481,790,336,38.990994,151.113,0
372,6.2062,free_swing,698,490,782,347,33.690068,149.569,0
373,6.22288,free_swing,683,498,775,360,27.675910,146.31,0
374,6.23957,free_swing,667,505,768,374,21.471368,142.368,0
375,6.25625,free_swing,650,511,763,391,15.068488,136.721,0
376,6.27293,free_swing,631,515,759,410,8.180230,129.362,0
377,6.28962,free_swing,612,516,754,432,1.423205,120.606,0
378,6.3063,free_swing,594,516,748,459,-4.969741,110.311,0
379,6.32298,free_swing,578,514,740,488,-10.684912,99.118,0
380,6.33967,free_swing,564,510,729,521,-15.847705,86.186,0
381,6.35635,free_swing,553,507,711,557,-19.892257,72.44,0
382,6.37303,free_swing,545,504,685,593,-22.919555,57.555,0
383,6.38972,free_swing,542,502,653,626,-24.179107,41.834,0
384,6.4064,free_swing,543,503,615,653,-23.710562,25.641,0
385,6.42308,free_swing,548,507,565,669,-21.540976,5.991,0
386,6.43977,free_swing,562,510,518,670,-16.529530,-15.376,0
387,6.45645,free_swing,576,514,481,647,-11.379214,-35.538,0
388,6.47313,free_swing,586,516,450,609,-7.781046,-55.635,0
389,6.48982,free_swing,589,517,436,565,-6.689315,-72.582,0
390,6.5065,free_swing,591,516,427,527,-6.027530,-86.163,0
391,6.52318,free_swing,588,515,428,487,-7.125016,-99.926,0
392,6.53987,free_swing,581,514,432,452,-9.637538,-112.593,0
393,6.55655,free_swing,572,513,442,417,-12.835609,-126.444,0
394,6.57323,free_swing,562,510,455,389,-16.529530,-138.514,0
395,6.58992,free_swing,551,506,472,365,-20.680691,-150.739,0
396,6.6066,free_swing,538,500,490,346,-25.769328,-162.688,0
397,6.62328,free_swing,526,494,508,333,-30.537547,-173.621,0
398,6.63997,free_swing,514,486,528,324,-35.661605,175.061,0
399,6.65665,free_swing,503,478,547,321,-40.486012,164.344,0
400,6.67333,free_swing,493,468,563,323,-45.502582,154.231,0
401,6.69002,free_swing,485,459,581,329,-49.784530,143.556,0
402,6.7067,free_swing,478,450,595,338,-53.841815,133.749,0
403,6.72338,free_swing,472,440,605,347,-57.994617,124.963,0
404,6.74007,free_swing,467,433,613,366,-61.049005,114.651,0
405,6.75675,free_swing,464,426,621,390,-63.754142,102.915,0
406,6.77343,free_swing,461,421,630,411,-65.820893,93.386,0
407,6.79012,free_swing,460,418,621,433,-66.941725,84.677,0
408,6.8068,free_swing,460,417,616,460,-67.270268,74.59,0
409,6.82348,free_swing,460,418,607,486,-66.941725,65.175,0
410,6.84017,free_swing,462,422,597,511,-65.349415,56.605,0
411,6.85685,free_swing,465,428,584,539,-62.956165,46.992,0
412,6.87353,free_swing,469,436,570,566,-59.769199,37.844,0
413,6.89022,free_swing,475,445,556,591,-55.914113,29.021,0
414,6.9069,free_swing,484,458,536,616,-50.285447,18.217,0
415,6.92358,free_swing,497,472,513,639,-43.492564,5.473,0
416,6.94027,free_swing,515,488,489,653,-34.963098,-8.955,0
417,6.95695,free_swing,540,503,466,651,-24.676863,-26.565,0
418,6.97363,free_swing,568,512,457,627,-14.293558,-43.986,0
419,6.99032,free_swing,579,526,,,-9.625248,,1
420,7.007,free_swing,,,,,,,1
421,7.02368,free_swing,634,515,472,546,9.229886,-79.167,0
422,7.04037,free_swing,651,511,488,523,15.410391,-85.79,0
423,7.05705,free_swing,667,506,503,500,21.342003,-92.095,0
424,7.07373,free_swing,681,499,519,480,26.882476,-96.689,0
425,7.09042,free_swing,695,492,534,462,32.417038,-100.555,0
426,7.1071,free_swing,707,483,548,446,37.719711,-103.1,0
427,7.12378,free_swing,719,473,560,432,43.249146,-104.459,0
428,7.14047,free_swing,728,463,570,421,48.012788,-104.886,0
429,7.15715,free_swing,737,452,580,409,53.059104,-105.317,0
430,7.17383,free_swing,745,441,586,399,57.881978,-104.797,0
431,7.19052,free_swing,751,431,593,391,62.010762,-104.207,0
432,7.2072,free_swing,756,421,597,384,65.965712,-103.1,0
433,7.22388,free_swing,759,412,600,379,69.319309,-101.725,0
434,7.24057,free_swing,762,404,602,374,72.349876,-100.62,0
435,7.25725,free_swing,764,398,603,371,74.589609,-99.52,0
436,7.27393,free_swing,765,393,604,369,76.393897,-98.479,0
437,7.29062,free_swing,766,390,605,369,77.509594,-97.431,0
438,7.3073,free_swing,766,388,605,370,78.202752,-96.379,0
439,7.32398,free_swing,766,388,604,373,78.202752,-95.29,0
440,7.34067,free_swing,766,390,604,377,77.509594,-94.588,0
441,7.35735,free_swing,765,393,603,382,76.393897,-93.884,0
442,7.37403,free_swing,764,398,601,389,74.589609,-93.16,0
443,7.39072,free_swing,762,404,599,397,72.349876,-92.459,0
444,7.4074,free_swing,759,411,597,408,69.652151,-91.061,0
445,7.42408,free_swing,756,420,593,420,66.289438,-90.0,0
446,7.44077,free_swing,752,430,589,432,62.487997,-89.297,0
447,7.45745,free_swing,746,440,583,447,58.369339,-87.541,0
448,7.47413,free_swing,738,451,576,464,53.555558,-85.412,0
449,7.49082,free_swing,730,461,569,483,49.014176,-82.219,0
450,7.5075,free_swing,721,472,561,505,44.003652,-78.346,0
451,7.52418,free_swing,709,482,552,530,38.494373,-73.0,0
452,7.54087,free_swing,696,491,542,556,32.905243,-67.116,0
453,7.55755,free_swing,680,500,536,585,26.406776,-59.448,0
454,7.57423,free_swing,662,508,532,615,19.440035,-50.543,0
455,7.59092,free_swing,632,522,532,650,8.178129,-37.999,0
456,7.6076,free_swing,610,526,542,674,0.670096,-24.677,0
457,7.62428,free_swing,581,515,562,679,-9.578423,-6.608,0
458,7.64097,free_swing,553,508,582,670,-19.772351,10.149,0
459,7.65765,free_swing,530,497,596,648,-28.779806,23.609,0
460,7.67433,free_swing,512,485,607,620,-36.444442,35.134,0
461,7.69102,free_swing,499,475,609,589,-42.249915,43.977,0
462,7.7077,free_swing,488,462,615,565,-48.277676,50.957,0
463,7.72438,free_swing,479,452,617,536,-53.059104,58.671,0
464,7.74107,free_swing,472,444,619,511,-56.798792,65.497,0
465,7.75775,free_swing,468,433,620,489,-60.875947,69.775,0
466,7.77443,free_swing,463,425,620,466,-64.230672,75.364,0
467,7.79112,free_swing,460,419,620,447,-66.614779,80.074,0
468,7.8078,free_swing,458,413,619,427,-68.860175,85.03,0
469,7.82448,free_swing,457,409,645,403,-70.322142,91.822,0
470,7.84117,free_swing,456,407,642,379,-71.113913,98.618,0
471,7.85785,free_swing,456,406,612,363,-71.452042,105.41,0
472,7.87453,free_swing,455,405,611,365,-71.902743,104.381,0
473,7.89122,free_swing,456,409,611,361,-70.441748,107.207,0
474,7.9079,free_swing,457,413,630,338,-68.987920,113.389,0
475,7.92458,free_swing,460,418,601,338,-66.941725,119.57,0
476,7.94127,free_swing,463,424,596,332,-64.551995,124.673,0
477,7.95795,free_swing,467,432,590,326,-61.361077,130.754,0
478,7.97463,free_swing,473,441,585,324,-57.501354,136.251,0
479,7.99132,free_swing,479,451,578,322,-53.343892,142.496,0
480,8.008,free_swing,487,461,571,322,-48.780569,148.855,0
481,8.02468,free_swing,497,472,564,323,-43.492564,155.788,0
482,8.04137,free_swing,509,482,556,326,-37.937397,163.233,0
483,8.05805,free_swing,522,492,549,330,-32.118022,170.538,0
484,8.07473,free_swing,538,501,541,336,-25.615484,178.958,0
485,8.09142,free_swing,555,508,532,345,-19.106353,-171.968,0
486,8.1081,free_swing,574,513,522,357,-12.144278,-161.565,0
487,8.12478,free_swing,593,516,512,373,-5.322751,-150.471,0
488,8.14147,free_swing,611,516,503,393,1.067500,-138.715,0
489,8.15815,free_swing,629,515,497,419,7.477330,-126.027,0
490,8.17483,free_swing,644,513,494,450,12.835609,-112.782,0
491,8.19152,free_swing,657,510,496,483,17.543258,-99.52,0
492,8.2082,free_swing,666,506,503,519,21.012080,-85.44,0
493,8.22488,free_swing,672,504,517,558,23.244984,-70.792,0
494,8.24157,free_swing,674,503,538,599,24.034288,-54.782,0
495,8.25825,free_swing,671,504,566,634,22.919555,-38.928,0
496,8.27493,free_swing,663,507,603,663,19.892257,-21.038,0
497,8.29162,free_swing,649,512,648,678,14.635729,-0.345,0
498,8.3083,free_swing,631,515,691,670,8.180230,21.161,0
499,8.32498,free_swing,614,516,724,641,2.134259,41.348,0
500,8.34167,free_swing,604,517,746,602,-1.414423,59.096,0
501,8.35835,free_swing,599,516,758,562,-3.199540,73.864,0
502,8.37503,free_swing,597,516,762,520,-3.908544,88.611,0
503,8.39172,free_swing,599,516,758,482,-3.199540,102.07,0
504,8.4084,free_swing,604,517,750,446,-1.414423,115.934,0
505,8.42508,free_swing,612,517,737,413,1.414423,129.76,0
506,8.44177,free_swing,622,516,721,387,4.969741,142.496,0
507,8.45845,free_swing,635,514,700,365,9.637538,156.431,0
508,8.47513,free_swing,649,512,677,351,14.635729,170.134,0
509,8.49182,free_swing,662,508,650,345,19.440035,-175.79,0
510,8.5085,free_swing,675,502,629,346,24.502659,-163.571,0
511,8.52518,free_swing,689,495,602,358,30.052448,-147.583,0
512,8.54187,free_swing,700,488,587,371,34.672746,-135.996,0
513,8.55855,free_swing,710,481,572,391,38.990994,-123.111,0
514,8.57523,free_swing,717,475,563,422,42.249915,-108.991,0
515,8.59192,free_swing,722,470,561,450,44.749802,-97.081,0
516,8.6086,free_swing,725,467,563,483,46.250801,-84.359,0
517,8.62528,free_swing,725,467,571,518,46.250801,-71.677,0
518,8.64197,free_swing,724,468,581,553,45.750557,-59.273,0
519,8.65865,free_swing,719,473,596,586,43.249146,-47.426,0
520,8.67533,free_swing,711,480,618,619,39.488523,-33.785,0
521,8.69202,free_swing,700,488,644,647,34.672746,-19.402,0
522,8.7087,free_swing,684,498,674,666,27.989238,-3.406,0
523,8.72538,free_swing,661,516,708,672,18.221160,16.767,0
524,8.74207,free_swing,638,522,735,652,10.184033,36.729,0
525,8.75875,free_swing,611,517,743,617,1.060912,52.853,0
526,8.77543,free_swing,594,516,746,581,-4.969741,66.847,0
527,8.79212,free_swing,580,514,743,546,-9.987422,78.893,0
528,8.8088,free_swing,569,512,734,513,-13.950343,89.653,0
529,8.82548,free_swing,560,509,722,480,-17.311646,100.149,0
530,8.84217,free_swing,553,507,707,451,-19.892257,109.983,0
531,8.85885,free_swing,548,505,690,425,-21.801409,119.396,0
532,8.87553,free_swing,544,503,671,401,-23.385221,128.77,0
533,8.89222,free_swing,541,502,646,379,-24.502659,139.514,0
534,8.9089,free_swing,539,501,615,358,-25.295546,152.011,0
535,8.92558,free_swing,537,500,600,349,-26.088920,157.353,0
536,8.94227,free_swing,538,500,576,343,-25.769328,166.394,0
537,8.95895,free_swing,538,500,549,338,-25.769328,176.116,0
538,8.97563,free_swing,538,500,522,338,-25.769328,-174.359,0
539,8.99232,free_swing,538,500,495,343,-25.769328,-164.683,0
540,9.009,free_swing,537,500,469,353,-26.088920,-155.175,0
541,9.02568,free_swing,536,500,443,368,-26.406776,-144.834,0
542,9.04237,free_swing,535,499,419,385,-26.882476,-134.502,0
543,9.05905,free_swing,532,498,398,407,-27.989238,-124.181,0
544,9.07573,free_swing,529,496,379,435,-29.261199,-112.13,0
545,9.09242,free_swing,524,493,365,466,-31.328693,-99.638,0
546,9.1091,free_swing,518,489,355,499,-33.886959,-86.489,0
547,9.12578,free_swing,510,483,355,537,-37.438572,-70.792,0
548,9.14247,free_swing,500,475,369,572,-41.987212,-53.482,0
549,9.15915,free_swing,490,465,395,598,-47.009554,-35.538,0
550,9.17583,free_swing,483,456,429,613,-51.061789,-18.981,0
551,9.19252,free_swing,479,451,469,617,-53.343892,-3.447,0
552,9.2092,free_swing,478,450,506,613,-53.841815,9.747,0
553,9.22588,free_swing,480,452,541,606,-52.844696,21.609,0
554,9.24257,free_swing,484,457,577,595,-50.559947,33.977,0
555,9.25925,free_swing,490,465,605,585,-47.009554,43.781,0
556,9.27593,free_swing,499,474,633,571,-42.488637,54.1,0
557,9.29262,free_swing,511,484,659,560,-36.940896,62.819,0
558,9.3093,free_swing,525,494,681,550,-30.842367,70.253,0
559,9.32598,free_swing,542,503,703,542,-24.034288,76.383,0
560,9.34267,free_swing,561,510,725,536,-16.868658,80.991,0
561,9.35935,free_swing,,,,,,,1
562,9.37603,free_swing,,,,,,,1
563,9.39272,free_swing,621,516,787,538,4.616352,82.451,0
564,9.4094,free_swing,641,515,825,553,11.653841,78.371,0
565,9.42608,free_swing,662,508,822,553,19.440035,74.291,0
566,9.44277,free_swing,683,498,835,565,27.675910,66.213,0
567,9.45945,free_swing,704,487,839,575,36.027373,56.902,0
568,9.47613,free_swing,724,469,839,581,45.498212,45.757,0
569,9.49282,free_swing,743,460,835,593,52.125016,34.673,0
570,9.5095,free_swing,749,432,817,580,61.361077,24.677,0
571,9.52618,free_swing,757,417,804,577,67.407445,16.37,0
572,9.54287,free_swing,763,403,789,567,72.793427,9.009,0
573,9.55955,free_swing,765,392,776,558,76.739141,3.791,0
574,9.57623,free_swing,767,381,763,545,80.713072,-1.397,0
575,9.59292,free_swing,769,374,748,539,83.269516,-7.253,0
576,9.6096,free_swing,769,368,735,531,85.383648,-11.782,0
577,9.62628,free_swing,769,364,722,523,86.800460,-16.468,0
578,9.64297,free_swing,769,362,710,518,87.510447,-20.717,0
579,9.65965,free_swing,770,362,698,512,87.525796,-25.641,0
580,9.67633,free_swing,769,364,685,508,86.800460,-30.256,0
581,9.69302,free_swing,769,368,675,503,85.383648,-34.849,0
582,9.7097,free_swing,769,374,662,502,83.269516,-39.894,0
583,9.72638,free_swing,768,382,652,499,80.421577,-44.754,0
584,9.74307,free_swing,766,391,642,498,77.164391,-49.209,0
585,9.75975,free_swing,763,402,632,500,73.131342,-53.2,0
586,9.77643,free_swing,758,414,621,503,68.528632,-56.991,0
587,9.79312,free_swing,753,427,611,509,63.593224,-59.995,0
588,9.8098,free_swing,745,440,601,517,58.182965,-61.866,0
589,9.82648,free_swing,736,454,590,528,52.280289,-63.122,0
590,9.84317,free_swing,725,467,579,541,46.250801,-63.122,0
591,9.85985,free_swing,712,479,567,557,39.986886,-61.723,0
592,9.87653,free_swing,697,490,553,576,33.395238,-59.153,0
593,9.89322,free_swing,680,500,543,598,26.406776,-54.423,0
594,9.9099,free_swing,660,508,535,621,18.771319,-47.886,0
595,9.92658,free_swing,637,515,535,640,10.273331,-39.214,0
596,9.94327,free_swing,605,526,530,670,-1.005086,-27.512,0
597,9.95995,free_swing,581,515,542,676,-9.578423,-13.617,0
598,9.97663,free_swing,551,507,555,672,-20.556045,1.389,0
599,9.99332,free_swing,525,496,565,649,-30.483300,14.651,0
600,10.01,free_swing,509,483,574,634,-37.719711,23.29,0
601,10.02668,free_swing,494,468,578,610,-45.252403,30.606,0
602,10.04337,free_swing,483,456,577,583,-51.061789,36.507,0
603,10.06005,free_swing,473,443,579,566,-56.901606,40.754,0
604,10.07673,free_swing,466,431,579,548,-61.843809,44.004,0
605,10.09342,free_swing,460,419,579,529,-66.614779,47.251,0
606,10.1101,free_swing,456,408,578,514,-70.777143,49.014,0
607,10.12678,free_swing,453,398,578,501,-74.494956,50.511,0
608,10.14347,free_swing,451,389,578,489,-77.780687,51.783,0
609,10.16015,free_swing,450,382,578,480,-80.302620,52.561,0
610,10.17683,free_swing,449,376,578,472,-82.476180,53.344,0
611,10.19352,free_swing,448,371,578,466,-84.289407,53.842,0
612,10.2102,free_swing,448,367,578,462,-85.710847,53.842,0
613,10.22688,free_swing,448,366,579,460,-86.067104,54.338,0
614,10.24357,free_swing,448,366,580,459,-86.067104,54.834,0
615,10.26025,free_swing,448,367,581,459,-85.710847,55.327,0
616,10.27693,free_swing,448,370,582,461,-84.644175,55.819,0
617,10.29362,free_swing,449,375,583,465,-82.830637,56.113,0
618,10.3103,free_swing,449,381,584,471,-80.713072,56.31,0
619,10.32698,free_swing,451,388,585,478,-78.129735,56.113,0
620,10.34367,free_swing,453,397,587,488,-74.838757,55.819,0
621,10.36035,free_swing,456,407,589,499,-71.113913,55.327,0
622,10.37703,free_swing,460,418,591,513,-66.941725,54.051,0
623,10.39372,free_swing,465,429,594,530,-62.639225,51.941,0
624,10.4104,free_swing,472,442,597,549,-57.392713,49.436,0
625,10.42708,free_swing,481,454,599,569,-52.062603,45.738,0
626,10.44377,free_swing,492,466,601,593,-46.261818,40.638,0
627,10.46045,free_swing,505,479,601,617,-39.714553,34.824,0
628,10.47713,free_swing,521,492,598,641,-32.417038,27.329,0
629,10.49382,free_swing,544,504,591,664,-23.244984,16.37,0
630,10.5105,free_swing,569,513,579,680,-13.865467,3.427,0
631,10.52718,free_swing,600,519,566,681,-2.792702,-11.853,0
632,10.54387,free_swing,627,525,555,669,6.377181,-26.565,0
633,10.56055,free_swing,655,510,555,642,16.868658,-37.147,0
634,10.57723,free_swing,675,502,557,619,24.502659,-45.244,0
635,10.59392,free_swing,694,493,563,596,31.930682,-51.823,0
636,10.6106,free_swing,708,482,570,574,38.216951,-56.31,0
637,10.62728,free_swing,721,471,580,554,44.249443,-59.517,0
638,10.64397,free_swing,732,459,589,537,50.013114,-61.39,0
639,10.66065,free_swing,741,447,598,523,55.327254,-62.011,0
640,10.67733,free_swing,749,434,606,511,60.738801,-61.699,0
641,10.69402,free_swing,755,422,613,502,65.497341,-60.604,0
642,10.7107,free_swing,760,410,621,494,70.107743,-58.855,0
643,10.72738,free_swing,763,400,627,489,73.810794,-56.799,0
644,10.74407,free_swing,766,390,634,486,77.509594,-53.973,0
645,10.76075,free_swing,767,382,641,484,80.362462,-51.009,0
646,10.77743,free_swing,769,375,648,484,82.918788,-47.987,0
647,10.79412,free_swing,769,369,655,486,85.030259,-44.256,0
648,10.8108,free_swing,769,366,661,491,86.091456,-40.827,0
649,10.82748,free_swing,770,364,668,495,86.820170,-37.905,0
650,10.84417,free_swing,769,364,676,502,86.800460,-33.977,0
651,10.86085,free_swing,769,366,682,509,86.091456,-31.316,0
652,10.87753,free_swing,769,369,690,517,85.030259,-28.093,0
653,10.89422,free_swing,769,375,698,527,82.918788,-25.038,0
654,10.9109,free_swing,767,382,706,538,80.362462,-21.357,0
655,10.92758,free_swing,766,390,714,550,77.509594,-18.004,0
656,10.94427,free_swing,763,400,723,564,73.810794,-13.707,0
657,10.96095,free_swing,759,412,733,579,69.319309,-8.849,0
658,10.97763,free_swing,753,426,743,595,63.911080,-3.386,0
659,10.99432,free_swing,744,441,754,609,57.692666,3.406,0
660,11.011,free_swing,735,471,768,630,47.591867,11.725,0
661,11.02768,free_swing,719,484,780,635,40.710847,21.997,0
662,11.04437,free_swing,699,499,790,633,32.290612,34.181,0
663,11.06105,free_swing,671,504,785,616,22.919555,45.507,0
664,11.07773,free_swing,653,517,786,609,15.524111,55.327,0
665,11.09442,free_swing,623,520,771,592,5.194429,64.058,0
666,11.1111,free_swing,,,,,,,1
667,11.12778,free_swing,,,,,,,1
668,11.14447,free_swing,560,510,717,561,-17.206573,72.004,0
669,11.16115,free_swing,541,502,697,556,-24.502659,70.907,0
670,11.17783,free_swing,523,493,675,553,-31.630661,68.459,0
671,11.19452,free_swing,508,482,656,553,-38.216951,64.372,0
672,11.2112,free_swing,496,470,635,557,-44.242831,57.958,0
673,11.22788,free_swing,485,458,613,561,-50.057249,51.177,0
674,11.24457,free_swing,477,448,588,568,-54.628156,42.769,0
675,11.26125,free_swing,471,438,562,574,-58.790867,33.787,0
676,11.27793,free_swing,466,431,535,580,-61.843809,24.848,0
677,11.29462,free_swing,464,425,504,584,-64.075098,14.121,0
678,11.3113,free_swing,462,423,471,588,-65.026089,3.122,0
679,11.32798,free_swing,463,423,441,588,-64.875042,-7.595,0
680,11.34467,free_swing,464,427,413,581,-63.434949,-18.323,0
681,11.36135,free_swing,469,435,380,574,-60.077870,-32.631,0
682,11.37803,free_swing,476,447,355,559,-55.124672,-47.212,0
683,11.39472,free_swing,485,459,340,535,-49.784530,-62.339,0
684,11.4114,free_swing,496,471,338,507,-43.994914,-77.164,0
685,11.42808,free_swing,506,480,344,481,-39.214445,-89.646,0
686,11.44477,free_swing,515,487,355,455,-35.166436,-101.31,0
687,11.46145,free_swing,523,492,371,434,-31.817035,-110.886,0
688,11.47813,free_swing,531,497,389,416,-28.468919,-119.701,0
689,11.49482,free_swing,538,501,410,401,-25.615484,-127.999,0
690,11.5115,free_swing,546,504,431,389,-22.592555,-135.0,0
691,11.52818,free_swing,554,507,453,379,-19.558252,-141.724,0
692,11.54487,free_swing,563,510,476,372,-16.189206,-147.771,0
693,11.56155,free_swing,572,512,497,367,-12.914632,-152.65,0
694,11.57823,free_swing,582,514,518,364,-9.286928,-156.894,0
695,11.59492,free_swing,593,516,540,361,-5.322751,-161.123,0
696,11.6116,free_swing,604,517,558,359,-1.414423,-163.768,0
697,11.62828,free_swing,616,517,579,357,2.827125,-166.979,0
698,11.64497,free_swing,628,516,597,354,7.081212,-169.167,0
699,11.66165,free_swing,640,514,616,352,11.379214,-171.573,0
700,11.67833,free_swing,651,512,632,349,15.316860,-173.351,0
701,11.69502,free_swing,661,508,649,346,19.106353,-175.764,0
702,11.7117,free_swing,670,504,669,341,22.592555,-179.648,0
703,11.72838,free_swing,678,501,686,338,25.615484,177.19,0
704,11.74507,free_swing,685,498,705,336,28.300756,172.962,0
705,11.76175,free_swing,691,495,724,335,30.661885,168.346,0
706,11.77843,free_swing,696,491,743,335,32.905243,163.233,0
707,11.79512,free_swing,700,489,763,338,34.472214,157.353,0
708,11.8118,free_swing,703,486,783,344,35.949278,150.604,0
709,11.82848,free_swing,706,484,802,352,37.223571,143.973,0
710,11.84517,free_swing,709,481,822,363,38.715220,136.24,0
711,11.86185,free_swing,712,479,840,378,39.986886,128.276,0
712,11.87853,free_swing,715,477,856,395,41.252355,120.181,0
713,11.89522,free_swing,718,474,871,417,42.749359,110.433,0
714,11.9119,free_swing,722,471,881,442,44.501788,100.337,0
715,11.92858,free_swing,725,467,887,470,46.250801,88.939,0
716,11.94527,free_swing,730,461,887,501,49.014176,75.706,0
717,11.96195,free_swing,735,455,878,532,51.783049,61.699,0
718,11.97863,free_swing,739,449,860,560,54.338395,47.468,0
719,11.99532,free_swing,743,444,836,582,56.604762,33.977,0
720,12.012,free_swing,744,442,804,598,57.392713,21.038,0
721,12.02868,free_swing,743,443,772,607,56.901606,10.028,0
722,12.04537,free_swing,741,446,740,613,55.619655,-0.343,0
723,12.06205,free_swing,737,453,707,618,52.776429,-10.305,0
724,12.07873,free_swing,730,461,678,621,49.014176,-18.004,0
725,12.09542,free_swing,721,471,650,623,44.249443,-25.038,0
726,12.1121,free_swing,709,482,622,626,38.494373,-31.139,0
727,12.12878,free_swing,695,492,597,629,32.417038,-35.577,0
728,12.14547,free_swing,678,501,574,633,25.615484,-38.234,0
729,12.16215,free_swing,657,509,551,640,17.650124,-38.978,0
730,12.17883,free_swing,629,524,527,651,7.083286,-38.77,0
731,12.19552,free_swing,606,526,512,658,-0.670096,-35.455,0
732,12.2122,free_swing,585,518,502,662,-8.031656,-29.959,0
733,12.22888,free_swing,559,510,495,664,-17.543258,-22.567,0
734,12.24557,free_swing,534,499,490,659,-27.198128,-15.376,0
735,12.26225,free_swing,513,484,487,648,-36.369198,-9.009,0
736,12.27893,free_swing,498,468,482,634,-44.229251,-5.505,0
737,12.29562,free_swing,482,455,477,620,-51.562699,-1.736,0
738,12.3123,free_swing,472,440,469,605,-57.994617,-1.042,0
739,12.32898,free_swing,464,426,462,591,-63.754142,-0.694,0
740,12.34567,free_swing,458,413,454,578,-68.860175,-1.389,0
741,12.36235,free_swing,454,401,445,565,-73.369046,-3.141,0
742,12.37903,free_swing,451,391,435,555,-77.085368,-5.572,0
743,12.39572,free_swing,450,382,425,545,-80.302620,-8.72,0
744,12.4124,free_swing,449,375,413,536,-82.830637,-12.604,0
745,12.42908,free_swing,448,370,403,529,-84.644175,-15.803,0
746,12.44577,free_swing,448,366,394,521,-86.067104,-19.208,0
747,12.46245,free_swing,448,365,382,516,-86.423666,-23.609,0
748,12.47913,free_swing,448,365,372,513,-86.423666,-27.181,0
749,12.49582,free_swing,448,368,361,509,-85.354922,-31.675,0
750,12.5125,free_swing,449,372,351,506,-83.897220,-36.18,0
751,12.52918,free_swing,449,378,342,504,-81.769025,-40.338,0
752,12.54587,free_swing,451,386,333,502,-78.830498,-45.49,0
753,12.56255,free_swing,453,397,324,500,-74.838757,-51.394,0
754,12.57923,free_swing,457,409,318,497,-70.322142,-57.662,0
755,12.59592,free_swing,463,424,314,495,-64.551995,-64.522,0
756,12.6126,free_swing,471,439,316,491,-58.485927,-71.454,0
757,12.62928,free_swing,481,453,320,486,-52.344299,-78.417,0
758,12.64597,free_swing,492,467,329,484,-46.005086,-84.046,0
759,12.66265,free_swing,503,482,341,485,-39.582978,-88.939,0
760,12.67933,free_swing,519,491,360,488,-33.201208,-91.081,0
761,12.69602,free_swing,532,501,369,492,-27.499139,-93.16,0
762,12.7127,free_swing,548,508,384,500,-21.412969,-92.793,0
763,12.72938,free_swing,565,514,402,510,-15.133083,-91.406,0
764,12.74607,free_swing,584,515,419,523,-8.530766,-87.224,0
765,12.76275,free_swing,602,517,439,541,-2.121096,-81.624,0
766,12.77943,free_swing,618,516,460,559,3.554178,-74.776,0
767,12.79612,free_swing,634,515,482,580,9.229886,-66.847,0
768,12.8128,free_swing,646,512,509,605,13.606103,-55.83,0
769,12.82948,free_swing,656,510,540,628,17.206573,-44.51,0
770,12.84617,free_swing,663,508,575,648,19.772351,-32.152,0
771,12.86285,free_swing,667,506,615,664,21.342003,-18.217,0
772,12.87953,free_swing,666,506,661,672,21.012080,-1.725,0
773,12.89622,free_swing,662,508,705,668,19.440035,15.043,0
774,12.9129,free_swing,656,510,747,649,17.206573,33.212,0
775,12.92958,free_swing,652,511,777,620,15.751174,48.912,0
776,12.94627,free_swing,651,511,799,586,15.410391,63.126,0
777,12.96295,free_swing,652,511,813,548,15.751174,77.057,0
778,12.97963,free_swing,657,510,820,514,17.543258,88.594,0
779,12.99632,free_swing,662,508,823,482,19.440035,99.174,0
780,13.013,free_swing,670,505,823,451,22.456939,109.44,0
781,13.02968,free_swing,678,501,822,425,25.615484,117.824,0
782,13.04637,free_swing,686,497,818,401,28.779806,126.027,0
783,13.06305,free_swing,694,492,813,379,32.118022,133.519,0
784,13.07973,free_swing,701,487,807,362,35.166436,139.702,0
785,13.09642,free_swing,708,482,800,347,38.216951,145.726,0
786,13.1131,free_swing,715,477,794,334,41.252355,151.082,0
787,13.12978,free_swing,720,472,788,323,43.749199,155.469,0
788,13.14647,free_swing,724,468,781,315,45.750557,159.567,0
789,13.16315,free_swing,728,464,775,308,47.750085,163.233,0
790,13.17983,free_swing,730,461,770,303,49.014176,165.793,0
791,13.19652,free_swing,731,460,764,300,49.513988,168.346,0
792,13.2132,free_swing,732,459,760,298,50.013114,170.134,0
793,13.22988,free_swing,732,459,755,298,50.013114,171.87,0
794,13.24657,free_swing,731,461,751,299,49.245611,172.962,0
795,13.26325,free_swing,728,463,747,301,48.012788,173.311,0
796,13.27993,free_swing,725,467,744,304,46.250801,173.351,0
797,13.29662,free_swing,720,472,741,309,43.749199,172.659,0
798,13.3133,free_swing,714,477,738,315,40.985824,171.573,0
799,13.32998,free_swing,707,483,737,321,37.719711,169.509,0
800,13.34667,free_swing,698,489,736,329,33.886959,166.64,0
801,13.36335,free_swing,688,496,735,338,29.569531,163.434,0
802,13.38003,free_swing,676,502,736,348,24.824555,158.714,0
803,13.39672,free_swing,662,507,737,360,19.558252,152.969,0
804,13.4134,free_swing,647,512,739,375,13.950343,146.117,0
805,13.43008,free_swing,632,515,741,391,8.530766,138.683,0
806,13.44677,free_swing,617,517,742,411,3.179830,130.298,0
807,13.46345,free_swing,602,516,744,434,-2.134259,120.005,0
808,13.48013,free_swing,587,515,742,461,-7.477330,109.208,0
809,13.49682,free_swing,575,514,738,491,-11.725112,98.032,0
810,13.5135,free_swing,566,511,730,525,-15.068488,85.121,0
811,13.53018,free_swing,559,509,716,561,-17.650124,71.675,0
812,13.54687,free_swing,555,508,696,596,-19.106353,58.031,0
813,13.56355,free_swing,556,508,668,631,-18.771319,42.32,0
814,13.58023,free_swing,560,509,634,659,-17.311646,26.259,0
815,13.59692,free_swing,570,512,592,677,-13.606103,7.595,0
816,13.6136,free_swing,585,515,548,677,-8.180230,-12.865,0
817,13.63028,free_swing,600,517,511,656,-2.827125,-32.631,0
818,13.64697,free_swing,610,517,484,624,0.707319,-49.662,0
819,13.66365,free_swing,615,516,466,587,2.489553,-64.522,0
820,13.68033,free_swing,616,517,455,547,2.827125,-79.445,0
821,13.69702,free_swing,614,517,451,513,2.121096,-91.406,0
822,13.7137,free_swing,608,517,450,478,0.000000,-103.865,0
823,13.73038,free_swing,601,517,454,447,-2.474204,-115.463,0
824,13.74707,free_swing,592,516,462,420,-5.675356,-126.444,0
825,13.76375,free_swing,581,514,473,394,-9.637538,-138.013,0
826,13.78043,free_swing,569,512,484,374,-13.950343,-148.369,0
827,13.79712,free_swing,558,508,497,357,-18.097257,-158.003,0
828,13.8138,free_swing,546,504,512,345,-22.592555,-167.93,0
829,13.83048,free_swing,535,499,527,337,-26.882476,-177.173,0
830,13.84717,free_swing,525,493,541,331,-31.024774,174.359,0
831,13.86385,free_swing,515,487,553,329,-35.166436,166.477,0
832,13.88053,free_swing,506,480,567,330,-39.214445,157.87,0
833,13.89722,free_swing,499,474,580,333,-42.488637,150.124,0
834,13.9139,free_swing,493,468,592,340,-45.502582,142.28,0
835,13.93058,free_swing,488,463,602,346,-48.012788,135.744,0
836,13.94727,free_swing,484,458,613,360,-50.285447,127.224,0
837,13.96395,free_swing,481,454,621,373,-52.062603,120.052,0
838,13.98063,free_swing,479,451,628,389,-53.343892,112.593,0
839,13.99732,free_swing,477,449,632,407,-54.338395,105.161,0
840,14.014,free_swing,478,449,638,426,-54.130176,98.18,0
841,14.03068,free_swing,479,450,641,448,-53.630802,90.707,0
842,14.04737,free_swing,480,453,642,471,-52.561428,83.66,0
843,14.06405,free_swing,483,457,641,496,-50.785555,76.135,0
844,14.08073,free_swing,488,462,639,523,-48.277676,68.003,0
845,14.09742,free_swing,493,468,635,550,-45.502582,59.995,0
846,14.1141,free_swing,501,476,630,579,-41.486250,51.394,0
847,14.13078,free_swing,511,484,622,610,-36.940896,41.379,0
848,14.14747,free_swing,524,493,611,637,-31.328693,31.139,0
849,14.16415,free_swing,542,503,594,661,-24.034288,18.217,0
850,14.18083,free_swing,566,512,571,678,-14.976836,1.725,0
851,14.19752,free_swing,593,519,548,677,-5.225927,-15.897,0
852,14.2142,free_swing,615,526,531,663,2.344132,-31.514,0
853,14.23088,free_swing,643,513,524,629,12.490406,-45.731,0
854,14.24757,free_swing,659,509,521,601,18.323261,-56.31,0
855,14.26425,free_swing,674,503,524,571,24.034288,-65.614,0
856,14.28093,free_swing,687,496,530,542,29.261199,-73.67,0
857,14.29762,free_swing,697,489,537,516,33.591282,-80.422,0
858,14.3143,free_swing,705,484,543,494,36.940896,-86.468,0
859,14.33098,free_swing,714,478,551,471,40.754389,-92.459,0
860,14.34767,free_swing,720,472,558,452,43.749199,-97.038,0
861,14.36435,free_swing,725,467,564,433,46.250801,-101.925,0
862,14.38103,free_swing,729,462,572,419,48.513750,-105.317,0
863,14.39772,free_swing,733,458,580,401,50.511477,-110.433,0
864,14.4144,free_swing,736,455,588,388,52.001268,-114.356,0
865,14.43108,free_swing,737,453,593,376,52.776429,-118.134,0
866,14.44777,free_swing,738,451,601,364,53.555558,-122.417,0
867,14.46445,free_swing,738,451,605,358,53.555558,-124.963,0
868,14.48113,free_swing,737,452,613,346,53.059104,-130.525,0
869,14.49782,free_swing,735,454,619,340,52.062603,-134.502,0
870,14.5145,free_swing,733,458,625,334,50.511477,-138.945,0
871,14.53118,free_swing,729,462,632,330,48.513750,-143.69,0
872,14.54787,free_swing,725,467,639,328,46.250801,-148.255,0
873,14.56455,free_swing,719,473,646,327,43.249146,-153.435,0
874,14.58123,free_swing,712,479,652,326,39.986886,-158.587,0
875,14.59792,free_swing,704,486,660,328,36.234872,-164.438,0
876,14.6146,free_swing,694,492,668,330,32.118022,-170.882,0
877,14.63128,free_swing,683,499,675,335,27.512003,-177.207,0
878,14.64797,free_swing,670,504,684,340,22.592555,175.121,0
879,14.66465,free_swing,657,509,693,349,17.650124,167.32,0
880,14.68133,free_swing,642,513,702,360,12.144278,158.587,0
881,14.69802,free_swing,628,516,711,374,7.081212,149.693,0
882,14.7147,free_swing,613,517,719,392,1.767827,139.702,0
883,14.73138,free_swing,599,517,726,414,-3.179830,129.043,0
884,14.74807,free_swing,586,515,731,439,-7.829077,117.661,0
885,14.76475,free_swing,576,514,733,469,-11.379214,105.994,0
886,14.78143,free_swing,567,512,731,504,-14.635729,92.793,0
887,14.79812,free_swing,562,510,724,539,-16.529530,79.851,0
888,14.8148,free_swing,559,509,711,575,-17.650124,66.529,0
889,14.83148,free_swing,560,509,689,614,-17.311646,50.856,0
890,14.84817,free_swing,564,510,662,646,-15.847705,35.776,0
891,14.86485,free_swing,574,513,628,671,-12.144278,18.869,0
892,14.88153,free_swing,591,517,587,680,-5.990595,-1.406,0
893,14.89822,free_swing,607,517,544,669,-0.353673,-22.513,0
894,14.9149,free_swing,621,516,517,641,4.616352,-39.76,0
895,14.93158,free_swing,629,516,491,608,7.431408,-56.31,0
896,14.94827,free_swing,633,515,478,571,8.880659,-70.136,0
897,14.96495,free_swing,633,515,471,536,8.880659,-82.614,0
898,14.98163,free_swing,630,516,467,500,7.781046,-95.606,0
899,14.99832,free_swing,624,516,469,469,5.675356,-106.869,0
900,15.015,free_swing,616,516,473,438,2.844656,-118.61,0
901,15.03168,free_swing,606,517,483,411,-0.707319,-130.754,0
902,15.04837,free_swing,594,516,493,390,-4.969741,-141.285,0
903,15.06505,free_swing,583,514,506,371,-8.935614,-151.699,0
904,15.08173,free_swing,570,512,521,357,-13.606103,-162.457,0
905,15.09842,free_swing,557,508,536,347,-18.434949,-172.569,0
906,15.1151,free_swing,545,504,550,341,-22.919555,178.243,0
907,15.13178,free_swing,534,498,566,339,-27.360775,168.621,0
908,15.14847,free_swing,523,492,580,340,-31.817035,159.444,0
909,15.16515,free_swing,514,486,593,344,-35.661605,150.911,0
910,15.18183,free_swing,506,480,603,350,-39.214445,143.271,0
911,15.19852,free_swing,499,473,615,360,-42.729550,134.249,0
912,15.2152,free_swing,493,468,626,376,-45.502582,124.673,0
913,15.23188,free_swing,489,463,633,391,-47.774277,116.565,0
914,15.24857,free_swing,484,459,639,411,-50.013114,107.207,0
915,15.26525,free_swing,484,457,644,432,-50.559947,98.881,0
916,15.28193,free_swing,482,456,644,456,-51.284780,90.0,0
917,15.29862,free_swing,483,456,643,480,-51.061789,81.469,0
918,15.3153,free_swing,484,458,639,506,-50.285447,72.793,0
919,15.33198,free_swing,487,462,633,534,-48.513750,63.75,0
920,15.34867,free_swing,492,467,626,563,-46.005086,54.382,0
921,15.36535,free_swing,499,473,616,591,-42.729550,44.756,0
922,15.38203,free_swing,508,481,603,618,-38.437301,34.739,0
923,15.39872,free_swing,521,490,585,646,-32.799531,22.306,0
924,15.4154,free_swing,537,501,564,666,-25.933718,9.293,0
925,15.43208,free_swing,561,510,538,675,-16.868658,-7.936,0
926,15.44877,free_swing,585,525,514,670,-7.704997,-26.089,0
927,15.46545,free_swing,603,528,500,649,-1.655487,-40.406,0
928,15.48213,free_swing,632,515,498,612,8.530766,-54.1,0
929,15.49882,free_swing,649,512,499,582,14.635729,-64.983,0
930,15.5155,free_swing,662,508,505,554,19.440035,-73.67,0
931,15.53218,free_swing,674,503,512,527,24.034288,-81.573,0
932,15.54887,free_swing,684,498,521,502,27.989238,-88.594,0
933,15.56555,free_swing,693,493,530,479,31.630661,-94.909,0
934,15.58223,free_swing,700,488,540,457,34.672746,-100.965,0
935,15.59892,free_swing,706,484,549,439,37.223571,-105.994,0
936,15.6156,free_swing,712,479,559,422,39.986886,-110.433,0
937,15.63228,free_swing,717,475,568,405,42.249915,-115.164,0
938,15.64897,free_swing,720,472,579,392,43.749199,-119.57,0
939,15.66565,free_swing,723,469,587,378,45.250198,-123.787,0
940,15.68233,free_swing,725,467,596,368,46.250801,-127.504,0
941,15.69902,free_swing,726,466,604,358,46.750854,-131.517,0
942,15.7157,free_swing,727,465,614,347,47.250641,-136.24,0
943,15.73238,free_swing,726,466,622,340,46.750854,-140.464,0
944,15.74907,free_swing,724,467,629,334,46.005086,-144.462,0
945,15.76575,free_swing,722,470,639,329,44.749802,-149.517,0
946,15.78243,free_swing,719,473,648,326,43.249146,-154.22,0
947,15.79912,free_swing,714,477,657,324,40.985824,-159.567,0
948,15.8158,free_swing,709,482,668,323,38.494373,-165.541,0
949,15.83248,free_swing,702,487,677,325,35.455474,-171.227,0
950,15.84917,free_swing,694,492,686,328,32.118022,-177.207,0
951,15.86585,free_swing,686,497,697,333,28.779806,176.163,0
952,15.88253,free_swing,676,502,708,341,24.824555,168.759,0
953,15.89922,free_swing,665,506,719,351,20.680691,160.792,0
954,15.9159,free_swing,654,510,730,365,16.529530,152.339,0
955,15.93258,free_swing,643,513,741,382,12.490406,143.2,0
956,15.94927,free_swing,632,515,751,402,8.530766,133.519,0
957,15.96595,free_swing,621,516,758,426,4.616352,123.302,0
958,15.98263,free_swing,613,517,765,456,1.767827,111.866,0
959,15.99932,free_swing,606,517,767,488,-0.707319,100.211,0
960,16.016,free_swing,601,517,765,523,-2.474204,87.905,0
961,16.03268,free_swing,598,516,758,561,-3.554178,74.291,0
962,16.04937,free_swing,599,517,743,601,-3.179830,59.744,0
963,16.06605,free_swing,603,516,719,637,-1.778800,43.791,0
964,16.08273,free_swing,612,516,689,665,1.423205,27.329,0
965,16.09942,free_swing,627,515,645,679,6.772160,6.263,0
966,16.1161,free_swing,640,514,602,675,11.379214,-13.28,0
967,16.13278,free_swing,648,511,567,651,14.381395,-30.052,0
968,16.14947,free_swing,654,510,535,626,16.529530,-45.731,0
969,16.16615,free_swing,654,510,513,596,16.529530,-58.62,0
970,16.18283,free_swing,651,511,495,564,15.410391,-71.235,0
971,16.19952,free_swing,644,513,481,531,12.835609,-83.698,0
972,16.2162,free_swing,635,514,473,503,9.637538,-93.884,0
973,16.23288,free_swing,624,516,466,475,5.675356,-104.547,0
974,16.24957,free_swing,611,517,463,450,1.060912,-114.356,0
975,16.26625,free_swing,598,516,461,429,-3.554178,-122.417,0
976,16.28293,free_swing,584,515,460,410,-8.530766,-130.257,0
977,16.29962,free_swing,569,512,459,393,-13.950343,-137.251,0
978,16.3163,free_swing,556,508,459,379,-18.771319,-143.059,0
979,16.33298,free_swing,544,504,458,367,-23.244984,-147.882,0
980,16.34967,free_swing,533,498,455,356,-27.675910,-151.22,0
981,16.36635,free_swing,524,493,453,348,-31.328693,-153.911,0
982,16.38303,free_swing,516,487,449,340,-34.875328,-155.497,0
983,16.39972,free_swing,509,483,445,334,-37.719711,-156.755,0
984,16.4164,free_swing,504,478,440,329,-40.215470,-156.755,0
985,16.43308,free_swing,499,474,434,326,-42.488637,-156.289,0
986,16.44977,free_swing,496,471,428,324,-43.994914,-155.175,0
987,16.46645,free_swing,494,469,422,324,-45.000000,-153.593,0
988,16.48313,free_swing,492,467,415,325,-46.005086,-151.531,0
989,16.49982,free_swing,492,466,407,328,-46.261818,-148.369,0
990,16.5165,free_swing,492,466,400,333,-46.261818,-145.327,0
991,16.53318,free_swing,492,467,392,340,-46.005086,-141.783,0
992,16.54987,free_swing,494,469,385,349,-45.000000,-137.75,0
993,16.56655,free_swing,496,471,378,360,-43.994914,-133.249,0
994,16.58323,free_swing,498,473,370,374,-42.990446,-127.72,0
995,16.59992,free_swing,501,476,364,390,-41.486250,-122.118,0
996,16.6166,free_swing,504,479,358,409,-39.986886,-115.615,0
997,16.63328,free_swing,508,482,354,432,-38.216951,-107.987,0
998,16.64997,free_swing,511,484,351,457,-36.940896,-99.578,0
999,16.66665,free_swing,514,486,351,484,-35.661605,-90.703,0
1000,16.68333,free_swing,517,488,355,514,-34.380345,-80.882,0
1001,16.70002,free_swing,518,489,365,548,-33.886959,-68.912,0
1002,16.7167,free_swing,519,489,382,579,-33.591282,-56.698,0
1003,16.73338,free_swing,519,489,404,608,-33.591282,-44.021,0
1004,16.75007,free_swing,518,489,435,633,-33.886959,-29.959,0
1005,16.76675,free_swing,518,489,471,648,-33.886959,-16.468,0
1006,16.78343,free_swing,521,490,508,656,-32.799531,-4.478,0
1007,16.80012,free_swing,525,494,546,659,-30.842367,7.253,0
1008,16.8168,free_swing,533,498,582,658,-27.675910,17.027,0
1009,16.83348,free_swing,543,503,615,654,-23.710562,25.493,0
1010,16.85017,free_swing,556,508,646,650,-18.771319,32.367,0
1011,16.86685,free_swing,571,512,674,645,-13.260859,37.755,0
1012,16.88353,free_swing,588,515,699,641,-7.125016,41.379,0
1013,16.90022,free_swing,607,517,724,638,-0.353673,44.037,0
1014,16.9169,free_swing,628,517,746,636,7.037941,44.758,0
1015,16.93358,free_swing,647,512,764,633,13.950343,44.037,0
1016,16.95027,free_swing,671,504,777,627,22.919555,40.754,0
1017,16.96695,free_swing,688,495,791,626,29.744881,38.177,0
1018,16.98363,free_swing,706,484,800,621,37.223571,34.455,0
1019,17.00032,free_swing,722,469,807,613,45.000000,30.552,0
1020,17.017,free_swing,734,456,811,603,51.284780,27.646,0
1021,17.03368,free_swing,744,442,816,592,57.392713,25.641,0
1022,17.05037,free_swing,751,429,820,580,62.639225,24.558,0
1023,17.06705,free_swing,757,418,825,569,67.080445,24.244,0
1024,17.08373,free_swing,761,408,830,559,70.893647,24.558,0
1025,17.10042,free_swing,763,400,835,549,73.810794,25.791,0
1026,17.1171,free_swing,765,393,840,541,76.393897,26.874,0
1027,17.13378,free_swing,766,388,846,534,78.202752,28.72,0
1028,17.15047,free_swing,767,385,852,528,79.315088,30.727,0
1029,17.16715,free_swing,767,383,857,523,80.012578,32.735,0
1030,17.18383,free_swing,767,383,863,519,80.012578,35.218,0
1031,17.20052,free_swing,767,385,869,517,79.315088,37.694,0
1032,17.2172,free_swing,766,389,874,516,77.855722,40.378,0
1033,17.23388,free_swing,764,394,879,515,75.963757,43.544,0
1034,17.25057,free_swing,762,402,884,515,73.028083,47.193,0
1035,17.26725,free_swing,760,411,889,516,69.775141,50.856,0
1036,17.28393,free_swing,755,422,892,517,65.497341,55.261,0
1037,17.30062,free_swing,749,434,893,517,60.738801,60.041,0
1038,17.3173,free_swing,741,447,891,517,55.327254,64.983,0
1039,17.33398,free_swing,731,460,886,518,49.513988,69.484,0
1040,17.35067,free_swing,719,472,878,519,43.492564,73.532,0
1041,17.36735,free_swing,707,483,868,523,37.719711,76.048,0
1042,17.38403,free_swing,693,493,855,528,31.630661,77.809,0
1043,17.40072,free_swing,678,501,840,535,25.615484,78.147,0
1044,17.4174,free_swing,662,508,824,545,19.440035,77.135,0
1045,17.43408,free_swing,647,512,807,556,13.950343,74.624,0
1046,17.45077,free_swing,631,515,787,571,8.180230,70.253,0
1047,17.46745,free_swing,616,516,766,589,2.844656,64.049,0
1048,17.48413,free_swing,602,516,742,606,-2.134259,57.265,0
1049,17.50082,free_swing,589,516,714,626,-6.730484,48.652,0
1050,17.5175,free_swing,579,514,682,645,-10.336554,38.177,0
1051,17.53418,free_swing,572,512,649,660,-12.914632,27.487,0
1052,17.55087,free_swing,567,511,609,673,-14.725483,14.534,0
1053,17.56755,free_swing,566,511,565,677,-15.068488,-0.345,0
1054,17.58423,free_swing,567,511,523,672,-14.725483,-15.285,0
1055,17.60092,free_swing,568,512,486,655,-14.293558,-29.831,0
1056,17.6176,free_swing,568,512,452,630,-14.293558,-44.51,0
1057,17.63428,free_swing,566,511,429,602,-15.068488,-56.407,0
1058,17.65097,free_swing,562,510,409,571,-16.529530,-68.263,0
1059,17.66765,free_swing,556,508,394,541,-18.771319,-78.486,0
1060,17.68433,free_swing,549,505,386,515,-21.471368,-86.489,0
1061,17.70102,free_swing,540,502,377,487,-24.824555,-95.258,0
1062,17.7177,free_swing,532,498,373,464,-27.989238,-102.07,0
1063,17.73438,free_swing,524,493,370,443,-31.328693,-107.987,0
1064,17.75107,free_swing,516,488,367,423,-34.672746,-113.569,0
1065,17.76775,free_swing,509,482,365,408,-37.937397,-117.198,0
1066,17.78443,free_swing,502,477,363,394,-40.985824,-120.842,0
1067,17.80112,free_swing,497,472,361,382,-43.492564,-123.495,0
1068,17.8178,free_swing,492,467,360,372,-46.005086,-125.742,0
1069,17.83448,free_swing,488,463,359,365,-48.012788,-127.224,0
1070,17.85117,free_swing,485,459,357,359,-49.784530,-127.999,0
1071,17.86785,free_swing,483,456,356,356,-51.061789,-128.217,0
1072,17.88453,free_swing,481,454,354,354,-52.062603,-128.217,0
1073,17.90122,free_swing,480,453,352,354,-52.561428,-127.72,0
1074,17.9179,free_swing,480,452,351,355,-52.844696,-126.941,0
1075,17.93458,free_swing,480,453,349,359,-52.561428,-125.662,0
1076,17.95127,free_swing,481,454,347,364,-52.062603,-123.887,0
1077,17.96795,free_swing,483,457,345,372,-50.785555,-121.631,0
1078,17.98463,free_swing,486,460,344,381,-49.282878,-119.089,0
1079,18.00132,free_swing,489,463,343,393,-47.774277,-115.615,0
1080,18.018,free_swing,492,467,342,407,-46.005086,-111.801,0
1081,18.03468,free_swing,496,472,341,423,-43.749199,-107.543,0
1082,18.05137,free_swing,501,476,342,442,-41.486250,-102.07,0
1083,18.06805,free_swing,507,480,345,463,-38.938211,-95.991,0
1084,18.08473,free_swing,512,485,349,486,-36.444442,-89.648,0
1085,18.10142,free_swing,517,488,355,513,-34.380345,-81.227,0
1086,18.1181,free_swing,523,492,366,542,-31.817035,-72.335,0
1087,18.13478,free_swing,527,494,381,570,-30.230801,-62.501,0
1088,18.15147,free_swing,531,497,401,598,-28.468919,-52.156,0
1089,18.16815,free_swing,533,498,429,627,-27.675910,-38.876,0
1090,18.18483,free_swing,536,499,461,647,-26.565051,-26.874,0
1091,18.20152,free_swing,539,501,496,662,-25.295546,-14.954,0
1092,18.2182,free_swing,543,503,535,670,-23.710562,-2.743,0
1093,18.23488,free_swing,550,506,573,671,-21.012080,7.936,0
1094,18.25157,free_swing,559,509,607,668,-17.650124,16.798,0
1095,18.26825,free_swing,570,512,643,663,-13.606103,25.801,0
1096,18.28493,free_swing,584,515,673,657,-8.530766,32.078,0
1097,18.30162,free_swing,599,516,701,650,-3.199540,37.278,0
1098,18.3183,free_swing,616,516,727,642,2.844656,41.379,0
1099,18.33498,free_swing,633,514,750,635,8.935614,44.037,0
1100,18.35167,free_swing,652,511,770,629,15.751174,45.0,0
1101,18.36835,free_swing,670,504,789,622,22.592555,45.242,0
1102,18.38503,free_swing,688,496,804,616,29.569531,44.029,0
1103,18.40172,free_swing,704,485,816,608,36.444442,42.32,0
1104,18.4184,free_swing,718,473,826,600,42.990446,40.378,0
1105,18.43508,free_swing,730,460,834,590,49.282878,38.66,0
1106,18.45177,free_swing,740,448,841,580,54.833564,37.421,0
1107,18.46845,free_swing,747,436,847,569,59.769199,36.939,0
1108,18.48513,free_swing,753,426,853,559,63.911080,36.939,0
1109,18.50182,free_swing,757,416,858,548,67.736005,37.421,0
1110,18.5185,free_swing,760,408,863,539,70.777143,38.177,0
1111,18.53518,free_swing,762,402,868,530,73.028083,39.629,0
1112,18.55187,free_swing,764,398,873,523,74.589609,41.088,0
1113,18.56855,free_swing,764,395,878,517,75.618605,43.059,0
1114,18.58523,free_swing,765,394,883,512,76.049657,45.0,0
1115,18.60192,free_swing,765,395,888,507,75.706442,47.68,0
1116,18.6186,free_swing,764,397,892,503,74.931512,50.371,0
1117,18.63528,free_swing,763,401,896,501,73.470470,53.061,0
1118,18.65197,free_swing,761,408,900,499,70.893647,56.788,0
1119,18.66865,free_swing,758,416,902,498,67.870063,60.341,0
1120,18.68533,free_swing,754,424,903,497,64.704454,63.898,0
1121,18.70202,free_swing,748,435,902,497,60.255119,68.07,0
1122,18.7187,free_swing,742,446,899,497,55.819398,72.004,0
1123,18.73538,free_swing,734,457,894,499,51.009006,75.292,0
1124,18.75207,free_swing,725,468,887,502,45.996348,78.147,0
1125,18.76875,free_swing,713,478,876,506,40.486012,80.253,0
1126,18.78543,free_swing,702,487,865,513,35.455474,80.937,0
1127,18.80212,free_swing,689,495,852,522,30.052448,80.595,0
1128,18.8188,free_swing,675,502,838,534,24.502659,78.893,0
1129,18.83548,free_swing,661,508,822,547,19.106353,76.383,0
1130,18.85217,free_swing,647,512,805,563,13.950343,72.111,0
1131,18.86885,free_swing,633,515,785,582,8.880659,66.213,0
1132,18.88553,free_swing,620,516,762,602,4.262611,58.799,0
1133,18.90222,free_swing,608,516,736,622,0.000000,50.371,0
1134,18.9189,free_swing,598,516,706,643,-3.554178,40.378,0
1135,18.93558,free_swing,590,516,673,660,-6.379248,29.959,0
1136,18.95227,free_swing,585,515,634,673,-8.180230,17.23,0
1137,18.96895,free_swing,583,515,592,681,-8.880659,3.103,0
1138,18.98563,free_swing,583,514,548,677,-8.935614,-12.119,0
1139,19.00232,free_swing,583,515,512,665,-8.880659,-25.33,0
1140,19.019,free_swing,581,515,477,643,-9.578423,-39.094,0
1141,19.03568,free_swing,577,514,448,618,-11.032473,-51.124,0
1142,19.05237,free_swing,572,512,428,592,-12.914632,-60.945,0
1143,19.06905,free_swing,564,510,408,564,-15.847705,-70.907,0
1144,19.08573,free_swing,555,507,393,539,-19.222857,-78.826,0
1145,19.10242,free_swing,546,504,381,515,-22.592555,-86.186,0
1146,19.1191,free_swing,536,500,372,493,-26.406776,-92.444,0
1147,19.13578,free_swing,527,494,365,474,-30.230801,-97.038,0
1148,19.15247,free_swing,518,489,357,457,-33.886959,-101.241,0
1149,19.16915,free_swing,509,482,351,441,-37.937397,-104.547,0
1150,19.18583,free_swing,502,476,346,429,-41.219431,-106.767,0
1151,19.20252,free_swing,495,470,341,419,-44.497418,-108.323,0
1152,19.2192,free_swing,489,464,336,411,-47.511363,-109.106,0
1153,19.23588,free_swing,484,458,331,404,-50.285447,-109.44,0
1154,19.25257,free_swing,480,453,327,400,-52.561428,-109.106,0
1155,19.26925,free_swing,476,448,323,398,-54.833564,-108.097,0
1156,19.28593,free_swing,474,444,319,398,-56.408718,-106.53,0
1157,19.30262,free_swing,472,441,316,400,-57.692666,-104.725,0
1158,19.3193,free_swing,471,438,313,403,-58.790867,-102.49,0
1159,19.33598,free_swing,470,437,311,409,-59.281096,-99.987,0
1160,19.35267,free_swing,469,437,309,416,-59.462453,-97.477,0
1161,19.36935,free_swing,470,437,309,425,-59.281096,-94.263,0
1162,19.38603,free_swing,471,439,309,436,-58.485927,-91.061,0
1163,19.40272,free_swing,472,440,310,448,-57.994617,-87.173,0
1164,19.4194,free_swing,474,444,312,463,-56.408718,-83.311,0
1165,19.43608,free_swing,476,448,316,479,-54.833564,-79.035,0
1166,19.45277,free_swing,480,452,322,496,-52.844696,-74.438,0
1167,19.46945,free_swing,483,457,330,516,-50.785555,-68.912,0
1168,19.48613,free_swing,488,462,341,536,-48.277676,-63.279,0
1169,19.50282,free_swing,492,468,353,556,-45.750557,-57.662,0
1170,19.5195,free_swing,499,473,370,576,-42.729550,-51.394,0
1171,19.53618,free_swing,506,479,389,596,-39.440053,-45.0,0
1172,19.55287,free_swing,513,486,410,615,-35.949278,-38.606,0
1173,19.56955,free_swing,522,492,434,633,-32.118022,-31.969,0
1174,19.58623,free_swing,532,497,461,648,-28.156191,-25.183,0
1175,19.60292,free_swing,543,503,488,660,-23.710562,-19.306,0
1176,19.6196,free_swing,556,508,517,670,-18.771319,-13.536,0
1177,19.63628,free_swing,569,512,548,677,-13.950343,-7.253,0
1178,19.65297,free_swing,583,515,579,681,-8.880659,-1.38,0
1179,19.66965,free_swing,599,516,609,683,-3.199540,3.427,0
1180,19.68633,free_swing,614,516,640,682,2.134259,8.902,0
1181,19.70302,free_swing,630,516,668,678,7.781046,13.201,0
1182,19.7197,free_swing,646,512,696,672,13.606103,17.354,0
1183,19.73638,free_swing,661,508,724,663,19.106353,22.119,0
1184,19.75307,free_swing,675,502,748,652,24.502659,25.951,0
1185,19.76975,free_swing,688,496,772,640,29.569531,30.256,0
1186,19.78643,free_swing,699,489,795,626,34.180602,35.02,0
1187,19.80312,free_swing,709,481,814,611,38.715220,38.928,0
1188,19.8198,free_swing,718,474,832,596,42.749359,43.059,0
1189,19.83648,free_swing,725,467,848,579,46.250801,47.68,0
1190,19.85317,free_swing,731,460,862,562,49.513988,52.095,0
1191,19.86985,free_swing,736,453,875,544,52.561428,56.788,0
1192,19.88653,free_swing,740,448,885,526,54.833564,61.723,0
1193,19.90322,free_swing,743,444,893,510,56.604762,66.251,0
1194,19.9199,free_swing,745,440,900,494,58.182965,70.792,0
1195,19.93658,free_swing,747,437,905,480,59.462453,74.776,0
1196,19.95327,free_swing,748,436,909,467,59.947552,79.101,0
1197,19.96995,free_swing,748,435,911,454,60.255119,83.351,0
1198,19.98663,free_swing,748,435,912,444,60.255119,86.859,0
1199,20.00332,free_swing,747,437,911,435,59.462453,90.699,0
1200,20.02,free_swing,746,439,911,427,58.671307,94.16,0
1201,20.03668,free_swing,744,442,908,421,57.392713,97.297,0
1202,20.05337,free_swing,742,446,905,418,55.819398,99.747,0
1203,20.07005,free_swing,739,450,901,416,54.050722,101.853,0
1204,20.08673,free_swing,735,455,896,415,51.783049,103.952,0
1205,20.10342,free_swing,731,461,891,417,49.245611,105.376,0
1206,20.1201,free_swing,725,467,884,422,46.250801,105.803,0
1207,20.13678,free_swing,718,474,877,428,42.749359,106.136,0
1208,20.15347,free_swing,711,480,870,436,39.488523,105.468,0
1209,20.17015,free_swing,703,486,863,448,35.949278,103.36,0
1210,20.18683,free_swing,693,493,856,461,31.630661,101.107,0
1211,20.20352,free_swing,683,498,847,476,27.675910,97.64,0
1212,20.2202,free_swing,673,504,838,495,23.568833,93.122,0
1213,20.23688,free_swing,662,508,827,516,19.440035,87.224,0
1214,20.25357,free_swing,651,511,814,539,15.410391,80.253,0
1215,20.27025,free_swing,642,514,799,565,12.070145,72.004,0
1216,20.28693,free_swing,633,515,780,593,8.880659,62.049,0
1217,20.30362,free_swing,626,516,756,620,6.379248,51.34,0
1218,20.3203,free_swing,621,516,727,645,4.616352,39.41,0
1219,20.33698,free_swing,618,516,691,666,3.554178,25.951,0
1220,20.35367,free_swing,619,516,650,680,3.908544,10.704,0
1221,20.37035,free_swing,620,516,608,682,4.262611,-4.135,0
1222,20.38703,free_swing,620,516,566,673,4.262611,-18.981,0
1223,20.40372,free_swing,618,516,531,658,3.554178,-31.495,0
1224,20.4204,free_swing,613,517,499,638,1.767827,-43.294,0
1225,20.43708,free_swing,606,517,471,615,-0.707319,-54.023,0
1226,20.45377,free_swing,596,516,449,593,-4.262611,-62.354,0
1227,20.47045,free_swing,585,515,429,571,-8.180230,-70.253,0
1228,20.48713,free_swing,572,513,411,550,-12.835609,-77.057,0
1229,20.50382,free_swing,560,509,396,532,-17.311646,-82.017,0
1230,20.5205,free_swing,547,505,382,516,-22.129937,-86.186,0
1231,20.53718,free_swing,535,499,370,502,-26.882476,-88.958,0
1232,20.55387,free_swing,523,492,359,491,-31.817035,-90.349,0
1233,20.57055,free_swing,513,485,349,481,-36.158185,-91.397,0
1234,20.58723,free_swing,502,477,338,474,-40.985824,-91.048,0
1235,20.60392,free_swing,493,468,330,470,-45.502582,-89.297,0
1236,20.6206,free_swing,486,460,323,467,-49.282878,-87.541,0
1237,20.63728,free_swing,479,450,316,467,-53.630802,-84.046,0
1238,20.65397,free_swing,473,442,312,467,-57.200469,-81.174,0
1239,20.67065,free_swing,468,434,308,470,-60.564584,-77.32,0
1240,20.68733,free_swing,463,426,306,474,-63.911080,-73.0,0
1241,20.70402,free_swing,461,419,308,479,-66.472936,-68.587,0
1242,20.7207,free_swing,458,413,310,484,-68.860175,-64.372,0
1243,20.73738,free_swing,457,409,315,490,-70.322142,-60.299,0
1244,20.75407,free_swing,456,407,319,497,-71.113913,-56.698,0
1245,20.77075,free_swing,456,406,324,505,-71.452042,-53.13,0
1246,20.78743,free_swing,456,407,330,514,-71.113913,-49.662,0
1247,20.80412,free_swing,457,410,336,523,-69.986433,-46.958,0
1248,20.8208,free_swing,459,414,343,533,-68.397764,-44.269,0
1249,20.83748,free_swing,461,420,351,544,-66.146094,-41.576,0
1250,20.85417,free_swing,465,428,358,555,-62.956165,-40.115,0
1251,20.87085,free_swing,470,437,366,567,-59.281096,-38.66,0
1252,20.88753,free_swing,476,447,375,579,-55.124672,-37.421,0
1253,20.90422,free_swing,484,458,385,591,-50.285447,-36.663,0
1254,20.9209,free_swing,495,469,395,602,-44.747597,-36.939,0
1255,20.93758,free_swing,508,481,407,613,-38.437301,-37.421,0
1256,20.95427,free_swing,522,495,419,624,-31.561812,-38.606,0
1257,20.97095,free_swing,538,500,436,631,-25.769328,-37.905,0
1258,20.98763,free_swing,557,510,454,639,-18.212873,-38.606,0
1259,21.00432,free_swing,574,516,475,647,-11.924524,-37.079,0
1260,21.021,free_swing,591,516,498,654,-6.027530,-33.977,0
1261,21.03768,free_swing,608,517,525,661,0.000000,-29.959,0
1262,21.05437,free_swing,623,516,554,667,5.322751,-24.558,0
1263,21.07105,free_swing,637,514,583,671,10.336554,-18.981,0
1264,21.08773,free_swing,650,512,616,675,14.976836,-11.782,0
1265,21.10442,free_swing,659,509,652,675,18.323261,-2.415,0
1266,21.1211,free_swing,667,505,686,671,21.471368,6.53,0
1267,21.13778,free_swing,674,503,722,663,24.034288,16.699,0
1268,21.15447,free_swing,679,500,756,648,26.088920,27.487,0
1269,21.17115,free_swing,683,499,785,631,27.512003,37.694,0
1270,21.18783,free_swing,687,496,810,609,29.261199,47.426,0
1271,21.20452,free_swing,691,494,831,584,30.842367,57.265,0
1272,21.2212,free_swing,695,491,846,560,32.607287,65.442,0
1273,21.23788,free_swing,701,488,860,534,34.963098,73.864,0
1274,21.25457,free_swing,705,484,868,512,36.940896,80.253,0
1275,21.27125,free_swing,710,481,874,490,38.990994,86.859,0
1276,21.28793,free_swing,715,477,879,470,41.252355,92.444,0
1277,21.30462,free_swing,720,473,882,453,43.505666,97.038,0
1278,21.3213,free_swing,723,469,884,437,45.250198,101.241,0
1279,21.33798,free_swing,727,465,887,424,47.250641,104.373,0
1280,21.35467,free_swing,730,462,887,413,48.747645,107.333,0
1281,21.37135,free_swing,732,460,887,403,49.742935,110.191,0
1282,21.38803,free_swing,733,458,886,396,50.511477,112.059,0
1283,21.40472,free_swing,734,457,885,390,51.009006,113.927,0
1284,21.4214,free_swing,734,457,883,388,51.009006,114.848,0
1285,21.43808,free_swing,734,457,880,385,51.009006,116.25,0
1286,21.45477,free_swing,733,459,879,386,50.239544,116.565,0
1287,21.47145,free_swing,731,461,877,388,49.245611,116.565,0
1288,21.48813,free_swing,728,464,876,392,47.750085,115.942,0
1289,21.50482,free_swing,724,468,874,398,45.750557,115.017,0
1290,21.5215,free_swing,721,472,873,406,44.003652,113.471,0
1291,21.53818,free_swing,715,477,869,417,41.252355,111.286,0
1292,21.55487,free_swing,709,481,866,429,38.715220,108.325,0
1293,21.57155,free_swing,703,486,862,445,35.949278,104.459,0
1294,21.58823,free_swing,696,491,858,462,32.905243,100.149,0
1295,21.60492,free_swing,688,496,852,482,29.569531,94.879,0
1296,21.6216,free_swing,681,500,846,504,26.722890,88.611,0
1297,21.63828,free_swing,673,504,836,530,23.568833,80.937,0
1298,21.65497,free_swing,666,506,823,557,21.012080,72.004,0
1299,21.67165,free_swing,660,508,807,585,18.771319,62.354,0
1300,21.68833,free_swing,655,510,785,614,16.868658,51.34,0
1301,21.70502,free_swing,652,510,757,640,15.847705,38.928,0
1302,21.7217,free_swing,651,511,725,660,15.410391,26.411,0
1303,21.73838,free_swing,650,511,686,674,15.068488,12.454,0
1304,21.75507,free_swing,649,512,644,678,14.635729,-1.725,0
1305,21.77175,free_swing,646,512,606,674,13.606103,-13.87,0
1306,21.78843,free_swing,641,514,570,665,11.725112,-25.183,0
1307,21.80512,free_swing,633,515,536,652,8.880659,-35.3,0
1308,21.8218,free_swing,622,516,508,638,4.969741,-43.059,0
1309,21.83848,free_swing,610,517,481,622,0.707319,-50.856,0
1310,21.85517,free_swing,596,516,457,607,-4.262611,-56.788,0
1311,21.87185,free_swing,582,515,437,594,-9.229886,-61.417,0
1312,21.88853,free_swing,566,511,417,583,-15.068488,-64.209,0
1313,21.90522,free_swing,551,506,399,573,-20.680691,-66.213,0
1314,21.9219,free_swing,536,501,384,565,-26.250242,-67.166,0
1315,21.93858,free_swing,522,491,370,559,-32.307334,-65.898,0
1316,21.95527,free_swing,508,482,359,554,-38.216951,-64.209,0
1317,21.97195,free_swing,496,471,350,550,-43.994914,-61.582,0
1318,21.98863,free_swing,485,459,344,546,-49.784530,-58.325,0
1319,22.00532,free_swing,476,447,341,542,-55.124672,-54.866,0
1320,22.022,free_swing,469,436,339,539,-59.769199,-51.61,0
1321,22.03868,free_swing,463,425,339,535,-64.230672,-48.424,0
1322,22.05537,free_swing,459,415,341,531,-68.066115,-45.49,0
1323,22.07205,free_swing,456,408,342,528,-70.777143,-43.531,0
1324,22.08873,free_swing,454,402,344,526,-73.028083,-41.576,0
1325,22.10542,free_swing,453,397,347,524,-74.838757,-39.85,0
1326,22.1221,free_swing,452,394,348,523,-75.963757,-38.876,0
1327,22.13878,free_swing,452,393,350,524,-76.309950,-37.905,0
1328,22.15547,free_swing,452,393,352,526,-76.309950,-36.939,0
1329,22.17215,free_swing,453,396,353,529,-75.183681,-36.939,0
1330,22.18883,free_swing,454,400,355,534,-73.711226,-36.457,0
1331,22.20552,free_swing,455,405,357,539,-71.902743,-36.18,0
1332,22.2222,free_swing,458,412,358,545,-69.193209,-36.939,0
1333,22.23888,free_swing,461,421,360,553,-65.820893,-37.421,0
1334,22.25557,free_swing,467,431,362,560,-61.675018,-39.144,0
1335,22.27225,free_swing,473,442,364,568,-57.200469,-40.862,0
1336,22.28893,free_swing,482,455,368,575,-51.562699,-43.531,0
1337,22.30562,free_swing,493,468,373,582,-45.502582,-46.469,0
1338,22.3223,free_swing,505,483,379,588,-38.823199,-50.194,0
1339,22.33898,free_swing,521,491,395,592,-32.607287,-51.285,0
1340,22.35567,free_swing,538,500,405,599,-25.769328,-53.337,0
1341,22.37235,free_swing,554,508,420,604,-19.440035,-54.382,0
1342,22.38903,free_swing,571,513,438,612,-13.179868,-53.337,0
1343,22.40572,free_swing,588,516,460,621,-7.081212,-50.638,0
1344,22.4224,free_swing,604,516,483,630,-1.423205,-46.706,0
1345,22.43908,free_swing,619,516,509,640,3.908544,-41.576,0
1346,22.45577,free_swing,633,515,539,652,8.880659,-34.455,0
1347,22.47245,free_swing,644,513,569,661,12.835609,-26.874,0
1348,22.48913,free_swing,653,511,602,670,16.090816,-17.784,0
1349,22.50582,free_swing,660,508,640,674,18.771319,-6.87,0
1350,22.5225,free_swing,664,507,677,673,20.224859,4.478,0
1351,22.53918,free_swing,666,505,715,665,21.139825,17.027,0
1352,22.55587,free_swing,668,505,752,650,21.801409,30.084,0
1353,22.57255,free_swing,669,505,780,629,22.129937,41.834,0
1354,22.58923,free_swing,671,504,804,605,22.919555,52.787,0
1355,22.60592,free_swing,675,503,823,577,24.356391,63.435,0
1356,22.6226,free_swing,679,501,837,551,25.933718,72.44,0
1357,22.63928,free_swing,684,498,847,525,27.989238,80.595,0
1358,22.65597,free_swing,690,495,854,501,30.358115,87.905,0
1359,22.67265,free_swing,695,492,859,479,32.417038,94.532,0
1360,22.68933,free_swing,701,488,863,459,34.963098,100.149,0
1361,22.70602,free_swing,707,484,865,441,37.504142,105.224,0
1362,22.7227,free_swing,711,480,867,426,39.488523,109.093,0
1363,22.73938,free_swing,716,476,868,413,41.750888,112.513,0
1364,22.75607,free_swing,719,473,869,402,43.249146,115.33,0
1365,22.77275,free_swing,722,470,869,394,44.749802,117.339,0
1366,22.78943,free_swing,725,468,867,387,45.996348,119.701,0
1367,22.80612,free_swing,726,466,866,382,46.750854,120.964,0
1368,22.8228,free_swing,727,465,866,379,47.250641,121.745,0
1369,22.83948,free_swing,727,465,865,379,47.250641,121.931,0
1370,22.85617,free_swing,726,466,864,380,46.750854,121.931,0
1371,22.87285,free_swing,725,467,864,382,46.250801,121.446,0
1372,22.88953,free_swing,723,470,864,386,45.000000,120.784,0
1373,22.90622,free_swing,720,472,864,393,43.749199,118.75,0
1374,22.9229,free_swing,716,476,862,402,41.750888,116.878,0
1375,22.93958,free_swing,712,480,863,412,39.760456,114.244,0
1376,22.95627,free_swing,706,484,861,426,37.223571,110.516,0
1377,22.97295,free_swing,701,488,859,441,34.963098,106.566,0
1378,22.98963,free_swing,695,492,856,460,32.417038,101.241,0
1379,23.00632,free_swing,688,496,852,480,29.569531,95.572,0
1380,23.023,free_swing,682,499,847,503,27.198128,88.611,0
1381,23.03968,free_swing,676,502,839,529,24.824555,80.595,0
1382,23.05637,free_swing,670,505,828,557,22.456939,71.783,0
1383,23.07305,free_swing,665,506,812,585,20.680691,61.746,0
1384,23.08973,free_swing,662,508,790,614,19.440035,50.371,0
1385,23.10642,free_swing,659,508,763,639,18.434949,38.446,0
1386,23.1231,free_swing,659,509,731,659,18.323261,25.641,0
1387,23.13978,free_swing,659,508,693,672,18.434949,11.712,0
1388,23.15647,free_swing,658,509,652,676,17.987335,-2.058,0
1389,23.17315,free_swing,654,510,614,672,16.529530,-13.87,0
1390,23.18983,free_swing,649,512,580,664,14.635729,-24.416,0
1391,23.20652,free_swing,640,514,547,652,11.379214,-33.977,0
1392,23.2232,free_swing,629,515,518,640,7.477330,-41.605,0
1393,23.23988,free_swing,617,516,492,627,3.199540,-48.395,0
1394,23.25657,free_swing,603,516,468,614,-1.778800,-54.023,0
1395,23.27325,free_swing,587,515,446,604,-7.477330,-57.74,0
1396,23.28993,free_swing,572,512,428,594,-12.914632,-60.341,0
1397,23.30662,free_swing,555,508,409,586,-19.106353,-61.887,0
1398,23.3233,free_swing,540,502,394,580,-24.824555,-61.887,0
1399,23.33998,free_swing,525,494,380,575,-30.842367,-60.811,0
1400,23.35667,free_swing,510,484,369,571,-37.223571,-58.325,0
1401,23.37335,free_swing,498,473,361,567,-42.990446,-55.545,0
1402,23.39003,free_swing,486,460,356,563,-49.282878,-51.61,0
1403,23.40672,free_swing,477,448,353,559,-54.628156,-48.166,0
1404,23.4234,free_swing,470,437,353,554,-59.281096,-45.0,0
1405,23.44008,free_swing,464,426,353,549,-63.754142,-42.064,0
1406,23.45677,free_swing,459,417,353,544,-67.407445,-39.85,0
1407,23.47345,free_swing,457,409,354,540,-70.322142,-38.177,0
1408,23.49013,free_swing,455,403,356,536,-72.582029,-36.663,0
1409,23.50682,free_swing,453,399,356,534,-74.152295,-35.698,0
1410,23.5235,free_swing,452,396,357,532,-75.274517,-34.935,0
1411,23.54018,free_swing,452,394,358,532,-75.963757,-34.261,0
1412,23.55687,free_swing,452,395,359,533,-75.618605,-33.977,0
1413,23.57355,free_swing,453,397,360,535,-74.838757,-33.977,0
1414,23.59023,free_swing,454,401,360,539,-73.369046,-34.261,0
1415,23.60692,free_swing,456,406,361,543,-71.452042,-34.739,0
1416,23.6236,free_swing,458,413,361,549,-68.860175,-35.498,0
1417,23.64028,free_swing,462,422,362,555,-65.349415,-36.939,0
1418,23.65697,free_swing,467,432,363,562,-61.361077,-38.66,0
1419,23.67365,free_swing,474,444,364,568,-56.408718,-41.576,0
1420,23.69033,free_swing,483,456,366,574,-51.061789,-44.756,0
1421,23.70702,free_swing,494,469,371,580,-45.000000,-47.936,0
1422,23.7237,free_swing,507,481,378,584,-38.715220,-51.394,0
1423,23.74038,free_swing,522,492,388,589,-32.118022,-54.1,0
1424,23.75707,free_swing,538,501,401,593,-25.615484,-56.117,0
1425,23.77375,free_swing,554,509,416,599,-19.323184,-56.889,0
1426,23.79043,free_swing,571,512,434,606,-13.260859,-55.545,0
1427,23.80712,free_swing,587,516,454,614,-7.431408,-53.616,0
1428,23.8238,free_swing,603,517,476,624,-1.767827,-49.885,0
1429,23.84048,free_swing,618,516,501,634,3.554178,-44.756,0
1430,23.85717,free_swing,632,515,530,646,8.530766,-37.905,0
1431,23.87385,free_swing,643,513,560,657,12.490406,-29.959,0
1432,23.89053,free_swing,652,511,591,666,15.751174,-21.482,0
1433,23.90722,free_swing,659,508,627,672,18.434949,-11.041,0
1434,23.9239,free_swing,663,507,666,673,19.892257,1.035,0
1435,23.94058,free_swing,665,506,702,668,20.680691,12.865,0
1436,23.95727,free_swing,666,506,740,656,21.012080,26.259,0
1437,23.97395,free_swing,667,506,771,636,21.342003,38.66,0
1438,23.99063,free_swing,668,505,795,613,21.801409,49.622,0
1439,24.00732,free_swing,670,504,816,585,22.592555,60.979,0
1440,24.024,free_swing,674,503,830,559,24.034288,70.253,0
1441,24.04068,free_swing,679,501,841,533,25.933718,78.826,0
1442,24.05737,free_swing,684,498,849,508,27.989238,86.532,0
1443,24.07405,free_swing,690,495,854,486,30.358115,93.141,0
1444,24.09073,free_swing,695,492,857,465,32.417038,99.462,0
1445,24.10742,free_swing,701,488,860,447,34.963098,104.459,0
1446,24.1241,free_swing,705,484,861,431,36.940896,108.765,0
1447,24.14078,free_swing,710,481,863,418,38.990994,112.38,0
1448,24.15747,free_swing,714,478,863,406,40.754389,115.791,0
1449,24.17415,free_swing,717,475,862,397,42.249915,118.277,0
1450,24.19083,free_swing,720,473,861,390,43.505666,120.483,0
1451,24.20752,free_swing,721,471,861,385,44.249443,121.562,0
1452,24.2242,free_swing,722,470,859,382,44.749802,122.714,0
1453,24.24088,free_swing,723,470,859,380,45.000000,123.495,0
1454,24.25757,free_swing,722,470,859,381,44.749802,123.009,0
1455,24.27425,free_swing,721,471,858,383,44.249443,122.714,0
1456,24.29093,free_swing,719,473,859,388,43.249146,121.264,0
1457,24.30762,free_swing,717,475,860,393,42.249915,119.831,0
1458,24.3243,free_swing,713,478,859,402,40.486012,117.499,0
1459,24.34098,free_swing,709,482,859,412,38.494373,115.017,0
1460,24.35767,free_swing,704,486,857,425,36.234872,111.737,0
1461,24.37435,free_swing,698,490,855,439,33.690068,107.996,0
1462,24.39103,free_swing,693,493,853,457,31.630661,102.68,0
1463,24.40772,free_swing,686,497,849,477,28.779806,96.995,0
1464,24.4244,free_swing,680,500,845,500,26.406776,90.0,0
1465,24.44108,free_swing,674,503,838,525,24.034288,82.36,0
1466,24.45777,free_swing,669,506,828,553,21.997403,73.532,0
1467,24.47445,free_swing,664,507,812,581,20.224859,63.435,0
1468,24.49113,free_swing,661,508,793,609,19.106353,52.579,0
1469,24.50782,free_swing,659,508,767,636,18.434949,40.156,0
1470,24.5245,free_swing,659,509,736,657,18.323261,27.487,0
1471,24.54118,free_swing,659,508,699,670,18.434949,13.87,0
1472,24.55787,free_swing,659,509,659,676,18.323261,0.0,0
1473,24.57455,free_swing,656,510,620,673,17.206573,-12.454,0
1474,24.59123,free_swing,652,511,587,665,15.751174,-22.884,0
1475,24.60792,free_swing,644,513,554,654,12.835609,-32.55,0
1476,24.6246,free_swing,634,515,524,641,9.229886,-41.121,0
1477,24.64128,free_swing,622,516,498,629,4.969741,-47.657,0
1478,24.65797,free_swing,608,516,474,616,0.000000,-53.267,0
1479,24.67465,free_swing,594,516,453,604,-4.969741,-58.031,0
1480,24.69133,free_swing,578,514,433,595,-10.684912,-60.811,0
1481,24.70802,free_swing,562,510,415,587,-16.529530,-62.354,0
1482,24.7247,free_swing,547,504,400,580,-22.263995,-62.661,0
1483,24.74138,free_swing,532,498,385,575,-27.989238,-62.354,0
1484,24.75807,free_swing,517,488,374,571,-34.380345,-59.868,0
1485,24.77475,free_swing,504,478,365,569,-40.215470,-56.788,0
1486,24.79143,free_swing,492,467,359,566,-46.005086,-53.337,0
1487,24.80812,free_swing,481,454,356,563,-52.062603,-48.912,0
1488,24.8248,free_swing,474,442,355,558,-57.006201,-45.731,0
1489,24.84148,free_swing,467,432,355,555,-61.361077,-42.32,0
1490,24.85817,free_swing,462,422,356,550,-65.349415,-39.629,0
1491,24.87485,free_swing,459,414,358,546,-68.397764,-37.421,0
1492,24.89153,free_swing,456,407,359,542,-71.113913,-35.698,0
1493,24.90822,free_swing,455,402,361,539,-72.923590,-34.455,0
1494,24.9249,free_swing,454,399,363,538,-74.054604,-33.212,0
1495,24.94158,free_swing,453,397,364,538,-74.838757,-32.26,0
1496,24.95827,free_swing,453,397,365,539,-74.838757,-31.787,0
1497,24.97495,free_swing,453,399,367,541,-74.152295,-31.201,0
1498,24.99163,free_swing,454,402,368,544,-73.028083,-31.201,0
1499,25.00832,free_swing,456,407,369,549,-71.113913,-31.495,0
1500,25.025,free_swing,458,413,370,554,-68.860175,-31.969,0
1501,25.04168,free_swing,462,421,371,561,-65.674425,-33.024,0
1502,25.05837,free_swing,467,431,372,568,-61.675018,-34.739,0
1503,25.07505,free_swing,473,442,373,575,-57.200469,-36.939,0
1504,25.09173,free_swing,481,454,375,582,-52.062603,-39.629,0
1505,25.10842,free_swing,492,467,378,588,-46.005086,-43.294,0
1506,25.1251,free_swing,504,478,384,592,-40.215470,-46.469,0
1507,25.14178,free_swing,519,493,391,597,-32.819084,-50.906,0
1508,25.15847,free_swing,536,502,404,601,-26.095424,-53.13,0
1509,25.17515,free_swing,552,508,418,605,-20.103286,-54.1,0
1510,25.19183,free_swing,569,512,435,609,-13.950343,-54.1,0
1511,25.20852,free_swing,586,516,454,616,-7.781046,-52.853,0
1512,25.2252,free_swing,602,516,476,624,-2.134259,-49.399,0
1513,25.24188,free_swing,618,516,499,633,3.554178,-45.486,0
1514,25.25857,free_swing,632,515,526,643,8.530766,-39.629,0
1515,25.27525,free_swing,644,513,555,653,12.835609,-32.445,0
1516,25.29193,free_swing,654,511,585,662,16.429301,-24.558,0
1517,25.30862,free_swing,662,508,619,669,19.440035,-14.954,0
1518,25.3253,free_swing,667,506,656,672,21.342003,-3.791,0
1519,25.34198,free_swing,670,505,692,670,22.456939,7.595,0
1520,25.35867,free_swing,671,504,729,661,22.919555,20.276,0
1521,25.37535,free_swing,671,504,763,643,22.919555,33.499,0
1522,25.39203,free_swing,671,504,788,623,22.919555,44.514,0
1523,25.40872,free_swing,672,503,810,596,23.385221,56.023,0
1524,25.4254,free_swing,675,502,827,569,24.502659,66.213,0
1525,25.44208,free_swing,678,501,838,543,25.615484,75.292,0
1526,25.45877,free_swing,683,499,847,517,27.512003,83.737,0
1527,25.47545,free_swing,687,497,851,494,29.088851,91.048,0
1528,25.49213,free_swing,692,494,855,473,31.145263,97.341,0
1529,25.50882,free_swing,697,491,857,454,33.201208,103.021,0
1530,25.5255,free_swing,701,488,857,437,34.963098,108.104,0
1531,25.54218,free_swing,705,485,858,422,36.728601,112.38,0
1532,25.55887,free_swing,709,482,858,410,38.494373,115.791,0
1533,25.57555,free_swing,712,480,857,400,39.760456,118.887,0
1534,25.59223,free_swing,714,478,854,392,40.754389,121.562,0
1535,25.60892,free_swing,716,476,853,386,41.750888,123.302,0
1536,25.6256,free_swing,717,475,851,382,42.249915,124.762,0
1537,25.64228,free_swing,717,475,851,380,42.249915,125.335,0
1538,25.65897,free_swing,716,476,848,380,41.750888,126.027,0
1539,25.67565,free_swing,715,477,847,381,41.252355,126.027,0
1540,25.69233,free_swing,713,479,847,384,40.257065,125.335,0
1541,25.70902,free_swing,710,481,847,389,38.990994,123.883,0
1542,25.7257,free_swing,706,484,847,396,37.223571,121.969,0
1543,25.74238,free_swing,702,487,845,406,35.455474,119.529,0
1544,25.75907,free_swing,696,491,845,418,32.905243,116.102,0
1545,25.77575,free_swing,690,495,843,432,30.358115,112.38,0
1546,25.79243,free_swing,684,498,841,448,27.989238,107.665,0
1547,25.80912,free_swing,678,502,838,468,25.463345,101.997,0
1548,25.8258,free_swing,671,505,835,489,22.782406,95.572,0
1549,25.84248,free_swing,664,507,829,513,20.224859,87.917,0
1550,25.85917,free_swing,658,509,821,540,17.987335,79.232,0
1551,25.87585,free_swing,653,510,808,568,16.189206,69.484,0
1552,25.89253,free_swing,650,511,792,597,15.068488,58.799,0
1553,25.90922,free_swing,648,512,769,627,14.293558,46.456,0
1554,25.9259,free_swing,648,512,740,651,14.293558,33.499,0
1555,25.94258,free_swing,650,511,705,669,15.068488,19.193,0
1556,25.95927,free_swing,652,511,666,677,15.751174,4.821,0
1557,25.97595,free_swing,653,510,625,675,16.189206,-9.631,0
1558,25.99263,free_swing,651,511,590,666,15.410391,-21.482,0
1559,26.00932,free_swing,647,512,557,653,13.950343,-32.55,0
1560,26.026,free_swing,639,514,527,638,11.032473,-42.089,0
1561,26.04268,free_swing,630,515,501,622,7.829077,-50.326,0
1562,26.05937,free_swing,618,516,477,606,3.554178,-57.45,0
1563,26.07605,free_swing,605,516,456,591,-1.067500,-63.281,0
1564,26.09273,free_swing,591,516,438,579,-6.027530,-67.62,0
1565,26.10942,free_swing,577,514,420,567,-11.032473,-71.346,0
1566,26.1261,free_swing,562,510,404,558,-16.529530,-73.101,0
1567,26.14278,free_swing,547,505,389,551,-22.129937,-73.768,0
1568,26.15947,free_swing,533,498,375,547,-27.675910,-72.77,0
1569,26.17615,free_swing,520,490,363,544,-33.098394,-71.019,0
1570,26.19283,free_swing,508,481,354,543,-38.437301,-68.07,0
1571,26.20952,free_swing,496,471,347,543,-43.994914,-64.209,0
1572,26.2262,free_swing,486,460,343,543,-49.282878,-59.868,0
1573,26.24288,free_swing,477,449,341,544,-54.338395,-55.065,0
1574,26.25957,free_swing,470,438,343,544,-58.975226,-50.15,0
1575,26.27625,free_swing,465,428,346,544,-62.956165,-45.731,0
1576,26.29293,free_swing,461,419,351,543,-66.472936,-41.576,0
1577,26.30962,free_swing,458,412,356,543,-69.193209,-37.905,0
1578,26.3263,free_swing,456,407,361,543,-71.113913,-34.935,0
1579,26.34298,free_swing,455,404,366,544,-72.241742,-32.445,0
1580,26.35967,free_swing,454,402,372,546,-73.028083,-29.659,0
1581,26.37635,free_swing,454,401,377,549,-73.369046,-27.487,0
1582,26.39303,free_swing,455,403,382,553,-72.582029,-25.951,0
1583,26.40972,free_swing,456,406,388,558,-71.452042,-24.102,0
1584,26.4264,free_swing,458,411,393,564,-69.527720,-23.018,0
1585,26.44308,free_swing,460,417,397,572,-67.270268,-22.119,0
1586,26.45977,free_swing,463,426,402,581,-63.911080,-21.482,0
1587,26.47645,free_swing,469,435,406,590,-60.077870,-22.119,0
1588,26.49313,free_swing,475,446,410,599,-55.619655,-23.018,0
1589,26.50982,free_swing,484,458,414,610,-50.285447,-24.727,0
1590,26.5265,free_swing,495,470,419,619,-44.497418,-27.025,0
1591,26.54318,free_swing,509,482,424,625,-37.937397,-30.727,0
1592,26.55987,free_swing,526,494,431,631,-30.537547,-34.739,0
1593,26.57655,free_swing,544,505,440,634,-23.106327,-38.876,0
1594,26.59323,free_swing,562,512,452,636,-16.330248,-41.576,0
1595,26.60992,free_swing,582,515,469,636,-9.229886,-43.042,0
1596,26.6266,free_swing,600,517,488,639,-2.827125,-42.553,0
1597,26.64328,free_swing,618,516,508,641,3.554178,-41.348,0
1598,26.65997,free_swing,635,514,531,644,9.637538,-38.66,0
1599,26.67665,free_swing,650,511,557,649,15.068488,-33.977,0
1600,26.69333,free_swing,662,508,583,654,19.440035,-28.418,0
1601,26.71002,free_swing,673,503,612,658,23.710562,-21.482,0
1602,26.7267,free_swing,682,499,643,661,27.198128,-13.536,0
1603,26.74338,free_swing,688,496,675,662,29.569531,-4.478,0
1604,26.76007,free_swing,692,493,709,659,31.328693,5.847,0
1605,26.77675,free_swing,693,492,744,651,31.817035,17.784,0
1606,26.79343,free_swing,693,492,776,637,31.817035,29.787,0
1607,26.81012,free_swing,692,493,802,618,31.328693,41.348,0
1608,26.8268,free_swing,691,494,824,594,30.842367,53.061,0
1609,26.84348,free_swing,691,495,839,568,30.661885,63.745,0
1610,26.86017,free_swing,690,495,849,540,30.358115,74.197,0
1611,26.87685,free_swing,691,494,855,514,30.842367,83.047,0
1612,26.89353,free_swing,693,493,857,491,31.630661,90.699,0
1613,26.91022,free_swing,695,492,858,469,32.417038,98.032,0
1614,26.9269,free_swing,697,491,856,449,33.201208,104.797,0
1615,26.94358,free_swing,699,489,853,432,34.180602,110.311,0
1616,26.96027,free_swing,701,488,849,417,34.963098,115.628,0
1617,26.97695,free_swing,702,487,845,404,35.455474,120.132,0
1618,26.99363,free_swing,703,486,840,394,35.949278,123.883,0
1619,27.01032,free_swing,703,486,833,385,35.949278,127.844,0
1620,27.027,free_swing,703,486,829,379,35.949278,130.338,0
1621,27.04368,free_swing,702,487,822,375,35.455474,133.025,0
1622,27.06037,free_swing,700,489,818,372,34.472214,134.756,0
1623,27.07705,free_swing,698,490,814,371,33.690068,135.731,0
1624,27.09373,free_swing,694,492,809,372,32.118022,136.219,0
1625,27.11042,free_swing,690,495,805,375,30.358115,136.219,0
1626,27.1271,free_swing,684,498,800,380,27.989238,135.49,0
1627,27.14378,free_swing,678,501,798,386,25.615484,133.781,0
1628,27.16047,free_swing,671,505,794,395,22.782406,131.807,0
1629,27.17715,free_swing,662,508,792,405,19.440035,128.39,0
1630,27.19383,free_swing,654,511,790,418,16.429301,124.365,0
1631,27.21052,free_swing,644,513,788,433,12.835609,119.055,0
1632,27.2272,free_swing,634,515,786,450,9.229886,113.153,0
1633,27.24388,free_swing,625,516,783,470,6.027530,106.232,0
1634,27.26057,free_swing,615,517,779,494,2.474204,97.983,0
1635,27.27725,free_swing,607,516,773,520,-0.355870,88.62,0
1636,27.29393,free_swing,601,516,764,546,-2.489553,79.571,0
1637,27.31062,free_swing,596,516,751,577,-4.262611,68.518,0
1638,27.3273,free_swing,593,516,732,608,-5.322751,56.501,0
1639,27.34398,free_swing,594,516,709,637,-4.969741,43.544,0
1640,27.36067,free_swing,597,516,680,661,-3.908544,29.787,0
1641,27.37735,free_swing,604,517,642,680,-1.414423,13.123,0
1642,27.39403,free_swing,614,517,602,683,2.121096,-4.135,0
1643,27.41072,free_swing,623,516,565,672,5.322751,-20.395,0
1644,27.4274,free_swing,629,515,532,650,7.477330,-35.698,0
1645,27.44408,free_swing,631,515,506,625,8.180230,-48.652,0
1646,27.46077,free_swing,630,515,487,598,7.829077,-59.868,0
1647,27.47745,free_swing,625,516,468,569,6.027530,-71.346,0
1648,27.49413,free_swing,619,517,458,543,3.884492,-80.826,0
1649,27.51082,free_swing,611,517,448,518,1.060912,-89.648,0
1650,27.5275,free_swing,602,517,440,495,-2.121096,-97.734,0
1651,27.54418,free_swing,592,516,435,475,-5.675356,-104.636,0
1652,27.56087,free_swing,582,515,430,457,-9.229886,-110.886,0
1653,27.57755,free_swing,571,512,425,441,-13.260859,-115.934,0
1654,27.59423,free_swing,561,510,420,428,-16.868658,-120.181,0
1655,27.61092,free_swing,552,506,416,417,-20.347849,-123.201,0
1656,27.6276,free_swing,543,503,412,407,-23.710562,-126.235,0
1657,27.64428,free_swing,535,499,407,400,-26.882476,-127.72,0
1658,27.66097,free_swing,529,495,401,395,-29.435416,-127.999,0
1659,27.67765,free_swing,523,492,395,392,-31.817035,-127.999,0
1660,27.69433,free_swing,518,489,389,391,-33.886959,-127.224,0
1661,27.71102,free_swing,514,486,382,391,-35.661605,-125.742,0
1662,27.7277,free_swing,510,483,375,393,-37.438572,-123.69,0
1663,27.74438,free_swing,508,481,368,398,-38.437301,-120.662,0
1664,27.76107,free_swing,505,479,361,405,-39.714553,-117.198,0
1665,27.77775,free_swing,504,478,354,413,-40.215470,-113.429,0
1666,27.79443,free_swing,503,477,350,424,-40.717122,-109.106,0
1667,27.81112,free_swing,502,476,344,438,-41.219431,-103.523,0
1668,27.8278,free_swing,501,476,340,453,-41.486250,-98.13,0
1669,27.84448,free_swing,500,475,337,470,-41.987212,-91.757,0
1670,27.86117,free_swing,500,475,338,491,-41.987212,-84.359,0
1671,27.87785,free_swing,500,475,341,514,-41.987212,-76.218,0
1672,27.89453,free_swing,499,474,347,537,-42.488637,-67.487,0
1673,27.91122,free_swing,499,473,359,560,-42.729550,-58.142,0
1674,27.9279,free_swing,498,473,376,583,-42.990446,-47.961,0
1675,27.94458,free_swing,498,473,396,603,-42.990446,-38.118,0
1676,27.96127,free_swing,499,474,420,620,-42.488637,-28.418,0
1677,27.97795,free_swing,502,476,447,633,-41.219431,-19.306,0
1678,27.99463,free_swing,506,480,474,643,-39.214445,-11.107,0
1679,28.01132,free_swing,512,485,501,651,-36.444442,-3.791,0
1680,28.028,free_swing,520,490,528,657,-33.098394,2.743,0
1681,28.04468,free_swing,530,496,555,661,-28.950995,8.616,0
1682,28.06137,free_swing,543,502,578,665,-23.853906,12.119,0
1683,28.07805,free_swing,557,508,603,670,-18.434949,15.852,0
1684,28.09473,free_swing,573,513,625,672,-12.490406,18.11,0
1685,28.11142,free_swing,592,516,644,675,-5.675356,18.11,0
1686,28.1281,free_swing,612,517,663,676,1.414423,17.784,0
1687,28.14478,free_swing,631,515,679,675,8.180230,16.699,0
1688,28.16147,free_swing,651,511,693,672,15.410391,14.621,0
1689,28.17815,free_swing,671,504,708,666,22.919555,12.865,0
1690,28.19483,free_swing,687,496,722,659,29.261199,12.119,0
1691,28.21152,free_swing,702,487,736,650,35.455474,11.782,0
1692,28.2282,free_swing,714,477,751,640,40.985824,12.789,0
1693,28.24488,free_swing,724,468,765,630,45.750557,14.203,0
1694,28.26157,free_swing,732,459,778,619,50.013114,16.04,0
1695,28.27825,free_swing,738,451,795,608,53.555558,19.954,0
1696,28.29493,free_swing,742,445,809,597,56.113041,23.787,0
1697,28.31162,free_swing,745,440,823,587,58.182965,27.951,0
1698,28.3283,free_swing,747,437,838,576,59.462453,33.212,0
1699,28.34498,free_swing,748,435,852,565,60.255119,38.66,0
1700,28.36167,free_swing,748,435,864,555,60.255119,44.029,0
1701,28.37835,free_swing,747,437,875,542,59.462453,50.638,0
1702,28.39503,free_swing,745,440,884,530,58.182965,57.078,0
1703,28.41172,free_swing,742,444,890,518,56.408718,63.435,0
1704,28.4284,free_swing,739,450,894,506,54.050722,70.136,0
1705,28.44508,free_swing,735,455,895,494,51.783049,76.301,0
1706,28.46177,free_swing,730,461,893,484,49.014176,81.968,0
1707,28.47845,free_swing,724,468,888,475,45.750557,87.556,0
1708,28.49513,free_swing,718,474,883,469,42.749359,91.736,0
1709,28.51182,free_swing,711,480,875,464,39.488523,95.572,0
1710,28.5285,free_swing,703,486,867,461,35.949278,98.667,0
1711,28.54518,free_swing,696,491,858,461,32.905243,100.491,0
1712,28.56187,free_swing,687,497,848,463,29.088851,101.925,0
1713,28.57855,free_swing,677,502,838,467,25.144786,102.265,0
1714,28.59523,free_swing,666,506,828,474,21.012080,101.174,0
1715,28.61192,free_swing,655,510,818,483,16.868658,99.405,0
1716,28.6286,free_swing,643,513,808,495,12.490406,96.226,0
1717,28.64528,free_swing,631,515,796,509,8.180230,92.083,0
1718,28.66197,free_swing,619,516,785,525,3.908544,86.897,0
1719,28.67865,free_swing,608,517,771,545,0.000000,80.253,0
1720,28.69533,free_swing,598,516,756,566,-3.554178,72.44,0
1721,28.71202,free_swing,589,516,738,588,-6.730484,64.209,0
1722,28.7287,free_swing,582,515,716,613,-9.229886,53.82,0
1723,28.74538,free_swing,577,514,690,636,-11.032473,42.807,0
1724,28.76207,free_swing,575,513,661,656,-11.797248,31.023,0
1725,28.77875,free_swing,576,513,623,673,-11.449338,16.37,0
1726,28.79543,free_swing,580,514,585,680,-9.987422,1.725,0
1727,28.81212,free_swing,587,515,546,676,-7.477330,-14.287,0
1728,28.8288,free_swing,594,516,511,660,-4.969741,-29.959,0
1729,28.84548,free_swing,597,516,482,636,-3.908544,-43.781,0
1730,28.86217,free_swing,598,516,461,610,-3.554178,-55.545,0
1731,28.87885,free_swing,596,516,443,580,-4.262611,-67.3,0
1732,28.89553,free_swing,591,516,430,553,-6.027530,-77.057,0
1733,28.91222,free_swing,585,515,423,527,-8.180230,-85.764,0
1734,28.9289,free_swing,578,514,414,502,-10.684912,-94.185,0
1735,28.94558,free_swing,571,512,410,481,-13.260859,-100.899,0
1736,28.96227,free_swing,563,510,407,462,-16.189206,-107.103,0
1737,28.97895,free_swing,555,507,405,444,-19.222857,-112.782,0
1738,28.99563,free_swing,547,505,403,430,-22.129937,-117.512,0
1739,29.01232,free_swing,540,501,400,417,-24.973911,-120.964,0
1740,29.029,free_swing,533,498,399,407,-27.675910,-124.181,0
1741,29.04568,free_swing,527,495,397,398,-30.052448,-126.729,0
1742,29.06237,free_swing,522,492,395,392,-32.118022,-128.217,0
1743,29.07905,free_swing,518,489,392,387,-33.886959,-128.991,0
1744,29.09573,free_swing,515,486,389,384,-35.371844,-128.991,0
1745,29.11242,free_swing,512,485,385,383,-36.444442,-128.77,0
1746,29.1291,free_swing,510,483,382,384,-37.438572,-127.72,0
1747,29.14578,free_swing,509,482,378,387,-37.937397,-125.949,0
1748,29.16247,free_swing,509,482,374,392,-37.937397,-123.69,0
1749,29.17915,free_swing,509,482,370,399,-37.937397,-120.842,0
1750,29.19583,free_swing,510,483,366,407,-37.438572,-117.824,0
1751,29.21252,free_swing,511,484,362,418,-36.940896,-113.891,0
1752,29.2292,free_swing,513,486,360,432,-35.949278,-109.44,0
1753,29.24588,free_swing,516,487,358,447,-34.875328,-104.207,0
1754,29.26257,free_swing,518,488,356,465,-34.085887,-98.081,0
1755,29.27925,free_swing,520,490,356,486,-33.098394,-91.397,0
1756,29.29593,free_swing,522,492,359,509,-32.118022,-84.046,0
1757,29.31262,free_swing,524,493,365,534,-31.328693,-75.541,0
1758,29.3293,free_swing,525,494,375,561,-30.842367,-65.931,0
1759,29.34598,free_swing,526,494,390,586,-30.537547,-55.923,0
1760,29.36267,free_swing,526,494,409,611,-30.537547,-45.0,0
1761,29.37935,free_swing,525,493,436,634,-31.024774,-32.26,0
1762,29.39603,free_swing,525,493,466,648,-31.024774,-20.839,0
1763,29.41272,free_swing,527,494,497,658,-30.230801,-10.366,0
1764,29.4294,free_swing,530,496,531,663,-28.950995,0.343,0
1765,29.44608,free_swing,535,499,564,663,-26.882476,10.028,0
1766,29.46277,free_swing,543,503,593,662,-23.710562,17.457,0
1767,29.47945,free_swing,553,507,623,659,-19.892257,24.727,0
1768,29.49613,free_swing,565,510,650,655,-15.505044,30.379,0
1769,29.51282,free_swing,579,514,674,652,-10.336554,34.544,0
1770,29.5295,free_swing,594,516,697,649,-4.969741,37.755,0
1771,29.54618,free_swing,611,516,717,647,1.067500,38.978,0
1772,29.56287,free_swing,628,515,736,645,7.125016,39.719,0
1773,29.57955,free_swing,647,512,752,643,13.950343,38.713,0
1774,29.59623,free_swing,665,507,766,641,20.556045,37.006,0
1775,29.61292,free_swing,682,499,776,637,27.198128,34.261,0
1776,29.6296,free_swing,699,489,785,632,34.180602,31.023,0
1777,29.64628,free_swing,712,479,791,625,39.986886,28.418,0
1778,29.66297,free_swing,724,467,796,617,46.005086,25.641,0
1779,29.67965,free_swing,734,456,802,608,51.284780,24.102,0
1780,29.69633,free_swing,741,447,807,599,55.327254,23.471,0
1781,29.71302,free_swing,747,437,813,590,59.462453,23.334,0
1782,29.7297,free_swing,751,430,818,582,62.324090,23.787,0
1783,29.74638,free_swing,754,424,823,574,64.704454,24.702,0
1784,29.76307,free_swing,756,419,829,567,66.614779,26.255,0
1785,29.77975,free_swing,758,416,835,563,67.870063,27.646,0
1786,29.79643,free_swing,758,414,841,558,68.528632,29.959,0
1787,29.81312,free_swing,758,415,848,555,68.198591,32.735,0
1788,29.8298,free_swing,757,416,853,553,67.736005,35.02,0
1789,29.84648,free_swing,756,420,859,551,66.289438,38.177,0
1790,29.86317,free_swing,753,425,864,550,64.230672,41.605,0
1791,29.87985,free_swing,750,432,869,549,61.531081,45.486,0
1792,29.89653,free_swing,745,440,872,548,58.182965,49.622,0
1793,29.91322,free_swing,739,450,874,547,54.050722,54.302,0
1794,29.9299,free_swing,731,460,873,545,49.513988,59.096,0
1795,29.94658,free_swing,722,470,870,543,44.749802,63.745,0
1796,29.96327,free_swing,712,479,865,543,39.986886,67.3,0
1797,29.97995,free_swing,700,488,856,544,34.672746,70.253,0
1798,29.99663,free_swing,688,496,845,546,29.569531,72.335,0
1799,30.01332,free_swing,676,502,834,550,24.824555,73.101,0
1800,30.03,free_swing,661,508,819,557,19.106353,72.77,0
1801,30.04668,free_swing,648,512,805,564,14.293558,71.675,0
1802,30.06337,free_swing,635,514,789,575,9.637538,68.391,0
1803,30.08005,free_swing,621,516,771,588,4.616352,64.359,0
1804,30.09673,free_swing,609,516,751,602,0.355870,58.799,0
1805,30.11342,free_swing,598,516,729,618,-3.554178,52.095,0
1806,30.1301,free_swing,587,515,703,635,-7.477330,44.029,0
1807,30.14678,free_swing,579,514,675,650,-10.336554,35.218,0
1808,30.16347,free_swing,573,513,645,663,-12.490406,25.641,0
1809,30.18015,free_swing,570,512,609,674,-13.606103,13.536,0
1810,30.19683,free_swing,569,512,570,678,-13.950343,0.345,0
1811,30.21352,free_swing,570,512,533,674,-13.606103,-12.865,0
1812,30.2302,free_swing,572,512,498,661,-12.914632,-26.411,0
1813,30.24688,free_swing,573,513,468,641,-12.490406,-39.362,0
1814,30.26357,free_swing,572,513,444,618,-12.835609,-50.638,0
1815,30.28025,free_swing,569,512,424,592,-13.950343,-61.113,0
1816,30.29693,free_swing,565,511,410,566,-15.410391,-70.463,0
1817,30.31362,free_swing,560,509,399,543,-17.311646,-78.075,0
1818,30.3303,free_swing,554,507,389,518,-19.558252,-86.186,0
1819,30.34698,free_swing,547,505,383,498,-22.129937,-92.444,0
1820,30.36367,free_swing,540,502,377,480,-24.824555,-97.687,0
1821,30.38035,free_swing,533,498,373,463,-27.675910,-102.339,0
1822,30.39703,free_swing,527,495,371,450,-30.052448,-106.091,0
1823,30.41372,free_swing,521,491,367,438,-32.607287,-108.991,0
1824,30.4304,free_swing,516,488,365,428,-34.672746,-111.67,0
1825,30.44708,free_swing,512,484,362,420,-36.656108,-113.106,0
1826,30.46377,free_swing,508,481,360,414,-38.437301,-114.356,0
1827,30.48045,free_swing,504,479,357,410,-39.986886,-115.145,0
1828,30.49713,free_swing,502,477,355,409,-40.985824,-114.825,0
1829,30.51382,free_swing,500,475,351,408,-41.987212,-114.212,0
1830,30.5305,free_swing,499,474,349,411,-42.488637,-112.782,0
1831,30.54718,free_swing,499,474,348,415,-42.488637,-111.342,0
1832,30.56387,free_swing,499,474,346,421,-42.488637,-109.106,0
1833,30.58055,free_swing,500,475,344,429,-41.987212,-106.429,0
1834,30.59723,free_swing,501,476,343,439,-41.486250,-103.18,0
1835,30.61392,free_swing,503,477,342,451,-40.717122,-99.174,0
1836,30.6306,free_swing,505,479,342,466,-39.714553,-94.56,0
1837,30.64728,free_swing,507,481,344,483,-38.715220,-89.297,0
1838,30.66397,free_swing,510,483,347,501,-37.438572,-83.698,0
1839,30.68065,free_swing,513,485,353,523,-36.158185,-76.64,0
1840,30.69733,free_swing,515,487,361,545,-35.166436,-69.362,0
1841,30.71402,free_swing,518,489,373,567,-33.886959,-61.723,0
1842,30.7307,free_swing,520,490,390,591,-33.098394,-52.156,0
1843,30.74738,free_swing,522,492,410,614,-32.118022,-42.553,0
1844,30.76407,free_swing,524,493,434,632,-31.328693,-32.922,0
1845,30.78075,free_swing,527,494,462,647,-30.230801,-23.018,0
1846,30.79743,free_swing,531,497,493,659,-28.468919,-13.201,0
1847,30.81412,free_swing,536,500,522,666,-26.406776,-4.821,0
1848,30.8308,free_swing,544,503,553,669,-23.385221,3.103,0
1849,30.84748,free_swing,553,507,584,671,-19.892257,10.704,0
1850,30.86417,free_swing,564,510,611,670,-15.847705,16.37,0
1851,30.88085,free_swing,577,513,637,670,-11.100570,20.915,0
1852,30.89753,free_swing,592,516,664,668,-5.675356,25.346,0
1853,30.91422,free_swing,607,516,686,665,-0.355870,27.933,0
1854,30.9309,free_swing,624,516,707,662,5.675356,29.618,0
1855,30.94758,free_swing,641,513,725,658,11.797248,30.084,0
1856,30.96427,free_swing,658,509,742,654,17.987335,30.084,0
1857,30.98095,free_swing,675,502,757,648,24.502659,29.32,0
1858,30.99763,free_swing,691,494,770,641,30.842367,28.254,0
1859,31.01432,free_swing,704,486,782,633,36.234872,27.951,0
1860,31.031,free_swing,716,476,792,624,41.750888,27.181,0
1861,31.04768,free_swing,725,467,803,614,46.250801,27.951,0
1862,31.06437,free_swing,733,458,812,604,50.511477,28.418,0
1863,31.08105,free_swing,739,450,822,594,54.050722,29.959,0
1864,31.09773,free_swing,743,443,831,583,56.901606,32.152,0
1865,31.11442,free_swing,747,438,841,575,59.157633,34.455,0
1866,31.1311,free_swing,749,433,850,566,61.049005,37.213,0
1867,31.14778,free_swing,750,431,859,557,61.843809,40.862,0
1868,31.16447,free_swing,751,430,866,550,62.324090,43.781,0
1869,31.18115,free_swing,750,431,874,542,61.843809,48.166,0
1870,31.19783,free_swing,749,433,880,535,61.049005,52.095,0
1871,31.21452,free_swing,747,436,885,529,59.769199,56.023,0
1872,31.2312,free_swing,744,442,889,522,57.392713,61.113,0
1873,31.24788,free_swing,741,448,892,516,55.036902,65.756,0
1874,31.26457,free_swing,736,454,891,511,52.280289,69.809,0
1875,31.28125,free_swing,730,462,889,506,48.747645,74.532,0
1876,31.29793,free_swing,723,469,885,503,45.250198,78.147,0
1877,31.31462,free_swing,716,476,879,502,41.750888,80.937,0
1878,31.3313,free_swing,707,483,872,503,37.719711,83.089,0
1879,31.34798,free_swing,698,490,863,505,33.690068,84.806,0
1880,31.36467,free_swing,689,496,854,510,29.875993,85.15,0
1881,31.38135,free_swing,678,501,843,517,25.615484,84.461,0
1882,31.39803,free_swing,667,506,831,526,21.342003,83.047,0
1883,31.41472,free_swing,655,510,819,537,16.868658,80.651,0
1884,31.4314,free_swing,644,513,806,551,12.835609,76.799,0
1885,31.44808,free_swing,633,515,790,567,8.880659,71.675,0
1886,31.46477,free_swing,622,516,773,584,4.969741,65.756,0
1887,31.48145,free_swing,612,517,754,604,1.414423,58.505,0
1888,31.49813,free_swing,604,516,730,625,-1.423205,49.138,0
1889,31.51482,free_swing,597,516,705,643,-3.908544,40.378,0
1890,31.5315,free_swing,593,516,675,661,-5.322751,29.489,0
1891,31.54818,free_swing,591,516,638,676,-6.027530,16.37,0
1892,31.56487,free_swing,591,516,602,682,-6.027530,3.791,0
1893,31.58155,free_swing,593,516,563,680,-5.322751,-10.366,0
1894,31.59823,free_swing,594,516,526,668,-4.969741,-24.102,0
1895,31.61492,free_swing,595,516,497,650,-4.616352,-36.18,0
1896,31.6316,free_swing,592,516,470,629,-5.675356,-47.193,0
1897,31.64828,free_swing,588,516,448,605,-7.081212,-57.555,0
1898,31.66497,free_swing,582,514,431,582,-9.286928,-65.756,0
1899,31.68165,free_swing,575,513,416,560,-11.797248,-73.532,0
1900,31.69833,free_swing,566,511,403,537,-15.068488,-80.937,0
1901,31.71502,free_swing,558,509,396,520,-17.987335,-86.116,0
1902,31.7317,free_swing,549,505,384,503,-21.471368,-90.694,0
1903,31.74838,free_swing,540,502,377,488,-24.824555,-94.909,0
1904,31.76507,free_swing,532,498,370,476,-27.989238,-97.734,0
1905,31.78175,free_swing,525,493,364,465,-31.024774,-99.866,0
1906,31.79843,free_swing,518,489,357,458,-33.886959,-100.899,0
1907,31.81512,free_swing,511,484,351,451,-36.940896,-101.654,0
1908,31.8318,free_swing,506,480,346,447,-39.214445,-101.654,0
1909,31.84848,free_swing,501,476,341,446,-41.486250,-100.62,0
1910,31.86517,free_swing,497,472,337,446,-43.492564,-99.23,0
1911,31.88185,free_swing,493,468,333,448,-45.502582,-97.125,0
1912,31.89853,free_swing,490,465,329,452,-47.009554,-94.616,0
1913,31.91522,free_swing,488,463,325,457,-48.012788,-92.108,0
1914,31.9319,free_swing,486,460,323,466,-49.282878,-87.892,0
1915,31.94858,free_swing,485,459,323,476,-49.784530,-84.009,0
1916,31.96527,free_swing,484,458,323,487,-50.285447,-79.789,0
1917,31.98195,free_swing,484,457,326,500,-50.559947,-74.776,0
1918,31.99863,free_swing,484,457,330,515,-50.559947,-69.362,0
1919,32.01532,free_swing,484,458,336,530,-50.285447,-64.058,0
1920,32.032,free_swing,486,460,345,546,-49.282878,-58.62,0
1921,32.04868,free_swing,487,462,356,562,-48.513750,-52.643,0
1922,32.06537,free_swing,490,464,370,577,-47.270450,-46.721,0
1923,32.08205,free_swing,493,468,385,593,-45.502582,-40.827,0
1924,32.09873,free_swing,498,473,403,608,-42.990446,-35.134,0
1925,32.11542,free_swing,504,478,422,622,-40.215470,-29.659,0
1926,32.1321,free_swing,511,484,440,635,-36.940896,-25.183,0
1927,32.14878,free_swing,520,490,461,646,-33.098394,-20.717,0
1928,32.16547,free_swing,530,496,483,656,-28.950995,-16.37,0
1929,32.18215,free_swing,542,502,504,665,-24.179107,-13.123,0
1930,32.19883,free_swing,556,508,526,673,-18.771319,-10.305,0
1931,32.21552,free_swing,570,512,549,678,-13.606103,-7.21,0
1932,32.2322,free_swing,586,515,571,681,-7.829077,-5.163,0
1933,32.24888,free_swing,602,516,595,682,-2.134259,-2.415,0
1934,32.26557,free_swing,618,516,618,682,3.554178,0.0,0
1935,32.28225,free_swing,634,515,640,681,9.229886,2.07,0
1936,32.29893,free_swing,649,512,665,678,14.635729,5.505,0
1937,32.31562,free_swing,662,507,688,672,19.558252,8.955,0
1938,32.3323,free_swing,675,502,711,665,24.502659,12.454,0
1939,32.34898,free_swing,686,497,735,657,28.779806,17.027,0
1940,32.36567,free_swing,694,492,758,646,32.118022,22.567,0
1941,32.38235,free_swing,702,486,779,634,35.661605,27.487,0
1942,32.39903,free_swing,709,482,801,621,38.494373,33.499,0
1943,32.41572,free_swing,714,478,819,607,40.754389,39.144,0
1944,32.4324,free_swing,718,474,835,592,42.749359,44.756,0
1945,32.44908,free_swing,721,471,850,575,44.249443,51.124,0
1946,32.46577,free_swing,723,469,863,559,45.250198,57.265,0
1947,32.48245,free_swing,725,467,873,542,46.250801,63.126,0
1948,32.49913,free_swing,726,465,880,526,47.009554,68.391,0
1949,32.51582,free_swing,727,465,885,511,47.250641,73.768,0
1950,32.5325,free_swing,727,464,889,497,47.511363,78.486,0
1951,32.54918,free_swing,727,465,891,485,47.250641,83.047,0
1952,32.56587,free_swing,727,465,891,474,47.250641,86.859,0
1953,32.58255,free_swing,726,467,890,466,46.494334,90.349,0
1954,32.59923,free_swing,724,468,888,458,45.750557,93.489,0
1955,32.61592,free_swing,722,470,886,453,44.749802,95.918,0
1956,32.6326,free_swing,719,473,882,449,43.249146,98.376,0
1957,32.64928,free_swing,716,476,878,448,41.750888,99.806,0
1958,32.66597,free_swing,712,480,874,449,39.760456,100.833,0
1959,32.68265,free_swing,707,483,868,451,37.719711,101.241,0
1960,32.69933,free_swing,701,488,863,456,34.963098,101.174,0
1961,32.71602,free_swing,695,492,858,463,32.417038,100.088,0
1962,32.7327,free_swing,688,496,852,472,29.569531,98.326,0
1963,32.74938,free_swing,681,500,845,484,26.722890,95.572,0
1964,32.76607,free_swing,673,504,838,497,23.568833,92.429,0
1965,32.78275,free_swing,665,507,830,513,20.556045,87.917,0
1966,32.79943,free_swing,656,510,820,532,17.206573,82.36,0
1967,32.81612,free_swing,648,512,808,552,14.293558,75.964,0
1968,32.8328,free_swing,641,514,795,574,11.725112,68.714,0
1969,32.84948,free_swing,635,515,778,599,9.578423,59.569,0
1970,32.86617,free_swing,630,516,757,623,7.781046,49.885,0
1971,32.88285,free_swing,626,516,732,645,6.379248,39.41,0
1972,32.89953,free_swing,625,516,702,664,6.027530,27.487,0
1973,32.91622,free_swing,625,516,665,678,6.027530,13.87,0
1974,32.9329,free_swing,627,516,628,683,6.730484,0.343,0
1975,32.94958,free_swing,627,516,590,678,6.730484,-12.865,0
1976,32.96627,free_swing,626,516,556,667,6.379248,-24.871,0
1977,32.98295,free_swing,622,516,527,653,4.969741,-34.739,0
1978,32.99963,free_swing,617,516,499,634,3.199540,-45.0,0
1979,33.01632,free_swing,609,516,475,616,0.355870,-53.267,0
1980,33.033,free_swing,600,516,456,599,-2.844656,-60.041,0
1981,33.04968,free_swing,589,516,437,582,-6.730484,-66.529,0
1982,33.06637,free_swing,578,514,421,567,-10.684912,-71.346,0
1983,33.08305,free_swing,566,511,407,554,-15.068488,-74.867,0
1984,33.09973,free_swing,555,507,393,542,-19.222857,-77.809,0
1985,33.11642,free_swing,543,503,380,533,-23.710562,-79.571,0
1986,33.1331,free_swing,532,498,369,527,-27.989238,-79.912,0
1987,33.14978,free_swing,522,492,359,522,-32.118022,-79.571,0
1988,33.16647,free_swing,512,485,350,519,-36.444442,-78.147,0
1989,33.18315,free_swing,503,477,344,518,-40.717122,-75.541,0
1990,33.19983,free_swing,495,470,337,518,-44.497418,-73.101,0
1991,33.21652,free_swing,488,462,333,520,-48.277676,-69.484,0
1992,33.2332,free_swing,482,454,331,523,-51.842773,-65.442,0
1993,33.24988,free_swing,476,447,331,527,-55.124672,-61.113,0
1994,33.26657,free_swing,472,440,333,531,-57.994617,-56.788,0
1995,33.28325,free_swing,468,435,336,535,-60.255119,-52.853,0
1996,33.29993,free_swing,466,430,342,540,-62.158374,-48.424,0
1997,33.31662,free_swing,465,428,348,545,-62.956165,-45.0,0
1998,33.3333,free_swing,464,426,354,550,-63.754142,-41.576,0
1999,33.34998,free_swing,464,426,361,557,-63.754142,-38.177,0
2000,33.36667,free_swing,465,428,369,563,-62.956165,-35.417,0
2001,33.38335,free_swing,467,432,375,571,-61.361077,-33.499,0
2002,33.40003,free_swing,470,437,383,579,-59.281096,-31.495,0
2003,33.41672,free_swing,474,443,391,587,-56.706437,-29.959,0
2004,33.4334,free_swing,479,451,399,597,-53.343892,-28.72,0
2005,33.45008,free_swing,486,460,406,606,-49.282878,-28.72,0
2006,33.46677,free_swing,494,469,415,616,-45.000000,-28.254,0
2007,33.48345,free_swing,505,479,423,624,-39.714553,-29.489,0
2008,33.50013,free_swing,518,489,433,632,-33.886959,-30.727,0
2009,33.51682,free_swing,532,500,444,640,-27.660739,-32.152,0
2010,33.5335,free_swing,548,505,457,644,-21.801409,-33.212,0
2011,33.55018,free_swing,565,511,472,649,-15.410391,-33.977,0
2012,33.56687,free_swing,582,514,491,653,-9.286928,-33.212,0
2013,33.58355,free_swing,598,516,510,657,-3.554178,-31.969,0
2014,33.60023,free_swing,614,517,531,661,2.121096,-29.959,0
2015,33.61692,free_swing,628,515,556,665,7.125016,-25.641,0
2016,33.6336,free_swing,642,514,580,668,12.070145,-21.93,0
2017,33.65028,free_swing,653,511,607,671,16.090816,-16.04,0
2018,33.66697,free_swing,662,507,637,672,19.558252,-8.616,0
2019,33.68365,free_swing,670,505,668,671,22.456939,-0.69,0
2020,33.70033,free_swing,676,502,698,667,24.824555,7.595,0
2021,33.71702,free_swing,680,500,730,659,26.406776,17.457,0
2022,33.7337,free_swing,683,498,759,647,27.675910,27.025,0
2023,33.75038,free_swing,685,497,785,631,28.468919,36.733,0
2024,33.76707,free_swing,687,497,807,612,29.088851,46.219,0
2025,33.78375,free_swing,689,495,825,591,30.052448,54.782,0
2026,33.80043,free_swing,691,494,839,568,30.842367,63.435,0
2027,33.81712,free_swing,693,493,850,546,31.630661,71.346,0
2028,33.8338,free_swing,695,491,857,526,32.607287,77.809,0
2029,33.85048,free_swing,698,489,862,507,33.886959,83.737,0
2030,33.86717,free_swing,701,488,865,489,34.963098,89.651,0
2031,33.88385,free_swing,703,486,867,475,35.949278,93.837,0
2032,33.90053,free_swing,706,484,869,461,37.223571,98.032,0
2033,33.91722,free_swing,708,483,868,450,37.998732,101.654,0
2034,33.9339,free_swing,709,482,868,441,38.494373,104.459,0
2035,33.95058,free_swing,710,481,867,434,38.990994,106.666,0
2036,33.96727,free_swing,710,481,866,428,38.990994,108.765,0
2037,33.98395,free_swing,709,482,864,425,38.494373,110.191,0
2038,34.00063,free_swing,708,482,861,424,38.216951,110.761,0
2039,34.01732,free_swing,706,484,861,425,37.223571,110.839,0
2040,34.034,free_swing,704,486,859,428,36.234872,110.516,0
2041,34.05068,free_swing,701,488,857,433,34.963098,109.421,0
2042,34.06737,free_swing,697,491,854,440,33.201208,107.996,0
2043,34.08405,free_swing,692,494,851,449,31.145263,105.803,0
2044,34.10073,free_swing,688,497,849,460,29.396053,102.943,0
2045,34.11742,free_swing,682,500,844,474,27.037258,99.118,0
2046,34.1341,free_swing,676,502,840,489,24.824555,94.532,0
2047,34.15078,free_swing,670,505,835,507,22.456939,89.306,0
2048,34.16747,free_swing,664,508,828,529,20.103286,82.703,0
2049,34.18415,free_swing,659,509,819,551,18.323261,75.292,0
2050,34.20083,free_swing,654,510,807,574,16.529530,67.3,0
2051,34.21752,free_swing,650,511,790,601,15.068488,57.265,0
2052,34.2342,free_swing,648,512,769,626,14.293558,46.706,0
2053,34.25088,free_swing,647,512,745,647,13.950343,35.977,0
2054,34.26757,free_swing,647,512,712,666,13.950343,22.884,0
2055,34.28425,free_swing,649,512,677,676,14.635729,9.689,0
2056,34.30093,free_swing,649,512,642,678,14.635729,-2.415,0
2057,34.31762,free_swing,648,512,605,674,14.293558,-14.865,0
2058,34.3343,free_swing,644,513,573,664,12.835609,-25.183,0
2059,34.35098,free_swing,639,514,545,652,11.032473,-34.261,0
2060,34.36767,free_swing,630,515,517,639,7.829077,-42.343,0
2061,34.38435,free_swing,620,516,493,625,4.262611,-49.362,0
2062,34.40103,free_swing,609,517,473,613,0.353673,-54.782,0
2063,34.41772,free_swing,597,516,453,601,-3.908544,-59.448,0
2064,34.4344,free_swing,583,515,435,590,-8.880659,-63.126,0
2065,34.45108,free_swing,570,512,420,582,-13.606103,-64.983,0
2066,34.46777,free_swing,557,508,405,575,-18.434949,-66.213,0
2067,34.48445,free_swing,543,503,391,571,-23.710562,-65.898,0
2068,34.50113,free_swing,530,497,380,567,-28.779806,-64.983,0
2069,34.51782,free_swing,518,489,371,565,-33.886959,-62.661,0
2070,34.5345,free_swing,507,480,364,565,-38.938211,-59.273,0
2071,34.55118,free_swing,496,471,359,565,-43.994914,-55.545,0
2072,34.56787,free_swing,487,461,357,564,-48.780569,-51.61,0
2073,34.58455,free_swing,480,452,357,564,-52.844696,-47.68,0
2074,34.60123,free_swing,473,443,358,563,-56.901606,-43.781,0
2075,34.61792,free_swing,469,435,362,562,-60.077870,-40.115,0
2076,34.6346,free_swing,465,429,365,561,-62.639225,-37.147,0
2077,34.65128,free_swing,463,424,368,561,-64.551995,-34.739,0
2078,34.66797,free_swing,461,420,372,561,-66.146094,-32.26,0
2079,34.68465,free_swing,460,418,376,562,-66.941725,-30.256,0
2080,34.70133,free_swing,460,418,380,564,-66.941725,-28.72,0
2081,34.71802,free_swing,461,420,384,567,-66.146094,-27.646,0
2082,34.7347,free_swing,462,423,387,572,-65.026089,-26.719,0
2083,34.75138,free_swing,465,427,391,577,-63.274905,-26.259,0
2084,34.76807,free_swing,468,434,394,583,-60.564584,-26.411,0
2085,34.78475,free_swing,472,441,397,590,-57.692666,-26.719,0
2086,34.80143,free_swing,478,450,400,598,-53.841815,-27.79,0
2087,34.81812,free_swing,486,460,404,605,-49.282878,-29.489,0
2088,34.8348,free_swing,495,470,408,612,-44.497418,-31.495,0
2089,34.85148,free_swing,507,480,413,618,-38.938211,-34.261,0
2090,34.86817,free_swing,521,491,420,623,-32.607287,-37.421,0
2091,34.88485,free_swing,536,502,428,627,-26.095424,-40.827,0
2092,34.90153,free_swing,552,507,440,629,-20.224859,-42.553,0
2093,34.91822,free_swing,569,512,454,631,-13.950343,-44.021,0
2094,34.9349,free_swing,586,515,471,635,-7.829077,-43.781,0
2095,34.95158,free_swing,602,516,489,639,-2.134259,-42.574,0
2096,34.96827,free_swing,617,516,510,643,3.199540,-40.115,0
2097,34.98495,free_swing,631,515,533,650,8.180230,-35.977,0
2098,35.00163,free_swing,643,513,557,655,12.490406,-31.201,0
2099,35.01832,free_swing,654,510,584,661,16.529530,-24.871,0
2100,35.035,free_swing,663,508,613,667,19.772351,-17.457,0
2101,35.05168,free_swing,669,505,643,670,22.129937,-8.955,0
2102,35.06837,free_swing,674,503,675,670,24.034288,0.343,0
2103,35.08505,free_swing,677,501,709,665,25.295546,11.041,0
2104,35.10173,free_swing,678,501,740,656,25.615484,21.801,0
2105,35.11842,free_swing,678,501,769,641,25.615484,33.024,0
2106,35.1351,free_swing,677,501,793,622,25.295546,43.791,0
2107,35.15178,free_swing,678,501,812,600,25.615484,53.543,0
2108,35.16847,free_swing,679,501,827,576,25.933718,63.126,0
2109,35.18515,free_swing,680,500,838,552,26.406776,71.783,0
2110,35.20183,free_swing,683,499,846,530,27.512003,79.232,0
2111,35.21852,free_swing,685,497,850,509,28.468919,85.84,0
2112,35.2352,free_swing,688,496,853,491,29.569531,91.736,0
2113,35.25188,free_swing,691,495,855,475,30.661885,96.953,0
2114,35.26857,free_swing,693,493,855,460,31.630661,101.514,0
2115,35.28525,free_swing,696,491,855,447,32.905243,105.468,0
2116,35.30193,free_swing,698,491,854,437,33.495185,109.093,0
2117,35.31862,free_swing,699,489,853,429,34.180602,111.286,0
2118,35.3353,free_swing,699,489,851,423,34.180602,113.471,0
2119,35.35198,free_swing,700,489,850,419,34.472214,115.017,0
2120,35.36867,free_swing,699,489,848,416,34.180602,116.102,0
2121,35.38535,free_swing,698,490,847,416,33.690068,116.411,0
2122,35.40203,free_swing,696,491,845,418,32.905243,116.102,0
2123,35.41872,free_swing,693,493,843,422,31.630661,115.33,0
2124,35.4354,free_swing,690,495,841,428,30.358115,113.927,0
2125,35.45208,free_swing,686,497,840,435,28.779806,111.93,0
2126,35.46877,free_swing,682,500,838,446,27.037258,109.093,0
2127,35.48545,free_swing,677,502,836,458,25.144786,105.468,0
2128,35.50213,free_swing,671,504,833,472,22.919555,101.174,0
2129,35.51882,free_swing,666,506,830,490,21.012080,95.572,0
2130,35.5355,free_swing,660,509,825,509,18.657888,90.0,0
2131,35.55218,free_swing,654,511,818,530,16.429301,83.392,0
2132,35.56887,free_swing,650,512,810,554,14.976836,75.292,0
2133,35.58555,free_swing,646,512,798,580,13.606103,65.898,0
2134,35.60223,free_swing,644,513,781,606,12.835609,55.83,0
2135,35.61892,free_swing,643,513,760,632,12.490406,44.514,0
2136,35.6356,free_swing,644,513,734,654,12.835609,32.55,0
2137,35.65228,free_swing,647,512,701,670,13.950343,18.869,0
2138,35.66897,free_swing,649,512,666,677,14.635729,5.882,0
2139,35.68565,free_swing,651,511,628,676,15.410391,-7.936,0
2140,35.70233,free_swing,651,511,595,667,15.410391,-19.747,0
2141,35.71902,free_swing,647,512,565,657,13.950343,-29.489,0
2142,35.7357,free_swing,642,513,536,643,12.144278,-39.193,0
2143,35.75238,free_swing,634,514,511,628,9.286928,-47.175,0
2144,35.76907,free_swing,625,516,490,614,6.027530,-54.023,0
2145,35.78575,free_swing,613,516,469,600,1.778800,-59.744,0
2146,35.80243,free_swing,602,517,452,588,-2.121096,-64.67,0
2147,35.81912,free_swing,589,515,435,577,-6.772160,-68.07,0
2148,35.8358,free_swing,576,514,419,569,-11.379214,-70.694,0
2149,35.85248,free_swing,563,510,406,563,-16.189206,-71.346,0
2150,35.86917,free_swing,550,506,393,558,-21.012080,-71.675,0
2151,35.88585,free_swing,537,500,381,556,-26.088920,-70.253,0
2152,35.90253,free_swing,525,493,371,556,-31.024774,-67.751,0
2153,35.91922,free_swing,514,486,364,557,-35.661605,-64.67,0
2154,35.9359,free_swing,502,477,358,559,-40.985824,-60.341,0
2155,35.95258,free_swing,493,468,355,561,-45.502582,-56.023,0
2156,35.96927,free_swing,484,458,356,563,-50.285447,-50.638,0
2157,35.98595,free_swing,477,449,358,565,-54.338395,-45.731,0
2158,36.00263,free_swing,472,441,363,566,-57.692666,-41.088,0
2159,36.01932,free_swing,468,434,368,566,-60.564584,-37.147,0
2160,36.036,free_swing,465,428,374,567,-62.956165,-33.212,0
2161,36.05268,free_swing,463,424,380,568,-64.551995,-29.959,0
2162,36.06937,free_swing,462,422,386,570,-65.349415,-27.181,0
2163,36.08605,free_swing,462,421,392,572,-65.674425,-24.871,0
2164,36.10273,free_swing,462,422,398,576,-65.349415,-22.567,0
2165,36.11942,free_swing,463,425,404,581,-64.230672,-20.717,0
2166,36.1361,free_swing,465,429,410,586,-62.639225,-19.306,0
2167,36.15278,free_swing,468,434,415,592,-60.564584,-18.544,0
2168,36.16947,free_swing,473,441,420,599,-57.501354,-18.544,0
2169,36.18615,free_swing,478,450,426,608,-53.841815,-18.217,0
2170,36.20283,free_swing,485,458,430,617,-50.057249,-19.081,0
2171,36.21952,free_swing,494,468,435,625,-45.252403,-20.596,0
2172,36.2362,free_swing,506,479,440,633,-39.440053,-23.199,0
2173,36.25288,free_swing,519,490,445,640,-33.395238,-26.259,0
2174,36.26957,free_swing,535,500,452,644,-26.722890,-29.959,0
2175,36.28625,free_swing,553,509,461,647,-19.653824,-33.69,0
2176,36.30293,free_swing,571,513,473,646,-13.179868,-36.384,0
2177,36.31962,free_swing,589,515,487,647,-6.772160,-37.694,0
2178,36.3363,free_swing,607,517,504,648,-0.353673,-38.177,0
2179,36.35298,free_swing,623,516,523,649,5.322751,-36.939,0
2180,36.36967,free_swing,637,514,543,651,10.336554,-34.455,0
2181,36.38635,free_swing,651,511,565,653,15.410391,-31.201,0
2182,36.40303,free_swing,663,507,590,657,19.892257,-25.951,0
2183,36.41972,free_swing,673,503,615,660,23.710562,-20.276,0
2184,36.4364,free_swing,681,499,643,662,26.882476,-13.123,0
2185,36.45308,free_swing,687,497,673,663,29.088851,-4.821,0
2186,36.46977,free_swing,691,494,702,660,30.842367,3.791,0
2187,36.48645,free_swing,693,493,733,655,31.630661,13.87,0
2188,36.50313,free_swing,693,493,763,645,31.630661,24.727,0
2189,36.51982,free_swing,691,494,789,629,30.842367,35.977,0
2190,36.5365,free_swing,689,495,809,610,30.052448,46.219,0
2191,36.55318,free_swing,688,496,827,587,29.569531,56.788,0
2192,36.56987,free_swing,687,497,839,564,29.088851,66.213,0
2193,36.58655,free_swing,687,497,847,541,29.088851,74.624,0
2194,36.60323,free_swing,687,497,851,519,29.088851,82.36,0
2195,36.61992,free_swing,688,497,853,499,29.396053,89.306,0
2196,36.6366,free_swing,688,496,852,481,29.569531,95.226,0
2197,36.65328,free_swing,689,496,851,465,29.875993,100.833,0
2198,36.66997,free_swing,689,495,848,452,30.052448,105.133,0
2199,36.68665,free_swing,690,495,845,440,30.358115,109.537,0
2200,36.70333,free_swing,690,495,842,430,30.358115,113.153,0
2201,36.72002,free_swing,689,495,838,423,30.052448,115.791,0
2202,36.7367,free_swing,688,496,834,418,29.569531,118.113,0
2203,36.75338,free_swing,686,497,830,414,28.779806,119.959,0
2204,36.77007,free_swing,684,499,826,413,27.824096,121.201,0
2205,36.78675,free_swing,680,500,822,414,26.406776,121.201,0
2206,36.80343,free_swing,676,502,818,416,24.824555,121.201,0
2207,36.82012,free_swing,672,504,815,420,23.244984,120.431,0
2208,36.8368,free_swing,666,506,812,427,21.012080,118.418,0
2209,36.85348,free_swing,660,508,808,436,18.771319,115.942,0
2210,36.87017,free_swing,653,510,806,446,16.189206,112.7,0
2211,36.88685,free_swing,646,512,803,460,13.606103,108.325,0
2212,36.90353,free_swing,639,514,800,475,11.032473,103.617,0
2213,36.92022,free_swing,632,515,796,493,8.530766,97.64,0
2214,36.9369,free_swing,625,516,791,514,6.027530,90.69,0
2215,36.95358,free_swing,619,517,783,537,3.884492,83.047,0
2216,36.97027,free_swing,614,517,774,561,2.121096,74.624,0
2217,36.98695,free_swing,611,517,761,587,1.060912,64.983,0
2218,37.00363,free_swing,609,517,743,616,0.353673,53.543,0
2219,37.02032,free_swing,610,516,721,641,0.711712,41.605,0
2220,37.037,free_swing,613,517,695,662,1.767827,29.489,0
2221,37.05368,free_swing,619,516,659,678,3.908544,13.87,0
2222,37.07037,free_swing,626,516,623,682,6.379248,-1.035,0
2223,37.08705,free_swing,633,515,588,675,8.880659,-15.709,0
2224,37.10373,free_swing,637,514,556,660,10.336554,-29.021,0
2225,37.12042,free_swing,638,514,529,641,10.684912,-40.638,0
2226,37.1371,free_swing,636,515,506,619,9.926246,-51.34,0
2227,37.15378,free_swing,631,515,486,597,8.180230,-60.511,0
2228,37.17047,free_swing,625,516,470,575,6.027530,-69.161,0
2229,37.18715,free_swing,617,516,456,555,3.199540,-76.383,0
2230,37.20383,free_swing,608,516,444,536,0.000000,-83.047,0
2231,37.22052,free_swing,598,516,434,520,-3.554178,-88.603,0
2232,37.2372,free_swing,588,516,425,507,-7.081212,-93.16,0
2233,37.25388,free_swing,578,514,415,495,-10.684912,-96.649,0
2234,37.27057,free_swing,568,512,407,486,-14.293558,-99.174,0
2235,37.28725,free_swing,558,509,398,479,-17.987335,-100.62,0
2236,37.30393,free_swing,549,505,389,473,-21.471368,-101.31,0
2237,37.32062,free_swing,541,502,381,471,-24.502659,-100.965,0
2238,37.3373,free_swing,532,498,371,470,-27.989238,-99.866,0
2239,37.35398,free_swing,526,494,362,472,-30.537547,-97.64,0
2240,37.37067,free_swing,519,490,357,476,-33.395238,-94.939,0
2241,37.38735,free_swing,513,485,349,482,-36.158185,-91.048,0
2242,37.40403,free_swing,507,480,342,490,-38.938211,-86.532,0
2243,37.42072,free_swing,501,476,338,500,-41.486250,-81.624,0
2244,37.4374,free_swing,496,471,336,512,-43.994914,-75.627,0
2245,37.45408,free_swing,492,466,338,526,-46.261818,-68.714,0
2246,37.47077,free_swing,487,461,342,540,-48.780569,-61.417,0
2247,37.48745,free_swing,484,457,349,553,-50.559947,-54.583,0
2248,37.50413,free_swing,481,454,360,567,-52.062603,-46.958,0
2249,37.52082,free_swing,479,451,373,578,-53.343892,-39.85,0
2250,37.5375,free_swing,478,450,388,589,-53.841815,-32.922,0
2251,37.55418,free_swing,479,451,404,599,-53.343892,-26.874,0
2252,37.57087,free_swing,481,453,421,608,-52.344299,-21.161,0
2253,37.58755,free_swing,483,457,437,617,-50.785555,-16.04,0
2254,37.60423,free_swing,488,462,454,626,-48.277676,-11.712,0
2255,37.62092,free_swing,493,468,471,633,-45.502582,-7.595,0
2256,37.6376,free_swing,500,476,487,642,-41.750888,-4.478,0
2257,37.65428,free_swing,510,483,503,649,-37.438572,-2.415,0
2258,37.67097,free_swing,522,491,517,659,-32.307334,-1.705,0
2259,37.68765,free_swing,535,499,531,667,-26.882476,-1.364,0
2260,37.70433,free_swing,551,506,544,673,-20.680691,-2.4,0
2261,37.72102,free_swing,569,513,558,679,-13.865467,-3.791,0
2262,37.7377,free_swing,588,515,570,681,-7.125016,-6.189,0
2263,37.75438,free_swing,609,517,583,681,0.353673,-9.009,0
2264,37.77107,free_swing,627,516,598,680,6.730484,-10.028,0
2265,37.78775,free_swing,645,512,613,676,13.260859,-11.041,0
2266,37.80443,free_swing,661,508,630,672,19.106353,-10.704,0
2267,37.82112,free_swing,676,502,649,667,24.824555,-9.293,0
2268,37.8378,free_swing,688,496,668,662,29.569531,-6.87,0
2269,37.85448,free_swing,698,489,689,656,33.886959,-3.085,0
2270,37.87117,free_swing,706,484,710,650,37.223571,1.38,0
2271,37.88785,free_swing,713,478,731,644,40.486012,6.189,0
2272,37.90453,free_swing,718,474,754,637,42.749359,12.454,0
2273,37.92122,free_swing,721,471,776,628,44.249443,19.306,0
2274,37.9379,free_swing,723,469,797,618,45.250198,26.411,0
2275,37.95458,free_swing,723,469,818,606,45.250198,34.739,0
2276,37.97127,free_swing,722,470,835,592,44.749802,42.807,0
2277,37.98795,free_swing,720,472,849,577,43.749199,50.856,0
2278,38.00463,free_swing,717,475,861,558,42.249915,60.041,0
2279,38.02132,free_swing,714,477,867,540,40.985824,67.62,0
2280,38.038,free_swing,711,480,871,523,39.488523,74.957,0
2281,38.05468,free_swing,708,482,871,506,38.216951,81.624,0
2282,38.07137,free_swing,705,485,870,492,36.728601,87.571,0
2283,38.08805,free_swing,701,488,866,480,34.963098,92.776,0
2284,38.10473,free_swing,698,491,862,469,33.495185,97.64,0
2285,38.12142,free_swing,694,493,856,461,31.930682,101.174,0
2286,38.1381,free_swing,689,495,850,455,30.052448,103.952,0
2287,38.15478,free_swing,685,498,843,450,28.300756,106.899,0
2288,38.17147,free_swing,679,501,836,449,25.933718,108.325,0
2289,38.18815,free_swing,673,504,829,449,23.568833,109.421,0
2290,38.20483,free_swing,665,507,821,451,20.556045,109.747,0
2291,38.22152,free_swing,658,509,815,455,17.987335,108.981,0
2292,38.2382,free_swing,650,512,808,462,14.976836,107.56,0
2293,38.25488,free_swing,641,514,801,471,11.725112,105.043,0
2294,38.27157,free_swing,632,515,794,482,8.530766,101.514,0
2295,38.28825,free_swing,623,516,788,495,5.322751,97.253,0
2296,38.30493,free_swing,614,516,780,512,2.134259,91.38,0
2297,38.32162,free_swing,606,517,771,530,-0.707319,85.495,0
2298,38.3383,free_swing,598,516,760,549,-3.554178,78.486,0
2299,38.35498,free_swing,591,516,747,573,-6.027530,69.928,0
2300,38.37167,free_swing,586,515,731,597,-7.829077,60.511,0
2301,38.38835,free_swing,583,515,711,621,-8.880659,50.371,0
2302,38.40503,free_swing,583,515,689,644,-8.880659,39.41,0
2303,38.42172,free_swing,585,515,660,664,-8.180230,26.719,0
2304,38.4384,free_swing,590,516,626,679,-6.379248,12.454,0
2305,38.45508,free_swing,598,516,591,683,-3.554178,-2.4,0
2306,38.47177,free_swing,607,517,554,674,-0.353673,-18.654,0
2307,38.48845,free_swing,613,517,525,658,1.767827,-31.969,0
2308,38.50513,free_swing,616,517,500,636,2.827125,-44.269,0
2309,38.52182,free_swing,617,517,479,610,3.179830,-56.023,0
2310,38.5385,free_swing,615,516,466,585,2.489553,-65.152,0
2311,38.55518,free_swing,612,517,453,560,1.414423,-74.867,0
2312,38.57187,free_swing,606,517,442,537,-0.707319,-83.047,0
2313,38.58855,free_swing,600,517,436,517,-2.827125,-90.0,0
2314,38.60523,free_swing,592,516,430,498,-5.675356,-96.34,0
2315,38.62192,free_swing,585,515,426,481,-8.180230,-102.07,0
2316,38.6386,free_swing,577,514,421,467,-11.032473,-106.767,0
2317,38.65528,free_swing,570,512,418,455,-13.606103,-110.556,0
2318,38.67197,free_swing,563,510,414,445,-16.189206,-113.569,0
2319,38.68865,free_swing,556,508,410,437,-18.771319,-115.934,0
2320,38.70533,free_swing,550,506,406,431,-21.012080,-117.512,0
2321,38.72202,free_swing,544,504,401,427,-23.244984,-118.301,0
2322,38.7387,free_swing,539,501,396,424,-25.295546,-118.301,0
2323,38.75538,free_swing,535,499,391,424,-26.882476,-117.512,0
2324,38.77207,free_swing,532,497,386,426,-28.156191,-115.934,0
2325,38.78875,free_swing,529,496,381,431,-29.261199,-113.711,0
2326,38.80543,free_swing,527,495,374,436,-30.052448,-111.088,0
2327,38.82212,free_swing,525,494,370,445,-30.842367,-107.543,0
2328,38.8388,free_swing,523,493,365,454,-31.630661,-103.865,0
2329,38.85548,free_swing,523,492,361,467,-31.817035,-98.773,0
2330,38.87217,free_swing,522,491,358,482,-32.307334,-93.141,0
2331,38.88885,free_swing,521,490,356,498,-32.799531,-87.224,0
2332,38.90553,free_swing,520,490,357,518,-33.098394,-80.253,0
2333,38.92222,free_swing,518,489,361,539,-33.886959,-72.335,0
2334,38.9389,free_swing,517,488,369,560,-34.380345,-64.058,0
2335,38.95558,free_swing,515,486,380,582,-35.371844,-54.583,0
2336,38.97227,free_swing,513,485,397,603,-36.158185,-44.51,0
2337,38.98895,free_swing,511,484,418,621,-36.940896,-34.17,0
2338,39.00563,free_swing,510,483,442,635,-37.438572,-24.102,0
2339,39.02232,free_swing,511,484,468,645,-36.940896,-14.954,0
2340,39.039,free_swing,513,485,496,651,-36.158185,-5.847,0
2341,39.05568,free_swing,517,488,521,653,-34.380345,1.389,0
2342,39.07237,free_swing,523,492,548,656,-31.817035,8.667,0
2343,39.08905,free_swing,531,497,573,659,-28.468919,14.534,0
2344,39.10573,free_swing,540,502,595,659,-24.824555,19.306,0
2345,39.12242,free_swing,553,507,618,661,-19.892257,22.884,0
2346,39.1391,free_swing,566,511,639,662,-15.068488,25.801,0
2347,39.15578,free_swing,581,515,657,664,-9.578423,27.025,0
2348,39.17247,free_swing,598,516,674,665,-3.554178,27.025,0
2349,39.18915,free_swing,616,516,689,667,2.844656,25.801,0
2350,39.20583,free_swing,635,515,702,668,9.578423,23.649,0
2351,39.22252,free_swing,653,511,713,667,16.090816,21.038,0
2352,39.2392,free_swing,671,504,722,662,22.919555,17.889,0
2353,39.25588,free_swing,687,496,730,657,29.261199,14.954,0
2354,39.27257,free_swing,701,487,738,649,35.166436,12.865,0
2355,39.28925,free_swing,712,478,747,641,40.215470,12.119,0
2356,39.30593,free_swing,722,469,756,633,45.000000,11.712,0
2357,39.32262,free_swing,730,461,765,624,49.014176,12.119,0
2358,39.3393,free_swing,736,454,775,617,52.280289,13.456,0
2359,39.35598,free_swing,740,448,783,608,54.833564,15.043,0
2360,39.37267,free_swing,744,442,793,601,57.392713,17.128,0
2361,39.38935,free_swing,746,439,804,595,58.671307,20.395,0
2362,39.40603,free_swing,747,437,813,589,59.462453,23.471,0
2363,39.42272,free_swing,747,437,823,584,59.462453,27.339,0
2364,39.4394,free_swing,746,438,833,579,58.975226,31.675,0
2365,39.45608,free_swing,745,441,843,575,57.881978,36.18,0
2366,39.47277,free_swing,742,445,852,571,56.113041,41.121,0
2367,39.48945,free_swing,738,451,859,566,53.555558,46.456,0
2368,39.50613,free_swing,733,458,864,560,50.511477,52.095,0
2369,39.52282,free_swing,726,466,867,554,46.750854,58.031,0
2370,39.5395,free_swing,718,474,867,547,42.749359,63.898,0
2371,39.55618,free_swing,710,481,864,541,38.990994,68.714,0
2372,39.57287,free_swing,700,488,859,537,34.672746,72.872,0
2373,39.58955,free_swing,691,494,852,534,30.842367,76.048,0
2374,39.60623,free_swing,681,500,843,532,26.722890,78.826,0
2375,39.62292,free_swing,670,505,833,534,22.456939,79.912,0
2376,39.6396,free_swing,659,509,822,537,18.323261,80.253,0
2377,39.65628,free_swing,648,512,810,542,14.293558,79.509,0
2378,39.67297,free_swing,636,515,798,551,9.926246,77.471,0
2379,39.68965,free_swing,624,516,784,560,5.675356,74.624,0
2380,39.70633,free_swing,613,516,769,572,1.778800,70.253,0
2381,39.72302,free_swing,603,517,753,586,-1.767827,65.298,0
2382,39.7397,free_swing,593,516,735,603,-5.322751,58.505,0
2383,39.75638,free_swing,585,515,714,620,-8.180230,50.856,0
2384,39.77307,free_swing,578,514,691,637,-10.684912,42.574,0
2385,39.78975,free_swing,574,513,665,653,-12.144278,33.024,0
2386,39.80643,free_swing,571,512,635,667,-13.260859,22.436,0
2387,39.82312,free_swing,572,512,601,677,-12.914632,9.968,0
2388,39.8398,free_swing,575,513,564,679,-11.797248,-3.791,0
2389,39.85648,free_swing,579,514,530,673,-10.336554,-17.128,0
2390,39.87317,free_swing,583,515,500,659,-8.880659,-29.959,0
2391,39.88985,free_swing,585,515,473,637,-8.180230,-42.553,0
2392,39.90653,free_swing,585,515,453,615,-8.180230,-52.853,0
2393,39.92322,free_swing,584,515,436,591,-8.530766,-62.819,0
2394,39.9399,free_swing,580,514,423,566,-9.987422,-71.675,0
2395,39.95658,free_swing,576,514,414,545,-11.379214,-79.167,0
2396,39.97327,free_swing,571,512,406,524,-13.260859,-85.84,0
2397,39.98995,free_swing,565,511,401,504,-15.410391,-92.444,0
2398,40.00663,free_swing,559,509,396,489,-17.650124,-96.995,0
2399,40.02332,free_swing,553,507,392,474,-19.892257,-101.583,0
2400,40.04,free_swing,547,505,390,462,-22.129937,-105.317,0
2401,40.05668,free_swing,542,503,388,452,-24.034288,-108.323,0
2402,40.07337,free_swing,537,500,385,444,-26.088920,-110.225,0
2403,40.09005,free_swing,533,498,382,438,-27.675910,-111.67,0
2404,40.10673,free_swing,529,496,379,434,-29.261199,-112.457,0
2405,40.12342,free_swing,526,494,376,432,-30.537547,-112.457,0
2406,40.1401,free_swing,524,493,373,432,-31.328693,-111.997,0
2407,40.15678,free_swing,522,492,370,434,-32.118022,-110.886,0
2408,40.17347,free_swing,521,491,368,438,-32.607287,-109.106,0
2409,40.19015,free_swing,520,491,364,444,-32.905243,-106.767,0
2410,40.20683,free_swing,520,490,362,452,-33.098394,-103.523,0
2411,40.22352,free_swing,520,491,359,463,-32.905243,-99.866,0
2412,40.2402,free_swing,521,491,357,475,-32.607287,-95.572,0
2413,40.25688,free_swing,522,491,358,489,-32.307334,-90.699,0
2414,40.27357,free_swing,522,492,358,506,-32.118022,-85.121,0
2415,40.29025,free_swing,523,492,362,526,-31.817035,-78.075,0
2416,40.30693,free_swing,524,493,367,545,-31.328693,-71.675,0
2417,40.32362,free_swing,524,493,377,567,-31.328693,-63.279,0
2418,40.3403,free_swing,524,493,390,589,-31.328693,-54.382,0
2419,40.35698,free_swing,524,492,407,609,-31.514073,-45.0,0
2420,40.37367,free_swing,523,492,428,629,-31.817035,-34.739,0
2421,40.39035,free_swing,523,492,454,643,-31.817035,-24.558,0
2422,40.40703,free_swing,525,493,481,654,-31.024774,-15.285,0
2423,40.42372,free_swing,527,495,509,661,-30.052448,-6.189,0
2424,40.4404,free_swing,532,497,537,664,-28.156191,1.715,0
2425,40.45708,free_swing,538,500,566,665,-25.769328,9.631,0
2426,40.47377,free_swing,546,504,590,664,-22.592555,15.376,0
2427,40.49045,free_swing,556,508,616,665,-18.771319,20.915,0
2428,40.50713,free_swing,568,511,639,664,-14.381395,24.894,0
2429,40.52382,free_swing,581,514,660,662,-9.637538,28.093,0
2430,40.5405,free_swing,596,516,680,662,-4.262611,29.914,0
2431,40.55718,free_swing,612,517,698,661,1.414423,30.847,0
2432,40.57387,free_swing,629,515,713,660,7.477330,30.084,0
2433,40.59055,free_swing,647,512,727,659,13.950343,28.556,0
2434,40.60723,free_swing,663,507,739,656,19.892257,27.025,0
2435,40.62392,free_swing,679,500,748,652,26.088920,24.416,0
2436,40.6406,free_swing,694,492,757,647,32.118022,22.119,0
2437,40.65728,free_swing,706,484,766,640,37.223571,21.038,0
2438,40.67397,free_swing,717,475,773,632,42.249915,19.631,0
2439,40.69065,free_swing,726,466,780,623,46.750854,18.981,0
2440,40.70733,free_swing,732,459,788,615,50.013114,19.747,0
2441,40.72402,free_swing,737,452,796,607,53.059104,20.839,0
2442,40.7407,free_swing,741,446,804,600,55.619655,22.249,0
2443,40.75738,free_swing,744,442,812,594,57.392713,24.102,0
2444,40.77407,free_swing,746,439,820,588,58.671307,26.411,0
2445,40.79075,free_swing,747,438,828,582,59.157633,29.358,0
2446,40.80743,free_swing,746,438,836,578,58.975226,32.735,0
2447,40.82412,free_swing,745,440,844,574,58.182965,36.457,0
2448,40.8408,free_swing,743,443,851,571,56.901606,40.156,0
2449,40.85748,free_swing,740,448,857,567,54.833564,44.514,0
2450,40.87417,free_swing,736,454,861,563,52.280289,48.912,0
2451,40.89085,free_swing,730,461,865,558,49.014176,54.302,0
2452,40.90753,free_swing,724,468,866,554,45.750557,58.799,0
2453,40.92422,free_swing,716,475,864,550,41.987212,63.126,0
2454,40.9409,free_swing,707,483,860,547,37.719711,67.3,0
2455,40.95758,free_swing,698,490,854,546,33.690068,70.253,0
2456,40.97427,free_swing,688,496,847,545,29.569531,72.872,0
2457,40.99095,free_swing,678,501,837,546,25.615484,74.197,0
2458,41.00763,free_swing,667,506,826,550,21.342003,74.532,0
2459,41.02432,free_swing,656,510,815,555,17.206573,74.197,0
2460,41.041,free_swing,644,513,801,563,12.835609,72.335,0
2461,41.05768,free_swing,633,515,787,573,8.880659,69.362,0
2462,41.07437,free_swing,622,516,774,585,4.969741,65.584,0
2463,41.09105,free_swing,611,517,756,599,1.060912,60.511,0
2464,41.10773,free_swing,602,517,737,614,-2.121096,54.302,0
2465,41.12442,free_swing,594,516,715,630,-4.969741,46.706,0
2466,41.1411,free_swing,586,515,691,645,-7.829077,38.928,0
2467,41.15778,free_swing,582,514,664,660,-9.286928,29.32,0
2468,41.17447,free_swing,579,514,633,672,-10.336554,18.869,0
2469,41.19115,free_swing,578,514,599,680,-10.684912,7.21,0
2470,41.20783,free_swing,580,514,563,680,-9.987422,-5.847,0
2471,41.22452,free_swing,582,515,530,673,-9.229886,-18.217,0
2472,41.2412,free_swing,584,515,500,658,-8.530766,-30.431,0
2473,41.25788,free_swing,585,515,473,638,-8.180230,-42.32,0
2474,41.27457,free_swing,584,515,453,617,-8.530766,-52.095,0
2475,41.29125,free_swing,580,514,435,595,-9.987422,-60.811,0
2476,41.30793,free_swing,576,514,422,572,-11.379214,-69.362,0
2477,41.32462,free_swing,571,512,411,553,-13.260859,-75.627,0
2478,41.3413,free_swing,565,511,400,533,-15.410391,-82.405,0
2479,41.35798,free_swing,558,509,395,516,-17.987335,-87.541,0
2480,41.37467,free_swing,552,507,389,502,-20.224859,-91.757,0
2481,41.39135,free_swing,545,504,381,488,-22.919555,-95.572,0
2482,41.40803,free_swing,539,501,376,478,-25.295546,-98.032,0
2483,41.42472,free_swing,534,498,372,469,-27.360775,-100.149,0
2484,41.4414,free_swing,529,496,367,463,-29.261199,-101.514,0
2485,41.45808,free_swing,524,493,365,458,-31.328693,-102.414,0
2486,41.47477,free_swing,520,490,361,456,-33.098394,-102.07,0
2487,41.49145,free_swing,517,488,358,456,-34.380345,-101.379,0
2488,41.50813,free_swing,514,486,352,457,-35.661605,-100.149,0
2489,41.52482,free_swing,512,484,350,460,-36.656108,-98.427,0
2490,41.5415,free_swing,510,483,347,465,-37.438572,-96.302,0
2491,41.55818,free_swing,509,482,345,474,-37.937397,-92.793,0
2492,41.57487,free_swing,508,482,344,483,-38.216951,-89.651,0
2493,41.59155,free_swing,508,481,344,495,-38.437301,-85.121,0
2494,41.60823,free_swing,507,481,345,508,-38.715220,-80.538,0
2495,41.62492,free_swing,507,481,348,523,-38.715220,-75.203,0
2496,41.6416,free_swing,507,481,353,540,-38.715220,-69.037,0
2497,41.65828,free_swing,507,481,361,558,-38.715220,-62.193,0
2498,41.67497,free_swing,508,482,372,575,-38.216951,-55.635,0
2499,41.69165,free_swing,508,482,386,593,-38.216951,-47.703,0
2500,41.70833,free_swing,510,483,404,611,-37.438572,-39.629,0
2501,41.72502,free_swing,512,484,424,625,-36.656108,-31.969,0
2502,41.7417,free_swing,514,486,445,638,-35.661605,-24.416,0
2503,41.75838,free_swing,519,489,469,648,-33.591282,-17.457,0
2504,41.77507,free_swing,524,493,493,657,-31.328693,-10.704,0
2505,41.79175,free_swing,531,497,516,663,-28.468919,-5.163,0
2506,41.80843,free_swing,540,501,541,668,-24.973911,0.343,0
2507,41.82512,free_swing,550,506,564,672,-21.012080,4.821,0
2508,41.8418,free_swing,562,510,586,676,-16.529530,8.227,0
2509,41.85848,free_swing,576,513,607,678,-11.449338,10.641,0
2510,41.87517,free_swing,591,516,627,680,-6.027530,12.381,0
2511,41.89185,free_swing,607,516,646,679,-0.355870,13.456,0
2512,41.90853,free_swing,623,516,664,678,5.322751,14.203,0
2513,41.92522,free_swing,640,514,680,676,11.379214,13.87,0
2514,41.9419,free_swing,655,510,696,672,16.868658,14.203,0
2515,41.95858,free_swing,670,504,712,666,22.592555,14.534,0
2516,41.97527,free_swing,683,498,727,659,27.675910,15.285,0
2517,41.99195,free_swing,695,491,741,652,32.607287,15.945,0
2518,42.00863,free_swing,705,484,756,643,36.940896,17.784,0
2519,42.02532,free_swing,713,478,771,634,40.486012,20.395,0
2520,42.042,free_swing,720,472,784,625,43.749199,22.7,0
2521,42.05868,free_swing,725,467,800,616,46.250801,26.719,0
2522,42.07537,free_swing,729,463,813,607,48.249112,30.256,0
2523,42.09205,free_swing,731,460,826,597,49.513988,34.739,0
2524,42.10873,free_swing,733,458,839,587,50.511477,39.41,0
2525,42.12542,free_swing,733,457,849,577,50.785555,44.029,0
2526,42.1421,free_swing,732,458,858,567,50.285447,49.138,0
2527,42.15878,free_swing,731,460,867,556,49.513988,54.782,0
2528,42.17547,free_swing,729,462,873,546,48.513750,59.744,0
2529,42.19215,free_swing,726,466,876,536,46.750854,64.983,0
2530,42.20883,free_swing,722,470,878,526,44.749802,70.253,0
2531,42.22552,free_swing,718,474,878,518,42.749359,74.624,0
2532,42.2422,free_swing,713,478,876,512,40.486012,78.218,0
2533,42.25888,free_swing,708,482,872,506,38.216951,81.674,0
2534,42.27557,free_swing,703,487,868,503,35.742451,84.461,0
2535,42.29225,free_swing,696,491,862,502,32.905243,86.209,0
2536,42.30893,free_swing,690,495,855,503,30.358115,87.224,0
2537,42.32562,free_swing,682,500,848,505,27.037258,88.275,0
2538,42.3423,free_swing,674,503,840,510,24.034288,87.585,0
2539,42.35898,free_swing,665,507,831,517,20.556045,86.553,0
2540,42.37567,free_swing,657,510,821,527,17.543258,84.082,0
2541,42.39235,free_swing,648,512,811,538,14.293558,80.937,0
2542,42.40903,free_swing,639,514,800,552,11.032473,76.72,0
2543,42.42572,free_swing,630,515,787,567,7.829077,71.675,0
2544,42.4424,free_swing,622,516,773,585,4.969741,65.442,0
2545,42.45908,free_swing,615,516,756,604,2.489553,58.031,0
2546,42.47577,free_swing,609,517,736,625,0.353673,49.622,0
2547,42.49245,free_swing,605,517,714,643,-1.060912,40.862,0
2548,42.50913,free_swing,603,516,686,661,-1.778800,29.787,0
2549,42.52582,free_swing,603,517,654,676,-1.767827,17.784,0
2550,42.5425,free_swing,604,516,621,682,-1.423205,5.847,0
2551,42.55918,free_swing,607,517,585,682,-0.353673,-7.595,0
2552,42.57587,free_swing,609,517,551,673,0.353673,-20.395,0
2553,42.59255,free_swing,609,517,523,659,0.353673,-31.201,0
2554,42.60923,free_swing,607,517,496,641,-0.353673,-41.834,0
2555,42.62592,free_swing,604,517,474,621,-1.414423,-51.34,0
2556,42.6426,free_swing,599,516,456,602,-3.199540,-58.977,0
2557,42.65928,free_swing,592,516,440,582,-5.675356,-66.529,0
2558,42.67597,free_swing,584,515,426,565,-8.530766,-72.44,0
2559,42.69265,free_swing,576,514,414,550,-11.379214,-77.471,0
2560,42.70933,free_swing,567,511,404,534,-14.725483,-81.968,0
2561,42.72602,free_swing,559,509,394,523,-17.650124,-85.15,0
2562,42.7427,free_swing,550,506,385,513,-21.012080,-87.571,0
2563,42.75938,free_swing,542,503,377,505,-24.034288,-89.306,0
2564,42.77607,free_swing,534,499,369,500,-27.198128,-89.653,0
2565,42.79275,free_swing,527,495,363,496,-30.052448,-89.651,0
2566,42.80943,free_swing,521,490,356,495,-32.799531,-88.264,0
2567,42.82612,free_swing,514,486,350,495,-35.661605,-86.859,0
2568,42.8428,free_swing,509,482,345,497,-37.937397,-84.774,0
2569,42.85948,free_swing,504,478,341,502,-40.215470,-81.624,0
2570,42.87617,free_swing,500,474,338,508,-42.225723,-78.147,0
2571,42.89285,free_swing,496,471,337,516,-43.994914,-74.197,0
2572,42.90953,free_swing,492,467,338,525,-46.005086,-69.362,0
2573,42.92622,free_swing,489,464,340,536,-47.511363,-64.209,0
2574,42.9429,free_swing,487,461,345,546,-48.780569,-59.096,0
2575,42.95958,free_swing,485,459,352,558,-49.784530,-53.337,0
2576,42.97627,free_swing,484,458,361,569,-50.285447,-47.936,0
2577,42.99295,free_swing,484,458,372,579,-50.285447,-42.788,0
2578,43.00963,free_swing,485,459,384,590,-49.784530,-37.632,0
2579,43.02632,free_swing,487,461,398,601,-48.780569,-32.445,0
2580,43.043,free_swing,490,464,411,611,-47.270450,-28.254,0
2581,43.05968,free_swing,494,469,425,620,-45.000000,-24.558,0
2582,43.07637,free_swing,500,474,440,630,-42.225723,-21.038,0
2583,43.09305,free_swing,507,480,455,639,-38.938211,-18.11,0
2584,43.10973,free_swing,516,487,470,648,-34.875328,-15.945,0
2585,43.12642,free_swing,527,494,486,656,-30.230801,-14.203,0
2586,43.1431,free_swing,539,501,501,664,-25.295546,-13.123,0
2587,43.15978,free_swing,553,507,516,670,-19.892257,-12.789,0
2588,43.17647,free_swing,568,512,532,675,-14.293558,-12.454,0
2589,43.19315,free_swing,584,515,548,677,-8.530766,-12.529,0
2590,43.20983,free_swing,601,517,566,679,-2.474204,-12.191,0
2591,43.22652,free_swing,617,516,585,679,3.199540,-11.107,0
2592,43.2432,free_swing,632,515,604,679,8.530766,-9.689,0
2593,43.25988,free_swing,646,512,624,677,13.606103,-7.595,0
2594,43.27657,free_swing,659,509,647,674,18.323261,-4.16,0
2595,43.29325,free_swing,669,505,668,671,22.129937,-0.345,0
2596,43.30993,free_swing,679,500,691,666,26.088920,4.135,0
2597,43.32662,free_swing,687,496,716,660,29.261199,10.028,0
2598,43.3433,free_swing,693,492,739,653,31.817035,15.945,0
2599,43.35998,free_swing,698,489,761,644,33.886959,22.119,0
2600,43.37667,free_swing,702,487,784,633,35.455474,29.32,0
2601,43.39335,free_swing,704,485,803,620,36.444442,36.254,0
2602,43.41003,free_swing,706,484,820,606,37.223571,43.059,0
2603,43.42672,free_swing,706,483,835,589,37.438572,50.59,0
2604,43.4434,free_swing,707,483,847,572,37.719711,57.555,0
2605,43.46008,free_swing,707,483,857,556,37.719711,64.049,0
2606,43.47677,free_swing,707,482,863,540,37.937397,69.605,0
2607,43.49345,free_swing,707,483,867,525,37.719711,75.292,0
2608,43.51013,free_swing,707,484,870,512,37.504142,80.253,0
2609,43.52682,free_swing,706,484,871,500,37.223571,84.461,0
2610,43.5435,free_swing,705,484,870,490,36.940896,87.917,0
2611,43.56018,free_swing,704,486,869,482,36.234872,91.389,0
2612,43.57687,free_swing,702,487,867,476,35.455474,93.814,0
2613,43.59355,free_swing,700,489,864,472,34.472214,95.918,0
2614,43.61023,free_swing,697,491,861,470,33.201208,97.297,0
2615,43.62692,free_swing,693,493,857,470,31.630661,97.983,0
2616,43.6436,free_swing,690,495,854,472,30.358115,97.983,0
2617,43.66028,free_swing,685,498,849,476,28.300756,97.64,0
2618,43.67697,free_swing,680,501,845,482,26.250242,96.569,0
2619,43.69365,free_swing,674,503,839,490,24.034288,94.505,0
2620,43.71033,free_swing,668,506,834,500,21.670448,92.07,0
2621,43.72702,free_swing,662,508,828,513,19.440035,88.275,0
2622,43.7437,free_swing,656,510,821,528,17.206573,83.774,0
2623,43.76038,free_swing,649,512,812,545,14.635729,78.555,0
2624,43.77707,free_swing,643,513,801,564,12.490406,72.111,0
2625,43.79375,free_swing,638,514,789,585,10.684912,64.817,0
2626,43.81043,free_swing,634,515,773,606,9.229886,56.788,0
2627,43.82712,free_swing,631,515,752,629,8.180230,46.706,0
2628,43.8438,free_swing,629,515,729,649,7.477330,36.733,0
2629,43.86048,free_swing,629,515,702,665,7.477330,25.951,0
2630,43.87717,free_swing,631,515,669,678,8.180230,13.123,0
2631,43.89385,free_swing,633,515,634,682,8.880659,0.343,0
2632,43.91053,free_swing,634,515,601,678,9.229886,-11.445,0
2633,43.92722,free_swing,634,515,570,669,9.229886,-22.567,0
2634,43.9439,free_swing,631,515,542,656,8.180230,-32.26,0
2635,43.96058,free_swing,626,516,517,643,6.379248,-40.638,0
2636,43.97727,free_swing,619,516,494,627,3.908544,-48.395,0
2637,43.99395,free_swing,611,517,474,612,1.060912,-55.261,0
2638,44.01063,free_swing,602,517,457,599,-2.121096,-60.511,0
2639,44.02732,free_swing,591,516,440,586,-6.027530,-65.129,0
2640,44.044,free_swing,580,514,426,575,-9.987422,-68.391,0
2641,44.06068,free_swing,570,512,413,567,-13.606103,-70.694,0
2642,44.07737,free_swing,559,509,401,559,-17.650124,-72.44,0
2643,44.09405,free_swing,548,505,390,555,-21.801409,-72.44,0
2644,44.11073,free_swing,537,500,380,552,-26.088920,-71.675,0
2645,44.12742,free_swing,527,495,371,551,-30.052448,-70.253,0
2646,44.1441,free_swing,517,489,363,551,-34.180602,-68.07,0
2647,44.16078,free_swing,508,482,358,553,-38.216951,-64.67,0
2648,44.17747,free_swing,500,475,355,556,-41.987212,-60.811,0
2649,44.19415,free_swing,493,468,354,559,-45.502582,-56.788,0
2650,44.21083,free_swing,487,461,355,562,-48.780569,-52.579,0
2651,44.22752,free_swing,482,454,359,566,-51.842773,-47.68,0
2652,44.2442,free_swing,477,448,364,569,-54.628156,-43.042,0
2653,44.26088,free_swing,474,444,369,573,-56.408718,-39.144,0
2654,44.27757,free_swing,472,441,376,576,-57.692666,-35.417,0
2655,44.29425,free_swing,471,439,383,580,-58.485927,-31.969,0
2656,44.31093,free_swing,471,439,390,584,-58.485927,-29.189,0
2657,44.32762,free_swing,472,441,397,590,-57.692666,-26.719,0
2658,44.3443,free_swing,474,444,404,595,-56.408718,-24.871,0
2659,44.36098,free_swing,477,448,411,601,-54.628156,-23.334,0
2660,44.37767,free_swing,481,453,418,608,-52.344299,-22.119,0
2661,44.39435,free_swing,486,460,425,616,-49.282878,-21.357,0
2662,44.41103,free_swing,493,467,432,623,-45.757169,-21.357,0
2663,44.42772,free_swing,502,476,439,631,-41.219431,-22.119,0
2664,44.4444,free_swing,512,484,447,638,-36.656108,-22.884,0
2665,44.46108,free_swing,524,493,454,645,-31.328693,-24.727,0
2666,44.47777,free_swing,539,501,463,650,-25.295546,-27.025,0
2667,44.49445,free_swing,554,508,474,654,-19.440035,-28.72,0
2668,44.51113,free_swing,570,512,486,656,-13.606103,-30.256,0
2669,44.52782,free_swing,587,516,500,658,-7.431408,-31.495,0
2670,44.5445,free_swing,602,516,517,660,-2.134259,-30.552,0
2671,44.56118,free_swing,617,516,535,661,3.199540,-29.489,0
2672,44.57787,free_swing,632,515,555,663,8.530766,-27.487,0
2673,44.59455,free_swing,644,513,577,665,12.835609,-23.787,0
2674,44.61123,free_swing,655,510,599,667,16.868658,-19.631,0
2675,44.62792,free_swing,664,506,624,668,20.347849,-13.87,0
2676,44.6446,free_swing,672,503,651,669,23.385221,-7.21,0
2677,44.66128,free_swing,678,501,677,668,25.615484,-0.343,0
2678,44.67797,free_swing,682,499,706,664,27.198128,8.276,0
2679,44.69465,free_swing,685,497,734,657,28.468919,17.027,0
2680,44.71133,free_swing,686,497,760,647,28.779806,26.259,0
2681,44.72802,free_swing,686,497,784,632,28.779806,35.977,0
2682,44.7447,free_swing,685,497,803,615,28.468919,45.0,0
2683,44.76138,free_swing,685,497,818,596,28.468919,53.337,0
2684,44.77807,free_swing,686,497,832,576,28.779806,61.582,0
2685,44.79475,free_swing,686,497,841,557,28.779806,68.839,0
2686,44.81143,free_swing,687,497,847,539,29.088851,75.292,0
2687,44.82812,free_swing,688,496,852,521,29.569531,81.333,0
2688,44.8448,free_swing,689,496,854,506,29.875993,86.532,0
2689,44.86148,free_swing,690,495,855,493,30.358115,90.694,0
2690,44.87817,free_swing,690,495,855,481,30.358115,94.85,0
2691,44.89485,free_swing,690,495,854,472,30.358115,97.983,0
2692,44.91153,free_swing,690,495,853,465,30.358115,100.429,0
2693,44.92822,free_swing,690,495,852,460,30.358115,102.191,0
2694,44.9449,free_swing,689,496,850,456,29.875993,103.952,0
2695,44.96158,free_swing,687,497,847,455,29.088851,104.708,0
2696,44.97827,free_swing,685,498,845,456,28.300756,104.708,0
2697,44.99495,free_swing,683,500,843,459,27.349876,104.373,0
2698,45.01163,free_swing,679,501,840,463,25.933718,103.28,0
2699,45.02832,free_swing,675,503,837,470,24.356391,101.514,0
2700,45.045,free_swing,671,505,834,479,22.782406,99.063,0
2701,45.06168,free_swing,666,506,831,490,21.012080,95.539,0
2702,45.07837,free_swing,661,508,827,504,19.106353,91.38,0
2703,45.09505,free_swing,656,510,822,520,17.206573,86.553,0
2704,45.11173,free_swing,651,511,815,538,15.410391,80.651,0
2705,45.12842,free_swing,647,512,806,558,13.950343,73.864,0
2706,45.1451,free_swing,643,513,795,580,12.490406,66.213,0
2707,45.16178,free_swing,641,514,782,602,11.725112,58.031,0
2708,45.17847,free_swing,639,514,763,626,11.032473,47.911,0
2709,45.19515,free_swing,639,514,741,647,11.032473,37.485,0
2710,45.21183,free_swing,641,513,714,663,11.797248,25.951,0
2711,45.22852,free_swing,643,513,683,675,12.490406,13.87,0
2712,45.2452,free_swing,646,512,648,679,13.606103,0.686,0
2713,45.26188,free_swing,647,512,615,676,13.950343,-11.041,0
2714,45.27857,free_swing,646,512,586,668,13.606103,-21.038,0
2715,45.29525,free_swing,643,513,557,657,12.490406,-30.847,0
2716,45.31193,free_swing,638,514,533,644,10.684912,-38.928,0
2717,45.32862,free_swing,631,515,510,631,8.180230,-46.209,0
2718,45.3453,free_swing,622,516,489,618,4.969741,-52.515,0
2719,45.36198,free_swing,612,517,471,606,1.414423,-57.74,0
2720,45.37867,free_swing,601,517,455,596,-2.474204,-61.582,0
2721,45.39535,free_swing,590,516,439,587,-6.379248,-64.817,0
2722,45.41203,free_swing,578,514,425,580,-10.684912,-66.666,0
2723,45.42872,free_swing,566,511,413,574,-15.068488,-67.62,0
2724,45.4454,free_swing,554,507,401,572,-19.558252,-66.982,0
2725,45.46208,free_swing,542,503,391,570,-24.034288,-66.073,0
2726,45.47877,free_swing,531,497,382,570,-28.468919,-63.898,0
2727,45.49545,free_swing,520,490,376,572,-33.098394,-60.341,0
2728,45.51213,free_swing,510,483,371,574,-37.438572,-56.788,0
2729,45.52882,free_swing,500,475,369,577,-41.987212,-52.095,0
2730,45.5455,free_swing,492,467,370,579,-46.005086,-47.447,0
2731,45.56218,free_swing,485,459,373,581,-49.784530,-42.553,0
2732,45.57887,free_swing,480,452,377,582,-52.844696,-38.39,0
2733,45.59555,free_swing,476,446,383,584,-55.417856,-33.977,0
2734,45.61223,free_swing,473,442,388,584,-57.200469,-30.904,0
2735,45.62892,free_swing,471,438,394,586,-58.790867,-27.487,0
2736,45.6456,free_swing,470,437,400,588,-59.281096,-24.871,0
2737,45.66228,free_swing,470,436,406,590,-59.588919,-22.567,0
2738,45.67897,free_swing,470,438,411,593,-58.975226,-20.839,0
2739,45.69565,free_swing,472,441,417,599,-57.692666,-19.193,0
2740,45.71233,free_swing,475,445,423,604,-55.914113,-18.11,0
2741,45.72902,free_swing,479,450,429,608,-53.630802,-17.56,0
2742,45.7457,free_swing,483,457,433,616,-50.785555,-17.457,0
2743,45.76238,free_swing,490,464,438,624,-47.270450,-18.004,0
2744,45.77907,free_swing,498,473,443,631,-42.990446,-19.193,0
2745,45.79575,free_swing,509,482,448,638,-37.937397,-21.357,0
2746,45.81243,free_swing,521,491,453,644,-32.607287,-23.962,0
2747,45.82912,free_swing,535,499,459,648,-26.882476,-27.025,0
2748,45.8458,free_swing,551,506,468,650,-20.680691,-29.959,0
2749,45.86248,free_swing,567,511,478,651,-14.725483,-32.445,0
2750,45.87917,free_swing,584,515,490,652,-8.530766,-34.455,0
2751,45.89585,free_swing,600,517,504,653,-2.827125,-35.218,0
2752,45.91253,free_swing,616,516,521,653,2.844656,-34.739,0
2753,45.92922,free_swing,630,516,538,654,7.781046,-33.69,0
2754,45.9459,free_swing,643,513,559,656,12.490406,-30.431,0
2755,45.96258,free_swing,654,510,581,659,16.529530,-26.102,0
2756,45.97927,free_swing,664,507,603,662,20.224859,-21.482,0
2757,45.99595,free_swing,673,503,628,664,23.710562,-15.616,0
2758,46.01263,free_swing,679,501,654,666,25.933718,-8.616,0
2759,46.02932,free_swing,684,498,681,665,27.989238,-1.029,0
2760,46.046,free_swing,687,497,710,662,29.088851,7.936,0
2761,46.06268,free_swing,687,496,737,656,29.261199,17.354,0
2762,46.07937,free_swing,686,497,764,645,28.779806,27.79,0
2763,46.09605,free_swing,685,498,787,630,28.300756,37.694,0
2764,46.11273,free_swing,683,498,805,612,27.675910,46.941,0
2765,46.12942,free_swing,682,499,819,592,27.198128,55.83,0
