frame,time_s,phase,x_green,y_green,x_red,y_red,theta1_deg,theta2_deg,dropout
0,0.0,free_swing,660,481,659,633,-1.153,-0.377,0
1,0.01668,free_swing,660,481,660,633,-1.153,0.000,0
2,0.03337,free_swing,660,481,659,633,-1.153,-0.377,0
3,0.05005,free_swing,660,481,659,633,-1.153,-0.377,0
4,0.06673,free_swing,660,481,659,633,-1.153,-0.377,0
5,0.08342,free_swing,660,481,659,633,-1.153,-0.377,0
6,0.1001,free_swing,660,481,659,633,-1.153,-0.377,0
7,0.11678,free_swing,660,481,659,633,-1.153,-0.377,0
8,0.13347,free_swing,660,481,659,633,-1.153,-0.377,0
9,0.15015,free_swing,660,481,659,632,-1.153,-0.379,0
10,0.16683,free_swing,660,481,659,632,-1.153,-0.379,0
11,0.18352,free_swing,660,481,659,633,-1.153,-0.377,0
12,0.2002,free_swing,660,481,659,633,-1.153,-0.377,0
13,0.21688,free_swing,660,481,659,633,-1.153,-0.377,0
14,0.23357,free_swing,660,481,659,633,-1.153,-0.377,0
15,0.25025,free_swing,660,481,660,633,-1.153,0.000,0
16,0.26693,free_swing,660,481,660,633,-1.153,0.000,0
17,0.28362,free_swing,660,481,660,633,-1.153,0.000,0
18,0.3003,free_swing,660,481,660,633,-1.153,0.000,0
19,0.31698,free_swing,660,481,660,633,-1.153,0.000,0
20,0.33367,free_swing,660,481,660,633,-1.153,0.000,0
21,0.35035,free_swing,660,481,659,633,-1.153,-0.377,0
22,0.36703,free_swing,660,481,659,633,-1.153,-0.377,0
23,0.38372,free_swing,660,481,659,633,-1.153,-0.377,0
24,0.4004,free_swing,660,481,659,633,-1.153,-0.377,0
25,0.41708,free_swing,660,481,659,633,-1.153,-0.377,0
26,0.43377,free_swing,660,481,659,633,-1.153,-0.377,0
27,0.45045,free_swing,660,481,659,633,-1.153,-0.377,0
28,0.46713,free_swing,660,481,659,633,-1.153,-0.377,0
29,0.48382,free_swing,659,481,660,633,-1.538,0.377,0
30,0.5005,free_swing,660,481,659,633,-1.153,-0.377,0
31,0.51718,free_swing,660,481,659,633,-1.153,-0.377,0
32,0.53387,free_swing,660,481,659,633,-1.153,-0.377,0
33,0.55055,free_swing,660,481,659,633,-1.153,-0.377,0
34,0.56723,free_swing,660,481,659,633,-1.153,-0.377,0
35,0.58392,free_swing,660,480,659,633,-1.161,-0.374,0
36,0.6006,free_swing,660,481,659,633,-1.153,-0.377,0
37,0.61728,free_swing,660,481,659,633,-1.153,-0.377,0
38,0.63397,free_swing,660,481,659,633,-1.153,-0.377,0
39,0.65065,free_swing,660,481,659,633,-1.153,-0.377,0
40,0.66733,free_swing,660,481,659,633,-1.153,-0.377,0
41,0.68402,free_swing,660,481,659,633,-1.153,-0.377,0
42,0.7007,free_swing,660,481,659,633,-1.153,-0.377,0
43,0.71738,free_swing,660,481,659,633,-1.153,-0.377,0
44,0.73407,free_swing,660,481,659,633,-1.153,-0.377,0
45,0.75075,free_swing,660,481,659,633,-1.153,-0.377,0
46,0.76743,free_swing,660,481,659,633,-1.153,-0.377,0
47,0.78412,free_swing,660,481,659,633,-1.153,-0.377,0
48,0.8008,free_swing,660,481,659,633,-1.153,-0.377,0
49,0.81748,free_swing,660,481,659,633,-1.153,-0.377,0
50,0.83417,free_swing,660,481,659,633,-1.153,-0.377,0
51,0.85085,free_swing,660,481,659,633,-1.153,-0.377,0
52,0.86753,free_swing,660,480,659,633,-1.161,-0.374,0
53,0.88422,free_swing,660,481,659,633,-1.153,-0.377,0
54,0.9009,free_swing,660,481,659,633,-1.153,-0.377,0
55,0.91758,free_swing,660,481,659,633,-1.153,-0.377,0
56,0.93427,free_swing,660,481,659,633,-1.153,-0.377,0
57,0.95095,free_swing,660,481,659,633,-1.153,-0.377,0
58,0.96763,free_swing,660,481,659,633,-1.153,-0.377,0
59,0.98432,free_swing,660,481,659,633,-1.153,-0.377,0
60,1.001,free_swing,660,481,659,633,-1.153,-0.377,0
61,1.01768,free_swing,660,481,659,633,-1.153,-0.377,0
62,1.03437,free_swing,660,481,659,633,-1.153,-0.377,0
63,1.05105,free_swing,660,481,659,633,-1.153,-0.377,0
64,1.06773,free_swing,660,481,659,633,-1.153,-0.377,0
65,1.08442,free_swing,660,481,659,633,-1.153,-0.377,0
66,1.1011,free_swing,660,481,659,633,-1.153,-0.377,0
67,1.11778,free_swing,660,481,659,633,-1.153,-0.377,0
68,1.13447,free_swing,660,481,659,633,-1.153,-0.377,0
69,1.15115,free_swing,660,481,659,633,-1.153,-0.377,0
70,1.16783,free_swing,660,481,659,633,-1.153,-0.377,0
71,1.18452,free_swing,660,481,659,633,-1.153,-0.377,0
72,1.2012,free_swing,660,481,659,633,-1.153,-0.377,0
73,1.21788,free_swing,660,481,659,633,-1.153,-0.377,0
74,1.23457,free_swing,660,481,659,633,-1.153,-0.377,0
75,1.25125,free_swing,660,481,659,633,-1.153,-0.377,0
76,1.26793,free_swing,660,481,659,633,-1.153,-0.377,0
77,1.28462,free_swing,660,481,659,633,-1.153,-0.377,0
78,1.3013,free_swing,660,481,659,633,-1.153,-0.377,0
79,1.31798,free_swing,660,481,659,633,-1.153,-0.377,0
80,1.33467,free_swing,660,481,659,633,-1.153,-0.377,0
81,1.35135,free_swing,660,481,659,633,-1.153,-0.377,0
82,1.36803,free_swing,660,481,659,633,-1.153,-0.377,0
83,1.38472,free_swing,660,481,659,633,-1.153,-0.377,0
84,1.4014,free_swing,660,481,659,633,-1.153,-0.377,0
85,1.41808,free_swing,660,481,659,633,-1.153,-0.377,0
86,1.43477,free_swing,660,481,659,633,-1.153,-0.377,0
87,1.45145,free_swing,660,481,659,633,-1.153,-0.377,0
88,1.46813,free_swing,660,481,659,633,-1.153,-0.377,0
89,1.48482,free_swing,660,481,659,633,-1.153,-0.377,0
90,1.5015,free_swing,660,480,659,633,-1.161,-0.374,0
91,1.51818,free_swing,660,481,659,633,-1.153,-0.377,0
92,1.53487,free_swing,660,481,659,633,-1.153,-0.377,0
93,1.55155,free_swing,660,481,658,633,-1.153,-0.754,0
94,1.56823,free_swing,660,481,659,633,-1.153,-0.377,0
95,1.58492,free_swing,659,481,659,633,-1.538,0.000,0
96,1.6016,free_swing,660,481,659,632,-1.153,-0.379,0
97,1.61828,free_swing,660,481,659,632,-1.153,-0.379,0
98,1.63497,free_swing,659,481,658,633,-1.538,-0.377,0
99,1.65165,free_swing,660,481,659,633,-1.153,-0.377,0
100,1.66833,free_swing,660,481,659,633,-1.153,-0.377,0
101,1.68502,free_swing,660,481,659,633,-1.153,-0.377,0
102,1.7017,free_swing,659,480,659,633,-1.548,0.000,0
103,1.71838,free_swing,660,481,659,633,-1.153,-0.377,0
104,1.73507,free_swing,660,481,659,633,-1.153,-0.377,0
105,1.75175,free_swing,660,481,659,633,-1.153,-0.377,0
106,1.76843,free_swing,659,481,659,633,-1.538,0.000,0
107,1.78512,free_swing,659,481,659,633,-1.538,0.000,0
108,1.8018,free_swing,660,481,659,633,-1.153,-0.377,0
109,1.81848,free_swing,659,481,659,633,-1.538,0.000,0
110,1.83517,free_swing,660,481,659,633,-1.153,-0.377,0
111,1.85185,free_swing,660,481,659,633,-1.153,-0.377,0
112,1.86853,free_swing,660,481,659,632,-1.153,-0.379,0
113,1.88522,free_swing,660,480,659,633,-1.161,-0.374,0
114,1.9019,free_swing,660,481,659,633,-1.153,-0.377,0
115,1.91858,free_swing,660,481,659,633,-1.153,-0.377,0
116,1.93527,free_swing,660,481,659,632,-1.153,-0.379,0
117,1.95195,free_swing,660,481,659,632,-1.153,-0.379,0
118,1.96863,free_swing,660,481,659,633,-1.153,-0.377,0
119,1.98532,free_swing,660,481,659,632,-1.153,-0.379,0
120,2.002,free_swing,660,481,659,633,-1.153,-0.377,0
121,2.01868,free_swing,660,481,659,632,-1.153,-0.379,0
122,2.03537,free_swing,660,481,659,632,-1.153,-0.379,0
123,2.05205,free_swing,660,481,659,633,-1.153,-0.377,0
124,2.06873,free_swing,660,481,659,633,-1.153,-0.377,0
125,2.08542,free_swing,660,481,659,633,-1.153,-0.377,0
126,2.1021,free_swing,660,481,659,633,-1.153,-0.377,0
127,2.11878,free_swing,660,481,659,633,-1.153,-0.377,0
128,2.13547,free_swing,660,481,659,633,-1.153,-0.377,0
129,2.15215,free_swing,660,481,659,633,-1.153,-0.377,0
130,2.16883,free_swing,660,481,659,633,-1.153,-0.377,0
131,2.18552,free_swing,660,481,659,633,-1.153,-0.377,0
132,2.2022,free_swing,660,481,659,633,-1.153,-0.377,0
133,2.21888,free_swing,660,481,659,633,-1.153,-0.377,0
134,2.23557,free_swing,660,481,659,633,-1.153,-0.377,0
135,2.25225,free_swing,660,481,660,633,-1.153,0.000,0
136,2.26893,free_swing,660,481,659,633,-1.153,-0.377,0
137,2.28562,free_swing,660,481,659,633,-1.153,-0.377,0
138,2.3023,free_swing,660,481,659,633,-1.153,-0.377,0
139,2.31898,free_swing,660,481,659,633,-1.153,-0.377,0
140,2.33567,free_swing,660,481,659,633,-1.153,-0.377,0
141,2.35235,free_swing,660,481,659,633,-1.153,-0.377,0
142,2.36903,free_swing,660,481,659,633,-1.153,-0.377,0
143,2.38572,free_swing,660,481,659,633,-1.153,-0.377,0
144,2.4024,free_swing,660,481,659,633,-1.153,-0.377,0
145,2.41908,free_swing,660,481,659,633,-1.153,-0.377,0
146,2.43577,free_swing,660,481,659,633,-1.153,-0.377,0
147,2.45245,free_swing,660,481,659,633,-1.153,-0.377,0
148,2.46913,free_swing,660,481,659,633,-1.153,-0.377,0
149,2.48582,free_swing,660,481,659,633,-1.153,-0.377,0
150,2.5025,free_swing,660,481,659,633,-1.153,-0.377,0
151,2.51918,free_swing,660,481,659,633,-1.153,-0.377,0
152,2.53587,free_swing,660,481,659,633,-1.153,-0.377,0
153,2.55255,free_swing,660,481,659,633,-1.153,-0.377,0
154,2.56923,free_swing,660,481,659,633,-1.153,-0.377,0
155,2.58592,free_swing,660,481,659,633,-1.153,-0.377,0
156,2.6026,free_swing,660,481,659,633,-1.153,-0.377,0
157,2.61928,free_swing,660,481,659,633,-1.153,-0.377,0
158,2.63597,free_swing,660,481,659,633,-1.153,-0.377,0
159,2.65265,free_swing,660,481,659,633,-1.153,-0.377,0
160,2.66933,free_swing,660,481,659,633,-1.153,-0.377,0
161,2.68602,free_swing,660,481,659,633,-1.153,-0.377,0
162,2.7027,free_swing,660,481,659,633,-1.153,-0.377,0
163,2.71938,free_swing,659,481,659,633,-1.538,0.000,0
164,2.73607,free_swing,659,481,659,633,-1.538,0.000,0
165,2.75275,free_swing,659,481,659,633,-1.538,0.000,0
166,2.76943,free_swing,656,481,661,632,-2.690,1.897,0
167,2.78612,free_swing,648,480,664,631,-5.787,6.049,0
168,2.8028,free_swing,640,479,667,628,-8.893,10.271,0
169,2.81948,free_swing,630,477,670,623,-12.821,15.322,0
170,2.83617,free_swing,619,474,670,616,-17.216,19.756,0
171,2.85285,free_swing,609,471,670,609,-21.231,23.847,0
172,2.86953,free_swing,600,467,668,602,-25.017,26.735,0
173,2.88622,free_swing,594,464,665,598,-27.597,27.917,0
174,2.9029,free_swing,590,462,661,596,-29.316,27.917,0
175,2.91958,free_swing,588,461,657,598,-30.174,26.732,0
176,2.93627,free_swing,590,462,651,602,-29.316,23.543,0
177,2.95295,free_swing,594,464,644,609,-27.597,19.026,0
178,2.96963,free_swing,602,468,636,617,-24.158,12.854,0
179,2.98632,free_swing,613,472,627,624,-19.654,5.262,0
180,3.003,free_swing,629,478,614,628,-13.109,-5.711,0
181,3.01968,free_swing,646,481,602,625,-6.509,-16.991,0
182,3.03637,free_swing,665,482,594,614,0.764,-28.275,0
183,3.05305,free_swing,682,479,590,598,7.365,-37.708,0
184,3.06973,free_swing,699,476,591,582,14.036,-45.535,0
185,3.08642,free_swing,714,472,594,566,20.016,-51.927,0
186,3.1031,free_swing,729,466,600,552,26.222,-56.310,0
187,3.11978,free_swing,741,459,609,537,31.557,-59.421,0
188,3.13647,free_swing,756,450,621,525,38.243,-60.945,0
189,3.15315,free_swing,769,438,636,515,45.000,-59.931,0
190,3.16983,free_swing,780,426,651,509,51.221,-57.242,0
191,3.18652,free_swing,789,413,666,506,57.265,-52.907,0
192,3.2032,free_swing,795,403,681,506,61.725,-47.902,0
193,3.21988,free_swing,800,394,696,509,65.651,-42.125,0
194,3.23657,free_swing,802,390,711,514,67.351,-36.274,0
195,3.25325,free_swing,803,388,725,522,68.199,-30.203,0
196,3.26993,free_swing,802,391,738,532,67.001,-24.413,0
197,3.28662,free_swing,800,396,753,544,64.960,-17.618,0
198,3.3033,free_swing,795,404,768,557,61.390,-10.008,0
199,3.31998,free_swing,787,416,784,571,55.886,-1.109,0
200,3.33667,free_swing,775,432,802,582,48.240,10.204,0
201,3.35335,free_swing,757,449,820,586,38.779,24.696,0
202,3.37003,free_swing,733,464,830,576,27.937,40.895,0
203,3.38672,free_swing,711,473,832,561,18.800,53.973,0
204,3.4034,free_swing,691,477,825,544,10.929,63.435,0
205,3.42008,free_swing,670,480,815,529,2.708,71.328,0
206,3.43677,free_swing,650,480,800,516,-5.020,76.504,0
207,3.45345,free_swing,628,477,781,505,-13.570,79.629,0
208,3.47013,free_swing,608,471,760,498,-21.588,79.928,0
209,3.48682,free_swing,588,461,739,496,-30.174,76.950,0
210,3.5035,free_swing,570,450,717,499,-38.243,71.565,0
211,3.52018,free_swing,556,438,696,504,-45.269,64.759,0
212,3.53687,free_swing,545,426,674,511,-51.459,56.619,0
213,3.55355,free_swing,538,418,652,522,-55.472,47.626,0
214,3.57023,free_swing,534,411,629,534,-58.517,37.681,0
215,3.58692,free_swing,535,412,607,550,-57.995,27.553,0
216,3.6036,free_swing,539,418,584,567,-55.257,16.805,0
217,3.62028,free_swing,548,427,560,581,-50.440,4.456,0
218,3.63697,free_swing,559,440,533,591,-43.919,-9.770,0
219,3.65365,free_swing,576,455,508,590,-35.272,-26.735,0
220,3.67033,free_swing,596,467,491,574,-26.395,-44.459,0
221,3.68702,free_swing,614,473,485,552,-19.163,-58.517,0
222,3.7037,free_swing,633,478,488,529,-11.611,-70.622,0
223,3.72038,free_swing,649,480,497,505,-5.404,-80.660,0
224,3.73707,free_swing,669,482,514,483,2.291,-89.630,0
225,3.75375,free_swing,688,479,533,467,9.652,-94.427,0
226,3.77043,free_swing,708,475,555,453,17.468,-98.183,0
227,3.78712,free_swing,727,467,575,442,25.364,-99.340,0
228,3.8038,free_swing,745,456,593,436,33.476,-97.496,0
229,3.82048,free_swing,761,445,608,432,40.934,-94.857,0
230,3.83717,free_swing,774,433,621,431,47.701,-90.749,0
231,3.85385,free_swing,784,420,631,432,53.973,-85.515,0
232,3.87053,free_swing,791,411,640,436,58.318,-80.599,0
233,3.88722,free_swing,795,406,646,441,60.725,-76.781,0
234,3.9039,free_swing,794,407,646,448,60.208,-74.516,0
235,3.92058,free_swing,790,411,644,456,58.116,-72.870,0
236,3.93727,free_swing,786,418,641,468,55.039,-70.974,0
237,3.95395,free_swing,780,426,638,482,51.221,-68.477,0
238,3.97063,free_swing,773,434,632,500,47.161,-64.916,0
239,3.98732,free_swing,761,445,626,521,40.934,-60.622,0
240,4.004,free_swing,748,455,621,545,34.647,-54.676,0
241,4.02068,free_swing,732,464,619,570,27.597,-46.831,0
242,4.03737,free_swing,712,472,621,596,19.290,-36.274,0
243,4.05405,free_swing,689,479,628,620,10.030,-23.394,0
244,4.07073,free_swing,657,482,643,632,-2.291,-5.332,0
245,4.08742,free_swing,627,478,659,622,-13.851,12.529,0
246,4.1041,free_swing,605,469,669,602,-22.946,25.697,0
247,4.12078,free_swing,586,459,675,579,-31.228,36.563,0
248,4.13747,free_swing,572,450,679,559,-37.639,44.469,0
249,4.15415,free_swing,562,442,682,540,-42.558,50.763,0
250,4.17083,free_swing,555,436,683,522,-46.081,56.104,0
251,4.18752,free_swing,550,431,684,507,-48.778,60.440,0
252,4.2042,free_swing,548,428,687,496,-50.145,63.932,0
253,4.22088,free_swing,547,428,690,486,-50.389,67.923,0
254,4.23757,free_swing,548,429,695,479,-49.853,71.215,0
255,4.25425,free_swing,552,434,702,475,-47.420,74.713,0
256,4.27093,free_swing,560,442,712,473,-43.118,78.473,0
257,4.28762,free_swing,570,450,724,476,-38.243,80.417,0
258,4.3043,free_swing,582,458,736,480,-32.735,81.870,0
259,4.32098,free_swing,597,466,750,488,-26.222,81.817,0
260,4.33767,free_swing,613,473,766,500,-19.525,79.992,0
261,4.35435,free_swing,632,477,781,516,-12.068,75.332,0
262,4.37103,free_swing,652,480,795,535,-4.251,68.962,0
263,4.38772,free_swing,676,479,806,556,5.054,59.361,0
264,4.4044,free_swing,700,477,809,578,14.315,47.182,0
265,4.42108,free_swing,727,468,803,596,25.201,30.700,0
266,4.43777,free_swing,752,453,787,598,36.336,13.570,0
267,4.45445,free_swing,770,437,770,588,45.541,0.000,0
268,4.47113,free_swing,779,427,755,576,50.684,-9.150,0
269,4.48782,free_swing,786,419,741,564,54.728,-17.241,0
270,4.5045,free_swing,790,414,729,554,57.151,-23.543,0
271,4.52118,free_swing,790,413,716,548,57.470,-28.729,0
272,4.53787,free_swing,787,417,702,547,55.570,-33.179,0
273,4.55455,free_swing,782,423,688,548,52.595,-36.943,0
274,4.57123,free_swing,775,431,676,551,48.526,-39.523,0
275,4.58792,free_swing,767,439,664,556,44.185,-41.359,0
276,4.6046,free_swing,757,448,652,564,39.019,-42.151,0
277,4.62128,free_swing,743,458,642,576,32.412,-40.561,0
278,4.63797,free_swing,725,467,633,589,24.667,-37.020,0
279,4.65465,free_swing,706,474,627,606,16.847,-30.900,0
280,4.67133,free_swing,683,480,624,621,7.696,-22.706,0
281,4.68802,free_swing,656,482,627,630,-2.672,-11.086,0
282,4.7047,free_swing,628,478,632,627,-13.481,1.538,0
283,4.72138,free_swing,605,469,634,615,-22.946,11.234,0
284,4.73807,free_swing,586,460,634,600,-31.030,18.925,0
285,4.75475,free_swing,571,449,632,585,-38.179,24.158,0
286,4.77143,free_swing,558,439,629,574,-44.459,27.741,0
287,4.78812,free_swing,549,429,624,564,-49.606,29.055,0
288,4.8048,free_swing,544,423,618,558,-52.595,28.729,0
289,4.82148,free_swing,540,418,613,554,-55.039,28.225,0
290,4.83817,free_swing,538,416,608,554,-56.099,26.896,0
291,4.85485,free_swing,538,416,602,558,-56.099,24.261,0
292,4.87153,free_swing,542,422,597,567,-53.358,20.772,0
293,4.88822,free_swing,550,431,591,579,-48.778,15.484,0
294,4.9049,free_swing,561,441,584,592,-43.100,8.661,0
295,4.92158,free_swing,573,452,576,605,-36.870,1.123,0
296,4.93827,free_swing,591,464,566,614,-28.610,-9.462,0
297,4.95495,free_swing,613,474,557,613,-19.398,-21.943,0
298,4.97163,free_swing,637,480,552,604,-9.964,-34.430,0
299,4.98832,free_swing,657,480,555,590,-2.322,-42.839,0
300,5.005,free_swing,680,480,563,573,6.553,-51.520,0
301,5.02168,free_swing,702,476,573,559,15.154,-57.242,0
302,5.03837,free_swing,723,469,590,545,23.651,-60.255,0
303,5.05505,free_swing,741,459,607,534,31.557,-60.764,0
304,5.07173,free_swing,757,448,625,527,39.019,-59.100,0
305,5.08842,free_swing,770,437,643,523,45.541,-55.896,0
306,5.1051,free_swing,779,427,660,524,50.684,-50.816,0
307,5.12178,free_swing,785,419,676,526,54.507,-45.531,0
308,5.13847,free_swing,788,414,692,534,56.735,-38.660,0
309,5.15515,free_swing,787,417,704,547,55.570,-32.557,0
310,5.17183,free_swing,783,422,716,562,53.130,-25.574,0
311,5.18852,free_swing,776,430,731,577,49.066,-17.021,0
312,5.2052,free_swing,767,439,747,593,44.185,-7.400,0
313,5.22188,free_swing,754,451,765,603,37.405,4.139,0
314,5.23857,free_swing,736,463,784,606,29.129,18.555,0
315,5.25525,free_swing,714,472,797,596,20.016,33.797,0
316,5.27193,free_swing,694,478,802,579,11.988,46.918,0
317,5.28862,free_swing,677,479,802,561,5.440,56.735,0
318,5.3053,free_swing,660,480,796,543,-1.161,65.145,0
319,5.32198,free_swing,637,478,783,525,-10.098,72.156,0
320,5.33867,free_swing,618,475,768,510,-17.468,76.866,0
321,5.35535,free_swing,599,468,751,498,-25.201,78.835,0
322,5.37203,free_swing,583,459,735,490,-32.208,78.473,0
323,5.38872,free_swing,568,449,719,485,-39.075,76.590,0
324,5.4054,free_swing,556,438,705,485,-45.269,72.493,0
325,5.42208,free_swing,547,429,691,486,-50.097,68.405,0
326,5.43877,free_swing,541,421,678,492,-53.889,62.605,0
327,5.45545,free_swing,537,416,668,499,-56.310,57.642,0
328,5.47213,free_swing,539,418,663,511,-55.257,53.130,0
329,5.48882,free_swing,543,422,658,527,-53.130,47.603,0
330,5.5055,free_swing,548,428,653,545,-50.145,41.906,0
331,5.52218,free_swing,557,437,647,563,-45.272,35.538,0
332,5.53887,free_swing,568,447,638,583,-39.560,27.235,0
333,5.55555,free_swing,584,458,628,604,-32.087,16.771,0
334,5.57223,free_swing,602,468,614,621,-24.158,4.485,0
335,5.58892,free_swing,628,478,597,625,-13.481,-11.908,0
336,5.6056,free_swing,656,482,585,614,-2.672,-28.275,0
337,5.62228,free_swing,678,480,581,593,5.787,-40.643,0
338,5.63897,free_swing,698,476,581,573,13.661,-50.339,0
339,5.65565,free_swing,719,471,589,549,21.943,-59.036,0
340,5.67233,free_swing,738,462,599,529,29.982,-64.265,0
341,5.68902,free_swing,754,451,611,510,37.405,-67.580,0
342,5.7057,free_swing,767,440,622,495,43.919,-69.228,0
343,5.72238,free_swing,776,429,633,483,49.357,-69.312,0
344,5.73907,free_swing,784,421,642,474,53.664,-69.532,0
345,5.75575,free_swing,790,413,648,469,57.470,-68.477,0
346,5.77243,free_swing,792,408,651,468,59.496,-66.949,0
347,5.78912,free_swing,791,410,649,469,58.643,-67.437,0
348,5.8058,free_swing,788,416,645,472,56.099,-68.614,0
349,5.82248,free_swing,782,422,640,479,52.900,-68.129,0
350,5.83917,free_swing,776,429,635,488,49.357,-67.294,0
351,5.85585,free_swing,768,438,627,501,44.728,-65.925,0
352,5.87253,free_swing,758,448,618,517,39.316,-63.763,0
353,5.88922,free_swing,744,457,611,537,32.943,-58.973,0
354,5.9059,free_swing,728,466,603,559,25.877,-53.351,0
355,5.92258,free_swing,709,474,600,583,17.949,-45.000,0
356,5.93927,free_swing,686,480,601,608,8.833,-33.587,0
357,5.95595,free_swing,656,483,609,626,-2.654,-18.194,0
358,5.97263,free_swing,627,478,624,627,-13.851,-1.153,0
359,5.98932,free_swing,601,468,637,612,-24.507,14.036,0
360,6.006,free_swing,584,458,645,594,-32.087,24.158,0
361,6.02268,free_swing,570,449,652,576,-38.480,32.849,0
362,6.03937,free_swing,561,442,657,561,-42.839,38.894,0
363,6.05605,free_swing,555,436,662,548,-46.081,43.692,0
364,6.07273,free_swing,551,432,666,537,-48.240,47.603,0
365,6.08942,free_swing,550,431,670,529,-48.778,50.763,0
366,6.1061,free_swing,551,431,675,525,-48.526,52.836,0
367,6.12278,free_swing,554,436,684,524,-46.345,55.905,0
368,6.13947,free_swing,562,442,693,527,-42.558,57.022,0
369,6.15615,free_swing,571,450,703,533,-37.942,57.839,0
370,6.17283,free_swing,582,458,713,543,-32.735,57.022,0
371,6.18952,free_swing,596,466,723,557,-26.565,54.377,0
372,6.2062,free_swing,614,472,731,573,-19.290,49.198,0
373,6.22288,free_swing,635,478,735,590,-10.856,41.760,0
374,6.23957,free_swing,658,480,738,609,-1.935,31.805,0
375,6.25625,free_swing,684,480,732,623,8.076,18.555,0
376,6.27293,free_swing,712,474,721,623,19.038,3.457,0
377,6.28962,free_swing,736,463,711,611,29.129,-9.588,0
378,6.3063,free_swing,752,451,705,594,36.793,-18.194,0
379,6.32298,free_swing,765,441,700,577,43.100,-25.545,0
380,6.33967,free_swing,775,432,697,562,48.240,-30.964,0
381,6.35635,free_swing,781,424,694,551,52.058,-34.413,0
382,6.37303,free_swing,785,419,692,541,54.507,-37.318,0
383,6.38972,free_swing,787,417,689,535,55.570,-39.710,0
384,6.4064,free_swing,787,416,685,532,55.886,-41.326,0
385,6.42308,free_swing,786,418,681,532,55.039,-42.647,0
386,6.43977,free_swing,782,423,676,535,52.595,-43.423,0
387,6.45645,free_swing,776,429,671,542,49.357,-42.898,0
388,6.47313,free_swing,770,437,666,553,45.541,-41.878,0
389,6.48982,free_swing,759,446,660,566,40.101,-39.523,0
390,6.5065,free_swing,746,456,657,582,33.797,-35.235,0
391,6.52318,free_swing,729,465,655,600,26.392,-28.729,0
392,6.53987,free_swing,710,474,656,617,18.314,-20.688,0
393,6.55655,free_swing,685,480,662,630,8.455,-8.717,0
394,6.57323,free_swing,657,482,670,631,-2.291,4.986,0
395,6.58992,free_swing,630,478,676,620,-12.736,17.949,0
396,6.6066,free_swing,611,471,677,603,-20.511,26.565,0
397,6.62328,free_swing,592,463,675,586,-28.457,34.011,0
398,6.63997,free_swing,577,454,672,572,-35.181,38.837,0
399,6.65665,free_swing,565,446,667,561,-40.684,41.572,0
400,6.67333,free_swing,558,439,662,552,-44.459,42.625,0
401,6.69002,free_swing,552,433,657,547,-47.701,42.647,0
402,6.7067,free_swing,549,429,652,545,-49.606,41.603,0
403,6.72338,free_swing,547,427,648,546,-50.684,40.323,0
404,6.74007,free_swing,550,431,646,553,-48.778,38.199,0
405,6.75675,free_swing,556,437,645,565,-45.541,34.811,0
406,6.77343,free_swing,564,444,642,577,-41.474,30.390,0
407,6.79012,free_swing,574,453,639,592,-36.336,25.062,0
408,6.8068,free_swing,590,462,633,608,-29.316,16.411,0
409,6.82348,free_swing,607,471,625,622,-21.943,6.798,0
410,6.84017,free_swing,631,479,614,628,-12.281,-6.509,0
411,6.85685,free_swing,656,482,604,623,-2.672,-20.244,0
412,6.87353,free_swing,678,480,601,609,5.787,-30.833,0
413,6.89022,free_swing,698,476,603,590,13.661,-39.806,0
414,6.9069,free_swing,720,470,609,571,22.443,-47.701,0
415,6.92358,free_swing,738,461,617,554,30.174,-52.454,0
416,6.94027,free_swing,753,451,627,539,37.100,-55.069,0
417,6.95695,free_swing,766,441,638,526,43.379,-56.413,0
418,6.97363,free_swing,775,431,648,517,48.526,-55.896,0
419,6.99032,free_swing,782,423,657,512,52.595,-54.549,0
420,7.007,free_swing,786,417,665,510,55.353,-52.454,0
421,7.02368,free_swing,790,413,672,512,57.470,-50.004,0
422,7.04037,free_swing,788,414,676,519,56.735,-46.848,0
423,7.05705,free_swing,785,420,676,529,54.197,-45.000,0
424,7.07373,free_swing,780,426,678,543,51.221,-41.082,0
425,7.09042,free_swing,772,434,680,559,46.900,-36.353,0
426,7.1071,free_swing,762,443,683,575,41.730,-30.900,0
427,7.12378,free_swing,749,453,688,595,35.403,-23.247,0
428,7.14047,free_swing,733,464,696,613,27.937,-13.946,0
429,7.15715,free_swing,710,474,707,626,18.314,-1.131,0
430,7.17383,free_swing,683,481,720,625,7.645,14.410,0
431,7.19052,free_swing,657,481,727,612,-2.306,28.118,0
432,7.2072,free_swing,636,478,728,594,-10.477,38.418,0
433,7.22388,free_swing,617,473,725,576,-18.068,46.357,0
434,7.24057,free_swing,599,466,719,559,-25.530,52.224,0
435,7.25725,free_swing,583,458,710,543,-32.412,56.206,0
436,7.27393,free_swing,569,449,700,530,-38.779,58.271,0
437,7.29062,free_swing,559,440,691,521,-43.919,58.465,0
438,7.3073,free_swing,552,432,683,515,-47.984,57.642,0
439,7.32398,free_swing,546,427,676,512,-50.925,56.821,0
440,7.34067,free_swing,544,423,670,514,-52.595,54.162,0
441,7.35735,free_swing,547,426,671,521,-50.981,52.543,0
442,7.37403,free_swing,551,431,672,531,-48.526,50.428,0
443,7.39072,free_swing,557,438,673,543,-45.000,47.849,0
444,7.4074,free_swing,565,445,673,558,-40.934,43.704,0
445,7.42408,free_swing,578,454,671,575,-34.866,37.546,0
446,7.44077,free_swing,593,463,669,595,-28.118,29.932,0
447,7.45745,free_swing,611,471,663,615,-20.511,19.855,0
448,7.47413,free_swing,633,479,653,629,-11.535,7.595,0
449,7.49082,free_swing,660,482,640,631,-1.146,-7.645,0
450,7.5075,free_swing,687,480,630,618,9.211,-22.443,0
451,7.52418,free_swing,708,474,626,599,17.583,-33.265,0
452,7.54087,free_swing,727,467,627,578,25.364,-42.016,0
453,7.55755,free_swing,744,457,630,558,32.943,-48.460,0
454,7.57423,free_swing,757,447,636,539,39.262,-52.753,0
455,7.59092,free_swing,769,438,641,523,45.000,-56.413,0
456,7.6076,free_swing,777,429,647,511,49.606,-57.758,0
457,7.62428,free_swing,782,423,651,502,52.595,-58.908,0
458,7.64097,free_swing,786,418,653,495,55.039,-59.931,0
459,7.65765,free_swing,787,416,654,494,55.886,-59.610,0
460,7.67433,free_swing,784,420,649,495,53.973,-60.945,0
461,7.69102,free_swing,780,427,644,499,50.925,-62.103,0
462,7.7077,free_swing,772,434,637,508,46.900,-61.271,0
463,7.72438,free_swing,765,442,630,520,42.839,-59.982,0
464,7.74107,free_swing,754,451,622,534,37.405,-57.839,0
465,7.75775,free_swing,739,460,614,552,30.700,-53.647,0
466,7.77443,free_swing,723,468,609,572,23.806,-47.626,0
467,7.79112,free_swing,704,475,607,593,15.998,-39.421,0
468,7.8078,free_swing,682,481,608,615,7.267,-28.909,0
469,7.82448,free_swing,653,482,618,629,-3.814,-13.392,0
470,7.84117,free_swing,624,477,632,626,-15.054,3.073,0
471,7.85785,free_swing,601,467,642,611,-24.667,15.893,0
472,7.87453,free_swing,583,457,649,592,-32.619,26.053,0
473,7.89122,free_swing,569,448,653,574,-39.019,33.690,0
474,7.9079,free_swing,559,440,657,558,-43.919,39.710,0
475,7.92458,free_swing,553,433,659,545,-47.442,43.423,0
476,7.94127,free_swing,549,429,661,535,-49.606,46.577,0
477,7.95795,free_swing,546,426,664,527,-51.221,49.439,0
478,7.97463,free_swing,547,426,668,524,-50.981,50.995,0
479,7.99132,free_swing,549,429,673,523,-49.606,52.836,0
480,8.008,free_swing,554,435,681,526,-46.621,54.377,0
481,8.02468,free_swing,563,443,690,534,-42.016,54.377,0
482,8.04137,free_swing,572,451,698,544,-37.405,53.569,0
483,8.05805,free_swing,586,460,706,557,-31.030,51.050,0
484,8.07473,free_swing,603,467,713,575,-23.962,45.526,0
485,8.09142,free_swing,622,475,717,593,-15.998,38.837,0
486,8.1081,free_swing,645,480,718,612,-6.934,28.944,0
487,8.12478,free_swing,671,482,712,627,3.053,15.789,0
488,8.14147,free_swing,700,477,701,627,14.315,0.382,0
489,8.15815,free_swing,725,469,692,614,24.349,-12.821,0
490,8.17483,free_swing,742,458,687,597,32.087,-21.588,0
491,8.19152,free_swing,757,448,685,579,39.019,-28.794,0
492,8.2082,free_swing,768,438,683,563,44.728,-34.216,0
493,8.22488,free_swing,776,430,683,550,49.066,-37.776,0
494,8.24157,free_swing,782,423,682,540,52.595,-40.521,0
495,8.25825,free_swing,785,419,682,532,54.507,-42.349,0
496,8.27493,free_swing,786,417,680,528,55.353,-43.680,0
497,8.29162,free_swing,786,418,678,527,55.039,-44.736,0
498,8.3083,free_swing,784,422,674,530,53.358,-45.526,0
499,8.32498,free_swing,779,427,669,538,50.684,-44.741,0
500,8.34167,free_swing,771,436,664,548,46.081,-43.692,0
501,8.35835,free_swing,760,445,658,562,40.643,-41.082,0
502,8.37503,free_swing,747,454,655,578,34.548,-36.573,0
503,8.39172,free_swing,731,464,653,596,27.255,-30.579,0
504,8.4084,free_swing,712,472,653,614,19.290,-22.563,0
505,8.42508,free_swing,688,479,659,629,9.652,-10.942,0
506,8.44177,free_swing,660,482,669,632,-1.146,3.434,0
507,8.45845,free_swing,634,479,676,622,-11.160,16.368,0
508,8.47513,free_swing,612,472,678,605,-20.016,26.392,0
509,8.49182,free_swing,595,464,677,588,-27.255,33.476,0
510,8.5085,free_swing,578,455,674,573,-34.647,39.130,0
511,8.52518,free_swing,567,447,670,560,-39.855,42.349,0
512,8.54187,free_swing,558,439,664,550,-44.459,43.680,0
513,8.55855,free_swing,551,432,659,542,-48.240,44.474,0
514,8.57523,free_swing,547,427,655,539,-50.684,43.958,0
515,8.59192,free_swing,545,424,650,538,-52.058,42.647,0
516,8.6086,free_swing,545,425,648,542,-51.757,41.359,0
517,8.62528,free_swing,550,431,649,553,-48.778,39.058,0
518,8.64197,free_swing,558,438,649,566,-44.728,35.410,0
519,8.65865,free_swing,567,447,647,579,-39.855,31.218,0
520,8.67533,free_swing,580,456,643,596,-33.797,24.228,0
521,8.69202,free_swing,597,465,638,613,-26.392,15.484,0
522,8.7087,free_swing,617,474,629,626,-17.949,4.514,0
523,8.72538,free_swing,642,481,618,629,-8.022,-9.211,0
524,8.74207,free_swing,668,482,610,620,1.909,-22.797,0
525,8.75875,free_swing,690,478,608,605,10.477,-32.849,0
526,8.77543,free_swing,712,473,612,584,19.163,-42.016,0
527,8.79212,free_swing,731,464,618,565,27.255,-48.209,0
528,8.8088,free_swing,748,454,627,548,34.866,-52.158,0
529,8.82548,free_swing,763,444,637,532,41.760,-55.069,0
530,8.84217,free_swing,773,434,647,521,47.161,-55.376,0
531,8.85885,free_swing,781,425,655,513,51.757,-55.069,0
532,8.87553,free_swing,786,418,663,509,55.039,-53.505,0
533,8.89222,free_swing,790,413,670,509,57.470,-51.340,0
534,8.9089,free_swing,789,415,671,514,56.626,-50.004,0
535,8.92558,free_swing,785,419,670,522,54.507,-48.151,0
536,8.94227,free_swing,780,425,669,534,51.520,-45.521,0
537,8.95895,free_swing,773,432,669,549,47.726,-41.634,0
538,8.97563,free_swing,764,442,670,564,42.558,-37.614,0
539,8.99232,free_swing,753,452,672,582,36.870,-31.926,0
540,9.009,free_swing,735,462,675,603,28.980,-23.051,0
541,9.02568,free_swing,717,472,683,621,21.092,-12.854,0
542,9.04237,free_swing,690,480,694,630,10.339,1.528,0
543,9.05905,free_swing,662,481,705,625,-0.385,16.626,0
544,9.07573,free_swing,639,479,710,609,-9.273,28.641,0
545,9.09242,free_swing,619,474,709,591,-17.216,37.569,0
546,9.1091,free_swing,601,467,707,574,-24.667,44.731,0
547,9.12578,free_swing,586,459,702,558,-31.228,49.521,0
548,9.14247,free_swing,572,451,695,543,-37.405,53.205,0
549,9.15915,free_swing,561,442,687,532,-42.839,54.462,0
550,9.17583,free_swing,554,435,680,525,-46.621,54.462,0
551,9.19252,free_swing,548,429,674,520,-49.853,54.162,0
552,9.2092,free_swing,545,424,668,519,-52.058,52.319,0
553,9.22588,free_swing,544,424,665,522,-52.292,50.995,0
554,9.24257,free_swing,547,428,666,530,-50.389,49.399,0
555,9.25925,free_swing,554,435,668,542,-46.621,46.814,0
556,9.27593,free_swing,562,442,668,557,-42.558,42.668,0
557,9.29262,free_swing,572,451,668,572,-37.405,38.428,0
558,9.3093,free_swing,587,460,666,591,-30.700,31.092,0
559,9.32598,free_swing,606,469,662,610,-22.590,21.661,0
560,9.34267,free_swing,626,477,654,627,-14.315,10.574,0
561,9.35935,free_swing,653,482,641,632,-3.814,-4.574,0
562,9.37603,free_swing,681,481,631,622,6.888,-19.525,0
563,9.39272,free_swing,703,476,627,605,15.524,-30.504,0
564,9.4094,free_swing,723,468,628,583,23.806,-39.560,0
565,9.42608,free_swing,741,459,631,563,31.557,-46.606,0
566,9.44277,free_swing,756,449,637,545,38.480,-51.106,0
567,9.45945,free_swing,769,438,644,529,45.000,-53.945,0
568,9.47613,free_swing,776,429,651,515,49.357,-55.472,0
569,9.49282,free_swing,783,421,656,506,53.437,-56.206,0
570,9.5095,free_swing,788,415,660,500,56.416,-56.413,0
571,9.52618,free_swing,790,413,662,497,57.470,-56.725,0
572,9.54287,free_swing,788,415,660,500,56.416,-56.413,0
573,9.55955,free_swing,784,421,655,505,53.664,-56.929,0
574,9.57623,free_swing,778,428,650,515,50.145,-55.797,0
575,9.59292,free_swing,771,436,645,526,46.081,-54.462,0
576,9.6096,free_swing,761,445,639,541,40.934,-51.801,0
577,9.62628,free_swing,748,455,634,559,34.647,-47.626,0
578,9.64297,free_swing,731,464,631,579,27.255,-41.009,0
579,9.65965,free_swing,711,472,630,601,18.925,-32.125,0
580,9.67633,free_swing,690,479,633,622,10.408,-21.732,0
581,9.69302,free_swing,660,482,644,632,-1.146,-6.089,0
582,9.7097,free_swing,632,479,656,625,-11.908,9.335,0
583,9.72638,free_swing,609,471,664,609,-21.231,21.730,0
584,9.74307,free_swing,591,462,666,590,-28.980,30.368,0
585,9.75975,free_swing,576,453,668,572,-35.716,37.708,0
586,9.77643,free_swing,565,445,669,557,-40.934,42.879,0
587,9.79312,free_swing,557,438,668,545,-45.000,46.051,0
588,9.8098,free_swing,551,432,667,535,-48.240,48.397,0
589,9.82648,free_swing,548,429,667,528,-49.853,50.242,0
590,9.84317,free_swing,547,428,667,525,-50.389,51.050,0
591,9.85985,free_swing,548,428,669,525,-50.145,51.282,0
592,9.87653,free_swing,551,433,674,529,-47.956,52.028,0
593,9.89322,free_swing,558,440,680,538,-44.193,51.226,0
594,9.9099,free_swing,568,447,686,550,-39.560,48.883,0
595,9.92658,free_swing,580,456,691,564,-33.797,45.785,0
596,9.94327,free_swing,595,464,695,581,-27.255,40.521,0
597,9.95995,free_swing,614,472,696,600,-19.290,32.645,0
598,9.97663,free_swing,635,478,694,619,-10.856,22.706,0
599,9.99332,free_swing,661,482,686,631,-0.764,9.525,0
600,10.01,free_swing,690,480,675,628,10.339,-5.787,0
601,10.02668,free_swing,715,472,667,614,20.376,-18.677,0
602,10.04337,free_swing,732,464,664,596,27.597,-27.255,0
603,10.06005,free_swing,748,454,663,578,34.866,-34.430,0
604,10.07673,free_swing,760,445,663,562,40.643,-39.661,0
605,10.09342,free_swing,770,436,666,548,45.815,-42.879,0
606,10.1101,free_swing,777,429,668,538,49.606,-45.000,0
607,10.12678,free_swing,781,424,670,529,52.058,-46.591,0
608,10.14347,free_swing,783,421,671,525,53.437,-47.121,0
609,10.16015,free_swing,784,420,670,524,53.973,-47.626,0
610,10.17683,free_swing,783,422,669,526,53.130,-47.626,0
611,10.19352,free_swing,779,426,666,532,50.981,-46.831,0
612,10.2102,free_swing,772,435,662,543,46.621,-45.526,0
613,10.22688,free_swing,763,443,657,557,42.016,-42.917,0
614,10.24357,free_swing,751,452,654,573,36.254,-38.718,0
615,10.26025,free_swing,736,462,653,591,29.316,-32.758,0
616,10.27693,free_swing,718,471,653,610,21.588,-25.062,0
617,10.29362,free_swing,694,478,659,626,11.988,-13.305,0
618,10.3103,free_swing,667,482,669,632,1.528,0.764,0
619,10.32698,free_swing,640,480,678,624,-8.833,14.783,0
620,10.34367,free_swing,617,473,682,608,-18.068,25.710,0
621,10.36035,free_swing,599,466,681,590,-25.530,33.476,0
622,10.37703,free_swing,582,458,679,573,-32.735,40.147,0
623,10.39372,free_swing,569,449,676,559,-38.779,44.208,0
624,10.4104,free_swing,560,441,671,547,-43.379,46.320,0
625,10.42708,free_swing,552,434,666,538,-47.420,47.626,0
626,10.44377,free_swing,548,428,662,533,-50.145,47.353,0
627,10.46045,free_swing,545,425,658,531,-51.757,46.831,0
628,10.47713,free_swing,544,424,655,532,-52.292,45.785,0
629,10.49382,free_swing,546,426,654,538,-51.221,43.958,0
630,10.5105,free_swing,552,433,655,550,-47.701,41.359,0
631,10.52718,free_swing,560,441,656,563,-43.379,38.199,0
632,10.54387,free_swing,570,449,654,578,-38.480,33.071,0
633,10.56055,free_swing,584,458,652,596,-32.087,26.232,0
634,10.57723,free_swing,603,468,647,614,-23.806,16.771,0
635,10.59392,free_swing,624,477,639,628,-15.054,5.673,0
636,10.6106,free_swing,650,481,628,630,-4.986,-8.399,0
637,10.62728,free_swing,678,481,619,620,5.749,-22.999,0
638,10.64397,free_swing,698,477,617,603,13.570,-32.735,0
639,10.66065,free_swing,719,470,620,582,22.087,-41.474,0
640,10.67733,free_swing,738,461,626,563,30.174,-47.675,0
641,10.69402,free_swing,753,451,634,547,37.100,-51.106,0
642,10.7107,free_swing,766,441,642,532,43.379,-53.726,0
643,10.72738,free_swing,775,432,650,521,48.240,-54.549,0
644,10.74407,free_swing,781,425,657,514,51.757,-54.331,0
645,10.76075,free_swing,786,418,663,510,55.039,-53.205,0
646,10.77743,free_swing,787,417,666,511,55.570,-52.158,0
647,10.79412,free_swing,784,421,664,517,53.664,-51.340,0
648,10.8108,free_swing,778,426,661,526,50.738,-49.479,0
649,10.82748,free_swing,773,433,658,538,47.442,-47.603,0
650,10.84417,free_swing,765,441,656,552,43.100,-44.479,0
651,10.86085,free_swing,754,450,655,569,37.639,-39.758,0
652,10.87753,free_swing,739,460,655,589,30.700,-33.071,0
653,10.89422,free_swing,721,468,658,609,23.097,-24.075,0
654,10.9109,free_swing,699,477,665,626,13.943,-12.854,0
655,10.92758,free_swing,672,482,677,632,3.434,1.909,0
656,10.94427,free_swing,644,480,687,623,-7.316,16.736,0
657,10.96095,free_swing,621,474,692,606,-16.477,28.275,0
658,10.97763,free_swing,603,468,692,587,-23.806,36.793,0
659,10.99432,free_swing,587,460,690,570,-30.700,43.118,0
660,11.011,free_swing,574,452,687,555,-36.563,47.651,0
661,11.02768,free_swing,563,444,682,542,-41.760,50.528,0
662,11.04437,free_swing,555,436,677,532,-46.081,51.801,0
663,11.06105,free_swing,550,431,673,525,-48.778,52.612,0
664,11.07773,free_swing,546,426,668,522,-51.221,51.801,0
665,11.09442,free_swing,545,424,666,521,-52.058,51.282,0
666,11.1111,free_swing,545,424,664,524,-52.058,49.958,0
667,11.12778,free_swing,547,428,664,531,-50.389,48.641,0
668,11.14447,free_swing,553,435,667,543,-46.882,46.548,0
669,11.16115,free_swing,564,444,669,558,-41.474,42.647,0
670,11.17783,free_swing,575,453,670,575,-36.027,37.907,0
671,11.19452,free_swing,591,462,668,593,-28.980,30.446,0
672,11.2112,free_swing,610,471,665,613,-20.872,21.173,0
673,11.22788,free_swing,632,478,657,628,-11.988,9.462,0
674,11.24457,free_swing,659,482,645,631,-1.528,-5.368,0
675,11.26125,free_swing,686,480,636,621,8.833,-19.525,0
676,11.27793,free_swing,708,474,633,603,17.583,-30.174,0
677,11.29462,free_swing,728,466,634,582,25.877,-39.019,0
678,11.3113,free_swing,745,456,637,563,33.476,-45.266,0
679,11.32798,free_swing,759,446,642,546,40.101,-49.479,0
680,11.34467,free_swing,769,437,649,531,45.272,-51.927,0
681,11.36135,free_swing,777,429,654,519,49.606,-53.807,0
682,11.37803,free_swing,782,422,658,512,52.900,-54.028,0
683,11.39472,free_swing,786,418,661,507,55.039,-54.549,0
684,11.4114,free_swing,787,417,661,506,55.570,-54.765,0
685,11.42808,free_swing,783,422,657,511,53.130,-54.765,0
686,11.44477,free_swing,777,429,652,518,49.606,-54.549,0
687,11.46145,free_swing,771,435,647,530,46.357,-52.543,0
688,11.47813,free_swing,762,444,642,543,41.474,-50.477,0
689,11.49482,free_swing,750,453,637,559,35.716,-46.831,0
690,11.5115,free_swing,735,462,634,578,28.980,-41.046,0
691,11.52818,free_swing,716,471,633,600,20.872,-32.758,0
692,11.54487,free_swing,695,478,636,620,12.362,-22.563,0
693,11.56155,free_swing,668,482,645,631,1.909,-8.775,0
694,11.57823,free_swing,639,480,657,628,-9.211,6.934,0
695,11.59492,free_swing,615,473,665,613,-18.800,19.654,0
696,11.6116,free_swing,596,464,668,594,-26.911,28.980,0
697,11.62828,free_swing,579,455,670,577,-34.330,36.719,0
698,11.64497,free_swing,567,447,669,561,-39.855,41.820,0
699,11.66165,free_swing,559,440,668,549,-43.919,45.000,0
700,11.67833,free_swing,552,433,666,538,-47.701,47.353,0
701,11.69502,free_swing,548,429,665,531,-49.853,48.918,0
702,11.7117,free_swing,546,427,665,527,-50.925,49.958,0
703,11.72838,free_swing,546,426,666,527,-51.221,49.914,0
704,11.74507,free_swing,548,428,667,529,-50.145,49.677,0
705,11.76175,free_swing,553,434,671,537,-47.161,48.883,0
706,11.77843,free_swing,562,442,676,548,-42.558,47.083,0
707,11.79512,free_swing,572,450,681,562,-37.639,44.222,0
708,11.8118,free_swing,586,459,684,579,-31.228,39.237,0
709,11.82848,free_swing,603,468,684,597,-23.806,32.125,0
710,11.84517,free_swing,624,475,682,616,-15.255,22.360,0
711,11.86185,free_swing,648,481,675,630,-5.749,10.271,0
712,11.87853,free_swing,677,482,664,631,5.332,-4.986,0
713,11.89522,free_swing,702,476,656,619,15.154,-17.832,0
714,11.9119,free_swing,722,469,653,601,23.299,-27.597,0
715,11.92858,free_swing,740,459,653,582,31.228,-35.272,0
716,11.94527,free_swing,755,450,655,565,37.942,-41.009,0
717,11.96195,free_swing,765,440,658,550,43.363,-44.208,0
718,11.97863,free_swing,774,432,662,537,47.984,-46.848,0
719,11.99532,free_swing,779,426,665,527,50.981,-48.460,0
720,12.012,free_swing,783,422,667,522,53.130,-49.236,0
721,12.02868,free_swing,785,419,669,520,54.507,-48.954,0
722,12.04537,free_swing,784,421,668,521,53.664,-49.236,0
723,12.06205,free_swing,780,426,664,529,51.221,-48.397,0
724,12.07873,free_swing,772,433,659,539,47.182,-46.831,0
725,12.09542,free_swing,764,442,654,552,42.558,-45.000,0
726,12.1121,free_swing,753,451,650,568,37.100,-41.359,0
727,12.12878,free_swing,739,460,649,584,30.700,-35.972,0
728,12.14547,free_swing,721,469,649,605,22.946,-27.897,0
729,12.16215,free_swing,700,476,653,623,14.410,-17.731,0
730,12.17883,free_swing,673,482,663,632,3.814,-3.814,0
731,12.19552,free_swing,645,481,673,627,-6.888,10.856,0
732,12.2122,free_swing,621,474,678,613,-16.477,22.297,0
733,12.22888,free_swing,602,467,679,594,-24.316,31.228,0
734,12.24557,free_swing,585,459,678,577,-31.557,38.243,0
735,12.26225,free_swing,572,451,675,563,-37.405,42.603,0
736,12.27893,free_swing,561,442,671,551,-42.839,45.262,0
737,12.29562,free_swing,554,435,666,541,-46.621,46.577,0
738,12.3123,free_swing,549,429,662,535,-49.606,46.831,0
739,12.32898,free_swing,546,426,659,531,-51.221,47.102,0
740,12.34567,free_swing,544,424,656,532,-52.292,46.042,0
741,12.36235,free_swing,545,425,654,536,-51.757,44.479,0
742,12.37903,free_swing,549,430,654,545,-49.316,42.397,0
743,12.39572,free_swing,556,437,655,557,-45.541,39.523,0
744,12.4124,free_swing,566,445,655,572,-40.643,35.022,0
745,12.42908,free_swing,579,455,653,589,-34.330,28.909,0
746,12.44577,free_swing,597,465,650,608,-26.392,20.336,0
747,12.46245,free_swing,615,473,643,623,-18.800,10.574,0
748,12.47913,free_swing,641,480,633,631,-8.455,-3.033,0
749,12.49582,free_swing,669,482,622,625,2.291,-18.194,0
750,12.5125,free_swing,692,478,619,609,11.234,-29.129,0
751,12.52918,free_swing,712,472,621,590,19.290,-37.639,0
752,12.54587,free_swing,732,464,625,570,27.597,-45.269,0
753,12.56255,free_swing,749,454,632,553,35.181,-49.764,0
754,12.57923,free_swing,763,444,640,537,41.760,-52.907,0
755,12.59592,free_swing,772,435,648,525,46.621,-54.028,0
756,12.6126,free_swing,780,426,656,516,51.221,-54.028,0
757,12.62928,free_swing,784,419,663,511,54.284,-52.753,0
758,12.64597,free_swing,787,415,666,510,56.203,-51.864,0
759,12.66265,free_swing,785,418,666,515,54.819,-50.816,0
760,12.67933,free_swing,781,424,663,523,52.058,-50.004,0
761,12.69602,free_swing,776,430,661,534,49.066,-47.875,0
762,12.7127,free_swing,769,438,658,548,45.000,-45.259,0
763,12.72938,free_swing,758,447,657,564,39.560,-40.802,0
764,12.74607,free_swing,745,457,657,582,33.265,-35.146,0
765,12.76275,free_swing,728,466,658,603,25.877,-27.065,0
766,12.77943,free_swing,708,474,664,622,17.583,-16.557,0
767,12.79612,free_swing,681,481,675,632,6.888,-2.275,0
768,12.8128,free_swing,653,481,686,627,-3.840,12.736,0
769,12.82948,free_swing,629,477,692,611,-13.196,25.181,0
770,12.84617,free_swing,610,470,693,593,-21.010,34.011,0
771,12.86285,free_swing,593,463,692,575,-28.118,41.474,0
772,12.87953,free_swing,577,455,688,559,-34.961,46.865,0
773,12.89622,free_swing,566,446,683,546,-40.394,49.479,0
774,12.9129,free_swing,557,438,678,534,-45.000,51.572,0
775,12.92958,free_swing,550,431,672,526,-48.778,52.093,0
776,12.94627,free_swing,546,426,668,522,-51.221,51.801,0
777,12.96295,free_swing,544,423,664,521,-52.595,50.763,0
778,12.97963,free_swing,543,422,661,522,-53.130,49.720,0
779,12.99632,free_swing,544,424,660,528,-52.292,48.122,0
780,13.013,free_swing,548,430,662,538,-49.563,46.548,0
781,13.02968,free_swing,557,438,664,552,-45.000,43.186,0
782,13.04637,free_swing,568,447,665,568,-39.560,38.718,0
783,13.06305,free_swing,582,457,664,586,-32.943,32.442,0
784,13.07973,free_swing,600,466,661,606,-25.181,23.543,0
785,13.09642,free_swing,619,475,655,623,-17.103,13.671,0
786,13.1131,free_swing,646,481,644,632,-6.509,-0.759,0
787,13.12978,free_swing,675,482,632,625,4.574,-16.736,0
788,13.14647,free_swing,698,477,628,609,13.570,-27.937,0
789,13.16315,free_swing,718,470,628,589,21.730,-37.100,0
790,13.17983,free_swing,738,461,632,569,30.174,-44.465,0
791,13.19652,free_swing,753,451,637,551,37.100,-49.236,0
792,13.2132,free_swing,764,442,643,536,42.558,-52.158,0
793,13.22988,free_swing,774,433,650,522,47.701,-54.331,0
794,13.24657,free_swing,780,425,655,514,51.520,-54.549,0
795,13.26325,free_swing,784,420,659,509,53.973,-54.549,0
796,13.27993,free_swing,786,418,660,507,55.039,-54.765,0
797,13.29662,free_swing,783,421,658,510,53.437,-54.549,0
798,13.3133,free_swing,779,426,654,516,50.981,-54.246,0
799,13.32998,free_swing,772,434,649,527,46.900,-52.907,0
800,13.34667,free_swing,765,441,645,539,43.100,-50.763,0
801,13.36335,free_swing,754,450,640,555,37.639,-47.353,0
802,13.38003,free_swing,741,459,638,573,31.557,-42.098,0
803,13.39672,free_swing,725,468,637,594,24.507,-34.931,0
804,13.4134,free_swing,704,475,638,615,15.998,-25.241,0
805,13.43008,free_swing,678,481,646,629,5.749,-12.200,0
806,13.44677,free_swing,650,482,658,631,-4.953,3.073,0
807,13.46345,free_swing,623,476,668,618,-15.524,17.583,0
808,13.48013,free_swing,604,468,672,600,-23.452,27.255,0
809,13.49682,free_swing,587,460,673,581,-30.700,35.403,0
810,13.5135,free_swing,572,451,674,565,-37.405,41.820,0
811,13.53018,free_swing,563,443,672,551,-42.016,45.264,0
812,13.54687,free_swing,556,436,670,540,-45.815,47.626,0
813,13.56355,free_swing,551,431,669,532,-48.526,49.439,0
814,13.58023,free_swing,548,429,668,527,-49.853,50.763,0
815,13.59692,free_swing,548,427,668,525,-50.440,50.763,0
816,13.6136,free_swing,549,430,670,527,-49.316,51.282,0
817,13.63028,free_swing,555,436,676,534,-46.081,50.995,0
818,13.64697,free_swing,563,443,682,546,-42.016,49.122,0
819,13.66365,free_swing,574,451,687,558,-36.793,46.562,0
820,13.68033,free_swing,587,460,691,574,-30.700,42.374,0
821,13.69702,free_swing,603,468,692,592,-23.806,35.669,0
822,13.7137,free_swing,624,475,692,612,-15.255,26.398,0
823,13.73038,free_swing,649,481,686,628,-5.368,14.128,0
824,13.74707,free_swing,677,482,675,631,5.332,-0.769,0
825,13.76375,free_swing,702,476,665,621,15.154,-14.315,0
826,13.78043,free_swing,724,468,661,604,24.158,-24.855,0
827,13.79712,free_swing,741,459,660,585,31.557,-32.735,0
828,13.8138,free_swing,755,449,661,566,38.179,-38.779,0
829,13.83048,free_swing,767,439,663,551,44.185,-42.879,0
830,13.84717,free_swing,776,430,666,537,49.066,-45.792,0
831,13.86385,free_swing,782,423,669,527,52.595,-47.375,0
832,13.88053,free_swing,786,418,671,520,55.039,-48.428,0
833,13.89722,free_swing,788,415,672,516,56.416,-48.954,0
834,13.9139,free_swing,788,414,672,515,56.735,-48.954,0
835,13.93058,free_swing,786,417,671,518,55.353,-48.708,0
836,13.94727,free_swing,782,423,667,526,52.595,-48.151,0
837,13.96395,free_swing,775,431,662,537,48.526,-46.831,0
838,13.98063,free_swing,766,440,657,552,43.643,-44.222,0
839,13.99732,free_swing,754,450,654,568,37.639,-40.280,0
840,14.014,free_swing,739,460,653,586,30.700,-34.315,0
841,14.03068,free_swing,720,469,652,607,22.590,-26.232,0
842,14.04737,free_swing,697,477,658,625,13.196,-14.763,0
843,14.06405,free_swing,669,482,668,632,2.291,-0.382,0
844,14.08073,free_swing,641,480,677,624,-8.455,14.036,0
845,14.09742,free_swing,618,473,681,608,-17.700,25.017,0
846,14.1141,free_swing,599,466,680,589,-25.530,33.366,0
847,14.13078,free_swing,582,457,679,573,-32.943,39.903,0
848,14.14747,free_swing,570,449,676,560,-38.480,43.680,0
849,14.16415,free_swing,561,442,672,548,-42.839,46.320,0
850,14.18083,free_swing,555,436,668,540,-46.081,47.375,0
851,14.19752,free_swing,550,431,664,536,-48.778,47.353,0
852,14.2142,free_swing,549,428,661,534,-49.899,46.577,0
853,14.23088,free_swing,547,428,659,536,-50.389,46.042,0
854,14.24757,free_swing,550,431,659,542,-48.778,44.479,0
855,14.26425,free_swing,557,438,661,553,-45.000,42.125,0
856,14.28093,free_swing,565,445,661,566,-40.934,38.428,0
857,14.29762,free_swing,576,454,661,582,-35.493,33.587,0
858,14.3143,free_swing,592,462,659,600,-28.641,25.897,0
859,14.33098,free_swing,610,471,654,617,-20.872,16.771,0
860,14.34767,free_swing,633,479,645,630,-11.535,4.544,0
861,14.36435,free_swing,659,482,633,630,-1.528,-9.964,0
862,14.38103,free_swing,685,480,626,618,8.455,-23.148,0
863,14.39772,free_swing,705,474,624,601,16.477,-32.530,0
864,14.4144,free_swing,726,467,627,579,25.017,-41.474,0
865,14.43108,free_swing,743,458,632,561,32.412,-47.141,0
866,14.44777,free_swing,757,448,639,545,39.019,-50.579,0
867,14.46445,free_swing,769,438,646,530,45.000,-53.205,0
868,14.48113,free_swing,776,429,653,520,49.357,-53.505,0
869,14.49782,free_swing,782,423,659,513,52.595,-53.807,0
870,14.5145,free_swing,786,418,663,510,55.039,-53.205,0
871,14.53118,free_swing,786,419,663,511,54.728,-53.205,0
872,14.54787,free_swing,782,423,660,517,52.595,-52.386,0
873,14.56455,free_swing,777,430,656,526,49.316,-51.572,0
874,14.58123,free_swing,770,436,653,538,45.815,-48.918,0
875,14.59792,free_swing,761,445,649,553,40.934,-46.042,0
876,14.6146,free_swing,749,454,647,570,35.181,-41.326,0
877,14.63128,free_swing,734,463,647,590,28.457,-34.413,0
878,14.64797,free_swing,714,472,648,610,20.016,-25.560,0
879,14.66465,free_swing,691,479,655,627,10.784,-13.671,0
880,14.68133,free_swing,663,482,667,632,0.000,1.528,0
881,14.69802,free_swing,636,479,677,622,-10.408,15.998,0
882,14.7147,free_swing,615,472,682,605,-18.925,26.737,0
883,14.73138,free_swing,597,465,683,586,-26.392,35.403,0
884,14.74807,free_swing,580,456,682,569,-33.797,42.071,0
885,14.76475,free_swing,568,448,679,554,-39.316,46.320,0
886,14.78143,free_swing,558,440,674,541,-44.193,48.954,0
887,14.79812,free_swing,551,433,671,532,-47.956,50.477,0
888,14.8148,free_swing,547,427,667,525,-50.684,50.763,0
889,14.83148,free_swing,544,424,664,521,-52.292,51.050,0
890,14.84817,free_swing,544,422,663,521,-52.900,50.242,0
891,14.86485,free_swing,544,424,662,524,-52.292,49.720,0
892,14.88153,free_swing,547,428,664,532,-50.389,48.366,0
893,14.89822,free_swing,554,436,667,544,-46.345,46.296,0
894,14.9149,free_swing,565,445,670,559,-40.934,42.647,0
895,14.93158,free_swing,577,454,672,576,-35.181,37.907,0
896,14.94827,free_swing,594,464,671,594,-27.597,30.639,0
897,14.96495,free_swing,612,472,668,614,-20.016,21.523,0
898,14.98163,free_swing,636,479,660,629,-10.408,9.090,0
899,14.99832,free_swing,663,482,649,631,0.000,-5.368,0
900,15.015,free_swing,690,479,640,620,10.408,-19.525,0
901,15.03168,free_swing,711,472,637,602,18.925,-29.650,0
902,15.04837,free_swing,731,465,638,582,27.080,-38.480,0
903,15.06505,free_swing,747,455,641,563,34.330,-44.465,0
904,15.08173,free_swing,760,446,646,548,40.394,-48.180,0
905,15.09842,free_swing,770,437,651,534,45.541,-50.816,0
906,15.1151,free_swing,776,430,656,524,49.066,-51.927,0
907,15.13178,free_swing,781,424,660,517,52.058,-52.454,0
908,15.14847,free_swing,784,420,662,514,53.973,-52.386,0
909,15.16515,free_swing,783,421,661,515,53.437,-52.386,0
910,15.18183,free_swing,779,427,657,521,50.684,-52.386,0
911,15.19852,free_swing,772,434,652,530,46.900,-51.340,0
912,15.2152,free_swing,765,441,648,543,43.100,-48.918,0
913,15.23188,free_swing,756,450,644,557,38.243,-46.308,0
914,15.24857,free_swing,742,459,640,574,31.884,-41.572,0
915,15.26525,free_swing,726,467,639,594,25.017,-34.413,0
916,15.28193,free_swing,706,475,641,614,16.736,-25.062,0
917,15.29862,free_swing,681,481,648,629,6.888,-12.570,0
918,15.3153,free_swing,652,481,660,631,-4.222,3.053,0
919,15.33198,free_swing,626,476,669,619,-14.410,16.736,0
920,15.34867,free_swing,606,469,673,602,-22.590,26.737,0
921,15.36535,free_swing,588,460,673,583,-30.368,34.647,0
922,15.38203,free_swing,573,452,673,568,-36.870,40.764,0
923,15.39872,free_swing,563,443,671,553,-42.016,44.474,0
924,15.4154,free_swing,555,436,668,542,-46.081,46.831,0
925,15.43208,free_swing,549,430,666,533,-49.316,48.641,0
926,15.44877,free_swing,546,427,664,527,-50.925,49.720,0
927,15.46545,free_swing,544,425,662,526,-51.992,49.439,0
928,15.48213,free_swing,545,426,663,527,-51.459,49.439,0
929,15.49882,free_swing,549,431,667,535,-49.028,48.608,0
930,15.5155,free_swing,557,438,671,545,-45.000,46.814,0
931,15.53218,free_swing,566,446,675,558,-40.394,44.222,0
932,15.54887,free_swing,579,455,678,574,-34.330,39.758,0
933,15.56555,free_swing,595,464,678,592,-27.255,32.961,0
934,15.58223,free_swing,613,472,677,611,-19.654,24.723,0
935,15.59892,free_swing,637,479,671,627,-10.030,12.938,0
936,15.6156,free_swing,664,481,660,632,0.385,-1.517,0
937,15.63228,free_swing,692,479,651,623,11.160,-15.893,0
938,15.64897,free_swing,713,471,647,606,19.784,-26.053,0
939,15.66565,free_swing,733,463,647,585,28.118,-35.181,0
940,15.68233,free_swing,750,453,649,567,35.716,-41.540,0
941,15.69902,free_swing,763,442,654,550,42.274,-45.264,0
942,15.7157,free_swing,773,433,658,535,47.442,-48.428,0
943,15.73238,free_swing,780,424,664,523,51.821,-49.521,0
944,15.74907,free_swing,786,418,668,515,55.039,-50.579,0
945,15.76575,free_swing,789,414,670,511,56.944,-50.816,0
946,15.78243,free_swing,790,412,671,510,57.792,-50.528,0
947,15.79912,free_swing,787,416,669,514,55.886,-50.290,0
948,15.8158,free_swing,782,422,664,522,52.900,-49.720,0
949,15.83248,free_swing,775,430,659,533,48.814,-48.397,0
950,15.84917,free_swing,767,438,655,547,44.454,-45.778,0
951,15.86585,free_swing,756,448,652,563,38.720,-42.125,0
952,15.88253,free_swing,741,459,649,581,31.557,-37.020,0
953,15.89922,free_swing,723,468,650,603,23.806,-28.402,0
954,15.9159,free_swing,702,476,654,622,15.154,-18.199,0
955,15.93258,free_swing,673,482,663,632,3.814,-3.814,0
956,15.94927,free_swing,645,481,674,627,-6.888,11.234,0
957,15.96595,free_swing,621,474,679,612,-16.477,22.797,0
958,15.98263,free_swing,601,467,680,593,-24.667,32.087,0
959,15.99932,free_swing,584,459,679,576,-31.884,39.075,0
960,16.016,free_swing,571,450,677,562,-37.942,43.423,0
961,16.03268,free_swing,561,442,672,549,-42.839,46.051,0
962,16.04937,free_swing,554,435,668,540,-46.621,47.353,0
963,16.06605,free_swing,549,430,665,533,-49.316,48.397,0
964,16.08273,free_swing,546,427,662,530,-50.925,48.397,0
965,16.09942,free_swing,546,426,660,531,-51.221,47.353,0
966,16.1161,free_swing,548,428,660,536,-50.145,46.042,0
967,16.13278,free_swing,553,435,663,546,-46.882,44.741,0
968,16.14947,free_swing,561,442,666,559,-42.839,41.906,0
969,16.16615,free_swing,572,451,667,575,-37.405,37.457,0
970,16.18283,free_swing,586,460,665,591,-31.030,31.092,0
971,16.19952,free_swing,605,469,662,610,-22.946,22.011,0
972,16.2162,free_swing,625,476,655,626,-14.783,11.310,0
973,16.23288,free_swing,651,481,645,632,-4.604,-2.275,0
974,16.24957,free_swing,678,481,635,625,5.749,-16.626,0
975,16.26625,free_swing,701,476,631,609,14.783,-27.759,0
976,16.28293,free_swing,721,469,632,588,22.946,-36.793,0
977,16.29962,free_swing,740,459,635,569,31.228,-43.668,0
978,16.3163,free_swing,755,449,641,551,38.179,-48.180,0
979,16.33298,free_swing,767,439,648,535,44.185,-51.106,0
980,16.34967,free_swing,776,430,654,522,49.066,-52.980,0
981,16.36635,free_swing,782,422,660,514,52.900,-52.980,0
982,16.38303,free_swing,788,416,664,508,56.099,-53.427,0
983,16.39972,free_swing,789,414,666,507,56.944,-52.907,0
984,16.4164,free_swing,787,417,664,510,55.570,-52.907,0
985,16.43308,free_swing,782,423,660,518,52.595,-52.093,0
986,16.44977,free_swing,776,430,657,528,49.066,-50.528,0
987,16.46645,free_swing,769,437,653,541,45.272,-48.122,0
988,16.48313,free_swing,758,447,649,557,39.560,-44.738,0
989,16.49982,free_swing,745,457,647,575,33.265,-39.710,0
990,16.5165,free_swing,728,466,647,595,25.877,-32.125,0
991,16.53318,free_swing,708,474,649,616,17.583,-22.563,0
992,16.54987,free_swing,683,481,657,630,7.645,-9.898,0
993,16.56655,free_swing,653,482,670,630,-3.814,6.553,0
994,16.58323,free_swing,628,477,678,617,-13.570,19.654,0
995,16.59992,free_swing,608,470,681,599,-21.730,29.505,0
996,16.6166,free_swing,589,461,681,581,-29.840,37.476,0
997,16.63328,free_swing,575,453,680,565,-36.027,43.152,0
998,16.64997,free_swing,564,445,676,551,-41.222,46.577,0
999,16.66665,free_swing,556,437,673,540,-45.541,48.641,0
1000,16.68333,free_swing,550,432,669,532,-48.493,49.958,0
1001,16.70002,free_swing,547,428,667,526,-50.389,50.763,0
1002,16.7167,free_swing,546,426,665,525,-51.221,50.242,0
1003,16.73338,free_swing,546,426,664,527,-51.221,49.439,0
1004,16.75007,free_swing,548,430,666,533,-49.563,48.883,0
1005,16.76675,free_swing,555,437,670,544,-45.807,47.064,0
1006,16.78343,free_swing,565,445,673,558,-40.934,43.704,0
1007,16.80012,free_swing,577,454,675,574,-35.181,39.237,0
1008,16.8168,free_swing,592,463,675,591,-28.457,32.961,0
1009,16.83348,free_swing,612,471,673,611,-20.148,23.543,0
1010,16.85017,free_swing,633,478,667,627,-11.611,12.854,0
1011,16.86685,free_swing,660,482,655,633,-1.146,-1.897,0
1012,16.88353,free_swing,688,480,645,623,9.588,-16.736,0
1013,16.90022,free_swing,709,473,641,607,18.068,-26.906,0
1014,16.9169,free_swing,730,465,642,585,26.737,-36.254,0
1015,16.93358,free_swing,746,455,644,567,34.011,-42.325,0
1016,16.95027,free_swing,760,445,648,550,40.643,-46.848,0
1017,16.96695,free_swing,771,436,653,535,46.081,-50.004,0
1018,16.98363,free_swing,778,428,659,523,50.145,-51.399,0
1019,17.00032,free_swing,783,421,662,515,53.437,-52.158,0
1020,17.017,free_swing,787,418,665,510,55.257,-52.980,0
1021,17.03368,free_swing,787,418,664,511,55.257,-52.907,0
1022,17.05037,free_swing,784,421,660,514,53.664,-53.130,0
1023,17.06705,free_swing,777,428,655,522,49.899,-52.386,0
1024,17.08373,free_swing,771,435,650,533,46.357,-50.995,0
1025,17.10042,free_swing,763,443,646,547,42.016,-48.366,0
1026,17.1171,free_swing,750,453,641,564,35.716,-44.479,0
1027,17.13378,free_swing,735,462,639,582,28.980,-38.660,0
1028,17.15047,free_swing,717,471,638,603,21.231,-30.900,0
1029,17.16715,free_swing,694,478,642,622,11.988,-19.855,0
1030,17.18383,free_swing,666,482,653,632,1.146,-4.953,0
1031,17.20052,free_swing,638,480,663,627,-9.588,9.652,0
1032,17.2172,free_swing,615,472,669,611,-18.925,21.231,0
1033,17.23388,free_swing,595,464,672,592,-27.255,31.030,0
1034,17.25057,free_swing,579,455,672,575,-34.330,37.776,0
1035,17.26725,free_swing,567,447,671,559,-39.855,42.879,0
1036,17.28393,free_swing,558,439,668,547,-44.459,45.526,0
1037,17.30062,free_swing,551,432,666,537,-48.240,47.603,0
1038,17.3173,free_swing,547,428,664,530,-50.389,48.918,0
1039,17.33398,free_swing,545,426,662,527,-51.459,49.198,0
1040,17.35067,free_swing,545,425,662,527,-51.757,48.918,0
1041,17.36735,free_swing,547,428,664,531,-50.389,48.641,0
1042,17.38403,free_swing,553,434,669,540,-47.161,47.579,0
1043,17.40072,free_swing,562,442,673,553,-42.558,45.000,0
1044,17.4174,free_swing,573,451,677,568,-37.100,41.634,0
1045,17.43408,free_swing,587,460,678,583,-30.700,36.495,0
1046,17.45077,free_swing,606,469,677,603,-22.590,27.917,0
1047,17.46745,free_swing,625,476,674,621,-14.783,18.672,0
1048,17.48413,free_swing,653,481,665,632,-3.840,4.544,0
1049,17.50082,free_swing,681,481,654,628,6.888,-10.408,0
1050,17.5175,free_swing,705,475,648,614,16.368,-22.297,0
1051,17.53418,free_swing,725,467,647,595,24.667,-31.357,0
1052,17.55087,free_swing,742,458,648,575,32.087,-38.779,0
1053,17.56755,free_swing,757,447,651,558,39.262,-43.680,0
1054,17.58423,free_swing,768,438,656,543,44.728,-46.848,0
1055,17.60092,free_swing,777,429,661,530,49.606,-48.954,0
1056,17.6176,free_swing,783,423,666,521,52.826,-50.050,0
1057,17.63428,free_swing,786,416,669,515,55.670,-49.764,0
1058,17.65097,free_swing,788,414,671,513,56.735,-49.764,0
1059,17.66765,free_swing,788,415,671,515,56.416,-49.479,0
1060,17.68433,free_swing,784,420,667,523,53.973,-48.641,0
1061,17.70102,free_swing,777,429,663,532,49.606,-47.902,0
1062,17.7177,free_swing,770,436,660,546,45.815,-45.000,0
1063,17.73438,free_swing,760,445,656,562,40.643,-41.634,0
1064,17.75107,free_swing,747,456,655,578,34.114,-37.020,0
1065,17.76775,free_swing,729,465,655,599,26.392,-28.909,0
1066,17.78443,free_swing,709,474,658,619,17.949,-19.378,0
1067,17.80112,free_swing,682,481,667,631,7.267,-5.711,0
1068,17.8178,free_swing,653,482,677,629,-3.814,9.273,0
1069,17.83448,free_swing,629,476,683,615,-13.285,21.231,0
1070,17.85117,free_swing,608,470,684,597,-21.730,30.897,0
1071,17.86785,free_swing,590,462,683,580,-29.316,38.243,0
1072,17.88453,free_swing,576,454,681,566,-35.493,43.152,0
1073,17.90122,free_swing,566,446,677,553,-40.394,46.051,0
1074,17.9179,free_swing,557,439,672,543,-44.731,47.875,0
1075,17.93458,free_swing,552,433,667,537,-47.701,47.875,0
1076,17.95127,free_swing,548,429,663,533,-49.853,47.875,0
1077,17.96795,free_swing,547,427,660,533,-50.684,46.831,0
1078,17.98463,free_swing,548,428,658,538,-50.145,45.000,0
1079,18.00132,free_swing,552,433,660,547,-47.701,43.452,0
1080,18.018,free_swing,559,441,661,560,-43.655,40.601,0
1081,18.03468,free_swing,570,449,661,575,-38.480,35.838,0
1082,18.05137,free_swing,583,458,659,591,-32.412,29.745,0
1083,18.06805,free_swing,600,467,655,609,-25.017,21.173,0
1084,18.08473,free_swing,620,475,648,625,-16.736,10.574,0
1085,18.10142,free_swing,646,481,637,632,-6.509,-3.411,0
1086,18.1181,free_swing,673,482,627,624,3.814,-17.949,0
1087,18.13478,free_swing,695,477,623,609,12.445,-28.610,0
1088,18.15147,free_swing,716,471,624,588,20.872,-38.179,0
1089,18.16815,free_swing,737,462,629,567,29.650,-45.807,0
1090,18.18483,free_swing,753,451,635,549,37.100,-50.290,0
1091,18.20152,free_swing,766,440,643,533,43.643,-52.907,0
1092,18.2182,free_swing,776,430,651,520,49.066,-54.246,0
1093,18.23488,free_swing,783,422,658,510,53.130,-54.854,0
1094,18.25157,free_swing,788,414,663,504,56.735,-54.246,0
1095,18.26825,free_swing,791,411,666,502,58.318,-53.945,0
1096,18.28493,free_swing,790,413,665,505,57.470,-53.647,0
1097,18.30162,free_swing,786,418,662,511,55.039,-53.130,0
1098,18.3183,free_swing,780,425,659,522,51.520,-51.282,0
1099,18.33498,free_swing,774,432,656,534,47.984,-49.160,0
1100,18.35167,free_swing,766,441,653,548,43.379,-46.562,0
1101,18.36835,free_swing,753,451,650,567,37.100,-41.603,0
1102,18.38503,free_swing,738,460,650,586,30.368,-34.931,0
1103,18.40172,free_swing,720,469,651,607,22.590,-26.565,0
1104,18.4184,free_swing,698,477,658,625,13.570,-15.124,0
1105,18.43508,free_swing,668,482,670,632,1.909,0.764,0
1106,18.45177,free_swing,640,480,680,623,-8.833,15.627,0
1107,18.46845,free_swing,618,473,685,606,-17.700,26.737,0
1108,18.48513,free_swing,599,466,687,588,-25.530,35.803,0
1109,18.50182,free_swing,583,458,685,571,-32.412,42.071,0
1110,18.5185,free_swing,570,450,682,556,-38.243,46.577,0
1111,18.53518,free_swing,561,442,679,544,-42.839,49.160,0
1112,18.55187,free_swing,555,436,675,534,-46.081,50.763,0
1113,18.56855,free_swing,550,431,672,527,-48.778,51.801,0
1114,18.58523,free_swing,548,428,670,524,-50.145,51.801,0
1115,18.60192,free_swing,548,428,669,525,-50.145,51.282,0
1116,18.6186,free_swing,549,430,670,529,-49.316,50.711,0
1117,18.63528,free_swing,555,437,675,539,-45.807,49.635,0
1118,18.65197,free_swing,564,445,678,552,-41.222,46.814,0
1119,18.66865,free_swing,575,453,681,567,-36.027,42.917,0
1120,18.68533,free_swing,589,461,682,584,-29.840,37.093,0
1121,18.70202,free_swing,608,470,681,603,-21.730,28.761,0
1122,18.7187,free_swing,629,476,677,621,-13.285,18.316,0
1123,18.73538,free_swing,653,481,667,632,-3.840,5.297,0
1124,18.75207,free_swing,681,481,655,628,6.888,-10.030,0
1125,18.76875,free_swing,706,475,648,614,16.736,-22.649,0
1126,18.78543,free_swing,725,467,647,594,24.667,-31.557,0
1127,18.80212,free_swing,743,457,647,574,32.619,-39.369,0
1128,18.8188,free_swing,757,447,650,556,39.262,-44.469,0
1129,18.83548,free_swing,769,438,654,539,45.000,-48.708,0
1130,18.85217,free_swing,777,429,658,526,49.606,-50.816,0
1131,18.86885,free_swing,782,423,661,517,52.595,-52.158,0
1132,18.88553,free_swing,786,418,664,510,55.039,-52.980,0
1133,18.90222,free_swing,787,416,664,507,55.886,-53.505,0
1134,18.9189,free_swing,785,419,660,509,54.507,-54.246,0
1135,18.93558,free_swing,780,425,654,514,51.520,-54.765,0
1136,18.95227,free_swing,773,433,648,524,47.442,-53.945,0
1137,18.96895,free_swing,765,440,642,535,43.363,-52.319,0
1138,18.98563,free_swing,754,450,636,551,37.639,-49.439,0
1139,19.00232,free_swing,741,459,630,568,31.557,-45.521,0
1140,19.019,free_swing,724,467,628,588,24.316,-38.428,0
1141,19.03568,free_swing,704,475,627,609,15.998,-29.883,0
1142,19.05237,free_swing,680,481,633,626,6.509,-17.959,0
1143,19.06905,free_swing,651,481,644,631,-4.604,-2.672,0
1144,19.08573,free_swing,622,476,654,622,-15.893,12.362,0
1145,19.10242,free_swing,602,467,660,604,-24.316,22.946,0
1146,19.1191,free_swing,583,458,663,585,-32.412,32.208,0
1147,19.13578,free_swing,569,449,664,568,-38.779,38.601,0
1148,19.15247,free_swing,560,441,664,554,-43.379,42.625,0
1149,19.16915,free_swing,553,433,662,543,-47.442,44.738,0
1150,19.18583,free_swing,548,428,661,533,-50.145,47.102,0
1151,19.20252,free_swing,545,425,662,527,-51.757,48.918,0
1152,19.2192,free_swing,544,424,662,525,-52.292,49.439,0
1153,19.23588,free_swing,545,425,664,526,-51.757,49.677,0
1154,19.25257,free_swing,548,430,668,531,-49.563,49.914,0
1155,19.26925,free_swing,556,438,674,541,-45.269,48.883,0
1156,19.28593,free_swing,566,446,679,555,-40.394,46.032,0
1157,19.30262,free_swing,578,455,684,570,-34.647,42.668,0
1158,19.3193,free_swing,593,464,686,587,-27.937,37.093,0
1159,19.33598,free_swing,614,472,686,606,-19.290,28.250,0
1160,19.35267,free_swing,635,478,682,624,-10.856,17.844,0
1161,19.36935,free_swing,663,481,673,632,0.000,3.789,0
1162,19.38603,free_swing,690,479,662,626,10.408,-10.784,0
1163,19.40272,free_swing,714,472,656,610,20.016,-22.797,0
1164,19.4194,free_swing,732,463,655,592,27.777,-30.833,0
1165,19.43608,free_swing,748,454,656,574,34.866,-37.476,0
1166,19.45277,free_swing,760,445,658,559,40.643,-41.820,0
1167,19.46945,free_swing,770,437,661,546,45.541,-45.000,0
1168,19.48613,free_swing,776,430,665,535,49.066,-46.591,0
1169,19.50282,free_swing,780,424,668,528,51.821,-47.121,0
1170,19.5195,free_swing,782,422,669,525,52.900,-47.651,0
1171,19.53618,free_swing,784,421,670,525,53.664,-47.626,0
1172,19.55287,free_swing,782,423,670,528,52.595,-46.848,0
1173,19.56955,free_swing,777,428,667,537,49.899,-45.262,0
1174,19.58623,free_swing,770,436,663,548,45.815,-43.692,0
1175,19.60292,free_swing,761,445,660,563,40.934,-40.561,0
1176,19.6196,free_swing,748,454,658,580,34.866,-35.538,0
1177,19.63628,free_swing,733,463,659,598,28.118,-28.729,0
1178,19.65297,free_swing,714,472,662,617,20.016,-19.729,0
1179,19.66965,free_swing,690,479,670,630,10.408,-7.545,0
1180,19.68633,free_swing,661,482,682,630,-0.764,8.076,0
1181,19.70302,free_swing,635,479,688,618,-10.784,20.872,0
1182,19.7197,free_swing,614,472,690,600,-19.290,30.700,0
1183,19.73638,free_swing,596,465,689,584,-26.737,38.008,0
1184,19.75307,free_swing,581,457,686,567,-33.265,43.668,0
1185,19.76975,free_swing,568,448,681,554,-39.316,46.831,0
1186,19.78643,free_swing,559,441,676,544,-43.655,48.641,0
1187,19.80312,free_swing,552,434,670,536,-47.420,49.160,0
1188,19.8198,free_swing,549,430,665,532,-49.316,48.674,0
1189,19.83648,free_swing,547,427,661,531,-50.684,47.626,0
1190,19.85317,free_swing,546,427,659,534,-50.925,46.562,0
1191,19.86985,free_swing,551,432,661,544,-48.240,44.484,0
1192,19.88653,free_swing,558,439,662,557,-44.459,41.392,0
1193,19.90322,free_swing,568,447,662,570,-39.560,37.388,0
1194,19.9199,free_swing,579,456,661,587,-34.114,32.045,0
1195,19.93658,free_swing,597,465,657,605,-26.392,23.199,0
1196,19.95327,free_swing,617,474,650,622,-17.949,12.570,0
1197,19.96995,free_swing,641,480,640,631,-8.455,-0.379,0
1198,19.98663,free_swing,668,482,629,626,1.909,-15.154,0
1199,20.00332,free_swing,690,478,623,612,10.477,-26.565,0
1200,20.02,free_swing,711,472,624,593,18.925,-35.716,0
1201,20.03668,free_swing,732,464,628,571,27.597,-44.185,0
1202,20.05337,free_swing,749,453,634,553,35.403,-48.991,0
1203,20.07005,free_swing,764,442,642,535,42.558,-52.682,0
1204,20.08673,free_swing,774,432,649,521,47.984,-54.549,0
1205,20.10342,free_swing,782,423,657,512,52.595,-54.549,0
1206,20.1201,free_swing,788,415,663,504,56.416,-54.549,0
1207,20.13678,free_swing,791,410,668,501,58.643,-53.505,0
1208,20.15347,free_swing,792,409,669,502,59.167,-52.907,0
1209,20.17015,free_swing,789,414,666,507,56.944,-52.907,0
1210,20.18683,free_swing,784,420,663,516,53.973,-51.572,0
1211,20.20352,free_swing,778,427,661,528,50.440,-49.198,0
1212,20.2202,free_swing,771,436,657,542,46.081,-47.083,0
1213,20.23688,free_swing,759,446,653,560,40.101,-42.917,0
1214,20.25357,free_swing,746,456,653,579,33.797,-37.093,0
1215,20.27025,free_swing,728,465,654,600,26.046,-28.729,0
1216,20.28693,free_swing,709,475,659,620,17.832,-19.026,0
1217,20.30362,free_swing,682,481,669,631,7.267,-4.953,0
1218,20.3203,free_swing,652,481,681,627,-4.222,11.234,0
1219,20.33698,free_swing,626,476,688,611,-14.410,24.667,0
1220,20.35367,free_swing,606,469,689,592,-22.590,34.011,0
1221,20.37035,free_swing,588,461,689,574,-30.174,41.791,0
1222,20.38703,free_swing,573,452,686,557,-36.870,47.102,0
1223,20.40372,free_swing,563,444,682,543,-41.760,50.242,0
1224,20.4204,free_swing,555,437,678,533,-45.807,52.028,0
1225,20.43708,free_swing,550,431,674,525,-48.778,52.836,0
1226,20.45377,free_swing,547,428,671,520,-50.389,53.427,0
1227,20.47045,free_swing,546,426,670,519,-51.221,53.130,0
1228,20.48713,free_swing,548,429,673,523,-49.853,53.057,0
1229,20.50382,free_swing,554,436,678,532,-46.345,52.253,0
1230,20.5205,free_swing,562,442,683,542,-42.558,50.428,0
1231,20.53718,free_swing,572,451,687,556,-37.405,47.603,0
1232,20.55387,free_swing,586,459,691,573,-31.228,42.647,0
1233,20.57055,free_swing,602,468,691,591,-24.158,35.889,0
1234,20.58723,free_swing,623,475,690,612,-15.627,26.061,0
1235,20.60392,free_swing,647,481,683,628,-6.129,13.761,0
1236,20.6206,free_swing,675,481,671,631,4.604,-1.528,0
1237,20.63728,free_swing,702,476,661,621,15.154,-15.789,0
1238,20.65397,free_swing,723,468,656,603,23.806,-26.395,0
1239,20.67065,free_swing,739,460,655,584,30.700,-34.114,0
1240,20.68733,free_swing,754,451,655,567,37.405,-40.479,0
1241,20.70402,free_swing,765,442,657,551,42.839,-44.736,0
1242,20.7207,free_swing,773,434,660,538,47.161,-47.375,0
1243,20.73738,free_swing,778,427,663,527,50.440,-48.991,0
1244,20.75407,free_swing,783,422,665,520,53.130,-50.290,0
1245,20.77075,free_swing,784,420,665,517,53.973,-50.816,0
1246,20.78743,free_swing,784,420,664,516,53.973,-51.340,0
1247,20.80412,free_swing,782,422,663,520,52.900,-50.528,0
1248,20.8208,free_swing,779,427,661,527,50.684,-49.720,0
1249,20.83748,free_swing,773,434,656,537,47.161,-48.641,0
1250,20.85417,free_swing,763,443,651,551,42.016,-46.042,0
1251,20.87085,free_swing,751,452,647,568,36.254,-41.878,0
1252,20.88753,free_swing,736,462,646,586,29.316,-35.972,0
1253,20.90422,free_swing,718,470,646,606,21.730,-27.897,0
1254,20.9209,free_swing,695,478,650,624,12.362,-17.130,0
1255,20.93758,free_swing,667,482,661,633,1.528,-2.275,0
1256,20.95427,free_swing,639,480,671,625,-9.211,12.445,0
1257,20.97095,free_swing,616,473,676,609,-18.435,23.806,0
1258,20.98763,free_swing,596,465,678,591,-26.737,33.056,0
1259,21.00432,free_swing,580,456,677,574,-33.797,39.421,0
1260,21.021,free_swing,568,448,674,559,-39.316,43.680,0
1261,21.03768,free_swing,559,440,671,547,-43.919,46.308,0
1262,21.05437,free_swing,553,434,669,538,-47.161,48.122,0
1263,21.07105,free_swing,548,430,666,532,-49.563,49.160,0
1264,21.08773,free_swing,547,427,664,529,-50.684,48.918,0
1265,21.10442,free_swing,547,429,665,532,-50.097,48.883,0
1266,21.1211,free_swing,553,434,669,539,-47.161,47.849,0
1267,21.13778,free_swing,560,441,673,550,-43.379,46.032,0
1268,21.15447,free_swing,569,449,676,562,-38.779,43.438,0
1269,21.17115,free_swing,582,457,679,578,-32.943,38.718,0
1270,21.18783,free_swing,598,466,678,595,-25.877,31.805,0
1271,21.20452,free_swing,618,473,676,614,-17.700,22.360,0
1272,21.2212,free_swing,640,480,670,629,-8.833,11.384,0
1273,21.23788,free_swing,668,482,658,631,1.909,-3.840,0
1274,21.25457,free_swing,694,478,650,622,11.988,-16.991,0
1275,21.27125,free_swing,713,472,646,605,19.654,-26.737,0
1276,21.28793,free_swing,734,463,647,584,28.457,-35.716,0
1277,21.30462,free_swing,750,453,649,565,35.716,-42.044,0
1278,21.3213,free_swing,764,442,653,549,42.558,-46.051,0
1279,21.33798,free_swing,774,432,659,534,47.984,-48.428,0
1280,21.35467,free_swing,781,424,663,523,52.058,-50.004,0
1281,21.37135,free_swing,786,417,667,515,55.353,-50.528,0
1282,21.38803,free_swing,789,413,670,510,57.265,-50.816,0
1283,21.40472,free_swing,789,412,670,510,57.588,-50.528,0
1284,21.4214,free_swing,786,417,667,515,55.353,-50.528,0
1285,21.43808,free_swing,781,424,662,523,52.058,-50.242,0
1286,21.45477,free_swing,774,432,657,535,47.984,-48.641,0
1287,21.47145,free_swing,766,440,653,549,43.643,-46.032,0
1288,21.48813,free_swing,754,450,649,565,37.639,-42.397,0
1289,21.50482,free_swing,738,460,648,584,30.368,-35.972,0
1290,21.5215,free_swing,720,469,648,605,22.590,-27.897,0
1291,21.53818,free_swing,698,478,652,624,13.481,-17.488,0
1292,21.55487,free_swing,669,482,663,632,2.291,-2.291,0
1293,21.57155,free_swing,641,480,673,626,-8.455,12.362,0
1294,21.58823,free_swing,618,473,677,610,-17.700,23.299,0
1295,21.60492,free_swing,599,466,678,591,-25.530,32.293,0
1296,21.6216,free_swing,583,458,678,576,-32.412,38.837,0
1297,21.63828,free_swing,569,449,675,561,-38.779,43.423,0
1298,21.65497,free_swing,559,441,671,547,-43.655,46.577,0
1299,21.67165,free_swing,553,434,666,538,-47.161,47.375,0
1300,21.68833,free_swing,547,428,662,533,-50.389,47.603,0
1301,21.70502,free_swing,545,426,660,529,-51.459,48.151,0
1302,21.7217,free_swing,544,424,658,530,-52.292,47.083,0
1303,21.73838,free_swing,545,426,658,534,-51.459,46.296,0
1304,21.75507,free_swing,550,432,660,544,-48.493,44.484,0
1305,21.77175,free_swing,559,440,663,557,-43.919,41.634,0
1306,21.78843,free_swing,569,448,663,572,-39.019,37.164,0
1307,21.80512,free_swing,582,457,662,588,-32.943,31.412,0
1308,21.8218,free_swing,600,467,660,608,-25.017,23.051,0
1309,21.83848,free_swing,622,475,653,624,-15.998,11.753,0
1310,21.85517,free_swing,646,481,643,632,-6.509,-1.138,0
1311,21.87185,free_swing,674,482,632,625,4.194,-16.368,0
1312,21.88853,free_swing,697,476,628,610,13.285,-27.245,0
1313,21.90522,free_swing,719,470,629,590,22.087,-36.870,0
1314,21.9219,free_swing,737,461,633,570,29.840,-43.655,0
1315,21.93858,free_swing,753,450,639,552,37.333,-48.180,0
1316,21.95527,free_swing,766,440,646,536,43.643,-51.340,0
1317,21.97195,free_swing,775,431,653,523,48.526,-52.980,0
1318,21.98863,free_swing,782,423,659,515,52.595,-53.205,0
1319,22.00532,free_swing,786,417,664,510,55.353,-52.682,0
1320,22.022,free_swing,788,414,667,508,56.735,-52.158,0
1321,22.03868,free_swing,786,417,665,512,55.353,-51.864,0
1322,22.05537,free_swing,782,422,662,520,52.900,-50.763,0
1323,22.07205,free_swing,776,429,659,530,49.357,-49.198,0
1324,22.08873,free_swing,769,437,656,543,45.272,-46.831,0
1325,22.10542,free_swing,760,446,652,559,40.394,-43.704,0
1326,22.1221,free_swing,746,455,651,577,34.011,-37.907,0
1327,22.13878,free_swing,729,464,651,597,26.565,-30.390,0
1328,22.15547,free_swing,709,473,654,617,18.068,-20.904,0
1329,22.17215,free_swing,683,481,664,631,7.645,-7.219,0
1330,22.18883,free_swing,655,482,675,630,-3.053,7.696,0
1331,22.20552,free_swing,629,477,683,616,-13.196,21.231,0
1332,22.2222,free_swing,610,470,685,598,-21.010,30.368,0
1333,22.23888,free_swing,591,462,686,580,-28.980,38.837,0
1334,22.25557,free_swing,577,454,683,564,-35.181,43.939,0
1335,22.27225,free_swing,566,446,679,551,-40.394,47.102,0
1336,22.28893,free_swing,557,439,674,540,-44.731,49.198,0
1337,22.30562,free_swing,551,433,671,532,-47.956,50.477,0
1338,22.3223,free_swing,547,429,668,527,-50.097,50.995,0
1339,22.33898,free_swing,546,426,665,526,-51.221,49.958,0
1340,22.35567,free_swing,546,426,663,528,-51.221,48.918,0
1341,22.37235,free_swing,548,429,664,534,-49.853,47.849,0
1342,22.38903,free_swing,554,436,667,545,-46.345,46.032,0
1343,22.40572,free_swing,563,444,669,559,-41.760,42.668,0
1344,22.4224,free_swing,575,452,670,575,-36.254,37.681,0
1345,22.43908,free_swing,590,462,669,592,-29.316,31.287,0
1346,22.45577,free_swing,609,470,666,612,-21.371,21.871,0
1347,22.47245,free_swing,631,478,658,627,-12.362,10.271,0
1348,22.48913,free_swing,658,482,647,632,-1.909,-4.194,0
1349,22.50582,free_swing,685,480,638,622,8.455,-18.314,0
1350,22.5225,free_swing,706,474,634,605,16.847,-28.794,0
1351,22.53918,free_swing,726,466,635,585,25.181,-37.405,0
1352,22.55587,free_swing,744,457,638,565,32.943,-44.465,0
1353,22.57255,free_swing,758,447,643,548,39.560,-48.708,0
1354,22.58923,free_swing,769,437,649,533,45.272,-51.340,0
1355,22.60592,free_swing,777,429,655,521,49.606,-52.980,0
1356,22.6226,free_swing,783,422,659,513,53.130,-53.726,0
1357,22.63928,free_swing,786,417,662,508,55.353,-53.726,0
1358,22.65597,free_swing,785,418,661,508,54.819,-54.028,0
1359,22.67265,free_swing,782,423,656,513,52.595,-54.462,0
1360,22.68933,free_swing,776,430,651,520,49.066,-54.246,0
1361,22.70602,free_swing,769,437,647,531,45.272,-52.386,0
1362,22.7227,free_swing,761,446,641,545,40.684,-50.477,0
1363,22.73938,free_swing,748,454,636,562,34.866,-46.042,0
1364,22.75607,free_swing,732,463,633,581,27.777,-39.996,0
1365,22.77275,free_swing,715,471,633,601,20.511,-32.242,0
1366,22.78943,free_swing,694,479,636,621,11.908,-22.218,0
1367,22.80612,free_swing,665,482,646,631,0.764,-7.267,0
1368,22.8228,free_swing,637,480,658,627,-9.964,8.130,0
1369,22.83948,free_swing,613,472,665,611,-19.654,20.511,0
1370,22.85617,free_swing,595,464,668,593,-27.255,29.505,0
1371,22.87285,free_swing,577,454,670,575,-35.181,37.546,0
1372,22.88953,free_swing,565,446,669,559,-40.684,42.625,0
1373,22.90622,free_swing,556,437,667,546,-45.541,45.521,0
1374,22.9229,free_swing,550,431,666,534,-48.778,48.397,0
1375,22.93958,free_swing,545,426,664,526,-51.459,49.958,0
1376,22.95627,free_swing,543,423,663,522,-52.826,50.477,0
1377,22.97295,free_swing,543,423,663,521,-52.826,50.763,0
1378,22.98963,free_swing,544,425,665,524,-51.992,50.711,0
1379,23.00632,free_swing,549,431,671,532,-49.028,50.380,0
1380,23.023,free_swing,558,439,676,543,-44.459,48.608,0
1381,23.03968,free_swing,568,448,682,556,-39.316,46.548,0
1382,23.05637,free_swing,582,457,686,573,-32.943,41.878,0
1383,23.07305,free_swing,600,466,687,591,-25.181,34.838,0
1384,23.08973,free_swing,619,474,686,611,-17.216,26.061,0
1385,23.10642,free_swing,644,481,680,627,-7.267,13.851,0
1386,23.1231,free_swing,673,482,669,632,3.814,-1.528,0
1387,23.13978,free_swing,700,477,660,621,14.315,-15.524,0
1388,23.15647,free_swing,721,468,656,604,23.097,-25.545,0
1389,23.17315,free_swing,739,460,656,585,30.700,-33.584,0
1390,23.18983,free_swing,753,451,656,568,37.100,-39.661,0
1391,23.20652,free_swing,764,441,659,553,42.818,-43.152,0
1392,23.2232,free_swing,773,433,663,541,47.442,-45.526,0
1393,23.23988,free_swing,778,427,666,530,50.440,-47.397,0
1394,23.25657,free_swing,782,422,668,524,52.900,-48.180,0
1395,23.27325,free_swing,784,421,669,522,53.664,-48.708,0
1396,23.28993,free_swing,785,420,670,522,54.197,-48.428,0
1397,23.30662,free_swing,782,423,669,526,52.595,-47.651,0
1398,23.3233,free_swing,777,429,665,536,49.606,-46.308,0
1399,23.33998,free_swing,769,437,660,548,45.272,-44.479,0
1400,23.35667,free_swing,759,446,657,564,40.101,-40.840,0
1401,23.37335,free_swing,746,456,655,581,33.797,-36.055,0
1402,23.39003,free_swing,730,465,656,599,26.737,-28.909,0
1403,23.40672,free_swing,710,474,659,618,18.314,-19.502,0
1404,23.4234,free_swing,684,480,667,631,8.076,-6.423,0
1405,23.44008,free_swing,656,482,678,629,-2.672,8.512,0
1406,23.45677,free_swing,630,477,684,616,-12.821,21.231,0
1407,23.47345,free_swing,610,470,686,598,-21.010,30.700,0
1408,23.49013,free_swing,591,462,685,581,-28.980,38.306,0
1409,23.50682,free_swing,576,454,681,565,-35.493,43.409,0
1410,23.5235,free_swing,566,446,677,553,-40.394,46.051,0
1411,23.54018,free_swing,557,438,672,542,-45.000,47.875,0
1412,23.55687,free_swing,550,432,667,535,-48.493,48.641,0
1413,23.57355,free_swing,547,428,663,531,-50.389,48.397,0
1414,23.59023,free_swing,546,426,660,531,-51.221,47.353,0
1415,23.60692,free_swing,546,427,658,535,-50.925,46.042,0
1416,23.6236,free_swing,550,432,660,545,-48.493,44.229,0
1417,23.64028,free_swing,558,439,662,557,-44.459,41.392,0
1418,23.65697,free_swing,568,447,662,572,-39.560,36.943,0
1419,23.67365,free_swing,581,457,660,588,-33.265,31.092,0
1420,23.69033,free_swing,598,466,657,607,-25.877,22.706,0
1421,23.70702,free_swing,618,474,651,623,-17.583,12.488,0
1422,23.7237,free_swing,644,481,640,631,-7.267,-1.528,0
1423,23.74038,free_swing,670,481,629,626,2.690,-15.789,0
1424,23.75707,free_swing,693,478,624,611,11.611,-27.420,0
1425,23.77375,free_swing,714,471,625,591,20.148,-36.563,0
1426,23.79043,free_swing,735,463,629,570,28.794,-44.731,0
1427,23.80712,free_swing,751,452,636,552,36.254,-48.991,0
1428,23.8238,free_swing,765,442,644,535,42.839,-52.454,0
1429,23.84048,free_swing,775,431,651,522,48.526,-53.726,0
1430,23.85717,free_swing,782,422,659,512,52.900,-53.807,0
1431,23.87385,free_swing,788,415,664,506,56.416,-53.726,0
1432,23.89053,free_swing,790,411,668,503,58.116,-52.980,0
1433,23.90722,free_swing,788,414,666,507,56.735,-52.682,0
1434,23.9239,free_swing,784,419,663,513,54.284,-52.158,0
1435,23.94058,free_swing,780,425,660,523,51.520,-50.763,0
1436,23.95727,free_swing,774,432,657,535,47.984,-48.641,0
1437,23.97395,free_swing,766,441,655,549,43.379,-45.785,0
1438,23.99063,free_swing,754,450,652,567,37.639,-41.082,0
1439,24.00732,free_swing,739,460,652,587,30.700,-34.413,0
1440,24.024,free_swing,720,469,653,608,22.590,-25.735,0
1441,24.04068,free_swing,698,477,661,626,13.570,-13.946,0
1442,24.05737,free_swing,669,481,672,632,2.306,1.138,0
1443,24.07405,free_swing,641,480,682,623,-8.455,15.998,0
1444,24.09073,free_swing,620,474,687,607,-16.847,26.737,0
1445,24.10742,free_swing,601,467,687,588,-24.667,35.403,0
1446,24.1241,free_swing,584,459,686,571,-31.884,42.325,0
1447,24.14078,free_swing,572,451,683,557,-37.405,46.320,0
1448,24.15747,free_swing,562,443,679,545,-42.299,48.918,0
1449,24.17415,free_swing,555,436,674,535,-46.081,50.242,0
1450,24.19083,free_swing,550,432,670,529,-48.493,51.050,0
1451,24.20752,free_swing,547,428,667,526,-50.389,50.763,0
1452,24.2242,free_swing,547,427,666,527,-50.684,49.958,0
1453,24.24088,free_swing,549,431,668,533,-49.028,49.399,0
1454,24.25757,free_swing,556,438,672,544,-45.269,47.579,0
1455,24.27425,free_swing,565,445,675,557,-40.934,44.484,0
1456,24.29093,free_swing,576,454,676,571,-35.493,40.521,0
1457,24.30762,free_swing,591,462,676,589,-28.980,33.794,0
1458,24.3243,free_swing,609,470,675,608,-21.371,25.560,0
1459,24.34098,free_swing,630,478,669,625,-12.736,14.859,0
1460,24.35767,free_swing,656,482,658,632,-2.672,0.764,0
1461,24.37435,free_swing,683,481,647,625,7.645,-14.036,0
1462,24.39103,free_swing,706,474,642,610,16.847,-25.201,0
1463,24.40772,free_swing,727,466,642,589,25.530,-34.647,0
1464,24.4244,free_swing,745,456,644,569,33.476,-41.791,0
1465,24.44108,free_swing,759,445,648,550,40.350,-46.591,0
1466,24.45777,free_swing,772,435,653,534,46.621,-50.242,0
1467,24.47445,free_swing,780,426,659,520,51.221,-52.158,0
1468,24.49113,free_swing,785,418,664,511,54.819,-52.454,0
1469,24.50782,free_swing,790,412,667,504,57.792,-53.205,0
1470,24.5245,free_swing,791,411,666,502,58.318,-53.945,0
1471,24.54118,free_swing,788,415,662,504,56.416,-54.765,0
1472,24.55787,free_swing,782,422,657,510,52.900,-54.854,0
1473,24.57455,free_swing,777,429,651,519,49.606,-54.462,0
1474,24.59123,free_swing,770,437,646,530,45.541,-53.130,0
1475,24.60792,free_swing,760,446,641,546,40.394,-49.958,0
1476,24.6246,free_swing,746,455,635,565,34.011,-45.259,0
1477,24.64128,free_swing,730,465,633,584,26.737,-39.184,0
1478,24.65797,free_swing,710,473,632,605,18.435,-30.579,0
1479,24.67465,free_swing,686,480,637,624,8.833,-18.792,0
1480,24.69133,free_swing,656,482,648,632,-2.672,-3.053,0
1481,24.70802,free_swing,629,478,659,623,-13.109,11.689,0
1482,24.7247,free_swing,608,470,664,607,-21.730,22.233,0
1483,24.74138,free_swing,589,461,667,588,-29.840,31.557,0
1484,24.75807,free_swing,573,452,667,571,-36.870,38.306,0
1485,24.77475,free_swing,562,443,667,557,-42.299,42.647,0
1486,24.79143,free_swing,555,436,665,545,-46.081,45.262,0
1487,24.80812,free_swing,549,431,664,536,-49.028,47.603,0
1488,24.8248,free_swing,546,428,663,531,-50.631,48.641,0
1489,24.84148,free_swing,545,426,663,528,-51.459,49.160,0
1490,24.85817,free_swing,546,428,665,529,-50.631,49.677,0
1491,24.87485,free_swing,552,434,670,537,-47.420,48.883,0
1492,24.89153,free_swing,560,441,676,547,-43.379,47.579,0
1493,24.90822,free_swing,570,449,681,560,-38.480,45.000,0
1494,24.9249,free_swing,583,458,685,576,-32.412,40.840,0
1495,24.94158,free_swing,600,467,686,593,-25.017,34.315,0
1496,24.95827,free_swing,620,474,685,612,-16.847,25.221,0
1497,24.97495,free_swing,643,480,680,627,-7.696,14.128,0
1498,24.99163,free_swing,671,481,669,632,3.073,-0.759,0
1499,25.00832,free_swing,698,478,660,622,13.481,-14.783,0
1500,25.025,free_swing,719,470,656,606,22.087,-24.855,0
1501,25.04168,free_swing,739,460,656,585,30.700,-33.584,0
1502,25.05837,free_swing,755,449,657,566,38.179,-39.950,0
1503,25.07505,free_swing,768,439,661,549,44.459,-44.208,0
1504,25.09173,free_swing,777,428,666,534,49.899,-46.320,0
1505,25.10842,free_swing,785,420,670,522,54.197,-48.428,0
1506,25.1251,free_swing,789,413,673,513,57.265,-49.236,0
1507,25.14178,free_swing,791,409,676,508,58.970,-49.276,0
1508,25.15847,free_swing,793,408,676,508,59.689,-49.479,0
1509,25.17515,free_swing,789,411,673,512,57.913,-48.954,0
1510,25.19183,free_swing,785,418,667,519,54.819,-49.439,0
1511,25.20852,free_swing,779,427,663,530,50.684,-48.397,0
1512,25.2252,free_swing,770,436,658,544,45.815,-46.042,0
1513,25.24188,free_swing,759,446,653,561,40.101,-42.668,0
1514,25.25857,free_swing,744,457,651,579,32.943,-37.318,0
1515,25.27525,free_swing,726,467,651,600,25.017,-29.419,0
1516,25.29193,free_swing,706,475,653,620,16.736,-20.078,0
1517,25.30862,free_swing,677,482,662,632,5.332,-5.711,0
1518,25.3253,free_swing,647,481,673,628,-6.129,10.030,0
1519,25.34198,free_swing,622,474,679,612,-16.105,22.443,0
1520,25.35867,free_swing,601,467,679,593,-24.667,31.759,0
1521,25.37535,free_swing,583,458,679,576,-32.412,39.130,0
1522,25.39203,free_swing,570,449,676,561,-38.480,43.423,0
1523,25.40872,free_swing,560,441,672,547,-43.379,46.577,0
1524,25.4254,free_swing,553,434,668,538,-47.161,47.875,0
1525,25.44208,free_swing,548,428,664,531,-50.145,48.397,0
1526,25.45877,free_swing,545,425,661,528,-51.757,48.397,0
1527,25.47545,free_swing,544,424,660,528,-52.292,48.122,0
1528,25.49213,free_swing,545,426,660,533,-51.459,47.064,0
1529,25.50882,free_swing,551,433,664,542,-47.956,46.032,0
1530,25.5255,free_swing,559,440,666,555,-43.919,42.936,0
1531,25.54218,free_swing,569,449,668,569,-38.779,39.523,0
1532,25.55887,free_swing,583,458,668,585,-32.412,33.794,0
1533,25.57555,free_swing,600,467,666,604,-25.017,25.723,0
1534,25.59223,free_swing,621,474,661,622,-16.477,15.124,0
1535,25.60892,free_swing,646,481,651,632,-6.509,1.897,0
1536,25.6256,free_swing,673,482,640,628,3.814,-12.736,0
1537,25.64228,free_swing,697,477,635,613,13.196,-24.507,0
1538,25.65897,free_swing,718,470,634,593,21.730,-34.330,0
1539,25.67565,free_swing,738,461,637,573,30.174,-42.044,0
1540,25.69233,free_swing,753,451,641,556,37.100,-46.848,0
1541,25.70902,free_swing,766,441,648,540,43.379,-50.004,0
1542,25.7257,free_swing,775,432,654,527,48.240,-51.864,0
1543,25.74238,free_swing,781,424,659,518,52.058,-52.386,0
1544,25.75907,free_swing,786,418,664,512,55.039,-52.386,0
1545,25.77575,free_swing,787,415,666,510,56.203,-51.864,0
1546,25.79243,free_swing,786,418,664,513,55.039,-52.093,0
1547,25.80912,free_swing,781,424,660,520,52.058,-51.572,0
1548,25.8258,free_swing,775,431,657,530,48.526,-50.004,0
1549,25.84248,free_swing,768,438,652,543,44.728,-47.849,0
1550,25.85917,free_swing,758,447,649,558,39.560,-44.479,0
1551,25.87585,free_swing,744,457,646,577,32.943,-39.237,0
1552,25.89253,free_swing,727,466,647,596,25.530,-31.608,0
1553,25.90922,free_swing,707,474,649,617,17.216,-22.077,0
1554,25.9259,free_swing,681,481,657,631,6.888,-9.090,0
1555,25.94258,free_swing,652,482,669,630,-4.194,6.553,0
1556,25.95927,free_swing,626,476,677,617,-14.410,19.885,0
1557,25.97595,free_swing,606,469,679,599,-22.590,29.316,0
1558,25.99263,free_swing,588,461,680,581,-30.174,37.476,0
1559,26.00932,free_swing,574,453,678,565,-36.336,42.879,0
1560,26.026,free_swing,564,444,675,551,-41.474,46.051,0
1561,26.04268,free_swing,556,437,671,541,-45.541,47.875,0
1562,26.05937,free_swing,550,431,668,533,-48.778,49.160,0
1563,26.07605,free_swing,547,428,665,528,-50.389,49.720,0
1564,26.09273,free_swing,546,426,664,527,-51.221,49.439,0
1565,26.10942,free_swing,546,426,663,529,-51.221,48.641,0
1566,26.1261,free_swing,549,430,664,535,-49.316,47.603,0
1567,26.14278,free_swing,555,437,668,547,-45.807,45.771,0
1568,26.15947,free_swing,565,445,670,561,-40.934,42.151,0
1569,26.17615,free_swing,577,454,671,577,-35.181,37.388,0
1570,26.19283,free_swing,593,464,671,595,-27.937,30.770,0
1571,26.20952,free_swing,613,472,668,614,-19.654,21.173,0
1572,26.2262,free_swing,636,479,660,629,-10.408,9.090,0
1573,26.24288,free_swing,661,482,649,631,-0.764,-4.604,0
1574,26.25957,free_swing,690,479,640,621,10.408,-19.398,0
1575,26.27625,free_swing,710,473,637,603,18.435,-29.316,0
1576,26.29293,free_swing,731,465,639,582,27.080,-38.179,0
1577,26.30962,free_swing,748,455,642,563,34.647,-44.465,0
1578,26.3263,free_swing,761,444,647,546,41.186,-48.180,0
1579,26.34298,free_swing,772,435,653,531,46.621,-51.106,0
1580,26.35967,free_swing,779,426,658,520,50.981,-52.158,0
1581,26.37635,free_swing,784,419,663,513,54.284,-52.158,0
1582,26.39303,free_swing,788,415,666,508,56.416,-52.682,0
1583,26.40972,free_swing,788,415,665,508,56.416,-52.907,0
1584,26.4264,free_swing,784,420,661,513,53.973,-52.907,0
1585,26.44308,free_swing,779,426,657,521,50.981,-52.093,0
1586,26.45977,free_swing,772,434,653,533,46.900,-50.242,0
1587,26.47645,free_swing,764,442,648,547,42.558,-47.849,0
1588,26.49313,free_swing,753,452,643,563,36.870,-44.741,0
1589,26.50982,free_swing,737,461,642,582,29.840,-38.136,0
1590,26.5265,free_swing,719,470,642,603,22.087,-30.069,0
1591,26.54318,free_swing,697,477,646,622,13.196,-19.378,0
1592,26.55987,free_swing,670,482,656,632,2.672,-5.332,0
1593,26.57655,free_swing,641,480,668,626,-8.455,10.477,0
1594,26.59323,free_swing,618,473,674,611,-17.700,22.087,0
1595,26.60992,free_swing,598,465,676,592,-26.046,31.557,0
1596,26.6266,free_swing,581,457,676,575,-33.265,38.837,0
1597,26.64328,free_swing,569,449,675,560,-38.779,43.680,0
1598,26.65997,free_swing,559,440,672,547,-43.919,46.562,0
1599,26.67665,free_swing,553,434,669,537,-47.161,48.397,0
1600,26.69333,free_swing,549,430,667,530,-49.316,49.720,0
1601,26.71002,free_swing,546,427,665,527,-50.925,49.958,0
1602,26.7267,free_swing,546,427,665,527,-50.925,49.958,0
1603,26.74338,free_swing,549,431,669,532,-49.028,49.914,0
1604,26.76007,free_swing,557,438,674,541,-45.000,48.641,0
1605,26.77675,free_swing,565,445,678,554,-40.934,46.032,0
1606,26.79343,free_swing,577,454,681,569,-35.181,42.125,0
1607,26.81012,free_swing,592,463,683,585,-28.457,36.719,0
1608,26.8268,free_swing,610,471,682,605,-20.872,28.250,0
1609,26.84348,free_swing,632,478,678,622,-11.988,17.716,0
1610,26.86017,free_swing,658,481,669,632,-1.922,4.167,0
1611,26.87685,free_swing,685,480,658,627,8.455,-10.408,0
1612,26.89353,free_swing,709,473,652,612,18.068,-22.297,0
1613,26.91022,free_swing,728,465,651,593,26.046,-31.030,0
1614,26.9269,free_swing,746,456,652,574,33.797,-38.541,0
1615,26.94358,free_swing,760,446,655,557,40.394,-43.409,0
1616,26.96027,free_swing,771,435,659,541,46.357,-46.577,0
1617,26.97695,free_swing,779,426,664,528,50.981,-48.428,0
1618,26.99363,free_swing,785,419,668,519,54.507,-49.479,0
1619,27.01032,free_swing,788,414,671,513,56.735,-49.764,0
1620,27.027,free_swing,790,412,673,510,57.792,-50.050,0
1621,27.04368,free_swing,789,413,672,512,57.265,-49.764,0
1622,27.06037,free_swing,785,418,668,519,54.819,-49.198,0
1623,27.07705,free_swing,779,426,662,529,50.981,-48.641,0
1624,27.09373,free_swing,772,435,658,542,46.621,-46.814,0
1625,27.11042,free_swing,761,444,655,557,41.186,-43.169,0
1626,27.1271,free_swing,749,454,652,575,35.181,-38.718,0
1627,27.14378,free_swing,731,464,652,595,27.255,-31.092,0
1628,27.16047,free_swing,709,473,654,616,18.068,-21.038,0
1629,27.17715,free_swing,684,480,662,630,8.076,-8.344,0
1630,27.19383,free_swing,655,482,672,630,-3.053,6.553,0
1631,27.21052,free_swing,629,477,679,617,-13.196,19.654,0
1632,27.2272,free_swing,609,470,681,599,-21.371,29.168,0
1633,27.24388,free_swing,590,462,681,582,-29.316,37.174,0
1634,27.26057,free_swing,575,453,678,567,-36.027,42.098,0
1635,27.27725,free_swing,564,445,674,554,-41.222,45.262,0
1636,27.29393,free_swing,556,438,669,543,-45.269,47.102,0
1637,27.31062,free_swing,550,432,665,536,-48.493,47.875,0
1638,27.3273,free_swing,547,428,662,532,-50.389,47.875,0
1639,27.34398,free_swing,546,426,659,532,-51.221,46.831,0
1640,27.36067,free_swing,546,426,658,535,-51.221,45.778,0
1641,27.37735,free_swing,550,432,660,544,-48.493,44.484,0
1642,27.39403,free_swing,558,439,661,556,-44.459,41.359,0
1643,27.41072,free_swing,568,447,662,571,-39.560,37.164,0
1644,27.4274,free_swing,581,456,661,587,-33.476,31.412,0
1645,27.44408,free_swing,598,466,659,605,-25.877,23.694,0
1646,27.46077,free_swing,618,474,652,622,-17.583,12.938,0
1647,27.47745,free_swing,642,480,642,631,-8.076,0.000,0
1648,27.49413,free_swing,670,482,632,627,2.672,-14.685,0
1649,27.51082,free_swing,693,478,627,613,11.611,-26.053,0
1650,27.5275,free_swing,714,471,628,592,20.148,-35.403,0
1651,27.54418,free_swing,735,462,631,571,28.980,-43.655,0
1652,27.56087,free_swing,752,451,637,553,36.793,-48.428,0
1653,27.57755,free_swing,766,441,645,536,43.379,-51.864,0
1654,27.59423,free_swing,775,431,652,522,48.526,-53.505,0
1655,27.61092,free_swing,782,422,659,512,52.900,-53.807,0
1656,27.6276,free_swing,788,415,665,505,56.416,-53.807,0
1657,27.64428,free_swing,792,410,668,503,58.841,-53.130,0
1658,27.66097,free_swing,789,413,667,506,57.265,-52.682,0
1659,27.67765,free_swing,786,418,663,513,55.039,-52.319,0
1660,27.69433,free_swing,780,424,660,521,51.821,-51.050,0
1661,27.71102,free_swing,774,432,656,533,47.984,-49.439,0
1662,27.7277,free_swing,765,440,653,548,43.363,-46.042,0
1663,27.74438,free_swing,753,451,650,566,37.100,-41.849,0
1664,27.76107,free_swing,737,460,649,586,30.033,-34.931,0
1665,27.77775,free_swing,720,470,651,607,22.443,-26.732,0
1666,27.79443,free_swing,697,478,657,625,13.109,-15.222,0
1667,27.81112,free_swing,669,482,669,633,2.291,0.000,0
1668,27.8278,free_swing,640,480,679,623,-8.833,15.255,0
1669,27.84448,free_swing,618,473,684,607,-17.700,26.222,0
1670,27.86117,free_swing,599,466,685,588,-25.530,35.181,0
1671,27.87785,free_swing,582,458,684,571,-32.735,42.071,0
1672,27.89453,free_swing,570,450,681,557,-38.243,46.051,0
1673,27.91122,free_swing,560,441,677,544,-43.379,48.641,0
1674,27.9279,free_swing,553,435,673,535,-46.882,50.194,0
1675,27.94458,free_swing,549,430,669,529,-49.316,50.477,0
1676,27.96127,free_swing,547,427,666,526,-50.684,50.242,0
1677,27.97795,free_swing,547,427,666,526,-50.684,50.242,0
1678,27.99463,free_swing,550,431,669,533,-48.778,49.399,0
1679,28.01132,free_swing,556,438,673,543,-45.269,48.094,0
1680,28.028,free_swing,566,446,677,556,-40.394,45.259,0
1681,28.04468,free_swing,577,454,679,571,-35.181,41.082,0
1682,28.06137,free_swing,592,463,680,589,-28.457,34.931,0
1683,28.07805,free_swing,611,471,678,608,-20.511,26.061,0
1684,28.09473,free_swing,633,478,673,625,-11.611,15.222,0
1685,28.11142,free_swing,660,482,662,633,-1.146,0.759,0
1686,28.1281,free_swing,688,480,652,625,9.588,-13.943,0
1687,28.14478,free_swing,709,473,647,609,18.068,-24.507,0
1688,28.16147,free_swing,730,465,646,589,26.737,-34.114,0
1689,28.17815,free_swing,747,455,649,568,34.330,-40.934,0
1690,28.19483,free_swing,762,444,653,550,41.474,-45.799,0
1691,28.21152,free_swing,774,433,658,534,47.701,-48.954,0
1692,28.2282,free_swing,782,423,663,520,52.595,-50.816,0
1693,28.24488,free_swing,787,415,668,511,56.203,-51.106,0
1694,28.26157,free_swing,791,410,671,505,58.643,-51.633,0
1695,28.27825,free_swing,793,408,671,503,59.689,-52.093,0
1696,28.29493,free_swing,790,413,666,506,57.470,-53.130,0
1697,28.31162,free_swing,784,420,660,513,53.973,-53.130,0
1698,28.3283,free_swing,777,428,655,523,49.899,-52.093,0
1699,28.34498,free_swing,769,437,649,536,45.272,-50.477,0
1700,28.36167,free_swing,758,447,643,551,39.560,-47.875,0
1701,28.37835,free_swing,744,457,638,570,32.943,-43.169,0
1702,28.39503,free_swing,727,466,636,591,25.530,-36.055,0
1703,28.41172,free_swing,705,474,636,612,16.477,-26.565,0
1704,28.4284,free_swing,678,481,643,629,5.749,-13.305,0
1705,28.44508,free_swing,648,481,655,631,-5.749,2.672,0
1706,28.46177,free_swing,622,475,663,618,-15.998,15.998,0
1707,28.47845,free_swing,601,467,666,600,-24.667,26.046,0
1708,28.49513,free_swing,583,457,667,582,-32.619,33.901,0
1709,28.51182,free_swing,568,448,666,564,-39.316,40.192,0
1710,28.5285,free_swing,557,439,664,551,-44.731,43.692,0
1711,28.54518,free_swing,550,431,661,539,-48.778,45.785,0
1712,28.56187,free_swing,545,425,658,530,-51.757,47.102,0
1713,28.57855,free_swing,541,421,657,525,-53.889,48.122,0
1714,28.59523,free_swing,540,419,656,523,-54.728,48.122,0
1715,28.61192,free_swing,541,420,656,525,-54.197,47.603,0
1716,28.6286,free_swing,545,426,661,533,-51.459,47.311,0
1717,28.64528,free_swing,553,434,666,544,-47.161,45.771,0
1718,28.66197,free_swing,562,443,670,557,-42.299,43.452,0
1719,28.67865,free_swing,575,453,673,573,-36.027,39.237,0
1720,28.69533,free_swing,591,462,674,591,-28.980,32.758,0
1721,28.71202,free_swing,611,471,672,611,-20.511,23.543,0
1722,28.7287,free_swing,634,478,667,627,-11.234,12.488,0
1723,28.74538,free_swing,662,482,656,632,-0.382,-2.291,0
1724,28.76207,free_swing,690,479,647,622,10.408,-16.736,0
1725,28.77875,free_swing,715,472,644,605,20.376,-28.095,0
1726,28.79543,free_swing,733,464,645,586,27.937,-35.803,0
1727,28.81212,free_swing,749,454,648,567,35.181,-41.791,0
1728,28.8288,free_swing,762,444,653,551,41.474,-45.531,0
1729,28.84548,free_swing,772,434,658,538,46.900,-47.626,0
1730,28.86217,free_swing,779,426,664,527,50.981,-48.708,0
1731,28.87885,free_swing,784,419,669,520,54.284,-48.708,0
1732,28.89553,free_swing,788,415,672,517,56.416,-48.674,0
1733,28.91222,free_swing,789,414,674,516,56.944,-48.428,0
1734,28.9289,free_swing,786,417,673,523,55.353,-46.831,0
1735,28.94558,free_swing,781,424,669,532,52.058,-46.042,0
1736,28.96227,free_swing,774,432,666,544,47.984,-43.958,0
1737,28.97895,free_swing,765,441,664,559,43.100,-40.561,0
1738,28.99563,free_swing,754,450,663,576,37.639,-35.838,0
1739,29.01232,free_swing,738,460,664,595,30.368,-28.729,0
1740,29.029,free_swing,718,470,667,615,21.730,-19.378,0
1741,29.04568,free_swing,693,478,676,629,11.611,-6.423,0
1742,29.06237,free_swing,665,482,687,630,0.764,8.455,0
1743,29.07905,free_swing,639,479,693,618,-9.273,21.231,0
1744,29.09573,free_swing,618,473,694,600,-17.700,30.897,0
1745,29.11242,free_swing,599,466,693,583,-25.530,38.779,0
1746,29.1291,free_swing,584,458,690,568,-32.087,43.939,0
1747,29.14578,free_swing,571,450,685,555,-37.942,47.353,0
1748,29.16247,free_swing,561,442,678,544,-42.839,48.918,0
1749,29.17915,free_swing,554,435,672,536,-46.621,49.439,0
1750,29.19583,free_swing,550,430,667,532,-49.066,48.918,0
1751,29.21252,free_swing,547,427,662,531,-50.684,47.875,0
1752,29.2292,free_swing,546,427,659,534,-50.925,46.562,0
1753,29.24588,free_swing,550,431,659,544,-48.778,43.968,0
1754,29.26257,free_swing,557,438,660,556,-45.000,41.117,0
1755,29.27925,free_swing,566,446,660,571,-40.394,36.943,0
1756,29.29593,free_swing,578,455,658,586,-34.647,31.412,0
1757,29.31262,free_swing,595,464,654,604,-27.255,22.852,0
1758,29.3293,free_swing,614,473,647,621,-19.163,12.570,0
1759,29.34598,free_swing,638,479,636,631,-9.652,-0.754,0
1760,29.36267,free_swing,665,482,625,626,0.764,-15.524,0
1761,29.37935,free_swing,689,479,619,612,10.030,-27.759,0
1762,29.39603,free_swing,709,473,619,593,18.068,-36.870,0
1763,29.41272,free_swing,731,464,624,571,27.255,-45.000,0
1764,29.4294,free_swing,748,455,630,552,34.647,-50.579,0
1765,29.44608,free_swing,763,443,639,534,42.016,-53.726,0
1766,29.46277,free_swing,774,432,648,520,47.984,-55.069,0
1767,29.47945,free_swing,782,423,655,508,52.595,-56.206,0
1768,29.49613,free_swing,788,414,662,502,56.735,-55.069,0
1769,29.51282,free_swing,792,409,667,498,59.167,-54.549,0
1770,29.5295,free_swing,792,408,668,500,59.496,-53.427,0
1771,29.54618,free_swing,789,413,665,505,57.265,-53.427,0
1772,29.56287,free_swing,785,420,661,513,54.197,-53.130,0
1773,29.57955,free_swing,779,426,659,524,50.981,-50.763,0
1774,29.59623,free_swing,772,435,655,538,46.621,-48.641,0
1775,29.61292,free_swing,761,445,651,555,40.934,-45.000,0
1776,29.6296,free_swing,747,455,650,576,34.330,-38.718,0
1777,29.64628,free_swing,730,464,650,596,26.911,-31.218,0
1778,29.66297,free_swing,710,473,654,617,18.435,-21.251,0
1779,29.67965,free_swing,682,480,664,631,7.316,-6.798,0
1780,29.69633,free_swing,653,482,676,629,-3.814,8.893,0
1781,29.71302,free_swing,628,477,683,614,-13.570,21.873,0
1782,29.7297,free_swing,607,469,686,595,-22.233,32.087,0
1783,29.74638,free_swing,589,461,686,577,-29.840,39.903,0
1784,29.76307,free_swing,574,453,683,560,-36.336,45.531,0
1785,29.77975,free_swing,563,444,679,546,-41.760,48.674,0
1786,29.79643,free_swing,555,436,675,534,-46.081,50.763,0
1787,29.81312,free_swing,549,430,672,526,-49.316,52.028,0
1788,29.8298,free_swing,545,426,669,520,-51.459,52.836,0
1789,29.84648,free_swing,544,424,667,519,-52.292,52.319,0
1790,29.86317,free_swing,545,426,669,521,-51.459,52.543,0
1791,29.87985,free_swing,550,432,674,530,-48.493,51.680,0
1792,29.89653,free_swing,558,439,678,541,-44.459,49.635,0
1793,29.91322,free_swing,568,448,683,554,-39.316,47.332,0
1794,29.9299,free_swing,581,457,687,571,-33.265,42.917,0
1795,29.94658,free_swing,597,465,688,588,-26.392,36.495,0
1796,29.96327,free_swing,617,473,686,608,-18.068,27.072,0
1797,29.97995,free_swing,639,480,681,626,-9.211,16.049,0
1798,29.99663,free_swing,668,482,670,632,1.909,0.764,0
1799,30.01332,free_swing,695,478,659,623,12.362,-13.943,0
1800,30.03,free_swing,718,470,654,606,21.730,-25.201,0
1801,30.04668,free_swing,735,462,653,587,28.980,-33.265,0
1802,30.06337,free_swing,751,453,654,569,36.027,-39.903,0
1803,30.08005,free_swing,763,443,656,552,42.016,-44.469,0
1804,30.09673,free_swing,772,434,660,539,46.900,-46.848,0
1805,30.11342,free_swing,779,426,663,527,50.981,-48.954,0
1806,30.1301,free_swing,783,421,666,520,53.437,-49.764,0
1807,30.14678,free_swing,785,418,667,515,54.819,-50.579,0
1808,30.16347,free_swing,786,418,667,514,55.039,-51.106,0
1809,30.18015,free_swing,785,419,666,517,54.507,-50.528,0
1810,30.19683,free_swing,780,426,661,526,51.221,-49.958,0
1811,30.21352,free_swing,772,434,656,536,46.900,-48.674,0
1812,30.2302,free_swing,763,443,651,551,42.016,-46.042,0
1813,30.24688,free_swing,751,452,647,568,36.254,-41.878,0
1814,30.26357,free_swing,736,462,645,585,29.316,-36.495,0
1815,30.28025,free_swing,717,470,645,606,21.371,-27.897,0
1816,30.29693,free_swing,694,478,649,625,11.988,-17.021,0
1817,30.31362,free_swing,665,483,659,632,0.759,-2.306,0
1818,30.3303,free_swing,636,480,669,624,-10.339,12.907,0
1819,30.34698,free_swing,614,472,674,609,-19.290,23.651,0
1820,30.36367,free_swing,596,464,674,590,-26.911,31.759,0
1821,30.38035,free_swing,580,456,674,574,-33.797,38.541,0
1822,30.39703,free_swing,567,447,671,560,-39.855,42.625,0
1823,30.41372,free_swing,558,439,667,548,-44.459,45.000,0
1824,30.4304,free_swing,551,432,664,538,-48.240,46.831,0
1825,30.44708,free_swing,547,428,660,534,-50.389,46.831,0
1826,30.46377,free_swing,545,425,658,532,-51.757,46.562,0
1827,30.48045,free_swing,545,425,657,532,-51.757,46.308,0
1828,30.49713,free_swing,548,429,659,540,-49.853,45.000,0
1829,30.51382,free_swing,555,436,663,551,-46.081,43.202,0
1830,30.5305,free_swing,564,445,665,564,-41.222,40.323,0
1831,30.54718,free_swing,576,454,665,580,-35.493,35.235,0
1832,30.56387,free_swing,593,463,664,597,-28.118,27.917,0
1833,30.58055,free_swing,611,471,660,616,-20.511,18.672,0
1834,30.59723,free_swing,634,479,652,629,-11.160,6.843,0
1835,30.61392,free_swing,662,482,642,630,-0.382,-7.696,0
1836,30.6306,free_swing,689,479,634,619,10.030,-21.448,0
1837,30.64728,free_swing,709,473,633,601,18.068,-30.700,0
1838,30.66397,free_swing,730,465,635,581,26.737,-39.316,0
1839,30.68065,free_swing,747,455,639,562,34.330,-45.266,0
1840,30.69733,free_swing,762,444,647,546,41.474,-48.428,0
1841,30.71402,free_swing,774,433,654,531,47.701,-50.763,0
1842,30.7307,free_swing,782,424,662,519,52.292,-51.633,0
1843,30.74738,free_swing,787,416,668,512,55.886,-51.106,0
1844,30.76407,free_swing,791,410,673,508,58.643,-50.290,0
1845,30.78075,free_swing,792,411,673,510,58.517,-50.242,0
1846,30.79743,free_swing,788,415,670,516,56.416,-49.439,0
1847,30.81412,free_swing,782,423,667,525,52.595,-48.428,0
1848,30.8308,free_swing,776,430,664,538,49.066,-46.042,0
1849,30.84748,free_swing,769,438,662,552,45.000,-43.186,0
1850,30.86417,free_swing,757,448,659,570,39.019,-38.774,0
1851,30.88085,free_swing,741,458,660,589,31.759,-31.729,0
1852,30.89753,free_swing,722,468,662,610,23.452,-22.906,0
1853,30.91422,free_swing,697,477,669,627,13.196,-10.574,0
1854,30.9309,free_swing,670,481,680,631,2.690,3.814,0
1855,30.94758,free_swing,643,480,689,621,-7.696,18.068,0
1856,30.96427,free_swing,621,474,692,604,-16.477,28.641,0
1857,30.98095,free_swing,601,467,691,586,-24.667,37.100,0
1858,30.99763,free_swing,584,459,689,570,-31.884,43.409,0
1859,31.01432,free_swing,571,450,684,556,-37.942,46.831,0
1860,31.031,free_swing,561,442,678,543,-42.839,49.198,0
1861,31.04768,free_swing,552,434,671,534,-47.420,49.958,0
1862,31.06437,free_swing,547,428,666,527,-50.389,50.242,0
1863,31.08105,free_swing,543,424,661,525,-52.524,49.439,0
1864,31.09773,free_swing,542,421,657,525,-53.664,47.875,0
1865,31.11442,free_swing,543,423,655,531,-52.826,46.042,0
1866,31.1311,free_swing,548,429,657,541,-49.853,44.222,0
1867,31.14778,free_swing,555,437,659,555,-45.807,41.392,0
1868,31.16447,free_swing,565,445,659,571,-40.934,36.724,0
1869,31.18115,free_swing,579,455,657,588,-34.330,30.390,0
1870,31.19783,free_swing,597,465,653,607,-26.392,21.523,0
1871,31.21452,free_swing,617,473,646,623,-18.068,10.942,0
1872,31.2312,free_swing,643,480,635,631,-7.696,-3.033,0
1873,31.24788,free_swing,670,482,624,624,2.672,-17.949,0
1874,31.26457,free_swing,693,478,620,609,11.611,-29.129,0
1875,31.28125,free_swing,715,471,622,588,20.511,-38.480,0
1876,31.29793,free_swing,735,462,626,567,28.980,-46.071,0
1877,31.31462,free_swing,752,451,633,549,36.793,-50.528,0
1878,31.3313,free_swing,766,441,642,532,43.379,-53.726,0
1879,31.34798,free_swing,776,430,650,519,49.066,-54.765,0
1880,31.36467,free_swing,783,421,657,509,53.437,-55.069,0
1881,31.38135,free_swing,789,414,663,503,56.944,-54.765,0
1882,31.39803,free_swing,791,411,667,501,58.318,-54.028,0
1883,31.41472,free_swing,790,413,665,503,57.470,-54.246,0
1884,31.4314,free_swing,786,419,661,510,54.728,-53.945,0
1885,31.44808,free_swing,780,425,658,520,51.520,-52.093,0
1886,31.46477,free_swing,774,433,655,532,47.701,-50.242,0
1887,31.48145,free_swing,765,441,651,547,43.100,-47.083,0
1888,31.49813,free_swing,752,451,648,566,36.793,-42.125,0
1889,31.51482,free_swing,737,461,647,586,29.840,-35.754,0
1890,31.5315,free_swing,717,470,648,608,21.371,-26.565,0
1891,31.54818,free_swing,694,478,655,626,11.988,-14.763,0
1892,31.56487,free_swing,666,482,667,632,1.146,0.382,0
1893,31.58155,free_swing,637,480,677,623,-9.964,15.627,0
1894,31.59823,free_swing,616,473,682,605,-18.435,26.565,0
1895,31.61492,free_swing,597,465,683,587,-26.392,35.181,0
1896,31.6316,free_swing,580,457,682,569,-33.584,42.325,0
1897,31.64828,free_swing,568,448,679,554,-39.316,46.320,0
1898,31.66497,free_swing,558,440,675,542,-44.193,48.918,0
1899,31.68165,free_swing,552,434,672,532,-47.420,50.763,0
1900,31.69833,free_swing,548,428,668,526,-50.145,50.763,0
1901,31.71502,free_swing,546,426,667,523,-51.221,51.282,0
1902,31.7317,free_swing,545,426,667,524,-51.459,51.226,0
1903,31.74838,free_swing,550,431,670,530,-48.778,50.477,0
1904,31.76507,free_swing,556,438,675,541,-45.269,49.122,0
1905,31.78175,free_swing,566,446,680,553,-40.394,46.814,0
1906,31.79843,free_swing,577,454,683,569,-35.181,42.668,0
1907,31.81512,free_swing,593,463,685,587,-28.118,36.573,0
1908,31.8318,free_swing,612,471,684,605,-20.148,28.250,0
1909,31.84848,free_swing,634,478,679,624,-11.234,17.130,0
1910,31.86517,free_swing,661,482,669,632,-0.764,3.053,0
1911,31.88185,free_swing,690,479,658,626,10.408,-12.281,0
1912,31.89853,free_swing,712,472,652,610,19.290,-23.499,0
1913,31.91522,free_swing,732,464,651,590,27.597,-32.735,0
1914,31.9319,free_swing,749,454,652,570,35.181,-39.903,0
1915,31.94858,free_swing,762,443,655,553,41.730,-44.208,0
1916,31.96527,free_swing,773,433,660,537,47.442,-47.375,0
1917,31.98195,free_swing,781,424,664,524,52.058,-49.479,0
1918,31.99863,free_swing,787,417,668,514,55.570,-50.816,0
1919,32.01532,free_swing,790,412,671,508,57.792,-51.106,0
1920,32.032,free_swing,792,409,672,505,59.167,-51.340,0
1921,32.04868,free_swing,790,411,669,508,58.116,-51.282,0
1922,32.06537,free_swing,785,418,664,514,54.819,-51.572,0
1923,32.08205,free_swing,779,426,658,523,50.981,-51.282,0
1924,32.09873,free_swing,771,435,653,537,46.357,-49.160,0
1925,32.11542,free_swing,760,445,647,552,40.643,-46.562,0
1926,32.1321,free_swing,747,455,642,570,34.330,-42.397,0
1927,32.14878,free_swing,729,465,641,590,26.392,-35.146,0
1928,32.16547,free_swing,708,473,641,612,17.700,-25.735,0
1929,32.18215,free_swing,682,480,647,628,7.316,-13.305,0
1930,32.19883,free_swing,652,482,659,631,-4.194,2.690,0
1931,32.21552,free_swing,625,476,667,619,-14.783,16.368,0
1932,32.2322,free_swing,604,468,670,601,-23.452,26.392,0
1933,32.24888,free_swing,586,459,671,583,-31.228,34.430,0
1934,32.26557,free_swing,571,450,670,567,-37.942,40.236,0
1935,32.28225,free_swing,561,442,668,553,-42.839,43.949,0
1936,32.29893,free_swing,553,435,665,542,-46.882,46.308,0
1937,32.31562,free_swing,549,429,662,535,-49.606,46.831,0
1938,32.3323,free_swing,545,426,660,530,-51.459,47.875,0
1939,32.34898,free_swing,544,425,660,529,-51.992,48.122,0
1940,32.36567,free_swing,546,426,661,532,-51.221,47.332,0
1941,32.38235,free_swing,551,433,665,540,-47.956,46.814,0
1942,32.39903,free_swing,559,440,669,552,-43.919,44.484,0
1943,32.41572,free_swing,569,449,672,566,-38.779,41.359,0
1944,32.4324,free_swing,582,457,673,581,-32.943,36.274,0
1945,32.44908,free_swing,600,466,673,600,-25.181,28.580,0
1946,32.46577,free_swing,620,474,669,618,-16.847,18.792,0
1947,32.48245,free_swing,645,481,661,631,-6.888,6.089,0
1948,32.49913,free_swing,673,482,650,630,3.814,-8.833,0
1949,32.51582,free_swing,697,477,644,617,13.196,-20.735,0
1950,32.5325,free_swing,719,470,643,598,22.087,-30.700,0
1951,32.54918,free_swing,738,461,644,577,30.174,-39.019,0
1952,32.56587,free_swing,754,450,648,561,37.639,-43.680,0
1953,32.58255,free_swing,767,440,653,544,43.919,-47.626,0
1954,32.59923,free_swing,775,431,660,530,48.526,-49.276,0
1955,32.61592,free_swing,782,422,665,521,52.900,-49.764,0
1956,32.6326,free_swing,786,416,669,514,55.670,-50.050,0
1957,32.64928,free_swing,790,413,672,511,57.470,-50.290,0
1958,32.66597,free_swing,788,414,670,514,56.735,-49.720,0
1959,32.68265,free_swing,784,420,667,520,53.973,-49.479,0
1960,32.69933,free_swing,778,428,662,531,50.145,-48.397,0
1961,32.71602,free_swing,771,435,659,544,46.357,-45.778,0
1962,32.7327,free_swing,761,445,656,559,40.934,-42.647,0
1963,32.74938,free_swing,748,455,653,577,34.647,-37.907,0
1964,32.76607,free_swing,731,464,653,597,27.255,-30.390,0
1965,32.78275,free_swing,710,473,656,617,18.435,-20.556,0
1966,32.79943,free_swing,684,480,665,631,8.076,-7.172,0
1967,32.81612,free_swing,655,482,675,630,-3.053,7.696,0
1968,32.8328,free_swing,631,478,682,617,-12.362,20.148,0
1969,32.84948,free_swing,609,470,684,599,-21.371,30.174,0
1970,32.86617,free_swing,591,463,683,581,-28.794,37.942,0
1971,32.88285,free_swing,576,454,681,566,-35.493,43.152,0
1972,32.89953,free_swing,565,446,676,552,-40.684,46.320,0
1973,32.91622,free_swing,556,438,671,541,-45.269,48.151,0
1974,32.9329,free_swing,550,431,666,534,-48.778,48.397,0
1975,32.94958,free_swing,546,427,662,529,-50.925,48.674,0
1976,32.96627,free_swing,543,424,659,528,-52.524,48.122,0
1977,32.98295,free_swing,544,424,657,531,-52.292,46.562,0
1978,32.99963,free_swing,548,429,658,539,-49.853,45.000,0
1979,33.01632,free_swing,554,436,660,552,-46.345,42.421,0
1980,33.033,free_swing,564,444,661,567,-41.474,38.260,0
1981,33.04968,free_swing,576,454,660,582,-35.493,33.275,0
1982,33.06637,free_swing,593,463,658,601,-28.118,25.221,0
1983,33.08305,free_swing,612,472,653,619,-20.016,15.584,0
1984,33.09973,free_swing,636,479,643,630,-10.408,2.654,0
1985,33.11642,free_swing,662,482,632,628,-0.382,-11.611,0
1986,33.1331,free_swing,689,479,626,616,10.030,-24.696,0
1987,33.14978,free_swing,709,473,626,596,18.068,-34.011,0
1988,33.16647,free_swing,730,465,629,574,26.737,-42.818,0
1989,33.18315,free_swing,748,454,634,556,34.866,-48.180,0
1990,33.19983,free_swing,763,443,643,538,42.016,-51.633,0
1991,33.21652,free_swing,774,432,650,523,47.984,-53.726,0
1992,33.2332,free_swing,782,423,658,513,52.595,-54.028,0
1993,33.24988,free_swing,788,415,664,506,56.416,-53.726,0
1994,33.26657,free_swing,791,410,668,502,58.643,-53.205,0
1995,33.28325,free_swing,790,412,666,504,57.792,-53.427,0
1996,33.29993,free_swing,786,417,663,510,55.353,-52.907,0
1997,33.31662,free_swing,781,424,660,519,52.058,-51.864,0
1998,33.3333,free_swing,775,431,656,530,48.526,-50.242,0
1999,33.34998,free_swing,768,439,653,544,44.459,-47.603,0
2000,33.36667,free_swing,756,449,649,562,38.480,-43.438,0
2001,33.38335,free_swing,741,458,647,582,31.759,-37.164,0
2002,33.40003,free_swing,724,468,648,602,24.158,-29.560,0
2003,33.41672,free_swing,702,476,653,622,15.154,-18.553,0
2004,33.4334,free_swing,673,481,664,632,3.840,-3.411,0
2005,33.45008,free_swing,644,481,675,626,-7.267,12.068,0
2006,33.46677,free_swing,621,475,681,611,-16.368,23.806,0
2007,33.48345,free_swing,602,467,683,592,-24.316,32.943,0
2008,33.50013,free_swing,584,459,682,575,-31.884,40.192,0
2009,33.51682,free_swing,571,450,680,559,-37.942,45.000,0
2010,33.5335,free_swing,561,442,676,546,-42.839,47.875,0
2011,33.55018,free_swing,554,435,672,535,-46.621,49.720,0
2012,33.56687,free_swing,549,430,669,528,-49.316,50.763,0
2013,33.58355,free_swing,546,427,666,525,-50.925,50.763,0
2014,33.60023,free_swing,545,425,665,524,-51.757,50.477,0
2015,33.61692,free_swing,546,427,665,527,-50.925,49.958,0
2016,33.6336,free_swing,550,432,668,536,-48.493,48.608,0
2017,33.65028,free_swing,558,440,672,548,-44.193,46.548,0
2018,33.66697,free_swing,568,448,675,563,-39.316,42.936,0
2019,33.68365,free_swing,582,457,677,580,-32.943,37.681,0
2020,33.70033,free_swing,600,467,676,598,-25.017,30.120,0
2021,33.71702,free_swing,619,474,672,617,-17.216,20.336,0
2022,33.7337,free_swing,644,480,664,631,-7.316,7.545,0
2023,33.75038,free_swing,672,482,653,630,3.434,-7.316,0
2024,33.76707,free_swing,698,478,645,618,13.481,-20.735,0
2025,33.78375,free_swing,717,470,643,599,21.371,-29.840,0
2026,33.80043,free_swing,739,460,644,577,30.700,-39.075,0
2027,33.81712,free_swing,754,450,647,558,37.639,-44.734,0
2028,33.8338,free_swing,767,440,652,541,43.919,-48.708,0
2029,33.85048,free_swing,776,430,657,527,49.066,-50.816,0
2030,33.86717,free_swing,783,422,662,516,53.130,-52.158,0
2031,33.88385,free_swing,787,415,665,509,56.203,-52.386,0
2032,33.90053,free_swing,789,414,666,505,56.944,-53.505,0
2033,33.91722,free_swing,787,416,662,507,55.886,-53.945,0
2034,33.9339,free_swing,782,423,656,512,52.595,-54.765,0
2035,33.95058,free_swing,776,430,651,521,49.066,-53.945,0
2036,33.96727,free_swing,768,438,646,532,44.728,-52.386,0
2037,33.98395,free_swing,759,446,639,547,40.101,-49.914,0
2038,34.00063,free_swing,746,456,634,564,33.797,-46.042,0
2039,34.01732,free_swing,729,465,631,583,26.392,-39.710,0
2040,34.034,free_swing,710,473,630,605,18.435,-31.218,0
2041,34.05068,free_swing,686,480,635,624,8.833,-19.502,0
2042,34.06737,free_swing,656,481,646,632,-2.690,-3.789,0
2043,34.08405,free_swing,628,477,656,624,-13.570,10.784,0
2044,34.10073,free_swing,607,469,662,607,-22.233,21.730,0
2045,34.11742,free_swing,587,460,664,588,-30.700,31.030,0
2046,34.1341,free_swing,572,451,665,571,-37.405,37.776,0
2047,34.15078,free_swing,561,442,664,557,-42.839,41.849,0
2048,34.16747,free_swing,553,434,663,545,-47.161,44.741,0
2049,34.18415,free_swing,548,428,661,535,-50.145,46.562,0
2050,34.20083,free_swing,544,425,659,528,-51.992,48.151,0
2051,34.21752,free_swing,543,423,659,526,-52.826,48.397,0
2052,34.2342,free_swing,543,423,660,526,-52.826,48.641,0
2053,34.25088,free_swing,547,427,663,532,-50.684,47.849,0
2054,34.26757,free_swing,553,435,669,542,-46.882,47.311,0
2055,34.28425,free_swing,562,443,674,553,-42.299,45.516,0
2056,34.30093,free_swing,574,452,677,569,-36.563,41.359,0
2057,34.31762,free_swing,590,462,679,586,-29.316,35.669,0
2058,34.3343,free_swing,609,470,680,605,-21.371,27.741,0
2059,34.35098,free_swing,631,478,676,623,-12.362,17.241,0
2060,34.36767,free_swing,657,482,666,632,-2.291,3.434,0
2061,34.38435,free_swing,686,480,656,626,8.833,-11.611,0
2062,34.40103,free_swing,710,474,650,611,18.314,-23.651,0
2063,34.41772,free_swing,730,464,650,591,26.911,-32.208,0
2064,34.4344,free_swing,748,454,652,572,34.866,-39.130,0
2065,34.45108,free_swing,761,444,656,554,41.186,-43.668,0
2066,34.46777,free_swing,772,434,661,539,46.900,-46.591,0
2067,34.48445,free_swing,780,425,665,527,51.520,-48.428,0
2068,34.50113,free_swing,786,418,670,518,55.039,-49.236,0
2069,34.51782,free_swing,790,413,673,513,57.470,-49.479,0
2070,34.5345,free_swing,790,412,673,512,57.792,-49.479,0
2071,34.55118,free_swing,787,416,669,518,55.886,-49.160,0
2072,34.56787,free_swing,781,423,665,525,52.361,-48.674,0
2073,34.58455,free_swing,775,431,661,536,48.526,-47.353,0
2074,34.60123,free_swing,767,440,656,550,43.919,-45.259,0
2075,34.61792,free_swing,755,450,652,566,37.942,-41.603,0
2076,34.6346,free_swing,740,459,650,585,31.228,-35.538,0
2077,34.65128,free_swing,721,468,651,605,23.097,-27.065,0
2078,34.66797,free_swing,699,477,655,624,13.943,-16.663,0
2079,34.68465,free_swing,671,482,666,632,3.053,-1.909,0
2080,34.70133,free_swing,642,480,675,625,-8.076,12.821,0
2081,34.71802,free_swing,619,474,680,609,-17.216,24.316,0
2082,34.7347,free_swing,600,466,680,590,-25.181,32.829,0
2083,34.75138,free_swing,582,457,679,575,-32.943,39.421,0
2084,34.76807,free_swing,569,449,676,559,-38.779,44.208,0
2085,34.78475,free_swing,559,440,671,547,-43.919,46.308,0
2086,34.80143,free_swing,552,433,667,537,-47.701,47.875,0
2087,34.81812,free_swing,547,428,663,532,-50.389,48.122,0
2088,34.8348,free_swing,544,425,659,529,-51.992,47.875,0
2089,34.85148,free_swing,543,423,657,530,-52.826,46.814,0
2090,34.86817,free_swing,545,425,657,535,-51.757,45.516,0
2091,34.88485,free_swing,550,432,659,545,-48.493,43.968,0
2092,34.90153,free_swing,559,440,662,558,-43.919,41.117,0
2093,34.91822,free_swing,569,448,662,574,-39.019,36.431,0
2094,34.9349,free_swing,583,458,661,590,-32.412,30.579,0
2095,34.95158,free_swing,602,467,658,609,-24.316,21.523,0
2096,34.96827,free_swing,622,475,651,625,-15.998,10.942,0
2097,34.98495,free_swing,647,481,641,632,-6.129,-2.275,0
2098,35.00163,free_swing,676,482,630,624,4.953,-17.949,0
2099,35.01832,free_swing,697,476,626,608,13.285,-28.275,0
2100,35.035,free_swing,720,470,629,587,22.443,-37.875,0
2101,35.05168,free_swing,739,460,632,568,30.700,-44.734,0
2102,35.06837,free_swing,755,449,639,549,38.179,-49.236,0
2103,35.08505,free_swing,767,439,646,533,44.185,-52.158,0
2104,35.10173,free_swing,776,429,654,520,49.357,-53.281,0
2105,35.11842,free_swing,783,421,660,512,53.437,-53.505,0
2106,35.1351,free_swing,788,415,665,507,56.416,-53.205,0
2107,35.15178,free_swing,788,414,666,507,56.735,-52.682,0
2108,35.16847,free_swing,786,418,662,511,55.039,-53.130,0
2109,35.18515,free_swing,781,424,659,518,52.058,-52.386,0
2110,35.20183,free_swing,775,430,656,529,48.814,-50.242,0
2111,35.21852,free_swing,768,438,653,542,44.728,-47.875,0
2112,35.2352,free_swing,758,447,648,558,39.560,-44.741,0
2113,35.25188,free_swing,744,457,647,577,32.943,-38.950,0
2114,35.26857,free_swing,727,466,647,597,25.530,-31.412,0
2115,35.28525,free_swing,707,474,650,617,17.216,-21.732,0
2116,35.30193,free_swing,681,482,659,631,6.843,-8.399,0
2117,35.31862,free_swing,651,481,671,630,-4.604,7.645,0
2118,35.3353,free_swing,627,476,679,615,-14.036,20.511,0
2119,35.35198,free_swing,606,469,682,597,-22.590,30.700,0
2120,35.36867,free_swing,588,461,682,579,-30.174,38.541,0
2121,35.38535,free_swing,574,452,680,563,-36.563,43.680,0
2122,35.40203,free_swing,563,444,676,549,-41.760,47.102,0
2123,35.41872,free_swing,555,436,673,538,-46.081,49.160,0
2124,35.4354,free_swing,549,430,668,529,-49.316,50.242,0
2125,35.45208,free_swing,546,426,666,524,-51.221,50.763,0
2126,35.46877,free_swing,544,424,664,523,-52.292,50.477,0
2127,35.48545,free_swing,544,424,663,524,-52.292,49.958,0
2128,35.50213,free_swing,546,428,665,531,-50.631,49.122,0
2129,35.51882,free_swing,554,435,669,542,-46.621,47.064,0
2130,35.5355,free_swing,563,444,672,555,-41.760,44.479,0
2131,35.55218,free_swing,575,453,675,572,-36.027,40.042,0
2132,35.56887,free_swing,590,462,675,589,-29.316,33.794,0
2133,35.58555,free_swing,609,471,673,609,-21.231,24.880,0
2134,35.60223,free_swing,631,478,667,626,-12.362,13.671,0
2135,35.61892,free_swing,658,481,656,632,-1.922,-0.759,0
2136,35.6356,free_swing,686,480,646,624,8.833,-15.524,0
2137,35.65228,free_swing,709,473,641,608,18.068,-26.735,0
2138,35.66897,free_swing,730,465,642,586,26.737,-36.027,0
2139,35.68565,free_swing,747,455,644,566,34.330,-42.859,0
2140,35.70233,free_swing,761,445,649,549,40.934,-47.121,0
2141,35.71902,free_swing,771,435,654,534,46.357,-49.764,0
2142,35.7357,free_swing,779,426,659,522,50.981,-51.340,0
2143,35.75238,free_swing,784,419,663,513,54.284,-52.158,0
2144,35.76907,free_swing,788,414,666,508,56.735,-52.386,0
2145,35.78575,free_swing,789,414,666,507,56.944,-52.907,0
2146,35.80243,free_swing,785,419,661,511,54.507,-53.427,0
2147,35.81912,free_swing,780,425,656,518,51.520,-53.130,0
2148,35.8358,free_swing,773,433,651,528,47.442,-52.093,0
2149,35.85248,free_swing,766,441,647,542,43.379,-49.677,0
2150,35.86917,free_swing,754,450,641,558,37.639,-46.296,0
2151,35.88585,free_swing,740,459,638,577,31.228,-40.840,0
2152,35.90253,free_swing,721,469,637,597,22.946,-33.275,0
2153,35.91922,free_swing,700,476,638,617,14.410,-23.736,0
2154,35.9359,free_swing,673,482,647,631,3.814,-9.898,0
2155,35.95258,free_swing,643,481,659,629,-7.645,6.170,0
2156,35.96927,free_swing,619,474,667,615,-17.216,18.800,0
2157,35.98595,free_swing,600,466,670,596,-25.181,28.301,0
2158,36.00263,free_swing,581,457,671,579,-33.265,36.416,0
2159,36.01932,free_swing,568,448,671,563,-39.316,41.849,0
2160,36.036,free_swing,559,441,669,550,-43.655,45.262,0
2161,36.05268,free_swing,553,434,666,540,-47.161,46.831,0
2162,36.06937,free_swing,548,430,665,533,-49.563,48.641,0
2163,36.08605,free_swing,547,427,665,529,-50.684,49.160,0
2164,36.10273,free_swing,546,427,664,528,-50.925,49.439,0
2165,36.11942,free_swing,549,430,667,532,-49.316,49.160,0
2166,36.1361,free_swing,555,437,673,541,-45.807,48.608,0
2167,36.15278,free_swing,564,444,677,553,-41.474,46.032,0
2168,36.16947,free_swing,575,453,681,568,-36.027,42.668,0
2169,36.18615,free_swing,589,461,683,585,-29.840,37.164,0
2170,36.20283,free_swing,608,470,682,603,-21.730,29.091,0
2171,36.21952,free_swing,630,477,679,621,-12.821,18.792,0
2172,36.2362,free_swing,655,482,670,632,-3.053,5.711,0
2173,36.25288,free_swing,683,481,660,628,7.645,-8.893,0
2174,36.26957,free_swing,708,474,653,614,17.583,-21.448,0
2175,36.28625,free_swing,727,466,651,595,25.530,-30.504,0
2176,36.30293,free_swing,745,457,652,576,33.265,-38.008,0
2177,36.31962,free_swing,759,446,655,559,40.101,-42.625,0
2178,36.3363,free_swing,770,437,660,543,45.541,-46.061,0
2179,36.35298,free_swing,778,428,664,531,50.145,-47.902,0
2180,36.36967,free_swing,784,421,668,521,53.664,-49.236,0
2181,36.38635,free_swing,788,415,671,515,56.416,-49.479,0
2182,36.40303,free_swing,789,414,673,513,56.944,-49.521,0
2183,36.41972,free_swing,787,415,671,516,56.203,-48.954,0
2184,36.4364,free_swing,783,422,666,523,53.130,-49.198,0
2185,36.45308,free_swing,777,429,662,533,49.606,-47.875,0
2186,36.46977,free_swing,768,438,657,547,44.728,-45.521,0
2187,36.48645,free_swing,758,447,654,563,39.560,-41.878,0
2188,36.50313,free_swing,743,457,651,580,32.619,-36.795,0
2189,36.51982,free_swing,725,467,651,601,24.667,-28.909,0
2190,36.5365,free_swing,704,475,655,621,15.998,-18.553,0
2191,36.55318,free_swing,677,481,664,632,5.368,-4.921,0
2192,36.56987,free_swing,648,481,674,628,-5.749,10.030,0
2193,36.58655,free_swing,624,475,679,613,-15.255,21.730,0
2194,36.60323,free_swing,603,468,680,595,-23.806,31.228,0
2195,36.61992,free_swing,586,459,679,578,-31.228,38.008,0
2196,36.6366,free_swing,572,451,677,563,-37.405,43.152,0
2197,36.65328,free_swing,561,442,672,550,-42.839,45.785,0
2198,36.66997,free_swing,553,434,667,541,-47.161,46.814,0
2199,36.68665,free_swing,548,428,662,534,-50.145,47.083,0
2200,36.70333,free_swing,544,425,658,530,-51.992,47.353,0
2201,36.72002,free_swing,543,422,655,530,-53.130,46.042,0
2202,36.7367,free_swing,544,423,653,534,-52.595,44.479,0
2203,36.75338,free_swing,548,429,655,544,-49.853,42.936,0
2204,36.77007,free_swing,556,437,657,557,-45.541,40.086,0
2205,36.78675,free_swing,565,446,657,572,-40.684,36.135,0
2206,36.80343,free_swing,579,455,655,588,-34.330,29.745,0
2207,36.82012,free_swing,597,465,652,607,-26.392,21.173,0
2208,36.8368,free_swing,617,474,646,624,-17.949,10.942,0
2209,36.85348,free_swing,643,480,635,631,-7.696,-3.033,0
2210,36.87017,free_swing,670,482,625,625,2.672,-17.468,0
2211,36.88685,free_swing,693,478,621,610,11.611,-28.610,0
2212,36.90353,free_swing,714,471,623,589,20.148,-37.639,0
2213,36.92022,free_swing,735,463,627,569,28.794,-45.535,0
2214,36.9369,free_swing,752,452,635,551,36.563,-49.764,0
2215,36.95358,free_swing,766,441,644,534,43.379,-52.682,0
2216,36.97027,free_swing,776,430,652,521,49.066,-53.726,0
2217,36.98695,free_swing,783,421,659,512,53.437,-53.726,0
2218,37.00363,free_swing,788,414,667,505,56.735,-53.054,0
2219,37.02032,free_swing,791,410,670,504,58.643,-52.158,0
2220,37.037,free_swing,790,412,669,508,57.792,-51.572,0
2221,37.05368,free_swing,785,418,666,516,54.819,-50.528,0
2222,37.07037,free_swing,780,424,664,526,51.821,-48.674,0
2223,37.08705,free_swing,774,432,662,539,47.984,-46.308,0
2224,37.10373,free_swing,766,441,659,554,43.379,-43.438,0
2225,37.12042,free_swing,753,451,658,573,37.100,-37.907,0
2226,37.1371,free_swing,737,461,659,593,29.840,-30.579,0
2227,37.15378,free_swing,719,471,661,614,21.943,-22.077,0
2228,37.17047,free_swing,693,479,670,629,11.535,-8.717,0
2229,37.18715,free_swing,663,481,682,630,0.000,7.267,0
2230,37.20383,free_swing,638,479,690,617,-9.652,20.647,0
2231,37.22052,free_swing,616,473,693,600,-18.435,31.228,0
2232,37.2372,free_swing,598,465,692,582,-26.046,38.779,0
2233,37.25388,free_swing,582,457,690,565,-32.943,45.000,0
2234,37.27057,free_swing,569,449,685,551,-38.779,48.674,0
2235,37.28725,free_swing,559,440,679,539,-43.919,50.477,0
2236,37.30393,free_swing,553,434,674,531,-47.161,51.282,0
2237,37.32062,free_swing,548,429,669,525,-49.853,51.572,0
2238,37.3373,free_swing,546,425,666,523,-51.520,50.763,0
2239,37.35398,free_swing,544,424,663,525,-52.292,49.677,0
2240,37.37067,free_swing,546,428,663,531,-50.631,48.641,0
2241,37.38735,free_swing,552,434,666,542,-47.420,46.548,0
2242,37.40403,free_swing,561,442,669,556,-42.839,43.452,0
2243,37.42072,free_swing,572,451,670,572,-37.405,39.005,0
2244,37.4374,free_swing,586,460,670,590,-31.030,32.869,0
2245,37.45408,free_swing,606,469,666,609,-22.590,23.199,0
2246,37.47077,free_swing,627,477,659,626,-13.943,12.121,0
2247,37.48745,free_swing,653,482,648,632,-3.814,-1.909,0
2248,37.50413,free_swing,680,481,637,624,6.509,-16.736,0
2249,37.52082,free_swing,703,476,633,608,15.524,-27.937,0
2250,37.5375,free_swing,725,467,634,586,24.667,-37.405,0
2251,37.55418,free_swing,743,458,637,566,32.412,-44.465,0
2252,37.57087,free_swing,757,447,642,547,39.262,-48.991,0
2253,37.58755,free_swing,770,437,649,531,45.541,-52.158,0
2254,37.60423,free_swing,778,427,654,518,50.440,-53.726,0
2255,37.62092,free_swing,784,420,660,508,53.973,-54.638,0
2256,37.6376,free_swing,788,414,663,502,56.735,-54.854,0
2257,37.65428,free_swing,790,413,663,501,57.470,-55.281,0
2258,37.67097,free_swing,786,417,659,503,55.353,-55.896,0
2259,37.68765,free_swing,781,423,654,509,52.361,-55.896,0
2260,37.70433,free_swing,776,430,649,519,49.066,-54.978,0
2261,37.72102,free_swing,768,439,644,530,44.459,-53.726,0
2262,37.7377,free_swing,757,448,637,547,39.019,-50.477,0
2263,37.75438,free_swing,743,458,632,565,32.412,-46.051,0
2264,37.77107,free_swing,727,466,629,586,25.530,-39.237,0
2265,37.78775,free_swing,705,474,629,607,16.477,-29.745,0
2266,37.80443,free_swing,682,481,634,626,7.267,-18.316,0
2267,37.82112,free_swing,652,482,647,632,-4.194,-1.909,0
2268,37.8378,free_swing,623,476,657,621,-15.524,13.196,0
2269,37.85448,free_swing,603,468,662,604,-23.806,23.452,0
2270,37.87117,free_swing,584,459,666,585,-31.884,33.056,0
2271,37.88785,free_swing,570,450,666,567,-38.243,39.369,0
2272,37.90453,free_swing,560,441,666,553,-43.379,43.423,0
2273,37.92122,free_swing,553,434,665,542,-47.161,46.042,0
2274,37.9379,free_swing,548,429,664,532,-49.853,48.397,0
2275,37.95458,free_swing,545,426,664,526,-51.459,49.958,0
2276,37.97127,free_swing,545,425,665,524,-51.757,50.477,0
2277,37.98795,free_swing,546,427,668,525,-50.925,51.226,0
2278,38.00463,free_swing,552,434,675,532,-47.420,51.454,0
2279,38.02132,free_swing,560,441,681,542,-43.379,50.148,0
2280,38.038,free_swing,571,450,688,554,-37.942,48.366,0
2281,38.05468,free_swing,584,459,693,570,-31.884,44.479,0
2282,38.07137,free_swing,602,467,696,588,-24.316,37.842,0
2283,38.08805,free_swing,622,474,696,607,-16.105,29.091,0
2284,38.10473,free_swing,646,480,692,625,-6.553,17.601,0
2285,38.12142,free_swing,674,481,683,631,4.222,3.434,0
2286,38.1381,free_swing,702,477,672,623,15.054,-11.611,0
2287,38.15478,free_swing,724,468,667,607,24.158,-22.297,0
2288,38.17147,free_swing,741,458,665,588,31.759,-30.311,0
2289,38.18815,free_swing,755,449,665,571,38.179,-36.416,0
2290,38.20483,free_swing,767,439,667,555,44.185,-40.764,0
2291,38.22152,free_swing,776,430,670,542,49.066,-43.423,0
2292,38.2382,free_swing,781,423,673,531,52.361,-45.000,0
2293,38.25488,free_swing,785,418,674,523,54.819,-46.591,0
2294,38.27157,free_swing,788,415,676,520,56.416,-46.848,0
2295,38.28825,free_swing,788,414,676,519,56.735,-46.848,0
2296,38.30493,free_swing,787,416,675,522,55.886,-46.577,0
2297,38.32162,free_swing,783,421,673,530,53.437,-45.262,0
2298,38.3383,free_swing,776,430,668,541,49.066,-44.215,0
2299,38.35498,free_swing,767,439,663,555,44.185,-41.878,0
2300,38.37167,free_swing,755,449,661,572,38.179,-37.388,0
2301,38.38835,free_swing,740,459,660,590,31.228,-31.412,0
2302,38.40503,free_swing,721,469,661,610,22.946,-23.051,0
2303,38.42172,free_swing,698,477,668,627,13.570,-11.310,0
2304,38.4384,free_swing,669,482,678,632,2.291,3.434,0
2305,38.45508,free_swing,641,480,686,621,-8.455,17.700,0
2306,38.47177,free_swing,619,473,688,604,-17.331,27.777,0
2307,38.48845,free_swing,600,466,688,587,-25.181,36.027,0
2308,38.50513,free_swing,582,457,685,571,-32.943,42.098,0
2309,38.52182,free_swing,569,449,680,557,-38.779,45.785,0
2310,38.5385,free_swing,560,441,674,546,-43.379,47.353,0
2311,38.55518,free_swing,553,434,669,538,-47.161,48.122,0
2312,38.57187,free_swing,549,430,664,534,-49.316,47.875,0
2313,38.58855,free_swing,546,427,660,533,-50.925,47.083,0
2314,38.60523,free_swing,546,426,657,536,-51.221,45.259,0
2315,38.62192,free_swing,550,431,658,544,-48.778,43.704,0
2316,38.6386,free_swing,556,437,658,557,-45.541,40.365,0
2317,38.65528,free_swing,565,445,657,570,-40.934,36.353,0
2318,38.67197,free_swing,576,454,656,586,-35.493,31.218,0
2319,38.68865,free_swing,593,463,652,604,-28.118,22.706,0
2320,38.70533,free_swing,612,472,646,620,-20.016,12.938,0
2321,38.72202,free_swing,635,479,635,631,-10.784,0.000,0
2322,38.7387,free_swing,661,481,624,627,-0.769,-14.221,0
2323,38.75538,free_swing,685,480,618,613,8.455,-26.737,0
2324,38.77207,free_swing,707,474,619,593,17.216,-36.483,0
2325,38.78875,free_swing,729,466,622,573,26.222,-45.000,0
2326,38.80543,free_swing,746,456,629,554,33.797,-50.050,0
2327,38.82212,free_swing,760,445,637,537,40.643,-53.205,0
2328,38.8388,free_swing,772,435,646,522,46.621,-55.376,0
2329,38.85548,free_swing,779,426,653,512,50.981,-55.685,0
2330,38.87217,free_swing,785,418,659,505,54.819,-55.376,0
2331,38.88885,free_swing,790,413,664,502,57.470,-54.765,0
2332,38.90553,free_swing,789,413,664,504,57.265,-53.945,0
2333,38.92222,free_swing,785,418,661,509,54.819,-53.726,0
2334,38.9389,free_swing,781,424,658,518,52.058,-52.612,0
2335,38.95558,free_swing,774,431,655,530,48.270,-50.242,0
2336,38.97227,free_swing,766,439,651,544,43.909,-47.603,0
2337,38.98895,free_swing,754,450,648,562,37.639,-43.423,0
2338,39.00563,free_swing,740,459,647,582,31.228,-37.093,0
2339,39.02232,free_swing,723,468,648,603,23.806,-29.055,0
2340,39.039,free_swing,701,477,653,622,14.685,-18.316,0
2341,39.05568,free_swing,673,482,664,632,3.814,-3.434,0
2342,39.07237,free_swing,645,481,676,626,-6.888,12.068,0
2343,39.08905,free_swing,620,474,682,610,-16.847,24.507,0
2344,39.10573,free_swing,599,466,684,590,-25.530,34.430,0
2345,39.12242,free_swing,583,458,684,572,-32.412,41.540,0
2346,39.1391,free_swing,570,449,681,555,-38.480,46.320,0
2347,39.15578,free_swing,560,441,677,541,-43.379,49.479,0
2348,39.17247,free_swing,552,433,674,530,-47.701,51.512,0
2349,39.18915,free_swing,547,427,671,522,-50.684,52.543,0
2350,39.20583,free_swing,544,424,668,517,-52.292,53.130,0
2351,39.22252,free_swing,544,422,667,516,-52.900,52.612,0
2352,39.2392,free_swing,545,425,669,519,-51.757,52.836,0
2353,39.25588,free_swing,551,432,676,527,-48.240,52.765,0
2354,39.27257,free_swing,558,440,681,539,-44.193,51.170,0
2355,39.28925,free_swing,569,449,686,552,-38.779,48.641,0
2356,39.30593,free_swing,582,458,691,569,-32.735,44.479,0
2357,39.32262,free_swing,599,466,692,587,-25.530,37.546,0
2358,39.3393,free_swing,619,474,692,607,-17.216,28.761,0
2359,39.35598,free_swing,644,480,686,625,-7.316,16.154,0
2360,39.37267,free_swing,672,482,675,632,3.434,1.146,0
2361,39.38935,free_swing,699,477,665,623,13.943,-13.109,0
2362,39.40603,free_swing,721,468,659,605,23.097,-24.349,0
2363,39.42272,free_swing,738,460,658,587,30.368,-32.208,0
2364,39.4394,free_swing,753,451,657,569,37.100,-39.130,0
2365,39.45608,free_swing,764,441,660,553,42.818,-42.879,0
2366,39.47277,free_swing,772,433,662,540,47.182,-45.792,0
2367,39.48945,free_swing,779,426,665,529,50.981,-47.902,0
2368,39.50613,free_swing,783,422,667,520,53.130,-49.808,0
2369,39.52282,free_swing,785,418,667,517,54.819,-50.004,0
2370,39.5395,free_swing,785,418,667,516,54.819,-50.290,0
2371,39.55618,free_swing,784,421,665,519,53.664,-50.528,0
2372,39.57287,free_swing,779,426,661,527,50.981,-49.439,0
2373,39.58955,free_swing,772,435,655,538,46.621,-48.641,0
2374,39.60623,free_swing,762,444,649,552,41.474,-46.296,0
2375,39.62292,free_swing,749,453,645,569,35.403,-41.878,0
2376,39.6396,free_swing,734,463,644,586,28.457,-36.193,0
2377,39.65628,free_swing,714,471,643,608,20.148,-27.395,0
2378,39.67297,free_swing,691,478,648,625,10.856,-16.305,0
2379,39.68965,free_swing,662,481,659,632,-0.385,-1.138,0
2380,39.70633,free_swing,634,478,669,624,-11.234,13.481,0
2381,39.72302,free_swing,613,472,672,608,-19.654,23.452,0
2382,39.7397,free_swing,594,463,674,589,-27.777,32.412,0
2383,39.75638,free_swing,577,454,673,573,-35.181,38.894,0
2384,39.77307,free_swing,565,446,670,559,-40.684,42.898,0
2385,39.78975,free_swing,557,438,667,547,-45.000,45.262,0
2386,39.80643,free_swing,551,433,664,539,-47.956,46.831,0
2387,39.82312,free_swing,548,428,661,534,-50.145,46.831,0
2388,39.8398,free_swing,545,426,659,532,-51.459,47.083,0
2389,39.85648,free_swing,546,427,659,535,-50.925,46.296,0
2390,39.87317,free_swing,552,433,663,544,-47.701,45.000,0
2391,39.88985,free_swing,560,440,666,555,-43.643,42.668,0
2392,39.90653,free_swing,569,448,668,568,-39.019,39.523,0
2393,39.92322,free_swing,582,457,668,584,-32.943,34.104,0
2394,39.9399,free_swing,599,466,667,603,-25.530,26.398,0
2395,39.95658,free_swing,620,475,664,620,-16.736,16.880,0
2396,39.97327,free_swing,645,481,655,631,-6.888,3.814,0
2397,39.98995,free_swing,671,482,644,629,3.053,-10.408,0
2398,40.00663,free_swing,697,477,638,616,13.196,-22.999,0
2399,40.02332,free_swing,717,470,637,597,21.371,-32.208,0
2400,40.04,free_swing,737,461,641,575,29.840,-40.101,0
2401,40.05668,free_swing,755,450,645,557,37.942,-45.792,0
2402,40.07337,free_swing,768,439,652,539,44.459,-49.236,0
2403,40.09005,free_swing,778,428,659,525,50.145,-50.816,0
2404,40.10673,free_swing,785,418,667,515,54.819,-50.579,0
2405,40.12342,free_swing,791,411,672,507,58.318,-51.106,0
2406,40.1401,free_swing,794,407,676,504,60.208,-50.579,0
2407,40.15678,free_swing,793,407,675,506,60.018,-50.004,0
2408,40.17347,free_swing,790,413,672,513,57.470,-49.720,0
2409,40.19015,free_swing,784,420,668,522,53.973,-48.674,0
2410,40.20683,free_swing,778,428,664,535,50.145,-46.814,0
2411,40.22352,free_swing,770,437,661,549,45.541,-44.222,0
2412,40.2402,free_swing,758,447,658,567,39.560,-39.806,0
2413,40.25688,free_swing,742,458,658,586,32.087,-33.275,0
2414,40.27357,free_swing,724,468,659,608,24.158,-24.905,0
2415,40.29025,free_swing,701,477,665,626,14.685,-13.583,0
2416,40.30693,free_swing,671,482,676,632,3.053,1.909,0
2417,40.32362,free_swing,642,480,685,622,-8.076,16.847,0
2418,40.3403,free_swing,620,474,689,605,-16.847,27.777,0
2419,40.35698,free_swing,600,466,689,587,-25.181,36.336,0
2420,40.37367,free_swing,583,458,686,571,-32.412,42.349,0
2421,40.39035,free_swing,570,449,682,555,-38.480,46.577,0
2422,40.40703,free_swing,560,441,676,544,-43.379,48.397,0
2423,40.42372,free_swing,553,434,670,534,-47.161,49.479,0
2424,40.4404,free_swing,547,428,666,529,-50.389,49.677,0
2425,40.45708,free_swing,544,425,661,526,-51.992,49.198,0
2426,40.47377,free_swing,543,423,658,527,-52.826,47.875,0
2427,40.49045,free_swing,544,424,656,532,-52.292,46.042,0
2428,40.50713,free_swing,549,431,659,543,-49.028,44.484,0
2429,40.52382,free_swing,557,438,660,556,-45.000,41.117,0
2430,40.5405,free_swing,568,447,661,572,-39.560,36.649,0
2431,40.55718,free_swing,583,457,659,589,-32.619,29.932,0
2432,40.57387,free_swing,600,467,656,609,-25.017,21.523,0
2433,40.59055,free_swing,620,475,648,625,-16.736,10.574,0
2434,40.60723,free_swing,647,481,637,631,-6.129,-3.814,0
2435,40.62392,free_swing,674,481,627,623,4.222,-18.314,0
2436,40.6406,free_swing,697,476,623,607,13.285,-29.461,0
2437,40.65728,free_swing,719,470,624,588,22.087,-38.837,0
2438,40.67397,free_swing,738,461,629,567,30.174,-45.799,0
2439,40.69065,free_swing,753,451,635,549,37.100,-50.290,0
2440,40.70733,free_swing,766,440,644,533,43.643,-52.682,0
2441,40.72402,free_swing,775,431,651,520,48.526,-54.331,0
2442,40.7407,free_swing,782,422,658,512,52.900,-54.028,0
2443,40.75738,free_swing,787,416,663,507,55.886,-53.726,0
2444,40.77407,free_swing,790,412,667,505,57.792,-52.907,0
2445,40.79075,free_swing,788,414,666,509,56.735,-52.093,0
2446,40.80743,free_swing,784,420,662,516,53.973,-51.801,0
2447,40.82412,free_swing,778,427,660,527,50.440,-49.720,0
2448,40.8408,free_swing,771,435,657,539,46.357,-47.626,0
2449,40.85748,free_swing,762,444,653,556,41.474,-44.222,0
2450,40.87417,free_swing,749,454,651,574,35.181,-39.237,0
2451,40.89085,free_swing,733,463,652,593,28.118,-31.926,0
2452,40.90753,free_swing,713,472,655,615,19.654,-22.077,0
2453,40.92422,free_swing,688,480,663,630,9.588,-9.462,0
2454,40.9409,free_swing,659,482,675,630,-1.528,6.170,0
2455,40.95758,free_swing,634,478,684,617,-11.234,19.784,0
2456,40.97427,free_swing,611,471,687,599,-20.511,30.700,0
2457,40.99095,free_swing,593,463,687,581,-28.118,38.541,0
2458,41.00763,free_swing,578,455,685,565,-34.647,44.208,0
2459,41.02432,free_swing,566,447,681,550,-40.147,48.151,0
2460,41.041,free_swing,558,439,677,539,-44.459,49.958,0
2461,41.05768,free_swing,552,434,674,530,-47.420,51.801,0
2462,41.07437,free_swing,549,429,670,525,-49.606,51.572,0
2463,41.09105,free_swing,546,426,668,523,-51.221,51.512,0
2464,41.10773,free_swing,547,427,668,525,-50.684,50.995,0
2465,41.12442,free_swing,551,432,671,532,-48.240,50.194,0
2466,41.1411,free_swing,558,439,675,543,-44.459,48.366,0
2467,41.15778,free_swing,567,447,679,557,-39.855,45.516,0
2468,41.17447,free_swing,580,456,682,573,-33.797,41.082,0
2469,41.19115,free_swing,595,464,682,591,-27.255,34.413,0
2470,41.20783,free_swing,615,472,680,610,-18.925,25.221,0
2471,41.22452,free_swing,639,479,674,627,-9.273,13.305,0
2472,41.2412,free_swing,666,482,663,632,1.146,-1.146,0
2473,41.25788,free_swing,694,478,653,622,11.988,-15.893,0
2474,41.27457,free_swing,715,471,648,605,20.511,-26.565,0
2475,41.29125,free_swing,734,463,648,585,28.457,-35.181,0
2476,41.30793,free_swing,750,453,649,567,35.716,-41.540,0
2477,41.32462,free_swing,763,442,653,549,42.274,-45.792,0
2478,41.3413,free_swing,773,433,657,534,47.442,-48.954,0
2479,41.35798,free_swing,780,425,662,522,51.520,-50.579,0
2480,41.37467,free_swing,785,418,666,514,54.819,-51.106,0
2481,41.39135,free_swing,788,414,667,509,56.735,-51.864,0
2482,41.40803,free_swing,789,413,668,508,57.265,-51.864,0
2483,41.42472,free_swing,786,418,663,512,55.039,-52.612,0
2484,41.4414,free_swing,780,425,658,519,51.520,-52.386,0
2485,41.45808,free_swing,773,433,652,530,47.442,-51.282,0
2486,41.47477,free_swing,765,441,648,544,43.100,-48.641,0
2487,41.49145,free_swing,753,451,643,560,37.100,-45.262,0
2488,41.50813,free_swing,738,461,639,579,30.174,-39.996,0
2489,41.52482,free_swing,720,469,638,600,22.590,-32.045,0
2490,41.5415,free_swing,698,477,641,620,13.570,-21.732,0
2491,41.55818,free_swing,669,483,650,631,2.275,-7.316,0
2492,41.57487,free_swing,640,481,661,628,-8.775,8.130,0
2493,41.59155,free_swing,617,473,668,613,-18.068,20.016,0
2494,41.60823,free_swing,597,465,670,594,-26.392,29.505,0
2495,41.62492,free_swing,580,456,671,577,-33.797,36.946,0
2496,41.6416,free_swing,567,448,670,563,-39.611,41.849,0
2497,41.65828,free_swing,558,439,667,550,-44.459,44.479,0
2498,41.67497,free_swing,552,433,665,540,-47.701,46.562,0
2499,41.69165,free_swing,547,428,662,533,-50.389,47.603,0
2500,41.70833,free_swing,545,426,660,530,-51.459,47.875,0
2501,41.72502,free_swing,545,425,660,531,-51.757,47.332,0
2502,41.7417,free_swing,548,430,664,536,-49.563,47.579,0
2503,41.75838,free_swing,556,437,668,546,-45.541,45.778,0
2504,41.77507,free_swing,564,445,672,559,-41.222,43.452,0
