frame,time_s,phase,x_green,y_green,x_red,y_red,theta1_deg,theta2_deg,dropout,omega1_deg_s,omega2_deg_s,suspect,arm_length_px,arm_dev_pct,omega_cap_applied,delta_omega_suspect,swap_suspect,omega_cap_suspect
0,0.0,free_swing,583,492,589,576,-26.565,4.086,0,-0.17,-51.39,1,84.21,39.29,2500,0,0,0
1,0.01668,free_swing,583,492,588,622,-26.565,2.203,0,1.96,-69.41,0,130.10,6.21,2500,0,0,0
2,0.03337,free_swing,583,492,588,631,-26.565,2.060,0,2.67,-59.55,0,139.09,0.28,2500,0,0,0
3,0.05005,free_swing,583,493,586,622,-26.423,1.332,0,1.96,-21.82,0,129.03,6.97,2500,0,0,0
4,0.06673,free_swing,583,493,585,630,-26.423,0.836,0,-2.70,66.66,0,137.01,1.22,2500,0,0,0
5,0.08342,free_swing,583,492,589,629,-26.565,2.508,0,-1.96,103.28,0,137.13,1.14,2500,0,0,0
6,0.1001,free_swing,583,492,595,607,-26.565,5.957,0,0.44,75.68,1,115.62,16.64,2500,0,0,0
7,0.11678,free_swing,583,493,592,609,-26.423,4.436,0,0.74,30.23,1,116.35,16.12,2500,0,0,0
8,0.13347,free_swing,583,492,594,611,-26.565,5.281,0,-1.96,-42.39,1,119.51,13.84,2500,0,0,0
9,0.15015,free_swing,583,492,593,596,-26.565,5.492,0,-3.01,-51.25,1,104.48,24.68,2500,0,0,0
10,0.16683,free_swing,583,492,588,613,-26.565,2.366,0,3.01,-81.47,1,121.10,12.69,2500,0,0,0
11,0.18352,free_swing,583,492,589,632,-26.565,2.454,0,1.96,-61.27,0,140.13,1.02,2500,0,0,0
12,0.2002,free_swing,583,493,587,606,-26.423,2.027,0,0.00,66.72,1,113.07,18.48,2500,0,0,0
13,0.21688,free_swing,583,492,587,602,-26.565,2.083,0,-1.96,28.05,1,110.07,20.64,2500,0,0,0
14,0.23357,free_swing,583,492,592,582,-26.565,5.711,0,-2.26,2.34,1,90.45,34.79,2500,0,0,0
15,0.25025,free_swing,583,492,586,580,-26.565,1.953,0,0.00,144.10,1,88.05,36.52,2500,0,0,0
16,0.26693,free_swing,583,492,590,569,-26.565,5.194,0,2.26,77.89,1,77.32,44.26,2500,0,0,0
17,0.28362,free_swing,583,492,596,557,-26.565,11.310,0,1.96,-78.43,1,66.29,52.21,2500,0,0,0
18,0.3003,free_swing,583,493,585,586,-26.423,1.232,0,0.00,-267.78,1,93.02,32.94,2500,0,0,0
19,0.31698,free_swing,583,492,580,589,-26.565,-1.771,0,-1.96,-202.39,1,97.05,30.04,2500,0,0,0
20,0.33367,free_swing,583,492,581,597,-26.565,-1.091,0,-2.26,87.04,1,105.02,24.29,2500,1,0,0
21,0.35035,free_swing,583,492,582,604,-26.565,-0.512,0,0.00,44.62,1,112.00,19.25,2500,0,0,0
22,0.36703,free_swing,583,492,586,591,-26.565,1.736,0,2.26,71.89,1,99.05,28.59,2500,0,0,0
23,0.38372,free_swing,583,492,582,615,-26.565,-0.466,0,1.96,47.17,1,123.00,11.32,2500,0,0,0
24,0.4004,free_swing,583,493,589,576,-26.423,4.135,0,-0.74,-108.92,1,83.22,40.01,2500,0,0,0
25,0.41708,free_swing,583,492,584,600,-26.565,0.531,0,0.30,200.61,1,108.00,22.14,2500,1,0,0
26,0.43377,free_swing,583,492,582,587,-26.565,-0.603,0,-0.30,-8.61,1,95.01,31.51,2500,1,0,0
27,0.45045,free_swing,583,493,598,546,-26.423,15.803,0,-0.76,478.69,1,55.08,60.29,2500,1,0,0
28,0.46713,free_swing,583,492,584,616,-26.565,0.462,0,1.11,283.17,1,124.00,10.60,2500,0,0,0
29,0.48382,free_swing,583,492,604,528,-26.565,30.256,0,4.77,-232.45,1,41.68,69.95,2500,1,0,0
30,0.5005,free_swing,584,492,594,587,-26.278,6.009,0,7.03,20.22,1,95.52,31.13,2500,1,0,0
31,0.51718,free_swing,584,492,592,590,-26.278,4.667,0,5.34,30.39,1,98.33,29.11,2500,0,0,0
32,0.53387,free_swing,584,492,610,549,-26.278,24.520,0,0.46,330.99,1,62.65,54.83,2500,1,0,0
33,0.55055,free_swing,584,493,600,543,-26.136,17.745,0,-0.74,-335.44,1,52.50,62.15,2500,1,0,0
34,0.56723,free_swing,584,492,593,588,-26.278,5.356,0,0.30,-559.36,1,96.42,30.49,2500,1,0,0
35,0.58392,free_swing,584,492,583,608,-26.278,-0.494,0,-0.30,-176.38,1,116.00,16.37,2500,1,0,0
36,0.6006,free_swing,584,493,590,582,-26.136,3.857,0,0.74,27.47,1,89.20,35.69,2500,1,0,0
37,0.61728,free_swing,584,492,585,601,-26.278,0.526,0,-1.96,90.05,1,109.00,21.41,2500,0,0,0
38,0.63397,free_swing,584,492,587,586,-26.278,1.828,0,-2.26,-70.35,1,94.05,32.20,2500,0,0,0
39,0.65065,free_swing,584,492,592,595,-26.278,4.441,0,0.74,1.01,1,103.31,25.52,2500,0,0,0
40,0.66733,free_swing,584,492,579,624,-26.278,-2.169,0,0.00,12.33,0,132.09,4.77,2500,0,0,0
41,0.68402,free_swing,584,492,592,585,-26.278,4.917,0,0.00,240.00,1,93.34,32.71,2500,1,0,0
42,0.7007,free_swing,584,492,593,571,-26.278,6.499,0,1.50,103.21,1,79.51,42.68,2500,0,0,0
43,0.71738,free_swing,584,492,601,562,-26.278,13.650,0,-4.57,474.93,1,72.03,48.07,2500,1,0,0
44,0.73407,free_swing,584,492,594,575,-26.278,6.870,0,-3.96,191.78,1,83.60,39.73,2500,1,0,0
45,0.75075,free_swing,583,492,612,533,-26.565,35.272,0,-0.74,-236.58,1,50.22,63.79,2500,1,0,0
46,0.76743,free_swing,584,492,585,604,-26.278,0.512,0,7.73,-200.66,1,112.00,19.25,2500,0,0,0
47,0.78412,free_swing,584,492,595,581,-26.278,7.046,0,1.96,-304.84,1,89.68,35.35,2500,0,0,0
48,0.8008,free_swing,584,493,602,561,-26.136,14.826,0,-5.46,35.39,1,70.34,49.29,2500,1,0,0
49,0.81748,free_swing,583,492,587,619,-26.565,1.804,0,-0.46,-67.71,0,127.06,8.40,2500,0,0,0
50,0.83417,free_swing,584,492,586,616,-26.278,0.924,0,-1.38,-14.29,1,124.02,10.59,2500,0,0,0
51,0.85085,free_swing,584,492,600,548,-26.278,15.945,0,-1.71,281.95,1,58.24,58.01,2500,1,0,0
52,0.86753,free_swing,583,492,589,580,-26.565,3.900,0,-10.04,49.04,1,88.20,36.41,2500,1,0,0
53,0.88422,free_swing,583,492,596,545,-26.565,13.782,0,0.00,-234.85,1,54.57,60.66,2500,1,0,0
54,0.9009,free_swing,583,492,594,611,-26.565,5.281,0,9.29,-165.84,1,119.51,13.84,2500,0,0,0
55,0.91758,free_swing,584,492,584,617,-26.278,0.000,0,4.72,-241.13,0,125.00,9.88,2500,0,0,0
56,0.93427,free_swing,584,492,586,623,-26.278,0.875,0,1.07,51.16,1,131.02,5.55,2500,1,0,0
57,0.95095,free_swing,583,493,587,603,-26.423,2.083,0,-2.25,31.97,1,110.07,20.64,2500,0,0,0
58,0.96763,free_swing,584,492,589,597,-26.278,2.726,0,4.26,58.53,1,105.12,24.22,2500,0,0,0
59,0.98432,free_swing,584,492,587,592,-26.278,1.718,0,3.53,130.99,1,100.04,27.87,2500,0,0,0
60,1.001,free_swing,584,493,601,597,-26.136,9.284,0,2.26,512.80,1,105.38,24.03,2500,1,0,0
61,1.01768,free_swing,584,492,601,563,-26.278,13.465,0,-2.31,408.26,1,73.01,47.37,2500,0,0,0
62,1.03437,free_swing,584,493,613,548,-26.136,27.801,0,-4.26,-147.50,1,62.18,55.17,2500,1,0,0
63,1.05105,free_swing,583,493,600,577,-26.423,11.441,0,-1.96,-438.59,1,85.70,38.21,2500,1,0,0
64,1.06773,free_swing,584,492,590,601,-26.278,3.151,0,3.50,-438.02,1,109.17,21.30,2500,0,0,0
65,1.08442,free_swing,584,492,594,589,-26.278,5.886,0,0.44,113.66,1,97.51,29.70,2500,1,0,0
66,1.1011,free_swing,584,493,594,607,-26.136,5.013,0,-5.46,332.71,1,114.44,17.50,2500,1,0,0
67,1.11778,free_swing,583,492,600,565,-26.565,13.109,0,0.30,153.20,1,74.95,45.96,2500,0,0,0
68,1.13447,free_swing,584,492,601,551,-26.278,16.074,0,4.42,-146.02,1,61.40,55.73,2500,1,0,0
69,1.15115,free_swing,584,493,594,584,-26.136,6.271,0,2.26,-270.82,1,91.55,34.00,2500,0,0,0
70,1.16783,free_swing,584,492,591,587,-26.278,4.214,0,-3.94,313.70,1,95.26,31.33,2500,1,0,0
71,1.18452,free_swing,583,493,601,569,-26.423,13.325,0,1.22,291.77,1,78.10,43.69,2500,0,0,0
72,1.2012,free_swing,584,493,611,548,-26.136,26.147,0,6.22,-78.09,1,61.27,55.83,2500,1,0,0
73,1.21788,free_swing,584,493,589,610,-26.136,2.447,0,3.83,-482.47,1,117.11,15.57,2500,1,0,0
74,1.23457,free_swing,584,493,597,607,-26.136,6.506,0,-1.50,-387.85,1,114.74,17.28,2500,0,0,0
75,1.25125,free_swing,584,493,583,606,-26.136,-0.507,0,1.50,130.31,1,113.00,18.53,2500,1,0,0
76,1.26793,free_swing,584,493,589,608,-26.136,2.490,0,-4.57,106.78,1,115.11,17.01,2500,0,0,0
77,1.28462,free_swing,584,493,594,568,-26.136,7.595,0,-3.22,116.53,1,75.66,45.45,2500,0,0,0
78,1.3013,free_swing,583,493,593,583,-26.423,6.340,0,-0.76,-40.88,1,90.55,34.72,2500,0,0,0
79,1.31798,free_swing,584,493,588,572,-26.136,2.899,0,-2.57,-103.05,1,79.10,42.97,2500,0,0,0
80,1.33467,free_swing,584,492,592,588,-26.278,4.764,0,0.61,-93.29,1,96.33,30.55,2500,0,0,0
81,1.35135,free_swing,583,493,587,617,-26.423,1.848,0,1.96,-50.37,1,124.06,10.56,2500,0,0,0
82,1.36803,free_swing,584,493,585,603,-26.136,0.521,0,2.39,111.93,1,110.00,20.69,2500,0,0,0
83,1.38472,free_swing,584,493,594,609,-26.136,4.927,0,-1.65,246.43,1,116.43,16.06,2500,0,0,0
84,1.4014,free_swing,583,493,601,586,-26.423,10.954,0,-4.98,121.46,1,94.73,31.71,2500,0,0,0
85,1.41808,free_swing,584,492,601,606,-26.278,8.482,0,0.48,-115.83,1,115.26,16.90,2500,1,0,0
86,1.43477,free_swing,584,492,594,598,-26.278,5.389,0,3.05,-205.84,1,106.47,23.24,2500,0,0,0
87,1.45145,free_swing,584,492,590,613,-26.278,2.839,0,-1.50,-150.81,1,121.15,12.66,2500,0,0,0
88,1.46813,free_swing,584,492,587,598,-26.278,1.621,0,3.02,-11.56,1,106.04,23.55,2500,0,0,0
89,1.48482,free_swing,584,492,586,612,-26.278,0.955,0,0.41,181.69,1,120.02,13.48,2500,0,0,0
90,1.5015,free_swing,584,493,596,592,-26.136,6.911,0,-4.31,202.79,1,99.72,28.10,2500,0,0,0
91,1.51818,free_swing,583,493,600,586,-26.423,10.359,0,-2.46,74.19,1,94.54,31.84,2500,0,0,0
92,1.53487,free_swing,583,493,597,599,-26.423,7.524,0,-4.84,-107.77,1,106.92,22.92,2500,0,0,0
93,1.55155,free_swing,584,492,597,600,-26.278,6.864,0,2.60,38.72,1,108.78,21.58,2500,0,0,0
94,1.56823,free_swing,583,492,596,597,-26.565,7.058,0,-3.77,97.46,1,105.80,23.72,2500,0,0,0
95,1.58492,free_swing,584,492,606,589,-26.278,12.779,0,3.01,-91.05,1,99.46,28.29,2500,0,0,0
96,1.6016,free_swing,583,492,593,593,-26.565,5.654,0,2.72,-200.98,1,101.49,26.83,2500,0,0,0
97,1.61828,free_swing,584,493,587,598,-26.136,1.637,0,-2.31,-22.55,1,105.04,24.27,2500,0,0,0
98,1.63497,free_swing,583,492,592,589,-26.565,5.301,0,-2.46,122.08,1,97.42,29.77,2500,0,0,0
99,1.65165,free_swing,583,493,599,579,-26.423,10.539,0,-6.84,84.45,1,87.48,36.94,2500,0,0,0
100,1.66833,free_swing,583,492,589,587,-26.565,3.614,0,0.29,-140.26,1,95.19,31.37,2500,1,0,0
101,1.68502,free_swing,583,492,597,611,-26.565,6.710,0,-2.26,-154.26,1,119.82,13.62,2500,0,0,0
102,1.7017,free_swing,583,492,584,602,-26.565,0.521,0,0.00,-38.22,1,110.00,20.69,2500,0,0,0
103,1.71838,free_swing,583,492,591,613,-26.565,3.783,0,2.26,242.29,1,121.26,12.58,2500,1,0,0
104,1.73507,free_swing,583,492,592,577,-26.565,6.044,0,1.96,247.83,1,85.48,38.38,2500,0,0,0
105,1.75175,free_swing,583,493,601,550,-26.423,17.526,0,0.00,31.15,1,59.77,56.91,2500,1,0,0
106,1.76843,free_swing,583,492,590,575,-26.565,4.821,0,-1.96,-141.02,1,83.29,39.95,2500,0,0,0
107,1.78512,free_swing,583,492,594,564,-26.565,8.686,0,-2.26,-187.87,1,72.84,47.49,2500,0,0,0
108,1.8018,free_swing,583,492,594,592,-26.565,6.277,0,-0.76,264.83,1,100.60,27.47,2500,1,0,0
109,1.81848,free_swing,583,492,598,597,-26.565,8.130,0,3.07,69.61,1,106.07,23.53,2500,0,0,0
110,1.83517,free_swing,583,492,604,560,-26.565,17.162,0,8.53,-114.33,1,71.17,48.69,2500,0,0,0
111,1.85185,free_swing,584,492,589,586,-26.278,3.045,0,3.96,-209.31,1,94.13,32.14,2500,0,0,0
112,1.86853,free_swing,584,492,590,605,-26.278,3.039,0,-3.96,-82.41,1,113.16,18.42,2500,0,0,0
113,1.88522,free_swing,583,492,596,594,-26.565,7.263,0,-8.53,70.50,1,102.83,25.87,2500,0,0,0
114,1.9019,free_swing,583,492,596,608,-26.565,6.394,0,-3.07,11.42,1,116.73,15.85,2500,0,0,0
115,1.91858,free_swing,583,492,587,596,-26.565,2.203,0,1.50,60.43,1,104.08,24.97,2500,0,0,0
116,1.93527,free_swing,583,492,599,583,-26.565,9.972,0,0.00,67.31,1,92.40,33.39,2500,0,0,0
117,1.95195,free_swing,583,492,595,571,-26.565,8.637,0,-2.25,18.90,1,79.91,42.39,2500,0,0,0
118,1.96863,free_swing,583,492,594,615,-26.565,5.110,0,5.34,-81.82,1,123.49,10.97,2500,0,0,0
119,1.98532,free_swing,583,492,597,599,-26.565,7.454,0,8.25,-47.13,1,107.91,22.20,2500,0,0,0
120,2.002,free_swing,584,493,596,608,-26.136,5.957,0,9.30,-82.54,1,115.62,16.64,2500,0,0,0
121,2.01868,free_swing,584,492,589,607,-26.278,2.490,0,2.33,-100.41,1,115.11,17.01,2500,0,0,0
122,2.03537,free_swing,584,493,589,608,-26.136,2.490,0,-1.50,-34.24,1,115.11,17.01,2500,0,0,0
123,2.05205,free_swing,584,492,592,629,-26.278,3.342,0,1.50,50.18,0,137.23,1.06,2500,0,0,0
124,2.06873,free_swing,584,493,588,580,-26.136,2.632,0,-3.07,116.63,1,87.09,37.21,2500,0,0,0
125,2.08542,free_swing,584,492,596,604,-26.278,6.116,0,-4.79,48.69,1,112.64,18.79,2500,0,0,0
126,2.1021,free_swing,583,493,599,610,-26.423,7.787,0,-11.63,28.91,1,118.09,14.87,2500,0,0,0
127,2.11878,free_swing,583,492,589,586,-26.565,3.652,0,-6.16,-0.79,1,94.19,32.09,2500,0,0,0
128,2.13547,free_swing,582,492,598,610,-26.851,7.722,0,-19.01,-51.73,1,119.08,14.15,2500,0,0,0
129,2.15215,free_swing,581,493,595,610,-26.991,6.823,0,-36.07,-58.76,1,117.83,15.05,2500,0,0,0
130,2.16883,free_swing,577,492,588,624,-28.258,4.764,0,-72.54,639.21,1,132.46,4.51,2500,1,0,0
131,2.18552,free_swing,573,492,599,588,-29.358,15.154,0,-108.54,675.64,1,99.46,28.30,2500,0,0,0
132,2.2022,free_swing,564,492,611,537,-31.747,46.245,0,-127.95,386.16,1,65.07,53.09,2500,1,0,0
133,2.21888,free_swing,557,490,595,590,-33.857,20.807,0,-141.38,-211.25,1,106.98,22.88,2500,1,0,0
134,2.23557,free_swing,548,489,600,577,-36.222,30.579,0,-145.10,-203.09,1,102.22,26.31,2500,0,0,0
135,2.25225,free_swing,539,487,595,599,-38.660,26.565,0,-152.12,545.93,1,125.22,9.72,2500,1,0,0
136,2.26893,free_swing,530,483,597,567,-41.373,38.577,0,-147.31,323.58,1,107.45,22.54,2500,1,0,0
137,2.28562,free_swing,522,480,596,552,-43.612,45.785,0,-142.89,93.47,1,103.25,25.57,2500,1,0,0
138,2.3023,free_swing,513,477,591,573,-45.971,39.094,0,-144.88,-249.61,1,123.69,10.82,2500,1,0,0
139,2.31898,free_swing,505,472,583,581,-48.457,35.587,0,-142.90,223.81,1,134.03,3.37,2500,1,0,0
140,2.33567,free_swing,497,467,583,564,-50.880,41.560,0,-128.79,278.40,0,129.63,6.54,2500,0,0,0
141,2.35235,free_swing,491,463,583,524,-52.706,56.454,0,-119.93,-92.38,1,110.39,20.42,2500,1,0,0
142,2.36903,free_swing,485,458,558,563,-54.707,34.808,0,-117.40,-328.40,1,127.88,7.80,2500,1,0,0
143,2.38572,free_swing,478,453,551,559,-56.813,34.554,0,-118.68,-403.63,0,128.71,7.21,2500,0,0,0
144,2.4024,free_swing,473,448,548,552,-58.595,35.797,0,-105.25,-258.83,0,128.22,7.56,2500,0,0,0
145,2.41908,free_swing,468,443,525,577,-60.350,23.044,0,-96.69,-189.49,0,145.62,4.98,2500,0,0,0
146,2.43577,free_swing,464,439,508,563,-61.734,19.537,0,-91.35,-177.18,0,131.58,5.14,2500,0,0,0
147,2.45245,free_swing,460,434,510,524,-63.322,29.055,0,-76.37,-145.99,1,102.96,25.77,2500,0,0,0
148,2.46913,free_swing,457,431,482,555,-64.332,11.399,0,-42.01,-349.87,1,126.50,8.80,2500,1,0,0
149,2.48582,free_swing,456,430,476,544,-64.666,9.951,0,5.70,-540.11,1,115.74,16.56,2500,0,0,0
150,2.5025,free_swing,458,432,462,529,-63.997,2.361,0,57.01,-547.98,1,97.08,30.01,2500,0,0,0
151,2.51918,free_swing,461,436,434,555,-62.758,-12.783,0,121.71,-988.11,1,122.02,12.03,2500,1,0,0
152,2.53587,free_swing,469,443,425,524,-60.223,-28.511,0,175.84,-922.62,1,92.18,33.54,2500,0,0,0
153,2.55255,free_swing,479,453,435,493,-56.671,-47.726,0,208.99,-1120.58,1,59.46,57.13,2500,0,0,0
154,2.56923,free_swing,490,461,392,525,-53.289,-56.853,0,222.09,-994.07,1,117.05,15.62,2500,0,0,0
155,2.58592,free_swing,502,469,411,475,-49.604,-86.228,0,224.84,-595.10,1,91.20,34.25,2500,1,0,0
156,2.6026,free_swing,515,477,388,495,-45.587,-81.933,0,228.20,-360.01,1,128.27,7.53,2500,1,0,0
157,2.61928,free_swing,528,482,392,489,-41.987,-87.054,0,226.53,-435.31,0,136.18,1.82,2500,0,0,0
158,2.63597,free_swing,542,486,415,462,-38.157,-100.701,0,233.19,-713.86,1,129.25,6.82,2500,1,0,0
159,2.65265,free_swing,556,490,434,434,-34.106,-114.656,0,252.50,-231.01,1,134.24,3.22,2500,1,0,0
160,2.66933,free_swing,572,491,441,444,-29.784,-109.737,0,260.31,-207.45,0,139.18,0.34,2500,0,0,0
161,2.68602,free_swing,588,491,453,449,-25.253,-107.281,0,272.30,173.32,1,141.38,1.93,2500,1,0,0
162,2.7027,free_swing,603,490,490,416,-20.794,-123.219,0,298.93,54.99,0,135.07,2.62,2500,0,0,0
163,2.71938,free_swing,620,487,472,470,-15.505,-96.553,0,315.37,-52.33,0,148.97,7.40,2500,0,0,0
164,2.73607,free_swing,637,482,517,428,-9.834,-114.228,0,332.49,335.84,1,131.59,5.13,2500,1,0,0
165,2.75275,free_swing,651,476,531,431,-4.764,-110.556,0,336.75,121.61,1,128.16,7.60,2500,1,0,0
166,2.76943,free_swing,666,469,537,478,1.254,-86.009,0,338.26,735.53,1,129.31,6.77,2500,1,0,0
167,2.78612,free_swing,678,460,576,451,6.684,-95.042,0,322.06,790.10,1,102.40,26.18,2500,0,0,0
168,2.8028,free_swing,688,453,582,497,11.674,-67.457,0,267.35,760.85,1,114.77,17.26,2500,0,0,0
169,2.81948,free_swing,695,447,605,513,15.550,-53.746,0,189.90,1071.59,1,111.61,19.54,2500,1,0,0
170,2.83617,free_swing,699,443,651,494,17.969,-43.264,0,90.67,940.64,1,70.04,49.51,2500,0,0,0
171,2.85285,free_swing,700,443,673,532,18.435,-16.876,0,-20.53,1900.09,1,93.01,32.95,2500,1,0,0
172,2.86953,free_swing,698,444,717,541,17.354,11.083,0,-139.49,2066.49,1,98.84,28.74,2500,0,0,0
173,2.88622,free_swing,693,450,743,477,14.265,61.631,0,-211.80,1625.55,1,56.82,59.03,2500,1,0,0
174,2.9029,free_swing,685,456,780,502,10.061,64.163,0,-220.73,1069.40,1,105.55,23.90,2500,1,0,0
175,2.91958,free_swing,679,460,795,469,7.125,85.564,0,-163.60,637.68,1,116.35,16.12,2500,1,0,0
176,2.93627,free_swing,674,464,808,445,4.764,98.070,0,-111.86,755.26,0,135.34,2.43,2500,0,0,0
177,2.95295,free_swing,671,465,810,423,3.442,106.813,0,-94.58,614.42,0,145.21,4.68,2500,0,0,0
178,2.96963,free_swing,667,468,807,399,1.685,116.237,0,-74.27,662.51,1,156.08,12.52,2500,0,0,0
179,2.98632,free_swing,664,469,792,354,0.418,131.938,0,-74.58,537.07,1,172.07,24.05,2500,0,0,0
180,3.003,free_swing,662,471,788,341,-0.412,135.895,0,-81.34,391.01,1,181.04,30.52,2500,0,0,0
181,3.01968,free_swing,657,474,762,347,-2.420,140.417,0,-107.97,372.10,1,164.78,18.80,2500,0,0,0
182,3.03637,free_swing,652,476,754,302,-4.368,149.621,0,-143.43,376.03,1,201.69,45.41,2500,0,0,0
183,3.05305,free_swing,645,480,722,306,-6.934,156.129,0,-183.97,254.67,1,190.28,37.18,2500,0,0,0
184,3.06973,free_swing,635,483,711,320,-10.505,155.002,0,-234.06,118.27,1,179.85,29.66,2500,0,0,0
185,3.08642,free_swing,622,487,693,295,-14.816,159.706,0,-258.06,69.88,1,204.71,47.58,2500,0,0,0
186,3.1031,free_swing,608,490,674,307,-19.193,160.168,0,-272.92,60.65,1,194.54,40.25,2500,0,0,0
187,3.11978,free_swing,593,492,657,322,-23.629,159.370,0,-286.59,-27.69,1,181.65,30.96,2500,0,0,0
188,3.13647,free_swing,575,492,641,313,-28.811,159.760,0,-302.45,-69.91,1,190.78,37.54,2500,0,0,0
189,3.15315,free_swing,558,489,633,302,-33.774,158.146,0,-303.76,-123.42,1,201.48,45.25,2500,0,0,0
190,3.16983,free_swing,539,486,614,329,-38.841,154.466,0,-295.04,-177.18,1,173.99,25.44,2500,0,0,0
191,3.18652,free_swing,522,480,608,315,-43.612,152.471,0,-289.65,-184.66,1,186.07,34.14,2500,0,0,0
192,3.2032,free_swing,505,472,605,307,-48.457,148.782,0,-279.54,-222.92,1,192.94,39.10,2500,0,0,0
193,3.21988,free_swing,489,463,594,314,-53.025,144.828,0,-272.76,-287.50,1,182.28,31.41,2500,0,0,0
194,3.23657,free_swing,475,452,598,308,-57.450,139.497,0,-269.93,-293.91,1,189.38,36.53,2500,0,0,0
195,3.25325,free_swing,463,439,590,312,-61.853,135.000,0,-249.11,-212.06,1,179.61,29.48,2500,0,0,0
196,3.26993,free_swing,452,426,590,303,-65.987,131.711,0,-213.02,-168.11,1,184.86,33.27,2500,0,0,0
197,3.28662,free_swing,445,417,596,287,-68.699,130.726,0,-157.24,-184.17,1,199.25,43.65,2500,0,0,0
198,3.3033,free_swing,441,408,592,299,-71.102,125.824,0,-91.06,-138.37,1,186.23,34.26,2500,0,0,0
199,3.31998,free_swing,439,405,590,303,-71.950,124.039,0,-20.07,-56.44,1,182.22,31.37,2500,0,0,0
200,3.33667,free_swing,440,406,594,295,-71.642,125.783,0,52.41,58.93,1,189.83,36.86,2500,0,0,0
201,3.35335,free_swing,443,411,593,303,-70.247,125.754,0,101.68,71.95,1,184.84,33.25,2500,0,0,0
202,3.37003,free_swing,447,418,593,307,-68.290,127.245,0,139.98,50.02,1,183.40,32.22,2500,0,0,0
203,3.38672,free_swing,453,427,596,314,-65.659,128.316,0,173.85,70.41,1,182.26,31.40,2500,0,0,0
204,3.4034,free_swing,461,437,602,323,-62.534,128.956,0,204.15,71.17,1,181.32,30.72,2500,0,0,0
205,3.42008,free_swing,471,448,613,325,-58.861,130.899,0,224.63,116.14,1,187.86,35.44,2500,0,0,0
206,3.43677,free_swing,483,458,627,326,-55.008,132.510,0,241.95,109.02,1,195.35,40.83,2500,0,0,0
207,3.45345,free_swing,497,467,634,330,-50.880,135.000,0,259.46,108.34,1,193.75,39.68,2500,0,0,0
208,3.47013,free_swing,512,476,643,346,-46.359,134.780,0,280.45,25.87,1,184.56,33.05,2500,0,0,0
209,3.48682,free_swing,529,483,665,342,-41.586,136.034,0,285.03,-236.68,1,195.90,41.23,2500,1,0,0
210,3.5035,free_swing,546,489,698,362,-36.694,129.880,0,282.79,-342.87,1,198.07,42.80,2500,0,0,0
211,3.52018,free_swing,563,491,708,405,-32.167,120.672,0,295.59,-260.92,1,168.59,21.54,2500,0,0,0
212,3.53687,free_swing,582,491,739,396,-26.996,121.178,0,324.16,-127.85,1,183.50,32.30,2500,0,0,0
213,3.55355,free_swing,602,490,758,405,-21.110,118.585,0,355.29,-384.55,1,177.65,28.08,2500,1,0,0
214,3.57023,free_swing,622,486,771,436,-14.908,108.550,0,391.69,-777.72,1,157.17,13.31,2500,1,0,0
215,3.58692,free_swing,642,481,783,481,-8.022,90.000,0,487.11,-867.08,0,141.00,1.65,2500,0,0,0
216,3.6036,free_swing,665,471,783,499,0.824,76.651,0,609.98,-1191.72,1,121.28,12.57,2500,1,0,0
217,3.62028,free_swing,689,452,757,494,12.225,58.299,0,655.48,-1701.45,1,79.92,42.38,2500,1,0,0
218,3.63697,free_swing,707,436,732,508,22.932,19.148,0,577.63,-1728.90,1,76.22,45.05,2500,0,0,0
219,3.65365,free_swing,717,422,702,511,30.964,-9.567,0,429.93,-1754.45,1,90.26,34.93,2500,0,0,0
220,3.67033,free_swing,723,412,685,510,36.870,-21.194,0,288.22,-1012.18,1,105.11,24.22,2500,1,0,0
221,3.68702,free_swing,726,405,676,438,40.795,-56.575,0,171.15,-750.66,1,59.91,56.81,2500,1,0,0
222,3.7037,free_swing,727,402,641,490,42.436,-44.341,0,48.10,-514.20,1,123.04,11.29,2500,1,0,0
223,3.72038,free_swing,728,403,620,452,42.474,-65.596,0,-79.99,-365.81,1,118.60,14.50,2500,0,0,0
224,3.73707,free_swing,725,406,602,453,39.958,-69.087,0,-197.07,-626.84,1,131.67,5.07,2500,1,0,0
225,3.75375,free_swing,721,413,589,434,35.605,-80.961,0,-322.36,-699.19,0,133.66,3.64,2500,0,0,0
226,3.77043,free_swing,714,421,572,419,29.814,-90.807,0,-405.95,-1172.54,1,142.01,2.38,2500,1,0,0
227,3.78712,free_swing,704,434,575,363,21.898,-118.828,0,-460.67,-997.67,0,147.25,6.16,2500,0,0,0
228,3.8038,free_swing,693,447,572,345,14.621,-130.130,0,-463.32,-355.38,1,158.26,14.09,2500,1,0,0
229,3.82048,free_swing,678,459,552,363,6.736,-127.304,0,-434.63,40.25,1,158.40,14.20,2500,1,0,0
230,3.83717,free_swing,663,469,535,385,0.000,-123.275,0,-405.81,80.08,1,153.10,10.38,2500,0,0,0
231,3.85385,free_swing,646,478,524,359,-6.642,-134.287,0,-378.87,-229.93,1,170.43,22.87,2500,1,0,0
232,3.87053,free_swing,629,484,500,385,-12.609,-127.504,0,-360.51,-486.19,1,162.61,17.23,2500,1,0,0
233,3.88722,free_swing,610,488,511,349,-18.765,-144.540,0,-337.19,-289.63,1,170.65,23.03,2500,0,0,0
234,3.9039,free_swing,593,490,507,342,-23.895,-149.840,0,-311.89,-271.68,1,171.17,23.40,2500,0,0,0
235,3.92058,free_swing,575,490,477,363,-29.116,-142.344,0,-292.29,-140.90,1,160.42,15.65,2500,0,0,0
236,3.93727,free_swing,558,489,481,348,-33.774,-151.361,0,-294.76,661.62,1,160.65,15.82,2500,1,0,0
237,3.95395,free_swing,540,485,468,364,-38.797,-149.246,0,-292.27,-62.98,1,140.80,1.51,2500,1,0,0
238,3.97063,free_swing,521,480,407,417,-43.815,-118.926,0,-297.91,-1276.22,1,130.25,6.10,2500,1,0,0
239,3.98732,free_swing,504,472,560,263,-48.636,165.000,0,-307.41,-2655.15,1,216.37,55.99,2500,1,0,1
240,4.004,free_swing,487,460,728,84,-53.973,147.342,0,-334.82,54.02,1,446.61,221.97,2500,1,0,0
241,4.02068,free_swing,470,445,588,201,-59.651,154.191,0,-336.93,4213.38,1,271.04,95.40,2500,1,0,1
242,4.03737,free_swing,454,428,450,430,-65.329,-63.435,0,-294.26,4694.10,1,4.47,96.78,2500,1,0,1
243,4.05405,free_swing,445,414,417,495,-69.386,-19.069,0,-224.81,3895.18,1,85.70,38.21,2500,1,0,1
244,4.07073,free_swing,440,402,448,489,-72.573,5.254,0,-158.12,1633.30,1,87.37,37.01,2500,1,0,0
245,4.08742,free_swing,436,394,506,428,-74.724,64.093,0,-104.48,819.07,1,77.82,43.90,2500,1,0,0
246,4.1041,free_swing,434,389,508,460,-76.023,46.185,0,-36.38,-32.49,1,102.55,26.07,2500,1,0,0
247,4.12078,free_swing,433,389,505,491,-76.081,35.218,0,31.82,-299.38,1,124.85,9.99,2500,1,0,0
248,4.13747,free_swing,434,394,536,470,-74.851,53.310,0,93.23,473.69,1,127.20,8.30,2500,1,0,0
249,4.15415,free_swing,438,401,552,474,-72.951,57.366,0,148.28,574.27,0,135.37,2.41,2500,0,0,0
250,4.17083,free_swing,444,411,569,481,-70.164,60.751,0,191.05,510.96,0,143.27,3.29,2500,0,0,0
251,4.18752,free_swing,452,424,596,459,-66.442,76.339,0,226.24,313.34,0,148.19,6.84,2500,0,0,0
252,4.2042,free_swing,462,436,606,458,-62.642,81.314,0,248.45,311.30,0,145.67,5.02,2500,0,0,0
253,4.22088,free_swing,474,449,617,493,-58.241,72.897,0,278.28,375.27,0,149.62,7.86,2500,0,0,0
254,4.23757,free_swing,489,461,639,448,-53.448,94.953,0,306.31,179.17,0,150.56,8.55,2500,0,0,0
255,4.25425,free_swing,507,473,661,465,-47.891,92.974,0,324.16,-76.19,1,154.21,11.17,2500,1,0,0
256,4.27093,free_swing,526,481,663,516,-42.597,75.669,0,339.58,-643.63,1,141.40,1.94,2500,1,0,0
257,4.28762,free_swing,547,488,677,516,-36.634,77.845,0,367.91,-673.51,0,132.98,4.13,2500,0,0,0
258,4.3043,free_swing,570,492,690,561,-30.167,60.101,0,423.84,-428.15,1,138.42,0.21,2500,1,0,0
259,4.32098,free_swing,597,491,693,572,-22.543,49.844,0,494.85,-529.71,0,125.61,9.45,2500,0,0,0
260,4.33767,free_swing,625,487,696,544,-13.775,51.242,0,568.49,-778.76,1,91.05,34.36,2500,1,0,0
261,4.35435,free_swing,653,477,685,541,-3.945,26.565,0,568.96,-1467.38,1,71.55,48.41,2500,1,0,0
262,4.37103,free_swing,676,464,671,572,5.625,-2.651,0,508.61,-1586.36,1,108.12,22.06,2500,0,0,0
263,4.38772,free_swing,690,451,659,515,12.783,-25.844,0,441.24,-958.34,1,71.11,48.73,2500,1,0,0
264,4.4044,free_swing,702,440,648,526,19.855,-32.125,0,406.97,-418.46,1,101.55,26.79,2500,1,0,0
265,4.42108,free_swing,712,429,651,504,26.801,-39.123,0,396.11,-344.88,1,96.67,30.30,2500,0,0,0
266,4.43777,free_swing,719,418,649,492,33.071,-43.409,0,368.43,-331.20,1,101.86,26.56,2500,0,0,0
267,4.45445,free_swing,725,409,636,477,38.841,-52.619,0,324.98,-23.38,1,112.00,19.25,2500,1,0,0
268,4.47113,free_swing,729,400,640,480,44.145,-48.048,0,286.57,-143.13,1,119.67,13.73,2500,0,0,0
269,4.48782,free_swing,731,393,641,478,48.106,-46.637,0,239.19,-170.89,1,123.79,10.75,2500,0,0,0
270,4.5045,free_swing,733,387,630,440,51.843,-62.771,0,150.66,-148.89,1,115.84,16.49,2500,0,0,0
271,4.52118,free_swing,735,385,628,460,53.643,-54.972,0,40.19,-161.80,0,130.67,5.80,2500,0,0,0
272,4.53787,free_swing,734,386,641,447,52.745,-56.739,0,-76.32,-365.45,1,111.22,19.82,2500,1,0,0
273,4.55455,free_swing,733,389,634,420,50.845,-72.613,0,-189.44,-606.35,1,103.74,25.21,2500,1,0,0
274,4.57123,free_swing,731,395,637,411,47.186,-80.340,0,-279.75,-293.37,1,95.35,31.26,2500,1,0,0
275,4.58792,free_swing,725,403,631,425,41.129,-76.827,0,-358.94,228.48,1,96.54,30.40,2500,1,0,0
276,4.6046,free_swing,721,414,619,440,35.272,-75.700,0,-398.15,95.85,1,105.26,24.11,2500,0,0,0
277,4.62128,free_swing,713,425,620,463,28.264,-67.775,0,-419.67,342.05,1,100.46,27.57,2500,1,0,0
278,4.63797,free_swing,704,438,620,463,21.146,-73.426,0,-432.58,632.95,1,87.64,36.82,2500,1,0,0
279,4.65465,free_swing,692,451,605,535,13.696,-46.005,0,-444.51,345.50,1,120.93,12.81,2500,1,0,0
280,4.67133,free_swing,678,462,608,530,6.582,-45.830,0,-467.84,456.30,1,97.59,29.64,2500,0,0,0
281,4.68802,free_swing,658,475,616,511,-2.003,-49.399,0,-508.80,849.27,1,55.32,60.12,2500,1,0,0
282,4.7047,free_swing,635,485,608,602,-10.371,-12.995,0,-543.39,2025.41,1,120.07,13.43,2500,1,0,0
283,4.72138,free_swing,606,491,628,551,-19.722,20.136,0,-521.64,2009.23,1,63.91,53.93,2500,0,0,0
284,4.73807,free_swing,577,493,643,544,-28.109,52.306,0,-464.51,530.89,1,83.41,39.87,2500,1,0,0
285,4.75475,free_swing,553,490,626,553,-34.846,49.205,0,-373.23,667.52,1,96.43,30.48,2500,0,0,0
286,4.77143,free_swing,533,484,618,576,-40.539,42.735,0,-297.50,612.15,0,125.26,9.70,2500,0,0,0
287,4.78812,free_swing,517,478,641,466,-45.000,95.528,0,-252.39,311.40,1,124.58,10.19,2500,1,0,0
288,4.8048,free_swing,503,472,617,528,-48.814,63.838,0,-227.43,33.35,1,127.01,8.43,2500,1,0,0
289,4.82148,free_swing,491,463,602,526,-52.706,60.422,0,-210.37,-234.93,1,127.63,7.99,2500,1,0,0
290,4.83817,free_swing,480,455,611,472,-56.094,82.606,0,-201.86,216.65,1,132.10,4.77,2500,1,0,0
291,4.85485,free_swing,471,447,592,487,-59.080,71.707,0,-186.83,184.07,0,127.44,8.12,2500,0,0,0
292,4.87153,free_swing,462,437,586,496,-62.418,64.555,0,-161.39,-81.43,1,137.32,1.00,2500,1,0,0
293,4.88822,free_swing,456,430,587,439,-64.666,86.070,0,-127.21,-440.95,1,131.31,5.33,2500,1,0,0
294,4.9049,free_swing,452,425,561,490,-66.214,59.191,0,-76.70,-485.25,0,126.91,8.51,2500,0,0,0
295,4.92158,free_swing,449,421,538,518,-67.418,42.537,0,-26.94,-520.41,0,131.64,5.09,2500,0,0,0
296,4.93827,free_swing,449,422,553,473,-67.190,63.877,0,26.50,346.02,1,115.83,16.49,2500,1,0,0
297,4.95495,free_swing,452,425,533,499,-66.214,47.586,0,84.28,106.36,1,109.71,20.90,2500,1,0,0
298,4.97163,free_swing,457,430,539,479,-64.558,59.139,0,144.12,-932.80,1,95.52,31.13,2500,1,0,0
299,4.98832,free_swing,464,440,509,509,-61.511,33.111,0,211.30,-1380.89,1,82.38,40.61,2500,1,0,0
300,5.005,free_swing,477,451,472,574,-57.389,-2.328,0,268.32,-1603.95,1,123.10,11.25,2500,1,0,0
301,5.02168,free_swing,491,463,451,579,-52.706,-19.026,0,299.41,-1570.67,1,122.70,11.54,2500,0,0,0
302,5.03837,free_swing,509,473,446,556,-47.523,-37.200,0,310.46,-1202.00,1,104.20,24.88,2500,1,0,0
303,5.05505,free_swing,527,481,463,496,-42.388,-76.809,0,302.47,-1044.84,1,65.73,52.61,2500,0,0,0
304,5.07173,free_swing,544,487,438,531,-37.515,-67.457,0,277.65,-631.05,1,114.77,17.26,2500,1,0,0
305,5.08842,free_swing,560,490,450,494,-33.100,-87.917,0,251.75,-241.30,1,110.07,20.64,2500,1,0,0
306,5.1051,free_swing,574,492,448,487,-29.085,-92.272,0,240.84,-706.41,1,126.10,9.09,2500,1,0,0
307,5.12178,free_swing,588,492,452,479,-25.115,-95.460,0,242.22,-395.52,1,136.62,1.51,2500,1,0,0
308,5.13847,free_swing,603,490,487,440,-20.794,-113.318,0,262.95,78.28,1,126.32,8.93,2500,1,0,0
309,5.15515,free_swing,617,488,488,462,-16.429,-101.395,0,289.62,168.95,0,131.59,5.13,2500,0,0,0
310,5.17183,free_swing,633,484,488,488,-11.165,-88.420,0,309.52,168.25,0,145.06,4.58,2500,0,0,0
311,5.18852,free_swing,648,478,532,443,-5.866,-106.790,0,328.27,188.07,1,121.17,12.65,2500,0,0,0
312,5.2052,free_swing,662,471,528,463,-0.412,-93.417,0,352.82,-35.12,1,134.24,3.22,2500,1,0,0
313,5.22188,free_swing,676,463,540,484,5.667,-81.222,0,369.47,527.03,1,137.61,0.79,2500,1,0,0
314,5.23857,free_swing,689,453,586,433,12.127,-100.989,0,360.63,217.04,1,104.92,24.36,2500,1,0,0
315,5.25525,free_swing,698,443,588,493,17.501,-65.556,0,324.55,42.08,1,120.83,12.89,2500,0,0,0
316,5.27193,free_swing,706,436,627,445,22.463,-83.501,0,250.59,491.61,1,79.51,42.68,2500,1,0,0
317,5.28862,free_swing,711,430,643,446,26.095,-76.759,0,152.70,496.58,1,69.86,49.64,2500,0,0,0
318,5.3053,free_swing,712,428,662,484,27.041,-41.760,0,-15.17,1933.41,1,75.07,45.88,2500,1,0,0
319,5.32198,free_swing,711,431,697,462,25.866,-24.305,0,-200.75,2777.46,1,34.01,75.48,2500,1,0,1
320,5.33867,free_swing,703,439,728,469,20.497,39.806,0,-362.85,2307.82,1,39.05,71.85,2500,1,0,0
321,5.35535,free_swing,692,450,758,463,13.808,78.857,0,-445.91,1866.06,1,67.27,51.50,2500,1,0,0
322,5.37203,free_swing,677,462,780,490,6.147,74.792,0,-411.21,661.78,1,106.74,23.05,2500,1,0,0
323,5.38872,free_swing,663,470,792,425,0.000,109.231,0,-324.04,508.96,0,136.62,1.50,2500,0,0,0
324,5.4054,free_swing,652,476,796,449,-4.368,100.620,0,-231.54,516.33,0,146.51,5.62,2500,0,0,0
325,5.42208,free_swing,643,480,781,417,-7.696,114.538,0,-186.83,262.70,1,151.70,9.37,2500,1,0,0
326,5.43877,free_swing,634,484,780,402,-10.802,119.320,0,-183.52,589.08,1,167.45,20.72,2500,1,0,0
327,5.45545,free_swing,625,486,763,371,-13.861,129.806,0,-189.22,525.04,1,179.64,29.51,2500,0,0,0
328,5.47213,free_swing,614,489,739,357,-17.333,136.560,0,-207.70,418.45,1,181.79,31.06,2500,0,0,0
329,5.48882,free_swing,603,491,720,315,-20.674,146.385,0,-228.52,249.35,1,211.34,52.36,2500,0,0,0
330,5.5055,free_swing,589,491,697,349,-24.958,142.745,0,-249.22,132.33,1,178.40,28.62,2500,0,0,0
331,5.52218,free_swing,574,492,690,294,-29.085,149.636,0,-263.90,65.19,1,229.48,65.44,2500,0,0,0
332,5.53887,free_swing,558,490,675,300,-33.606,148.376,0,-262.39,78.38,1,223.13,60.87,2500,0,0,0
333,5.55555,free_swing,542,487,660,290,-37.977,149.079,0,-269.53,-110.04,1,229.64,65.55,2500,0,0,0
334,5.57223,free_swing,526,482,628,324,-42.406,147.155,0,-273.34,-125.73,1,188.06,35.58,2500,0,0,0
335,5.58892,free_swing,509,475,622,323,-47.121,143.372,0,-272.74,-208.12,1,189.40,36.55,2500,0,0,0
336,5.6056,free_swing,494,466,619,309,-51.589,141.474,0,-260.76,-134.43,1,200.68,44.68,2500,0,0,0
337,5.62228,free_swing,481,456,597,329,-55.733,137.592,0,-249.20,-106.00,1,172.00,24.00,2500,0,0,0
338,5.63897,free_swing,469,445,605,293,-59.780,138.180,0,-238.66,-248.39,1,203.96,47.04,2500,0,0,0
339,5.65565,free_swing,458,433,597,307,-63.771,132.192,0,-222.31,-299.66,1,187.61,35.25,2500,0,0,0
340,5.67233,free_swing,450,422,596,321,-67.094,124.675,0,-188.01,-205.19,1,177.53,27.99,2500,0,0,0
341,5.68902,free_swing,444,412,600,301,-69.933,125.433,0,-136.34,-66.94,1,191.46,38.03,2500,0,0,0
342,5.7057,free_swing,440,406,595,293,-71.642,126.093,0,-67.54,-15.04,1,191.82,38.29,2500,0,0,0
343,5.72238,free_swing,439,404,598,304,-72.181,122.167,0,11.82,-62.55,1,187.83,35.42,2500,0,0,0
344,5.73907,free_swing,441,407,603,297,-71.333,124.177,0,69.08,68.74,1,195.82,41.17,2500,0,0,0
345,5.75575,free_swing,444,413,590,311,-69.702,124.939,0,109.75,225.94,1,178.10,28.40,2500,0,0,0
346,5.77243,free_swing,447,420,617,277,-67.834,130.070,0,146.22,105.59,1,222.15,60.15,2500,0,0,0
347,5.78912,free_swing,455,429,621,281,-64.998,131.719,0,185.22,6.64,1,222.40,60.33,2500,0,0,0
348,5.8058,free_swing,464,440,611,327,-61.511,127.550,0,216.43,-38.41,1,185.41,33.67,2500,0,0,0
349,5.82248,free_swing,474,451,608,338,-57.804,130.140,0,234.27,57.28,1,175.29,26.37,2500,0,0,0
350,5.83917,free_swing,488,460,623,338,-53.817,132.104,0,251.02,236.90,1,181.96,31.18,2500,0,0,0
351,5.85585,free_swing,502,470,628,347,-49.399,134.310,0,270.84,98.30,1,176.08,26.94,2500,0,0,0
352,5.87253,free_swing,518,478,637,341,-44.803,139.022,0,286.69,30.03,1,181.47,30.83,2500,0,0,0
353,5.88922,free_swing,535,485,661,370,-39.916,132.387,0,288.04,-179.81,1,170.59,22.98,2500,1,0,0
354,5.9059,free_swing,553,489,680,367,-35.017,133.850,0,292.27,-266.86,1,176.11,26.96,2500,0,0,0
355,5.92258,free_swing,570,491,706,397,-30.324,124.651,0,302.02,-308.78,1,165.32,19.19,2500,0,0,0
356,5.93927,free_swing,589,491,730,398,-24.958,123.408,0,315.98,-209.15,1,168.91,21.77,2500,0,0,0
357,5.95595,free_swing,607,490,752,415,-19.516,117.350,0,331.46,256.30,1,163.25,17.69,2500,1,0,0
358,5.97263,free_swing,625,486,768,387,-13.861,124.695,0,362.22,-97.43,1,173.93,25.39,2500,1,0,0
359,5.98932,free_swing,644,479,780,383,-7.365,125.218,0,445.05,-926.41,1,166.47,20.01,2500,1,0,0
360,6.006,free_swing,665,470,800,470,0.830,90.000,0,550.32,-1659.01,1,135.00,2.67,2500,1,0,0
361,6.02268,free_swing,687,455,784,506,11.041,62.266,0,642.66,-1732.45,1,109.59,20.99,2500,0,0,0
362,6.03937,free_swing,705,437,761,501,21.801,41.186,0,645.31,-1375.45,1,85.04,38.69,2500,1,0,0
363,6.05605,free_swing,719,420,738,496,32.471,14.036,0,544.39,-1769.61,1,78.34,43.52,2500,1,0,0
364,6.07273,free_swing,725,406,709,484,39.958,-11.592,0,400.60,-1696.53,1,79.62,42.60,2500,0,0,0
365,6.08942,free_swing,729,398,686,436,45.000,-48.532,0,230.59,-973.62,1,57.38,58.63,2500,1,0,0
366,6.1061,free_swing,731,393,661,455,48.106,-48.468,0,82.16,-541.87,1,93.51,32.59,2500,1,0,0
367,6.12278,free_swing,731,394,644,463,47.643,-51.582,0,-79.74,-235.76,1,111.04,19.95,2500,1,0,0
368,6.13947,free_swing,730,398,621,438,45.431,-69.848,0,-221.89,-389.43,1,116.11,16.29,2500,0,0,0
369,6.15615,free_swing,726,406,598,458,40.409,-67.891,0,-344.25,-976.68,1,138.16,0.40,2500,1,0,0
370,6.17283,free_swing,720,416,580,436,34.160,-81.870,0,-442.61,-851.19,0,141.42,1.96,2500,0,0,0
371,6.18952,free_swing,710,429,592,364,25.852,-118.848,0,-488.70,-640.57,1,134.72,2.88,2500,1,0,0
372,6.2062,free_swing,698,441,556,420,17.802,-98.412,0,-495.22,-273.39,1,143.54,3.49,2500,1,0,0
373,6.22288,free_swing,684,455,546,404,9.689,-110.283,0,-471.16,28.39,1,147.12,6.07,2500,1,0,0
374,6.23957,free_swing,668,467,539,392,2.121,-120.174,0,-445.80,-287.01,1,149.22,7.58,2500,1,0,0
375,6.25625,free_swing,650,476,505,424,-5.159,-109.729,0,-409.41,91.96,1,154.04,11.05,2500,1,0,0
376,6.27293,free_swing,632,483,494,413,-11.602,-116.896,0,-376.56,-261.29,1,154.74,11.56,2500,1,0,0
377,6.28962,free_swing,613,489,475,413,-17.665,-118.843,0,-354.33,-352.50,1,157.54,13.58,2500,0,0,0
378,6.3063,free_swing,594,491,483,386,-23.459,-133.409,0,-343.82,-493.27,1,152.79,10.15,2500,0,0,0
379,6.32298,free_swing,574,491,457,410,-29.238,-124.695,0,-336.75,-114.64,1,142.30,2.59,2500,1,0,0
380,6.33967,free_swing,554,489,471,383,-34.771,-141.938,0,-340.96,966.24,1,134.63,2.94,2500,1,0,0
381,6.35635,free_swing,533,484,423,450,-40.539,-107.176,0,-358.34,678.88,1,115.13,17.00,2500,1,0,0
382,6.37303,free_swing,511,475,405,490,-46.747,-81.946,0,-384.61,1228.22,1,107.06,22.82,2500,1,0,0
383,6.38972,free_swing,489,462,446,454,-53.236,-100.539,0,-391.29,1443.20,1,43.74,68.47,2500,1,0,0
384,6.4064,free_swing,470,445,434,504,-59.651,-31.390,0,-345.73,2290.17,1,69.12,50.17,2500,1,0,0
385,6.42308,free_swing,455,429,449,495,-64.998,-5.194,0,-275.84,2349.19,1,66.27,52.22,2500,0,0,0
386,6.43977,free_swing,447,417,477,478,-68.519,26.188,0,-205.01,834.23,1,67.98,50.99,2500,1,0,0
387,6.45645,free_swing,441,405,499,485,-71.798,35.942,0,-155.70,647.58,1,98.81,28.76,2500,0,0,0
388,6.47313,free_swing,437,397,501,483,-73.954,36.656,0,-118.68,391.36,1,107.20,22.71,2500,1,0,0
389,6.48982,free_swing,434,391,528,455,-75.552,55.751,0,-69.77,612.43,1,113.72,18.02,2500,1,0,0
390,6.5065,free_swing,432,388,546,459,-76.373,58.085,0,-15.34,508.02,0,134.30,3.18,2500,0,0,0
391,6.52318,free_swing,432,389,565,439,-76.139,69.397,0,45.15,107.01,1,142.09,2.44,2500,1,0,0
392,6.53987,free_swing,435,394,573,451,-74.787,67.557,0,93.69,184.83,0,149.31,7.64,2500,0,0,0
393,6.55655,free_swing,438,401,581,456,-72.951,68.962,0,134.15,293.26,1,153.21,10.46,2500,0,0,0
394,6.57323,free_swing,443,410,602,434,-70.478,81.416,0,177.18,706.32,1,160.80,15.93,2500,1,0,0
395,6.58992,free_swing,450,422,617,421,-67.094,90.343,0,218.03,503.48,1,167.00,20.40,2500,1,0,0
396,6.6066,free_swing,460,435,624,399,-63.097,102.381,0,246.37,382.11,1,167.90,21.05,2500,0,0,0
397,6.62328,free_swing,472,447,638,427,-58.948,96.870,0,265.40,275.03,1,167.20,20.54,2500,0,0,0
398,6.63997,free_swing,486,459,655,392,-54.340,111.626,0,284.94,-11.73,1,181.80,31.06,2500,1,0,0
399,6.65665,free_swing,502,470,668,425,-49.399,105.167,0,304.60,-23.02,1,171.99,23.99,2500,0,0,0
400,6.67333,free_swing,520,479,676,456,-44.210,98.387,0,312.20,-405.49,1,157.69,13.68,2500,1,0,0
401,6.69002,free_swing,539,486,695,452,-38.841,102.295,0,324.66,-221.99,1,159.66,15.11,2500,0,0,0
402,6.7067,free_swing,559,490,702,494,-33.354,88.398,0,358.25,89.54,1,143.06,3.13,2500,1,0,0
403,6.72338,free_swing,582,492,705,479,-26.851,96.033,0,429.94,17.41,1,123.69,10.83,2500,0,0,0
404,6.74007,free_swing,608,491,717,472,-19.081,99.888,0,515.40,-1208.65,1,110.64,20.23,2500,1,0,0
405,6.75675,free_swing,637,484,722,505,-9.707,76.122,0,579.89,-1096.25,1,87.56,36.88,2500,0,0,0
406,6.77343,free_swing,663,471,708,515,0.000,45.644,0,568.23,3349.07,1,62.94,54.63,2500,1,0,1
407,6.79012,free_swing,684,458,697,435,9.462,150.524,0,515.38,6773.73,1,26.42,80.95,2500,1,0,1
408,6.8068,free_swing,697,445,666,483,16.746,-39.207,0,447.37,5107.50,1,49.04,64.64,2500,1,1,1
409,6.82348,free_swing,708,432,657,505,24.228,-34.939,0,379.21,656.31,1,89.05,35.80,2500,1,0,0
410,6.84017,free_swing,716,424,650,447,29.946,-70.787,0,331.88,-1394.60,1,69.89,49.61,2500,1,0,0
411,6.85685,free_swing,721,415,640,466,34.946,-57.804,0,307.54,-258.57,1,95.72,30.99,2500,1,0,0
412,6.87353,free_swing,725,406,629,459,39.958,-61.098,0,288.71,-14.17,1,109.66,20.94,2500,1,0,0
413,6.89022,free_swing,730,399,634,434,45.000,-69.969,0,242.45,-164.48,1,102.18,26.33,2500,0,0,0
414,6.9069,free_swing,731,394,621,432,47.643,-70.942,0,136.61,-210.58,1,116.38,16.10,2500,0,0,0
415,6.92358,free_swing,732,391,611,448,49.467,-64.776,0,10.99,-188.28,0,133.75,3.57,2500,0,0,0
416,6.94027,free_swing,731,393,615,400,48.106,-86.547,0,-117.55,-606.10,1,116.21,16.22,2500,1,0,0
417,6.95695,free_swing,729,397,597,417,45.437,-81.384,0,-234.67,-459.32,0,133.51,3.75,2500,0,0,0
418,6.97363,free_swing,726,406,608,383,40.409,-101.030,0,-324.90,-98.48,1,120.22,13.33,2500,1,0,0
419,6.99032,free_swing,720,414,583,415,34.804,-89.582,0,-388.77,-160.66,0,137.00,1.23,2500,0,0,0
420,7.007,free_swing,712,426,580,410,27.532,-96.911,0,-420.06,-51.29,0,132.97,4.14,2500,0,0,0
421,7.02368,free_swing,703,437,560,414,20.854,-99.137,0,-421.46,-93.61,0,144.84,4.42,2500,0,0,0
422,7.04037,free_swing,691,448,553,426,13.570,-99.058,0,-412.62,204.66,1,139.74,0.75,2500,1,0,0
423,7.05705,free_swing,679,459,530,457,7.181,-90.769,0,-407.80,80.16,0,149.01,7.43,2500,0,0,0
424,7.07373,free_swing,663,470,521,464,0.000,-92.420,0,-399.16,192.29,0,142.13,2.46,2500,0,0,0
425,7.09042,free_swing,647,478,511,471,-6.254,-92.946,0,-388.22,457.84,1,136.18,1.82,2500,1,0,0
426,7.1071,free_swing,628,485,481,522,-12.885,-75.872,0,-370.66,262.20,0,151.58,9.28,2500,0,0,0
427,7.12378,free_swing,609,490,487,532,-18.869,-71.003,0,-388.37,165.60,0,129.03,6.98,2500,0,0,0
428,7.14047,free_swing,586,493,500,504,-25.560,-82.711,0,-425.29,553.44,1,86.70,37.49,2500,1,0,0
429,7.15715,free_swing,560,490,502,533,-33.100,-53.448,0,-464.72,1671.64,1,72.20,47.95,2500,1,0,0
430,7.17383,free_swing,531,484,501,559,-40.972,-21.801,0,-449.13,1939.64,1,80.78,41.76,2500,1,0,0
431,7.19052,free_swing,505,474,520,543,-48.053,12.265,0,-383.00,1285.75,1,70.61,49.09,2500,1,0,0
432,7.2072,free_swing,488,461,525,569,-53.604,18.911,0,-295.28,1196.58,1,114.16,17.70,2500,0,0,0
433,7.22388,free_swing,475,450,544,529,-57.885,41.135,0,-226.93,1123.91,1,104.89,24.38,2500,0,0,0
434,7.24057,free_swing,465,441,564,483,-61.167,67.011,0,-185.03,448.35,1,107.54,22.47,2500,1,0,0
435,7.25725,free_swing,457,432,564,483,-64.106,64.516,0,-154.59,154.28,1,118.53,14.55,2500,1,0,0
436,7.27393,free_swing,452,424,557,514,-66.442,49.399,0,-124.43,-14.13,0,138.29,0.30,2500,0,0,0
437,7.29062,free_swing,448,418,582,439,-68.199,81.093,0,-89.28,398.84,1,135.64,2.22,2500,1,0,0
438,7.3073,free_swing,445,414,574,475,-69.386,64.692,0,-51.91,419.69,0,142.70,2.87,2500,0,0,0
439,7.32398,free_swing,444,412,593,437,-69.933,80.475,0,-5.14,-25.17,1,151.08,8.92,2500,1,0,0
440,7.34067,free_swing,445,413,594,440,-69.617,79.729,0,40.47,3.04,0,151.43,9.17,2500,0,0,0
441,7.35735,free_swing,448,417,598,457,-68.429,75.069,0,90.25,120.84,1,155.24,11.92,2500,0,0,0
442,7.37403,free_swing,451,423,598,461,-66.769,75.506,0,132.15,414.57,1,151.83,9.46,2500,1,0,0
443,7.39072,free_swing,458,432,631,404,-63.997,99.194,0,171.16,304.63,1,175.25,26.35,2500,0,0,0
444,7.4074,free_swing,466,441,625,448,-61.044,87.479,0,201.42,95.53,1,159.15,14.74,2500,1,0,0
445,7.42408,free_swing,477,451,627,455,-57.389,88.472,0,220.38,-136.09,1,150.05,8.18,2500,1,0,0
446,7.44077,free_swing,488,461,649,450,-53.604,93.909,0,243.09,-206.86,1,161.38,16.34,2500,0,0,0
447,7.45745,free_swing,502,470,650,484,-49.399,84.596,0,260.26,-280.05,0,148.66,7.18,2500,0,0,0
448,7.47413,free_swing,518,478,661,519,-44.803,74.002,0,283.76,49.57,1,148.76,7.25,2500,1,0,0
449,7.49082,free_swing,535,485,670,491,-39.916,87.455,0,310.99,8.50,0,135.13,2.58,2500,0,0,0
450,7.5075,free_swing,555,490,667,499,-34.354,85.406,0,355.74,-410.05,1,112.36,18.99,2500,1,0,0
451,7.52418,free_swing,578,492,674,546,-27.979,60.642,0,434.22,-1164.95,1,110.15,20.59,2500,1,0,0
452,7.54087,free_swing,604,492,681,558,-20.241,49.399,0,504.79,-1588.80,1,101.41,26.89,2500,1,0,0
453,7.55755,free_swing,633,485,667,594,-11.094,17.324,0,522.53,-1491.32,1,114.18,17.68,2500,0,0,0
454,7.57423,free_swing,656,476,641,547,-2.783,-11.929,0,468.18,-1202.53,1,72.57,47.68,2500,1,0,0
455,7.59092,free_swing,673,465,637,566,4.300,-19.618,0,389.43,-781.82,1,107.22,22.70,2500,1,0,0
456,7.6076,free_swing,685,455,618,548,10.141,-35.770,0,334.71,-1782.97,1,114.62,17.37,2500,1,0,0
457,7.62428,free_swing,695,446,631,474,15.680,-66.371,0,318.25,-1948.34,1,69.86,49.64,2500,0,0,0
458,7.64097,free_swing,704,439,648,408,20.966,-118.968,0,370.85,-709.48,1,64.01,53.85,2500,1,0,0
459,7.65765,free_swing,712,427,621,425,27.284,-91.259,0,398.16,637.58,1,91.02,34.38,2500,1,0,0
460,7.67433,free_swing,721,415,611,440,34.946,-77.196,0,371.83,1016.68,1,112.81,18.67,2500,1,0,0
461,7.69102,free_swing,725,407,618,434,39.579,-75.838,0,296.12,-191.99,1,110.35,20.44,2500,1,0,0
462,7.7077,free_swing,728,400,605,430,43.708,-76.293,0,171.95,-268.42,0,126.61,8.73,2500,0,0,0
463,7.72438,free_swing,730,396,616,396,46.312,-90.000,0,70.20,61.12,1,114.00,17.81,2500,1,0,0
464,7.74107,free_swing,729,397,604,428,45.437,-76.072,0,-59.03,163.17,0,128.79,7.15,2500,0,0,0
465,7.75775,free_swing,728,399,593,438,44.132,-73.887,0,-195.96,94.85,0,140.52,1.31,2500,0,0,0
466,7.77443,free_swing,725,406,591,424,39.958,-82.349,0,-288.04,-380.29,1,135.20,2.53,2500,1,0,0
467,7.79112,free_swing,719,416,581,433,33.690,-82.977,0,-363.00,-184.88,0,139.04,0.24,2500,0,0,0
468,7.8078,free_swing,713,425,578,426,28.264,-89.576,0,-378.33,0.81,0,135.00,2.67,2500,0,0,0
469,7.82448,free_swing,704,436,561,455,21.516,-82.432,0,-384.05,166.21,0,144.26,4.00,2500,0,0,0
470,7.84117,free_swing,694,447,557,457,15.086,-85.825,0,-396.48,-231.73,1,137.36,0.97,2500,1,0,0
471,7.85785,free_swing,682,458,548,474,8.575,-83.191,0,-383.33,-413.90,0,134.95,2.71,2500,0,0,0
472,7.87453,free_swing,668,468,555,438,2.106,-104.868,0,-393.26,-45.24,1,116.91,15.71,2500,1,0,0
473,7.89122,free_swing,652,477,547,482,-4.338,-87.274,0,-399.91,647.74,1,105.12,24.22,2500,1,0,0
474,7.9079,free_swing,632,485,528,512,-11.454,-75.446,0,-414.59,741.89,1,107.45,22.54,2500,0,0,0
475,7.92458,free_swing,611,490,513,564,-18.217,-52.943,0,-440.79,2229.78,1,122.80,11.47,2500,1,0,0
476,7.94127,free_swing,585,493,534,554,-25.849,-39.898,0,-474.31,2275.81,1,79.51,42.68,2500,0,0,0
477,7.95795,free_swing,556,491,568,497,-33.939,63.435,0,-473.74,2397.56,1,13.42,90.33,2500,0,0,0
478,7.97463,free_swing,529,482,559,557,-41.775,21.801,0,-408.55,884.43,1,80.78,41.76,2500,1,0,0
479,7.99132,free_swing,508,474,589,487,-47.506,80.882,0,-319.70,-451.09,1,82.04,40.86,2500,1,0,0
480,8.008,free_swing,492,465,568,567,-52.125,36.690,0,-246.85,410.61,1,127.20,8.30,2500,1,0,0
481,8.02468,free_swing,481,455,587,523,-55.948,57.319,0,-204.70,-120.27,1,125.94,9.21,2500,1,0,0
482,8.04137,free_swing,471,447,593,499,-59.080,66.915,0,-178.21,483.20,1,132.62,4.39,2500,1,0,0
483,8.05805,free_swing,464,439,583,507,-61.734,60.255,0,-149.64,-29.21,1,137.06,1.19,2500,1,0,0
484,8.07473,free_swing,457,431,583,499,-64.332,61.645,0,-129.73,212.88,1,143.18,3.22,2500,1,0,0
485,8.09142,free_swing,453,426,594,471,-65.886,72.300,0,-102.27,163.72,0,148.01,6.70,2500,0,0,0
486,8.1081,free_swing,449,420,592,461,-67.647,74.002,0,-60.64,442.73,1,148.76,7.25,2500,1,0,0
487,8.12478,free_swing,448,418,588,469,-68.199,69.984,0,-18.02,315.20,0,149.00,7.42,2500,0,0,0
488,8.14147,free_swing,448,419,615,396,-67.969,97.842,0,25.45,226.61,1,168.58,21.53,2500,0,0,0
489,8.15815,free_swing,450,421,600,448,-67.323,79.796,0,62.26,242.71,0,152.41,9.88,2500,0,0,0
490,8.17483,free_swing,453,425,611,433,-66.114,87.101,0,103.45,-161.78,1,158.20,14.05,2500,1,0,0
491,8.19152,free_swing,458,433,614,420,-63.771,94.764,0,146.25,-234.47,1,156.54,12.86,2500,0,0,0
492,8.2082,free_swing,465,441,612,481,-61.167,74.778,0,181.37,-362.76,0,152.35,9.83,2500,0,0,0
493,8.22488,free_swing,475,450,616,501,-57.885,70.115,0,209.96,-326.35,0,149.94,8.10,2500,0,0,0
494,8.24157,free_swing,486,460,626,483,-54.127,80.670,0,231.97,113.18,1,141.88,2.28,2500,1,0,0
495,8.25825,free_swing,500,469,626,529,-49.953,64.537,0,262.07,-241.64,1,139.56,0.61,2500,1,0,0
496,8.27493,free_swing,515,477,629,512,-45.587,72.933,0,301.59,-434.65,1,119.25,14.03,2500,0,0,0
497,8.29162,free_swing,535,486,622,552,-39.732,52.815,0,366.21,-512.86,1,109.20,21.27,2500,0,0,0
498,8.3083,free_swing,558,491,621,548,-33.440,47.862,0,436.84,-1292.54,1,84.96,38.75,2500,1,0,0
499,8.32498,free_swing,586,493,616,566,-25.560,22.341,0,456.15,-1698.03,1,78.92,43.10,2500,1,0,0
500,8.34167,free_swing,612,491,606,512,-17.784,-15.945,0,436.90,-1756.31,1,21.84,84.25,2500,0,0,0
501,8.35835,free_swing,632,486,599,526,-11.381,-39.523,0,384.22,-1518.04,1,51.86,62.62,2500,1,0,0
502,8.37503,free_swing,650,477,582,530,-5.123,-52.067,0,349.42,-893.43,1,86.21,37.84,2500,1,0,0
503,8.39172,free_swing,664,471,602,483,0.412,-79.046,0,318.69,-248.14,1,63.15,54.47,2500,1,0,0
504,8.4084,free_swing,676,464,588,503,5.625,-66.098,0,288.91,-109.13,1,96.25,30.61,2500,0,0,0
505,8.42508,free_swing,685,456,585,505,10.061,-63.895,0,280.56,178.00,1,111.36,19.72,2500,1,0,0
506,8.44177,free_swing,694,448,600,465,14.962,-79.749,0,298.81,-31.86,1,95.52,31.13,2500,1,0,0
507,8.45845,free_swing,702,439,588,497,20.026,-63.034,0,319.31,-346.06,1,127.91,7.79,2500,1,0,0
508,8.47513,free_swing,710,430,590,466,25.622,-73.301,0,320.84,-244.66,0,125.28,9.68,2500,0,0,0
509,8.49182,free_swing,716,422,607,417,30.493,-92.626,0,286.18,-131.97,1,109.11,21.34,2500,0,0,0
510,8.5085,free_swing,721,415,611,454,34.946,-70.478,0,193.60,663.25,1,116.71,15.86,2500,1,0,0
511,8.52518,free_swing,723,411,615,457,37.216,-66.930,0,81.21,351.01,1,117.39,15.37,2500,1,0,0
512,8.54187,free_swing,723,411,615,476,37.216,-58.958,0,-35.19,-41.85,1,126.05,9.12,2500,1,0,0
513,8.55855,free_swing,722,413,630,432,36.069,-78.331,0,-134.57,-661.75,1,93.94,32.27,2500,1,0,0
514,8.57523,free_swing,719,418,618,462,33.071,-66.460,0,-224.49,-585.07,1,110.17,20.58,2500,0,0,0
515,8.59192,free_swing,714,426,637,409,28.482,-102.450,0,-295.64,243.38,1,78.85,43.15,2500,1,0,0
516,8.6086,free_swing,707,435,627,461,23.131,-71.996,0,-348.94,430.72,1,84.12,39.36,2500,0,0,0
517,8.62528,free_swing,698,445,628,488,17.210,-58.438,0,-383.80,1041.07,1,82.15,40.77,2500,1,0,0
518,8.64197,free_swing,685,456,646,479,10.061,-59.470,0,-432.24,1035.34,1,45.28,67.36,2500,0,0,0
519,8.65865,free_swing,670,468,642,533,2.946,-23.305,0,-489.86,1905.18,1,70.77,48.98,2500,1,0,0
520,8.67533,free_swing,648,479,659,551,-5.826,8.686,0,-522.08,1757.60,1,72.84,47.49,2500,0,0,0
521,8.69202,free_swing,622,488,669,548,-14.725,38.073,0,-502.16,1011.98,1,76.22,45.05,2500,1,0,0
522,8.7087,free_swing,597,492,664,579,-22.416,37.600,0,-419.17,1096.94,1,109.81,20.83,2500,0,0,0
523,8.72538,free_swing,576,492,669,539,-28.535,63.189,0,-335.77,799.28,1,104.20,24.88,2500,1,0,0
524,8.74207,free_swing,558,490,666,496,-33.606,86.820,0,-280.71,605.55,1,108.17,22.02,2500,0,0,0
525,8.75875,free_swing,542,487,663,528,-37.977,71.281,0,-247.15,263.23,1,127.76,7.89,2500,1,0,0
526,8.77543,free_swing,528,482,656,489,-41.987,86.870,0,-228.51,177.55,0,128.19,7.58,2500,0,0,0
527,8.79212,free_swing,515,477,652,468,-45.587,93.759,0,-216.22,-41.22,1,137.30,1.02,2500,1,0,0
528,8.8088,free_swing,503,470,635,492,-49.222,80.538,0,-205.33,-537.30,1,133.82,3.52,2500,1,0,0
529,8.82548,free_swing,491,464,616,511,-52.496,69.394,0,-191.92,-461.52,0,133.54,3.72,2500,0,0,0
530,8.84217,free_swing,482,456,607,496,-55.586,72.255,0,-179.70,-113.01,1,131.24,5.38,2500,1,0,0
531,8.85885,free_swing,473,449,592,504,-58.376,65.194,0,-162.16,-50.16,0,131.10,5.49,2500,0,0,0
532,8.87553,free_swing,466,441,584,493,-61.044,66.218,0,-133.09,-295.71,1,128.95,7.04,2500,1,0,0
533,8.89222,free_swing,461,436,566,495,-62.758,60.668,0,-91.23,-475.23,1,120.44,13.17,2500,0,0,0
534,8.9089,free_swing,457,433,548,516,-63.882,47.632,0,-27.13,-884.04,1,123.17,11.20,2500,1,0,0
535,8.92558,free_swing,459,432,531,521,-63.886,38.972,0,35.70,463.19,1,114.48,17.47,2500,1,0,0
536,8.94227,free_swing,462,437,515,515,-62.418,34.196,0,107.23,264.71,1,94.30,32.01,2500,0,0,0
537,8.95895,free_swing,468,443,532,455,-60.350,79.380,0,180.66,-1058.49,1,65.12,53.06,2500,1,0,0
538,8.97563,free_swing,479,453,478,533,-56.671,-0.716,0,251.11,-2325.34,1,80.01,42.32,2500,1,0,0
539,8.99232,free_swing,493,465,464,514,-51.962,-30.619,0,291.54,-2567.61,1,56.94,58.95,2500,1,0,1
540,9.009,free_swing,510,475,434,530,-46.935,-54.107,0,288.07,-907.43,1,93.81,32.37,2500,1,0,0
541,9.02568,free_swing,526,481,436,504,-42.597,-75.665,0,256.55,-1617.67,1,92.89,33.03,2500,1,0,0
542,9.04237,free_swing,541,486,447,489,-38.387,-88.172,0,223.66,-997.16,1,94.05,32.20,2500,1,0,0
543,9.05905,free_swing,553,489,474,417,-35.017,-132.346,0,210.47,-96.58,1,106.89,22.94,2500,1,0,0
544,9.07573,free_swing,566,490,429,487,-31.547,-91.254,0,205.96,-12.29,0,137.03,1.21,2500,0,0,0
545,9.09242,free_swing,579,491,441,460,-27.848,-102.661,0,225.40,91.09,0,141.44,1.97,2500,0,0,0
546,9.1091,free_swing,592,490,486,413,-24.198,-125.995,0,234.40,-840.03,1,131.02,5.55,2500,1,0,0
547,9.12578,free_swing,606,490,465,438,-19.837,-110.244,0,249.77,-46.35,1,150.28,8.34,2500,1,0,0
548,9.14247,free_swing,619,487,504,391,-15.848,-129.855,0,275.16,239.69,1,149.80,8.00,2500,1,0,0
549,9.15915,free_swing,634,483,492,433,-10.871,-109.398,0,299.18,142.19,0,150.55,8.53,2500,0,0,0
550,9.17583,free_swing,649,476,520,421,-5.553,-113.091,0,333.01,444.06,1,140.24,1.10,2500,1,0,0
551,9.19252,free_swing,663,469,525,427,0.000,-106.928,0,354.03,194.12,1,144.25,4.00,2500,1,0,0
552,9.2092,free_swing,677,461,536,439,6.194,-98.868,0,368.41,457.59,1,142.71,2.88,2500,1,0,0
553,9.22588,free_swing,689,451,553,441,12.325,-94.205,0,363.36,444.55,0,136.37,1.69,2500,0,0,0
554,9.24257,free_swing,699,442,582,456,18.122,-83.177,0,337.75,757.52,1,117.83,15.05,2500,1,0,0
555,9.25925,free_swing,707,434,595,470,23.334,-72.181,0,285.22,879.01,1,117.64,15.19,2500,0,0,0
556,9.27593,free_swing,712,426,615,505,27.532,-50.839,0,178.23,581.41,1,125.10,9.81,2500,1,0,0
557,9.29262,free_swing,715,424,651,483,29.476,-47.328,0,56.10,652.92,1,87.05,37.25,2500,0,0,0
558,9.3093,free_swing,714,425,673,476,28.740,-38.797,0,-86.44,1223.38,1,65.44,52.82,2500,1,0,0
559,9.32598,free_swing,712,429,707,491,26.801,-4.611,0,-240.25,1818.33,1,62.20,55.16,2500,1,0,0
560,9.34267,free_swing,704,438,729,482,21.146,29.604,0,-408.24,1968.00,1,50.61,63.52,2500,0,0,0
561,9.35935,free_swing,691,450,753,499,13.349,51.680,0,-511.51,1631.25,1,79.03,43.03,2500,1,0,0
562,9.37603,free_swing,673,465,780,477,4.300,83.601,0,-466.46,1207.35,1,107.67,22.38,2500,1,0,0
563,9.39272,free_swing,657,474,788,456,-2.420,97.824,0,-358.87,736.80,1,132.23,4.67,2500,1,0,0
564,9.4094,free_swing,645,480,791,444,-6.934,103.851,0,-259.51,527.01,1,150.37,8.41,2500,1,0,0
565,9.42608,free_swing,633,484,778,424,-11.165,112.479,0,-213.56,460.33,1,156.92,13.13,2500,0,0,0
566,9.44277,free_swing,623,486,767,376,-14.560,127.376,0,-196.24,394.44,1,181.21,30.64,2500,0,0,0
567,9.45945,free_swing,613,490,755,398,-17.560,122.939,0,-194.94,400.40,1,169.20,21.98,2500,0,0,0
568,9.47613,free_swing,602,490,740,356,-21.110,134.157,0,-216.85,287.22,1,192.35,38.68,2500,0,0,0
569,9.49282,free_swing,589,491,721,320,-24.958,142.334,0,-235.92,162.90,1,216.02,55.74,2500,0,0,0
570,9.5095,free_swing,575,491,697,364,-28.963,136.150,0,-243.89,-86.21,1,176.11,26.96,2500,1,0,0
571,9.52618,free_swing,560,490,685,363,-33.100,135.455,0,-259.62,-13.08,1,178.20,28.47,2500,0,0,0
572,9.54287,free_swing,544,487,669,340,-37.515,139.624,0,-278.43,15.74,1,192.96,39.11,2500,0,0,0
573,9.55955,free_swing,527,481,657,337,-42.388,137.925,0,-287.34,-96.45,1,194.00,39.86,2500,0,0,0
574,9.57623,free_swing,510,474,636,359,-47.135,132.387,0,-275.88,-119.45,1,170.59,22.98,2500,0,0,0
575,9.59292,free_swing,494,466,634,329,-51.589,134.379,0,-262.25,-96.23,1,195.88,41.22,2500,0,0,0
576,9.6096,free_swing,481,456,643,309,-55.733,132.221,0,-252.31,-140.75,1,218.75,57.71,2500,0,0,0
577,9.62628,free_swing,468,444,620,332,-60.129,126.384,0,-255.33,-346.28,1,188.81,36.12,2500,1,0,0
578,9.64297,free_swing,457,432,616,331,-64.106,122.425,0,-247.59,-388.73,1,188.37,35.80,2500,0,0,0
579,9.65965,free_swing,446,418,617,344,-68.381,113.400,0,-223.13,-380.29,1,186.32,34.33,2500,0,0,0
580,9.67633,free_swing,441,406,614,347,-71.565,108.831,0,-183.75,-335.34,1,182.78,31.78,2500,0,0,0
581,9.69302,free_swing,436,396,611,355,-74.255,103.186,0,-122.31,-378.13,1,179.74,29.58,2500,0,0,0
582,9.7097,free_swing,434,390,617,363,-75.787,98.393,0,-57.07,-228.30,1,184.98,33.36,2500,0,0,0
583,9.72638,free_swing,433,389,602,388,-76.081,90.339,0,13.78,-100.98,1,169.00,21.84,2500,0,0,0
584,9.74307,free_swing,434,392,607,371,-75.318,96.921,0,71.88,-340.37,1,174.27,25.64,2500,1,0,0
585,9.75975,free_swing,437,398,602,407,-73.720,86.878,0,123.60,-300.25,1,165.25,19.13,2500,0,0,0
586,9.77643,free_swing,441,407,586,447,-71.333,74.578,0,161.85,8.52,1,150.42,8.44,2500,1,0,0
587,9.79312,free_swing,448,418,598,427,-68.199,86.566,0,193.94,-198.17,1,150.27,8.34,2500,1,0,0
588,9.8098,free_swing,456,429,604,441,-64.892,85.365,0,225.78,-522.99,1,148.49,7.05,2500,1,0,0
589,9.82648,free_swing,467,442,572,522,-60.698,52.696,0,270.87,-594.91,0,132.00,4.83,2500,0,0,0
590,9.84317,free_swing,481,456,578,514,-55.733,59.123,0,333.00,-657.42,1,113.02,18.52,2500,0,0,0
591,9.85985,free_swing,501,470,570,527,-49.574,50.440,0,415.12,-1202.27,1,89.50,35.48,2500,1,0,0
592,9.87653,free_swing,526,483,540,571,-42.217,9.039,0,488.03,-2273.65,1,89.11,35.76,2500,1,0,0
593,9.89322,free_swing,558,491,525,558,-33.440,-26.222,0,489.35,-1962.66,1,74.69,46.16,2500,1,0,0
594,9.9099,free_swing,586,493,519,536,-25.560,-57.308,0,429.98,-1679.11,1,79.61,42.61,2500,1,0,0
595,9.92658,free_swing,607,490,521,522,-19.516,-69.590,0,357.68,-1256.31,1,91.76,33.85,2500,1,0,0
596,9.94327,free_swing,625,487,550,465,-13.775,-106.348,0,320.97,-346.84,1,78.16,43.65,2500,1,0,0
597,9.95995,free_swing,641,481,539,473,-8.399,-94.485,0,316.17,-222.11,1,102.31,26.24,2500,0,0,0
598,9.97663,free_swing,655,474,534,478,-3.225,-88.107,0,328.38,-401.01,1,121.07,12.72,2500,0,0,0
599,9.99332,free_swing,669,466,566,408,2.564,-119.384,0,364.40,-459.77,1,118.21,14.78,2500,0,0,0
600,10.01,free_swing,683,457,574,398,9.090,-118.426,0,410.67,24.04,1,123.94,10.64,2500,1,0,0
601,10.02668,free_swing,696,445,569,433,16.280,-95.398,0,464.48,866.96,1,127.57,8.03,2500,1,0,0
602,10.04337,free_swing,708,432,592,409,24.228,-101.215,0,493.82,732.48,1,118.26,14.74,2500,0,0,0
603,10.06005,free_swing,718,417,584,451,32.905,-75.763,0,487.03,334.86,1,138.25,0.33,2500,1,0,0
604,10.07673,free_swing,725,405,601,437,40.342,-75.530,0,448.26,465.34,0,128.06,7.67,2500,0,0,0
605,10.09342,free_swing,730,394,618,420,47.220,-76.931,0,364.65,292.18,1,114.98,17.11,2500,0,0,0
606,10.1101,free_swing,734,386,620,456,52.745,-58.449,0,246.42,481.81,0,133.78,3.56,2500,0,0,0
607,10.12678,free_swing,735,382,639,444,55.222,-57.144,0,75.94,232.94,1,114.28,17.61,2500,1,0,0
608,10.14347,free_swing,735,382,644,445,55.222,-55.305,0,-93.28,136.23,1,110.68,20.21,2500,0,0,0
609,10.16015,free_swing,734,387,654,445,52.237,-54.058,0,-230.42,204.58,1,98.81,28.76,2500,0,0,0
610,10.17683,free_swing,731,394,675,456,47.643,-42.089,0,-313.40,325.13,1,83.55,39.77,2500,0,0,0
611,10.19352,free_swing,727,404,679,452,41.634,-45.000,0,-374.58,660.09,1,67.88,51.06,2500,1,0,0
612,10.2102,free_swing,722,415,683,496,35.407,-25.710,0,-450.57,855.93,1,89.90,35.19,2500,0,0,0
613,10.22688,free_swing,712,429,704,516,26.801,-5.254,0,-551.39,1421.27,1,87.37,37.01,2500,1,0,0
614,10.24357,free_swing,698,446,709,506,17.067,10.389,0,-629.16,1365.17,1,61.00,56.02,2500,0,0,0
615,10.26025,free_swing,677,463,736,518,6.100,47.010,0,-612.24,1777.93,1,80.66,41.85,2500,1,0,0
616,10.27693,free_swing,654,476,734,519,-3.576,61.742,0,-543.63,1394.70,1,90.82,34.52,2500,1,0,0
617,10.29362,free_swing,632,485,735,470,-11.454,98.286,0,-447.86,581.11,1,104.09,24.96,2500,1,0,0
618,10.3103,free_swing,610,490,744,501,-18.544,85.307,0,-366.41,177.66,1,134.45,3.07,2500,1,0,0
619,10.32698,free_swing,592,491,734,487,-24.063,91.614,0,-312.05,104.58,0,142.06,2.41,2500,0,0,0
620,10.34367,free_swing,576,491,716,473,-28.686,97.326,0,-281.30,201.73,0,141.15,1.76,2500,0,0,0
621,10.36035,free_swing,558,490,700,455,-33.606,103.846,0,-277.45,84.84,0,146.25,5.44,2500,0,0,0
622,10.37703,free_swing,542,486,693,485,-38.157,90.379,0,-272.82,11.25,0,151.00,8.86,2500,0,0,0
623,10.39372,free_swing,526,481,682,432,-42.597,107.438,0,-264.55,191.77,1,163.51,17.88,2500,0,0,0
624,10.4104,free_swing,511,474,663,450,-46.948,98.973,0,-259.47,-20.53,1,153.88,10.94,2500,1,0,0
625,10.42708,free_swing,496,466,653,427,-51.257,103.950,0,-243.18,-480.14,1,161.77,16.63,2500,1,0,0
626,10.44377,free_swing,484,457,628,473,-55.072,83.660,0,-218.75,-823.56,1,144.89,4.45,2500,1,0,0
627,10.46045,free_swing,473,449,606,477,-58.376,78.111,0,-182.97,-819.47,0,135.92,2.01,2500,0,0,0
628,10.47713,free_swing,465,441,569,521,-61.167,52.431,0,-135.77,-763.93,0,131.21,5.41,2500,0,0,0
629,10.49382,free_swing,460,436,554,502,-62.873,54.926,0,-73.50,-1053.80,1,114.86,17.20,2500,1,0,0
630,10.5105,free_swing,459,434,506,540,-63.435,23.912,0,11.71,-971.31,1,115.95,16.41,2500,0,0,0
631,10.52718,free_swing,462,436,476,553,-62.642,6.823,0,102.62,-1460.81,1,117.83,15.05,2500,1,0,0
632,10.54387,free_swing,469,444,458,530,-60.001,-7.289,0,188.51,-1192.46,1,86.70,37.49,2500,1,0,0
633,10.56055,free_swing,479,454,430,503,-56.454,-45.000,0,241.56,-1506.75,1,69.30,50.04,2500,1,0,0
634,10.57723,free_swing,493,464,380,543,-52.172,-55.042,0,244.99,-1840.03,1,137.88,0.60,2500,1,0,0
635,10.59392,free_swing,506,472,400,464,-48.276,-94.316,0,209.83,-1412.92,1,106.30,23.36,2500,1,0,0
636,10.6106,free_swing,517,477,423,418,-45.197,-122.115,0,170.65,-1360.07,1,110.98,19.99,2500,0,0,0
637,10.62728,free_swing,525,481,410,411,-42.805,-121.329,0,147.67,-490.17,1,134.63,2.94,2500,1,0,0
638,10.64397,free_swing,534,485,449,356,-40.135,-146.619,0,134.92,-290.90,1,154.49,11.37,2500,0,0,0
639,10.66065,free_swing,542,487,429,373,-37.977,-135.252,0,137.69,-528.47,1,160.51,15.72,2500,1,0,0
640,10.67733,free_swing,551,488,465,335,-35.676,-150.660,0,174.10,-382.50,1,175.51,26.53,2500,0,0,0
641,10.69402,free_swing,563,490,502,298,-32.330,-162.375,0,222.17,-252.83,1,201.46,45.24,2500,0,0,0
642,10.7107,free_swing,579,491,504,316,-27.848,-156.801,0,261.94,65.35,1,190.39,37.26,2500,1,0,0
643,10.72738,free_swing,593,491,504,332,-23.762,-150.762,0,279.05,137.06,1,182.21,31.36,2500,0,0,0
644,10.74407,free_swing,610,489,544,289,-18.654,-161.737,0,300.86,-17.96,1,210.61,51.84,2500,0,0,0
645,10.76075,free_swing,626,485,534,320,-13.595,-150.857,0,327.99,-32.51,1,188.92,36.20,2500,0,0,0
646,10.77743,free_swing,643,480,562,308,-7.696,-154.783,0,362.25,218.77,1,190.12,37.06,2500,1,0,0
647,10.79412,free_swing,659,472,569,295,-1.637,-153.048,0,399.99,342.10,1,198.57,43.15,2500,0,0,0
648,10.8108,free_swing,676,461,563,330,5.755,-139.219,0,432.67,652.94,1,173.00,24.72,2500,1,0,0
649,10.82748,free_swing,690,450,565,346,12.888,-129.760,0,469.57,557.64,1,162.61,17.23,2500,0,0,0
650,10.84417,free_swing,703,436,566,351,21.038,-121.817,0,496.82,647.40,1,161.23,16.23,2500,0,0,0
651,10.86085,free_swing,714,422,569,358,29.539,-113.816,0,512.15,512.91,1,158.50,14.27,2500,0,0,0
652,10.87753,free_swing,722,408,569,392,37.823,-95.970,0,470.30,441.43,1,153.83,10.90,2500,0,0,0
653,10.89422,free_swing,728,397,585,364,45.000,-102.995,0,371.53,377.00,0,146.76,5.80,2500,0,0,0
654,10.9109,free_swing,732,390,591,396,49.950,-87.563,0,197.58,419.17,0,141.13,1.74,2500,0,0,0
655,10.92758,free_swing,733,387,603,407,51.843,-81.254,0,8.14,596.20,0,131.53,5.18,2500,0,0,0
656,10.94427,free_swing,732,390,605,430,49.950,-72.518,0,-154.17,570.96,0,133.15,4.01,2500,0,0,0
657,10.96095,free_swing,730,395,609,451,46.762,-65.165,0,-256.67,163.38,1,133.33,3.88,2500,1,0,0
658,10.97763,free_swing,727,404,617,481,41.634,-55.008,0,-334.47,145.29,0,134.27,3.20,2500,0,0,0
659,10.99432,free_swing,722,414,640,443,35.735,-70.523,0,-410.90,513.16,1,86.98,37.30,2500,1,0,0
660,11.011,free_swing,713,426,641,512,28.009,-39.936,0,-467.03,923.89,1,112.16,19.14,2500,1,0,0
661,11.02768,free_swing,702,440,655,546,19.855,-23.912,0,-542.37,1509.42,1,115.95,16.41,2500,1,0,0
662,11.04437,free_swing,686,455,678,543,10.592,-5.194,0,-611.35,1520.28,1,88.36,36.30,2500,0,0,0
663,11.06105,free_swing,662,472,706,540,-0.409,32.905,0,-630.40,2239.13,1,80.99,41.61,2500,1,0,0
664,11.07773,free_swing,634,485,723,530,-10.733,63.178,0,-567.76,2051.41,1,99.73,28.10,2500,0,0,0
665,11.09442,free_swing,609,490,710,467,-18.869,102.829,0,-450.60,732.48,1,103.59,25.32,2500,1,0,0
666,11.1111,free_swing,586,492,720,472,-25.699,98.489,0,-354.64,73.49,1,135.48,2.32,2500,1,0,0
667,11.12778,free_swing,568,491,707,505,-30.858,84.249,0,-294.09,-170.46,1,139.70,0.72,2500,1,0,0
668,11.14447,free_swing,551,489,696,452,-35.503,104.315,0,-257.74,23.73,0,149.65,7.89,2500,0,0,0
669,11.16115,free_swing,536,485,691,471,-39.695,95.161,0,-251.97,-56.51,1,155.63,12.20,2500,0,0,0
670,11.17783,free_swing,521,480,674,486,-43.815,87.754,0,-245.03,-199.52,1,153.12,10.39,2500,0,0,0
671,11.19452,free_swing,507,472,664,460,-48.094,94.371,0,-248.36,250.31,1,157.46,13.52,2500,1,0,0
672,11.2112,free_swing,493,465,661,446,-51.962,96.452,0,-247.40,54.95,1,169.07,21.89,2500,0,0,0
673,11.22788,free_swing,480,454,642,436,-56.310,96.340,0,-241.25,-402.94,1,163.00,17.51,2500,1,0,0
674,11.24457,free_swing,468,444,623,463,-60.129,83.012,0,-231.16,-513.19,1,156.16,12.58,2500,0,0,0
675,11.26125,free_swing,458,433,604,471,-63.771,75.411,0,-206.28,-625.25,0,150.86,8.76,2500,0,0,0
676,11.27793,free_swing,451,422,583,466,-66.997,71.565,0,-166.65,-29.79,1,139.14,0.31,2500,1,0,0
677,11.29462,free_swing,445,414,570,482,-69.386,61.454,0,-109.06,-54.20,0,142.30,2.59,2500,0,0,0
678,11.3113,free_swing,443,410,567,433,-70.478,79.492,0,-43.57,-221.44,0,126.12,9.08,2500,0,0,0
679,11.32798,free_swing,442,409,543,481,-70.791,54.516,0,21.23,-534.95,1,124.04,10.58,2500,1,0,0
680,11.34467,free_swing,445,412,523,476,-69.848,50.631,0,84.32,-883.49,1,100.90,27.26,2500,1,0,0
681,11.36135,free_swing,447,420,503,498,-67.834,35.676,0,159.03,-653.73,1,96.02,30.78,2500,1,0,0
682,11.37803,free_swing,456,430,480,499,-64.666,19.179,0,239.32,-1601.98,1,73.05,47.33,2500,1,0,0
683,11.39472,free_swing,469,444,465,518,-60.001,-3.094,0,310.11,-1737.82,1,74.11,46.57,2500,0,0,0
684,11.4114,free_swing,486,459,442,491,-54.340,-53.973,0,346.04,-2044.26,1,54.41,60.78,2500,1,0,0
685,11.42808,free_swing,504,472,415,523,-48.636,-60.186,0,328.61,-1506.27,1,102.58,26.05,2500,1,0,0
686,11.44477,free_swing,523,480,430,460,-43.409,-102.137,0,279.75,-495.49,1,95.13,31.42,2500,1,0,0
687,11.46145,free_swing,538,485,415,477,-39.249,-93.721,0,244.61,-663.89,1,123.26,11.14,2500,0,0,0
688,11.47813,free_swing,552,488,419,474,-35.433,-96.009,0,237.56,-289.30,1,133.73,3.59,2500,1,0,0
689,11.49482,free_swing,567,491,455,413,-31.122,-124.854,0,257.01,-252.34,0,136.48,1.60,2500,0,0,0
690,11.5115,free_swing,583,491,450,448,-26.709,-107.916,0,284.19,10.86,1,139.78,0.77,2500,1,0,0
691,11.52818,free_swing,600,490,454,452,-21.739,-104.589,0,316.16,116.89,0,150.86,8.76,2500,0,0,0
692,11.54487,free_swing,618,487,496,421,-16.189,-118.413,0,340.79,-100.57,1,138.71,0.00,2500,1,0,0
693,11.56155,free_swing,636,482,495,429,-10.204,-110.601,0,350.13,153.57,1,150.63,8.60,2500,1,0,0
694,11.57823,free_swing,652,475,500,441,-4.399,-102.609,0,386.84,290.23,1,155.76,12.29,2500,0,0,0
695,11.59492,free_swing,668,467,533,430,2.121,-105.327,0,419.56,304.17,0,139.98,0.92,2500,0,0,0
696,11.6116,free_swing,685,455,547,436,10.141,-97.839,0,453.10,419.25,0,139.30,0.43,2500,0,0,0
697,11.62828,free_swing,697,443,557,459,17.030,-83.480,0,455.40,549.46,0,140.91,1.59,2500,0,0,0
698,11.64497,free_swing,709,431,584,450,24.922,-81.357,0,444.21,599.36,0,126.44,8.85,2500,0,0,0
699,11.66165,free_swing,717,419,611,461,31.827,-68.385,0,403.09,784.38,1,114.02,17.80,2500,0,0,0
700,11.67833,free_swing,724,410,628,486,38.027,-51.633,0,279.36,713.26,1,122.44,11.73,2500,0,0,0
701,11.69502,free_swing,726,404,658,487,41.186,-39.327,0,107.62,666.47,1,107.30,22.64,2500,0,0,0
702,11.7117,free_swing,727,405,704,438,41.241,-34.875,0,-91.73,1248.30,1,40.22,71.00,2500,1,0,0
703,11.72838,free_swing,724,410,721,518,38.027,-1.591,0,-304.88,2019.62,1,108.04,22.11,2500,1,0,0
704,11.74507,free_swing,718,421,764,478,31.715,38.904,0,-497.33,2196.25,1,73.25,47.19,2500,0,0,0
705,11.76175,free_swing,705,437,783,468,21.801,68.325,0,-578.21,1337.36,1,83.93,39.49,2500,1,0,0
706,11.77843,free_swing,689,453,800,463,12.127,84.852,0,-532.49,812.83,1,111.45,19.65,2500,1,0,0
707,11.79512,free_swing,674,464,812,464,4.764,90.000,0,-403.56,577.16,1,138.00,0.51,2500,1,0,0
708,11.8118,free_swing,660,472,811,418,-1.228,109.678,0,-302.02,852.95,1,160.37,15.61,2500,1,0,0
709,11.82848,free_swing,649,478,798,406,-5.477,115.791,0,-246.42,893.46,1,165.48,19.30,2500,0,0,0
710,11.84517,free_swing,638,482,778,323,-9.462,138.636,0,-225.12,399.71,1,211.85,52.73,2500,1,0,0
711,11.86185,free_swing,627,485,768,333,-13.241,137.150,0,-238.22,187.61,1,207.33,49.47,2500,1,0,0
712,11.87853,free_swing,614,489,741,366,-17.333,134.083,0,-246.47,110.21,1,176.80,27.46,2500,0,0,0
713,11.89522,free_swing,600,490,718,326,-21.739,144.265,0,-263.48,240.02,1,202.04,45.66,2500,0,0,0
714,11.9119,free_swing,585,492,700,304,-25.989,148.546,0,-286.10,207.81,1,220.38,58.88,2500,0,0,0
715,11.92858,free_swing,567,491,667,355,-31.122,143.673,0,-305.65,23.70,1,168.81,21.70,2500,0,0,0
716,11.94527,free_swing,548,488,642,320,-36.397,150.772,0,-307.75,-35.65,1,192.51,38.79,2500,0,0,0
717,11.96195,free_swing,530,483,639,317,-41.373,146.710,0,-302.75,-110.09,1,198.59,43.17,2500,0,0,0
718,11.97863,free_swing,513,476,619,336,-46.169,142.869,0,-292.59,-142.39,1,175.60,26.60,2500,0,0,0
719,11.99532,free_swing,495,466,617,311,-51.423,141.794,0,-290.50,-88.46,1,197.25,42.21,2500,0,0,0
720,12.012,free_swing,481,456,609,286,-55.733,143.022,0,-277.72,-204.21,1,212.80,53.42,2500,0,0,0
721,12.02868,free_swing,466,443,593,319,-60.601,134.315,0,-264.72,-273.26,1,177.50,27.96,2500,0,0,0
722,12.04537,free_swing,456,430,595,312,-64.666,130.329,0,-252.01,-334.71,1,182.33,31.45,2500,0,0,0
723,12.06205,free_swing,446,416,589,305,-68.839,127.819,0,-226.82,-330.61,1,181.02,30.51,2500,0,0,0
724,12.07873,free_swing,439,404,583,324,-72.181,119.055,0,-187.80,-229.17,1,164.73,18.76,2500,0,0,0
725,12.09542,free_swing,434,393,582,322,-75.084,115.628,0,-124.47,-147.13,1,164.15,18.34,2500,0,0,0
726,12.1121,free_swing,433,388,597,295,-76.316,119.556,0,-49.37,-50.40,1,188.53,35.92,2500,0,0,0
727,12.12878,free_swing,431,387,583,322,-76.663,113.153,0,23.82,-9.57,1,165.31,19.18,2500,0,0,0
728,12.14547,free_swing,433,391,591,317,-75.613,115.096,0,78.73,38.40,1,174.47,25.78,2500,0,0,0
729,12.16215,free_swing,436,397,592,311,-74.021,118.867,0,120.60,131.01,1,178.13,28.42,2500,0,0,0
730,12.17883,free_swing,440,406,588,324,-71.642,118.989,0,154.91,220.24,1,169.20,21.98,2500,0,0,0
731,12.19552,free_swing,445,416,596,323,-68.927,121.629,0,190.72,210.32,1,177.34,27.85,2500,0,0,0
732,12.2122,free_swing,454,428,601,302,-65.329,130.601,0,217.25,106.90,1,193.61,39.58,2500,0,0,0
733,12.22888,free_swing,464,440,608,337,-61.511,125.575,0,249.76,25.50,1,177.05,27.64,2500,0,0,0
734,12.24557,free_swing,476,452,618,349,-57.311,125.955,0,271.07,-29.77,1,175.42,26.47,2500,0,0,0
735,12.26225,free_swing,492,464,624,353,-52.334,130.061,0,285.35,81.20,1,172.47,24.34,2500,0,0,0
736,12.27893,free_swing,507,474,641,371,-47.690,127.548,0,295.65,80.87,1,169.01,21.85,2500,0,0,0
737,12.29562,free_swing,525,481,664,365,-42.805,129.846,0,297.21,84.49,1,181.04,30.52,2500,0,0,0
738,12.3123,free_swing,544,487,688,356,-37.515,132.293,0,304.56,-71.15,1,194.67,40.35,2500,0,0,0
739,12.32898,free_swing,562,490,701,378,-32.588,128.860,0,317.10,-272.04,1,178.51,28.69,2500,1,0,0
740,12.34567,free_swing,581,492,731,410,-27.135,118.664,0,337.87,-562.98,1,170.95,23.24,2500,1,0,0
741,12.36235,free_swing,602,491,748,426,-20.989,113.999,0,374.95,-705.60,1,159.82,15.22,2500,0,0,0
742,12.37903,free_swing,623,487,773,473,-14.470,95.332,0,436.29,-608.93,0,150.65,8.61,2500,0,0,0
743,12.39572,free_swing,646,479,778,489,-6.597,85.668,0,544.56,-985.39,1,132.38,4.56,2500,1,0,0
744,12.4124,free_swing,671,467,769,495,3.391,74.055,0,644.29,-1333.01,1,101.92,26.52,2500,1,0,0
745,12.42908,free_swing,694,448,750,529,14.962,34.658,0,668.04,-2046.70,1,98.47,29.01,2500,1,0,0
746,12.44577,free_swing,710,431,722,505,25.396,9.211,0,583.34,-1807.69,1,74.97,45.95,2500,1,0,0
747,12.46245,free_swing,720,416,704,446,34.160,-28.072,0,451.60,-1190.62,1,34.00,75.49,2500,1,0,0
748,12.47913,free_swing,726,407,675,492,40.030,-30.964,0,290.62,-1148.47,1,99.13,28.54,2500,0,0,0
749,12.49582,free_swing,729,400,657,452,44.145,-54.162,0,136.78,-633.63,1,88.81,35.97,2500,1,0,0
750,12.5125,free_swing,728,398,654,418,44.563,-74.876,0,15.25,-1262.98,1,76.66,44.74,2500,1,0,0
751,12.52918,free_swing,728,399,619,437,44.132,-70.780,0,-111.65,-721.08,1,115.43,16.78,2500,1,0,0
752,12.54587,free_swing,726,403,634,359,41.583,-115.560,0,-247.74,-382.26,1,101.98,26.48,2500,1,0,0
753,12.56255,free_swing,721,412,593,416,35.942,-88.210,0,-382.53,-347.46,0,128.06,7.67,2500,0,0,0
754,12.57923,free_swing,713,424,586,392,28.523,-104.142,0,-459.88,-104.97,1,130.97,5.58,2500,1,0,0
755,12.59592,free_swing,703,436,575,373,21.038,-116.206,0,-475.50,-779.27,1,142.66,2.85,2500,1,0,0
756,12.6126,free_swing,690,450,551,380,12.888,-116.730,0,-472.07,-101.75,1,155.63,12.20,2500,1,0,0
757,12.62928,free_swing,675,461,550,363,5.315,-128.096,0,-450.87,-477.29,1,158.84,14.51,2500,1,0,0
758,12.64597,free_swing,658,471,520,387,-2.060,-121.329,0,-411.90,-470.09,1,161.55,16.47,2500,0,0,0
759,12.66265,free_swing,641,480,556,317,-8.455,-152.459,0,-375.81,-389.90,1,183.83,32.53,2500,0,0,0
760,12.67933,free_swing,623,486,505,366,-14.560,-135.481,0,-351.20,-217.04,1,168.30,21.33,2500,0,0,0
761,12.69602,free_swing,605,490,509,338,-20.158,-147.724,0,-335.53,425.08,1,179.78,29.61,2500,1,0,0
762,12.7127,free_swing,586,491,482,370,-25.840,-139.321,0,-317.89,85.20,1,159.55,15.03,2500,1,0,0
763,12.72938,free_swing,568,491,443,390,-30.858,-128.938,0,-307.40,55.25,1,160.70,15.86,2500,0,0,0
764,12.74607,free_swing,550,488,457,373,-35.918,-141.038,0,-294.70,586.78,1,147.90,6.63,2500,1,0,0
765,12.76275,free_swing,531,484,432,381,-40.972,-136.134,0,-299.94,-478.72,1,142.86,3.00,2500,1,0,0
766,12.77943,free_swing,515,476,390,417,-45.785,-115.267,0,-306.92,-1650.00,1,138.22,0.35,2500,1,0,0
767,12.79612,free_swing,496,466,703,33,-51.257,154.449,0,-326.15,-1383.27,1,479.94,246.00,2500,1,0,0
768,12.8128,free_swing,479,453,747,44,-56.671,146.765,0,-347.47,-3146.38,1,488.98,252.53,2500,1,0,1
769,12.82948,free_swing,461,437,619,224,-62.534,143.433,0,-334.29,-3687.84,1,265.20,91.20,2500,1,0,1
770,12.84617,free_swing,448,419,436,452,-67.969,-19.983,0,-282.96,-3771.19,1,35.11,74.68,2500,0,0,1
771,12.86285,free_swing,440,405,422,505,-71.874,-10.204,0,-201.85,-523.93,1,101.61,26.75,2500,1,0,0
772,12.87953,free_swing,436,395,451,498,-74.489,8.286,0,-122.71,2105.45,1,104.09,24.96,2500,1,0,0
773,12.89622,free_swing,433,389,499,448,-76.081,48.205,0,-63.24,899.53,1,88.53,36.18,2500,1,0,0
774,12.9129,free_swing,433,387,494,487,-76.551,31.383,0,-6.19,371.64,1,117.14,15.55,2500,1,0,0
775,12.92958,free_swing,433,388,520,457,-76.316,51.582,0,55.22,499.10,1,111.04,19.95,2500,0,0,0
776,12.94627,free_swing,434,394,538,461,-74.851,57.209,0,112.98,707.34,1,123.71,10.81,2500,1,0,0
777,12.96295,free_swing,439,403,570,434,-72.413,76.686,0,168.20,538.44,0,134.62,2.95,2500,0,0,0
778,12.97963,free_swing,445,414,577,468,-69.386,67.751,0,205.17,286.40,1,142.62,2.82,2500,1,0,0
779,12.99632,free_swing,454,427,606,427,-65.556,90.000,0,236.66,39.25,1,152.00,9.58,2500,1,0,0
780,13.013,free_swing,464,440,604,482,-61.511,73.301,0,264.62,-68.68,0,146.16,5.38,2500,0,0,0
781,13.02968,free_swing,478,453,629,477,-56.813,80.969,0,290.17,102.81,1,152.90,10.23,2500,0,0,0
782,13.04637,free_swing,494,465,637,497,-51.798,77.386,0,311.77,290.78,0,146.54,5.64,2500,0,0,0
783,13.06305,free_swing,512,476,651,463,-46.359,95.343,0,331.15,-34.98,1,139.61,0.65,2500,1,0,0
784,13.07973,free_swing,532,484,664,519,-40.756,75.150,0,355.72,-265.62,1,136.56,1.55,2500,1,0,0
785,13.09642,free_swing,555,490,677,516,-34.354,77.969,0,409.25,-673.58,1,124.74,10.07,2500,1,0,0
786,13.1131,free_swing,580,493,687,543,-27.272,64.954,0,476.81,-1393.69,1,118.11,14.85,2500,1,0,0
787,13.12978,free_swing,610,491,689,562,-18.435,48.053,0,534.03,1389.92,1,106.22,23.42,2500,1,0,0
788,13.14647,free_swing,638,483,681,544,-9.401,35.181,0,567.42,850.79,1,74.63,46.19,2500,1,0,0
789,13.16315,free_swing,663,472,674,440,0.000,161.030,0,545.53,-1492.00,1,33.84,75.61,2500,1,0,0
790,13.17983,free_swing,683,459,665,522,8.949,-15.945,0,471.58,-3255.66,1,65.52,52.76,2500,1,1,1
791,13.19652,free_swing,696,446,651,515,16.144,-33.111,0,416.04,-3016.08,1,82.38,40.61,2500,1,0,1
792,13.2132,free_swing,705,435,647,528,22.184,-31.950,0,417.61,255.49,1,109.60,20.98,2500,1,0,0
793,13.22988,free_swing,716,423,642,494,30.217,-46.185,0,458.47,-716.74,1,102.55,26.07,2500,1,0,0
794,13.24657,free_swing,724,410,640,455,38.027,-61.821,0,486.96,-311.99,1,95.29,31.30,2500,1,0,0
795,13.26325,free_swing,730,397,653,438,45.868,-61.966,0,470.68,216.67,1,87.24,37.11,2500,1,0,0
796,13.27993,free_swing,735,385,643,475,53.643,-45.630,0,430.33,24.79,0,128.70,7.21,2500,0,0,0
797,13.29662,free_swing,738,375,651,432,60.173,-56.768,0,338.27,82.07,1,104.01,25.02,2500,0,0,0
798,13.3133,free_swing,739,368,655,411,64.654,-62.892,0,207.17,-15.79,1,94.37,31.97,2500,0,0,0
799,13.32998,free_swing,740,365,641,481,66.801,-40.479,0,30.23,298.34,1,152.50,9.94,2500,1,0,0
800,13.34667,free_swing,740,366,655,420,66.176,-57.572,0,-141.50,-403.97,1,100.70,27.40,2500,1,0,0
801,13.36335,free_swing,738,372,642,446,61.928,-52.374,0,-258.52,-436.43,1,121.21,12.61,2500,0,0,0
802,13.38003,free_swing,736,379,645,403,57.225,-75.225,0,-328.39,485.51,1,94.11,32.15,2500,1,0,0
803,13.39672,free_swing,734,388,630,480,51.736,-48.504,0,-378.11,-489.62,1,138.85,0.10,2500,1,0,0
804,13.4134,free_swing,729,399,632,479,44.569,-50.486,0,-442.32,-206.56,1,125.73,9.35,2500,1,0,0
805,13.43008,free_swing,723,412,649,397,36.870,-101.459,0,-480.83,-523.22,1,75.50,45.57,2500,1,0,0
806,13.44677,free_swing,714,425,622,507,28.740,-48.289,0,-488.44,532.73,1,123.24,11.15,2500,1,0,0
807,13.46345,free_swing,703,439,624,467,20.497,-70.484,0,-497.97,1272.90,1,83.82,39.57,2500,1,0,0
808,13.48013,free_swing,689,452,616,551,12.225,-36.404,0,-510.21,201.72,1,123.00,11.32,2500,1,0,0
809,13.49682,free_swing,671,467,617,579,3.391,-25.741,0,-545.24,1085.13,1,124.34,10.36,2500,1,0,0
810,13.5135,free_swing,648,480,635,501,-5.787,-31.759,0,-591.72,1631.78,1,24.70,82.19,2500,1,0,0
811,13.53018,free_swing,618,490,646,542,-15.897,28.301,0,-572.78,1851.96,1,59.06,57.42,2500,1,0,0
812,13.54687,free_swing,587,492,656,536,-25.408,57.475,0,-484.66,1331.14,1,81.84,41.00,2500,1,0,0
813,13.56355,free_swing,564,491,642,566,-31.908,46.123,0,-383.65,109.62,1,108.21,21.99,2500,1,0,0
814,13.58023,free_swing,543,488,649,540,-37.569,63.869,0,-314.45,-10.30,1,118.07,14.88,2500,0,0,0
815,13.59692,free_swing,524,481,627,545,-43.011,58.145,0,-285.43,-0.87,1,121.26,12.58,2500,0,0,0
816,13.6136,free_swing,509,475,622,554,-47.121,55.042,0,-251.41,-225.16,1,137.88,0.60,2500,1,0,0
817,13.63028,free_swing,495,467,613,551,-51.216,54.554,0,-222.89,155.71,1,144.84,4.42,2500,1,0,0
818,13.64697,free_swing,484,458,602,526,-54.858,60.046,0,-216.50,567.23,1,136.19,1.81,2500,1,0,0
819,13.66365,free_swing,473,450,592,498,-58.158,68.033,0,-195.44,207.34,1,128.32,7.49,2500,1,0,0
820,13.68033,free_swing,464,440,594,469,-61.511,77.425,0,-171.19,-309.80,1,133.20,3.97,2500,1,0,0
821,13.69702,free_swing,458,433,566,513,-63.771,53.471,0,-121.28,-135.22,0,134.40,3.10,2500,0,0,0
822,13.7137,free_swing,454,427,561,494,-65.556,57.947,0,-66.04,-361.57,1,126.25,8.98,2500,1,0,0
823,13.73038,free_swing,453,426,557,466,-65.886,68.962,0,-12.26,-0.98,1,111.43,19.67,2500,1,0,0
824,13.74707,free_swing,453,426,524,519,-65.886,37.360,0,48.33,-328.96,1,117.00,15.65,2500,1,0,0
825,13.76375,free_swing,456,431,527,479,-64.440,55.939,0,108.16,-864.13,1,85.70,38.21,2500,1,0,0
826,13.78043,free_swing,463,438,509,515,-62.076,30.854,0,180.26,-859.86,1,89.69,35.34,2500,0,0,0
827,13.79712,free_swing,473,448,472,558,-58.595,-0.521,0,247.14,-1545.58,1,110.00,20.69,2500,1,0,0
828,13.8138,free_swing,487,460,481,520,-53.973,-5.711,0,298.92,-1592.54,1,60.30,56.53,2500,0,0,0
829,13.83048,free_swing,504,472,454,519,-48.636,-46.771,0,312.63,-1695.59,1,68.62,50.53,2500,0,0,0
830,13.84717,free_swing,522,480,451,497,-43.612,-76.535,0,290.41,-1548.55,1,73.01,47.37,2500,0,0,0
831,13.86385,free_swing,538,486,445,488,-39.066,-88.768,0,258.78,-645.37,1,93.02,32.94,2500,1,0,0
832,13.88053,free_swing,553,489,452,470,-35.017,-100.654,0,234.38,-580.36,1,102.77,25.91,2500,0,0,0
833,13.89722,free_swing,567,491,455,462,-31.122,-104.517,0,224.96,-558.96,1,115.69,16.59,2500,0,0,0
834,13.9139,free_swing,580,492,477,428,-27.418,-121.855,0,242.49,-28.47,1,121.26,12.58,2500,1,0,0
835,13.93058,free_swing,595,491,473,433,-23.155,-115.427,0,274.48,-217.85,0,135.09,2.61,2500,0,0,0
836,13.94727,free_swing,612,488,483,449,-18.104,-106.821,0,304.89,149.79,1,134.77,2.84,2500,1,0,0
837,13.96395,free_swing,628,485,524,395,-12.885,-130.872,0,327.00,201.19,0,137.54,0.85,2500,0,0,0
838,13.98063,free_swing,644,479,503,455,-7.365,-99.660,0,352.30,28.70,0,143.03,3.11,2500,0,0,0
839,13.99732,free_swing,660,472,540,437,-1.228,-106.260,0,371.15,466.35,1,125.00,9.88,2500,1,0,0
840,14.014,free_swing,675,464,560,414,5.194,-113.499,0,378.54,611.86,0,125.40,9.59,2500,0,0,0
841,14.03068,free_swing,687,453,551,486,11.219,-76.361,0,376.18,1101.97,1,139.95,0.89,2500,1,0,0
842,14.04737,free_swing,698,443,579,495,17.501,-66.396,0,362.34,493.08,1,129.87,6.38,2500,1,0,0
843,14.06405,free_swing,707,434,600,478,23.334,-67.647,0,328.75,80.53,1,115.69,16.59,2500,1,0,0
844,14.08073,free_swing,713,426,627,460,28.009,-68.429,0,228.89,650.71,1,92.48,33.33,2500,1,0,0
845,14.09742,free_swing,717,422,662,487,30.964,-40.236,0,62.51,1187.21,1,85.15,38.61,2500,1,0,0
846,14.1141,free_swing,716,423,689,483,30.217,-24.228,0,-125.56,1397.78,1,65.80,52.57,2500,1,0,0
847,14.13078,free_swing,711,429,711,518,26.328,0.000,0,-313.40,1654.50,1,89.00,35.84,2500,1,0,0
848,14.14747,free_swing,703,439,744,512,20.497,29.320,0,-427.08,2047.51,1,83.73,39.64,2500,1,0,0
849,14.16415,free_swing,689,452,770,483,12.225,69.057,0,-458.80,1679.22,1,86.73,37.47,2500,1,0,0
850,14.18083,free_swing,675,464,785,465,5.194,89.479,0,-407.53,1059.25,1,110.00,20.69,2500,1,0,0
851,14.19752,free_swing,661,471,793,455,-0.824,96.911,0,-299.74,493.55,1,132.97,4.14,2500,1,0,0
852,14.2142,free_swing,650,476,792,428,-5.159,108.677,0,-235.42,371.38,0,149.89,8.06,2500,0,0,0
853,14.23088,free_swing,641,482,789,420,-8.344,112.730,0,-204.23,406.92,1,160.46,15.68,2500,0,0,0
854,14.24757,free_swing,630,485,771,408,-12.171,118.639,0,-203.85,396.92,1,160.65,15.82,2500,0,0,0
855,14.26425,free_swing,620,487,759,376,-15.505,128.610,0,-209.40,488.81,1,177.88,28.24,2500,0,0,0
856,14.28093,free_swing,609,489,733,367,-18.981,134.534,0,-219.38,417.51,1,173.95,25.41,2500,0,0,0
857,14.29762,free_swing,596,491,724,329,-22.850,141.687,0,-247.61,344.21,1,206.47,48.85,2500,0,0,0
858,14.3143,free_swing,581,491,697,323,-27.281,145.376,0,-268.09,154.32,1,204.16,47.18,2500,0,0,0
859,14.33098,free_swing,565,490,681,298,-31.809,148.861,0,-274.91,-44.74,1,224.32,61.72,2500,0,0,0
860,14.34767,free_swing,548,488,656,344,-36.397,143.130,0,-274.05,-49.80,1,180.00,29.77,2500,0,0,0
861,14.36435,free_swing,532,483,643,329,-40.943,144.217,0,-276.99,-137.32,1,189.83,36.86,2500,0,0,0
862,14.38103,free_swing,516,476,630,314,-45.591,144.866,0,-283.47,-40.95,1,198.09,42.81,2500,0,0,0
863,14.39772,free_swing,499,468,613,344,-50.332,137.406,0,-278.70,-161.04,1,168.44,21.43,2500,0,0,0
864,14.4144,free_swing,483,458,636,267,-55.008,141.304,0,-265.89,-189.10,1,244.72,76.43,2500,0,0,0
865,14.43108,free_swing,471,447,600,326,-59.080,133.167,0,-248.89,-198.88,1,176.87,27.51,2500,0,0,0
866,14.44777,free_swing,459,435,607,307,-63.211,130.855,0,-231.10,-270.09,1,195.67,41.07,2500,0,0,0
867,14.46445,free_swing,450,423,600,312,-66.866,126.501,0,-210.94,-334.48,1,186.60,34.53,2500,0,0,0
868,14.48113,free_swing,443,412,596,316,-70.017,122.106,0,-162.44,-266.97,1,180.62,30.22,2500,0,0,0
869,14.49782,free_swing,439,403,590,339,-72.413,112.969,0,-99.54,-118.95,1,164.00,18.24,2500,0,0,0
870,14.5145,free_swing,437,400,616,294,-73.254,120.633,0,-29.61,77.49,1,208.03,49.98,2500,0,0,0
871,14.53118,free_swing,437,400,607,312,-73.254,117.368,0,40.59,164.08,1,191.43,38.01,2500,0,0,0
872,14.54787,free_swing,439,404,611,297,-72.181,121.885,0,94.05,61.17,1,202.57,46.04,2500,0,0,0
873,14.56455,free_swing,443,412,618,300,-70.017,122.619,0,134.50,93.51,1,207.77,49.79,2500,0,0,0
874,14.58123,free_swing,449,420,611,313,-67.647,123.445,0,163.76,62.28,1,194.15,39.97,2500,0,0,0
875,14.59792,free_swing,455,430,623,318,-64.772,123.690,0,195.02,-4.25,1,201.91,45.57,2500,0,0,0
876,14.6146,free_swing,465,441,628,322,-61.167,126.132,0,223.75,-16.61,1,201.82,45.50,2500,0,0,0
877,14.63128,free_swing,477,452,637,355,-57.171,121.226,0,238.65,37.99,1,187.11,34.89,2500,0,0,0
878,14.64797,free_swing,489,462,664,337,-53.236,125.538,0,259.12,33.25,1,215.06,55.04,2500,0,0,0
879,14.66465,free_swing,504,471,667,354,-48.840,125.670,0,271.37,-160.13,1,200.64,44.65,2500,0,0,0
880,14.68133,free_swing,521,480,683,384,-43.815,120.651,0,282.39,-315.48,1,188.31,35.76,2500,0,0,0
881,14.69802,free_swing,537,485,695,420,-39.472,112.362,0,290.61,6.74,1,170.85,23.17,2500,1,0,0
882,14.7147,free_swing,556,489,718,407,-34.276,116.847,0,308.84,-127.93,1,181.57,30.90,2500,0,0,0
883,14.73138,free_swing,576,491,727,404,-28.686,119.949,0,372.54,-388.46,1,174.27,25.64,2500,1,0,0
884,14.74807,free_swing,598,491,749,473,-22.235,96.798,0,434.26,-242.60,0,152.07,9.63,2500,0,0,0
885,14.76475,free_swing,625,488,747,472,-13.690,97.472,0,548.27,-244.16,1,123.04,11.29,2500,0,0,0
886,14.78143,free_swing,651,477,728,468,-4.731,96.667,0,628.37,-2849.33,1,77.52,44.11,2500,1,0,1
887,14.79812,free_swing,679,461,704,493,7.070,37.999,0,599.50,-4125.69,1,40.61,70.72,2500,1,0,1
888,14.8148,free_swing,696,447,680,448,16.011,-86.424,0,493.56,-2528.06,1,16.03,88.44,2500,1,0,1
889,14.83148,free_swing,706,436,660,474,22.463,-50.440,0,348.16,-623.20,1,59.67,56.98,2500,1,0,0
890,14.84817,free_swing,713,426,635,496,28.009,-48.094,0,299.24,38.97,1,104.80,24.44,2500,1,0,0
891,14.86485,free_swing,718,419,637,414,32.300,-93.532,0,281.33,-882.53,1,81.15,41.49,2500,1,0,0
892,14.88153,free_swing,723,411,622,422,37.216,-83.784,0,232.76,-113.78,1,101.60,26.75,2500,1,0,0
893,14.89822,free_swing,726,406,599,440,40.409,-75.012,0,130.50,200.83,1,131.47,5.22,2500,1,0,0
894,14.9149,free_swing,726,404,586,412,41.186,-86.730,0,-29.88,-531.86,1,140.23,1.10,2500,1,0,0
895,14.93158,free_swing,724,406,588,388,39.500,-97.539,0,-170.70,-734.34,1,137.19,1.10,2500,1,0,0
896,14.94827,free_swing,720,412,581,371,35.470,-106.434,0,-279.95,-732.07,0,144.92,4.48,2500,0,0,0
897,14.96495,free_swing,715,421,578,341,30.296,-120.282,0,-352.14,-753.22,1,158.65,14.37,2500,0,0,0
898,14.98163,free_swing,707,431,586,317,23.962,-133.294,0,-396.05,-397.26,1,166.24,19.85,2500,1,0,0
899,14.99832,free_swing,697,442,581,318,17.176,-136.909,0,-416.35,-209.99,1,169.80,22.42,2500,0,0,0
900,15.015,free_swing,685,455,565,341,10.141,-133.531,0,-412.46,-202.20,1,165.52,19.33,2500,0,0,0
901,15.03168,free_swing,671,465,576,313,3.442,-147.995,0,-402.71,-532.41,1,179.25,29.22,2500,1,0,0
902,15.04837,free_swing,655,475,573,325,-3.202,-151.336,0,-398.15,-599.86,1,170.95,23.24,2500,0,0,0
903,15.06505,free_swing,637,482,589,292,-9.834,-165.822,0,-400.38,-319.23,1,195.97,41.28,2500,1,0,0
904,15.08173,free_swing,617,487,574,307,-16.530,-166.564,0,-392.00,-302.88,1,185.06,33.42,2500,0,0,0
905,15.09842,free_swing,596,490,565,316,-22.979,-169.898,0,-374.77,-300.64,1,176.74,27.42,2500,0,0,0
906,15.1151,free_swing,575,491,573,303,-28.963,-179.390,0,-355.82,-444.61,1,188.01,35.54,2500,0,0,0
907,15.13178,free_swing,554,489,576,290,-34.771,173.691,0,-337.96,-393.32,1,200.21,44.34,2500,0,0,0
908,15.14847,free_swing,534,484,565,310,-40.321,169.898,0,-319.48,-272.57,1,176.74,27.42,2500,0,0,0
909,15.16515,free_swing,516,477,569,290,-45.392,164.176,0,-294.34,-219.11,1,194.37,40.13,2500,0,0,0
910,15.18183,free_swing,500,468,565,275,-50.160,161.387,0,-274.28,-222.88,1,203.65,46.82,2500,0,0,0
911,15.19852,free_swing,485,459,551,291,-54.493,158.552,0,-257.00,-185.47,1,180.50,30.13,2500,0,0,0
912,15.2152,free_swing,472,448,563,262,-58.728,153.930,0,-233.68,-162.96,1,207.07,49.28,2500,0,0,0
913,15.23188,free_swing,462,437,557,252,-62.418,152.819,0,-215.12,-134.81,1,207.97,49.93,2500,0,0,0
914,15.24857,free_swing,453,427,548,255,-65.659,151.087,0,-189.55,-66.43,1,196.49,41.66,2500,0,0,0
915,15.26525,free_swing,446,416,544,254,-68.839,148.829,0,-162.97,-57.93,1,189.34,36.50,2500,0,0,0
916,15.28193,free_swing,442,408,540,238,-71.022,150.038,0,-119.74,-13.03,1,196.22,41.47,2500,0,0,0
917,15.29862,free_swing,439,402,532,248,-72.646,148.872,0,-48.36,38.83,1,179.90,29.70,2500,0,0,0
918,15.3153,free_swing,439,401,522,256,-72.879,150.213,0,28.18,85.75,1,167.07,20.45,2500,0,0,0
919,15.33198,free_swing,441,406,528,237,-71.565,152.761,0,98.49,191.17,1,190.08,37.03,2500,0,0,0
920,15.34867,free_swing,445,413,515,255,-69.617,156.105,0,137.21,251.40,1,172.81,24.59,2500,0,0,0
921,15.36535,free_swing,450,422,510,246,-67.094,161.175,0,158.41,301.75,1,185.95,34.06,2500,0,0,0
922,15.38203,free_swing,457,431,504,235,-64.332,166.515,0,183.16,413.06,1,201.56,45.31,2500,0,0,0
923,15.39872,free_swing,466,441,488,270,-61.044,172.669,0,216.45,251.50,1,172.41,24.30,2500,0,0,0
924,15.4154,free_swing,477,452,475,271,-57.171,-179.367,0,248.08,440.01,1,181.01,30.50,2500,0,0,0
925,15.43208,free_swing,491,463,495,265,-52.706,178.843,0,269.32,334.15,1,198.04,42.77,2500,0,0,0
926,15.44877,free_swing,506,472,451,313,-48.276,-160.919,0,274.54,344.76,1,168.24,21.29,2500,0,0,0
927,15.46545,free_swing,522,480,481,296,-43.612,-167.438,0,269.97,718.72,1,188.51,35.91,2500,1,0,0
928,15.48213,free_swing,538,485,454,350,-39.249,-148.109,0,265.61,1067.05,1,159.00,14.63,2500,1,0,0
929,15.49882,free_swing,554,488,430,411,-34.943,-121.839,0,252.07,1378.78,1,145.96,5.23,2500,1,0,0
930,15.5155,free_swing,568,491,430,461,-30.858,-102.265,0,221.14,1294.40,0,141.22,1.81,2500,0,0,0
931,15.53218,free_swing,579,493,459,501,-27.553,-86.186,0,167.38,903.32,1,120.27,13.30,2500,1,0,0
932,15.54887,free_swing,587,492,489,558,-25.408,-56.041,0,91.66,2193.87,1,118.15,14.82,2500,1,0,0
933,15.56555,free_swing,591,492,557,532,-24.228,-40.365,0,28.62,2511.85,1,52.50,62.15,2500,1,0,1
934,15.58223,free_swing,591,492,634,529,-24.228,49.289,0,28.92,2339.56,1,56.73,59.10,2500,0,0,0
935,15.59892,free_swing,593,493,659,568,-23.499,41.348,0,85.50,2093.36,1,99.90,27.97,2500,1,0,0
936,15.6156,free_swing,602,492,705,503,-20.869,83.904,0,183.62,799.10,1,103.59,25.32,2500,1,0,0
937,15.63228,free_swing,614,489,749,444,-17.333,108.435,0,279.99,641.60,0,142.30,2.59,2500,0,0,0
938,15.64897,free_swing,631,484,776,488,-11.889,88.420,0,344.02,175.47,1,145.06,4.58,2500,1,0,0
939,15.66565,free_swing,649,478,792,445,-5.477,102.995,0,393.27,476.73,1,146.76,5.80,2500,1,0,0
940,15.68233,free_swing,665,469,790,377,0.836,126.353,0,413.41,865.09,1,155.21,11.89,2500,1,0,0
941,15.69902,free_swing,681,458,810,375,8.130,122.758,0,432.37,461.92,1,153.39,10.59,2500,1,0,0
942,15.7157,free_swing,694,447,810,325,15.086,136.444,0,408.11,323.99,1,168.34,21.37,2500,0,0,0
943,15.73238,free_swing,704,435,805,308,21.705,141.506,0,327.56,345.76,1,162.27,16.98,2500,0,0,0
944,15.74907,free_swing,710,429,805,298,25.852,144.051,0,215.23,38.50,1,161.82,16.66,2500,1,0,0
945,15.76575,free_swing,713,424,801,301,28.523,144.418,0,69.47,93.60,0,151.24,9.03,2500,0,0,0
946,15.78243,free_swing,714,425,806,287,28.740,146.310,0,-48.45,311.98,1,165.86,19.57,2500,1,0,0
947,15.79912,free_swing,711,428,786,280,26.565,153.126,0,-135.12,238.18,1,165.92,19.62,2500,0,0,0
948,15.8158,free_swing,708,432,768,268,24.228,159.905,0,-184.66,176.23,1,174.63,25.90,2500,0,0,0
949,15.83248,free_swing,703,437,781,283,20.854,153.138,0,-236.68,11.52,1,172.63,24.45,2500,0,0,0
950,15.84917,free_swing,696,444,753,279,16.417,160.942,0,-274.37,-41.11,1,174.57,25.85,2500,0,0,0
951,15.86585,free_swing,687,453,760,294,11.219,155.339,0,-309.90,-153.24,1,174.96,26.13,2500,0,0,0
952,15.88253,free_swing,678,461,755,306,6.633,153.583,0,-338.61,-175.78,1,173.07,24.77,2500,0,0,0
953,15.89922,free_swing,663,470,754,327,0.000,147.529,0,-358.96,-120.45,1,169.50,22.20,2500,0,0,0
954,15.9159,free_swing,648,478,744,292,-5.866,152.700,0,-377.21,-178.53,1,209.31,50.90,2500,0,0,0
955,15.93258,free_swing,631,484,741,348,-11.889,141.033,0,-367.10,-372.17,1,174.92,26.10,2500,0,0,0
956,15.94927,free_swing,611,489,735,351,-18.325,138.059,0,-361.74,-618.47,1,185.53,33.75,2500,1,0,0
957,15.96595,free_swing,592,491,736,390,-24.063,125.045,0,-340.44,-320.42,1,175.89,26.81,2500,1,0,0
958,15.98263,free_swing,573,492,724,413,-29.358,117.618,0,-313.83,-697.31,1,170.42,22.86,2500,1,0,0
959,15.99932,free_swing,555,489,718,407,-34.524,116.705,0,-278.99,-493.63,1,182.46,31.54,2500,1,0,0
960,16.016,free_swing,539,486,694,497,-38.841,85.941,0,-234.42,-831.37,1,155.39,12.03,2500,1,0,0
961,16.03268,free_swing,528,482,673,473,-41.987,93.552,0,-177.14,-1296.67,1,145.28,4.74,2500,1,0,0
962,16.04937,free_swing,518,479,620,556,-44.608,52.951,0,-89.31,-1442.64,0,127.80,7.86,2500,0,0,0
963,16.06605,free_swing,516,477,567,582,-45.392,25.907,0,25.08,-2038.04,1,116.73,15.84,2500,1,0,0
964,16.08273,free_swing,521,480,524,572,-43.815,1.868,0,115.39,-1892.60,1,92.05,33.64,2500,0,0,0
965,16.09942,free_swing,529,483,474,544,-41.586,-42.039,0,106.51,-2266.33,1,82.13,40.79,2500,1,0,0
966,16.1161,free_swing,534,484,437,515,-40.321,-72.277,0,28.46,-1819.56,1,101.83,26.58,2500,1,0,0
967,16.13278,free_swing,532,483,430,455,-40.943,-105.350,0,-53.36,-1164.74,1,105.77,23.74,2500,1,0,0
968,16.14947,free_swing,527,482,401,438,-42.198,-109.250,0,-109.50,-914.13,1,133.46,3.78,2500,1,0,0
969,16.16615,free_swing,520,479,408,379,-44.210,-131.760,0,-129.55,-924.50,0,150.15,8.25,2500,0,0,0
970,16.18283,free_swing,512,475,424,343,-46.559,-146.310,0,-124.64,-981.11,1,158.64,14.37,2500,0,0,0
971,16.19952,free_swing,506,472,452,301,-48.276,-162.474,0,-92.12,-599.47,1,179.32,29.28,2500,1,0,0
972,16.2162,free_swing,502,470,459,279,-49.399,-167.312,0,-38.00,-501.75,1,195.78,41.15,2500,0,0,0
973,16.23288,free_swing,501,469,487,283,-49.779,-175.696,0,3.68,-336.98,1,186.53,34.47,2500,0,0,0
974,16.24957,free_swing,504,470,518,264,-49.044,176.112,0,39.85,-394.52,1,206.48,48.86,2500,0,0,0
975,16.26625,free_swing,506,471,523,284,-48.480,174.806,0,68.50,-296.26,1,187.77,35.37,2500,0,0,0
976,16.28293,free_swing,511,474,570,251,-46.948,165.181,0,99.88,-269.57,1,230.67,66.30,2500,0,0,0
977,16.29962,free_swing,518,477,575,277,-45.000,164.092,0,137.56,-282.22,1,207.96,49.93,2500,0,0,0
978,16.3163,free_swing,526,482,595,303,-42.406,158.920,0,167.56,-169.44,1,191.84,38.30,2500,0,0,0
979,16.33298,free_swing,537,485,622,301,-39.472,155.205,0,193.66,-220.24,1,202.68,46.12,2500,0,0,0
980,16.34967,free_swing,550,488,635,315,-35.918,153.834,0,214.48,-141.29,1,192.75,38.96,2500,0,0,0
981,16.36635,free_swing,563,490,659,329,-32.330,149.194,0,230.41,-119.30,1,187.45,35.14,2500,0,0,0
982,16.38303,free_swing,577,492,688,311,-28.258,148.481,0,246.65,-285.72,1,212.33,53.07,2500,0,0,0
983,16.39972,free_swing,592,491,721,317,-24.063,143.448,0,268.30,-328.34,1,216.60,56.16,2500,0,0,0
984,16.4164,free_swing,608,489,740,371,-19.306,131.795,0,291.84,-637.92,1,177.05,27.64,2500,1,0,0
985,16.43308,free_swing,624,486,762,380,-14.211,127.528,0,325.35,-699.76,1,174.01,25.45,2500,0,0,0
986,16.44977,free_swing,641,481,792,436,-8.399,106.595,0,374.10,-673.37,1,157.56,13.59,2500,0,0,0
987,16.46645,free_swing,659,472,801,443,-1.637,101.543,0,459.80,-644.83,0,144.93,4.49,2500,0,0,0
988,16.48313,free_swing,678,461,800,465,6.633,88.122,0,565.84,-1032.18,1,122.07,12.00,2500,1,0,0
989,16.49982,free_swing,697,446,785,477,16.607,70.594,0,577.76,-1493.16,1,93.30,32.74,2500,1,0,0
990,16.5165,free_swing,711,429,766,514,26.328,32.905,0,464.68,-1530.93,1,101.24,27.01,2500,0,0,0
991,16.53318,free_swing,717,420,737,479,31.535,18.726,0,252.64,-1307.13,1,62.30,55.09,2500,1,0,0
992,16.54987,free_swing,720,416,711,503,34.160,-5.906,0,13.17,-1584.16,1,87.46,36.94,2500,1,0,0
993,16.56655,free_swing,719,419,689,473,32.768,-29.055,0,-164.92,-1685.48,1,61.77,55.46,2500,0,0,0
994,16.58323,free_swing,714,427,677,442,28.229,-67.932,0,-299.96,-686.07,1,39.92,71.22,2500,1,0,0
995,16.59992,free_swing,707,435,640,474,23.131,-59.797,0,-362.39,146.68,1,77.52,44.11,2500,1,0,0
996,16.6166,free_swing,697,446,620,516,16.607,-47.726,0,-387.52,106.63,1,104.06,24.98,2500,0,0,0
997,16.63328,free_swing,685,457,608,504,9.982,-58.601,0,-407.94,-324.28,1,90.21,34.96,2500,1,0,0
998,16.64997,free_swing,671,468,597,494,3.366,-70.641,0,-401.09,-46.49,1,78.43,43.45,2500,1,0,0
999,16.66665,free_swing,654,476,567,538,-3.576,-54.525,0,-406.15,422.92,1,106.83,22.98,2500,1,0,0
1000,16.68333,free_swing,636,484,554,552,-10.072,-50.332,0,-410.43,1246.02,1,106.53,23.20,2500,1,0,0
1001,16.70002,free_swing,614,490,546,551,-17.230,-48.106,0,-415.44,-604.16,1,91.35,34.14,2500,1,0,0
1002,16.7167,free_swing,591,493,549,538,-24.094,-43.025,0,-429.43,-5540.49,1,61.55,55.62,2500,1,0,1
1003,16.73338,free_swing,566,492,573,467,-31.226,164.358,0,-429.71,-7664.61,1,25.96,81.28,2500,1,0,1
1004,16.75007,free_swing,540,487,534,547,-38.434,-5.711,0,-403.14,-5264.30,1,60.30,56.53,2500,1,0,1
1005,16.76675,free_swing,518,478,536,547,-44.803,14.621,0,-338.04,-558.57,1,71.31,48.59,2500,1,0,0
1006,16.78343,free_swing,500,470,528,556,-49.748,18.034,0,-289.17,1179.66,1,90.44,34.80,2500,1,0,0
1007,16.80012,free_swing,486,460,510,568,-54.127,12.529,0,-275.75,33.15,1,110.63,20.24,2500,1,0,0
1008,16.8168,free_swing,471,447,514,544,-59.080,23.908,0,-269.33,257.64,1,106.10,23.51,2500,1,0,0
1009,16.83348,free_swing,459,434,505,539,-63.435,23.658,0,-249.80,225.18,1,114.63,17.36,2500,0,0,0
1010,16.85017,free_swing,450,422,507,517,-67.094,30.964,0,-219.29,655.99,1,110.79,20.13,2500,1,0,0
1011,16.86685,free_swing,443,409,506,502,-70.710,34.114,0,-193.18,363.64,1,112.33,19.02,2500,1,0,0
1012,16.88353,free_swing,438,398,519,446,-73.652,59.349,0,-157.79,-287.74,1,94.15,32.12,2500,1,0,0
1013,16.90022,free_swing,434,390,480,500,-75.787,22.694,0,-100.51,-348.61,1,119.23,14.04,2500,0,0,0
1014,16.9169,free_swing,432,385,480,482,-77.078,26.328,0,-39.27,-426.39,1,108.23,21.98,2500,0,0,0
1015,16.93358,free_swing,432,385,482,458,-77.078,34.408,0,19.37,-252.57,1,88.48,36.21,2500,0,0,0
1016,16.95027,free_swing,433,388,455,497,-76.316,11.411,0,76.11,-759.66,1,111.20,19.83,2500,1,0,0
1017,16.96695,free_swing,436,394,437,516,-74.724,0.470,0,123.39,-422.15,1,122.00,12.04,2500,1,0,0
1018,16.98363,free_swing,440,404,441,500,-72.106,0.597,0,173.14,-192.18,1,96.01,30.79,2500,1,0,0
1019,17.00032,free_swing,447,415,447,479,-68.980,0.000,0,217.58,-617.40,1,64.00,53.86,2500,1,0,0
1020,17.017,free_swing,456,429,411,520,-64.892,-26.313,0,264.69,-1530.21,1,101.52,26.81,2500,1,0,0
1021,17.03368,free_swing,469,443,425,487,-60.223,-45.000,0,310.51,-1264.88,1,62.23,55.14,2500,1,0,0
1022,17.05037,free_swing,485,458,428,468,-54.707,-80.049,0,322.89,-1190.76,1,57.87,58.28,2500,0,0,0
1023,17.06705,free_swing,503,470,396,506,-49.222,-71.405,0,316.83,-1267.70,1,112.89,18.61,2500,0,0,0
1024,17.08373,free_swing,519,479,442,440,-44.409,-116.862,0,298.03,-630.00,1,86.31,37.77,2500,1,0,0
1025,17.10042,free_swing,537,486,450,440,-39.289,-117.867,0,291.06,-431.81,1,98.41,29.05,2500,0,0,0
1026,17.1171,free_swing,555,489,443,463,-34.524,-103.069,0,294.89,351.94,1,114.98,17.11,2500,1,0,0
1027,17.13378,free_swing,573,491,470,438,-29.511,-117.229,0,308.96,351.74,1,115.84,16.49,2500,0,0,0
1028,17.15047,free_swing,591,492,475,470,-24.228,-100.739,0,334.86,493.35,1,118.07,14.88,2500,0,0,0
1029,17.16715,free_swing,611,489,477,494,-18.325,-87.863,0,354.19,470.23,0,134.09,3.33,2500,0,0,0
1030,17.18383,free_swing,629,486,513,493,-12.450,-86.547,0,352.25,484.09,1,116.21,16.22,2500,0,0,0
1031,17.20052,free_swing,646,480,534,491,-6.553,-84.391,0,343.63,482.74,1,112.54,18.87,2500,0,0,0
1032,17.2172,free_swing,660,472,548,549,-1.228,-55.491,0,327.35,760.40,1,135.92,2.01,2500,1,0,0
1033,17.23388,free_swing,673,466,605,501,4.268,-62.765,0,293.30,267.60,1,76.48,44.86,2500,1,0,0
1034,17.25057,free_swing,682,459,617,553,8.509,-34.663,0,223.22,2789.44,1,114.28,17.61,2500,1,0,1
1035,17.26725,free_swing,688,455,652,565,11.489,-18.122,0,107.98,2969.81,1,115.74,16.56,2500,0,0,1
1036,17.28393,free_swing,689,453,698,448,12.127,119.055,0,-42.79,1595.70,1,10.30,92.58,2500,1,0,0
1037,17.30062,free_swing,686,456,724,517,10.508,31.921,0,-153.91,268.11,1,71.87,48.19,2500,1,0,0
1038,17.3173,free_swing,678,460,758,488,6.684,70.710,0,-198.74,-218.94,1,84.76,38.89,2500,1,0,0
1039,17.33398,free_swing,673,465,792,475,4.300,85.197,0,-157.57,1637.35,1,119.42,13.91,2500,1,0,0
1040,17.35067,free_swing,667,469,802,442,1.672,101.310,0,-82.42,703.27,1,137.67,0.75,2500,1,0,0
1041,17.36735,free_swing,666,469,797,421,1.254,110.123,0,-40.65,666.73,0,139.52,0.58,2500,0,0,0
1042,17.38403,free_swing,665,469,789,382,0.836,125.054,0,-6.95,532.63,0,151.48,9.20,2500,0,0,0
1043,17.40072,free_swing,664,470,791,368,0.415,128.770,0,-10.86,473.41,1,162.89,17.43,2500,0,0,0
1044,17.4174,free_swing,664,470,775,344,0.415,138.621,0,-30.39,495.95,1,167.92,21.06,2500,0,0,0
1045,17.43408,free_swing,662,471,761,323,-0.412,146.221,0,-76.77,487.92,1,178.06,28.37,2500,0,0,0
1046,17.45077,free_swing,657,473,732,300,-2.437,156.562,0,-146.61,375.72,1,188.56,35.94,2500,0,0,0
1047,17.46745,free_swing,650,478,716,320,-5.088,157.329,0,-184.00,343.82,1,171.23,23.45,2500,0,0,0
1048,17.48413,free_swing,640,481,687,291,-8.775,166.106,0,-207.09,270.79,1,195.73,41.11,2500,0,0,0
1049,17.50082,free_swing,631,484,663,303,-11.889,169.974,0,-224.93,176.36,1,183.81,32.51,2500,0,0,0
1050,17.5175,free_swing,618,488,647,316,-16.091,170.430,0,-250.26,11.79,1,174.43,25.75,2500,0,0,0
1051,17.53418,free_swing,604,491,641,280,-20.358,170.054,0,-276.89,90.09,1,214.22,54.44,2500,0,0,0
1052,17.55087,free_swing,588,491,612,295,-25.253,173.019,0,-281.86,125.07,1,197.46,42.36,2500,0,0,0
1053,17.56755,free_swing,572,491,583,319,-29.784,176.341,0,-282.46,111.36,1,172.35,24.25,2500,0,0,0
1054,17.58423,free_swing,555,489,571,302,-34.524,175.110,0,-275.76,20.15,1,187.68,35.31,2500,0,0,0
1055,17.60092,free_swing,539,485,549,300,-39.023,176.906,0,-266.05,-41.64,1,185.27,33.57,2500,0,0,0
1056,17.6176,free_swing,523,480,538,288,-43.409,175.533,0,-251.91,6.75,1,192.59,38.84,2500,0,0,0
1057,17.63428,free_swing,509,474,526,265,-47.322,175.350,0,-236.34,117.66,1,209.69,51.17,2500,0,0,0
1058,17.65097,free_swing,496,466,499,281,-51.257,179.071,0,-212.18,128.97,1,185.02,33.39,2500,0,0,0
1059,17.66765,free_swing,485,459,476,288,-54.493,-176.987,0,-180.23,66.57,1,171.24,23.45,2500,0,0,0
1060,17.68433,free_swing,477,452,475,246,-57.171,-179.444,0,-146.28,419.19,1,206.01,48.52,2500,1,0,0
1061,17.70102,free_swing,471,446,447,270,-59.300,-172.235,0,-112.34,529.36,1,177.63,28.06,2500,0,0,0
1062,17.7177,free_swing,466,441,403,303,-61.044,-155.462,0,-75.60,-334.76,1,151.70,9.37,2500,1,0,0
1063,17.73438,free_swing,463,439,447,268,-61.853,-174.655,0,-46.01,-1304.24,1,171.75,23.82,2500,1,0,0
1064,17.75107,free_swing,462,437,681,83,-62.418,148.257,0,-19.92,-1384.35,1,416.27,200.10,2500,0,0,0
1065,17.76775,free_swing,461,436,702,125,-62.758,142.227,0,-6.37,-308.75,1,393.45,183.65,2500,1,0,0
1066,17.78443,free_swing,461,437,711,109,-62.534,142.686,0,5.17,216.31,1,412.41,197.32,2500,1,0,0
1067,17.80112,free_swing,462,437,664,84,-62.418,150.220,0,27.22,-749.84,1,406.71,193.21,2500,1,0,0
1068,17.8178,free_swing,463,439,693,146,-61.853,141.869,0,63.36,1482.64,1,372.49,168.54,2500,1,0,0
1069,17.83448,free_swing,469,443,668,152,-60.223,145.634,0,107.24,3921.75,1,352.54,154.16,2500,1,0,1
1070,17.85117,free_swing,475,449,412,485,-58.104,-60.255,0,142.64,4598.58,1,72.56,47.69,2500,1,0,1
1071,17.86785,free_swing,482,456,450,502,-55.586,-34.824,0,175.84,2741.85,1,56.04,59.60,2500,1,0,1
1072,17.88453,free_swing,492,464,473,524,-52.334,-17.571,0,205.99,358.67,1,62.94,54.63,2500,1,0,0
1073,17.90122,free_swing,505,472,498,566,-48.457,-4.259,0,243.64,675.94,1,94.26,32.04,2500,1,0,0
1074,17.9179,free_swing,520,478,538,576,-44.405,10.408,0,283.32,591.44,1,99.64,28.17,2500,0,0,0
1075,17.93458,free_swing,538,486,565,604,-39.066,12.888,0,319.29,665.73,1,121.05,12.73,2500,0,0,0
1076,17.95127,free_swing,558,491,603,570,-33.440,29.667,0,360.68,659.89,1,90.92,34.45,2500,0,0,0
1077,17.96795,free_swing,580,492,644,565,-27.418,41.241,0,387.28,610.14,1,97.08,30.01,2500,0,0,0
1078,17.98463,free_swing,604,491,671,559,-20.358,44.576,0,415.44,-23.86,1,95.46,31.18,2500,1,0,0
1079,18.00132,free_swing,626,487,696,549,-13.426,48.468,0,445.31,75.80,1,93.51,32.59,2500,0,0,0
1080,18.018,free_swing,648,479,717,557,-5.826,41.496,0,473.44,1224.89,1,104.14,24.92,2500,1,0,0
1081,18.03468,free_swing,669,467,723,484,2.545,72.525,0,513.87,751.28,1,56.61,59.19,2500,1,0,0
1082,18.05137,free_swing,687,455,751,441,11.041,102.339,0,521.65,-185.14,1,65.51,52.77,2500,1,0,0
1083,18.06805,free_swing,702,440,759,494,19.855,46.548,0,490.90,-998.18,1,78.52,43.39,2500,1,0,0
1084,18.08473,free_swing,712,427,785,477,27.284,55.592,0,416.85,-485.80,1,88.48,36.21,2500,1,0,0
1085,18.10142,free_swing,719,417,808,472,33.378,58.285,0,299.17,788.58,1,104.62,24.57,2500,1,0,0
1086,18.1181,free_swing,722,410,819,454,37.104,65.601,0,118.40,584.45,1,106.51,23.21,2500,1,0,0
1087,18.13478,free_swing,723,409,825,419,37.926,84.401,0,-56.84,923.16,1,102.49,26.11,2500,1,0,0
1088,18.15147,free_swing,720,414,840,407,34.804,93.338,0,-173.06,1246.43,1,120.20,13.34,2500,1,0,0
1089,18.16815,free_swing,717,418,823,360,32.125,118.686,0,-215.84,884.89,1,120.83,12.89,2500,1,0,0
1090,18.18483,free_swing,713,425,822,311,28.264,136.284,0,-232.76,443.77,1,157.72,13.71,2500,1,0,0
1091,18.20152,free_swing,708,432,837,339,24.228,125.789,0,-270.07,182.50,1,159.03,14.65,2500,1,0,0
1092,18.2182,free_swing,701,440,807,331,19.385,135.799,0,-285.44,291.75,0,152.04,9.61,2500,0,0,0
1093,18.23488,free_swing,693,447,788,297,14.621,147.653,0,-291.80,399.44,1,177.55,28.00,2500,0,0,0
1094,18.25157,free_swing,684,455,784,310,9.689,145.408,0,-296.56,149.50,1,176.14,26.99,2500,1,0,0
1095,18.26825,free_swing,674,464,767,313,4.764,148.371,0,-318.83,127.93,1,177.34,27.85,2500,0,0,0
1096,18.28493,free_swing,661,471,749,290,-0.824,154.072,0,-331.67,236.89,1,201.26,45.09,2500,0,0,0
1097,18.30162,free_swing,646,478,728,304,-6.642,154.767,0,-348.51,58.03,1,192.35,38.68,2500,0,0,0
1098,18.3183,free_swing,630,485,712,302,-12.171,155.863,0,-363.16,-147.60,1,200.53,44.57,2500,1,0,0
1099,18.33498,free_swing,610,489,700,326,-18.654,151.095,0,-374.15,-199.54,1,186.20,34.24,2500,0,0,0
1100,18.35167,free_swing,589,491,689,335,-24.958,147.339,0,-380.50,-165.28,1,185.30,33.59,2500,0,0,0
1101,18.36835,free_swing,568,490,683,317,-31.017,146.386,0,-366.51,-106.64,1,207.74,49.76,2500,0,0,0
1102,18.38503,free_swing,545,487,664,322,-37.282,144.200,0,-358.98,-253.62,1,203.44,46.66,2500,0,0,0
1103,18.40172,free_swing,524,481,666,321,-43.011,138.411,0,-352.29,-396.12,1,213.93,54.23,2500,0,0,0
1104,18.4184,free_swing,503,472,647,354,-48.814,129.333,0,-334.69,-450.67,1,186.17,34.22,2500,0,0,0
1105,18.43508,free_swing,486,459,654,347,-54.340,123.690,0,-312.27,-468.78,1,201.91,45.57,2500,0,0,0
1106,18.45177,free_swing,471,447,634,372,-59.080,114.708,0,-272.99,-623.28,1,179.43,29.36,2500,0,0,0
1107,18.46845,free_swing,460,434,618,395,-63.322,103.865,0,-224.15,-530.35,1,162.74,17.33,2500,0,0,0
1108,18.48513,free_swing,451,424,608,424,-66.541,90.000,0,-157.62,-907.34,1,157.00,13.19,2500,1,0,0
1109,18.50182,free_swing,447,417,585,428,-68.519,85.443,0,-69.67,-979.99,0,138.44,0.20,2500,0,0,0
1110,18.5185,free_swing,446,416,552,508,-68.839,49.044,0,23.54,-996.23,0,140.36,1.19,2500,0,0,0
1111,18.53518,free_swing,449,420,527,489,-67.647,48.504,0,114.87,-1044.67,1,104.14,24.92,2500,0,0,0
1112,18.55187,free_swing,455,429,501,526,-64.998,25.372,0,211.94,-1073.00,1,107.35,22.60,2500,0,0,0
1113,18.56855,free_swing,466,442,466,537,-60.822,0.000,0,310.03,-2259.80,1,95.00,31.51,2500,1,0,0
1114,18.58523,free_swing,485,457,459,497,-54.922,-33.024,0,364.86,-2170.57,1,47.71,65.61,2500,0,0,0
1115,18.60192,free_swing,504,472,439,475,-48.636,-87.357,0,338.82,-1750.97,1,65.07,53.09,2500,1,0,0
1116,18.6186,free_swing,522,480,411,486,-43.612,-86.906,0,265.32,-931.65,1,111.16,19.86,2500,1,0,0
1117,18.63528,free_swing,535,484,419,444,-40.101,-109.026,0,202.07,-447.38,1,122.70,11.54,2500,1,0,0
1118,18.65197,free_swing,547,487,420,430,-36.811,-114.171,0,175.92,-713.34,1,139.20,0.36,2500,1,0,0
1119,18.66865,free_swing,557,490,437,402,-33.857,-126.254,0,190.10,-746.31,0,148.81,7.28,2500,0,0,0
1120,18.68533,free_swing,569,491,456,366,-30.591,-137.886,0,234.91,-555.04,1,168.51,21.48,2500,0,0,0
1121,18.70202,free_swing,585,491,499,331,-26.131,-151.742,0,274.52,13.59,1,181.65,30.96,2500,1,0,0
1122,18.7187,free_swing,602,491,487,368,-20.989,-136.925,0,295.93,2.19,1,168.39,21.40,2500,0,0,0
1123,18.73538,free_swing,617,488,505,357,-16.429,-139.471,0,308.90,-124.95,1,172.35,24.25,2500,0,0,0
1124,18.75207,free_swing,634,483,550,307,-10.871,-154.486,0,342.50,-178.98,1,195.02,40.60,2500,0,0,0
1125,18.76875,free_swing,651,476,549,331,-4.764,-144.876,0,395.59,221.92,1,177.28,27.81,2500,1,0,0
1126,18.78543,free_swing,668,466,548,326,2.137,-139.399,0,423.11,276.80,1,184.39,32.93,2500,0,0,0
1127,18.80212,free_swing,684,456,568,321,9.612,-139.329,0,446.98,120.47,1,177.99,28.32,2500,0,0,0
1128,18.8188,free_swing,697,443,581,309,17.030,-139.118,0,498.36,77.94,1,177.23,27.77,2500,0,0,0
1129,18.83548,free_swing,709,428,581,317,25.602,-130.931,0,534.78,154.16,1,169.43,22.15,2500,0,0,0
1130,18.85217,free_swing,720,412,597,292,35.470,-134.293,0,557.49,628.43,1,171.84,23.89,2500,1,0,0
1131,18.86885,free_swing,727,399,585,310,43.688,-122.078,0,524.73,314.80,1,167.59,20.82,2500,1,0,0
1132,18.88553,free_swing,733,386,580,349,52.352,-103.595,0,425.82,218.09,1,157.41,13.48,2500,0,0,0
1133,18.90222,free_swing,736,377,610,279,58.349,-127.875,0,270.58,23.74,1,159.62,15.08,2500,0,0,0
1134,18.9189,free_swing,737,373,592,323,61.011,-109.026,0,79.70,-122.63,1,153.38,10.58,2500,0,0,0
1135,18.93558,free_swing,736,373,587,316,60.680,-110.934,0,-94.82,245.98,1,159.53,15.01,2500,1,0,0
1136,18.95227,free_swing,736,377,609,306,58.349,-119.208,0,-238.65,196.27,0,145.50,4.90,2500,0,0,0
1137,18.96895,free_swing,733,385,586,355,52.869,-101.535,0,-343.08,302.08,0,150.03,8.16,2500,0,0,0
1138,18.98563,free_swing,730,395,580,376,46.762,-97.219,0,-396.57,294.84,0,151.20,9.00,2500,0,0,0
1139,19.00232,free_swing,725,406,591,371,39.958,-104.638,0,-420.41,226.43,0,138.50,0.15,2500,0,0,0
1140,19.019,free_swing,718,417,576,418,32.905,-89.597,0,-454.99,276.71,0,142.00,2.38,2500,0,0,0
1141,19.03568,free_swing,709,431,564,443,24.922,-85.269,0,-469.03,5.73,1,145.50,4.89,2500,1,0,0
1142,19.05237,free_swing,697,443,576,437,17.030,-92.839,0,-462.34,193.44,1,121.15,12.66,2500,0,0,0
1143,19.06905,free_swing,684,456,560,456,9.612,-90.000,0,-448.72,375.63,1,124.00,10.60,2500,0,0,0
1144,19.08573,free_swing,668,468,550,530,2.106,-62.281,0,-459.99,778.19,1,133.30,3.90,2500,1,0,0
1145,19.10242,free_swing,648,478,573,504,-5.866,-70.880,0,-497.89,919.41,1,79.38,42.77,2500,0,0,0
1146,19.1191,free_swing,623,487,562,568,-14.470,-36.983,0,-553.94,1613.39,1,101.40,26.90,2500,1,0,0
1147,19.13578,free_swing,592,492,565,605,-23.929,-13.438,0,-572.50,2082.71,1,116.18,16.24,2500,1,0,0
1148,19.15247,free_swing,557,491,596,555,-33.690,31.357,0,-515.25,1371.44,1,74.95,45.97,2500,1,0,0
1149,19.16915,free_swing,530,484,602,575,-41.186,38.351,0,-403.72,1172.52,1,116.04,16.34,2500,0,0,0
1150,19.18583,free_swing,511,475,600,543,-46.747,52.619,0,-296.22,671.88,1,112.00,19.25,2500,1,0,0
1151,19.20252,free_swing,495,467,620,497,-51.216,76.504,0,-239.96,515.68,0,128.55,7.32,2500,0,0,0
1152,19.2192,free_swing,484,458,614,508,-54.858,68.962,0,-207.39,134.07,1,139.28,0.41,2500,1,0,0
1153,19.23588,free_swing,474,449,614,491,-58.241,73.301,0,-187.70,248.40,0,146.16,5.38,2500,0,0,0
1154,19.25257,free_swing,465,441,614,461,-61.167,82.355,0,-173.98,682.05,1,150.34,8.38,2500,1,0,0
1155,19.26925,free_swing,458,432,623,418,-63.997,94.850,0,-159.14,275.27,1,165.59,19.38,2500,1,0,0
1156,19.28593,free_swing,452,424,614,406,-66.442,96.340,0,-130.97,14.70,1,163.00,17.51,2500,1,0,0
1157,19.30262,free_swing,448,417,606,427,-68.429,86.379,0,-93.88,-360.67,1,158.32,14.14,2500,1,0,0
1158,19.3193,free_swing,445,414,613,405,-69.386,93.066,0,-42.32,-30.21,1,168.24,21.29,2500,1,0,0
1159,19.33598,free_swing,444,412,598,437,-69.933,80.779,0,11.47,245.22,1,156.02,12.48,2500,1,0,0
1160,19.35267,free_swing,446,415,620,385,-69.069,99.782,0,54.40,263.22,1,176.57,27.29,2500,0,0,0
1161,19.36935,free_swing,449,419,611,401,-67.876,96.340,0,97.06,126.47,1,163.00,17.51,2500,0,0,0
1162,19.38603,free_swing,453,425,627,402,-66.114,97.530,0,132.73,-269.27,1,175.51,26.53,2500,1,0,0
1163,19.40272,free_swing,459,434,621,432,-63.435,90.707,0,169.53,-57.79,1,162.01,16.80,2500,1,0,0
1164,19.4194,free_swing,468,443,629,434,-60.350,93.200,0,196.93,216.25,1,161.25,16.25,2500,1,0,0
1165,19.43608,free_swing,478,452,649,430,-57.031,97.331,0,210.35,154.60,1,172.41,24.30,2500,0,0,0
1166,19.45277,free_swing,489,462,666,423,-53.236,102.426,0,231.17,-276.81,1,181.25,30.67,2500,1,0,0
1167,19.46945,free_swing,502,470,656,477,-49.399,87.397,0,250.51,-471.64,1,154.16,11.14,2500,0,0,0
1168,19.48613,free_swing,518,478,672,499,-44.803,82.235,0,276.95,-66.11,1,155.43,12.05,2500,1,0,0
1169,19.50282,free_swing,534,485,677,500,-40.135,84.012,0,305.62,1.51,0,143.78,3.66,2500,0,0,0
1170,19.5195,free_swing,555,489,674,490,-34.524,89.519,0,342.54,-615.94,1,119.00,14.21,2500,1,0,0
1171,19.53618,free_swing,576,492,682,549,-28.535,61.731,0,419.55,-1092.92,1,120.35,13.23,2500,1,0,0
1172,19.55287,free_swing,602,491,678,572,-20.989,43.176,0,504.83,-1357.22,1,111.07,19.92,2500,1,0,0
1173,19.56955,free_swing,631,486,674,569,-11.739,27.387,0,538.20,-1490.11,1,93.48,32.61,2500,0,0,0
1174,19.58623,free_swing,656,475,651,555,-2.802,-3.576,0,499.46,-1329.82,1,80.16,42.21,2500,0,0,0
1175,19.60292,free_swing,673,465,651,502,4.300,-30.735,0,387.48,-1277.79,1,43.05,68.97,2500,0,0,0
1176,19.6196,free_swing,686,455,625,558,10.592,-30.635,0,306.91,-771.30,1,119.71,13.70,2500,1,0,0
1177,19.63628,free_swing,693,448,619,487,14.500,-62.210,0,306.23,-659.76,1,83.65,39.69,2500,0,0,0
1178,19.65297,free_swing,702,438,610,498,20.200,-56.889,0,341.11,-461.49,1,109.84,20.81,2500,0,0,0
1179,19.66965,free_swing,711,428,606,465,26.565,-70.589,0,358.08,-105.76,1,111.33,19.74,2500,1,0,0
1180,19.68633,free_swing,717,419,605,464,31.827,-68.110,0,275.87,-529.56,1,120.70,12.98,2500,1,0,0
1181,19.70302,free_swing,721,413,600,437,35.605,-78.781,0,164.37,-316.80,1,123.36,11.07,2500,1,0,0
1182,19.7197,free_swing,722,410,602,409,37.104,-90.477,0,46.11,-445.79,1,120.00,13.48,2500,0,0,0
1183,19.73638,free_swing,722,410,587,422,37.104,-84.920,0,-73.77,-187.17,1,135.53,2.29,2500,1,0,0
1184,19.75307,free_swing,720,414,587,393,34.804,-98.973,0,-193.07,-205.42,0,134.65,2.93,2500,0,0,0
1185,19.76975,free_swing,716,421,573,407,30.774,-95.592,0,-291.96,-461.99,1,143.68,3.59,2500,1,0,0
1186,19.78643,free_swing,709,430,569,390,25.145,-105.945,0,-343.09,-324.99,0,145.60,4.97,2500,0,0,0
1187,19.80312,free_swing,701,440,571,380,19.385,-114.775,0,-354.75,-250.81,0,143.18,3.22,2500,0,0,0
1188,19.8198,free_swing,691,449,554,395,13.459,-111.512,0,-356.79,35.90,1,147.26,6.16,2500,1,0,0
1189,19.83648,free_swing,680,459,541,404,7.624,-111.588,0,-364.20,-70.90,0,149.49,7.77,2500,0,0,0
1190,19.85317,free_swing,666,467,534,407,1.273,-114.444,0,-372.43,-185.74,0,145.00,4.53,2500,0,0,0
1191,19.86985,free_swing,651,476,519,400,-4.764,-119.932,0,-366.09,-41.56,0,152.32,9.81,2500,0,0,0
1192,19.88653,free_swing,634,482,508,421,-10.942,-115.833,0,-346.39,-110.49,0,139.99,0.92,2500,0,0,0
1193,19.90322,free_swing,617,488,485,428,-16.429,-114.444,0,-340.77,492.58,1,145.00,4.53,2500,1,0,0
1194,19.9199,free_swing,599,490,490,437,-22.051,-115.931,0,-336.65,630.54,1,121.20,12.62,2500,0,0,0
1195,19.93658,free_swing,578,492,434,516,-27.979,-80.538,0,-343.41,663.35,0,145.99,5.25,2500,0,0,0
1196,19.95327,free_swing,558,490,459,492,-33.606,-88.843,0,-372.14,919.47,1,99.02,28.61,2500,1,0,0
1197,19.96995,free_swing,535,485,455,516,-39.916,-68.819,0,-406.39,1288.38,1,85.80,38.15,2500,1,0,0
1198,19.98663,free_swing,509,474,446,574,-47.322,-32.211,0,-415.04,2085.28,1,118.19,14.79,2500,1,0,0
1199,20.00332,free_swing,487,461,480,555,-53.760,-4.259,0,-357.39,1550.32,1,94.26,32.04,2500,1,0,0
1200,20.02,free_swing,471,447,499,526,-59.080,19.516,0,-273.24,596.18,1,83.82,39.57,2500,1,0,0
1201,20.03668,free_swing,461,436,503,544,-62.758,21.251,0,-203.26,679.17,1,115.88,16.46,2500,0,0,0
1202,20.05337,free_swing,453,426,512,549,-65.886,25.626,0,-152.08,744.25,0,136.42,1.65,2500,0,0,0
1203,20.07005,free_swing,448,419,553,478,-67.969,60.668,0,-120.61,687.55,1,120.44,13.17,2500,0,0,0
1204,20.08673,free_swing,444,413,551,497,-69.702,51.866,0,-75.89,265.45,1,136.03,1.93,2500,1,0,0
1205,20.10342,free_swing,442,409,562,490,-70.791,55.981,0,-29.83,93.72,0,144.78,4.38,2500,0,0,0
1206,20.1201,free_swing,442,410,578,479,-70.560,63.099,0,21.89,343.02,1,152.50,9.94,2500,1,0,0
1207,20.13678,free_swing,444,412,585,457,-69.933,72.300,0,70.41,592.79,1,148.01,6.70,2500,1,0,0
1208,20.15347,free_swing,448,417,593,462,-68.429,72.759,0,115.89,828.84,1,151.82,9.45,2500,1,0,0
1209,20.17015,free_swing,454,425,617,391,-66.012,101.782,0,161.96,637.67,1,166.51,20.04,2500,0,0,0
1210,20.18683,free_swing,461,435,631,394,-62.983,103.559,0,198.91,303.52,1,174.87,26.07,2500,1,0,0
1211,20.20352,free_swing,471,445,637,420,-59.521,98.565,0,225.89,-282.84,1,167.87,21.03,2500,1,0,0
1212,20.2202,free_swing,483,456,646,420,-55.437,102.454,0,247.99,36.17,1,166.93,20.34,2500,1,0,0
1213,20.23688,free_swing,496,466,660,448,-51.257,96.263,0,260.12,72.55,1,164.98,18.94,2500,0,0,0
1214,20.25357,free_swing,512,474,678,423,-46.759,107.078,0,273.09,127.12,1,173.66,25.20,2500,0,0,0
1215,20.27025,free_swing,527,482,688,455,-42.198,99.520,0,289.10,-61.87,1,163.25,17.69,2500,0,0,0
1216,20.28693,free_swing,546,487,705,445,-37.047,104.797,0,308.39,-260.94,1,164.45,18.56,2500,0,0,0
1217,20.30362,free_swing,565,490,713,490,-31.809,90.000,0,334.92,-595.64,1,148.00,6.70,2500,1,0,0
1218,20.3203,free_swing,586,491,727,493,-25.840,89.187,0,381.61,-622.68,0,141.01,1.66,2500,0,0,0
1219,20.33698,free_swing,608,491,737,547,-19.081,66.534,0,452.50,72.47,1,140.63,1.39,2500,1,0,0
1220,20.35367,free_swing,634,484,729,502,-10.802,79.271,0,530.35,-210.66,1,96.69,30.29,2500,1,0,0
1221,20.37035,free_swing,659,473,715,484,-1.625,78.887,0,565.53,-1370.37,1,57.07,58.86,2500,1,0,0
1222,20.38703,free_swing,681,459,705,499,8.067,30.964,0,533.31,-2185.72,1,46.65,66.37,2500,1,0,0
1223,20.40372,free_swing,696,446,681,504,16.144,-14.500,0,465.70,-2395.22,1,59.91,56.81,2500,1,0,0
1224,20.4204,free_swing,707,435,666,531,23.131,-23.127,0,387.91,-1654.44,1,104.39,24.74,2500,1,0,0
1225,20.43708,free_swing,715,425,663,440,29.211,-73.909,0,312.42,-970.99,1,54.12,60.98,2500,1,0,0
1226,20.45377,free_swing,720,417,656,439,33.845,-71.030,0,254.40,-644.01,1,67.68,51.21,2500,1,0,0
1227,20.47045,free_swing,723,411,648,435,37.216,-72.255,0,207.77,-8.40,1,78.75,43.23,2500,1,0,0
1228,20.48713,free_swing,726,405,633,412,40.795,-85.696,0,146.28,11.23,1,93.26,32.76,2500,0,0,0
1229,20.50382,free_swing,727,402,622,425,42.436,-77.645,0,47.36,-69.40,1,107.49,22.51,2500,0,0,0
1230,20.5205,free_swing,727,403,613,441,42.032,-71.565,0,-74.37,-2.18,1,120.17,13.37,2500,0,0,0
1231,20.53718,free_swing,725,406,604,402,39.958,-91.893,0,-169.44,-296.80,1,121.07,12.72,2500,1,0,0
1232,20.55387,free_swing,722,412,593,434,36.409,-80.322,0,-262.27,-324.60,0,130.86,5.66,2500,0,0,0
1233,20.57055,free_swing,717,420,585,413,31.535,-93.036,0,-335.42,-242.39,0,132.19,4.70,2500,0,0,0
1234,20.58723,free_swing,709,430,582,410,25.145,-98.949,0,-379.07,-440.45,0,128.57,7.31,2500,0,0,0
1235,20.60392,free_swing,700,440,564,411,18.911,-102.037,0,-392.95,-191.90,1,139.06,0.25,2500,1,0,0
1236,20.6206,free_swing,689,451,557,415,12.325,-105.255,0,-393.88,-43.27,0,136.82,1.36,2500,0,0,0
1237,20.63728,free_swing,676,461,542,419,5.755,-107.403,0,-393.24,-122.41,0,140.43,1.24,2500,0,0,0
1238,20.65397,free_swing,661,471,529,438,-0.824,-104.036,0,-383.23,-249.48,0,136.06,1.91,2500,0,0,0
1239,20.67065,free_swing,645,479,526,425,-6.981,-114.408,0,-372.58,113.82,1,130.68,5.79,2500,1,0,0
1240,20.68733,free_swing,627,485,509,442,-13.241,-110.022,0,-367.02,478.22,1,125.59,9.46,2500,1,0,0
1241,20.70402,free_swing,608,489,478,495,-19.306,-87.357,0,-366.02,920.91,1,130.14,6.18,2500,1,0,0
1242,20.7207,free_swing,587,491,470,508,-25.547,-81.733,0,-380.31,795.84,1,118.23,14.76,2500,0,0,0
1243,20.73738,free_swing,564,491,462,551,-31.908,-59.534,0,-419.07,1735.31,1,118.34,14.69,2500,1,0,0
1244,20.75407,free_swing,538,485,463,580,-39.249,-38.290,0,-439.01,2140.06,1,121.04,12.74,2500,1,0,0
1245,20.77075,free_swing,511,475,520,494,-46.747,25.346,0,-412.16,1411.32,1,21.02,84.84,2500,1,0,0
1246,20.78743,free_swing,490,463,508,525,-52.866,16.189,0,-334.43,780.93,1,64.56,53.46,2500,1,0,0
1247,20.80412,free_swing,476,450,517,535,-57.747,25.750,0,-253.90,706.85,1,94.37,31.96,2500,0,0,0
1248,20.8208,free_swing,465,440,543,501,-61.390,51.973,0,-202.31,931.12,1,99.02,28.61,2500,1,0,0
1249,20.83748,free_swing,456,431,556,473,-64.440,67.218,0,-166.57,197.83,1,108.46,21.81,2500,1,0,0
1250,20.85417,free_swing,450,422,545,506,-67.094,48.517,0,-137.72,-259.55,1,126.81,8.58,2500,1,0,0
1251,20.87085,free_swing,446,415,554,490,-69.069,55.222,0,-107.74,-42.82,1,131.49,5.21,2500,1,0,0
1252,20.88753,free_swing,442,410,562,482,-70.560,59.036,0,-72.48,547.72,1,139.94,0.89,2500,1,0,0
1253,20.90422,free_swing,441,406,571,466,-71.565,65.225,0,-31.20,701.96,0,143.18,3.22,2500,0,0,0
1254,20.9209,free_swing,440,406,593,428,-71.642,81.817,0,11.24,536.89,1,154.57,11.44,2500,0,0,0
1255,20.93758,free_swing,442,408,604,407,-71.022,90.354,0,53.27,175.04,1,162.00,16.79,2500,1,0,0
1256,20.95427,free_swing,444,412,597,435,-69.933,81.451,0,99.03,-30.45,1,154.72,11.54,2500,1,0,0
1257,20.97095,free_swing,449,419,610,427,-67.876,87.155,0,144.30,86.72,1,161.20,16.21,2500,0,0,0
1258,20.98763,free_swing,455,429,617,425,-64.998,91.414,0,173.97,289.31,1,162.05,16.83,2500,1,0,0
1259,21.00432,free_swing,464,438,620,433,-61.957,91.836,0,204.02,34.35,1,156.08,12.52,2500,1,0,0
1260,21.021,free_swing,473,448,634,431,-58.595,96.028,0,228.93,117.35,1,161.90,16.72,2500,0,0,0
1261,21.03768,free_swing,486,460,644,455,-54.127,91.813,0,246.15,135.55,1,158.08,13.97,2500,0,0,0
1262,21.05437,free_swing,500,468,651,438,-50.160,101.237,0,261.91,-83.69,1,153.95,10.99,2500,1,0,0
1263,21.07105,free_swing,515,476,677,463,-45.785,94.588,0,281.47,-189.30,1,162.52,17.17,2500,0,0,0
1264,21.08773,free_swing,533,484,678,490,-40.539,87.630,0,316.44,-44.46,0,145.12,4.63,2500,0,0,0
1265,21.10442,free_swing,553,489,685,490,-35.017,89.566,0,356.64,-273.04,1,132.00,4.83,2500,1,0,0
1266,21.1211,free_swing,575,492,685,493,-28.811,89.479,0,415.65,-1069.92,1,110.00,20.69,2500,1,0,0
1267,21.13778,free_swing,601,492,687,561,-21.181,51.259,0,496.30,-1581.81,1,110.26,20.51,2500,1,0,0
1268,21.15447,free_swing,629,486,676,581,-12.450,26.323,0,539.10,-1532.50,1,105.99,23.59,2500,0,0,0
1269,21.17115,free_swing,655,476,667,536,-3.180,11.310,0,518.37,-1153.09,1,61.19,55.89,2500,1,0,0
1270,21.18783,free_swing,674,465,651,551,4.728,-14.973,0,451.49,-1711.67,1,89.02,35.82,2500,1,0,0
1271,21.20452,free_swing,688,454,634,516,11.581,-41.055,0,362.46,-1930.38,1,82.22,40.73,2500,1,0,0
1272,21.2212,free_swing,698,445,640,455,17.210,-80.218,0,310.82,-1038.10,1,58.86,57.57,2500,1,0,0
1273,21.23788,free_swing,705,437,616,446,21.801,-84.226,0,309.66,140.70,1,89.45,35.51,2500,1,0,0
1274,21.25457,free_swing,712,427,609,469,27.284,-67.816,0,322.73,356.29,1,111.23,19.81,2500,1,0,0
1275,21.27125,free_swing,719,418,607,470,33.071,-65.095,0,319.36,54.10,1,123.48,10.98,2500,1,0,0
1276,21.28793,free_swing,723,410,611,425,37.569,-82.372,0,269.80,-112.46,1,113.00,18.53,2500,0,0,0
1277,21.30462,free_swing,727,404,599,463,41.634,-65.253,0,174.20,60.54,0,140.94,1.61,2500,0,0,0
1278,21.3213,free_swing,728,400,605,442,43.708,-71.147,0,39.79,76.84,0,129.97,6.30,2500,0,0,0
1279,21.33798,free_swing,727,401,597,440,42.847,-73.301,0,-106.91,-178.24,1,135.72,2.15,2500,1,0,0
1280,21.35467,free_swing,725,406,589,443,39.958,-74.781,0,-213.97,-292.28,0,140.94,1.61,2500,0,0,0
1281,21.37135,free_swing,721,412,586,441,35.942,-77.876,0,-281.82,-511.54,1,138.08,0.45,2500,1,0,0
1282,21.38803,free_swing,716,421,590,407,30.774,-96.340,0,-330.36,-563.59,0,126.78,8.60,2500,0,0,0
1283,21.40472,free_swing,709,431,584,413,24.922,-98.194,0,-363.11,-645.79,0,126.29,8.95,2500,0,0,0
1284,21.4214,free_swing,700,441,568,403,18.750,-106.060,0,-380.85,-57.67,1,137.36,0.97,2500,1,0,0
1285,21.43808,free_swing,689,451,568,396,12.325,-114.444,0,-390.78,372.79,1,132.91,4.18,2500,1,0,0
1286,21.45477,free_swing,676,462,534,466,5.711,-88.386,0,-396.63,659.56,1,142.06,2.41,2500,1,0,0
1287,21.47145,free_swing,661,470,522,481,-0.830,-85.475,0,-389.20,501.74,0,139.43,0.52,2500,0,0,0
1288,21.48813,free_swing,644,479,512,497,-7.365,-82.235,0,-376.66,139.66,1,133.22,3.96,2500,1,0,0
1289,21.50482,free_swing,626,486,508,517,-13.510,-75.280,0,-387.89,541.10,1,122.00,12.04,2500,1,0,0
1290,21.5215,free_swing,605,491,511,532,-20.041,-66.435,0,-413.93,732.79,1,102.55,26.07,2500,0,0,0
1291,21.53818,free_swing,580,491,493,571,-27.565,-47.400,0,-458.87,1022.77,1,118.19,14.79,2500,1,0,0
1292,21.55487,free_swing,553,489,515,545,-35.017,-34.160,0,-463.23,1399.03,1,67.68,51.21,2500,1,0,0
1293,21.57155,free_swing,524,481,512,604,-43.011,-5.572,0,-416.78,1435.46,1,123.58,10.90,2500,0,0,0
1294,21.58823,free_swing,503,471,536,563,-49.018,19.733,0,-339.50,1105.26,1,97.74,29.54,2500,1,0,0
1295,21.60492,free_swing,487,460,545,560,-53.973,30.114,0,-255.61,765.90,1,115.60,16.66,2500,1,0,0
1296,21.6216,free_swing,476,450,548,544,-57.747,37.451,0,-204.58,378.87,1,118.41,14.64,2500,1,0,0
1297,21.63828,free_swing,466,442,565,515,-60.822,53.596,0,-172.07,403.26,1,123.00,11.32,2500,0,0,0
1298,21.65497,free_swing,459,434,563,533,-63.435,46.411,0,-147.90,525.31,0,143.59,3.52,2500,0,0,0
1299,21.67165,free_swing,453,426,572,481,-65.886,65.194,0,-118.39,456.46,0,131.10,5.49,2500,0,0,0
1300,21.68833,free_swing,449,421,581,461,-67.418,73.142,0,-85.85,259.03,0,137.93,0.56,2500,0,0,0
1301,21.70502,free_swing,447,417,580,468,-68.519,69.020,0,-43.90,-22.64,1,142.44,2.69,2500,1,0,0
1302,21.7217,free_swing,446,415,580,470,-69.069,67.684,0,0.00,198.18,1,144.85,4.43,2500,1,0,0
1303,21.73838,free_swing,447,417,601,447,-68.519,78.977,0,42.13,102.44,1,156.89,13.11,2500,0,0,0
1304,21.75507,free_swing,449,421,599,452,-67.418,78.323,0,87.61,65.17,1,153.17,10.43,2500,0,0,0
1305,21.77175,free_swing,453,426,599,481,-65.886,69.358,0,129.21,-155.69,1,156.02,12.48,2500,1,0,0
1306,21.78843,free_swing,460,435,615,455,-63.097,82.648,0,167.66,418.77,1,156.28,12.67,2500,1,0,0
1307,21.80512,free_swing,468,444,617,479,-60.129,76.781,0,192.58,627.62,1,153.06,10.34,2500,1,0,0
1308,21.8218,free_swing,478,453,636,419,-56.813,102.144,0,214.36,103.30,1,161.62,16.52,2500,1,0,0
1309,21.83848,free_swing,490,462,649,459,-53.077,91.081,0,239.84,-501.08,1,159.03,14.65,2500,1,0,0
1310,21.85517,free_swing,504,472,644,507,-48.636,75.964,0,264.47,-656.45,0,144.31,4.04,2500,0,0,0
1311,21.87185,free_swing,520,479,647,533,-44.210,66.965,0,294.57,49.71,1,138.00,0.51,2500,1,0,0
1312,21.88853,free_swing,538,487,651,508,-38.884,79.472,0,342.18,-170.99,1,114.93,17.14,2500,1,0,0
1313,21.90522,free_swing,561,491,655,526,-32.681,69.578,0,414.25,-1025.00,1,100.30,27.69,2500,1,0,0
1314,21.9219,free_swing,587,493,646,573,-25.270,36.409,0,475.67,-1812.62,1,99.40,28.34,2500,1,0,0
1315,21.93858,free_swing,615,490,636,607,-16.899,10.176,0,493.10,-1583.98,1,118.87,14.30,2500,1,0,0
1316,21.95527,free_swing,640,482,629,524,-8.717,-14.676,0,469.84,-1199.95,1,43.42,68.70,2500,1,0,0
1317,21.97195,free_swing,659,474,611,557,-1.614,-30.041,0,415.31,-1687.51,1,95.88,30.88,2500,1,0,0
1318,21.98863,free_swing,675,465,601,515,5.156,-55.954,0,359.66,-951.35,1,89.31,35.61,2500,1,0,0
1319,22.00532,free_swing,686,456,611,458,10.508,-88.472,0,300.44,-285.15,1,75.03,45.91,2500,1,0,0
1320,22.022,free_swing,695,448,597,529,15.422,-50.425,0,288.95,300.30,1,127.14,8.34,2500,1,0,0
1321,22.03868,free_swing,702,440,615,470,19.855,-70.974,0,328.20,-164.61,1,92.03,33.65,2500,1,0,0
1322,22.05537,free_swing,711,429,605,467,26.328,-70.278,0,357.63,-535.71,1,112.61,18.82,2500,1,0,0
1323,22.07205,free_swing,718,419,617,428,32.300,-84.908,0,364.78,130.61,1,101.40,26.90,2500,1,0,0
1324,22.08873,free_swing,723,410,613,459,37.569,-65.989,0,296.59,377.56,1,120.42,13.18,2500,1,0,0
1325,22.10542,free_swing,727,402,610,444,42.436,-70.253,0,192.70,120.93,1,124.31,10.38,2500,1,0,0
1326,22.1221,free_swing,728,399,612,461,44.132,-61.876,0,73.76,-144.91,1,131.53,5.18,2500,1,0,0
1327,22.13878,free_swing,728,399,616,421,44.132,-78.887,0,-54.52,80.85,1,114.14,17.71,2500,1,0,0
1328,22.15547,free_swing,727,401,607,459,42.847,-64.204,0,-168.96,-596.88,1,133.28,3.91,2500,1,0,0
1329,22.17215,free_swing,724,408,601,442,38.752,-74.548,0,-272.87,-212.31,1,127.61,8.00,2500,1,0,0
1330,22.18883,free_swing,719,417,618,398,33.378,-100.654,0,-338.68,92.62,1,102.77,25.91,2500,1,0,0
1331,22.20552,free_swing,712,425,591,487,27.784,-62.870,0,-363.50,412.35,1,135.96,1.98,2500,1,0,0
1332,22.2222,free_swing,704,436,589,481,21.516,-68.629,0,-376.01,149.73,1,123.49,10.97,2500,1,0,0
1333,22.23888,free_swing,694,448,599,466,14.962,-79.271,0,-394.23,-256.52,1,96.69,30.29,2500,1,0,0
1334,22.25557,free_swing,682,458,594,485,8.575,-72.943,0,-406.84,150.88,1,92.05,33.64,2500,1,0,0
1335,22.27225,free_swing,666,469,587,511,1.254,-62.003,0,-449.58,735.83,1,89.47,35.50,2500,1,0,0
1336,22.28893,free_swing,647,479,596,508,-6.212,-60.376,0,-485.80,1072.35,1,58.67,57.70,2500,1,0,0
1337,22.30562,free_swing,621,488,596,553,-15.068,-21.038,0,-510.22,1985.28,1,69.64,49.79,2500,1,0,0
1338,22.3223,free_swing,595,492,597,583,-23.025,1.259,0,-499.06,2191.47,1,91.02,34.38,2500,1,0,0
1339,22.33898,free_swing,565,492,610,530,-31.487,49.821,0,-441.05,1071.60,1,58.90,57.54,2500,1,0,0
1340,22.35567,free_swing,542,487,618,549,-37.977,50.793,0,-369.77,487.52,1,98.08,29.29,2500,1,0,0
1341,22.37235,free_swing,522,481,606,566,-43.420,44.661,0,-280.26,192.97,1,119.50,13.85,2500,1,0,0
1342,22.38903,free_swing,508,473,618,523,-47.708,65.556,0,-233.77,354.24,1,120.83,12.89,2500,0,0,0
1343,22.40572,free_swing,496,467,610,513,-51.049,68.025,0,-208.22,195.98,1,122.93,11.37,2500,0,0,0
1344,22.4224,free_swing,485,458,602,529,-54.707,58.749,0,-194.87,-110.27,1,136.86,1.33,2500,1,0,0
1345,22.43908,free_swing,475,450,601,501,-57.885,67.964,0,-188.59,50.61,0,135.93,2.00,2500,0,0,0
1346,22.45577,free_swing,467,442,595,498,-60.698,66.371,0,-177.27,234.51,0,139.71,0.73,2500,0,0,0
1347,22.47245,free_swing,458,433,592,487,-63.771,68.051,0,-159.25,250.76,0,144.47,4.15,2500,0,0,0
1348,22.48913,free_swing,452,425,593,460,-66.214,76.059,0,-126.01,76.48,0,145.28,4.74,2500,0,0,0
1349,22.50582,free_swing,448,420,582,453,-67.741,76.165,0,-82.13,-307.05,1,138.00,0.51,2500,1,0,0
1350,22.5225,free_swing,446,416,565,481,-68.839,61.356,0,-33.28,-411.29,0,135.59,2.24,2500,0,0,0
1351,22.53918,free_swing,446,415,563,484,-69.069,59.470,0,20.56,-206.98,1,135.83,2.07,2500,1,0,0
1352,22.55587,free_swing,447,419,555,481,-68.062,60.141,0,70.59,-106.64,1,124.53,10.22,2500,0,0,0
1353,22.57255,free_swing,451,424,552,497,-66.541,54.142,0,115.60,-373.79,1,124.62,10.16,2500,1,0,0
1354,22.58923,free_swing,456,431,543,517,-64.440,45.331,0,158.78,-854.11,1,122.33,11.81,2500,1,0,0
1355,22.60592,free_swing,465,441,527,534,-61.167,33.690,0,210.68,-435.00,1,111.77,19.42,2500,1,0,0
1356,22.6226,free_swing,476,452,510,577,-57.311,15.216,0,264.43,-337.50,0,129.54,6.61,2500,0,0,0
1357,22.63928,free_swing,491,464,529,525,-52.496,31.921,0,317.98,-858.98,1,71.87,48.19,2500,1,0,0
1358,22.65597,free_swing,511,475,505,565,-46.747,-3.814,0,372.50,-1553.06,1,90.20,34.97,2500,1,0,0
1359,22.67265,free_swing,534,484,488,548,-40.321,-35.707,0,380.67,-1592.50,1,78.82,43.18,2500,0,0,0
1360,22.68933,free_swing,557,490,489,543,-33.857,-52.067,0,348.23,-625.30,1,86.21,37.84,2500,1,0,0
1361,22.70602,free_swing,575,492,471,571,-28.811,-52.779,0,304.83,-494.54,0,130.60,5.84,2500,0,0,0
1362,22.7227,free_swing,592,492,488,539,-23.929,-65.681,0,279.90,-662.59,1,114.13,17.72,2500,0,0,0
1363,22.73938,free_swing,608,490,508,504,-19.193,-82.030,0,285.41,-724.93,1,100.98,27.20,2500,0,0,0
1364,22.75607,free_swing,623,487,515,494,-14.470,-86.292,0,294.44,-207.98,1,108.23,21.98,2500,1,0,0
1365,22.77275,free_swing,638,483,513,482,-9.401,-90.458,0,292.34,14.01,1,125.00,9.88,2500,1,0,0
1366,22.78943,free_swing,652,477,528,493,-4.338,-82.648,0,302.58,329.58,1,125.03,9.86,2500,1,0,0
1367,22.80612,free_swing,664,471,552,477,0.412,-86.934,0,333.39,-86.32,1,112.16,19.14,2500,1,0,0
1368,22.8228,free_swing,678,461,555,497,6.633,-73.686,0,371.56,-48.82,0,128.16,7.60,2500,0,0,0
1369,22.83948,free_swing,691,452,582,438,13.134,-97.319,0,397.21,320.58,1,109.90,20.77,2500,1,0,0
1370,22.85617,free_swing,701,440,597,484,19.385,-67.068,0,367.95,681.04,1,112.92,18.59,2500,1,0,0
1371,22.87285,free_swing,710,431,625,478,25.396,-61.060,0,309.70,910.48,1,97.13,29.98,2500,1,0,0
1372,22.88953,free_swing,715,424,636,496,29.476,-47.654,0,208.31,402.34,1,106.89,22.94,2500,1,0,0
1373,22.90622,free_swing,718,420,660,484,32.005,-42.184,0,53.43,560.49,1,86.37,37.73,2500,0,0,0
1374,22.9229,free_swing,717,420,680,488,31.535,-28.551,0,-126.31,1349.45,1,77.41,44.19,2500,1,0,0
1375,22.93958,free_swing,713,427,710,451,27.759,-7.125,0,-283.87,1645.44,1,24.19,82.56,2500,1,0,0
1376,22.95627,free_swing,705,437,734,471,21.801,40.462,0,-409.46,1565.98,1,44.69,67.78,2500,0,0,0
1377,22.97295,free_swing,694,448,755,516,14.962,41.894,0,-475.75,1645.18,1,91.35,34.14,2500,0,0,0
1378,22.98963,free_swing,677,462,765,484,6.147,75.964,0,-460.39,1141.68,1,90.71,34.60,2500,1,0,0
1379,23.00632,free_swing,661,472,775,439,-0.818,106.144,0,-377.82,995.27,1,118.68,14.44,2500,0,0,0
1380,23.023,free_swing,648,478,789,464,-5.866,95.670,0,-278.63,381.58,1,141.69,2.15,2500,1,0,0
1381,23.03968,free_swing,636,483,785,422,-10.138,112.264,0,-241.58,94.97,1,161.00,16.07,2500,1,0,0
1382,23.05637,free_swing,624,487,774,412,-14.123,116.565,0,-235.57,256.22,1,167.71,20.90,2500,0,0,0
1383,23.07305,free_swing,612,488,765,436,-18.104,108.771,0,-236.65,149.33,1,161.60,16.50,2500,0,0,0
1384,23.08973,free_swing,598,492,745,404,-22.109,120.906,0,-245.87,162.10,1,171.33,23.52,2500,0,0,0
1385,23.10642,free_swing,584,492,732,389,-26.278,124.836,0,-263.52,124.21,1,180.31,29.99,2500,0,0,0
1386,23.1231,free_swing,568,491,718,415,-30.858,116.870,0,-279.73,128.56,1,168.15,21.23,2500,0,0,0
1387,23.13978,free_swing,551,488,699,386,-35.676,124.574,0,-284.63,20.91,1,179.74,29.58,2500,0,0,0
1388,23.15647,free_swing,533,485,685,356,-40.354,130.321,0,-284.80,-130.21,1,199.36,43.73,2500,0,0,0
1389,23.17315,free_swing,517,478,669,416,-45.000,112.190,0,-278.04,-400.42,1,164.16,18.35,2500,1,0,0
1390,23.18983,free_swing,501,469,657,400,-49.779,113.860,0,-275.91,-421.00,1,170.58,22.98,2500,0,0,0
1391,23.20652,free_swing,485,461,646,409,-54.068,107.899,0,-266.19,-158.39,1,169.19,21.97,2500,1,0,0
1392,23.2232,free_swing,473,448,646,420,-58.595,99.194,0,-248.43,-408.99,1,175.25,26.35,2500,1,0,0
1393,23.23988,free_swing,462,437,628,411,-62.418,98.902,0,-221.62,-662.97,1,168.02,21.13,2500,1,0,0
1394,23.25657,free_swing,454,426,607,449,-65.784,81.451,0,-176.68,-533.95,1,154.72,11.54,2500,0,0,0
1395,23.27325,free_swing,447,418,585,474,-68.290,67.913,0,-115.67,-566.98,0,148.93,7.37,2500,0,0,0
1396,23.28993,free_swing,444,413,570,454,-69.702,71.975,0,-45.03,-862.84,1,132.50,4.47,2500,1,0,0
1397,23.30662,free_swing,445,413,534,501,-69.617,45.324,0,24.17,-1131.06,1,125.16,9.77,2500,1,0,0
1398,23.3233,free_swing,447,416,492,544,-68.749,19.370,0,106.69,-1034.28,0,135.68,2.18,2500,0,0,0
1399,23.33998,free_swing,453,424,476,509,-66.342,15.141,0,203.05,-475.72,1,88.06,36.52,2500,1,0,0
1400,23.35667,free_swing,464,438,462,500,-61.957,-1.848,0,301.50,-2668.29,1,62.03,55.28,2500,1,0,1
1401,23.37335,free_swing,479,454,400,552,-56.454,-38.873,0,347.70,-3229.32,1,125.88,9.25,2500,1,0,1
1402,23.39003,free_swing,498,468,465,412,-50.503,-149.490,0,326.52,-1754.62,1,65.00,53.14,2500,1,0,0
1403,23.40672,free_swing,515,477,412,456,-45.587,-101.524,0,265.07,-335.02,1,105.12,24.22,2500,1,0,0
1404,23.4234,free_swing,529,482,401,440,-41.775,-108.166,0,210.70,207.12,1,134.71,2.88,2500,1,0,0
1405,23.44008,free_swing,540,486,450,384,-38.614,-138.576,0,193.73,-756.12,1,136.03,1.93,2500,1,0,0
1406,23.45677,free_swing,552,489,443,389,-35.261,-132.534,0,190.08,-91.78,1,147.92,6.64,2500,1,0,0
1407,23.47345,free_swing,564,491,433,401,-31.908,-124.490,0,198.59,-9.35,1,158.94,14.58,2500,0,0,0
1408,23.49013,free_swing,576,491,469,367,-28.686,-139.209,0,230.82,-239.65,1,163.78,18.08,2500,1,0,0
1409,23.50682,free_swing,591,491,484,357,-24.362,-141.392,0,285.45,-96.09,1,171.48,23.63,2500,0,0,0
1410,23.5235,free_swing,609,489,487,377,-18.981,-132.553,0,330.64,128.28,1,165.61,19.40,2500,1,0,0
1411,23.54018,free_swing,627,485,513,361,-13.241,-137.406,0,350.25,92.91,1,168.44,21.43,2500,0,0,0
1412,23.55687,free_swing,644,479,527,358,-7.365,-135.963,0,378.76,126.58,1,168.32,21.34,2500,0,0,0
1413,23.57355,free_swing,661,470,532,367,-0.830,-128.606,0,412.98,244.67,1,165.08,19.01,2500,0,0,0
1414,23.59023,free_swing,678,460,548,362,6.684,-127.011,0,444.13,192.07,1,162.80,17.37,2500,0,0,0
1415,23.60692,free_swing,692,447,556,350,14.153,-125.498,0,493.90,161.52,1,167.05,20.43,2500,0,0,0
1416,23.6236,free_swing,705,433,565,354,22.580,-119.435,0,541.57,207.59,1,160.75,15.89,2500,0,0,0
1417,23.64028,free_swing,718,418,578,351,32.600,-115.574,0,601.10,584.49,1,155.21,11.89,2500,1,0,0
1418,23.65697,free_swing,726,402,590,360,41.987,-107.162,0,571.85,903.36,1,142.34,2.62,2500,1,0,0
1419,23.67365,free_swing,733,387,583,409,51.843,-81.656,0,482.89,920.27,0,151.60,9.30,2500,0,0,0
1420,23.69033,free_swing,736,378,597,421,57.783,-72.810,0,355.87,775.55,0,145.50,4.90,2500,0,0,0
1421,23.70702,free_swing,739,371,623,421,62.835,-66.682,0,154.32,140.45,1,126.32,8.93,2500,1,0,0
1422,23.7237,free_swing,739,369,636,439,64.041,-55.800,0,-44.81,82.45,1,124.54,10.22,2500,0,0,0
1423,23.74038,free_swing,738,374,652,409,60.751,-67.855,0,-226.85,544.13,1,92.85,33.06,2500,1,0,0
1424,23.75707,free_swing,736,381,680,433,56.129,-47.121,0,-357.74,857.57,1,76.42,44.91,2500,1,0,0
1425,23.77375,free_swing,733,391,681,518,49.874,-22.267,0,-445.59,1118.20,1,137.23,1.06,2500,1,0,0
1426,23.79043,free_swing,726,405,696,494,40.795,-18.628,0,-545.56,836.46,1,93.92,32.29,2500,1,0,0
1427,23.80712,free_swing,718,421,722,501,31.715,2.862,0,-640.43,1019.82,1,80.10,42.25,2500,0,0,0
1428,23.8238,free_swing,703,440,738,531,20.323,21.038,0,-703.29,1495.51,1,97.50,29.71,2500,1,0,0
1429,23.84048,free_swing,681,459,757,532,8.067,46.153,0,-694.86,1220.82,1,105.38,24.03,2500,1,0,0
1430,23.85717,free_swing,656,475,772,515,-2.802,70.974,0,-572.96,1344.19,1,122.70,11.54,2500,0,0,0
1431,23.87385,free_swing,634,483,773,510,-10.871,79.007,0,-436.74,1114.18,1,141.60,2.08,2500,1,0,0
1432,23.89053,free_swing,615,488,761,430,-17.103,111.666,0,-344.90,725.21,1,157.10,13.26,2500,1,0,0
1433,23.90722,free_swing,596,492,750,440,-22.721,108.658,0,-316.43,-112.66,1,162.54,17.18,2500,1,0,0
1434,23.9239,free_swing,579,492,731,449,-27.699,105.796,0,-306.71,-317.55,1,157.97,13.88,2500,1,0,0
1435,23.94058,free_swing,560,490,718,485,-33.100,91.813,0,-305.16,219.84,1,158.08,13.97,2500,1,0,0
1436,23.95727,free_swing,542,487,712,404,-37.977,116.023,0,-309.63,142.82,1,189.18,36.39,2500,0,0,0
1437,23.97395,free_swing,524,480,691,424,-43.204,108.538,0,-299.90,-144.93,1,176.14,26.99,2500,1,0,0
1438,23.99063,free_swing,506,472,661,455,-48.276,96.259,0,-298.58,-456.83,1,155.93,12.42,2500,1,0,0
1439,24.00732,free_swing,490,463,650,445,-52.866,96.419,0,-282.89,-272.62,1,161.01,16.08,2500,0,0,0
1440,24.024,free_swing,476,450,645,434,-57.747,95.408,0,-264.08,5.76,1,169.76,22.38,2500,1,0,0
1441,24.04068,free_swing,464,439,616,454,-61.734,84.364,0,-235.14,-323.00,1,152.74,10.11,2500,1,0,0
1442,24.05737,free_swing,454,428,607,422,-65.329,92.246,0,-188.85,-754.12,1,153.12,10.39,2500,1,0,0
1443,24.07405,free_swing,447,419,567,479,-68.062,63.435,0,-128.44,-822.49,0,134.16,3.28,2500,0,0,0
1444,24.09073,free_swing,445,413,533,489,-69.617,49.185,0,-52.30,-959.88,1,116.28,16.17,2500,0,0,0
1445,24.10742,free_swing,445,413,509,478,-69.617,44.556,0,32.02,-792.62,1,91.22,34.24,2500,0,0,0
1446,24.1241,free_swing,447,417,473,498,-68.519,17.796,0,130.12,-1060.32,1,85.07,38.67,2500,1,0,0
1447,24.14078,free_swing,454,427,444,492,-65.556,-8.746,0,232.65,-3707.77,1,65.76,52.59,2500,1,0,1
1448,24.15747,free_swing,467,441,409,476,-60.921,-58.891,0,294.03,-5058.60,1,67.74,51.16,2500,1,0,1
1449,24.17415,free_swing,481,456,576,239,-55.733,156.357,0,274.96,-3668.42,1,236.88,70.78,2500,1,0,1
1450,24.19083,free_swing,493,466,634,88,-51.754,159.544,0,218.45,-51.06,1,403.44,190.86,2500,1,0,0
1451,24.20752,free_swing,504,471,467,305,-48.840,-167.435,0,163.93,2285.31,1,170.07,22.61,2500,1,0,0
1452,24.2242,free_swing,514,476,417,369,-45.978,-137.806,0,154.17,861.18,1,144.42,4.12,2500,1,0,0
1453,24.24088,free_swing,522,480,430,354,-43.612,-143.865,0,184.05,-64.39,1,156.01,12.48,2500,1,0,0
1454,24.25757,free_swing,535,484,443,335,-40.101,-148.307,0,215.72,-374.18,1,175.11,26.25,2500,1,0,0
1455,24.27425,free_swing,550,488,456,342,-35.918,-147.225,0,244.66,-178.28,1,173.64,25.19,2500,0,0,0
1456,24.29093,free_swing,564,490,486,328,-32.071,-154.290,0,259.79,-82.36,1,179.80,29.62,2500,0,0,0
1457,24.30762,free_swing,580,492,504,329,-27.418,-155.002,0,291.47,-169.75,1,179.85,29.66,2500,0,0,0
1458,24.3243,free_swing,598,491,519,333,-22.235,-153.435,0,328.33,-301.89,1,176.65,27.35,2500,0,0,0
1459,24.34098,free_swing,617,488,562,293,-16.429,-164.249,0,349.26,-83.70,1,202.61,46.07,2500,1,0,0
1460,24.35767,free_swing,635,483,586,294,-10.505,-165.466,0,381.40,266.66,1,195.25,40.76,2500,1,0,0
1461,24.37435,free_swing,653,475,561,328,-4.000,-147.960,0,409.14,452.74,1,173.42,25.02,2500,0,0,0
1462,24.39103,free_swing,671,465,583,321,3.442,-148.570,0,438.64,215.58,1,168.76,21.67,2500,1,0,0
1463,24.40772,free_swing,686,454,588,296,10.676,-148.191,0,474.97,-93.51,1,185.92,34.04,2500,1,0,0
1464,24.4244,free_swing,700,440,602,292,18.911,-146.489,0,512.72,-0.93,1,177.50,27.97,2500,0,0,0
1465,24.44108,free_swing,712,424,613,264,28.040,-148.253,0,557.94,249.85,1,188.15,35.65,2500,1,0,0
1466,24.45777,free_swing,722,410,612,264,37.104,-143.005,0,554.37,359.65,1,182.80,31.79,2500,0,0,0
1467,24.47445,free_swing,729,395,599,282,46.332,-130.998,0,489.80,234.55,1,172.25,24.18,2500,0,0,0
1468,24.49113,free_swing,733,384,612,264,53.393,-134.762,0,362.24,1.14,1,170.41,22.86,2500,1,0,0
1469,24.50782,free_swing,735,377,614,253,57.995,-135.702,0,182.24,103.74,1,173.25,24.91,2500,0,0,0
1470,24.5245,free_swing,736,375,611,265,59.500,-131.348,0,-12.14,115.39,1,166.51,20.04,2500,0,0,0
1471,24.54118,free_swing,736,378,605,285,57.783,-125.372,0,-184.20,1.55,1,160.65,15.82,2500,0,0,0
1472,24.55787,free_swing,734,385,619,263,53.259,-136.692,0,-307.19,-96.87,1,167.66,20.87,2500,0,0,0
1473,24.57455,free_swing,730,393,602,279,47.684,-131.689,0,-383.40,-314.77,1,171.41,23.57,2500,1,0,0
1474,24.59123,free_swing,725,404,610,281,40.732,-136.925,0,-453.69,-340.24,1,168.39,21.40,2500,0,0,0
1475,24.60792,free_swing,718,417,622,245,32.905,-150.832,0,-493.12,-370.85,1,196.98,42.01,2500,0,0,0
1476,24.6246,free_swing,707,431,614,274,23.962,-149.359,0,-505.38,-90.56,1,182.48,31.55,2500,1,0,0
1477,24.64128,free_swing,696,445,602,286,16.280,-149.409,0,-501.09,-27.14,1,184.71,33.16,2500,0,0,0
1478,24.65797,free_swing,680,459,597,299,7.624,-152.582,0,-487.67,-248.28,1,180.25,29.95,2500,1,0,0
1479,24.67465,free_swing,662,470,596,304,-0.415,-158.318,0,-483.10,-317.97,1,178.64,28.79,2500,0,0,0
1480,24.69133,free_swing,642,480,588,303,-8.076,-163.034,0,-443.89,-358.54,1,185.05,33.41,2500,0,0,0
1481,24.70802,free_swing,620,487,578,280,-15.505,-168.530,0,-419.85,-265.95,1,211.22,52.27,2500,0,0,0
1482,24.7247,free_swing,599,491,578,277,-21.926,-174.395,0,-398.52,-224.82,1,215.03,55.02,2500,0,0,0
1483,24.74138,free_swing,576,491,557,302,-28.686,-174.259,0,-377.49,-203.95,1,189.95,36.94,2500,0,0,0
1484,24.75807,free_swing,554,489,555,276,-34.771,179.731,0,-352.30,-170.10,1,213.00,53.56,2500,0,0,0
1485,24.77475,free_swing,534,484,545,271,-40.321,177.044,0,-319.22,-201.20,1,213.28,53.76,2500,0,0,0
1486,24.79143,free_swing,516,477,528,280,-45.392,176.514,0,-301.78,-47.87,1,197.37,42.29,2500,0,0,0
1487,24.80812,free_swing,499,468,523,262,-50.332,173.355,0,-277.20,50.04,1,207.39,49.52,2500,0,0,0
1488,24.8248,free_swing,484,458,491,272,-54.858,177.845,0,-252.13,47.87,1,186.13,34.19,2500,0,0,0
1489,24.84148,free_swing,473,448,475,251,-58.595,179.418,0,-229.57,334.39,1,197.01,42.03,2500,1,0,0
1490,24.85817,free_swing,462,437,459,248,-62.418,-179.091,0,-210.29,656.31,1,189.02,36.27,2500,1,0,0
1491,24.87485,free_swing,454,426,408,278,-65.784,-162.734,0,-186.63,-184.67,1,154.98,11.73,2500,1,0,0
1492,24.89153,free_swing,447,417,409,259,-68.519,-166.477,0,-151.27,-1292.92,1,162.51,17.16,2500,1,0,0
1493,24.90822,free_swing,443,409,649,138,-70.710,142.760,0,-106.70,-1480.11,1,340.41,145.41,2500,0,0,0
1494,24.9249,free_swing,439,404,664,181,-72.181,134.744,0,-49.56,-547.39,1,316.79,128.38,2500,1,0,0
1495,24.94158,free_swing,439,403,648,134,-72.413,142.155,0,5.01,318.60,1,340.65,145.59,2500,1,0,0
1496,24.95827,free_swing,440,405,709,74,-71.874,140.900,0,44.52,42.57,1,426.52,207.50,2500,1,0,0
1497,24.97495,free_swing,442,408,703,97,-71.022,139.996,0,72.13,-10.31,1,406.01,192.71,2500,0,0,0
1498,24.99163,free_swing,445,413,672,138,-69.617,140.462,0,93.59,201.02,1,356.59,157.08,2500,1,0,0
1499,25.00832,free_swing,448,420,675,79,-67.741,146.349,0,118.90,-517.15,1,409.65,195.33,2500,1,0,0
1500,25.025,free_swing,454,426,681,58,-65.784,148.332,0,137.42,1087.30,1,432.38,211.72,2500,1,0,0
1501,25.04168,free_swing,460,435,700,115,-63.097,143.130,0,161.50,3396.82,1,400.00,188.37,2500,1,0,1
1502,25.05837,free_swing,468,443,428,443,-60.350,-90.000,0,191.69,4368.81,1,40.00,71.16,2500,1,0,1
1503,25.07505,free_swing,478,453,412,527,-56.813,-41.730,0,220.58,2992.24,1,99.16,28.51,2500,1,0,1
1504,25.09173,free_swing,490,463,450,552,-52.866,-24.201,0,253.01,656.64,1,97.58,29.65,2500,1,0,0
1505,25.10842,free_swing,505,472,487,536,-48.457,-15.709,0,273.14,310.16,1,66.48,52.07,2500,1,0,0
1506,25.1251,free_swing,522,480,526,564,-43.612,2.726,0,305.39,1484.12,1,84.10,39.37,2500,1,0,0
1507,25.14178,free_swing,540,487,556,592,-38.434,8.664,0,341.04,1505.68,1,106.21,23.43,2500,0,0,0
1508,25.15847,free_swing,563,491,616,505,-32.167,75.203,0,382.01,875.00,1,54.82,60.48,2500,1,0,0
1509,25.17515,free_swing,586,492,635,547,-25.699,41.698,0,409.39,-166.63,1,73.66,46.89,2500,1,0,0
1510,25.19183,free_swing,610,490,672,535,-18.544,54.028,0,414.37,1050.87,1,76.61,44.77,2500,1,0,0
1511,25.20852,free_swing,632,484,699,522,-11.527,60.440,0,459.74,1200.93,1,77.03,44.47,2500,0,0,0
1512,25.2252,free_swing,653,476,712,414,-3.972,136.420,0,500.28,-122.42,1,85.59,38.30,2500,1,0,0
1513,25.24188,free_swing,676,464,742,533,5.625,43.727,0,534.38,-942.29,1,95.48,31.16,2500,1,0,0
1514,25.25857,free_swing,692,450,755,474,13.808,69.146,0,523.09,-742.62,1,67.42,51.40,2500,0,0,0
1515,25.27525,free_swing,706,436,784,469,22.463,67.068,0,478.49,875.05,1,84.69,38.94,2500,1,0,0
1516,25.29193,free_swing,715,423,788,440,29.745,76.891,0,396.71,561.16,1,74.95,45.96,2500,1,0,0
1517,25.30862,free_swing,721,413,813,425,35.605,82.569,0,245.28,654.73,1,92.78,33.11,2500,0,0,0
1518,25.3253,free_swing,723,409,828,375,37.926,107.942,0,68.30,444.45,1,110.37,20.43,2500,1,0,0
1519,25.34198,free_swing,723,409,847,397,37.926,95.528,0,-68.95,438.18,1,124.58,10.19,2500,0,0,0
1520,25.35867,free_swing,721,413,846,361,35.605,112.587,0,-140.22,501.65,0,135.38,2.40,2500,0,0,0
1521,25.37535,free_swing,719,417,836,335,33.378,125.025,0,-182.13,896.59,1,142.87,3.00,2500,1,0,0
1522,25.39203,free_swing,715,422,816,322,30.018,134.715,0,-197.58,552.54,1,142.13,2.47,2500,1,0,0
1523,25.40872,free_swing,710,427,803,289,26.323,146.023,0,-235.76,407.13,1,166.41,19.97,2500,0,0,0
1524,25.4254,free_swing,706,435,797,285,22.659,148.756,0,-253.23,408.24,1,175.45,26.48,2500,0,0,0
1525,25.44208,free_swing,698,442,766,293,17.650,155.469,0,-272.53,324.76,1,163.78,18.08,2500,0,0,0
1526,25.45877,free_swing,691,450,748,244,13.349,164.533,0,-301.86,254.05,1,213.74,54.09,2500,0,0,0
1527,25.47545,free_swing,681,458,736,281,8.130,162.738,0,-325.32,83.05,1,185.35,33.62,2500,0,0,0
1528,25.49213,free_swing,668,466,717,281,2.137,165.165,0,-350.65,52.35,1,191.38,37.97,2500,0,0,0
1529,25.50882,free_swing,654,475,698,290,-3.601,166.621,0,-355.12,110.49,1,190.16,37.09,2500,0,0,0
1530,25.5255,free_swing,638,482,677,290,-9.462,168.518,0,-359.98,42.34,1,195.92,41.25,2500,0,0,0
1531,25.54218,free_swing,619,488,658,307,-15.751,167.840,0,-386.49,-5.67,1,185.15,33.48,2500,0,0,0
1532,25.55887,free_swing,598,492,638,307,-22.109,167.800,0,-389.68,-92.18,1,189.27,36.46,2500,0,0,0
1533,25.57555,free_swing,575,491,619,316,-28.963,165.887,0,-373.32,-139.31,1,180.45,30.09,2500,0,0,0
1534,25.59223,free_swing,554,490,614,304,-34.601,162.121,0,-359.93,-201.58,1,195.44,40.90,2500,0,0,0
1535,25.60892,free_swing,533,484,607,285,-40.539,159.602,0,-349.96,-251.21,1,212.31,53.06,2500,0,0,0
1536,25.6256,free_swing,512,475,591,305,-46.559,155.075,0,-342.48,-192.50,1,187.46,35.15,2500,0,0,0
1537,25.64228,free_swing,493,465,586,297,-51.962,151.032,0,-314.32,-127.69,1,192.02,38.44,2500,0,0,0
1538,25.65897,free_swing,478,453,569,282,-56.813,151.980,0,-281.21,-107.77,1,193.71,39.65,2500,0,0,0
1539,25.67565,free_swing,464,441,563,275,-61.289,149.189,0,-234.84,-73.32,1,193.28,39.34,2500,0,0,0
1540,25.69233,free_swing,455,430,559,272,-64.772,146.646,0,-175.36,-23.28,1,189.16,36.37,2500,0,0,0
1541,25.70902,free_swing,450,423,553,247,-66.866,149.663,0,-95.60,72.29,1,203.92,47.02,2500,0,0,0
1542,25.7257,free_swing,447,419,534,263,-68.062,150.852,0,-11.78,215.81,1,178.62,28.77,2500,0,0,0
1543,25.74238,free_swing,449,421,531,258,-67.418,153.295,0,60.99,268.94,1,182.46,31.54,2500,0,0,0
1544,25.75907,free_swing,453,426,511,250,-65.886,161.761,0,110.09,250.91,1,185.31,33.60,2500,0,0,0
1545,25.77575,free_swing,459,432,518,232,-63.886,163.564,0,127.89,250.46,1,208.52,50.33,2500,0,0,0
1546,25.79243,free_swing,465,439,515,233,-61.613,166.357,0,154.89,293.89,1,211.98,52.83,2500,0,0,0
1547,25.80912,free_swing,472,447,486,246,-58.948,176.016,0,181.78,646.25,1,201.49,45.26,2500,1,0,0
1548,25.8258,free_swing,483,456,468,257,-55.437,-175.689,0,202.15,444.44,1,199.56,43.87,2500,1,0,0
1549,25.84248,free_swing,493,464,438,301,-52.172,-161.354,0,209.98,424.46,1,172.03,24.02,2500,0,0,0
1550,25.85917,free_swing,505,471,465,290,-48.660,-167.538,0,205.39,707.36,1,185.37,33.64,2500,1,0,0
1551,25.87585,free_swing,517,477,420,352,-45.197,-142.189,0,206.16,799.34,1,158.22,14.07,2500,0,0,0
1552,25.89253,free_swing,528,482,415,400,-41.987,-125.967,0,187.43,1107.70,1,139.62,0.66,2500,1,0,0
1553,25.90922,free_swing,539,486,428,429,-38.841,-117.181,0,166.59,1237.64,1,124.78,10.04,2500,0,0,0
1554,25.9259,free_swing,547,488,437,499,-36.634,-84.289,0,120.41,1347.30,1,110.55,20.30,2500,0,0,0
1555,25.94258,free_swing,554,490,462,558,-34.601,-53.531,0,74.01,2993.15,1,114.40,17.52,2500,1,0,1
1556,25.95927,free_swing,556,490,526,557,-34.106,-24.121,0,48.60,3021.64,1,73.41,47.08,2500,0,0,1
1557,25.97595,free_swing,559,492,593,499,-33.024,78.366,0,57.10,2402.12,1,34.71,74.97,2500,1,0,0
1558,25.99263,free_swing,564,492,633,538,-31.747,56.310,0,127.02,946.97,1,82.93,40.21,2500,1,0,0
1559,26.00932,free_swing,574,492,680,508,-29.085,81.416,0,205.38,-169.18,1,107.20,22.71,2500,1,0,0
1560,26.026,free_swing,590,492,712,514,-24.525,79.778,0,297.08,739.60,1,123.97,10.63,2500,1,0,0
1561,26.04268,free_swing,608,489,740,489,-19.306,90.000,0,364.57,537.97,1,132.00,4.84,2500,1,0,0
1562,26.05937,free_swing,629,485,766,447,-12.529,105.503,0,418.08,456.78,0,142.17,2.50,2500,0,0,0
1563,26.07605,free_swing,649,478,793,427,-5.477,109.502,0,437.22,387.85,1,152.76,10.13,2500,0,0,0
1564,26.09273,free_swing,668,467,813,423,2.121,106.880,0,434.28,422.44,0,151.53,9.24,2500,0,0,0
1565,26.10942,free_swing,682,457,807,359,8.643,128.096,0,414.42,242.26,1,158.84,14.51,2500,0,0,0
1566,26.1261,free_swing,695,446,822,356,15.680,125.324,0,365.40,214.65,1,155.66,12.22,2500,0,0,0
1567,26.14278,free_swing,703,437,831,367,20.854,118.673,0,258.87,60.61,0,145.89,5.18,2500,0,0,0
1568,26.15947,free_swing,708,432,818,319,24.228,135.771,0,94.83,237.28,1,157.70,13.69,2500,0,0,0
1569,26.17615,free_swing,708,432,816,336,24.228,131.634,0,-34.05,285.52,0,144.50,4.17,2500,0,0,0
1570,26.19283,free_swing,706,435,812,334,22.659,133.616,0,-119.98,51.17,1,146.41,5.56,2500,1,0,0
1571,26.20952,free_swing,703,438,807,304,20.674,142.184,0,-156.61,156.98,1,169.62,22.29,2500,0,0,0
1572,26.2262,free_swing,698,443,813,321,17.501,136.692,0,-206.45,-4.58,1,167.66,20.87,2500,0,0,0
1573,26.24288,free_swing,692,449,797,326,13.921,139.514,0,-243.64,-30.09,1,161.72,16.59,2500,0,0,0
1574,26.25957,free_swing,683,456,796,331,9.162,137.886,0,-282.15,-25.96,1,168.51,21.48,2500,0,0,0
1575,26.27625,free_swing,674,464,790,333,4.764,138.475,0,-316.59,-228.10,1,174.98,26.15,2500,1,0,0
1576,26.29293,free_swing,660,472,789,359,-1.228,131.217,0,-326.99,-238.31,1,171.49,23.64,2500,0,0,0
1577,26.30962,free_swing,646,479,783,373,-6.597,127.730,0,-337.07,-143.41,1,173.22,24.88,2500,0,0,0
1578,26.3263,free_swing,631,484,770,380,-11.889,126.804,0,-327.46,-304.17,1,173.60,25.15,2500,0,0,0
1579,26.34298,free_swing,613,489,761,393,-17.665,122.969,0,-324.82,-373.21,1,176.41,27.18,2500,0,0,0
1580,26.35967,free_swing,596,491,752,445,-22.850,106.429,0,-308.31,-566.74,1,162.64,17.25,2500,0,0,0
1581,26.37635,free_swing,579,492,731,441,-27.699,108.548,0,-285.98,-545.86,1,160.33,15.59,2500,0,0,0
1582,26.39303,free_swing,563,490,710,489,-32.330,90.390,0,-256.85,-288.25,1,147.00,5.98,2500,1,0,0
1583,26.40972,free_swing,548,488,686,495,-36.397,87.096,0,-213.93,-1070.50,1,138.18,0.38,2500,1,0,0
1584,26.4264,free_swing,537,486,651,507,-39.289,79.563,0,-161.62,-297.58,1,115.92,16.43,2500,1,0,0
1585,26.44308,free_swing,529,483,597,565,-41.586,39.668,0,-85.97,-965.11,1,106.53,23.20,2500,1,0,0
1586,26.45977,free_swing,525,482,573,497,-42.614,72.646,0,-5.20,-1633.34,1,50.29,63.74,2500,1,0,0
1587,26.47645,free_swing,527,484,518,521,-41.820,-13.671,0,35.88,-3606.85,1,38.08,72.55,2500,1,0,1
1588,26.49313,free_swing,530,484,448,552,-41.186,-50.332,0,12.65,-3567.99,1,106.53,23.20,2500,0,0,1
1589,26.50982,free_swing,528,483,474,425,-41.798,-137.045,0,-55.53,-1115.14,1,79.25,42.87,2500,1,0,0
1590,26.5265,free_swing,523,482,399,474,-43.025,-93.691,0,-102.04,-110.17,1,124.26,10.42,2500,1,0,0
1591,26.54318,free_swing,516,478,390,431,-45.196,-110.456,0,-125.16,-8.29,0,134.48,3.05,2500,0,0,0
1592,26.55987,free_swing,510,474,390,395,-47.135,-123.358,0,-134.91,-1246.08,1,143.67,3.58,2500,1,0,0
1593,26.57655,free_swing,502,470,410,339,-49.399,-144.920,0,-120.20,-851.39,1,160.08,15.41,2500,1,0,0
1594,26.59323,free_swing,496,466,421,331,-51.257,-150.945,0,-84.86,-605.54,1,154.43,11.34,2500,1,0,0
1595,26.60992,free_swing,493,464,446,298,-52.172,-164.191,0,-29.52,-484.88,1,172.53,24.38,2500,0,0,0
1596,26.6266,free_swing,493,464,455,294,-52.172,-167.400,0,14.28,-455.20,1,174.20,25.58,2500,0,0,0
1597,26.64328,free_swing,495,465,494,278,-51.633,-179.694,0,48.44,-342.17,1,187.00,34.82,2500,0,0,0
1598,26.65997,free_swing,498,467,498,295,-50.711,180.000,0,74.34,-291.06,1,172.00,24.00,2500,0,0,0
1599,26.67665,free_swing,504,470,529,275,-49.044,172.694,0,109.04,-214.04,1,196.60,41.73,2500,0,0,0
1600,26.69333,free_swing,510,474,537,307,-47.135,170.816,0,147.11,-273.94,1,169.17,21.96,2500,0,0,0
1601,26.71002,free_swing,520,479,569,296,-44.210,165.010,0,180.80,-207.18,1,189.45,36.58,2500,0,0,0
1602,26.7267,free_swing,531,484,588,301,-40.972,162.699,0,210.04,-179.96,1,191.67,38.18,2500,0,0,0
1603,26.74338,free_swing,544,488,608,315,-37.337,159.698,0,227.87,-93.58,1,184.46,32.98,2500,0,0,0
1604,26.76007,free_swing,559,490,635,296,-33.354,158.607,0,250.14,-164.06,1,208.36,50.21,2500,0,0,0
1605,26.77675,free_swing,574,492,655,311,-29.085,155.891,0,260.56,-211.97,1,198.30,42.96,2500,0,0,0
1606,26.79343,free_swing,590,492,679,337,-24.525,150.136,0,269.22,-217.60,1,178.73,28.86,2500,0,0,0
1607,26.81012,free_swing,605,490,706,328,-20.158,148.058,0,284.52,-166.40,1,190.91,37.63,2500,0,0,0
1608,26.8268,free_swing,621,487,732,326,-15.161,145.416,0,300.01,-238.45,1,195.56,40.98,2500,0,0,0
1609,26.84348,free_swing,637,482,765,327,-9.834,140.450,0,329.78,-397.28,1,201.02,44.92,2500,0,0,0
1610,26.86017,free_swing,652,475,780,364,-4.399,130.931,0,350.29,-528.93,1,169.43,22.15,2500,0,0,0
1611,26.87685,free_swing,668,468,804,380,2.106,122.905,0,393.61,-523.77,1,161.99,16.78,2500,0,0,0
1612,26.89353,free_swing,682,457,808,408,8.643,111.251,0,458.35,-904.59,1,135.19,2.53,2500,1,0,0
1613,26.91022,free_swing,697,444,826,424,16.887,98.813,0,502.39,-1269.91,1,130.54,5.89,2500,1,0,0
1614,26.9269,free_swing,710,431,822,479,25.396,66.801,0,480.84,-1059.17,1,121.85,12.15,2500,1,0,0
1615,26.94358,free_swing,718,419,781,464,32.300,54.462,0,291.16,-1044.11,1,77.42,44.18,2500,0,0,0
1616,26.96027,free_swing,722,414,763,451,35.735,47.936,0,47.93,-920.13,1,55.23,60.18,2500,1,0,0
1617,26.97695,free_swing,719,417,744,507,33.378,15.524,0,-142.24,-1159.51,1,93.41,32.66,2500,1,0,0
1618,26.99363,free_swing,716,422,724,484,30.493,7.352,0,-253.30,-918.49,1,62.51,54.93,2500,1,0,0
1619,27.01032,free_swing,711,430,703,480,26.095,-9.090,0,-316.89,-488.14,1,50.64,63.49,2500,1,0,0
1620,27.027,free_swing,702,440,686,514,19.855,-12.200,0,-381.02,-281.10,1,75.71,45.42,2500,1,0,0
1621,27.04368,free_swing,691,452,659,550,13.134,-18.083,0,-410.74,8.21,1,103.09,25.68,2500,1,0,0
1622,27.06037,free_swing,678,462,653,573,6.582,-12.693,0,-416.95,-27.02,1,113.78,17.97,2500,0,0,0
1623,27.07705,free_swing,661,473,636,563,-0.813,-15.524,0,-438.37,40.22,1,93.41,32.66,2500,0,0,0
1624,27.09373,free_swing,642,482,615,582,-7.970,-15.110,0,-449.38,401.63,1,103.58,25.32,2500,1,0,0
1625,27.11042,free_swing,619,488,610,573,-15.751,-6.044,0,-440.07,505.58,1,85.48,38.38,2500,0,0,0
1626,27.1271,free_swing,596,492,605,541,-22.721,10.408,0,-426.72,44.29,1,49.82,64.08,2500,1,0,0
1627,27.14378,free_swing,572,492,573,601,-29.629,0.526,0,-386.46,883.40,1,109.00,21.41,2500,1,0,0
1628,27.16047,free_swing,549,489,562,597,-35.984,6.864,0,-351.63,645.37,1,108.78,21.58,2500,1,0,0
1629,27.17715,free_swing,530,484,579,512,-41.186,60.255,0,-320.85,234.21,1,56.44,59.31,2500,1,0,0
1630,27.19383,free_swing,512,475,530,593,-46.559,8.673,0,-305.53,-59.51,1,119.36,13.95,2500,1,0,0
1631,27.21052,free_swing,495,465,527,541,-51.633,22.834,0,-295.44,-418.48,1,82.46,40.55,2500,1,0,0
1632,27.2272,free_swing,480,454,518,502,-56.310,38.367,0,-276.90,141.12,1,61.22,55.86,2500,1,0,0
1633,27.24388,free_swing,467,442,483,541,-60.698,9.181,0,-243.50,-738.24,1,100.28,27.70,2500,1,0,0
1634,27.26057,free_swing,456,430,472,525,-64.666,9.560,0,-207.36,-494.23,1,96.34,30.55,2500,1,0,0
1635,27.27725,free_swing,450,421,450,520,-67.323,0.000,0,-157.37,-41.32,1,99.00,28.63,2500,1,0,0
1636,27.29393,free_swing,445,412,451,493,-69.848,4.236,0,-94.72,-1422.90,1,81.22,41.44,2500,1,0,0
1637,27.31062,free_swing,443,409,428,487,-70.710,-10.886,0,-24.68,1007.11,1,79.43,42.74,2500,1,0,0
1638,27.3273,free_swing,444,410,428,439,-70.396,-28.887,0,58.40,3427.51,1,33.12,76.12,2500,1,0,1
1639,27.34398,free_swing,447,415,671,189,-68.980,135.255,0,122.66,4167.66,1,318.20,129.40,2500,1,0,1
1640,27.36067,free_swing,452,424,680,135,-66.442,141.729,0,156.91,2145.78,1,368.11,165.38,2500,1,0,0
1641,27.37735,free_swing,458,434,691,44,-63.547,149.144,0,168.10,-711.23,1,454.30,227.52,2500,1,0,0
1642,27.39403,free_swing,466,441,696,111,-61.044,145.125,0,175.83,-232.82,1,402.24,189.99,2500,1,0,0
1643,27.41072,free_swing,475,450,724,85,-57.885,145.699,0,187.18,376.94,1,441.84,218.54,2500,1,0,0
1644,27.4274,free_swing,485,459,748,42,-54.493,147.761,0,202.91,1173.60,1,493.01,255.43,2500,1,0,0
1645,27.44408,free_swing,496,466,469,296,-51.257,-170.975,0,210.81,1216.83,1,172.13,24.10,2500,0,0,0
1646,27.46077,free_swing,508,474,455,312,-47.506,-161.884,0,223.27,849.65,1,170.45,22.88,2500,1,0,0
1647,27.47745,free_swing,522,480,461,317,-43.612,-159.482,0,247.36,229.51,1,174.04,25.47,2500,1,0,0
1648,27.49413,free_swing,538,484,450,345,-39.433,-147.662,0,266.74,65.91,1,164.51,18.60,2500,0,0,0
1649,27.51082,free_swing,555,489,469,342,-34.524,-149.671,0,302.51,182.12,1,170.31,22.78,2500,0,0,0
1650,27.5275,free_swing,573,491,492,327,-29.511,-153.715,0,326.24,403.83,1,182.91,31.87,2500,1,0,0
1651,27.54418,free_swing,594,491,471,377,-23.459,-132.825,0,354.51,306.38,1,167.71,20.90,2500,0,0,0
1652,27.56087,free_swing,613,488,493,382,-17.771,-131.455,0,385.26,100.39,1,160.11,15.43,2500,1,0,0
1653,27.57755,free_swing,634,484,528,344,-10.802,-142.869,0,404.82,182.25,1,175.60,26.60,2500,0,0,0
1654,27.59423,free_swing,653,476,526,381,-3.972,-126.798,0,424.37,349.95,1,158.60,14.34,2500,0,0,0
1655,27.61092,free_swing,670,465,538,408,3.013,-113.356,0,427.98,859.28,1,143.78,3.66,2500,1,0,0
1656,27.6276,free_swing,685,455,571,397,10.141,-116.966,0,416.99,1145.27,1,127.91,7.79,2500,1,0,0
1657,27.64428,free_swing,697,444,568,472,16.887,-77.754,0,363.04,356.07,1,132.00,4.83,2500,1,0,0
1658,27.66097,free_swing,705,436,598,472,21.991,-71.405,0,255.71,510.41,1,112.89,18.61,2500,0,0,0
1659,27.67765,free_swing,710,432,654,423,25.174,-99.130,0,104.44,683.79,1,56.72,59.11,2500,0,0,0
1660,27.69433,free_swing,710,431,674,490,25.396,-31.390,0,-91.74,2672.93,1,69.12,50.17,2500,1,0,1
1661,27.71102,free_swing,706,436,698,505,22.463,-6.613,0,-280.89,3735.59,1,69.46,49.92,2500,1,0,1
1662,27.7277,free_swing,696,446,743,459,16.144,74.539,0,-393.66,2377.44,1,48.76,64.84,2500,1,0,0
1663,27.74438,free_swing,684,458,764,444,9.462,99.926,0,-395.03,1747.91,1,81.22,41.45,2500,1,0,0
1664,27.76107,free_swing,671,466,786,445,3.417,100.349,0,-308.18,311.00,1,116.90,15.72,2500,1,0,0
1665,27.77775,free_swing,661,471,792,366,-0.824,128.713,0,-222.77,384.13,1,167.89,21.04,2500,0,0,0
1666,27.79443,free_swing,654,475,801,407,-3.601,114.825,0,-130.70,439.46,1,161.97,16.77,2500,0,0,0
1667,27.81112,free_swing,648,477,782,354,-5.906,132.549,0,-92.27,259.69,1,181.89,31.13,2500,0,0,0
1668,27.8278,free_swing,646,479,763,346,-6.597,138.662,0,-118.49,644.75,1,177.14,27.71,2500,1,0,0
1669,27.84448,free_swing,638,482,749,336,-9.462,142.755,0,-174.34,405.33,1,183.40,32.22,2500,1,0,0
1670,27.86117,free_swing,627,486,712,292,-13.158,156.340,0,-222.15,444.85,1,211.80,52.70,2500,0,0,0
1671,27.87785,free_swing,616,489,691,295,-16.666,158.864,0,-223.48,329.97,1,207.99,49.95,2500,0,0,0
1672,27.89453,free_swing,604,491,662,287,-20.358,164.129,0,-224.50,199.30,1,212.08,52.90,2500,0,0,0
1673,27.91122,free_swing,591,491,639,273,-24.362,167.583,0,-240.63,250.98,1,223.22,60.93,2500,0,0,0
1674,27.9279,free_swing,577,492,610,264,-28.258,171.764,0,-258.62,204.71,1,230.38,66.09,2500,0,0,0
1675,27.94458,free_swing,561,490,581,277,-32.845,174.636,0,-262.25,79.86,1,213.94,54.24,2500,0,0,0
1676,27.96127,free_swing,545,487,557,288,-37.282,176.549,0,-256.61,148.25,1,199.36,43.73,2500,0,0,0
1677,27.97795,free_swing,531,483,547,244,-41.159,176.170,0,-236.21,330.65,1,239.53,72.69,2500,0,0,0
1678,27.99463,free_swing,517,477,493,298,-45.197,-172.363,0,-229.03,277.93,1,180.60,30.20,2500,0,0,0
1679,28.01132,free_swing,504,471,470,306,-48.840,-168.357,0,-226.20,306.96,1,168.47,21.45,2500,0,0,0
1680,28.028,free_swing,491,463,460,280,-52.706,-170.385,0,-220.70,545.13,1,185.61,33.81,2500,1,0,0
1681,28.04468,free_swing,480,454,417,299,-56.310,-157.881,0,-225.24,-329.27,1,167.31,20.62,2500,1,0,0
1682,28.06137,free_swing,469,444,410,299,-60.001,-157.859,0,-214.98,-1347.40,1,156.54,12.86,2500,1,0,0
1683,28.07805,free_swing,458,433,698,105,-63.771,143.807,0,-211.88,-1634.25,1,406.43,193.01,2500,1,0,0
1684,28.09473,free_swing,450,423,704,142,-66.866,137.889,0,-208.87,-786.03,1,378.78,173.08,2500,1,0,0
1685,28.11142,free_swing,442,410,693,133,-70.560,137.819,0,-203.87,306.52,1,373.80,169.49,2500,1,0,0
1686,28.1281,free_swing,437,398,691,129,-73.720,136.643,0,-172.58,-246.85,1,369.97,166.72,2500,1,0,0
1687,28.14478,free_swing,433,389,636,171,-76.081,137.041,0,-82.33,516.86,1,297.88,114.75,2500,1,0,0
1688,28.16147,free_swing,432,387,646,265,-76.608,119.687,0,30.03,-1720.81,1,246.33,77.59,2500,1,0,0
1689,28.17815,free_swing,435,393,707,135,-75.022,133.487,0,122.55,-3575.19,1,374.90,170.28,2500,1,0,1
1690,28.19483,free_swing,440,403,422,456,-72.339,-18.759,0,179.90,-3387.59,1,55.97,59.65,2500,0,0,1
1691,28.21152,free_swing,446,414,423,494,-69.299,-16.040,0,216.45,-1650.88,1,83.24,39.99,2500,1,0,0
1692,28.2282,free_swing,455,428,441,497,-65.225,-11.470,0,255.41,1318.00,1,70.41,49.24,2500,1,0,0
1693,28.24488,free_swing,467,442,452,533,-60.698,-9.360,0,291.39,823.48,1,92.23,33.51,2500,1,0,0
1694,28.26157,free_swing,482,456,496,496,-55.586,19.290,0,316.91,358.98,1,42.38,69.45,2500,1,0,0
1695,28.27825,free_swing,499,469,512,517,-50.126,15.154,0,341.19,27.80,1,49.73,64.15,2500,1,0,0
1696,28.29493,free_swing,520,479,520,560,-44.210,0.000,0,368.15,-295.78,1,81.00,41.60,2500,1,0,0
1697,28.31162,free_swing,542,487,550,517,-37.977,14.931,0,386.93,67.78,1,31.05,77.62,2500,1,0,0
1698,28.3283,free_swing,566,492,571,537,-31.226,6.340,0,391.56,-147.15,1,45.28,67.36,2500,1,0,0
1699,28.34498,free_swing,589,492,594,532,-24.821,7.125,0,395.33,-90.66,1,40.31,70.94,2500,0,0,0
1700,28.36167,free_swing,611,490,609,572,-18.217,-1.397,0,411.27,227.51,1,82.02,40.87,2500,1,0,0
1701,28.37835,free_swing,633,485,647,527,-11.094,18.435,0,437.68,-33.34,1,44.27,68.08,2500,1,0,0
1702,28.39503,free_swing,654,476,662,536,-3.576,7.595,0,446.06,204.45,1,60.53,56.36,2500,1,0,0
1703,28.41172,free_swing,672,466,677,522,3.842,5.102,0,441.72,346.99,1,56.22,59.47,2500,0,0,0
1704,28.4284,free_swing,687,455,694,467,11.041,30.256,0,443.31,438.71,1,13.89,89.98,2500,0,0,0
1705,28.44508,free_swing,700,443,732,500,18.435,29.310,0,446.90,416.61,1,65.37,52.87,2500,0,0,0
1706,28.46177,free_swing,710,429,749,512,25.852,25.168,0,420.87,414.93,1,91.71,33.89,2500,0,0,0
1707,28.47845,free_swing,718,419,764,455,32.300,51.953,0,332.33,700.38,1,58.41,57.89,2500,1,0,0
1708,28.49513,free_swing,722,411,792,456,36.754,57.265,0,179.07,954.51,1,83.22,40.01,2500,1,0,0
1709,28.51182,free_swing,723,408,816,446,38.290,67.775,0,-8.67,993.44,1,100.46,27.57,2500,0,0,0
1710,28.5285,free_swing,722,411,833,395,36.754,98.202,0,-144.21,1224.11,1,112.15,19.15,2500,1,0,0
1711,28.54518,free_swing,718,416,827,374,33.215,111.073,0,-203.00,953.11,1,116.81,15.79,2500,1,0,0
1712,28.56187,free_swing,715,421,826,348,30.296,123.331,0,-198.49,589.84,1,132.85,4.22,2500,1,0,0
1713,28.57855,free_swing,711,427,823,321,26.806,133.423,0,-211.45,494.66,1,154.21,11.17,2500,0,0,0
1714,28.59523,free_swing,707,433,799,318,23.540,141.340,0,-215.44,422.53,0,147.27,6.17,2500,0,0,0
1715,28.61192,free_swing,700,439,787,313,19.075,145.376,0,-223.87,409.99,1,153.12,10.39,2500,0,0,0
1716,28.6286,free_swing,696,445,768,286,16.280,155.638,0,-245.80,375.30,1,174.54,25.83,2500,0,0,0
1717,28.64528,free_swing,687,452,752,271,11.310,160.246,0,-259.88,364.00,1,192.32,38.65,2500,0,0,0
1718,28.66197,free_swing,678,459,730,273,6.736,164.381,0,-296.28,257.89,1,193.13,39.24,2500,0,0,0
1719,28.67865,free_swing,668,467,697,282,2.121,171.091,0,-303.24,301.81,1,187.26,35.00,2500,0,0,0
1720,28.69533,free_swing,654,475,678,275,-3.601,173.157,0,-335.70,174.01,1,201.43,45.22,2500,0,0,0
1721,28.71202,free_swing,639,482,645,306,-9.090,178.047,0,-349.72,54.06,1,176.10,26.96,2500,0,0,0
1722,28.7287,free_swing,621,487,639,267,-15.161,175.323,0,-350.37,131.07,1,220.74,59.14,2500,0,0,0
1723,28.74538,free_swing,603,490,608,276,-20.794,178.662,0,-351.83,41.08,1,214.06,54.32,2500,0,0,0
1724,28.76207,free_swing,583,491,573,288,-26.709,-177.180,0,-334.51,22.68,1,203.25,46.53,2500,0,0,0
1725,28.77875,free_swing,563,491,574,274,-32.167,177.098,0,-316.91,117.98,1,217.28,56.64,2500,0,0,0
1726,28.79543,free_swing,545,488,537,278,-37.104,-177.818,0,-291.59,178.32,1,210.15,51.51,2500,0,0,0
1727,28.81212,free_swing,528,482,496,309,-41.987,-169.520,0,-285.49,212.79,1,175.93,26.84,2500,0,0,0
1728,28.8288,free_swing,512,475,487,274,-46.559,-172.910,0,-280.79,521.84,1,202.55,46.02,2500,1,0,0
1729,28.84548,free_swing,495,466,455,291,-51.423,-167.125,0,-272.13,-254.03,1,179.51,29.42,2500,1,0,0
1730,28.86217,free_swing,481,456,419,311,-55.733,-156.849,0,-266.31,-1083.17,1,157.70,13.69,2500,1,0,0
1731,28.87885,free_swing,468,444,705,71,-60.129,147.569,0,-267.94,-1411.60,1,441.93,218.60,2500,1,0,0
1732,28.89553,free_swing,455,431,687,130,-64.547,142.376,0,-261.47,-802.14,1,380.03,173.98,2500,1,0,0
1733,28.91222,free_swing,446,416,656,149,-68.839,141.814,0,-215.44,245.17,1,339.69,144.89,2500,1,0,0
1734,28.9289,free_swing,440,406,684,104,-71.642,141.064,0,-123.71,-61.10,1,388.25,179.91,2500,1,0,0
1735,28.94558,free_swing,439,401,665,113,-72.879,141.878,0,-11.30,802.23,1,366.09,163.93,2500,1,0,0
1736,28.96227,free_swing,440,404,659,181,-72.106,135.518,0,80.48,-1979.96,1,312.55,125.33,2500,1,0,0
1737,28.97895,free_swing,444,411,703,118,-70.164,138.525,0,134.54,-4234.32,1,391.06,181.93,2500,1,0,1
1738,28.99563,free_swing,449,420,394,497,-67.647,-35.538,0,161.83,-4077.29,1,94.63,31.78,2500,0,0,1
1739,29.01232,free_swing,456,429,415,511,-64.892,-26.565,0,195.30,-674.88,1,91.68,33.91,2500,1,0,0
1740,29.029,free_swing,466,440,446,521,-61.267,-13.870,0,235.58,1618.11,1,83.43,39.85,2500,1,0,0
1741,29.04568,free_swing,479,452,498,484,-56.889,30.700,0,272.88,1446.32,1,37.22,73.17,2500,0,0,0
1742,29.06237,free_swing,493,464,483,548,-52.172,-6.789,0,303.50,513.08,1,84.59,39.01,2500,1,0,0
1743,29.07905,free_swing,511,474,543,487,-46.948,67.891,0,326.95,-691.19,1,34.54,75.10,2500,1,0,0
1744,29.09573,free_swing,531,483,521,586,-41.159,-5.545,0,346.88,-314.41,1,103.48,25.39,2500,1,0,0
1745,29.11242,free_swing,552,488,550,584,-35.433,-1.193,0,351.74,-669.48,1,96.02,30.78,2500,1,0,0
1746,29.1291,free_swing,573,492,592,534,-29.358,24.341,0,366.28,510.37,1,46.10,66.77,2500,1,0,0
1747,29.14578,free_swing,594,492,599,575,-23.328,3.447,0,389.77,-202.27,1,83.15,40.05,2500,1,0,0
1748,29.16247,free_swing,617,489,623,583,-16.330,3.652,0,415.35,-122.78,1,94.19,32.09,2500,0,0,0
1749,29.17915,free_swing,638,483,644,515,-9.401,10.620,0,432.94,55.10,1,32.56,76.53,2500,0,0,0
1750,29.19583,free_swing,658,475,672,529,-2.003,14.534,0,435.88,872.82,1,55.79,59.78,2500,1,0,0
1751,29.21252,free_swing,675,463,689,533,5.234,11.310,0,446.93,852.34,1,71.39,48.53,2500,0,0,0
1752,29.2292,free_swing,690,452,729,469,12.680,66.448,0,454.76,194.37,1,42.54,69.33,2500,1,0,0
1753,29.24588,free_swing,703,440,735,496,20.323,29.745,0,448.58,512.22,1,64.50,53.50,2500,1,0,0
1754,29.26257,free_swing,713,428,755,486,27.512,35.910,0,392.08,447.65,1,71.61,48.37,2500,0,0,0
1755,29.27925,free_swing,719,417,780,420,33.378,87.184,0,302.32,1065.82,1,61.07,55.97,2500,1,0,0
1756,29.29593,free_swing,722,410,803,444,37.104,67.230,0,163.76,364.57,1,87.85,36.67,2500,1,0,0
1757,29.31262,free_swing,724,407,822,425,39.123,79.592,0,2.39,557.45,1,99.64,28.17,2500,0,0,0
1758,29.3293,free_swing,722,409,833,395,37.461,97.189,0,-123.90,1342.71,1,111.88,19.34,2500,1,0,0
1759,29.34598,free_swing,720,415,826,336,34.479,126.697,0,-202.04,1048.49,1,132.20,4.69,2500,1,0,0
1760,29.36267,free_swing,716,419,832,326,31.350,128.720,0,-218.74,538.37,1,148.68,7.19,2500,1,0,0
1761,29.37935,free_swing,712,427,814,296,27.284,142.095,0,-231.70,232.99,1,166.03,19.70,2500,1,0,0
1762,29.39603,free_swing,707,433,808,311,23.540,140.380,0,-232.34,273.10,1,158.38,14.18,2500,0,0,0
1763,29.41272,free_swing,701,439,788,295,19.552,148.861,0,-240.13,245.79,1,168.24,21.29,2500,0,0,0
1764,29.4294,free_swing,695,446,779,295,15.680,150.913,0,-259.34,380.38,1,172.79,24.57,2500,0,0,0
1765,29.44608,free_swing,686,453,755,264,10.763,159.944,0,-281.25,351.49,1,201.20,45.05,2500,0,0,0
1766,29.46277,free_swing,677,461,729,281,6.194,163.887,0,-305.36,365.86,1,187.36,35.08,2500,0,0,0
1767,29.47945,free_swing,665,469,701,260,0.836,170.227,0,-319.37,184.30,1,212.08,52.89,2500,0,0,0
1768,29.49613,free_swing,651,477,678,272,-4.731,172.497,0,-344.00,112.26,1,206.77,49.07,2500,0,0,0
1769,29.51282,free_swing,635,484,669,248,-10.437,171.802,0,-356.78,46.98,1,238.44,71.90,2500,0,0,0
1770,29.5295,free_swing,616,489,638,260,-16.666,174.512,0,-375.55,50.58,1,230.05,65.85,2500,0,0,0
1771,29.54618,free_swing,596,491,614,285,-22.850,175.006,0,-375.07,56.50,1,206.78,49.08,2500,0,0,0
1772,29.56287,free_swing,574,491,591,305,-29.238,174.778,0,-358.59,6.73,1,186.78,34.65,2500,0,0,0
1773,29.57955,free_swing,554,489,568,291,-34.771,175.956,0,-336.03,-6.65,1,198.49,43.10,2500,0,0,0
1774,29.59623,free_swing,534,484,552,276,-40.321,175.054,0,-317.17,-35.76,1,208.78,50.52,2500,0,0,0
1775,29.61292,free_swing,516,477,534,284,-45.392,174.672,0,-299.55,4.59,1,193.84,39.74,2500,0,0,0
1776,29.6296,free_swing,499,468,515,265,-50.332,175.493,0,-270.62,292.48,1,203.63,46.80,2500,1,0,0
1777,29.64628,free_swing,485,459,483,277,-54.493,-179.370,0,-250.79,154.68,1,182.01,31.22,2500,0,0,0
1778,29.66297,free_swing,474,448,447,283,-58.460,-170.707,0,-229.11,451.88,1,167.19,20.54,2500,1,0,0
1779,29.67965,free_swing,463,437,466,236,-62.301,179.145,0,-208.37,-320.04,1,201.02,44.92,2500,1,0,0
1780,29.69633,free_swing,454,428,411,273,-65.329,-164.495,0,-171.48,-965.17,1,160.85,15.97,2500,1,0,0
1781,29.71302,free_swing,449,419,621,170,-67.876,145.365,0,-119.63,-1026.63,1,302.63,118.18,2500,0,0,0
1782,29.7297,free_swing,445,414,627,148,-69.386,145.620,0,-52.67,-656.08,1,322.30,132.36,2500,1,0,0
1783,29.74638,free_swing,444,413,668,116,-69.702,142.976,0,15.52,148.28,1,372.00,168.19,2500,1,0,0
1784,29.76307,free_swing,446,416,624,173,-68.839,143.777,0,57.18,2.95,1,301.22,117.16,2500,0,0,0
1785,29.77975,free_swing,448,420,716,93,-67.741,140.663,0,76.88,67.96,1,422.79,204.81,2500,0,0,0
1786,29.79643,free_swing,452,424,667,80,-66.442,147.995,0,92.17,-666.04,1,405.66,192.46,2500,1,0,0
1787,29.81312,free_swing,456,430,623,183,-64.666,145.937,0,119.65,1850.80,1,298.16,114.95,2500,1,0,0
1788,29.8298,free_swing,462,437,639,93,-62.418,152.773,0,149.71,4028.49,1,386.87,178.91,2500,1,0,1
1789,29.84648,free_swing,470,445,400,507,-59.651,-48.468,0,176.79,4343.80,1,93.51,32.59,2500,1,0,1
1790,29.86317,free_swing,479,454,434,514,-56.454,-36.870,0,212.15,2600.85,1,75.00,45.93,2500,1,0,1
1791,29.87985,free_swing,491,463,464,541,-52.706,-19.093,0,247.46,114.24,1,82.54,40.49,2500,1,0,0
1792,29.89653,free_swing,506,473,507,533,-48.073,0.955,0,285.06,780.04,1,60.01,56.74,2500,1,0,0
1793,29.91322,free_swing,524,480,525,603,-43.204,0.466,0,319.24,570.83,1,123.00,11.32,2500,1,0,0
1794,29.9299,free_swing,544,487,578,582,-37.515,19.692,0,352.47,689.30,1,100.90,27.26,2500,0,0,0
1795,29.94658,free_swing,566,491,612,584,-31.386,26.318,0,385.22,552.13,1,103.75,25.20,2500,0,0,0
1796,29.96327,free_swing,589,493,639,549,-24.685,41.760,0,409.08,817.42,1,75.07,45.88,2500,1,0,0
1797,29.97995,free_swing,613,489,669,552,-17.665,41.634,0,442.84,1045.16,1,84.29,39.23,2500,1,0,0
1798,29.99663,free_swing,636,484,703,497,-10.072,79.019,0,478.87,152.53,1,68.25,50.80,2500,1,0,0
1799,30.01332,free_swing,659,474,720,502,-1.614,65.344,0,514.63,-516.91,1,67.12,51.61,2500,1,0,0
1800,30.03,free_swing,679,461,744,547,7.070,37.082,0,537.59,-966.29,1,107.80,22.28,2500,1,0,0
1801,30.04668,free_swing,696,446,762,511,16.144,45.437,0,545.91,42.19,1,92.63,33.22,2500,1,0,0
1802,30.06337,free_swing,709,430,779,509,25.145,41.543,0,531.09,687.36,1,105.55,23.90,2500,1,0,0
1803,30.08005,free_swing,719,416,789,457,33.690,59.642,0,479.80,301.93,1,81.12,41.52,2500,1,0,0
1804,30.09673,free_swing,726,405,811,444,40.795,65.353,0,364.51,349.13,1,93.52,32.58,2500,0,0,0
1805,30.11342,free_swing,729,396,836,464,45.881,57.563,0,190.12,323.14,0,126.78,8.60,2500,0,0,0
1806,30.1301,free_swing,730,394,839,415,47.220,79.095,0,6.03,696.39,1,111.00,19.97,2500,1,0,0
1807,30.14678,free_swing,730,397,850,402,45.868,87.614,0,-140.92,892.66,1,120.10,13.41,2500,0,0,0
1808,30.16347,free_swing,727,401,848,377,42.847,101.219,0,-218.25,717.03,1,123.36,11.07,2500,0,0,0
1809,30.18015,free_swing,724,408,846,351,38.752,115.043,0,-252.57,867.61,0,134.66,2.92,2500,0,0,0
1810,30.19683,free_swing,720,415,837,323,34.479,128.179,0,-264.94,811.33,0,148.84,7.30,2500,0,0,0
1811,30.21352,free_swing,715,422,806,304,30.018,142.361,0,-287.10,656.04,0,149.01,7.43,2500,0,0,0
1812,30.2302,free_swing,709,430,795,274,25.145,151.133,0,-303.71,492.39,1,178.13,28.42,2500,0,0,0
1813,30.24688,free_swing,701,439,771,277,19.552,156.631,0,-317.80,336.71,1,176.48,27.23,2500,0,0,0
1814,30.26357,free_swing,693,447,743,283,14.621,163.045,0,-331.48,185.83,1,171.45,23.61,2500,0,0,0
1815,30.28025,free_swing,682,456,734,265,8.711,164.770,0,-357.11,76.25,1,197.95,42.71,2500,0,0,0
1816,30.29693,free_swing,669,466,725,277,2.564,163.496,0,-380.48,25.40,1,197.12,42.11,2500,0,0,0
1817,30.31362,free_swing,653,475,698,295,-4.000,165.964,0,-378.00,25.62,1,185.54,33.76,2500,0,0,0
1818,30.3303,free_swing,636,483,683,292,-10.138,166.176,0,-392.18,11.41,1,196.70,41.81,2500,0,0,0
1819,30.34698,free_swing,616,489,673,284,-16.666,164.461,0,-405.25,-72.17,1,212.78,53.40,2500,0,0,0
1820,30.36367,free_swing,592,492,650,286,-23.929,164.275,0,-409.76,-117.47,1,214.01,54.29,2500,0,0,0
1821,30.38035,free_swing,569,492,642,280,-30.434,160.999,0,-399.68,-205.65,1,224.22,61.65,2500,0,0,0
1822,30.39703,free_swing,546,488,629,291,-36.870,157.153,0,-384.03,-263.29,1,213.77,54.12,2500,0,0,0
1823,30.41372,free_swing,522,481,611,315,-43.420,151.802,0,-371.09,-279.32,1,188.35,35.79,2500,0,0,0
1824,30.4304,free_swing,501,471,611,294,-49.370,148.140,0,-357.86,-362.26,1,208.40,50.24,2500,0,0,0
1825,30.44708,free_swing,483,458,622,284,-55.008,141.380,0,-339.02,-347.08,1,222.70,60.56,2500,0,0,0
1826,30.46377,free_swing,466,442,600,312,-60.822,134.132,0,-317.50,-258.18,1,186.70,34.60,2500,0,0,0
1827,30.48045,free_swing,454,427,630,265,-65.556,132.628,0,-278.56,-314.96,1,239.21,72.45,2500,0,0,0
1828,30.49713,free_swing,444,413,621,274,-69.702,128.143,0,-199.74,-334.83,1,225.06,62.25,2500,0,0,0
1829,30.51382,free_swing,438,403,592,324,-72.487,117.157,0,-91.91,-276.38,1,173.08,24.78,2500,0,0,0
1830,30.5305,free_swing,437,402,601,312,-72.790,118.757,0,23.67,-146.11,1,187.07,34.87,2500,0,0,0
1831,30.54718,free_swing,441,406,595,325,-71.565,117.743,0,96.87,154.16,1,174.00,25.45,2500,1,0,0
1832,30.56387,free_swing,444,413,598,335,-69.702,116.862,0,119.12,223.54,1,172.63,24.45,2500,0,0,0
1833,30.58055,free_swing,449,420,617,290,-67.647,127.733,0,133.56,139.27,1,212.42,53.14,2500,0,0,0
1834,30.59723,free_swing,454,428,617,310,-65.329,125.902,0,167.77,77.91,1,201.23,45.07,2500,0,0,0
1835,30.61392,free_swing,462,438,614,341,-62.194,122.544,0,206.55,21.23,1,180.31,29.99,2500,0,0,0
1836,30.6306,free_swing,474,449,628,317,-58.241,130.601,0,235.95,229.30,1,202.83,46.23,2500,1,0,0
1837,30.64728,free_swing,486,459,632,332,-54.340,131.019,0,253.44,204.73,1,193.51,39.51,2500,0,0,0
1838,30.66397,free_swing,500,469,641,327,-49.953,135.202,0,273.81,73.40,1,200.11,44.27,2500,0,0,0
1839,30.68065,free_swing,516,478,656,340,-45.196,134.588,0,294.87,35.26,1,196.58,41.72,2500,0,0,0
1840,30.69733,free_swing,534,485,677,339,-40.135,135.595,0,289.66,-53.56,1,204.36,47.33,2500,0,0,0
1841,30.71402,free_swing,552,489,695,355,-35.261,133.139,0,300.19,-79.03,1,195.97,41.28,2500,0,0,0
1842,30.7307,free_swing,569,491,711,366,-30.591,131.357,0,312.84,-314.14,1,189.18,36.39,2500,1,0,0
1843,30.74738,free_swing,590,492,736,387,-24.525,125.723,0,334.58,-561.78,1,179.84,29.65,2500,1,0,0
1844,30.76407,free_swing,608,490,758,429,-19.193,112.130,0,352.28,-456.96,1,161.93,16.74,2500,0,0,0
1845,30.78075,free_swing,628,485,781,448,-12.885,103.595,0,396.90,-614.18,1,157.41,13.48,2500,0,0,0
1846,30.79743,free_swing,648,478,786,448,-5.866,102.265,0,487.22,-705.58,0,141.22,1.81,2500,0,0,0
1847,30.81412,free_swing,671,466,796,503,3.417,73.511,0,605.79,-1092.88,1,130.36,6.02,2500,1,0,0
1848,30.8308,free_swing,692,450,783,495,13.808,63.687,0,677.29,-1459.75,1,101.52,26.81,2500,1,0,0
1849,30.84748,free_swing,711,431,753,494,25.866,33.690,0,620.60,-1461.14,1,75.72,45.41,2500,0,0,0
1850,30.86417,free_swing,721,415,732,514,34.946,6.340,0,498.02,-1677.10,1,99.61,28.19,2500,1,0,0
1851,30.88085,free_swing,726,404,702,496,41.186,-14.621,0,333.83,-1208.60,1,95.08,31.45,2500,1,0,0
1852,30.89753,free_swing,730,396,675,466,46.312,-38.157,0,179.21,-800.87,1,89.02,35.82,2500,1,0,0
1853,30.91422,free_swing,731,394,652,477,47.643,-43.586,0,13.20,-1024.44,1,114.59,17.39,2500,1,0,0
1854,30.9309,free_swing,730,396,629,459,46.312,-58.046,0,-130.41,-673.38,1,119.04,14.18,2500,1,0,0
1855,30.94758,free_swing,727,400,633,407,43.264,-85.741,0,-241.89,-464.30,1,94.26,32.04,2500,1,0,0
1856,30.96427,free_swing,724,408,590,465,38.752,-66.956,0,-357.53,-337.40,0,145.62,4.98,2500,0,0,0
1857,30.98095,free_swing,717,420,574,433,31.535,-84.806,0,-445.07,-319.52,0,143.59,3.52,2500,0,0,0
1858,30.99763,free_swing,707,433,566,412,23.540,-98.471,0,-492.50,-942.43,1,142.56,2.77,2500,1,0,0
1859,31.01432,free_swing,695,446,544,420,15.680,-99.770,0,-492.59,-525.36,1,153.22,10.46,2500,1,0,0
1860,31.031,free_swing,679,458,558,380,7.237,-122.807,0,-479.74,-445.54,0,143.96,3.79,2500,0,0,0
1861,31.04768,free_swing,662,470,524,405,-0.415,-115.221,0,-442.10,-168.33,1,152.54,9.97,2500,1,0,0
1862,31.06437,free_swing,644,478,521,397,-7.415,-123.366,0,-392.07,154.59,1,147.28,6.18,2500,1,0,0
1863,31.08105,free_swing,626,486,488,418,-13.510,-116.232,0,-364.59,-38.75,1,153.84,10.91,2500,0,0,0
1864,31.09773,free_swing,607,490,473,419,-19.516,-117.917,0,-352.49,181.16,1,151.65,9.33,2500,1,0,0
1865,31.11442,free_swing,587,492,454,424,-25.408,-117.080,0,-344.59,213.63,0,149.38,7.69,2500,0,0,0
1866,31.1311,free_swing,567,491,427,449,-31.122,-106.699,0,-339.89,482.41,1,146.16,5.38,2500,1,0,0
1867,31.14778,free_swing,547,488,407,460,-36.634,-101.310,0,-338.85,596.30,0,142.77,2.93,2500,0,0,0
1868,31.16447,free_swing,526,481,389,483,-42.597,-89.164,0,-357.16,448.83,0,137.01,1.22,2500,0,0,0
1869,31.18115,free_swing,505,472,389,494,-48.457,-79.261,0,-386.52,599.27,1,118.07,14.88,2500,0,0,0
1870,31.19783,free_swing,483,457,407,484,-55.222,-70.442,0,-393.78,1708.64,1,80.65,41.85,2500,1,0,0
1871,31.21452,free_swing,464,439,419,505,-61.734,-34.287,0,-353.06,3040.35,1,79.88,42.41,2500,1,0,1
1872,31.2312,free_swing,451,422,475,460,-66.997,32.276,0,-276.62,2239.94,1,44.94,67.60,2500,1,0,0
1873,31.24788,free_swing,443,409,491,436,-70.710,60.642,0,-211.29,423.74,1,55.07,60.30,2500,1,0,0
1874,31.26457,free_swing,437,397,484,490,-73.954,26.811,0,-160.61,-374.04,1,104.20,24.88,2500,1,0,0
1875,31.28125,free_swing,433,388,504,475,-76.316,39.218,0,-113.01,234.59,1,112.29,19.04,2500,1,0,0
1876,31.29793,free_swing,431,383,532,446,-77.602,58.046,0,-56.52,869.58,1,119.04,14.18,2500,1,0,0
1877,31.31462,free_swing,430,381,549,452,-78.124,59.178,0,7.21,240.35,1,138.57,0.10,2500,1,0,0
1878,31.3313,free_swing,431,383,553,439,-77.602,65.344,0,62.36,135.73,0,134.24,3.22,2500,0,0,0
1879,31.34798,free_swing,434,390,568,454,-75.787,64.470,0,120.71,395.51,1,148.50,7.06,2500,1,0,0
1880,31.36467,free_swing,437,398,589,433,-73.720,77.033,0,172.13,506.58,1,155.98,12.45,2500,0,0,0
1881,31.38135,free_swing,443,411,605,425,-70.247,85.061,0,208.46,504.49,1,162.60,17.23,2500,0,0,0
1882,31.39803,free_swing,452,424,614,418,-66.442,92.121,0,244.46,513.22,1,162.11,16.87,2500,0,0,0
1883,31.41472,free_swing,462,437,635,412,-62.418,98.223,0,268.04,496.92,1,174.80,26.02,2500,0,0,0
1884,31.4314,free_swing,476,451,656,380,-57.529,111.526,0,291.98,66.50,1,193.50,39.50,2500,1,0,0
1885,31.44808,free_swing,492,463,668,412,-52.545,106.160,0,299.17,-81.47,1,183.24,32.10,2500,0,0,0
1886,31.46477,free_swing,509,473,676,451,-47.523,97.505,0,310.98,18.77,1,168.44,21.44,2500,0,0,0
1887,31.48145,free_swing,527,481,692,422,-42.388,109.676,0,333.63,-83.87,1,175.23,26.33,2500,0,0,0
1888,31.49813,free_swing,548,489,702,446,-36.222,105.601,0,361.71,-407.65,1,159.89,15.27,2500,1,0,0
1889,31.51482,free_swing,570,492,722,503,-30.167,85.861,0,386.28,-357.10,0,152.40,9.87,2500,0,0,0
1890,31.5315,free_swing,594,492,731,499,-23.328,87.075,0,432.74,-312.78,0,137.18,1.10,2500,0,0,0
1891,31.54818,free_swing,619,488,733,489,-15.751,89.497,0,521.22,-901.04,1,114.00,17.81,2500,1,0,0
1892,31.56487,free_swing,647,479,737,541,-6.212,55.437,0,601.70,-1518.58,1,109.29,21.21,2500,1,0,0
1893,31.58155,free_swing,673,464,709,537,4.332,26.250,0,621.41,-1621.06,1,81.39,41.32,2500,0,0,0
1894,31.59823,free_swing,693,449,703,493,14.381,12.804,0,548.04,-1437.67,1,45.12,67.47,2500,0,0,0
1895,31.61492,free_swing,706,435,678,527,22.659,-16.928,0,446.09,-1175.96,1,96.17,30.67,2500,1,0,0
1896,31.6316,free_swing,715,425,666,484,29.211,-39.710,0,397.78,-1004.52,1,76.69,44.71,2500,0,0,0
1897,31.64828,free_swing,722,414,662,487,35.735,-39.417,0,427.85,-361.13,1,94.49,31.88,2500,1,0,0
1898,31.66497,free_swing,728,401,647,451,43.290,-58.314,0,437.41,-756.48,1,95.19,31.37,2500,1,0,0
1899,31.68165,free_swing,733,389,646,444,50.845,-57.700,0,384.50,-841.50,1,102.93,25.80,2500,0,0,0
1900,31.69833,free_swing,736,382,655,380,55.592,-91.414,0,264.59,-433.05,1,81.02,41.59,2500,1,0,0
1901,31.71502,free_swing,737,376,633,398,59.265,-78.056,0,121.78,-235.06,1,106.30,23.36,2500,0,0,0
1902,31.7317,free_swing,737,375,616,388,59.840,-83.868,0,-48.47,152.52,1,121.70,12.26,2500,1,0,0
1903,31.74838,free_swing,736,378,611,382,57.783,-88.167,0,-218.91,-264.67,1,125.06,9.84,2500,1,0,0
1904,31.76507,free_swing,733,386,594,395,52.352,-86.295,0,-349.88,-373.48,0,139.29,0.42,2500,0,0,0
1905,31.78175,free_swing,729,395,585,375,46.332,-97.907,0,-436.10,-450.03,0,145.38,4.81,2500,0,0,0
1906,31.79843,free_swing,723,408,582,363,38.290,-107.700,0,-472.48,-263.26,0,148.01,6.70,2500,0,0,0
1907,31.81512,free_swing,715,421,569,382,30.296,-104.956,0,-488.17,-38.85,1,151.12,8.95,2500,1,0,0
1908,31.8318,free_swing,705,434,553,392,22.380,-105.446,0,-474.11,-274.96,1,157.70,13.69,2500,1,0,0
1909,31.84848,free_swing,693,448,550,382,14.500,-114.775,0,-470.95,-392.42,1,157.50,13.54,2500,0,0,0
1910,31.86517,free_swing,678,459,549,371,6.736,-124.301,0,-458.73,-443.49,1,156.16,12.58,2500,0,0,0
1911,31.88185,free_swing,661,471,524,386,-0.824,-121.817,0,-432.57,-246.24,1,161.23,16.23,2500,0,0,0
1912,31.89853,free_swing,643,479,523,364,-7.748,-133.781,0,-404.70,184.41,1,166.21,19.83,2500,1,0,0
1913,31.91522,free_swing,624,486,493,394,-14.211,-125.080,0,-384.92,187.68,1,160.08,15.41,2500,0,0,0
1914,31.9319,free_swing,604,489,461,423,-20.596,-114.775,0,-368.95,33.88,1,157.50,13.54,2500,0,0,0
1915,31.94858,free_swing,583,491,473,400,-26.709,-129.600,0,-354.35,-597.12,1,142.76,2.92,2500,1,0,0
1916,31.96527,free_swing,562,491,468,401,-32.425,-133.755,0,-351.25,-402.98,0,130.14,6.18,2500,0,0,0
1917,31.98195,free_swing,540,487,469,402,-38.434,-140.128,0,-377.56,581.74,1,110.75,20.15,2500,1,0,0
1918,31.99863,free_swing,517,478,448,445,-45.000,-115.560,0,-425.92,1997.17,1,76.49,44.86,2500,1,0,0
1919,32.01532,free_swing,492,464,444,474,-52.334,-78.232,0,-432.57,2607.81,1,49.03,64.65,2500,1,0,1
1920,32.032,free_swing,470,445,429,549,-59.651,-21.516,0,-380.89,2361.47,1,111.79,19.41,2500,1,0,0
1921,32.04868,free_swing,456,429,443,549,-64.892,-6.183,0,-287.43,1380.90,1,120.70,12.98,2500,1,0,0
1922,32.06537,free_swing,447,415,489,510,-68.980,23.850,0,-204.53,867.45,1,103.87,25.12,2500,1,0,0
1923,32.08205,free_swing,441,405,492,524,-71.798,23.199,0,-149.65,850.20,0,129.47,6.66,2500,0,0,0
1924,32.09873,free_swing,437,397,534,481,-73.954,49.108,0,-94.59,323.63,1,128.32,7.49,2500,1,0,0
1925,32.11542,free_swing,435,393,537,483,-75.022,48.576,0,-29.01,602.62,1,136.03,1.93,2500,1,0,0
1926,32.1321,free_swing,435,393,547,489,-75.022,49.399,0,34.34,453.58,0,147.51,6.35,2500,0,0,0
1927,32.14878,free_swing,437,398,585,433,-73.720,76.695,0,88.16,617.19,0,152.08,9.64,2500,0,0,0
1928,32.16547,free_swing,440,404,585,450,-72.106,72.399,0,140.35,487.67,0,152.12,9.67,2500,0,0,0
1929,32.18215,free_swing,446,414,595,436,-69.299,81.601,0,186.28,343.54,0,150.62,8.58,2500,0,0,0
1930,32.19883,free_swing,455,426,622,419,-65.681,92.400,0,231.36,537.06,1,167.15,20.50,2500,0,0,0
1931,32.21552,free_swing,464,439,629,412,-61.734,99.293,0,255.54,581.23,1,167.19,20.54,2500,0,0,0
1932,32.2322,free_swing,477,452,645,406,-57.171,105.313,0,279.35,497.30,1,174.18,25.58,2500,0,0,0
1933,32.24888,free_swing,491,464,661,362,-52.496,120.964,0,293.19,244.77,1,198.25,42.93,2500,1,0,0
1934,32.26557,free_swing,509,474,670,398,-47.322,115.270,0,303.98,-70.28,1,178.04,28.35,2500,1,0,0
1935,32.28225,free_swing,526,482,688,412,-42.406,113.369,0,313.65,30.17,1,176.48,27.23,2500,0,0,0
1936,32.29893,free_swing,546,488,700,417,-36.870,114.752,0,327.83,-45.59,1,169.58,22.26,2500,0,0,0
1937,32.31562,free_swing,566,491,723,395,-31.386,121.444,0,347.74,-192.33,1,184.02,32.67,2500,0,0,0
1938,32.3323,free_swing,588,491,741,465,-25.253,99.644,0,368.47,-504.51,1,155.19,11.88,2500,1,0,0
1939,32.34898,free_swing,609,490,752,456,-18.869,103.374,0,415.22,-844.22,1,146.99,5.97,2500,1,0,0
1940,32.36567,free_swing,632,485,763,504,-11.454,81.747,0,500.29,-857.16,0,132.37,4.57,2500,0,0,0
1941,32.38235,free_swing,657,475,768,535,-2.403,61.607,0,604.12,-1298.02,1,126.18,9.03,2500,1,0,0
1942,32.39903,free_swing,682,460,754,528,8.443,46.637,0,631.22,-1483.12,1,99.04,28.60,2500,0,0,0
1943,32.41572,free_swing,701,442,719,516,19.058,13.671,0,584.02,-1950.86,1,76.16,45.10,2500,1,0,0
1944,32.4324,free_swing,712,427,695,479,27.284,-18.104,0,470.27,-1562.53,1,54.71,60.56,2500,1,0,0
1945,32.44908,free_swing,722,416,678,462,35.083,-43.727,0,428.91,-498.06,1,63.66,54.11,2500,1,0,0
1946,32.46577,free_swing,726,405,668,482,40.795,-36.989,0,390.40,-778.69,1,96.40,30.50,2500,1,0,0
1947,32.48245,free_swing,732,393,664,459,48.521,-45.855,0,321.52,-728.77,1,94.76,31.68,2500,0,0,0
1948,32.49913,free_swing,733,387,654,388,51.843,-89.275,0,218.85,-370.05,1,79.01,43.04,2500,1,0,0
1949,32.51582,free_swing,735,383,628,445,54.689,-59.910,0,65.60,-207.66,1,123.66,10.85,2500,0,0,0
1950,32.5325,free_swing,735,383,616,436,54.689,-65.993,0,-80.75,-319.52,0,130.27,6.08,2500,0,0,0
1951,32.54918,free_swing,733,387,618,370,51.843,-98.409,0,-270.16,-1068.31,1,116.25,16.19,2500,1,0,0
1952,32.56587,free_swing,729,396,605,383,45.881,-95.985,0,-406.72,-495.66,1,124.68,10.11,2500,1,0,0
1953,32.58255,free_swing,723,408,590,368,38.290,-106.739,0,-475.61,-94.41,1,138.88,0.13,2500,1,0,0
1954,32.59923,free_swing,715,421,573,378,30.296,-106.847,0,-479.76,-282.37,0,148.37,6.96,2500,0,0,0
1955,32.61592,free_swing,705,434,566,379,22.380,-111.588,0,-473.10,-212.81,0,149.49,7.77,2500,0,0,0
1956,32.6326,free_swing,693,446,552,375,14.744,-116.727,0,-468.95,-281.19,1,157.87,13.81,2500,0,0,0
1957,32.64928,free_swing,678,459,540,378,6.736,-120.411,0,-466.36,-156.95,1,160.02,15.36,2500,0,0,0
1958,32.66597,free_swing,661,471,524,382,-0.824,-123.009,0,-446.25,-306.62,1,163.37,17.78,2500,0,0,0
1959,32.68265,free_swing,642,479,513,387,-8.130,-125.496,0,-411.39,-149.97,1,158.45,14.23,2500,0,0,0
1960,32.69933,free_swing,623,486,514,374,-14.560,-135.778,0,-382.87,-76.37,1,156.28,12.67,2500,0,0,0
1961,32.71602,free_swing,603,490,479,405,-20.794,-124.430,0,-357.72,-161.08,0,150.34,8.38,2500,0,0,0
1962,32.7327,free_swing,583,491,469,381,-26.709,-133.977,0,-347.25,-47.51,1,158.42,14.21,2500,0,0,0
1963,32.74938,free_swing,563,490,464,386,-32.330,-136.411,0,-343.76,250.63,1,143.59,3.52,2500,1,0,0
1964,32.76607,free_swing,541,487,435,424,-38.206,-120.725,0,-352.80,943.46,1,123.31,11.10,2500,1,0,0
1965,32.78275,free_swing,520,479,404,454,-44.210,-102.162,0,-371.06,1325.25,1,118.66,14.45,2500,1,0,0
1966,32.79943,free_swing,498,468,398,484,-50.503,-80.910,0,-398.76,1463.18,1,101.27,26.99,2500,0,0,0
1967,32.81612,free_swing,477,452,398,512,-57.171,-52.784,0,-394.71,1630.29,1,99.20,28.48,2500,0,0,0
1968,32.8328,free_swing,459,432,410,526,-63.886,-27.532,0,-339.66,1511.20,1,106.00,23.58,2500,0,0,0
1969,32.84948,free_swing,447,417,444,504,-68.519,-1.975,0,-262.56,1202.31,1,87.05,37.24,2500,1,0,0
1970,32.86617,free_swing,440,404,464,503,-72.106,13.627,0,-184.30,1164.84,1,101.87,26.56,2500,0,0,0
1971,32.88285,free_swing,435,393,489,483,-75.022,30.964,0,-128.07,1016.81,1,104.96,24.33,2500,0,0,0
1972,32.89953,free_swing,432,388,526,459,-76.373,52.936,0,-69.90,637.52,1,117.80,15.07,2500,1,0,0
1973,32.91622,free_swing,431,385,537,455,-77.132,56.560,0,-6.31,569.53,0,127.03,8.42,2500,0,0,0
1974,32.9329,free_swing,431,386,544,451,-76.897,60.092,0,50.44,682.98,0,130.36,6.02,2500,0,0,0
1975,32.94958,free_swing,434,392,589,405,-75.318,85.206,0,109.13,599.40,1,155.54,12.14,2500,0,0,0
1976,32.96627,free_swing,438,400,590,403,-73.184,88.869,0,161.43,459.78,0,152.03,9.60,2500,0,0,0
1977,32.98295,free_swing,444,411,594,423,-70.164,85.426,0,208.70,143.34,1,150.48,8.49,2500,1,0,0
1978,32.99963,free_swing,452,425,614,390,-66.214,102.191,0,246.15,305.12,1,165.74,19.49,2500,0,0,0
1979,33.01632,free_swing,463,439,630,417,-61.853,97.505,0,270.69,289.35,1,168.44,21.44,2500,0,0,0
1980,33.033,free_swing,477,451,649,404,-57.389,105.283,0,283.65,206.82,1,178.31,28.55,2500,0,0,0
1981,33.04968,free_swing,492,464,660,407,-52.334,108.741,0,303.60,230.59,1,177.41,27.90,2500,0,0,0
1982,33.06637,free_swing,510,473,677,403,-47.337,112.742,0,313.30,-44.51,1,181.08,30.55,2500,1,0,0
1983,33.08305,free_swing,529,482,686,432,-41.775,107.665,0,322.43,25.36,1,164.77,18.79,2500,0,0,0
1984,33.09973,free_swing,548,487,716,430,-36.573,108.741,0,341.88,-29.98,1,177.41,27.90,2500,0,0,0
1985,33.11642,free_swing,570,490,734,418,-30.481,113.703,0,365.10,-36.71,1,179.11,29.13,2500,0,0,0
1986,33.1331,free_swing,592,491,745,450,-24.063,105.001,0,403.59,131.94,1,158.40,14.20,2500,0,0,0
1987,33.14978,free_swing,615,489,754,447,-17.000,106.813,0,467.58,-535.65,1,145.21,4.68,2500,1,0,0
1988,33.16647,free_swing,640,483,762,445,-8.661,107.301,0,563.01,-1005.74,1,127.78,7.88,2500,1,0,0
1989,33.18315,free_swing,667,470,755,521,1.660,59.906,0,642.36,-1435.32,1,101.71,26.67,2500,1,0,0
1990,33.19983,free_swing,690,453,741,491,12.579,53.310,0,626.76,-1711.70,1,63.60,54.15,2500,1,0,0
1991,33.21652,free_swing,707,437,725,476,22.736,24.775,0,533.75,-1404.50,1,42.95,69.03,2500,1,0,0
1992,33.2332,free_swing,716,423,696,510,30.217,-12.947,0,445.52,-1851.22,1,89.27,35.64,2500,1,0,0
1993,33.24988,free_swing,723,411,689,484,37.216,-24.974,0,415.11,-1195.23,1,80.53,41.94,2500,1,0,0
1994,33.26657,free_swing,729,400,674,435,44.145,-57.529,0,404.32,-941.57,1,65.19,53.00,2500,1,0,0
1995,33.28325,free_swing,733,389,657,442,50.845,-55.109,0,353.09,-783.68,1,92.66,33.20,2500,0,0,0
1996,33.29993,free_swing,736,382,663,396,55.592,-79.144,0,237.67,-274.69,1,74.33,46.41,2500,1,0,0
1997,33.31662,free_swing,737,377,638,401,58.696,-76.373,0,88.58,-192.95,1,101.87,26.56,2500,0,0,0
1998,33.3333,free_swing,736,377,613,406,58.349,-76.734,0,-93.89,-401.46,1,126.37,8.89,2500,1,0,0
1999,33.34998,free_swing,735,381,619,387,55.763,-87.039,0,-269.38,-780.73,1,116.16,16.26,2500,1,0,0
2000,33.36667,free_swing,732,391,613,344,49.467,-111.552,0,-401.76,-542.17,1,127.95,7.76,2500,1,0,0
2001,33.38335,free_swing,726,401,579,361,42.397,-105.222,0,-473.35,-292.05,1,152.35,9.83,2500,1,0,0
2002,33.40003,free_swing,719,415,576,364,34.007,-109.628,0,-493.44,-67.76,1,151.82,9.45,2500,1,0,0
2003,33.41672,free_swing,710,428,578,349,26.086,-120.900,0,-494.36,-496.39,1,153.83,10.90,2500,1,0,0
2004,33.4334,free_swing,698,442,559,365,17.650,-118.985,0,-472.30,-588.57,1,158.90,14.56,2500,0,0,0
2005,33.45008,free_swing,685,455,570,327,10.141,-138.062,0,-465.58,-374.70,1,172.07,24.05,2500,1,0,0
2006,33.46677,free_swing,669,466,562,332,2.564,-141.392,0,-449.00,-134.71,1,171.48,23.63,2500,1,0,0
2007,33.48345,free_swing,650,476,535,362,-5.159,-134.750,0,-440.27,-103.86,1,161.93,16.74,2500,0,0,0
2008,33.50013,free_swing,631,483,520,354,-11.965,-139.289,0,-402.89,69.42,1,170.18,22.69,2500,0,0,0
2009,33.51682,free_swing,610,489,516,337,-18.654,-148.266,0,-366.79,201.70,1,178.72,28.84,2500,0,0,0
2010,33.5335,free_swing,591,492,458,400,-24.228,-124.673,0,-343.08,8.29,1,161.72,16.59,2500,0,0,0
2011,33.55018,free_swing,571,491,463,379,-30.054,-136.042,0,-334.28,85.54,1,155.59,12.17,2500,0,0,0
2012,33.56687,free_swing,551,489,468,369,-35.503,-145.330,0,-334.86,229.95,0,145.91,5.19,2500,0,0,0
2013,33.58355,free_swing,531,482,418,410,-41.348,-122.504,0,-343.40,-750.48,1,133.99,3.40,2500,1,0,0
2014,33.60023,free_swing,510,475,429,403,-46.935,-131.634,0,-376.20,-178.96,1,108.37,21.87,2500,1,0,0
2015,33.61692,free_swing,488,461,483,336,-53.604,-177.709,0,-402.51,1650.72,1,125.10,9.81,2500,1,0,0
2016,33.6336,free_swing,467,443,433,454,-60.476,-72.072,0,-390.22,3376.70,1,35.74,74.24,2500,1,0,1
2017,33.65028,free_swing,451,424,414,506,-66.541,-24.286,0,-320.91,3292.82,1,89.96,35.14,2500,0,0,1
2018,33.66697,free_swing,442,408,434,508,-71.022,-4.574,0,-236.06,1177.69,1,100.32,27.68,2500,1,0,0
2019,33.68365,free_swing,436,396,473,480,-74.255,23.772,0,-155.35,825.98,1,91.79,33.83,2500,1,0,0
2020,33.70033,free_swing,433,388,489,482,-76.316,30.784,0,-85.78,626.31,1,109.42,21.12,2500,0,0,0
2021,33.71702,free_swing,432,385,511,489,-77.078,37.221,0,-14.11,353.58,1,130.60,5.84,2500,1,0,0
2022,33.7337,free_swing,432,386,532,468,-76.842,50.648,0,56.51,970.89,1,129.32,6.77,2500,1,0,0
2023,33.75038,free_swing,434,392,552,461,-75.318,59.683,0,113.41,898.82,0,136.69,1.45,2500,0,0,0
2024,33.76707,free_swing,438,401,583,402,-72.951,89.605,0,156.53,376.46,1,145.00,4.54,2500,1,0,0
2025,33.78375,free_swing,444,411,587,445,-70.164,76.626,0,193.50,370.61,0,146.99,5.97,2500,0,0,0
2026,33.80043,free_swing,452,423,604,445,-66.670,81.764,0,228.48,293.05,1,153.58,10.72,2500,0,0,0
2027,33.81712,free_swing,462,437,618,396,-62.418,104.725,0,261.90,472.15,1,161.30,16.29,2500,0,0,0
2028,33.8338,free_swing,476,449,629,432,-57.967,96.340,0,288.81,131.61,1,153.94,10.98,2500,1,0,0
2029,33.85048,free_swing,491,462,649,439,-52.918,98.282,0,310.08,-28.27,1,159.67,15.11,2500,0,0,0
2030,33.86717,free_swing,509,473,664,435,-47.523,103.775,0,327.66,104.85,1,159.59,15.05,2500,0,0,0
2031,33.88385,free_swing,528,482,680,451,-41.987,101.527,0,341.09,-66.42,1,155.13,11.84,2500,0,0,0
2032,33.90053,free_swing,549,488,695,470,-36.158,97.028,0,362.02,-359.23,1,147.11,6.05,2500,1,0,0
2033,33.91722,free_swing,572,491,711,478,-29.784,95.343,0,397.36,-254.47,0,139.61,0.65,2500,0,0,0
2034,33.9339,free_swing,596,492,729,510,-22.721,82.293,0,471.80,-226.56,0,134.21,3.24,2500,0,0,0
2035,33.95058,free_swing,623,488,730,497,-14.381,85.192,0,571.18,-968.47,1,107.38,22.59,2500,1,0,0
2036,33.96727,free_swing,653,477,716,508,-3.945,63.800,0,611.90,-1701.56,1,70.21,49.38,2500,1,0,0
2037,33.98395,free_swing,678,462,698,528,6.582,16.858,0,584.98,-2145.52,1,68.96,50.28,2500,1,0,0
2038,34.00063,free_swing,694,448,688,508,14.962,-5.711,0,495.21,-1554.11,1,60.30,56.53,2500,1,0,0
2039,34.01732,free_swing,707,434,676,493,23.334,-27.719,0,465.27,-652.71,1,66.65,51.95,2500,1,0,0
2040,34.034,free_swing,716,423,656,509,30.217,-34.902,0,468.98,-433.14,1,104.86,24.40,2500,1,0,0
2041,34.05068,free_swing,725,408,656,503,39.207,-35.991,0,497.74,-278.02,1,117.41,15.35,2500,0,0,0
2042,34.06737,free_swing,731,396,647,468,46.736,-49.399,0,502.95,-662.37,1,110.63,20.24,2500,1,0,0
2043,34.08405,free_swing,736,382,638,450,55.592,-55.244,0,444.24,-797.66,1,119.28,14.01,2500,0,0,0
2044,34.10073,free_swing,739,373,648,398,61.654,-74.638,0,332.68,-256.10,1,94.37,31.96,2500,1,0,0
2045,34.11742,free_swing,740,366,639,397,66.176,-72.937,0,146.88,84.46,1,105.65,23.83,2500,1,0,0
2046,34.1341,free_swing,740,365,620,430,66.801,-61.557,0,-40.44,108.16,0,136.47,1.61,2500,0,0,0
2047,34.15078,free_swing,739,368,616,411,64.654,-70.731,0,-213.43,-295.86,1,130.30,6.06,2500,1,0,0
2048,34.16747,free_swing,737,375,598,404,59.840,-78.215,0,-328.44,-389.71,0,141.99,2.37,2500,0,0,0
2049,34.18415,free_swing,734,384,589,407,53.781,-80.987,0,-415.98,-415.43,0,146.81,5.84,2500,0,0,0
2050,34.20083,free_swing,729,395,580,404,46.332,-86.543,0,-478.77,-429.99,0,149.27,7.62,2500,0,0,0
2051,34.21752,free_swing,723,409,577,379,37.926,-101.611,0,-508.66,-324.78,0,149.05,7.46,2500,0,0,0
2052,34.2342,free_swing,714,423,561,401,29.268,-98.183,0,-509.67,-309.20,1,154.57,11.44,2500,0,0,0
2053,34.25088,free_swing,703,435,556,399,21.224,-103.761,0,-491.14,-410.85,0,151.34,9.11,2500,0,0,0
2054,34.26757,free_swing,690,450,562,387,12.888,-116.206,0,-479.33,-239.78,0,142.66,2.85,2500,0,0,0
2055,34.28425,free_swing,675,462,541,391,5.274,-117.917,0,-458.44,-39.45,1,151.65,9.33,2500,1,0,0
2056,34.30093,free_swing,657,472,521,435,-2.454,-105.219,0,-431.87,289.54,1,140.94,1.61,2500,1,0,0
2057,34.31762,free_swing,639,481,512,423,-9.150,-114.546,0,-409.65,641.04,1,139.62,0.66,2500,1,0,0
2058,34.3343,free_swing,618,488,479,477,-16.091,-94.525,0,-395.50,71.49,1,139.43,0.52,2500,1,0,0
2059,34.35098,free_swing,597,491,460,505,-22.543,-84.165,0,-400.26,306.99,1,137.71,0.72,2500,1,0,0
2060,34.36767,free_swing,573,491,479,461,-29.511,-107.700,0,-441.27,667.63,1,98.67,28.86,2500,1,0,0
2061,34.38435,free_swing,546,488,456,542,-36.870,-59.036,0,-487.19,2099.64,1,104.96,24.33,2500,1,0,0
2062,34.40103,free_swing,514,477,459,574,-45.779,-29.554,0,-475.19,2762.83,1,111.51,19.61,2500,1,0,1
2063,34.41772,free_swing,489,463,508,510,-53.025,22.011,0,-406.50,1327.93,1,50.70,63.45,2500,1,0,0
2064,34.4344,free_swing,472,448,520,520,-58.728,33.690,0,-303.29,1348.78,1,86.53,37.61,2500,0,0,0
2065,34.45108,free_swing,460,434,518,526,-63.322,32.229,0,-233.46,628.79,1,108.76,21.59,2500,1,0,0
2066,34.46777,free_swing,451,424,561,437,-66.541,83.260,0,-181.92,565.22,1,110.77,20.15,2500,0,0,0
2067,34.48445,free_swing,446,414,547,488,-69.299,53.771,0,-138.18,860.92,1,125.21,9.73,2500,1,0,0
2068,34.50113,free_swing,441,407,565,434,-71.333,77.716,0,-94.31,342.47,1,126.91,8.51,2500,1,0,0
2069,34.51782,free_swing,439,403,612,357,-72.413,104.890,0,-41.04,367.09,1,179.01,29.06,2500,0,0,0
2070,34.5345,free_swing,439,402,582,438,-72.646,75.870,0,8.41,-414.74,1,147.46,6.31,2500,1,0,0
2071,34.55118,free_swing,440,404,590,433,-72.106,79.058,0,61.91,-251.68,1,152.78,10.14,2500,0,0,0
2072,34.56787,free_swing,443,409,600,422,-70.710,85.267,0,116.31,470.88,1,157.54,13.57,2500,1,0,0
2073,34.58455,free_swing,448,418,612,424,-68.199,87.905,0,162.61,471.42,1,164.11,18.31,2500,0,0,0
2074,34.60123,free_swing,455,428,622,402,-65.225,98.849,0,200.27,544.82,1,169.01,21.85,2500,0,0,0
2075,34.61792,free_swing,464,439,631,384,-61.734,108.229,0,221.39,275.20,1,175.82,26.76,2500,1,0,0
2076,34.6346,free_swing,475,451,644,388,-57.667,110.445,0,247.92,84.23,1,180.36,30.03,2500,0,0,0
2077,34.65128,free_swing,488,461,646,418,-53.604,105.224,0,276.33,95.05,1,163.75,18.05,2500,0,0,0
2078,34.66797,free_swing,504,472,668,392,-48.636,116.003,0,290.03,254.92,1,182.47,31.55,2500,0,0,0
2079,34.68465,free_swing,522,480,681,402,-43.612,116.131,0,291.57,205.82,1,177.10,27.68,2500,0,0,0
2080,34.70133,free_swing,539,485,704,392,-39.023,119.407,0,290.52,-44.14,1,189.40,36.55,2500,1,0,0
2081,34.71802,free_swing,557,489,720,411,-34.026,115.572,0,315.10,-278.48,1,180.70,30.27,2500,1,0,0
2082,34.7347,free_swing,577,491,731,430,-28.408,111.609,0,345.40,-422.60,1,165.64,19.42,2500,0,0,0
2083,34.75138,free_swing,598,491,753,467,-22.235,98.802,0,379.97,-415.23,1,156.85,13.08,2500,0,0,0
2084,34.76807,free_swing,619,488,755,474,-15.751,95.877,0,442.99,-826.57,1,136.72,1.43,2500,1,0,0
2085,34.78475,free_swing,643,481,763,500,-7.645,81.003,0,539.92,-887.25,1,121.49,12.41,2500,0,0,0
2086,34.80143,free_swing,668,469,755,537,2.090,51.988,0,609.76,-1383.32,1,110.42,20.39,2500,1,0,0
2087,34.81812,free_swing,690,452,734,496,12.680,45.000,0,591.70,-1611.99,1,62.23,55.14,2500,1,0,0
2088,34.8348,free_swing,705,437,707,510,21.801,1.569,0,509.64,-1589.65,1,73.03,47.35,2500,0,0,0
2089,34.85148,free_swing,715,425,685,512,29.211,-19.026,0,412.52,-1368.13,1,92.03,33.65,2500,1,0,0
2090,34.86817,free_swing,722,415,666,499,35.407,-33.690,0,322.46,-616.44,1,100.96,27.22,2500,1,0,0
2091,34.88485,free_swing,726,407,658,475,40.030,-45.000,0,202.14,-753.71,1,96.17,30.67,2500,0,0,0
2092,34.90153,free_swing,727,402,640,466,42.436,-53.661,0,84.23,-712.58,1,108.00,22.14,2500,0,0,0
2093,34.91822,free_swing,727,402,630,430,42.436,-73.899,0,-11.49,-568.75,1,100.96,27.21,2500,0,0,0
2094,34.9349,free_swing,726,402,613,434,41.987,-74.189,0,-101.94,-477.82,1,117.44,15.33,2500,0,0,0
2095,34.95158,free_swing,724,406,604,422,39.500,-82.405,0,-211.39,-402.65,1,121.06,12.72,2500,0,0,0
2096,34.96827,free_swing,720,414,589,407,34.804,-93.059,0,-331.55,-308.81,0,131.19,5.42,2500,0,0,0
2097,34.98495,free_swing,713,424,573,409,28.523,-96.116,0,-399.67,-334.69,0,140.80,1.51,2500,0,0,0
2098,35.00163,free_swing,704,436,552,425,21.516,-94.139,0,-427.06,-276.13,0,152.40,9.87,2500,0,0,0
2099,35.01832,free_swing,693,448,558,394,14.500,-111.801,0,-435.52,-96.64,0,145.40,4.82,2500,0,0,0
2100,35.035,free_swing,679,459,536,427,7.181,-102.614,0,-432.18,21.08,0,146.54,5.64,2500,0,0,0
2101,35.05168,free_swing,663,470,517,444,0.000,-100.098,0,-415.29,-77.05,0,148.30,6.91,2500,0,0,0
2102,35.06837,free_swing,646,478,510,431,-6.642,-109.065,0,-389.00,-344.05,1,143.89,3.74,2500,1,0,0
2103,35.08505,free_swing,628,485,500,426,-12.885,-114.747,0,-365.42,215.62,1,140.94,1.61,2500,1,0,0
2104,35.10173,free_swing,609,489,471,451,-18.981,-105.396,0,-360.70,141.74,0,143.14,3.19,2500,0,0,0
2105,35.11842,free_swing,589,492,444,484,-24.821,-93.158,0,-360.07,297.18,0,145.22,4.69,2500,0,0,0
2106,35.1351,free_swing,567,491,461,446,-31.122,-113.003,0,-363.43,74.01,1,115.16,16.98,2500,1,0,0
2107,35.15178,free_swing,545,488,420,505,-37.104,-82.255,0,-383.49,679.53,1,126.15,9.05,2500,1,0,0
2108,35.16847,free_swing,522,480,447,484,-43.612,-86.947,0,-417.00,1406.98,1,75.11,45.85,2500,1,0,0
2109,35.18515,free_swing,496,468,442,524,-50.842,-43.958,0,-421.64,2038.22,1,77.79,43.91,2500,1,0,0
2110,35.20183,free_swing,475,450,448,540,-57.885,-16.699,0,-361.72,2333.44,1,93.96,32.26,2500,1,0,0
2111,35.21852,free_swing,460,436,496,493,-62.873,32.276,0,-276.39,1187.52,1,67.42,51.40,2500,1,0,0
2112,35.2352,free_swing,452,423,503,506,-66.670,31.569,0,-202.78,583.38,1,97.42,29.77,2500,1,0,0
2113,35.25188,free_swing,444,412,507,506,-69.933,33.830,0,-163.01,109.60,1,113.16,18.42,2500,1,0,0
2114,35.26857,free_swing,440,404,534,482,-72.106,50.315,0,-124.40,680.33,1,122.15,11.94,2500,1,0,0
2115,35.28525,free_swing,436,397,536,473,-74.021,52.765,0,-85.15,889.47,1,125.60,9.45,2500,1,0,0
2116,35.30193,free_swing,435,393,555,427,-75.022,74.181,0,-38.87,397.72,1,124.72,10.08,2500,1,0,0
2117,35.31862,free_swing,434,392,576,412,-75.318,81.983,0,13.81,473.91,0,143.40,3.38,2500,0,0,0
2118,35.3353,free_swing,436,395,574,442,-74.489,71.192,0,63.53,308.07,0,145.78,5.10,2500,0,0,0
2119,35.35198,free_swing,438,400,613,374,-73.184,98.451,0,115.60,318.94,1,176.92,27.55,2500,0,0,0
2120,35.36867,free_swing,442,409,610,406,-70.791,91.023,0,163.47,19.92,1,168.03,21.14,2500,1,0,0
2121,35.38535,free_swing,449,420,614,424,-67.647,88.611,0,204.94,-268.98,1,165.05,18.99,2500,1,0,0
2122,35.40203,free_swing,458,432,618,444,-63.997,85.711,0,231.33,295.73,1,160.45,15.67,2500,1,0,0
2123,35.41872,free_swing,469,444,637,425,-60.001,96.452,0,252.83,318.79,1,169.07,21.89,2500,0,0,0
2124,35.4354,free_swing,482,456,649,419,-55.586,102.492,0,270.82,121.69,1,171.05,23.32,2500,0,0,0
2125,35.45208,free_swing,498,466,664,444,-50.919,97.549,0,292.80,188.39,1,167.45,20.72,2500,0,0,0
2126,35.46877,free_swing,514,476,680,442,-45.978,101.575,0,303.02,286.13,1,169.45,22.16,2500,0,0,0
2127,35.48545,free_swing,532,485,710,396,-40.570,116.565,0,315.88,324.87,1,199.01,43.47,2500,0,0,0
2128,35.50213,free_swing,552,488,698,439,-35.433,108.553,0,344.24,-56.68,1,154.00,11.03,2500,1,0,0
2129,35.51882,free_swing,574,491,714,439,-29.238,110.376,0,389.52,-485.09,1,149.35,7.67,2500,1,0,0
2130,35.5355,free_swing,598,492,728,474,-22.109,97.883,0,453.68,-794.72,1,131.24,5.38,2500,1,0,0
2131,35.55218,free_swing,624,487,723,503,-14.123,80.819,0,536.89,-1152.29,1,100.28,27.70,2500,1,0,0
2132,35.56887,free_swing,651,477,721,522,-4.731,57.265,0,610.14,-1572.47,1,83.22,40.01,2500,1,0,0
2133,35.58555,free_swing,677,463,707,507,6.100,34.287,0,588.38,-2154.30,1,53.25,61.61,2500,1,0,0
2134,35.60223,free_swing,695,448,682,521,15.422,-10.098,0,485.80,-1871.55,1,74.15,46.54,2500,1,0,0
2135,35.61892,free_swing,705,437,668,480,21.801,-40.711,0,387.05,-1055.65,1,56.73,59.10,2500,1,0,0
2136,35.6356,free_swing,713,426,650,506,28.009,-38.220,0,355.74,-346.17,1,101.83,26.59,2500,1,0,0
2137,35.65228,free_swing,720,416,647,477,34.160,-50.117,0,358.35,-1272.44,1,95.13,31.42,2500,1,0,0
2138,35.66897,free_swing,725,406,647,431,39.958,-72.229,0,351.19,-1327.06,1,81.91,40.95,2500,0,0,0
2139,35.68565,free_swing,729,397,658,366,45.437,-113.587,0,316.13,-304.64,1,77.47,44.15,2500,1,0,0
2140,35.70233,free_swing,732,389,628,410,50.440,-78.584,0,210.17,557.60,1,106.10,23.51,2500,1,0,0
2141,35.71902,free_swing,734,386,622,411,52.745,-77.417,0,63.97,591.66,1,114.76,17.27,2500,0,0,0
2142,35.7357,free_swing,733,387,615,408,51.843,-79.909,0,-110.79,-492.33,1,119.85,13.59,2500,1,0,0
2143,35.75238,free_swing,732,391,603,403,49.467,-84.685,0,-247.92,-598.57,0,129.56,6.60,2500,0,0,0
2144,35.76907,free_swing,728,400,591,374,43.708,-100.746,0,-358.92,-475.71,0,139.45,0.53,2500,0,0,0
2145,35.78575,free_swing,722,409,591,371,37.461,-106.176,0,-426.11,-499.60,0,136.40,1.66,2500,0,0,0
2146,35.80243,free_swing,714,421,581,381,29.814,-106.739,0,-448.32,-440.69,0,138.88,0.13,2500,0,0,0
2147,35.81912,free_swing,705,433,586,350,22.580,-124.895,0,-458.23,-244.57,0,145.09,4.60,2500,0,0,0
2148,35.8358,free_swing,693,446,570,367,14.744,-122.712,0,-440.35,-123.85,0,146.18,5.39,2500,0,0,0
2149,35.85248,free_swing,680,458,543,389,7.684,-116.732,0,-423.83,-47.69,1,153.39,10.59,2500,0,0,0
2150,35.86917,free_swing,665,468,537,367,0.843,-128.276,0,-407.12,-68.43,1,163.05,17.55,2500,0,0,0
2151,35.88585,free_swing,648,477,520,382,-5.906,-126.582,0,-399.41,-22.09,1,159.40,14.92,2500,0,0,0
2152,35.90253,free_swing,629,484,498,416,-12.609,-117.433,0,-388.37,310.35,1,147.60,6.41,2500,1,0,0
2153,35.91922,free_swing,610,488,487,412,-18.765,-121.711,0,-366.48,543.85,1,144.59,4.24,2500,1,0,0
2154,35.9359,free_swing,589,491,459,456,-24.958,-105.068,0,-352.54,421.95,0,134.63,2.94,2500,0,0,0
2155,35.95258,free_swing,569,491,432,485,-30.591,-92.508,0,-357.05,780.30,1,137.13,1.14,2500,1,0,0
2156,35.96927,free_swing,546,488,438,477,-36.870,-95.816,0,-395.58,391.57,1,108.56,21.74,2500,1,0,0
2157,35.98595,free_swing,522,480,424,527,-43.612,-64.378,0,-440.75,1084.82,1,108.69,21.64,2500,1,0,0
2158,36.00263,free_swing,496,465,467,477,-51.466,-67.521,0,-433.04,1978.09,1,31.38,77.37,2500,1,0,0
2159,36.01932,free_swing,474,449,464,520,-58.241,-8.017,0,-368.84,1942.03,1,71.70,48.31,2500,0,0,0
2160,36.036,free_swing,459,434,491,524,-63.435,19.573,0,-273.00,1657.64,1,95.52,31.14,2500,1,0,0
2161,36.05268,free_swing,450,421,505,518,-67.323,29.554,0,-199.87,1051.08,1,111.51,19.61,2500,1,0,0
2162,36.06937,free_swing,444,411,532,488,-70.164,48.814,0,-153.07,789.30,1,116.93,15.70,2500,1,0,0
2163,36.08605,free_swing,440,403,565,443,-72.339,72.255,0,-108.96,176.87,1,131.24,5.38,2500,1,0,0
2164,36.10273,free_swing,437,397,548,480,-73.954,53.213,0,-56.48,37.97,0,138.60,0.08,2500,0,0,0
2165,36.11942,free_swing,436,396,560,479,-74.255,56.203,0,0.84,136.31,0,149.21,7.57,2500,0,0,0
2166,36.1361,free_swing,437,398,580,427,-73.720,78.536,0,60.36,565.00,1,145.91,5.19,2500,1,0,0
2167,36.15278,free_swing,439,403,583,454,-72.413,70.498,0,115.93,480.25,1,152.76,10.13,2500,0,0,0
2168,36.16947,free_swing,444,412,601,428,-69.933,84.181,0,164.19,443.07,1,157.81,13.77,2500,0,0,0
2169,36.18615,free_swing,451,423,623,404,-66.769,96.304,0,203.11,501.45,1,173.05,24.76,2500,0,0,0
2170,36.20283,free_swing,460,434,628,409,-63.322,98.464,0,233.74,291.51,1,169.85,22.45,2500,1,0,0
2171,36.21952,free_swing,471,447,631,418,-59.080,100.273,0,262.14,213.15,1,162.61,17.23,2500,0,0,0
2172,36.2362,free_swing,485,459,646,397,-54.493,111.061,0,279.84,204.03,1,172.53,24.38,2500,0,0,0
2173,36.25288,free_swing,501,469,660,420,-49.779,107.128,0,284.43,64.58,1,166.38,19.95,2500,0,0,0
2174,36.26957,free_swing,518,477,675,421,-45.000,109.631,0,298.48,6.17,1,166.69,20.17,2500,0,0,0
2175,36.28625,free_swing,535,485,694,429,-39.916,109.402,0,319.37,-83.33,1,168.57,21.53,2500,0,0,0
2176,36.30293,free_swing,556,489,714,431,-34.276,110.158,0,336.90,58.43,1,168.31,21.34,2500,0,0,0
2177,36.31962,free_swing,576,492,736,457,-28.535,102.339,0,351.83,-53.57,1,163.78,18.08,2500,0,0,0
2178,36.3363,free_swing,597,491,749,424,-22.543,113.787,0,382.41,-621.89,1,166.11,19.76,2500,1,0,0
2179,36.35298,free_swing,619,488,769,488,-15.751,90.000,0,438.21,-601.78,0,150.00,8.14,2500,0,0,0
2180,36.36967,free_swing,643,480,769,525,-7.696,70.346,0,539.72,-1136.29,1,133.79,3.54,2500,1,0,0
2181,36.38635,free_swing,667,469,764,496,1.672,74.445,0,627.87,-1224.93,1,100.69,27.41,2500,0,0,0
2182,36.40303,free_swing,691,452,740,554,13.134,25.659,0,622.26,-1638.38,1,113.16,18.42,2500,1,0,0
2183,36.41972,free_swing,707,436,724,532,22.932,10.042,0,529.78,-1492.69,1,97.49,29.71,2500,0,0,0
2184,36.4364,free_swing,716,423,710,448,30.217,-13.496,0,428.19,-839.11,1,25.71,81.46,2500,1,0,0
2185,36.45308,free_swing,723,412,682,513,36.870,-22.094,0,386.01,-1001.45,1,109.00,21.41,2500,0,0,0
2186,36.46977,free_swing,729,402,672,466,43.315,-41.689,0,349.44,-668.58,1,85.70,38.21,2500,1,0,0
2187,36.48645,free_swing,732,393,659,444,48.521,-55.061,0,260.16,-753.33,1,89.05,35.80,2500,0,0,0
2188,36.50313,free_swing,733,387,641,450,51.843,-55.597,0,129.60,-553.52,1,111.50,19.61,2500,0,0,0
2189,36.51982,free_swing,734,386,636,408,52.745,-77.347,0,-11.22,-319.38,1,100.44,27.59,2500,1,0,0
2190,36.5365,free_swing,733,388,614,421,51.340,-74.501,0,-157.41,-301.81,1,123.49,10.97,2500,0,0,0
2191,36.55318,free_swing,730,393,588,431,47.684,-75.018,0,-299.74,-357.26,0,147.00,5.98,2500,0,0,0
2192,36.56987,free_swing,726,403,592,400,41.583,-91.283,0,-407.91,-594.18,1,134.03,3.37,2500,1,0,0
2193,36.58655,free_swing,719,415,582,391,34.007,-99.936,0,-461.58,-388.87,1,139.09,0.27,2500,1,0,0
2194,36.60323,free_swing,710,427,568,401,26.323,-100.376,0,-485.59,-419.96,0,144.36,4.07,2500,0,0,0
2195,36.61992,free_swing,699,440,554,392,18.435,-108.316,0,-465.44,-541.96,1,152.74,10.11,2500,0,0,0
2196,36.6366,free_swing,685,454,562,366,10.222,-125.582,0,-446.56,-306.04,1,151.24,9.03,2500,1,0,0
2197,36.65328,free_swing,672,464,534,380,3.900,-121.329,0,-421.53,-164.24,1,161.55,16.47,2500,0,0,0
2198,36.66997,free_swing,654,474,517,397,-3.627,-119.338,0,-410.35,-161.43,1,157.16,13.30,2500,0,0,0
2199,36.68665,free_swing,636,482,517,369,-10.204,-133.519,0,-404.81,-101.33,1,164.10,18.31,2500,0,0,0
2200,36.70333,free_swing,616,487,495,388,-16.869,-129.289,0,-374.81,-69.05,1,156.34,12.71,2500,0,0,0
2201,36.72002,free_swing,596,491,464,412,-22.850,-120.900,0,-361.35,253.13,1,153.83,10.90,2500,1,0,0
2202,36.7367,free_swing,575,492,464,395,-28.811,-131.149,0,-342.70,412.35,0,147.41,6.27,2500,0,0,0
2203,36.75338,free_swing,555,489,421,438,-34.524,-110.837,0,-341.47,340.65,0,143.38,3.37,2500,0,0,0
2204,36.77007,free_swing,534,485,401,453,-40.135,-103.528,0,-354.49,450.27,0,136.80,1.38,2500,0,0,0
2205,36.78675,free_swing,512,476,419,447,-46.359,-107.319,0,-393.51,779.61,1,97.42,29.77,2500,1,0,0
2206,36.80343,free_swing,490,462,409,476,-53.077,-80.194,0,-417.24,1736.86,1,82.20,40.74,2500,1,0,0
2207,36.82012,free_swing,469,443,404,514,-60.223,-42.474,0,-383.73,2165.56,1,96.26,30.60,2500,1,0,0
2208,36.8368,free_swing,454,425,443,485,-66.012,-10.389,0,-308.61,1667.61,1,61.00,56.02,2500,1,0,0
2209,36.85348,free_swing,444,411,463,501,-70.164,11.921,0,-221.86,1356.42,1,91.98,33.69,2500,1,0,0
2210,36.87017,free_swing,438,399,488,486,-73.418,29.887,0,-158.12,1086.39,1,100.34,27.66,2500,1,0,0
2211,36.88685,free_swing,434,391,522,458,-75.552,52.716,0,-108.59,763.28,1,110.60,20.26,2500,1,0,0
2212,36.90353,free_swing,431,386,527,449,-76.897,56.725,0,-47.95,402.12,1,114.83,17.22,2500,1,0,0
2213,36.92022,free_swing,431,384,549,447,-77.367,61.902,0,13.78,199.48,1,133.76,3.56,2500,1,0,0
2214,36.9369,free_swing,432,388,560,443,-76.373,66.747,0,72.65,277.05,0,139.32,0.44,2500,0,0,0
2215,36.95358,free_swing,435,394,576,441,-74.787,71.565,0,130.20,283.76,0,148.63,7.15,2500,0,0,0
2216,36.97027,free_swing,440,403,588,441,-72.339,75.600,0,179.07,329.02,1,152.80,10.16,2500,0,0,0
2217,36.98695,free_swing,447,416,604,436,-68.749,82.740,0,219.30,346.75,1,158.27,14.10,2500,0,0,0
2218,37.00363,free_swing,456,429,622,431,-64.892,89.310,0,249.77,654.72,1,166.01,19.68,2500,1,0,0
2219,37.02032,free_swing,467,442,625,422,-60.698,97.214,0,272.86,547.76,1,159.26,14.82,2500,0,0,0
2220,37.037,free_swing,481,456,648,379,-55.733,114.753,0,296.56,195.87,1,183.90,32.58,2500,1,0,0
2221,37.05368,free_swing,498,467,660,427,-50.711,103.870,0,315.47,-145.58,1,166.87,20.30,2500,1,0,0
2222,37.07037,free_swing,516,477,671,443,-45.392,102.372,0,328.14,-211.62,1,158.69,14.40,2500,0,0,0
2223,37.08705,free_swing,536,485,692,450,-39.695,102.645,0,342.45,-87.11,1,159.88,15.26,2500,0,0,0
2224,37.10373,free_swing,556,491,710,461,-33.939,101.023,0,344.92,-171.58,1,156.89,13.11,2500,0,0,0
2225,37.12042,free_swing,578,492,732,485,-27.979,92.603,0,372.09,-199.85,1,154.16,11.14,2500,0,0,0
2226,37.1371,free_swing,600,490,746,481,-21.739,93.527,0,416.80,-515.65,1,146.28,5.46,2500,1,0,0
2227,37.15378,free_swing,625,488,760,504,-13.690,83.241,0,507.20,-618.55,0,135.94,1.99,2500,0,0,0
2228,37.17047,free_swing,650,477,754,533,-5.123,61.699,0,608.46,-921.01,1,118.12,14.84,2500,1,0,0
2229,37.18715,free_swing,677,463,741,505,6.100,56.725,0,629.85,-1320.64,1,76.55,44.81,2500,1,0,0
2230,37.20383,free_swing,697,445,718,488,16.746,26.030,0,598.76,-1596.84,1,47.85,65.50,2500,1,0,0
2231,37.22052,free_swing,709,430,698,521,25.145,-6.892,0,505.74,-1630.16,1,91.66,33.92,2500,0,0,0
2232,37.2372,free_swing,720,417,692,484,33.845,-22.681,0,474.79,-859.55,1,72.62,47.65,2500,1,0,0
2233,37.25388,free_swing,726,405,673,477,40.795,-36.357,0,455.12,-509.52,1,89.40,35.55,2500,1,0,0
2234,37.27057,free_swing,732,392,659,483,48.991,-38.737,0,421.02,-559.99,1,116.66,15.89,2500,0,0,0
2235,37.28725,free_swing,734,382,646,446,54.846,-53.973,0,348.96,-538.43,1,108.81,21.55,2500,0,0,0
2236,37.30393,free_swing,738,375,635,429,60.173,-62.333,0,203.32,-543.81,1,116.30,16.16,2500,0,0,0
2237,37.32062,free_swing,738,372,622,421,61.928,-67.100,0,41.90,-271.59,1,125.92,9.22,2500,1,0,0
2238,37.3373,free_swing,737,373,612,405,61.011,-75.641,0,-157.23,-426.47,0,129.03,6.98,2500,0,0,0
2239,37.35398,free_swing,736,379,591,406,57.225,-79.452,0,-314.75,-891.64,1,147.49,6.33,2500,1,0,0
2240,37.37067,free_swing,732,389,589,365,50.440,-99.527,0,-436.09,-801.11,0,145.00,4.54,2500,0,0,0
2241,37.38735,free_swing,727,401,599,332,42.847,-118.327,0,-491.69,-607.65,0,145.41,4.83,2500,0,0,0
2242,37.40403,free_swing,719,414,578,360,34.330,-110.956,0,-499.66,-230.34,1,150.99,8.85,2500,1,0,0
2243,37.42072,free_swing,710,428,574,336,26.086,-124.077,0,-515.77,-173.72,1,164.20,18.37,2500,0,0,0
2244,37.4374,free_swing,698,442,561,344,17.650,-125.577,0,-515.44,-434.46,1,168.44,21.44,2500,1,0,0
2245,37.45408,free_swing,682,457,553,349,8.643,-129.936,0,-502.75,-254.17,1,168.24,21.29,2500,0,0,0
2246,37.47077,free_swing,665,468,556,337,0.843,-140.237,0,-468.59,-420.98,1,170.42,22.86,2500,0,0,0
2247,37.48745,free_swing,646,478,535,346,-6.642,-139.939,0,-424.78,-224.49,1,172.47,24.34,2500,0,0,0
2248,37.50413,free_swing,626,485,530,323,-13.595,-149.349,0,-396.67,-35.14,1,188.31,35.76,2500,0,0,0
2249,37.52082,free_swing,606,490,499,351,-19.837,-142.411,0,-374.37,8.46,1,175.41,26.46,2500,0,0,0
2250,37.5375,free_swing,585,492,488,355,-25.989,-144.700,0,-363.51,103.54,1,167.86,21.02,2500,0,0,0
2251,37.55418,free_swing,564,490,462,353,-32.071,-143.331,0,-350.84,157.44,1,170.80,23.14,2500,0,0,0
2252,37.57087,free_swing,543,487,437,361,-37.747,-139.927,0,-328.30,533.82,1,164.66,18.71,2500,1,0,0
2253,37.58755,free_swing,525,480,411,372,-42.997,-133.452,0,-308.78,-587.00,1,157.04,13.21,2500,1,0,0
2254,37.60423,free_swing,507,472,409,357,-48.094,-139.563,0,-306.30,-1727.82,1,151.09,8.93,2500,1,0,0
2255,37.62092,free_swing,489,462,633,118,-53.236,157.286,0,-316.00,-1938.05,1,372.92,168.85,2500,1,0,0
2256,37.6376,free_swing,472,448,669,138,-58.728,147.565,0,-346.25,-548.31,1,367.30,164.80,2500,1,0,0
2257,37.65428,free_swing,456,431,714,84,-64.440,143.369,0,-358.17,-339.44,1,432.40,211.74,2500,1,0,0
2258,37.67097,free_swing,443,409,641,127,-70.710,144.926,0,-326.18,-2683.44,1,344.57,148.41,2500,1,0,1
2259,37.68765,free_swing,435,392,454,401,-75.256,64.654,0,-236.81,-3661.82,1,21.02,84.84,2500,1,0,1
2260,37.70433,free_swing,431,380,425,471,-78.311,-3.772,0,-107.84,-2244.43,1,91.20,34.25,2500,1,0,0
2261,37.72102,free_swing,430,377,433,486,-79.069,1.577,0,2.13,497.38,1,109.04,21.39,2500,1,0,0
2262,37.7377,free_swing,431,381,469,469,-78.074,23.356,0,84.52,1171.66,1,95.85,30.90,2500,1,0,0
2263,37.75438,free_swing,433,388,494,473,-76.316,35.665,0,137.52,482.83,1,104.62,24.57,2500,1,0,0
2264,37.77107,free_swing,437,398,499,493,-73.720,33.130,0,186.82,385.69,1,113.44,18.22,2500,0,0,0
2265,37.78775,free_swing,444,411,529,502,-70.164,43.047,0,227.86,374.85,1,124.52,10.23,2500,0,0,0
2266,37.80443,free_swing,452,426,550,492,-65.987,56.041,0,254.66,190.76,1,118.15,14.82,2500,0,0,0
2267,37.82112,free_swing,464,439,558,527,-61.734,46.888,0,279.69,-78.75,1,128.76,7.17,2500,1,0,0
2268,37.8378,free_swing,478,453,567,538,-56.813,46.317,0,307.71,-183.99,1,123.07,11.27,2500,0,0,0
2269,37.85448,free_swing,496,466,585,542,-51.257,49.505,0,340.04,-51.72,1,117.03,15.63,2500,0,0,0
2270,37.87117,free_swing,516,477,594,563,-45.392,42.207,0,389.80,-49.50,1,116.10,16.30,2500,0,0,0
2271,37.88785,free_swing,540,486,608,559,-38.614,42.969,0,440.65,-38.26,1,99.76,28.08,2500,0,0,0
2272,37.90453,free_swing,569,492,614,540,-30.434,43.152,0,484.19,-590.69,1,65.80,52.57,2500,1,0,0
2273,37.92122,free_swing,597,491,623,537,-22.543,29.476,0,500.29,-1255.30,1,52.84,61.91,2500,1,0,0
2274,37.9379,free_swing,624,487,617,569,-14.123,-4.879,0,475.32,-1362.71,1,82.30,40.67,2500,0,0,0
2275,37.95458,free_swing,647,480,630,537,-6.170,-16.607,0,458.94,-767.47,1,59.48,57.12,2500,1,0,0
2276,37.97127,free_swing,665,470,624,554,0.830,-26.017,0,453.49,-420.62,1,93.47,32.61,2500,1,0,0
2277,37.98795,free_swing,683,459,628,559,8.949,-28.811,0,482.77,-383.32,1,114.13,17.72,2500,0,0,0
2278,38.00463,free_swing,698,445,644,502,17.210,-43.452,0,519.22,-337.97,1,78.52,43.39,2500,0,0,0
2279,38.02132,free_swing,711,430,646,508,26.095,-39.806,0,533.90,-327.35,1,101.53,26.80,2500,0,0,0
2280,38.038,free_swing,722,416,657,474,35.083,-48.257,0,553.51,69.58,1,87.11,37.20,2500,1,0,0
2281,38.05468,free_swing,729,400,664,457,44.145,-48.752,0,539.17,-63.78,1,86.45,37.67,2500,0,0,0
2282,38.07137,free_swing,735,386,690,446,53.130,-36.870,0,482.53,338.19,1,75.00,45.93,2500,1,0,0
2283,38.08805,free_swing,738,375,693,419,60.173,-45.644,0,396.35,663.01,1,62.94,54.63,2500,1,0,0
2284,38.10473,free_swing,740,367,720,425,65.556,-19.026,0,250.86,717.23,1,61.35,55.77,2500,0,0,0
2285,38.12142,free_swing,741,362,730,449,68.962,-7.206,0,62.02,991.15,1,87.69,36.78,2500,1,0,0
2286,38.1381,free_swing,741,364,740,406,67.694,-1.364,0,-142.43,705.55,1,42.01,69.71,2500,1,0,0
2287,38.15478,free_swing,738,369,763,426,63.741,23.682,0,-305.82,916.87,1,62.24,55.13,2500,1,0,0
2288,38.17147,free_swing,736,378,799,481,57.783,31.452,0,-427.14,1291.12,1,120.74,12.95,2500,1,0,0
2289,38.18815,free_swing,732,390,797,436,49.950,54.713,0,-537.46,1010.40,1,79.63,42.59,2500,1,0,0
2290,38.20483,free_swing,725,406,806,419,39.958,80.882,0,-606.07,1039.15,1,82.04,40.86,2500,0,0,0
2291,38.22152,free_swing,715,423,827,446,29.745,78.395,0,-617.74,624.79,1,114.34,17.57,2500,1,0,0
2292,38.2382,free_swing,702,440,819,414,19.855,102.529,0,-567.36,580.64,1,119.85,13.59,2500,0,0,0
2293,38.25488,free_swing,686,453,818,420,10.763,104.036,0,-490.75,841.55,1,136.06,1.91,2500,1,0,0
2294,38.27157,free_swing,671,464,799,392,3.468,119.358,0,-405.65,324.46,1,146.86,5.88,2500,1,0,0
2295,38.28825,free_swing,656,474,784,372,-2.822,128.550,0,-367.50,250.67,1,163.67,18.00,2500,0,0,0
2296,38.30493,free_swing,640,483,782,410,-8.661,117.207,0,-369.95,-109.96,1,159.67,15.11,2500,1,0,0
2297,38.32162,free_swing,620,488,759,388,-15.410,125.732,0,-385.89,-387.78,1,171.23,23.45,2500,1,0,0
2298,38.3383,free_swing,600,491,752,420,-21.615,115.038,0,-387.02,-196.67,1,167.76,20.95,2500,0,0,0
2299,38.35498,free_swing,578,491,737,450,-28.129,104.459,0,-369.61,-322.29,1,164.20,18.38,2500,0,0,0
2300,38.37167,free_swing,557,489,716,417,-34.026,114.362,0,-349.62,-66.39,1,174.54,25.83,2500,1,0,0
2301,38.38835,free_swing,537,484,696,452,-39.657,101.379,0,-317.31,-167.38,1,162.19,16.93,2500,0,0,0
2302,38.40503,free_swing,519,478,677,442,-44.605,102.836,0,-285.59,-396.25,1,162.05,16.83,2500,1,0,0
2303,38.42172,free_swing,503,471,649,463,-49.018,93.136,0,-232.52,-549.11,0,146.22,5.41,2500,0,0,0
2304,38.4384,free_swing,491,464,607,480,-52.496,82.147,0,-171.81,-877.68,1,117.10,15.58,2500,1,0,0
2305,38.45508,free_swing,485,459,571,508,-54.493,60.327,0,-90.08,-1388.32,1,98.98,28.64,2500,1,0,0
2306,38.47177,free_swing,482,456,531,515,-55.586,39.710,0,0.89,-2251.38,1,76.69,44.71,2500,1,0,0
2307,38.48845,free_swing,485,458,470,546,-54.707,-9.673,0,82.90,-2518.46,1,89.27,35.64,2500,1,0,1
2308,38.50513,free_swing,490,463,444,493,-52.866,-56.889,0,116.44,-2496.31,1,54.92,60.41,2500,0,0,0
2309,38.52182,free_swing,497,467,411,475,-50.880,-84.685,0,83.75,-2894.41,1,86.37,37.73,2500,1,0,1
2310,38.5385,free_swing,500,468,427,400,-50.160,-132.969,0,30.88,-2139.90,1,99.76,28.08,2500,1,0,0
2311,38.55518,free_swing,499,469,523,254,-50.126,173.631,0,-20.94,-503.09,1,216.34,55.96,2500,1,0,0
2312,38.57187,free_swing,498,468,419,351,-50.503,-145.972,0,-38.03,525.71,1,141.17,1.78,2500,1,0,0
2313,38.58855,free_swing,495,466,395,346,-51.423,-140.194,0,-27.62,428.32,1,156.20,12.61,2500,0,0,0
2314,38.60523,free_swing,495,466,446,294,-51.423,-164.099,0,11.19,-790.25,1,178.84,28.93,2500,1,0,0
2315,38.62192,free_swing,497,467,435,312,-50.880,-158.199,0,54.48,-559.05,1,166.94,20.35,2500,1,0,0
2316,38.6386,free_swing,502,469,491,272,-49.604,-176.804,0,84.35,-319.65,1,197.31,42.25,2500,1,0,0
2317,38.65528,free_swing,507,472,497,296,-48.094,-176.748,0,108.92,-417.62,1,176.28,27.09,2500,0,0,0
2318,38.67197,free_swing,514,476,527,289,-45.978,176.023,0,131.78,-251.63,1,187.45,35.14,2500,0,0,0
2319,38.68865,free_swing,522,480,550,294,-43.612,171.439,0,172.21,-380.01,1,188.10,35.61,2500,0,0,0
2320,38.70533,free_swing,533,484,590,281,-40.539,164.316,0,198.76,-275.05,1,210.85,52.01,2500,0,0,0
2321,38.72202,free_swing,547,488,618,279,-36.634,161.237,0,220.00,-237.10,1,220.73,59.13,2500,0,0,0
2322,38.7387,free_swing,560,489,638,297,-33.267,157.891,0,238.03,-166.74,1,207.24,49.41,2500,0,0,0
2323,38.75538,free_swing,575,491,665,309,-28.963,153.687,0,264.47,-260.27,1,203.04,46.38,2500,0,0,0
2324,38.77207,free_swing,591,492,697,306,-24.228,150.322,0,290.21,-407.51,1,214.08,54.34,2500,0,0,0
2325,38.78875,free_swing,608,490,728,343,-19.193,140.774,0,307.68,-500.59,1,189.76,36.81,2500,0,0,0
2326,38.80543,free_swing,624,487,755,370,-14.123,131.769,0,325.64,-410.08,1,175.64,26.63,2500,0,0,0
2327,38.82212,free_swing,642,481,785,379,-8.022,125.500,0,372.50,-522.05,1,175.65,26.63,2500,0,0,0
2328,38.8388,free_swing,659,472,801,394,-1.637,118.780,0,451.26,-882.48,1,162.01,16.80,2500,1,0,0
2329,38.85548,free_swing,679,461,819,447,7.070,95.711,0,599.57,-851.56,0,140.70,1.43,2500,0,0,0
2330,38.87217,free_swing,698,443,802,464,17.501,78.584,0,708.81,-1284.09,1,106.10,23.51,2500,1,0,0
2331,38.88885,free_swing,717,423,761,440,30.685,68.875,0,657.09,-1723.74,1,47.17,65.99,2500,1,0,0
2332,38.90553,free_swing,726,408,747,481,39.657,16.049,0,451.47,-2418.34,1,75.96,45.24,2500,1,0,0
2333,38.92222,free_swing,729,399,712,474,44.569,-12.771,0,160.15,-1942.23,1,76.90,44.56,2500,1,0,0
2334,38.9389,free_swing,730,398,688,437,45.431,-47.121,0,-59.34,-699.32,1,57.31,58.68,2500,1,0,0
2335,38.95558,free_swing,728,403,672,469,42.474,-40.314,0,-228.05,-440.54,1,86.56,37.60,2500,1,0,0
2336,38.97227,free_swing,724,410,640,482,38.027,-49.399,0,-341.10,-594.80,1,110.63,20.24,2500,0,0,0
2337,38.98895,free_swing,717,420,621,456,31.535,-69.444,0,-425.20,-764.40,1,102.53,26.08,2500,0,0,0
2338,39.00563,free_swing,708,433,601,455,24.015,-78.381,0,-473.02,-186.42,1,109.24,21.25,2500,1,0,0
2339,39.02232,free_swing,695,446,578,486,15.680,-71.125,0,-484.52,109.92,1,123.65,10.86,2500,1,0,0
2340,39.039,free_swing,681,458,545,504,8.130,-71.313,0,-474.98,76.02,0,143.57,3.50,2500,0,0,0
2341,39.05568,free_swing,663,470,524,505,0.000,-75.867,0,-454.89,-99.59,0,143.34,3.34,2500,0,0,0
2342,39.07237,free_swing,644,480,499,529,-7.316,-71.328,0,-441.72,-25.82,1,153.06,10.34,2500,0,0,0
2343,39.08905,free_swing,623,487,485,524,-14.470,-74.991,0,-423.59,129.52,0,142.87,3.00,2500,0,0,0
2344,39.10573,free_swing,600,491,471,535,-21.615,-71.166,0,-423.44,267.25,0,136.30,1.74,2500,0,0,0
2345,39.12242,free_swing,575,493,461,550,-28.660,-63.435,0,-433.86,219.73,0,127.46,8.11,2500,0,0,0
2346,39.1391,free_swing,550,488,458,546,-35.918,-57.771,0,-449.30,567.83,1,108.76,21.59,2500,1,0,0
2347,39.15578,free_swing,522,480,476,512,-43.612,-55.176,0,-449.14,941.21,1,56.04,59.60,2500,1,0,0
2348,39.17247,free_swing,497,467,462,577,-50.880,-17.650,0,-408.01,1905.08,1,115.43,16.78,2500,1,0,0
2349,39.18915,free_swing,477,452,479,542,-57.171,1.273,0,-335.13,2207.55,1,90.02,35.10,2500,1,0,0
2350,39.20583,free_swing,463,438,519,482,-62.076,51.843,0,-273.54,1120.02,1,71.22,48.66,2500,1,0,0
2351,39.22252,free_swing,453,425,525,475,-66.114,55.222,0,-225.28,200.64,1,87.66,36.80,2500,1,0,0
2352,39.2392,free_swing,444,412,515,497,-69.933,39.872,0,-209.89,-291.41,1,110.75,20.15,2500,1,0,0
2353,39.25588,free_swing,438,401,522,476,-72.951,48.240,0,-203.39,34.36,1,112.61,18.82,2500,1,0,0
2354,39.27257,free_swing,432,387,528,453,-76.608,55.491,0,-183.21,533.71,1,116.50,16.01,2500,1,0,0
2355,39.28925,free_swing,429,376,522,455,-79.351,49.653,0,-144.22,116.49,1,122.02,12.03,2500,1,0,0
2356,39.30593,free_swing,426,369,549,415,-81.127,69.495,0,-80.64,-328.57,1,131.32,5.33,2500,1,0,0
2357,39.32262,free_swing,426,365,521,453,-82.073,47.191,0,-29.30,397.42,1,129.50,6.64,2500,1,0,0
2358,39.3393,free_swing,426,365,531,449,-82.073,51.340,0,23.26,488.69,0,134.47,3.06,2500,0,0,0
2359,39.35598,free_swing,426,368,578,363,-81.363,91.884,0,72.74,110.34,1,152.08,9.64,2500,1,0,0
2360,39.37267,free_swing,428,375,542,440,-79.631,60.309,0,121.91,-410.37,1,131.23,5.39,2500,1,0,0
2361,39.38935,free_swing,431,384,534,483,-77.367,46.134,0,161.81,-471.38,0,142.86,3.00,2500,0,0,0
2362,39.40603,free_swing,436,396,560,444,-74.255,68.839,0,188.13,330.51,1,132.97,4.14,2500,1,0,0
2363,39.42272,free_swing,442,408,552,476,-71.022,58.276,0,210.01,227.92,0,129.32,6.77,2500,0,0,0
2364,39.4394,free_swing,450,421,557,479,-67.323,61.540,0,237.08,-98.23,1,121.71,12.26,2500,1,0,0
2365,39.45608,free_swing,460,435,569,487,-63.097,64.496,0,277.21,-339.88,1,120.77,12.93,2500,1,0,0
2366,39.47277,free_swing,474,450,563,516,-58.022,53.440,0,316.73,-544.59,1,110.80,20.12,2500,1,0,0
2367,39.48945,free_swing,492,464,555,556,-52.334,34.403,0,376.25,-532.13,1,111.50,19.61,2500,0,0,0
2368,39.50613,free_swing,515,476,569,541,-45.785,39.719,0,445.31,-617.95,1,84.50,39.08,2500,0,0,0
2369,39.52282,free_swing,543,488,562,552,-37.569,16.535,0,493.78,-2213.47,1,66.76,51.87,2500,1,0,0
2370,39.5395,free_swing,573,493,543,580,-29.205,-19.026,0,484.73,-2249.43,1,92.03,33.65,2500,0,0,0
2371,39.55618,free_swing,600,492,576,494,-21.492,-85.236,0,444.54,-879.98,1,24.08,82.64,2500,1,0,0
2372,39.57287,free_swing,622,488,544,572,-14.725,-42.879,0,394.83,15.88,1,114.63,17.36,2500,1,0,0
2373,39.58955,free_swing,642,482,560,538,-7.970,-55.670,0,372.78,-135.13,1,99.30,28.41,2500,0,0,0
2374,39.60623,free_swing,657,475,579,496,-2.403,-74.932,0,371.66,-605.47,1,80.78,41.76,2500,1,0,0
2375,39.62292,free_swing,673,466,582,484,4.268,-78.811,0,373.19,-10.90,1,92.76,33.12,2500,1,0,0
2376,39.6396,free_swing,686,456,583,520,10.508,-58.145,0,380.79,247.96,1,121.26,12.58,2500,1,0,0
2377,39.65628,free_swing,697,446,610,466,16.607,-77.053,0,369.13,348.52,1,89.27,35.64,2500,0,0,0
2378,39.67297,free_swing,706,434,617,482,22.859,-61.661,0,371.97,-309.23,1,101.12,27.10,2500,1,0,0
2379,39.68965,free_swing,714,425,626,480,28.740,-57.995,0,338.03,-145.82,1,103.77,25.19,2500,0,0,0
2380,39.70633,free_swing,720,416,654,419,34.160,-87.397,0,262.31,326.17,1,66.07,52.37,2500,1,0,0
2381,39.72302,free_swing,723,411,651,455,37.216,-58.570,0,129.99,23.47,1,84.38,39.17,2500,1,0,0
2382,39.7397,free_swing,725,410,665,477,38.480,-41.845,0,-28.19,636.70,1,89.94,35.16,2500,1,0,0
2383,39.75638,free_swing,722,412,686,418,36.409,-80.538,0,-155.58,424.28,1,36.50,73.69,2500,1,0,0
2384,39.77307,free_swing,719,419,698,499,32.768,-14.708,0,-284.56,1509.88,1,82.71,40.37,2500,1,0,0
2385,39.78975,free_swing,713,427,704,458,27.759,-16.189,0,-374.52,2246.57,1,32.28,76.73,2500,1,0,0
2386,39.80643,free_swing,702,439,724,474,20.026,32.152,0,-458.72,957.72,1,41.34,70.20,2500,1,0,0
2387,39.82312,free_swing,690,453,741,499,12.579,47.951,0,-504.13,1238.00,1,68.68,50.49,2500,1,0,0
2388,39.8398,free_swing,672,465,763,560,3.871,43.768,0,-481.45,799.75,1,131.55,5.16,2500,1,0,0
2389,39.85648,free_swing,653,476,752,487,-3.972,83.660,0,-434.55,787.01,1,99.61,28.19,2500,0,0,0
2390,39.87317,free_swing,636,483,767,498,-10.138,83.468,0,-347.54,416.76,1,131.86,4.94,2500,1,0,0
2391,39.88985,free_swing,619,488,765,510,-15.751,81.431,0,-301.32,16.29,1,147.65,6.45,2500,1,0,0
2392,39.90653,free_swing,605,490,749,494,-20.158,88.409,0,-285.65,358.45,1,144.06,3.86,2500,1,0,0
2393,39.92322,free_swing,588,491,737,469,-25.253,98.399,0,-275.74,462.39,0,150.62,8.58,2500,0,0,0
2394,39.9399,free_swing,572,491,718,469,-29.784,98.569,0,-281.96,174.45,1,147.65,6.45,2500,1,0,0
2395,39.95658,free_swing,556,489,714,444,-34.276,105.897,0,-278.23,-241.27,1,164.28,18.44,2500,1,0,0
2396,39.97327,free_swing,538,485,698,467,-39.249,96.419,0,-285.47,17.01,1,161.01,16.08,2500,1,0,0
2397,39.98995,free_swing,522,479,674,473,-43.807,92.261,0,-280.10,111.96,0,152.12,9.67,2500,0,0,0
2398,40.00663,free_swing,505,472,674,410,-48.457,110.146,0,-267.01,-112.55,1,180.01,29.78,2500,1,0,0
2399,40.02332,free_swing,491,463,645,451,-52.706,94.456,0,-246.07,-467.44,1,154.47,11.36,2500,1,0,0
2400,40.04,free_swing,479,453,612,480,-56.671,78.524,0,-217.50,-753.05,1,135.71,2.16,2500,1,0,0
2401,40.05668,free_swing,469,445,599,471,-59.780,78.690,0,-177.12,-673.97,0,132.57,4.42,2500,0,0,0
2402,40.07337,free_swing,461,437,573,499,-62.534,61.032,0,-119.20,-601.21,0,128.02,7.71,2500,0,0,0
2403,40.09005,free_swing,458,433,536,511,-63.771,45.000,0,-41.75,-785.85,1,110.31,20.47,2500,0,0,0
2404,40.10673,free_swing,458,433,516,497,-63.771,42.184,0,54.00,-1200.30,1,86.37,37.73,2500,1,0,0
2405,40.12342,free_swing,463,438,476,513,-62.076,9.834,0,148.06,-1895.49,1,76.12,45.12,2500,1,0,0
2406,40.1401,free_swing,472,447,431,516,-58.948,-30.719,0,229.10,-2495.03,1,80.26,42.14,2500,1,0,0
2407,40.15678,free_swing,485,458,417,491,-54.707,-64.113,0,249.35,-1911.00,1,75.58,45.51,2500,1,0,0
2408,40.17347,free_swing,498,468,418,452,-50.503,-101.310,0,213.88,-1752.17,1,81.58,41.18,2500,0,0,0
2409,40.19015,free_swing,508,473,405,435,-47.708,-110.251,0,161.89,-975.67,1,109.79,20.85,2500,1,0,0
2410,40.20683,free_swing,516,477,439,369,-45.392,-144.513,0,128.91,-359.64,1,132.64,4.38,2500,1,0,0
2411,40.22352,free_swing,524,480,399,397,-43.204,-123.584,0,115.53,-231.77,0,150.05,8.17,2500,0,0,0
2412,40.2402,free_swing,530,483,426,362,-41.373,-139.321,0,106.36,-204.30,1,159.55,15.03,2500,0,0,0
2413,40.25688,free_swing,537,484,443,343,-39.657,-146.310,0,114.87,-620.70,1,169.46,22.17,2500,1,0,0
2414,40.27357,free_swing,545,486,462,322,-37.461,-153.156,0,153.33,-323.03,1,183.81,32.51,2500,1,0,0
2415,40.29025,free_swing,555,489,484,318,-34.524,-157.452,0,205.99,-433.26,1,185.15,33.48,2500,0,0,0
2416,40.30693,free_swing,569,491,520,301,-30.591,-165.539,0,249.85,-298.19,1,196.22,41.46,2500,0,0,0
2417,40.32362,free_swing,585,491,553,287,-26.131,-171.085,0,273.46,29.24,1,206.49,48.87,2500,1,0,0
2418,40.3403,free_swing,601,490,551,308,-21.425,-164.638,0,297.29,185.70,1,188.74,36.07,2500,0,0,0
2419,40.35698,free_swing,617,488,552,307,-16.429,-160.246,0,325.08,87.11,1,192.32,38.65,2500,0,0,0
2420,40.37367,free_swing,635,484,585,299,-10.437,-164.876,0,363.78,60.24,1,191.64,38.16,2500,0,0,0
2421,40.39035,free_swing,652,476,595,297,-4.368,-162.337,0,385.77,13.42,1,187.86,35.43,2500,0,0,0
2422,40.40703,free_swing,669,467,597,304,2.545,-156.168,0,410.58,187.40,1,178.19,28.47,2500,0,0,0
2423,40.42372,free_swing,683,456,624,271,9.162,-162.312,0,436.36,175.50,1,194.18,39.99,2500,0,0,0
2424,40.4404,free_swing,697,443,610,289,17.030,-150.536,0,461.00,133.43,1,176.88,27.52,2500,0,0,0
2425,40.45708,free_swing,708,431,623,269,24.444,-152.314,0,462.45,147.84,1,182.95,31.89,2500,0,0,0
2426,40.47377,free_swing,717,418,630,247,32.125,-153.034,0,401.09,-147.23,1,191.86,38.32,2500,1,0,0
2427,40.49045,free_swing,723,409,635,244,37.926,-151.928,0,295.33,-197.66,1,187.00,34.82,2500,0,0,0
2428,40.50713,free_swing,726,403,656,217,41.583,-159.376,0,148.10,-77.89,1,198.74,43.28,2500,0,0,0
2429,40.52382,free_swing,727,401,656,205,42.847,-160.087,0,-4.08,41.36,1,208.46,50.29,2500,0,0,0
2430,40.5405,free_swing,726,403,641,235,41.583,-153.163,0,-149.31,-35.59,1,188.28,35.74,2500,0,0,0
2431,40.55718,free_swing,723,409,657,234,37.926,-159.336,0,-263.03,-236.30,1,187.03,34.84,2500,1,0,0
2432,40.57387,free_swing,718,417,675,229,32.905,-167.117,0,-329.08,-290.68,1,192.85,39.04,2500,0,0,0
2433,40.59055,free_swing,711,426,669,248,27.051,-166.724,0,-368.57,-190.57,1,182.89,31.85,2500,0,0,0
2434,40.60723,free_swing,703,437,676,262,20.854,-171.229,0,-395.77,-298.85,1,177.07,27.66,2500,0,0,0
2435,40.62392,free_swing,692,449,689,269,13.921,-179.045,0,-409.27,-508.49,1,180.02,29.79,2500,1,0,0
2436,40.6406,free_swing,679,460,704,273,7.125,172.385,0,-412.50,-528.95,1,188.66,36.01,2500,0,0,0
2437,40.65728,free_swing,664,470,722,282,0.415,162.854,0,-402.33,-602.95,1,196.74,41.84,2500,0,0,0
2438,40.67397,free_swing,647,479,736,295,-6.212,154.187,0,-369.96,-522.90,1,204.39,47.36,2500,0,0,0
2439,40.69065,free_swing,630,485,751,334,-12.171,141.294,0,-334.94,-685.03,1,193.50,39.50,2500,0,0,0
2440,40.70733,free_swing,615,490,751,353,-16.899,135.210,0,-285.73,-963.03,1,193.04,39.17,2500,1,0,0
2441,40.72402,free_swing,600,490,750,433,-21.739,110.807,0,-224.22,-928.51,1,160.46,15.69,2500,0,0,0
2442,40.7407,free_swing,590,492,735,480,-24.525,94.731,0,-136.73,-1000.34,0,145.50,4.89,2500,0,0,0
2443,40.75738,free_swing,585,492,697,501,-25.989,85.406,0,-14.59,-1181.62,1,112.36,18.99,2500,0,0,0
2444,40.77407,free_swing,586,493,665,549,-25.560,54.669,0,81.00,-1906.85,1,96.83,30.19,2500,1,0,0
2445,40.79075,free_swing,593,492,611,541,-23.629,20.171,0,78.71,-2327.83,1,52.20,62.37,2500,1,0,0
2446,40.80743,free_swing,596,493,576,546,-22.595,-20.674,0,-36.83,-1932.98,1,56.65,59.16,2500,1,0,0
2447,40.82412,free_swing,588,492,524,549,-25.115,-48.311,0,-180.26,-1602.89,1,85.70,38.21,2500,1,0,0
2448,40.8408,free_swing,574,492,478,534,-29.085,-66.371,0,-267.91,-1336.74,1,104.79,24.46,2500,1,0,0
2449,40.85748,free_swing,558,490,455,482,-33.606,-94.441,0,-292.02,-963.12,1,103.31,25.52,2500,1,0,0
2450,40.87417,free_swing,540,486,436,451,-38.614,-108.600,0,-300.30,-759.22,1,109.73,20.89,2500,1,0,0
2451,40.89085,free_swing,522,480,411,431,-43.612,-113.819,0,-296.54,-1521.63,1,121.33,12.53,2500,1,0,0
2452,40.90753,free_swing,505,473,440,371,-48.254,-147.492,0,-265.62,-2153.48,1,120.95,12.80,2500,1,0,0
2453,40.92422,free_swing,491,464,661,30,-52.496,158.609,0,-217.97,-1697.06,1,466.11,236.03,2500,1,0,0
2454,40.9409,free_swing,482,457,645,89,-55.371,156.110,0,-143.93,-526.20,1,402.48,190.17,2500,1,0,0
2455,40.95758,free_swing,476,452,660,40,-57.311,155.934,0,-58.35,207.68,1,451.22,225.30,2500,1,0,0
2456,40.97427,free_swing,475,452,702,23,-57.450,152.115,0,10.75,-285.69,1,485.36,249.91,2500,1,0,0
2457,40.99095,free_swing,478,453,656,58,-56.813,155.742,0,55.15,531.92,1,433.25,212.35,2500,1,0,0
2458,41.00763,free_swing,481,456,657,102,-55.733,153.565,0,77.16,1272.95,1,395.34,185.01,2500,1,0,0
2459,41.02432,free_swing,486,459,413,302,-54.340,-155.063,0,101.28,1319.89,1,173.14,24.82,2500,0,0,0
2460,41.041,free_swing,492,464,419,324,-52.334,-152.461,0,130.41,670.81,1,157.89,13.83,2500,1,0,0
2461,41.05768,free_swing,500,469,417,332,-49.953,-148.791,0,164.61,-76.17,1,160.18,15.48,2500,1,0,0
2462,41.07437,free_swing,511,474,430,340,-46.948,-148.848,0,192.80,274.94,1,156.58,12.88,2500,1,0,0
2463,41.09105,free_swing,523,480,420,355,-43.409,-140.511,0,220.50,185.00,1,161.97,16.77,2500,0,0,0
2464,41.10773,free_swing,536,485,429,366,-39.695,-138.039,0,240.66,71.38,1,160.03,15.37,2500,0,0,0
2465,41.12442,free_swing,552,488,453,362,-35.433,-141.843,0,250.90,-24.81,1,160.24,15.52,2500,0,0,0
2466,41.1411,free_swing,567,491,464,376,-31.122,-138.151,0,270.91,210.05,1,154.38,11.30,2500,1,0,0
2467,41.15778,free_swing,583,491,475,389,-26.709,-133.363,0,285.42,508.12,1,148.55,7.10,2500,1,0,0
2468,41.17447,free_swing,601,490,487,417,-21.425,-122.634,0,312.79,537.33,0,135.37,2.41,2500,0,0,0
2469,41.19115,free_swing,617,487,502,442,-16.530,-111.371,0,306.72,971.43,1,123.49,10.97,2500,1,0,0
2470,41.20783,free_swing,633,485,524,463,-11.094,-101.411,0,279.68,513.14,1,111.20,19.83,2500,1,0,0
2471,41.22452,free_swing,644,479,553,504,-7.365,-74.638,0,235.51,668.23,1,94.37,31.96,2500,0,0,0
2472,41.2412,free_swing,654,476,599,477,-3.576,-88.958,0,169.08,1710.12,1,55.01,60.34,2500,1,0,0
2473,41.25788,free_swing,659,473,629,521,-1.625,-32.005,0,67.09,2707.27,1,56.60,59.19,2500,1,0,1
2474,41.27457,free_swing,660,474,678,514,-1.210,24.228,0,-71.29,2971.85,1,43.86,68.38,2500,1,0,1
2475,41.29125,free_swing,654,475,720,518,-3.601,56.915,0,-142.41,1994.20,1,78.77,43.21,2500,1,0,0
2476,41.30793,free_swing,647,479,759,498,-6.212,80.372,0,-106.65,1139.73,1,113.60,18.10,2500,1,0,0
2477,41.32462,free_swing,645,479,780,436,-6.981,107.668,0,-2.75,818.46,1,141.68,2.14,2500,1,0,0
2478,41.3413,free_swing,648,478,799,442,-5.866,103.410,0,84.49,651.87,1,155.23,11.91,2500,0,0,0
2479,41.35798,free_swing,652,477,791,379,-4.338,125.185,0,118.55,750.37,1,170.07,22.61,2500,0,0,0
2480,41.37467,free_swing,658,474,788,337,-2.017,136.502,0,143.97,825.41,1,188.86,36.16,2500,0,0,0
2481,41.39135,free_swing,663,470,762,302,0.000,149.490,0,133.44,421.82,1,195.00,40.58,2500,1,0,0
2482,41.40803,free_swing,669,467,756,306,2.545,151.614,0,71.68,441.24,1,183.00,31.93,2500,0,0,0
2483,41.42472,free_swing,669,466,735,276,2.564,160.844,0,-11.79,466.94,1,201.14,45.01,2500,0,0,0
2484,41.4414,free_swing,667,468,695,286,1.685,171.254,0,-79.45,495.84,1,184.14,32.75,2500,0,0,0
2485,41.45808,free_swing,663,471,675,266,0.000,176.650,0,-118.84,384.26,1,205.35,48.05,2500,0,0,0
2486,41.47477,free_swing,658,473,652,280,-2.031,-178.219,0,-166.08,267.82,1,193.09,39.21,2500,0,0,0
2487,41.49145,free_swing,649,477,621,285,-5.515,-171.703,0,-209.75,269.93,1,194.03,39.88,2500,0,0,0
2488,41.50813,free_swing,639,481,606,285,-9.150,-170.443,0,-235.10,296.20,1,198.76,43.29,2500,0,0,0
2489,41.52482,free_swing,627,485,577,312,-13.241,-163.880,0,-248.08,122.87,1,180.08,29.83,2500,0,0,0
2490,41.5415,free_swing,614,489,556,325,-17.333,-160.523,0,-265.13,44.09,1,173.95,25.41,2500,0,0,0
2491,41.55818,free_swing,599,490,547,290,-22.051,-165.426,0,-274.47,260.47,1,206.65,48.98,2500,1,0,0
2492,41.57487,free_swing,583,492,511,327,-26.565,-156.425,0,-273.05,528.78,1,180.02,29.79,2500,1,0,0
2493,41.59155,free_swing,567,491,470,369,-31.122,-141.512,0,-269.74,396.86,1,155.86,12.37,2500,0,0,0
2494,41.60823,free_swing,551,489,450,363,-35.503,-141.285,0,-273.84,534.48,1,161.48,16.42,2500,0,0,0
2495,41.62492,free_swing,534,484,440,358,-40.321,-143.276,0,-279.41,-288.65,1,157.20,13.33,2500,1,0,0
2496,41.6416,free_swing,517,478,407,389,-45.000,-128.976,0,-299.71,-1534.86,1,141.50,2.01,2500,1,0,0
2497,41.65828,free_swing,499,469,535,231,-50.126,171.399,0,-339.95,-2425.95,1,240.71,73.53,2500,1,0,0
2498,41.67497,free_swing,480,455,724,68,-56.094,147.769,0,-365.59,997.95,1,457.50,229.83,2500,1,0,0
2499,41.69165,free_swing,462,437,464,407,-62.418,176.186,0,-333.77,4905.48,1,30.07,78.32,2500,1,0,1
2500,41.70833,free_swing,450,422,422,496,-67.094,-20.726,0,-239.59,5390.72,1,79.12,42.96,2500,1,0,1
2501,41.72502,free_swing,444,411,455,486,-70.164,8.344,0,-124.17,3101.26,1,75.80,45.35,2500,1,0,1
2502,41.7417,free_swing,442,407,492,470,-71.255,38.437,0,-23.11,734.93,1,80.43,42.01,2500,1,0,0
2503,41.75838,free_swing,443,408,517,467,-70.942,51.435,0,61.36,828.26,1,94.64,31.77,2500,0,0,0
2504,41.77507,free_swing,446,414,536,451,-69.299,67.652,0,128.33,29.79,1,97.31,29.85,2500,1,0,0
2505,41.79175,free_swing,451,423,549,483,-66.769,58.523,0,178.70,-277.16,1,114.91,17.16,2500,1,0,0
2506,41.80843,free_swing,460,434,562,517,-63.322,50.864,0,220.34,-79.35,0,131.50,5.19,2500,0,0,0
2507,41.82512,free_swing,471,445,585,513,-59.521,59.184,0,255.59,516.60,1,132.74,4.30,2500,1,0,0
2508,41.8418,free_swing,484,458,607,501,-54.858,70.731,0,284.19,551.84,0,130.30,6.06,2500,0,0,0
2509,41.85848,free_swing,500,469,624,496,-49.953,77.716,0,310.25,593.73,0,126.91,8.51,2500,0,0,0
2510,41.87517,free_swing,519,478,641,500,-44.605,79.778,0,326.69,-274.76,1,123.97,10.63,2500,1,0,0
2511,41.89185,free_swing,539,486,657,486,-38.841,90.000,0,367.74,92.10,1,118.00,14.93,2500,1,0,0
2512,41.90853,free_swing,562,490,661,559,-32.588,55.125,0,413.91,-170.98,1,120.67,13.00,2500,1,0,0
2513,41.92522,free_swing,589,492,685,481,-24.821,96.537,0,472.95,-916.81,1,96.63,30.34,2500,1,0,0
2514,41.9419,free_swing,615,490,678,552,-16.899,45.458,0,527.76,-937.71,1,88.39,36.28,2500,0,0,0
2515,41.95858,free_swing,643,480,672,548,-7.696,23.097,0,518.58,-1564.56,1,73.93,46.70,2500,1,0,0
2516,41.97527,free_swing,666,470,679,497,1.245,25.710,0,505.69,-1064.79,1,29.97,78.40,2500,1,0,0
2517,41.99195,free_swing,682,459,679,471,8.509,-14.036,0,499.70,-1480.11,1,12.37,91.08,2500,1,0,0
2518,42.00863,free_swing,699,445,665,494,17.671,-34.756,0,517.97,-995.88,1,59.64,57.00,2500,1,0,0
2519,42.02532,free_swing,712,430,673,473,26.565,-42.207,0,548.10,99.30,1,58.05,58.15,2500,1,0,0
2520,42.042,free_swing,721,414,673,497,35.272,-30.041,0,534.06,281.46,1,95.88,30.88,2500,0,0,0
2521,42.05868,free_swing,729,399,675,490,44.569,-30.685,0,532.14,184.40,1,105.82,23.71,2500,0,0,0
2522,42.07537,free_swing,734,386,680,474,52.745,-31.535,0,489.38,-39.66,1,103.25,25.57,2500,1,0,0
2523,42.09205,free_swing,738,374,682,481,60.751,-27.626,0,408.47,96.97,1,120.77,12.93,2500,0,0,0
2524,42.10873,free_swing,740,366,693,449,66.176,-29.521,0,273.15,63.16,1,95.38,31.23,2500,0,0,0
2525,42.12542,free_swing,742,361,701,449,69.842,-24.981,0,106.79,133.54,1,97.08,30.01,2500,0,0,0
2526,42.1421,free_swing,741,361,708,429,69.605,-25.887,0,-71.22,173.25,1,75.58,45.51,2500,0,0,0
2527,42.15878,free_swing,741,364,701,483,67.694,-18.579,0,-205.69,146.90,0,125.54,9.49,2500,0,0,0
2528,42.17547,free_swing,738,371,713,440,62.526,-19.916,0,-310.87,173.89,1,73.39,47.09,2500,0,0,0
2529,42.19215,free_swing,737,379,712,475,57.579,-14.597,0,-405.05,244.31,1,99.20,28.48,2500,0,0,0
2530,42.20883,free_swing,732,391,721,452,49.467,-10.222,0,-471.73,454.72,1,61.98,55.31,2500,1,0,0
2531,42.22552,free_swing,727,405,727,467,41.241,0.000,0,-539.42,520.04,1,62.00,55.30,2500,0,0,0
2532,42.2422,free_swing,718,420,732,503,32.005,9.574,0,-586.53,815.96,1,84.17,39.32,2500,1,0,0
2533,42.25888,free_swing,705,437,737,513,21.801,22.834,0,-648.30,1131.01,1,82.46,40.55,2500,1,0,0
2534,42.27557,free_swing,686,455,748,513,10.592,46.909,0,-649.84,1064.66,1,84.90,38.79,2500,0,0,0
2535,42.29225,free_swing,663,471,752,515,0.000,63.693,0,-585.58,781.51,1,99.28,28.42,2500,1,0,0
2536,42.30893,free_swing,640,482,746,529,-8.717,66.088,0,-486.16,326.55,1,115.95,16.41,2500,1,0,0
2537,42.32562,free_swing,618,488,738,517,-16.091,76.414,0,-409.44,148.23,1,123.45,11.00,2500,0,0,0
2538,42.3423,free_swing,597,492,726,529,-22.416,73.996,0,-359.43,106.29,0,134.20,3.25,2500,0,0,0
2539,42.35898,free_swing,577,492,710,524,-28.258,76.472,0,-326.50,123.89,0,136.80,1.38,2500,0,0,0
2540,42.37567,free_swing,559,490,690,517,-33.354,78.354,0,-306.48,-40.61,0,133.75,3.57,2500,0,0,0
2541,42.39235,free_swing,540,487,671,508,-38.434,80.893,0,-294.29,-133.61,0,132.67,4.35,2500,0,0,0
2542,42.40903,free_swing,523,481,644,531,-43.216,67.548,0,-277.88,-16.61,0,130.92,5.61,2500,0,0,0
2543,42.42572,free_swing,508,473,626,502,-47.708,76.192,0,-246.97,-318.65,1,121.51,12.40,2500,1,0,0
2544,42.4424,free_swing,495,466,606,506,-51.423,70.183,0,-212.62,-786.88,1,117.99,14.94,2500,1,0,0
2545,42.45908,free_swing,484,459,567,550,-54.644,42.368,0,-173.06,-1021.72,1,123.17,11.20,2500,1,0,0
2546,42.47577,free_swing,477,452,531,550,-57.171,28.856,0,-120.91,-880.32,1,111.89,19.33,2500,0,0,0
2547,42.49245,free_swing,473,448,509,528,-58.595,24.228,0,-33.29,-935.61,1,87.73,36.75,2500,0,0,0
2548,42.50913,free_swing,474,448,467,538,-58.460,-4.447,0,64.76,-1567.35,1,90.27,34.92,2500,1,0,0
2549,42.52582,free_swing,479,454,438,523,-56.454,-30.719,0,132.21,-1393.69,1,80.26,42.14,2500,0,0,0
2550,42.5425,free_swing,487,460,408,503,-53.973,-61.440,0,154.93,-2404.32,1,89.94,35.16,2500,1,0,0
2551,42.55918,free_swing,495,465,396,486,-51.633,-78.024,0,137.32,-2428.61,1,101.20,27.04,2500,0,0,0
2552,42.57587,free_swing,502,470,473,349,-49.399,-166.522,0,111.91,-1326.78,1,124.43,10.30,2500,1,0,0
2553,42.59255,free_swing,507,473,410,377,-47.891,-134.703,0,86.55,-238.02,1,136.47,1.61,2500,1,0,0
2554,42.60923,free_swing,512,475,410,376,-46.559,-134.145,0,75.09,575.80,1,142.14,2.48,2500,1,0,0
2555,42.62592,free_swing,516,477,430,339,-45.392,-148.069,0,66.73,-454.89,1,162.60,17.23,2500,1,0,0
2556,42.6426,free_swing,520,480,418,340,-44.016,-143.924,0,74.70,-400.24,1,173.22,24.88,2500,0,0,0
2557,42.65928,free_swing,525,480,449,321,-42.997,-154.453,0,107.94,-462.97,1,176.23,27.05,2500,0,0,0
2558,42.67597,free_swing,533,484,484,294,-40.539,-165.539,0,156.02,-518.47,1,196.22,41.46,2500,0,0,0
2559,42.69265,free_swing,544,487,510,280,-37.515,-170.672,0,197.52,-268.09,1,209.77,51.23,2500,1,0,0
2560,42.70933,free_swing,557,489,527,288,-34.026,-171.511,0,215.96,-91.82,1,203.23,46.51,2500,0,0,0
2561,42.72602,free_swing,570,491,554,274,-30.324,-175.783,0,243.29,-20.82,1,217.59,56.87,2500,0,0,0
2562,42.7427,free_swing,585,492,562,293,-25.989,-173.407,0,279.15,-44.92,1,200.32,44.42,2500,0,0,0
2563,42.75938,free_swing,602,491,582,289,-20.989,-174.346,0,314.11,-92.41,1,202.99,46.34,2500,0,0,0
2564,42.77607,free_swing,620,487,611,258,-15.505,-177.749,0,336.82,-6.33,1,229.18,65.22,2500,0,0,0
2565,42.79275,free_swing,637,482,627,270,-9.834,-177.299,0,341.45,152.78,1,212.24,53.01,2500,0,0,0
2566,42.80943,free_swing,653,475,621,295,-4.000,-169.919,0,347.39,105.51,1,182.82,31.80,2500,0,0,0
2567,42.82612,free_swing,667,467,641,288,1.697,-171.736,0,377.20,67.47,1,180.88,30.40,2500,0,0,0
2568,42.8428,free_swing,681,457,660,257,8.194,-174.006,0,398.40,-55.62,1,201.10,44.98,2500,0,0,0
2569,42.85948,free_swing,694,446,658,270,15.213,-168.440,0,381.84,37.52,1,179.64,29.51,2500,0,0,0
2570,42.87617,free_swing,703,437,684,242,20.854,-174.435,0,314.53,-51.66,1,195.92,41.25,2500,0,0,0
2571,42.89285,free_swing,709,429,683,250,25.372,-171.736,0,233.44,-218.90,1,180.88,30.40,2500,0,0,0
2572,42.90953,free_swing,713,424,707,231,28.523,-178.219,0,140.00,-241.72,1,193.09,39.21,2500,0,0,0
2573,42.92622,free_swing,715,421,726,235,30.296,176.615,0,40.93,-354.37,1,186.32,34.33,2500,0,0,0
2574,42.9429,free_swing,715,423,741,230,29.745,172.328,0,-53.89,-266.09,1,194.74,40.40,2500,0,0,0
2575,42.95958,free_swing,713,424,751,263,28.523,166.720,0,-121.11,-265.40,1,165.42,19.26,2500,0,0,0
2576,42.97627,free_swing,710,429,765,252,25.852,162.738,0,-170.11,-410.30,1,185.35,33.62,2500,0,0,0
2577,42.99295,free_swing,706,434,781,273,22.859,155.022,0,-220.81,-602.99,1,177.61,28.05,2500,0,0,0
2578,43.00963,free_swing,700,441,806,308,18.750,141.445,0,-250.54,-693.79,1,170.07,22.61,2500,0,0,0
2579,43.02632,free_swing,693,449,820,342,14.381,130.115,0,-267.00,-752.70,1,166.07,19.72,2500,0,0,0
2580,43.043,free_swing,685,455,824,375,10.141,119.922,0,-239.90,-722.48,1,160.38,15.62,2500,0,0,0
2581,43.05968,free_swing,677,461,826,426,6.194,103.219,0,-210.83,-845.77,1,153.06,10.34,2500,0,0,0
2582,43.07637,free_swing,671,466,811,461,3.417,92.045,0,-166.97,-1026.58,0,140.09,1.00,2500,0,0,0
2583,43.09305,free_swing,664,470,785,510,0.415,71.707,0,-128.71,-1077.50,0,127.44,8.12,2500,0,0,0
2584,43.10973,free_swing,660,472,746,540,-1.228,51.667,0,-130.72,-1144.53,1,109.64,20.96,2500,0,0,0
2585,43.12642,free_swing,654,476,705,548,-3.576,35.311,0,-167.38,-1259.82,1,88.23,36.39,2500,0,0,0
2586,43.1431,free_swing,644,481,662,562,-7.267,12.529,0,-251.45,-1133.92,1,82.98,40.18,2500,0,0,0
2587,43.15978,free_swing,631,484,599,594,-11.889,-16.220,0,-322.75,-2605.44,1,114.56,17.41,2500,1,0,1
2588,43.17647,free_swing,612,489,575,536,-17.996,-38.211,0,-380.54,-2077.29,1,59.82,56.88,2500,1,0,0
2589,43.19315,free_swing,590,492,557,472,-24.525,-121.218,0,-414.00,-741.49,1,38.59,72.18,2500,1,0,0
2590,43.20983,free_swing,565,491,482,537,-31.648,-61.004,0,-416.31,567.52,1,94.89,31.59,2500,1,0,0
2591,43.22652,free_swing,540,487,456,520,-38.434,-68.552,0,-407.17,1477.49,1,90.25,34.94,2500,1,0,0
2592,43.2432,free_swing,517,478,428,519,-45.000,-65.266,0,-384.48,-1245.42,1,97.99,29.36,2500,1,0,0
2593,43.25988,free_swing,496,466,401,504,-51.257,-68.199,0,-355.10,-2954.90,1,102.32,26.24,2500,1,0,1
2594,43.27657,free_swing,478,453,466,383,-56.813,-170.272,0,-311.47,-3692.82,1,71.02,48.80,2500,1,0,1
2595,43.29325,free_swing,464,440,677,137,-61.511,144.894,0,-251.51,-2329.70,1,370.38,167.02,2500,1,0,0
2596,43.30993,free_swing,455,428,675,162,-65.225,140.407,0,-184.46,21.41,1,345.19,148.86,2500,1,0,0
2597,43.32662,free_swing,450,420,684,144,-67.552,139.708,0,-102.87,313.52,1,361.85,160.87,2500,1,0,0
2598,43.3433,free_swing,447,416,638,126,-68.749,146.630,0,-17.08,89.85,1,347.25,150.34,2500,1,0,0
2599,43.35998,free_swing,447,418,608,206,-68.290,142.786,0,43.54,-180.16,1,266.20,91.92,2500,1,0,0
2600,43.37667,free_swing,450,422,673,158,-67.094,139.812,0,78.52,-216.26,1,345.58,149.14,2500,0,0,0
2601,43.39335,free_swing,453,426,753,136,-65.886,134.029,0,91.51,-77.58,1,417.25,200.81,2500,0,0,0
2602,43.41003,free_swing,457,432,659,195,-64.106,139.558,0,112.02,-217.36,1,311.40,124.50,2500,0,0,0
2603,43.42672,free_swing,463,438,722,166,-62.076,136.402,0,143.78,672.43,1,375.59,170.77,2500,1,0,0
2604,43.4434,free_swing,470,446,698,161,-59.431,141.340,0,167.07,1407.17,1,364.98,163.13,2500,1,0,0
2605,43.46008,free_swing,480,454,437,296,-56.310,-164.776,0,196.85,1736.67,1,163.75,18.05,2500,1,0,0
2606,43.47677,free_swing,490,462,429,314,-53.077,-157.600,0,213.64,828.98,1,160.08,15.41,2500,1,0,0
2607,43.49345,free_swing,503,471,418,333,-49.018,-148.369,0,235.81,-499.67,1,162.08,16.85,2500,1,0,0
2608,43.51013,free_swing,517,477,462,306,-45.197,-162.170,0,269.04,-146.53,1,179.63,29.50,2500,1,0,0
2609,43.52682,free_swing,534,484,490,298,-40.321,-166.691,0,293.62,443.08,1,191.13,37.80,2500,1,0,0
2610,43.5435,free_swing,553,489,448,359,-35.017,-141.072,0,321.22,648.62,1,167.11,20.47,2500,1,0,0
2611,43.56018,free_swing,572,491,458,378,-29.784,-134.748,0,341.70,218.92,1,160.51,15.72,2500,1,0,0
2612,43.57687,free_swing,593,491,499,356,-23.762,-145.151,0,371.51,-64.54,1,164.50,18.60,2500,1,0,0
2613,43.59355,free_swing,614,489,502,372,-17.333,-136.251,0,390.51,650.67,1,161.97,16.77,2500,1,0,0
2614,43.61023,free_swing,634,484,511,407,-10.802,-122.047,0,377.91,849.31,0,145.11,4.62,2500,0,0,0
2615,43.62692,free_swing,651,477,520,453,-4.731,-100.382,0,363.64,963.15,0,133.18,3.99,2500,0,0,0
2616,43.6436,free_swing,665,469,561,451,0.836,-99.819,0,332.31,937.15,1,105.55,23.91,2500,0,0,0
2617,43.66028,free_swing,677,462,581,508,6.147,-64.398,0,240.67,1276.27,1,106.45,23.25,2500,1,0,0
2618,43.67697,free_swing,683,459,631,500,8.949,-51.746,0,52.16,2312.71,1,66.22,52.26,2500,1,0,0
2619,43.69365,free_swing,681,460,674,523,8.005,-6.340,0,-175.82,2318.65,1,63.39,54.30,2500,1,0,0
2620,43.71033,free_swing,671,467,724,516,3.391,47.246,0,-295.33,2252.88,1,72.18,47.96,2500,0,0,0
2621,43.72702,free_swing,658,474,755,533,-2.017,58.690,0,-272.00,1733.07,1,113.53,18.15,2500,1,0,0
2622,43.7437,free_swing,650,478,783,471,-5.088,93.013,0,-144.90,1160.39,1,133.18,3.98,2500,1,0,0
2623,43.76038,free_swing,646,479,798,400,-6.597,117.463,0,-17.44,986.53,1,171.30,23.50,2500,0,0,0
2624,43.77707,free_swing,648,477,795,409,-5.906,114.825,0,52.00,478.27,1,161.97,16.77,2500,1,0,0
2625,43.79375,free_swing,651,478,781,358,-4.699,132.709,0,84.51,597.39,1,176.92,27.55,2500,0,0,0
2626,43.81043,free_swing,654,475,767,332,-3.601,141.684,0,71.06,863.89,1,182.26,31.40,2500,1,0,0
2627,43.82712,free_swing,657,474,735,301,-2.420,155.731,0,35.38,622.09,1,189.77,36.81,2500,1,0,0
2628,43.8438,free_swing,657,473,707,269,-2.437,166.228,0,-37.25,434.87,1,210.04,51.42,2500,0,0,0
2629,43.86048,free_swing,654,475,692,267,-3.601,169.647,0,-112.48,293.97,1,211.44,52.44,2500,0,0,0
2630,43.87717,free_swing,647,478,673,261,-6.254,173.168,0,-147.80,290.85,1,218.55,57.56,2500,0,0,0
2631,43.89385,free_swing,640,481,632,272,-8.775,-177.808,0,-174.21,336.61,1,209.15,50.79,2500,0,0,0
2632,43.91053,free_swing,632,484,616,276,-11.527,-175.601,0,-196.97,139.61,1,208.61,50.40,2500,0,0,0
2633,43.92722,free_swing,620,487,590,288,-15.505,-171.427,0,-228.37,318.71,1,201.25,45.09,2500,0,0,0
2634,43.9439,free_swing,608,489,573,272,-19.306,-170.838,0,-246.62,472.21,1,219.80,58.47,2500,0,0,0
2635,43.96058,free_swing,594,491,512,340,-23.459,-151.496,0,-252.48,278.07,1,171.83,23.88,2500,0,0,0
2636,43.97727,free_swing,579,491,498,317,-27.848,-155.037,0,-269.80,431.73,1,191.93,38.37,2500,0,0,0
2637,43.99395,free_swing,563,490,482,332,-32.330,-152.858,0,-267.87,558.65,1,177.55,28.00,2500,0,0,0
2638,44.01063,free_swing,546,487,429,387,-37.047,-130.521,0,-275.11,346.24,1,153.91,10.96,2500,1,0,0
2639,44.02732,free_swing,530,483,427,381,-41.373,-134.721,0,-299.16,-873.32,1,144.96,4.51,2500,1,0,0
2640,44.044,free_swing,510,475,471,356,-46.935,-161.854,0,-342.31,-560.64,1,125.23,9.72,2500,1,0,0
2641,44.06068,free_swing,490,463,516,324,-52.866,169.405,0,-382.47,-2834.54,1,141.41,1.95,2500,1,0,1
2642,44.07737,free_swing,471,446,476,396,-59.300,174.289,0,-362.41,-4186.98,1,50.25,63.77,2500,1,0,1
2643,44.09405,free_swing,455,429,454,480,-64.998,-1.123,0,-277.53,-3610.23,1,51.01,63.23,2500,1,0,1
2644,44.11073,free_swing,447,417,473,494,-68.519,18.658,0,-152.81,-961.69,1,81.27,41.41,2500,1,0,0
2645,44.12742,free_swing,445,412,495,502,-69.848,29.055,0,-41.64,1917.16,1,102.96,25.77,2500,1,0,0
2646,44.1441,free_swing,444,412,528,482,-69.933,50.194,0,31.87,656.37,1,109.34,21.17,2500,1,0,0
2647,44.16078,free_swing,446,416,548,488,-68.839,54.782,0,103.02,564.91,0,124.85,9.99,2500,0,0,0
2648,44.17747,free_swing,451,423,561,483,-66.769,61.390,0,170.26,275.42,1,125.30,9.67,2500,1,0,0
2649,44.19415,free_swing,460,435,591,479,-63.097,71.434,0,222.42,273.51,0,138.19,0.37,2500,0,0,0
2650,44.21083,free_swing,471,446,606,497,-59.300,69.305,0,253.66,399.88,0,144.31,4.04,2500,0,0,0
2651,44.22752,free_swing,484,458,627,487,-54.858,78.536,0,272.87,474.89,0,145.91,5.19,2500,0,0,0
2652,44.2442,free_swing,500,468,650,465,-50.160,91.146,0,292.85,118.43,1,150.03,8.16,2500,1,0,0
2653,44.26088,free_swing,517,478,668,484,-45.000,87.725,0,316.58,154.23,0,151.12,8.95,2500,0,0,0
2654,44.27757,free_swing,536,485,680,516,-39.695,77.851,0,347.28,-150.67,1,147.30,6.19,2500,1,0,0
2655,44.29425,free_swing,559,490,697,468,-33.354,99.058,0,384.10,-352.97,1,139.74,0.75,2500,1,0,0
2656,44.31093,free_swing,582,493,711,547,-26.707,67.286,0,430.96,-460.45,0,139.85,0.82,2500,0,0,0
2657,44.32762,free_swing,608,491,713,541,-19.081,64.537,0,495.63,-821.36,1,116.30,16.16,2500,1,0,0
2658,44.3443,free_swing,635,485,722,535,-10.371,60.113,0,562.50,-900.32,1,100.34,27.66,2500,0,0,0
2659,44.36098,free_swing,662,473,713,559,-0.406,30.669,0,575.62,-1309.47,1,99.98,27.92,2500,1,0,0
2660,44.37767,free_swing,683,458,693,533,9.019,7.595,0,529.15,-1193.27,1,75.66,45.45,2500,0,0,0
2661,44.39435,free_swing,698,445,698,445,17.210,0.000,0,484.98,-731.28,1,0.00,100.00,2500,1,0,0
2662,44.41103,free_swing,710,433,680,528,24.955,-17.526,0,495.60,-694.10,1,99.62,28.18,2500,0,0,0
2663,44.42772,free_swing,720,417,672,521,33.845,-24.775,0,553.10,-522.65,1,114.54,17.42,2500,0,0,0
2664,44.4444,free_swing,728,401,675,476,43.290,-35.248,0,578.96,-239.98,1,91.84,33.79,2500,1,0,0
2665,44.46108,free_swing,735,386,670,488,53.130,-32.508,0,535.68,-120.24,1,120.95,12.80,2500,0,0,0
2666,44.47777,free_swing,739,374,668,464,61.074,-38.270,0,442.57,-11.25,1,114.63,17.36,2500,0,0,0
2667,44.49445,free_swing,740,364,665,461,67.433,-37.711,0,325.27,-415.46,1,122.61,11.60,2500,1,0,0
2668,44.51113,free_swing,742,358,663,446,71.783,-41.915,0,178.99,-104.38,1,118.26,14.74,2500,1,0,0
2669,44.52782,free_swing,742,355,663,407,73.768,-56.646,0,25.25,-324.57,1,94.58,31.82,2500,1,0,0
2670,44.5445,free_swing,741,357,656,462,72.229,-38.991,0,-121.68,-169.43,0,135.09,2.61,2500,0,0,0
2671,44.56118,free_swing,741,361,648,405,69.605,-64.680,0,-274.85,-6.77,1,102.88,25.83,2500,0,0,0
2672,44.57787,free_swing,739,369,634,455,64.041,-50.681,0,-381.76,-144.42,0,135.72,2.15,2500,0,0,0
2673,44.59455,free_swing,736,381,629,461,56.129,-53.216,0,-458.54,-66.75,0,133.60,3.68,2500,0,0,0
2674,44.61123,free_swing,732,392,631,448,48.991,-60.994,0,-492.90,-308.13,1,115.49,16.74,2500,1,0,0
2675,44.62792,free_swing,726,406,619,454,40.409,-65.839,0,-518.55,4.92,1,117.27,15.45,2500,1,0,0
2676,44.6446,free_swing,717,421,614,488,31.247,-56.957,0,-539.59,199.54,1,122.87,11.42,2500,0,0,0
2677,44.66128,free_swing,706,436,606,498,22.463,-58.201,0,-529.83,-32.40,1,117.66,15.17,2500,1,0,0
2678,44.67797,free_swing,692,450,604,509,13.808,-56.160,0,-523.74,223.94,1,105.95,23.62,2500,1,0,0
2679,44.69465,free_swing,674,464,597,515,4.764,-56.482,0,-548.33,857.36,1,92.36,33.42,2500,1,0,0
2680,44.71133,free_swing,652,478,603,587,-4.309,-24.206,0,-585.25,1470.38,1,119.51,13.84,2500,1,0,0
2681,44.72802,free_swing,623,487,616,579,-14.470,-4.351,0,-587.34,1919.15,1,92.27,33.48,2500,1,0,0
2682,44.7447,free_swing,591,492,630,567,-24.228,27.474,0,-545.07,1283.54,1,84.53,39.06,2500,1,0,0
2683,44.76138,free_swing,562,492,635,547,-32.262,53.005,0,-448.49,945.42,1,91.40,34.11,2500,1,0,0
2684,44.77807,free_swing,538,485,618,560,-39.249,46.848,0,-362.89,287.75,1,109.66,20.94,2500,1,0,0
2685,44.79475,free_swing,519,479,624,526,-44.409,65.886,0,-308.20,290.72,1,115.04,17.06,2500,0,0,0
2686,44.81143,free_swing,502,470,610,532,-49.399,60.141,0,-272.74,335.69,1,124.53,10.22,2500,0,0,0
2687,44.82812,free_swing,488,460,611,495,-53.817,74.116,0,-250.04,368.09,0,127.88,7.80,2500,0,0,0
2688,44.8448,free_swing,476,450,591,489,-57.747,71.267,0,-229.13,132.46,1,121.43,12.45,2500,1,0,0
2689,44.86148,free_swing,464,441,588,452,-61.289,84.931,0,-210.64,-57.30,1,124.49,10.25,2500,0,0,0
2690,44.87817,free_swing,456,429,566,483,-64.892,63.853,0,-187.60,-124.67,1,122.54,11.66,2500,0,0,0
2691,44.89485,free_swing,448,421,578,443,-67.513,80.395,0,-149.56,117.30,1,131.85,4.95,2500,1,0,0
2692,44.91153,free_swing,444,413,558,453,-69.702,70.665,0,-94.02,269.73,1,120.81,12.90,2500,0,0,0
2693,44.92822,free_swing,442,409,559,421,-70.791,84.144,0,-35.82,-605.87,1,117.61,15.21,2500,1,0,0
2694,44.9449,free_swing,442,409,536,454,-70.791,64.418,0,25.30,-612.63,1,104.22,24.87,2500,0,0,0
2695,44.96158,free_swing,444,412,513,481,-69.933,45.000,0,74.41,-442.32,1,97.58,29.65,2500,0,0,0
2696,44.97827,free_swing,447,418,515,465,-68.290,55.349,0,126.02,-150.35,1,82.66,40.41,2500,1,0,0
2697,44.99495,free_swing,454,426,500,468,-65.784,47.603,0,186.28,-906.68,1,62.29,55.09,2500,1,0,0
2698,45.01163,free_swing,463,438,479,482,-62.076,19.983,0,254.34,-1805.30,1,46.82,66.25,2500,1,0,0
2699,45.02832,free_swing,477,451,465,494,-57.389,-15.593,0,311.34,-1908.68,1,44.64,67.82,2500,0,0,0
2700,45.045,free_swing,494,465,419,554,-51.798,-40.121,0,337.86,-1601.45,1,116.39,16.09,2500,1,0,0
2701,45.06168,free_swing,513,476,436,508,-46.169,-67.433,0,327.85,-1661.60,1,83.38,39.88,2500,0,0,0
2702,45.07837,free_swing,532,483,439,485,-40.943,-88.768,0,292.35,-955.65,1,93.02,32.94,2500,1,0,0
2703,45.09505,free_swing,548,488,466,451,-36.397,-114.286,0,264.66,-449.16,1,89.96,35.14,2500,1,0,0
2704,45.11173,free_swing,563,491,437,488,-32.167,-91.364,0,257.17,67.80,1,126.04,9.14,2500,1,0,0
2705,45.12842,free_swing,579,492,466,445,-27.699,-112.584,0,271.40,95.36,1,122.38,11.77,2500,0,0,0
2706,45.1451,free_swing,596,490,458,469,-22.979,-98.653,0,307.65,-111.16,1,139.59,0.63,2500,1,0,0
2707,45.16178,free_swing,613,489,484,452,-17.665,-106.004,0,335.48,96.43,1,134.20,3.25,2500,1,0,0
2708,45.17847,free_swing,632,484,498,458,-11.527,-100.981,0,353.48,-48.36,0,136.50,1.59,2500,0,0,0
2709,45.19515,free_swing,648,478,521,444,-5.866,-104.988,0,367.43,360.62,1,131.47,5.22,2500,1,0,0
2710,45.21183,free_swing,664,469,541,463,0.418,-92.793,0,388.30,465.94,1,123.15,11.22,2500,0,0,0
2711,45.22852,free_swing,679,460,552,476,7.125,-82.819,0,397.98,737.34,1,128.00,7.72,2500,1,0,0
2712,45.2452,free_swing,692,450,581,479,13.808,-75.358,0,389.62,812.53,1,114.73,17.29,2500,0,0,0
2713,45.26188,free_swing,701,439,598,502,19.552,-58.548,0,339.77,-58.79,1,120.74,12.95,2500,1,0,0
2714,45.27857,free_swing,709,430,632,485,25.145,-54.462,0,252.24,157.31,1,94.63,31.78,2500,1,0,0
2715,45.29525,free_swing,713,427,659,437,27.759,-79.509,0,100.22,905.26,1,54.92,60.41,2500,1,0,0
2716,45.31193,free_swing,714,427,694,495,28.229,-16.390,0,-109.50,2391.48,1,70.88,48.90,2500,1,0,0
2717,45.32862,free_swing,709,433,725,512,24.487,11.449,0,-318.14,3027.99,1,80.60,41.89,2500,1,0,1
2718,45.3453,free_swing,699,444,764,474,17.819,65.225,0,-454.73,1805.86,1,71.59,48.39,2500,1,0,0
2719,45.36198,free_swing,684,457,782,459,9.537,88.831,0,-446.46,1441.51,1,98.02,29.33,2500,1,0,0
2720,45.37867,free_swing,670,466,788,456,2.990,94.844,0,-349.44,563.73,1,118.42,14.62,2500,1,0,0
2721,45.39535,free_swing,659,472,795,399,-1.637,118.225,0,-240.62,391.33,1,154.35,11.28,2500,0,0,0
2722,45.41203,free_swing,650,477,795,420,-5.123,111.460,0,-193.61,426.58,1,155.80,12.32,2500,0,0,0
2723,45.42872,free_swing,642,480,781,393,-8.076,122.042,0,-171.47,434.06,1,163.98,18.22,2500,0,0,0
2724,45.4454,free_swing,633,483,773,341,-11.237,135.406,0,-171.97,610.37,1,199.41,43.76,2500,0,0,0
2725,45.46208,free_swing,625,487,746,338,-13.775,140.921,0,-186.85,364.39,1,191.94,38.38,2500,1,0,0
2726,45.47877,free_swing,614,489,731,327,-17.333,144.162,0,-203.88,240.10,1,199.83,44.07,2500,0,0,0
2727,45.49545,free_swing,602,491,708,300,-20.989,150.971,0,-233.57,263.95,1,218.44,57.48,2500,0,0,0
2728,45.51213,free_swing,589,492,674,325,-24.821,153.025,0,-255.51,181.09,1,187.39,35.09,2500,0,0,0
2729,45.52882,free_swing,573,491,655,304,-29.511,156.322,0,-280.38,30.60,1,204.19,47.21,2500,0,0,0
2730,45.5455,free_swing,556,489,645,296,-34.276,155.244,0,-287.96,-29.74,1,212.53,53.22,2500,0,0,0
2731,45.56218,free_swing,539,485,629,299,-39.023,154.179,0,-281.98,-58.26,1,206.63,48.97,2500,0,0,0
2732,45.57887,free_swing,522,480,612,296,-43.612,153.935,0,-279.68,-23.15,1,204.83,47.67,2500,0,0,0
2733,45.59555,free_swing,506,472,606,269,-48.276,153.775,0,-268.48,-8.83,1,226.29,63.14,2500,0,0,0
2734,45.61223,free_swing,491,463,587,275,-52.706,152.949,0,-252.91,-57.66,1,211.09,52.18,2500,0,0,0
2735,45.62892,free_swing,478,454,557,301,-56.597,152.691,0,-237.79,-98.20,1,172.19,24.14,2500,0,0,0
2736,45.6456,free_swing,467,443,577,254,-60.476,149.800,0,-217.88,-50.07,1,218.68,57.65,2500,0,0,0
2737,45.66228,free_swing,458,432,563,252,-63.997,149.744,0,-184.43,26.61,1,208.39,50.23,2500,0,0,0
2738,45.67897,free_swing,451,424,533,269,-66.541,152.120,0,-130.93,86.16,1,175.35,26.42,2500,0,0,0
2739,45.69565,free_swing,447,418,537,241,-68.290,153.048,0,-76.51,126.41,1,198.57,43.15,2500,0,0,0
2740,45.71233,free_swing,446,415,532,230,-69.069,155.068,0,-22.43,274.93,1,204.01,47.08,2500,0,0,0
2741,45.72902,free_swing,446,415,507,238,-69.069,160.984,0,36.55,267.29,1,187.22,34.97,2500,0,0,0
2742,45.7457,free_swing,448,419,485,250,-67.969,167.651,0,83.70,166.45,1,173.00,24.72,2500,0,0,0
2743,45.76238,free_swing,453,425,506,221,-66.114,165.436,0,124.19,265.34,1,210.77,51.95,2500,0,0,0
2744,45.77907,free_swing,458,432,486,234,-63.997,171.951,0,155.52,385.23,1,199.97,44.17,2500,0,0,0
2745,45.79575,free_swing,466,441,452,259,-61.044,-175.601,0,179.56,506.49,1,182.54,31.60,2500,0,0,0
2746,45.81243,free_swing,475,450,451,255,-57.885,-172.983,0,193.44,443.63,1,196.47,41.64,2500,0,0,0
2747,45.82912,free_swing,485,458,436,291,-54.707,-163.648,0,199.56,434.94,1,174.04,25.47,2500,0,0,0
2748,45.8458,free_swing,495,466,424,312,-51.423,-155.248,0,195.32,421.33,1,169.58,22.26,2500,0,0,0
2749,45.86248,free_swing,506,473,422,339,-48.073,-147.918,0,178.43,498.21,1,158.15,14.02,2500,0,0,0
2750,45.87917,free_swing,515,477,428,373,-45.587,-140.086,0,141.29,1068.78,1,135.59,2.25,2500,1,0,0
2751,45.89585,free_swing,522,481,423,436,-43.420,-114.444,0,91.69,1749.62,1,108.75,21.60,2500,1,0,0
2752,45.91253,free_swing,526,483,429,503,-42.217,-78.350,0,68.37,2087.95,1,99.04,28.60,2500,1,0,0
2753,45.92922,free_swing,529,484,459,553,-41.399,-45.412,0,62.26,2057.59,1,98.29,29.14,2500,0,0,0
2754,45.9459,free_swing,535,486,510,582,-39.732,-14.597,0,104.58,1737.20,1,99.20,28.48,2500,1,0,0
2755,45.96258,free_swing,542,487,571,580,-37.977,17.319,0,159.48,1741.91,1,97.42,29.77,2500,0,0,0
2756,45.97927,free_swing,555,490,620,579,-34.354,36.142,0,217.45,1298.50,1,110.21,20.55,2500,1,0,0
2757,45.99595,free_swing,569,492,669,533,-30.434,67.706,0,289.23,946.67,1,108.08,22.08,2500,1,0,0
2758,46.01263,free_swing,588,492,704,541,-25.115,67.100,0,349.03,955.07,0,125.92,9.22,2500,0,0,0
2759,46.02932,free_swing,610,490,733,494,-18.544,88.137,0,414.13,519.06,1,123.07,11.28,2500,1,0,0
2760,46.046,free_swing,632,485,761,458,-11.454,101.821,0,452.64,250.12,1,131.80,4.98,2500,1,0,0
2761,46.06268,free_swing,654,476,789,479,-3.576,88.727,0,475.36,-121.32,1,135.03,2.65,2500,1,0,0
2762,46.07937,free_swing,673,464,809,458,4.332,92.526,0,477.23,35.40,0,136.13,1.86,2500,0,0,0
2763,46.09605,free_swing,689,452,823,431,12.225,98.907,0,458.26,239.62,1,135.64,2.22,2500,1,0,0
2764,46.11273,free_swing,701,440,827,421,19.385,98.575,0,423.12,7.53,1,127.42,8.13,2500,1,0,0
2765,46.12942,free_swing,710,429,833,411,25.852,98.326,0,311.18,175.53,1,124.31,10.38,2500,0,0,0
2766,46.1461,free_swing,715,421,836,397,30.296,101.219,0,146.96,252.50,1,123.36,11.07,2500,0,0,0
2767,46.16278,free_swing,715,420,830,373,30.579,112.230,0,-10.15,161.70,1,124.23,10.44,2500,0,0,0
2768,46.17947,free_swing,714,422,842,384,29.539,106.535,0,-109.16,143.53,0,133.52,3.74,2500,0,0,0
2769,46.19615,free_swing,712,426,836,377,27.532,111.562,0,-149.50,414.62,1,133.33,3.88,2500,1,0,0
2770,46.21283,free_swing,708,431,836,351,24.444,122.005,0,-212.02,471.82,0,150.94,8.82,2500,0,0,0
2771,46.22952,free_swing,703,437,820,330,20.854,132.444,0,-247.64,204.19,1,158.55,14.30,2500,1,0,0
2772,46.2462,free_swing,695,445,815,363,15.811,124.346,0,-281.94,58.19,0,145.34,4.78,2500,0,0,0
2773,46.26288,free_swing,688,453,814,342,11.674,131.379,0,-309.19,105.88,1,167.92,21.06,2500,0,0,0
2774,46.27957,free_swing,676,460,798,342,5.799,134.045,0,-321.45,199.07,1,169.73,22.36,2500,0,0,0
2775,46.29625,free_swing,664,470,789,348,0.415,134.304,0,-343.02,-64.15,1,174.67,25.92,2500,1,0,0
2776,46.31293,free_swing,650,477,784,352,-5.123,133.010,0,-342.50,-162.84,1,183.25,32.11,2500,0,0,0
2777,46.32962,free_swing,633,484,770,375,-11.165,128.506,0,-356.47,-183.59,1,175.07,26.22,2500,0,0,0
2778,46.3463,free_swing,615,489,760,387,-17.000,125.124,0,-353.25,-397.20,1,177.28,27.81,2500,1,0,0
2779,46.36298,free_swing,596,491,743,406,-22.850,120.038,0,-337.07,-514.53,1,169.81,22.42,2500,0,0,0
2780,46.37967,free_swing,577,492,735,450,-28.258,104.886,0,-318.97,-427.51,1,163.49,17.86,2500,0,0,0
2781,46.39635,free_swing,559,490,716,456,-33.354,102.219,0,-291.63,-394.00,1,160.64,15.81,2500,0,0,0
2782,46.41303,free_swing,542,487,686,467,-37.977,97.907,0,-255.08,-876.86,1,145.38,4.81,2500,1,0,0
2783,46.42972,free_swing,528,483,657,505,-41.798,80.322,0,-205.07,-82.14,1,130.86,5.66,2500,1,0,0
2784,46.4464,free_swing,518,479,612,531,-44.608,61.049,0,-128.93,-531.65,1,107.42,22.55,2500,1,0,0
2785,46.46308,free_swing,513,476,603,466,-46.169,96.340,0,-19.36,-1698.32,1,90.55,34.72,2500,1,0,0
2786,46.47977,free_swing,515,477,523,560,-45.587,5.505,0,83.71,-3133.37,1,83.38,39.88,2500,1,0,1
2787,46.49645,free_swing,522,481,473,550,-43.420,-35.380,0,111.59,-3125.60,1,84.63,38.99,2500,0,0,1
2788,46.51313,free_swing,528,483,437,505,-41.798,-76.409,0,50.61,-1491.45,1,93.62,32.50,2500,1,0,0
2789,46.52982,free_swing,528,482,399,489,-41.987,-86.894,0,-36.36,-1144.76,1,129.19,6.86,2500,1,0,0
2790,46.5465,free_swing,524,480,410,425,-43.204,-115.755,0,-88.38,-1064.05,0,126.57,8.75,2500,0,0,0
2791,46.56318,free_swing,518,478,400,399,-44.803,-123.802,0,-107.65,-965.67,0,142.00,2.38,2500,0,0,0
2792,46.57987,free_swing,512,475,429,338,-46.559,-148.791,0,-114.44,-758.07,1,160.18,15.48,2500,1,0,0
2793,46.59655,free_swing,505,472,423,331,-48.457,-149.819,0,-92.25,-818.08,1,163.11,17.59,2500,0,0,0
2794,46.61323,free_swing,501,469,470,281,-49.779,-170.637,0,-41.44,-570.84,1,190.54,37.37,2500,1,0,0
2795,46.62992,free_swing,501,469,493,262,-49.779,-177.787,0,9.36,-535.81,1,207.15,49.35,2500,0,0,0
2796,46.6466,free_swing,503,470,508,273,-49.222,178.546,0,44.96,-213.11,1,197.06,42.07,2500,1,0,0
2797,46.66328,free_swing,506,471,536,256,-48.480,172.057,0,69.96,-294.19,1,217.08,56.50,2500,0,0,0
2798,46.67997,free_swing,511,474,551,269,-46.948,168.959,0,99.67,-324.88,1,208.87,50.58,2500,0,0,0
2799,46.69665,free_swing,517,478,584,272,-45.000,161.983,0,131.82,-254.00,1,216.62,56.17,2500,0,0,0
2800,46.71333,free_swing,526,481,613,258,-42.597,158.688,0,173.33,-175.81,1,239.37,72.57,2500,0,0,0
2801,46.73002,free_swing,537,485,615,299,-39.472,157.249,0,203.94,-114.12,1,201.69,45.41,2500,0,0,0
2802,46.7467,free_swing,551,489,640,299,-35.503,154.901,0,217.08,-198.74,1,209.81,51.26,2500,0,0,0
2803,46.76338,free_swing,563,491,670,303,-32.167,150.354,0,236.52,-290.26,1,216.32,55.95,2500,0,0,0
2804,46.78007,free_swing,578,491,683,339,-28.129,145.364,0,253.76,-209.81,1,184.74,33.19,2500,0,0,0
2805,46.79675,free_swing,595,491,714,343,-23.155,141.199,0,290.30,-241.31,1,189.91,36.91,2500,0,0,0
2806,46.81343,free_swing,610,489,742,331,-18.654,140.123,0,305.88,-367.15,1,205.88,48.43,2500,0,0,0
2807,46.83012,free_swing,628,485,764,378,-12.885,128.194,0,331.78,-554.00,1,173.05,24.76,2500,0,0,0
2808,46.8468,free_swing,644,481,786,400,-7.267,119.701,0,397.10,-511.02,1,163.48,17.86,2500,0,0,0
2809,46.86348,free_swing,663,470,801,425,0.000,108.060,0,485.94,-1087.55,1,145.15,4.65,2500,1,0,0
2810,46.88017,free_swing,683,458,798,445,9.019,96.450,0,593.90,-1168.67,1,115.73,16.56,2500,0,0,0
2811,46.89685,free_swing,701,441,797,514,19.220,52.750,0,610.17,-1396.05,1,120.60,13.05,2500,1,0,0
2812,46.91353,free_swing,715,425,764,457,29.211,56.853,0,491.59,-1320.82,1,58.52,57.81,2500,0,0,0
2813,46.93022,free_swing,722,415,737,474,35.407,14.265,0,242.59,-1679.34,1,60.88,56.11,2500,1,0,0
2814,46.9469,free_swing,723,411,716,522,37.216,-3.608,0,-19.63,-1823.09,1,111.22,19.82,2500,1,0,0
2815,46.96358,free_swing,721,416,683,453,34.624,-45.764,0,-193.29,-1058.48,1,53.04,61.76,2500,1,0,0
2816,46.98027,free_swing,717,423,670,475,30.685,-42.109,0,-301.51,-717.19,1,70.09,49.47,2500,1,0,0
2817,46.99695,free_swing,710,431,656,464,25.396,-58.570,0,-367.94,-324.80,1,63.29,54.38,2500,1,0,0
2818,47.01363,free_swing,700,443,642,471,18.435,-64.231,0,-411.27,-438.85,1,64.40,53.57,2500,0,0,0
2819,47.03032,free_swing,688,455,617,485,11.489,-67.094,0,-422.26,211.08,1,77.08,44.43,2500,1,0,0
2820,47.047,free_swing,674,464,591,503,4.764,-64.832,0,-412.51,74.70,1,91.71,33.89,2500,0,0,0
2821,47.06368,free_swing,657,475,577,534,-2.403,-53.591,0,-425.42,19.40,1,99.40,28.34,2500,0,0,0
2822,47.08037,free_swing,638,484,563,513,-9.340,-68.860,0,-436.40,339.98,1,80.41,42.03,2500,1,0,0
2823,47.09705,free_swing,615,489,545,545,-17.000,-51.340,0,-449.64,639.55,1,89.64,35.37,2500,1,0,0
2824,47.11373,free_swing,591,492,552,558,-24.228,-30.579,0,-447.54,858.84,1,76.66,44.73,2500,1,0,0
2825,47.13042,free_swing,564,491,534,566,-31.908,-21.801,0,-425.72,2532.30,1,80.78,41.76,2500,1,0,1
2826,47.1471,free_swing,540,487,547,524,-38.434,10.713,0,-392.59,2044.74,1,37.66,72.85,2500,1,0,0
2827,47.16378,free_swing,518,478,572,466,-44.803,102.529,0,-339.24,1003.95,1,55.32,60.12,2500,1,0,0
2828,47.18047,free_swing,499,469,529,534,-50.126,24.775,0,-314.28,-401.58,1,71.59,48.39,2500,1,0,0
2829,47.19715,free_swing,484,458,530,491,-54.858,54.345,0,-292.37,-849.28,1,56.61,59.19,2500,1,0,0
2830,47.21383,free_swing,468,444,524,497,-60.129,46.577,0,-284.94,195.76,1,77.10,44.41,2500,1,0,0
2831,47.23052,free_swing,456,431,512,505,-64.440,37.117,0,-265.73,-498.60,1,92.80,33.10,2500,1,0,0
2832,47.2472,free_swing,447,416,501,505,-68.749,31.247,0,-232.06,-151.03,1,104.10,24.95,2500,1,0,0
2833,47.26388,free_swing,440,403,500,476,-72.339,39.417,0,-202.55,393.08,1,94.49,31.88,2500,1,0,0
2834,47.28057,free_swing,434,392,491,476,-75.318,34.160,0,-156.77,143.62,1,101.51,26.82,2500,1,0,0
2835,47.29725,free_swing,431,383,495,434,-77.602,51.450,0,-105.71,-400.90,1,81.84,41.00,2500,1,0,0
2836,47.31393,free_swing,430,378,467,466,-78.832,22.805,0,-45.90,-708.11,1,95.46,31.18,2500,1,0,0
2837,47.33062,free_swing,430,377,455,466,-79.069,15.690,0,18.03,-909.65,1,92.44,33.35,2500,1,0,0
2838,47.3473,free_swing,431,380,440,471,-78.311,5.648,0,71.47,-493.36,1,91.44,34.07,2500,1,0,0
2839,47.36398,free_swing,433,387,421,494,-76.551,-6.399,0,126.72,-517.43,1,107.67,22.38,2500,0,0,0
2840,47.38067,free_swing,437,396,415,488,-74.189,-13.449,0,183.18,56.63,1,94.59,31.80,2500,1,0,0
2841,47.39735,free_swing,443,410,410,488,-70.478,-22.932,0,246.22,-2701.04,1,84.69,38.94,2500,1,0,1
2842,47.41403,free_swing,454,425,409,468,-66.012,-46.302,0,300.49,-3917.96,1,62.24,55.13,2500,1,0,1
2843,47.43072,free_swing,466,443,501,328,-60.601,163.072,0,322.03,-2400.46,1,120.21,13.34,2500,1,0,0
2844,47.4474,free_swing,483,457,444,401,-55.222,-145.146,0,317.03,540.74,1,68.24,50.80,2500,1,0,0
2845,47.46408,free_swing,500,468,414,423,-50.160,-117.621,0,293.66,2550.41,1,97.06,30.02,2500,1,0,1
2846,47.48077,free_swing,516,477,414,452,-45.392,-103.772,0,283.26,555.75,1,105.02,24.29,2500,1,0,0
2847,47.49745,free_swing,533,483,402,478,-40.726,-92.186,0,290.29,-279.41,1,131.10,5.49,2500,1,0,0
2848,47.51413,free_swing,551,488,425,453,-35.676,-105.524,0,310.20,-261.51,0,130.77,5.72,2500,0,0,0
2849,47.53082,free_swing,570,491,452,435,-30.324,-115.388,0,329.82,216.66,1,130.61,5.84,2500,1,0,0
2850,47.5475,free_swing,590,491,454,492,-24.661,-89.579,0,346.01,677.53,1,136.00,1.95,2500,1,0,0
2851,47.56418,free_swing,609,490,466,501,-18.869,-85.601,0,355.34,503.74,0,143.42,3.40,2500,0,0,0
2852,47.58087,free_swing,628,486,488,503,-12.804,-83.077,0,358.87,228.05,1,141.03,1.67,2500,1,0,0
2853,47.59755,free_swing,645,479,535,509,-6.981,-74.745,0,350.89,771.21,1,114.02,17.80,2500,1,0,0
2854,47.61423,free_swing,660,473,556,531,-1.219,-60.852,0,327.27,589.67,1,119.08,14.15,2500,0,0,0
2855,47.63092,free_swing,672,466,595,549,3.842,-42.852,0,281.24,758.96,1,113.22,18.38,2500,0,0,0
2856,47.6476,free_swing,681,460,633,503,8.005,-48.145,0,200.95,912.33,1,64.44,53.54,2500,0,0,0
2857,47.66428,free_swing,686,456,676,529,10.508,-7.800,0,89.28,1615.62,1,73.68,46.88,2500,1,0,0
2858,47.68097,free_swing,687,455,705,565,11.041,9.293,0,-33.13,2380.92,1,111.46,19.64,2500,1,0,0
2859,47.69765,free_swing,684,457,744,496,9.537,56.976,0,-122.60,1678.19,1,71.56,48.41,2500,1,0,0
2860,47.71433,free_swing,679,461,777,468,7.070,85.914,0,-147.22,1113.50,1,98.25,29.17,2500,1,0,0
2861,47.73102,free_swing,674,464,798,483,4.764,81.289,0,-116.53,818.00,1,125.45,9.56,2500,1,0,0
2862,47.7477,free_swing,671,464,806,429,3.468,104.534,0,-43.57,1075.58,1,139.46,0.54,2500,1,0,0
2863,47.76438,free_swing,670,466,796,346,2.990,133.603,0,1.23,1030.00,1,174.00,25.44,2500,0,0,0
2864,47.78107,free_swing,672,465,796,339,3.871,135.458,0,17.33,408.67,1,176.78,27.45,2500,1,0,0
2865,47.79775,free_swing,671,465,784,329,3.442,140.277,0,23.31,326.93,1,176.82,27.48,2500,0,0,0
2866,47.81443,free_swing,672,465,765,302,3.871,150.293,0,-6.61,523.06,1,187.66,35.29,2500,0,0,0
2867,47.83112,free_swing,672,465,742,271,3.871,160.159,0,-57.30,395.73,1,206.24,48.69,2500,0,0,0
2868,47.8478,free_swing,667,467,724,291,1.697,162.055,0,-150.16,263.62,1,185.00,33.37,2500,0,0,0
2869,47.86448,free_swing,660,471,710,253,-1.236,167.082,0,-211.26,251.59,1,223.66,61.25,2500,0,0,0
2870,47.88117,free_swing,650,476,679,256,-5.159,172.491,0,-220.05,258.33,1,221.90,59.98,2500,0,0,0
2871,47.89785,free_swing,640,480,656,264,-8.833,175.764,0,-236.31,155.58,1,216.59,56.15,2500,0,0,0
2872,47.91453,free_swing,629,485,639,276,-12.529,177.261,0,-251.17,188.47,1,209.24,50.85,2500,0,0,0
2873,47.93122,free_swing,614,488,614,275,-17.438,180.000,0,-279.69,85.08,1,213.00,53.56,2500,0,0,0
2874,47.9479,free_swing,599,491,584,289,-21.926,-175.753,0,-296.19,0.84,1,202.56,46.03,2500,0,0,0
2875,47.96458,free_swing,582,491,590,257,-26.996,178.042,0,-286.04,-72.00,1,234.14,68.80,2500,0,0,0
2876,47.98127,free_swing,565,490,559,274,-31.809,-178.409,0,-285.29,132.62,1,216.08,55.78,2500,1,0,0
2877,47.99795,free_swing,549,488,536,283,-36.158,-176.371,0,-271.22,438.71,1,205.41,48.09,2500,1,0,0
2878,48.01463,free_swing,532,483,483,301,-40.943,-164.932,0,-257.05,514.83,1,188.48,35.88,2500,0,0,0
2879,48.03132,free_swing,517,478,450,315,-45.000,-157.655,0,-254.89,948.33,1,176.23,27.05,2500,1,0,0
2880,48.048,free_swing,503,471,424,334,-49.018,-150.030,0,-251.03,-489.93,1,158.15,14.01,2500,1,0,0
2881,48.06468,free_swing,488,461,404,343,-53.604,-144.554,0,-251.06,-1817.07,1,144.84,4.42,2500,1,0,0
2882,48.08137,free_swing,476,451,722,191,-57.529,136.585,0,-241.00,-1890.42,1,357.93,158.05,2500,0,0,0
2883,48.09805,free_swing,465,440,663,251,-61.390,133.668,0,-234.68,-786.70,1,273.72,97.34,2500,1,0,0
2884,48.11473,free_swing,454,428,710,127,-65.329,139.619,0,-241.45,101.97,1,395.14,184.87,2500,1,0,0
2885,48.13142,free_swing,445,415,690,181,-69.156,133.684,0,-197.41,701.60,1,338.79,144.25,2500,1,0,0
2886,48.1481,free_swing,440,404,638,293,-72.106,119.275,0,-94.47,-1621.56,1,226.99,63.65,2500,1,0,0
2887,48.16478,free_swing,440,403,657,112,-72.339,143.288,0,22.17,-3650.23,1,363.00,161.70,2500,1,0,1
2888,48.18147,free_swing,442,408,424,453,-71.022,-21.801,0,101.92,-3675.29,1,48.47,65.06,2500,0,0,1
2889,48.19815,free_swing,446,415,396,534,-69.069,-22.791,0,147.05,-1504.65,1,129.08,6.94,2500,1,0,0
2890,48.21483,free_swing,452,424,433,518,-66.442,-11.427,0,185.33,1336.57,1,95.90,30.86,2500,1,0,0
2891,48.23152,free_swing,461,436,461,528,-62.758,0.000,0,224.08,453.84,1,92.00,33.67,2500,1,0,0
2892,48.2482,free_swing,472,447,467,573,-58.948,-2.272,0,257.40,269.83,0,126.10,9.09,2500,0,0,0
2893,48.26488,free_swing,486,459,499,558,-54.340,7.481,0,287.98,-328.25,1,99.85,28.01,2500,1,0,0
2894,48.28157,free_swing,503,470,517,572,-49.222,7.815,0,321.88,1331.91,1,102.96,25.77,2500,1,0,0
2895,48.29825,free_swing,522,480,530,595,-43.612,3.979,0,356.63,1111.88,1,115.28,16.89,2500,1,0,0
2896,48.31493,free_swing,544,487,586,487,-37.515,90.000,0,386.34,228.17,1,42.00,69.72,2500,1,0,0
2897,48.33162,free_swing,568,492,587,553,-30.700,17.301,0,392.09,41.99,1,63.89,53.94,2500,0,0,0
2898,48.3483,free_swing,591,492,614,529,-24.228,31.866,0,387.02,212.65,1,43.57,68.59,2500,0,0,0
2899,48.36498,free_swing,612,489,637,497,-17.996,72.255,0,394.32,471.26,1,26.25,81.08,2500,1,0,0
2900,48.38167,free_swing,633,485,654,500,-11.094,54.462,0,432.06,-1308.31,1,25.81,81.39,2500,1,0,0
2901,48.39835,free_swing,654,475,654,559,-3.601,0.000,0,456.46,-1706.33,1,84.00,39.44,2500,1,0,0
2902,48.41503,free_swing,673,465,679,515,4.300,6.843,0,460.69,-324.18,1,50.36,63.69,2500,1,0,0
2903,48.43172,free_swing,688,454,689,554,11.581,0.573,0,455.81,463.53,1,100.00,27.90,2500,1,0,0
2904,48.4484,free_swing,701,441,717,505,19.220,14.036,0,437.97,173.05,1,65.97,52.44,2500,1,0,0
2905,48.46508,free_swing,711,429,734,532,26.328,12.588,0,411.30,559.62,1,105.54,23.91,2500,1,0,0
2906,48.48177,free_swing,718,419,754,503,32.300,23.199,0,309.04,987.52,1,91.39,34.11,2500,1,0,0
2907,48.49845,free_swing,723,412,785,467,36.870,48.424,0,146.23,1246.13,1,82.88,40.25,2500,1,0,0
2908,48.51513,free_swing,723,411,810,443,37.216,69.806,0,-46.24,943.41,1,92.70,33.17,2500,1,0,0
2909,48.53182,free_swing,720,413,826,439,35.134,76.218,0,-192.43,955.57,1,109.14,21.32,2500,0,0,0
2910,48.5485,free_swing,716,420,826,415,31.059,92.603,0,-256.39,797.23,1,110.11,20.62,2500,0,0,0
2911,48.56518,free_swing,711,427,821,371,26.806,116.980,0,-274.11,660.22,1,123.43,11.01,2500,0,0,0
2912,48.58187,free_swing,705,435,832,390,22.184,109.511,0,-254.86,427.27,1,134.74,2.86,2500,1,0,0
2913,48.59855,free_swing,699,442,814,363,18.122,124.487,0,-238.35,513.44,0,139.52,0.59,2500,0,0,0
2914,48.61523,free_swing,693,449,812,329,14.381,135.240,0,-237.19,641.62,1,169.00,21.84,2500,0,0,0
2915,48.63192,free_swing,685,455,783,319,10.141,144.224,0,-280.27,371.19,1,167.63,20.85,2500,1,0,0
2916,48.6486,free_swing,675,462,765,332,5.274,145.305,0,-300.46,358.12,1,158.11,13.99,2500,0,0,0
2917,48.66528,free_swing,662,470,742,295,-0.415,155.433,0,-307.66,299.62,1,192.42,38.72,2500,0,0,0
2918,48.68197,free_swing,651,477,715,307,-4.731,159.370,0,-313.57,198.24,1,181.65,30.96,2500,0,0,0
2919,48.69865,free_swing,635,483,698,318,-10.505,159.102,0,-320.63,30.28,1,176.62,27.33,2500,0,0,0
2920,48.71533,free_swing,618,488,685,300,-16.091,160.385,0,-347.95,57.92,1,199.58,43.89,2500,0,0,0
2921,48.73202,free_swing,600,491,659,310,-21.615,161.946,0,-353.65,49.40,1,190.37,37.25,2500,0,0,0
2922,48.7487,free_swing,578,492,638,307,-27.979,162.031,0,-369.88,-49.84,1,194.49,40.21,2500,0,0,0
2923,48.76538,free_swing,557,489,627,297,-34.026,159.969,0,-367.98,-165.80,1,204.36,47.33,2500,0,0,0
2924,48.78207,free_swing,534,485,615,295,-40.135,156.911,0,-354.65,-199.55,1,206.55,48.91,2500,0,0,0
2925,48.79875,free_swing,514,477,611,288,-45.779,152.832,0,-334.30,-185.30,1,212.44,53.15,2500,0,0,0
2926,48.81543,free_swing,495,466,614,253,-51.423,150.809,0,-318.29,-218.19,1,243.99,75.90,2500,0,0,0
2927,48.83212,free_swing,479,455,591,282,-56.238,147.081,0,-306.60,-210.02,1,206.09,48.58,2500,0,0,0
2928,48.8488,free_swing,464,440,580,291,-61.511,142.098,0,-281.27,-184.41,1,188.83,36.14,2500,0,0,0
2929,48.86548,free_swing,453,426,584,262,-65.886,141.383,0,-248.53,-121.21,1,209.90,51.32,2500,0,0,0
2930,48.88217,free_swing,445,414,571,268,-69.386,139.205,0,-188.16,-89.68,1,192.85,39.03,2500,0,0,0
2931,48.89885,free_swing,439,404,560,271,-72.181,137.705,0,-110.93,-36.56,1,179.81,29.63,2500,0,0,0
2932,48.91553,free_swing,437,400,564,260,-73.254,137.787,0,-16.65,106.34,1,189.02,36.27,2500,0,0,0
2933,48.93222,free_swing,439,402,554,258,-72.646,141.389,0,64.21,214.55,1,184.29,32.86,2500,0,0,0
2934,48.9489,free_swing,441,408,546,256,-71.102,145.364,0,107.51,249.88,1,184.74,33.19,2500,0,0,0
2935,48.96558,free_swing,445,415,545,245,-69.156,149.534,0,130.06,297.37,1,197.23,42.19,2500,0,0,0
2936,48.98227,free_swing,451,423,537,245,-66.769,154.213,0,167.54,350.17,1,197.69,42.52,2500,0,0,0
2937,48.99895,free_swing,458,433,513,269,-63.771,161.460,0,209.77,252.24,1,172.98,24.71,2500,0,0,0
2938,49.01563,free_swing,470,445,522,245,-59.651,165.426,0,243.61,286.47,1,206.65,48.98,2500,0,0,0
2939,49.03232,free_swing,482,456,532,239,-55.586,167.025,0,262.60,401.06,1,222.69,60.54,2500,0,0,0
2940,49.049,free_swing,497,466,497,274,-51.089,180.000,0,278.65,479.57,1,192.00,38.42,2500,0,0,0
2941,49.06568,free_swing,513,475,486,283,-46.369,-171.995,0,287.93,697.67,1,193.89,39.78,2500,1,0,0
2942,49.08237,free_swing,530,483,477,308,-41.373,-163.151,0,280.50,942.85,1,182.85,31.82,2500,1,0,0
2943,49.09905,free_swing,546,487,444,369,-37.047,-139.160,0,275.49,1173.75,1,155.97,12.45,2500,1,0,0
2944,49.11573,free_swing,562,490,428,414,-32.588,-119.560,0,253.57,1332.20,1,154.05,11.06,2500,0,0,0
2945,49.13242,free_swing,577,492,437,461,-28.258,-102.485,0,220.14,969.55,1,143.39,3.38,2500,1,0,0
2946,49.1491,free_swing,587,492,450,522,-25.408,-77.648,0,165.96,1184.76,1,140.25,1.11,2500,1,0,0
2947,49.16578,free_swing,595,492,507,525,-23.025,-69.444,0,90.35,1591.23,1,93.98,32.24,2500,1,0,0
2948,49.18247,free_swing,599,492,554,586,-21.801,-25.582,0,27.34,2211.53,1,104.22,24.87,2500,1,0,0
2949,49.19915,free_swing,598,492,611,587,-22.109,7.792,0,9.73,2333.70,1,95.89,30.87,2500,0,0,0
2950,49.21583,free_swing,600,491,675,555,-21.615,49.525,0,66.62,1663.68,1,98.60,28.92,2500,1,0,0
2951,49.23252,free_swing,607,490,721,541,-19.516,65.898,0,157.60,1384.10,1,124.89,9.96,2500,1,0,0
2952,49.2492,free_swing,618,488,755,496,-16.091,86.658,0,253.02,1005.40,1,137.23,1.06,2500,1,0,0
2953,49.26588,free_swing,632,484,773,439,-11.527,107.700,0,323.02,770.36,1,148.01,6.70,2500,1,0,0
2954,49.28257,free_swing,650,477,800,416,-5.123,112.130,0,373.24,351.28,1,161.93,16.74,2500,1,0,0
2955,49.29925,free_swing,665,469,799,402,0.836,116.565,0,397.38,318.41,0,149.82,8.01,2500,0,0,0
2956,49.31593,free_swing,680,460,804,377,7.565,123.797,0,382.55,494.93,0,149.21,7.57,2500,0,0,0
2957,49.33262,free_swing,692,450,802,339,13.808,135.259,0,340.91,521.99,1,156.27,12.66,2500,0,0,0
2958,49.3493,free_swing,700,442,803,317,18.591,140.511,0,246.11,456.50,1,161.97,16.77,2500,0,0,0
2959,49.36598,free_swing,705,437,789,298,21.801,148.855,0,111.55,381.30,1,162.41,17.09,2500,0,0,0
2960,49.38267,free_swing,706,435,778,282,22.659,154.799,0,-26.04,360.02,1,169.09,21.91,2500,0,0,0
2961,49.39935,free_swing,703,437,761,281,20.854,159.605,0,-120.44,228.07,1,166.43,19.99,2500,0,0,0
2962,49.41603,free_swing,699,440,753,266,18.435,162.759,0,-162.01,46.68,1,182.19,31.35,2500,0,0,0
2963,49.43272,free_swing,695,445,749,273,15.811,162.570,0,-190.44,-32.58,1,180.28,29.97,2500,0,0,0
2964,49.4494,free_swing,689,452,746,298,12.225,159.689,0,-239.21,14.19,1,164.21,18.39,2500,0,0,0
2965,49.46608,free_swing,680,458,735,282,7.684,162.646,0,-292.30,-58.37,1,184.39,32.94,2500,0,0,0
2966,49.48277,free_swing,669,466,731,273,2.564,162.191,0,-326.06,-57.28,1,202.71,46.14,2500,0,0,0
2967,49.49945,free_swing,655,475,727,318,-3.202,155.364,0,-356.59,-159.22,1,172.72,24.52,2500,0,0,0
2968,49.51613,free_swing,639,482,714,291,-9.090,158.562,0,-362.19,-207.24,1,205.20,47.93,2500,0,0,0
2969,49.53282,free_swing,620,487,708,329,-15.505,150.884,0,-362.67,-324.67,1,180.85,30.38,2500,0,0,0
2970,49.5495,free_swing,602,491,706,344,-20.989,144.721,0,-356.98,-400.13,1,180.07,29.82,2500,0,0,0
2971,49.56618,free_swing,581,491,717,344,-27.281,137.226,0,-350.79,-478.93,1,200.26,44.38,2500,0,0,0
2972,49.58287,free_swing,561,490,716,348,-32.845,132.494,0,-336.69,-518.54,1,210.21,51.55,2500,0,0,0
2973,49.59955,free_swing,541,486,696,409,-38.387,116.417,0,-307.36,-491.60,1,173.07,24.77,2500,0,0,0
2974,49.61623,free_swing,524,481,690,411,-43.011,112.865,0,-276.93,-941.60,1,180.16,29.88,2500,1,0,0
2975,49.63292,free_swing,509,473,671,450,-47.523,98.081,0,-232.25,-887.01,1,163.62,17.96,2500,0,0,0
2976,49.6496,free_swing,498,467,632,522,-50.711,67.684,0,-167.40,-822.16,0,144.85,4.43,2500,0,0,0
2977,49.66628,free_swing,490,463,603,501,-52.866,71.413,0,-60.71,-1081.70,1,119.22,14.05,2500,1,0,0
2978,49.68297,free_swing,490,463,563,534,-52.866,45.796,0,82.46,-1804.92,1,101.83,26.58,2500,1,0,0
2979,49.69965,free_swing,498,468,496,576,-50.503,-1.061,0,201.67,-2752.89,1,108.02,22.13,2500,1,0,1
2980,49.71633,free_swing,513,476,465,533,-46.169,-40.101,0,214.76,-2065.65,1,74.52,46.28,2500,1,0,0
2981,49.73302,free_swing,523,481,428,504,-43.216,-76.390,0,133.51,-1568.50,1,97.74,29.53,2500,1,0,0
2982,49.7497,free_swing,527,482,390,499,-42.198,-82.926,0,34.65,-1591.12,0,138.05,0.47,2500,0,0,0
2983,49.76638,free_swing,527,482,418,407,-42.198,-124.531,0,-21.28,-1212.00,1,132.31,4.61,2500,1,0,0
2984,49.78307,free_swing,525,482,439,366,-42.614,-143.448,0,-46.38,-937.87,1,144.40,4.10,2500,1,0,0
2985,49.79975,free_swing,522,480,414,357,-43.612,-138.715,0,-57.81,-372.19,1,163.69,18.01,2500,1,0,0
2986,49.81643,free_swing,520,478,453,313,-44.405,-157.900,0,-35.45,-432.07,1,178.08,28.39,2500,0,0,0
2987,49.83312,free_swing,518,478,467,312,-44.803,-162.922,0,17.64,-526.58,1,173.66,25.20,2500,0,0,0
2988,49.8498,free_swing,522,479,482,308,-43.807,-166.834,0,73.85,-335.87,1,175.62,26.61,2500,0,0,0
2989,49.86648,free_swing,527,482,517,290,-42.198,-177.019,0,113.18,-443.86,1,192.26,38.61,2500,0,0,0
2990,49.88317,free_swing,535,484,545,296,-40.101,176.955,0,135.22,-387.93,1,188.27,35.73,2500,0,0,0
2991,49.89985,free_swing,543,487,573,281,-37.747,171.714,0,160.88,-291.32,1,208.17,50.08,2500,0,0,0
2992,49.91653,free_swing,554,489,600,291,-34.771,166.921,0,191.10,-291.85,1,203.27,46.55,2500,0,0,0
2993,49.93322,free_swing,566,491,634,287,-31.386,161.565,0,212.92,-286.69,1,215.03,55.03,2500,0,0,0
2994,49.9499,free_swing,580,491,655,313,-27.565,157.152,0,229.86,-343.93,1,193.16,39.25,2500,0,0,0
2995,49.96658,free_swing,593,491,676,337,-23.762,151.677,0,258.55,-264.55,1,174.94,26.12,2500,0,0,0
2996,49.98327,free_swing,608,490,709,346,-19.193,144.955,0,275.13,-329.48,1,175.89,26.81,2500,0,0,0
2997,49.99995,free_swing,624,487,734,333,-14.123,144.462,0,290.08,-285.45,1,189.25,36.44,2500,0,0,0
2998,50.01663,free_swing,638,481,771,356,-9.525,133.224,0,327.32,-197.00,1,182.52,31.59,2500,0,0,0
2999,50.03332,free_swing,654,475,792,348,-3.601,132.623,0,378.89,-680.64,1,187.54,35.21,2500,1,0,0
3000,50.05,free_swing,672,464,798,383,3.900,122.735,0,476.45,-841.51,0,149.79,7.99,2500,0,0,0
3001,50.06668,free_swing,688,452,820,451,11.768,90.434,0,584.91,-1425.12,1,132.00,4.83,2500,1,0,0
3002,50.08337,free_swing,706,435,809,448,22.659,82.807,0,643.17,-1669.18,1,103.82,25.15,2500,1,0,0
3003,50.10005,free_swing,719,417,783,492,33.378,40.475,0,537.19,-1478.99,1,98.60,28.92,2500,0,0,0
3004,50.11673,free_swing,726,405,757,492,40.795,19.612,0,316.57,-1506.18,1,92.36,33.42,2500,1,0,0
3005,50.13342,free_swing,727,401,736,490,42.847,5.774,0,92.33,-891.00,1,89.45,35.51,2500,1,0,0
3006,50.1501,free_swing,729,401,703,476,43.727,-19.120,0,-109.99,-886.23,1,79.38,42.77,2500,1,0,0
3007,50.16678,free_swing,726,406,683,504,40.409,-23.691,0,-260.45,-1034.85,1,107.02,22.85,2500,0,0,0
3008,50.18347,free_swing,720,416,665,472,34.160,-44.484,0,-401.27,-738.70,1,78.49,43.41,2500,1,0,0
3009,50.20015,free_swing,713,427,648,460,27.759,-63.083,0,-447.60,-867.83,1,72.90,47.45,2500,0,0,0
3010,50.21683,free_swing,701,440,617,490,19.385,-59.237,0,-469.60,-243.01,1,97.75,29.52,2500,1,0,0
3011,50.23352,free_swing,689,454,611,469,12.031,-79.114,0,-474.80,-70.22,1,79.43,42.74,2500,0,0,0
3012,50.2502,free_swing,672,465,571,521,3.871,-60.994,0,-460.08,162.87,1,115.49,16.74,2500,1,0,0
3013,50.26688,free_swing,654,476,567,508,-3.576,-69.806,0,-471.25,295.35,1,92.70,33.17,2500,0,0,0
3014,50.28357,free_swing,632,485,535,550,-11.454,-56.174,0,-461.71,144.21,1,116.76,15.82,2500,0,0,0
3015,50.30025,free_swing,607,491,528,536,-19.402,-60.333,0,-462.79,443.85,1,90.92,34.45,2500,1,0,0
3016,50.31693,free_swing,582,493,506,567,-26.707,-45.764,0,-467.25,560.10,1,106.08,23.53,2500,0,0,0
3017,50.33362,free_swing,554,490,520,538,-34.601,-35.311,0,-460.36,1160.55,1,58.82,57.59,2500,1,0,0
3018,50.3503,free_swing,526,482,500,592,-42.406,-13.299,0,-422.21,1817.35,1,113.03,18.51,2500,1,0,0
3019,50.36698,free_swing,504,472,523,525,-48.636,19.722,0,-352.57,1509.32,1,56.30,59.41,2500,1,0,0
3020,50.38367,free_swing,486,461,535,500,-53.915,51.483,0,-290.56,594.14,1,62.63,54.85,2500,1,0,0
3021,50.40035,free_swing,473,448,523,523,-58.595,33.690,0,-268.89,411.88,1,90.14,35.02,2500,0,0,0
3022,50.41703,free_swing,461,436,527,498,-62.758,46.790,0,-259.95,363.54,1,90.55,34.72,2500,0,0,0
3023,50.43372,free_swing,450,421,540,452,-67.323,70.994,0,-251.36,228.77,1,95.19,31.37,2500,0,0,0
3024,50.4504,free_swing,442,407,522,470,-71.255,51.780,0,-227.03,62.49,1,101.83,26.59,2500,0,0,0
3025,50.46708,free_swing,435,394,517,464,-74.787,49.514,0,-195.54,-298.93,1,107.81,22.27,2500,1,0,0
3026,50.48377,free_swing,431,383,528,420,-77.602,69.121,0,-156.22,-286.96,1,103.82,25.15,2500,0,0,0
3027,50.50045,free_swing,428,373,490,468,-80.103,33.130,0,-101.81,-627.76,1,113.44,18.22,2500,1,0,0
3028,50.51713,free_swing,428,369,486,454,-81.052,34.308,0,-44.45,-658.57,1,102.90,25.81,2500,0,0,0
3029,50.53382,free_swing,427,368,480,462,-81.327,29.416,0,11.71,-268.51,1,107.91,22.20,2500,1,0,0
3030,50.5505,free_swing,428,370,467,485,-80.815,18.733,0,63.69,-516.43,1,121.43,12.45,2500,1,0,0
3031,50.56718,free_swing,430,376,454,488,-79.306,12.095,0,114.91,113.62,1,114.54,17.42,2500,1,0,0
3032,50.58387,free_swing,433,386,462,492,-76.787,15.301,0,162.48,152.86,1,109.90,20.77,2500,0,0,0
3033,50.60055,free_swing,437,397,473,464,-73.954,28.250,0,209.92,-358.07,1,76.06,45.17,2500,1,0,0
3034,50.61723,free_swing,444,412,444,499,-69.933,0.000,0,259.70,-1017.08,1,87.00,37.28,2500,1,0,0
3035,50.63392,free_swing,456,428,440,491,-65.120,-14.250,0,314.52,-1314.79,1,65.00,53.14,2500,1,0,0
3036,50.6506,free_swing,470,445,437,495,-59.651,-33.425,0,350.94,-1083.20,1,59.91,56.81,2500,1,0,0
3037,50.66728,free_swing,489,461,416,514,-53.448,-54.019,0,371.86,-1263.85,1,90.21,34.96,2500,0,0,0
3038,50.68397,free_swing,509,474,422,502,-47.322,-72.160,0,363.14,-993.04,1,91.39,34.11,2500,1,0,0
3039,50.70065,free_swing,530,483,435,484,-41.373,-89.397,0,332.21,-512.28,1,95.01,31.51,2500,1,0,0
3040,50.71733,free_swing,549,488,434,489,-36.158,-89.502,0,310.19,-94.17,1,115.00,17.09,2500,1,0,0
3041,50.73402,free_swing,567,491,447,494,-31.122,-88.568,0,315.65,249.82,1,120.04,13.46,2500,1,0,0
3042,50.7507,free_swing,586,492,472,499,-25.699,-86.486,0,326.86,225.28,1,114.21,17.66,2500,0,0,0
3043,50.76738,free_swing,606,490,489,516,-19.837,-77.471,0,346.57,451.89,1,119.85,13.59,2500,1,0,0
3044,50.78407,free_swing,623,487,506,517,-14.470,-75.619,0,357.98,362.74,1,120.78,12.92,2500,0,0,0
3045,50.80075,free_swing,642,481,527,545,-8.022,-60.903,0,348.63,452.85,0,131.61,5.12,2500,0,0,0
3046,50.81743,free_swing,657,474,565,521,-2.420,-62.939,0,329.98,623.30,1,103.31,25.52,2500,0,0,0
3047,50.83412,free_swing,669,468,582,563,2.526,-42.483,0,301.62,708.28,0,128.82,7.13,2500,0,0,0
3048,50.8508,free_swing,680,460,615,560,7.565,-33.024,0,293.26,887.73,1,119.27,14.01,2500,0,0,0
3049,50.86748,free_swing,689,454,653,563,12.031,-18.277,0,225.88,828.96,1,114.79,17.24,2500,0,0,0
3050,50.88417,free_swing,695,449,692,525,15.297,-2.261,0,88.36,1010.26,1,76.06,45.17,2500,0,0,0
3051,50.90085,free_swing,694,448,727,549,14.962,18.094,0,-73.04,1746.28,1,106.25,23.40,2500,1,0,0
3052,50.91753,free_swing,690,452,767,531,12.680,44.265,0,-198.42,2113.49,1,110.32,20.47,2500,1,0,0
3053,50.93422,free_swing,683,459,792,448,8.949,95.763,0,-217.33,1510.04,1,109.55,21.02,2500,1,0,0
3054,50.9509,free_swing,675,463,802,433,5.234,103.291,0,-170.64,835.68,1,130.50,5.92,2500,1,0,0
3055,50.96758,free_swing,671,465,810,430,3.442,104.133,0,-106.00,377.24,1,143.34,3.34,2500,1,0,0
3056,50.98427,free_swing,668,468,800,369,2.106,126.870,0,-68.14,754.93,1,165.00,18.95,2500,1,0,0
3057,51.00095,free_swing,665,468,788,357,0.843,132.064,0,-59.03,728.18,1,165.68,19.45,2500,0,0,0
3058,51.01763,free_swing,663,470,767,322,0.000,144.904,0,-54.17,433.93,1,180.89,30.41,2500,1,0,0
3059,51.03432,free_swing,661,471,747,310,-0.824,151.891,0,-46.71,481.54,1,182.53,31.59,2500,0,0,0
3060,51.051,free_swing,658,473,733,295,-2.031,157.152,0,-81.21,375.91,1,193.16,39.25,2500,0,0,0
3061,51.06768,free_swing,655,475,711,255,-3.202,165.719,0,-135.88,340.33,1,227.02,63.66,2500,0,0,0
3062,51.08437,free_swing,646,478,688,248,-6.642,169.651,0,-202.09,217.32,1,233.80,68.56,2500,0,0,0
3063,51.10105,free_swing,636,483,665,275,-10.138,172.063,0,-244.99,144.82,1,210.01,51.41,2500,0,0,0
3064,51.11773,free_swing,623,486,646,257,-14.560,174.265,0,-251.72,204.05,1,230.15,65.93,2500,0,0,0
3065,51.13442,free_swing,610,489,613,271,-18.654,179.212,0,-266.44,253.07,1,218.02,57.18,2500,0,0,0
3066,51.1511,free_swing,595,491,585,282,-23.155,-177.261,0,-269.27,162.62,1,209.24,50.85,2500,0,0,0
3067,51.16778,free_swing,579,491,561,302,-27.848,-174.560,0,-280.56,55.03,1,189.86,36.87,2500,0,0,0
3068,51.18447,free_swing,563,490,547,281,-32.330,-175.622,0,-273.97,136.44,1,209.61,51.12,2500,0,0,0
3069,51.20115,free_swing,546,487,517,286,-37.047,-171.790,0,-262.12,192.38,1,203.08,46.41,2500,0,0,0
3070,51.21783,free_swing,531,483,482,306,-41.159,-164.526,0,-253.82,851.16,1,183.66,32.41,2500,1,0,0
3071,51.23452,free_swing,516,477,456,305,-45.392,-160.769,0,-258.86,-77.55,1,182.16,31.33,2500,1,0,0
3072,51.2512,free_swing,501,469,406,344,-49.779,-142.765,0,-266.92,-1206.19,1,157.00,13.19,2500,1,0,0
3073,51.26788,free_swing,485,459,694,67,-54.493,151.935,0,-272.06,-1547.02,1,444.24,220.27,2500,1,0,0
3074,51.28457,free_swing,472,448,714,88,-58.728,146.090,0,-278.15,-1138.90,1,433.78,212.73,2500,1,0,0
3075,51.30125,free_swing,458,434,669,148,-63.547,143.581,0,-283.73,890.90,1,355.41,156.23,2500,1,0,0
3076,51.31793,free_swing,447,419,711,164,-68.062,134.007,0,-247.23,-1789.10,1,367.04,164.62,2500,1,0,0
3077,51.33462,free_swing,441,405,709,70,-71.798,141.340,0,-144.25,-4013.37,1,429.01,209.29,2500,1,0,1
3078,51.3513,free_swing,439,401,419,466,-72.879,-17.103,0,-15.51,-2866.53,1,68.01,50.97,2500,1,0,1
3079,51.36798,free_swing,440,404,426,491,-72.106,-9.142,0,92.59,-123.09,1,88.12,36.47,2500,1,0,0
3080,51.38467,free_swing,444,412,486,448,-69.933,49.399,0,150.69,1697.64,1,55.32,60.12,2500,1,0,0
3081,51.40135,free_swing,450,422,489,474,-67.094,36.870,0,194.45,-70.39,1,65.00,53.14,2500,1,0,0
3082,51.41803,free_swing,459,433,486,536,-63.660,14.689,0,236.80,-377.60,1,106.48,23.23,2500,1,0,0
3083,51.43472,free_swing,471,446,516,510,-59.300,35.112,0,263.72,215.34,1,78.24,43.60,2500,1,0,0
3084,51.4514,free_swing,485,459,533,517,-54.493,39.611,0,299.46,550.78,1,75.29,45.72,2500,1,0,0
3085,51.46808,free_swing,501,469,544,548,-49.779,28.560,0,323.06,-131.20,1,89.94,35.16,2500,1,0,0
3086,51.48477,free_swing,522,481,572,525,-43.420,48.652,0,368.84,-475.76,1,66.60,51.98,2500,1,0,0
3087,51.50145,free_swing,543,488,569,569,-37.569,17.796,0,411.72,-621.74,1,85.07,38.67,2500,0,0,0
3088,51.51813,free_swing,570,493,584,566,-30.012,10.856,0,420.84,-668.16,1,74.33,46.41,2500,0,0,0
3089,51.53482,free_swing,595,492,606,554,-23.025,10.061,0,423.98,-192.74,1,62.97,54.60,2500,1,0,0
3090,51.5515,free_swing,617,489,620,560,-16.330,2.420,0,403.11,-333.56,1,71.06,48.77,2500,0,0,0
3091,51.56818,free_swing,638,484,628,599,-9.340,-4.970,0,423.25,-348.24,1,115.43,16.78,2500,0,0,0
3092,51.58487,free_swing,657,476,646,579,-2.386,-6.096,0,442.50,-157.85,1,103.59,25.32,2500,0,0,0
3093,51.60155,free_swing,676,464,664,534,5.625,-9.728,0,469.21,150.53,1,71.02,48.80,2500,1,0,0
3094,51.61823,free_swing,691,452,680,570,13.134,-5.326,0,480.04,266.52,1,118.51,14.56,2500,0,0,0
3095,51.63492,free_swing,705,438,709,494,21.615,4.086,0,494.66,218.52,1,56.14,59.52,2500,0,0,0
3096,51.6516,free_swing,715,425,717,460,29.211,3.270,0,466.78,432.39,1,35.06,74.73,2500,1,0,0
3097,51.66828,free_swing,724,412,742,525,37.326,9.051,0,389.74,570.43,1,114.42,17.51,2500,0,0,0
3098,51.68497,free_swing,727,403,757,451,42.032,32.005,0,272.92,824.19,1,56.60,59.19,2500,1,0,0
3099,51.70165,free_swing,730,397,778,467,45.868,34.439,0,113.55,833.75,1,84.88,38.81,2500,0,0,0
3100,51.71833,free_swing,729,395,803,449,46.332,53.881,0,-38.32,766.83,1,91.61,33.96,2500,0,0,0
3101,51.73502,free_swing,728,399,823,438,44.132,67.681,0,-224.98,883.06,1,102.69,25.96,2500,0,0,0
3102,51.7517,free_swing,725,407,835,426,39.579,80.200,0,-339.44,1063.46,1,111.63,19.52,2500,0,0,0
3103,51.76838,free_swing,718,418,841,403,32.600,96.953,0,-384.42,995.45,1,123.91,10.67,2500,0,0,0
3104,51.78507,free_swing,711,427,837,345,26.806,123.056,0,-370.19,769.45,1,150.33,8.38,2500,1,0,0
3105,51.80175,free_swing,703,437,827,368,20.854,119.094,0,-340.85,492.09,1,141.90,2.30,2500,1,0,0
3106,51.81843,free_swing,694,446,812,335,15.213,133.249,0,-334.76,386.92,1,162.00,16.79,2500,0,0,0
3107,51.83512,free_swing,684,455,799,315,9.689,140.599,0,-324.93,505.31,1,181.18,30.62,2500,0,0,0
3108,51.8518,free_swing,673,463,779,306,4.365,145.974,0,-327.37,257.53,1,189.43,36.57,2500,1,0,0
3109,51.86848,free_swing,660,473,753,315,-1.219,149.519,0,-334.36,191.75,1,183.34,32.18,2500,0,0,0
3110,51.88517,free_swing,645,480,743,290,-6.934,152.716,0,-353.20,57.48,1,213.78,54.13,2500,0,0,0
3111,51.90185,free_swing,628,486,723,302,-12.804,152.692,0,-360.72,41.62,1,207.08,49.29,2500,0,0,0
3112,51.91853,free_swing,608,490,697,328,-19.193,151.216,0,-374.25,-54.70,1,184.84,33.26,2500,0,0,0
3113,51.93522,free_swing,588,492,676,312,-25.115,153.947,0,-381.49,-76.34,1,200.36,44.45,2500,0,0,0
3114,51.9519,free_swing,565,490,668,328,-31.809,147.552,0,-374.80,-127.81,1,191.97,38.40,2500,0,0,0
3115,51.96858,free_swing,543,486,646,324,-37.926,147.552,0,-369.56,-286.97,1,191.97,38.40,2500,0,0,0
3116,51.98527,free_swing,521,480,657,306,-43.815,141.988,0,-360.93,-356.47,1,220.84,59.21,2500,0,0,0
3117,52.00195,free_swing,500,469,637,345,-49.953,132.149,0,-356.85,-572.78,1,184.78,33.22,2500,1,0,0
3118,52.01863,free_swing,480,456,630,351,-55.879,124.992,0,-338.55,-533.73,1,183.10,32.00,2500,0,0,0
3119,52.03532,free_swing,465,441,632,371,-61.167,112.742,0,-316.66,-654.42,1,181.08,30.55,2500,0,0,0
3120,52.052,free_swing,452,425,621,376,-66.214,106.169,0,-294.40,-614.16,1,175.96,26.86,2500,0,0,0
3121,52.06868,free_swing,442,408,601,410,-71.022,89.279,0,-254.61,-548.85,1,159.01,14.64,2500,0,0,0
3122,52.08537,free_swing,436,394,599,403,-74.724,86.840,0,-187.39,-740.01,1,163.25,17.69,2500,0,0,0
3123,52.10205,free_swing,432,385,575,433,-77.078,71.445,0,-101.38,-771.97,0,150.84,8.75,2500,0,0,0
3124,52.11873,free_swing,430,381,542,465,-78.124,53.130,0,-16.63,-846.68,0,140.00,0.93,2500,0,0,0
3125,52.13542,free_swing,431,383,530,480,-77.602,45.585,0,69.59,-740.28,0,138.60,0.08,2500,0,0,0
3126,52.1521,free_swing,433,390,501,500,-75.847,31.724,0,150.08,-771.72,0,129.32,6.77,2500,0,0,0
3127,52.16878,free_swing,439,402,472,525,-72.646,15.018,0,213.51,-988.02,1,127.35,8.19,2500,1,0,0
3128,52.18547,free_swing,447,417,447,515,-68.519,0.000,0,291.50,-1084.90,1,98.00,29.35,2500,0,0,0
3129,52.20215,free_swing,459,434,429,503,-63.435,-23.499,0,365.72,-1960.51,1,75.24,45.76,2500,1,0,0
3130,52.21883,free_swing,479,454,398,517,-56.454,-52.125,0,394.87,-1937.77,1,102.62,26.02,2500,0,0,0
3131,52.23552,free_swing,500,469,432,452,-49.953,-104.036,0,357.65,-1264.14,1,70.09,49.47,2500,1,0,0
3132,52.2522,free_swing,518,478,394,470,-44.803,-93.691,0,296.65,-897.45,1,124.26,10.42,2500,1,0,0
3133,52.26888,free_swing,534,484,420,437,-40.321,-112.405,0,259.59,-739.90,1,123.31,11.10,2500,0,0,0
3134,52.28557,free_swing,550,489,459,385,-35.744,-138.814,0,258.40,-772.48,0,138.19,0.37,2500,0,0,0
3135,52.30225,free_swing,565,491,469,384,-31.648,-138.102,0,283.00,-239.77,1,143.75,3.64,2500,1,0,0
3136,52.31893,free_swing,584,491,469,382,-26.421,-133.466,0,328.45,32.92,1,158.45,14.23,2500,1,0,0
3137,52.33562,free_swing,604,490,503,344,-20.477,-145.325,0,379.41,197.42,1,177.53,27.99,2500,0,0,0
3138,52.3523,free_swing,625,486,504,369,-13.861,-134.037,0,399.17,226.02,1,168.32,21.34,2500,0,0,0
3139,52.36898,free_swing,645,479,512,392,-6.981,-123.190,0,423.04,291.54,1,158.93,14.58,2500,0,0,0
3140,52.38567,free_swing,663,469,550,365,0.000,-132.625,0,451.16,165.12,1,153.57,10.72,2500,0,0,0
3141,52.40235,free_swing,681,458,553,383,8.130,-120.368,0,487.52,548.82,1,148.35,6.95,2500,1,0,0
3142,52.41903,free_swing,696,444,560,396,16.417,-109.440,0,525.16,713.72,0,144.22,3.98,2500,0,0,0
3143,52.43572,free_swing,709,429,570,418,25.372,-94.525,0,566.54,849.30,0,139.43,0.52,2500,0,0,0
3144,52.4524,free_swing,720,414,599,413,34.804,-90.474,0,555.95,722.12,1,121.00,12.76,2500,0,0,0
3145,52.46908,free_swing,728,399,608,460,44.132,-63.054,0,459.62,406.71,1,134.61,2.95,2500,1,0,0
3146,52.48577,free_swing,733,391,635,426,49.874,-70.346,0,291.86,748.64,1,104.06,24.98,2500,1,0,0
3147,52.50245,free_swing,734,385,668,429,53.259,-56.310,0,95.97,1172.72,1,79.32,42.81,2500,1,0,0
3148,52.51913,free_swing,734,385,704,479,53.259,-17.700,0,-101.92,1665.00,1,98.67,28.86,2500,1,0,0
3149,52.53582,free_swing,733,391,735,453,49.874,1.848,0,-310.72,1586.62,1,62.03,55.28,2500,1,0,0
3150,52.5525,free_swing,728,402,763,489,42.879,21.915,0,-521.29,1278.77,1,93.78,32.39,2500,1,0,0
3151,52.56918,free_swing,719,417,783,465,33.378,53.130,0,-650.17,1301.94,1,80.00,42.33,2500,0,0,0
3152,52.58587,free_swing,704,437,818,492,21.329,64.245,0,-624.64,1017.14,1,126.57,8.75,2500,1,0,0
3153,52.60255,free_swing,689,453,825,467,12.127,84.123,0,-500.41,855.55,0,136.72,1.43,2500,0,0,0
3154,52.61923,free_swing,676,462,816,448,5.711,95.711,0,-353.87,1048.93,0,140.70,1.43,2500,0,0,0
3155,52.63592,free_swing,663,469,807,405,0.000,113.962,0,-291.80,651.38,1,157.58,13.61,2500,1,0,0
3156,52.6526,free_swing,652,477,789,375,-4.338,126.669,0,-281.58,439.09,1,170.80,23.14,2500,1,0,0
3157,52.66928,free_swing,639,481,781,394,-9.150,121.495,0,-278.03,322.88,1,166.53,20.06,2500,0,0,0
3158,52.68597,free_swing,624,486,752,357,-14.211,135.223,0,-300.75,296.69,1,181.73,31.01,2500,0,0,0
3159,52.70265,free_swing,609,490,733,340,-18.869,140.421,0,-311.76,232.21,1,194.62,40.31,2500,0,0,0
3160,52.71933,free_swing,590,491,718,353,-24.661,137.153,0,-330.51,-4.36,1,188.22,35.70,2500,1,0,0
3161,52.73602,free_swing,571,491,694,349,-30.054,139.101,0,-347.37,-20.61,1,187.86,35.44,2500,0,0,0
3162,52.7527,free_swing,549,489,685,321,-35.984,141.009,0,-348.52,34.01,1,216.15,55.83,2500,0,0,0
3163,52.76938,free_swing,528,483,661,343,-41.798,136.469,0,-346.37,-124.58,1,193.10,39.22,2500,0,0,0
3164,52.78607,free_swing,509,473,653,317,-47.523,137.291,0,-333.17,-403.49,1,212.30,53.06,2500,1,0,0
3165,52.80275,free_swing,490,463,643,346,-52.866,127.405,0,-330.91,-450.03,1,192.61,38.86,2500,0,0,0
3166,52.81943,free_swing,473,449,630,374,-58.376,115.534,0,-318.82,-470.64,1,173.99,25.44,2500,0,0,0
3167,52.83612,free_swing,458,433,634,352,-63.771,114.713,0,-305.10,-520.30,1,193.74,39.68,2500,0,0,0
3168,52.8528,free_swing,447,418,611,379,-68.290,103.377,0,-276.97,-468.64,1,168.57,21.53,2500,0,0,0
3169,52.86948,free_swing,439,401,601,402,-72.879,89.646,0,-236.04,-587.56,1,162.00,16.79,2500,0,0,0
3170,52.88617,free_swing,433,388,600,389,-76.316,89.657,0,-176.18,-630.84,1,167.00,20.40,2500,0,0,0
3171,52.90285,free_swing,430,379,572,425,-78.596,72.051,0,-100.59,-484.76,0,149.26,7.61,2500,0,0,0
3172,52.91953,free_swing,429,375,559,445,-79.587,61.699,0,-28.50,-710.15,1,147.65,6.45,2500,1,0,0
3173,52.93622,free_swing,429,375,549,439,-79.587,61.928,0,45.46,-550.25,0,136.00,1.95,2500,0,0,0
3174,52.9529,free_swing,430,381,514,489,-78.124,37.875,0,118.42,-466.93,0,136.82,1.36,2500,0,0,0
3175,52.96958,free_swing,434,391,506,474,-75.552,40.941,0,187.68,-92.62,1,109.88,20.79,2500,1,0,0
3176,52.98627,free_swing,440,405,497,480,-71.874,37.235,0,254.92,-384.98,1,94.20,32.09,2500,1,0,0
3177,53.00295,free_swing,450,422,483,476,-67.094,31.430,0,337.74,-1533.24,1,63.29,54.38,2500,1,0,0
3178,53.01963,free_swing,467,441,451,500,-60.921,-15.173,0,404.77,-2459.99,1,61.13,55.93,2500,1,0,0
3179,53.03632,free_swing,488,461,416,519,-53.604,-51.147,0,417.29,-2145.72,1,92.46,33.35,2500,1,0,0
3180,53.053,free_swing,510,475,432,478,-46.935,-87.797,0,374.15,-1285.58,1,78.06,43.73,2500,1,0,0
3181,53.06968,free_swing,530,483,414,488,-41.373,-87.532,0,316.32,-524.44,1,116.11,16.29,2500,1,0,0
3182,53.08637,free_swing,548,488,437,455,-36.397,-106.557,0,284.86,-86.47,1,115.80,16.51,2500,1,0,0
3183,53.10305,free_swing,565,491,422,473,-31.648,-97.174,0,292.25,-234.33,0,144.13,3.91,2500,0,0,0
3184,53.11973,free_swing,583,491,441,454,-26.709,-104.604,0,318.08,-99.46,0,146.74,5.79,2500,0,0,0
3185,53.13642,free_swing,603,490,464,436,-20.794,-111.231,0,369.57,-392.51,1,149.12,7.51,2500,1,0,0
3186,53.1531,free_swing,623,486,486,436,-14.560,-110.050,0,409.82,-69.00,1,145.84,5.14,2500,1,0,0
3187,53.16978,free_swing,645,478,509,411,-7.028,-116.227,0,432.29,237.88,1,151.61,9.30,2500,1,0,0
3188,53.18647,free_swing,663,470,514,433,0.000,-103.946,0,447.83,488.83,1,153.53,10.68,2500,1,0,0
3189,53.20315,free_swing,680,458,536,445,7.684,-95.159,0,479.01,731.45,1,144.59,4.24,2500,1,0,0
3190,53.21983,free_swing,695,445,546,458,15.811,-85.014,0,507.66,603.45,0,149.57,7.83,2500,0,0,0
3191,53.23652,free_swing,709,431,573,473,24.922,-72.838,0,534.63,423.14,0,142.34,2.62,2500,0,0,0
3192,53.2532,free_swing,718,417,608,462,32.905,-67.751,0,500.90,539.63,1,118.85,14.32,2500,0,0,0
3193,53.26988,free_swing,727,404,635,452,41.634,-62.447,0,403.46,626.03,1,103.77,25.19,2500,0,0,0
3194,53.28657,free_swing,730,396,667,472,46.312,-39.657,0,240.84,587.80,1,98.72,28.83,2500,0,0,0
3195,53.30325,free_swing,733,393,697,449,48.930,-32.735,0,9.58,1957.21,1,66.57,52.00,2500,1,0,0
3196,53.31993,free_swing,731,395,723,449,47.186,-8.427,0,-204.03,2286.82,1,54.59,60.64,2500,1,0,0
3197,53.33662,free_swing,727,404,765,415,41.634,73.856,0,-450.40,1900.54,1,39.56,71.48,2500,1,0,0
3198,53.3533,free_swing,719,417,788,464,33.378,55.739,0,-582.47,753.65,1,83.49,39.81,2500,1,0,0
3199,53.36998,free_swing,705,436,820,473,21.991,72.165,0,-582.76,270.26,1,120.81,12.91,2500,1,0,0
3200,53.38667,free_swing,692,449,830,459,13.921,85.855,0,-474.49,1146.32,1,138.36,0.25,2500,1,0,0
3201,53.40335,free_swing,679,460,819,420,7.125,105.945,0,-340.33,913.79,1,145.60,4.97,2500,1,0,0
3202,53.42003,free_swing,668,466,807,395,2.137,117.058,0,-271.49,846.64,1,156.08,12.53,2500,0,0,0
3203,53.43672,free_swing,658,472,785,363,-2.045,130.638,0,-242.14,618.82,1,167.36,20.66,2500,1,0,0
3204,53.4534,free_swing,648,478,761,336,-5.866,141.488,0,-247.87,460.13,1,181.47,30.83,2500,0,0,0
3205,53.47008,free_swing,635,482,741,331,-10.574,144.932,0,-262.72,354.52,1,184.49,33.01,2500,0,0,0
3206,53.48677,free_swing,622,487,711,328,-14.816,150.762,0,-278.52,301.26,1,182.21,31.36,2500,0,0,0
3207,53.50345,free_swing,607,489,680,305,-19.631,158.360,0,-296.41,244.48,1,197.95,42.71,2500,0,0,0
3208,53.52013,free_swing,589,492,657,322,-24.821,158.199,0,-327.01,64.19,1,183.10,32.00,2500,0,0,0
3209,53.53682,free_swing,569,492,636,314,-30.434,159.373,0,-335.96,-22.79,1,190.19,37.12,2500,0,0,0
3210,53.5535,free_swing,550,487,621,308,-36.093,158.364,0,-331.04,-46.14,1,192.57,38.83,2500,0,0,0
3211,53.57018,free_swing,530,483,597,313,-41.373,158.490,0,-315.29,-43.41,1,182.73,31.73,2500,0,0,0
3212,53.58687,free_swing,512,475,591,298,-46.559,155.947,0,-302.06,-9.79,1,193.83,39.74,2500,0,0,0
3213,53.60355,free_swing,495,466,571,278,-51.423,157.989,0,-282.17,-85.79,1,202.78,46.19,2500,0,0,0
3214,53.62023,free_swing,480,455,552,294,-56.094,155.906,0,-265.95,-75.65,1,176.37,27.15,2500,0,0,0
3215,53.63692,free_swing,468,444,563,262,-60.129,152.436,0,-252.07,25.22,1,205.30,48.01,2500,0,0,0
3216,53.6536,free_swing,456,431,538,245,-64.440,156.209,0,-230.15,59.69,1,203.27,46.55,2500,0,0,0
3217,53.67028,free_swing,448,419,511,254,-67.969,159.102,0,-197.04,100.00,1,176.62,27.33,2500,0,0,0
3218,53.68697,free_swing,442,409,533,211,-70.791,155.317,0,-145.31,81.47,1,217.91,57.10,2500,0,0,0
3219,53.70365,free_swing,439,401,494,228,-72.879,162.364,0,-97.47,182.26,1,181.53,30.87,2500,0,0,0
3220,53.72033,free_swing,436,397,479,240,-74.021,164.683,0,-52.28,418.95,1,162.78,17.36,2500,1,0,0
3221,53.73702,free_swing,436,395,463,219,-74.489,171.278,0,0.92,448.80,1,178.06,28.37,2500,0,0,0
3222,53.7537,free_swing,437,396,428,233,-74.189,-176.840,0,60.09,663.20,1,163.25,17.69,2500,1,0,0
3223,53.77038,free_swing,440,402,420,247,-72.573,-172.648,0,105.50,251.15,1,156.28,12.67,2500,1,0,0
3224,53.78707,free_swing,443,410,403,254,-70.478,-165.619,0,125.20,-828.62,1,161.05,16.10,2500,1,0,0
3225,53.80375,free_swing,447,417,478,265,-68.519,168.473,0,133.88,-1335.52,1,155.13,11.84,2500,1,0,0
3226,53.82043,free_swing,452,425,681,173,-66.214,137.738,0,148.02,-852.15,1,340.51,145.48,2500,1,0,0
3227,53.83712,free_swing,459,434,712,116,-63.435,141.494,0,168.46,-18.47,1,406.37,192.96,2500,1,0,0
3228,53.8538,free_swing,467,442,700,49,-60.698,149.337,0,172.48,-495.40,1,456.88,229.38,2500,1,0,0
3229,53.87048,free_swing,475,451,720,139,-57.667,141.859,0,169.47,1456.73,1,396.70,185.99,2500,1,0,0
3230,53.88717,free_swing,484,457,719,89,-55.072,147.438,0,158.57,3705.64,1,436.63,214.79,2500,1,0,1
3231,53.90385,free_swing,492,464,396,506,-52.334,-66.371,0,151.00,4417.80,1,104.79,24.46,2500,1,0,1
3232,53.92053,free_swing,500,469,450,524,-49.953,-42.274,0,161.91,3129.31,1,74.33,46.41,2500,1,0,1
3233,53.93722,free_swing,511,474,490,561,-46.948,-13.570,0,190.15,830.23,1,89.50,35.48,2500,1,0,0
3234,53.9539,free_swing,523,480,545,551,-43.409,17.216,0,244.37,1413.85,1,74.33,46.41,2500,1,0,0
3235,53.97058,free_swing,538,487,585,598,-38.884,22.949,0,302.67,1289.35,1,120.54,13.10,2500,0,0,0
3236,53.98727,free_swing,559,491,638,541,-33.188,57.670,0,365.19,735.54,1,93.49,32.60,2500,1,0,0
3237,54.00395,free_swing,582,493,679,540,-26.707,64.148,0,425.09,415.58,1,107.79,22.29,2500,1,0,0
3238,54.02063,free_swing,608,490,714,565,-19.193,54.719,0,465.83,8.44,1,129.85,6.39,2500,1,0,0
3239,54.03732,free_swing,634,483,747,527,-10.871,68.725,0,515.64,195.07,1,121.26,12.58,2500,0,0,0
3240,54.054,free_swing,657,474,769,516,-2.420,69.444,0,555.61,275.87,1,119.62,13.76,2500,0,0,0
3241,54.07068,free_swing,680,460,783,499,7.565,69.261,0,579.50,35.34,1,110.14,20.60,2500,1,0,0
3242,54.08737,free_swing,697,444,800,472,16.887,74.792,0,548.70,33.45,1,106.74,23.05,2500,0,0,0
3243,54.10405,free_swing,710,430,818,461,25.622,73.985,0,463.67,336.61,1,112.36,18.99,2500,1,0,0
3244,54.12073,free_swing,717,418,826,441,32.125,78.085,0,347.70,760.00,1,111.40,19.69,2500,1,0,0
3245,54.13742,free_swing,722,410,829,389,37.104,101.104,0,210.24,784.12,1,109.04,21.39,2500,0,0,0
3246,54.1541,free_swing,724,407,832,366,39.123,110.788,0,51.94,221.67,1,115.52,16.72,2500,1,0,0
3247,54.17078,free_swing,724,407,842,375,39.123,105.173,0,-82.55,133.10,1,122.26,11.86,2500,0,0,0
3248,54.18747,free_swing,721,411,852,373,36.285,106.176,0,-162.43,272.63,0,136.40,1.66,2500,0,0,0
3249,54.20415,free_swing,719,416,832,328,33.690,127.910,0,-199.62,659.93,1,143.22,3.26,2500,1,0,0
3250,54.22083,free_swing,715,422,836,346,30.018,122.133,0,-222.81,591.47,0,142.89,3.01,2500,0,0,0
3251,54.23752,free_swing,710,428,818,282,26.086,143.509,0,-279.23,373.18,1,181.60,30.93,2500,1,0,0
3252,54.2542,free_swing,703,436,808,294,21.038,143.519,0,-318.15,348.11,1,176.60,27.32,2500,0,0,0
3253,54.27088,free_swing,694,446,792,295,15.213,147.016,0,-340.46,95.31,1,180.01,29.78,2500,1,0,0
3254,54.28757,free_swing,684,455,782,289,9.689,149.444,0,-345.59,163.36,1,192.77,38.97,2500,0,0,0
3255,54.30425,free_swing,672,464,760,285,3.900,153.820,0,-364.66,77.14,1,199.46,43.80,2500,0,0,0
3256,54.32093,free_swing,657,474,752,303,-2.420,150.945,0,-384.14,17.74,1,195.62,41.03,2500,0,0,0
3257,54.33762,free_swing,639,481,739,286,-9.150,152.850,0,-394.97,-114.77,1,219.15,57.99,2500,0,0,0
3258,54.3543,free_swing,620,488,732,290,-15.410,150.505,0,-396.82,-142.06,1,227.48,64.00,2500,0,0,0
3259,54.37098,free_swing,598,491,718,324,-22.235,144.300,0,-392.07,-355.67,1,205.64,48.26,2500,1,0,0
3260,54.38767,free_swing,576,491,715,318,-28.686,141.219,0,-379.77,-504.59,1,221.92,59.99,2500,0,0,0
3261,54.40435,free_swing,554,489,702,370,-34.771,128.801,0,-359.41,-435.70,1,189.91,36.91,2500,0,0,0
3262,54.42103,free_swing,533,484,690,389,-40.539,121.178,0,-340.29,-471.59,1,183.50,32.30,2500,0,0,0
3263,54.43772,free_swing,513,476,691,377,-46.169,119.082,0,-313.78,-342.88,1,203.68,46.84,2500,0,0,0
3264,54.4544,free_swing,497,467,668,424,-50.880,104.115,0,-265.17,-846.24,1,176.32,27.12,2500,1,0,0
3265,54.47108,free_swing,484,458,642,442,-54.858,95.782,0,-189.43,-1307.47,1,158.81,14.49,2500,1,0,0
3266,54.48777,free_swing,477,452,597,518,-57.171,61.189,0,-88.37,-1079.47,1,136.95,1.27,2500,1,0,0
3267,54.50445,free_swing,475,451,561,533,-57.667,46.364,0,37.77,-1271.15,1,118.83,14.33,2500,0,0,0
3268,54.52113,free_swing,481,455,534,527,-55.948,36.357,0,182.71,-1588.58,1,89.40,35.55,2500,1,0,0
3269,54.53782,free_swing,492,465,476,545,-52.125,-11.310,0,278.41,-2133.20,1,81.58,41.18,2500,1,0,0
3270,54.5545,free_swing,511,476,435,553,-46.548,-44.626,0,281.29,-2428.54,1,108.19,22.00,2500,1,0,0
3271,54.57118,free_swing,525,481,413,511,-42.805,-75.005,0,200.44,-1792.63,1,115.95,16.41,2500,1,0,0
3272,54.58787,free_swing,534,484,428,436,-40.321,-114.362,0,103.63,-1214.47,1,116.36,16.11,2500,1,0,0
3273,54.60455,free_swing,538,485,414,423,-39.249,-116.565,0,52.45,-497.96,1,138.64,0.05,2500,1,0,0
3274,54.62123,free_swing,540,486,414,396,-38.614,-125.538,0,15.98,-568.80,1,154.84,11.63,2500,0,0,0
3275,54.63792,free_swing,541,486,428,372,-38.387,-135.252,0,-5.88,-907.28,1,160.51,15.72,2500,1,0,0
3276,54.6546,free_swing,540,486,483,306,-38.614,-162.429,0,3.88,-843.39,1,188.81,36.12,2500,0,0,0
3277,54.67128,free_swing,541,486,487,320,-38.387,-161.980,0,61.93,-624.80,1,174.56,25.85,2500,1,0,0
3278,54.68797,free_swing,548,487,536,286,-36.573,-176.583,0,127.34,-302.72,1,201.36,45.17,2500,1,0,0
3279,54.70465,free_swing,558,489,563,276,-33.774,178.655,0,172.19,-466.79,1,213.06,53.60,2500,0,0,0
3280,54.72133,free_swing,568,490,582,282,-31.017,176.149,0,197.37,-203.19,1,208.47,50.29,2500,1,0,0
3281,54.73802,free_swing,580,492,640,246,-27.418,166.293,0,220.82,-154.73,1,253.21,82.55,2500,0,0,0
3282,54.7547,free_swing,594,491,628,277,-23.459,170.972,0,243.04,-113.70,1,216.68,56.22,2500,0,0,0
3283,54.77138,free_swing,607,491,658,281,-19.402,166.350,0,253.73,-129.74,1,216.10,55.80,2500,0,0,0
3284,54.78807,free_swing,621,488,679,311,-15.068,161.857,0,259.69,-345.97,1,186.26,34.28,2500,1,0,0
3285,54.80475,free_swing,635,483,708,311,-10.505,157.003,0,279.00,-406.82,1,186.85,34.71,2500,0,0,0
3286,54.82143,free_swing,648,478,745,319,-5.866,148.614,0,316.23,-440.91,1,186.25,34.28,2500,0,0,0
3287,54.83812,free_swing,663,470,770,344,0.000,139.662,0,364.33,-586.96,1,165.30,19.17,2500,0,0,0
3288,54.8548,free_swing,678,462,798,352,6.582,132.510,0,413.60,-656.28,1,162.79,17.36,2500,0,0,0
3289,54.87148,free_swing,692,450,822,388,13.808,115.498,0,483.87,-801.42,0,144.03,3.83,2500,0,0,0
3290,54.88817,free_swing,705,435,838,399,22.184,105.146,0,559.59,-990.79,0,137.79,0.66,2500,0,0,0
3291,54.90485,free_swing,718,419,842,427,32.300,86.309,0,572.48,-1030.05,1,124.26,10.42,2500,0,0,0
3292,54.92153,free_swing,726,404,816,442,41.186,67.109,0,464.05,-1005.55,1,97.69,29.57,2500,0,0,0
3293,54.93822,free_swing,730,394,792,441,47.220,52.836,0,230.11,-962.82,1,77.80,43.91,2500,1,0,0
3294,54.9549,free_swing,731,391,779,452,49.054,38.199,0,-19.24,-1072.76,1,77.62,44.04,2500,1,0,0
3295,54.97158,free_swing,730,396,753,479,46.312,15.489,0,-221.50,-1284.28,1,86.13,37.91,2500,1,0,0
3296,54.98827,free_swing,727,404,723,486,41.634,-2.793,0,-362.20,-981.60,1,82.10,40.81,2500,1,0,0
3297,55.00495,free_swing,721,415,702,467,34.946,-20.072,0,-455.21,-495.07,1,55.36,60.09,2500,1,0,0
3298,55.02163,free_swing,711,428,684,513,26.565,-17.622,0,-502.90,-220.39,1,89.19,35.70,2500,1,0,0
3299,55.03832,free_swing,699,443,664,524,17.969,-23.369,0,-513.80,16.38,1,88.24,36.39,2500,1,0,0
3300,55.055,free_swing,685,457,646,542,9.982,-24.647,0,-497.36,48.56,1,93.52,32.58,2500,0,0,0
3301,55.07168,free_swing,666,470,631,580,1.245,-17.650,0,-493.76,212.76,1,115.43,16.78,2500,0,0,0
3302,55.08837,free_swing,646,480,611,594,-6.553,-17.067,0,-496.62,199.28,1,119.25,14.03,2500,0,0,0
3303,55.10505,free_swing,621,489,596,601,-14.977,-12.583,0,-485.80,207.73,1,114.76,17.27,2500,0,0,0
3304,55.12173,free_swing,595,492,585,597,-23.025,-5.440,0,-468.62,951.36,1,105.48,23.96,2500,1,0,0
3305,55.13842,free_swing,569,492,578,541,-30.434,10.408,0,-422.75,1960.63,1,49.82,64.08,2500,1,0,0
3306,55.1551,free_swing,545,488,578,514,-37.104,51.766,0,-373.86,958.07,1,42.01,69.71,2500,1,0,0
3307,55.17178,free_swing,524,481,570,497,-43.011,70.821,0,-336.61,-490.28,1,48.70,64.89,2500,1,0,0
3308,55.18847,free_swing,506,472,531,579,-48.276,13.151,0,-319.89,-1358.34,1,109.88,20.78,2500,1,0,0
3309,55.20515,free_swing,488,461,519,545,-53.604,20.256,0,-306.22,-476.50,1,89.54,35.45,2500,1,0,0
3310,55.22183,free_swing,472,448,500,543,-58.728,16.422,0,-289.62,592.90,1,99.04,28.60,2500,1,0,0
3311,55.23852,free_swing,460,435,501,509,-63.097,28.989,0,-259.67,69.48,1,84.60,39.01,2500,1,0,0
3312,55.2552,free_swing,450,421,483,495,-67.323,24.034,0,-227.10,-375.30,1,81.02,41.59,2500,1,0,0
3313,55.27188,free_swing,443,409,463,491,-70.710,13.707,0,-188.90,-1262.46,1,84.40,39.15,2500,1,0,0
3314,55.28857,free_swing,438,399,438,489,-73.418,0.000,0,-125.39,656.14,1,90.00,35.12,2500,1,0,0
3315,55.30525,free_swing,435,393,437,462,-75.022,1.660,0,-51.64,2883.50,1,69.03,50.23,2500,1,0,1
3316,55.32193,free_swing,435,393,448,388,-75.022,111.038,0,32.81,3423.46,1,13.93,89.96,2500,1,0,1
3317,55.33862,free_swing,437,397,664,155,-73.954,136.832,0,109.02,1929.51,1,331.80,139.21,2500,1,0,0
3318,55.3553,free_swing,441,406,710,76,-71.565,140.815,0,162.36,-61.54,1,425.75,206.94,2500,1,0,0
3319,55.37198,free_swing,447,417,607,190,-68.519,144.822,0,188.91,-73.49,1,277.72,100.22,2500,0,0,0
3320,55.38867,free_swing,454,428,682,92,-65.329,145.840,0,193.64,3.83,1,406.05,192.74,2500,0,0,0
3321,55.40535,free_swing,462,438,698,152,-62.194,140.471,0,191.94,-142.16,1,370.80,167.32,2500,0,0,0
3322,55.42203,free_swing,471,448,659,130,-58.861,149.409,0,197.94,598.85,1,369.42,166.33,2500,1,0,0
3323,55.43872,free_swing,482,456,691,82,-55.586,150.803,0,211.55,1394.56,1,428.44,208.88,2500,1,0,0
3324,55.4554,free_swing,494,465,451,311,-51.798,-164.399,0,235.54,1434.13,1,159.89,15.27,2500,0,0,0
3325,55.47208,free_swing,508,473,427,328,-47.708,-150.811,0,261.55,780.79,1,166.09,19.74,2500,1,0,0
3326,55.48877,free_swing,524,481,437,333,-43.011,-149.551,0,286.85,-180.01,1,171.68,23.77,2500,1,0,0
3327,55.50545,free_swing,542,486,461,322,-38.157,-153.715,0,312.94,2.10,1,182.91,31.87,2500,0,0,0
3328,55.52213,free_swing,562,490,473,325,-32.588,-151.658,0,341.84,126.85,1,187.47,35.16,2500,0,0,0
3329,55.53882,free_swing,583,491,480,351,-26.709,-143.658,0,374.46,45.57,1,173.81,25.30,2500,0,0,0
3330,55.5555,free_swing,605,490,517,346,-20.158,-148.570,0,400.33,251.51,1,168.76,21.67,2500,1,0,0
3331,55.57218,free_swing,627,485,533,348,-13.241,-145.545,0,432.13,335.95,1,166.15,19.78,2500,0,0,0
3332,55.58887,free_swing,648,477,522,388,-5.906,-125.235,0,459.94,761.76,1,154.26,11.21,2500,1,0,0
3333,55.60555,free_swing,668,467,544,376,2.121,-126.274,0,486.63,782.00,1,153.81,10.89,2500,0,0,0
3334,55.62223,free_swing,685,454,536,424,10.222,-101.384,0,488.93,708.45,0,151.99,9.58,2500,0,0,0
3335,55.63892,free_swing,699,440,565,429,18.435,-94.693,0,487.53,906.43,0,134.45,3.07,2500,0,0,0
3336,55.6556,free_swing,710,429,588,450,25.852,-80.233,0,441.68,891.30,1,123.79,10.75,2500,0,0,0
3337,55.67228,free_swing,719,418,609,480,33.071,-60.593,0,308.75,1189.43,1,126.27,8.97,2500,1,0,0
3338,55.68897,free_swing,722,412,641,500,36.409,-42.628,0,113.99,687.65,1,119.60,13.77,2500,1,0,0
3339,55.70565,free_swing,722,413,681,491,36.069,-27.728,0,-115.05,741.88,1,88.12,36.47,2500,1,0,0
3340,55.72233,free_swing,719,419,708,442,32.768,-25.560,0,-345.44,2099.48,1,25.50,81.62,2500,1,0,0
3341,55.73902,free_swing,710,430,756,520,25.622,27.072,0,-507.77,2650.79,1,101.07,27.13,2500,1,0,1
3342,55.7557,free_swing,695,447,775,447,15.550,90.000,0,-529.28,2060.50,1,80.00,42.33,2500,1,0,0
3343,55.77238,free_swing,681,460,801,467,8.005,86.662,0,-412.93,1049.19,1,120.20,13.34,2500,1,0,0
3344,55.78907,free_swing,669,466,802,433,2.564,103.935,0,-274.60,574.52,1,137.03,1.21,2500,1,0,0
3345,55.80575,free_swing,660,471,792,360,-1.236,130.061,0,-203.18,764.33,1,172.47,24.34,2500,0,0,0
3346,55.82243,free_swing,652,476,788,383,-4.368,124.365,0,-161.87,476.01,1,164.76,18.78,2500,1,0,0
3347,55.83912,free_swing,645,480,767,352,-6.934,136.375,0,-147.06,382.72,1,176.83,27.48,2500,0,0,0
3348,55.8558,free_swing,638,483,744,305,-9.401,149.226,0,-173.52,561.07,1,207.17,49.36,2500,0,0,0
3349,55.87248,free_swing,629,485,722,322,-12.529,150.293,0,-220.73,314.09,1,187.66,35.29,2500,1,0,0
3350,55.88917,free_swing,615,489,685,316,-17.000,157.971,0,-261.09,247.60,1,186.63,34.55,2500,0,0,0
3351,55.90585,free_swing,601,491,668,286,-21.303,161.901,0,-278.32,270.36,1,215.67,55.49,2500,0,0,0
3352,55.92253,free_swing,585,492,633,311,-25.989,165.147,0,-276.43,173.40,1,187.26,35.00,2500,0,0,0
3353,55.93922,free_swing,568,492,607,306,-30.700,168.158,0,-283.09,160.07,1,190.04,37.01,2500,0,0,0
3354,55.9559,free_swing,552,489,581,308,-35.261,170.897,0,-281.26,171.10,1,183.31,32.15,2500,0,0,0
3355,55.97258,free_swing,535,484,558,296,-40.101,173.025,0,-279.55,114.52,1,189.40,36.55,2500,0,0,0
3356,55.98927,free_swing,519,478,530,302,-44.605,176.424,0,-269.57,169.12,1,176.34,27.13,2500,0,0,0
3357,56.00595,free_swing,504,470,516,280,-49.044,176.386,0,-252.46,113.82,1,190.38,37.25,2500,0,0,0
3358,56.02263,free_swing,490,462,481,284,-53.077,-177.105,0,-243.46,253.45,1,178.23,28.49,2500,0,0,0
3359,56.03932,free_swing,478,452,474,268,-57.031,-178.755,0,-230.83,321.69,1,184.04,32.68,2500,0,0,0
3360,56.056,free_swing,467,441,434,275,-60.921,-168.756,0,-221.87,-244.38,1,169.25,22.02,2500,1,0,0
3361,56.07268,free_swing,457,431,449,251,-64.332,-177.455,0,-202.93,-827.45,1,180.18,29.90,2500,1,0,0
3362,56.08937,free_swing,448,420,549,196,-67.741,155.730,0,-187.75,-1250.96,1,245.72,77.15,2500,1,0,0
3363,56.10605,free_swing,442,410,631,152,-70.560,143.775,0,-175.25,-704.29,1,319.82,130.57,2500,1,0,0
3364,56.12273,free_swing,437,399,656,193,-73.487,133.248,0,-159.04,-52.17,1,300.66,116.76,2500,1,0,0
3365,56.13942,free_swing,433,390,642,128,-75.847,141.420,0,-131.16,199.93,1,335.15,141.62,2500,1,0,0
3366,56.1561,free_swing,430,383,664,91,-77.654,141.292,0,-60.23,32.12,1,374.19,169.77,2500,0,0,0
3367,56.17278,free_swing,431,381,607,153,-78.074,142.334,0,28.91,-115.76,1,288.03,107.65,2500,0,0,0
3368,56.18947,free_swing,433,387,611,213,-76.551,134.349,0,113.46,41.78,1,248.92,79.45,2500,0,0,0
3369,56.20615,free_swing,436,396,664,89,-74.255,143.400,0,162.09,-832.30,1,382.40,175.69,2500,1,0,0
3370,56.22283,free_swing,442,407,620,170,-71.255,143.091,0,190.35,2011.66,1,296.40,113.69,2500,1,0,0
3371,56.23952,free_swing,448,419,635,182,-67.969,141.726,0,223.81,4294.12,1,301.89,117.64,2500,1,0,1
3372,56.2562,free_swing,459,432,393,515,-63.886,-38.491,0,256.22,4489.90,1,106.04,23.55,2500,0,0,1
3373,56.27288,free_swing,471,446,423,511,-59.300,-36.444,0,287.72,2287.77,1,80.80,41.75,2500,1,0,0
3374,56.28957,free_swing,486,459,439,551,-54.340,-27.061,0,315.44,-375.71,1,103.31,25.52,2500,1,0,0
3375,56.30625,free_swing,504,471,473,573,-48.840,-16.905,0,348.16,431.08,1,106.61,23.14,2500,1,0,0
3376,56.32293,free_swing,525,481,516,529,-42.805,-10.620,0,365.39,356.28,1,48.84,64.79,2500,0,0,0
3377,56.33962,free_swing,547,489,534,562,-36.459,-10.098,0,374.78,351.40,1,74.15,46.54,2500,0,0,0
3378,56.3563,free_swing,569,492,572,555,-30.434,2.726,0,387.07,226.60,1,63.07,54.53,2500,0,0,0
3379,56.37298,free_swing,592,494,597,563,-23.666,4.145,0,406.82,413.96,1,69.18,50.12,2500,0,0,0
3380,56.38967,free_swing,616,489,625,590,-16.666,5.092,0,426.20,355.63,1,101.40,26.90,2500,0,0,0
3381,56.40635,free_swing,638,482,670,550,-9.462,25.201,0,445.62,674.57,1,75.15,45.82,2500,1,0,0
3382,56.42303,free_swing,658,474,695,557,-2.017,24.027,0,463.19,516.71,1,90.87,34.49,2500,0,0,0
3383,56.43972,free_swing,677,463,718,508,6.100,42.337,0,476.28,429.76,1,60.88,56.11,2500,0,0,0
3384,56.4564,free_swing,692,451,745,514,13.696,40.073,0,463.47,428.61,1,82.33,40.65,2500,0,0,0
3385,56.47308,free_swing,704,437,769,479,21.329,57.131,0,416.40,791.53,1,77.39,44.21,2500,1,0,0
3386,56.48977,free_swing,712,426,787,465,27.532,62.526,0,329.09,1372.13,1,84.53,39.06,2500,1,0,0
3387,56.50645,free_swing,717,418,812,402,32.125,99.560,0,197.08,733.17,1,96.34,30.55,2500,1,0,0
3388,56.52313,free_swing,720,416,816,388,34.160,106.260,0,44.23,510.08,1,100.00,27.91,2500,1,0,0
3389,56.53982,free_swing,719,415,846,407,34.007,93.604,0,-45.84,448.28,0,127.25,8.26,2500,0,0,0
3390,56.5565,free_swing,717,418,827,337,32.125,126.367,0,-75.89,997.12,1,136.61,1.52,2500,1,0,0
3391,56.57318,free_swing,717,419,820,303,31.827,138.397,0,-74.62,983.90,1,155.13,11.84,2500,0,0,0
3392,56.58987,free_swing,715,422,810,269,30.018,148.163,0,-95.95,416.24,1,180.09,29.84,2500,1,0,0
3393,56.60655,free_swing,713,425,796,249,28.264,154.752,0,-148.01,387.72,1,194.59,40.29,2500,0,0,0
3394,56.62323,free_swing,709,429,766,254,25.372,161.959,0,-159.99,326.97,1,184.05,32.69,2500,0,0,0
3395,56.63992,free_swing,705,434,751,255,22.380,165.588,0,-197.97,286.38,1,184.82,33.24,2500,0,0,0
3396,56.6566,free_swing,701,440,731,240,19.385,171.469,0,-226.42,311.90,1,202.24,45.80,2500,0,0,0
3397,56.67328,free_swing,693,448,709,246,14.500,175.471,0,-275.48,258.08,1,202.63,46.09,2500,0,0,0
3398,56.68997,free_swing,685,455,680,278,10.141,-178.382,0,-312.99,205.65,1,177.07,27.66,2500,0,0,0
3399,56.70665,free_swing,673,463,669,252,4.365,-178.914,0,-332.44,182.26,1,211.04,52.15,2500,0,0,0
3400,56.72333,free_swing,660,472,638,282,-1.228,-173.395,0,-361.23,79.76,1,191.27,37.89,2500,0,0,0
3401,56.74002,free_swing,644,480,619,282,-7.316,-172.804,0,-360.72,34.14,1,199.57,43.88,2500,0,0,0
3402,56.7567,free_swing,626,486,605,268,-13.510,-174.498,0,-365.68,52.24,1,219.01,57.89,2500,0,0,0
3403,56.77338,free_swing,608,489,578,280,-19.306,-171.832,0,-357.89,106.52,1,211.14,52.22,2500,0,0,0
3404,56.79007,free_swing,587,492,540,300,-25.408,-166.245,0,-347.04,377.14,1,197.67,42.51,2500,1,0,0
3405,56.80675,free_swing,568,490,518,309,-31.017,-164.558,0,-330.78,582.76,1,187.78,35.38,2500,1,0,0
3406,56.82343,free_swing,548,488,456,347,-36.397,-146.876,0,-317.34,882.59,1,168.36,21.38,2500,1,0,0
3407,56.84012,free_swing,529,483,429,357,-41.586,-141.563,0,-319.49,-421.08,1,160.86,15.97,2500,1,0,0
3408,56.8568,free_swing,510,474,419,355,-47.135,-142.595,0,-330.35,-1594.63,1,149.81,8.00,2500,1,0,0
3409,56.87348,free_swing,491,463,692,82,-52.706,152.186,0,-359.59,-1799.58,1,430.77,210.56,2500,1,0,0
3410,56.89017,free_swing,472,448,647,93,-58.728,153.759,0,-380.18,-1584.12,1,395.79,185.34,2500,1,0,0
3411,56.90685,free_swing,455,428,689,98,-65.225,144.660,0,-344.43,2320.57,1,404.54,191.65,2500,1,0,0
3412,56.92353,free_swing,443,411,448,393,-70.247,164.476,0,-211.82,5109.58,1,18.68,86.53,2500,1,0,1
3413,56.94022,free_swing,440,403,407,494,-72.339,-19.933,0,-45.32,5010.45,1,96.80,30.21,2500,0,0,1
3414,56.9569,free_swing,442,406,458,468,-71.487,14.470,0,74.79,2739.53,1,64.03,53.84,2500,1,0,1
3415,56.97358,free_swing,445,412,451,517,-69.848,3.270,0,131.97,868.23,1,105.17,24.18,2500,1,0,0
3416,56.99027,free_swing,449,421,505,459,-67.418,55.840,0,167.84,1615.69,1,67.68,51.21,2500,1,0,0
3417,57.00695,free_swing,457,431,540,434,-64.332,87.930,0,213.21,1491.14,1,83.05,40.12,2500,0,0,0
3418,57.02363,free_swing,468,443,541,461,-60.350,76.149,0,245.29,-689.12,1,75.19,45.80,2500,1,0,0
3419,57.04032,free_swing,481,455,556,465,-55.948,82.405,0,280.14,-1514.08,1,75.66,45.45,2500,1,0,0
3420,57.057,free_swing,496,466,543,571,-51.257,24.114,0,315.70,-1610.93,1,115.04,17.06,2500,0,0,0
3421,57.07368,free_swing,516,477,560,577,-45.392,23.749,0,352.40,-438.56,1,109.25,21.24,2500,1,0,0
3422,57.09037,free_swing,537,486,564,608,-39.289,12.479,0,391.58,709.93,1,124.95,9.92,2500,1,0,0
3423,57.10705,free_swing,561,491,602,529,-32.681,47.175,0,418.10,-31.68,1,55.90,59.70,2500,1,0,0
3424,57.12373,free_swing,587,493,610,550,-25.270,21.975,0,435.29,-762.29,1,61.47,55.69,2500,1,0,0
3425,57.14042,free_swing,611,491,613,548,-18.110,2.010,0,424.94,-1383.04,1,57.04,58.88,2500,1,0,0
3426,57.1571,free_swing,633,485,626,521,-11.094,-11.004,0,421.21,-602.51,1,36.67,73.56,2500,1,0,0
3427,57.17378,free_swing,652,479,633,528,-4.279,-21.194,0,425.36,-314.94,1,52.55,62.11,2500,1,0,0
3428,57.19047,free_swing,671,467,648,536,3.391,-18.435,0,450.75,45.42,1,72.73,47.56,2500,1,0,0
3429,57.20715,free_swing,686,455,659,522,10.592,-21.949,0,472.30,320.65,1,72.24,47.92,2500,1,0,0
3430,57.22383,free_swing,701,442,692,491,19.058,-10.408,0,481.20,266.18,1,49.82,64.08,2500,0,0,0
3431,57.24052,free_swing,712,429,703,504,26.801,-6.843,0,475.80,265.24,1,75.54,45.54,2500,0,0,0
3432,57.2572,free_swing,721,416,711,493,34.624,-7.400,0,456.26,206.97,1,77.65,44.02,2500,0,0,0
3433,57.27388,free_swing,727,404,729,487,41.634,1.380,0,397.60,382.17,1,83.02,40.14,2500,0,0,0
3434,57.29057,free_swing,732,394,748,486,48.059,9.866,0,290.56,845.02,1,93.38,32.68,2500,1,0,0
3435,57.30725,free_swing,733,389,764,466,50.845,21.930,0,106.28,1044.20,1,83.01,40.16,2500,0,0,0
3436,57.32393,free_swing,734,388,793,438,51.736,49.720,0,-97.50,1044.36,1,77.34,44.24,2500,1,0,0
3437,57.34062,free_swing,730,393,804,436,47.684,59.840,0,-284.27,1206.33,1,85.59,38.30,2500,0,0,0
3438,57.3573,free_swing,727,402,841,430,42.436,76.201,0,-390.09,849.56,1,117.39,15.37,2500,1,0,0
3439,57.37398,free_swing,720,414,838,385,34.804,103.808,0,-405.54,924.31,1,121.51,12.40,2500,0,0,0
3440,57.39067,free_swing,714,424,847,404,29.002,98.552,0,-396.73,721.16,1,134.50,3.04,2500,1,0,0
3441,57.40735,free_swing,705,435,824,354,22.184,124.242,0,-373.37,537.89,0,143.95,3.78,2500,0,0,0
3442,57.42403,free_swing,696,446,813,354,16.144,128.179,0,-361.79,596.19,0,148.84,7.30,2500,0,0,0
3443,57.44072,free_swing,685,455,797,346,10.141,134.222,0,-344.65,440.21,1,156.28,12.67,2500,0,0,0
3444,57.4574,free_swing,674,464,778,320,4.764,144.162,0,-352.03,505.13,1,177.63,28.06,2500,0,0,0
3445,57.47408,free_swing,659,472,749,278,-1.637,155.113,0,-371.16,248.58,1,213.86,54.18,2500,1,0,0
3446,57.49077,free_swing,643,480,745,299,-7.696,150.597,0,-374.63,-32.64,1,207.76,49.78,2500,1,0,0
3447,57.50745,free_swing,624,486,724,305,-14.211,151.080,0,-370.60,-175.87,1,206.79,49.08,2500,0,0,0
3448,57.52413,free_swing,606,489,716,306,-19.954,148.990,0,-380.53,-130.08,1,213.52,53.93,2500,0,0,0
3449,57.54082,free_swing,583,491,697,331,-26.709,144.530,0,-384.22,-223.50,1,196.46,41.63,2500,0,0,0
3450,57.5575,free_swing,560,490,689,329,-33.100,141.297,0,-380.62,-344.26,1,206.31,48.73,2500,0,0,0
3451,57.57418,free_swing,538,485,677,349,-39.249,134.375,0,-367.92,-613.40,1,194.47,40.20,2500,1,0,0
3452,57.59087,free_swing,516,478,664,385,-45.196,122.144,0,-362.64,-693.77,1,174.79,26.02,2500,0,0,0
3453,57.60755,free_swing,495,466,652,414,-51.423,108.325,0,-347.63,-451.53,1,165.39,19.23,2500,1,0,0
3454,57.62423,free_swing,478,453,641,408,-56.813,105.433,0,-316.04,-531.61,1,169.10,21.91,2500,0,0,0
3455,57.64092,free_swing,464,439,631,412,-61.734,99.184,0,-267.63,-581.00,1,169.17,21.96,2500,0,0,0
3456,57.6576,free_swing,454,426,598,461,-65.784,76.339,0,-214.88,-1027.74,1,148.19,6.84,2500,1,0,0
3457,57.67428,free_swing,447,416,579,458,-68.749,72.350,0,-142.14,-656.60,1,138.52,0.14,2500,1,0,0
3458,57.69097,free_swing,443,410,537,498,-70.478,46.888,0,-51.98,-477.66,0,128.76,7.17,2500,0,0,0
3459,57.70765,free_swing,443,410,522,464,-70.478,55.646,0,50.15,-966.29,1,95.69,31.01,2500,1,0,0
3460,57.72433,free_swing,448,416,474,485,-68.660,20.647,0,173.97,-1942.34,1,73.74,46.84,2500,1,0,0
3461,57.74102,free_swing,456,428,420,512,-65.120,-23.199,0,280.30,-4563.13,1,91.39,34.11,2500,1,0,1
3462,57.7577,free_swing,471,445,434,439,-59.521,-99.211,0,308.78,-4965.37,1,37.48,72.98,2500,1,0,1
3463,57.77438,free_swing,485,459,702,73,-54.493,150.656,0,262.91,-2892.85,1,442.81,219.24,2500,1,0,1
3464,57.79107,free_swing,496,466,671,78,-51.257,155.723,0,184.66,308.18,1,425.64,206.86,2500,1,0,0
3465,57.80775,free_swing,505,472,479,300,-48.457,-171.404,0,136.61,1932.05,1,173.95,25.41,2500,1,0,0
3466,57.82443,free_swing,512,476,442,326,-46.359,-154.983,0,118.17,719.73,1,165.53,19.34,2500,1,0,0
3467,57.84112,free_swing,520,478,441,330,-44.405,-151.907,0,136.93,-261.46,1,167.76,20.95,2500,1,0,0
3468,57.8578,free_swing,528,482,474,300,-41.987,-163.474,0,181.35,-596.23,1,189.84,36.86,2500,1,0,0
3469,57.87448,free_swing,542,486,509,273,-38.157,-171.193,0,217.30,-367.63,1,215.54,55.39,2500,1,0,0
3470,57.89117,free_swing,555,489,540,271,-34.524,-176.064,0,235.21,-164.75,1,218.52,57.54,2500,1,0,0
3471,57.90785,free_swing,569,491,542,285,-30.591,-172.533,0,250.22,-58.86,1,207.76,49.78,2500,0,0,0
3472,57.92453,free_swing,585,491,588,262,-26.131,179.249,0,281.48,-79.13,1,229.02,65.11,2500,0,0,0
3473,57.94122,free_swing,602,490,591,306,-21.110,-176.579,0,315.20,-97.24,1,184.33,32.89,2500,0,0,0
3474,57.9579,free_swing,619,488,623,256,-15.751,179.012,0,340.75,-68.40,1,232.03,67.28,2500,0,0,0
3475,57.97458,free_swing,637,483,643,285,-9.770,178.264,0,346.56,-207.56,1,198.09,42.81,2500,0,0,0
3476,57.99127,free_swing,653,476,673,290,-3.972,173.863,0,352.34,-201.89,1,187.07,34.87,2500,0,0,0
3477,58.00795,free_swing,667,468,699,276,1.685,170.538,0,355.30,-233.55,1,194.65,40.33,2500,0,0,0
3478,58.02463,free_swing,681,458,731,256,8.130,166.097,0,381.54,-299.50,1,208.10,50.02,2500,0,0,0
3479,58.04132,free_swing,693,448,746,282,14.500,162.293,0,433.98,-241.35,1,174.26,25.63,2500,0,0,0
3480,58.058,free_swing,705,435,776,286,22.184,154.522,0,474.33,-272.39,1,165.05,18.99,2500,0,0,0
3481,58.07468,free_swing,716,421,793,257,30.774,154.849,0,500.85,-441.68,1,181.18,30.62,2500,0,0,0
3482,58.09137,free_swing,724,408,822,284,38.752,141.680,0,502.87,-637.23,1,158.05,13.94,2500,0,0,0
3483,58.10805,free_swing,730,394,839,307,47.220,128.596,0,521.46,-963.97,1,139.46,0.54,2500,1,0,0
3484,58.12473,free_swing,735,381,854,328,55.763,114.007,0,522.55,-1218.44,1,130.27,6.08,2500,1,0,0
3485,58.14142,free_swing,739,369,858,366,64.041,91.444,0,366.86,-895.56,1,119.04,14.18,2500,1,0,0
3486,58.1581,free_swing,740,362,852,397,68.714,72.646,0,87.57,-643.36,1,117.34,15.40,2500,1,0,0
3487,58.17478,free_swing,739,365,825,381,66.529,79.461,0,-192.91,-799.35,1,87.48,36.94,2500,1,0,0
3488,58.19147,free_swing,737,372,813,427,61.607,54.107,0,-384.76,-565.12,1,93.81,32.37,2500,1,0,0
3489,58.20815,free_swing,734,382,800,468,54.846,37.504,0,-466.12,-532.09,1,108.41,21.85,2500,0,0,0
3490,58.22483,free_swing,729,396,790,441,45.881,53.584,0,-530.53,-568.41,1,75.80,45.35,2500,0,0,0
3491,58.24152,free_swing,723,411,770,490,37.216,30.750,0,-589.13,393.24,1,91.92,33.73,2500,1,0,0
3492,58.2582,free_swing,712,428,755,522,27.041,24.582,0,-616.64,401.30,1,103.37,25.48,2500,0,0,0
3493,58.27488,free_swing,696,446,743,454,16.144,80.340,0,-614.81,96.18,1,47.68,65.63,2500,1,0,0
3494,58.29157,free_swing,678,461,726,535,6.633,32.969,0,-572.18,-376.07,1,88.20,36.41,2500,1,0,0
3495,58.30825,free_swing,657,474,707,565,-2.420,28.787,0,-523.60,-358.17,1,103.83,25.14,2500,0,0,0
3496,58.32493,free_swing,633,484,683,524,-11.165,51.340,0,-494.43,437.65,1,64.03,53.84,2500,1,0,0
3497,58.34162,free_swing,609,491,666,542,-18.759,48.180,0,-448.50,748.26,1,76.49,44.86,2500,1,0,0
3498,58.3583,free_swing,584,493,640,552,-26.136,43.506,0,-399.90,67.54,1,81.34,41.36,2500,1,0,0
3499,58.37498,free_swing,562,492,624,503,-32.262,79.939,0,-358.12,-507.83,1,62.97,54.60,2500,1,0,0
3500,58.39167,free_swing,541,488,579,569,-38.027,25.133,0,-338.31,-1040.04,1,89.47,35.50,2500,1,0,0
3501,58.40835,free_swing,522,481,549,556,-43.420,19.799,0,-328.02,-1165.12,1,79.71,42.53,2500,0,0,0
3502,58.42503,free_swing,502,471,520,546,-49.194,13.496,0,-309.20,-427.48,1,77.13,44.39,2500,1,0,0
3503,58.44172,free_swing,487,461,483,536,-53.760,-3.053,0,-288.36,-294.86,1,75.11,45.85,2500,0,0,0
3504,58.4584,free_swing,473,449,449,526,-58.376,-17.312,0,-250.88,-1601.14,1,80.65,41.85,2500,1,0,0
3505,58.47508,free_swing,462,437,417,522,-62.418,-27.897,0,-201.53,-4067.44,1,96.18,30.66,2500,1,0,1
3506,58.49177,free_swing,455,429,448,419,-64.998,-145.008,0,-122.41,-4762.11,1,12.21,91.20,2500,1,0,1
3507,58.50845,free_swing,452,424,649,209,-66.442,137.502,0,-49.13,-2759.79,1,291.61,110.23,2500,1,0,1
3508,58.52513,free_swing,451,423,701,57,-66.769,145.665,0,-3.79,84.00,1,443.23,219.54,2500,1,0,0
3509,58.54182,free_swing,451,424,637,47,-66.541,153.740,0,21.87,435.67,1,420.39,203.07,2500,1,0,0
3510,58.5585,free_swing,452,425,651,151,-66.214,144.010,0,25.83,-367.63,1,338.64,144.14,2500,1,0,0
3511,58.57518,free_swing,453,427,674,137,-65.659,142.690,0,27.59,-24.79,1,364.61,162.86,2500,1,0,0
3512,58.59187,free_swing,454,428,689,114,-65.329,143.189,0,29.24,1082.26,1,392.20,182.75,2500,1,0,0
3513,58.60855,free_swing,456,430,489,220,-64.666,171.069,0,40.01,1410.48,1,212.58,53.25,2500,1,0,0
3514,58.62523,free_swing,458,432,400,281,-63.997,-158.988,0,52.75,895.08,1,161.76,16.62,2500,1,0,0
3515,58.64192,free_swing,461,436,417,276,-62.758,-164.624,0,74.24,-368.84,1,165.94,19.63,2500,1,0,0
3516,58.6586,free_swing,464,440,442,271,-61.511,-172.583,0,113.66,-755.15,1,170.43,22.87,2500,1,0,0
3517,58.67528,free_swing,471,447,507,233,-59.080,170.451,0,161.20,-339.21,1,217.01,56.45,2500,1,0,0
3518,58.69197,free_swing,481,455,494,272,-55.948,175.937,0,212.21,-113.86,1,183.46,32.26,2500,1,0,0
3519,58.70865,free_swing,493,464,516,269,-52.172,173.273,0,240.25,-51.41,1,196.35,41.56,2500,0,0,0
3520,58.72533,free_swing,507,473,548,276,-47.891,168.243,0,255.19,-242.28,1,201.22,45.07,2500,0,0,0
3521,58.74202,free_swing,522,480,569,289,-43.612,166.176,0,268.78,-168.08,1,196.70,41.81,2500,0,0,0
3522,58.7587,free_swing,538,486,593,295,-39.066,163.936,0,292.47,-116.57,1,198.76,43.29,2500,0,0,0
3523,58.77538,free_swing,557,490,626,284,-33.857,161.482,0,319.78,-75.61,1,217.25,56.62,2500,0,0,0
3524,58.79207,free_swing,577,492,646,294,-28.258,160.787,0,345.24,-62.20,1,209.68,51.16,2500,0,0,0
3525,58.80875,free_swing,597,491,663,305,-22.543,160.463,0,355.37,-109.35,1,197.36,42.29,2500,0,0,0
3526,58.82543,free_swing,617,489,696,303,-16.330,156.988,0,355.79,-104.99,1,202.08,45.69,2500,0,0,0
3527,58.84212,free_swing,635,483,721,305,-10.505,154.213,0,364.27,-200.07,1,197.69,42.52,2500,0,0,0
3528,58.8588,free_swing,652,475,745,295,-4.399,152.676,0,393.87,-441.73,1,202.61,46.07,2500,1,0,0
3529,58.87548,free_swing,669,466,780,332,2.564,140.363,0,417.65,-683.42,1,174.00,25.45,2500,1,0,0
3530,58.89217,free_swing,685,456,811,363,10.061,126.431,0,438.03,-802.33,1,156.60,12.90,2500,0,0,0
3531,58.90885,free_swing,697,443,824,383,17.030,115.288,0,506.82,-880.43,0,140.46,1.26,2500,0,0,0
3532,58.92553,free_swing,710,429,837,407,25.852,99.828,0,567.92,-1020.19,0,128.89,7.08,2500,0,0,0
3533,58.94222,free_swing,722,413,835,432,36.069,80.455,0,479.49,-805.73,1,114.59,17.39,2500,1,0,0
3534,58.9589,free_swing,727,402,815,437,42.436,68.311,0,230.28,-528.72,1,94.70,31.72,2500,1,0,0
3535,58.97558,free_swing,727,401,805,435,42.847,66.448,0,-43.98,-820.91,1,85.09,38.66,2500,1,0,0
3536,58.99227,free_swing,726,405,786,458,40.795,48.545,0,-211.07,-933.85,1,80.06,42.28,2500,0,0,0
3537,59.00895,free_swing,722,412,755,489,36.409,23.199,0,-293.85,-542.80,1,83.77,39.60,2500,1,0,0
3538,59.02563,free_swing,717,422,749,477,30.964,30.192,0,-370.79,-276.21,1,63.63,54.13,2500,1,0,0
3539,59.04232,free_swing,709,433,737,484,24.487,28.768,0,-419.26,-316.66,1,58.18,58.06,2500,0,0,0
3540,59.059,free_swing,697,445,712,541,16.746,8.881,0,-476.15,-277.24,1,97.16,29.95,2500,0,0,0
3541,59.07568,free_swing,683,458,700,531,9.019,13.109,0,-501.34,-68.29,1,74.95,45.96,2500,1,0,0
3542,59.09237,free_swing,663,470,687,529,0.000,22.135,0,-497.71,145.40,1,63.69,54.08,2500,1,0,0
3543,59.10905,free_swing,643,480,664,595,-7.696,10.349,0,-472.39,270.51,1,116.90,15.72,2500,0,0,0
3544,59.12573,free_swing,620,488,648,557,-15.410,22.087,0,-440.21,-193.26,1,74.46,46.32,2500,1,0,0
3545,59.14242,free_swing,597,492,634,547,-22.416,33.930,0,-416.76,1248.50,1,66.29,52.21,2500,1,0,0
3546,59.1591,free_swing,573,492,604,575,-29.358,20.480,0,-373.50,1803.54,1,88.60,36.12,2500,1,0,0
3547,59.17578,free_swing,552,490,620,469,-35.089,107.162,0,-346.92,526.04,1,71.17,48.69,2500,1,0,0
3548,59.19247,free_swing,532,485,585,500,-40.570,74.197,0,-334.43,-1246.19,1,55.08,60.29,2500,1,0,0
3549,59.20915,free_swing,513,475,537,551,-46.369,17.526,0,-324.09,-2214.65,1,79.70,42.54,2500,1,0,0
3550,59.22583,free_swing,495,465,515,550,-51.633,13.241,0,-302.31,-623.98,1,87.32,37.05,2500,1,0,0
3551,59.24252,free_swing,480,455,498,529,-56.094,13.671,0,-268.35,-182.60,1,76.16,45.10,2500,1,0,0
3552,59.2592,free_swing,468,442,465,537,-60.573,-1.809,0,-229.06,-1698.03,1,95.05,31.48,2500,1,0,0
3553,59.27588,free_swing,459,432,438,509,-63.886,-15.255,0,-178.35,830.12,1,79.81,42.46,2500,1,0,0
3554,59.29257,free_swing,452,425,415,488,-66.214,-30.426,0,-106.93,3661.85,1,73.06,47.33,2500,1,0,1
3555,59.30925,free_swing,450,420,476,396,-67.552,132.709,0,-28.69,4097.30,1,35.38,74.49,2500,1,0,1
3556,59.32593,free_swing,450,421,686,122,-67.323,141.716,0,48.91,2066.33,1,380.92,174.62,2500,1,0,0
3557,59.34262,free_swing,453,426,682,141,-65.886,141.218,0,96.85,-634.21,1,365.60,163.58,2500,1,0,0
3558,59.3593,free_swing,457,432,682,102,-64.106,145.713,0,108.82,161.96,1,399.41,187.95,2500,1,0,0
3559,59.37598,free_swing,462,437,660,110,-62.418,148.805,0,105.57,-211.90,1,382.27,175.60,2500,1,0,0
3560,59.39267,free_swing,466,443,681,66,-60.601,150.304,0,112.46,778.98,1,434.00,212.89,2500,1,0,0
3561,59.40935,free_swing,472,448,692,97,-58.728,147.921,0,120.70,1470.76,1,414.25,198.65,2500,1,0,0
3562,59.42603,free_swing,479,454,391,327,-56.454,-145.281,0,129.48,1138.56,1,154.51,11.39,2500,1,0,0
3563,59.44272,free_swing,486,459,426,296,-54.340,-159.791,0,150.44,214.38,1,173.69,25.22,2500,1,0,0
3564,59.4594,free_swing,495,465,458,276,-51.633,-168.923,0,175.17,-811.20,1,192.59,38.84,2500,1,0,0
3565,59.47608,free_swing,506,472,463,290,-48.276,-166.707,0,203.76,0.84,1,187.01,34.82,2500,1,0,0
3566,59.49277,free_swing,518,478,499,269,-44.803,-174.806,0,230.37,-41.17,1,209.86,51.30,2500,0,0,0
3567,59.50945,free_swing,533,483,489,316,-40.726,-165.240,0,265.70,-144.82,1,172.70,24.51,2500,0,0,0
3568,59.52613,free_swing,550,488,541,278,-35.918,-177.546,0,298.05,-27.36,1,210.19,51.54,2500,0,0,0
3569,59.54282,free_swing,569,491,550,300,-30.591,-174.319,0,331.85,-122.54,1,191.94,38.38,2500,0,0,0
3570,59.5595,free_swing,588,492,560,301,-25.115,-171.660,0,360.46,134.36,1,193.04,39.17,2500,1,0,0
3571,59.57618,free_swing,610,490,595,284,-18.544,-175.835,0,379.30,116.19,1,206.55,48.91,2500,0,0,0
3572,59.59287,free_swing,630,485,592,304,-12.171,-168.143,0,398.13,171.40,1,184.95,33.33,2500,0,0,0
3573,59.60955,free_swing,649,477,606,301,-5.515,-166.271,0,435.12,123.76,1,181.18,30.62,2500,0,0,0
3574,59.62623,free_swing,668,468,623,288,2.106,-165.964,0,475.26,146.64,1,185.54,33.76,2500,0,0,0
3575,59.64292,free_swing,686,455,630,253,10.592,-164.505,0,485.54,208.93,1,209.62,51.12,2500,0,0,0
3576,59.6596,free_swing,699,442,619,270,18.122,-155.056,0,451.30,165.71,1,189.69,36.76,2500,0,0,0
3577,59.67628,free_swing,709,429,640,246,25.372,-159.341,0,402.68,-3.40,1,195.58,41.00,2500,0,0,0
3578,59.69297,free_swing,716,419,644,239,31.350,-158.199,0,325.15,-125.54,1,193.87,39.77,2500,0,0,0
3579,59.70965,free_swing,721,411,654,220,36.285,-160.670,0,210.05,-74.81,1,202.41,45.93,2500,0,0,0
3580,59.72633,free_swing,723,408,660,215,38.290,-161.922,0,81.08,-155.28,1,203.02,46.37,2500,0,0,0
3581,59.74302,free_swing,723,407,667,199,38.660,-164.932,0,-62.45,-129.86,1,215.41,55.29,2500,0,0,0
3582,59.7597,free_swing,722,411,682,229,36.754,-167.605,0,-173.69,-155.87,1,186.34,34.34,2500,0,0,0
3583,59.77638,free_swing,718,418,685,239,32.600,-169.554,0,-265.64,-279.87,1,182.02,31.22,2500,0,0,0
3584,59.79307,free_swing,713,426,697,226,28.009,-175.426,0,-328.71,-348.90,1,200.64,44.65,2500,0,0,0
3585,59.80975,free_swing,705,435,718,258,22.184,175.799,0,-357.58,-418.41,1,177.48,27.95,2500,0,0,0
3586,59.82643,free_swing,695,445,721,254,15.811,172.248,0,-358.52,-452.00,1,192.76,38.97,2500,0,0,0
3587,59.84312,free_swing,685,454,744,275,10.222,161.757,0,-346.28,-519.54,1,188.47,35.88,2500,0,0,0
3588,59.8598,free_swing,674,464,760,299,4.764,152.471,0,-337.05,-676.41,1,186.07,34.14,2500,0,0,0
3589,59.87648,free_swing,660,472,774,326,-1.228,142.017,0,-326.85,-660.73,1,185.23,33.54,2500,0,0,0
3590,59.89317,free_swing,647,478,780,371,-6.254,128.817,0,-300.52,-597.20,1,170.70,23.06,2500,0,0,0
3591,59.90985,free_swing,634,484,777,399,-10.802,120.727,0,-250.09,-481.78,1,166.36,19.93,2500,0,0,0
3592,59.92653,free_swing,622,487,764,432,-14.816,111.173,0,-190.62,-1025.48,1,152.28,9.78,2500,1,0,0
3593,59.94322,free_swing,614,490,744,481,-17.230,93.960,0,-119.66,-1507.60,1,130.31,6.05,2500,1,0,0
3594,59.9599,free_swing,609,491,700,563,-18.759,51.649,0,-71.54,-1785.57,1,116.04,16.34,2500,1,0,0
3595,59.97658,free_swing,606,490,651,561,-19.837,32.367,0,-71.79,-2497.12,1,84.06,39.40,2500,1,0,0
3596,59.99327,free_swing,601,491,591,553,-21.303,-9.162,0,-114.46,-2191.55,1,62.80,54.72,2500,1,0,0
3597,60.00995,free_swing,593,491,553,508,-23.762,-66.975,0,-191.70,-1994.98,1,43.46,68.67,2500,0,0,0
3598,60.02663,free_swing,579,492,490,539,-27.699,-62.162,0,-276.14,-1089.37,1,100.65,27.44,2500,1,0,0
3599,60.04332,free_swing,560,491,462,481,-32.935,-95.826,0,-336.89,-27.30,1,98.51,28.98,2500,1,0,0
3600,60.06,free_swing,538,487,429,473,-38.884,-97.319,0,-359.91,-1692.83,1,109.90,20.77,2500,1,0,0
3601,60.07668,free_swing,518,478,394,447,-44.803,-104.036,0,-353.98,-2657.07,1,127.82,7.85,2500,1,0,1
3602,60.09337,free_swing,498,468,713,88,-50.503,150.499,0,-331.59,-2663.81,1,436.61,214.77,2500,0,0,1
3603,60.11005,free_swing,481,456,735,78,-55.733,146.101,0,-290.67,-1182.95,1,455.41,228.32,2500,1,0,0
3604,60.12673,free_swing,468,444,663,104,-60.129,150.164,0,-222.73,318.53,1,391.95,182.57,2500,1,0,0
3605,60.14342,free_swing,460,435,711,127,-63.097,140.822,0,-125.26,-210.75,1,397.32,186.44,2500,1,0,0
3606,60.1601,free_swing,456,431,699,169,-64.440,137.155,0,-33.42,-175.94,1,357.34,157.62,2500,0,0,0
3607,60.17678,free_swing,457,432,745,82,-64.106,140.550,0,29.47,12.81,1,453.26,226.77,2500,0,0,0
3608,60.19347,free_swing,459,434,678,177,-63.435,139.564,0,71.49,360.15,1,337.65,143.43,2500,1,0,0
3609,60.21015,free_swing,463,438,656,144,-62.076,146.717,0,97.51,997.34,1,351.69,153.55,2500,1,0,0
3610,60.22683,free_swing,469,444,499,230,-60.001,172.020,0,125.85,1210.43,1,216.09,55.79,2500,1,0,0
3611,60.24352,free_swing,475,450,433,287,-57.885,-165.551,0,153.22,986.89,1,168.32,21.35,2500,1,0,0
3612,60.2602,free_swing,484,457,436,293,-55.072,-163.686,0,183.36,354.58,1,170.88,23.19,2500,1,0,0
3613,60.27688,free_swing,495,465,417,318,-51.633,-152.049,0,212.46,13.79,1,166.41,19.97,2500,1,0,0
3614,60.29357,free_swing,508,472,448,320,-47.911,-158.459,0,241.83,150.37,1,163.41,17.81,2500,0,0,0
3615,60.31025,free_swing,522,479,451,323,-43.807,-155.528,0,266.91,-0.57,1,171.40,23.57,2500,0,0,0
3616,60.32693,free_swing,539,486,443,342,-38.841,-146.310,0,294.76,347.93,1,173.07,24.77,2500,1,0,0
3617,60.34362,free_swing,557,489,470,335,-34.026,-150.536,0,313.64,786.56,1,176.88,27.52,2500,1,0,0
3618,60.3603,free_swing,576,492,447,395,-28.535,-126.941,0,321.73,761.26,1,161.40,16.36,2500,0,0,0
3619,60.37698,free_swing,595,491,450,440,-23.155,-109.378,0,329.16,489.99,1,153.71,10.81,2500,1,0,0
3620,60.39367,free_swing,613,488,492,426,-17.771,-117.130,0,323.39,500.13,0,135.96,1.98,2500,0,0,0
3621,60.41035,free_swing,629,486,505,456,-12.450,-103.601,0,304.59,891.30,1,127.58,8.02,2500,1,0,0
3622,60.42703,free_swing,643,481,526,521,-7.645,-71.125,0,259.71,1374.11,1,123.65,10.86,2500,1,0,0
3623,60.44372,free_swing,653,476,583,515,-3.972,-60.876,0,189.87,1515.76,1,80.13,42.23,2500,0,0,0
3624,60.4604,free_swing,659,474,630,528,-1.614,-28.237,0,62.29,2124.75,1,61.29,55.81,2500,1,0,0
3625,60.47708,free_swing,660,473,677,557,-1.219,11.441,0,-71.03,2476.51,1,85.70,38.21,2500,1,0,0
3626,60.49377,free_swing,653,477,723,523,-3.945,56.689,0,-127.37,1630.02,1,83.76,39.61,2500,1,0,0
3627,60.51045,free_swing,648,479,760,519,-5.826,70.346,0,-76.16,1101.60,1,118.93,14.26,2500,1,0,0
3628,60.52713,free_swing,648,478,790,505,-5.866,79.234,0,24.46,966.91,0,144.54,4.21,2500,0,0,0
3629,60.54382,free_swing,651,477,789,426,-4.731,110.283,0,100.57,1071.94,0,147.12,6.07,2500,0,0,0
3630,60.5605,free_swing,656,474,795,388,-2.822,121.745,0,163.55,875.05,1,163.45,17.84,2500,0,0,0
3631,60.57718,free_swing,664,470,791,363,0.415,130.115,0,200.06,654.88,1,166.07,19.72,2500,1,0,0
3632,60.59387,free_swing,672,465,780,305,3.871,145.981,0,173.68,764.83,1,193.04,39.17,2500,0,0,0
3633,60.61055,free_swing,677,462,744,290,6.147,158.717,0,88.02,644.00,1,184.59,33.08,2500,0,0,0
3634,60.62723,free_swing,678,460,724,282,6.684,165.510,0,5.88,439.47,1,183.85,32.54,2500,1,0,0
3635,60.64392,free_swing,677,462,704,247,6.147,172.842,0,-45.04,468.02,1,216.69,56.22,2500,0,0,0
3636,60.6606,free_swing,675,463,674,278,5.234,-179.690,0,-86.23,333.28,1,185.00,33.38,2500,0,0,0
3637,60.67728,free_swing,671,465,648,300,3.442,-172.064,0,-150.35,157.76,1,166.60,20.10,2500,0,0,0
3638,60.69397,free_swing,664,470,647,257,0.415,-175.437,0,-199.38,405.01,1,213.68,54.05,2500,1,0,0
3639,60.71065,free_swing,654,475,612,291,-3.601,-167.142,0,-227.27,251.21,1,188.73,36.06,2500,0,0,0
3640,60.72733,free_swing,645,479,572,339,-6.981,-152.461,0,-248.34,151.05,1,157.89,13.83,2500,0,0,0
3641,60.74402,free_swing,632,484,589,270,-11.527,-168.639,0,-273.59,91.55,1,218.28,57.36,2500,0,0,0
3642,60.7607,free_swing,617,488,542,314,-16.429,-156.682,0,-297.48,240.12,1,189.48,36.60,2500,0,0,0
3643,60.77738,free_swing,601,491,507,342,-21.303,-147.753,0,-290.55,499.93,1,176.17,27.01,2500,1,0,0
3644,60.79407,free_swing,585,491,487,351,-26.131,-145.008,0,-286.28,500.90,1,170.89,23.20,2500,0,0,0
3645,60.81075,free_swing,568,491,458,380,-30.858,-135.259,0,-293.26,691.21,1,156.27,12.66,2500,0,0,0
3646,60.82743,free_swing,550,488,414,423,-35.918,-115.545,0,-311.07,921.90,1,150.73,8.67,2500,1,0,0
3647,60.84412,free_swing,530,483,402,446,-41.373,-106.123,0,-347.34,968.18,0,133.24,3.94,2500,0,0,0
3648,60.8608,free_swing,509,474,389,486,-47.322,-84.289,0,-390.45,1364.62,1,120.60,13.06,2500,1,0,0
3649,60.87748,free_swing,486,460,397,507,-54.127,-62.162,0,-398.25,1652.89,1,100.65,27.44,2500,1,0,0
3650,60.89417,free_swing,467,442,433,515,-60.698,-24.974,0,-339.96,1818.37,1,80.53,41.94,2500,0,0,0
3651,60.91085,free_swing,456,427,449,521,-65.348,-4.259,0,-232.64,2081.33,1,94.26,32.04,2500,1,0,0
3652,60.92753,free_swing,449,418,502,493,-68.106,35.248,0,-112.75,1590.43,1,91.84,33.79,2500,1,0,0
3653,60.94422,free_swing,446,414,527,455,-69.299,63.153,0,-14.57,908.73,1,90.79,34.55,2500,1,0,0
3654,60.9609,free_swing,446,417,547,479,-68.609,58.456,0,65.10,239.72,1,118.51,14.56,2500,1,0,0
3655,60.97758,free_swing,450,422,570,476,-67.094,65.772,0,130.16,307.81,0,131.59,5.13,2500,0,0,0
3656,60.99427,free_swing,457,430,592,464,-64.558,75.864,0,175.43,273.66,0,139.22,0.37,2500,0,0,0
3657,61.01095,free_swing,465,441,609,465,-61.167,80.538,0,210.09,411.71,0,145.99,5.25,2500,0,0,0
3658,61.02763,free_swing,476,451,613,487,-57.529,75.277,0,238.04,374.22,0,141.65,2.12,2500,0,0,0
3659,61.04432,free_swing,489,461,643,431,-53.448,101.023,0,263.30,104.95,1,156.89,13.11,2500,1,0,0
3660,61.061,free_swing,505,471,661,483,-48.660,85.601,0,283.24,-287.89,1,156.46,12.80,2500,1,0,0
3661,61.07768,free_swing,522,479,667,510,-43.807,77.932,0,311.24,-542.30,1,148.28,6.90,2500,1,0,0
3662,61.09437,free_swing,540,486,679,523,-38.614,75.094,0,336.28,-237.79,1,143.84,3.70,2500,1,0,0
3663,61.11105,free_swing,562,492,699,531,-32.262,74.110,0,380.48,242.31,1,142.44,2.69,2500,1,0,0
3664,61.12773,free_swing,585,492,701,536,-25.989,69.228,0,418.41,36.99,1,124.06,10.56,2500,1,0,0
3665,61.14442,free_swing,611,490,726,497,-18.217,86.517,0,483.29,-690.54,1,115.21,16.94,2500,1,0,0
3666,61.1611,free_swing,636,483,717,551,-10.138,49.986,0,551.58,-1306.16,1,105.76,23.75,2500,1,0,0
3667,61.17778,free_swing,663,472,706,556,0.000,27.108,0,557.41,-1473.99,1,94.37,31.97,2500,0,0,0
3668,61.19447,free_swing,683,457,701,534,9.090,13.158,0,534.35,-883.60,1,79.08,42.99,2500,1,0,0
3669,61.21115,free_swing,698,445,693,522,17.210,-3.715,0,508.17,-1073.79,1,77.16,44.37,2500,0,0,0
3670,61.22783,free_swing,711,430,691,482,26.095,-21.038,0,552.28,-1155.19,1,55.71,59.83,2500,0,0,0
3671,61.24452,free_swing,722,415,673,469,35.407,-42.221,0,567.28,-506.92,1,72.92,47.43,2500,1,0,0
3672,61.2612,free_swing,730,398,679,447,45.431,-46.146,0,549.06,-35.06,1,70.72,49.01,2500,1,0,0
3673,61.27788,free_swing,735,386,662,493,53.130,-34.303,0,475.39,-232.31,0,129.53,6.62,2500,0,0,0
3674,61.29457,free_swing,739,374,661,441,61.074,-49.338,0,364.09,-323.93,1,102.83,25.87,2500,0,0,0
3675,61.31125,free_swing,740,367,658,410,65.556,-62.328,0,238.40,-215.13,1,92.59,33.25,2500,0,0,0
3676,61.32793,free_swing,741,363,651,449,68.325,-46.302,0,65.25,37.93,1,124.48,10.26,2500,1,0,0
3677,61.34462,free_swing,741,363,645,431,68.325,-54.689,0,-83.30,114.99,1,117.64,15.19,2500,0,0,0
3678,61.3613,free_swing,739,367,642,425,65.273,-59.123,0,-229.54,-273.19,1,113.02,18.52,2500,1,0,0
3679,61.37798,free_swing,738,374,631,460,60.751,-51.210,0,-342.14,-389.75,0,137.28,1.03,2500,0,0,0
3680,61.39467,free_swing,734,383,625,420,54.310,-71.250,0,-411.84,-388.29,1,115.11,17.01,2500,0,0,0
3681,61.41135,free_swing,730,395,605,424,46.762,-76.938,0,-464.33,-500.48,0,128.32,7.49,2500,0,0,0
3682,61.42803,free_swing,724,407,607,446,39.123,-71.565,0,-496.97,67.20,1,123.33,11.09,2500,1,0,0
3683,61.44472,free_swing,716,422,610,429,30.493,-86.222,0,-509.93,-154.09,1,106.23,23.41,2500,1,0,0
3684,61.4614,free_swing,705,437,592,476,21.801,-70.959,0,-505.48,-59.12,1,119.54,13.82,2500,0,0,0
3685,61.47808,free_swing,692,450,595,454,13.808,-87.639,0,-483.54,93.56,1,97.08,30.01,2500,0,0,0
3686,61.49477,free_swing,676,462,592,488,5.711,-72.801,0,-482.48,95.17,1,87.93,36.61,2500,0,0,0
3687,61.51145,free_swing,657,475,591,495,-2.403,-73.142,0,-501.22,814.55,1,68.96,50.28,2500,1,0,0
3688,61.52813,free_swing,633,485,591,515,-11.094,-54.462,0,-550.98,1942.04,1,51.61,62.79,2500,1,0,0
3689,61.54482,free_swing,604,492,588,548,-20.241,-15.945,0,-572.37,2399.06,1,58.24,58.01,2500,1,0,0
3690,61.5615,free_swing,569,492,601,530,-30.434,40.101,0,-529.56,1606.82,1,49.68,64.18,2500,1,0,0
3691,61.57818,free_swing,541,488,599,568,-38.027,35.942,0,-436.27,979.29,1,98.81,28.76,2500,1,0,0
3692,61.59487,free_swing,519,479,595,542,-44.409,50.343,0,-335.87,455.36,1,98.72,28.83,2500,1,0,0
3693,61.61155,free_swing,501,470,600,495,-49.574,75.828,0,-287.23,567.68,1,102.11,26.39,2500,0,0,0
3694,61.62823,free_swing,486,461,595,512,-53.915,64.926,0,-246.82,664.25,1,120.34,13.24,2500,0,0,0
3695,61.64492,free_swing,474,450,599,477,-58.022,77.811,0,-230.97,84.17,1,127.88,7.80,2500,1,0,0
3696,61.6616,free_swing,464,440,614,420,-61.511,97.595,0,-214.00,-160.53,1,151.33,9.10,2500,1,0,0
3697,61.67828,free_swing,455,428,579,505,-65.225,58.161,0,-193.66,-738.76,1,145.96,5.23,2500,1,0,0
3698,61.69497,free_swing,448,419,575,474,-67.969,66.584,0,-159.53,-326.52,1,138.40,0.22,2500,1,0,0
3699,61.71165,free_swing,443,410,563,480,-70.478,59.744,0,-118.75,245.08,1,138.92,0.16,2500,1,0,0
3700,61.72833,free_swing,440,405,567,453,-71.874,69.296,0,-73.87,-197.91,1,135.77,2.12,2500,1,0,0
3701,61.74502,free_swing,438,401,546,468,-72.951,58.186,0,-20.98,-4.93,0,127.09,8.37,2500,0,0,0
3702,61.7617,free_swing,439,402,551,472,-72.646,57.995,0,27.66,-14.36,0,132.08,4.78,2500,0,0,0
3703,61.77838,free_swing,440,405,553,456,-71.874,65.709,0,75.34,-130.73,1,123.98,10.62,2500,0,0,0
3704,61.79507,free_swing,443,411,539,476,-70.247,55.899,0,117.72,-479.45,1,115.94,16.42,2500,1,0,0
3705,61.81175,free_swing,448,419,533,515,-67.969,41.522,0,160.33,-683.88,1,128.22,7.56,2500,1,0,0
3706,61.82843,free_swing,455,430,530,526,-64.772,37.999,0,208.37,-463.99,1,121.82,12.17,2500,1,0,0
3707,61.84512,free_swing,465,441,518,554,-61.167,25.128,0,250.54,-609.90,1,124.81,10.02,2500,0,0,0
3708,61.8618,free_swing,479,455,509,548,-56.238,17.879,0,304.35,-691.42,1,97.72,29.55,2500,0,0,0
3709,61.87848,free_swing,497,466,487,589,-51.089,-4.648,0,375.38,-1804.34,1,123.41,11.03,2500,1,0,0
3710,61.89517,free_swing,520,479,480,582,-44.210,-21.224,0,412.62,-1779.45,1,110.49,20.34,2500,0,0,0
3711,61.91185,free_swing,545,489,509,492,-36.928,-85.236,0,401.34,-1058.79,1,36.12,73.96,2500,1,0,0
3712,61.92853,free_swing,567,492,478,551,-30.964,-56.459,0,343.36,-491.61,1,106.78,23.02,2500,1,0,0
3713,61.94522,free_swing,586,492,490,520,-25.699,-73.740,0,303.11,149.01,1,100.00,27.91,2500,1,0,0
3714,61.9619,free_swing,603,491,495,504,-20.674,-83.136,0,306.09,-135.11,1,108.78,21.58,2500,1,0,0
3715,61.97858,free_swing,620,488,490,538,-15.410,-68.962,0,339.60,-4.00,0,139.28,0.41,2500,0,0,0
3716,61.99527,free_swing,638,482,514,526,-9.462,-70.463,0,368.43,-39.96,0,131.58,5.14,2500,0,0,0
3717,62.01195,free_swing,656,475,547,476,-2.802,-89.474,0,393.48,-327.08,1,109.00,21.41,2500,1,0,0
3718,62.02863,free_swing,671,465,546,510,3.442,-70.201,0,408.39,299.72,1,132.85,4.22,2500,1,0,0
3719,62.04532,free_swing,686,455,575,473,10.592,-80.789,0,406.64,590.97,1,112.45,18.93,2500,1,0,0
3720,62.062,free_swing,698,444,581,523,17.354,-55.972,0,407.73,374.17,1,141.17,1.78,2500,1,0,0
3721,62.07868,free_swing,707,433,603,495,23.540,-59.199,0,373.49,247.87,1,121.08,12.71,2500,0,0,0
3722,62.09537,free_swing,715,423,628,487,29.745,-53.661,0,301.13,128.36,1,108.00,22.14,2500,0,0,0
3723,62.11205,free_swing,720,418,652,468,33.536,-53.673,0,147.79,860.86,1,84.40,39.15,2500,1,0,0
3724,62.12873,free_swing,721,416,673,503,34.624,-28.887,0,-36.85,1005.92,1,99.36,28.37,2500,0,0,0
3725,62.14542,free_swing,718,420,709,482,32.005,-8.259,0,-210.87,1171.66,1,62.65,54.83,2500,0,0,0
3726,62.1621,free_swing,713,427,713,479,27.759,0.000,0,-365.05,1264.93,1,52.00,62.51,2500,0,0,0
3727,62.17878,free_swing,703,439,742,502,20.497,31.759,0,-457.36,1577.10,1,74.09,46.58,2500,1,0,0
3728,62.19547,free_swing,689,452,765,498,12.225,58.815,0,-487.91,1360.94,1,88.84,35.95,2500,1,0,0
3729,62.21215,free_swing,674,465,780,489,4.728,77.242,0,-429.64,1068.29,1,108.68,21.65,2500,1,0,0
3730,62.22883,free_swing,658,474,790,485,-2.017,85.236,0,-352.88,733.11,1,132.46,4.51,2500,1,0,0
3731,62.24552,free_swing,645,478,779,426,-7.028,111.209,0,-284.41,793.95,0,143.74,3.62,2500,0,0,0
3732,62.2622,free_swing,632,484,781,437,-11.527,107.507,0,-249.71,602.86,1,156.24,12.64,2500,0,0,0
3733,62.27888,free_swing,620,488,763,370,-15.410,129.529,0,-244.48,396.03,1,185.40,33.66,2500,1,0,0
3734,62.29557,free_swing,606,490,747,391,-19.837,125.074,0,-251.95,141.72,1,172.28,24.21,2500,1,0,0
3735,62.31225,free_swing,592,492,738,362,-23.929,131.682,0,-270.37,-297.73,1,195.49,40.94,2500,1,0,0
3736,62.32893,free_swing,576,491,725,411,-28.686,118.232,0,-285.22,-60.25,1,169.12,21.92,2500,1,0,0
3737,62.34562,free_swing,558,490,701,399,-33.606,122.471,0,-299.87,-97.30,1,169.50,22.20,2500,0,0,0
3738,62.3623,free_swing,540,486,685,385,-38.614,124.859,0,-301.95,-62.47,1,176.71,27.40,2500,0,0,0
3739,62.37898,free_swing,522,480,671,407,-43.612,116.102,0,-302.07,-195.04,1,165.92,19.62,2500,0,0,0
3740,62.39567,free_swing,505,471,660,403,-48.660,113.688,0,-293.89,-301.01,1,169.26,22.03,2500,0,0,0
3741,62.41235,free_swing,489,461,654,391,-53.448,112.989,0,-280.59,-478.92,1,179.23,29.22,2500,0,0,0
3742,62.42903,free_swing,475,450,634,430,-57.885,97.169,0,-258.01,-551.53,1,160.25,15.53,2500,0,0,0
3743,62.44572,free_swing,463,438,620,445,-62.076,87.447,0,-233.09,-546.74,1,157.16,13.30,2500,0,0,0
3744,62.4624,free_swing,454,427,608,439,-65.556,85.544,0,-196.82,-732.29,1,154.47,11.36,2500,0,0,0
3745,62.47908,free_swing,447,417,576,468,-68.519,68.429,0,-138.91,-569.94,0,138.72,0.01,2500,0,0,0
3746,62.49577,free_swing,443,411,551,496,-70.247,51.796,0,-60.94,-418.96,0,137.44,0.92,2500,0,0,0
3747,62.51245,free_swing,443,410,544,458,-70.478,64.581,0,23.87,51.54,1,111.83,19.38,2500,1,0,0
3748,62.52913,free_swing,446,414,519,481,-69.299,47.454,0,104.42,-786.81,1,99.09,28.57,2500,1,0,0
3749,62.54582,free_swing,451,422,495,472,-66.997,41.348,0,200.74,-2169.12,1,66.60,51.98,2500,1,0,0
3750,62.5625,free_swing,461,435,434,517,-62.983,-18.225,0,297.37,-2346.43,1,86.33,37.76,2500,0,0,0
3751,62.57918,free_swing,477,452,408,499,-57.171,-55.739,0,342.51,-2382.28,1,83.49,39.81,2500,0,0,0
3752,62.59587,free_swing,495,466,388,498,-51.423,-73.350,0,314.40,-1337.44,1,111.68,19.48,2500,1,0,0
3753,62.61255,free_swing,511,474,404,433,-46.948,-110.966,0,250.79,-883.57,1,114.59,17.39,2500,1,0,0
3754,62.62923,free_swing,524,480,393,441,-43.204,-106.579,0,209.12,-539.63,1,136.68,1.46,2500,1,0,0
3755,62.64592,free_swing,536,484,407,416,-39.880,-117.795,0,196.31,-259.52,1,145.83,5.13,2500,1,0,0
3756,62.6626,free_swing,548,487,420,394,-36.573,-126.001,0,193.15,-435.34,1,158.22,14.07,2500,0,0,0
3757,62.67928,free_swing,560,489,438,383,-33.267,-130.986,0,204.22,-509.14,1,161.62,16.52,2500,0,0,0
3758,62.69597,free_swing,572,491,452,367,-29.784,-135.939,0,228.77,-369.13,1,172.56,24.40,2500,0,0,0
3759,62.71265,free_swing,587,491,496,320,-25.547,-151.980,0,274.31,-150.62,1,193.71,39.65,2500,1,0,0
3760,62.72933,free_swing,603,491,489,357,-20.674,-139.611,0,321.59,-38.23,1,175.93,26.84,2500,0,0,0
3761,62.74602,free_swing,622,487,514,338,-14.816,-144.064,0,346.78,152.94,1,184.02,32.67,2500,0,0,0
3762,62.7627,free_swing,640,481,537,324,-8.775,-146.733,0,384.20,87.30,1,187.77,35.37,2500,0,0,0
3763,62.77938,free_swing,657,473,533,346,-2.437,-135.685,0,434.43,296.84,1,177.50,27.96,2500,1,0,0
3764,62.79607,free_swing,676,462,550,339,5.711,-134.310,0,480.73,330.23,1,176.08,26.94,2500,0,0,0
3765,62.81275,free_swing,692,448,557,333,14.036,-130.426,0,505.43,294.40,1,177.34,27.85,2500,0,0,0
3766,62.82943,free_swing,705,434,558,342,22.380,-122.040,0,540.98,225.50,1,173.42,25.02,2500,0,0,0
3767,62.84612,free_swing,716,418,568,339,31.645,-118.093,0,603.64,464.24,1,167.76,20.95,2500,1,0,0
3768,62.8628,free_swing,726,401,587,330,42.397,-117.058,0,617.89,447.23,1,156.08,12.53,2500,0,0,0
3769,62.87948,free_swing,733,386,579,376,52.352,-93.715,0,534.34,704.38,1,154.32,11.26,2500,1,0,0
3770,62.89617,free_swing,737,375,596,355,59.840,-98.073,0,382.73,465.90,1,142.41,2.67,2500,1,0,0
3771,62.91285,free_swing,739,368,595,397,64.654,-78.614,0,207.67,221.43,1,146.89,5.90,2500,1,0,0
3772,62.92953,free_swing,740,365,615,373,66.801,-86.338,0,3.64,348.72,1,125.26,9.70,2500,1,0,0
3773,62.94622,free_swing,739,367,619,402,65.273,-73.740,0,-177.09,369.12,0,125.00,9.88,2500,0,0,0
3774,62.9629,free_swing,737,374,623,421,60.422,-67.595,0,-317.40,777.32,1,123.31,11.10,2500,1,0,0
3775,62.97958,free_swing,736,383,633,456,55.061,-54.673,0,-387.22,379.02,1,126.25,8.98,2500,1,0,0
3776,62.99627,free_swing,731,394,639,482,47.643,-46.273,0,-450.27,70.77,1,127.31,8.22,2500,1,0,0
3777,63.01295,free_swing,726,407,655,457,40.030,-54.846,0,-530.28,82.29,1,86.84,37.39,2500,0,0,0
3778,63.02963,free_swing,716,423,670,469,30.217,-45.000,0,-602.70,1129.14,1,65.05,53.10,2500,1,0,0
3779,63.04632,free_swing,702,441,677,514,19.687,-18.905,0,-685.13,2170.95,1,77.16,44.37,2500,1,0,0
3780,63.063,free_swing,681,459,712,515,8.067,28.968,0,-704.66,2063.68,1,64.01,53.85,2500,0,0,0
3781,63.07968,free_swing,653,477,730,534,-3.945,53.489,0,-656.60,1293.68,1,95.80,30.93,2500,1,0,0
3782,63.09637,free_swing,625,487,729,538,-13.775,63.877,0,-537.63,491.44,1,115.83,16.49,2500,1,0,0
3783,63.11305,free_swing,600,491,730,530,-21.615,73.301,0,-413.71,627.22,0,135.72,2.15,2500,0,0,0
3784,63.12973,free_swing,579,492,719,515,-27.699,80.670,0,-346.31,472.56,0,141.88,2.28,2500,0,0,0
3785,63.14642,free_swing,560,490,709,472,-33.100,96.888,0,-307.95,212.52,1,150.08,8.20,2500,1,0,0
3786,63.1631,free_swing,541,486,696,498,-38.387,85.573,0,-300.08,-1.10,1,155.46,12.08,2500,1,0,0
3787,63.17978,free_swing,524,481,681,477,-43.011,91.459,0,-298.75,-49.60,1,157.05,13.22,2500,0,0,0
3788,63.19647,free_swing,506,472,659,468,-48.276,91.498,0,-292.90,219.41,1,153.05,10.34,2500,1,0,0
3789,63.21315,free_swing,490,462,648,456,-53.077,92.175,0,-284.26,-211.45,1,158.11,13.99,2500,1,0,0
3790,63.22983,free_swing,476,451,638,447,-57.529,91.414,0,-269.41,-468.78,1,162.05,16.83,2500,1,0,0
3791,63.24652,free_swing,462,439,604,478,-61.972,74.643,0,-259.97,-146.26,1,147.26,6.16,2500,1,0,0
3792,63.2632,free_swing,452,425,593,464,-66.214,74.539,0,-228.91,-373.03,1,146.29,5.47,2500,1,0,0
3793,63.27988,free_swing,445,413,595,431,-69.617,83.157,0,-175.25,-503.90,0,151.08,8.92,2500,0,0,0
3794,63.29657,free_swing,440,405,536,493,-71.874,47.490,0,-108.98,-597.76,0,130.23,6.11,2500,0,0,0
3795,63.31325,free_swing,438,400,528,470,-73.184,52.125,0,-33.67,-537.94,1,114.02,17.80,2500,0,0,0
3796,63.32993,free_swing,439,400,514,468,-73.113,47.802,0,43.74,-491.89,1,101.24,27.01,2500,0,0,0
3797,63.34662,free_swing,441,406,476,479,-71.565,25.615,0,125.23,-1256.95,1,80.96,41.64,2500,1,0,0
3798,63.3633,free_swing,447,415,451,494,-68.980,2.899,0,208.83,-1404.02,1,79.10,42.97,2500,0,0,0
3799,63.37998,free_swing,456,429,419,497,-64.892,-28.551,0,281.61,-3525.39,1,77.41,44.19,2500,1,0,1
3800,63.39667,free_swing,470,445,412,459,-59.651,-76.430,0,309.85,-4531.41,1,59.67,56.98,2500,1,0,1
3801,63.41335,free_swing,485,459,565,248,-54.493,159.236,0,284.82,-1992.31,1,225.66,62.68,2500,1,0,0
3802,63.43003,free_swing,499,468,492,325,-50.332,-177.198,0,241.89,840.94,1,143.17,3.22,2500,1,0,0
3803,63.44672,free_swing,512,475,385,426,-46.559,-111.098,0,214.25,2050.11,1,136.12,1.86,2500,1,0,0
3804,63.4634,free_swing,525,480,427,387,-42.997,-133.500,0,207.66,277.05,1,135.10,2.60,2500,1,0,0
3805,63.48008,free_swing,537,485,420,398,-39.472,-126.634,0,229.38,-581.14,1,145.80,5.11,2500,1,0,0
3806,63.49677,free_swing,551,489,427,395,-35.503,-127.164,0,269.42,-276.38,1,155.60,12.18,2500,1,0,0
3807,63.51345,free_swing,570,491,471,363,-30.324,-142.280,0,313.08,-278.30,1,161.82,16.66,2500,0,0,0
3808,63.53013,free_swing,589,491,491,354,-24.958,-144.423,0,347.80,-154.98,1,168.44,21.44,2500,0,0,0
3809,63.54682,free_swing,609,489,487,376,-18.981,-132.807,0,360.94,192.58,1,166.29,19.89,2500,1,0,0
3810,63.5635,free_swing,629,484,536,353,-12.609,-144.628,0,386.32,467.79,1,160.65,15.82,2500,1,0,0
3811,63.58018,free_swing,647,477,521,388,-6.297,-125.235,0,417.01,529.67,1,154.26,11.21,2500,0,0,0
3812,63.59687,free_swing,666,468,529,411,1.264,-112.590,0,458.51,529.64,0,148.38,6.98,2500,0,0,0
3813,63.61355,free_swing,683,456,542,391,9.162,-114.749,0,493.71,327.74,1,155.26,11.93,2500,1,0,0
3814,63.63023,free_swing,698,442,560,402,17.650,-106.164,0,529.11,564.89,1,143.68,3.58,2500,1,0,0
3815,63.64692,free_swing,710,427,564,429,26.323,-89.215,0,535.38,757.31,0,146.01,5.27,2500,0,0,0
3816,63.6636,free_swing,721,413,588,435,35.605,-80.608,0,487.33,805.69,0,134.81,2.81,2500,0,0,0
3817,63.68028,free_swing,727,402,608,449,42.436,-68.448,0,386.91,750.39,0,127.95,7.76,2500,0,0,0
3818,63.69697,free_swing,731,394,637,476,47.643,-48.900,0,207.36,960.87,1,124.74,10.07,2500,1,0,0
3819,63.71365,free_swing,733,391,662,477,49.874,-39.542,0,-10.69,1097.21,1,111.52,19.60,2500,1,0,0
3820,63.73033,free_swing,731,395,703,502,47.186,-14.664,0,-227.33,854.58,1,110.60,20.26,2500,1,0,0
3821,63.74702,free_swing,726,403,732,484,41.583,4.236,0,-437.42,2028.09,1,81.22,41.44,2500,1,0,0
3822,63.7637,free_swing,720,417,756,509,33.845,21.371,0,-604.30,2036.48,1,98.79,28.78,2500,0,0,0
3823,63.78038,free_swing,705,436,779,426,21.991,97.696,0,-654.84,1563.55,1,74.67,46.17,2500,1,0,0
3824,63.79707,free_swing,687,454,800,481,11.129,76.562,0,-575.94,829.18,1,116.18,16.24,2500,1,0,0
3825,63.81375,free_swing,672,465,805,452,3.871,95.583,0,-407.63,154.05,1,133.63,3.66,2500,1,0,0
3826,63.83043,free_swing,657,473,803,419,-2.437,110.298,0,-304.82,761.73,1,155.67,12.23,2500,1,0,0
3827,63.84712,free_swing,646,478,794,421,-6.642,111.063,0,-269.12,405.64,1,158.60,14.34,2500,1,0,0
3828,63.8638,free_swing,633,483,781,392,-11.237,121.586,0,-251.95,432.47,1,173.74,25.25,2500,0,0,0
3829,63.88048,free_swing,620,486,759,369,-15.601,130.088,0,-266.87,401.28,1,181.69,30.98,2500,0,0,0
3830,63.89717,free_swing,606,489,739,361,-19.954,133.903,0,-279.59,211.96,1,184.59,33.08,2500,0,0,0
3831,63.91385,free_swing,589,491,718,362,-24.958,135.000,0,-303.79,95.78,1,182.43,31.52,2500,0,0,0
3832,63.93053,free_swing,571,490,704,337,-30.211,139.000,0,-325.30,55.37,1,202.73,46.15,2500,0,0,0
3833,63.94722,free_swing,551,488,677,355,-35.676,136.548,0,-335.94,-53.12,1,183.21,32.08,2500,0,0,0
3834,63.9639,free_swing,530,483,670,336,-41.373,136.397,0,-335.33,-216.13,1,203.00,46.35,2500,0,0,0
3835,63.98058,free_swing,510,475,654,349,-46.935,131.186,0,-324.65,-262.93,1,191.34,37.95,2500,0,0,0
3836,63.99727,free_swing,492,465,636,362,-52.125,125.575,0,-311.29,-323.46,1,177.05,27.64,2500,0,0,0
3837,64.01395,free_swing,476,452,639,353,-57.311,121.273,0,-312.53,-331.02,1,190.71,37.49,2500,0,0,0
3838,64.03063,free_swing,462,437,629,362,-62.418,114.185,0,-307.63,-553.47,1,183.07,31.98,2500,1,0,0
3839,64.04732,free_swing,449,420,626,374,-67.647,104.568,0,-285.16,-717.82,1,182.88,31.84,2500,0,0,0
3840,64.064,free_swing,440,405,598,409,-71.874,88.550,0,-245.31,-726.01,1,158.05,13.94,2500,0,0,0
3841,64.08068,free_swing,434,391,595,419,-75.552,80.134,0,-181.63,-670.15,1,163.42,17.81,2500,0,0,0
3842,64.09737,free_swing,430,381,569,432,-78.124,69.852,0,-109.98,-422.86,1,148.06,6.74,2500,1,0,0
3843,64.11405,free_swing,429,377,553,447,-79.114,60.555,0,-33.38,-512.71,0,142.39,2.66,2500,0,0,0
3844,64.13073,free_swing,429,377,545,447,-79.114,58.891,0,33.17,-450.85,0,135.48,2.32,2500,0,0,0
3845,64.14742,free_swing,431,381,519,474,-78.074,43.418,0,105.17,-39.76,1,128.04,7.69,2500,1,0,0
3846,64.1641,free_swing,434,390,507,461,-75.787,45.796,0,171.55,-355.08,1,101.83,26.58,2500,1,0,0
3847,64.18078,free_swing,441,404,494,452,-72.031,47.834,0,241.87,-1057.12,1,71.51,48.45,2500,1,0,0
3848,64.19747,free_swing,449,419,455,501,-67.876,4.185,0,320.12,-2132.18,1,82.22,40.73,2500,1,0,0
3849,64.21415,free_swing,464,439,427,513,-61.734,-26.565,0,391.78,-2163.52,1,82.73,40.35,2500,0,0,0
3850,64.23083,free_swing,485,458,408,499,-54.707,-61.966,0,416.34,-1308.14,1,87.24,37.11,2500,1,0,0
3851,64.24752,free_swing,507,473,392,507,-47.891,-73.530,0,371.57,-859.72,1,119.92,13.54,2500,1,0,0
3852,64.2642,free_swing,526,482,393,494,-42.406,-84.844,0,316.90,-586.63,1,133.54,3.73,2500,1,0,0
3853,64.28088,free_swing,544,487,417,471,-37.515,-97.181,0,286.93,-591.50,0,128.00,7.72,2500,0,0,0
3854,64.29757,free_swing,561,491,423,449,-32.681,-106.928,0,280.44,-736.26,0,144.25,4.00,2500,0,0,0
3855,64.31425,free_swing,579,491,445,432,-27.848,-113.764,0,299.33,-400.13,1,146.41,5.56,2500,1,0,0
3856,64.33093,free_swing,596,491,484,398,-22.850,-129.705,0,344.16,-18.77,1,145.58,4.95,2500,1,0,0
3857,64.34762,free_swing,617,488,477,428,-16.429,-113.199,0,390.85,48.18,0,152.32,9.81,2500,0,0,0
3858,64.3643,free_swing,638,482,500,411,-9.462,-117.225,0,425.50,76.24,1,155.19,11.88,2500,0,0,0
3859,64.38098,free_swing,657,472,539,394,-2.454,-123.465,0,442.28,109.06,0,141.45,1.98,2500,0,0,0
3860,64.39767,free_swing,675,462,544,407,5.274,-112.775,0,471.44,202.16,0,142.08,2.43,2500,0,0,0
3861,64.41435,free_swing,691,450,557,417,13.349,-103.835,0,518.43,534.67,1,138.00,0.51,2500,1,0,0
3862,64.43103,free_swing,705,435,586,391,22.184,-110.292,0,542.62,724.45,0,126.87,8.53,2500,0,0,0
3863,64.44772,free_swing,717,420,594,444,31.535,-78.959,0,538.77,295.72,1,125.32,9.65,2500,1,0,0
3864,64.4644,free_swing,725,407,623,430,39.579,-77.293,0,441.76,586.38,1,104.56,24.62,2500,1,0,0
3865,64.48108,free_swing,731,397,666,399,46.292,-88.238,0,271.83,931.51,1,65.03,53.12,2500,1,0,0
3866,64.49777,free_swing,732,393,682,465,48.521,-34.778,0,75.18,2099.78,1,87.66,36.80,2500,1,0,0
3867,64.51445,free_swing,732,394,715,487,48.059,-10.359,0,-151.94,2476.01,1,94.54,31.84,2500,1,0,0
3868,64.53113,free_swing,729,400,747,428,44.145,32.735,0,-385.31,1838.79,1,33.29,76.00,2500,1,0,0
3869,64.54782,free_swing,722,414,764,438,35.735,60.255,0,-577.05,1595.34,1,48.37,65.13,2500,1,0,0
3870,64.5645,free_swing,709,431,804,448,24.922,79.854,0,-606.16,1024.59,1,96.51,30.42,2500,1,0,0
3871,64.58118,free_swing,695,447,815,435,15.550,95.711,0,-497.00,759.60,1,120.60,13.06,2500,1,0,0
3872,64.59787,free_swing,683,457,818,414,9.090,107.668,0,-345.55,661.83,0,141.68,2.14,2500,0,0,0
3873,64.61455,free_swing,672,464,810,398,3.900,115.560,0,-252.29,604.84,1,152.97,10.28,2500,0,0,0
3874,64.63123,free_swing,664,471,792,366,0.412,129.362,0,-233.91,608.32,1,165.56,19.36,2500,0,0,0
3875,64.64792,free_swing,654,475,770,351,-3.601,136.909,0,-231.03,627.46,1,169.80,22.42,2500,0,0,0
3876,64.6646,free_swing,642,480,750,314,-8.076,146.952,0,-254.07,465.12,1,198.04,42.77,2500,0,0,0
3877,64.68128,free_swing,631,485,723,284,-11.813,155.406,0,-274.50,245.51,1,221.05,59.37,2500,1,0,0
3878,64.69797,free_swing,615,489,697,309,-17.000,155.508,0,-297.72,85.86,1,197.80,42.60,2500,0,0,0
3879,64.71465,free_swing,598,491,670,336,-22.235,155.084,0,-323.23,78.15,1,170.91,23.21,2500,0,0,0
3880,64.73133,free_swing,580,492,656,279,-27.418,160.363,0,-326.94,133.10,1,226.15,63.04,2500,0,0,0
3881,64.74802,free_swing,560,490,628,298,-33.100,160.498,0,-330.89,50.11,1,203.69,46.84,2500,0,0,0
3882,64.7647,free_swing,540,486,609,293,-38.614,160.327,0,-327.15,-78.66,1,204.96,47.77,2500,0,0,0
3883,64.78138,free_swing,521,480,600,275,-43.815,158.925,0,-311.98,-74.16,1,219.70,58.39,2500,0,0,0
3884,64.79807,free_swing,503,471,589,263,-49.018,157.537,0,-295.30,-51.44,1,225.08,62.27,2500,0,0,0
3885,64.81475,free_swing,487,461,570,262,-53.760,157.360,0,-278.71,29.75,1,215.62,55.45,2500,0,0,0
3886,64.83143,free_swing,473,450,557,246,-58.158,157.620,0,-259.79,-66.58,1,220.62,59.05,2500,0,0,0
3887,64.84812,free_swing,462,437,528,274,-62.418,157.957,0,-237.01,-89.04,1,175.86,26.78,2500,0,0,0
3888,64.8648,free_swing,453,425,564,217,-66.114,151.913,0,-202.55,-75.44,1,235.76,69.97,2500,0,0,0
3889,64.88148,free_swing,446,415,532,221,-69.069,156.092,0,-156.34,51.63,1,212.21,52.99,2500,0,0,0
3890,64.89817,free_swing,441,407,532,206,-71.333,155.642,0,-107.99,232.96,1,220.64,59.07,2500,0,0,0
3891,64.91485,free_swing,438,402,503,215,-72.719,160.833,0,-66.41,220.74,1,197.97,42.73,2500,0,0,0
3892,64.93153,free_swing,438,399,481,222,-73.418,166.345,0,-27.29,359.05,1,182.15,31.32,2500,0,0,0
3893,64.94822,free_swing,438,398,469,224,-73.652,169.898,0,20.96,472.88,1,176.74,27.42,2500,0,0,0
3894,64.9649,free_swing,439,401,439,234,-72.879,180.000,0,79.57,472.38,1,167.00,20.40,2500,0,0,0
3895,64.98158,free_swing,442,408,426,244,-71.022,-174.428,0,119.14,-366.57,1,164.78,18.80,2500,1,0,0
3896,64.99827,free_swing,447,416,457,246,-68.749,176.634,0,131.38,-987.96,1,170.29,22.77,2500,1,0,0
3897,65.01495,free_swing,451,423,646,162,-66.769,143.236,0,138.48,-913.33,1,325.80,134.88,2500,0,0,0
3898,65.03163,free_swing,457,431,689,83,-64.332,146.310,0,153.03,-218.28,1,418.24,201.53,2500,1,0,0
3899,65.04832,free_swing,464,440,692,121,-61.511,144.445,0,171.64,-242.34,1,392.10,182.68,2500,0,0,0
3900,65.065,free_swing,472,448,694,74,-58.728,149.307,0,166.65,702.04,1,434.93,213.55,2500,1,0,0
3901,65.08168,free_swing,480,456,711,97,-55.879,147.241,0,152.79,2921.81,1,426.90,207.77,2500,1,0,1
3902,65.09837,free_swing,488,461,431,432,-53.604,-116.966,0,145.25,4191.87,1,63.95,53.89,2500,1,0,1
3903,65.11505,free_swing,497,466,412,540,-51.089,-48.958,0,156.00,3323.34,1,112.70,18.75,2500,1,0,1
3904,65.13173,free_swing,506,472,489,526,-48.276,-17.475,0,184.88,2241.69,1,56.61,59.19,2500,1,0,0
3905,65.14842,free_swing,518,478,524,568,-44.803,3.814,0,224.50,2436.59,1,90.20,34.97,2500,0,0,0
3906,65.1651,free_swing,532,484,589,498,-40.756,76.201,0,280.63,1860.38,1,58.69,57.69,2500,1,0,0
3907,65.18178,free_swing,551,489,645,495,-35.503,86.348,0,344.18,946.10,1,94.19,32.09,2500,1,0,0
3908,65.19847,free_swing,573,493,669,516,-29.205,76.527,0,397.98,-46.04,1,98.72,28.83,2500,1,0,0
3909,65.21515,free_swing,598,492,694,476,-22.109,99.462,0,448.35,448.49,1,97.32,29.84,2500,1,0,0
3910,65.23183,free_swing,623,487,740,479,-14.470,93.912,0,503.44,26.01,1,117.27,15.45,2500,1,0,0
3911,65.24852,free_swing,649,478,766,455,-5.477,101.121,0,545.45,-118.85,1,119.24,14.04,2500,0,0,0
3912,65.2652,free_swing,672,465,777,481,3.871,81.336,0,559.50,-309.67,1,106.21,23.43,2500,0,0,0
3913,65.28188,free_swing,690,450,799,430,12.888,100.397,0,535.16,-419.67,1,110.82,20.11,2500,0,0,0
3914,65.29857,free_swing,704,436,813,478,21.516,68.927,0,492.54,-269.91,1,116.81,15.79,2500,0,0,0
3915,65.31525,free_swing,714,424,817,441,29.002,80.628,0,391.11,-138.60,1,104.39,24.74,2500,0,0,0
3916,65.33193,free_swing,720,414,838,437,34.804,78.970,0,252.70,722.70,1,120.22,13.33,2500,1,0,0
3917,65.34862,free_swing,722,410,841,403,37.104,93.366,0,85.85,945.66,1,119.21,14.06,2500,1,0,0
3918,65.3653,free_swing,723,409,832,363,37.926,112.881,0,-32.96,1017.40,1,118.31,14.71,2500,0,0,0
3919,65.38198,free_swing,721,412,840,313,35.942,129.758,0,-97.80,460.46,1,154.80,11.60,2500,1,0,0
3920,65.39867,free_swing,720,415,833,329,34.479,127.273,0,-166.77,130.28,1,142.00,2.38,2500,1,0,0
3921,65.41535,free_swing,717,421,827,331,31.247,129.289,0,-222.21,253.13,0,142.13,2.46,2500,0,0,0
3922,65.43203,free_swing,711,428,824,301,26.565,138.338,0,-279.32,286.73,1,169.99,22.56,2500,0,0,0
3923,65.44872,free_swing,705,436,806,293,21.991,144.767,0,-294.02,254.19,1,175.07,26.22,2500,0,0,0
3924,65.4654,free_swing,697,443,799,324,17.030,139.399,0,-302.22,246.12,1,156.73,12.99,2500,0,0,0
3925,65.48208,free_swing,688,452,769,295,11.768,152.710,0,-326.48,154.98,1,176.66,27.36,2500,0,0,0
3926,65.49877,free_swing,677,461,774,272,6.194,152.832,0,-358.31,105.73,1,212.44,53.15,2500,0,0,0
3927,65.51545,free_swing,663,470,754,328,0.000,147.346,0,-372.50,-97.19,1,168.66,21.59,2500,1,0,0
3928,65.53213,free_swing,646,479,738,306,-6.597,151.996,0,-386.59,-42.42,1,195.94,41.26,2500,0,0,0
3929,65.54882,free_swing,629,485,732,315,-12.529,148.789,0,-388.47,-189.32,1,198.77,43.30,2500,0,0,0
3930,65.5655,free_swing,607,490,724,330,-19.516,143.824,0,-383.07,-273.36,1,198.21,42.90,2500,0,0,0
3931,65.58218,free_swing,586,492,712,356,-25.699,137.186,0,-389.91,-341.88,1,185.40,33.66,2500,0,0,0
3932,65.59887,free_swing,564,491,711,336,-31.908,136.517,0,-379.77,-413.50,1,213.62,54.01,2500,0,0,0
3933,65.61555,free_swing,540,486,701,386,-38.614,121.845,0,-366.28,-538.85,1,189.53,36.64,2500,0,0,0
3934,65.63223,free_swing,520,479,682,400,-44.210,115.996,0,-333.88,-693.20,1,180.24,29.94,2500,0,0,0
3935,65.64892,free_swing,503,470,673,432,-49.222,102.600,0,-274.83,-859.82,1,174.20,25.58,2500,0,0,0
3936,65.6656,free_swing,488,461,639,468,-53.604,87.346,0,-203.32,-875.91,0,151.16,8.98,2500,0,0,0
3937,65.68228,free_swing,481,455,607,503,-55.948,69.146,0,-111.96,-698.10,0,134.83,2.79,2500,0,0,0
3938,65.69897,free_swing,477,453,581,502,-56.954,64.772,0,-6.10,-297.41,1,114.97,17.12,2500,1,0,0
3939,65.71565,free_swing,480,454,545,519,-56.310,45.000,0,127.43,-2986.31,1,91.92,33.73,2500,1,0,1
3940,65.73233,free_swing,489,462,506,528,-53.236,14.444,0,250.30,-3530.60,1,68.15,50.87,2500,1,0,1
3941,65.74902,free_swing,507,473,492,462,-47.891,-126.254,0,286.24,-2785.67,1,18.60,86.59,2500,1,1,1
3942,65.7657,free_swing,522,480,413,520,-43.612,-69.848,0,223.83,-1069.22,1,116.11,16.29,2500,1,0,0
3943,65.78238,free_swing,532,483,437,433,-40.943,-117.759,0,124.85,-156.82,1,107.35,22.60,2500,1,0,0
3944,65.79907,free_swing,537,485,420,415,-39.472,-120.892,0,62.26,-1130.53,1,136.34,1.71,2500,1,0,0
3945,65.81575,free_swing,539,486,440,366,-38.841,-140.477,0,18.42,-394.14,1,155.57,12.15,2500,1,0,0
3946,65.83243,free_swing,540,486,424,376,-38.614,-133.479,0,-11.15,-778.74,1,159.86,15.25,2500,1,0,0
3947,65.84912,free_swing,539,485,486,301,-39.023,-163.931,0,-13.48,-754.22,1,191.48,38.05,2500,0,0,0
3948,65.8658,free_swing,539,485,500,296,-39.023,-168.341,0,35.65,-592.81,1,192.98,39.13,2500,0,0,0
3949,65.88248,free_swing,543,486,527,291,-37.926,-175.309,0,111.94,-126.92,1,195.66,41.06,2500,1,0,0
3950,65.89917,free_swing,553,488,536,302,-35.189,-174.778,0,159.84,-223.67,1,186.78,34.65,2500,0,0,0
3951,65.91585,free_swing,563,490,574,279,-32.330,177.016,0,179.88,-224.60,1,211.29,52.32,2500,0,0,0
3952,65.93253,free_swing,573,491,586,315,-29.511,175.776,0,198.13,-303.22,1,176.48,27.23,2500,0,0,0
3953,65.94922,free_swing,586,491,619,300,-25.840,170.198,0,231.26,-193.49,1,193.83,39.74,2500,0,0,0
3954,65.9659,free_swing,600,491,648,305,-21.615,165.530,0,255.17,-230.30,1,192.09,38.49,2500,0,0,0
3955,65.98258,free_swing,614,489,674,270,-17.333,164.678,0,264.79,-284.29,1,227.07,63.70,2500,0,0,0
3956,65.99927,free_swing,628,485,703,303,-12.885,157.604,0,277.02,-273.65,1,196.85,41.91,2500,0,0,0
3957,66.01595,free_swing,642,481,733,316,-8.022,151.123,0,300.12,-218.62,1,188.43,35.85,2500,0,0,0
3958,66.03263,free_swing,656,474,757,291,-2.822,151.105,0,334.45,-394.31,1,209.02,50.69,2500,0,0,0
3959,66.04932,free_swing,670,465,780,320,3.013,142.815,0,361.49,-644.42,1,182.00,31.21,2500,1,0,0
3960,66.066,free_swing,684,457,809,374,9.537,123.584,0,391.58,-874.44,1,150.05,8.17,2500,1,0,0
3961,66.08268,free_swing,696,446,832,384,16.144,114.507,0,466.77,-905.71,0,149.47,7.76,2500,0,0,0
3962,66.09937,free_swing,708,432,845,416,24.228,96.661,0,537.35,-1094.58,0,137.93,0.56,2500,0,0,0
3963,66.11605,free_swing,720,416,826,439,34.160,77.758,0,520.78,-1206.25,1,108.47,21.80,2500,0,0,0
3964,66.13273,free_swing,726,403,829,475,41.583,55.045,0,357.37,-880.49,1,125.67,9.40,2500,1,0,0
3965,66.14942,free_swing,729,397,795,460,45.437,46.332,0,92.97,-799.20,1,91.24,34.22,2500,1,0,0
3966,66.1661,free_swing,729,398,773,457,45.000,36.714,0,-120.90,-671.64,1,73.60,46.94,2500,1,0,0
3967,66.18278,free_swing,727,406,756,499,40.855,17.319,0,-297.50,-495.12,1,97.42,29.77,2500,0,0,0
3968,66.19947,free_swing,723,415,741,474,35.863,16.966,0,-396.43,-380.09,1,61.68,55.53,2500,0,0,0
3969,66.21615,free_swing,713,427,721,460,27.759,13.627,0,-456.21,-416.00,1,33.96,75.52,2500,0,0,0
3970,66.23283,free_swing,703,439,700,524,20.497,-2.021,0,-490.43,-663.38,1,85.05,38.68,2500,1,0,0
3971,66.24952,free_swing,689,454,681,506,12.031,-8.746,0,-487.75,-417.91,1,52.61,62.07,2500,1,0,0
3972,66.2662,free_swing,672,465,652,550,3.871,-13.241,0,-502.11,200.43,1,87.32,37.05,2500,1,0,0
3973,66.28288,free_swing,652,477,640,576,-4.338,-6.911,0,-486.73,308.34,1,99.72,28.10,2500,0,0,0
3974,66.29957,free_swing,629,485,634,546,-12.529,4.686,0,-474.81,302.92,1,61.20,55.88,2500,0,0,0
3975,66.31625,free_swing,605,491,606,587,-20.041,0.597,0,-448.10,686.11,1,96.01,30.79,2500,1,0,0
3976,66.33293,free_swing,580,492,599,564,-27.418,14.783,0,-411.41,452.71,1,74.46,46.32,2500,1,0,0
3977,66.34962,free_swing,556,491,595,540,-33.939,38.517,0,-380.22,820.79,1,62.63,54.85,2500,1,0,0
3978,66.3663,free_swing,535,485,564,562,-39.916,20.638,0,-354.01,354.59,1,82.28,40.68,2500,1,0,0
3979,66.38298,free_swing,514,477,570,516,-45.779,55.146,0,-333.07,-124.54,1,68.24,50.80,2500,1,0,0
3980,66.39967,free_swing,495,467,539,545,-51.216,29.427,0,-317.10,-543.26,1,89.55,35.44,2500,1,0,0
3981,66.41635,free_swing,480,455,510,532,-56.094,21.286,0,-289.82,-836.49,1,82.64,40.42,2500,1,0,0
3982,66.43303,free_swing,466,441,482,539,-61.044,9.273,0,-266.11,37.51,1,99.30,28.41,2500,1,0,0
3983,66.44972,free_swing,456,429,479,498,-64.892,18.435,0,-233.37,-78.04,1,72.73,47.56,2500,0,0,0
3984,66.4664,free_swing,448,416,463,470,-68.660,15.524,0,-187.37,-1226.24,1,56.04,59.60,2500,1,0,0
3985,66.48308,free_swing,442,407,440,468,-71.255,-1.878,0,-132.57,975.44,1,61.03,56.00,2500,1,0,0
3986,66.49977,free_swing,439,401,433,436,-72.879,-9.728,0,-50.48,3348.93,1,35.51,74.40,2500,1,0,1
3987,66.51645,free_swing,439,400,616,155,-73.113,144.154,0,29.64,3626.85,1,302.25,117.90,2500,1,0,1
3988,66.53313,free_swing,440,405,667,142,-71.874,139.202,0,96.26,1693.08,1,347.42,150.47,2500,1,0,0
3989,66.54982,free_swing,444,412,697,108,-69.933,140.232,0,128.26,-684.94,1,395.51,185.14,2500,1,0,0
3990,66.5665,free_swing,449,420,654,92,-67.647,147.995,0,142.62,154.19,1,386.79,178.85,2500,1,0,0
3991,66.58318,free_swing,454,428,674,118,-65.329,144.638,0,153.56,-280.75,1,380.13,174.05,2500,1,0,0
3992,66.59987,free_swing,461,437,703,81,-62.534,145.793,0,163.79,673.10,1,430.46,210.34,2500,1,0,0
3993,66.61655,free_swing,469,445,711,81,-59.780,146.383,0,173.22,1349.34,1,437.10,215.12,2500,1,0,0
3994,66.63323,free_swing,478,453,408,308,-56.813,-154.231,0,184.47,1125.91,1,161.01,16.08,2500,1,0,0
3995,66.64992,free_swing,488,461,447,271,-53.604,-167.823,0,204.89,386.19,1,194.37,40.13,2500,1,0,0
3996,66.6666,free_swing,500,469,457,284,-49.953,-166.915,0,226.86,-496.79,1,189.93,36.93,2500,1,0,0
3997,66.68328,free_swing,514,476,471,307,-45.978,-165.725,0,250.01,-223.71,1,174.38,25.72,2500,1,0,0
3998,66.69997,free_swing,530,482,514,275,-41.562,-175.580,0,286.91,-117.41,1,207.62,49.68,2500,0,0,0
3999,66.71665,free_swing,548,487,541,266,-36.573,-178.186,0,322.18,22.35,1,221.11,59.41,2500,0,0,0
4000,66.73333,free_swing,569,491,521,300,-30.591,-165.893,0,359.61,86.17,1,196.94,41.98,2500,0,0,0
4001,66.75002,free_swing,590,491,571,268,-24.661,-175.130,0,391.11,-31.86,1,223.81,61.35,2500,0,0,0
4002,66.7667,free_swing,613,489,589,249,-17.665,-174.289,0,416.65,-118.07,1,241.20,73.89,2500,0,0,0
4003,66.78338,free_swing,635,483,597,263,-10.505,-170.200,0,449.86,402.09,1,223.26,60.95,2500,1,0,0
4004,66.80007,free_swing,656,474,606,252,-2.822,-167.307,0,487.63,698.05,1,227.56,64.06,2500,1,0,0
4005,66.81675,free_swing,676,462,579,313,5.711,-146.936,0,531.34,650.36,1,177.79,28.18,2500,0,0,0
4006,66.83343,free_swing,694,447,577,315,15.086,-138.447,0,580.56,515.95,1,176.39,27.17,2500,0,0,0
4007,66.85012,free_swing,708,430,591,300,24.664,-138.013,0,597.57,379.74,1,174.90,26.09,2500,0,0,0
4008,66.8668,free_swing,720,413,580,317,35.134,-124.439,0,592.38,661.53,1,169.75,22.38,2500,1,0,0
4009,66.88348,free_swing,728,399,578,330,44.132,-114.702,0,555.23,508.72,1,165.11,19.03,2500,0,0,0
4010,66.90017,free_swing,733,385,585,346,52.869,-104.763,0,433.26,332.41,1,153.05,10.34,2500,0,0,0
4011,66.91685,free_swing,736,376,596,327,58.921,-109.290,0,209.03,122.41,1,148.33,6.93,2500,1,0,0
4012,66.93353,free_swing,736,374,591,358,60.086,-96.297,0,-44.93,273.25,1,145.88,5.17,2500,1,0,0
4013,66.95022,free_swing,735,379,598,351,56.864,-101.551,0,-213.41,535.25,1,139.83,0.81,2500,1,0,0
4014,66.9669,free_swing,732,384,581,396,52.997,-85.456,0,-303.11,-156.70,1,151.48,9.20,2500,1,0,0
4015,66.98358,free_swing,730,393,580,399,47.684,-87.709,0,-363.18,-246.16,0,150.12,8.23,2500,0,0,0
4016,67.00027,free_swing,725,404,608,355,40.732,-112.724,0,-414.93,-334.44,0,126.85,8.55,2500,0,0,0
4017,67.01695,free_swing,719,416,600,410,33.690,-92.886,0,-437.55,253.96,1,119.15,14.10,2500,1,0,0
4018,67.03363,free_swing,711,428,603,419,26.565,-94.764,0,-441.66,777.89,1,108.37,21.87,2500,1,0,0
4019,67.05032,free_swing,700,441,596,460,18.750,-79.647,0,-460.26,759.45,1,105.72,23.78,2500,0,0,0
4020,67.067,free_swing,687,454,587,507,11.129,-62.076,0,-491.32,954.68,1,113.18,18.41,2500,0,0,0
4021,67.08368,free_swing,669,468,601,531,2.526,-47.186,0,-540.97,1028.88,1,92.70,33.17,2500,0,0,0
4022,67.10037,free_swing,645,480,603,546,-6.934,-32.471,0,-603.29,1462.48,1,78.23,43.60,2500,1,0,0
4023,67.11705,free_swing,614,490,614,569,-17.230,0.000,0,-606.36,1604.69,1,79.00,43.05,2500,0,0,0
4024,67.13373,free_swing,580,493,631,584,-27.272,29.268,0,-534.12,1633.13,1,104.32,24.79,2500,0,0,0
4025,67.15042,free_swing,553,489,628,568,-35.017,43.512,0,-423.19,1049.15,1,108.93,21.47,2500,1,0,0
4026,67.1671,free_swing,531,484,640,523,-40.972,70.313,0,-314.47,811.57,1,115.77,16.54,2500,1,0,0
4027,67.18378,free_swing,514,476,636,524,-45.978,68.523,0,-265.06,358.40,1,131.10,5.48,2500,1,0,0
4028,67.20047,free_swing,500,470,642,485,-49.748,83.970,0,-257.39,413.35,0,142.79,2.94,2500,0,0,0
4029,67.21715,free_swing,485,459,629,491,-54.493,77.471,0,-267.41,360.17,0,147.51,6.35,2500,0,0,0
4030,67.23383,free_swing,471,447,643,416,-59.080,100.217,0,-276.39,-129.20,1,174.77,26.00,2500,1,0,0
4031,67.25052,free_swing,459,434,611,463,-63.435,79.198,0,-257.12,-359.40,1,154.74,11.56,2500,1,0,0
4032,67.2672,free_swing,449,420,603,456,-67.647,76.842,0,-235.57,-246.03,1,158.15,14.02,2500,0,0,0
4033,67.28388,free_swing,442,407,591,444,-71.255,76.054,0,-199.56,221.84,1,153.53,10.68,2500,1,0,0
4034,67.30057,free_swing,436,396,592,405,-74.255,86.698,0,-154.09,-99.55,1,156.26,12.65,2500,1,0,0
4035,67.31725,free_swing,433,388,575,426,-76.316,75.018,0,-98.82,-190.79,0,147.00,5.98,2500,0,0,0
4036,67.33393,free_swing,431,383,574,432,-77.602,71.086,0,-39.43,-35.84,0,151.16,8.98,2500,0,0,0
4037,67.35062,free_swing,430,383,580,415,-77.654,77.957,0,11.91,-27.19,1,153.38,10.57,2500,0,0,0
4038,67.3673,free_swing,432,385,577,416,-77.078,77.932,0,57.89,-46.42,0,148.28,6.90,2500,0,0,0
4039,67.38398,free_swing,433,390,566,455,-75.847,63.954,0,103.63,-164.31,0,148.03,6.72,2500,0,0,0
4040,67.40067,free_swing,437,398,580,433,-73.720,76.247,0,147.43,-298.17,0,147.22,6.14,2500,0,0,0
4041,67.41735,free_swing,442,409,564,472,-70.791,62.688,0,182.09,-387.61,0,137.31,1.01,2500,0,0,0
4042,67.43403,free_swing,449,420,556,505,-67.647,51.537,0,214.92,-447.94,0,136.65,1.48,2500,0,0,0
4043,67.45072,free_swing,458,433,560,515,-63.771,51.203,0,250.61,-332.14,0,130.87,5.65,2500,0,0,0
4044,67.4674,free_swing,471,447,561,528,-59.080,48.013,0,295.28,-71.25,1,121.08,12.71,2500,1,0,0
4045,67.48408,free_swing,488,460,551,556,-53.817,33.275,0,364.04,-526.47,1,114.83,17.22,2500,1,0,0
4046,67.50077,free_swing,509,474,560,533,-47.322,40.840,0,443.17,-1266.52,1,77.99,43.78,2500,1,0,0
4047,67.51745,free_swing,538,486,532,583,-39.066,-3.540,0,484.81,-1749.13,1,97.19,29.94,2500,1,0,0
4048,67.53413,free_swing,567,492,520,563,-30.964,-33.503,0,463.42,-1913.50,1,85.15,38.61,2500,0,0,0
4049,67.55082,free_swing,592,492,520,548,-23.929,-52.125,0,402.17,-1048.15,1,91.21,34.24,2500,1,0,0
4050,67.5675,free_swing,613,490,530,514,-17.560,-73.872,0,365.56,-823.21,1,86.40,37.71,2500,1,0,0
4051,67.58418,free_swing,631,485,542,503,-11.813,-78.566,0,337.41,-820.26,1,90.80,34.54,2500,0,0,0
4052,67.60087,free_swing,648,479,558,473,-5.826,-93.814,0,350.28,-68.70,1,90.20,34.97,2500,1,0,0
4053,67.61755,free_swing,662,471,556,453,-0.412,-99.638,0,389.22,137.06,1,107.52,22.49,2500,1,0,0
4054,67.63423,free_swing,679,460,553,496,7.125,-74.055,0,435.26,-106.21,1,131.04,5.53,2500,1,0,0
4055,67.65092,free_swing,693,449,570,438,14.381,-95.110,0,458.85,208.57,1,123.49,10.97,2500,1,0,0
4056,67.6676,free_swing,705,436,596,420,21.991,-98.351,0,429.16,231.01,1,110.17,20.58,2500,0,0,0
4057,67.68428,free_swing,714,425,592,495,28.740,-60.154,0,384.55,669.85,1,140.66,1.40,2500,1,0,0
4058,67.70097,free_swing,720,415,612,439,34.479,-77.471,0,301.65,525.31,1,110.63,20.24,2500,0,0,0
4059,67.71765,free_swing,724,408,628,459,38.752,-62.021,0,184.96,451.48,1,108.71,21.63,2500,0,0,0
4060,67.73433,free_swing,726,405,630,497,40.795,-46.219,0,64.02,643.85,0,132.97,4.14,2500,0,0,0
4061,67.75102,free_swing,726,406,646,496,40.409,-41.634,0,-64.99,129.81,1,120.42,13.19,2500,1,0,0
4062,67.7677,free_swing,725,409,654,478,38.841,-45.818,0,-200.93,306.46,1,99.01,28.62,2500,0,0,0
4063,67.78438,free_swing,720,416,668,496,34.160,-33.024,0,-312.28,820.77,1,95.41,31.21,2500,1,0,0
4064,67.80107,free_swing,713,427,691,523,27.759,-12.907,0,-413.44,1065.97,1,98.49,29.00,2500,1,0,0
4065,67.81775,free_swing,704,439,711,551,20.966,3.576,0,-480.43,1358.40,1,112.22,19.10,2500,1,0,0
4066,67.83443,free_swing,689,454,729,556,12.031,21.413,0,-537.87,1272.05,1,109.56,21.01,2500,0,0,0
4067,67.85112,free_swing,670,467,741,515,2.968,55.939,0,-542.34,1010.65,1,85.70,38.21,2500,1,0,0
4068,67.8678,free_swing,648,479,752,549,-5.826,56.056,0,-472.47,872.58,0,125.36,9.62,2500,0,0,0
4069,67.88448,free_swing,628,486,745,524,-12.804,72.007,0,-384.41,874.99,1,123.02,11.31,2500,0,0,0
4070,67.90117,free_swing,610,490,748,481,-18.544,93.731,0,-320.22,609.02,1,138.29,0.30,2500,1,0,0
4071,67.91785,free_swing,594,491,732,468,-23.459,99.462,0,-295.51,179.77,1,139.90,0.86,2500,1,0,0
4072,67.93453,free_swing,576,492,723,502,-28.535,86.108,0,-281.58,-2.52,0,147.34,6.22,2500,0,0,0
4073,67.95122,free_swing,560,490,706,455,-33.100,103.481,0,-273.94,96.44,0,150.14,8.24,2500,0,0,0
4074,67.9679,free_swing,544,487,689,468,-37.515,97.465,0,-274.63,21.92,0,146.24,5.43,2500,0,0,0
4075,67.98458,free_swing,527,482,681,470,-42.198,94.456,0,-276.58,-380.78,1,154.47,11.36,2500,1,0,0
4076,68.00127,free_swing,511,474,663,474,-46.948,90.000,0,-269.09,-323.63,0,152.00,9.58,2500,0,0,0
4077,68.01795,free_swing,496,467,650,485,-51.049,83.333,0,-254.94,-360.89,1,155.05,11.78,2500,0,0,0
4078,68.03463,free_swing,483,457,622,487,-55.222,77.821,0,-228.37,-13.76,1,142.20,2.52,2500,1,0,0
4079,68.05132,free_swing,472,447,606,480,-58.948,76.165,0,-200.90,-367.84,1,138.00,0.51,2500,1,0,0
4080,68.068,free_swing,463,440,592,466,-61.631,78.605,0,-157.61,-728.76,1,131.59,5.13,2500,1,0,0
4081,68.08468,free_swing,457,432,549,529,-64.106,43.485,0,-103.63,-962.16,1,133.69,3.62,2500,1,0,0
4082,68.10137,free_swing,455,428,528,512,-65.225,40.992,0,-33.08,-915.47,1,111.29,19.77,2500,0,0,0
4083,68.11805,free_swing,455,429,496,520,-64.998,24.254,0,58.01,-919.96,1,99.81,28.04,2500,0,0,0
4084,68.13473,free_swing,460,434,468,538,-63.322,4.399,0,151.60,-1548.33,1,104.31,24.80,2500,1,0,0
4085,68.15142,free_swing,468,444,433,517,-60.129,-25.615,0,238.08,-1571.12,1,80.96,41.64,2500,0,0,0
4086,68.1681,free_swing,482,456,405,515,-55.586,-52.539,0,274.90,-1927.40,1,97.01,30.07,2500,1,0,0
4087,68.18478,free_swing,497,467,393,491,-50.880,-77.005,0,254.04,-1631.23,1,106.73,23.05,2500,1,0,0
4088,68.20147,free_swing,509,474,418,427,-47.322,-117.316,0,195.74,-1044.09,1,102.42,26.16,2500,1,0,0
4089,68.21815,free_swing,519,479,398,426,-44.409,-113.654,0,151.96,-506.63,1,132.10,4.77,2500,1,0,0
4090,68.23483,free_swing,527,482,403,402,-42.198,-122.829,0,141.92,-518.36,0,147.57,6.39,2500,0,0,0
4091,68.25152,free_swing,536,485,429,371,-39.695,-136.814,0,147.80,-752.25,1,156.35,12.72,2500,1,0,0
4092,68.2682,free_swing,546,487,464,330,-37.047,-152.422,0,163.16,-385.54,1,177.12,27.70,2500,1,0,0
4093,68.28488,free_swing,556,489,460,347,-34.276,-145.939,0,175.43,76.09,1,171.41,23.57,2500,1,0,0
4094,68.30157,free_swing,567,491,479,339,-31.122,-149.931,0,202.19,7.18,1,175.64,26.62,2500,0,0,0
4095,68.31825,free_swing,580,491,485,347,-27.565,-146.586,0,237.30,-383.06,1,172.51,24.37,2500,1,0,0
4096,68.33493,free_swing,595,491,529,304,-23.155,-160.560,0,276.62,-459.22,1,198.31,42.97,2500,0,0,0
4097,68.35162,free_swing,611,489,554,281,-18.325,-164.675,0,310.21,-88.00,1,215.67,55.48,2500,1,0,0
4098,68.3683,free_swing,628,486,571,283,-12.804,-164.316,0,339.74,316.15,1,210.85,52.01,2500,1,0,0
4099,68.38498,free_swing,645,479,555,325,-6.981,-149.697,0,371.87,386.93,1,178.37,28.59,2500,0,0,0
4100,68.40167,free_swing,662,470,574,301,-0.415,-152.494,0,410.15,365.31,1,190.54,37.37,2500,0,0,0
4101,68.41835,free_swing,678,460,570,317,6.684,-142.938,0,453.54,330.01,1,179.20,29.19,2500,0,0,0
4102,68.43503,free_swing,693,447,576,321,14.621,-137.121,0,488.45,182.23,1,171.94,23.96,2500,0,0,0
4103,68.45172,free_swing,706,434,581,314,22.859,-133.831,0,495.94,212.66,1,173.28,24.92,2500,0,0,0
4104,68.4684,free_swing,716,420,594,282,31.059,-138.521,0,466.94,331.58,1,184.20,32.79,2500,0,0,0
4105,68.48508,free_swing,722,407,575,329,38.191,-117.951,0,401.07,393.34,1,166.41,19.97,2500,0,0,0
4106,68.50177,free_swing,727,398,589,316,44.119,-120.719,0,283.50,469.76,1,160.52,15.73,2500,0,0,0
4107,68.51845,free_swing,729,392,584,326,47.726,-114.474,0,121.29,124.91,1,159.31,14.86,2500,1,0,0
4108,68.53513,free_swing,730,392,577,347,48.155,-106.390,0,-49.27,-124.57,1,159.48,14.98,2500,1,0,0
4109,68.55182,free_swing,728,395,592,327,45.895,-116.565,0,-195.13,-47.22,0,152.05,9.62,2500,0,0,0
4110,68.5685,free_swing,726,402,593,324,41.987,-120.390,0,-291.78,339.51,1,154.18,11.16,2500,1,0,0
4111,68.58518,free_swing,721,411,570,388,36.285,-98.661,0,-351.41,296.50,1,152.74,10.12,2500,0,0,0
4112,68.60187,free_swing,715,421,574,395,30.296,-100.448,0,-380.88,-0.92,1,143.38,3.37,2500,1,0,0
4113,68.61855,free_swing,707,432,577,374,23.749,-114.044,0,-403.99,-203.96,1,142.35,2.63,2500,1,0,0
4114,68.63523,free_swing,697,443,556,411,17.030,-102.787,0,-419.97,40.96,1,144.59,4.24,2500,1,0,0
4115,68.65192,free_swing,684,456,549,424,9.612,-103.335,0,-420.79,363.57,1,138.74,0.02,2500,1,0,0
4116,68.6686,free_swing,670,467,541,440,2.968,-101.821,0,-408.01,523.03,0,131.80,4.98,2500,0,0,0
4117,68.68528,free_swing,653,476,525,493,-3.972,-82.435,0,-410.64,680.60,0,129.12,6.91,2500,0,0,0
4118,68.70197,free_swing,634,484,523,522,-10.802,-71.102,0,-450.00,904.06,1,117.32,15.42,2500,1,0,0
4119,68.71865,free_swing,609,490,523,535,-18.869,-62.379,0,-502.75,1281.01,1,97.06,30.02,2500,1,0,0
4120,68.73533,free_swing,579,493,536,577,-27.553,-27.108,0,-542.42,1952.50,1,94.37,31.97,2500,1,0,0
4121,68.75202,free_swing,547,488,553,567,-36.634,4.343,0,-504.88,1815.15,1,79.23,42.88,2500,0,0,0
4122,68.7687,free_swing,518,479,574,563,-44.608,33.690,0,-410.66,1085.56,1,100.96,27.22,2500,1,0,0
4123,68.78538,free_swing,499,469,575,561,-50.126,39.560,0,-300.22,652.64,1,119.33,13.97,2500,1,0,0
4124,68.80207,free_swing,485,459,576,528,-54.493,52.829,0,-232.05,886.83,1,114.20,17.67,2500,1,0,0
4125,68.81875,free_swing,474,450,589,500,-58.022,66.501,0,-206.79,684.37,1,125.40,9.59,2500,1,0,0
4126,68.83543,free_swing,465,440,605,445,-61.390,87.955,0,-176.13,460.82,1,140.09,1.00,2500,1,0,0
4127,68.85212,free_swing,458,431,596,478,-64.223,71.192,0,-151.43,170.79,1,145.78,5.10,2500,1,0,0
4128,68.8688,free_swing,452,425,605,420,-66.214,91.872,0,-132.41,-86.06,1,153.08,10.36,2500,1,0,0
4129,68.88548,free_swing,447,417,605,437,-68.519,82.786,0,-112.39,130.64,1,159.26,14.82,2500,1,0,0
4130,68.90217,free_swing,443,411,598,438,-70.247,80.119,0,-82.15,-71.41,1,157.33,13.43,2500,1,0,0
4131,68.91885,free_swing,442,408,604,409,-71.022,89.646,0,-33.07,187.95,1,162.00,16.79,2500,1,0,0
4132,68.93553,free_swing,442,407,602,412,-71.255,88.210,0,22.99,267.45,1,160.08,15.41,2500,0,0,0
4133,68.95222,free_swing,443,410,605,405,-70.478,91.768,0,77.56,405.83,1,162.08,16.85,2500,0,0,0
4134,68.9689,free_swing,447,417,623,371,-68.519,104.647,0,127.06,560.22,1,181.91,31.15,2500,0,0,0
4135,68.98558,free_swing,452,425,618,358,-66.214,111.980,0,166.03,352.57,1,179.01,29.06,2500,1,0,0
4136,69.00227,free_swing,459,435,628,360,-63.211,113.931,0,196.76,55.06,1,184.89,33.30,2500,1,0,0
4137,69.01895,free_swing,469,446,629,374,-59.560,114.228,0,225.36,-28.69,1,175.45,26.49,2500,0,0,0
4138,69.03563,free_swing,481,456,638,387,-55.733,113.725,0,239.64,36.81,1,171.49,23.64,2500,0,0,0
4139,69.05232,free_swing,494,466,654,392,-51.589,114.821,0,253.17,109.74,1,176.28,27.09,2500,0,0,0
4140,69.069,free_swing,509,474,671,387,-47.322,118.237,0,270.94,157.60,1,183.88,32.57,2500,0,0,0
4141,69.08568,free_swing,526,481,679,394,-42.597,119.624,0,281.93,163.70,1,176.01,26.89,2500,0,0,0
4142,69.10237,free_swing,543,487,696,394,-37.747,121.293,0,296.28,-76.30,1,179.05,29.08,2500,1,0,0
4143,69.11905,free_swing,561,490,711,404,-32.845,119.827,0,310.07,-467.05,1,172.90,24.65,2500,1,0,0
4144,69.13573,free_swing,580,493,736,449,-27.272,105.751,0,337.95,-726.71,1,162.09,16.85,2500,1,0,0
4145,69.15242,free_swing,601,490,751,485,-21.425,91.909,0,384.31,-828.19,0,150.08,8.20,2500,0,0,0
4146,69.1691,free_swing,623,487,767,507,-14.470,82.093,0,459.43,-829.76,0,145.38,4.81,2500,0,0,0
4147,69.18578,free_swing,647,480,772,537,-6.170,65.487,0,555.97,-639.75,0,137.38,0.96,2500,0,0,0
4148,69.20247,free_swing,672,467,758,535,3.814,51.667,0,616.70,-1002.36,1,109.64,20.96,2500,1,0,0
4149,69.21915,free_swing,693,450,721,479,14.265,43.995,0,585.56,-1281.72,1,40.31,70.94,2500,1,0,0
4150,69.23583,free_swing,708,436,710,498,23.398,1.848,0,478.36,-1995.05,1,62.03,55.28,2500,1,0,0
4151,69.25252,free_swing,716,424,689,509,29.946,-17.622,0,367.31,-1718.98,1,89.19,35.70,2500,1,0,0
4152,69.2692,free_swing,721,414,663,451,35.272,-57.465,0,286.96,-594.51,1,68.80,50.40,2500,1,0,0
4153,69.28588,free_swing,725,407,648,476,39.579,-48.136,0,189.73,-932.50,1,103.39,25.46,2500,1,0,0
4154,69.30257,free_swing,727,403,629,467,42.032,-56.853,0,75.71,-687.40,1,117.05,15.62,2500,1,0,0
4155,69.31925,free_swing,726,403,624,382,41.583,-101.634,0,-50.87,-504.89,1,104.14,24.92,2500,0,0,0
4156,69.33593,free_swing,726,406,595,443,40.409,-74.228,0,-163.45,-146.19,1,136.12,1.86,2500,1,0,0
4157,69.35262,free_swing,722,412,581,441,36.409,-78.378,0,-279.22,116.27,1,143.95,3.78,2500,1,0,0
4158,69.3693,free_swing,716,420,582,399,31.059,-98.907,0,-390.18,-497.37,1,135.64,2.22,2500,1,0,0
4159,69.38598,free_swing,707,432,556,440,23.749,-86.967,0,-429.87,-231.41,1,151.21,9.01,2500,1,0,0
4160,69.40267,free_swing,696,444,546,419,16.417,-99.462,0,-434.62,-339.27,0,152.07,9.63,2500,0,0,0
4161,69.41935,free_swing,684,455,535,412,9.689,-106.098,0,-418.45,-461.60,1,155.08,11.80,2500,0,0,0
4162,69.43603,free_swing,669,466,531,399,2.564,-115.897,0,-421.37,-632.51,1,153.40,10.60,2500,0,0,0
4163,69.45272,free_swing,652,475,513,408,-4.399,-115.735,0,-411.29,-490.34,1,154.30,11.24,2500,0,0,0
4164,69.4694,free_swing,633,483,527,349,-11.237,-141.654,0,-379.34,28.96,1,170.86,23.18,2500,1,0,0
4165,69.48608,free_swing,615,488,480,410,-17.103,-120.018,0,-363.18,199.52,1,155.91,12.40,2500,0,0,0
4166,69.50277,free_swing,596,490,455,421,-22.979,-116.075,0,-344.98,326.58,1,156.98,13.17,2500,0,0,0
4167,69.51945,free_swing,575,490,457,412,-29.116,-123.465,0,-342.14,342.37,0,141.45,1.98,2500,0,0,0
4168,69.53613,free_swing,556,489,425,441,-34.276,-110.123,0,-340.10,408.58,0,139.52,0.58,2500,0,0,0
4169,69.55282,free_swing,534,484,390,481,-40.321,-91.193,0,-352.68,449.75,0,144.03,3.84,2500,0,0,0
4170,69.5695,free_swing,512,476,421,454,-46.359,-103.591,0,-389.45,798.96,1,93.62,32.50,2500,1,0,0
4171,69.58618,free_swing,490,463,408,485,-52.866,-74.982,0,-399.59,1536.53,1,84.90,38.79,2500,1,0,0
4172,69.60287,free_swing,469,445,416,515,-59.780,-37.131,0,-376.44,2206.02,1,87.80,36.70,2500,1,0,0
4173,69.61955,free_swing,455,427,436,524,-65.452,-11.083,0,-308.86,1408.09,1,98.84,28.74,2500,1,0,0
4174,69.63623,free_swing,445,412,468,495,-69.848,15.489,0,-228.87,1149.57,1,86.13,37.91,2500,1,0,0
4175,69.65292,free_swing,439,400,475,508,-73.113,18.435,0,-172.62,1004.20,1,113.84,17.93,2500,0,0,0
4176,69.6696,free_swing,434,391,518,460,-75.552,50.599,0,-124.55,598.37,1,108.71,21.63,2500,1,0,0
4177,69.68628,free_swing,431,384,524,461,-77.367,50.377,0,-77.96,452.55,1,120.74,12.95,2500,0,0,0
4178,69.70297,free_swing,430,381,534,466,-78.124,50.741,0,-20.33,280.49,0,134.32,3.17,2500,0,0,0
4179,69.71965,free_swing,431,381,560,438,-78.074,66.161,0,35.82,625.69,1,141.03,1.68,2500,1,0,0
4180,69.73633,free_swing,432,386,575,425,-76.842,74.745,0,94.23,547.69,0,148.22,6.86,2500,0,0,0
4181,69.75302,free_swing,435,393,588,420,-75.022,79.992,0,151.14,220.13,1,155.36,12.01,2500,1,0,0
4182,69.7697,free_swing,440,405,607,421,-71.874,84.527,0,198.32,122.38,1,167.76,20.95,2500,0,0,0
4183,69.78638,free_swing,447,418,610,432,-68.290,85.091,0,238.73,433.28,1,163.60,17.95,2500,1,0,0
4184,69.80307,free_swing,457,432,619,426,-64.106,92.121,0,265.18,465.50,1,162.11,16.87,2500,0,0,0
4185,69.81975,free_swing,470,446,640,387,-59.431,109.140,0,286.90,295.50,1,179.95,29.73,2500,0,0,0
4186,69.83643,free_swing,485,459,643,429,-54.493,100.751,0,305.35,41.12,1,160.82,15.94,2500,1,0,0
4187,69.85312,free_swing,502,470,660,431,-49.399,103.865,0,317.81,98.55,1,162.74,17.33,2500,0,0,0
4188,69.8698,free_swing,521,480,678,429,-43.815,107.996,0,328.34,23.88,1,165.08,19.01,2500,0,0,0
4189,69.88648,free_swing,541,486,697,424,-38.387,111.675,0,339.19,235.66,1,167.87,21.02,2500,1,0,0
4190,69.90317,free_swing,562,490,719,462,-32.588,100.112,0,352.42,72.90,1,159.48,14.97,2500,0,0,0
4191,69.91985,free_swing,584,491,726,398,-26.421,123.222,0,382.34,-447.62,1,169.74,22.37,2500,1,0,0
4192,69.93653,free_swing,606,491,753,481,-19.722,93.892,0,441.11,-777.27,1,147.34,6.22,2500,1,0,0
4193,69.95322,free_swing,631,485,761,514,-11.813,77.425,0,534.48,-900.97,0,133.20,3.97,2500,0,0,0
4194,69.9699,free_swing,658,474,755,504,-2.017,72.814,0,625.94,-903.64,1,101.53,26.80,2500,0,0,0
4195,69.98658,free_swing,683,459,746,501,8.949,56.310,0,656.31,-1508.98,1,75.72,45.41,2500,1,0,0
4196,70.00327,free_swing,702,441,724,537,19.687,12.907,0,590.95,-1929.39,1,98.49,29.00,2500,1,0,0
4197,70.01995,free_swing,714,425,706,496,28.740,-6.429,0,487.27,-1461.52,1,71.45,48.49,2500,1,0,0
4198,70.03663,free_swing,721,413,686,471,35.605,-31.109,0,414.18,-792.53,1,67.74,51.16,2500,1,0,0
4199,70.05332,free_swing,727,403,675,475,42.032,-35.838,0,332.06,-461.86,1,88.81,35.97,2500,1,0,0
4200,70.07,free_swing,732,395,657,471,47.603,-44.621,0,250.33,-75.44,1,106.78,23.02,2500,1,0,0
4201,70.08668,free_swing,733,391,643,481,49.874,-45.000,0,148.96,-611.75,1,127.28,8.24,2500,1,0,0
4202,70.10337,free_swing,734,387,628,470,52.237,-51.938,0,53.07,-623.01,0,134.63,2.94,2500,0,0,0
4203,70.12005,free_swing,734,387,625,407,52.237,-79.603,0,-36.40,-382.10,1,110.82,20.11,2500,1,0,0
4204,70.13673,free_swing,732,389,599,446,50.440,-66.801,0,-174.74,-415.95,0,144.70,4.32,2500,0,0,0
4205,70.15342,free_swing,730,395,590,431,46.762,-75.579,0,-308.03,-758.96,1,144.55,4.21,2500,1,0,0
4206,70.1701,free_swing,725,405,600,374,40.342,-103.928,0,-422.00,-973.45,1,128.79,7.15,2500,1,0,0
4207,70.18678,free_swing,718,418,590,363,32.600,-113.253,0,-474.20,-409.40,1,139.32,0.44,2500,1,0,0
4208,70.20347,free_swing,708,430,557,383,24.664,-107.289,0,-473.71,-68.60,1,158.15,14.01,2500,1,0,0
4209,70.22015,free_swing,697,443,555,373,17.030,-116.241,0,-473.38,-193.57,1,158.32,14.14,2500,0,0,0
4210,70.23683,free_swing,683,456,548,374,9.162,-121.275,0,-463.85,-475.59,1,157.95,13.87,2500,1,0,0
4211,70.25352,free_swing,666,468,536,383,1.264,-123.179,0,-442.49,-182.61,1,155.32,11.98,2500,1,0,0
4212,70.2702,free_swing,649,477,527,359,-5.515,-134.045,0,-411.63,166.86,1,169.73,22.36,2500,1,0,0
4213,70.28688,free_swing,630,484,498,401,-12.249,-122.161,0,-386.47,-309.48,1,155.93,12.41,2500,1,0,0
4214,70.30357,free_swing,610,489,480,401,-18.654,-124.095,0,-374.18,-443.87,1,156.98,13.18,2500,0,0,0
4215,70.32025,free_swing,590,491,514,335,-24.661,-154.026,0,-354.53,-45.81,1,173.53,25.10,2500,1,0,0
4216,70.33693,free_swing,569,491,460,400,-30.591,-129.857,0,-350.27,807.80,1,141.99,2.37,2500,1,0,0
4217,70.35362,free_swing,549,487,420,441,-36.334,-109.626,0,-357.95,941.44,0,136.96,1.26,2500,0,0,0
4218,70.3703,free_swing,526,481,416,457,-42.597,-102.308,0,-382.13,839.66,1,112.59,18.83,2500,0,0,0
4219,70.38698,free_swing,503,471,429,467,-49.018,-93.094,0,-413.48,1472.92,1,74.11,46.57,2500,1,0,0
4220,70.40367,free_swing,480,455,405,528,-56.094,-45.774,0,-406.11,2458.72,1,104.66,24.55,2500,1,0,0
4221,70.42035,free_swing,461,436,447,489,-62.758,-14.797,0,-348.51,2048.01,1,54.82,60.48,2500,1,0,0
4222,70.43703,free_swing,449,420,477,476,-67.647,26.565,0,-262.80,1110.53,1,62.61,54.86,2500,1,0,0
4223,70.45372,free_swing,442,407,476,503,-71.255,19.502,0,-196.55,684.65,1,101.84,26.58,2500,1,0,0
4224,70.4704,free_swing,437,396,505,477,-74.189,40.014,0,-143.70,250.65,1,105.76,23.75,2500,1,0,0
4225,70.48708,free_swing,433,388,516,467,-76.316,46.414,0,-93.14,487.03,1,114.59,17.39,2500,1,0,0
4226,70.50377,free_swing,432,385,532,484,-77.078,45.288,0,-27.73,655.28,0,140.72,1.45,2500,0,0,0
4227,70.52045,free_swing,431,384,557,442,-77.367,65.283,0,27.93,967.60,1,138.71,0.00,2500,1,0,0
4228,70.53713,free_swing,433,389,596,398,-76.081,86.840,0,86.40,717.66,1,163.25,17.69,2500,1,0,0
4229,70.55382,free_swing,436,395,590,404,-74.489,86.655,0,148.72,182.49,1,154.26,11.21,2500,1,0,0
4230,70.5705,free_swing,441,407,607,415,-71.333,87.241,0,196.54,54.68,1,166.19,19.81,2500,0,0,0
4231,70.58718,free_swing,448,420,616,410,-67.741,93.406,0,233.08,263.47,1,168.30,21.33,2500,1,0,0
4232,70.60387,free_swing,459,433,627,412,-63.660,97.125,0,257.42,452.18,1,169.31,22.06,2500,0,0,0
4233,70.62055,free_swing,471,446,640,404,-59.300,103.956,0,284.89,384.98,1,174.14,25.54,2500,0,0,0
4234,70.63723,free_swing,486,460,662,377,-54.127,115.248,0,306.59,417.98,1,194.59,40.29,2500,0,0,0
4235,70.65392,free_swing,503,471,665,401,-49.018,113.369,0,318.12,178.75,1,176.48,27.23,2500,1,0,0
4236,70.6706,free_swing,522,480,682,379,-43.612,122.262,0,325.97,-34.86,1,189.21,36.41,2500,1,0,0
4237,70.68728,free_swing,542,486,697,414,-38.157,114.916,0,335.78,-79.29,1,170.91,23.21,2500,0,0,0
4238,70.70397,free_swing,563,490,725,415,-32.330,114.842,0,344.68,-98.26,1,178.52,28.70,2500,0,0,0
4239,70.72065,free_swing,583,492,742,423,-26.565,113.459,0,365.22,-152.81,1,173.33,24.96,2500,0,0,0
4240,70.73733,free_swing,605,490,763,429,-20.158,111.110,0,405.79,-576.89,1,169.37,22.10,2500,1,0,0
4241,70.75402,free_swing,628,485,773,474,-12.885,94.338,0,472.85,-885.63,1,145.42,4.84,2500,1,0,0
4242,70.7707,free_swing,652,477,780,502,-4.338,78.949,0,564.44,-786.68,0,130.42,5.98,2500,0,0,0
4243,70.78738,free_swing,676,464,770,507,5.625,65.418,0,642.34,-1031.99,1,103.37,25.48,2500,1,0,0
4244,70.80407,free_swing,698,446,751,486,17.067,52.958,0,668.78,-1612.72,1,66.40,52.13,2500,1,0,0
4245,70.82075,free_swing,713,427,729,514,27.759,10.421,0,606.92,-1883.79,1,88.46,36.23,2500,1,0,0
4246,70.83743,free_swing,724,412,709,465,37.326,-15.803,0,511.67,-1426.68,1,55.08,60.29,2500,1,0,0
4247,70.85412,free_swing,730,400,689,468,44.576,-31.088,0,445.71,-570.80,1,79.40,42.75,2500,1,0,0
4248,70.8708,free_swing,734,388,673,471,51.736,-36.314,0,386.11,-407.11,1,103.00,25.74,2500,0,0,0
4249,70.88748,free_swing,736,378,654,465,57.783,-43.305,0,294.22,-484.79,1,119.55,13.81,2500,0,0,0
4250,70.90417,free_swing,738,373,634,444,61.336,-55.679,0,131.06,-702.77,1,125.92,9.22,2500,1,0,0
4251,70.92085,free_swing,738,372,622,425,61.928,-65.445,0,-67.91,-609.54,0,127.53,8.06,2500,0,0,0
4252,70.93753,free_swing,737,376,610,401,59.265,-78.864,0,-254.05,-752.72,0,129.44,6.68,2500,0,0,0
4253,70.95422,free_swing,733,384,591,397,53.393,-84.769,0,-406.50,-704.71,0,142.59,2.80,2500,0,0,0
4254,70.9709,free_swing,729,396,597,355,45.881,-107.255,0,-511.33,-704.39,0,138.22,0.35,2500,0,0,0
4255,70.98758,free_swing,722,411,573,364,36.754,-107.507,0,-564.60,-575.81,1,156.24,12.64,2500,0,0,0
4256,71.00427,free_swing,711,426,576,335,27.051,-123.983,0,-579.88,-593.15,1,162.81,17.37,2500,0,0,0
4257,71.02095,free_swing,698,442,571,342,17.650,-128.217,0,-558.57,-619.72,1,161.64,16.54,2500,0,0,0
4258,71.03763,free_swing,682,457,569,294,8.643,-145.268,0,-509.69,-352.60,1,198.34,42.99,2500,1,0,0
4259,71.05432,free_swing,664,470,557,334,0.415,-141.806,0,-464.10,-281.38,1,173.05,24.76,2500,0,0,0
4260,71.071,free_swing,646,479,555,325,-6.597,-149.421,0,-427.99,-194.56,1,178.88,28.96,2500,0,0,0
4261,71.08768,free_swing,625,487,542,321,-13.775,-153.435,0,-393.86,-325.20,1,185.59,33.80,2500,0,0,0
4262,71.10437,free_swing,605,490,535,317,-20.158,-157.971,0,-366.99,-194.17,1,186.63,34.55,2500,0,0,0
4263,71.12105,free_swing,586,492,524,318,-25.699,-160.388,0,-333.50,-133.21,1,184.72,33.17,2500,0,0,0
4264,71.13773,free_swing,566,491,511,319,-31.386,-162.267,0,-316.23,-49.17,1,180.58,30.19,2500,0,0,0
4265,71.15442,free_swing,548,488,492,314,-36.397,-162.160,0,-304.38,-23.74,1,182.79,31.78,2500,0,0,0
4266,71.1711,free_swing,530,483,474,312,-41.373,-161.867,0,-287.75,70.25,1,179.94,29.72,2500,0,0,0
4267,71.18778,free_swing,513,476,452,303,-46.169,-160.577,0,-279.78,680.53,1,183.44,32.25,2500,1,0,0
4268,71.20447,free_swing,497,468,424,325,-50.673,-152.956,0,-271.54,-113.91,1,160.56,15.75,2500,1,0,0
4269,71.22115,free_swing,483,457,390,341,-55.222,-141.280,0,-271.94,-1388.83,1,148.68,7.19,2500,1,0,0
4270,71.23783,free_swing,469,445,654,52,-59.780,154.792,0,-274.65,-1850.97,1,434.37,213.15,2500,1,0,0
4271,71.25452,free_swing,456,431,695,161,-64.440,138.485,0,-284.15,-1085.58,1,360.58,159.96,2500,1,0,0
4272,71.2712,free_swing,446,415,643,179,-69.069,140.147,0,-294.59,22.96,1,307.42,121.63,2500,1,0,0
4273,71.28788,free_swing,436,397,707,98,-74.021,137.812,0,-271.76,-112.48,1,403.54,190.92,2500,0,0,0
4274,71.30457,free_swing,430,381,650,200,-78.124,129.445,0,-176.67,-10.42,1,284.89,105.39,2500,0,0,0
4275,71.32125,free_swing,429,373,662,137,-80.062,135.366,0,-41.18,694.66,1,331.64,139.09,2500,1,0,0
4276,71.33793,free_swing,430,376,648,129,-79.306,138.569,0,61.45,-1236.39,1,329.44,137.51,2500,1,0,0
4277,71.35462,free_swing,432,382,568,271,-77.787,129.221,0,120.58,-3609.14,1,175.55,26.56,2500,1,0,1
4278,71.3713,free_swing,434,390,438,433,-75.787,5.315,0,151.05,-3617.50,1,43.19,68.87,2500,0,0,1
4279,71.38798,free_swing,439,402,407,489,-72.646,-20.194,0,193.36,-1635.05,1,92.70,33.17,2500,1,0,0
4280,71.40467,free_swing,446,414,437,499,-69.299,-6.044,0,237.13,860.36,1,85.48,38.38,2500,1,0,0
4281,71.42135,free_swing,456,429,443,524,-64.892,-7.792,0,277.35,458.47,1,95.89,30.87,2500,1,0,0
4282,71.43803,free_swing,470,444,474,505,-59.873,3.752,0,328.07,-160.77,1,61.13,55.93,2500,1,0,0
4283,71.45472,free_swing,487,459,478,530,-54.186,-7.224,0,362.42,-385.93,1,71.57,48.40,2500,1,0,0
4284,71.4714,free_swing,508,473,483,555,-47.708,-16.955,0,385.52,-574.74,1,85.73,38.20,2500,0,0,0
4285,71.48808,free_swing,531,482,505,549,-41.348,-21.209,0,393.18,-363.54,1,71.87,48.19,2500,1,0,0
4286,71.50477,free_swing,554,489,534,527,-34.771,-27.759,0,385.04,-220.28,1,42.94,69.04,2500,0,0,0
4287,71.52145,free_swing,577,492,543,549,-28.258,-30.816,0,391.92,65.49,1,66.37,52.15,2500,1,0,0
4288,71.53813,free_swing,599,491,578,532,-21.926,-27.121,0,406.98,101.72,1,46.07,66.79,2500,0,0,0
4289,71.55482,free_swing,622,488,591,567,-14.725,-21.425,0,417.73,98.35,1,84.86,38.82,2500,0,0,0
4290,71.5715,free_swing,643,481,630,505,-7.645,-28.443,0,426.95,124.63,1,27.29,80.32,2500,0,0,0
4291,71.58818,free_swing,661,472,649,509,-0.818,-17.969,0,430.69,358.86,1,38.90,71.96,2500,1,0,0
4292,71.60487,free_swing,678,461,662,544,6.633,-10.911,0,426.55,946.40,1,84.53,39.06,2500,1,0,0
4293,71.62155,free_swing,692,450,699,554,13.808,3.851,0,429.83,877.33,1,104.24,24.85,2500,0,0,0
4294,71.63823,free_swing,703,440,728,488,20.323,27.512,0,412.36,579.48,1,54.12,60.98,2500,1,0,0
4295,71.65492,free_swing,713,428,751,507,27.512,25.688,0,361.00,730.66,1,87.66,36.80,2500,0,0,0
4296,71.6716,free_swing,718,418,788,507,32.600,38.186,0,255.74,1484.28,1,113.23,18.37,2500,1,0,0
4297,71.68828,free_swing,721,413,799,429,35.605,78.408,0,106.29,1555.76,1,79.62,42.60,2500,0,0,0
4298,71.70497,free_swing,722,412,825,385,36.409,104.689,0,-4.29,863.63,1,106.48,23.23,2500,1,0,0
4299,71.72165,free_swing,721,414,841,405,35.272,94.289,0,-97.08,506.19,1,120.34,13.24,2500,1,0,0
4300,71.73833,free_swing,719,416,844,359,33.690,114.513,0,-128.58,718.08,1,137.38,0.96,2500,1,0,0
4301,71.75502,free_swing,716,421,823,314,30.774,135.000,0,-134.66,1056.29,1,151.32,9.09,2500,1,0,0
4302,71.7717,free_swing,714,423,814,305,29.268,139.720,0,-138.64,558.75,1,154.67,11.51,2500,1,0,0
4303,71.78838,free_swing,711,428,783,272,26.565,155.225,0,-141.97,390.84,1,171.81,23.87,2500,0,0,0
4304,71.80507,free_swing,707,431,781,273,23.962,154.904,0,-178.38,350.84,1,174.47,25.78,2500,0,0,0
4305,71.82175,free_swing,703,436,760,239,21.038,163.863,0,-192.24,311.03,1,205.08,47.85,2500,0,0,0
4306,71.83843,free_swing,697,442,741,239,17.176,167.770,0,-232.53,375.97,1,207.71,49.75,2500,0,0,0
4307,71.85512,free_swing,691,449,703,270,13.459,176.165,0,-271.43,301.34,1,179.40,29.34,2500,0,0,0
4308,71.8718,free_swing,681,457,688,258,8.194,177.985,0,-307.18,391.75,1,199.12,43.56,2500,0,0,0
4309,71.88848,free_swing,670,466,649,270,2.990,-173.884,0,-338.48,299.43,1,197.12,42.11,2500,0,0,0
4310,71.90517,free_swing,656,474,617,291,-2.822,-167.969,0,-351.30,85.16,1,187.11,34.89,2500,1,0,0
4311,71.92185,free_swing,640,481,608,282,-8.775,-170.865,0,-365.45,-40.39,1,201.56,45.31,2500,0,0,0
4312,71.93853,free_swing,622,486,596,277,-14.908,-172.909,0,-357.07,154.39,1,210.61,51.84,2500,0,0,0
4313,71.95522,free_swing,603,490,550,300,-20.794,-164.414,0,-344.04,352.64,1,197.25,42.21,2500,0,0,0
4314,71.9719,free_swing,584,492,515,317,-26.278,-158.481,0,-335.59,232.84,1,188.11,35.62,2500,0,0,0
4315,71.98858,free_swing,564,491,496,327,-31.908,-157.479,0,-329.37,188.90,1,177.54,27.99,2500,0,0,0
4316,72.00527,free_swing,544,487,475,328,-37.515,-156.541,0,-330.36,477.27,1,173.33,24.96,2500,1,0,0
4317,72.02195,free_swing,525,481,440,349,-42.805,-147.221,0,-329.04,-410.41,1,157.00,13.19,2500,1,0,0
4318,72.03863,free_swing,504,472,440,354,-48.636,-151.526,0,-352.15,-1522.00,1,134.24,3.22,2500,1,0,0
4319,72.05532,free_swing,485,459,659,123,-54.493,152.622,0,-399.61,-947.04,1,378.38,172.79,2500,1,0,0
4320,72.072,free_swing,464,440,686,164,-61.511,141.189,0,-417.47,-2352.14,1,354.20,155.36,2500,1,0,0
4321,72.08868,free_swing,447,417,558,258,-68.519,145.081,0,-359.69,-3290.76,1,193.91,39.80,2500,1,0,1
4322,72.10537,free_swing,438,399,439,467,-73.418,0.843,0,-215.03,-3066.39,1,68.01,50.97,2500,1,0,1
4323,72.12205,free_swing,435,391,451,482,-75.492,9.972,0,-55.77,-603.62,1,92.40,33.39,2500,1,0,0
4324,72.13873,free_swing,435,392,482,465,-75.256,32.775,0,56.95,1805.60,1,86.82,37.41,2500,1,0,0
4325,72.15542,free_swing,438,398,519,461,-73.652,52.125,0,122.25,1236.61,1,102.62,26.02,2500,1,0,0
4326,72.1721,free_swing,441,407,534,466,-71.333,57.609,0,168.87,528.95,1,110.14,20.60,2500,1,0,0
4327,72.18878,free_swing,448,418,574,431,-68.199,84.109,0,213.58,-41.10,1,126.67,8.68,2500,1,0,0
4328,72.20547,free_swing,458,431,567,505,-64.223,55.827,0,250.41,-116.82,0,131.75,5.02,2500,0,0,0
4329,72.22215,free_swing,469,445,589,505,-59.780,63.435,0,277.92,-142.17,0,134.16,3.28,2500,0,0,0
4330,72.23883,free_swing,484,457,613,503,-55.072,70.374,0,298.82,-149.73,0,136.96,1.26,2500,0,0,0
4331,72.25552,free_swing,501,469,615,538,-49.779,58.815,0,321.95,-240.20,0,133.26,3.93,2500,0,0,0
4332,72.2722,free_swing,520,479,627,582,-44.210,46.091,0,358.04,131.98,1,148.52,7.07,2500,1,0,0
4333,72.28888,free_swing,542,487,643,522,-37.977,70.887,0,399.51,148.49,1,106.89,22.94,2500,0,0,0
4334,72.30557,free_swing,568,492,656,542,-30.700,60.396,0,457.91,-552.24,1,101.21,27.03,2500,1,0,0
4335,72.32225,free_swing,596,491,659,567,-22.850,39.657,0,517.05,-1277.66,1,98.72,28.83,2500,1,0,0
4336,72.33893,free_swing,625,487,661,579,-13.775,21.371,0,530.10,-900.60,1,98.79,28.78,2500,1,0,0
4337,72.35562,free_swing,651,478,659,546,-4.699,6.710,0,503.16,-1398.76,1,68.47,50.64,2500,1,0,0
4338,72.3723,free_swing,670,467,652,593,2.968,-8.130,0,492.99,-1245.39,0,127.28,8.24,2500,0,0,0
4339,72.38898,free_swing,687,454,670,467,11.129,-52.595,0,523.20,-742.22,1,21.40,84.57,2500,1,0,0
4340,72.40567,free_swing,704,440,660,513,20.788,-31.079,0,549.34,4.33,1,85.23,38.55,2500,1,0,0
4341,72.42235,free_swing,716,424,654,502,29.946,-38.480,0,564.58,297.16,1,99.64,28.17,2500,1,0,0
4342,72.43903,free_swing,724,408,666,491,38.752,-34.946,0,563.52,-143.17,1,101.26,27.00,2500,1,0,0
4343,72.45572,free_swing,733,393,670,472,48.930,-38.571,0,565.08,149.38,1,101.04,27.15,2500,1,0,0
4344,72.4724,free_swing,737,379,678,472,57.579,-32.391,0,508.11,219.95,1,110.14,20.60,2500,0,0,0
4345,72.48908,free_swing,740,367,688,459,65.556,-29.476,0,398.69,153.34,1,105.68,23.81,2500,0,0,0
4346,72.50577,free_swing,741,359,701,443,70.907,-25.463,0,288.17,175.37,1,93.04,32.93,2500,0,0,0
4347,72.52245,free_swing,743,354,699,438,74.624,-27.646,0,141.10,446.78,1,94.83,31.64,2500,1,0,0
4348,72.53913,free_swing,743,352,720,454,75.964,-12.707,0,-26.96,272.16,1,104.56,24.62,2500,0,0,0
4349,72.55582,free_swing,742,355,727,472,73.768,-7.306,0,-201.81,179.56,1,117.96,14.96,2500,0,0,0
4350,72.5725,free_swing,741,362,724,419,68.962,-16.607,0,-345.33,243.55,1,59.48,57.12,2500,0,0,0
4351,72.58918,free_swing,738,371,737,436,62.526,-0.881,0,-453.27,387.88,1,65.01,53.13,2500,0,0,0
4352,72.60587,free_swing,735,384,750,458,54.162,11.459,0,-530.08,1101.32,1,75.50,45.57,2500,1,0,0
4353,72.62255,free_swing,729,399,756,491,44.569,16.356,0,-597.70,1187.17,1,95.88,30.88,2500,0,0,0
4354,72.63923,free_swing,721,416,763,441,34.624,59.237,0,-654.62,886.38,1,48.88,64.76,2500,1,0,0
4355,72.65592,free_swing,707,435,781,480,23.131,58.696,0,-684.24,1055.21,1,86.61,37.56,2500,0,0,0
4356,72.6726,free_swing,688,453,774,495,11.674,63.970,0,-642.85,520.38,1,95.71,31.00,2500,1,0,0
4357,72.68928,free_swing,667,468,772,447,1.685,101.310,0,-545.80,648.92,1,107.08,22.80,2500,0,0,0
4358,72.70597,free_swing,647,479,774,499,-6.212,81.051,0,-455.63,135.38,1,128.57,7.31,2500,1,0,0
4359,72.72265,free_swing,626,486,756,473,-13.510,95.711,0,-401.37,124.06,0,130.65,5.81,2500,0,0,0
4360,72.73933,free_swing,606,490,739,483,-19.837,93.013,0,-370.84,246.60,0,133.18,3.98,2500,0,0,0
4361,72.75602,free_swing,586,491,731,448,-25.840,106.518,0,-342.80,-56.85,1,151.24,9.04,2500,1,0,0
4362,72.7727,free_swing,566,491,713,497,-31.386,87.663,0,-324.68,154.51,1,147.12,6.07,2500,1,0,0
4363,72.78938,free_swing,547,488,692,455,-36.634,102.821,0,-306.25,-237.55,1,148.71,7.21,2500,1,0,0
4364,72.80607,free_swing,529,483,661,461,-41.586,99.462,0,-286.07,-257.41,0,133.82,3.52,2500,0,0,0
4365,72.82275,free_swing,513,476,626,504,-46.169,76.083,0,-259.44,-1076.10,1,116.42,16.07,2500,1,0,0
4366,72.83943,free_swing,499,469,610,495,-50.126,76.817,0,-218.32,-124.28,1,114.00,17.81,2500,1,0,0
4367,72.85612,free_swing,488,462,564,521,-53.393,52.177,0,-158.00,-484.93,1,96.21,30.64,2500,1,0,0
4368,72.8728,free_swing,482,457,551,470,-55.371,79.330,0,-74.16,-1621.88,1,70.21,49.38,2500,1,0,0
4369,72.88948,free_swing,481,455,484,532,-55.948,2.231,0,11.26,-2272.94,1,77.06,44.45,2500,1,0,0
4370,72.90617,free_swing,483,458,454,517,-55.008,-26.175,0,71.56,-2561.04,1,65.74,52.60,2500,1,0,1
4371,72.92285,free_swing,488,461,412,506,-53.604,-59.370,0,102.45,-2703.53,1,88.32,36.32,2500,0,0,1
4372,72.93953,free_swing,493,465,420,443,-51.962,-106.771,0,86.85,-3620.19,1,76.24,45.03,2500,1,0,1
4373,72.95622,free_swing,498,468,531,223,-50.503,172.329,0,51.47,-2166.20,1,247.21,78.22,2500,1,0,0
4374,72.9729,free_swing,499,468,566,217,-50.332,165.054,0,18.12,283.17,1,259.79,87.29,2500,1,0,0
4375,72.98958,free_swing,499,469,435,308,-50.126,-158.321,0,-3.29,1484.32,1,173.25,24.91,2500,1,0,0
4376,73.00627,free_swing,500,469,412,338,-49.953,-146.109,0,9.44,434.20,1,157.81,13.77,2500,1,0,0
4377,73.02295,free_swing,500,469,432,317,-49.953,-155.898,0,42.57,-620.13,1,166.52,20.05,2500,1,0,0
4378,73.03963,free_swing,505,471,456,290,-48.660,-164.852,0,83.58,-476.91,1,187.52,35.19,2500,0,0,0
4379,73.05632,free_swing,512,474,486,274,-46.759,-172.593,0,123.00,-283.06,1,201.68,45.40,2500,0,0,0
4380,73.073,free_swing,519,477,487,307,-44.802,-169.340,0,142.18,-278.64,1,172.99,24.71,2500,0,0,0
4381,73.08968,free_swing,528,482,535,278,-41.987,178.035,0,172.37,-243.67,1,204.12,47.16,2500,0,0,0
4382,73.10637,free_swing,539,485,550,291,-39.023,176.755,0,204.66,-216.85,1,194.31,40.09,2500,0,0,0
4383,73.12305,free_swing,553,488,565,285,-35.189,176.617,0,238.06,-102.03,1,203.35,46.61,2500,0,0,0
4384,73.13973,free_swing,567,491,595,287,-31.122,172.185,0,266.67,-173.51,1,205.91,48.45,2500,0,0,0
4385,73.15642,free_swing,584,492,629,264,-26.278,168.835,0,284.40,-72.53,1,232.40,67.54,2500,0,0,0
4386,73.1731,free_swing,600,491,636,285,-21.615,170.087,0,298.50,4.87,1,209.12,50.76,2500,0,0,0
4387,73.18978,free_swing,617,488,653,276,-16.429,170.362,0,312.86,-115.90,1,215.03,55.03,2500,0,0,0
4388,73.20647,free_swing,633,484,682,287,-11.165,166.032,0,325.45,-216.08,1,203.00,46.35,2500,0,0,0
4389,73.22315,free_swing,649,478,709,304,-5.477,160.974,0,335.39,-229.68,1,184.05,32.69,2500,0,0,0
4390,73.23983,free_swing,663,470,727,297,0.000,159.698,0,359.30,-292.68,1,184.46,32.98,2500,0,0,0
4391,73.25652,free_swing,677,460,754,304,6.242,153.730,0,373.68,-203.11,1,173.97,25.42,2500,0,0,0
4392,73.2732,free_swing,690,451,775,322,12.783,146.619,0,373.03,-293.75,1,154.49,11.37,2500,0,0,0
4393,73.28988,free_swing,700,441,796,287,18.750,148.062,0,381.56,-556.41,1,181.47,30.83,2500,1,0,0
4394,73.30657,free_swing,709,431,817,337,24.922,131.035,0,389.34,-769.22,1,143.18,3.22,2500,1,0,0
4395,73.32325,free_swing,717,418,840,361,32.125,114.864,0,412.86,-866.66,0,135.57,2.27,2500,0,0,0
4396,73.33993,free_swing,723,409,834,376,37.926,106.557,0,350.70,-983.29,1,115.80,16.51,2500,0,0,0
4397,73.35662,free_swing,727,399,825,397,43.688,91.169,0,162.70,-312.77,1,98.02,29.33,2500,1,0,0
4398,73.3733,free_swing,728,399,814,423,44.132,74.407,0,-56.43,-361.88,1,89.29,35.63,2500,1,0,0
4399,73.38998,free_swing,725,404,797,390,40.732,101.004,0,-240.52,-221.92,1,73.35,47.12,2500,0,0,0
4400,73.40667,free_swing,722,412,781,441,36.409,63.825,0,-328.63,226.34,1,65.74,52.60,2500,1,0,0
4401,73.42335,free_swing,716,422,766,431,30.493,79.796,0,-388.56,-580.60,1,50.80,63.37,2500,1,0,0
4402,73.44003,free_swing,707,434,755,437,23.334,86.424,0,-423.55,-1396.22,1,48.09,65.33,2500,1,0,0
4403,73.45672,free_swing,696,446,732,512,16.144,28.610,0,-448.66,-109.79,1,75.18,45.80,2500,1,0,0
4404,73.4734,free_swing,683,458,713,524,9.019,24.444,0,-462.04,424.24,1,72.50,47.73,2500,1,0,0
4405,73.49008,free_swing,664,471,709,452,0.412,112.891,0,-493.00,79.65,1,48.85,64.78,2500,1,0,0
4406,73.50677,free_swing,644,482,675,558,-7.219,22.190,0,-487.36,-619.64,1,82.08,40.83,2500,1,0,0
4407,73.52345,free_swing,619,488,654,562,-15.751,25.313,0,-449.39,-1122.33,1,81.86,40.98,2500,1,0,0
4408,73.54013,free_swing,597,492,633,517,-22.416,55.222,0,-411.61,196.66,1,43.83,68.40,2500,1,0,0
4409,73.55682,free_swing,574,492,595,613,-29.085,9.846,0,-365.56,-821.67,1,122.81,11.46,2500,1,0,0
4410,73.5735,free_swing,553,489,570,568,-35.017,12.144,0,-360.20,-798.34,1,80.81,41.74,2500,0,0,0
4411,73.59018,free_swing,532,484,540,600,-40.756,3.945,0,-345.74,-31.64,1,116.28,16.17,2500,1,0,0
4412,73.60687,free_swing,511,475,512,582,-46.747,0.535,0,-326.79,-319.93,1,107.00,22.86,2500,1,0,0
4413,73.62355,free_swing,494,465,487,559,-51.798,-4.259,0,-302.14,-394.60,1,94.26,32.04,2500,0,0,0
4414,73.64023,free_swing,479,454,462,532,-56.454,-12.295,0,-274.15,289.88,1,79.83,42.45,2500,1,0,0
4415,73.65692,free_swing,466,441,422,535,-61.044,-25.084,0,-246.82,-2492.41,1,103.79,25.18,2500,1,0,0
4416,73.6736,free_swing,456,430,393,521,-64.666,-34.695,0,-191.44,-4805.07,1,110.68,20.21,2500,1,0,1
4417,73.69028,free_swing,450,421,605,188,-67.323,146.367,0,-110.84,-4515.74,1,279.85,101.75,2500,1,0,1
4418,73.70697,free_swing,447,417,700,115,-68.519,140.045,0,-39.46,-1937.81,1,393.97,184.03,2500,1,0,0
4419,73.72365,free_swing,447,417,618,179,-68.519,144.303,0,12.71,870.39,1,293.06,111.28,2500,1,0,0
4420,73.74033,free_swing,448,418,732,60,-68.199,141.575,0,37.47,29.80,1,456.97,229.45,2500,1,0,0
4421,73.75702,free_swing,449,421,685,138,-67.418,140.175,0,47.01,-26.56,1,368.49,165.66,2500,0,0,0
4422,73.7737,free_swing,451,424,674,115,-66.541,144.183,0,61.38,-141.01,1,381.06,174.72,2500,0,0,0
4423,73.79038,free_swing,454,427,729,70,-65.556,142.393,0,68.60,620.57,1,450.64,224.88,2500,1,0,0
4424,73.80707,free_swing,457,432,660,129,-64.106,146.179,0,80.31,1138.24,1,364.72,162.94,2500,1,0,0
4425,73.82375,free_swing,460,436,427,268,-62.873,-168.887,0,94.03,776.94,1,171.21,23.43,2500,1,0,0
4426,73.84043,free_swing,466,441,454,239,-61.044,-176.600,0,113.11,90.43,1,202.36,45.89,2500,1,0,0
4427,73.85712,free_swing,472,447,510,218,-58.948,170.578,0,144.49,-461.64,1,232.13,67.35,2500,1,0,0
4428,73.8738,free_swing,480,454,481,261,-56.310,179.703,0,172.05,-77.27,1,193.00,39.14,2500,1,0,0
4429,73.89048,free_swing,490,462,516,248,-53.077,173.073,0,210.06,-79.33,1,215.57,55.42,2500,0,0,0
4430,73.90717,free_swing,502,470,542,250,-49.399,169.695,0,248.22,-145.39,1,223.61,61.21,2500,0,0,0
4431,73.92385,free_swing,518,478,552,270,-44.803,170.716,0,283.94,43.14,1,210.76,51.95,2500,0,0,0
4432,73.94053,free_swing,536,484,562,284,-39.880,172.593,0,309.37,43.13,1,201.68,45.40,2500,0,0,0
4433,73.95722,free_swing,555,489,587,298,-34.524,170.489,0,326.23,-55.24,1,193.66,39.62,2500,0,0,0
4434,73.9739,free_swing,575,491,604,303,-28.963,171.231,0,358.84,-39.46,1,190.22,37.14,2500,0,0,0
4435,73.99058,free_swing,596,491,635,292,-22.850,168.912,0,378.38,6.08,1,202.79,46.20,2500,0,0,0
4436,74.00727,free_swing,618,488,648,295,-16.091,171.165,0,379.64,1.83,1,195.32,40.81,2500,0,0,0
4437,74.02395,free_swing,636,483,670,295,-10.138,169.749,0,372.77,-44.67,1,191.05,37.73,2500,0,0,0
4438,74.04063,free_swing,653,476,694,265,-3.972,169.004,0,379.24,-151.62,1,214.95,54.96,2500,0,0,0
4439,74.05732,free_swing,669,466,721,264,2.564,165.564,0,389.92,-45.90,1,208.59,50.38,2500,0,0,0
4440,74.074,free_swing,683,456,731,290,9.162,163.872,0,380.13,-155.55,1,172.80,24.58,2500,0,0,0
4441,74.09068,free_swing,694,447,744,265,15.086,164.638,0,352.15,-394.85,1,188.74,36.07,2500,1,0,0
4442,74.10737,free_swing,703,437,780,299,20.854,150.840,0,325.65,-465.33,1,158.03,13.93,2500,0,0,0
4443,74.12405,free_swing,710,429,800,315,25.852,141.710,0,289.38,-739.76,1,145.24,4.71,2500,1,0,0
4444,74.14073,free_swing,716,422,817,312,30.493,137.442,0,245.45,-588.84,0,149.34,7.66,2500,0,0,0
4445,74.15742,free_swing,719,416,843,362,33.690,113.532,0,156.40,-776.50,0,135.25,2.49,2500,0,0,0
4446,74.1741,free_swing,721,412,832,362,35.942,114.249,0,27.15,-741.98,1,121.74,12.23,2500,0,0,0
4447,74.19078,free_swing,720,414,841,411,34.804,91.420,0,-79.15,-813.05,1,121.04,12.74,2500,0,0,0
4448,74.20747,free_swing,718,418,830,428,32.600,84.898,0,-155.67,-764.05,1,112.45,18.93,2500,0,0,0
4449,74.22415,free_swing,715,422,823,472,30.018,65.158,0,-228.60,-469.41,1,119.01,14.20,2500,1,0,0
4450,74.24083,free_swing,710,430,797,465,25.622,68.085,0,-294.10,-885.39,1,93.78,32.39,2500,1,0,0
4451,74.25752,free_swing,701,440,767,496,19.385,49.686,0,-355.33,-206.02,1,86.56,37.60,2500,1,0,0
4452,74.2742,free_swing,693,450,751,541,14.265,32.512,0,-372.94,-421.72,1,107.91,22.20,2500,1,0,0
4453,74.29088,free_swing,679,460,728,488,7.125,60.255,0,-392.62,-497.75,1,56.44,59.31,2500,0,0,0
4454,74.30757,free_swing,665,470,702,603,0.830,15.546,0,-425.00,-812.83,1,138.05,0.47,2500,1,0,0
4455,74.32425,free_swing,646,480,668,571,-6.553,13.591,0,-428.87,-724.75,1,93.62,32.50,2500,0,0,0
4456,74.34093,free_swing,625,487,640,587,-13.775,8.531,0,-433.74,-47.30,1,101.12,27.10,2500,1,0,0
4457,74.35762,free_swing,602,492,613,562,-20.869,8.931,0,-412.92,-266.23,1,70.86,48.92,2500,1,0,0
4458,74.3743,free_swing,579,493,573,583,-27.553,-3.814,0,-403.39,-339.45,1,90.20,34.97,2500,0,0,0
4459,74.39098,free_swing,555,491,552,579,-34.186,-1.953,0,-391.94,-380.37,1,88.05,36.52,2500,0,0,0
4460,74.40767,free_swing,532,484,509,580,-40.756,-13.473,0,-378.84,-313.10,1,98.72,28.83,2500,0,0,0
4461,74.42435,free_swing,512,474,480,577,-46.759,-17.259,0,-358.16,-451.15,1,107.86,22.24,2500,0,0,0
4462,74.44103,free_swing,492,463,451,555,-52.545,-24.020,0,-325.91,389.35,1,100.72,27.39,2500,1,0,0
4463,74.45772,free_swing,476,450,429,522,-57.747,-33.136,0,-287.58,-2105.28,1,85.98,38.01,2500,1,0,0
4464,74.4744,free_swing,464,438,407,505,-61.957,-40.389,0,-231.63,-4293.01,1,87.97,36.58,2500,1,0,1
4465,74.49108,free_swing,455,427,473,378,-65.452,159.829,0,-165.30,-4176.00,1,52.20,62.37,2500,0,0,1
4466,74.50777,free_swing,450,420,590,191,-67.552,148.560,0,-92.93,-1883.30,1,268.40,93.50,2500,1,0,0
4467,74.52445,free_swing,447,417,575,178,-68.519,151.828,0,-26.86,738.19,1,271.12,95.46,2500,1,0,0
4468,74.54113,free_swing,447,417,644,78,-68.519,149.838,0,15.66,19.27,1,392.08,182.67,2500,1,0,0
4469,74.55782,free_swing,447,419,609,154,-68.062,148.562,0,36.40,-130.29,1,310.59,123.92,2500,0,0,0
4470,74.5745,free_swing,450,421,663,85,-67.323,147.628,0,48.17,-186.86,1,397.83,186.81,2500,0,0,0
4471,74.59118,free_swing,451,424,696,78,-66.541,144.698,0,58.59,-12.66,1,423.96,205.65,2500,0,0,0
4472,74.60787,free_swing,454,428,701,63,-65.329,145.913,0,76.55,910.38,1,440.72,217.73,2500,1,0,0
4473,74.62455,free_swing,458,432,519,198,-63.997,165.389,0,99.01,1139.00,1,241.82,74.34,2500,1,0,0
4474,74.64123,free_swing,463,438,409,281,-62.076,-161.019,0,112.93,873.27,1,166.03,19.70,2500,1,0,0
4475,74.65792,free_swing,469,444,450,249,-60.001,-174.435,0,135.60,-16.21,1,195.92,41.25,2500,1,0,0
4476,74.6746,free_swing,476,450,435,290,-57.747,-165.627,0,163.19,-539.71,1,165.17,19.08,2500,1,0,0
4477,74.69128,free_swing,485,459,490,251,-54.493,178.623,0,202.76,-113.90,1,208.06,50.00,2500,1,0,0
4478,74.70797,free_swing,497,467,507,265,-50.880,177.166,0,241.44,-308.43,1,202.25,45.81,2500,0,0,0
4479,74.72465,free_swing,512,475,501,308,-46.559,-176.231,0,267.74,41.17,1,167.36,20.66,2500,1,0,0
4480,74.74133,free_swing,529,482,571,246,-41.775,169.909,0,306.18,84.78,1,239.71,72.81,2500,0,0,0
4481,74.75802,free_swing,548,487,537,310,-36.573,-176.444,0,339.80,37.85,1,177.34,27.85,2500,0,0,0
4482,74.7747,free_swing,570,491,562,300,-30.324,-177.602,0,373.67,102.93,1,191.17,37.82,2500,0,0,0
4483,74.79138,free_swing,592,491,601,257,-24.063,177.797,0,402.75,90.67,1,234.17,68.82,2500,0,0,0
4484,74.80807,free_swing,615,488,598,280,-17.103,-175.328,0,421.82,289.03,1,208.69,50.45,2500,0,0,0
4485,74.82475,free_swing,637,482,594,308,-9.834,-166.119,0,443.82,238.05,1,179.23,29.22,2500,0,0,0
4486,74.84143,free_swing,657,473,622,275,-2.437,-169.976,0,460.73,145.61,1,201.07,44.96,2500,0,0,0
4487,74.85812,free_swing,675,462,630,281,5.274,-166.038,0,454.81,148.40,1,186.51,34.46,2500,0,0,0
4488,74.8748,free_swing,690,450,628,282,12.888,-159.744,0,420.84,99.53,1,179.08,29.10,2500,0,0,0
4489,74.89148,free_swing,700,439,644,263,19.075,-162.350,0,359.80,2.17,1,184.69,33.15,2500,0,0,0
4490,74.90817,free_swing,708,431,655,230,24.444,-165.228,0,256.00,-104.62,1,207.87,49.86,2500,0,0,0
4491,74.92485,free_swing,713,426,655,258,28.009,-160.953,0,130.60,-122.21,1,177.73,28.13,2500,0,0,0
4492,74.94153,free_swing,713,424,676,227,28.523,-169.363,0,-19.36,-192.54,1,200.44,44.51,2500,0,0,0
4493,74.95822,free_swing,712,426,684,235,27.532,-171.660,0,-120.23,-347.20,1,193.04,39.17,2500,0,0,0
4494,74.9749,free_swing,708,431,694,247,24.444,-175.649,0,-185.87,-304.05,1,184.53,33.04,2500,0,0,0
4495,74.99158,free_swing,704,436,725,219,21.516,174.472,0,-236.56,-493.80,1,218.01,57.17,2500,0,0,0
4496,75.00827,free_swing,697,444,731,257,16.887,169.695,0,-272.59,-578.30,1,190.07,37.03,2500,0,0,0
4497,75.02495,free_swing,689,452,755,298,12.225,156.801,0,-297.75,-351.99,1,167.55,20.79,2500,1,0,0
4498,75.04163,free_swing,679,459,768,303,7.181,150.295,0,-291.59,-517.79,1,179.60,29.48,2500,0,0,0
4499,75.05832,free_swing,669,467,770,302,2.545,148.528,0,-281.80,-845.61,1,193.46,39.47,2500,1,0,0
4500,75.075,free_swing,658,473,797,388,-2.031,121.446,0,-253.90,-1035.32,1,162.93,17.46,2500,0,0,0
4501,75.09168,free_swing,648,477,801,437,-5.906,104.651,0,-201.10,-977.48,1,158.14,14.01,2500,0,0,0
4502,75.10837,free_swing,640,481,792,464,-8.775,96.382,0,-130.26,-968.18,1,152.95,10.27,2500,0,0,0
4503,75.12505,free_swing,636,483,768,519,-10.138,74.745,0,-43.81,-1479.18,1,136.82,1.36,2500,1,0,0
4504,75.14173,free_swing,634,484,726,572,-10.802,46.273,0,-12.03,-1035.15,1,127.31,8.22,2500,1,0,0
4505,75.15842,free_swing,635,484,675,567,-10.437,25.731,0,-65.12,-940.75,1,92.14,33.58,2500,0,0,0
4506,75.1751,free_swing,628,486,644,512,-12.804,31.608,0,-165.90,-1727.10,1,30.53,77.99,2500,1,0,0
4507,75.19178,free_swing,616,489,591,545,-16.666,-24.057,0,-271.20,-2075.11,1,61.33,55.79,2500,1,0,0
4508,75.20847,free_swing,600,492,536,524,-21.492,-63.435,0,-326.80,-1545.52,1,71.55,48.41,2500,1,0,0
4509,75.22515,free_swing,580,492,484,546,-27.418,-60.642,0,-363.67,-545.87,1,110.15,20.59,2500,1,0,0
4510,75.24183,free_swing,558,490,460,524,-33.606,-70.866,0,-371.29,-47.01,1,103.73,25.22,2500,1,0,0
4511,75.25852,free_swing,536,485,444,489,-39.695,-87.510,0,-359.28,-411.63,1,92.09,33.61,2500,1,0,0
4512,75.2752,free_swing,516,477,404,503,-45.392,-76.931,0,-333.71,-1842.39,1,114.98,17.11,2500,1,0,0
4513,75.29188,free_swing,497,467,432,418,-50.880,-127.011,0,-301.48,-3040.83,1,81.40,41.32,2500,1,0,1
4514,75.30857,free_swing,482,457,640,83,-55.371,157.098,0,-265.13,-2663.80,1,406.00,192.70,2500,1,0,1
4515,75.32525,free_swing,470,446,661,172,-59.431,145.120,0,-204.69,-783.01,1,334.00,140.79,2500,1,0,0
4516,75.34193,free_swing,462,437,689,42,-62.418,150.115,0,-119.18,277.46,1,455.58,228.45,2500,1,0,0
4517,75.35862,free_swing,459,434,670,134,-63.435,144.880,0,-24.88,11.16,1,366.77,164.42,2500,1,0,0
4518,75.3753,free_swing,460,435,648,157,-63.097,145.931,0,41.88,-51.84,1,335.60,141.95,2500,0,0,0
4519,75.39198,free_swing,462,438,731,49,-62.194,145.335,0,69.84,-135.45,1,472.95,240.97,2500,0,0,0
4520,75.40867,free_swing,466,442,739,58,-60.822,144.590,0,87.59,-65.48,1,471.15,239.67,2500,0,0,0
4521,75.42535,free_swing,471,446,609,285,-59.300,139.399,0,113.13,226.84,1,212.05,52.87,2500,1,0,0
4522,75.44203,free_swing,477,452,653,61,-57.171,155.766,0,138.89,1204.03,1,428.79,209.13,2500,1,0,0
4523,75.45872,free_swing,485,459,518,233,-54.493,171.693,0,168.42,1596.28,1,228.40,64.66,2500,1,0,0
4524,75.4754,free_swing,495,465,414,337,-51.633,-147.674,0,192.57,615.32,1,151.48,9.20,2500,1,0,0
4525,75.49208,free_swing,506,473,430,322,-48.073,-153.283,0,223.63,317.60,1,169.05,21.87,2500,1,0,0
4526,75.50877,free_swing,520,479,477,303,-44.210,-166.271,0,250.07,184.53,1,181.18,30.62,2500,0,0,0
4527,75.52545,free_swing,536,485,413,381,-39.695,-130.215,0,266.78,552.67,1,161.07,16.12,2500,1,0,0
4528,75.54213,free_swing,552,489,443,372,-35.261,-137.027,0,285.61,697.04,1,159.91,15.28,2500,0,0,0
4529,75.55882,free_swing,570,491,451,390,-30.324,-130.323,0,308.32,478.49,1,156.08,12.53,2500,1,0,0
4530,75.5755,free_swing,589,491,438,447,-24.958,-106.246,0,329.34,715.25,1,157.28,13.39,2500,1,0,0
4531,75.59218,free_swing,608,489,463,453,-19.306,-103.943,0,336.76,692.31,0,149.40,7.71,2500,0,0,0
4532,75.60887,free_swing,625,486,494,471,-13.861,-96.532,0,330.45,476.00,1,131.86,4.94,2500,1,0,0
4533,75.62555,free_swing,641,481,505,520,-8.399,-73.999,0,316.84,904.95,1,141.48,2.00,2500,1,0,0
4534,75.64223,free_swing,654,476,567,504,-3.576,-72.160,0,265.97,1165.77,1,91.39,34.11,2500,1,0,0
4535,75.65892,free_swing,664,471,586,569,0.412,-38.517,0,156.96,1441.79,1,125.25,9.70,2500,1,0,0
4536,75.6756,free_swing,667,469,639,569,1.672,-15.642,0,-1.36,1768.76,1,103.85,25.13,2500,1,0,0
4537,75.69228,free_swing,664,471,691,586,0.412,13.213,0,-160.77,1674.91,1,118.13,14.84,2500,0,0,0
4538,75.70897,free_swing,655,476,735,563,-3.180,42.600,0,-215.43,1973.85,1,118.19,14.79,2500,1,0,0
4539,75.72565,free_swing,645,480,770,516,-6.934,73.934,0,-148.73,1655.63,1,130.08,6.22,2500,1,0,0
4540,75.74233,free_swing,642,481,780,447,-8.022,103.841,0,-28.58,1045.70,1,142.13,2.46,2500,1,0,0
4541,75.75902,free_swing,644,480,792,431,-7.316,108.319,0,59.86,643.13,1,155.90,12.39,2500,1,0,0
4542,75.7757,free_swing,647,479,787,401,-6.212,119.124,0,102.05,718.37,1,160.26,15.54,2500,0,0,0
4543,75.79238,free_swing,652,476,769,350,-4.368,137.121,0,123.53,943.44,1,171.94,23.96,2500,1,0,0
4544,75.80907,free_swing,658,473,742,312,-2.031,152.447,0,126.17,797.96,1,181.60,30.92,2500,0,0,0
4545,75.82575,free_swing,662,470,727,285,-0.415,160.641,0,72.59,531.69,1,196.09,41.37,2500,1,0,0
4546,75.84243,free_swing,664,470,695,279,0.415,170.781,0,-12.17,404.28,1,193.50,39.50,2500,0,0,0
4547,75.85912,free_swing,661,472,677,282,-0.818,175.186,0,-90.66,368.48,1,190.67,37.46,2500,0,0,0
4548,75.8758,free_swing,656,474,650,283,-2.822,-178.201,0,-147.47,345.14,1,191.09,37.77,2500,0,0,0
4549,75.89248,free_swing,649,477,624,290,-5.515,-172.385,0,-181.93,339.44,1,188.66,36.01,2500,0,0,0
4550,75.90917,free_swing,640,481,596,294,-8.775,-166.759,0,-210.85,221.90,1,192.11,38.50,2500,0,0,0
4551,75.92585,free_swing,629,484,575,294,-12.609,-164.134,0,-229.84,192.93,1,197.52,42.40,2500,0,0,0
4552,75.94253,free_swing,617,488,552,300,-16.429,-160.927,0,-246.92,404.59,1,198.92,43.41,2500,1,0,0
4553,75.95922,free_swing,603,491,523,335,-20.674,-152.850,0,-261.64,522.68,1,175.32,26.39,2500,0,0,0
4554,75.9759,free_swing,588,491,483,365,-25.253,-140.194,0,-270.82,314.36,1,164.02,18.24,2500,1,0,0
4555,75.99258,free_swing,572,491,460,362,-29.784,-139.035,0,-277.73,517.83,1,170.84,23.16,2500,1,0,0
4556,76.00927,free_swing,555,490,447,380,-34.354,-135.526,0,-286.07,665.93,1,154.16,11.14,2500,0,0,0
4557,76.02595,free_swing,537,485,400,434,-39.472,-110.418,0,-302.81,-219.72,1,146.18,5.39,2500,1,0,0
4558,76.04263,free_swing,518,479,416,424,-44.608,-118.334,0,-345.49,367.86,1,115.88,16.46,2500,1,0,0
4559,76.05932,free_swing,498,468,445,409,-50.503,-138.066,0,-388.20,1618.01,1,79.31,42.82,2500,1,0,0
4560,76.076,free_swing,476,451,388,525,-57.529,-49.939,0,-382.87,2826.52,1,114.98,17.11,2500,1,0,1
4561,76.09268,free_swing,459,434,427,515,-63.435,-21.557,0,-300.87,2727.22,1,87.09,37.21,2500,0,0,1
4562,76.10937,free_swing,451,421,461,512,-67.227,6.271,0,-181.00,1234.15,1,91.55,34.00,2500,1,0,0
4563,76.12605,free_swing,446,414,495,481,-69.299,36.180,0,-77.27,1060.51,1,83.01,40.16,2500,0,0,0
4564,76.14273,free_swing,444,412,509,491,-69.933,39.447,0,6.89,411.31,1,102.30,26.25,2500,1,0,0
4565,76.15942,free_swing,445,415,535,489,-69.156,50.572,0,76.34,593.33,1,116.52,16.00,2500,0,0,0
4566,76.1761,free_swing,450,421,554,495,-67.323,54.567,0,142.57,949.52,1,127.64,7.98,2500,1,0,0
4567,76.19278,free_swing,456,430,590,442,-64.666,84.883,0,194.03,488.95,1,134.54,3.01,2500,1,0,0
4568,76.20947,free_swing,466,442,600,463,-60.822,81.093,0,226.09,99.92,1,135.64,2.22,2500,1,0,0
4569,76.22615,free_swing,477,453,619,499,-56.954,72.051,0,256.10,-245.15,1,149.26,7.61,2500,1,0,0
4570,76.24283,free_swing,491,463,636,485,-52.706,81.373,0,275.39,143.61,1,146.66,5.73,2500,1,0,0
4571,76.25952,free_swing,508,474,656,502,-47.506,79.287,0,301.96,268.34,0,150.63,8.59,2500,0,0,0
4572,76.2762,free_swing,526,481,666,493,-42.597,85.101,0,324.68,252.41,0,140.51,1.30,2500,0,0,0
4573,76.29288,free_swing,546,488,681,491,-36.870,88.727,0,349.58,40.90,1,135.03,2.65,2500,1,0,0
4574,76.30957,free_swing,568,492,699,491,-30.700,90.437,0,384.66,-221.45,1,131.00,5.55,2500,1,0,0
4575,76.32625,free_swing,592,492,707,520,-23.929,76.316,0,437.82,-142.71,1,118.36,14.67,2500,0,0,0
4576,76.34293,free_swing,617,489,716,509,-16.330,78.579,0,515.50,-780.47,1,101.00,27.19,2500,1,0,0
4577,76.35962,free_swing,645,481,718,509,-6.888,69.015,0,572.12,-1324.66,1,78.19,43.63,2500,1,0,0
4578,76.3763,free_swing,670,468,712,577,2.946,21.073,0,578.52,-1909.06,1,116.81,15.79,2500,1,0,0
4579,76.39298,free_swing,689,454,693,485,12.031,7.352,0,508.09,-1309.11,1,31.26,77.47,2500,1,0,0
4580,76.40967,free_swing,703,440,686,492,20.323,-18.104,0,460.44,-614.52,1,54.71,60.56,2500,1,0,0
4581,76.42635,free_swing,712,428,680,540,27.041,-15.945,0,467.97,-665.08,1,116.48,16.02,2500,0,0,0
4582,76.44303,free_swing,722,414,674,487,35.735,-33.326,0,511.85,-247.22,1,87.37,37.01,2500,1,0,0
4583,76.45972,free_swing,729,399,662,477,44.569,-40.662,0,539.14,-743.08,1,102.83,25.87,2500,1,0,0
4584,76.4764,free_swing,734,385,660,479,53.259,-38.211,0,490.39,-689.30,1,119.63,13.75,2500,0,0,0
4585,76.49308,free_swing,738,374,668,397,60.751,-71.811,0,393.86,-281.68,1,73.68,46.88,2500,1,0,0
4586,76.50977,free_swing,740,366,663,412,66.176,-59.146,0,236.12,313.99,1,89.69,35.34,2500,1,0,0
4587,76.52645,free_swing,740,362,654,448,68.714,-45.000,0,63.51,465.22,1,121.62,12.32,2500,0,0,0
4588,76.54313,free_swing,740,363,647,447,68.070,-47.911,0,-95.56,-276.51,1,125.32,9.65,2500,1,0,0
4589,76.55982,free_swing,740,367,633,430,65.556,-59.511,0,-228.98,-394.36,1,124.17,10.48,2500,0,0,0
4590,76.5765,free_swing,738,374,634,434,60.751,-60.018,0,-345.31,-98.13,1,120.07,13.44,2500,1,0,0
4591,76.59318,free_swing,735,384,616,453,54.162,-59.893,0,-431.71,-48.82,0,137.56,0.83,2500,0,0,0
4592,76.60987,free_swing,730,396,616,459,46.312,-61.074,0,-476.99,-140.35,0,130.25,6.10,2500,0,0,0
4593,76.62655,free_swing,724,409,609,457,38.387,-67.345,0,-511.33,-189.59,1,124.62,10.16,2500,0,0,0
4594,76.64323,free_swing,715,423,598,477,29.745,-65.225,0,-517.88,63.99,1,128.86,7.10,2500,1,0,0
4595,76.65992,free_swing,703,438,588,484,20.674,-68.199,0,-514.20,-3.21,1,123.86,10.71,2500,0,0,0
4596,76.6766,free_swing,690,451,579,515,12.783,-60.033,0,-497.30,-124.84,0,128.13,7.63,2500,0,0,0
4597,76.69328,free_swing,673,465,579,497,4.300,-71.200,0,-489.39,344.59,1,99.30,28.41,2500,1,0,0
4598,76.70997,free_swing,653,476,573,525,-3.972,-58.513,0,-510.74,851.30,1,93.81,32.37,2500,1,0,0
4599,76.72665,free_swing,629,486,572,581,-12.450,-30.964,0,-539.74,1560.61,1,110.79,20.13,2500,1,0,0
4600,76.74333,free_swing,599,492,573,599,-21.801,-13.658,0,-560.92,1200.51,1,110.11,20.62,2500,1,0,0
4601,76.76002,free_swing,566,492,592,580,-31.226,16.460,0,-525.96,1738.63,1,91.76,33.85,2500,1,0,0
4602,76.7767,free_swing,537,486,589,588,-39.289,27.013,0,-433.70,1843.34,1,114.49,17.46,2500,0,0,0
4603,76.79338,free_swing,515,477,605,485,-45.587,84.920,0,-338.15,668.86,1,90.35,34.86,2500,1,0,0
4604,76.81007,free_swing,498,468,602,507,-50.503,69.444,0,-273.35,-22.16,1,111.07,19.92,2500,1,0,0
4605,76.82675,free_swing,484,458,588,544,-54.858,50.412,0,-244.42,-318.84,1,134.95,2.71,2500,1,0,0
4606,76.84343,free_swing,472,448,596,484,-58.728,73.811,0,-234.93,269.44,1,129.12,6.91,2500,1,0,0
4607,76.86012,free_swing,462,436,590,477,-62.642,72.239,0,-220.79,68.88,1,134.41,3.10,2500,1,0,0
4608,76.8768,free_swing,452,425,572,492,-66.214,60.824,0,-194.90,-400.82,1,137.44,0.92,2500,1,0,0
4609,76.89348,free_swing,446,415,571,474,-69.069,64.733,0,-156.49,266.17,1,138.22,0.35,2500,1,0,0
4610,76.91017,free_swing,441,407,567,464,-71.333,65.659,0,-115.23,383.41,0,138.29,0.30,2500,0,0,0
4611,76.92685,free_swing,438,401,580,420,-72.951,82.379,0,-71.81,68.73,1,143.27,3.29,2500,1,0,0
4612,76.94353,free_swing,437,398,564,453,-73.720,66.584,0,-25.76,-497.67,1,138.40,0.22,2500,1,0,0
4613,76.96022,free_swing,437,398,555,458,-73.720,63.048,0,25.83,-823.13,1,132.38,4.56,2500,1,0,0
4614,76.9769,free_swing,438,401,534,497,-72.951,45.000,0,78.89,-151.26,1,135.76,2.12,2500,1,0,0
4615,76.99358,free_swing,441,408,534,498,-71.102,45.939,0,126.14,-396.40,1,129.42,6.70,2500,1,0,0
4616,77.01027,free_swing,446,417,539,482,-68.609,55.049,0,170.39,468.50,1,113.46,18.20,2500,1,0,0
4617,77.02695,free_swing,454,427,516,530,-65.556,31.045,0,211.28,-66.79,1,120.22,13.33,2500,1,0,0
4618,77.04363,free_swing,464,440,544,467,-61.511,71.350,0,258.10,-686.70,1,84.43,39.13,2500,1,0,0
4619,77.06032,free_swing,478,453,507,565,-56.813,14.517,0,322.36,-1196.16,1,115.69,16.59,2500,1,0,0
4620,77.077,free_swing,497,466,503,534,-51.089,5.042,0,385.49,-1834.11,1,68.26,50.79,2500,1,0,0
4621,77.09368,free_swing,521,479,501,538,-44.009,-18.726,0,417.30,-1010.37,1,62.30,55.09,2500,1,0,0
4622,77.11037,free_swing,545,488,470,569,-37.104,-42.797,0,386.49,-1233.37,1,110.39,20.42,2500,1,0,0
4623,77.12705,free_swing,567,491,470,562,-31.122,-53.797,0,336.62,-763.72,1,120.21,13.34,2500,1,0,0
4624,77.14373,free_swing,585,491,490,526,-26.131,-69.775,0,309.15,-393.88,1,101.24,27.01,2500,1,0,0
4625,77.16042,free_swing,603,491,495,530,-20.674,-70.145,0,313.65,-490.88,1,114.83,17.22,2500,0,0,0
4626,77.1771,free_swing,620,488,501,516,-15.410,-76.759,0,343.41,-281.05,1,122.25,11.87,2500,1,0,0
4627,77.19378,free_swing,638,482,532,482,-9.462,-90.000,0,373.00,-67.34,1,106.00,23.58,2500,1,0,0
4628,77.21047,free_swing,656,475,537,501,-2.802,-77.675,0,398.63,109.81,1,121.81,12.18,2500,0,0,0
4629,77.22715,free_swing,672,465,547,495,3.871,-76.504,0,408.25,326.72,1,128.55,7.32,2500,1,0,0
4630,77.24383,free_swing,686,455,581,476,10.592,-78.690,0,409.27,360.30,1,107.08,22.80,2500,0,0,0
4631,77.26052,free_swing,698,443,586,504,17.501,-61.425,0,411.48,524.89,0,127.53,8.06,2500,0,0,0
4632,77.2772,free_swing,708,433,620,495,24.015,-54.834,0,373.96,590.89,1,107.65,22.39,2500,0,0,0
4633,77.29388,free_swing,716,424,641,488,29.946,-49.525,0,290.06,588.86,1,98.60,28.92,2500,0,0,0
4634,77.31057,free_swing,719,417,653,519,33.378,-32.905,0,139.51,856.38,1,121.49,12.41,2500,1,0,0
4635,77.32725,free_swing,721,416,684,526,34.624,-18.591,0,-40.26,957.96,1,116.06,16.33,2500,0,0,0
4636,77.34393,free_swing,718,420,712,537,32.005,-2.936,0,-205.00,823.83,1,117.15,15.54,2500,0,0,0
4637,77.36062,free_swing,713,428,733,505,27.512,14.560,0,-372.40,1628.50,1,79.56,42.65,2500,1,0,0
4638,77.3773,free_swing,703,438,764,521,20.674,36.314,0,-465.11,2037.58,1,103.00,25.74,2500,1,0,0
4639,77.39398,free_swing,688,453,778,451,11.674,91.273,0,-479.43,1451.11,1,90.02,35.10,2500,1,0,0
4640,77.41067,free_swing,674,464,788,456,4.764,94.014,0,-404.01,511.30,1,114.28,17.61,2500,1,0,0
4641,77.42735,free_swing,660,472,805,473,-1.228,89.605,0,-311.77,-73.61,1,145.00,4.54,2500,1,0,0
4642,77.44403,free_swing,648,478,794,451,-5.866,100.477,0,-266.67,437.86,1,148.48,7.04,2500,1,0,0
4643,77.46072,free_swing,636,483,791,433,-10.138,107.879,0,-246.79,711.17,1,162.86,17.42,2500,1,0,0
4644,77.4774,free_swing,624,486,767,410,-14.211,117.989,0,-256.01,474.12,1,161.94,16.75,2500,1,0,0
4645,77.49408,free_swing,610,489,753,374,-18.654,128.806,0,-258.99,181.43,1,183.50,32.30,2500,1,0,0
4646,77.51077,free_swing,595,491,745,391,-23.155,123.690,0,-271.50,64.30,1,180.28,29.97,2500,0,0,0
4647,77.52745,free_swing,580,492,722,393,-27.418,124.884,0,-279.30,155.67,1,173.10,24.80,2500,0,0,0
4648,77.54413,free_swing,562,490,713,351,-32.588,132.630,0,-295.06,-14.62,1,205.24,47.96,2500,0,0,0
4649,77.56082,free_swing,544,488,695,362,-37.337,129.843,0,-307.90,-265.80,1,196.66,41.78,2500,1,0,0
4650,77.5775,free_swing,525,482,671,414,-42.614,114.974,0,-304.46,-425.03,1,161.06,16.11,2500,0,0,0
4651,77.59418,free_swing,507,474,666,389,-47.690,118.129,0,-299.96,-372.96,1,180.29,29.98,2500,0,0,0
4652,77.61087,free_swing,491,464,651,414,-52.496,107.354,0,-286.70,-433.35,1,167.63,20.85,2500,0,0,0
4653,77.62755,free_swing,477,452,636,429,-57.171,98.231,0,-278.62,-713.58,1,160.65,15.82,2500,1,0,0
4654,77.64423,free_swing,464,439,626,446,-61.734,87.526,0,-257.23,-529.55,1,162.15,16.90,2500,0,0,0
4655,77.66092,free_swing,454,426,605,462,-65.784,76.590,0,-217.40,-561.55,1,155.23,11.91,2500,0,0,0
4656,77.6776,free_swing,446,416,589,461,-68.839,72.532,0,-159.78,-587.55,0,149.91,8.08,2500,0,0,0
4657,77.69428,free_swing,442,408,566,491,-71.022,56.203,0,-91.94,-820.27,1,149.21,7.57,2500,1,0,0
4658,77.71097,free_swing,440,405,538,496,-71.874,47.121,0,-9.15,-376.65,1,133.73,3.59,2500,1,0,0
4659,77.72765,free_swing,441,407,511,512,-71.333,33.690,0,83.22,-228.29,0,126.19,9.02,2500,0,0,0
4660,77.74433,free_swing,446,415,501,467,-69.069,46.606,0,169.43,-807.15,1,75.69,45.43,2500,1,0,0
4661,77.76102,free_swing,454,427,469,510,-65.556,10.244,0,267.20,-2000.03,1,84.34,39.19,2500,1,0,0
4662,77.7777,free_swing,467,442,420,542,-60.698,-25.174,0,343.24,-2505.78,1,110.49,20.34,2500,1,0,1
4663,77.79438,free_swing,486,460,423,481,-54.127,-71.565,0,360.92,-1583.54,1,66.41,52.12,2500,1,0,0
4664,77.81107,free_swing,505,472,391,491,-48.457,-80.538,0,316.00,-799.86,1,115.57,16.68,2500,1,0,0
4665,77.82775,free_swing,521,479,391,478,-44.009,-90.441,0,249.22,-646.89,0,130.00,6.28,2500,0,0,0
4666,77.84443,free_swing,534,485,400,453,-40.135,-103.431,0,216.28,-874.41,1,137.77,0.68,2500,1,0,0
4667,77.86112,free_swing,547,488,430,406,-36.634,-125.025,0,211.07,-659.96,1,142.87,3.00,2500,1,0,0
4668,77.8778,free_swing,560,490,436,404,-33.100,-124.743,0,211.67,-295.13,1,150.90,8.79,2500,1,0,0
4669,77.89448,free_swing,574,491,449,385,-29.238,-130.298,0,240.39,-74.97,1,163.89,18.16,2500,1,0,0
4670,77.91117,free_swing,588,491,467,382,-25.253,-132.013,0,288.26,-201.19,1,162.86,17.41,2500,0,0,0
4671,77.92785,free_swing,607,489,488,370,-19.631,-135.000,0,344.56,-237.35,1,168.29,21.33,2500,0,0,0
4672,77.94453,free_swing,626,485,516,360,-13.595,-138.652,0,379.55,-79.85,1,166.51,20.04,2500,0,0,0
4673,77.96122,free_swing,645,479,537,344,-6.981,-141.340,0,398.33,187.30,1,172.88,24.64,2500,1,0,0
4674,77.9779,free_swing,662,470,538,364,-0.415,-130.525,0,423.54,394.76,1,163.13,17.61,2500,1,0,0
4675,77.99458,free_swing,679,458,550,360,7.237,-127.224,0,466.74,260.14,1,162.00,16.79,2500,0,0,0
4676,78.01127,free_swing,694,446,560,360,15.213,-122.692,0,529.78,22.69,1,159.22,14.79,2500,1,0,0
4677,78.02795,free_swing,708,430,579,341,24.664,-124.603,0,585.83,281.22,1,156.72,12.99,2500,1,0,0
4678,78.04463,free_swing,720,414,583,345,34.804,-116.732,0,617.55,820.54,1,153.39,10.59,2500,1,0,0
4679,78.06132,free_swing,728,397,593,381,45.000,-96.759,0,596.39,1148.16,1,135.94,1.99,2500,1,0,0
4680,78.078,free_swing,734,383,600,417,54.310,-75.763,0,516.37,894.14,1,138.25,0.33,2500,1,0,0
4681,78.09468,free_swing,738,372,626,418,61.928,-67.671,0,348.25,587.14,1,121.08,12.71,2500,1,0,0
4682,78.11137,free_swing,740,366,635,425,66.176,-60.668,0,144.98,464.70,1,120.44,13.17,2500,1,0,0
4683,78.12805,free_swing,740,366,650,447,66.176,-48.013,0,-76.46,604.10,1,121.08,12.71,2500,1,0,0
4684,78.14473,free_swing,739,369,672,447,64.041,-40.662,0,-237.00,668.25,1,102.83,25.87,2500,0,0,0
4685,78.16142,free_swing,737,378,692,467,58.134,-26.822,0,-370.34,708.43,1,99.73,28.10,2500,0,0,0
4686,78.1781,free_swing,734,388,713,472,51.736,-14.036,0,-497.11,1005.68,1,86.59,37.58,2500,1,0,0
4687,78.19478,free_swing,727,403,732,516,42.032,2.534,0,-623.58,1126.37,1,113.11,18.45,2500,0,0,0
4688,78.21147,free_swing,717,422,756,495,30.964,28.113,0,-740.52,1443.27,1,82.76,40.33,2500,1,0,0
4689,78.22815,free_swing,699,443,769,509,17.969,46.685,0,-731.96,1654.21,1,96.21,30.64,2500,1,0,0
4690,78.24483,free_swing,677,463,781,483,6.100,79.114,0,-639.86,1196.84,1,105.91,23.65,2500,1,0,0
4691,78.26152,free_swing,656,475,785,458,-2.802,97.507,0,-504.36,735.05,1,130.12,6.20,2500,1,0,0
4692,78.2782,free_swing,635,483,778,474,-10.505,93.601,0,-404.54,344.58,1,143.28,3.30,2500,1,0,0
4693,78.29488,free_swing,616,488,767,441,-16.767,107.289,0,-355.91,120.15,1,158.15,14.01,2500,1,0,0
4694,78.31157,free_swing,598,491,751,434,-22.235,110.433,0,-324.66,207.65,1,163.27,17.71,2500,0,0,0
4695,78.32825,free_swing,579,491,734,458,-27.848,102.019,0,-323.64,-7.83,1,158.47,14.25,2500,1,0,0
4696,78.34493,free_swing,560,490,713,421,-33.100,114.274,0,-331.68,35.14,1,167.84,21.00,2500,0,0,0
4697,78.36162,free_swing,540,485,698,437,-38.797,106.899,0,-334.82,-147.64,1,165.13,19.05,2500,0,0,0
4698,78.3783,free_swing,520,478,684,437,-44.405,104.036,0,-331.90,-492.72,1,169.05,21.87,2500,1,0,0
4699,78.39498,free_swing,501,469,660,458,-49.779,93.958,0,-314.93,-424.25,1,159.38,14.90,2500,0,0,0
4700,78.41167,free_swing,484,458,642,466,-54.858,87.101,0,-298.71,-596.68,1,158.20,14.05,2500,0,0,0
4701,78.42835,free_swing,470,445,618,473,-59.651,79.287,0,-272.88,-360.03,1,150.63,8.59,2500,1,0,0
4702,78.44503,free_swing,458,432,592,490,-63.997,66.595,0,-238.62,-737.63,1,146.01,5.27,2500,1,0,0
4703,78.46172,free_swing,449,421,574,471,-67.418,68.199,0,-182.22,-327.75,1,134.63,2.94,2500,1,0,0
4704,78.4784,free_swing,445,411,529,510,-70.080,40.314,0,-110.32,-154.03,0,129.83,6.40,2500,0,0,0
4705,78.49508,free_swing,442,408,529,452,-71.022,63.172,0,-22.74,-807.63,1,97.49,29.71,2500,1,0,0
4706,78.51177,free_swing,443,409,482,473,-70.710,31.357,0,79.03,-937.53,1,74.95,45.97,2500,0,0,0
4707,78.52845,free_swing,447,417,430,498,-68.519,-11.853,0,193.06,-4182.16,1,82.76,40.33,2500,1,0,1
4708,78.54513,free_swing,456,430,417,467,-64.666,-46.507,0,268.26,-5280.17,1,53.76,61.24,2500,1,0,1
4709,78.56182,free_swing,470,446,730,73,-59.431,145.122,0,268.66,-4367.95,1,454.67,227.79,2500,1,0,1
4710,78.5785,free_swing,481,456,698,118,-55.733,147.299,0,214.26,-1087.97,1,401.66,189.57,2500,1,0,0
4711,78.59518,free_swing,491,463,683,78,-52.706,153.495,0,155.71,2348.32,1,430.22,210.16,2500,1,0,0
4712,78.61187,free_swing,499,468,456,307,-50.332,-165.046,0,136.45,1561.29,1,166.64,20.14,2500,1,0,0
4713,78.62855,free_swing,506,473,410,346,-48.073,-142.914,0,139.15,731.32,1,159.20,14.77,2500,1,0,0
4714,78.64523,free_swing,515,477,432,331,-45.587,-150.382,0,173.68,-269.28,1,167.94,21.08,2500,1,0,0
4715,78.66192,free_swing,527,481,454,319,-42.388,-155.743,0,210.60,-510.67,1,177.69,28.10,2500,1,0,0
4716,78.6786,free_swing,541,486,479,323,-38.387,-159.175,0,230.82,-475.08,1,174.39,25.73,2500,0,0,0
4717,78.69528,free_swing,555,489,523,287,-34.524,-170.998,0,252.63,-355.42,1,204.52,47.45,2500,0,0,0
4718,78.71197,free_swing,570,491,556,281,-30.324,-176.186,0,281.65,-129.12,1,210.47,51.73,2500,1,0,0
4719,78.72865,free_swing,589,491,560,309,-24.958,-170.947,0,323.46,45.75,1,184.30,32.87,2500,0,0,0
4720,78.74533,free_swing,607,490,586,302,-19.516,-173.626,0,342.23,20.55,1,189.17,36.38,2500,0,0,0
4721,78.76202,free_swing,626,486,610,305,-13.510,-174.948,0,359.28,-75.73,1,181.71,31.00,2500,0,0,0
4722,78.7787,free_swing,643,480,622,304,-7.696,-173.196,0,382.10,-22.04,1,177.25,27.78,2500,0,0,0
4723,78.79538,free_swing,661,472,649,283,-0.818,-176.367,0,392.32,-101.09,1,189.38,36.53,2500,0,0,0
4724,78.81207,free_swing,676,462,667,285,5.711,-177.089,0,404.67,-166.53,1,177.23,27.77,2500,0,0,0
4725,78.82875,free_swing,689,451,692,283,12.325,178.977,0,412.23,-135.71,1,168.03,21.14,2500,0,0,0
4726,78.84543,free_swing,701,439,711,253,19.552,176.923,0,435.81,-170.89,1,186.27,34.29,2500,0,0,0
4727,78.86212,free_swing,711,427,729,240,26.806,174.502,0,439.51,-232.25,1,187.86,35.44,2500,0,0,0
4728,78.8788,free_swing,720,416,753,244,34.160,169.139,0,419.04,-342.75,1,175.14,26.26,2500,0,0,0
4729,78.89548,free_swing,725,404,775,245,40.732,162.543,0,384.34,-296.48,1,166.68,20.16,2500,0,0,0
4730,78.91217,free_swing,730,395,798,237,46.762,156.714,0,335.72,-481.78,1,172.01,24.01,2500,0,0,0
4731,78.92885,free_swing,733,387,817,233,51.843,151.390,0,262.96,-782.83,1,175.42,26.47,2500,1,0,0
4732,78.94553,free_swing,736,382,844,290,55.592,130.426,0,159.81,-833.42,0,141.87,2.28,2500,0,0,0
4733,78.96222,free_swing,736,379,861,309,57.225,119.249,0,73.38,-326.11,1,143.27,3.29,2500,1,0,0
4734,78.9789,free_swing,735,378,850,318,57.426,117.553,0,-17.18,-399.66,0,129.71,6.49,2500,0,0,0
4735,78.99558,free_swing,735,379,847,320,56.864,117.780,0,-155.08,-900.04,1,126.59,8.74,2500,1,0,0
4736,79.01227,free_swing,733,385,874,403,52.869,82.725,0,-313.72,-747.62,0,142.14,2.48,2500,0,0,0
4737,79.02895,free_swing,729,396,858,422,45.881,78.605,0,-428.95,-484.60,1,131.59,5.13,2500,1,0,0
4738,79.04563,free_swing,723,407,830,413,38.660,86.791,0,-453.57,-269.36,1,107.17,22.74,2500,1,0,0
4739,79.06232,free_swing,716,420,826,471,31.059,65.126,0,-471.97,-614.32,1,121.25,12.59,2500,1,0,0
4740,79.079,free_swing,707,434,806,490,23.334,60.505,0,-485.55,319.49,1,113.74,18.00,2500,1,0,0
4741,79.09568,free_swing,693,448,765,480,14.500,66.038,0,-488.86,216.23,1,78.79,43.20,2500,0,0,0
4742,79.11237,free_swing,679,461,747,458,7.070,92.526,0,-483.81,-420.36,1,68.07,50.93,2500,1,0,0
4743,79.12905,free_swing,660,474,722,555,-1.210,37.432,0,-473.96,-1097.47,1,102.00,26.46,2500,1,0,0
4744,79.14573,free_swing,639,482,691,533,-9.090,45.556,0,-466.03,-1022.95,1,72.84,47.49,2500,0,0,0
4745,79.16242,free_swing,616,489,652,568,-16.666,24.499,0,-440.39,-445.19,1,86.82,37.41,2500,1,0,0
4746,79.1791,free_swing,593,492,619,564,-23.629,19.855,0,-415.45,-534.18,1,76.55,44.81,2500,0,0,0
4747,79.19578,free_swing,568,492,578,586,-30.700,6.072,0,-402.04,-164.87,1,94.53,31.85,2500,1,0,0
4748,79.21247,free_swing,545,489,557,536,-36.928,14.323,0,-389.83,-469.96,1,48.51,65.03,2500,1,0,0
4749,79.22915,free_swing,522,480,517,548,-43.612,-4.205,0,-366.89,-1077.72,1,68.18,50.84,2500,1,0,0
4750,79.24583,free_swing,502,470,462,556,-49.399,-24.944,0,-342.48,-409.63,1,94.85,31.62,2500,1,0,0
4751,79.26252,free_swing,485,458,456,483,-54.707,-49.236,0,-302.27,-2514.82,1,38.29,72.40,2500,1,0,1
4752,79.2792,free_swing,471,445,422,492,-59.521,-46.193,0,-257.07,-4262.43,1,67.90,51.05,2500,1,0,1
4753,79.29588,free_swing,460,434,729,98,-63.322,141.319,0,-188.69,-3958.62,1,430.41,210.30,2500,1,0,1
4754,79.31257,free_swing,453,426,646,144,-65.886,145.612,0,-128.22,-1727.59,1,341.72,146.36,2500,1,0,0
4755,79.32925,free_swing,449,421,615,170,-67.418,146.521,0,-85.77,1063.31,1,300.93,116.95,2500,1,0,0
4756,79.34593,free_swing,446,416,642,105,-68.839,147.780,0,-52.41,-103.49,1,367.61,165.02,2500,1,0,0
4757,79.36262,free_swing,445,414,630,107,-69.386,148.927,0,-18.14,-51.07,1,358.43,158.41,2500,0,0,0
4758,79.3793,free_swing,445,414,683,135,-69.386,139.534,0,5.56,-288.03,1,366.72,164.38,2500,1,0,0
4759,79.39598,free_swing,445,415,627,113,-69.156,148.925,0,8.54,324.02,1,352.60,154.20,2500,1,0,0
4760,79.41267,free_swing,445,415,677,129,-69.156,140.951,0,10.79,1027.03,1,368.27,165.50,2500,1,0,0
4761,79.42935,free_swing,446,416,444,263,-68.839,-179.251,0,27.57,923.22,1,153.01,10.31,2500,0,0,0
4762,79.44603,free_swing,448,418,428,243,-68.199,-173.480,0,52.86,437.58,1,176.14,26.99,2500,1,0,0
4763,79.46272,free_swing,451,422,452,234,-66.997,179.695,0,78.34,-416.16,1,188.00,35.54,2500,1,0,0
4764,79.4794,free_swing,454,427,463,256,-65.556,176.987,0,108.79,-313.30,1,171.24,23.45,2500,0,0,0
4765,79.49608,free_swing,459,434,485,242,-63.435,172.288,0,142.69,-159.64,1,193.75,39.68,2500,0,0,0
4766,79.51277,free_swing,467,442,502,252,-60.698,169.563,0,183.20,-126.08,1,193.20,39.28,2500,0,0,0
4767,79.52945,free_swing,477,451,510,274,-57.389,169.439,0,218.88,-96.30,1,180.05,29.80,2500,0,0,0
4768,79.54613,free_swing,488,462,541,246,-53.393,166.214,0,249.60,-170.53,1,222.41,60.34,2500,0,0,0
4769,79.56282,free_swing,503,471,560,279,-49.018,163.465,0,278.79,-202.07,1,200.28,44.39,2500,0,0,0
4770,79.5795,free_swing,520,479,587,298,-44.210,159.687,0,303.65,-116.29,1,193.00,39.14,2500,0,0,0
4771,79.59618,free_swing,539,486,611,298,-38.841,159.044,0,329.52,-28.23,1,201.32,45.14,2500,0,0,0
4772,79.61287,free_swing,560,489,628,309,-33.267,159.305,0,346.95,-17.41,1,192.42,38.72,2500,0,0,0
4773,79.62955,free_swing,581,491,646,322,-27.281,158.962,0,358.25,12.06,1,181.07,30.54,2500,0,0,0
4774,79.64623,free_swing,601,491,671,327,-21.303,156.886,0,375.53,-95.28,1,178.31,28.55,2500,0,0,0
4775,79.66292,free_swing,621,488,698,297,-15.068,158.044,0,365.49,-291.31,1,205.94,48.47,2500,0,0,0
4776,79.6796,free_swing,640,482,732,335,-8.717,147.960,0,348.55,-447.55,1,173.42,25.02,2500,0,0,0
4777,79.69628,free_swing,654,474,767,338,-3.627,140.277,0,333.39,-486.57,1,176.82,27.48,2500,0,0,0
4778,79.71297,free_swing,668,467,790,347,2.121,134.526,0,331.52,-236.00,1,171.13,23.37,2500,1,0,0
4779,79.72965,free_swing,680,459,806,355,7.624,129.536,0,320.59,-211.04,1,163.38,17.78,2500,0,0,0
4780,79.74633,free_swing,690,452,812,358,12.680,127.614,0,275.12,-609.40,1,154.01,11.03,2500,1,0,0
4781,79.76302,free_swing,696,444,817,393,16.417,112.855,0,182.35,-1207.32,1,131.31,5.33,2500,1,0,0
4782,79.7797,free_swing,700,440,816,447,18.911,86.547,0,38.39,-1193.33,1,116.21,16.22,2500,0,0,0
4783,79.79638,free_swing,699,442,810,490,18.122,66.615,0,-70.66,-904.38,1,120.93,12.81,2500,1,0,0
4784,79.81307,free_swing,695,446,782,486,15.680,65.308,0,-143.00,-564.19,1,95.75,30.97,2500,1,0,0
4785,79.82975,free_swing,692,449,758,513,13.921,45.881,0,-178.54,-588.23,1,91.93,33.72,2500,0,0,0
4786,79.84643,free_swing,685,456,737,517,10.061,40.446,0,-235.35,-885.76,1,80.16,42.21,2500,1,0,0
4787,79.86312,free_swing,676,462,710,533,5.711,25.589,0,-293.58,-691.30,1,78.72,43.25,2500,0,0,0
4788,79.8798,free_swing,664,471,679,572,0.412,8.448,0,-324.99,-575.38,1,102.11,26.39,2500,0,0,0
4789,79.89648,free_swing,650,479,661,547,-5.054,9.189,0,-358.89,-358.92,1,68.88,50.34,2500,1,0,0
4790,79.91317,free_swing,632,485,634,574,-11.454,1.287,0,-386.22,-271.14,1,89.02,35.82,2500,0,0,0
4791,79.92985,free_swing,612,490,599,601,-17.889,-6.680,0,-387.31,-442.16,1,111.76,19.43,2500,0,0,0
4792,79.94653,free_swing,590,492,584,534,-24.525,-8.130,0,-379.59,-126.72,1,42.43,69.41,2500,1,0,0
4793,79.96322,free_swing,569,493,561,523,-30.279,-14.931,0,-371.46,40.30,1,31.05,77.62,2500,0,0,0
4794,79.9799,free_swing,546,488,540,552,-36.870,-5.356,0,-361.32,181.10,1,64.28,53.66,2500,0,0,0
4795,79.99658,free_swing,526,481,518,534,-42.597,-8.584,0,-352.47,48.32,1,53.60,61.36,2500,0,0,0
4796,80.01327,free_swing,506,472,500,542,-48.276,-4.899,0,-327.42,-214.69,1,70.26,49.35,2500,1,0,0
4797,80.02995,free_swing,489,460,468,540,-53.661,-14.708,0,-305.78,-205.82,1,82.71,40.37,2500,0,0,0
4798,80.04663,free_swing,474,448,456,513,-58.460,-15.479,0,-275.01,-1175.55,1,67.45,51.38,2500,1,0,0
4799,80.06332,free_swing,462,436,433,512,-62.642,-20.886,0,-235.91,1153.36,1,81.34,41.36,2500,1,0,0
4800,80.08,free_swing,453,424,417,483,-66.342,-31.390,0,-181.98,3618.74,1,69.12,50.17,2500,1,0,1
4801,80.09668,free_swing,447,416,465,406,-68.749,119.055,0,-111.44,4011.46,1,20.59,85.15,2500,1,0,1
4802,80.11337,free_swing,444,412,706,98,-69.933,140.159,0,-34.03,2293.00,1,408.95,194.83,2500,1,0,0
4803,80.13005,free_swing,444,412,643,200,-69.933,136.812,0,38.08,-389.48,1,290.77,109.62,2500,1,0,0
4804,80.14673,free_swing,446,416,642,68,-68.839,150.611,0,90.23,-94.19,1,399.40,187.94,2500,1,0,0
4805,80.16342,free_swing,450,423,682,125,-66.866,142.098,0,114.22,61.94,1,377.66,172.27,2500,0,0,0
4806,80.1801,free_swing,455,429,678,156,-64.998,140.756,0,129.01,-88.48,1,352.50,154.13,2500,0,0,0
4807,80.19678,free_swing,460,436,646,74,-62.873,152.805,0,142.05,516.39,1,406.99,193.41,2500,1,0,0
4808,80.21347,free_swing,468,444,676,68,-60.129,151.049,0,156.08,1132.39,1,429.70,209.78,2500,1,0,0
4809,80.23015,free_swing,476,451,465,259,-57.529,-176.721,0,168.51,1158.18,1,192.31,38.65,2500,0,0,0
4810,80.24683,free_swing,485,458,413,300,-54.707,-155.501,0,184.53,852.85,1,173.63,25.18,2500,1,0,0
4811,80.26352,free_swing,496,466,436,303,-51.257,-159.791,0,214.86,7.42,1,173.69,25.22,2500,1,0,0
4812,80.2802,free_swing,509,473,438,319,-47.523,-155.248,0,239.78,-238.63,1,169.58,22.26,2500,1,0,0
4813,80.29688,free_swing,524,480,467,305,-43.204,-161.959,0,268.04,-169.85,1,184.05,32.69,2500,0,0,0
4814,80.31357,free_swing,540,486,489,299,-38.614,-164.745,0,304.96,-214.39,1,193.83,39.74,2500,0,0,0
4815,80.33025,free_swing,560,490,508,296,-33.100,-164.995,0,337.58,128.12,1,200.85,44.80,2500,1,0,0
4816,80.34693,free_swing,581,492,526,301,-27.135,-163.936,0,376.56,259.83,1,198.76,43.29,2500,0,0,0
4817,80.36362,free_swing,603,490,522,329,-20.794,-153.293,0,402.72,431.28,1,180.23,29.93,2500,0,0,0
4818,80.3803,free_swing,626,486,532,315,-13.510,-151.202,0,437.84,404.18,1,195.13,40.68,2500,0,0,0
4819,80.39698,free_swing,647,478,536,348,-6.254,-139.508,0,470.47,552.83,1,170.94,23.24,2500,0,0,0
4820,80.41367,free_swing,668,467,550,345,2.121,-135.955,0,506.14,347.86,1,169.73,22.36,2500,1,0,0
4821,80.43035,free_swing,686,454,546,371,10.676,-120.662,0,548.36,327.23,1,162.75,17.34,2500,0,0,0
4822,80.44703,free_swing,702,439,578,335,20.026,-129.987,0,550.37,498.94,1,161.84,16.68,2500,0,0,0
4823,80.46372,free_swing,714,423,573,384,29.268,-105.461,0,537.84,1008.61,1,146.29,5.47,2500,1,0,0
4824,80.4804,free_swing,722,410,589,400,37.104,-94.300,0,437.75,1024.27,0,133.38,3.84,2500,0,0,0
4825,80.49708,free_swing,729,400,596,454,44.145,-67.902,0,274.78,714.29,1,143.54,3.49,2500,1,0,0
4826,80.51377,free_swing,730,396,633,424,46.312,-73.899,0,95.38,773.21,1,100.96,27.21,2500,0,0,0
4827,80.53045,free_swing,730,396,653,469,46.312,-46.528,0,-104.29,816.85,1,106.10,23.51,2500,0,0,0
4828,80.54713,free_swing,728,400,675,481,43.708,-33.198,0,-278.62,1524.61,1,96.80,30.21,2500,1,0,0
4829,80.56382,free_swing,723,412,704,512,36.870,-10.758,0,-477.43,1742.97,1,101.79,26.62,2500,1,0,0
4830,80.5805,free_swing,713,426,743,476,28.009,30.964,0,-622.08,1884.65,1,58.31,57.96,2500,0,0,0
4831,80.59718,free_swing,697,445,767,495,16.746,54.462,0,-653.58,1314.10,1,86.02,37.98,2500,1,0,0
4832,80.61387,free_swing,677,463,783,502,6.100,69.800,0,-588.03,655.84,1,112.95,18.57,2500,1,0,0
4833,80.63055,free_swing,657,474,796,501,-2.420,79.007,0,-447.54,812.48,0,141.60,2.08,2500,0,0,0
4834,80.64723,free_swing,640,480,794,476,-8.833,91.488,0,-331.47,766.76,1,154.05,11.06,2500,0,0,0
4835,80.66392,free_swing,626,486,777,422,-13.510,112.969,0,-272.48,696.81,1,164.00,18.24,2500,0,0,0
4836,80.6806,free_swing,612,489,765,430,-17.996,111.088,0,-260.80,415.76,1,163.98,18.22,2500,1,0,0
4837,80.69728,free_swing,597,491,745,394,-22.543,123.241,0,-279.68,134.23,1,176.95,27.57,2500,1,0,0
4838,80.71397,free_swing,581,491,727,396,-27.281,123.051,0,-301.62,172.96,1,174.19,25.58,2500,0,0,0
4839,80.73065,free_swing,562,490,708,396,-32.588,122.775,0,-319.69,50.15,1,173.64,25.19,2500,0,0,0
4840,80.74733,free_swing,542,487,688,376,-37.977,127.245,0,-317.42,134.54,1,183.40,32.22,2500,0,0,0
4841,80.76402,free_swing,523,481,681,358,-43.216,127.900,0,-304.98,30.76,1,200.23,44.35,2500,0,0,0
4842,80.7807,free_swing,506,473,660,358,-48.073,126.751,0,-302.34,-211.35,1,192.20,38.56,2500,1,0,0
4843,80.79738,free_swing,489,462,655,357,-53.236,122.315,0,-311.80,-295.69,1,196.42,41.61,2500,0,0,0
4844,80.81407,free_swing,472,449,639,373,-58.510,114.470,0,-316.02,-500.18,1,183.48,32.28,2500,1,0,0
4845,80.83075,free_swing,458,433,630,372,-63.771,109.527,0,-302.16,-429.87,1,182.50,31.57,2500,0,0,0
4846,80.84743,free_swing,447,417,616,401,-68.519,95.408,0,-277.80,-601.98,1,169.76,22.38,2500,0,0,0
4847,80.86412,free_swing,439,401,612,388,-72.879,94.297,0,-242.38,-638.33,1,173.49,25.07,2500,0,0,0
4848,80.8808,free_swing,433,387,583,432,-76.551,73.301,0,-183.75,-505.78,1,156.60,12.90,2500,0,0,0
4849,80.89748,free_swing,429,377,575,425,-79.114,71.801,0,-114.35,-606.22,1,153.69,10.80,2500,0,0,0
4850,80.91417,free_swing,428,373,555,437,-80.103,63.255,0,-34.12,-424.60,0,142.21,2.53,2500,0,0,0
4851,80.93085,free_swing,427,372,528,460,-80.380,48.935,0,37.58,-545.37,0,133.96,3.42,2500,0,0,0
4852,80.94753,free_swing,429,378,521,465,-78.879,46.600,0,103.09,-586.50,0,126.62,8.71,2500,0,0,0
4853,80.96422,free_swing,433,386,500,486,-76.787,33.822,0,169.83,-634.60,1,120.37,13.22,2500,0,0,0
4854,80.9809,free_swing,438,399,471,501,-73.418,17.928,0,227.92,-972.07,1,107.21,22.71,2500,1,0,0
4855,80.99758,free_swing,447,415,456,501,-68.980,5.974,0,311.84,-1204.90,1,86.47,37.66,2500,1,0,0
4856,81.01427,free_swing,459,434,426,516,-63.435,-21.922,0,380.10,-1511.65,1,88.39,36.28,2500,1,0,0
4857,81.03095,free_swing,480,454,382,544,-56.310,-47.437,0,406.55,-1848.55,1,133.06,4.07,2500,1,0,0
4858,81.04763,free_swing,501,469,391,497,-49.779,-75.719,0,375.54,-1383.43,1,113.51,18.17,2500,1,0,0
4859,81.06432,free_swing,520,480,419,456,-44.016,-103.367,0,324.19,-1024.71,1,103.81,25.16,2500,1,0,0
4860,81.081,free_swing,538,486,415,456,-39.066,-103.707,0,292.59,-990.84,0,126.61,8.73,2500,0,0,0
4861,81.09768,free_swing,556,490,455,416,-34.106,-126.229,0,281.07,-434.42,1,125.21,9.73,2500,1,0,0
4862,81.11437,free_swing,573,491,482,383,-29.511,-139.883,0,295.15,-37.07,1,141.23,1.82,2500,1,0,0
4863,81.13105,free_swing,591,491,455,431,-24.362,-113.806,0,329.50,612.95,1,148.65,7.17,2500,1,0,0
4864,81.14773,free_swing,611,488,477,411,-18.435,-119.883,0,368.34,167.64,1,154.55,11.42,2500,1,0,0
4865,81.16442,free_swing,631,484,493,426,-11.889,-112.797,0,402.04,-298.35,1,149.69,7.92,2500,1,0,0
4866,81.1811,free_swing,650,476,534,388,-5.159,-127.185,0,436.96,-102.18,0,145.60,4.97,2500,0,0,0
4867,81.19778,free_swing,669,466,543,402,2.564,-116.928,0,470.15,487.09,1,141.32,1.88,2500,1,0,0
4868,81.21447,free_swing,686,454,565,406,10.676,-111.638,0,500.01,1190.44,1,130.17,6.15,2500,1,0,0
4869,81.23115,free_swing,700,440,563,464,18.911,-80.064,0,499.38,812.59,1,139.09,0.27,2500,1,0,0
4870,81.24783,free_swing,712,427,590,466,27.284,-72.272,0,475.59,618.32,0,128.08,7.66,2500,0,0,0
4871,81.26452,free_swing,720,415,625,439,34.479,-75.822,0,403.47,278.10,1,97.98,29.36,2500,1,0,0
4872,81.2812,free_swing,726,406,645,466,40.409,-53.471,0,260.67,796.29,1,100.80,27.33,2500,1,0,0
4873,81.29788,free_swing,728,401,677,449,43.290,-46.736,0,77.43,1524.31,1,70.04,49.51,2500,1,0,0
4874,81.31457,free_swing,727,402,717,443,42.436,-13.707,0,-155.46,1716.11,1,42.20,69.58,2500,1,0,0
4875,81.33125,free_swing,725,410,757,486,38.480,22.834,0,-394.50,1835.70,1,82.46,40.55,2500,1,0,0
4876,81.34793,free_swing,715,422,782,497,30.018,41.775,0,-550.88,1578.95,1,100.57,27.50,2500,1,0,0
4877,81.36462,free_swing,702,440,816,482,19.855,69.775,0,-561.46,1462.09,1,121.49,12.41,2500,0,0,0
4878,81.3813,free_swing,688,453,812,438,11.674,96.897,0,-434.15,1346.29,0,124.90,9.95,2500,0,0,0
4879,81.39798,free_swing,676,461,806,408,5.755,112.180,0,-300.91,805.49,1,140.39,1.21,2500,1,0,0
4880,81.41467,free_swing,667,468,803,375,1.685,124.365,0,-231.27,517.04,1,164.76,18.78,2500,1,0,0
4881,81.43135,free_swing,658,473,788,368,-2.031,128.928,0,-199.53,516.75,1,167.11,20.47,2500,0,0,0
4882,81.44803,free_swing,649,478,763,340,-5.477,140.440,0,-203.38,418.62,1,179.00,29.05,2500,0,0,0
4883,81.46472,free_swing,640,482,746,314,-8.717,147.750,0,-233.74,372.48,1,198.65,43.21,2500,0,0,0
4884,81.4814,free_swing,627,486,720,332,-13.158,148.872,0,-276.30,255.57,1,179.90,29.70,2500,0,0,0
4885,81.49808,free_swing,611,490,689,311,-18.217,156.455,0,-301.92,241.59,1,195.26,40.77,2500,0,0,0
4886,81.51477,free_swing,594,493,672,287,-23.199,159.261,0,-309.50,150.79,1,220.27,58.80,2500,0,0,0
4887,81.53145,free_swing,577,492,638,321,-28.258,160.367,0,-313.15,53.71,1,181.55,30.89,2500,0,0,0
4888,81.54813,free_swing,558,489,621,315,-33.774,160.096,0,-315.57,60.91,1,185.05,33.41,2500,0,0,0
4889,81.56482,free_swing,539,486,597,291,-38.841,163.436,0,-316.35,35.76,1,203.44,46.67,2500,0,0,0
4890,81.5815,free_swing,520,480,575,310,-44.016,162.072,0,-303.54,-24.45,1,178.68,28.81,2500,0,0,0
4891,81.59818,free_swing,503,470,563,291,-49.222,161.469,0,-289.91,-63.47,1,188.79,36.10,2500,0,0,0
4892,81.61487,free_swing,488,461,550,281,-53.604,160.994,0,-268.28,66.58,1,190.38,37.25,2500,0,0,0
4893,81.63155,free_swing,474,450,527,281,-58.022,162.588,0,-250.97,148.13,1,177.12,27.69,2500,0,0,0
4894,81.64823,free_swing,463,438,501,276,-62.076,166.799,0,-235.84,151.15,1,166.40,19.96,2500,0,0,0
4895,81.66492,free_swing,454,426,491,251,-65.784,168.062,0,-199.65,115.98,1,178.87,28.95,2500,0,0,0
4896,81.6816,free_swing,446,416,478,249,-68.839,169.153,0,-162.31,42.87,1,170.04,22.59,2500,0,0,0
4897,81.69828,free_swing,442,408,466,240,-71.022,171.870,0,-119.72,176.40,1,169.71,22.35,2500,0,0,0
4898,81.71497,free_swing,439,401,460,222,-72.879,173.309,0,-78.29,567.99,1,180.23,29.93,2500,1,0,0
4899,81.73165,free_swing,437,398,425,237,-73.720,-175.737,0,-37.24,377.57,1,161.45,16.39,2500,0,0,0
4900,81.74833,free_swing,436,397,401,250,-74.021,-166.608,0,3.31,-755.55,1,151.11,8.94,2500,1,0,0
4901,81.76502,free_swing,437,398,486,201,-73.720,166.032,0,30.85,-1313.62,1,203.00,46.35,2500,1,0,0
4902,81.7817,free_swing,438,401,651,208,-72.951,132.180,0,58.76,-1007.63,1,287.43,107.22,2500,1,0,0
4903,81.79838,free_swing,440,405,626,159,-71.874,142.907,0,76.52,-21.79,1,308.40,122.34,2500,1,0,0
4904,81.81507,free_swing,442,411,653,185,-70.330,136.966,0,93.22,294.12,1,309.19,122.90,2500,1,0,0
4905,81.83175,free_swing,446,416,638,152,-68.839,143.973,0,104.05,133.72,1,326.44,135.34,2500,0,0,0
4906,81.84843,free_swing,450,423,701,90,-66.866,142.993,0,109.72,-657.57,1,417.00,200.63,2500,1,0,0
4907,81.86512,free_swing,455,429,688,89,-64.998,145.577,0,130.89,639.93,1,412.18,197.15,2500,1,0,0
4908,81.8818,free_swing,461,436,652,272,-62.758,130.651,0,153.30,3250.53,1,251.75,81.49,2500,1,0,1
4909,81.89848,free_swing,470,445,426,432,-59.651,-106.460,0,186.22,4438.07,1,45.88,66.92,2500,1,0,1
4910,81.91517,free_swing,480,453,413,522,-56.527,-44.157,0,215.63,3451.64,1,96.18,30.66,2500,1,0,1
4911,81.93185,free_swing,492,463,449,551,-52.545,-26.042,0,250.61,1374.47,1,97.94,29.39,2500,1,0,0
4912,81.94853,free_swing,507,472,504,529,-48.094,-3.013,0,292.47,1119.51,1,57.08,58.85,2500,1,0,0
4913,81.96522,free_swing,525,481,553,535,-42.805,27.408,0,326.09,833.79,1,60.83,56.15,2500,1,0,0
4914,81.9819,free_swing,545,488,585,577,-37.104,24.201,0,369.22,151.32,1,97.58,29.65,2500,1,0,0
4915,81.99858,free_swing,568,492,619,585,-30.700,28.740,0,407.63,470.55,1,106.07,23.53,2500,1,0,0
4916,82.01527,free_swing,594,492,658,583,-23.328,35.119,0,451.26,801.64,1,111.25,19.79,2500,1,0,0
4917,82.03195,free_swing,619,488,693,523,-15.751,64.687,0,484.10,278.36,1,81.86,40.98,2500,1,0,0
4918,82.04863,free_swing,644,481,707,535,-7.267,49.399,0,514.57,42.47,1,82.98,40.18,2500,1,0,0
4919,82.06532,free_swing,666,469,743,544,1.254,45.754,0,519.09,-260.98,1,107.49,22.51,2500,1,0,0
4920,82.082,free_swing,685,456,768,503,10.061,60.479,0,497.92,235.19,1,95.38,31.23,2500,1,0,0
4921,82.09868,free_swing,698,443,790,526,17.501,47.944,0,432.53,185.49,1,123.91,10.67,2500,0,0,0
4922,82.11537,free_swing,708,431,807,481,24.444,63.204,0,328.30,428.83,1,110.91,20.04,2500,1,0,0
4923,82.13205,free_swing,713,424,822,469,28.523,67.567,0,210.52,856.80,1,117.92,14.98,2500,1,0,0
4924,82.14873,free_swing,716,420,834,425,31.059,87.574,0,74.08,844.70,1,118.11,14.85,2500,0,0,0
4925,82.16542,free_swing,717,420,851,401,31.535,98.070,0,-28.35,809.56,0,135.34,2.43,2500,0,0,0
4926,82.1821,free_swing,715,422,829,372,30.018,113.682,0,-90.90,762.35,1,124.48,10.26,2500,0,0,0
4927,82.19878,free_swing,713,425,841,349,28.264,120.700,0,-127.36,687.63,0,148.86,7.32,2500,0,0,0
4928,82.21547,free_swing,711,429,819,304,26.328,139.173,0,-164.05,481.79,1,165.19,19.09,2500,1,0,0
4929,82.23215,free_swing,706,434,814,311,22.859,138.715,0,-200.75,457.64,1,163.69,18.01,2500,0,0,0
4930,82.24883,free_swing,700,438,789,300,19.242,147.181,0,-213.82,251.21,1,164.21,18.39,2500,1,0,0
4931,82.26552,free_swing,695,445,776,267,15.811,155.532,0,-230.97,312.74,1,195.56,40.99,2500,0,0,0
4932,82.2822,free_swing,688,452,768,292,11.768,153.435,0,-291.10,188.66,1,178.89,28.97,2500,0,0,0
4933,82.29888,free_swing,677,461,738,289,6.194,160.473,0,-337.29,136.93,1,182.50,31.57,2500,0,0,0
4934,82.31557,free_swing,663,469,727,270,0.000,162.172,0,-362.81,111.94,1,209.04,50.70,2500,0,0,0
4935,82.33225,free_swing,649,478,703,318,-5.477,161.350,0,-369.21,-14.98,1,168.87,21.74,2500,0,0,0
4936,82.34893,free_swing,630,485,685,318,-12.171,161.771,0,-382.57,-23.13,1,175.82,26.76,2500,0,0,0
4937,82.36562,free_swing,610,490,671,304,-18.544,161.843,0,-396.05,-36.73,1,195.75,41.12,2500,0,0,0
4938,82.3823,free_swing,588,492,662,295,-25.115,159.412,0,-393.31,-124.59,1,210.44,51.71,2500,0,0,0
4939,82.39898,free_swing,565,491,643,300,-31.648,157.786,0,-386.24,-253.87,1,206.31,48.74,2500,0,0,0
4940,82.41567,free_swing,542,486,642,297,-38.157,152.117,0,-377.20,-340.14,1,213.82,54.15,2500,0,0,0
4941,82.43235,free_swing,520,480,629,324,-44.016,145.057,0,-366.70,-373.48,1,190.31,37.20,2500,0,0,0
4942,82.44903,free_swing,499,468,621,323,-50.332,139.923,0,-350.64,-370.31,1,189.50,36.62,2500,0,0,0
4943,82.46572,free_swing,480,456,615,326,-55.879,133.919,0,-327.25,-398.24,1,187.42,35.12,2500,0,0,0
4944,82.4824,free_swing,465,442,614,334,-60.945,125.936,0,-282.56,-428.36,1,184.02,32.67,2500,0,0,0
4945,82.49908,free_swing,454,428,617,336,-65.329,119.441,0,-224.94,-392.22,1,187.17,34.94,2500,0,0,0
4946,82.51577,free_swing,447,417,621,342,-68.519,113.318,0,-154.91,-376.47,1,189.48,36.60,2500,0,0,0
4947,82.53245,free_swing,442,411,608,358,-70.330,107.707,0,-82.16,-273.57,1,174.26,25.63,2500,0,0,0
4948,82.54913,free_swing,441,407,609,372,-71.333,101.768,0,-21.50,-298.81,1,171.61,23.72,2500,0,0,0
4949,82.56582,free_swing,441,408,616,373,-71.102,101.310,0,30.07,-172.78,1,178.47,28.66,2500,0,0,0
4950,82.5825,free_swing,443,411,601,404,-70.247,92.537,0,82.83,-168.64,1,158.15,14.02,2500,0,0,0
4951,82.59918,free_swing,447,417,608,399,-68.519,96.379,0,129.04,-276.42,1,162.00,16.79,2500,0,0,0
4952,82.61587,free_swing,453,426,613,433,-65.886,87.495,0,173.59,-175.52,1,160.15,15.46,2500,0,0,0
4953,82.63255,free_swing,461,436,618,454,-62.758,83.460,0,204.91,-157.47,1,158.03,13.93,2500,0,0,0
4954,82.64923,free_swing,471,447,620,455,-59.080,86.927,0,230.21,71.00,1,149.21,7.57,2500,1,0,0
4955,82.66592,free_swing,484,457,638,474,-55.072,83.701,0,254.78,-214.35,1,154.94,11.70,2500,1,0,0
4956,82.6826,free_swing,498,468,635,486,-50.503,82.515,0,285.35,-190.10,0,138.18,0.38,2500,0,0,0
4957,82.69928,free_swing,516,477,634,524,-45.392,68.282,0,347.87,-549.45,1,127.02,8.43,2500,1,0,0
4958,82.71597,free_swing,538,486,626,517,-39.066,70.594,0,442.04,-1341.58,1,93.30,32.74,2500,1,0,0
4959,82.73265,free_swing,567,493,616,580,-30.806,29.389,0,533.18,-1929.89,1,99.85,28.01,2500,1,0,0
4960,82.74933,free_swing,600,492,590,608,-21.492,-4.927,0,532.31,-1983.38,1,116.43,16.06,2500,0,0,0
4961,82.76602,free_swing,628,487,584,567,-12.724,-28.811,0,461.25,-1054.99,1,91.30,34.18,2500,1,0,0
4962,82.7827,free_swing,646,480,569,561,-6.553,-43.550,0,371.77,-990.50,1,111.76,19.43,2500,0,0,0
4963,82.79938,free_swing,662,472,569,540,-0.409,-53.826,0,322.94,-1061.59,1,115.21,16.94,2500,0,0,0
4964,82.81607,free_swing,674,464,575,476,4.764,-83.089,0,340.55,-605.96,1,99.72,28.10,2500,1,0,0
4965,82.83275,free_swing,686,455,563,465,10.592,-85.352,0,378.22,-436.30,1,123.41,11.03,2500,0,0,0
4966,82.84943,free_swing,698,442,560,470,17.650,-78.530,0,436.00,-190.69,1,140.81,1.52,2500,1,0,0
4967,82.86612,free_swing,709,431,589,404,24.922,-102.680,0,440.87,-514.42,1,123.00,11.32,2500,1,0,0
4968,82.8828,free_swing,718,419,595,404,32.300,-96.953,0,398.35,-251.76,1,123.91,10.67,2500,1,0,0
4969,82.89948,free_swing,723,409,606,377,37.926,-105.297,0,306.92,279.47,1,121.30,12.55,2500,1,0,0
4970,82.91617,free_swing,726,401,587,391,42.397,-94.115,0,189.41,309.76,0,139.36,0.47,2500,0,0,0
4971,82.93285,free_swing,728,399,586,395,44.132,-91.614,0,49.85,7.91,1,142.06,2.41,2500,1,0,0
4972,82.94953,free_swing,728,399,574,397,44.132,-90.744,0,-92.93,-236.42,1,154.01,11.03,2500,1,0,0
4973,82.96622,free_swing,725,403,580,359,41.129,-106.880,0,-209.42,-44.74,0,151.53,9.24,2500,0,0,0
4974,82.9829,free_swing,722,410,566,398,37.104,-94.399,0,-291.10,-381.38,1,156.46,12.80,2500,1,0,0
4975,82.99958,free_swing,716,418,565,388,31.645,-101.237,0,-340.85,-325.42,1,153.95,10.99,2500,0,0,0
4976,83.01627,free_swing,710,429,582,341,25.852,-124.509,0,-383.96,-249.49,1,155.33,11.98,2500,0,0,0
4977,83.03295,free_swing,700,439,550,394,19.075,-106.699,0,-394.58,125.67,1,156.60,12.90,2500,1,0,0
4978,83.04963,free_swing,689,450,539,403,12.426,-107.398,0,-398.02,147.81,1,157.19,13.32,2500,0,0,0
4979,83.06632,free_swing,677,461,530,398,6.194,-113.199,0,-380.00,-51.51,1,159.93,15.30,2500,0,0,0
4980,83.083,free_swing,662,471,517,419,-0.412,-109.729,0,-372.07,180.80,1,154.04,11.05,2500,1,0,0
4981,83.09968,free_swing,647,478,496,447,-6.254,-101.602,0,-368.32,112.84,1,154.15,11.13,2500,0,0,0
4982,83.11637,free_swing,629,485,490,447,-12.529,-105.290,0,-362.64,60.03,0,144.10,3.89,2500,0,0,0
4983,83.13305,free_swing,610,489,484,457,-18.654,-104.250,0,-372.83,403.35,1,130.00,6.28,2500,1,0,0
4984,83.14973,free_swing,589,492,467,492,-24.821,-90.000,0,-382.74,853.25,1,122.00,12.05,2500,1,0,0
4985,83.16642,free_swing,566,490,446,530,-31.547,-71.565,0,-420.14,1175.87,1,126.49,8.81,2500,1,0,0
4986,83.1831,free_swing,540,486,450,549,-38.614,-55.008,0,-456.19,1392.19,1,109.86,20.80,2500,1,0,0
4987,83.19978,free_swing,512,475,459,587,-46.559,-25.324,0,-440.36,1843.61,1,123.91,10.67,2500,1,0,0
4988,83.21647,free_swing,488,461,492,547,-53.604,2.663,0,-376.62,1553.60,1,86.09,37.93,2500,1,0,0
4989,83.23315,free_swing,472,448,523,524,-58.728,33.864,0,-283.35,960.25,1,91.53,34.02,2500,1,0,0
4990,83.24983,free_swing,461,435,519,532,-62.983,30.877,0,-206.89,739.17,1,113.02,18.52,2500,1,0,0
4991,83.26652,free_swing,453,426,548,508,-65.886,49.201,0,-158.73,417.77,1,125.50,9.53,2500,1,0,0
4992,83.2832,free_swing,447,419,568,481,-68.062,62.870,0,-118.37,631.08,1,135.96,1.98,2500,1,0,0
4993,83.29988,free_swing,444,412,559,486,-69.933,57.240,0,-74.57,336.83,1,136.75,1.41,2500,1,0,0
4994,83.31657,free_swing,442,409,583,438,-70.791,78.378,0,-28.85,580.33,1,143.95,3.78,2500,1,0,0
4995,83.33325,free_swing,442,410,588,438,-70.560,79.144,0,19.51,886.89,1,148.66,7.18,2500,1,0,0
4996,83.34993,free_swing,444,411,616,385,-70.164,98.596,0,74.69,348.21,1,173.95,25.41,2500,1,0,0
4997,83.36662,free_swing,448,417,625,370,-68.429,104.871,0,126.66,59.98,1,183.13,32.03,2500,1,0,0
4998,83.3833,free_swing,454,427,615,422,-65.556,91.779,0,178.04,-47.28,1,161.08,16.13,2500,0,0,0
4999,83.39998,free_swing,462,436,626,409,-62.642,99.349,0,212.55,224.70,1,166.21,19.83,2500,1,0,0
5000,83.41667,free_swing,472,448,638,386,-58.728,110.480,0,237.60,528.54,1,177.20,27.75,2500,1,0,0
5001,83.43335,free_swing,485,459,646,401,-54.493,109.811,0,251.67,294.29,1,171.13,23.37,2500,1,0,0
5002,83.45003,free_swing,499,468,660,375,-50.332,120.012,0,264.09,138.28,1,185.93,34.04,2500,0,0,0
5003,83.46672,free_swing,514,476,668,396,-45.978,117.451,0,280.95,-106.84,1,173.54,25.11,2500,1,0,0
5004,83.4834,free_swing,532,484,685,410,-40.756,115.811,0,299.72,-159.38,1,169.96,22.53,2500,0,0,0
5005,83.50008,free_swing,550,488,707,433,-35.918,109.306,0,308.14,28.28,1,166.36,19.93,2500,0,0,0
5006,83.51677,free_swing,569,491,727,406,-30.591,118.279,0,319.52,-7.13,1,179.41,29.35,2500,0,0,0
5007,83.53345,free_swing,588,492,742,425,-25.115,113.512,0,354.15,147.53,1,167.94,21.08,2500,0,0,0
5008,83.55013,free_swing,609,490,759,438,-18.869,109.120,0,380.80,-613.20,1,158.76,14.45,2500,1,0,0
5009,83.56682,free_swing,631,484,772,434,-11.889,109.525,0,451.05,-1166.49,1,149.60,7.85,2500,1,0,0
5010,83.5835,free_swing,652,477,782,540,-4.338,64.144,0,552.19,-1453.94,1,144.46,4.15,2500,1,0,0
5011,83.60018,free_swing,677,462,760,529,6.147,51.089,0,614.97,-1500.35,1,106.67,23.10,2500,0,0,0
5012,83.61687,free_swing,697,445,739,511,16.746,32.471,0,589.63,-1159.71,1,78.23,43.60,2500,1,0,0
5013,83.63355,free_swing,710,431,715,506,25.396,3.814,0,498.76,-1165.29,1,75.17,45.81,2500,0,0,0
5014,83.65023,free_swing,719,419,703,513,32.768,-9.660,0,403.45,-905.51,1,95.35,31.26,2500,1,0,0
5015,83.66692,free_swing,725,408,683,535,39.207,-18.299,0,319.26,-678.07,1,133.76,3.56,2500,1,0,0
5016,83.6836,free_swing,728,401,670,482,43.290,-35.605,0,220.71,-560.20,1,99.62,28.18,2500,0,0,0
5017,83.70028,free_swing,730,396,645,492,46.312,-41.522,0,107.18,-431.73,0,128.22,7.56,2500,0,0,0
5018,83.71697,free_swing,731,395,629,499,47.186,-44.444,0,-4.61,-300.25,0,145.67,5.02,2500,0,0,0
5019,83.73365,free_swing,730,397,616,473,45.868,-56.310,0,-133.72,-789.89,1,137.01,1.22,2500,1,0,0
5020,83.75033,free_swing,727,401,593,460,42.847,-66.236,0,-258.02,-1035.69,1,146.41,5.56,2500,1,0,0
5021,83.76702,free_swing,723,410,598,403,37.569,-93.205,0,-355.65,-936.52,0,125.20,9.74,2500,0,0,0
5022,83.7837,free_swing,716,421,591,400,30.774,-99.537,0,-425.03,-629.25,1,126.75,8.62,2500,1,0,0
5023,83.80038,free_swing,707,432,574,387,23.749,-108.693,0,-449.30,-368.53,1,140.41,1.22,2500,1,0,0
5024,83.81707,free_swing,695,444,562,388,15.945,-112.834,0,-445.07,-132.43,1,144.31,4.04,2500,1,0,0
5025,83.83375,free_swing,682,456,553,385,8.711,-118.828,0,-441.69,-49.85,0,147.25,6.16,2500,0,0,0
5026,83.85043,free_swing,667,466,524,417,1.710,-108.914,0,-416.86,-215.87,0,151.16,8.98,2500,0,0,0
5027,83.86712,free_swing,649,476,519,391,-5.553,-123.179,0,-401.71,-25.16,1,155.32,11.98,2500,0,0,0
5028,83.8838,free_swing,632,483,505,398,-11.602,-123.794,0,-381.10,-196.89,1,152.82,10.17,2500,0,0,0
5029,83.90048,free_swing,612,488,473,431,-18.104,-112.297,0,-364.28,72.97,1,150.23,8.31,2500,1,0,0
5030,83.91717,free_swing,592,491,482,407,-24.063,-127.367,0,-363.51,477.58,1,138.41,0.22,2500,1,0,0
5031,83.93385,free_swing,571,491,450,450,-30.054,-108.719,0,-358.14,566.57,0,127.76,7.89,2500,0,0,0
5032,83.95053,free_swing,549,488,419,492,-36.158,-88.238,0,-368.00,476.14,0,130.06,6.23,2500,0,0,0
5033,83.96722,free_swing,527,481,442,471,-42.388,-96.710,0,-395.83,655.69,1,85.59,38.30,2500,0,0,0
5034,83.9839,free_swing,503,471,450,479,-49.018,-81.416,0,-418.36,1156.62,1,53.60,61.36,2500,1,0,0
5035,84.00058,free_swing,480,454,414,561,-56.310,-31.667,0,-388.71,3828.94,1,125.72,9.37,2500,1,0,1
5036,84.01727,free_swing,463,437,463,515,-62.301,0.000,0,-318.50,2790.34,1,78.00,43.77,2500,1,0,1
5037,84.03395,free_swing,452,424,559,384,-66.442,110.497,0,-235.23,1328.71,1,114.23,17.65,2500,1,0,0
5038,84.05063,free_swing,444,411,493,512,-70.164,25.880,0,-178.66,-221.09,1,112.26,19.07,2500,1,0,0
5039,84.06732,free_swing,439,402,548,438,-72.646,71.723,0,-138.36,-1028.70,1,114.79,17.24,2500,1,0,0
5040,84.084,free_swing,435,395,531,482,-74.554,47.816,0,-92.03,892.64,1,129.56,6.60,2500,1,0,0
5041,84.10068,free_swing,433,390,543,470,-75.847,53.973,0,-43.47,106.30,1,136.01,1.94,2500,1,0,0
5042,84.11737,free_swing,433,389,587,410,-76.081,82.235,0,11.75,534.71,1,155.43,12.05,2500,1,0,0
5043,84.13405,free_swing,434,392,572,457,-75.318,64.779,0,60.17,121.40,1,152.54,9.97,2500,1,0,0
5044,84.15073,free_swing,436,397,587,437,-74.021,75.163,0,112.46,96.37,1,156.21,12.62,2500,0,0,0
5045,84.16742,free_swing,440,405,604,430,-71.874,81.333,0,158.10,661.61,1,165.89,19.60,2500,1,0,0
5046,84.1841,free_swing,447,417,611,419,-68.519,89.301,0,199.86,493.80,1,164.01,18.24,2500,0,0,0
5047,84.20078,free_swing,455,428,624,396,-65.225,100.722,0,232.62,401.73,1,172.00,24.00,2500,0,0,0
5048,84.21747,free_swing,466,441,641,402,-61.044,102.563,0,255.06,180.72,1,179.29,29.26,2500,1,0,0
5049,84.23415,free_swing,479,454,647,409,-56.454,104.995,0,283.03,36.67,1,173.92,25.39,2500,0,0,0
5050,84.25083,free_swing,494,465,657,420,-51.798,105.433,0,295.43,113.53,1,169.10,21.91,2500,0,0,0
5051,84.26752,free_swing,512,475,680,423,-46.559,107.199,0,312.84,76.57,1,175.86,26.79,2500,0,0,0
5052,84.2842,free_swing,530,483,693,425,-41.373,109.587,0,323.38,26.90,1,173.01,24.73,2500,0,0,0
5053,84.30088,free_swing,551,488,709,442,-35.676,106.232,0,339.59,-259.81,1,164.56,18.64,2500,1,0,0
5054,84.31757,free_swing,571,491,718,458,-30.054,102.653,0,367.98,-481.15,1,150.66,8.62,2500,1,0,0
5055,84.33425,free_swing,594,492,742,495,-23.328,88.839,0,410.56,-659.69,0,148.03,6.72,2500,0,0,0
5056,84.35093,free_swing,618,488,755,510,-16.091,80.877,0,495.24,-593.75,0,138.76,0.03,2500,0,0,0
5057,84.36762,free_swing,644,480,751,528,-7.316,65.839,0,583.76,-951.29,1,117.27,15.45,2500,1,0,0
5058,84.3843,free_swing,671,468,730,509,3.366,55.204,0,628.10,-1437.97,1,71.85,48.20,2500,1,0,0
5059,84.40098,free_swing,692,451,713,532,13.696,14.534,0,575.18,-2123.19,1,83.68,39.67,2500,1,0,0
5060,84.41767,free_swing,706,436,691,525,22.463,-9.567,0,492.62,-1566.88,1,90.26,34.93,2500,1,0,0
5061,84.43435,free_swing,715,424,687,450,29.476,-47.121,0,404.22,-687.05,1,38.21,72.45,2500,1,0,0
5062,84.45103,free_swing,722,412,664,520,36.409,-28.237,0,344.61,-565.21,1,122.59,11.62,2500,0,0,0
5063,84.46772,free_swing,726,405,662,456,40.795,-51.450,0,282.28,-221.06,1,81.84,41.00,2500,1,0,0
5064,84.4844,free_swing,730,398,643,441,45.431,-63.699,0,185.44,-691.52,1,97.05,30.04,2500,1,0,0
5065,84.50108,free_swing,731,394,626,471,47.643,-53.746,0,80.26,-393.42,1,130.21,6.13,2500,1,0,0
5066,84.51777,free_swing,731,394,630,410,47.643,-80.998,0,-35.14,-569.62,1,102.26,26.28,2500,0,0,0
5067,84.53445,free_swing,730,396,613,413,46.312,-81.733,0,-127.96,-702.87,1,118.23,14.76,2500,0,0,0
5068,84.55113,free_swing,728,400,601,398,43.708,-90.902,0,-227.74,-211.66,1,127.02,8.43,2500,1,0,0
5069,84.56782,free_swing,724,408,595,387,38.752,-99.246,0,-340.97,-142.06,0,130.70,5.77,2500,0,0,0
5070,84.5845,free_swing,717,417,577,407,32.428,-94.086,0,-417.73,-113.35,0,140.36,1.19,2500,0,0,0
5071,84.60118,free_swing,708,429,562,405,24.887,-99.335,0,-438.73,-808.66,1,147.96,6.67,2500,1,0,0
5072,84.61787,free_swing,698,441,568,378,17.802,-115.856,0,-438.00,-652.80,0,144.46,4.15,2500,0,0,0
5073,84.63455,free_swing,686,454,579,342,10.676,-136.308,0,-424.69,75.91,1,154.90,11.67,2500,1,0,0
5074,84.65123,free_swing,671,464,524,420,3.468,-106.663,0,-417.33,423.79,1,153.44,10.62,2500,1,0,0
5075,84.66792,free_swing,655,474,509,420,-3.225,-110.298,0,-403.18,145.29,1,155.67,12.23,2500,1,0,0
5076,84.6846,free_swing,637,482,502,411,-9.834,-117.741,0,-383.33,-283.85,1,152.53,9.97,2500,1,0,0
5077,84.70128,free_swing,618,487,493,422,-16.189,-117.474,0,-367.79,-350.55,0,140.89,1.57,2500,0,0,0
5078,84.71797,free_swing,599,490,473,430,-22.051,-115.463,0,-351.27,238.84,1,139.56,0.61,2500,1,0,0
5079,84.73465,free_swing,578,492,480,416,-27.979,-127.794,0,-352.93,546.17,1,124.02,10.59,2500,1,0,0
5080,84.75133,free_swing,557,490,425,497,-33.857,-86.964,0,-367.97,930.25,1,132.19,4.70,2500,1,0,0
5081,84.76802,free_swing,533,485,436,486,-40.354,-89.409,0,-409.19,1328.78,1,97.01,30.07,2500,1,0,0
5082,84.7847,free_swing,509,475,428,519,-47.121,-61.489,0,-434.21,1352.84,1,92.18,33.54,2500,0,0,0
5083,84.80138,free_swing,484,458,451,516,-54.858,-29.638,0,-396.33,1965.14,1,66.73,51.89,2500,1,0,0
5084,84.81807,free_swing,467,442,462,530,-60.698,-3.252,0,-324.99,1621.28,1,88.14,36.46,2500,1,0,0
5085,84.83475,free_swing,455,429,491,502,-64.998,26.250,0,-242.59,1514.90,1,81.39,41.32,2500,0,0,0
5086,84.85143,free_swing,447,415,514,486,-68.980,43.340,0,-190.16,1254.76,1,97.62,29.62,2500,1,0,0
5087,84.86812,free_swing,441,406,542,448,-71.565,67.420,0,-142.93,404.96,1,109.38,21.14,2500,1,0,0
5088,84.8848,free_swing,437,399,548,445,-73.487,67.490,0,-92.96,-19.22,1,120.15,13.38,2500,1,0,0
5089,84.90148,free_swing,435,394,549,475,-74.787,54.605,0,-45.17,-31.57,0,139.85,0.82,2500,0,0,0
5090,84.91817,free_swing,434,393,567,443,-75.084,69.397,0,9.73,384.13,1,142.09,2.44,2500,1,0,0
5091,84.93485,free_swing,435,396,578,433,-74.320,75.493,0,63.35,497.77,0,147.71,6.49,2500,0,0,0
5092,84.95153,free_swing,438,401,587,430,-72.951,78.986,0,122.19,155.21,1,151.80,9.44,2500,1,0,0
5093,84.96822,free_swing,442,410,597,426,-70.560,84.106,0,165.21,400.97,1,155.82,12.34,2500,1,0,0
5094,84.9849,free_swing,450,422,611,429,-67.094,87.510,0,204.94,351.73,1,161.15,16.18,2500,0,0,0
5095,85.00158,free_swing,459,432,626,394,-63.886,102.819,0,238.06,507.65,1,171.27,23.47,2500,0,0,0
5096,85.01827,free_swing,470,446,631,422,-59.431,98.479,0,266.10,398.04,1,162.78,17.35,2500,0,0,0
5097,85.03495,free_swing,485,458,646,376,-54.707,116.991,0,287.46,257.53,1,180.68,30.26,2500,0,0,0
5098,85.05163,free_swing,500,469,661,407,-49.953,111.061,0,295.58,265.61,1,172.53,24.38,2500,0,0,0
5099,85.06832,free_swing,518,477,676,396,-45.000,117.142,0,311.53,-166.95,1,177.55,28.00,2500,1,0,0
5100,85.085,free_swing,536,486,694,412,-39.512,115.096,0,319.35,-275.95,1,174.47,25.78,2500,0,0,0
5101,85.10168,free_swing,556,490,711,454,-34.106,103.076,0,331.45,-416.56,1,159.13,14.72,2500,0,0,0
5102,85.11837,free_swing,576,491,734,467,-28.686,98.637,0,352.47,-441.70,1,159.81,15.21,2500,0,0,0
5103,85.13505,free_swing,598,491,753,478,-22.235,94.794,0,387.23,-532.72,1,155.54,12.14,2500,0,0,0
5104,85.15173,free_swing,620,488,772,517,-15.410,79.198,0,442.26,-469.75,1,154.74,11.56,2500,0,0,0
5105,85.16842,free_swing,643,481,772,527,-7.645,70.374,0,538.79,-757.43,1,136.96,1.26,2500,1,0,0
5106,85.1851,free_swing,668,469,767,513,2.090,66.038,0,636.32,-1138.16,1,108.34,21.90,2500,1,0,0
5107,85.20178,free_swing,692,452,740,538,13.586,29.168,0,632.53,-1495.79,1,98.49,29.00,2500,1,0,0
5108,85.21847,free_swing,708,435,721,519,23.600,8.797,0,543.84,-1519.30,1,85.00,38.72,2500,0,0,0
5109,85.23515,free_swing,717,422,705,485,30.964,-10.784,0,431.24,-1213.83,1,64.13,53.76,2500,1,0,0
5110,85.25183,free_swing,724,410,681,476,38.027,-33.085,0,380.51,-831.20,1,78.77,43.21,2500,1,0,0
5111,85.26852,free_swing,728,400,671,454,43.708,-46.548,0,345.79,-631.76,1,78.52,43.39,2500,0,0,0
5112,85.2852,free_swing,732,391,661,467,49.467,-43.052,0,295.08,-234.39,1,104.00,25.02,2500,1,0,0
5113,85.30188,free_swing,734,385,645,428,53.259,-64.213,0,179.04,-760.68,1,98.84,28.74,2500,1,0,0
5114,85.31857,free_swing,736,382,624,448,55.592,-59.490,0,-2.08,-559.54,1,130.00,6.28,2500,1,0,0
5115,85.33525,free_swing,734,385,619,379,53.259,-92.987,0,-179.43,-482.82,1,115.16,16.98,2500,0,0,0
5116,85.35193,free_swing,731,391,585,437,49.054,-72.512,0,-334.04,-735.26,1,153.08,10.36,2500,1,0,0
5117,85.36862,free_swing,727,401,591,364,42.847,-105.219,0,-431.50,-452.52,1,140.94,1.61,2500,1,0,0
5118,85.3853,free_swing,720,414,580,363,34.804,-110.016,0,-490.81,-750.55,1,149.00,7.42,2500,1,0,0
5119,85.40198,free_swing,710,427,566,375,26.323,-109.855,0,-504.92,-45.30,1,153.10,10.38,2500,1,0,0
5120,85.41867,free_swing,699,440,571,356,18.435,-123.275,0,-481.62,-291.44,1,153.10,10.38,2500,1,0,0
5121,85.43535,free_swing,685,454,542,383,10.222,-116.405,0,-461.14,-355.95,1,159.66,15.10,2500,0,0,0
5122,85.45203,free_swing,670,465,544,348,3.013,-132.879,0,-446.83,-581.86,1,171.94,23.96,2500,1,0,0
5123,85.46872,free_swing,652,475,535,352,-4.399,-136.432,0,-418.57,-255.79,1,169.76,22.39,2500,1,0,0
5124,85.4854,free_swing,633,482,539,330,-11.310,-148.266,0,-396.02,-21.42,1,178.72,28.84,2500,1,0,0
5125,85.50208,free_swing,614,488,488,391,-17.438,-127.591,0,-371.98,-97.31,1,159.01,14.64,2500,0,0,0
5126,85.51877,free_swing,594,490,507,345,-23.591,-149.036,0,-352.54,187.57,1,169.10,21.91,2500,1,0,0
5127,85.53545,free_swing,573,491,472,378,-29.511,-138.209,0,-339.61,353.30,0,151.56,9.26,2500,0,0,0
5128,85.55213,free_swing,554,489,423,408,-34.771,-121.729,0,-323.85,1170.29,1,154.02,11.04,2500,1,0,0
5129,85.56882,free_swing,534,484,410,414,-40.321,-119.445,0,-316.06,-784.32,1,142.39,2.66,2500,1,0,0
5130,85.5855,free_swing,515,477,403,415,-45.587,-118.968,0,-328.58,-2233.39,1,128.02,7.71,2500,1,0,0
5131,85.60218,free_swing,496,467,708,102,-51.049,149.851,0,-350.96,-1521.94,1,422.10,204.31,2500,1,0,0
5132,85.61887,free_swing,476,452,649,164,-57.311,149.007,0,-382.72,-3169.63,1,335.97,142.21,2500,1,0,1
5133,85.63555,free_swing,459,433,578,303,-63.660,137.529,0,-373.24,-3642.81,1,176.24,27.06,2500,1,0,1
5134,85.65223,free_swing,444,413,397,504,-69.702,-27.316,0,-304.22,-3631.67,1,102.42,26.16,2500,0,0,1
5135,85.66892,free_swing,438,397,432,493,-73.887,-3.576,0,-214.63,-629.02,1,96.19,30.65,2500,1,0,0
5136,85.6856,free_swing,434,387,444,503,-76.495,4.927,0,-130.87,1998.03,1,116.43,16.06,2500,1,0,0
5137,85.70228,free_swing,431,380,488,468,-78.311,32.932,0,-63.64,749.98,1,104.85,24.41,2500,1,0,0
5138,85.71897,free_swing,430,378,501,477,-78.832,35.647,0,1.48,607.72,1,121.83,12.17,2500,0,0,0
5139,85.73565,free_swing,430,381,522,477,-78.124,43.781,0,67.58,378.66,1,132.97,4.14,2500,1,0,0
5140,85.75233,free_swing,432,387,546,468,-76.608,54.605,0,128.85,471.03,0,139.85,0.82,2500,0,0,0
5141,85.76902,free_swing,436,397,560,468,-74.021,60.205,0,179.46,440.26,0,142.89,3.01,2500,0,0,0
5142,85.7857,free_swing,443,410,582,473,-70.478,65.618,0,223.40,391.65,1,152.61,10.02,2500,0,0,0
5143,85.80238,free_swing,452,423,601,456,-66.670,77.512,0,255.76,757.20,1,152.61,10.02,2500,1,0,0
5144,85.81907,free_swing,463,438,616,456,-62.076,83.290,0,281.74,510.56,1,154.06,11.06,2500,1,0,0
5145,85.83575,free_swing,477,452,652,415,-57.171,101.938,0,302.79,-134.47,1,178.87,28.95,2500,1,0,0
5146,85.85243,free_swing,494,464,646,481,-52.008,83.618,0,322.76,82.91,1,152.95,10.27,2500,1,0,0
5147,85.86912,free_swing,512,475,666,497,-46.559,81.870,0,336.16,-72.75,1,155.56,12.15,2500,0,0,0
5148,85.8858,free_swing,533,484,685,442,-40.539,105.446,0,351.75,-34.23,1,157.70,13.69,2500,0,0,0
5149,85.90248,free_swing,554,489,701,525,-34.771,76.239,0,383.06,-385.64,1,151.34,9.11,2500,1,0,0
5150,85.91917,free_swing,579,491,712,523,-27.848,76.472,0,448.48,-766.82,1,136.80,1.38,2500,1,0,0
5151,85.93585,free_swing,606,491,719,528,-19.722,71.870,0,542.50,-269.77,1,118.90,14.28,2500,1,0,0
5152,85.95253,free_swing,636,485,722,556,-10.008,50.458,0,601.48,-927.22,1,111.52,19.60,2500,1,0,0
5153,85.96922,free_swing,664,472,713,514,0.409,49.399,0,600.50,-1478.00,1,64.54,53.47,2500,1,0,0
5154,85.9859,free_swing,685,457,694,534,9.982,6.667,0,554.82,-1647.66,1,77.52,44.11,2500,0,0,0
5155,86.00258,free_swing,700,442,675,517,18.591,-18.435,0,495.61,-1461.52,1,79.06,43.00,2500,0,0,0
5156,86.01927,free_swing,712,429,664,507,26.801,-31.608,0,469.97,-705.67,1,91.59,33.97,2500,1,0,0
5157,86.03595,free_swing,721,417,665,479,34.308,-42.089,0,498.46,-424.81,1,83.55,39.77,2500,1,0,0
5158,86.05263,free_swing,728,402,651,467,42.879,-49.830,0,517.89,-331.01,1,100.77,27.35,2500,0,0,0
5159,86.06932,free_swing,734,387,638,467,52.237,-50.194,0,516.65,-144.49,0,124.96,9.91,2500,0,0,0
5160,86.086,free_swing,738,376,652,432,59.601,-56.929,0,459.73,-19.77,1,102.63,26.01,2500,0,0,0
5161,86.10268,free_swing,740,365,638,440,66.801,-53.673,0,316.81,-295.74,1,126.61,8.73,2500,1,0,0
5162,86.11937,free_swing,742,359,630,429,71.131,-57.995,0,147.89,-226.16,0,132.08,4.78,2500,0,0,0
5163,86.13605,free_swing,741,359,631,394,70.907,-72.350,0,-35.90,-323.65,1,115.43,16.78,2500,0,0,0
5164,86.15273,free_swing,741,361,610,426,69.605,-63.610,0,-202.31,-223.11,0,146.24,5.43,2500,0,0,0
5165,86.16942,free_swing,739,367,605,399,65.273,-76.569,0,-342.52,-291.13,0,137.77,0.68,2500,0,0,0
5166,86.1861,free_swing,736,378,594,404,57.783,-79.624,0,-455.11,-431.67,0,144.36,4.07,2500,0,0,0
5167,86.20278,free_swing,732,390,586,395,49.950,-88.039,0,-509.38,-478.12,0,146.09,5.32,2500,0,0,0
5168,86.21947,free_swing,726,403,581,397,41.583,-92.370,0,-531.01,-485.60,0,145.12,4.63,2500,0,0,0
5169,86.23615,free_swing,717,418,576,373,32.125,-107.700,0,-548.68,-88.61,1,148.01,6.70,2500,1,0,0
5170,86.25283,free_swing,706,432,568,406,23.268,-100.670,0,-529.07,-257.39,0,140.43,1.24,2500,0,0,0
5171,86.26952,free_swing,693,447,547,422,14.621,-99.717,0,-499.69,-141.14,0,148.12,6.79,2500,0,0,0
5172,86.2862,free_swing,678,459,554,387,6.736,-120.141,0,-471.78,-137.21,0,143.39,3.37,2500,0,0,0
5173,86.30288,free_swing,660,471,528,442,-1.236,-102.391,0,-441.68,330.52,1,135.15,2.57,2500,1,0,0
5174,86.31957,free_swing,642,479,508,454,-8.130,-100.568,0,-420.11,714.71,1,136.31,1.73,2500,1,0,0
5175,86.33625,free_swing,621,487,492,491,-15.161,-88.224,0,-418.75,507.12,1,129.06,6.95,2500,1,0,0
5176,86.35293,free_swing,598,491,479,518,-22.235,-77.217,0,-447.74,525.09,1,122.02,12.03,2500,0,0,0
5177,86.36962,free_swing,571,491,481,527,-30.054,-68.199,0,-482.67,949.96,1,96.93,30.12,2500,1,0,0
5178,86.3863,free_swing,541,487,511,511,-38.206,-51.340,0,-498.43,2201.12,1,38.42,72.30,2500,1,0,0
5179,86.40298,free_swing,511,476,511,535,-46.548,0.000,0,-457.98,3053.34,1,59.00,57.46,2500,1,0,1
5180,86.41967,free_swing,488,461,532,492,-53.604,54.834,0,-380.47,1918.54,1,53.82,61.20,2500,1,0,0
5181,86.43635,free_swing,472,447,558,473,-58.948,73.179,0,-289.58,315.99,1,89.84,35.23,2500,1,0,0
5182,86.45303,free_swing,460,434,549,509,-63.322,49.879,0,-227.02,-91.00,1,116.39,16.09,2500,1,0,0
5183,86.46972,free_swing,451,424,561,472,-66.541,66.425,0,-179.80,153.81,1,120.02,13.48,2500,1,0,0
5184,86.4864,free_swing,445,414,576,443,-69.386,77.518,0,-140.32,568.21,1,134.17,3.27,2500,1,0,0
5185,86.50308,free_swing,442,407,570,457,-71.255,68.663,0,-102.69,51.50,1,137.42,0.93,2500,1,0,0
5186,86.51977,free_swing,438,402,585,416,-72.719,84.560,0,-55.07,140.29,0,147.67,6.46,2500,0,0,0
5187,86.53645,free_swing,438,400,596,439,-73.184,76.135,0,-2.86,305.79,1,162.74,17.33,2500,0,0,0
5188,86.55313,free_swing,438,402,595,407,-72.719,88.176,0,60.36,308.05,1,157.08,13.24,2500,0,0,0
5189,86.56982,free_swing,442,407,603,402,-71.255,91.779,0,115.95,353.77,1,161.08,16.13,2500,0,0,0
5190,86.5865,free_swing,446,416,616,389,-68.839,99.025,0,162.62,85.43,1,172.13,24.10,2500,1,0,0
5191,86.60318,free_swing,453,426,621,411,-65.886,95.102,0,191.77,291.02,1,168.67,21.60,2500,1,0,0
5192,86.61987,free_swing,462,437,635,396,-62.418,103.333,0,219.34,424.96,1,177.79,28.18,2500,0,0,0
5193,86.63655,free_swing,472,448,650,366,-58.728,114.734,0,242.51,237.07,1,195.98,41.29,2500,0,0,0
5194,86.65323,free_swing,485,460,657,384,-54.280,113.839,0,261.79,60.15,1,188.04,35.57,2500,0,0,0
5195,86.66992,free_swing,500,469,659,419,-49.953,107.457,0,277.51,40.54,1,166.68,20.16,2500,0,0,0
5196,86.6866,free_swing,516,478,678,388,-45.196,119.055,0,281.83,-109.32,1,185.32,33.61,2500,0,0,0
5197,86.70328,free_swing,534,484,690,420,-40.321,112.306,0,298.05,-75.57,1,168.62,21.56,2500,0,0,0
5198,86.71997,free_swing,552,488,708,455,-35.433,101.944,0,311.52,-222.50,1,159.45,14.96,2500,0,0,0
5199,86.73665,free_swing,572,491,729,427,-29.784,112.178,0,334.33,-316.75,1,169.54,22.23,2500,0,0,0
5200,86.75333,free_swing,592,491,743,471,-24.063,97.545,0,378.51,-407.05,0,152.32,9.81,2500,0,0,0
5201,86.77002,free_swing,614,489,750,503,-17.333,84.123,0,442.33,-667.83,1,136.72,1.43,2500,1,0,0
5202,86.7867,free_swing,639,482,755,498,-9.090,82.147,0,549.28,-1074.35,1,117.10,15.58,2500,1,0,0
5203,86.80338,free_swing,664,471,745,526,0.412,55.823,0,616.71,-1631.27,1,97.91,29.41,2500,1,0,0
5204,86.82007,free_swing,688,455,717,548,11.489,17.319,0,584.41,-1792.99,1,97.42,29.77,2500,0,0,0
5205,86.83675,free_swing,703,440,701,517,20.323,-1.488,0,497.82,-1408.48,1,77.03,44.47,2500,1,0,0
5206,86.85343,free_swing,712,428,679,508,27.041,-22.416,0,390.71,-1159.29,1,86.54,37.61,2500,1,0,0
5207,86.87012,free_swing,720,418,669,473,33.536,-42.839,0,308.04,-781.19,1,75.01,45.92,2500,1,0,0
5208,86.8868,free_swing,724,411,658,459,37.674,-53.973,0,223.75,-312.98,1,81.61,41.17,2500,1,0,0
5209,86.90348,free_swing,725,405,629,489,40.342,-48.814,0,103.75,-306.83,0,127.56,8.04,2500,0,0,0
5210,86.92017,free_swing,727,404,627,460,41.634,-60.751,0,-7.70,-461.00,1,114.61,17.37,2500,0,0,0
5211,86.93685,free_swing,725,406,612,438,39.958,-74.189,0,-123.72,-623.97,1,117.44,15.33,2500,0,0,0
5212,86.95353,free_swing,723,411,596,440,37.216,-77.137,0,-240.55,-759.92,0,130.27,6.08,2500,0,0,0
5213,86.97022,free_swing,718,418,588,413,32.600,-92.203,0,-325.44,-588.91,0,130.10,6.21,2500,0,0,0
5214,86.9869,free_swing,710,428,587,383,26.086,-110.095,0,-395.26,-446.48,0,130.97,5.58,2500,0,0,0
5215,87.00358,free_swing,701,439,562,411,19.552,-101.389,0,-422.09,-625.56,0,141.79,2.22,2500,0,0,0
5216,87.02027,free_swing,689,451,559,382,12.325,-117.958,0,-426.01,-449.48,0,147.18,6.11,2500,0,0,0
5217,87.03695,free_swing,675,462,573,351,5.274,-137.420,0,-422.12,-212.60,1,150.75,8.68,2500,1,0,0
5218,87.05363,free_swing,659,472,524,406,-1.637,-116.053,0,-399.35,262.87,1,150.27,8.34,2500,1,0,0
5219,87.07032,free_swing,642,480,511,406,-8.076,-119.461,0,-378.35,338.72,0,150.46,8.47,2500,0,0,0
5220,87.087,free_swing,624,486,502,417,-14.211,-119.491,0,-359.41,135.52,1,140.16,1.05,2500,1,0,0
5221,87.10368,free_swing,605,490,468,443,-20.158,-108.935,0,-353.59,293.41,0,144.84,4.42,2500,0,0,0
5222,87.12037,free_swing,585,492,458,458,-25.989,-104.988,0,-352.57,440.59,0,131.47,5.22,2500,0,0,0
5223,87.13705,free_swing,564,490,445,465,-32.071,-101.864,0,-368.14,616.25,1,121.60,12.34,2500,0,0,0
5224,87.15373,free_swing,541,487,430,506,-38.206,-80.287,0,-398.01,942.16,1,112.61,18.81,2500,1,0,0
5225,87.17042,free_swing,516,478,430,517,-45.196,-65.606,0,-425.61,1624.53,1,94.43,31.92,2500,1,0,0
5226,87.1871,free_swing,492,464,438,528,-52.334,-40.156,0,-411.55,1707.64,1,83.74,39.63,2500,0,0,0
5227,87.20378,free_swing,472,447,476,503,-58.948,4.086,0,-345.25,1812.56,1,56.14,59.52,2500,0,0,0
5228,87.22047,free_swing,458,433,478,519,-63.771,13.092,0,-261.82,1161.86,1,88.29,36.34,2500,1,0,0
5229,87.23715,free_swing,450,420,502,482,-67.552,39.987,0,-202.03,293.69,1,80.92,41.66,2500,1,0,0
5230,87.25383,free_swing,443,410,509,503,-70.478,35.362,0,-160.16,417.13,1,114.04,17.78,2500,0,0,0
5231,87.27052,free_swing,439,400,519,506,-73.113,37.042,0,-124.03,563.21,0,132.80,4.26,2500,0,0,0
5232,87.2872,free_swing,435,395,544,451,-74.554,62.808,0,-86.39,649.81,1,122.54,11.65,2500,0,0,0
5233,87.30388,free_swing,433,390,552,438,-75.847,68.033,0,-38.02,467.26,0,128.32,7.49,2500,0,0,0
5234,87.32057,free_swing,433,389,560,453,-76.081,63.255,0,8.76,278.59,0,142.21,2.53,2500,0,0,0
5235,87.33725,free_swing,434,392,578,411,-75.318,82.484,0,66.02,506.02,1,145.25,4.71,2500,1,0,0
5236,87.35393,free_swing,437,397,595,409,-73.954,85.657,0,114.98,518.12,1,158.46,14.24,2500,0,0,0
5237,87.37062,free_swing,441,406,594,402,-71.565,91.498,0,162.48,160.75,1,153.05,10.34,2500,1,0,0
5238,87.3873,free_swing,447,417,610,398,-68.519,96.649,0,200.26,74.24,1,164.10,18.31,2500,0,0,0
5239,87.40398,free_swing,456,429,621,416,-64.892,94.505,0,225.44,290.28,1,165.51,19.32,2500,1,0,0
5240,87.42067,free_swing,466,441,627,418,-61.044,98.130,0,247.45,280.32,1,162.63,17.25,2500,0,0,0
5241,87.43735,free_swing,479,453,648,377,-56.671,114.214,0,273.58,248.42,1,185.30,33.59,2500,0,0,0
5242,87.45403,free_swing,493,465,654,427,-51.962,103.280,0,297.95,79.31,1,165.42,19.26,2500,0,0,0
5243,87.47072,free_swing,511,475,675,415,-46.747,110.095,0,306.94,-79.82,1,174.63,25.90,2500,0,0,0
5244,87.4874,free_swing,529,483,689,424,-41.586,110.241,0,312.79,102.52,1,170.53,22.94,2500,0,0,0
5245,87.50408,free_swing,548,488,708,444,-36.397,105.376,0,326.79,-335.74,1,165.94,19.63,2500,1,0,0
5246,87.52077,free_swing,569,491,724,450,-30.591,104.816,0,364.38,-426.33,1,160.33,15.59,2500,0,0,0
5247,87.53745,free_swing,592,491,738,499,-24.063,86.864,0,431.00,-814.93,1,146.22,5.41,2500,1,0,0
5248,87.55413,free_swing,617,489,744,506,-16.330,82.376,0,515.83,-531.39,1,128.13,7.62,2500,1,0,0
5249,87.57082,free_swing,645,480,739,539,-6.934,57.885,0,603.20,-1030.27,1,110.98,19.99,2500,1,0,0
5250,87.5875,free_swing,671,467,724,495,3.391,62.152,0,609.48,-1691.78,1,59.94,56.79,2500,1,0,0
5251,87.60418,free_swing,692,451,693,551,13.696,0.573,0,535.28,-1800.22,1,100.00,27.90,2500,0,0,0
5252,87.62087,free_swing,704,438,679,535,21.146,-14.452,0,451.90,-1896.09,1,100.17,27.78,2500,0,0,0
5253,87.63755,free_swing,713,426,679,473,28.009,-35.882,0,389.71,-880.29,1,58.01,58.18,2500,1,0,0
5254,87.65423,free_swing,721,416,661,449,34.624,-61.189,0,346.49,-484.25,1,68.48,50.63,2500,1,0,0
5255,87.67092,free_swing,725,407,638,476,39.579,-51.582,0,267.98,-17.40,1,111.04,19.95,2500,1,0,0
5256,87.6876,free_swing,728,401,633,476,43.290,-51.710,0,175.67,0.16,1,121.04,12.74,2500,0,0,0
5257,87.70428,free_swing,729,397,621,455,45.437,-61.763,0,71.72,-456.42,1,122.59,11.62,2500,1,0,0
5258,87.72097,free_swing,730,397,608,454,45.868,-64.957,0,-26.18,-405.36,0,134.66,2.92,2500,0,0,0
5259,87.73765,free_swing,728,399,597,436,44.132,-74.228,0,-137.08,-207.76,0,136.12,1.86,2500,0,0,0
5260,87.75433,free_swing,726,403,591,432,41.583,-77.876,0,-255.90,-877.38,1,138.08,0.45,2500,1,0,0
5261,87.77102,free_swing,721,412,583,420,35.942,-86.682,0,-358.66,-841.04,0,138.23,0.34,2500,0,0,0
5262,87.7877,free_swing,714,423,589,345,29.268,-121.964,0,-421.43,-328.37,1,147.34,6.22,2500,1,0,0
5263,87.80438,free_swing,705,435,555,407,22.184,-100.574,0,-430.66,24.70,1,152.59,10.01,2500,1,0,0
5264,87.82107,free_swing,694,447,541,418,15.086,-100.733,0,-440.91,-87.76,1,155.72,12.27,2500,0,0,0
5265,87.83775,free_swing,680,458,543,386,7.684,-117.724,0,-432.84,-493.92,1,154.77,11.58,2500,1,0,0
5266,87.85443,free_swing,664,469,535,391,0.418,-121.159,0,-410.64,-99.90,1,150.75,8.68,2500,1,0,0
5267,87.87112,free_swing,648,477,502,416,-5.906,-112.676,0,-384.65,30.60,1,158.23,14.07,2500,0,0,0
5268,87.8878,free_swing,630,484,500,414,-12.249,-118.301,0,-369.76,-23.99,0,147.65,6.45,2500,0,0,0
5269,87.90448,free_swing,611,488,483,409,-18.435,-121.682,0,-363.33,118.16,0,150.42,8.44,2500,0,0,0
5270,87.92117,free_swing,591,491,464,442,-24.362,-111.098,0,-346.01,216.51,0,136.12,1.86,2500,0,0,0
5271,87.93785,free_swing,570,492,443,455,-30.167,-106.243,0,-352.96,527.24,1,132.28,4.63,2500,1,0,0
5272,87.95453,free_swing,549,489,453,463,-35.984,-105.154,0,-387.88,720.15,1,99.46,28.30,2500,0,0,0
5273,87.97122,free_swing,524,481,434,508,-43.011,-73.301,0,-426.97,1626.58,1,93.96,32.26,2500,1,0,0
5274,87.9879,free_swing,498,469,452,500,-50.297,-56.023,0,-430.58,2171.52,1,55.47,60.01,2500,1,0,0
5275,88.00458,free_swing,477,452,471,525,-57.171,-4.699,0,-372.95,1929.68,1,73.25,47.19,2500,1,0,0
5276,88.02127,free_swing,461,436,485,515,-62.758,16.899,0,-291.54,1330.12,1,82.57,40.48,2500,1,0,0
5277,88.03795,free_swing,451,423,495,495,-66.769,31.430,0,-216.56,637.84,1,84.38,39.17,2500,1,0,0
5278,88.05463,free_swing,444,412,515,505,-69.933,37.360,0,-167.71,452.08,1,117.00,15.65,2500,0,0,0
5279,88.07132,free_swing,439,403,537,479,-72.413,52.206,0,-126.67,413.34,1,124.02,10.59,2500,0,0,0
5280,88.088,free_swing,436,396,542,487,-74.255,49.354,0,-78.92,375.41,0,139.70,0.72,2500,0,0,0
5281,88.10468,free_swing,435,393,562,459,-75.022,62.540,0,-26.60,261.10,0,143.13,3.18,2500,0,0,0
5282,88.12137,free_swing,434,393,569,458,-75.084,64.290,0,26.10,364.35,0,149.83,8.02,2500,0,0,0
5283,88.13805,free_swing,436,396,579,451,-74.255,68.962,0,68.59,308.44,1,153.21,10.46,2500,0,0,0
5284,88.15473,free_swing,439,402,602,437,-72.646,77.881,0,118.83,585.01,1,166.72,20.19,2500,1,0,0
5285,88.17142,free_swing,443,410,602,420,-70.478,86.401,0,167.15,598.78,1,159.31,14.86,2500,0,0,0
5286,88.1881,free_swing,450,422,622,395,-67.094,98.921,0,206.30,462.46,1,174.11,25.52,2500,0,0,0
5287,88.20478,free_swing,459,434,630,397,-63.435,102.209,0,235.94,304.03,1,174.96,26.13,2500,0,0,0
5288,88.22147,free_swing,470,446,641,395,-59.431,106.607,0,258.22,201.42,1,178.44,28.65,2500,0,0,0
5289,88.23815,free_swing,484,458,651,398,-54.858,109.762,0,281.23,69.68,1,177.45,27.93,2500,0,0,0
5290,88.25483,free_swing,500,469,665,405,-49.953,111.200,0,297.10,-84.36,1,176.98,27.59,2500,0,0,0
5291,88.27152,free_swing,517,478,675,435,-45.000,105.224,0,309.95,-44.56,1,163.75,18.05,2500,0,0,0
5292,88.2882,free_swing,536,485,694,437,-39.695,106.899,0,322.03,-170.83,1,165.13,19.05,2500,0,0,0
5293,88.30488,free_swing,556,490,717,440,-34.106,107.253,0,340.75,-49.82,1,168.59,21.54,2500,0,0,0
5294,88.32157,free_swing,577,491,735,474,-28.408,96.141,0,354.45,-243.67,1,158.91,14.57,2500,0,0,0
5295,88.33825,free_swing,599,490,751,458,-22.051,101.889,0,388.31,-653.14,1,155.33,11.98,2500,1,0,0
5296,88.35493,free_swing,620,488,766,508,-15.410,82.200,0,458.22,-730.50,0,147.36,6.24,2500,0,0,0
5297,88.37162,free_swing,645,479,779,549,-6.981,62.418,0,549.04,-1038.09,1,151.18,8.99,2500,1,0,0
5298,88.3883,free_swing,670,466,761,522,2.990,58.392,0,635.59,-1126.63,1,106.85,22.97,2500,0,0,0
5299,88.40498,free_swing,692,451,750,561,13.696,27.801,0,618.59,-1114.61,1,124.35,10.35,2500,0,0,0
5300,88.42167,free_swing,709,435,722,557,24.066,6.082,0,540.99,-1712.12,1,122.69,11.55,2500,1,0,0
5301,88.43835,free_swing,717,421,709,498,31.247,-5.932,0,440.40,-1179.18,1,77.41,44.19,2500,1,0,0
5302,88.45503,free_swing,724,409,692,435,38.387,-50.906,0,357.62,-779.76,1,41.23,70.27,2500,1,0,0
5303,88.47172,free_swing,729,401,664,504,43.727,-32.255,0,308.91,-508.80,1,121.79,12.19,2500,1,0,0
5304,88.4884,free_swing,732,394,642,471,48.059,-49.451,0,222.46,-272.77,1,118.44,14.61,2500,1,0,0
5305,88.50508,free_swing,733,388,640,438,51.340,-61.736,0,109.91,-553.82,1,105.59,23.88,2500,1,0,0
5306,88.52177,free_swing,734,388,623,445,51.736,-62.819,0,-55.53,-416.90,1,124.78,10.04,2500,0,0,0
5307,88.53845,free_swing,732,391,602,444,49.467,-67.820,0,-210.65,-518.32,0,140.39,1.21,2500,0,0,0
5308,88.55513,free_swing,728,398,601,401,44.563,-88.647,0,-329.43,-641.11,0,127.04,8.42,2500,0,0,0
5309,88.57182,free_swing,724,408,580,413,38.752,-88.011,0,-414.26,-433.61,1,144.09,3.88,2500,1,0,0
5310,88.5885,free_swing,716,420,576,399,31.059,-98.531,0,-471.14,-243.74,0,141.57,2.06,2500,0,0,0
5311,88.60518,free_swing,706,433,560,404,23.062,-101.234,0,-487.57,-372.34,0,148.85,7.31,2500,0,0,0
5312,88.62187,free_swing,693,445,559,402,14.868,-107.791,0,-464.82,-352.82,0,140.73,1.46,2500,0,0,0
5313,88.63855,free_swing,680,458,539,394,7.684,-114.413,0,-436.93,-466.21,1,154.85,11.63,2500,0,0,0
5314,88.65523,free_swing,664,469,536,388,0.418,-122.326,0,-416.55,-438.99,0,151.48,9.20,2500,0,0,0
5315,88.67192,free_swing,647,477,522,380,-6.297,-127.811,0,-400.46,-86.22,1,158.22,14.07,2500,1,0,0
5316,88.6886,free_swing,628,484,502,383,-12.967,-128.715,0,-379.45,322.19,1,161.48,16.42,2500,1,0,0
5317,88.70528,free_swing,609,489,466,418,-18.981,-116.405,0,-368.97,201.51,1,159.66,15.10,2500,0,0,0
5318,88.72197,free_swing,588,492,448,429,-25.115,-114.228,0,-351.75,153.52,1,153.52,10.68,2500,0,0,0
5319,88.73865,free_swing,568,490,446,416,-31.017,-121.239,0,-339.67,417.89,1,142.69,2.87,2500,1,0,0
5320,88.75533,free_swing,548,488,414,458,-36.397,-102.619,0,-337.51,397.05,0,137.32,1.00,2500,0,0,0
5321,88.77202,free_swing,528,481,389,480,-42.178,-90.412,0,-355.37,519.99,0,139.00,0.21,2500,0,0,0
5322,88.7887,free_swing,505,472,408,457,-48.457,-98.791,0,-396.33,711.60,1,98.15,29.24,2500,0,0,0
5323,88.80538,free_swing,483,458,399,499,-55.008,-63.983,0,-407.08,2416.37,1,93.47,32.61,2500,1,0,0
5324,88.82207,free_swing,463,438,419,517,-62.076,-29.116,0,-363.34,2304.01,1,90.43,34.81,2500,0,0,0
5325,88.83875,free_swing,450,421,475,455,-67.323,36.327,0,-285.70,1492.40,1,42.20,69.58,2500,1,0,0
5326,88.85543,free_swing,441,408,452,525,-71.102,5.371,0,-202.18,1025.27,1,117.52,15.28,2500,1,0,0
5327,88.87212,free_swing,437,396,510,455,-74.189,51.054,0,-145.02,272.00,1,93.86,32.33,2500,1,0,0
5328,88.8888,free_swing,433,389,525,448,-76.081,57.328,0,-93.40,827.27,1,109.29,21.21,2500,1,0,0
5329,88.90548,free_swing,431,385,519,482,-77.132,42.215,0,-35.15,10.96,1,130.97,5.58,2500,1,0,0
5330,88.92217,free_swing,431,384,562,422,-77.367,73.824,0,29.46,519.81,1,136.40,1.66,2500,1,0,0
5331,88.93885,free_swing,433,388,559,451,-76.316,63.435,0,83.00,707.39,0,140.87,1.56,2500,0,0,0
5332,88.95553,free_swing,436,396,591,411,-74.255,84.472,0,134.13,478.91,1,155.72,12.27,2500,1,0,0
5333,88.97222,free_swing,440,404,605,403,-72.106,90.347,0,178.80,512.46,1,165.00,18.96,2500,0,0,0
5334,88.9889,free_swing,448,417,615,397,-68.429,96.829,0,222.58,-53.26,1,168.19,21.26,2500,1,0,0
5335,89.00558,free_swing,456,431,622,426,-64.440,91.725,0,258.22,96.23,1,166.08,19.73,2500,0,0,0
5336,89.02227,free_swing,469,444,629,431,-60.001,94.645,0,278.79,429.03,1,160.53,15.73,2500,1,0,0
5337,89.03895,free_swing,483,457,647,403,-55.222,108.225,0,300.10,396.19,1,172.66,24.48,2500,0,0,0
5338,89.05563,free_swing,500,469,669,391,-49.953,114.775,0,310.05,284.26,1,186.13,34.19,2500,0,0,0
5339,89.07232,free_swing,518,478,673,432,-44.803,106.530,0,320.23,43.72,1,161.68,16.56,2500,1,0,0
5340,89.089,free_swing,537,485,701,393,-39.472,119.291,0,328.35,-215.32,1,188.04,35.57,2500,1,0,0
5341,89.10568,free_swing,557,491,717,439,-33.690,108.004,0,340.50,-233.08,1,168.24,21.29,2500,0,0,0
5342,89.12237,free_swing,578,492,737,471,-27.979,97.524,0,355.75,-438.44,1,160.38,15.62,2500,1,0,0
5343,89.13905,free_swing,600,490,748,462,-21.739,100.713,0,403.23,-477.47,0,150.63,8.59,2500,0,0,0
5344,89.15573,free_swing,623,487,761,501,-14.470,84.207,0,508.50,-973.61,1,138.71,0.00,2500,1,0,0
5345,89.17242,free_swing,650,477,766,533,-5.123,64.231,0,614.25,-1209.24,1,128.81,7.14,2500,1,0,0
5346,89.1891,free_swing,677,463,752,546,6.100,42.101,0,659.87,-1174.23,1,111.87,19.35,2500,0,0,0
5347,89.20578,free_swing,697,445,732,508,16.746,29.055,0,600.03,-1405.72,1,72.07,48.04,2500,1,0,0
5348,89.22247,free_swing,711,430,710,515,26.095,-0.674,0,502.71,-1439.48,1,85.01,38.72,2500,0,0,0
5349,89.23915,free_swing,719,417,690,476,33.378,-26.175,0,460.59,-1064.29,1,65.74,52.60,2500,1,0,0
5350,89.25583,free_swing,727,406,676,478,40.855,-35.311,0,427.71,-744.46,1,88.23,36.39,2500,1,0,0
5351,89.27252,free_swing,732,393,657,476,48.521,-42.101,0,409.60,-572.05,1,111.87,19.35,2500,0,0,0
5352,89.2892,free_swing,734,384,655,425,53.781,-62.571,0,332.87,-477.68,1,89.01,35.83,2500,0,0,0
5353,89.30588,free_swing,737,376,633,438,59.265,-59.199,0,190.71,-180.92,1,121.08,12.71,2500,1,0,0
5354,89.32257,free_swing,738,374,618,433,60.751,-63.818,0,-1.04,-134.29,0,133.72,3.60,2500,0,0,0
5355,89.33925,free_swing,737,377,604,434,58.696,-66.801,0,-213.42,-355.16,1,144.70,4.32,2500,1,0,0
5356,89.35593,free_swing,734,384,597,410,53.781,-79.254,0,-346.94,-906.23,1,139.45,0.53,2500,1,0,0
5357,89.37262,free_swing,730,394,582,401,47.220,-87.292,0,-443.37,-1044.48,0,148.17,6.82,2500,0,0,0
5358,89.3893,free_swing,724,406,599,331,39.500,-120.964,0,-498.92,-659.70,1,145.77,5.09,2500,1,0,0
5359,89.40598,free_swing,715,420,572,356,30.579,-114.111,0,-518.11,-303.88,1,156.67,12.95,2500,1,0,0
5360,89.42267,free_swing,705,435,562,358,22.184,-118.301,0,-508.45,-351.60,1,162.41,17.09,2500,0,0,0
5361,89.43935,free_swing,692,449,565,341,13.921,-130.378,0,-501.17,-603.79,1,166.71,20.19,2500,1,0,0
5362,89.45603,free_swing,676,462,578,320,5.711,-145.389,0,-476.43,-431.74,1,172.53,24.39,2500,0,0,0
5363,89.47272,free_swing,657,472,542,347,-2.454,-137.386,0,-442.87,-42.84,1,169.85,22.45,2500,1,0,0
5364,89.4894,free_swing,640,481,539,320,-8.775,-147.899,0,-408.72,21.72,1,190.06,37.02,2500,0,0,0
5365,89.50608,free_swing,619,487,510,356,-15.848,-140.237,0,-382.18,-75.96,1,170.42,22.86,2500,0,0,0
5366,89.52277,free_swing,599,490,502,342,-22.051,-146.759,0,-369.98,-174.81,1,176.95,27.57,2500,0,0,0
5367,89.53945,free_swing,579,491,484,349,-27.848,-146.217,0,-343.38,-234.70,1,170.85,23.17,2500,0,0,0
5368,89.55613,free_swing,558,490,484,333,-33.606,-154.764,0,-331.80,675.92,1,173.57,25.13,2500,1,0,0
5369,89.57282,free_swing,539,485,439,363,-39.023,-140.659,0,-317.34,55.45,1,157.75,13.73,2500,1,0,0
5370,89.5895,free_swing,520,479,402,395,-44.210,-125.446,0,-309.92,-1221.97,1,144.84,4.42,2500,1,0,0
5371,89.60618,free_swing,502,470,538,262,-49.399,170.181,0,-323.80,-2117.82,1,211.09,52.18,2500,1,0,0
5372,89.62287,free_swing,483,458,698,125,-55.008,147.152,0,-359.98,-644.94,1,396.38,185.76,2500,1,0,0
5373,89.63955,free_swing,465,441,728,119,-61.167,140.759,0,-376.91,-1893.90,1,415.76,199.73,2500,1,0,0
5374,89.65623,free_swing,449,420,667,159,-67.647,140.130,0,-346.71,-4113.67,1,340.07,145.17,2500,1,0,1
5375,89.67292,free_swing,439,402,407,479,-72.646,-22.567,0,-269.43,-2857.78,1,83.38,39.88,2500,1,0,1
5376,89.6896,free_swing,433,388,416,494,-76.316,-9.111,0,-169.13,-417.13,1,107.35,22.60,2500,1,0,0
5377,89.70628,free_swing,431,380,484,425,-78.311,49.667,0,-64.04,2062.52,1,69.53,49.88,2500,1,0,0
5378,89.72297,free_swing,430,379,471,479,-78.596,22.294,0,33.08,680.00,1,108.08,22.08,2500,1,0,0
5379,89.73965,free_swing,431,385,513,449,-77.132,52.028,0,107.03,187.29,1,104.02,25.01,2500,1,0,0
5380,89.75633,free_swing,434,393,529,457,-75.084,56.032,0,155.38,400.32,1,114.55,17.42,2500,1,0,0
5381,89.77302,free_swing,440,404,539,481,-72.106,52.125,0,194.89,-134.63,1,125.42,9.58,2500,1,0,0
5382,89.7897,free_swing,446,417,553,502,-68.609,51.537,0,234.63,249.11,1,136.65,1.48,2500,1,0,0
5383,89.80638,free_swing,457,431,578,494,-64.332,62.496,0,261.25,364.26,0,136.42,1.65,2500,0,0,0
5384,89.82307,free_swing,469,445,598,497,-59.780,68.046,0,291.06,486.54,0,139.09,0.27,2500,0,0,0
5385,89.83975,free_swing,484,458,605,506,-54.858,68.362,0,311.45,38.64,1,130.17,6.15,2500,1,0,0
5386,89.85643,free_swing,502,471,625,494,-49.194,79.408,0,332.77,-173.82,1,125.13,9.79,2500,1,0,0
5387,89.87312,free_swing,522,480,629,543,-43.612,59.511,0,370.43,-138.78,1,124.17,10.48,2500,0,0,0
5388,89.8898,free_swing,545,488,633,529,-37.104,65.019,0,428.10,-244.09,1,97.08,30.01,2500,0,0,0
5389,89.90648,free_swing,573,493,654,534,-29.205,63.153,0,498.11,-706.58,1,90.79,34.55,2500,1,0,0
5390,89.92317,free_swing,603,492,653,550,-20.556,40.764,0,538.50,-1535.70,1,76.58,44.79,2500,1,0,0
5391,89.93985,free_swing,632,485,644,584,-11.454,6.911,0,525.33,-1306.64,1,99.72,28.10,2500,1,0,0
5392,89.95653,free_swing,656,475,650,510,-2.802,-9.728,0,489.21,-1775.45,1,35.51,74.40,2500,1,0,0
5393,89.97322,free_swing,674,464,646,530,4.764,-22.989,0,474.97,-1381.08,1,71.69,48.31,2500,1,0,0
5394,89.9899,free_swing,690,451,653,457,12.783,-80.789,0,491.78,-641.34,1,37.48,72.98,2500,1,0,0
5395,90.00658,free_swing,705,438,651,489,21.615,-46.637,0,541.46,500.97,1,74.28,46.45,2500,1,0,0
5396,90.02327,free_swing,716,422,642,494,30.493,-45.785,0,552.42,279.90,1,103.25,25.57,2500,1,0,0
5397,90.03995,free_swing,726,406,666,471,40.409,-42.709,0,570.84,-538.58,1,88.46,36.23,2500,1,0,0
5398,90.05663,free_swing,732,392,669,411,48.991,-73.217,0,563.04,11.98,1,65.80,52.56,2500,1,0,0
5399,90.07332,free_swing,738,377,667,453,59.036,-43.052,0,512.36,559.70,1,104.00,25.02,2500,1,0,0
5400,90.09,free_swing,741,366,669,454,66.448,-39.289,0,437.86,827.14,1,113.70,18.03,2500,1,0,0
5401,90.10668,free_swing,743,357,684,459,72.646,-30.046,0,297.54,354.19,1,117.83,15.05,2500,1,0,0
5402,90.12337,free_swing,744,351,692,464,76.799,-24.711,0,139.32,183.61,1,124.39,10.32,2500,0,0,0
5403,90.14005,free_swing,743,350,704,465,77.320,-18.733,0,-36.34,28.78,1,121.43,12.45,2500,0,0,0
5404,90.15673,free_swing,742,353,702,427,75.114,-28.393,0,-200.47,165.18,1,84.12,39.36,2500,0,0,0
5405,90.17342,free_swing,742,359,712,470,71.131,-15.124,0,-327.40,372.28,1,114.98,17.10,2500,1,0,0
5406,90.1901,free_swing,740,369,722,482,64.335,-9.051,0,-423.23,417.28,1,114.42,17.51,2500,0,0,0
5407,90.20678,free_swing,736,380,730,458,56.674,-4.399,0,-498.84,232.63,1,78.23,43.60,2500,0,0,0
5408,90.22347,free_swing,732,394,730,490,48.059,-1.193,0,-581.61,636.85,1,96.02,30.78,2500,1,0,0
5409,90.24015,free_swing,724,411,735,460,37.674,12.653,0,-666.61,540.63,1,50.22,63.79,2500,0,0,0
5410,90.25683,free_swing,710,430,752,496,25.622,32.471,0,-707.88,1400.44,1,78.23,43.60,2500,1,0,0
5411,90.27352,free_swing,693,450,762,550,14.265,34.606,0,-677.88,1578.29,1,121.49,12.41,2500,0,0,0
5412,90.2902,free_swing,671,467,759,459,3.391,95.194,0,-597.24,832.72,1,88.36,36.30,2500,1,0,0
5413,90.30688,free_swing,648,479,750,498,-5.826,79.448,0,-514.96,-82.37,1,103.75,25.20,2500,1,0,0
5414,90.32357,free_swing,626,486,752,542,-13.510,66.038,0,-429.36,-363.54,1,137.88,0.59,2500,1,0,0
5415,90.34025,free_swing,604,491,740,530,-20.358,73.999,0,-370.80,413.55,1,141.48,2.00,2500,1,0,0
5416,90.35693,free_swing,585,492,716,489,-25.989,91.312,0,-336.70,276.51,0,131.03,5.53,2500,0,0,0
5417,90.37362,free_swing,565,492,700,521,-31.487,77.876,0,-319.14,-167.17,1,138.08,0.45,2500,1,0,0
5418,90.3903,free_swing,547,487,679,515,-36.811,78.024,0,-309.19,-480.21,1,134.94,2.72,2500,1,0,0
5419,90.40698,free_swing,528,483,655,521,-41.798,73.342,0,-289.51,-387.22,0,132.56,4.43,2500,0,0,0
5420,90.42367,free_swing,512,476,629,541,-46.359,60.945,0,-261.49,-79.06,1,133.84,3.51,2500,1,0,0
5421,90.44035,free_swing,498,468,604,526,-50.503,61.314,0,-221.56,-214.94,1,120.83,12.89,2500,0,0,0
5422,90.45703,free_swing,487,461,585,497,-53.760,69.829,0,-174.73,-431.83,1,104.40,24.73,2500,1,0,0
5423,90.47372,free_swing,480,455,541,538,-56.094,36.314,0,-110.78,-1083.48,1,103.00,25.74,2500,1,0,0
5424,90.4904,free_swing,476,451,516,521,-57.529,29.745,0,-28.12,-1491.93,1,80.62,41.88,2500,1,0,0
5425,90.50708,free_swing,477,452,469,542,-57.171,-5.080,0,60.80,-1835.66,1,90.35,34.86,2500,1,0,0
5426,90.52377,free_swing,483,456,442,505,-55.437,-39.920,0,130.73,-3358.09,1,63.89,53.94,2500,1,0,1
5427,90.54045,free_swing,490,462,433,455,-53.077,-97.001,0,140.13,-3502.48,1,57.43,58.60,2500,0,0,1
5428,90.55713,free_swing,497,468,477,364,-50.673,-169.114,0,116.58,-1931.38,1,105.91,23.65,2500,1,0,0
5429,90.57382,free_swing,502,470,476,322,-49.399,-170.036,0,81.14,109.48,1,150.27,8.33,2500,1,0,0
5430,90.5905,free_swing,506,473,424,360,-48.073,-144.033,0,57.08,1002.04,1,139.62,0.66,2500,1,0,0
5431,90.60718,free_swing,509,474,423,348,-47.322,-145.685,0,43.66,369.12,1,152.55,9.98,2500,1,0,0
5432,90.62387,free_swing,512,475,420,353,-46.559,-142.980,0,37.13,-251.43,1,152.80,10.16,2500,1,0,0
5433,90.64055,free_swing,514,476,419,342,-45.978,-144.665,0,59.42,-443.65,1,164.26,18.42,2500,0,0,0
5434,90.65723,free_swing,519,478,458,314,-44.605,-159.597,0,107.62,-506.38,1,174.98,26.15,2500,0,0,0
5435,90.67392,free_swing,527,481,484,299,-42.388,-166.707,0,157.31,-494.51,1,187.01,34.82,2500,0,0,0
5436,90.6906,free_swing,538,485,497,306,-39.249,-167.099,0,185.55,-296.93,1,183.64,32.39,2500,0,0,0
5437,90.70728,free_swing,549,488,551,259,-36.158,179.500,0,204.07,-243.47,1,229.01,65.10,2500,0,0,0
5438,90.72397,free_swing,562,490,553,291,-32.588,-177.410,0,232.68,-63.88,1,199.20,43.61,2500,0,0,0
5439,90.74065,free_swing,577,491,572,294,-28.408,-178.546,0,271.81,149.01,1,197.06,42.07,2500,1,0,0
5440,90.75733,free_swing,594,491,581,289,-23.459,-176.318,0,303.52,-70.74,1,202.42,45.93,2500,1,0,0
5441,90.77402,free_swing,611,489,603,311,-18.325,-177.427,0,321.16,-107.26,1,178.18,28.46,2500,0,0,0
5442,90.7907,free_swing,628,486,639,297,-12.804,176.669,0,328.58,-175.03,1,189.32,36.49,2500,0,0,0
5443,90.80738,free_swing,644,480,651,286,-7.316,177.934,0,336.74,-135.86,1,194.13,39.95,2500,0,0,0
5444,90.82407,free_swing,659,473,681,268,-1.625,173.875,0,353.87,-51.59,1,206.18,48.64,2500,0,0,0
5445,90.84075,free_swing,673,464,696,282,4.332,172.798,0,366.22,-133.54,1,183.45,32.25,2500,0,0,0
5446,90.85743,free_swing,686,454,711,264,10.676,172.504,0,360.12,-166.35,1,191.64,38.16,2500,0,0,0
5447,90.87412,free_swing,696,445,737,278,16.280,166.206,0,332.30,-268.80,1,171.96,23.97,2500,0,0,0
5448,90.8908,free_swing,704,436,758,261,21.516,162.851,0,286.81,-197.11,1,183.14,32.03,2500,0,0,0
5449,90.90748,free_swing,710,429,778,254,25.852,158.765,0,216.47,-292.88,1,187.75,35.35,2500,0,0,0
5450,90.92417,free_swing,714,424,786,254,29.002,157.046,0,152.41,-304.48,1,184.62,33.10,2500,0,0,0
5451,90.94085,free_swing,715,420,811,289,30.579,143.765,0,110.00,-370.00,1,162.41,17.09,2500,0,0,0
5452,90.95753,free_swing,718,418,816,279,32.600,144.815,0,71.09,-620.32,1,170.07,22.61,2500,1,0,0
5453,90.97422,free_swing,719,417,829,325,33.378,129.908,0,23.31,-675.91,0,143.40,3.38,2500,0,0,0
5454,90.9909,free_swing,718,417,845,362,32.905,113.416,0,-61.30,-796.00,0,138.40,0.22,2500,0,0,0
5455,91.00758,free_swing,717,420,841,380,31.535,107.879,0,-137.40,-634.46,0,130.29,6.07,2500,0,0,0
5456,91.02427,free_swing,713,425,838,416,28.264,94.118,0,-224.02,-579.77,0,125.32,9.65,2500,0,0,0
5457,91.04095,free_swing,708,432,820,445,24.228,83.379,0,-281.52,-781.88,1,112.75,18.71,2500,1,0,0
5458,91.05763,free_swing,700,441,801,471,18.750,73.457,0,-314.24,-818.24,1,105.36,24.04,2500,0,0,0
5459,91.07432,free_swing,692,450,773,508,13.808,54.395,0,-341.44,-723.75,1,99.62,28.18,2500,0,0,0
5460,91.091,free_swing,680,459,744,522,7.624,45.451,0,-374.57,-645.41,1,89.81,35.26,2500,0,0,0
5461,91.10768,free_swing,666,470,709,522,1.245,39.588,0,-401.10,-435.45,1,67.48,51.35,2500,1,0,0
5462,91.12437,free_swing,648,479,680,547,-5.826,25.201,0,-405.01,-721.77,1,75.15,45.82,2500,1,0,0
5463,91.14105,free_swing,630,485,647,530,-12.171,20.695,0,-406.70,-538.76,1,48.10,65.32,2500,0,0,0
5464,91.15773,free_swing,608,490,609,580,-19.193,0.637,0,-403.85,-572.75,1,90.01,35.11,2500,0,0,0
5465,91.17442,free_swing,585,493,589,531,-25.849,6.009,0,-399.77,-667.59,1,38.21,72.45,2500,0,0,0
5466,91.1911,free_swing,562,491,533,577,-32.425,-18.635,0,-384.43,-606.08,1,90.76,34.57,2500,0,0,0
5467,91.20778,free_swing,539,487,509,557,-38.660,-23.199,0,-380.43,-688.72,1,76.16,45.10,2500,0,0,0
5468,91.22447,free_swing,517,478,470,554,-45.000,-31.734,0,-370.30,-297.77,1,89.36,35.58,2500,1,0,0
5469,91.24115,free_swing,497,466,484,482,-51.089,-39.094,0,-349.47,579.37,1,20.62,85.14,2500,1,0,0
5470,91.25783,free_swing,480,453,412,535,-56.527,-39.668,0,-306.29,-1876.53,1,106.53,23.20,2500,1,0,0
5471,91.27452,free_swing,466,440,409,501,-61.267,-43.059,0,-251.86,-4321.53,1,83.49,39.81,2500,1,0,1
5472,91.2912,free_swing,456,429,607,175,-64.892,149.269,0,-190.42,-4235.28,1,295.49,113.03,2500,0,0,1
5473,91.30788,free_swing,450,420,654,179,-67.552,139.753,0,-121.13,-1774.31,1,315.75,127.63,2500,1,0,0
5474,91.32457,free_swing,446,415,645,52,-69.069,151.268,0,-59.71,1023.76,1,413.97,198.45,2500,1,0,0
5475,91.34125,free_swing,444,414,599,165,-69.473,148.098,0,-6.31,122.72,1,293.30,111.45,2500,1,0,0
5476,91.35793,free_swing,445,414,637,76,-69.386,150.401,0,27.80,-143.02,1,388.73,180.25,2500,1,0,0
5477,91.37462,free_swing,446,417,628,139,-68.609,146.788,0,48.13,-137.00,1,332.28,139.55,2500,0,0,0
5478,91.3913,free_swing,448,420,671,102,-67.741,144.960,0,66.88,-282.59,1,388.40,180.01,2500,0,0,0
5479,91.40798,free_swing,451,424,695,83,-66.541,144.415,0,77.30,798.81,1,419.31,202.29,2500,1,0,0
5480,91.42467,free_swing,455,429,634,94,-64.998,151.883,0,95.23,1120.41,1,379.82,173.83,2500,1,0,0
5481,91.44135,free_swing,459,434,403,283,-63.435,-159.652,0,112.09,780.65,1,161.05,16.11,2500,1,0,0
5482,91.45803,free_swing,465,441,468,240,-61.167,179.145,0,148.42,167.18,1,201.02,44.92,2500,1,0,0
5483,91.47472,free_swing,473,448,458,248,-58.595,-175.711,0,184.66,-301.88,1,200.56,44.59,2500,1,0,0
5484,91.4914,free_swing,484,458,454,271,-54.858,-170.886,0,220.73,176.99,1,189.39,36.54,2500,1,0,0
5485,91.50808,free_swing,496,466,484,271,-51.257,-176.479,0,251.38,-133.44,1,195.37,40.85,2500,1,0,0
5486,91.52477,free_swing,512,475,496,276,-46.559,-175.403,0,280.56,-156.09,1,199.64,43.93,2500,0,0,0
5487,91.54145,free_swing,529,482,525,276,-41.775,-178.888,0,314.86,52.55,1,206.04,48.54,2500,1,0,0
5488,91.55813,free_swing,550,487,539,281,-36.093,-176.943,0,354.32,192.66,1,206.29,48.72,2500,0,0,0
5489,91.57482,free_swing,571,491,540,302,-30.054,-170.685,0,394.30,260.05,1,191.53,38.08,2500,0,0,0
5490,91.5915,free_swing,596,491,554,304,-22.850,-167.341,0,422.64,98.65,1,191.66,38.17,2500,0,0,0
5491,91.60818,free_swing,619,487,573,286,-15.848,-167.110,0,451.05,249.40,1,206.20,48.65,2500,0,0,0
5492,91.62487,free_swing,642,481,584,280,-8.022,-163.904,0,488.88,394.60,1,209.20,50.82,2500,0,0,0
5493,91.64155,free_swing,664,470,570,316,0.415,-148.601,0,526.09,435.67,1,180.42,30.07,2500,0,0,0
5494,91.65823,free_swing,684,456,582,291,9.612,-148.276,0,541.18,532.83,1,193.98,39.85,2500,0,0,0
5495,91.67492,free_swing,699,441,586,310,18.277,-139.219,0,531.28,445.72,1,173.00,24.72,2500,0,0,0
5496,91.6916,free_swing,711,426,571,330,27.051,-124.439,0,497.81,596.79,1,169.75,22.38,2500,0,0,0
5497,91.70828,free_swing,719,413,587,324,34.658,-123.990,0,413.28,440.73,1,159.20,14.77,2500,0,0,0
5498,91.72497,free_swing,725,404,576,346,40.732,-111.269,0,250.71,280.13,1,159.89,15.27,2500,0,0,0
5499,91.74165,free_swing,727,400,574,345,43.264,-109.772,0,80.78,222.60,1,162.59,17.21,2500,0,0,0
5500,91.75833,free_swing,726,400,579,352,42.814,-108.083,0,-79.82,104.88,1,154.64,11.48,2500,0,0,0
5501,91.77502,free_swing,724,402,572,360,41.070,-105.446,0,-192.60,91.62,1,157.70,13.69,2500,0,0,0
5502,91.7917,free_swing,721,410,567,377,36.634,-102.095,0,-276.31,91.43,1,157.50,13.54,2500,0,0,0
5503,91.80838,free_swing,716,418,571,380,31.645,-104.685,0,-334.58,274.65,0,149.90,8.07,2500,0,0,0
5504,91.82507,free_swing,710,429,558,409,25.852,-97.496,0,-364.50,-44.79,1,153.31,10.53,2500,1,0,0
5505,91.84175,free_swing,701,439,548,431,19.552,-92.993,0,-392.12,-66.96,1,153.21,10.45,2500,0,0,0
5506,91.85843,free_swing,690,451,559,402,12.783,-110.508,0,-399.04,35.56,0,139.86,0.83,2500,0,0,0
5507,91.87512,free_swing,677,461,541,457,6.194,-91.685,0,-397.96,549.56,1,136.06,1.91,2500,1,0,0
5508,91.8918,free_swing,662,471,538,484,-0.412,-84.015,0,-402.04,1014.36,1,124.68,10.11,2500,1,0,0
5509,91.90848,free_swing,644,480,524,531,-7.316,-66.975,0,-426.14,587.80,1,130.39,6.00,2500,1,0,0
5510,91.92517,free_swing,622,488,525,560,-14.725,-53.415,0,-483.76,864.75,1,120.80,12.91,2500,1,0,0
5511,91.94185,free_swing,595,492,541,541,-23.025,-47.779,0,-531.03,1411.45,1,72.92,47.43,2500,1,0,0
5512,91.95853,free_swing,561,492,549,573,-32.518,-8.427,0,-526.11,1701.46,1,81.88,40.97,2500,1,0,0
5513,91.97522,free_swing,532,485,571,573,-40.570,23.902,0,-446.12,2216.31,1,96.25,30.61,2500,1,0,0
5514,91.9919,free_swing,510,474,583,556,-47.135,41.677,0,-333.37,1377.40,1,109.79,20.85,2500,1,0,0
5515,92.00858,free_swing,493,466,608,473,-51.754,86.517,0,-252.52,676.15,1,115.21,16.94,2500,1,0,0
5516,92.02527,free_swing,481,457,599,514,-55.518,64.217,0,-206.63,177.21,1,131.05,5.52,2500,1,0,0
5517,92.04195,free_swing,471,448,605,483,-58.861,75.362,0,-199.51,-228.02,1,138.50,0.15,2500,1,0,0
5518,92.05863,free_swing,463,438,601,466,-62.076,78.530,0,-188.64,243.56,1,140.81,1.52,2500,1,0,0
5519,92.07532,free_swing,454,428,600,473,-65.329,72.870,0,-169.74,71.10,1,152.78,10.14,2500,0,0,0
5520,92.092,free_swing,449,420,608,444,-67.647,81.416,0,-135.61,324.37,1,160.80,15.93,2500,1,0,0
5521,92.10868,free_swing,444,413,607,425,-69.702,85.790,0,-90.15,159.15,1,163.44,17.83,2500,0,0,0
5522,92.12537,free_swing,442,409,613,409,-70.791,90.000,0,-43.76,88.25,1,171.00,23.28,2500,0,0,0
5523,92.14205,free_swing,442,408,599,429,-71.022,82.381,0,9.81,278.47,1,158.40,14.20,2500,0,0,0
5524,92.15873,free_swing,443,410,624,379,-70.478,99.719,0,61.20,407.18,1,183.64,32.39,2500,0,0,0
5525,92.17542,free_swing,446,415,627,374,-69.069,102.763,0,109.17,408.55,1,185.59,33.80,2500,0,0,0
5526,92.1921,free_swing,451,423,613,378,-66.769,105.524,0,155.05,35.53,1,168.13,21.21,2500,1,0,0
5527,92.20878,free_swing,458,432,638,370,-63.997,109.006,0,190.01,157.24,1,190.38,37.25,2500,0,0,0
5528,92.22547,free_swing,467,443,633,388,-60.476,108.331,0,212.86,342.77,1,174.87,26.07,2500,0,0,0
5529,92.24215,free_swing,478,453,636,368,-56.813,118.279,0,233.58,333.41,1,179.41,29.35,2500,0,0,0
5530,92.25883,free_swing,490,463,654,351,-52.866,124.330,0,248.25,13.35,1,198.60,43.17,2500,1,0,0
5531,92.27552,free_swing,505,472,662,385,-48.457,118.993,0,265.05,-16.05,1,179.49,29.40,2500,0,0,0
5532,92.2922,free_swing,521,479,673,410,-44.009,114.416,0,277.61,-41.80,1,166.93,20.34,2500,0,0,0
5533,92.30888,free_swing,538,485,702,362,-39.249,126.870,0,289.52,-88.99,1,205.00,47.79,2500,0,0,0
5534,92.32557,free_swing,556,489,714,427,-34.276,111.425,0,307.95,-338.06,1,169.73,22.36,2500,1,0,0
5535,92.34225,free_swing,575,491,722,444,-28.963,107.731,0,326.75,-568.83,1,154.33,11.26,2500,1,0,0
5536,92.35893,free_swing,595,491,744,467,-23.155,99.150,0,371.08,-631.46,0,150.92,8.80,2500,0,0,0
5537,92.37562,free_swing,616,489,752,497,-16.666,86.634,0,444.00,-774.80,0,136.24,1.78,2500,0,0,0
5538,92.3923,free_swing,641,482,756,528,-8.344,68.199,0,547.61,-805.06,1,123.86,10.71,2500,0,0,0
5539,92.40898,free_swing,666,470,750,518,1.245,60.255,0,608.28,-1149.19,1,96.75,30.25,2500,1,0,0
5540,92.42567,free_swing,689,455,710,487,11.936,33.275,0,570.55,-2068.44,1,38.28,72.41,2500,1,0,0
5541,92.44235,free_swing,703,439,693,505,20.497,-8.616,0,487.82,-3257.13,1,66.75,51.88,2500,1,0,1
5542,92.45903,free_swing,713,429,681,445,27.269,-63.435,0,386.56,-1877.17,1,35.78,74.21,2500,1,0,0
5543,92.47572,free_swing,720,418,672,409,33.536,-100.620,0,287.88,-596.33,1,48.84,64.79,2500,1,0,0
5544,92.4924,free_swing,723,411,649,464,37.216,-54.389,0,165.65,344.58,1,91.02,34.38,2500,1,0,0
5545,92.50908,free_swing,724,408,632,407,38.752,-90.623,0,53.51,-64.06,1,92.01,33.67,2500,1,0,0
5546,92.52577,free_swing,724,408,619,429,38.752,-78.690,0,-49.91,-709.05,1,107.08,22.80,2500,1,0,0
5547,92.54245,free_swing,723,410,610,401,37.569,-94.554,0,-156.65,-258.46,1,113.36,18.28,2500,1,0,0
5548,92.55913,free_swing,719,417,593,402,33.378,-96.789,0,-284.45,-272.58,0,126.89,8.52,2500,0,0,0
5549,92.57582,free_swing,713,425,579,390,28.264,-104.638,0,-375.78,-130.39,0,138.50,0.15,2500,0,0,0
5550,92.5925,free_swing,703,436,555,422,21.038,-95.404,0,-400.68,-344.21,1,148.66,7.18,2500,1,0,0
5551,92.60918,free_swing,693,447,564,384,14.621,-116.030,0,-404.92,-332.34,0,143.56,3.50,2500,0,0,0
5552,92.62587,free_swing,681,458,547,394,8.130,-115.530,0,-397.39,-358.17,0,148.50,7.06,2500,0,0,0
5553,92.64255,free_swing,666,468,528,401,1.264,-115.897,0,-406.54,71.23,1,153.40,10.60,2500,1,0,0
5554,92.65923,free_swing,649,477,519,400,-5.515,-120.639,0,-397.04,86.90,0,151.09,8.93,2500,0,0,0
5555,92.67592,free_swing,631,484,490,425,-11.889,-112.706,0,-374.11,128.90,1,152.85,10.19,2500,0,0,0
5556,92.6926,free_swing,612,489,471,431,-17.996,-112.360,0,-355.53,26.90,0,152.46,9.92,2500,0,0,0
5557,92.70928,free_swing,593,491,453,427,-23.762,-114.567,0,-346.97,-33.47,1,153.94,10.98,2500,0,0,0
5558,92.72597,free_swing,573,491,440,431,-29.511,-114.281,0,-334.62,106.43,0,145.91,5.19,2500,0,0,0
5559,92.74265,free_swing,553,488,422,449,-35.189,-106.579,0,-332.00,483.21,1,136.68,1.46,2500,1,0,0
5560,92.75933,free_swing,533,484,416,462,-40.539,-100.649,0,-353.69,989.80,1,119.05,14.17,2500,1,0,0
5561,92.77602,free_swing,510,476,395,504,-46.736,-76.316,0,-388.85,1235.15,1,118.36,14.67,2500,1,0,0
5562,92.7927,free_swing,488,461,395,533,-53.604,-52.253,0,-399.20,1467.40,1,117.61,15.21,2500,1,0,0
5563,92.80938,free_swing,469,444,434,494,-60.001,-34.992,0,-349.89,1424.88,1,61.03,56.00,2500,0,0,0
5564,92.82607,free_swing,455,428,447,526,-65.225,-4.667,0,-277.27,1311.48,1,98.33,29.11,2500,0,0,0
5565,92.84275,free_swing,446,415,471,513,-69.069,14.311,0,-215.20,1306.79,1,101.14,27.09,2500,0,0,0
5566,92.85943,free_swing,440,403,489,493,-72.339,28.566,0,-164.15,759.31,1,102.47,26.12,2500,1,0,0
5567,92.87612,free_swing,436,394,516,463,-74.724,49.222,0,-113.75,467.91,1,105.65,23.84,2500,1,0,0
5568,92.8928,free_swing,433,389,519,484,-76.081,42.153,0,-57.91,344.06,0,128.14,7.62,2500,0,0,0
5569,92.90948,free_swing,432,387,543,466,-76.608,54.560,0,-5.78,293.48,0,136.24,1.78,2500,0,0,0
5570,92.92617,free_swing,433,388,562,450,-76.316,64.330,0,47.05,976.94,1,143.13,3.18,2500,1,0,0
5571,92.94285,free_swing,434,393,572,439,-75.084,71.565,0,98.70,655.48,1,145.46,4.87,2500,1,0,0
5572,92.95953,free_swing,438,401,621,372,-72.951,99.005,0,152.18,275.64,1,185.28,33.58,2500,1,0,0
5573,92.97622,free_swing,444,411,600,437,-70.164,80.538,0,191.67,49.55,1,158.15,14.02,2500,1,0,0
5574,92.9929,free_swing,452,424,609,431,-66.442,87.447,0,228.76,60.40,1,157.16,13.30,2500,0,0,0
5575,93.00958,free_swing,462,436,625,419,-62.642,95.954,0,261.29,391.98,1,163.88,18.15,2500,1,0,0
5576,93.02627,free_swing,475,450,639,425,-57.885,98.667,0,278.35,303.39,1,165.89,19.60,2500,0,0,0
5577,93.04295,free_swing,490,462,649,435,-53.077,99.638,0,296.16,264.57,1,161.28,16.27,2500,0,0,0
5578,93.05963,free_swing,506,472,673,405,-48.276,111.861,0,307.39,153.34,1,179.94,29.72,2500,0,0,0
5579,93.07632,free_swing,525,481,689,432,-42.805,106.635,0,323.37,-12.88,1,171.16,23.40,2500,0,0,0
5580,93.093,free_swing,545,487,699,448,-37.282,104.211,0,342.63,-352.12,1,158.86,14.53,2500,1,0,0
5581,93.10968,free_swing,566,490,712,459,-31.547,101.988,0,354.62,-383.03,0,149.25,7.60,2500,0,0,0
5582,93.12637,free_swing,588,492,740,497,-25.115,88.116,0,398.47,-517.28,0,152.08,9.64,2500,0,0,0
5583,93.14305,free_swing,611,489,745,507,-18.325,82.349,0,479.53,-717.89,1,135.20,2.53,2500,1,0,0
5584,93.15973,free_swing,638,483,748,526,-9.401,68.649,0,568.71,-1082.38,1,118.11,14.85,2500,1,0,0
5585,93.17642,free_swing,665,470,739,543,0.830,45.390,0,624.39,-1497.20,1,103.95,25.06,2500,1,0,0
5586,93.1931,free_swing,687,454,709,523,11.129,17.684,0,596.43,-1438.33,1,72.42,47.79,2500,0,0,0
5587,93.20978,free_swing,703,438,698,529,20.674,-3.145,0,531.87,-1335.34,1,91.14,34.30,2500,0,0,0
5588,93.22647,free_swing,714,426,678,522,28.482,-20.556,0,435.04,-1024.41,1,102.53,26.08,2500,1,0,0
5589,93.24315,free_swing,722,415,668,474,35.407,-42.466,0,349.11,-741.34,1,79.98,42.34,2500,1,0,0
5590,93.25983,free_swing,726,407,656,478,40.030,-44.594,0,283.63,-327.17,1,99.70,28.12,2500,1,0,0
5591,93.27652,free_swing,729,399,640,468,44.569,-52.214,0,218.86,-262.35,1,112.61,18.81,2500,0,0,0
5592,93.2932,free_swing,731,394,627,471,47.643,-53.484,0,132.56,-406.77,0,129.40,6.71,2500,0,0,0
5593,93.30988,free_swing,732,392,621,440,48.991,-66.615,0,24.25,-303.80,1,120.93,12.81,2500,0,0,0
5594,93.32657,free_swing,731,393,606,445,48.106,-67.413,0,-81.69,-351.22,0,135.38,2.40,2500,0,0,0
5595,93.34325,free_swing,729,395,595,438,46.332,-72.209,0,-196.26,-443.03,0,140.73,1.46,2500,0,0,0
5596,93.35993,free_swing,726,402,589,416,41.987,-84.165,0,-299.84,-540.63,0,137.71,0.72,2500,0,0,0
5597,93.37662,free_swing,721,412,582,404,35.942,-93.294,0,-395.17,-370.92,0,139.23,0.38,2500,0,0,0
5598,93.3933,free_swing,714,423,566,412,29.268,-94.251,0,-429.68,-330.21,0,148.41,6.99,2500,0,0,0
5599,93.40998,free_swing,704,436,555,408,21.516,-100.643,0,-450.38,-207.50,0,151.61,9.30,2500,0,0,0
5600,93.42667,free_swing,693,448,548,396,14.500,-109.729,0,-446.53,-317.24,1,154.04,11.05,2500,0,0,0
5601,93.44335,free_swing,678,460,528,416,6.684,-106.348,0,-431.38,-786.69,1,156.32,12.70,2500,1,0,0
5602,93.46003,free_swing,663,470,532,378,0.000,-125.080,0,-416.72,-346.73,1,160.08,15.41,2500,1,0,0
5603,93.47672,free_swing,645,479,542,349,-6.981,-141.610,0,-392.92,-89.68,1,165.86,19.57,2500,1,0,0
5604,93.4934,free_swing,627,484,489,436,-13.325,-109.179,0,-384.09,467.00,1,146.11,5.34,2500,1,0,0
5605,93.51008,free_swing,607,489,497,410,-19.631,-125.685,0,-364.75,299.87,0,135.43,2.36,2500,0,0,0
5606,93.52677,free_swing,586,492,465,449,-25.699,-109.564,0,-356.76,339.17,0,128.41,7.42,2500,0,0,0
5607,93.54345,free_swing,566,490,450,456,-31.547,-106.336,0,-361.29,1189.91,1,120.88,12.85,2500,1,0,0
5608,93.56013,free_swing,543,487,423,517,-37.747,-75.964,0,-396.81,1357.57,1,123.69,10.82,2500,0,0,0
5609,93.57682,free_swing,518,479,418,551,-44.608,-54.246,0,-432.97,1575.51,1,123.22,11.16,2500,1,0,0
5610,93.5935,free_swing,492,465,441,552,-52.125,-30.379,0,-421.13,1426.76,1,100.85,27.30,2500,0,0,0
5611,93.61018,free_swing,472,448,460,552,-58.728,-6.582,0,-349.60,1155.07,1,104.69,24.53,2500,1,0,0
5612,93.62687,free_swing,459,433,484,538,-63.660,13.392,0,-260.60,906.25,1,107.94,22.19,2500,1,0,0
5613,93.64355,free_swing,451,421,493,544,-67.227,18.853,0,-193.20,987.33,0,129.97,6.30,2500,0,0,0
5614,93.66023,free_swing,443,411,524,503,-70.247,41.362,0,-156.39,772.64,1,122.58,11.63,2500,1,0,0
5615,93.67692,free_swing,439,403,542,467,-72.413,58.145,0,-117.90,615.16,1,121.26,12.58,2500,0,0,0
5616,93.6936,free_swing,436,396,548,484,-74.255,51.843,0,-70.14,255.26,1,142.44,2.69,2500,1,0,0
5617,93.71028,free_swing,435,394,566,451,-74.787,66.485,0,-20.41,278.03,0,142.86,3.00,2500,0,0,0
5618,93.72697,free_swing,436,394,576,449,-74.724,68.552,0,38.42,440.24,0,150.42,8.44,2500,0,0,0
5619,93.74365,free_swing,437,398,585,438,-73.720,74.876,0,92.57,364.86,1,153.31,10.53,2500,0,0,0
5620,93.76033,free_swing,441,406,593,424,-71.565,83.246,0,151.05,498.54,1,153.06,10.35,2500,0,0,0
5621,93.77702,free_swing,447,416,607,411,-68.749,91.790,0,187.46,463.34,1,160.08,15.41,2500,0,0,0
5622,93.7937,free_swing,455,428,620,405,-65.225,97.936,0,220.53,468.52,1,166.60,20.10,2500,0,0,0
5623,93.81038,free_swing,465,439,633,393,-61.613,105.313,0,247.55,239.40,1,174.18,25.58,2500,1,0,0
5624,93.82707,free_swing,477,453,645,387,-56.954,111.448,0,266.46,233.19,1,180.50,30.13,2500,0,0,0
5625,93.84375,free_swing,492,463,650,415,-52.545,106.899,0,285.63,155.19,1,165.13,19.05,2500,0,0,0
5626,93.86043,free_swing,508,473,673,381,-47.708,119.143,0,303.64,248.28,1,188.92,36.20,2500,0,0,0
5627,93.87712,free_swing,526,482,690,402,-42.406,116.003,0,314.11,94.26,1,182.47,31.55,2500,0,0,0
5628,93.8938,free_swing,545,489,699,396,-36.928,121.128,0,321.11,-202.98,1,179.90,29.70,2500,1,0,0
5629,93.91048,free_swing,564,491,720,430,-31.908,111.357,0,338.95,-60.49,1,167.50,20.76,2500,0,0,0
5630,93.92717,free_swing,586,492,740,429,-25.699,112.249,0,368.76,-245.17,1,166.39,19.96,2500,0,0,0
5631,93.94385,free_swing,608,490,763,426,-19.193,112.436,0,402.10,-231.38,1,167.69,20.90,2500,0,0,0
5632,93.96053,free_swing,630,485,772,469,-12.171,96.429,0,472.46,-703.60,1,142.90,3.02,2500,1,0,0
5633,93.97722,free_swing,653,477,775,476,-3.945,90.470,0,580.67,-1251.81,1,122.00,12.04,2500,1,0,0
5634,93.9939,free_swing,679,461,757,506,7.070,60.018,0,642.26,-1696.90,1,90.05,35.08,2500,1,0,0
5635,94.01058,free_swing,699,444,732,504,17.819,28.811,0,606.42,-1881.08,1,68.48,50.63,2500,0,0,0
5636,94.02727,free_swing,712,429,713,505,26.801,0.754,0,496.93,-1349.96,1,76.01,45.20,2500,1,0,0
5637,94.04395,free_swing,720,416,692,506,34.160,-17.281,0,396.57,-915.88,1,94.25,32.05,2500,1,0,0
5638,94.06063,free_swing,726,407,683,486,40.030,-28.560,0,312.69,-838.05,1,89.94,35.16,2500,0,0,0
5639,94.07732,free_swing,729,399,664,469,44.569,-42.879,0,232.36,-690.87,1,95.52,31.13,2500,0,0,0
5640,94.094,free_swing,731,394,660,434,47.643,-60.604,0,125.63,-1120.44,1,81.49,41.25,2500,1,0,0
5641,94.11068,free_swing,732,392,638,435,48.991,-65.418,0,9.64,-769.95,1,103.37,25.48,2500,1,0,0
5642,94.12737,free_swing,731,394,649,382,47.643,-98.326,0,-123.82,-150.57,1,82.87,40.25,2500,1,0,0
5643,94.14405,free_swing,729,398,605,431,45.000,-75.097,0,-254.71,-45.09,0,128.32,7.49,2500,0,0,0
5644,94.16073,free_swing,724,406,590,432,39.500,-79.019,0,-353.48,-12.95,0,136.50,1.59,2500,0,0,0
5645,94.17742,free_swing,718,417,588,404,32.905,-95.711,0,-418.42,-528.68,1,130.65,5.81,2500,1,0,0
5646,94.1941,free_swing,710,429,556,420,25.852,-93.345,0,-448.77,-469.35,1,154.26,11.21,2500,0,0,0
5647,94.21078,free_swing,699,441,550,409,18.277,-102.121,0,-466.55,-398.97,0,152.40,9.87,2500,0,0,0
5648,94.22747,free_swing,685,454,546,382,10.222,-117.384,0,-454.81,-739.72,1,156.54,12.86,2500,1,0,0
5649,94.24415,free_swing,670,465,532,388,3.013,-119.160,0,-420.60,-682.06,1,158.03,13.93,2500,0,0,0
5650,94.26083,free_swing,654,475,548,359,-3.601,-137.579,0,-395.73,-0.38,1,157.14,13.29,2500,1,0,0
5651,94.27752,free_swing,636,483,518,369,-10.138,-134.012,0,-390.88,291.73,1,164.07,18.29,2500,1,0,0
5652,94.2942,free_swing,616,488,475,427,-16.767,-113.394,0,-384.58,-58.65,1,153.63,10.76,2500,1,0,0
5653,94.31088,free_swing,596,490,490,404,-22.979,-129.053,0,-363.75,-83.36,0,136.50,1.59,2500,0,0,0
5654,94.32757,free_swing,575,491,487,388,-28.963,-139.490,0,-347.16,772.84,1,135.47,2.33,2500,1,0,0
5655,94.34425,free_swing,554,490,427,466,-34.601,-100.701,0,-354.31,263.40,1,129.25,6.82,2500,1,0,0
5656,94.36093,free_swing,532,484,417,486,-40.756,-89.004,0,-390.95,456.14,1,115.02,17.08,2500,0,0,0
5657,94.37762,free_swing,508,474,470,439,-47.506,-132.647,0,-423.59,1400.47,1,51.66,62.75,2500,1,0,0
5658,94.3943,free_swing,484,458,437,511,-54.858,-41.566,0,-409.43,2840.32,1,70.84,48.93,2500,1,0,1
5659,94.41098,free_swing,465,441,463,493,-61.167,-2.203,0,-342.07,2629.11,1,52.04,62.48,2500,1,0,1
5660,94.42767,free_swing,453,425,477,499,-66.114,17.969,0,-254.85,916.54,1,77.79,43.91,2500,1,0,0
5661,94.44435,free_swing,445,413,488,500,-69.617,26.301,0,-189.22,708.10,1,97.05,30.04,2500,1,0,0
5662,94.46103,free_swing,439,403,518,470,-72.413,49.699,0,-147.41,471.93,1,103.59,25.32,2500,1,0,0
5663,94.47772,free_swing,435,395,523,482,-74.554,45.327,0,-107.36,295.15,1,123.75,10.79,2500,0,0,0
5664,94.4944,free_swing,433,389,535,470,-76.081,51.546,0,-52.78,246.57,0,130.25,6.10,2500,0,0,0
5665,94.51108,free_swing,432,388,550,456,-76.373,60.046,0,0.73,601.92,1,136.19,1.81,2500,1,0,0
5666,94.52777,free_swing,433,390,570,442,-75.847,69.215,0,50.35,415.75,0,146.54,5.64,2500,0,0,0
5667,94.54445,free_swing,435,394,583,427,-74.787,77.430,0,99.87,447.30,0,151.63,9.32,2500,0,0,0
5668,94.56113,free_swing,439,402,594,432,-72.646,79.046,0,154.68,512.57,1,157.88,13.82,2500,0,0,0
5669,94.57782,free_swing,446,413,613,397,-69.531,95.473,0,203.59,495.39,1,167.76,20.95,2500,0,0,0
5670,94.5945,free_swing,453,426,625,396,-65.886,99.894,0,235.89,431.51,1,174.60,25.87,2500,0,0,0
5671,94.61118,free_swing,464,439,640,398,-61.734,103.113,0,265.46,65.86,1,180.71,30.28,2500,1,0,0
5672,94.62787,free_swing,477,452,652,396,-57.171,107.745,0,279.37,19.64,1,183.74,32.47,2500,0,0,0
5673,94.64455,free_swing,493,464,655,428,-52.172,102.529,0,296.92,180.44,1,165.95,19.64,2500,0,0,0
5674,94.66123,free_swing,509,473,669,419,-47.523,108.650,0,313.82,212.29,1,168.87,21.74,2500,0,0,0
5675,94.67792,free_swing,529,482,691,400,-41.775,116.847,0,320.57,43.20,1,181.57,30.90,2500,0,0,0
5676,94.6946,free_swing,548,488,705,432,-36.397,109.631,0,332.25,7.13,1,166.69,20.17,2500,0,0,0
5677,94.71128,free_swing,568,490,721,446,-31.017,106.044,0,346.72,-316.66,1,159.20,14.77,2500,1,0,0
5678,94.72797,free_swing,590,491,740,428,-24.661,112.782,0,398.04,-614.01,1,162.69,17.29,2500,1,0,0
5679,94.74465,free_swing,613,489,758,501,-17.665,85.269,0,450.61,-334.75,1,145.50,4.89,2500,1,0,0
5680,94.76133,free_swing,638,483,762,502,-9.401,81.289,0,530.33,-371.68,0,125.45,9.56,2500,0,0,0
5681,94.77802,free_swing,662,472,755,467,-0.409,93.077,0,627.48,-956.24,1,93.13,32.86,2500,1,0,0
5682,94.7947,free_swing,687,456,739,498,10.954,51.072,0,633.04,-1921.44,1,66.84,51.81,2500,1,0,0
5683,94.81138,free_swing,705,438,718,514,21.615,9.707,0,545.84,-2664.58,1,77.10,44.41,2500,1,0,1
5684,94.82807,free_swing,714,425,701,476,28.740,-14.300,0,447.99,-1488.82,1,52.63,62.06,2500,1,0,0
5685,94.84475,free_swing,721,413,672,443,35.605,-58.523,0,395.93,-1439.74,1,57.45,58.58,2500,0,0,0
5686,94.86143,free_swing,728,402,666,467,42.879,-43.647,0,385.49,-714.28,1,89.83,35.24,2500,1,0,0
5687,94.87812,free_swing,731,393,660,392,48.106,-90.807,0,326.00,61.85,1,71.01,48.81,2500,1,0,0
5688,94.8948,free_swing,734,385,642,444,53.259,-57.328,0,209.19,-435.53,1,109.29,21.21,2500,1,0,0
5689,94.91148,free_swing,736,382,629,421,55.592,-69.974,0,57.86,-198.33,1,113.89,17.90,2500,1,0,0
5690,94.92817,free_swing,735,383,630,370,54.689,-97.058,0,-133.80,-570.22,1,105.80,23.72,2500,1,0,0
5691,94.94485,free_swing,733,388,610,403,51.340,-83.047,0,-277.27,-169.87,1,123.91,10.67,2500,1,0,0
5692,94.96153,free_swing,728,396,582,404,45.444,-86.864,0,-387.43,-246.12,0,146.22,5.41,2500,0,0,0
5693,94.97822,free_swing,723,407,586,367,38.660,-106.276,0,-463.10,-742.92,1,142.72,2.89,2500,1,0,0
5694,94.9949,free_swing,715,421,569,372,30.296,-108.553,0,-500.76,-532.83,1,154.00,11.03,2500,1,0,0
5695,95.01158,free_swing,704,434,568,358,21.898,-119.197,0,-508.87,-269.01,1,155.79,12.32,2500,1,0,0
5696,95.02827,free_swing,691,448,557,363,13.570,-122.388,0,-483.18,-199.02,1,158.69,14.40,2500,0,0,0
5697,95.04495,free_swing,676,461,540,371,5.755,-123.495,0,-461.26,-16.76,1,163.08,17.57,2500,0,0,0
5698,95.06163,free_swing,659,472,526,381,-1.637,-124.380,0,-434.00,-226.22,1,161.15,16.18,2500,1,0,0
5699,95.07832,free_swing,640,480,511,380,-8.833,-127.783,0,-405.85,-208.08,1,163.22,17.67,2500,0,0,0
5700,95.095,free_swing,621,486,510,368,-15.255,-136.751,0,-383.67,-201.45,1,162.00,16.79,2500,0,0,0
5701,95.11168,free_swing,601,490,478,383,-21.425,-131.021,0,-364.32,-100.39,1,163.03,17.53,2500,0,0,0
5702,95.12837,free_swing,580,491,469,367,-27.565,-138.166,0,-346.72,-14.12,1,166.42,19.98,2500,0,0,0
5703,95.14505,free_swing,560,490,452,380,-33.100,-135.526,0,-326.59,282.79,1,154.16,11.14,2500,1,0,0
5704,95.16173,free_swing,541,486,433,387,-38.387,-132.510,0,-319.10,348.05,0,146.51,5.62,2500,0,0,0
5705,95.17842,free_swing,521,480,410,405,-43.815,-124.046,0,-332.71,-1260.07,1,133.96,3.42,2500,1,0,0
5706,95.1951,free_swing,501,470,455,373,-49.574,-154.628,0,-363.79,-2998.40,1,107.35,22.60,2500,1,0,1
5707,95.21178,free_swing,481,456,669,210,-55.733,142.612,0,-385.37,127.35,1,309.61,123.21,2500,1,0,0
5708,95.22847,free_swing,462,437,561,225,-62.418,154.968,0,-374.91,4180.80,1,233.98,68.68,2500,1,0,1
5709,95.24515,free_swing,448,418,402,499,-68.199,-29.592,0,-320.10,5933.36,1,93.15,32.84,2500,1,0,1
5710,95.26183,free_swing,439,401,436,484,-72.879,-2.070,0,-232.04,3206.23,1,83.05,40.12,2500,1,0,1
5711,95.27852,free_swing,434,389,479,449,-76.023,36.870,0,-153.78,-17.23,1,75.00,45.93,2500,1,0,0
5712,95.2952,free_swing,432,382,473,488,-77.787,21.146,0,-79.35,338.99,1,113.65,18.06,2500,1,0,0
5713,95.31188,free_swing,430,378,503,486,-78.832,34.056,0,-15.58,567.08,1,130.36,6.02,2500,1,0,0
5714,95.32857,free_swing,430,380,536,459,-78.359,53.303,0,49.56,938.92,1,132.20,4.69,2500,1,0,0
5715,95.34525,free_swing,431,385,555,438,-77.132,66.857,0,110.01,592.83,1,134.85,2.78,2500,1,0,0
5716,95.36193,free_swing,435,394,570,455,-74.787,65.684,0,158.04,347.14,1,148.14,6.80,2500,1,0,0
5717,95.37862,free_swing,440,405,587,432,-71.874,79.592,0,196.92,175.76,0,149.46,7.75,2500,0,0,0
5718,95.3953,free_swing,448,418,600,447,-68.199,79.198,0,233.14,284.92,1,154.74,11.56,2500,0,0,0
5719,95.41198,free_swing,458,431,608,457,-64.223,80.166,0,266.47,486.62,1,152.24,9.75,2500,1,0,0
5720,95.42867,free_swing,471,446,636,429,-59.300,95.882,0,293.88,432.88,1,165.87,19.58,2500,0,0,0
5721,95.44535,free_swing,486,459,651,412,-54.340,105.900,0,320.63,489.75,1,171.56,23.69,2500,0,0,0
5722,95.46203,free_swing,504,471,663,452,-48.840,96.814,0,334.03,215.99,1,160.13,15.44,2500,1,0,0
5723,95.47872,free_swing,524,481,698,387,-43.011,118.379,0,346.01,17.93,1,197.77,42.58,2500,0,0,0
5724,95.4954,free_swing,545,487,704,446,-37.282,104.459,0,359.17,-289.89,1,164.20,18.38,2500,1,0,0
5725,95.51208,free_swing,567,491,718,470,-31.122,97.918,0,378.73,-630.88,1,152.45,9.91,2500,1,0,0
5726,95.52877,free_swing,591,492,726,496,-24.228,88.303,0,439.42,-482.41,0,135.06,2.63,2500,0,0,0
5727,95.54545,free_swing,616,489,742,508,-16.666,81.425,0,543.15,-847.14,1,127.42,8.13,2500,1,0,0
5728,95.56213,free_swing,646,480,739,529,-6.553,62.216,0,632.07,-1170.89,1,105.12,24.22,2500,1,0,0
5729,95.57882,free_swing,674,465,720,523,4.728,38.418,0,636.58,-1461.59,1,74.03,46.63,2500,1,0,0
5730,95.5955,free_swing,694,450,711,508,14.720,16.336,0,577.36,-1595.09,1,60.44,56.43,2500,0,0,0
5731,95.61218,free_swing,707,435,685,549,23.131,-10.923,0,476.34,-1412.31,1,116.10,16.30,2500,0,0,0
5732,95.62887,free_swing,718,422,680,477,31.430,-34.641,0,435.22,-777.75,1,66.85,51.80,2500,1,0,0
5733,95.64555,free_swing,723,411,669,478,37.216,-38.868,0,429.91,-331.37,1,86.05,37.96,2500,1,0,0
5734,95.66223,free_swing,730,398,655,495,45.431,-37.711,0,428.22,-180.46,1,122.61,11.60,2500,0,0,0
5735,95.67892,free_swing,734,387,653,452,52.237,-51.254,0,409.80,-380.04,1,103.86,25.13,2500,0,0,0
5736,95.6956,free_swing,737,378,636,459,58.134,-51.271,0,294.00,-344.64,0,129.47,6.66,2500,0,0,0
5737,95.71228,free_swing,739,372,631,435,62.241,-59.744,0,138.39,-171.44,0,125.03,9.86,2500,0,0,0
5738,95.72897,free_swing,739,371,620,436,62.835,-61.356,0,-42.20,-363.82,0,135.59,2.24,2500,0,0,0
5739,95.74565,free_swing,737,374,612,426,60.422,-67.413,0,-201.44,-503.92,0,135.38,2.40,2500,0,0,0
5740,95.76233,free_swing,735,380,606,401,56.310,-80.754,0,-329.03,-818.08,1,130.70,5.77,2500,1,0,0
5741,95.77902,free_swing,732,390,601,386,49.950,-91.749,0,-422.60,-462.99,1,131.06,5.51,2500,1,0,0
5742,95.7957,free_swing,726,402,602,372,41.987,-103.601,0,-486.02,-502.54,0,127.58,8.02,2500,0,0,0
5743,95.81238,free_swing,719,415,573,399,34.007,-96.254,0,-507.23,-319.51,0,146.87,5.89,2500,0,0,0
5744,95.82907,free_swing,709,429,589,357,25.372,-120.964,0,-502.66,-105.87,1,139.94,0.89,2500,1,0,0
5745,95.84575,free_swing,697,443,555,403,17.030,-105.732,0,-494.92,53.82,0,147.53,6.36,2500,0,0,0
5746,95.86243,free_swing,683,456,542,410,9.162,-108.068,0,-472.54,-36.70,0,148.31,6.92,2500,0,0,0
5747,95.87912,free_swing,666,468,524,416,1.264,-110.113,0,-446.94,-247.90,1,151.22,9.02,2500,1,0,0
5748,95.8958,free_swing,648,477,530,403,-5.906,-122.093,0,-416.79,112.02,1,139.28,0.41,2500,1,0,0
5749,95.91248,free_swing,629,485,491,450,-12.529,-104.231,0,-388.39,156.94,0,142.37,2.64,2500,0,0,0
5750,95.92917,free_swing,609,489,480,452,-18.981,-106.004,0,-384.52,400.70,1,134.20,3.25,2500,1,0,0
5751,95.94585,free_swing,587,492,474,461,-25.408,-105.341,0,-397.47,517.37,1,117.18,15.52,2500,0,0,0
5752,95.96253,free_swing,563,490,448,508,-32.330,-81.104,0,-435.62,1121.29,1,116.40,16.08,2500,1,0,0
5753,95.97922,free_swing,536,485,449,526,-39.695,-64.767,0,-467.54,1666.31,1,96.18,30.66,2500,1,0,0
5754,95.9959,free_swing,507,473,462,537,-47.891,-35.112,0,-458.79,2029.28,1,78.24,43.60,2500,1,0,0
5755,96.01258,free_swing,483,458,488,523,-55.008,4.399,0,-390.65,1819.55,1,65.19,53.00,2500,1,0,0
5756,96.02927,free_swing,466,442,507,510,-60.822,31.088,0,-301.22,894.03,1,79.40,42.75,2500,1,0,0
5757,96.04595,free_swing,456,429,513,524,-64.892,30.964,0,-230.30,393.32,1,110.79,20.13,2500,1,0,0
5758,96.06263,free_swing,447,417,524,518,-68.519,37.321,0,-177.18,520.05,0,127.00,8.44,2500,0,0,0
5759,96.07932,free_swing,442,408,545,480,-71.022,55.045,0,-139.75,510.05,0,125.67,9.40,2500,0,0,0
5760,96.096,free_swing,438,401,556,468,-72.951,60.412,0,-92.09,409.22,0,135.69,2.17,2500,0,0,0
5761,96.11268,free_swing,436,396,560,474,-74.255,57.829,0,-40.62,374.53,0,146.49,5.61,2500,0,0,0
5762,96.12937,free_swing,435,396,583,432,-74.320,76.329,0,17.54,428.70,0,152.32,9.81,2500,0,0,0
5763,96.14605,free_swing,437,399,585,428,-73.487,78.914,0,78.25,336.53,0,150.81,8.73,2500,0,0,0
5764,96.16273,free_swing,440,405,594,431,-71.874,80.417,0,135.27,346.61,1,156.18,12.60,2500,0,0,0
5765,96.17942,free_swing,446,415,609,416,-69.069,89.648,0,180.48,544.95,1,163.00,17.51,2500,0,0,0
5766,96.1961,free_swing,453,427,620,386,-65.659,103.794,0,215.85,434.02,1,171.96,23.97,2500,0,0,0
5767,96.21278,free_swing,463,438,629,398,-62.076,103.548,0,243.45,346.08,1,170.75,23.10,2500,0,0,0
5768,96.22947,free_swing,475,451,636,396,-57.667,108.861,0,264.78,278.03,1,170.14,22.66,2500,0,0,0
5769,96.24615,free_swing,489,463,655,370,-53.025,119.259,0,281.89,347.73,1,190.28,37.18,2500,0,0,0
5770,96.26283,free_swing,505,472,666,387,-48.457,117.832,0,288.34,38.76,1,182.06,31.25,2500,1,0,0
5771,96.27952,free_swing,523,480,683,385,-43.409,120.700,0,299.00,-188.49,1,186.08,34.15,2500,1,0,0
5772,96.2962,free_swing,541,486,697,419,-38.387,113.243,0,309.23,-118.05,1,169.78,22.40,2500,0,0,0
5773,96.31288,free_swing,560,490,718,422,-33.100,113.286,0,325.61,1.88,1,172.01,24.01,2500,0,0,0
5774,96.32957,free_swing,580,491,733,421,-27.565,114.585,0,347.59,-94.59,1,168.25,21.30,2500,0,0,0
5775,96.34625,free_swing,601,491,754,428,-21.303,112.380,0,383.33,-533.22,1,165.46,19.29,2500,1,0,0
5776,96.36293,free_swing,622,487,773,472,-14.816,95.673,0,424.69,-703.75,0,151.74,9.40,2500,0,0,0
5777,96.37962,free_swing,645,480,781,497,-6.934,82.875,0,501.39,-942.15,1,137.06,1.19,2500,1,0,0
5778,96.3963,free_swing,667,469,779,504,1.672,72.646,0,606.43,-1151.21,1,117.34,15.40,2500,1,0,0
5779,96.41298,free_swing,690,452,759,528,12.680,42.236,0,634.92,-1507.22,1,102.65,26.00,2500,1,0,0
5780,96.42967,free_swing,708,435,732,500,23.600,20.266,0,585.29,-1449.87,1,69.29,50.05,2500,0,0,0
5781,96.44635,free_swing,717,420,711,497,31.535,-4.456,0,473.63,-1258.00,1,77.23,44.32,2500,0,0,0
5782,96.46303,free_swing,725,409,693,495,38.841,-20.410,0,359.90,-1367.64,1,91.76,33.85,2500,0,0,0
5783,96.47972,free_swing,729,400,674,452,44.145,-46.606,0,267.55,-1152.05,1,75.69,45.43,2500,1,0,0
5784,96.4964,free_swing,731,395,663,427,47.186,-64.799,0,138.95,-617.16,1,75.15,45.82,2500,1,0,0
5785,96.51308,free_swing,732,392,644,430,48.991,-66.644,0,11.59,-176.49,1,95.85,30.90,2500,1,0,0
5786,96.52977,free_swing,731,394,623,442,47.643,-66.038,0,-127.54,-239.58,1,118.19,14.80,2500,0,0,0
5787,96.54645,free_swing,729,399,608,424,44.569,-78.326,0,-265.73,-561.99,1,123.56,10.92,2500,1,0,0
5788,96.56313,free_swing,724,407,591,415,39.123,-86.558,0,-367.54,-735.09,0,133.24,3.94,2500,0,0,0
5789,96.57982,free_swing,718,419,581,400,32.300,-97.896,0,-441.70,-402.69,1,138.31,0.29,2500,1,0,0
5790,96.5965,free_swing,708,430,578,391,24.664,-106.699,0,-458.68,-263.58,0,135.72,2.15,2500,0,0,0
5791,96.61318,free_swing,697,444,556,415,16.887,-101.622,0,-461.67,-326.26,0,143.95,3.78,2500,0,0,0
5792,96.62987,free_swing,684,456,553,400,9.612,-113.146,0,-458.08,-56.01,1,142.47,2.71,2500,1,0,0
5793,96.64655,free_swing,667,467,534,394,1.697,-118.761,0,-445.24,-189.86,0,151.72,9.38,2500,0,0,0
5794,96.66323,free_swing,649,476,501,437,-5.553,-104.763,0,-429.18,-204.93,1,153.05,10.34,2500,0,0,0
5795,96.67992,free_swing,630,484,511,396,-12.249,-126.483,0,-398.34,-207.10,0,148.00,6.70,2500,0,0,0
5796,96.6966,free_swing,609,489,495,412,-18.981,-124.037,0,-376.86,-55.25,0,137.57,0.82,2500,0,0,0
5797,96.71328,free_swing,589,491,468,432,-24.958,-115.994,0,-357.14,256.45,1,134.62,2.95,2500,1,0,0
5798,96.72997,free_swing,568,491,453,435,-30.858,-115.964,0,-356.76,95.46,0,127.91,7.78,2500,0,0,0
5799,96.74665,free_swing,546,488,448,443,-36.870,-114.664,0,-379.54,149.68,1,107.84,22.26,2500,0,0,0
5800,96.76333,free_swing,522,480,434,470,-43.612,-96.483,0,-416.35,3247.20,1,88.57,36.15,2500,1,0,1
5801,96.78002,free_swing,498,468,417,520,-50.503,-57.301,0,-430.22,3623.14,1,96.25,30.61,2500,1,0,1
5802,96.7967,free_swing,475,450,484,452,-57.885,77.471,0,-388.76,1852.73,1,9.22,93.35,2500,1,0,0
5803,96.81338,free_swing,459,433,464,506,-63.660,3.918,0,-308.21,-367.05,1,73.17,47.25,2500,1,0,0
5804,96.83007,free_swing,449,419,469,517,-67.876,11.535,0,-227.33,-868.72,1,100.02,27.89,2500,1,0,0
5805,96.84675,free_swing,443,407,486,515,-71.175,21.710,0,-181.40,1094.28,1,116.25,16.19,2500,1,0,0
5806,96.86343,free_swing,436,397,511,485,-74.021,40.440,0,-140.60,834.42,1,115.62,16.64,2500,1,0,0
5807,96.88012,free_swing,434,389,522,484,-76.023,42.809,0,-97.70,514.44,1,129.50,6.64,2500,1,0,0
5808,96.8968,free_swing,432,385,548,444,-77.078,63.041,0,-43.84,537.23,0,130.14,6.18,2500,0,0,0
5809,96.91348,free_swing,431,383,551,461,-77.602,56.976,0,6.38,566.68,0,143.12,3.18,2500,0,0,0
5810,96.93017,free_swing,432,386,583,412,-76.842,80.230,0,59.69,367.81,1,153.22,10.46,2500,0,0,0
5811,96.94685,free_swing,434,391,584,424,-75.552,77.593,0,111.65,356.27,1,153.59,10.73,2500,0,0,0
5812,96.96353,free_swing,438,400,594,418,-73.184,83.418,0,162.29,261.19,1,157.04,13.21,2500,0,0,0
5813,96.98022,free_swing,444,411,607,414,-70.164,88.946,0,214.85,421.44,1,163.03,17.53,2500,0,0,0
5814,96.9969,free_swing,453,425,627,392,-66.114,100.739,0,250.04,416.37,1,177.10,27.68,2500,0,0,0
5815,97.01358,free_swing,464,439,626,412,-61.734,99.462,0,271.27,389.89,1,164.23,18.40,2500,0,0,0
5816,97.03027,free_swing,477,452,648,383,-57.171,111.975,0,284.75,200.47,1,184.40,32.94,2500,0,0,0
5817,97.04695,free_swing,492,464,671,389,-52.334,112.733,0,296.45,207.58,1,194.08,39.92,2500,0,0,0
5818,97.06363,free_swing,510,474,669,413,-47.135,110.989,0,314.14,35.01,1,170.30,22.78,2500,0,0,0
5819,97.08032,free_swing,528,482,690,400,-41.987,116.847,0,325.81,-130.61,1,181.57,30.90,2500,0,0,0
5820,97.097,free_swing,549,488,707,426,-36.158,111.425,0,343.73,-135.42,1,169.73,22.36,2500,0,0,0
5821,97.11368,free_swing,570,490,726,457,-30.481,101.944,0,364.28,-449.61,1,159.45,14.96,2500,1,0,0
5822,97.13037,free_swing,592,492,739,452,-23.929,105.222,0,395.51,-594.52,0,152.35,9.83,2500,0,0,0
5823,97.14705,free_swing,615,489,753,509,-17.000,81.754,0,482.42,-591.18,0,139.44,0.53,2500,0,0,0
5824,97.16373,free_swing,641,481,757,515,-8.399,73.664,0,583.10,-1091.79,1,120.88,12.85,2500,1,0,0
5825,97.18042,free_swing,669,468,743,507,2.526,62.210,0,641.31,-1377.99,1,83.65,39.69,2500,1,0,0
5826,97.1971,free_swing,691,452,727,550,13.134,20.171,0,613.07,-1745.06,1,104.40,24.73,2500,1,0,0
5827,97.21378,free_swing,706,436,706,479,22.463,0.000,0,518.57,-1543.17,1,43.00,69.00,2500,1,0,0
5828,97.23047,free_swing,716,422,690,488,30.493,-21.501,0,429.73,-969.80,1,70.94,48.86,2500,1,0,0
5829,97.24715,free_swing,723,412,671,477,36.870,-38.660,0,389.09,-939.89,1,83.24,39.99,2500,0,0,0
5830,97.26383,free_swing,728,402,651,470,42.879,-48.552,0,347.93,-682.36,1,102.73,25.94,2500,1,0,0
5831,97.28052,free_swing,732,392,649,433,48.991,-63.712,0,285.60,-380.93,1,92.57,33.26,2500,1,0,0
5832,97.2972,free_swing,734,387,637,431,52.237,-65.601,0,168.35,-425.61,1,106.51,23.21,2500,0,0,0
5833,97.31388,free_swing,735,384,617,427,54.162,-69.978,0,22.83,-559.25,0,125.59,9.46,2500,0,0,0
5834,97.33057,free_swing,734,385,614,387,53.259,-89.045,0,-125.09,-755.00,1,120.02,13.48,2500,0,0,0
5835,97.34725,free_swing,732,390,605,374,49.950,-97.181,0,-275.10,-684.02,0,128.00,7.72,2500,0,0,0
5836,97.36393,free_swing,728,399,594,362,44.132,-105.436,0,-393.00,-238.22,1,139.01,0.22,2500,1,0,0
5837,97.38062,free_swing,722,410,594,357,37.104,-112.493,0,-464.78,-226.22,0,138.54,0.12,2500,0,0,0
5838,97.3973,free_swing,713,423,568,377,28.787,-107.601,0,-486.92,-277.71,0,152.12,9.67,2500,0,0,0
5839,97.41398,free_swing,703,437,570,356,20.854,-121.342,0,-483.00,-377.51,1,155.72,12.27,2500,0,0,0
5840,97.43067,free_swing,690,449,562,359,12.995,-125.112,0,-463.23,-280.34,1,156.47,12.81,2500,0,0,0
5841,97.44735,free_swing,675,461,548,364,5.315,-127.372,0,-452.95,33.90,1,159.81,15.21,2500,1,0,0
5842,97.46403,free_swing,658,473,527,382,-2.031,-124.786,0,-437.26,-53.05,1,159.51,14.99,2500,0,0,0
5843,97.48072,free_swing,639,480,515,386,-9.211,-127.164,0,-409.60,-74.98,1,155.60,12.18,2500,0,0,0
5844,97.4974,free_swing,619,487,498,382,-15.848,-130.950,0,-377.94,-93.69,1,160.21,15.50,2500,0,0,0
5845,97.51408,free_swing,600,490,474,390,-21.739,-128.437,0,-352.46,-62.30,1,160.86,15.97,2500,0,0,0
5846,97.53077,free_swing,580,491,462,391,-27.565,-130.280,0,-341.35,81.79,1,154.67,11.51,2500,0,0,0
5847,97.54745,free_swing,560,489,445,394,-33.267,-129.560,0,-337.54,753.07,1,149.16,7.54,2500,1,0,0
5848,97.56413,free_swing,539,486,417,420,-38.841,-118.413,0,-329.78,-185.71,1,138.71,0.00,2500,1,0,0
5849,97.58082,free_swing,519,479,399,441,-44.409,-107.571,0,-341.53,-2217.36,1,125.87,9.25,2500,1,0,0
5850,97.5975,free_swing,499,469,499,340,-50.126,180.000,0,-381.61,-544.45,1,129.00,7.00,2500,1,0,0
5851,97.61418,free_swing,478,453,489,355,-56.813,173.596,0,-400.18,2806.66,1,98.62,28.90,2500,1,0,1
5852,97.63087,free_swing,458,433,411,485,-63.771,-42.109,0,-371.19,5160.18,1,70.09,49.47,2500,1,0,1
5853,97.64755,free_swing,447,415,446,473,-68.980,-0.988,0,-290.02,3503.10,1,58.01,58.18,2500,1,0,1
5854,97.66423,free_swing,438,400,477,459,-73.184,33.465,0,-199.49,993.16,1,70.72,49.01,2500,1,0,0
5855,97.68092,free_swing,434,390,500,455,-75.787,45.437,0,-126.59,499.78,1,92.63,33.22,2500,1,0,0
5856,97.6976,free_swing,432,384,515,440,-77.314,55.993,0,-62.25,75.31,1,100.12,27.82,2500,1,0,0
5857,97.71428,free_swing,430,382,516,468,-77.888,45.000,0,-5.85,282.19,1,121.62,12.32,2500,1,0,0
5858,97.73097,free_swing,431,383,545,444,-77.602,61.849,0,54.43,409.26,0,129.29,6.79,2500,0,0,0
5859,97.74765,free_swing,433,389,567,438,-76.081,69.914,0,113.58,449.31,0,142.68,2.86,2500,0,0,0
5860,97.76433,free_swing,437,398,579,451,-73.720,69.532,0,176.07,119.89,1,151.57,9.27,2500,1,0,0
5861,97.78102,free_swing,443,410,591,452,-70.478,74.157,0,219.87,225.45,1,153.84,10.91,2500,0,0,0
5862,97.7977,free_swing,452,425,604,454,-66.214,79.198,0,253.48,379.95,1,154.74,11.56,2500,0,0,0
5863,97.81438,free_swing,463,438,625,449,-62.076,86.116,0,277.76,475.73,1,162.37,17.06,2500,0,0,0
5864,97.83107,free_swing,477,452,636,442,-57.171,93.599,0,298.27,441.41,1,159.31,14.86,2500,0,0,0
5865,97.84775,free_swing,493,465,651,431,-51.962,102.144,0,320.38,207.16,1,161.62,16.52,2500,1,0,0
5866,97.86443,free_swing,512,475,679,440,-46.559,101.837,0,329.92,190.33,1,170.63,23.01,2500,0,0,0
5867,97.88112,free_swing,532,483,686,453,-40.943,101.023,0,340.55,-214.94,1,156.89,13.11,2500,1,0,0
5868,97.8978,free_swing,552,490,705,444,-35.089,106.734,0,363.44,-62.69,1,159.77,15.18,2500,0,0,0
5869,97.91448,free_swing,575,492,718,500,-28.811,86.798,0,402.69,-268.64,1,143.22,3.26,2500,1,0,0
5870,97.93117,free_swing,600,492,741,465,-21.492,100.840,0,473.58,-682.17,1,143.56,3.50,2500,1,0,0
5871,97.94785,free_swing,627,487,739,520,-13.076,73.583,0,574.27,-910.79,1,116.76,15.82,2500,1,0,0
5872,97.96453,free_swing,656,476,736,534,-2.783,54.058,0,638.55,-1563.07,1,98.81,28.76,2500,1,0,0
5873,97.98122,free_swing,682,460,717,508,8.443,36.098,0,617.01,-1334.98,1,59.41,57.17,2500,1,0,0
5874,97.9979,free_swing,699,443,705,557,17.969,3.013,0,549.08,-1502.30,1,114.16,17.70,2500,0,0,0
5875,98.01458,free_swing,711,430,695,510,26.095,-11.310,0,486.91,-1280.46,1,81.58,41.18,2500,1,0,0
5876,98.03127,free_swing,721,416,680,470,34.624,-37.208,0,496.48,-737.60,1,67.80,51.12,2500,1,0,0
5877,98.04795,free_swing,728,403,667,470,42.474,-42.316,0,521.13,-356.14,1,90.61,34.68,2500,1,0,0
5878,98.06463,free_swing,734,388,657,462,51.736,-46.138,0,501.64,-676.42,1,106.79,23.01,2500,1,0,0
5879,98.08132,free_swing,738,376,643,444,59.601,-54.405,0,441.34,-587.43,1,116.83,15.77,2500,0,0,0
5880,98.098,free_swing,740,367,649,377,65.556,-83.729,0,289.76,-157.14,1,91.55,34.00,2500,1,0,0
5881,98.11468,free_swing,741,361,627,439,69.605,-55.620,0,121.44,150.90,1,138.13,0.42,2500,1,0,0
5882,98.13137,free_swing,740,361,620,418,69.362,-64.592,0,-68.91,79.28,0,132.85,4.22,2500,0,0,0
5883,98.14805,free_swing,739,364,609,407,67.166,-71.697,0,-243.22,-561.51,1,136.93,1.28,2500,1,0,0
5884,98.16473,free_swing,737,372,592,405,61.607,-77.179,0,-391.32,-895.46,1,148.71,7.21,2500,1,0,0
5885,98.18142,free_swing,734,383,590,378,54.310,-91.989,0,-499.93,-918.35,0,144.09,3.88,2500,0,0,0
5886,98.1981,free_swing,728,397,595,319,45.000,-120.390,0,-543.65,-550.99,1,154.18,11.16,2500,1,0,0
5887,98.21478,free_swing,721,411,576,364,36.285,-107.959,0,-550.29,-105.91,1,152.43,9.89,2500,1,0,0
5888,98.23147,free_swing,711,426,566,363,27.051,-113.484,0,-533.74,88.32,1,158.09,13.98,2500,0,0,0
5889,98.24815,free_swing,699,441,566,367,18.277,-119.091,0,-529.39,-527.04,1,152.20,9.73,2500,1,0,0
5890,98.26483,free_swing,684,455,549,373,9.689,-121.275,0,-508.15,-544.03,1,157.95,13.87,2500,0,0,0
5891,98.28152,free_swing,666,467,562,339,1.273,-140.906,0,-474.07,-548.58,1,164.92,18.90,2500,0,0,0
5892,98.2982,free_swing,647,478,536,343,-6.254,-140.572,0,-428.16,-117.29,1,174.77,26.00,2500,1,0,0
5893,98.31488,free_swing,628,485,530,350,-12.885,-144.023,0,-392.62,-41.39,1,166.82,20.27,2500,0,0,0
5894,98.33157,free_swing,608,489,488,367,-19.306,-135.474,0,-373.52,191.06,1,171.13,23.37,2500,1,0,0
5895,98.34825,free_swing,587,491,500,351,-25.547,-148.142,0,-362.11,238.32,1,164.83,18.83,2500,0,0,0
5896,98.36493,free_swing,566,491,441,413,-31.386,-121.964,0,-351.01,397.83,0,147.34,6.22,2500,0,0,0
5897,98.38162,free_swing,545,487,438,392,-37.282,-131.600,0,-349.91,444.77,0,143.09,3.16,2500,0,0,0
5898,98.3983,free_swing,523,481,408,433,-43.216,-112.655,0,-373.66,538.24,1,124.62,10.16,2500,0,0,0
5899,98.41498,free_swing,501,470,409,442,-49.574,-106.928,0,-415.01,1595.59,1,96.17,30.67,2500,1,0,0
5900,98.43167,free_swing,478,453,405,479,-56.813,-70.396,0,-427.23,2090.06,1,77.49,44.13,2500,1,0,0
5901,98.44835,free_swing,458,432,442,461,-63.997,-28.887,0,-379.80,1973.63,1,33.12,76.12,2500,0,0,0
5902,98.46503,free_swing,446,414,442,502,-69.299,-2.603,0,-278.27,1574.51,1,88.09,36.49,2500,1,0,0
5903,98.48172,free_swing,439,400,455,491,-73.113,9.972,0,-180.84,1189.31,1,92.40,33.39,2500,1,0,0
5904,98.4984,free_swing,435,392,498,455,-75.256,45.000,0,-102.63,944.68,1,89.10,35.77,2500,1,0,0
5905,98.51508,free_swing,432,387,510,462,-76.608,46.123,0,-26.26,705.25,1,108.21,21.99,2500,1,0,0
5906,98.53177,free_swing,432,388,531,454,-76.373,56.310,0,36.11,210.83,1,118.98,14.22,2500,1,0,0
5907,98.54845,free_swing,433,393,555,449,-75.146,65.344,0,94.46,308.29,0,134.24,3.22,2500,0,0,0
5908,98.56513,free_swing,438,399,563,468,-73.418,61.101,0,141.65,111.37,0,142.78,2.94,2500,0,0,0
5909,98.58182,free_swing,442,410,583,463,-70.560,69.399,0,182.68,171.77,0,150.63,8.60,2500,0,0,0
5910,98.5985,free_swing,450,422,598,477,-67.094,69.614,0,224.51,200.34,1,157.89,13.83,2500,0,0,0
5911,98.61518,free_swing,460,434,613,472,-63.322,76.052,0,255.51,448.11,1,157.65,13.65,2500,1,0,0
5912,98.63187,free_swing,473,448,626,479,-58.595,78.546,0,280.01,396.16,1,156.11,12.54,2500,0,0,0
5913,98.64855,free_swing,488,460,650,438,-53.817,97.734,0,297.20,259.34,1,163.49,17.86,2500,0,0,0
5914,98.66523,free_swing,504,471,663,484,-48.840,85.326,0,312.47,422.18,1,159.53,15.01,2500,0,0,0
5915,98.68192,free_swing,523,480,686,455,-43.409,98.720,0,337.76,76.32,1,164.91,18.89,2500,1,0,0
5916,98.6986,free_swing,544,487,698,440,-37.515,106.972,0,353.34,-135.22,1,161.01,16.08,2500,1,0,0
5917,98.71528,free_swing,566,491,713,505,-31.386,84.560,0,374.27,-601.33,1,147.67,6.46,2500,1,0,0
5918,98.73197,free_swing,589,491,714,511,-24.958,80.910,0,446.96,-660.28,0,126.59,8.74,2500,0,0,0
5919,98.74865,free_swing,615,490,728,525,-16.899,72.790,0,547.61,-762.64,1,118.30,14.72,2500,0,0,0
5920,98.76533,free_swing,646,481,723,540,-6.509,52.539,0,624.54,-1269.47,1,97.01,30.07,2500,1,0,0
5921,98.78202,free_swing,672,467,712,542,3.814,28.072,0,611.65,-1519.01,1,85.00,38.72,2500,1,0,0
5922,98.7987,free_swing,692,451,700,529,13.696,5.856,0,533.72,-1410.18,1,78.41,43.47,2500,0,0,0
5923,98.81538,free_swing,705,438,679,512,21.615,-19.359,0,454.99,-1139.01,1,78.43,43.45,2500,1,0,0
5924,98.83207,free_swing,714,425,668,497,28.740,-32.574,0,407.34,-718.28,1,85.44,38.40,2500,1,0,0
5925,98.84875,free_swing,722,415,658,486,35.407,-42.032,0,422.92,-228.36,1,95.59,31.09,2500,1,0,0
5926,98.86543,free_swing,727,402,645,485,42.436,-44.653,0,428.03,-448.88,1,116.67,15.88,2500,1,0,0
5927,98.88212,free_swing,733,391,641,473,49.874,-48.289,0,379.68,-513.13,1,123.24,11.15,2500,0,0,0
5928,98.8988,free_swing,736,383,643,416,55.061,-70.463,0,258.96,-510.73,1,98.68,28.86,2500,0,0,0
5929,98.91548,free_swing,737,378,623,430,58.134,-65.480,0,110.68,-366.57,0,125.30,9.67,2500,0,0,0
5930,98.93217,free_swing,737,377,622,410,58.696,-73.989,0,-29.59,-77.62,1,119.64,13.75,2500,1,0,0
5931,98.94885,free_swing,736,379,606,404,57.225,-79.114,0,-161.21,-353.60,1,132.38,4.56,2500,1,0,0
5932,98.96553,free_swing,734,385,600,414,53.259,-77.788,0,-299.25,-332.85,0,137.10,1.16,2500,0,0,0
5933,98.98222,free_swing,731,394,597,390,47.643,-91.710,0,-413.20,-265.50,0,134.06,3.35,2500,0,0,0
5934,98.9989,free_swing,725,407,582,400,39.579,-92.802,0,-464.22,-278.57,0,143.17,3.22,2500,0,0,0
5935,99.01558,free_swing,717,419,573,413,31.827,-92.386,0,-483.34,-228.62,0,144.12,3.91,2500,0,0,0
5936,99.03227,free_swing,708,432,568,399,24.228,-103.263,0,-476.28,-232.80,0,143.84,3.70,2500,0,0,0
5937,99.04895,free_swing,695,445,552,406,15.811,-105.255,0,-475.56,-190.48,0,148.22,6.86,2500,0,0,0
5938,99.06563,free_swing,681,457,533,423,8.194,-102.938,0,-458.24,-238.73,0,151.86,9.48,2500,0,0,0
5939,99.08232,free_swing,665,469,534,416,0.836,-112.027,0,-422.58,-167.39,0,141.32,1.88,2500,0,0,0
5940,99.099,free_swing,647,479,531,424,-6.212,-115.367,0,-416.84,141.55,1,128.38,7.45,2500,1,0,0
5941,99.11568,free_swing,628,486,505,461,-12.804,-101.489,0,-411.06,675.74,1,125.51,9.51,2500,1,0,0
5942,99.13237,free_swing,605,490,494,485,-20.158,-92.579,0,-414.99,930.61,1,111.11,19.89,2500,1,0,0
5943,99.14905,free_swing,582,492,471,526,-26.851,-72.970,0,-438.34,1153.83,1,116.09,16.31,2500,1,0,0
5944,99.16573,free_swing,555,490,470,554,-34.354,-53.022,0,-475.44,1558.73,1,106.40,23.29,2500,1,0,0
5945,99.18242,free_swing,525,482,519,495,-42.614,-24.775,0,-481.88,1395.53,1,14.32,89.68,2500,0,0,0
5946,99.1991,free_swing,497,468,500,550,-50.673,2.095,0,-422.03,1652.03,1,82.05,40.84,2500,1,0,0
5947,99.21578,free_swing,479,454,511,565,-56.454,16.082,0,-321.74,1496.07,1,115.52,16.72,2500,0,0,0
5948,99.23247,free_swing,466,440,547,492,-61.267,57.301,0,-243.17,874.57,1,96.25,30.61,2500,1,0,0
5949,99.24915,free_swing,456,430,552,497,-64.666,55.088,0,-203.44,210.36,1,117.07,15.60,2500,1,0,0
5950,99.26583,free_swing,448,419,543,499,-67.969,49.899,0,-165.01,-130.78,1,124.20,10.46,2500,1,0,0
5951,99.28252,free_swing,443,410,555,484,-70.478,56.547,0,-132.32,408.61,1,134.24,3.22,2500,1,0,0
5952,99.2992,free_swing,439,404,567,462,-72.181,65.624,0,-92.34,334.11,0,140.53,1.31,2500,0,0,0
5953,99.31588,free_swing,437,399,568,446,-73.487,70.263,0,-45.94,182.01,0,139.18,0.34,2500,0,0,0
5954,99.33257,free_swing,437,397,573,455,-73.954,66.903,0,0.87,342.05,0,147.85,6.59,2500,0,0,0
5955,99.34925,free_swing,438,400,590,429,-73.184,79.198,0,58.34,280.32,1,154.74,11.56,2500,0,0,0
5956,99.36593,free_swing,440,404,599,411,-72.106,87.479,0,112.71,436.45,1,159.15,14.74,2500,0,0,0
5957,99.38262,free_swing,445,413,602,437,-69.617,81.309,0,155.54,195.21,1,158.82,14.50,2500,1,0,0
5958,99.3993,free_swing,452,423,623,393,-66.670,99.951,0,189.82,228.12,1,173.61,25.16,2500,0,0,0
5959,99.41598,free_swing,459,434,626,425,-63.435,93.085,0,216.30,524.92,1,167.24,20.57,2500,1,0,0
5960,99.43267,free_swing,470,445,633,402,-59.651,104.778,0,238.96,515.71,1,168.58,21.53,2500,0,0,0
5961,99.44935,free_swing,483,457,652,362,-55.222,119.342,0,260.82,274.00,1,193.87,39.77,2500,1,0,0
5962,99.46603,free_swing,497,466,665,385,-51.089,115.741,0,272.64,-460.22,1,186.51,34.46,2500,1,0,0
5963,99.48272,free_swing,513,476,676,447,-46.169,100.088,0,288.61,-312.95,1,165.56,19.36,2500,0,0,0
5964,99.4994,free_swing,531,482,691,460,-41.348,97.829,0,307.78,-164.19,1,161.51,16.44,2500,0,0,0
5965,99.51608,free_swing,550,488,706,434,-35.918,109.093,0,325.59,-147.67,1,165.08,19.01,2500,0,0,0
5966,99.53277,free_swing,570,491,718,501,-30.324,86.135,0,364.52,-585.05,1,148.34,6.94,2500,1,0,0
5967,99.54945,free_swing,593,491,723,504,-23.762,84.289,0,431.64,-946.96,1,130.65,5.81,2500,1,0,0
5968,99.56613,free_swing,618,489,736,544,-15.994,65.010,0,518.13,-790.45,0,130.19,6.14,2500,0,0,0
5969,99.58282,free_swing,646,480,723,553,-6.553,46.528,0,589.60,-1262.03,1,106.10,23.51,2500,1,0,0
5970,99.5995,free_swing,671,467,715,536,3.391,32.525,0,587.41,-1426.08,1,81.84,41.00,2500,0,0,0
5971,99.61618,free_swing,691,452,686,558,13.134,-2.701,0,521.81,-1603.38,1,106.12,23.50,2500,0,0,0
5972,99.63287,free_swing,703,439,675,504,20.497,-23.305,0,416.10,-1231.69,1,70.77,48.98,2500,1,0,0
5973,99.64955,free_swing,712,428,667,478,27.041,-41.987,0,345.68,-699.39,1,67.27,51.50,2500,1,0,0
5974,99.66623,free_swing,718,421,646,492,31.715,-45.401,0,289.08,-512.09,1,101.12,27.10,2500,0,0,0
5975,99.68292,free_swing,723,412,633,466,36.870,-59.036,0,220.75,-372.84,1,104.96,24.33,2500,0,0,0
5976,99.6996,free_swing,725,408,626,457,39.207,-63.667,0,130.45,-755.95,1,110.46,20.36,2500,1,0,0
5977,99.71628,free_swing,726,405,607,442,40.795,-72.728,0,11.17,-540.55,1,124.62,10.16,2500,1,0,0
5978,99.73297,free_swing,725,406,606,398,39.958,-93.846,0,-86.08,-306.08,1,119.27,14.01,2500,1,0,0
5979,99.74965,free_swing,723,410,594,430,37.569,-81.187,0,-197.70,-85.04,1,130.54,5.89,2500,1,0,0
5980,99.76633,free_swing,719,416,585,418,33.690,-89.145,0,-289.52,-529.65,1,134.01,3.38,2500,1,0,0
5981,99.78302,free_swing,713,426,572,400,28.009,-100.448,0,-365.55,-629.77,0,143.38,3.37,2500,0,0,0
5982,99.7997,free_swing,704,436,580,366,21.516,-119.445,0,-399.46,-149.18,1,142.39,2.66,2500,1,0,0
5983,99.81638,free_swing,693,446,544,419,14.744,-100.271,0,-406.84,-10.35,0,151.43,9.17,2500,0,0,0
5984,99.83307,free_swing,681,457,539,401,8.194,-111.523,0,-405.09,-286.81,1,152.64,10.05,2500,1,0,0
5985,99.84975,free_swing,666,467,538,392,1.273,-120.368,0,-392.81,-528.74,1,148.35,6.95,2500,1,0,0
5986,99.86643,free_swing,650,477,533,389,-5.123,-126.948,0,-384.85,-197.03,1,146.40,5.55,2500,1,0,0
5987,99.88312,free_swing,633,483,504,404,-11.237,-121.483,0,-369.94,291.74,1,151.27,9.05,2500,1,0,0
5988,99.8998,free_swing,613,489,490,407,-17.665,-123.690,0,-366.17,468.34,0,147.83,6.57,2500,0,0,0
5989,99.91648,free_swing,594,491,460,461,-23.459,-102.619,0,-354.44,473.28,0,137.32,1.00,2500,0,0,0
5990,99.93317,free_swing,573,491,458,461,-29.511,-104.621,0,-349.78,489.02,1,118.85,14.32,2500,0,0,0
5991,99.94985,free_swing,552,489,444,485,-35.261,-92.121,0,-375.81,704.11,1,108.07,22.09,2500,1,0,0
5992,99.96653,free_swing,528,483,441,502,-41.798,-77.681,0,-414.39,1351.24,1,89.05,35.80,2500,1,0,0
5993,99.98322,free_swing,503,471,461,510,-49.018,-47.121,0,-425.83,1939.22,1,57.31,58.68,2500,1,0,0
5994,99.9999,free_swing,480,455,458,522,-56.094,-18.178,0,-377.76,1910.80,1,70.52,49.16,2500,0,0,0
5995,100.01658,free_swing,464,440,486,497,-61.511,21.105,0,-295.90,1353.97,1,61.10,55.95,2500,1,0,0
5996,100.03327,free_swing,454,426,500,518,-65.784,26.565,0,-226.53,733.62,1,102.86,25.85,2500,1,0,0
5997,100.04995,free_swing,446,415,516,498,-69.069,40.143,0,-180.80,580.17,1,108.58,21.72,2500,0,0,0
5998,100.06663,free_swing,440,405,529,487,-71.874,47.344,0,-135.42,455.22,1,121.02,12.75,2500,0,0,0
5999,100.08332,free_swing,437,398,552,458,-73.720,62.447,0,-91.45,248.11,1,129.71,6.49,2500,1,0,0
6000,100.1,free_swing,435,394,545,481,-74.787,51.659,0,-49.10,405.63,0,140.25,1.11,2500,0,0,0
6001,100.11668,free_swing,434,392,572,444,-75.318,69.353,0,-2.36,428.36,0,147.47,6.32,2500,0,0,0
6002,100.13337,free_swing,435,393,586,421,-75.022,79.495,0,53.10,557.14,1,153.57,10.72,2500,0,0,0
6003,100.15005,free_swing,437,399,588,429,-73.487,78.763,0,106.30,192.18,1,153.95,10.99,2500,1,0,0
6004,100.16673,free_swing,441,407,602,411,-71.333,88.577,0,157.10,538.75,1,161.05,16.11,2500,1,0,0
6005,100.18342,free_swing,447,417,606,408,-68.519,93.240,0,198.66,529.10,1,159.25,14.81,2500,0,0,0
6006,100.2001,free_swing,456,430,630,361,-64.666,111.631,0,229.60,328.89,1,187.18,34.95,2500,1,0,0
6007,100.21678,free_swing,467,442,630,406,-60.698,102.454,0,256.15,137.75,1,166.93,20.34,2500,0,0,0
6008,100.23347,free_swing,479,454,648,388,-56.454,111.332,0,274.52,7.32,1,181.43,30.80,2500,0,0,0
6009,100.25015,free_swing,495,466,653,410,-51.423,109.516,0,294.10,57.19,1,167.63,20.85,2500,0,0,0
6010,100.26683,free_swing,512,475,668,415,-46.559,111.038,0,307.04,134.26,1,167.14,20.50,2500,0,0,0
6011,100.28352,free_swing,530,483,687,430,-41.373,108.654,0,315.17,-8.69,1,165.70,19.46,2500,0,0,0
6012,100.3002,free_swing,550,488,710,400,-35.918,118.811,0,327.85,-362.84,1,182.60,31.65,2500,1,0,0
6013,100.31688,free_swing,570,491,726,471,-30.324,97.306,0,348.16,-184.61,1,157.28,13.39,2500,0,0,0
6014,100.33357,free_swing,591,491,745,474,-24.362,96.299,0,383.21,-411.90,1,154.94,11.70,2500,1,0,0
6015,100.35025,free_swing,614,489,750,455,-17.333,104.036,0,450.63,-411.28,0,140.19,1.07,2500,0,0,0
6016,100.36693,free_swing,638,483,768,523,-9.401,72.897,0,537.36,-1005.72,1,136.01,1.94,2500,1,0,0
6017,100.38362,free_swing,664,470,753,511,0.415,65.266,0,622.49,-1433.52,1,97.99,29.36,2500,1,0,0
6018,100.4003,free_swing,687,455,738,520,11.041,38.118,0,630.92,-1364.30,1,82.62,40.44,2500,0,0,0
6019,100.41698,free_swing,705,438,716,500,21.615,10.061,0,544.52,-1528.43,1,62.97,54.60,2500,0,0,0
6020,100.43367,free_swing,715,425,705,499,29.211,-7.696,0,438.24,-1046.41,1,74.67,46.17,2500,1,0,0
6021,100.45035,free_swing,721,413,681,494,35.605,-26.281,0,368.59,-829.80,1,90.34,34.87,2500,1,0,0
6022,100.46703,free_swing,727,404,662,498,41.634,-34.663,0,322.68,-910.24,1,114.28,17.61,2500,0,0,0
6023,100.48372,free_swing,731,396,647,461,46.736,-52.267,0,262.99,-566.89,1,106.21,23.43,2500,1,0,0
6024,100.5004,free_swing,733,391,648,432,49.874,-64.250,0,167.40,-356.00,1,94.37,31.96,2500,1,0,0
6025,100.51708,free_swing,734,387,618,463,52.237,-56.768,0,37.68,-182.22,0,138.68,0.02,2500,0,0,0
6026,100.53377,free_swing,733,388,605,434,51.340,-70.233,0,-134.69,-539.61,1,136.01,1.94,2500,1,0,0
6027,100.55045,free_swing,730,393,588,422,47.684,-78.457,0,-306.19,-856.25,1,144.93,4.49,2500,1,0,0
6028,100.56713,free_swing,726,404,588,391,41.186,-95.382,0,-411.03,-560.29,1,138.61,0.07,2500,1,0,0
6029,100.58382,free_swing,719,415,572,386,34.007,-101.160,0,-471.83,-327.47,1,149.83,8.02,2500,1,0,0
6030,100.6005,free_swing,710,428,566,397,26.086,-102.149,0,-473.87,-119.18,1,147.30,6.19,2500,1,0,0
6031,100.61718,free_swing,698,441,552,397,17.802,-106.771,0,-474.93,-252.13,0,152.49,9.93,2500,0,0,0
6032,100.63387,free_swing,686,454,538,395,10.676,-111.735,0,-461.03,-508.00,1,159.33,14.86,2500,1,0,0
6033,100.65055,free_swing,669,465,532,385,2.583,-120.282,0,-439.00,-423.52,1,158.65,14.37,2500,0,0,0
6034,100.66723,free_swing,652,475,530,370,-4.399,-130.717,0,-413.38,-339.88,1,160.96,16.04,2500,0,0,0
6035,100.68392,free_swing,634,483,508,389,-10.871,-126.724,0,-378.73,-4.86,1,157.20,13.33,2500,1,0,0
6036,100.7006,free_swing,615,488,493,378,-17.103,-132.039,0,-371.73,315.64,1,164.27,18.43,2500,1,0,0
6037,100.71728,free_swing,595,490,460,410,-23.286,-120.651,0,-359.25,203.81,1,156.92,13.13,2500,0,0,0
6038,100.73397,free_swing,574,491,433,424,-29.238,-115.416,0,-345.25,353.83,1,156.11,12.54,2500,0,0,0
6039,100.75065,free_swing,554,489,426,421,-34.771,-117.979,0,-337.78,663.33,1,144.94,4.49,2500,1,0,0
6040,100.76733,free_swing,533,484,391,461,-40.539,-99.200,0,-352.34,279.84,1,143.85,3.71,2500,1,0,0
6041,100.78402,free_swing,512,475,386,481,-46.559,-87.274,0,-386.39,-277.27,1,126.14,9.06,2500,1,0,0
6042,100.8007,free_swing,489,462,425,433,-53.236,-114.376,0,-408.01,522.71,1,70.26,49.34,2500,1,0,0
6043,100.81738,free_swing,468,444,457,444,-60.129,-90.000,0,-385.29,2485.43,1,11.00,92.07,2500,1,0,0
6044,100.83407,free_swing,453,425,426,512,-66.114,-17.241,0,-313.87,3171.95,1,91.09,34.33,2500,1,0,1
6045,100.85075,free_swing,443,410,475,480,-70.478,24.567,0,-234.51,1586.96,1,76.97,44.51,2500,1,0,0
6046,100.86743,free_swing,437,398,477,494,-73.720,22.620,0,-168.69,182.18,1,104.00,25.02,2500,1,0,0
6047,100.88412,free_swing,434,388,488,499,-76.258,25.942,0,-116.54,348.98,1,123.44,11.01,2500,0,0,0
6048,100.9008,free_swing,431,383,509,474,-77.602,40.601,0,-55.78,687.97,1,119.85,13.59,2500,1,0,0
6049,100.91748,free_swing,430,381,537,456,-78.124,54.972,0,8.21,636.13,0,130.67,5.80,2500,0,0,0
6050,100.93417,free_swing,431,384,547,462,-77.367,56.083,0,65.01,584.57,0,139.79,0.78,2500,0,0,0
6051,100.95085,free_swing,433,390,571,436,-75.847,71.565,0,123.20,440.17,0,145.46,4.87,2500,0,0,0
6052,100.96753,free_swing,438,399,593,424,-73.418,80.838,0,178.65,590.90,1,157.00,13.19,2500,0,0,0
6053,100.98422,free_swing,444,412,594,437,-69.933,80.538,0,226.70,445.61,0,152.07,9.63,2500,0,0,0
6054,101.0009,free_swing,454,426,625,397,-65.784,99.625,0,258.41,363.28,1,173.44,25.04,2500,0,0,0
6055,101.01758,free_swing,465,440,622,417,-61.390,98.334,0,279.76,410.50,1,158.68,14.40,2500,0,0,0
6056,101.03427,free_swing,480,453,640,419,-56.527,101.997,0,306.77,218.03,1,163.57,17.93,2500,0,0,0
6057,101.05095,free_swing,496,466,650,399,-51.257,113.512,0,323.18,215.87,1,167.94,21.08,2500,0,0,0
6058,101.06763,free_swing,515,477,674,422,-45.587,109.081,0,328.21,-33.94,1,168.24,21.29,2500,1,0,0
6059,101.08432,free_swing,534,484,697,432,-40.321,107.694,0,337.17,-169.85,1,171.09,23.35,2500,0,0,0
6060,101.101,free_swing,555,489,713,445,-34.524,105.562,0,352.22,-386.48,1,164.01,18.24,2500,1,0,0
6061,101.11768,free_swing,577,492,736,463,-28.258,100.337,0,381.85,-247.15,1,161.62,16.52,2500,0,0,0
6062,101.13437,free_swing,600,490,750,503,-21.739,85.047,0,424.09,-416.37,0,150.56,8.55,2500,0,0,0
6063,101.15105,free_swing,624,487,756,476,-14.123,94.764,0,502.64,-795.32,1,132.46,4.51,2500,1,0,0
6064,101.16773,free_swing,650,479,765,538,-5.054,62.840,0,600.81,-1201.89,1,129.25,6.82,2500,1,0,0
6065,101.18442,free_swing,676,463,751,545,5.667,42.447,0,650.58,-1522.37,1,111.13,19.89,2500,1,0,0
6066,101.2011,free_swing,697,445,730,524,16.746,22.671,0,621.32,-1069.43,1,85.62,38.28,2500,1,0,0
6067,101.21778,free_swing,711,429,715,539,26.328,2.083,0,543.37,-1132.18,1,110.07,20.64,2500,0,0,0
6068,101.23447,free_swing,721,416,698,522,34.624,-12.242,0,486.82,-1270.02,1,108.47,21.80,2500,0,0,0
6069,101.25115,free_swing,728,403,675,476,42.474,-35.981,0,478.73,-780.12,1,90.21,34.96,2500,1,0,0
6070,101.26783,free_swing,733,390,662,446,50.356,-51.736,0,441.54,-633.18,1,90.43,34.81,2500,0,0,0
6071,101.28452,free_swing,737,379,651,475,57.579,-41.855,0,362.18,-235.03,1,128.89,7.08,2500,1,0,0
6072,101.3012,free_swing,738,372,645,413,61.928,-66.209,0,232.62,-218.69,1,101.64,26.73,2500,0,0,0
6073,101.31788,free_swing,740,368,627,442,64.942,-56.781,0,55.58,-546.43,1,135.07,2.62,2500,1,0,0
6074,101.33457,free_swing,738,368,614,416,64.359,-68.839,0,-133.35,-449.29,0,132.97,4.14,2500,0,0,0
6075,101.35125,free_swing,736,374,605,384,60.086,-85.635,0,-324.36,-705.42,1,131.38,5.28,2500,1,0,0
6076,101.36793,free_swing,734,384,591,390,53.781,-87.597,0,-445.65,-418.91,1,143.13,3.18,2500,1,0,0
6077,101.38462,free_swing,728,396,578,377,45.444,-97.219,0,-519.49,-383.53,0,151.20,9.00,2500,0,0,0
6078,101.4013,free_swing,721,410,573,373,36.634,-104.036,0,-560.76,-578.75,0,152.55,9.98,2500,0,0,0
6079,101.41798,free_swing,711,426,566,360,27.051,-114.474,0,-563.31,-738.78,1,159.31,14.86,2500,0,0,0
6080,101.43467,free_swing,698,441,568,344,17.802,-126.729,0,-538.25,-599.29,1,162.20,16.94,2500,0,0,0
6081,101.45135,free_swing,683,456,572,325,9.162,-139.724,0,-500.25,-349.84,1,171.70,23.79,2500,1,0,0
6082,101.46803,free_swing,666,468,548,347,1.264,-135.719,0,-471.73,-347.33,1,169.01,21.85,2500,0,0,0
6083,101.48472,free_swing,646,479,546,332,-6.597,-145.774,0,-450.99,-338.22,1,177.79,28.17,2500,0,0,0
6084,101.5014,free_swing,625,486,547,309,-13.861,-156.218,0,-428.71,-356.71,1,193.42,39.45,2500,0,0,0
6085,101.51808,free_swing,603,490,525,331,-20.794,-153.869,0,-392.83,-196.42,1,177.10,27.68,2500,0,0,0
6086,101.53477,free_swing,581,492,515,318,-27.135,-159.228,0,-368.17,-194.64,1,186.10,34.16,2500,0,0,0
6087,101.55145,free_swing,561,490,510,306,-32.845,-164.508,0,-336.73,-78.75,1,190.94,37.65,2500,0,0,0
6088,101.56813,free_swing,540,486,488,314,-38.614,-163.179,0,-319.07,-4.58,1,179.69,29.54,2500,0,0,0
6089,101.58482,free_swing,523,480,457,318,-43.409,-157.834,0,-301.98,521.41,1,174.93,26.11,2500,1,0,0
6090,101.6015,free_swing,505,471,454,297,-48.660,-163.664,0,-288.39,-405.27,1,181.32,30.72,2500,1,0,0
6091,101.61818,free_swing,489,462,410,331,-53.236,-148.908,0,-285.64,-1292.02,1,152.98,10.29,2500,1,0,0
6092,101.63487,free_swing,474,450,698,100,-58.022,147.381,0,-279.41,-1404.93,1,415.54,199.58,2500,0,0,0
6093,101.65155,free_swing,461,436,694,92,-62.758,145.889,0,-295.58,-937.61,1,415.48,199.54,2500,1,0,0
6094,101.66823,free_swing,449,420,665,131,-67.647,143.225,0,-312.13,131.91,1,360.80,160.11,2500,1,0,0
6095,101.68492,free_swing,438,401,651,173,-72.951,136.948,0,-298.48,-122.87,1,312.01,124.94,2500,1,0,0
6096,101.7016,free_swing,431,383,654,129,-77.602,138.718,0,-213.93,-117.59,1,338.00,143.68,2500,0,0,0
6097,101.71828,free_swing,428,373,639,155,-80.103,135.935,0,-77.79,433.70,1,303.39,118.72,2500,1,0,0
6098,101.73497,free_swing,429,373,664,185,-80.062,128.660,0,44.40,-1866.14,1,300.95,116.96,2500,1,0,0
6099,101.75165,free_swing,431,379,523,323,-78.548,121.329,0,117.66,-3572.42,1,107.70,22.35,2500,1,0,1
6100,101.76833,free_swing,433,388,412,474,-76.316,-13.722,0,159.31,-3127.13,1,88.53,36.18,2500,1,0,1
6101,101.78502,free_swing,438,399,423,491,-73.418,-9.260,0,190.51,-889.92,1,93.21,32.80,2500,1,0,0
6102,101.8017,free_swing,445,412,450,489,-69.848,3.715,0,226.12,977.70,1,77.16,44.37,2500,1,0,0
6103,101.81838,free_swing,455,425,465,491,-65.910,8.616,0,270.86,558.77,1,66.75,51.88,2500,1,0,0
6104,101.83507,free_swing,467,441,469,523,-60.921,1.397,0,321.66,23.22,1,82.02,40.87,2500,1,0,0
6105,101.85175,free_swing,484,457,505,497,-55.072,27.699,0,371.58,-747.98,1,45.18,67.43,2500,1,0,0
6106,101.86843,free_swing,505,471,482,563,-48.660,-14.036,0,400.10,529.90,1,94.83,31.63,2500,1,0,0
6107,101.88512,free_swing,529,482,507,552,-41.775,-17.447,0,409.17,-1857.90,1,73.38,47.10,2500,1,0,0
6108,101.9018,free_swing,553,489,555,493,-35.017,26.565,0,402.99,-1631.10,1,4.47,96.78,2500,1,0,0
6109,101.91848,free_swing,577,491,563,477,-28.408,-135.000,0,387.92,-875.07,1,19.80,85.73,2500,1,0,0
6110,101.93517,free_swing,599,491,557,558,-21.926,-32.082,0,396.08,617.43,1,79.08,42.99,2500,1,0,0
6111,101.95185,free_swing,620,488,588,555,-15.410,-25.530,0,414.96,2315.48,1,74.25,46.47,2500,1,0,0
6112,101.96853,free_swing,642,482,619,529,-7.970,-26.075,0,437.60,-141.03,1,52.33,62.28,2500,1,0,0
6113,101.98522,free_swing,661,473,650,561,-0.813,-7.125,0,436.41,457.65,1,88.68,36.06,2500,1,0,0
6114,102.0019,free_swing,678,463,667,522,6.532,-10.561,0,415.04,572.44,1,60.02,56.73,2500,0,0,0
6115,102.01858,free_swing,691,452,703,566,13.134,6.009,0,410.06,598.78,1,114.63,17.36,2500,0,0,0
6116,102.03527,free_swing,702,440,729,526,19.855,17.430,0,410.51,1017.48,1,90.14,35.02,2500,1,0,0
6117,102.05195,free_swing,712,429,758,502,26.801,32.217,0,393.51,934.80,1,86.28,37.79,2500,0,0,0
6118,102.06863,free_swing,718,417,774,459,32.905,53.130,0,311.21,862.57,1,70.00,49.53,2500,0,0,0
6119,102.08532,free_swing,722,410,805,455,37.104,61.535,0,178.71,729.66,1,94.41,31.93,2500,0,0,0
6120,102.102,free_swing,724,408,829,438,38.752,74.055,0,33.37,871.43,1,109.20,21.27,2500,0,0,0
6121,102.11868,free_swing,724,409,845,407,38.387,90.947,0,-71.67,1056.31,1,121.02,12.75,2500,0,0,0
6122,102.13537,free_swing,722,412,843,363,36.409,112.046,0,-119.09,1010.77,0,130.55,5.89,2500,0,0,0
6123,102.15205,free_swing,720,415,840,338,34.479,122.687,0,-126.49,822.05,0,142.58,2.79,2500,0,0,0
6124,102.16873,free_swing,717,417,828,295,32.428,137.703,0,-128.39,596.53,1,164.94,18.91,2500,1,0,0
6125,102.18542,free_swing,715,421,809,282,30.296,145.931,0,-129.79,483.10,1,167.80,20.97,2500,0,0,0
6126,102.2021,free_swing,712,425,792,274,27.784,152.085,0,-142.77,452.48,1,170.88,23.20,2500,0,0,0
6127,102.21878,free_swing,710,430,768,269,25.622,160.189,0,-179.24,580.33,1,171.13,23.37,2500,0,0,0
6128,102.23547,free_swing,705,436,731,254,21.991,171.870,0,-226.46,440.47,1,183.85,32.54,2500,0,0,0
6129,102.25215,free_swing,698,442,706,226,17.650,177.879,0,-282.95,240.56,1,216.15,55.83,2500,0,0,0
6130,102.26883,free_swing,690,450,703,250,12.888,176.281,0,-309.26,104.74,1,200.42,44.49,2500,0,0,0
6131,102.28552,free_swing,679,459,672,268,7.181,-177.901,0,-341.25,194.16,1,191.13,37.79,2500,0,0,0
6132,102.3022,free_swing,667,468,650,251,1.685,-175.521,0,-357.11,276.48,1,217.66,56.92,2500,0,0,0
6133,102.31888,free_swing,651,477,618,284,-4.731,-170.297,0,-364.48,216.99,1,195.80,41.16,2500,0,0,0
6134,102.33557,free_swing,635,483,595,301,-10.505,-167.605,0,-367.45,57.15,1,186.34,34.34,2500,0,0,0
6135,102.35225,free_swing,616,488,567,294,-16.767,-165.825,0,-352.15,111.23,1,200.09,44.25,2500,0,0,0
6136,102.36893,free_swing,597,491,553,292,-22.543,-167.532,0,-349.86,351.95,1,203.81,46.93,2500,1,0,0
6137,102.38562,free_swing,578,491,498,336,-28.129,-152.700,0,-339.81,768.57,1,174.43,25.75,2500,1,0,0
6138,102.4023,free_swing,557,489,459,359,-34.026,-142.989,0,-335.04,1093.50,1,162.80,17.37,2500,1,0,0
6139,102.41898,free_swing,537,485,414,389,-39.472,-127.972,0,-331.78,-550.68,1,156.03,12.49,2500,1,0,0
6140,102.43567,free_swing,517,478,409,372,-45.000,-134.465,0,-345.35,-1928.55,1,151.33,9.10,2500,1,0,0
6141,102.45235,free_swing,496,467,712,75,-51.049,151.144,0,-394.68,-1051.17,1,447.57,222.67,2500,1,0,0
6142,102.46903,free_swing,475,450,683,102,-57.885,149.133,0,-431.95,-2648.89,1,405.42,192.28,2500,1,0,1
6143,102.48572,free_swing,454,428,582,143,-65.329,155.814,0,-404.03,-3350.14,1,312.42,125.24,2500,1,0,1
6144,102.5024,free_swing,441,407,425,464,-71.333,-15.680,0,-287.87,-3445.63,1,59.20,57.32,2500,0,0,1
6145,102.51908,free_swing,435,394,454,461,-74.787,15.832,0,-131.33,-708.69,1,69.64,49.79,2500,1,0,0
6146,102.53577,free_swing,434,391,464,478,-75.552,19.026,0,2.00,1763.83,1,92.03,33.65,2500,1,0,0
6147,102.55245,free_swing,435,394,505,466,-74.787,44.193,0,90.86,419.33,1,100.42,27.60,2500,1,0,0
6148,102.56913,free_swing,438,402,508,498,-72.719,36.098,0,146.28,470.73,1,118.81,14.34,2500,0,0,0
6149,102.58582,free_swing,444,412,545,493,-69.933,51.271,0,194.87,279.28,0,129.47,6.66,2500,0,0,0
6150,102.6025,free_swing,452,424,565,497,-66.442,57.137,0,228.50,494.19,1,134.53,3.01,2500,1,0,0
6151,102.61918,free_swing,462,438,581,505,-62.194,60.619,0,258.15,496.31,0,136.57,1.55,2500,0,0,0
6152,102.63587,free_swing,475,450,601,493,-57.885,71.157,0,284.28,395.25,0,133.14,4.02,2500,0,0,0
6153,102.65255,free_swing,490,463,619,483,-52.866,81.187,0,304.64,-8.14,1,130.54,5.89,2500,1,0,0
6154,102.66923,free_swing,508,474,630,520,-47.506,69.341,0,327.52,-167.88,0,130.38,6.00,2500,0,0,0
6155,102.68592,free_swing,528,482,649,533,-41.987,67.145,0,355.02,-51.12,0,131.31,5.33,2500,0,0,0
6156,102.7026,free_swing,550,489,660,521,-35.744,73.780,0,392.09,-288.20,1,114.56,17.41,2500,1,0,0
6157,102.71928,free_swing,575,493,676,543,-28.660,63.662,0,447.28,-680.95,1,112.70,18.75,2500,1,0,0
6158,102.73597,free_swing,602,491,678,584,-20.989,39.256,0,511.17,-950.07,1,120.10,13.41,2500,1,0,0
6159,102.75265,free_swing,631,484,673,543,-11.889,35.446,0,543.38,-1058.32,1,72.42,47.79,2500,0,0,0
6160,102.76933,free_swing,657,475,673,551,-2.403,11.889,0,554.47,-1369.59,1,77.67,44.01,2500,1,0,0
6161,102.78602,free_swing,677,463,657,542,6.100,-14.207,0,518.68,-1201.63,1,81.49,41.25,2500,0,0,0
6162,102.8027,free_swing,695,449,672,484,15.297,-33.311,0,526.78,-577.02,1,41.88,69.81,2500,1,0,0
6163,102.81938,free_swing,707,434,664,520,23.334,-26.565,0,560.09,-285.75,1,96.15,30.68,2500,1,0,0
6164,102.83607,free_swing,720,417,654,498,33.845,-39.174,0,583.17,-145.74,1,104.48,24.67,2500,0,0,0
6165,102.85275,free_swing,728,401,665,470,43.290,-42.397,0,585.65,25.31,1,93.43,32.64,2500,0,0,0
6166,102.86943,free_swing,734,386,670,478,52.745,-34.824,0,544.79,79.13,1,112.07,19.20,2500,0,0,0
6167,102.88612,free_swing,738,373,668,482,61.336,-32.709,0,482.85,-65.42,0,129.54,6.61,2500,0,0,0
6168,102.9028,free_swing,741,362,667,435,68.962,-45.390,0,387.07,50.10,1,103.95,25.06,2500,0,0,0
6169,102.91948,free_swing,742,355,676,449,73.768,-35.074,0,244.48,-74.15,1,114.86,17.20,2500,0,0,0
6170,102.93617,free_swing,742,350,684,442,77.164,-32.229,0,75.37,-167.43,1,108.76,21.59,2500,0,0,0
6171,102.95285,free_swing,742,351,689,395,76.477,-50.301,0,-92.24,-17.21,1,68.88,50.34,2500,0,0,0
6172,102.96953,free_swing,742,355,690,418,73.768,-39.536,0,-237.64,435.10,1,81.69,41.11,2500,1,0,0
6173,102.98622,free_swing,740,362,686,489,68.714,-23.035,0,-358.54,571.20,0,138.00,0.51,2500,0,0,0
6174,103.0029,free_swing,739,372,693,472,62.241,-24.702,0,-461.31,148.61,1,110.07,20.64,2500,1,0,0
6175,103.01958,free_swing,734,385,689,489,53.259,-23.398,0,-527.76,-77.41,1,113.32,18.30,2500,1,0,0
6176,103.03627,free_swing,729,399,689,507,44.569,-20.323,0,-561.55,173.29,1,115.17,16.97,2500,1,0,0
6177,103.05295,free_swing,721,415,692,490,34.946,-21.140,0,-571.99,328.18,1,80.41,42.03,2500,0,0,0
6178,103.06963,free_swing,710,432,695,547,25.174,-7.431,0,-613.06,695.81,1,115.97,16.39,2500,1,0,0
6179,103.08632,free_swing,694,449,699,568,14.840,2.406,0,-664.97,1152.17,1,119.10,14.13,2500,1,0,0
6180,103.103,free_swing,671,467,710,550,3.391,25.168,0,-672.66,983.35,1,91.71,33.89,2500,0,0,0
6181,103.11968,free_swing,642,481,720,561,-8.022,44.275,0,-608.44,730.80,1,111.73,19.45,2500,1,0,0
6182,103.13637,free_swing,616,489,712,586,-16.666,44.703,0,-496.77,731.19,0,136.47,1.61,2500,0,0,0
6183,103.15305,free_swing,591,492,692,550,-24.228,60.133,0,-402.37,631.12,1,116.47,16.03,2500,0,0,0
6184,103.16973,free_swing,569,492,697,514,-30.434,80.248,0,-354.40,637.70,0,129.88,6.37,2500,0,0,0
6185,103.18642,free_swing,549,489,674,529,-35.984,72.255,0,-317.95,81.19,1,131.24,5.38,2500,1,0,0
6186,103.2031,free_swing,530,484,653,498,-41.186,83.506,0,-298.60,-54.15,1,123.79,10.75,2500,0,0,0
6187,103.21978,free_swing,514,476,635,514,-45.978,72.565,0,-279.75,-288.39,1,126.83,8.57,2500,1,0,0
6188,103.23647,free_swing,498,468,623,500,-50.503,75.641,0,-261.77,-377.89,0,129.03,6.98,2500,0,0,0
6189,103.25315,free_swing,484,459,596,531,-54.644,57.265,0,-237.23,-130.97,1,133.15,4.01,2500,1,0,0
6190,103.26983,free_swing,473,449,577,489,-58.376,68.962,0,-196.40,-38.23,1,111.43,19.67,2500,0,0,0
6191,103.28652,free_swing,465,441,551,491,-61.167,59.826,0,-138.01,-473.57,1,99.48,28.28,2500,1,0,0
6192,103.3032,free_swing,460,436,532,492,-62.873,52.125,0,-66.13,-1356.82,1,91.21,34.24,2500,1,0,0
6193,103.31988,free_swing,460,434,486,531,-63.322,15.005,0,14.05,-1539.36,1,100.42,27.60,2500,0,0,0
6194,103.33657,free_swing,462,437,451,527,-62.418,-6.968,0,106.99,-1709.26,1,90.67,34.63,2500,0,0,0
6195,103.35325,free_swing,469,444,414,529,-60.001,-32.905,0,183.32,-2039.76,1,101.24,27.01,2500,1,0,0
6196,103.36993,free_swing,480,454,416,471,-56.310,-75.124,0,215.42,-3214.47,1,66.22,52.26,2500,1,0,1
6197,103.38662,free_swing,490,463,426,414,-52.866,-127.439,0,194.55,-2131.61,1,80.60,41.89,2500,1,0,0
6198,103.4033,free_swing,500,469,479,326,-49.953,-171.646,0,156.20,-165.90,1,144.53,4.20,2500,1,0,0
6199,103.41998,free_swing,508,473,399,406,-47.708,-121.578,0,138.68,886.03,1,127.95,7.76,2500,1,0,0
6200,103.43667,free_swing,516,477,391,392,-45.392,-124.216,0,135.09,335.70,1,151.16,8.98,2500,1,0,0
6201,103.45335,free_swing,525,480,417,371,-42.997,-135.264,0,140.63,-699.04,1,153.44,10.62,2500,1,0,0
6202,103.47003,free_swing,533,483,432,348,-40.726,-143.198,0,143.68,-271.71,1,168.60,21.55,2500,1,0,0
6203,103.48672,free_swing,542,486,436,355,-38.157,-141.022,0,152.40,-205.42,1,168.51,21.49,2500,0,0,0
6204,103.5034,free_swing,552,488,461,346,-35.433,-147.346,0,190.28,-316.83,1,168.66,21.59,2500,0,0,0
6205,103.52008,free_swing,564,490,483,314,-32.071,-155.287,0,240.07,-299.38,1,193.74,39.68,2500,0,0,0
6206,103.53677,free_swing,581,491,508,320,-27.281,-156.882,0,286.89,19.66,1,185.93,34.04,2500,1,0,0
6207,103.55345,free_swing,598,490,520,330,-22.362,-154.011,0,313.26,172.13,1,178.00,28.33,2500,0,0,0
6208,103.57013,free_swing,615,489,528,334,-17.000,-150.695,0,331.77,49.87,1,177.75,28.14,2500,0,0,0
6209,103.58682,free_swing,633,483,546,322,-11.237,-151.614,0,368.08,17.58,1,183.00,31.93,2500,0,0,0
6210,103.6035,free_swing,651,477,567,314,-4.731,-152.736,0,414.80,160.10,1,183.37,32.20,2500,0,0,0
6211,103.62018,free_swing,669,467,568,318,2.545,-145.869,0,456.34,275.68,1,180.01,29.77,2500,0,0,0
6212,103.63687,free_swing,686,455,576,320,10.592,-140.826,0,492.70,181.59,1,174.14,25.54,2500,0,0,0
6213,103.65355,free_swing,700,441,580,301,18.750,-139.399,0,518.31,483.62,1,184.39,32.93,2500,1,0,0
6214,103.67023,free_swing,712,426,588,303,27.532,-134.768,0,497.38,307.21,1,174.66,25.92,2500,0,0,0
6215,103.68692,free_swing,721,413,572,345,35.605,-114.531,0,439.39,167.42,1,163.78,18.08,2500,0,0,0
6216,103.7036,free_swing,726,403,611,293,41.583,-133.727,0,317.79,391.05,1,159.14,14.73,2500,1,0,0
6217,103.72028,free_swing,729,395,590,323,46.332,-117.384,0,185.29,158.30,1,156.54,12.86,2500,1,0,0
6218,103.73697,free_swing,730,393,583,359,47.684,-103.023,0,41.83,124.95,0,150.88,8.78,2500,0,0,0
6219,103.75365,free_swing,730,393,617,314,47.684,-124.958,0,-85.00,-162.21,1,137.88,0.60,2500,1,0,0
6220,103.77033,free_swing,728,397,604,337,45.000,-115.821,0,-179.43,373.22,1,137.75,0.69,2500,1,0,0
6221,103.78702,free_swing,726,403,588,369,41.583,-103.841,0,-280.94,557.66,0,142.13,2.46,2500,0,0,0
6222,103.8037,free_swing,721,411,579,398,36.285,-95.231,0,-338.99,-168.17,1,142.59,2.80,2500,1,0,0
6223,103.82038,free_swing,714,421,594,379,29.814,-109.290,0,-373.37,145.16,1,127.14,8.34,2500,1,0,0
6224,103.83707,free_swing,707,431,587,393,23.962,-107.571,0,-387.82,-84.89,1,125.87,9.25,2500,1,0,0
6225,103.85375,free_swing,698,444,576,461,17.354,-82.067,0,-405.05,526.96,1,123.18,11.20,2500,1,0,0
6226,103.87043,free_swing,685,456,596,424,10.061,-109.776,0,-431.38,796.99,1,94.58,31.82,2500,1,0,0
6227,103.88712,free_swing,670,467,555,533,2.968,-60.148,0,-443.89,1001.48,1,132.59,4.41,2500,1,0,0
6228,103.9038,free_swing,651,477,583,530,-4.731,-52.067,0,-487.04,1439.73,1,86.21,37.84,2500,1,0,0
6229,103.92048,free_swing,627,487,584,549,-13.076,-34.743,0,-553.71,1423.82,1,75.45,45.60,2500,0,0,0
6230,103.93717,free_swing,595,493,590,601,-22.897,-2.651,0,-564.14,1794.16,1,108.12,22.06,2500,1,0,0
6231,103.95385,free_swing,562,492,613,562,-32.262,36.076,0,-504.04,1614.16,1,86.61,37.56,2500,0,0,0
6232,103.97053,free_swing,536,487,613,574,-39.330,41.511,0,-394.62,1069.89,1,116.18,16.24,2500,1,0,0
6233,103.98722,free_swing,517,477,625,519,-45.197,68.749,0,-293.65,536.92,1,115.88,16.46,2500,1,0,0
6234,104.0039,free_swing,501,470,621,511,-49.574,71.136,0,-244.98,348.87,0,126.81,8.58,2500,0,0,0
6235,104.02058,free_swing,489,463,622,507,-53.025,71.694,0,-213.29,389.82,0,140.09,1.00,2500,0,0,0
6236,104.03727,free_swing,478,452,629,475,-57.031,81.339,0,-205.92,525.22,1,152.74,10.12,2500,0,0,0
6237,104.05395,free_swing,469,444,630,420,-60.001,98.479,0,-197.96,128.31,1,162.78,17.35,2500,1,0,0
6238,104.07063,free_swing,460,434,615,449,-63.322,84.472,0,-175.08,-371.88,1,155.72,12.27,2500,1,0,0
6239,104.08732,free_swing,453,425,606,453,-66.114,79.629,0,-148.70,-247.33,1,155.54,12.14,2500,0,0,0
6240,104.104,free_swing,448,418,603,448,-68.199,79.046,0,-114.56,33.00,1,157.88,13.82,2500,1,0,0
6241,104.12068,free_swing,444,413,604,424,-69.702,86.067,0,-81.37,31.95,1,160.38,15.62,2500,0,0,0
6242,104.13737,free_swing,442,408,596,445,-71.022,76.490,0,-35.27,104.94,1,158.38,14.18,2500,0,0,0
6243,104.15405,free_swing,442,408,597,422,-71.022,84.839,0,17.59,12.60,1,155.63,12.20,2500,0,0,0
6244,104.17073,free_swing,444,411,604,418,-70.164,87.495,0,69.63,238.54,1,160.15,15.46,2500,1,0,0
6245,104.18742,free_swing,446,416,604,438,-68.839,82.073,0,107.96,14.05,1,159.52,15.01,2500,1,0,0
6246,104.2041,free_swing,452,423,616,413,-66.670,93.489,0,139.69,25.68,1,164.30,18.45,2500,0,0,0
6247,104.22078,free_swing,458,432,617,446,-63.997,84.968,0,176.12,164.64,1,159.62,15.07,2500,0,0,0
6248,104.23747,free_swing,466,441,627,441,-61.044,90.000,0,201.20,48.95,1,161.00,16.07,2500,0,0,0
6249,104.25415,free_swing,477,452,642,437,-57.171,95.194,0,225.00,-49.80,1,165.68,19.45,2500,0,0,0
6250,104.27083,free_swing,489,461,650,470,-53.448,86.800,0,250.12,-351.01,1,161.25,16.25,2500,1,0,0
6251,104.28752,free_swing,503,471,646,498,-49.018,79.308,0,276.31,-337.58,0,145.53,4.92,2500,0,0,0
6252,104.3042,free_swing,520,480,649,509,-44.016,77.330,0,313.83,-290.05,0,132.22,4.68,2500,0,0,0
6253,104.32088,free_swing,540,487,651,524,-38.434,71.565,0,367.29,-736.61,1,117.00,15.65,2500,1,0,0
6254,104.33757,free_swing,564,491,649,545,-31.908,57.572,0,452.61,-136.69,1,100.70,27.40,2500,1,0,0
6255,104.35425,free_swing,593,492,642,548,-23.629,41.186,0,522.91,-893.79,1,74.41,46.35,2500,1,0,0
6256,104.37093,free_swing,623,488,650,504,-14.381,59.349,0,521.97,-2076.11,1,31.38,77.37,2500,1,0,0
6257,104.38762,free_swing,647,479,625,518,-6.212,-29.427,0,446.16,-2629.44,1,44.78,67.72,2500,1,0,1
6258,104.4043,free_swing,664,470,613,506,0.415,-54.782,0,374.94,-1438.77,1,62.43,54.99,2500,1,0,0
6259,104.42098,free_swing,677,461,597,507,6.194,-60.101,0,366.67,-288.58,1,92.28,33.47,2500,1,0,0
6260,104.43767,free_swing,690,452,585,542,12.680,-49.399,0,407.94,-596.59,1,138.29,0.30,2500,1,0,0
6261,104.45435,free_swing,702,440,616,431,19.855,-95.974,0,430.46,-363.56,1,86.47,37.66,2500,1,0,0
6262,104.47103,free_swing,712,427,597,460,27.284,-73.989,0,432.07,19.48,1,119.64,13.75,2500,1,0,0
6263,104.48772,free_swing,719,416,592,466,33.690,-68.510,0,396.56,543.03,1,136.49,1.60,2500,1,0,0
6264,104.5044,free_swing,726,406,596,439,40.409,-75.757,0,322.03,-204.76,1,134.12,3.31,2500,1,0,0
6265,104.52108,free_swing,728,398,589,444,44.563,-71.689,0,202.89,-440.80,1,146.41,5.56,2500,1,0,0
6266,104.53777,free_swing,730,395,600,409,46.762,-83.853,0,46.31,-514.52,0,130.75,5.74,2500,0,0,0
6267,104.55445,free_swing,730,396,600,384,46.312,-95.274,0,-86.84,-143.53,1,130.55,5.88,2500,1,0,0
6268,104.57113,free_swing,728,400,597,394,43.708,-92.622,0,-213.25,-62.17,0,131.14,5.46,2500,0,0,0
6269,104.58782,free_swing,724,406,578,422,39.500,-83.746,0,-311.85,-216.11,0,146.87,5.89,2500,0,0,0
6270,104.6045,free_swing,718,415,587,372,33.530,-108.172,0,-366.53,-478.43,1,137.88,0.60,2500,1,0,0
6271,104.62118,free_swing,711,426,565,391,27.051,-103.481,0,-391.45,-301.81,0,150.14,8.24,2500,0,0,0
6272,104.63787,free_swing,703,437,557,388,20.854,-108.553,0,-396.63,165.83,1,154.00,11.03,2500,1,0,0
6273,104.65455,free_swing,692,449,548,412,13.921,-104.410,0,-406.73,294.84,0,148.68,7.19,2500,0,0,0
6274,104.67123,free_swing,679,459,532,436,7.181,-98.893,0,-407.13,366.37,0,148.79,7.27,2500,0,0,0
6275,104.68792,free_swing,664,468,513,469,0.421,-89.621,0,-388.12,-54.47,1,151.00,8.86,2500,1,0,0
6276,104.7046,free_swing,648,477,506,460,-5.906,-96.827,0,-387.85,26.80,0,143.01,3.10,2500,0,0,0
6277,104.72128,free_swing,630,484,507,465,-12.249,-98.781,0,-391.05,490.74,1,124.46,10.27,2500,1,0,0
6278,104.73797,free_swing,608,490,476,524,-19.193,-75.556,0,-394.61,830.55,1,136.31,1.73,2500,1,0,0
6279,104.75465,free_swing,586,492,476,549,-25.699,-62.608,0,-422.65,904.92,1,123.89,10.68,2500,0,0,0
6280,104.77133,free_swing,561,491,490,542,-32.681,-54.310,0,-465.16,1238.90,1,87.42,36.98,2500,1,0,0
6281,104.78802,free_swing,530,484,484,590,-41.186,-23.459,0,-473.17,2044.15,1,115.55,16.70,2500,1,0,0
6282,104.8047,free_swing,504,471,520,528,-48.840,15.680,0,-411.62,1938.80,1,59.20,57.32,2500,0,0,0
6283,104.82138,free_swing,485,459,535,508,-54.493,45.579,0,-309.51,1125.82,1,70.01,49.53,2500,1,0,0
6284,104.83807,free_swing,471,447,544,513,-59.080,47.883,0,-237.22,597.00,1,98.41,29.05,2500,1,0,0
6285,104.85475,free_swing,461,437,564,496,-62.534,60.195,0,-193.76,305.20,1,118.70,14.42,2500,1,0,0
6286,104.87143,free_swing,454,427,571,469,-65.556,70.253,0,-163.89,411.54,1,124.31,10.38,2500,0,0,0
6287,104.88812,free_swing,448,419,567,469,-67.969,67.209,0,-125.82,481.73,0,129.08,6.94,2500,0,0,0
6288,104.9048,free_swing,444,412,583,431,-69.933,82.216,0,-81.30,251.21,1,140.29,1.14,2500,1,0,0
6289,104.92148,free_swing,442,410,602,410,-70.560,90.000,0,-37.84,271.53,1,160.00,15.35,2500,0,0,0
6290,104.93817,free_swing,442,408,585,438,-71.022,78.152,0,12.29,203.23,0,146.11,5.34,2500,0,0,0
6291,104.95485,free_swing,443,410,605,392,-70.478,96.340,0,58.90,119.70,1,163.00,17.51,2500,0,0,0
6292,104.97153,free_swing,446,416,616,397,-68.839,96.377,0,110.33,161.53,1,171.06,23.32,2500,0,0,0
6293,104.98822,free_swing,451,423,612,428,-66.769,88.221,0,158.19,167.57,1,161.08,16.13,2500,0,0,0
6294,105.0049,free_swing,459,432,624,397,-63.886,101.976,0,191.72,365.58,1,168.67,21.60,2500,0,0,0
6295,105.02158,free_swing,468,444,633,383,-60.129,110.289,0,217.70,251.49,1,175.91,26.82,2500,0,0,0
6296,105.03827,free_swing,479,453,643,414,-56.671,103.377,0,233.09,-92.84,1,168.57,21.53,2500,1,0,0
6297,105.05495,free_swing,492,463,663,414,-52.545,105.990,0,256.62,-41.25,1,177.88,28.24,2500,0,0,0
6298,105.07163,free_swing,507,472,666,426,-48.094,106.136,0,272.16,114.62,1,165.52,19.33,2500,0,0,0
6299,105.08832,free_swing,523,481,690,429,-43.216,107.295,0,284.41,99.38,1,174.91,26.10,2500,0,0,0
6300,105.105,free_swing,540,485,703,432,-38.797,108.012,0,304.53,-139.33,1,171.40,23.57,2500,1,0,0
6301,105.12168,free_swing,560,490,707,448,-33.100,105.945,0,331.66,-613.23,1,152.88,10.22,2500,1,0,0
6302,105.13837,free_swing,581,491,724,493,-27.281,89.199,0,379.80,-465.09,0,143.01,3.10,2500,0,0,0
6303,105.15505,free_swing,603,491,729,519,-20.674,77.471,0,448.10,-687.53,1,129.07,6.95,2500,1,0,0
6304,105.17173,free_swing,629,486,733,499,-12.450,82.875,0,540.26,-772.64,1,104.81,24.44,2500,0,0,0
6305,105.18842,free_swing,656,476,717,538,-2.783,44.534,0,585.09,-899.85,1,86.98,37.30,2500,0,0,0
6306,105.2051,free_swing,679,462,707,501,7.017,35.676,0,541.93,-2461.01,1,48.01,65.39,2500,1,0,0
6307,105.22178,free_swing,695,449,698,495,15.297,3.731,0,459.08,-2800.67,1,46.10,66.77,2500,1,0,1
6308,105.23847,free_swing,705,437,678,438,21.801,-87.879,0,362.29,-2322.68,1,27.02,80.52,2500,1,0,0
6309,105.25515,free_swing,713,427,668,435,27.759,-79.919,0,308.76,-1193.31,1,45.71,67.05,2500,1,0,0
6310,105.27183,free_swing,717,419,646,423,31.827,-86.775,0,260.48,481.50,1,71.11,48.73,2500,1,0,0
6311,105.28852,free_swing,722,412,637,389,36.409,-105.141,0,199.34,184.90,1,88.06,36.52,2500,1,0,0
6312,105.3052,free_swing,724,408,619,457,38.752,-64.983,0,118.19,428.75,1,115.87,16.46,2500,1,0,0
6313,105.32188,free_swing,725,406,610,416,39.958,-85.030,0,12.15,23.14,1,115.43,16.78,2500,1,0,0
6314,105.33857,free_swing,724,407,593,427,39.123,-81.320,0,-102.79,-592.10,1,132.52,4.46,2500,1,0,0
6315,105.35525,free_swing,722,411,592,406,36.754,-92.203,0,-231.85,-187.20,1,130.10,6.21,2500,1,0,0
6316,105.37193,free_swing,717,420,576,408,31.535,-94.865,0,-323.59,-586.48,1,141.51,2.02,2500,1,0,0
6317,105.38862,free_swing,710,430,568,400,25.622,-101.929,0,-379.88,-335.85,1,145.13,4.63,2500,1,0,0
6318,105.4053,free_swing,701,440,570,375,19.385,-116.390,0,-403.27,-187.49,0,146.24,5.43,2500,0,0,0
6319,105.42198,free_swing,689,451,544,411,12.325,-105.422,0,-417.09,-145.39,0,150.42,8.44,2500,0,0,0
6320,105.43867,free_swing,675,462,539,401,5.274,-114.158,0,-412.85,-360.87,1,149.05,7.46,2500,1,0,0
6321,105.45535,free_swing,660,472,540,390,-1.228,-124.346,0,-391.79,-487.96,0,145.34,4.78,2500,0,0,0
6322,105.47203,free_swing,643,479,524,381,-7.748,-129.472,0,-375.56,30.89,1,154.16,11.14,2500,1,0,0
6323,105.48872,free_swing,625,486,502,407,-13.861,-122.712,0,-363.62,244.61,1,146.18,5.39,2500,1,0,0
6324,105.5054,free_swing,606,490,484,430,-19.837,-116.188,0,-349.82,631.86,1,135.96,1.98,2500,1,0,0
6325,105.52208,free_swing,586,492,474,444,-25.699,-113.199,0,-357.91,234.63,1,121.85,12.15,2500,1,0,0
6326,105.53877,free_swing,565,491,446,487,-31.648,-91.925,0,-375.98,509.36,1,119.07,14.16,2500,1,0,0
6327,105.55545,free_swing,541,486,466,465,-38.387,-105.642,0,-412.72,1263.45,1,77.88,43.85,2500,1,0,0
6328,105.57213,free_swing,516,478,443,523,-45.196,-58.349,0,-435.23,1916.61,1,85.76,38.18,2500,1,0,0
6329,105.58882,free_swing,491,463,463,526,-52.706,-23.962,0,-403.49,2218.69,1,68.94,50.30,2500,1,0,0
6330,105.6055,free_swing,472,447,477,553,-58.948,2.701,0,-330.77,1498.59,1,106.12,23.50,2500,1,0,0
6331,105.62218,free_swing,459,434,502,530,-63.435,24.128,0,-246.62,920.29,1,105.19,24.16,2500,1,0,0
6332,105.63887,free_swing,450,422,523,508,-67.094,40.326,0,-198.34,393.70,1,112.81,18.67,2500,1,0,0
6333,105.65555,free_swing,444,411,517,514,-70.164,35.327,0,-168.13,218.67,0,126.25,8.98,2500,0,0,0
6334,105.67223,free_swing,438,402,539,501,-72.719,45.573,0,-128.57,839.03,1,141.43,1.96,2500,1,0,0
6335,105.68892,free_swing,436,395,560,464,-74.489,60.906,0,-76.52,994.26,0,141.90,2.30,2500,0,0,0
6336,105.7056,free_swing,434,392,593,401,-75.318,86.760,0,-29.54,396.57,1,159.25,14.81,2500,1,0,0
6337,105.72228,free_swing,434,392,575,436,-75.318,72.669,0,8.68,-264.05,1,147.71,6.49,2500,1,0,0
6338,105.73897,free_swing,435,393,576,437,-75.022,72.669,0,53.89,-23.20,1,147.71,6.49,2500,1,0,0
6339,105.75565,free_swing,437,398,585,443,-73.720,73.088,0,109.70,589.13,1,154.69,11.52,2500,1,0,0
6340,105.77233,free_swing,442,407,614,389,-71.255,95.974,0,163.57,556.56,1,172.94,24.68,2500,0,0,0
6341,105.78902,free_swing,448,418,613,405,-68.199,94.505,0,202.96,534.75,1,165.51,19.32,2500,0,0,0
6342,105.8057,free_swing,456,430,628,393,-64.666,102.140,0,232.63,216.79,1,175.93,26.84,2500,1,0,0
6343,105.82238,free_swing,467,443,638,372,-60.476,112.548,0,253.08,256.01,1,185.15,33.48,2500,0,0,0
6344,105.83907,free_swing,480,455,641,406,-56.094,106.928,0,269.26,110.84,1,168.29,21.33,2500,0,0,0
6345,105.85575,free_swing,495,465,656,398,-51.633,112.595,0,288.58,4.67,1,174.38,25.72,2500,0,0,0
6346,105.87243,free_swing,512,475,668,403,-46.559,114.775,0,308.76,162.81,1,171.81,23.87,2500,0,0,0
6347,105.88912,free_swing,530,484,684,422,-41.186,111.930,0,315.64,152.21,1,166.01,19.68,2500,0,0,0
6348,105.9058,free_swing,550,488,709,396,-35.918,120.054,0,328.36,211.92,1,183.70,32.43,2500,0,0,0
6349,105.92248,free_swing,570,490,721,404,-30.481,119.663,0,350.86,-296.91,1,173.77,25.28,2500,1,0,0
6350,105.93917,free_swing,592,492,743,427,-23.929,113.290,0,393.69,-756.38,1,164.40,18.52,2500,1,0,0
6351,105.95585,free_swing,614,490,755,495,-17.230,87.969,0,449.87,-1107.87,1,141.09,1.72,2500,1,0,0
6352,105.97253,free_swing,639,483,755,502,-9.031,80.698,0,532.88,-994.29,1,117.55,15.26,2500,0,0,0
6353,105.98922,free_swing,664,471,757,541,0.412,53.032,0,631.60,-1182.92,1,116.40,16.08,2500,0,0,0
6354,106.0059,free_swing,688,455,727,497,11.489,42.879,0,631.33,-1669.54,1,57.31,58.68,2500,1,0,0
6355,106.02258,free_swing,706,438,708,475,22.080,3.094,0,546.79,-1478.89,1,37.05,73.29,2500,0,0,0
6356,106.03927,free_swing,715,425,689,501,29.211,-18.886,0,422.18,-1311.49,1,80.32,42.09,2500,0,0,0
6357,106.05595,free_swing,722,414,671,510,35.735,-27.979,0,335.95,-697.01,1,108.71,21.63,2500,1,0,0
6358,106.07263,free_swing,726,405,658,470,40.795,-46.292,0,285.42,-592.58,1,94.07,32.18,2500,0,0,0
6359,106.08932,free_swing,729,398,640,473,45.000,-49.879,0,204.43,-338.23,1,116.39,16.09,2500,1,0,0
6360,106.106,free_swing,731,394,621,464,47.643,-57.529,0,91.20,-361.07,0,130.38,6.00,2500,0,0,0
6361,106.12268,free_swing,731,393,614,463,48.106,-59.108,0,-46.94,-521.48,0,136.34,1.71,2500,0,0,0
6362,106.13937,free_swing,729,396,604,421,45.881,-78.690,0,-188.60,-748.91,1,127.48,8.10,2500,1,0,0
6363,106.15605,free_swing,726,402,591,421,41.987,-81.989,0,-298.17,-636.93,0,136.33,1.71,2500,0,0,0
6364,106.17273,free_swing,721,412,577,386,35.942,-100.235,0,-390.73,-397.90,1,146.33,5.49,2500,1,0,0
6365,106.18942,free_swing,714,423,563,404,29.268,-97.172,0,-453.46,-397.57,0,152.19,9.72,2500,0,0,0
6366,106.2061,free_swing,703,436,563,389,21.038,-108.558,0,-454.59,-366.06,0,147.68,6.47,2500,0,0,0
6367,106.22278,free_swing,691,448,550,385,13.570,-114.075,0,-460.47,-384.92,1,154.43,11.34,2500,0,0,0
6368,106.23947,free_swing,678,460,544,375,6.684,-122.388,0,-444.66,-542.14,1,158.69,14.40,2500,0,0,0
6369,106.25615,free_swing,659,471,523,379,-1.648,-124.077,0,-434.76,-507.87,1,164.20,18.37,2500,0,0,0
6370,106.27283,free_swing,642,480,545,341,-8.076,-145.091,0,-401.04,-81.99,1,169.50,22.20,2500,1,0,0
6371,106.28952,free_swing,623,486,502,380,-14.560,-131.219,0,-364.94,298.24,1,160.86,15.97,2500,1,0,0
6372,106.3062,free_swing,604,490,473,403,-20.477,-123.589,0,-360.71,616.71,1,157.26,13.37,2500,1,0,0
6373,106.32288,free_swing,583,492,456,416,-26.565,-120.897,0,-343.84,112.27,1,148.00,6.70,2500,1,0,0
6374,106.33957,free_swing,563,491,424,432,-32.167,-112.999,0,-340.14,188.67,0,151.00,8.86,2500,0,0,0
6375,106.35625,free_swing,543,487,427,428,-37.747,-116.959,0,-344.23,733.07,1,130.14,6.18,2500,1,0,0
6376,106.37293,free_swing,521,480,400,469,-43.815,-95.194,0,-375.21,951.24,1,121.50,12.41,2500,1,0,0
6377,106.38962,free_swing,499,469,381,511,-50.126,-70.408,0,-405.87,1311.65,1,125.25,9.70,2500,1,0,0
6378,106.4063,free_swing,477,452,430,476,-57.171,-62.949,0,-403.14,1334.96,1,52.77,61.95,2500,0,0,0
6379,106.42298,free_swing,459,433,408,531,-63.660,-27.493,0,-350.49,1449.28,1,110.48,20.35,2500,0,0,0
6380,106.43967,free_swing,447,416,434,537,-68.749,-6.132,0,-262.95,1460.61,1,121.70,12.26,2500,0,0,0
6381,106.45635,free_swing,440,403,463,508,-72.339,12.355,0,-191.63,955.71,1,107.49,22.51,2500,1,0,0
6382,106.47303,free_swing,435,393,491,491,-75.022,29.745,0,-139.87,689.64,1,112.87,18.63,2500,1,0,0
6383,106.48972,free_swing,431,385,508,484,-77.132,37.875,0,-89.91,873.83,0,125.42,9.58,2500,0,0,0
6384,106.5064,free_swing,430,381,527,468,-78.124,48.111,0,-35.47,662.39,1,130.30,6.06,2500,1,0,0
6385,106.52308,free_swing,430,381,556,419,-78.124,73.217,0,25.32,400.34,1,131.61,5.12,2500,1,0,0
6386,106.53977,free_swing,431,384,561,457,-77.367,60.684,0,85.85,401.05,0,149.09,7.49,2500,0,0,0
6387,106.55645,free_swing,434,392,583,437,-75.318,73.195,0,152.04,645.43,1,155.65,12.21,2500,1,0,0
6388,106.57313,free_swing,440,403,613,391,-72.339,93.968,0,200.25,771.69,1,173.42,25.02,2500,0,0,0
6389,106.58982,free_swing,447,417,614,385,-68.519,100.847,0,235.74,332.35,1,170.04,22.59,2500,1,0,0
6390,106.6065,free_swing,456,430,618,411,-64.666,96.689,0,265.39,181.05,1,163.11,17.59,2500,0,0,0
6391,106.62318,free_swing,469,445,632,391,-59.780,108.329,0,287.34,216.44,1,171.71,23.79,2500,0,0,0
6392,106.63987,free_swing,484,458,640,397,-54.858,111.357,0,306.95,344.64,1,167.50,20.76,2500,0,0,0
6393,106.65655,free_swing,500,470,654,410,-49.748,111.286,0,319.70,287.26,1,165.28,19.15,2500,0,0,0
6394,106.67323,free_swing,519,480,671,381,-44.215,123.077,0,337.26,170.16,1,181.40,30.78,2500,0,0,0
6395,106.68992,free_swing,540,487,690,389,-38.434,123.158,0,343.55,171.43,1,179.18,29.17,2500,0,0,0
6396,106.7066,free_swing,561,491,718,408,-32.681,117.864,0,350.88,-56.09,1,177.59,28.03,2500,1,0,0
6397,106.72328,free_swing,582,492,727,383,-26.851,126.933,0,363.21,-282.61,1,181.40,30.78,2500,1,0,0
6398,106.73997,free_swing,604,491,756,428,-20.358,112.513,0,388.19,-473.48,1,164.54,18.62,2500,0,0,0
6399,106.75665,free_swing,626,485,771,460,-13.595,99.782,0,458.15,-920.15,1,147.14,6.08,2500,1,0,0
6400,106.77333,free_swing,649,478,778,474,-5.477,91.776,0,560.18,-1043.11,0,129.06,6.95,2500,0,0,0
6401,106.79002,free_swing,675,464,783,520,5.194,62.592,0,676.05,-1378.72,1,121.66,12.29,2500,1,0,0
6402,106.8067,free_swing,697,446,768,522,16.607,43.052,0,677.87,-1605.56,1,104.00,25.02,2500,1,0,0
6403,106.82338,free_swing,714,427,743,524,28.229,16.645,0,595.10,-1196.02,1,101.24,27.01,2500,1,0,0
6404,106.84007,free_swing,722,413,713,503,36.069,-5.711,0,505.67,-1050.88,1,90.45,34.79,2500,0,0,0
6405,106.85675,free_swing,729,400,703,528,44.145,-11.482,0,415.13,-877.77,0,130.61,5.84,2500,0,0,0
6406,106.87343,free_swing,734,390,681,469,50.755,-33.857,0,317.12,-747.68,1,95.13,31.42,2500,0,0,0
6407,106.89012,free_swing,736,384,657,463,54.537,-45.000,0,173.19,-823.39,1,111.72,19.45,2500,0,0,0
6408,106.9068,free_swing,736,381,649,451,56.129,-51.180,0,42.64,-356.70,1,111.66,19.50,2500,1,0,0
6409,106.92348,free_swing,736,381,633,424,56.129,-67.341,0,-81.31,-682.14,1,111.62,19.53,2500,1,0,0
6410,106.94017,free_swing,735,385,611,445,53.643,-64.179,0,-202.75,-698.90,0,137.75,0.69,2500,0,0,0
6411,106.95685,free_swing,732,392,607,382,48.991,-94.574,0,-341.81,-572.58,0,125.40,9.59,2500,0,0,0
6412,106.97353,free_swing,727,401,587,404,42.847,-88.772,0,-448.33,-357.38,1,140.03,0.95,2500,1,0,0
6413,106.99022,free_swing,719,415,572,395,34.007,-97.748,0,-514.51,-144.68,1,148.35,6.95,2500,1,0,0
6414,107.0069,free_swing,709,428,555,403,25.602,-99.221,0,-530.55,-652.02,1,156.02,12.48,2500,1,0,0
6415,107.02358,free_swing,697,444,552,379,16.887,-114.146,0,-497.99,-491.47,1,158.90,14.56,2500,0,0,0
6416,107.04027,free_swing,682,456,547,366,8.711,-123.690,0,-478.34,-345.56,1,162.25,16.97,2500,0,0,0
6417,107.05695,free_swing,666,468,525,388,1.264,-119.570,0,-445.30,-43.55,1,162.11,16.87,2500,1,0,0
6418,107.07363,free_swing,647,478,521,387,-6.254,-125.838,0,-416.80,-238.53,1,155.43,12.05,2500,0,0,0
6419,107.09032,free_swing,628,486,501,390,-12.804,-127.086,0,-396.03,-286.33,1,159.20,14.77,2500,0,0,0
6420,107.107,free_swing,608,490,492,370,-19.193,-135.971,0,-374.68,137.49,1,166.90,20.33,2500,1,0,0
6421,107.12368,free_swing,587,491,458,398,-25.547,-125.789,0,-366.03,571.31,1,159.03,14.65,2500,1,0,0
6422,107.14037,free_swing,566,491,433,430,-31.386,-114.638,0,-351.11,241.27,1,146.32,5.49,2500,1,0,0
6423,107.15705,free_swing,545,487,406,441,-37.282,-108.311,0,-342.31,224.83,0,146.41,5.56,2500,0,0,0
6424,107.17373,free_swing,524,481,428,422,-43.011,-121.574,0,-365.64,540.16,1,112.68,18.76,2500,1,0,0
6425,107.19042,free_swing,502,471,392,484,-49.194,-83.260,0,-407.27,1571.92,1,110.77,20.15,2500,1,0,0
6426,107.2071,free_swing,479,454,401,486,-56.454,-67.694,0,-420.25,2085.97,1,84.31,39.22,2500,1,0,0
6427,107.22378,free_swing,459,434,443,478,-63.435,-19.983,0,-370.69,1712.79,1,46.82,66.25,2500,1,0,0
6428,107.24047,free_swing,448,416,441,518,-68.660,-3.926,0,-286.85,1418.04,1,102.24,26.29,2500,1,0,0
6429,107.25715,free_swing,439,402,470,496,-72.646,18.252,0,-205.96,809.41,1,98.98,28.64,2500,1,0,0
6430,107.27383,free_swing,434,390,486,486,-75.787,28.443,0,-149.72,600.17,1,109.18,21.29,2500,1,0,0
6431,107.29052,free_swing,432,383,510,478,-77.550,39.388,0,-92.48,623.90,1,122.92,11.38,2500,0,0,0
6432,107.3072,free_swing,429,378,523,476,-78.879,43.807,0,-37.61,664.77,0,135.79,2.10,2500,0,0,0
6433,107.32388,free_swing,429,378,562,436,-78.879,66.438,0,21.43,482.63,0,145.10,4.61,2500,0,0,0
6434,107.34057,free_swing,430,381,564,446,-78.124,64.123,0,84.13,470.75,0,148.93,7.37,2500,0,0,0
6435,107.35725,free_swing,433,389,580,439,-76.081,71.215,0,142.29,468.71,1,155.27,11.94,2500,0,0,0
6436,107.37393,free_swing,438,399,595,408,-73.418,86.719,0,197.83,554.61,1,157.26,13.37,2500,0,0,0
6437,107.39062,free_swing,445,413,613,405,-69.617,92.726,0,232.41,391.78,1,168.19,21.25,2500,0,0,0
6438,107.4073,free_swing,455,427,617,416,-65.452,93.884,0,267.40,500.95,1,162.37,17.06,2500,0,0,0
6439,107.42398,free_swing,466,441,634,387,-61.044,107.819,0,288.78,521.40,1,176.47,27.22,2500,0,0,0
6440,107.44067,free_swing,481,456,648,361,-55.733,119.634,0,303.59,442.55,1,192.13,38.51,2500,0,0,0
6441,107.45735,free_swing,498,467,655,392,-50.711,115.534,0,321.91,172.90,1,173.99,25.44,2500,1,0,0
6442,107.47403,free_swing,516,477,672,370,-45.392,124.446,0,338.42,-97.11,1,189.17,36.38,2500,1,0,0
6443,107.49072,free_swing,537,486,685,395,-39.289,121.586,0,349.88,123.20,1,173.74,25.25,2500,1,0,0
6444,107.5074,free_swing,558,491,705,421,-33.440,115.463,0,357.86,36.53,1,162.82,17.38,2500,0,0,0
6445,107.52408,free_swing,579,492,736,362,-27.699,129.626,0,368.49,-166.45,1,203.84,46.95,2500,1,0,0
6446,107.54077,free_swing,602,491,752,420,-20.989,115.330,0,395.13,-440.75,1,165.95,19.64,2500,1,0,0
6447,107.55745,free_swing,624,486,770,455,-14.211,101.988,0,433.07,-784.11,1,149.25,7.60,2500,1,0,0
6448,107.57413,free_swing,646,479,793,463,-6.597,96.212,0,504.04,-932.49,0,147.87,6.60,2500,0,0,0
6449,107.59082,free_swing,669,468,790,502,2.526,74.305,0,623.60,-1351.91,1,125.69,9.39,2500,1,0,0
6450,107.6075,free_swing,692,450,776,530,13.808,46.397,0,703.07,-1532.79,1,116.00,16.37,2500,0,0,0
6451,107.62418,free_swing,711,430,762,540,26.095,24.874,0,672.05,-1200.70,1,121.25,12.59,2500,1,0,0
6452,107.64087,free_swing,722,412,739,542,36.409,7.450,0,577.86,-881.72,1,131.11,5.48,2500,1,0,0
6453,107.65755,free_swing,729,399,715,537,44.569,-5.793,0,495.32,-1018.63,0,138.71,0.00,2500,0,0,0
6454,107.67423,free_swing,735,387,702,473,52.624,-20.993,0,420.70,-890.43,1,92.11,33.59,2500,0,0,0
6455,107.69092,free_swing,738,377,672,447,59.036,-43.315,0,293.25,-681.63,1,96.21,30.64,2500,1,0,0
6456,107.7076,free_swing,739,372,651,471,62.241,-41.634,0,114.76,-404.41,1,132.46,4.51,2500,1,0,0
6457,107.72428,free_swing,738,371,637,446,62.526,-53.403,0,-51.71,-412.66,0,125.80,9.31,2500,0,0,0
6458,107.74097,free_swing,737,374,618,438,60.422,-61.728,0,-226.53,-989.95,1,135.12,2.59,2500,1,0,0
6459,107.75765,free_swing,736,382,600,408,55.592,-79.177,0,-389.48,-1180.00,0,138.46,0.18,2500,0,0,0
6460,107.77433,free_swing,730,394,597,360,47.220,-104.340,0,-524.13,-858.71,1,137.28,1.03,2500,1,0,0
6461,107.79102,free_swing,723,408,594,353,38.290,-113.091,0,-591.39,-465.96,1,140.24,1.10,2500,1,0,0
6462,107.8077,free_swing,712,424,566,370,28.040,-110.298,0,-587.80,-323.69,1,155.67,12.23,2500,0,0,0
6463,107.82438,free_swing,699,440,566,341,18.435,-126.663,0,-563.68,-512.02,1,165.80,19.53,2500,0,0,0
6464,107.84107,free_swing,684,455,564,343,9.689,-133.025,0,-516.28,-643.31,1,164.15,18.34,2500,0,0,0
6465,107.85775,free_swing,666,469,548,326,1.254,-140.471,0,-470.71,-375.98,1,185.40,33.66,2500,1,0,0
6466,107.87443,free_swing,647,478,558,325,-6.254,-149.813,0,-427.23,-128.45,1,177.00,27.61,2500,1,0,0
6467,107.89112,free_swing,628,486,529,334,-12.804,-146.923,0,-385.53,-98.42,1,181.40,30.78,2500,0,0,0
6468,107.9078,free_swing,608,490,510,353,-19.193,-144.423,0,-361.07,99.99,1,168.44,21.44,2500,0,0,0
6469,107.92448,free_swing,589,491,506,322,-24.958,-153.843,0,-344.14,-41.15,1,188.28,35.74,2500,0,0,0
6470,107.94117,free_swing,569,491,466,365,-30.591,-140.735,0,-326.31,56.88,1,162.74,17.33,2500,0,0,0
6471,107.95785,free_swing,550,488,464,338,-35.918,-150.173,0,-308.75,120.10,1,172.90,24.65,2500,0,0,0
6472,107.97453,free_swing,532,483,434,357,-40.943,-142.125,0,-287.83,518.16,1,159.62,15.08,2500,1,0,0
6473,107.99122,free_swing,516,476,416,352,-45.591,-141.116,0,-285.99,-365.42,1,159.30,14.84,2500,1,0,0
6474,108.0079,free_swing,499,468,389,368,-50.332,-132.274,0,-291.50,-1547.54,1,148.66,7.18,2500,1,0,0
6475,108.02458,free_swing,482,456,650,64,-55.586,156.801,0,-309.73,-1788.46,1,426.48,207.47,2500,1,0,0
6476,108.04127,free_swing,466,443,642,89,-60.601,153.565,0,-337.30,-1093.15,1,395.34,185.01,2500,1,0,0
6477,108.05795,free_swing,452,424,639,147,-66.442,145.977,0,-345.32,848.51,1,334.21,140.95,2500,1,0,0
6478,108.07463,free_swing,440,403,639,148,-72.339,142.032,0,-320.28,-2017.32,1,323.46,133.19,2500,1,0,0
6479,108.09132,free_swing,433,386,667,124,-76.787,138.231,0,-227.27,-3989.92,1,351.28,153.25,2500,1,0,1
6480,108.108,free_swing,428,374,385,484,-79.867,-21.351,0,-102.38,-3510.73,1,118.11,14.85,2500,1,0,1
6481,108.12468,free_swing,428,372,403,502,-80.340,-10.886,0,8.17,-1038.60,1,132.38,4.56,2500,1,0,0
6482,108.14137,free_swing,429,376,444,491,-79.351,7.431,0,87.68,1834.13,1,115.97,16.39,2500,1,0,0
6483,108.15805,free_swing,431,383,460,502,-77.602,13.696,0,136.14,758.91,1,122.48,11.70,2500,1,0,0
6484,108.17473,free_swing,435,393,500,479,-75.022,37.082,0,179.88,467.53,1,107.80,22.28,2500,1,0,0
6485,108.19142,free_swing,441,406,503,511,-71.565,30.561,0,215.80,247.43,1,121.94,12.09,2500,1,0,0
6486,108.2081,free_swing,448,420,520,512,-67.741,38.047,0,250.20,-158.11,1,116.82,15.78,2500,1,0,0
6487,108.22478,free_swing,459,434,538,537,-63.435,37.488,0,281.15,280.74,1,129.81,6.42,2500,1,0,0
6488,108.24147,free_swing,474,449,555,564,-58.241,35.159,0,312.71,514.90,1,140.66,1.41,2500,1,0,0
6489,108.25815,free_swing,490,463,574,519,-52.866,56.310,0,352.88,270.14,1,100.96,27.22,2500,1,0,0
6490,108.27483,free_swing,511,475,586,529,-46.747,54.246,0,395.69,-445.34,1,92.42,33.37,2500,1,0,0
6491,108.29152,free_swing,536,486,594,582,-39.512,31.139,0,442.27,-1128.48,1,112.16,19.14,2500,1,0,0
6492,108.3082,free_swing,563,492,595,594,-32.005,17.418,0,472.40,-1047.22,1,106.90,22.93,2500,0,0,0
6493,108.32488,free_swing,592,492,597,623,-23.929,2.186,0,491.84,-783.41,1,131.10,5.49,2500,1,0,0
6494,108.34157,free_swing,619,488,605,559,-15.751,-11.155,0,476.01,-633.98,1,72.37,47.83,2500,0,0,0
6495,108.35825,free_swing,643,481,608,582,-7.645,-19.113,0,455.60,-341.59,1,106.89,22.94,2500,1,0,0
6496,108.37493,free_swing,661,472,616,571,-0.818,-24.444,0,460.43,-641.15,1,108.75,21.60,2500,1,0,0
6497,108.39162,free_swing,680,462,630,544,7.450,-31.373,0,480.49,-585.79,1,96.04,30.76,2500,0,0,0
6498,108.4083,free_swing,696,448,637,490,15.880,-54.554,0,514.66,-312.13,1,72.42,47.79,2500,1,0,0
6499,108.42498,free_swing,708,432,648,504,24.228,-39.806,0,537.95,179.71,1,93.72,32.43,2500,1,0,0
6500,108.44167,free_swing,720,418,672,472,33.536,-41.634,0,549.41,342.37,1,72.25,47.91,2500,0,0,0
6501,108.45835,free_swing,728,402,680,473,42.879,-34.061,0,533.53,223.36,1,85.70,38.21,2500,0,0,0
6502,108.47503,free_swing,733,389,689,457,50.845,-32.905,0,464.42,563.39,1,80.99,41.61,2500,1,0,0
6503,108.49172,free_swing,737,378,719,442,58.134,-15.709,0,363.77,1014.11,1,66.48,52.07,2500,1,0,0
6504,108.5084,free_swing,739,371,738,440,62.835,-0.830,0,202.27,1197.32,1,69.01,50.25,2500,0,0,0
6505,108.52508,free_swing,740,368,756,402,64.942,25.201,0,8.96,755.11,1,37.58,72.91,2500,1,0,0
6506,108.54177,free_swing,739,371,776,436,62.835,29.650,0,-186.22,631.19,1,74.79,46.08,2500,0,0,0
6507,108.55845,free_swing,737,377,802,468,58.696,35.538,0,-386.55,745.67,1,111.83,19.38,2500,1,0,0
6508,108.57513,free_swing,733,389,812,436,50.845,59.250,0,-525.94,1029.13,1,91.92,33.73,2500,1,0,0
6509,108.59182,free_swing,725,404,836,436,40.732,73.918,0,-598.64,822.77,1,115.52,16.72,2500,1,0,0
6510,108.6085,free_swing,716,419,840,434,31.350,83.103,0,-566.03,649.66,0,124.90,9.95,2500,0,0,0
6511,108.62518,free_swing,705,435,840,429,22.184,92.545,0,-499.11,676.73,0,135.13,2.58,2500,0,0,0
6512,108.64187,free_swing,693,447,827,401,14.621,108.947,0,-440.13,483.53,0,141.68,2.14,2500,0,0,0
6513,108.65855,free_swing,680,459,822,402,7.624,111.871,0,-393.31,366.91,1,153.01,10.31,2500,0,0,0
6514,108.67523,free_swing,666,467,812,403,1.273,113.671,0,-388.14,303.76,1,159.41,14.93,2500,0,0,0
6515,108.69192,free_swing,650,476,787,378,-5.159,125.577,0,-391.40,201.36,1,168.44,21.44,2500,0,0,0
6516,108.7086,free_swing,631,483,767,384,-11.965,126.052,0,-391.47,272.33,1,168.22,21.27,2500,0,0,0
6517,108.72528,free_swing,611,489,751,399,-18.325,122.735,0,-382.38,41.23,1,166.43,19.99,2500,1,0,0
6518,108.74197,free_swing,590,492,730,346,-24.525,136.202,0,-374.69,-86.05,1,202.28,45.83,2500,0,0,0
6519,108.75865,free_swing,568,491,718,401,-30.858,120.964,0,-376.00,-262.44,1,174.93,26.11,2500,0,0,0
6520,108.77533,free_swing,546,487,697,405,-37.047,118.504,0,-365.30,-452.31,1,171.83,23.88,2500,0,0,0
6521,108.79202,free_swing,525,480,684,408,-42.997,114.362,0,-337.88,-416.80,1,174.54,25.83,2500,0,0,0
6522,108.8087,free_swing,506,472,658,434,-48.276,104.036,0,-301.23,-388.23,1,156.68,12.96,2500,0,0,0
6523,108.82538,free_swing,490,463,641,453,-52.866,93.789,0,-245.72,-338.11,0,151.33,9.10,2500,0,0,0
6524,108.84207,free_swing,478,454,617,442,-56.597,94.934,0,-188.69,-1074.08,1,139.52,0.58,2500,1,0,0
6525,108.85875,free_swing,471,448,568,485,-58.861,69.121,0,-112.04,-1741.87,1,103.82,25.15,2500,1,0,0
6526,108.87543,free_swing,468,443,509,548,-60.350,21.329,0,-9.42,-2102.58,1,112.72,18.74,2500,1,0,0
6527,108.89212,free_swing,471,445,475,531,-59.521,2.663,0,97.00,-1542.97,1,86.09,37.93,2500,1,0,0
6528,108.9088,free_swing,478,452,417,540,-57.031,-34.729,0,168.33,-3098.26,1,107.07,22.81,2500,1,0,1
6529,108.92548,free_swing,486,460,399,484,-54.127,-74.578,0,153.86,-4703.88,1,90.25,34.94,2500,1,0,1
6530,108.94217,free_swing,493,465,582,148,-51.962,164.318,0,88.82,-2563.24,1,329.26,137.37,2500,1,0,1
6531,108.95885,free_swing,496,466,637,141,-51.257,156.547,0,26.26,364.44,1,354.27,155.41,2500,1,0,0
6532,108.97553,free_swing,495,467,395,377,-51.216,-131.987,0,-4.54,2091.42,1,134.54,3.01,2500,1,0,0
6533,108.99222,free_swing,495,467,399,337,-51.216,-143.556,0,-7.41,264.19,1,161.60,16.51,2500,1,0,0
6534,109.0089,free_swing,495,467,405,331,-51.216,-146.505,0,15.02,-1102.61,1,163.08,17.57,2500,1,0,0
6535,109.02558,free_swing,497,467,454,288,-50.880,-166.492,0,51.53,-568.60,1,184.09,32.72,2500,1,0,0
6536,109.04227,free_swing,502,470,477,295,-49.399,-171.870,0,90.55,-475.74,1,176.78,27.44,2500,0,0,0
6537,109.05895,free_swing,508,473,492,300,-47.708,-174.716,0,118.89,-302.24,1,173.74,25.25,2500,0,0,0
6538,109.07563,free_swing,515,477,533,276,-45.587,174.883,0,138.91,-509.91,1,201.80,45.49,2500,1,0,0
6539,109.09232,free_swing,524,481,565,287,-43.011,168.067,0,172.16,-473.88,1,198.29,42.95,2500,0,0,0
6540,109.109,free_swing,535,485,607,299,-39.916,158.839,0,202.98,-381.55,1,199.45,43.79,2500,0,0,0
6541,109.12568,free_swing,549,488,627,310,-36.158,156.337,0,235.91,-310.47,1,194.34,40.11,2500,0,0,0
6542,109.14237,free_swing,563,491,664,328,-32.167,148.216,0,253.24,-283.05,1,191.76,38.24,2500,0,0,0
6543,109.15905,free_swing,579,493,680,343,-27.553,146.046,0,273.91,-255.47,1,180.83,30.37,2500,0,0,0
6544,109.17573,free_swing,595,491,717,350,-23.155,139.132,0,294.98,-425.27,1,186.45,34.42,2500,0,0,0
6545,109.19242,free_swing,613,489,749,353,-17.665,135.000,0,313.61,-442.75,1,192.33,38.66,2500,0,0,0
6546,109.2091,free_swing,630,485,776,405,-12.171,118.720,0,376.03,-602.51,1,166.48,20.02,2500,0,0,0
6547,109.22578,free_swing,649,476,790,399,-5.553,118.639,0,475.48,-690.04,1,160.65,15.82,2500,0,0,0
6548,109.24247,free_swing,672,465,796,453,3.871,95.528,0,623.05,-806.39,1,124.58,10.19,2500,0,0,0
6549,109.25915,free_swing,694,449,790,457,14.840,85.236,0,716.83,-1462.13,1,96.33,30.55,2500,1,0,0
6550,109.27583,free_swing,712,427,767,461,27.284,58.276,0,665.43,-1849.01,1,64.66,53.38,2500,1,0,0
6551,109.29252,free_swing,723,411,744,480,37.216,16.928,0,489.17,-2050.27,1,72.12,48.00,2500,1,0,0
6552,109.3092,free_swing,727,401,708,510,42.847,-9.888,0,235.00,-1420.17,1,110.64,20.23,2500,1,0,0
6553,109.32588,free_swing,729,398,677,491,45.000,-29.211,0,10.03,-1115.35,1,106.55,23.18,2500,1,0,0
6554,109.34257,free_swing,728,401,655,485,43.290,-40.992,0,-178.92,-914.02,1,111.29,19.77,2500,1,0,0
6555,109.35925,free_swing,725,408,629,448,39.207,-67.380,0,-329.21,-772.65,1,104.00,25.02,2500,0,0,0
6556,109.37593,free_swing,718,418,598,468,32.600,-67.380,0,-435.17,-732.15,0,130.00,6.28,2500,0,0,0
6557,109.39262,free_swing,709,431,582,444,24.922,-84.155,0,-486.09,-740.36,0,127.66,7.96,2500,0,0,0
6558,109.4093,free_swing,696,444,572,424,16.417,-99.162,0,-495.60,-839.54,0,125.60,9.45,2500,0,0,0
6559,109.42598,free_swing,682,457,555,409,8.643,-110.704,0,-485.03,-657.92,0,135.77,2.12,2500,0,0,0
6560,109.44267,free_swing,664,469,539,410,0.418,-115.267,0,-466.82,3.74,1,138.22,0.35,2500,1,0,0
6561,109.45935,free_swing,645,478,524,400,-7.028,-122.807,0,-441.06,79.96,0,143.96,3.79,2500,0,0,0
6562,109.47603,free_swing,624,486,481,456,-14.211,-101.848,0,-401.23,-231.79,1,146.11,5.34,2500,1,0,0
6563,109.49272,free_swing,604,490,491,411,-20.477,-124.958,0,-369.48,32.32,1,137.88,0.60,2500,1,0,0
6564,109.5094,free_swing,583,492,473,422,-26.565,-122.471,0,-351.73,418.12,1,130.38,6.00,2500,1,0,0
6565,109.52608,free_swing,563,490,421,480,-32.330,-94.028,0,-362.76,955.87,1,142.35,2.63,2500,1,0,0
6566,109.54277,free_swing,540,486,415,490,-38.614,-88.167,0,-389.31,733.79,1,125.06,9.84,2500,1,0,0
6567,109.55945,free_swing,516,477,419,495,-45.392,-79.487,0,-424.18,789.23,1,98.66,28.88,2500,0,0,0
6568,109.57613,free_swing,492,463,422,511,-52.545,-55.561,0,-428.17,2101.51,1,84.88,38.81,2500,1,0,0
6569,109.59282,free_swing,470,445,450,492,-59.651,-23.051,0,-386.12,1882.10,1,51.08,63.18,2500,1,0,0
6570,109.6095,free_swing,455,427,482,476,-65.452,28.856,0,-310.44,1492.29,1,55.95,59.67,2500,1,0,0
6571,109.62618,free_swing,445,412,464,524,-69.848,9.628,0,-238.24,652.49,1,113.60,18.10,2500,1,0,0
6572,109.64287,free_swing,439,399,513,470,-73.348,46.185,0,-190.47,14.77,1,102.55,26.07,2500,1,0,0
6573,109.65955,free_swing,433,388,502,501,-76.316,31.409,0,-157.81,94.98,0,132.40,4.55,2500,0,0,0
6574,109.67623,free_swing,430,379,503,499,-78.596,31.314,0,-119.90,138.04,0,140.46,1.26,2500,0,0,0
6575,109.69292,free_swing,428,372,518,483,-80.340,39.036,0,-75.53,514.37,1,142.90,3.02,2500,1,0,0
6576,109.7096,free_swing,427,369,550,437,-81.090,61.064,0,-26.07,659.10,0,140.55,1.32,2500,0,0,0
6577,109.72628,free_swing,426,369,542,471,-81.127,48.674,0,32.44,593.72,1,154.47,11.36,2500,0,0,0
6578,109.74297,free_swing,427,373,570,401,-80.144,78.921,0,86.61,352.29,1,145.72,5.05,2500,1,0,0
6579,109.75965,free_swing,430,381,581,419,-78.124,75.875,0,138.48,510.44,1,155.71,12.26,2500,0,0,0
6580,109.77633,free_swing,434,391,583,425,-75.552,77.146,0,185.68,238.16,1,152.83,10.18,2500,1,0,0
6581,109.79302,free_swing,440,404,606,397,-72.106,92.415,0,223.10,285.11,1,166.15,19.78,2500,0,0,0
6582,109.8097,free_swing,448,419,614,413,-67.969,92.070,0,256.37,111.21,1,166.11,19.75,2500,0,0,0
6583,109.82638,free_swing,459,433,621,442,-63.660,86.820,0,279.67,105.36,1,162.25,16.97,2500,0,0,0
6584,109.84307,free_swing,472,448,640,427,-58.728,97.125,0,300.30,235.69,1,169.31,22.06,2500,0,0,0
6585,109.85975,free_swing,488,461,657,429,-53.604,100.722,0,311.74,94.52,1,172.00,24.00,2500,0,0,0
6586,109.87643,free_swing,506,472,668,456,-48.276,95.641,0,318.87,-94.97,1,162.79,17.36,2500,0,0,0
6587,109.89312,free_swing,525,480,688,466,-42.997,94.909,0,335.58,-158.37,1,163.60,17.95,2500,0,0,0
6588,109.9098,free_swing,546,487,703,474,-37.047,94.733,0,368.11,-565.62,1,157.54,13.57,2500,1,0,0
6589,109.92648,free_swing,569,491,718,511,-30.591,82.355,0,412.37,-43.10,1,150.34,8.38,2500,1,0,0
6590,109.94317,free_swing,595,491,723,540,-23.155,69.053,0,478.25,-373.74,1,137.06,1.19,2500,1,0,0
6591,109.95985,free_swing,622,488,731,479,-14.725,94.720,0,582.25,-926.97,1,109.37,21.15,2500,1,0,0
6592,109.97653,free_swing,652,477,715,565,-4.338,35.599,0,639.23,-1724.87,1,108.23,21.98,2500,1,0,0
6593,109.99322,free_swing,679,461,694,505,7.070,18.825,0,615.03,-2039.75,1,46.49,66.49,2500,1,0,0
6594,110.0099,free_swing,696,447,683,522,16.011,-9.834,0,530.66,-976.03,1,76.12,45.12,2500,1,0,0
6595,110.02658,free_swing,708,433,662,518,24.015,-28.421,0,425.87,-1161.23,1,96.65,30.32,2500,0,0,0
6596,110.04327,free_swing,717,422,645,521,30.964,-36.027,0,378.03,-677.23,1,122.41,11.75,2500,1,0,0
6597,110.05995,free_swing,722,413,641,457,36.069,-61.489,0,333.07,-799.60,1,92.18,33.54,2500,0,0,0
6598,110.07663,free_swing,727,403,624,472,42.032,-56.182,0,277.40,-580.02,1,123.98,10.62,2500,1,0,0
6599,110.09332,free_swing,730,397,621,416,45.868,-80.112,0,203.49,43.64,1,110.64,20.23,2500,1,0,0
6600,110.11,free_swing,731,393,612,442,48.106,-67.620,0,91.20,-9.50,0,128.69,7.22,2500,0,0,0
6601,110.12668,free_swing,731,391,600,458,49.054,-62.913,0,-14.47,-36.10,0,147.14,6.08,2500,0,0,0
6602,110.14337,free_swing,731,394,599,420,47.643,-78.857,0,-148.39,-490.75,1,134.54,3.01,2500,1,0,0
6603,110.16005,free_swing,728,399,590,415,44.132,-83.387,0,-287.41,-598.83,0,138.92,0.16,2500,0,0,0
6604,110.17673,free_swing,723,408,569,411,38.290,-88.884,0,-376.07,-532.27,1,154.03,11.05,2500,0,0,0
6605,110.19342,free_swing,716,419,575,381,31.350,-105.083,0,-431.54,-474.66,0,146.03,5.28,2500,0,0,0
6606,110.2101,free_swing,708,431,567,385,24.444,-108.068,0,-441.44,-193.22,1,148.31,6.92,2500,1,0,0
6607,110.22678,free_swing,696,443,549,397,16.557,-107.376,0,-446.87,-229.15,1,154.03,11.05,2500,0,0,0
6608,110.24347,free_swing,684,456,534,396,9.612,-111.801,0,-435.82,-115.23,1,161.55,16.47,2500,0,0,0
6609,110.26015,free_swing,668,466,532,380,2.137,-122.307,0,-417.15,-98.76,1,160.91,16.01,2500,0,0,0
6610,110.27683,free_swing,652,475,502,428,-4.399,-107.398,0,-405.58,-88.21,1,157.19,13.32,2500,0,0,0
6611,110.29352,free_swing,633,483,500,405,-11.237,-120.390,0,-385.25,148.63,1,154.18,11.16,2500,1,0,0
6612,110.3102,free_swing,614,488,476,417,-17.438,-117.225,0,-375.00,182.59,1,155.19,11.88,2500,0,0,0
6613,110.32688,free_swing,594,490,448,459,-23.591,-101.988,0,-356.00,386.75,1,149.25,7.60,2500,1,0,0
6614,110.34357,free_swing,573,491,431,455,-29.511,-104.226,0,-347.74,276.60,0,146.49,5.61,2500,0,0,0
6615,110.36025,free_swing,552,489,426,469,-35.261,-99.019,0,-359.24,577.84,1,127.58,8.02,2500,1,0,0
6616,110.37693,free_swing,530,483,410,500,-41.373,-81.937,0,-399.73,1181.39,1,121.20,12.62,2500,1,0,0
6617,110.39362,free_swing,505,472,406,534,-48.457,-57.943,0,-432.03,1508.69,1,116.81,15.79,2500,1,0,0
6618,110.4103,free_swing,482,455,421,543,-55.802,-34.729,0,-408.47,1379.23,1,107.07,22.81,2500,0,0,0
6619,110.42698,free_swing,463,438,451,526,-62.076,-7.765,0,-331.90,1672.72,1,88.81,35.97,2500,1,0,0
6620,110.44367,free_swing,452,423,471,532,-66.670,9.888,0,-244.66,1451.27,1,110.64,20.23,2500,1,0,0
6621,110.46035,free_swing,444,411,514,471,-70.164,49.399,0,-178.99,847.20,1,92.20,33.53,2500,1,0,0
6622,110.47703,free_swing,438,402,521,491,-72.719,43.002,0,-131.62,670.04,1,121.70,12.26,2500,0,0,0
6623,110.49372,free_swing,435,395,533,471,-74.554,52.206,0,-84.05,333.84,1,124.02,10.59,2500,1,0,0
6624,110.5104,free_swing,434,391,561,429,-75.552,73.342,0,-30.21,510.13,0,132.56,4.43,2500,0,0,0
6625,110.52708,free_swing,434,391,564,452,-75.552,64.863,0,32.56,193.84,1,143.60,3.53,2500,1,0,0
6626,110.54377,free_swing,436,395,575,437,-74.489,73.187,0,93.74,49.32,0,145.21,4.68,2500,0,0,0
6627,110.56045,free_swing,439,403,589,437,-72.413,77.229,0,145.97,528.62,1,153.81,10.88,2500,1,0,0
6628,110.57713,free_swing,445,413,597,435,-69.617,81.764,0,194.00,609.17,1,153.58,10.72,2500,0,0,0
6629,110.59382,free_swing,453,425,612,394,-66.114,101.032,0,232.31,645.31,1,161.99,16.79,2500,0,0,0
6630,110.6105,free_swing,463,439,626,395,-61.853,105.106,0,253.76,278.80,1,168.83,21.72,2500,1,0,0
6631,110.62718,free_swing,476,451,641,396,-57.529,108.435,0,270.14,136.80,1,173.93,25.39,2500,0,0,0
6632,110.64387,free_swing,490,462,649,415,-53.077,106.468,0,289.02,195.38,1,165.80,19.53,2500,0,0,0
6633,110.66055,free_swing,507,473,664,387,-47.891,118.713,0,309.25,149.93,1,179.01,29.06,2500,0,0,0
6634,110.67723,free_swing,526,481,681,415,-42.597,113.065,0,321.36,83.78,1,168.47,21.45,2500,0,0,0
6635,110.69392,free_swing,545,487,697,416,-37.282,115.038,0,328.06,-179.36,1,167.76,20.95,2500,1,0,0
6636,110.7106,free_swing,565,491,718,423,-31.648,113.962,0,344.12,-198.91,1,167.43,20.71,2500,0,0,0
6637,110.72728,free_swing,586,492,744,448,-25.699,105.562,0,370.47,-252.28,1,164.01,18.24,2500,0,0,0
6638,110.74397,free_swing,608,489,759,454,-19.306,103.050,0,394.20,-185.14,1,155.00,11.75,2500,0,0,0
6639,110.76065,free_swing,630,485,776,456,-12.171,101.234,0,459.71,-371.92,0,148.85,7.31,2500,0,0,0
6640,110.77733,free_swing,652,476,777,475,-4.368,90.458,0,546.09,-1052.03,1,125.00,9.88,2500,1,0,0
6641,110.79402,free_swing,677,462,778,504,6.147,67.420,0,647.26,-1614.49,1,109.38,21.14,2500,1,0,0
6642,110.8107,free_swing,697,444,758,529,16.887,35.665,0,679.70,-1633.41,1,104.62,24.57,2500,0,0,0
6643,110.82738,free_swing,714,426,730,500,28.482,12.200,0,577.35,-1286.34,1,75.71,45.42,2500,1,0,0
6644,110.84407,free_swing,723,412,716,510,36.870,-4.086,0,462.83,-1002.94,1,98.25,29.17,2500,1,0,0
6645,110.86075,free_swing,727,402,695,489,42.436,-20.194,0,334.27,-823.68,1,92.70,33.17,2500,0,0,0
6646,110.87743,free_swing,732,393,678,469,48.521,-35.395,0,232.99,-792.42,1,93.23,32.79,2500,0,0,0
6647,110.89412,free_swing,733,389,659,469,50.845,-42.769,0,135.27,-489.56,1,108.98,21.43,2500,1,0,0
6648,110.9108,free_swing,733,387,644,445,51.843,-56.908,0,-0.98,-453.58,1,106.23,23.41,2500,0,0,0
6649,110.92748,free_swing,734,388,621,462,51.736,-56.781,0,-99.49,-991.25,1,135.07,2.62,2500,1,0,0
6650,110.94417,free_swing,731,393,616,416,48.106,-78.690,0,-247.40,-771.44,1,117.28,15.45,2500,1,0,0
6651,110.96085,free_swing,728,400,609,374,43.708,-102.325,0,-372.23,-500.43,1,121.81,12.18,2500,1,0,0
6652,110.97753,free_swing,721,412,578,425,35.942,-84.806,0,-448.07,-206.78,1,143.59,3.52,2500,1,0,0
6653,110.99422,free_swing,713,424,566,397,28.523,-100.408,0,-490.79,-251.55,0,149.46,7.75,2500,0,0,0
6654,111.0109,free_swing,702,438,564,387,20.200,-110.283,0,-476.37,-526.28,1,147.12,6.07,2500,1,0,0
6655,111.02758,free_swing,689,451,536,400,12.325,-108.435,0,-472.20,-223.04,1,161.28,16.27,2500,1,0,0
6656,111.04427,free_swing,674,463,533,393,4.800,-116.402,0,-453.48,-181.93,1,157.42,13.49,2500,0,0,0
6657,111.06095,free_swing,656,474,518,397,-2.822,-119.160,0,-436.76,62.64,1,158.03,13.93,2500,1,0,0
6658,111.07763,free_swing,637,481,494,413,-9.898,-115.432,0,-409.54,62.20,1,158.34,14.16,2500,0,0,0
6659,111.09432,free_swing,617,488,471,436,-16.429,-109.604,0,-385.81,-86.07,1,154.98,11.73,2500,0,0,0
6660,111.111,free_swing,597,490,475,410,-22.671,-123.254,0,-370.87,-46.52,0,145.89,5.18,2500,0,0,0
6661,111.12768,free_swing,575,491,454,432,-28.963,-115.994,0,-358.85,-69.41,0,134.62,2.95,2500,0,0,0
6662,111.14437,free_swing,554,489,439,445,-34.771,-110.937,0,-356.43,409.46,1,123.13,11.23,2500,1,0,0
6663,111.16105,free_swing,532,484,442,445,-40.756,-113.429,0,-377.47,816.08,1,98.09,29.29,2500,1,0,0
6664,111.17773,free_swing,509,474,417,488,-47.322,-81.347,0,-415.47,1679.49,1,93.06,32.91,2500,1,0,0
6665,111.19442,free_swing,485,459,427,502,-54.493,-53.448,0,-421.78,2346.31,1,72.20,47.95,2500,1,0,0
6666,111.2111,free_swing,465,440,455,493,-61.390,-10.685,0,-371.06,2393.60,1,53.94,61.12,2500,0,0,0
6667,111.22778,free_swing,450,423,479,481,-66.866,26.565,0,-287.87,1836.77,1,64.85,53.25,2500,1,0,0
6668,111.24447,free_swing,442,409,508,458,-70.791,53.409,0,-214.18,756.45,1,82.20,40.74,2500,1,0,0
6669,111.26115,free_swing,437,397,510,457,-73.954,50.583,0,-162.66,110.15,1,94.49,31.88,2500,1,0,0
6670,111.27783,free_swing,432,388,528,459,-76.373,53.514,0,-118.54,248.29,1,119.40,13.92,2500,0,0,0
6671,111.29452,free_swing,430,382,543,445,-77.888,60.859,0,-67.98,298.50,0,129.38,6.73,2500,0,0,0
6672,111.3112,free_swing,430,379,564,420,-78.596,72.987,0,-13.38,496.63,0,140.13,1.03,2500,0,0,0
6673,111.32788,free_swing,430,380,566,441,-78.359,65.842,0,45.61,590.93,0,149.05,7.46,2500,0,0,0
6674,111.34457,free_swing,432,385,596,373,-77.078,94.185,0,108.22,512.49,1,164.44,18.55,2500,0,0,0
6675,111.36125,free_swing,435,394,605,386,-74.787,92.694,0,163.03,273.10,1,170.19,22.69,2500,1,0,0
6676,111.37793,free_swing,440,406,606,396,-71.642,93.447,0,205.28,89.33,1,166.30,19.89,2500,0,0,0
6677,111.39462,free_swing,448,419,618,401,-67.969,96.044,0,238.85,415.25,1,170.95,23.24,2500,1,0,0
6678,111.4113,free_swing,458,433,634,366,-63.771,110.841,0,265.90,244.89,1,188.32,35.77,2500,0,0,0
6679,111.42798,free_swing,471,447,637,392,-59.080,108.331,0,290.63,230.33,1,174.87,26.07,2500,0,0,0
6680,111.44467,free_swing,486,460,643,408,-54.127,108.325,0,309.24,305.60,1,165.39,19.23,2500,0,0,0
6681,111.46135,free_swing,503,472,664,365,-48.814,123.608,0,318.85,437.26,1,193.31,39.37,2500,0,0,0
6682,111.47803,free_swing,523,480,677,365,-43.409,126.751,0,329.39,303.00,1,192.20,38.56,2500,0,0,0
6683,111.49472,free_swing,542,487,694,375,-37.977,126.384,0,331.97,81.78,1,188.81,36.12,2500,1,0,0
6684,111.5114,free_swing,563,491,711,363,-32.167,130.855,0,341.46,-135.34,1,195.67,41.07,2500,1,0,0
6685,111.52808,free_swing,583,492,731,383,-26.565,126.371,0,362.78,-431.33,1,183.81,32.51,2500,1,0,0
6686,111.54477,free_swing,605,490,754,430,-20.158,111.934,0,389.15,-681.80,1,160.63,15.80,2500,1,0,0
6687,111.56145,free_swing,627,486,776,448,-13.158,104.307,0,445.48,-612.26,1,153.77,10.86,2500,0,0,0
6688,111.57813,free_swing,649,478,789,473,-5.477,92.045,0,526.26,-699.30,0,140.09,1.00,2500,0,0,0
6689,111.59482,free_swing,673,465,784,484,4.300,80.287,0,632.48,-1235.64,1,112.61,18.81,2500,1,0,0
6690,111.6115,free_swing,695,448,778,506,15.422,55.054,0,695.31,-1600.60,1,101.26,27.00,2500,1,0,0
6691,111.62818,free_swing,713,429,752,519,27.269,23.429,0,645.74,-1469.35,1,98.09,29.29,2500,0,0,0
6692,111.64487,free_swing,723,411,732,534,37.216,4.185,0,541.21,-1094.37,1,123.33,11.09,2500,1,0,0
6693,111.66155,free_swing,729,399,717,492,44.569,-7.352,0,430.99,-933.39,1,93.77,32.40,2500,0,0,0
6694,111.67823,free_swing,734,389,683,484,51.242,-28.229,0,307.32,-1111.83,1,107.82,22.27,2500,0,0,0
6695,111.69492,free_swing,736,382,665,452,55.592,-45.406,0,164.39,-974.67,1,99.70,28.12,2500,0,0,0
6696,111.7116,free_swing,735,380,657,422,56.310,-61.699,0,16.00,-499.49,1,88.59,36.13,2500,1,0,0
6697,111.72828,free_swing,735,381,638,426,55.763,-65.113,0,-99.97,-724.54,1,106.93,22.91,2500,1,0,0
6698,111.74497,free_swing,734,385,614,420,53.259,-73.740,0,-243.71,-747.39,0,125.00,9.88,2500,0,0,0
6699,111.76165,free_swing,731,393,618,368,48.106,-102.475,0,-406.06,-640.45,1,115.73,16.56,2500,0,0,0
6700,111.77833,free_swing,724,406,585,393,39.500,-95.343,0,-520.72,-373.77,1,139.61,0.65,2500,1,0,0
6701,111.79502,free_swing,716,421,571,386,30.774,-103.570,0,-555.88,-242.99,0,149.16,7.54,2500,0,0,0
6702,111.8117,free_swing,704,436,570,378,21.516,-113.405,0,-533.35,-474.42,1,146.01,5.27,2500,1,0,0
6703,111.82838,free_swing,690,450,551,378,12.888,-117.384,0,-507.95,-219.54,1,156.54,12.86,2500,1,0,0
6704,111.84507,free_swing,674,463,539,384,4.800,-120.336,0,-470.68,-312.37,1,156.42,12.77,2500,0,0,0
6705,111.86175,free_swing,656,474,520,381,-2.822,-124.365,0,-436.41,-246.21,1,164.76,18.78,2500,0,0,0
6706,111.87843,free_swing,637,482,522,367,-9.834,-135.000,0,-401.48,-236.86,1,162.63,17.25,2500,0,0,0
6707,111.89512,free_swing,618,487,489,386,-16.189,-128.059,0,-369.78,-162.33,1,163.84,18.11,2500,0,0,0
6708,111.9118,free_swing,598,491,490,373,-22.235,-137.534,0,-353.78,78.17,1,159.96,15.32,2500,1,0,0
6709,111.92848,free_swing,578,492,463,380,-27.979,-134.243,0,-345.38,91.73,1,160.53,15.73,2500,0,0,0
6710,111.94517,free_swing,557,490,439,404,-33.857,-126.085,0,-341.33,399.35,1,146.01,5.27,2500,1,0,0
6711,111.96185,free_swing,537,485,435,404,-39.472,-128.454,0,-346.68,-494.46,1,130.25,6.10,2500,1,0,0
6712,111.97853,free_swing,516,477,424,416,-45.392,-123.546,0,-374.53,33.38,1,110.39,20.42,2500,1,0,0
6713,111.99522,free_swing,494,465,447,394,-51.798,-146.497,0,-409.18,1577.59,1,85.15,38.61,2500,1,0,0
6714,112.0119,free_swing,472,447,431,459,-58.948,-73.686,0,-401.09,2875.08,1,42.72,69.20,2500,1,0,1
6715,112.02858,free_swing,454,428,418,494,-65.329,-28.610,0,-343.32,3221.77,1,75.18,45.80,2500,1,0,1
6716,112.04527,free_swing,444,411,454,482,-70.164,8.017,0,-263.73,1496.16,1,71.70,48.31,2500,1,0,0
6717,112.06195,free_swing,437,397,483,466,-73.954,33.690,0,-197.58,518.78,1,82.93,40.21,2500,1,0,0
6718,112.07863,free_swing,432,386,482,493,-76.842,25.046,0,-138.99,337.83,1,118.11,14.85,2500,0,0,0
6719,112.09532,free_swing,429,379,498,487,-78.643,32.574,0,-76.44,525.09,0,128.16,7.60,2500,0,0,0
6720,112.112,free_swing,429,376,538,443,-79.351,58.422,0,-13.26,801.49,1,127.95,7.76,2500,1,0,0
6721,112.12868,free_swing,429,377,551,455,-79.114,57.407,0,42.79,528.46,1,144.80,4.39,2500,1,0,0
6722,112.14537,free_swing,430,382,568,438,-77.888,67.913,0,100.17,344.71,0,148.93,7.37,2500,0,0,0
6723,112.16205,free_swing,433,390,588,427,-75.847,76.574,0,158.94,494.65,1,159.35,14.88,2500,0,0,0
6724,112.17873,free_swing,439,402,596,421,-72.646,83.100,0,211.68,660.62,1,158.15,14.01,2500,0,0,0
6725,112.19542,free_swing,447,416,614,409,-68.749,92.400,0,251.88,603.08,1,167.15,20.50,2500,0,0,0
6726,112.2121,free_swing,457,431,636,364,-64.332,110.521,0,277.72,278.79,1,191.13,37.79,2500,1,0,0
6727,112.22878,free_swing,469,446,638,408,-59.560,102.672,0,293.30,98.20,1,173.22,24.88,2500,0,0,0
6728,112.24547,free_swing,485,459,644,418,-54.493,104.459,0,308.33,181.84,1,164.20,18.38,2500,0,0,0
6729,112.26215,free_swing,502,470,666,392,-49.399,115.436,0,318.68,355.61,1,181.60,30.93,2500,0,0,0
6730,112.27883,free_swing,521,480,683,392,-43.815,118.511,0,328.41,189.07,1,184.36,32.91,2500,0,0,0
6731,112.29552,free_swing,541,486,691,414,-38.387,115.641,0,337.49,-15.27,1,166.39,19.95,2500,1,0,0
6732,112.3122,free_swing,562,490,711,407,-32.588,119.120,0,353.79,-274.91,1,170.56,22.96,2500,1,0,0
6733,112.32888,free_swing,583,492,736,431,-26.565,111.737,0,377.11,-439.06,1,164.71,18.75,2500,0,0,0
6734,112.34557,free_swing,606,490,761,469,-19.837,97.716,0,402.26,-553.26,1,156.42,12.77,2500,0,0,0
6735,112.36225,free_swing,628,486,773,475,-12.804,94.338,0,485.38,-616.19,0,145.42,4.84,2500,0,0,0
6736,112.37893,free_swing,652,477,786,498,-4.338,81.093,0,586.28,-973.42,1,135.64,2.22,2500,1,0,0
6737,112.39562,free_swing,679,461,773,516,7.070,59.668,0,672.90,-1391.36,1,108.91,21.48,2500,1,0,0
6738,112.4123,free_swing,699,443,758,529,17.969,34.452,0,665.08,-1308.17,1,104.29,24.81,2500,0,0,0
6739,112.42898,free_swing,715,426,732,496,28.951,13.650,0,581.22,-1524.25,1,72.03,48.07,2500,1,0,0
6740,112.44567,free_swing,723,410,714,510,37.569,-5.143,0,515.95,-1256.73,1,100.40,27.61,2500,1,0,0
6741,112.46235,free_swing,729,397,695,438,45.437,-39.668,0,465.62,-948.85,1,53.26,61.60,2500,1,0,0
6742,112.47903,free_swing,735,386,675,473,53.130,-34.592,0,398.95,-558.94,1,105.68,23.81,2500,1,0,0
6743,112.49572,free_swing,738,377,665,436,59.036,-51.054,0,268.72,-536.40,1,93.86,32.33,2500,0,0,0
6744,112.5124,free_swing,739,373,641,432,61.654,-58.950,0,96.02,-653.06,1,114.39,17.53,2500,0,0,0
6745,112.52908,free_swing,738,372,627,405,61.928,-73.443,0,-99.41,-276.42,1,115.80,16.51,2500,1,0,0
6746,112.54577,free_swing,736,376,606,424,58.921,-69.734,0,-279.46,-449.05,0,138.58,0.09,2500,0,0,0
6747,112.56245,free_swing,733,386,595,408,52.352,-80.942,0,-437.82,-803.30,1,139.74,0.75,2500,1,0,0
6748,112.57913,free_swing,728,398,587,370,44.563,-101.232,0,-526.49,-878.37,0,143.75,3.64,2500,0,0,0
6749,112.59582,free_swing,720,413,593,357,35.134,-113.795,0,-560.17,-452.89,1,138.80,0.06,2500,1,0,0
6750,112.6125,free_swing,710,429,562,371,25.852,-111.400,0,-575.80,-159.07,1,158.96,14.60,2500,1,0,0
6751,112.62918,free_swing,696,444,556,366,16.417,-119.124,0,-553.30,-382.33,1,160.26,15.54,2500,1,0,0
6752,112.64587,free_swing,679,459,551,365,7.181,-126.293,0,-523.31,-785.37,1,158.81,14.49,2500,1,0,0
6753,112.66255,free_swing,661,471,553,338,-0.824,-140.922,0,-471.11,-447.49,1,171.33,23.52,2500,1,0,0
6754,112.67923,free_swing,641,480,550,322,-8.455,-150.060,0,-410.46,-193.64,1,182.33,31.45,2500,1,0,0
6755,112.69592,free_swing,622,487,514,363,-14.816,-138.945,0,-368.91,27.94,1,164.44,18.55,2500,1,0,0
6756,112.7126,free_swing,604,490,513,339,-20.477,-148.925,0,-339.13,30.74,1,176.30,27.10,2500,0,0,0
6757,112.72928,free_swing,584,492,489,352,-26.278,-145.840,0,-327.26,-45.42,1,169.19,21.97,2500,0,0,0
6758,112.74597,free_swing,566,490,468,357,-31.547,-143.616,0,-309.98,19.96,1,165.21,19.10,2500,0,0,0
6759,112.76265,free_swing,548,487,454,351,-36.573,-145.349,0,-294.73,218.32,1,165.32,19.19,2500,0,0,0
6760,112.77933,free_swing,530,483,440,345,-41.373,-146.889,0,-293.29,13.31,1,164.75,18.78,2500,1,0,0
6761,112.79602,free_swing,513,475,405,366,-46.369,-135.264,0,-290.71,-703.54,1,153.44,10.62,2500,1,0,0
6762,112.8127,free_swing,496,466,459,305,-51.257,-167.057,0,-293.74,-1414.27,1,165.20,19.10,2500,1,0,0
6763,112.82938,free_swing,480,455,573,58,-56.094,166.816,0,-311.73,-1398.20,1,407.75,193.96,2500,0,0,0
6764,112.84607,free_swing,464,440,643,104,-61.511,151.954,0,-340.09,-347.27,1,380.71,174.47,2500,1,0,0
6765,112.86275,free_swing,449,421,652,121,-67.418,145.915,0,-347.82,-1129.21,1,362.23,161.14,2500,1,0,0
6766,112.87943,free_swing,438,401,638,220,-72.951,132.145,0,-300.25,-2806.89,1,269.74,94.47,2500,1,0,1
6767,112.89612,free_swing,432,384,459,406,-77.314,50.826,0,-199.34,-3408.88,1,34.83,74.89,2500,1,0,1
6768,112.9128,free_swing,429,375,433,446,-79.587,3.225,0,-78.69,-1955.19,1,71.11,48.73,2500,1,0,0
6769,112.92948,free_swing,428,374,427,482,-79.867,-0.531,0,21.52,459.36,1,108.00,22.14,2500,1,0,0
6770,112.94617,free_swing,430,378,461,477,-78.832,17.387,0,91.92,955.47,1,103.74,25.21,2500,1,0,0
6771,112.96285,free_swing,433,385,493,472,-77.024,34.592,0,140.94,778.36,1,105.68,23.81,2500,0,0,0
6772,112.97953,free_swing,437,396,497,491,-74.189,32.276,0,179.70,253.07,1,112.36,18.99,2500,1,0,0
6773,112.99622,free_swing,443,408,528,481,-70.942,49.343,0,219.94,528.78,1,112.04,19.22,2500,1,0,0
6774,113.0129,free_swing,450,422,539,509,-67.094,45.651,0,249.80,921.55,1,124.46,10.27,2500,1,0,0
6775,113.02958,free_swing,462,437,575,465,-62.418,76.083,0,283.92,706.53,1,116.42,16.07,2500,1,0,0
6776,113.04627,free_swing,475,451,583,474,-57.667,77.978,0,316.02,-229.27,1,110.42,20.39,2500,1,0,0
6777,113.06295,free_swing,493,465,593,505,-51.962,68.199,0,352.12,-749.38,1,107.70,22.35,2500,1,0,0
6778,113.07963,free_swing,514,477,586,563,-45.779,39.936,0,393.14,-664.51,1,112.16,19.14,2500,0,0,0
6779,113.09632,free_swing,539,486,616,540,-38.841,54.958,0,445.21,-775.53,1,94.05,32.20,2500,0,0,0
6780,113.113,free_swing,566,492,606,581,-31.226,24.201,0,489.45,-1047.98,1,97.58,29.65,2500,1,0,0
6781,113.12968,free_swing,597,492,606,610,-22.416,4.362,0,503.18,-1258.32,1,118.34,14.68,2500,1,0,0
6782,113.14637,free_swing,623,488,606,587,-14.381,-9.744,0,479.62,-608.75,1,100.45,27.58,2500,1,0,0
6783,113.16305,free_swing,646,480,618,576,-6.553,-16.260,0,456.24,-497.11,1,100.00,27.91,2500,0,0,0
6784,113.17973,free_swing,665,471,623,557,0.824,-26.030,0,467.21,-628.69,1,95.71,31.00,2500,0,0,0
6785,113.19642,free_swing,683,459,632,529,8.949,-36.076,0,477.18,-547.58,1,86.61,37.56,2500,0,0,0
6786,113.2131,free_swing,698,445,636,503,17.210,-46.909,0,507.67,-161.79,1,84.90,38.79,2500,1,0,0
6787,113.22978,free_swing,710,431,651,499,25.396,-40.946,0,534.68,294.61,1,90.03,35.10,2500,1,0,0
6788,113.24647,free_swing,721,415,660,501,34.946,-35.348,0,541.37,440.30,1,105.44,23.99,2500,0,0,0
6789,113.26315,free_swing,729,401,683,493,43.727,-26.565,0,503.65,453.26,1,102.86,25.85,2500,0,0,0
6790,113.27983,free_swing,733,388,706,452,51.340,-22.874,0,439.40,422.63,1,69.46,49.92,2500,0,0,0
6791,113.29652,free_swing,736,378,716,503,57.783,-9.090,0,326.78,775.03,1,126.59,8.74,2500,1,0,0
6792,113.3132,free_swing,739,371,732,482,62.835,-3.608,0,193.45,613.54,1,111.22,19.82,2500,0,0,0
6793,113.32988,free_swing,739,370,754,409,63.435,21.038,0,-7.87,673.49,1,41.79,69.88,2500,1,0,0
6794,113.34657,free_swing,739,371,760,467,62.835,12.339,0,-215.09,761.45,1,98.27,29.15,2500,1,0,0
6795,113.36325,free_swing,736,380,788,436,56.674,42.879,0,-383.28,749.83,1,76.42,44.91,2500,0,0,0
6796,113.37993,free_swing,732,391,805,455,49.467,48.759,0,-518.01,807.82,1,97.08,30.01,2500,0,0,0
6797,113.39662,free_swing,725,405,821,455,40.342,62.488,0,-568.41,961.67,1,108.24,21.97,2500,0,0,0
6798,113.4133,free_swing,716,422,831,452,30.493,75.379,0,-594.20,1116.95,1,118.85,14.32,2500,0,0,0
6799,113.42998,free_swing,703,437,808,398,20.854,110.376,0,-539.48,987.85,1,112.01,19.25,2500,0,0,0
6800,113.44667,free_swing,689,451,822,417,12.325,104.340,0,-460.45,718.89,1,137.28,1.03,2500,1,0,0
6801,113.46335,free_swing,676,462,806,371,5.711,124.992,0,-394.81,194.37,1,158.69,14.40,2500,1,0,0
6802,113.48003,free_swing,661,471,787,377,-0.824,126.724,0,-376.74,188.86,1,157.20,13.33,2500,0,0,0
6803,113.49672,free_swing,645,479,792,394,-6.981,120.038,0,-374.01,-4.95,1,169.81,22.42,2500,0,0,0
6804,113.5134,free_swing,626,486,771,378,-13.510,126.680,0,-371.21,65.61,1,180.80,30.35,2500,0,0,0
6805,113.53008,free_swing,608,489,745,377,-19.306,129.267,0,-376.93,-203.03,1,176.95,27.57,2500,1,0,0
6806,113.54677,free_swing,585,493,738,411,-25.849,118.189,0,-372.88,-313.73,1,173.59,25.15,2500,0,0,0
6807,113.56345,free_swing,564,490,722,430,-32.071,110.794,0,-365.15,-362.39,1,169.01,21.84,2500,0,0,0
6808,113.58013,free_swing,543,487,704,412,-37.747,114.978,0,-334.04,-473.52,1,177.61,28.05,2500,0,0,0
6809,113.59682,free_swing,524,480,686,464,-43.204,95.641,0,-303.29,-580.65,1,162.79,17.36,2500,0,0,0
6810,113.6135,free_swing,507,473,657,486,-47.891,85.047,0,-268.02,-956.06,1,150.56,8.55,2500,1,0,0
6811,113.63018,free_swing,493,465,625,491,-51.962,78.857,0,-220.98,-612.67,1,134.54,3.01,2500,1,0,0
6812,113.64687,free_swing,483,457,589,537,-55.222,52.958,0,-155.43,-441.34,0,132.80,4.26,2500,0,0,0
6813,113.66355,free_swing,477,452,556,497,-57.171,60.333,0,-63.95,-876.47,1,90.92,34.45,2500,1,0,0
6814,113.68023,free_swing,477,451,523,506,-57.389,39.908,0,31.49,-1490.68,1,71.70,48.31,2500,1,0,0
6815,113.69692,free_swing,481,454,475,508,-56.165,-6.340,0,101.15,-2427.73,1,54.33,60.83,2500,1,0,0
6816,113.7136,free_swing,487,459,406,551,-54.186,-41.362,0,125.92,-3433.89,1,122.58,11.63,2500,1,0,1
6817,113.73028,free_swing,493,464,408,450,-52.172,-99.353,0,97.55,-4150.15,1,86.15,37.89,2500,1,0,1
6818,113.74697,free_swing,497,467,508,300,-50.880,176.231,0,40.35,-2750.26,1,167.36,20.66,2500,1,0,1
6819,113.76365,free_swing,497,467,695,124,-50.880,150.004,0,-7.16,186.25,1,396.05,185.52,2500,1,0,0
6820,113.78033,free_swing,495,467,448,315,-51.216,-162.818,0,-24.88,1760.29,1,159.10,14.70,2500,1,0,0
6821,113.79702,free_swing,495,466,402,345,-51.423,-142.454,0,-7.52,844.49,1,152.61,10.02,2500,1,0,0
6822,113.8137,free_swing,495,466,419,317,-51.423,-152.975,0,30.97,-706.07,1,167.26,20.59,2500,1,0,0
6823,113.83038,free_swing,498,468,449,299,-50.503,-163.831,0,70.43,-842.12,1,175.96,26.86,2500,0,0,0
6824,113.84707,free_swing,504,471,499,270,-48.840,-178.575,0,101.62,-438.10,1,201.06,44.95,2500,1,0,0
6825,113.86375,free_swing,510,474,508,270,-47.135,-179.438,0,127.42,-241.21,1,204.01,47.08,2500,0,0,0
6826,113.88043,free_swing,518,478,525,282,-44.803,177.955,0,153.41,-147.51,1,196.12,41.39,2500,0,0,0
6827,113.89712,free_swing,528,483,556,294,-41.798,171.573,0,188.85,-297.50,1,191.06,37.74,2500,0,0,0
6828,113.9138,free_swing,540,486,575,305,-38.614,169.056,0,219.93,-253.51,1,184.35,32.91,2500,0,0,0
6829,113.93048,free_swing,554,490,610,307,-34.601,162.985,0,234.98,-259.03,1,191.38,37.97,2500,0,0,0
6830,113.94717,free_swing,569,492,629,315,-30.434,161.274,0,254.25,-153.11,1,186.89,34.74,2500,0,0,0
6831,113.96385,free_swing,584,491,664,315,-26.421,155.556,0,275.47,-144.51,1,193.33,39.38,2500,0,0,0
6832,113.98053,free_swing,601,491,682,289,-21.303,158.150,0,297.23,-215.78,1,217.64,56.90,2500,0,0,0
6833,113.99722,free_swing,618,488,716,331,-16.091,148.027,0,323.81,-362.59,1,185.08,33.43,2500,0,0,0
6834,114.0139,free_swing,634,484,743,340,-10.802,142.876,0,344.88,-814.11,1,180.60,30.20,2500,1,0,0
6835,114.03058,free_swing,652,476,781,374,-4.368,128.333,0,386.92,-774.41,1,164.45,18.56,2500,0,0,0
6836,114.04727,free_swing,669,467,816,421,2.545,107.376,0,488.83,-789.37,1,154.03,11.05,2500,0,0,0
6837,114.06395,free_swing,687,453,818,419,11.219,104.550,0,620.90,-1072.91,1,135.34,2.43,2500,1,0,0
6838,114.08063,free_swing,707,435,816,454,23.131,80.112,0,713.35,-1532.84,1,110.64,20.23,2500,1,0,0
6839,114.09732,free_swing,721,415,796,490,34.946,45.000,0,659.16,-1778.13,1,106.07,23.53,2500,1,0,0
6840,114.114,free_swing,729,399,769,497,44.569,22.203,0,450.04,-1289.80,1,105.85,23.69,2500,1,0,0
6841,114.13068,free_swing,733,391,741,486,49.874,4.814,0,202.67,-953.36,1,95.34,31.27,2500,1,0,0
6842,114.14737,free_swing,733,389,714,505,50.845,-9.302,0,-33.26,-988.76,1,117.55,15.26,2500,1,0,0
6843,114.16405,free_swing,732,392,682,489,48.991,-27.269,0,-227.51,-791.01,1,109.13,21.33,2500,0,0,0
6844,114.18073,free_swing,729,401,658,483,43.727,-40.888,0,-373.11,-509.85,1,108.47,21.80,2500,1,0,0
6845,114.19742,free_swing,722,412,634,507,36.409,-42.809,0,-477.22,-728.30,1,129.50,6.64,2500,1,0,0
6846,114.2141,free_swing,713,425,606,500,28.264,-54.972,0,-519.95,-588.76,0,130.67,5.80,2500,0,0,0
6847,114.23078,free_swing,701,441,599,463,19.220,-77.829,0,-531.06,-352.70,1,104.35,24.77,2500,1,0,0
6848,114.24747,free_swing,686,455,562,523,10.592,-61.260,0,-518.90,27.90,1,141.42,1.96,2500,1,0,0
6849,114.26415,free_swing,668,468,542,516,2.106,-69.146,0,-491.01,26.84,0,134.83,2.79,2500,0,0,0
6850,114.28083,free_swing,648,478,528,521,-5.866,-70.286,0,-467.48,-218.69,1,127.47,8.10,2500,1,0,0
6851,114.29752,free_swing,626,486,519,521,-13.510,-71.887,0,-453.07,139.59,1,112.58,18.84,2500,1,0,0
6852,114.3142,free_swing,602,491,513,531,-20.989,-65.799,0,-459.81,407.38,1,97.58,29.65,2500,1,0,0
6853,114.33088,free_swing,575,492,507,536,-28.811,-57.095,0,-479.49,798.23,1,80.99,41.61,2500,1,0,0
6854,114.34757,free_swing,546,488,500,544,-36.870,-39.401,0,-479.13,1596.29,1,72.47,47.75,2500,1,0,0
6855,114.36425,free_swing,518,478,488,599,-44.803,-13.925,0,-433.90,1340.28,1,124.66,10.13,2500,1,0,0
6856,114.38093,free_swing,495,466,520,524,-51.423,23.318,0,-365.09,1156.61,1,63.16,54.47,2500,0,0,0
6857,114.39762,free_swing,478,453,495,569,-56.813,8.337,0,-308.45,588.79,1,117.24,15.48,2500,1,0,0
6858,114.4143,free_swing,464,439,525,505,-61.734,42.745,0,-286.78,198.80,1,89.87,35.21,2500,1,0,0
6859,114.43098,free_swing,452,424,508,518,-66.442,30.784,0,-278.41,339.94,1,109.42,21.12,2500,0,0,0
6860,114.44767,free_swing,442,408,509,502,-71.022,35.480,0,-257.18,126.99,1,115.43,16.78,2500,1,0,0
6861,114.46435,free_swing,434,393,516,477,-75.084,44.310,0,-223.14,291.46,1,117.39,15.37,2500,0,0,0
6862,114.48103,free_swing,430,380,519,458,-78.359,48.769,0,-182.60,9.74,1,118.34,14.68,2500,1,0,0
6863,114.49772,free_swing,427,369,503,466,-81.090,38.079,0,-139.39,-142.85,1,123.23,11.16,2500,0,0,0
6864,114.5144,free_swing,425,361,507,445,-83.053,44.310,0,-86.32,-166.16,1,117.39,15.37,2500,0,0,0
6865,114.53108,free_swing,424,357,502,452,-84.028,39.388,0,-31.30,-111.18,1,122.92,11.38,2500,0,0,0
6866,114.54777,free_swing,425,357,497,456,-84.004,36.027,0,12.12,150.92,1,122.41,11.75,2500,1,0,0
6867,114.56445,free_swing,425,359,505,452,-83.528,40.703,0,58.83,469.25,1,122.67,11.56,2500,1,0,0
6868,114.58113,free_swing,426,364,517,425,-82.310,56.165,0,105.24,127.73,1,109.55,21.02,2500,1,0,0
6869,114.59782,free_swing,429,374,509,444,-79.824,48.814,0,160.78,-351.09,1,106.30,23.36,2500,1,0,0
6870,114.6145,free_swing,433,385,498,473,-77.024,36.451,0,201.43,-231.76,1,109.40,21.13,2500,0,0,0
6871,114.63118,free_swing,439,400,510,492,-73.113,37.659,0,233.48,-296.83,1,116.21,16.22,2500,0,0,0
6872,114.64787,free_swing,446,415,515,492,-69.069,41.864,0,280.68,-340.18,1,103.39,25.46,2500,0,0,0
6873,114.66455,free_swing,458,432,481,540,-63.997,12.022,0,336.30,-888.69,1,110.42,20.39,2500,1,0,0
6874,114.68123,free_swing,476,450,493,513,-57.747,15.101,0,402.19,-1203.39,1,65.25,52.96,2500,1,0,0
6875,114.69792,free_swing,498,467,466,561,-50.711,-18.800,0,438.80,-1196.43,1,99.30,28.41,2500,0,0,0
6876,114.7146,free_swing,524,480,447,585,-43.204,-36.254,0,435.94,-1245.80,0,130.21,6.13,2500,0,0,0
6877,114.73128,free_swing,549,488,462,557,-36.158,-51.582,0,404.95,-522.14,1,111.04,19.95,2500,1,0,0
6878,114.74797,free_swing,572,491,467,555,-29.784,-58.637,0,372.66,-446.61,1,122.97,11.35,2500,0,0,0
6879,114.76465,free_swing,593,491,476,556,-23.762,-60.945,0,363.54,-290.69,0,133.84,3.51,2500,0,0,0
6880,114.78133,free_swing,613,489,502,524,-17.665,-72.499,0,363.68,-172.25,1,116.39,16.09,2500,0,0,0
6881,114.79802,free_swing,632,485,515,531,-11.454,-68.537,0,362.38,-60.75,0,125.72,9.37,2500,0,0,0
6882,114.8147,free_swing,649,478,535,522,-5.477,-68.895,0,375.99,57.61,1,122.20,11.90,2500,0,0,0
6883,114.83138,free_swing,665,470,561,508,0.830,-69.928,0,403.96,165.87,1,110.72,20.17,2500,0,0,0
6884,114.84807,free_swing,681,460,585,505,8.005,-64.885,0,424.03,430.25,1,106.02,23.56,2500,1,0,0
6885,114.86475,free_swing,694,448,616,508,14.962,-52.431,0,406.44,601.38,1,98.41,29.05,2500,0,0,0
6886,114.88143,free_swing,704,438,638,505,21.146,-44.569,0,333.10,749.04,1,94.05,32.20,2500,0,0,0
6887,114.89812,free_swing,711,431,665,509,25.866,-30.530,0,198.97,934.55,1,90.55,34.72,2500,0,0,0
6888,114.9148,free_swing,713,427,696,521,27.759,-10.251,0,6.08,1339.42,1,95.52,31.13,2500,1,0,0
6889,114.93148,free_swing,711,430,730,527,26.095,11.083,0,-196.73,1325.60,1,98.84,28.74,2500,1,0,0
6890,114.94817,free_swing,704,437,762,505,21.329,40.462,0,-346.70,1943.19,1,89.38,35.57,2500,1,0,0
6891,114.96485,free_swing,694,448,787,501,14.962,60.322,0,-379.78,1854.43,1,107.04,22.83,2500,0,0,0
6892,114.98153,free_swing,682,458,788,414,8.575,112.543,0,-328.64,941.70,1,114.77,17.26,2500,1,0,0
6893,114.99822,free_swing,673,464,805,436,4.332,101.976,0,-255.92,485.37,1,134.94,2.72,2500,1,0,0
6894,115.0149,free_swing,664,469,811,437,0.418,102.281,0,-195.91,243.69,1,150.44,8.46,2500,1,0,0
6895,115.03158,free_swing,656,474,787,367,-2.822,129.242,0,-189.02,819.21,1,169.14,21.94,2500,1,0,0
6896,115.04827,free_swing,649,479,774,372,-5.440,130.564,0,-178.95,630.91,1,164.54,18.62,2500,0,0,0
6897,115.06495,free_swing,639,481,751,345,-9.150,140.528,0,-183.17,324.51,1,176.18,27.02,2500,1,0,0
6898,115.08163,free_swing,631,485,736,317,-11.813,147.995,0,-200.44,328.34,1,198.11,42.83,2500,0,0,0
6899,115.09832,free_swing,620,488,712,326,-15.410,150.408,0,-228.22,121.74,1,186.30,34.31,2500,1,0,0
6900,115.115,free_swing,606,491,693,336,-19.722,150.695,0,-277.67,84.18,1,177.75,28.14,2500,0,0,0
6901,115.13168,free_swing,590,492,669,331,-24.525,153.864,0,-288.21,96.02,1,179.34,29.29,2500,0,0,0
6902,115.14837,free_swing,573,491,654,317,-29.511,155.037,0,-292.67,60.17,1,191.93,38.37,2500,0,0,0
6903,115.16505,free_swing,557,489,633,326,-34.026,155.002,0,-292.54,12.40,1,179.85,29.66,2500,0,0,0
6904,115.18173,free_swing,538,485,636,274,-39.249,155.087,0,-294.75,-16.06,1,232.65,67.72,2500,0,0,0
6905,115.19842,free_swing,521,479,602,303,-44.009,155.287,0,-291.82,-70.49,1,193.74,39.68,2500,0,0,0
6906,115.2151,free_swing,504,471,595,294,-48.840,152.791,0,-283.08,-114.32,1,199.02,43.48,2500,0,0,0
6907,115.23178,free_swing,488,462,594,272,-53.393,150.843,0,-275.81,-113.54,1,217.57,56.85,2500,0,0,0
6908,115.24847,free_swing,474,450,573,280,-58.022,149.785,0,-255.14,-42.13,1,196.73,41.83,2500,0,0,0
6909,115.26515,free_swing,463,439,555,286,-61.853,148.981,0,-213.10,-26.76,1,178.53,28.71,2500,0,0,0
6910,115.28183,free_swing,454,429,543,277,-65.103,149.650,0,-160.00,0.16,1,176.14,26.99,2500,0,0,0
6911,115.29852,free_swing,450,422,537,278,-67.094,148.861,0,-102.76,89.02,1,168.24,21.29,2500,0,0,0
6912,115.3152,free_swing,447,417,536,253,-68.519,151.512,0,-42.05,149.82,1,186.59,34.52,2500,0,0,0
6913,115.33188,free_swing,446,417,514,266,-68.609,155.756,0,14.12,265.05,1,165.60,19.39,2500,0,0,0
6914,115.34857,free_swing,448,419,514,253,-67.969,158.318,0,63.06,232.94,1,178.64,28.79,2500,0,0,0
6915,115.36525,free_swing,451,424,500,242,-66.541,164.932,0,100.82,193.78,1,188.48,35.88,2500,0,0,0
6916,115.38193,free_swing,456,430,505,235,-64.666,165.895,0,141.00,307.08,1,201.06,44.95,2500,0,0,0
6917,115.39862,free_swing,464,438,491,237,-61.957,172.349,0,171.57,514.30,1,202.81,46.21,2500,1,0,0
6918,115.4153,free_swing,473,447,457,264,-58.815,-175.003,0,196.69,813.25,1,183.70,32.43,2500,1,0,0
6919,115.43198,free_swing,482,456,431,298,-55.586,-162.111,0,207.04,673.53,1,166.03,19.70,2500,0,0,0
6920,115.44867,free_swing,493,465,409,324,-51.962,-149.216,0,206.51,532.71,1,164.12,18.32,2500,0,0,0
6921,115.46535,free_swing,504,472,415,338,-48.636,-146.409,0,199.28,673.06,1,160.86,15.97,2500,0,0,0
6922,115.48203,free_swing,515,477,401,384,-45.587,-129.207,0,171.79,1030.54,1,147.12,6.07,2500,1,0,0
6923,115.49872,free_swing,525,481,394,437,-42.805,-108.566,0,130.27,1177.41,0,138.19,0.37,2500,0,0,0
6924,115.5154,free_swing,531,483,402,488,-41.159,-87.780,0,79.31,1060.15,0,129.10,6.93,2500,0,0,0
6925,115.53208,free_swing,534,485,444,514,-40.135,-72.140,0,56.48,1982.90,1,94.56,31.83,2500,1,0,0
6926,115.54877,free_swing,537,486,488,547,-39.289,-38.774,0,71.23,2246.43,1,78.24,43.59,2500,1,0,0
6927,115.56545,free_swing,543,488,555,517,-37.569,22.479,0,107.61,1812.70,1,31.38,77.37,2500,1,0,0
6928,115.58213,free_swing,551,489,586,584,-35.503,20.225,0,154.07,1094.84,1,101.24,27.01,2500,1,0,0
6929,115.59882,free_swing,562,491,634,575,-32.425,40.601,0,221.34,876.77,1,110.63,20.24,2500,1,0,0
6930,115.6155,free_swing,577,492,681,541,-28.258,64.772,0,292.71,1404.80,1,114.97,17.12,2500,1,0,0
6931,115.63218,free_swing,597,492,708,508,-22.416,81.798,0,360.95,685.48,1,112.15,19.15,2500,1,0,0
6932,115.64887,free_swing,617,489,744,485,-16.330,91.804,0,421.98,23.07,1,127.06,8.40,2500,1,0,0
6933,115.66555,free_swing,640,482,774,504,-8.717,80.676,0,453.28,-162.57,0,135.79,2.10,2500,0,0,0
6934,115.68223,free_swing,661,472,799,490,-0.818,82.569,0,476.75,22.53,0,139.17,0.33,2500,0,0,0
6935,115.69892,free_swing,678,461,812,467,6.633,87.436,0,465.64,165.59,0,134.13,3.30,2500,0,0,0
6936,115.7156,free_swing,693,448,821,451,14.500,88.657,0,427.91,-38.40,1,128.04,7.69,2500,1,0,0
6937,115.73228,free_swing,703,437,837,447,20.854,85.732,0,324.74,174.41,1,134.37,3.13,2500,1,0,0
6938,115.74897,free_swing,709,430,851,426,25.145,91.614,0,143.29,741.10,1,142.06,2.41,2500,1,0,0
6939,115.76565,free_swing,710,428,845,376,26.086,111.066,0,0.02,1116.78,1,144.67,4.30,2500,1,0,0
6940,115.78233,free_swing,708,431,829,333,24.444,129.005,0,-97.72,626.83,1,155.71,12.26,2500,1,0,0
6941,115.79902,free_swing,707,434,819,320,23.334,135.507,0,-137.74,102.83,1,159.81,15.21,2500,1,0,0
6942,115.8157,free_swing,702,438,820,354,20.200,125.446,0,-171.42,-101.18,1,144.84,4.42,2500,1,0,0
6943,115.83238,free_swing,698,445,811,338,17.210,133.438,0,-216.76,-45.21,1,155.62,12.19,2500,0,0,0
6944,115.84907,free_swing,691,451,813,346,13.241,130.717,0,-267.50,117.12,1,160.96,16.04,2500,0,0,0
6945,115.86575,free_swing,682,458,810,350,8.575,130.156,0,-308.02,0.17,1,167.48,20.74,2500,0,0,0
6946,115.88243,free_swing,669,466,787,347,2.564,135.242,0,-317.45,210.43,1,167.59,20.82,2500,1,0,0
6947,115.89912,free_swing,658,473,784,350,-2.031,134.310,0,-328.85,71.02,1,176.08,26.94,2500,0,0,0
6948,115.9158,free_swing,643,480,763,337,-7.696,139.998,0,-334.78,16.87,1,186.68,34.58,2500,0,0,0
6949,115.93248,free_swing,625,486,754,368,-13.861,132.450,0,-354.04,-90.49,1,174.83,26.04,2500,0,0,0
6950,115.94917,free_swing,608,489,741,348,-19.306,136.672,0,-352.89,-313.37,1,193.83,39.74,2500,1,0,0
6951,115.96585,free_swing,588,491,740,379,-25.253,126.384,0,-342.64,-272.88,1,188.81,36.12,2500,0,0,0
6952,115.98253,free_swing,567,491,720,404,-31.122,119.624,0,-325.97,-524.86,1,176.01,26.89,2500,1,0,0
6953,115.99922,free_swing,549,489,712,409,-35.984,116.142,0,-300.27,-599.06,1,181.57,30.90,2500,0,0,0
6954,116.0159,free_swing,532,484,691,463,-40.756,97.524,0,-265.16,-797.32,1,160.38,15.62,2500,0,0,0
6955,116.03258,free_swing,517,477,648,485,-45.197,86.505,0,-231.85,-960.54,0,131.24,5.38,2500,0,0,0
6956,116.04927,free_swing,506,473,622,512,-48.073,71.417,0,-162.58,-628.55,1,122.38,11.77,2500,1,0,0
6957,116.06595,free_swing,498,468,584,531,-50.503,53.775,0,-56.85,-1148.46,1,106.61,23.14,2500,1,0,0
6958,116.08263,free_swing,499,468,545,515,-50.332,44.384,0,77.32,-1992.79,1,65.76,52.59,2500,1,0,0
6959,116.09932,free_swing,506,473,494,530,-48.073,-11.889,0,170.83,-2730.03,1,58.25,58.01,2500,1,0,1
6960,116.116,free_swing,518,479,441,535,-44.608,-53.973,0,152.70,-2401.82,1,95.21,31.36,2500,1,0,0
6961,116.13268,free_swing,524,481,423,485,-43.011,-87.732,0,70.28,-1346.02,1,101.08,27.13,2500,1,0,0
6962,116.14937,free_swing,525,481,399,465,-42.805,-97.237,0,-16.52,-1015.72,1,127.01,8.43,2500,1,0,0
6963,116.16605,free_swing,523,480,400,413,-43.409,-118.578,0,-64.93,-1050.40,0,140.06,0.98,2500,0,0,0
6964,116.18273,free_swing,518,478,416,367,-44.803,-137.420,0,-100.16,-1014.71,0,150.75,8.68,2500,0,0,0
6965,116.19942,free_swing,512,475,438,328,-46.559,-153.279,0,-106.92,-747.47,1,164.58,18.65,2500,1,0,0
6966,116.2161,free_swing,506,472,446,317,-48.276,-158.839,0,-66.06,-524.08,1,166.21,19.83,2500,1,0,0
6967,116.23278,free_swing,504,471,481,285,-48.840,-172.951,0,1.68,-537.42,1,187.42,35.12,2500,0,0,0
6968,116.24947,free_swing,506,473,495,294,-48.073,-176.483,0,59.22,-505.25,1,179.34,29.29,2500,0,0,0
6969,116.26615,free_swing,512,474,544,278,-46.759,170.727,0,88.84,-350.66,1,198.60,43.17,2500,0,0,0
6970,116.28283,free_swing,517,477,551,300,-45.197,169.126,0,118.78,-378.16,1,180.24,29.94,2500,0,0,0
6971,116.29952,free_swing,524,481,583,292,-43.011,162.663,0,153.07,-266.97,1,197.99,42.74,2500,0,0,0
6972,116.3162,free_swing,535,485,618,299,-39.916,155.952,0,185.23,-305.61,1,203.68,46.84,2500,0,0,0
6973,116.33288,free_swing,547,487,632,312,-36.811,154.093,0,210.49,-191.48,1,194.55,40.26,2500,0,0,0
6974,116.34957,free_swing,560,490,661,321,-33.100,149.136,0,227.38,-304.54,1,196.88,41.94,2500,0,0,0
6975,116.36625,free_swing,575,491,683,333,-28.963,145.646,0,261.40,-304.95,1,191.38,37.98,2500,0,0,0
6976,116.38293,free_swing,590,491,713,364,-24.661,135.917,0,278.54,-260.33,1,176.80,27.46,2500,0,0,0
6977,116.39962,free_swing,608,489,736,349,-19.306,137.564,0,312.61,-259.73,1,189.69,36.76,2500,0,0,0
6978,116.4163,free_swing,624,485,756,378,-14.300,129.028,0,360.85,-385.65,1,169.92,22.50,2500,0,0,0
6979,116.43298,free_swing,644,480,774,401,-7.316,121.287,0,424.46,-654.08,1,152.12,9.67,2500,1,0,0
6980,116.44967,free_swing,664,471,793,433,0.412,106.414,0,558.73,-1181.34,1,134.48,3.05,2500,1,0,0
6981,116.46635,free_swing,685,456,785,462,10.061,86.566,0,661.00,-1754.45,1,100.18,27.78,2500,1,0,0
6982,116.48303,free_swing,706,436,767,495,22.463,45.955,0,630.99,-1977.05,1,84.86,38.82,2500,1,0,0
6983,116.49972,free_swing,718,421,737,477,31.715,18.741,0,451.93,-1713.48,1,59.14,57.37,2500,1,0,0
6984,116.5164,free_swing,722,412,708,519,36.409,-7.454,0,227.50,-1408.13,1,107.91,22.20,2500,1,0,0
6985,116.53308,free_swing,725,409,678,503,38.841,-26.565,0,37.19,-1351.01,1,105.10,24.23,2500,0,0,0
6986,116.54977,free_swing,725,410,657,464,38.480,-51.546,0,-140.06,-737.46,1,86.83,37.40,2500,1,0,0
6987,116.56645,free_swing,720,416,636,463,34.160,-60.772,0,-304.81,-291.18,1,96.25,30.61,2500,1,0,0
6988,116.58313,free_swing,713,425,603,504,28.264,-54.315,0,-392.87,-690.42,1,135.43,2.36,2500,1,0,0
6989,116.59982,free_swing,704,437,591,471,21.329,-73.254,0,-423.81,-527.31,1,118.00,14.93,2500,0,0,0
6990,116.6165,free_swing,693,449,583,427,14.381,-101.310,0,-446.66,-1070.87,1,112.18,19.13,2500,1,0,0
6991,116.63318,free_swing,678,460,548,485,6.684,-79.114,0,-448.32,-636.37,1,132.38,4.56,2500,1,0,0
6992,116.64987,free_swing,661,471,564,388,-0.824,-130.553,0,-436.60,-211.12,1,127.66,7.96,2500,1,0,0
6993,116.66655,free_swing,643,480,529,452,-7.696,-103.799,0,-415.40,-121.58,1,117.39,15.37,2500,0,0,0
6994,116.68323,free_swing,623,486,509,460,-14.560,-102.848,0,-401.34,789.03,1,116.93,15.70,2500,1,0,0
6995,116.69992,free_swing,601,491,481,464,-21.303,-102.680,0,-392.87,594.81,1,123.00,11.32,2500,0,0,0
6996,116.7166,free_swing,579,492,451,522,-27.699,-76.809,0,-395.66,992.38,1,131.47,5.22,2500,1,0,0
6997,116.73328,free_swing,555,490,436,550,-34.354,-63.243,0,-413.87,950.08,0,133.27,3.92,2500,0,0,0
6998,116.74997,free_swing,529,483,438,554,-41.586,-52.038,0,-438.26,847.09,1,115.42,16.79,2500,0,0,0
6999,116.76665,free_swing,503,472,449,550,-48.814,-34.695,0,-430.76,1182.58,1,94.87,31.61,2500,1,0,0
7000,116.78333,free_swing,480,456,457,564,-55.879,-12.022,0,-375.90,1264.24,1,110.42,20.39,2500,0,0,0
7001,116.80002,free_swing,464,440,477,532,-61.511,8.043,0,-304.24,841.30,1,92.91,33.01,2500,1,0,0
7002,116.8167,free_swing,454,426,489,523,-65.784,19.841,0,-243.69,959.33,1,103.12,25.66,2500,0,0,0
7003,116.83338,free_swing,444,413,496,516,-69.702,26.787,0,-216.29,841.04,1,115.38,16.82,2500,0,0,0
7004,116.85007,free_swing,438,400,526,454,-73.184,58.465,0,-213.84,499.21,1,103.25,25.57,2500,1,0,0
7005,116.86675,free_swing,433,387,513,464,-76.551,46.095,0,-191.46,-81.56,1,111.04,19.95,2500,1,0,0
7006,116.88343,free_swing,428,374,513,459,-79.867,45.000,0,-155.70,-506.00,1,120.21,13.34,2500,1,0,0
7007,116.90012,free_swing,426,367,513,470,-81.599,40.186,0,-102.65,50.77,1,134.83,2.80,2500,1,0,0
7008,116.9168,free_swing,425,361,518,469,-83.053,40.732,0,-41.95,381.24,1,142.52,2.75,2500,1,0,0
7009,116.93348,free_swing,424,360,535,441,-83.318,53.881,0,6.93,482.54,0,137.41,0.93,2500,0,0,0
7010,116.95017,free_swing,425,363,547,430,-82.579,61.225,0,61.38,223.63,1,139.19,0.35,2500,1,0,0
7011,116.96685,free_swing,427,368,554,445,-81.327,58.772,0,109.08,261.95,0,148.52,7.07,2500,0,0,0
7012,116.98353,free_swing,429,377,563,444,-79.114,63.435,0,153.77,463.70,1,149.82,8.01,2500,1,0,0
7013,117.00022,free_swing,433,389,584,417,-76.081,79.495,0,191.79,13.01,1,153.57,10.72,2500,1,0,0
7014,117.0169,free_swing,438,402,586,443,-72.719,74.516,0,220.95,104.78,1,153.57,10.72,2500,0,0,0
7015,117.03358,free_swing,446,416,578,491,-68.839,60.396,0,252.26,172.53,0,151.82,9.45,2500,0,0,0
7016,117.05027,free_swing,457,431,615,423,-64.332,92.899,0,275.75,169.29,1,158.20,14.05,2500,0,0,0
7017,117.06695,free_swing,470,446,608,475,-59.431,78.132,0,303.08,353.97,0,141.01,1.66,2500,0,0,0
7018,117.08363,free_swing,485,459,610,493,-54.493,74.784,0,317.11,-121.22,1,129.54,6.61,2500,1,0,0
7019,117.10032,free_swing,505,472,626,462,-48.457,94.724,0,356.12,-445.06,1,121.41,12.47,2500,1,0,0
7020,117.117,free_swing,525,482,622,530,-42.614,63.672,0,438.35,-1047.49,1,108.23,21.98,2500,1,0,0
7021,117.13368,free_swing,555,490,615,566,-34.354,38.290,0,530.19,-1710.61,1,96.83,30.19,2500,1,0,0
7022,117.15037,free_swing,589,493,621,555,-24.685,27.300,0,572.98,-1338.99,1,69.77,49.70,2500,1,0,0
7023,117.16705,free_swing,620,490,600,564,-15.224,-15.124,0,527.49,-1939.10,1,76.66,44.74,2500,1,0,0
7024,117.18373,free_swing,644,480,589,580,-7.316,-28.811,0,466.28,-1530.09,1,114.13,17.72,2500,1,0,0
7025,117.20042,free_swing,663,471,614,487,0.000,-71.917,0,417.48,-402.03,1,51.55,62.84,2500,1,0,0
7026,117.2171,free_swing,679,462,588,540,7.017,-49.399,0,399.81,81.71,1,119.85,13.59,2500,1,0,0
7027,117.23378,free_swing,691,451,590,528,13.241,-52.679,0,389.95,-344.76,1,127.00,8.44,2500,1,0,0
7028,117.25047,free_swing,702,439,597,489,20.026,-64.537,0,401.21,-617.33,1,116.30,16.16,2500,1,0,0
7029,117.26715,free_swing,711,428,614,430,26.565,-88.819,0,401.02,30.03,1,97.02,30.05,2500,1,0,0
7030,117.28383,free_swing,719,417,602,501,33.378,-54.324,0,365.89,398.33,1,144.03,3.84,2500,1,0,0
7031,117.30052,free_swing,724,408,610,463,38.752,-64.245,0,313.95,305.41,0,126.57,8.75,2500,0,0,0
7032,117.3172,free_swing,728,401,618,456,43.290,-63.435,0,213.99,-200.75,1,122.98,11.34,2500,1,0,0
7033,117.33388,free_swing,730,396,618,459,46.312,-60.642,0,93.88,60.99,1,128.50,7.36,2500,1,0,0
7034,117.35057,free_swing,730,396,634,449,46.312,-61.098,0,-25.52,128.03,1,109.66,20.94,2500,0,0,0
7035,117.36725,free_swing,729,398,631,451,45.000,-61.595,0,-133.78,124.87,1,111.41,19.68,2500,0,0,0
7036,117.38393,free_swing,727,402,623,484,42.436,-51.746,0,-219.80,203.35,0,132.44,4.52,2500,0,0,0
7037,117.40062,free_swing,723,410,628,475,37.569,-55.620,0,-311.28,241.91,1,115.11,17.01,2500,0,0,0
7038,117.4173,free_swing,718,420,629,502,32.005,-47.344,0,-378.21,256.28,1,121.02,12.75,2500,0,0,0
7039,117.43398,free_swing,709,430,623,526,25.145,-41.855,0,-429.21,447.83,0,128.89,7.08,2500,0,0,0
7040,117.45067,free_swing,699,444,631,539,17.819,-35.595,0,-464.45,394.93,1,116.83,15.77,2500,0,0,0
7041,117.46735,free_swing,684,457,640,551,9.537,-25.084,0,-483.24,792.92,1,103.79,25.18,2500,1,0,0
7042,117.48403,free_swing,667,469,644,566,1.672,-13.339,0,-519.93,1285.54,1,99.69,28.13,2500,1,0,0
7043,117.50072,free_swing,644,482,662,542,-7.219,16.699,0,-549.66,1371.59,1,62.64,54.84,2500,0,0,0
7044,117.5174,free_swing,615,491,670,561,-16.798,38.157,0,-530.98,1089.45,1,89.02,35.82,2500,1,0,0
7045,117.53408,free_swing,588,492,666,564,-25.115,47.291,0,-448.62,676.63,1,106.15,23.47,2500,1,0,0
7046,117.55077,free_swing,566,491,664,551,-31.386,58.523,0,-352.10,345.72,1,114.91,17.16,2500,1,0,0
7047,117.56745,free_swing,546,488,662,539,-36.870,66.267,0,-293.65,201.42,0,126.72,8.65,2500,0,0,0
7048,117.58413,free_swing,530,483,643,543,-41.373,62.033,0,-268.96,446.72,1,127.94,7.76,2500,1,0,0
7049,117.60082,free_swing,514,477,638,514,-45.779,73.386,0,-247.77,314.19,0,129.40,6.71,2500,0,0,0
7050,117.6175,free_swing,500,469,643,473,-49.953,88.398,0,-246.05,372.95,0,143.06,3.13,2500,0,0,0
7051,117.63418,free_swing,487,461,623,506,-53.760,71.692,0,-241.57,-210.50,1,143.25,3.28,2500,1,0,0
7052,117.65087,free_swing,475,449,621,463,-58.104,84.523,0,-245.39,-684.84,1,146.67,5.74,2500,1,0,0
7053,117.66755,free_swing,463,439,583,511,-61.853,59.036,0,-230.51,-627.79,0,139.94,0.89,2500,0,0,0
7054,117.68423,free_swing,453,427,562,524,-65.659,48.334,0,-179.65,-610.54,0,145.91,5.19,2500,0,0,0
7055,117.70092,free_swing,447,419,550,509,-68.062,48.853,0,-125.31,-130.19,1,136.78,1.39,2500,1,0,0
7056,117.7176,free_swing,445,414,531,505,-69.386,43.382,0,-57.90,-311.36,0,125.21,9.73,2500,0,0,0
7057,117.73428,free_swing,444,411,515,508,-70.164,36.203,0,5.14,-445.21,1,120.21,13.34,2500,0,0,0
7058,117.75097,free_swing,446,414,494,509,-69.299,26.806,0,76.20,-578.19,1,106.44,23.27,2500,0,0,0
7059,117.76765,free_swing,449,421,480,508,-67.418,19.612,0,147.30,-636.55,1,92.36,33.42,2500,0,0,0
7060,117.78433,free_swing,458,430,459,519,-64.450,0.644,0,223.01,-1270.96,1,89.01,35.83,2500,1,0,0
7061,117.80102,free_swing,468,443,455,493,-60.350,-14.574,0,282.31,-1624.77,1,51.66,62.75,2500,1,0,0
7062,117.8177,free_swing,484,458,425,494,-54.858,-58.610,0,309.18,-1667.53,1,69.12,50.17,2500,0,0,0
7063,117.83438,free_swing,500,468,400,502,-50.160,-71.222,0,289.95,-1329.75,1,105.62,23.85,2500,1,0,0
7064,117.85107,free_swing,516,477,404,466,-45.392,-95.609,0,253.27,-847.39,1,112.54,18.87,2500,1,0,0
7065,117.86775,free_swing,529,483,411,453,-41.586,-104.265,0,232.84,-662.11,1,121.75,12.22,2500,0,0,0
7066,117.88443,free_swing,543,487,424,429,-37.747,-115.984,0,221.51,-279.06,1,132.38,4.56,2500,1,0,0
7067,117.90112,free_swing,557,489,432,432,-34.026,-114.513,0,225.06,-33.82,1,137.38,0.96,2500,1,0,0
7068,117.9178,free_swing,571,491,447,426,-30.054,-117.663,0,251.86,40.09,0,140.00,0.93,2500,0,0,0
7069,117.93448,free_swing,586,491,448,435,-25.840,-112.087,0,293.52,86.93,0,148.93,7.37,2500,0,0,0
7070,117.95117,free_swing,605,490,468,419,-20.158,-117.395,0,332.54,-5.10,1,154.30,11.24,2500,0,0,0
7071,117.96785,free_swing,623,486,476,433,-14.560,-109.826,0,358.15,25.09,1,156.26,12.66,2500,0,0,0
7072,117.98453,free_swing,641,480,511,412,-8.455,-117.613,0,371.35,45.48,0,146.71,5.77,2500,0,0,0
7073,118.00122,free_swing,658,472,521,429,-2.045,-107.425,0,404.11,268.04,1,143.59,3.52,2500,1,0,0
7074,118.0179,free_swing,674,462,545,418,4.837,-108.834,0,430.70,677.63,1,136.30,1.74,2500,1,0,0
7075,118.03458,free_swing,689,451,548,455,12.325,-88.375,0,447.50,531.94,0,141.06,1.69,2500,0,0,0
7076,118.05127,free_swing,701,439,586,459,19.552,-80.134,0,426.34,811.19,1,116.73,15.85,2500,1,0,0
7077,118.06795,free_swing,711,429,607,457,26.328,-74.932,0,363.72,890.24,1,107.70,22.35,2500,0,0,0
7078,118.08463,free_swing,717,421,641,498,31.247,-44.626,0,216.82,1152.75,1,108.19,22.00,2500,1,0,0
7079,118.10132,free_swing,720,417,665,507,33.845,-31.430,0,28.56,1138.03,1,105.48,23.96,2500,0,0,0
7080,118.118,free_swing,718,421,698,516,31.715,-11.889,0,-182.28,1518.27,1,97.08,30.01,2500,1,0,0
7081,118.13468,free_swing,713,427,738,528,27.759,13.903,0,-399.57,1938.41,1,104.05,24.99,2500,1,0,0
7082,118.15137,free_swing,702,441,771,482,19.687,59.281,0,-514.60,1641.73,1,80.26,42.14,2500,1,0,0
7083,118.16805,free_swing,685,458,795,496,9.904,70.942,0,-513.55,1032.28,1,116.38,16.10,2500,1,0,0
7084,118.18473,free_swing,670,467,803,480,2.968,84.417,0,-391.15,711.73,1,133.63,3.66,2500,1,0,0
7085,118.20142,free_swing,657,472,803,450,-2.454,98.569,0,-263.27,819.39,0,147.65,6.45,2500,0,0,0
7086,118.2181,free_swing,647,478,795,409,-6.254,114.996,0,-202.18,711.08,1,163.29,17.72,2500,0,0,0
7087,118.23478,free_swing,639,482,782,398,-9.090,120.431,0,-170.12,654.40,1,165.85,19.56,2500,0,0,0
7088,118.25147,free_swing,630,485,754,365,-12.171,134.061,0,-174.85,559.13,1,172.56,24.40,2500,0,0,0
7089,118.26815,free_swing,621,488,734,333,-15.068,143.907,0,-193.40,478.69,1,191.82,38.29,2500,0,0,0
7090,118.28483,free_swing,610,490,706,338,-18.544,147.724,0,-207.56,329.65,1,179.78,29.61,2500,0,0,0
7091,118.30152,free_swing,598,491,685,318,-22.235,153.303,0,-233.07,286.15,1,193.64,39.61,2500,0,0,0
7092,118.3182,free_swing,584,493,657,296,-26.136,159.667,0,-258.85,205.90,1,210.09,51.46,2500,0,0,0
7093,118.33488,free_swing,568,491,631,316,-30.858,160.201,0,-286.80,76.06,1,185.99,34.09,2500,0,0,0
7094,118.35157,free_swing,550,489,618,297,-35.744,160.498,0,-298.93,-9.77,1,203.69,46.84,2500,0,0,0
7095,118.36825,free_swing,533,483,596,293,-40.726,161.656,0,-287.10,31.01,1,200.17,44.31,2500,0,0,0
7096,118.38493,free_swing,516,477,580,293,-45.392,160.821,0,-278.01,-0.61,1,194.81,40.45,2500,0,0,0
7097,118.40162,free_swing,501,469,558,288,-49.779,162.520,0,-266.62,56.82,1,189.76,36.81,2500,0,0,0
7098,118.4183,free_swing,486,459,549,269,-54.340,161.656,0,-250.77,103.11,1,200.17,44.31,2500,0,0,0
7099,118.43498,free_swing,474,449,516,279,-58.241,166.122,0,-228.14,34.78,1,175.11,26.24,2500,0,0,0
7100,118.45167,free_swing,464,439,511,258,-61.734,165.444,0,-197.76,91.89,1,187.00,34.82,2500,0,0,0
7101,118.46835,free_swing,456,429,504,243,-64.892,165.530,0,-165.68,231.32,1,192.09,38.49,2500,0,0,0
7102,118.48503,free_swing,450,421,470,250,-67.323,173.329,0,-128.81,274.02,1,172.17,24.12,2500,0,0,0
7103,118.50172,free_swing,446,415,449,251,-69.069,178.952,0,-91.50,212.00,1,164.03,18.25,2500,0,0,0
7104,118.5184,free_swing,444,410,452,239,-70.396,177.321,0,-56.67,475.84,1,171.19,23.42,2500,1,0,0
7105,118.53508,free_swing,442,408,427,247,-71.022,-174.677,0,-17.44,126.46,1,161.70,16.57,2500,1,0,0
7106,118.55177,free_swing,442,408,400,259,-71.022,-164.258,0,9.13,-788.20,1,154.81,11.61,2500,1,0,0
7107,118.56845,free_swing,443,410,526,186,-70.478,159.669,0,38.90,-1244.48,1,238.88,72.22,2500,1,0,0
7108,118.58513,free_swing,444,412,610,221,-69.933,139.006,0,81.57,-796.59,1,253.06,82.44,2500,1,0,0
7109,118.60182,free_swing,448,419,607,190,-67.969,145.227,0,114.27,20.76,1,278.79,100.99,2500,1,0,0
7110,118.6185,free_swing,453,427,701,93,-65.659,143.406,0,141.34,104.81,1,416.00,199.91,2500,0,0,0
7111,118.63518,free_swing,459,433,737,101,-63.660,140.059,0,144.56,-694.66,1,433.02,212.18,2500,1,0,0
7112,118.65187,free_swing,466,442,725,90,-60.822,143.655,0,152.74,1017.72,1,437.02,215.06,2500,1,0,0
7113,118.66855,free_swing,473,449,749,118,-58.376,140.177,0,164.31,3025.96,1,430.97,210.70,2500,1,0,1
7114,118.68523,free_swing,482,456,430,444,-55.586,-102.995,0,166.92,4171.38,1,53.37,61.53,2500,1,0,1
7115,118.70192,free_swing,492,463,445,487,-52.545,-62.949,0,189.42,3212.98,1,52.77,61.95,2500,1,0,1
7116,118.7186,free_swing,502,470,476,551,-49.399,-17.796,0,209.31,2224.16,1,85.07,38.67,2500,1,0,0
7117,118.73528,free_swing,516,477,518,564,-45.392,1.317,0,246.97,2136.17,1,87.02,37.26,2500,0,0,0
7118,118.75197,free_swing,531,483,590,507,-41.159,67.865,0,297.25,965.94,1,63.69,54.08,2500,1,0,0
7119,118.76865,free_swing,550,490,610,550,-35.572,45.000,0,347.58,-67.86,1,84.85,38.83,2500,1,0,0
7120,118.78533,free_swing,573,492,645,568,-29.358,43.452,0,395.80,198.25,1,104.69,24.53,2500,1,0,0
7121,118.80202,free_swing,597,492,676,549,-22.416,54.189,0,442.75,894.66,1,97.42,29.77,2500,1,0,0
7122,118.8187,free_swing,622,488,716,485,-14.725,91.828,0,498.79,453.10,1,94.05,32.20,2500,1,0,0
7123,118.83538,free_swing,648,479,744,533,-5.826,60.642,0,543.48,-297.47,1,110.15,20.59,2500,1,0,0
7124,118.85207,free_swing,671,466,767,497,3.417,72.104,0,562.51,-315.22,1,100.88,27.27,2500,0,0,0
7125,118.86875,free_swing,690,452,783,500,12.680,62.700,0,545.70,231.28,1,104.66,24.55,2500,1,0,0
7126,118.88543,free_swing,704,436,803,464,21.516,74.208,0,506.70,-97.54,1,102.88,25.83,2500,1,0,0
7127,118.90212,free_swing,714,423,825,472,29.268,66.181,0,427.04,173.37,1,121.33,12.53,2500,1,0,0
7128,118.9188,free_swing,721,413,845,458,35.605,70.054,0,290.51,197.87,0,131.91,4.90,2500,0,0,0
7129,118.93548,free_swing,724,407,841,423,39.123,82.213,0,116.25,593.15,1,118.09,14.87,2500,1,0,0
7130,118.95217,free_swing,724,406,859,412,39.500,87.455,0,-27.68,1050.73,1,135.13,2.58,2500,1,0,0
7131,118.96885,free_swing,723,409,853,368,37.926,107.504,0,-119.88,907.08,0,136.31,1.73,2500,0,0,0
7132,118.98553,free_swing,721,412,833,309,35.942,132.603,0,-170.55,713.59,0,152.16,9.70,2500,0,0,0
7133,119.00222,free_swing,717,417,839,339,32.428,122.593,0,-209.87,305.56,1,144.80,4.39,2500,1,0,0
7134,119.0189,free_swing,714,425,821,303,28.740,138.748,0,-249.44,314.18,1,162.27,16.99,2500,0,0,0
7135,119.03558,free_swing,708,431,803,310,24.444,141.864,0,-267.74,487.75,1,153.84,10.91,2500,0,0,0
7136,119.05227,free_swing,701,439,785,294,19.552,149.916,0,-301.93,195.12,1,167.57,20.81,2500,1,0,0
7137,119.06895,free_swing,693,447,780,290,14.621,151.007,0,-320.77,257.43,1,179.49,29.40,2500,0,0,0
7138,119.08563,free_swing,682,457,753,302,8.643,155.389,0,-354.58,195.72,1,170.49,22.91,2500,0,0,0
7139,119.10232,free_swing,670,465,733,291,3.013,160.096,0,-376.05,139.79,1,185.05,33.41,2500,0,0,0
7140,119.119,free_swing,653,475,718,301,-4.000,159.516,0,-393.74,-69.13,1,185.74,33.91,2500,1,0,0
7141,119.13568,free_swing,636,483,712,298,-10.138,157.667,0,-405.29,-118.52,1,200.00,44.19,2500,0,0,0
7142,119.15237,free_swing,614,489,697,316,-17.333,154.370,0,-409.28,-128.56,1,191.88,38.33,2500,0,0,0
7143,119.16905,free_swing,592,492,678,310,-23.929,154.708,0,-420.90,-215.43,1,201.30,45.12,2500,0,0,0
7144,119.18573,free_swing,567,491,668,329,-31.122,148.058,0,-405.61,-298.66,1,190.91,37.63,2500,0,0,0
7145,119.20242,free_swing,543,487,658,340,-37.747,141.963,0,-397.79,-449.31,1,186.64,34.55,2500,0,0,0
7146,119.2191,free_swing,520,480,659,335,-44.016,136.210,0,-372.85,-408.95,1,200.86,44.81,2500,0,0,0
7147,119.23578,free_swing,499,468,650,359,-50.332,125.824,0,-353.92,-515.02,1,186.23,34.26,2500,0,0,0
7148,119.25247,free_swing,481,456,644,358,-55.733,121.015,0,-317.90,-482.20,1,190.19,37.12,2500,0,0,0
7149,119.26915,free_swing,466,442,639,386,-60.822,107.937,0,-268.29,-585.30,1,181.84,31.09,2500,0,0,0
7150,119.28583,free_swing,456,430,628,391,-64.666,102.775,0,-201.81,-625.15,1,176.37,27.15,2500,0,0,0
7151,119.30252,free_swing,450,420,602,433,-67.552,85.112,0,-126.82,-966.26,1,152.55,9.98,2500,1,0,0
7152,119.3192,free_swing,447,416,579,449,-68.749,75.964,0,-49.53,-1227.79,1,136.06,1.91,2500,1,0,0
7153,119.33588,free_swing,445,415,549,509,-69.156,47.891,0,39.12,230.98,1,140.19,1.07,2500,1,0,0
7154,119.35257,free_swing,449,420,535,487,-67.647,52.079,0,124.04,182.59,1,109.02,21.40,2500,0,0,0
7155,119.36925,free_swing,456,430,545,430,-64.666,90.000,0,227.74,-1184.75,1,89.00,35.84,2500,1,0,0
7156,119.38593,free_swing,469,442,480,501,-60.446,10.561,0,326.46,-2983.96,1,60.02,56.73,2500,1,0,1
7157,119.40262,free_swing,486,460,440,519,-54.127,-37.942,0,381.41,-3027.03,1,74.81,46.06,2500,0,0,1
7158,119.4193,free_swing,508,474,419,509,-47.506,-68.532,0,353.26,-1446.14,1,95.63,31.05,2500,1,0,0
7159,119.43598,free_swing,526,482,408,489,-42.406,-86.605,0,279.13,-1658.23,1,118.21,14.78,2500,1,0,0
7160,119.45267,free_swing,540,486,431,433,-38.614,-115.931,0,225.44,-1298.17,1,121.20,12.62,2500,1,0,0
7161,119.46935,free_swing,554,489,478,371,-34.771,-147.216,0,208.56,-599.93,1,140.36,1.19,2500,1,0,0
7162,119.48603,free_swing,566,491,446,389,-31.386,-130.365,0,206.12,-125.77,1,157.49,13.54,2500,1,0,0
7163,119.50272,free_swing,578,492,470,372,-27.979,-138.013,0,203.81,29.06,1,161.44,16.39,2500,0,0,0
7164,119.5194,free_swing,591,491,501,344,-24.362,-148.523,0,226.14,-153.73,1,172.36,24.26,2500,0,0,0
7165,119.53608,free_swing,604,490,487,362,-20.477,-137.571,0,261.94,30.84,1,173.42,25.02,2500,0,0,0
7166,119.55277,free_swing,620,487,510,356,-15.505,-139.980,0,323.35,47.04,1,171.06,23.32,2500,0,0,0
7167,119.56945,free_swing,637,482,535,331,-9.834,-145.961,0,381.68,-30.63,1,182.22,31.37,2500,0,0,0
7168,119.58613,free_swing,656,474,536,341,-2.822,-137.941,0,395.24,121.26,1,179.13,29.14,2500,0,0,0
7169,119.60282,free_swing,672,464,555,339,3.900,-136.893,0,411.27,294.25,1,171.21,23.43,2500,0,0,0
7170,119.6195,free_swing,685,452,561,327,10.389,-135.230,0,461.35,389.31,1,176.07,26.94,2500,0,0,0
7171,119.63618,free_swing,700,439,558,349,19.075,-122.367,0,542.36,329.84,1,168.12,21.20,2500,0,0,0
7172,119.65287,free_swing,713,423,569,349,28.787,-117.198,0,586.31,407.01,1,161.90,16.72,2500,0,0,0
7173,119.66955,free_swing,723,408,587,333,38.290,-118.875,0,547.37,497.84,1,155.31,11.97,2500,0,0,0
7174,119.68623,free_swing,729,394,576,371,46.790,-98.549,0,462.03,535.12,1,154.72,11.54,2500,0,0,0
7175,119.70292,free_swing,733,384,580,374,53.393,-93.740,0,334.58,389.47,1,153.33,10.54,2500,0,0,0
7176,119.7196,free_swing,736,378,593,368,57.783,-94.000,0,160.23,174.30,1,143.35,3.35,2500,1,0,0
7177,119.73628,free_swing,736,376,587,382,58.921,-87.694,0,-34.15,-13.38,0,149.12,7.51,2500,0,0,0
7178,119.75297,free_swing,736,380,597,393,56.674,-84.657,0,-188.69,176.57,0,139.61,0.65,2500,0,0,0
7179,119.76965,free_swing,733,386,602,377,52.352,-93.930,0,-300.91,223.13,0,131.31,5.33,2500,0,0,0
7180,119.78633,free_swing,730,394,592,439,47.220,-71.940,0,-376.80,451.86,1,145.15,4.65,2500,1,0,0
7181,119.80302,free_swing,725,406,602,435,39.958,-76.734,0,-429.98,27.60,1,126.37,8.89,2500,1,0,0
7182,119.8197,free_swing,718,418,607,459,32.600,-69.727,0,-461.11,-46.88,1,118.33,14.69,2500,0,0,0
7183,119.83638,free_swing,709,431,608,443,24.922,-83.224,0,-474.55,586.45,1,101.71,26.67,2500,1,0,0
7184,119.85307,free_swing,697,445,604,519,16.746,-51.491,0,-503.41,947.14,1,118.85,14.32,2500,1,0,0
7185,119.86975,free_swing,681,460,611,544,8.005,-39.806,0,-540.42,1000.88,1,109.34,21.17,2500,0,0,0
7186,119.88643,free_swing,660,473,624,556,-1.219,-23.448,0,-599.62,1532.06,1,90.47,34.78,2500,1,0,0
7187,119.90312,free_swing,632,485,628,585,-11.454,-2.291,0,-626.16,2189.22,1,100.08,27.85,2500,1,0,0
7188,119.9198,free_swing,597,493,658,529,-22.291,59.452,0,-573.89,1573.23,1,70.83,48.94,2500,1,0,0
7189,119.93648,free_swing,568,492,654,540,-30.700,60.832,0,-454.39,551.40,1,98.49,29.00,2500,1,0,0
7190,119.95317,free_swing,546,487,647,557,-37.047,55.275,0,-343.15,-247.57,1,122.89,11.41,2500,1,0,0
7191,119.96985,free_swing,527,482,647,536,-42.198,65.772,0,-292.54,413.01,1,131.59,5.13,2500,1,0,0
7192,119.98653,free_swing,510,475,645,531,-46.935,67.471,0,-265.62,477.97,0,146.15,5.37,2500,0,0,0
7193,120.00322,free_swing,496,466,647,486,-51.257,82.455,0,-242.36,329.25,0,152.32,9.81,2500,0,0,0
7194,120.0199,free_swing,484,457,637,488,-55.072,78.546,0,-226.56,108.13,1,156.11,12.54,2500,1,0,0
7195,120.03658,free_swing,472,448,624,463,-58.728,84.364,0,-223.93,-41.81,1,152.74,10.11,2500,0,0,0
7196,120.05327,free_swing,461,437,614,469,-62.534,78.187,0,-217.12,-70.81,1,156.31,12.69,2500,0,0,0
7197,120.06995,free_swing,453,425,603,444,-66.114,82.781,0,-203.69,-98.27,0,151.20,9.00,2500,0,0,0
7198,120.08663,free_swing,446,415,593,453,-69.069,75.506,0,-173.27,207.16,1,151.83,9.46,2500,1,0,0
7199,120.10332,free_swing,440,405,593,425,-71.874,82.553,0,-124.85,-109.11,1,154.30,11.24,2500,1,0,0
7200,120.12,free_swing,438,399,590,413,-73.418,84.738,0,-70.63,-329.37,1,152.64,10.05,2500,1,0,0
7201,120.13668,free_swing,437,397,569,461,-73.954,64.134,0,-16.14,-334.24,0,146.70,5.76,2500,0,0,0
7202,120.15337,free_swing,436,397,563,452,-74.021,66.584,0,25.48,-187.32,0,138.40,0.22,2500,0,0,0
7203,120.17005,free_swing,438,400,567,447,-73.184,69.981,0,72.33,-396.70,1,137.30,1.02,2500,1,0,0
7204,120.18673,free_swing,441,406,544,483,-71.565,53.219,0,122.49,-623.02,1,128.60,7.29,2500,1,0,0
7205,120.20342,free_swing,446,415,532,526,-69.069,37.768,0,170.06,-487.57,0,140.42,1.23,2500,0,0,0
7206,120.2201,free_swing,453,426,536,509,-65.886,45.000,0,218.83,-169.11,1,117.38,15.38,2500,1,0,0
7207,120.23678,free_swing,464,439,522,530,-61.734,32.512,0,275.92,-478.36,1,107.91,22.20,2500,1,0,0
7208,120.25347,free_swing,479,453,515,534,-56.671,23.962,0,353.22,-1164.16,1,88.64,36.10,2500,1,0,0
7209,120.27015,free_swing,498,469,497,555,-50.297,-0.666,0,410.44,-1413.37,1,86.01,38.00,2500,1,0,0
7210,120.28683,free_swing,524,482,470,584,-42.820,-27.897,0,425.53,-1673.67,1,115.41,16.79,2500,1,0,0
7211,120.30352,free_swing,549,488,470,556,-36.158,-49.279,0,397.66,-1100.75,1,104.24,24.85,2500,1,0,0
7212,120.3202,free_swing,571,492,485,522,-29.899,-70.769,0,352.35,-515.22,1,91.08,34.34,2500,1,0,0
7213,120.33688,free_swing,591,492,468,551,-24.228,-64.374,0,317.40,-213.34,1,136.42,1.65,2500,1,0,0
7214,120.35357,free_swing,608,490,479,530,-19.193,-72.773,0,300.24,-196.93,0,135.06,2.63,2500,0,0,0
7215,120.37025,free_swing,624,486,499,511,-14.211,-78.690,0,325.15,-299.78,0,127.48,8.10,2500,0,0,0
7216,120.38693,free_swing,641,481,506,500,-8.399,-81.989,0,369.15,-376.27,0,136.33,1.71,2500,0,0,0
7217,120.40362,free_swing,659,472,526,487,-1.637,-83.565,0,410.66,-183.34,0,133.84,3.51,2500,0,0,0
7218,120.4203,free_swing,675,463,556,450,5.234,-96.234,0,439.77,278.45,1,119.71,13.70,2500,1,0,0
7219,120.43698,free_swing,690,451,558,482,12.783,-76.784,0,459.28,336.50,0,135.59,2.25,2500,0,0,0
7220,120.45367,free_swing,703,439,580,485,20.497,-69.495,0,447.24,517.56,0,131.32,5.33,2500,0,0,0
7221,120.47035,free_swing,712,425,608,451,27.784,-75.964,0,417.79,403.60,1,107.20,22.71,2500,0,0,0
7222,120.48703,free_swing,719,416,626,487,33.690,-52.640,0,335.55,577.15,1,117.00,15.65,2500,0,0,0
7223,120.50372,free_swing,724,407,653,472,39.123,-47.526,0,195.04,681.94,1,96.26,30.60,2500,0,0,0
7224,120.5204,free_swing,726,406,676,466,40.409,-39.806,0,22.44,684.71,1,78.10,43.69,2500,0,0,0
7225,120.53708,free_swing,725,408,696,481,39.207,-21.666,0,-142.65,1130.39,1,78.55,43.37,2500,1,0,0
7226,120.55377,free_swing,722,414,721,511,35.735,-0.591,0,-298.20,1266.93,1,97.01,30.07,2500,0,0,0
7227,120.57045,free_swing,716,424,737,482,29.946,19.904,0,-454.55,1268.56,1,61.68,55.53,2500,0,0,0
7228,120.58713,free_swing,703,438,762,508,20.674,40.126,0,-548.57,1369.92,1,91.55,34.00,2500,0,0,0
7229,120.60382,free_swing,688,454,794,507,11.581,63.435,0,-531.13,1218.43,1,118.51,14.56,2500,0,0,0
7230,120.6205,free_swing,671,466,792,478,3.417,84.336,0,-432.83,775.68,1,121.59,12.34,2500,1,0,0
7231,120.63718,free_swing,656,474,796,474,-2.822,90.000,0,-349.64,608.46,0,140.00,0.93,2500,0,0,0
7232,120.65387,free_swing,642,480,788,463,-8.076,96.642,0,-293.57,426.81,0,146.99,5.97,2500,0,0,0
7233,120.67055,free_swing,628,485,775,420,-12.885,113.854,0,-276.56,480.81,1,160.73,15.88,2500,0,0,0
7234,120.68723,free_swing,614,489,769,433,-17.333,109.864,0,-273.14,398.47,1,164.81,18.81,2500,0,0,0
7235,120.70392,free_swing,599,490,748,395,-22.051,122.521,0,-276.13,276.79,1,176.71,27.40,2500,0,0,0
7236,120.7206,free_swing,583,491,731,382,-26.709,126.371,0,-289.02,277.38,1,183.81,32.51,2500,0,0,0
7237,120.73728,free_swing,566,490,708,382,-31.547,127.255,0,-304.38,58.21,1,178.40,28.62,2500,1,0,0
7238,120.75397,free_swing,546,488,694,372,-36.870,128.089,0,-315.93,10.59,1,188.04,35.57,2500,0,0,0
7239,120.77065,free_swing,527,482,681,358,-42.198,128.841,0,-319.49,-183.71,1,197.72,42.54,2500,0,0,0
7240,120.78733,free_swing,509,474,669,372,-47.322,122.518,0,-307.74,-447.74,1,189.75,36.80,2500,1,0,0
7241,120.80402,free_swing,492,463,655,394,-52.545,112.944,0,-296.13,-531.13,1,177.00,27.61,2500,0,0,0
7242,120.8207,free_swing,477,452,639,414,-57.171,103.201,0,-287.33,-700.97,1,166.40,19.96,2500,0,0,0
7243,120.83738,free_swing,463,439,620,425,-61.853,95.096,0,-262.32,-664.19,1,157.62,13.64,2500,0,0,0
7244,120.85407,free_swing,453,425,600,462,-66.114,75.872,0,-219.24,-736.75,0,151.58,9.28,2500,0,0,0
7245,120.87075,free_swing,446,415,579,454,-69.069,73.657,0,-159.76,-470.02,1,138.60,0.08,2500,1,0,0
7246,120.88743,free_swing,441,408,555,480,-71.102,57.724,0,-83.57,-427.95,0,134.83,2.79,2500,0,0,0
7247,120.90412,free_swing,440,404,537,463,-72.106,58.690,0,-2.81,-980.83,1,113.53,18.15,2500,1,0,0
7248,120.9208,free_swing,442,408,502,496,-71.022,34.287,0,94.69,-1973.20,1,106.51,23.21,2500,1,0,0
7249,120.93748,free_swing,446,416,465,516,-68.839,10.758,0,202.82,904.37,1,101.79,26.62,2500,1,0,0
7250,120.95417,free_swing,456,430,463,470,-64.666,9.926,0,299.57,4059.68,1,40.61,70.72,2500,1,0,1
7251,120.97085,free_swing,472,447,473,402,-58.948,178.727,0,349.31,4322.64,1,45.01,67.55,2500,1,1,1
7252,120.98753,free_swing,489,463,478,363,-53.025,-173.723,0,316.58,2296.14,1,100.60,27.47,2500,1,0,0
7253,121.00422,free_swing,505,472,481,316,-48.457,-171.254,0,246.92,-46.78,1,157.84,13.79,2500,1,0,0
7254,121.0209,free_swing,517,478,446,378,-45.000,-144.625,0,202.45,1092.51,1,122.64,11.58,2500,1,0,0
7255,121.03758,free_swing,529,482,429,379,-41.775,-135.847,0,189.18,423.20,1,143.56,3.50,2500,1,0,0
7256,121.05427,free_swing,541,486,412,392,-38.387,-126.080,0,185.73,-388.74,1,159.62,15.07,2500,1,0,0
7257,121.07095,free_swing,552,488,467,331,-35.433,-151.569,0,188.38,-328.80,1,178.53,28.71,2500,0,0,0
7258,121.08763,free_swing,564,490,470,352,-32.071,-145.739,0,234.39,-158.42,1,166.97,20.38,2500,0,0,0
7259,121.10432,free_swing,579,491,476,360,-27.848,-141.823,0,293.12,-10.57,1,166.64,20.14,2500,0,0,0
7260,121.121,free_swing,599,491,516,336,-21.926,-151.832,0,344.34,-457.66,1,175.82,26.76,2500,1,0,0
7261,121.13768,free_swing,617,488,547,312,-16.429,-158.311,0,370.22,-253.06,1,189.41,36.55,2500,1,0,0
7262,121.15437,free_swing,637,483,571,295,-9.770,-160.656,0,388.43,42.43,1,199.25,43.65,2500,1,0,0
7263,121.17105,free_swing,655,475,570,308,-3.202,-153.025,0,430.76,216.09,1,187.39,35.09,2500,0,0,0
7264,121.18773,free_swing,673,465,591,291,4.300,-154.767,0,471.80,370.38,1,192.35,38.68,2500,0,0,0
7265,121.20442,free_swing,690,452,584,301,12.680,-144.932,0,507.23,335.33,1,184.49,33.01,2500,0,0,0
7266,121.2211,free_swing,704,436,584,308,21.516,-136.848,0,555.25,441.27,1,175.45,26.49,2500,0,0,0
7267,121.23778,free_swing,715,420,593,297,30.579,-135.234,0,601.01,422.76,1,173.24,24.90,2500,0,0,0
7268,121.25447,free_swing,726,403,589,313,41.583,-123.302,0,619.48,480.32,1,163.92,18.17,2500,0,0,0
7269,121.27115,free_swing,732,387,584,315,51.442,-115.942,0,597.32,444.29,1,164.58,18.65,2500,0,0,0
7270,121.28783,free_swing,737,374,585,314,60.422,-111.541,0,477.22,145.06,1,163.41,17.81,2500,1,0,0
7271,121.30452,free_swing,739,363,586,311,67.810,-108.771,0,308.64,124.39,1,161.60,16.50,2500,0,0,0
7272,121.3212,free_swing,739,359,589,304,70.442,-110.136,0,94.24,91.86,1,159.77,15.18,2500,1,0,0
7273,121.33788,free_swing,739,359,586,321,70.442,-103.948,0,-135.29,108.78,1,157.65,13.65,2500,1,0,0
7274,121.35457,free_swing,738,364,586,318,66.894,-106.837,0,-297.59,-155.43,1,158.81,14.49,2500,1,0,0
7275,121.37125,free_swing,736,374,587,330,60.086,-106.452,0,-407.80,-163.97,1,155.36,12.01,2500,0,0,0
7276,121.38793,free_swing,733,384,589,312,53.393,-116.565,0,-464.97,37.46,1,161.00,16.07,2500,1,0,0
7277,121.40462,free_swing,728,396,574,354,45.444,-105.255,0,-487.46,63.34,1,159.62,15.08,2500,0,0,0
7278,121.4213,free_swing,721,410,568,359,36.634,-108.435,0,-514.90,-55.69,1,161.28,16.27,2500,0,0,0
7279,121.43798,free_swing,713,424,568,363,28.523,-112.816,0,-516.00,-305.74,1,157.31,13.41,2500,1,0,0
7280,121.45467,free_swing,701,438,559,366,19.722,-116.887,0,-507.80,-185.03,1,159.21,14.78,2500,0,0,0
7281,121.47135,free_swing,687,452,544,380,11.310,-116.725,0,-492.49,130.63,1,160.10,15.42,2500,1,0,0
7282,121.48803,free_swing,671,465,536,401,3.442,-115.364,0,-460.10,462.15,1,149.40,7.71,2500,1,0,0
7283,121.50472,free_swing,653,475,508,446,-4.000,-101.310,0,-435.47,428.60,0,147.87,6.61,2500,0,0,0
7284,121.5214,free_swing,633,483,488,472,-11.237,-94.338,0,-421.67,567.34,0,145.42,4.84,2500,0,0,0
7285,121.53808,free_swing,611,490,484,486,-18.217,-91.804,0,-436.05,623.15,0,127.06,8.40,2500,0,0,0
7286,121.55477,free_swing,586,492,468,541,-25.699,-67.449,0,-490.92,1068.87,1,127.77,7.89,2500,1,0,0
7287,121.57145,free_swing,555,490,472,550,-34.354,-54.137,0,-542.99,1804.93,1,102.42,26.16,2500,1,0,0
7288,121.58813,free_swing,521,480,491,563,-43.815,-19.872,0,-528.01,1720.45,1,88.26,36.37,2500,0,0,0
7289,121.60482,free_swing,493,465,520,537,-51.962,20.556,0,-429.46,1956.28,1,76.90,44.56,2500,1,0,0
7290,121.6215,free_swing,474,450,533,559,-58.022,28.426,0,-314.17,1311.12,1,123.94,10.64,2500,1,0,0
7291,121.63818,free_swing,462,438,568,480,-62.194,68.385,0,-230.02,620.10,1,114.02,17.80,2500,1,0,0
7292,121.65487,free_swing,453,426,574,498,-65.886,59.246,0,-187.45,291.93,1,140.80,1.51,2500,1,0,0
7293,121.67155,free_swing,447,417,579,486,-68.519,62.403,0,-155.62,-7.08,1,148.95,7.38,2500,1,0,0
7294,121.68823,free_swing,442,408,582,458,-71.022,70.346,0,-111.64,492.12,1,148.66,7.18,2500,1,0,0
7295,121.70492,free_swing,439,403,591,439,-72.413,76.675,0,-65.10,419.62,1,156.20,12.61,2500,0,0,0
7296,121.7216,free_swing,438,401,598,417,-72.951,84.289,0,-2.35,319.08,1,160.80,15.93,2500,0,0,0
7297,121.73828,free_swing,439,402,603,407,-72.646,88.254,0,51.28,338.50,1,164.08,18.29,2500,0,0,0
7298,121.75497,free_swing,441,408,604,395,-71.102,94.560,0,119.32,582.18,1,163.52,17.89,2500,1,0,0
7299,121.77165,free_swing,445,416,605,371,-68.927,105.709,0,166.98,652.83,1,166.21,19.83,2500,0,0,0
7300,121.78833,free_swing,454,428,616,330,-65.329,121.171,0,202.18,655.37,1,189.34,36.50,2500,0,0,0
7301,121.80502,free_swing,462,438,604,343,-62.194,123.783,0,236.77,532.70,1,170.85,23.17,2500,0,0,0
7302,121.8217,free_swing,474,451,623,286,-57.804,137.917,0,262.67,461.64,1,222.32,60.28,2500,0,0,0
7303,121.83838,free_swing,489,463,610,304,-53.025,142.729,0,300.71,421.02,1,199.80,44.05,2500,0,0,0
7304,121.85507,free_swing,506,473,623,273,-48.073,149.672,0,314.59,338.63,1,231.71,67.05,2500,0,0,0
7305,121.87175,free_swing,527,481,622,284,-42.388,154.255,0,339.07,442.21,1,218.71,57.68,2500,0,0,0
7306,121.88843,free_swing,547,487,601,292,-36.811,164.521,0,364.20,423.29,1,202.34,45.87,2500,0,0,0
7307,121.90512,free_swing,570,491,603,294,-30.324,170.491,0,388.31,477.18,1,199.74,44.00,2500,0,0,0
7308,121.9218,free_swing,593,491,603,292,-23.762,177.123,0,405.84,511.55,1,199.25,43.65,2500,0,0,0
7309,121.93848,free_swing,616,488,589,302,-16.767,-171.741,0,422.68,463.65,1,187.95,35.50,2500,0,0,0
7310,121.95517,free_swing,637,482,587,299,-9.834,-164.718,0,431.57,284.72,1,189.71,36.77,2500,0,0,0
7311,121.97185,free_swing,658,473,597,274,-2.031,-162.958,0,459.56,409.32,1,208.14,50.06,2500,0,0,0
7312,121.98853,free_swing,675,461,596,289,5.315,-155.331,0,506.87,633.85,1,189.27,36.46,2500,1,0,0
7313,122.00522,free_swing,693,447,574,320,14.621,-136.863,0,541.33,707.39,1,174.04,25.47,2500,0,0,0
7314,122.0219,free_swing,707,431,580,324,23.962,-130.115,0,573.71,808.31,1,166.07,19.72,2500,0,0,0
7315,122.03858,free_swing,718,416,579,340,33.215,-118.668,0,590.26,699.71,1,158.42,14.21,2500,0,0,0
7316,122.05527,free_swing,726,399,579,377,43.238,-98.512,0,587.59,672.25,0,148.64,7.16,2500,0,0,0
7317,122.07195,free_swing,733,385,599,370,52.869,-96.387,0,505.78,815.54,0,134.84,2.79,2500,0,0,0
7318,122.08863,free_swing,737,375,609,392,59.840,-82.435,0,321.77,538.54,1,129.12,6.91,2500,1,0,0
7319,122.10532,free_swing,739,370,620,435,63.435,-61.356,0,101.89,791.30,1,135.59,2.24,2500,1,0,0
7320,122.122,free_swing,738,370,652,403,63.130,-69.007,0,-95.02,673.28,1,92.11,33.59,2500,0,0,0
7321,122.13868,free_swing,738,375,656,475,60.173,-39.352,0,-262.43,276.55,1,129.32,6.77,2500,1,0,0
7322,122.15537,free_swing,735,383,687,439,54.689,-40.601,0,-397.66,743.21,1,73.76,46.83,2500,1,0,0
7323,122.17205,free_swing,731,396,707,425,46.736,-39.611,0,-549.59,1024.44,1,37.64,72.86,2500,1,0,0
7324,122.18873,free_swing,723,412,732,500,36.870,5.839,0,-692.18,1672.94,1,88.46,36.23,2500,1,0,0
7325,122.20542,free_swing,708,433,747,521,24.015,23.902,0,-775.66,1964.51,1,96.25,30.61,2500,1,0,0
7326,122.2221,free_swing,687,455,769,523,11.041,50.332,0,-737.49,1384.64,1,106.53,23.20,2500,1,0,0
7327,122.23878,free_swing,662,473,786,483,-0.406,85.389,0,-602.18,1014.01,1,124.40,10.31,2500,1,0,0
7328,122.25547,free_swing,640,481,783,501,-8.775,82.038,0,-462.25,391.00,1,144.39,4.10,2500,1,0,0
7329,122.27215,free_swing,619,488,771,488,-15.751,90.000,0,-371.39,160.47,1,152.00,9.58,2500,1,0,0
7330,122.28883,free_swing,601,490,756,471,-21.425,96.988,0,-336.40,579.34,1,156.16,12.58,2500,1,0,0
7331,122.30552,free_swing,582,491,741,453,-26.996,103.441,0,-319.27,398.53,1,163.48,17.86,2500,0,0,0
7332,122.3222,free_swing,563,490,722,419,-32.330,114.063,0,-315.70,58.61,1,174.13,25.54,2500,1,0,0
7333,122.33888,free_swing,544,487,701,437,-37.515,107.665,0,-314.50,-33.18,1,164.77,18.79,2500,0,0,0
7334,122.35557,free_swing,525,481,685,439,-42.805,104.708,0,-322.84,54.72,1,165.42,19.26,2500,0,0,0
7335,122.37225,free_swing,506,472,672,400,-48.276,113.448,0,-327.05,-123.23,1,180.94,30.45,2500,0,0,0
7336,122.38893,free_swing,487,461,657,402,-53.760,109.140,0,-324.45,-82.56,1,179.95,29.73,2500,0,0,0
7337,122.40562,free_swing,472,447,631,438,-58.948,93.240,0,-304.24,-522.76,1,159.25,14.81,2500,1,0,0
7338,122.4223,free_swing,458,432,640,382,-63.997,105.362,0,-283.48,-609.42,1,188.74,36.07,2500,0,0,0
7339,122.43898,free_swing,448,418,594,465,-68.199,72.156,0,-251.50,-914.02,1,153.38,10.58,2500,1,0,0
7340,122.45567,free_swing,440,403,572,454,-72.339,68.875,0,-204.57,-630.40,1,141.51,2.02,2500,1,0,0
7341,122.47235,free_swing,434,393,539,476,-75.084,51.674,0,-142.82,-363.79,1,133.84,3.51,2500,1,0,0
7342,122.48903,free_swing,432,386,533,442,-76.842,60.994,0,-57.50,-890.02,1,115.49,16.74,2500,1,0,0
7343,122.50572,free_swing,431,385,479,490,-77.132,24.567,0,27.18,-2101.43,1,115.45,16.77,2500,1,0,0
7344,122.5224,free_swing,434,390,449,483,-75.787,9.162,0,121.72,271.49,1,94.20,32.09,2500,1,0,0
7345,122.53908,free_swing,439,400,428,456,-73.113,-11.113,0,222.32,3427.78,1,57.07,58.86,2500,1,0,1
7346,122.55577,free_swing,447,416,549,283,-68.749,142.515,0,302.08,3862.13,1,167.61,20.84,2500,1,0,1
7347,122.57245,free_swing,460,435,637,72,-63.097,154.006,0,316.89,1840.59,1,403.85,191.15,2500,1,0,0
7348,122.58913,free_swing,474,450,664,95,-58.022,151.844,0,272.69,-430.87,1,402.65,190.28,2500,1,0,0
7349,122.60582,free_swing,486,459,659,61,-54.340,156.507,0,215.41,1387.24,1,433.97,212.87,2500,1,0,0
7350,122.6225,free_swing,497,467,464,319,-50.880,-167.430,0,195.72,1773.92,1,151.63,9.32,2500,1,0,0
7351,122.63918,free_swing,508,473,395,379,-47.708,-129.756,0,191.14,894.87,1,146.99,5.97,2500,1,0,0
7352,122.65587,free_swing,520,479,425,353,-44.210,-142.985,0,203.71,-421.11,1,157.80,13.76,2500,1,0,0
7353,122.67255,free_swing,532,483,454,336,-40.943,-152.049,0,246.72,-595.88,1,166.41,19.97,2500,0,0,0
7354,122.68923,free_swing,549,488,484,327,-36.158,-158.015,0,298.94,-210.15,1,173.63,25.17,2500,1,0,0
7355,122.70592,free_swing,569,491,492,339,-30.591,-153.134,0,351.83,-130.36,1,170.39,22.84,2500,0,0,0
7356,122.7226,free_swing,590,491,535,294,-24.661,-164.401,0,377.67,44.86,1,204.53,47.46,2500,0,0,0
7357,122.73928,free_swing,612,489,541,316,-17.996,-157.687,0,399.57,95.24,1,187.00,34.82,2500,0,0,0
7358,122.75597,free_swing,633,483,553,332,-11.237,-152.085,0,426.70,250.61,1,170.88,23.20,2500,0,0,0
7359,122.77265,free_swing,653,475,575,311,-4.000,-154.564,0,445.68,152.82,1,181.60,30.93,2500,0,0,0
7360,122.78933,free_swing,672,465,578,314,3.871,-148.097,0,461.90,242.77,1,177.87,28.23,2500,0,0,0
7361,122.80602,free_swing,688,453,583,313,11.674,-143.130,0,510.49,335.56,1,175.00,26.16,2500,0,0,0
7362,122.8227,free_swing,702,437,588,307,20.376,-138.752,0,587.94,392.49,1,172.90,24.65,2500,0,0,0
7363,122.83938,free_swing,716,419,593,303,31.350,-133.322,0,650.33,44.60,1,169.07,21.89,2500,1,0,0
7364,122.85607,free_swing,726,401,598,305,42.397,-126.870,0,670.83,131.26,1,160.00,15.35,2500,0,0,0
7365,122.87275,free_swing,733,385,628,264,52.869,-139.050,0,628.25,473.60,1,160.21,15.50,2500,1,0,0
7366,122.88943,free_swing,738,370,591,308,63.130,-112.868,0,515.40,697.15,1,159.54,15.02,2500,1,0,0
7367,122.90612,free_swing,739,359,588,320,70.442,-104.482,0,361.88,507.88,1,155.96,12.43,2500,0,0,0
7368,122.9228,free_swing,740,354,593,316,74.055,-104.494,0,135.62,-1.37,1,151.83,9.46,2500,1,0,0
7369,122.93948,free_swing,741,352,596,307,75.619,-107.241,0,-93.58,-300.53,1,151.82,9.45,2500,1,0,0
7370,122.95617,free_swing,740,358,594,319,71.342,-104.956,0,-273.50,-275.31,0,151.12,8.95,2500,0,0,0
7371,122.97285,free_swing,738,366,605,283,65.614,-121.967,0,-395.92,-22.75,1,156.77,13.02,2500,1,0,0
7372,122.98953,free_swing,735,375,597,325,59.153,-109.916,0,-441.95,79.21,0,146.78,5.82,2500,0,0,0
7373,123.00622,free_swing,732,388,590,344,50.937,-107.216,0,-502.18,179.84,0,148.66,7.18,2500,0,0,0
7374,123.0229,free_swing,726,401,588,342,42.397,-113.148,0,-537.12,54.08,0,150.08,8.20,2500,0,0,0
7375,123.03958,free_swing,718,416,574,368,33.215,-108.435,0,-537.92,-227.98,1,151.79,9.43,2500,1,0,0
7376,123.05627,free_swing,708,431,564,388,24.444,-106.626,0,-525.66,-201.10,0,150.28,8.34,2500,0,0,0
7377,123.07295,free_swing,695,445,573,358,15.811,-125.493,0,-505.91,196.89,1,149.84,8.03,2500,1,0,0
7378,123.08963,free_swing,680,459,544,423,7.624,-104.826,0,-483.44,729.62,1,140.68,1.42,2500,1,0,0
7379,123.10632,free_swing,662,471,517,475,-0.412,-88.420,0,-452.87,644.76,0,145.06,4.58,2500,0,0,0
7380,123.123,free_swing,643,480,504,492,-7.696,-85.066,0,-444.37,425.66,1,139.52,0.58,2500,1,0,0
7381,123.13968,free_swing,621,488,508,499,-15.068,-84.440,0,-469.42,729.20,1,113.53,18.15,2500,1,0,0
7382,123.15637,free_swing,594,491,489,571,-23.459,-52.696,0,-531.03,1365.92,1,132.00,4.83,2500,1,0,0
7383,123.17305,free_swing,562,490,502,568,-32.588,-37.569,0,-568.64,1723.69,1,98.41,29.05,2500,1,0,0
7384,123.18973,free_swing,525,484,517,600,-42.236,-3.945,0,-526.20,1525.07,1,116.28,16.17,2500,0,0,0
7385,123.20642,free_swing,499,468,539,571,-50.332,21.224,0,-419.22,1379.23,1,110.49,20.34,2500,0,0,0
7386,123.2231,free_swing,481,455,552,553,-55.948,35.923,0,-300.77,736.58,1,121.02,12.75,2500,1,0,0
7387,123.23978,free_swing,467,444,565,529,-60.255,49.063,0,-228.18,556.52,0,129.73,6.48,2500,0,0,0
7388,123.25647,free_swing,458,433,571,519,-63.771,52.727,0,-199.59,582.88,0,142.00,2.38,2500,0,0,0
7389,123.27315,free_swing,450,423,584,478,-66.866,67.684,0,-171.43,539.19,0,144.85,4.43,2500,0,0,0
7390,123.28983,free_swing,445,413,596,452,-69.617,75.518,0,-130.17,461.39,1,155.96,12.43,2500,0,0,0
7391,123.30652,free_swing,442,407,599,436,-71.255,79.535,0,-82.00,293.94,1,159.66,15.10,2500,0,0,0
7392,123.3232,free_swing,440,404,603,416,-72.106,85.790,0,-29.12,379.64,1,163.44,17.83,2500,0,0,0
7393,123.33988,free_swing,440,403,601,395,-72.339,92.845,0,24.87,414.24,1,161.20,16.21,2500,0,0,0
7394,123.35657,free_swing,441,407,601,378,-71.333,100.273,0,86.96,393.64,1,162.61,17.23,2500,0,0,0
7395,123.37325,free_swing,445,414,613,367,-69.386,105.630,0,140.36,439.23,1,174.45,25.77,2500,0,0,0
7396,123.38993,free_swing,450,424,616,350,-66.639,114.027,0,181.12,549.79,1,181.75,31.03,2500,0,0,0
7397,123.40662,free_swing,459,434,616,328,-63.435,124.026,0,217.64,523.86,1,189.43,36.57,2500,0,0,0
7398,123.4233,free_swing,470,446,625,301,-59.431,133.091,0,251.86,407.34,1,212.25,53.02,2500,0,0,0
7399,123.43998,free_swing,483,458,618,317,-55.008,136.245,0,281.02,342.86,1,195.21,40.73,2500,0,0,0
7400,123.45667,free_swing,499,469,610,318,-50.126,143.680,0,297.16,362.52,1,187.41,35.11,2500,0,0,0
7401,123.47335,free_swing,517,478,619,299,-45.000,150.324,0,318.81,431.19,1,206.02,48.53,2500,0,0,0
7402,123.49003,free_swing,537,484,613,309,-39.657,156.525,0,340.43,359.85,1,190.79,37.55,2500,0,0,0
7403,123.50672,free_swing,558,490,617,294,-33.606,163.247,0,359.76,312.74,1,204.69,47.57,2500,0,0,0
7404,123.5234,free_swing,580,491,629,282,-27.565,166.805,0,374.15,287.10,1,214.67,54.76,2500,0,0,0
7405,123.54008,free_swing,601,491,630,285,-21.303,171.987,0,380.78,281.53,1,208.03,49.98,2500,0,0,0
7406,123.55677,free_swing,622,487,632,296,-14.816,177.003,0,384.04,257.70,1,191.26,37.89,2500,0,0,0
7407,123.57345,free_swing,641,481,638,285,-8.399,-179.123,0,383.71,244.59,1,196.02,41.32,2500,0,0,0
7408,123.59013,free_swing,658,473,647,283,-2.031,-176.687,0,400.02,125.84,1,190.32,37.21,2500,0,0,0
7409,123.60682,free_swing,674,463,650,286,4.800,-172.278,0,423.36,63.44,1,178.62,28.77,2500,0,0,0
7410,123.6235,free_swing,689,451,672,241,12.325,-175.372,0,445.05,97.30,1,210.69,51.89,2500,0,0,0
7411,123.64018,free_swing,701,438,671,253,19.722,-170.789,0,467.95,201.87,1,187.42,35.12,2500,0,0,0
7412,123.65687,free_swing,712,425,669,249,27.784,-166.271,0,492.09,377.15,1,181.18,30.62,2500,0,0,0
