frame,time_s,phase,x_green,y_green,x_red,y_red,theta1_deg,theta2_deg,dropout
0,0.0,driven,578.889,491.947,574.583,652.890,-1.463,-1.533,0
1,0.01668,driven,578.756,491.944,574.583,652.890,-1.510,-1.485,0
2,0.03337,driven,578.756,491.944,574.610,652.891,-1.510,-1.476,0
3,0.05005,driven,578.756,491.944,574.796,652.895,-1.510,-1.410,0
4,0.06673,driven,578.756,491.944,574.808,652.896,-1.510,-1.405,0
5,0.08342,driven,578.777,491.945,574.821,652.896,-1.503,-1.408,0
6,0.1001,driven,578.777,491.945,574.828,652.896,-1.503,-1.406,0
7,0.11678,driven,578.782,491.945,574.833,652.896,-1.501,-1.405,0
8,0.13347,driven,578.782,491.945,574.837,652.896,-1.501,-1.404,0
9,0.15015,driven,578.659,491.941,574.833,652.896,-1.545,-1.361,0
10,0.16683,driven,578.659,491.941,574.837,652.896,-1.545,-1.360,0
11,0.18352,driven,578.659,491.941,574.833,652.896,-1.545,-1.361,0
12,0.2002,driven,578.611,491.940,574.805,652.895,-1.562,-1.354,0
13,0.21688,driven,578.611,491.940,574.773,652.894,-1.562,-1.366,0
14,0.23357,driven,578.658,491.941,574.773,652.895,-1.546,-1.382,0
15,0.25025,driven,578.611,491.940,574.751,652.894,-1.562,-1.374,0
16,0.26693,driven,578.658,491.941,574.628,652.891,-1.546,-1.434,0
17,0.28362,driven,578.682,491.942,574.628,652.891,-1.537,-1.443,0
18,0.3003,driven,578.682,491.942,574.666,652.892,-1.537,-1.429,0
19,0.31698,driven,578.682,491.942,574.666,652.892,-1.537,-1.429,0
20,0.33367,driven,578.682,491.942,574.677,652.892,-1.537,-1.425,0
21,0.35035,driven,578.723,491.943,574.679,652.892,-1.522,-1.439,0
22,0.36703,driven,578.723,491.943,574.679,652.892,-1.522,-1.439,0
23,0.38372,driven,578.725,491.943,574.728,652.894,-1.522,-1.422,0
24,0.4004,driven,578.762,491.944,574.728,652.894,-1.508,-1.436,0
25,0.41708,driven,578.860,491.947,574.614,652.891,-1.474,-1.511,0
26,0.43377,driven,579.080,491.952,574.596,652.890,-1.395,-1.596,0
27,0.45045,driven,579.080,491.952,574.595,652.890,-1.395,-1.596,0
28,0.46713,driven,579.144,491.954,574.470,652.886,-1.373,-1.663,0
29,0.48382,driven,579.144,491.954,574.596,652.890,-1.373,-1.619,0
30,0.5005,driven,579.144,491.954,574.470,652.886,-1.373,-1.663,0
31,0.51718,driven,579.144,491.954,574.470,652.886,-1.373,-1.663,0
32,0.53387,driven,579.267,491.957,574.656,652.891,-1.329,-1.641,0
33,0.55055,driven,579.243,491.956,574.657,652.891,-1.337,-1.632,0
34,0.56723,driven,579.243,491.956,574.656,652.891,-1.337,-1.632,0
35,0.58392,driven,579.243,491.956,574.657,652.891,-1.337,-1.632,0
36,0.6006,driven,579.243,491.956,574.657,652.891,-1.337,-1.632,0
37,0.61728,driven,579.208,491.955,574.639,652.890,-1.350,-1.626,0
38,0.63397,driven,579.208,491.955,574.497,652.886,-1.350,-1.677,0
39,0.65065,driven,579.243,491.956,574.488,652.886,-1.337,-1.693,0
40,0.66733,driven,579.336,491.958,574.488,652.885,-1.304,-1.726,0
41,0.68402,driven,579.336,491.958,574.611,652.889,-1.304,-1.682,0
42,0.7007,driven,579.336,491.958,574.588,652.888,-1.304,-1.690,0
43,0.71738,driven,579.244,491.956,574.603,652.889,-1.337,-1.652,0
44,0.73407,driven,579.244,491.956,574.603,652.889,-1.337,-1.652,0
45,0.75075,driven,579.035,491.951,574.591,652.890,-1.411,-1.582,0
46,0.76743,driven,579.035,491.951,574.588,652.890,-1.411,-1.583,0
47,0.78412,driven,579.206,491.955,574.574,652.889,-1.350,-1.649,0
48,0.8008,driven,579.346,491.959,574.568,652.888,-1.301,-1.700,0
49,0.81748,driven,579.290,491.957,574.574,652.888,-1.320,-1.679,0
50,0.83417,driven,579.290,491.957,574.489,652.886,-1.320,-1.709,0
51,0.85085,driven,579.206,491.955,574.482,652.886,-1.350,-1.681,0
52,0.86753,driven,579.290,491.957,574.482,652.885,-1.320,-1.711,0
53,0.88422,driven,579.199,491.955,574.381,652.883,-1.353,-1.715,0
54,0.9009,driven,579.169,491.954,574.381,652.883,-1.363,-1.704,0
55,0.91758,driven,579.169,491.954,574.578,652.889,-1.363,-1.634,0
56,0.93427,driven,579.161,491.954,574.578,652.889,-1.366,-1.631,0
57,0.95095,driven,579.160,491.954,574.530,652.888,-1.367,-1.648,0
58,0.96763,driven,579.128,491.953,574.611,652.890,-1.378,-1.608,0
59,0.98432,driven,579.128,491.953,574.560,652.889,-1.378,-1.626,0
60,1.001,driven,579.114,491.953,574.560,652.889,-1.383,-1.621,0
61,1.01768,driven,579.114,491.953,574.611,652.890,-1.383,-1.603,0
62,1.03437,driven,579.128,491.953,574.611,652.890,-1.378,-1.608,0
63,1.05105,driven,579.080,491.952,574.560,652.889,-1.395,-1.609,0
64,1.06773,driven,579.263,491.957,574.617,652.890,-1.330,-1.654,0
65,1.08442,driven,579.263,491.957,574.592,652.889,-1.330,-1.663,0
66,1.1011,driven,579.283,491.957,574.592,652.889,-1.323,-1.670,0
67,1.11778,driven,579.293,491.957,574.592,652.889,-1.319,-1.673,0
68,1.13447,driven,579.365,491.959,574.592,652.888,-1.294,-1.699,0
69,1.15115,driven,579.383,491.959,574.534,652.886,-1.287,-1.726,0
70,1.16783,driven,579.383,491.959,574.534,652.886,-1.287,-1.726,0
71,1.18452,driven,579.365,491.959,574.534,652.886,-1.294,-1.720,0
72,1.2012,driven,579.241,491.956,574.605,652.889,-1.338,-1.650,0
73,1.21788,driven,579.241,491.956,574.605,652.889,-1.338,-1.650,0
74,1.23457,driven,579.241,491.956,574.642,652.890,-1.338,-1.637,0
75,1.25125,driven,579.279,491.957,574.605,652.889,-1.324,-1.664,0
76,1.26793,driven,579.344,491.958,574.596,652.888,-1.301,-1.690,0
77,1.28462,driven,579.344,491.958,574.564,652.888,-1.301,-1.701,0
78,1.3013,driven,579.279,491.957,574.502,652.886,-1.324,-1.700,0
79,1.31798,driven,579.279,491.957,574.502,652.886,-1.324,-1.700,0
80,1.33467,driven,579.344,491.958,574.502,652.886,-1.301,-1.723,0
81,1.35135,driven,579.458,491.961,574.501,652.885,-1.261,-1.764,0
82,1.36803,driven,579.458,491.961,574.501,652.885,-1.261,-1.764,0
83,1.38472,driven,579.504,491.962,574.612,652.888,-1.244,-1.741,0
84,1.4014,driven,579.458,491.961,574.465,652.884,-1.261,-1.777,0
85,1.41808,driven,579.435,491.961,574.612,652.888,-1.269,-1.717,0
86,1.43477,driven,579.327,491.958,574.612,652.889,-1.307,-1.678,0
87,1.45145,driven,579.364,491.959,574.432,652.883,-1.294,-1.756,0
88,1.46813,driven,579.327,491.958,574.426,652.883,-1.307,-1.744,0
89,1.48482,driven,579.242,491.956,574.426,652.884,-1.337,-1.714,0
90,1.5015,driven,579.242,491.956,574.396,652.883,-1.337,-1.725,0
91,1.51818,driven,579.114,491.953,574.426,652.885,-1.383,-1.668,0
92,1.53487,driven,579.114,491.953,574.448,652.885,-1.383,-1.661,0
93,1.55155,driven,579.280,491.957,574.552,652.888,-1.324,-1.683,0
94,1.56823,driven,579.280,491.957,574.497,652.886,-1.324,-1.702,0
95,1.58492,driven,579.280,491.957,574.552,652.888,-1.324,-1.683,0
96,1.6016,driven,579.280,491.957,574.552,652.888,-1.324,-1.683,0
97,1.61828,driven,579.040,491.951,574.654,652.892,-1.410,-1.561,0
98,1.63497,driven,579.040,491.951,574.516,652.888,-1.410,-1.610,0
99,1.65165,driven,579.281,491.957,574.516,652.887,-1.323,-1.696,0
100,1.66833,driven,579.281,491.957,574.516,652.887,-1.323,-1.696,0
101,1.68502,driven,579.281,491.957,574.484,652.886,-1.323,-1.707,0
102,1.7017,driven,579.281,491.957,574.474,652.885,-1.323,-1.711,0
103,1.71838,driven,579.278,491.957,574.474,652.885,-1.325,-1.710,0
104,1.73507,driven,579.142,491.954,574.513,652.887,-1.373,-1.648,0
105,1.75175,driven,579.035,491.951,574.474,652.887,-1.411,-1.623,0
106,1.76843,driven,579.035,491.951,574.408,652.885,-1.411,-1.647,0
107,1.78512,driven,579.000,491.950,574.442,652.886,-1.424,-1.622,0
108,1.8018,driven,578.837,491.946,574.442,652.886,-1.482,-1.564,0
109,1.81848,driven,578.837,491.946,574.442,652.886,-1.482,-1.564,0
110,1.83517,driven,579.086,491.952,574.469,652.886,-1.393,-1.643,0
111,1.85185,driven,578.894,491.948,574.517,652.888,-1.461,-1.558,0
112,1.86853,driven,578.894,491.948,574.531,652.889,-1.461,-1.553,0
113,1.88522,driven,579.171,491.954,574.724,652.893,-1.363,-1.583,0
114,1.9019,driven,579.107,491.953,574.724,652.893,-1.386,-1.560,0
115,1.91858,driven,579.107,491.953,574.724,652.893,-1.386,-1.560,0
116,1.93527,driven,579.171,491.954,574.724,652.893,-1.363,-1.583,0
117,1.95195,driven,579.183,491.955,574.712,652.893,-1.359,-1.591,0
118,1.96863,driven,579.183,491.955,574.712,652.893,-1.359,-1.591,0
119,1.98532,driven,579.183,491.955,574.648,652.891,-1.359,-1.614,0
120,2.002,driven,579.134,491.954,574.607,652.890,-1.376,-1.611,0
121,2.01868,driven,578.914,491.948,574.573,652.890,-1.454,-1.545,0
122,2.03537,driven,578.914,491.948,574.573,652.890,-1.454,-1.545,0
123,2.05205,driven,578.914,491.948,574.562,652.889,-1.454,-1.549,0
124,2.06873,driven,578.883,491.947,574.573,652.890,-1.465,-1.534,0
125,2.08542,driven,578.883,491.947,574.620,652.891,-1.465,-1.517,0
126,2.1021,driven,578.883,491.947,574.723,652.894,-1.465,-1.481,0
127,2.11878,driven,578.883,491.947,574.669,652.892,-1.465,-1.500,0
128,2.13547,driven,579.155,491.954,574.669,652.892,-1.368,-1.597,0
129,2.15215,driven,579.155,491.954,574.669,652.892,-1.368,-1.597,0
130,2.16883,driven,579.155,491.954,574.724,652.893,-1.368,-1.577,0
131,2.18552,driven,578.302,491.931,575.010,652.898,-1.672,-1.172,0
132,2.2022,driven,576.775,491.880,576.142,652.878,-2.216,-0.226,0
133,2.21888,driven,572.083,491.629,578.060,652.518,-3.888,2.128,0
134,2.23557,driven,565.839,491.083,580.200,651.441,-6.119,5.118,0
135,2.25225,driven,559.529,490.280,582.552,649.625,-8.383,8.222,0
136,2.26893,driven,550.896,488.767,584.846,646.147,-11.502,12.173,0
137,2.28562,driven,543.110,486.980,586.183,642.111,-14.345,15.517,0
138,2.3023,driven,535.569,484.855,586.029,637.743,-17.134,18.265,0
139,2.31898,driven,528.675,482.558,585.190,633.312,-19.720,20.550,0
140,2.33567,driven,522.033,480.010,584.602,628.355,-22.252,22.869,0
141,2.35235,driven,515.596,477.211,581.209,624.234,-24.750,24.050,0
142,2.36903,driven,510.503,474.754,580.153,619.909,-26.762,25.633,0
143,2.38572,driven,505.347,472.036,572.731,618.256,-28.837,24.742,0
144,2.4024,driven,499.194,468.468,563.754,615.957,-31.368,23.640,0
145,2.41908,driven,493.894,465.094,554.640,614.194,-33.604,22.167,0
146,2.43577,driven,491.758,463.650,542.669,616.388,-34.522,18.434,0
147,2.45245,driven,491.758,463.650,528.958,620.293,-34.522,13.359,0
148,2.46913,driven,491.758,463.650,527.700,620.586,-34.522,12.900,0
149,2.48582,driven,496.534,466.811,506.386,627.509,-32.483,3.508,0
150,2.5025,driven,506.937,472.899,491.338,633.142,-28.193,-5.560,0
151,2.51918,driven,518.244,478.403,476.051,633.776,-23.717,-15.193,0
152,2.53587,driven,532.053,483.727,454.750,624.954,-18.448,-28.695,0
153,2.55255,driven,545.589,487.593,446.831,614.746,-13.436,-37.836,0
154,2.56923,driven,560.537,490.425,444.689,602.230,-8.020,-46.018,0
155,2.58592,driven,573.899,491.743,444.089,586.981,-3.241,-53.733,0
156,2.6026,driven,587.834,491.927,447.353,570.580,1.721,-60.756,0
157,2.61928,driven,601.213,490.967,454.440,557.137,6.495,-65.733,0
158,2.63597,driven,614.305,488.927,464.030,546.708,11.212,-68.968,0
159,2.65265,driven,627.508,485.726,475.508,538.801,16.048,-70.752,0
160,2.66933,driven,640.749,481.287,488.425,533.424,21.020,-71.105,0
161,2.68602,driven,653.323,475.830,502.148,531.211,25.899,-69.880,0
162,2.7027,driven,665.183,469.445,516.485,531.171,30.694,-67.456,0
163,2.71938,driven,676.876,461.799,531.471,530.926,35.667,-64.573,0
164,2.73607,driven,687.019,453.887,550.036,538.484,40.247,-58.302,0
165,2.75275,driven,695.882,445.798,571.215,547.677,44.518,-50.744,0
166,2.76943,driven,702.768,438.595,592.131,555.559,48.065,-43.408,0
167,2.78612,driven,708.496,431.856,620.361,566.590,51.213,-33.190,0
168,2.8028,driven,712.412,426.779,646.503,573.670,53.495,-24.165,0
169,2.81948,driven,712.537,426.609,673.342,582.765,53.570,-14.090,0
170,2.83617,driven,712.537,426.609,707.127,587.518,53.570,-1.926,0
171,2.85285,driven,712.537,426.609,741.409,584.999,53.570,10.330,0
172,2.86953,driven,708.904,431.346,771.861,579.526,51.445,23.019,0
173,2.88622,driven,707.369,433.241,799.938,564.968,50.577,35.097,0
174,2.9029,driven,707.369,433.241,820.136,548.153,50.577,44.460,0
175,2.91958,driven,707.369,433.241,835.119,531.226,50.577,52.511,0
176,2.93627,driven,707.369,433.241,846.803,513.734,50.577,60.003,0
177,2.95295,driven,707.369,433.241,855.554,496.187,50.577,66.985,0
178,2.96963,driven,707.073,433.601,861.301,479.802,50.411,73.324,0
179,2.98632,driven,703.814,437.419,862.799,462.811,48.625,80.926,0
180,3.003,driven,698.842,442.811,859.810,446.002,46.014,88.864,0
181,3.01968,driven,691.163,450.255,851.089,431.684,42.208,96.623,0
182,3.03637,driven,683.032,457.153,840.582,424.002,38.412,101.883,0
183,3.05305,driven,673.669,464.042,828.735,420.734,34.275,105.604,0
184,3.06973,driven,662.304,471.114,815.190,420.645,29.510,108.268,0
185,3.08642,driven,650.213,477.299,800.964,420.773,24.675,110.554,0
186,3.1031,driven,636.151,482.973,786.516,425.429,19.277,110.942,0
187,3.11978,driven,620.959,487.461,772.722,433.710,13.637,109.503,0
188,3.13647,driven,604.314,490.583,758.853,445.432,7.607,106.287,0
189,3.15315,driven,587.391,491.940,745.338,460.733,1.563,101.177,0
190,3.16983,driven,570.799,491.537,731.372,479.825,-4.346,94.172,0
191,3.18652,driven,554.851,489.520,715.313,502.672,-10.069,85.314,0
192,3.2032,driven,539.558,486.028,694.996,527.981,-15.654,74.896,0
193,3.21988,driven,526.587,481.793,672.145,550.597,-20.511,64.701,0
194,3.23657,driven,516.765,477.745,639.022,582.503,-24.292,49.408,0
195,3.25325,driven,512.178,475.587,599.546,610.819,-26.097,32.865,0
196,3.26993,driven,512.178,475.587,557.491,630.079,-26.097,16.346,0
197,3.28662,driven,512.178,475.587,497.468,635.913,-26.097,-5.242,0
198,3.3033,driven,518.128,478.352,445.502,622.041,-23.762,-26.814,0
199,3.31998,driven,518.128,478.352,403.618,591.526,-23.762,-45.336,0
200,3.33667,driven,518.128,478.352,376.317,554.580,-23.762,-61.741,0
201,3.35335,driven,516.014,477.403,359.581,515.481,-24.586,-76.319,0
202,3.37003,driven,507.287,473.086,346.431,479.892,-28.052,-87.577,0
203,3.38672,driven,497.702,467.548,338.514,443.465,-31.992,-98.603,0
204,3.4034,driven,487.951,460.949,332.607,418.647,-36.183,-105.233,0
205,3.42008,driven,478.303,453.309,329.802,391.114,-40.563,-112.725,0
206,3.43677,driven,470.112,445.792,328.991,368.295,-44.521,-118.774,0
207,3.45345,driven,463.934,439.371,327.876,353.293,-47.693,-122.320,0
208,3.47013,driven,458.582,433.182,328.496,338.321,-50.604,-126.100,0
209,3.48682,driven,456.118,430.106,327.723,332.968,-52.007,-127.109,0
210,3.5035,driven,456.118,430.106,331.633,328.005,-52.007,-129.358,0
211,3.52018,driven,456.118,430.106,337.759,320.963,-52.007,-132.680,0
212,3.53687,driven,458.642,433.255,341.993,322.286,-50.571,-133.570,0
213,3.55355,driven,463.336,438.710,348.241,326.131,-48.009,-134.367,0
214,3.57023,driven,469.695,445.381,361.555,326.105,-44.729,-137.803,0
215,3.58692,driven,478.179,453.203,363.105,340.601,-40.622,-134.378,0
216,3.6036,driven,488.586,461.411,365.685,357.410,-35.904,-130.238,0
217,3.62028,driven,500.875,469.479,377.361,366.207,-30.670,-129.900,0
218,3.63697,driven,514.288,476.601,377.178,392.210,-25.264,-121.612,0
219,3.65365,driven,529.079,482.702,380.838,419.887,-19.567,-112.964,0
220,3.67033,driven,544.759,487.393,388.664,447.955,-13.740,-104.179,0
221,3.68702,driven,561.603,490.572,400.676,485.738,-7.637,-91.720,0
222,3.7037,driven,576.174,491.855,418.629,525.031,-2.430,-78.108,0
223,3.72038,driven,589.628,491.864,446.432,565.457,2.359,-62.800,0
224,3.73707,driven,598.473,491.255,483.883,604.347,5.515,-45.377,0
225,3.75375,driven,603.005,490.752,532.318,635.405,7.138,-26.043,0
226,3.77043,driven,603.015,490.751,588.612,651.106,7.141,-5.132,0
227,3.78712,driven,603.446,490.696,651.018,644.508,7.296,17.186,0
228,3.8038,driven,612.354,489.301,697.503,625.942,10.505,31.929,0
229,3.82048,driven,624.301,486.612,738.519,600.081,14.864,45.189,0
230,3.83717,driven,638.847,482.004,772.957,571.085,20.296,56.406,0
231,3.85385,driven,654.495,475.255,801.028,541.956,26.364,65.525,0
232,3.87053,driven,668.268,467.566,823.308,510.968,31.980,74.361,0
233,3.88722,driven,682.694,457.420,841.329,484.914,38.259,80.168,0
234,3.9039,driven,695.383,446.287,855.814,459.808,44.269,85.183,0
235,3.92058,driven,706.316,434.509,867.294,437.155,49.991,89.058,0
236,3.93727,driven,715.997,421.735,876.964,418.490,55.697,91.155,0
237,3.95395,driven,722.384,411.580,883.174,403.372,59.967,92.923,0
238,3.97063,driven,727.468,402.062,887.712,386.476,63.808,95.556,0
239,3.98732,driven,730.850,394.728,890.722,375.703,66.682,96.786,0
240,4.004,driven,730.850,394.728,888.861,363.845,66.682,101.059,0
241,4.02068,driven,730.850,394.728,886.433,353.314,66.682,104.906,0
242,4.03737,driven,729.297,398.219,881.920,346.963,65.323,108.564,0
243,4.05405,driven,726.076,404.825,875.461,344.782,62.707,111.897,0
244,4.07073,driven,721.660,412.819,867.138,343.846,59.456,115.366,0
245,4.08742,driven,715.657,422.232,856.606,344.422,55.483,118.901,0
246,4.1041,driven,708.118,432.324,846.492,350.023,50.998,120.743,0
247,4.12078,driven,698.805,442.849,835.467,357.734,45.996,121.915,0
248,4.13747,driven,687.166,453.762,823.829,368.649,40.315,121.914,0
249,4.15415,driven,673.619,464.076,815.297,387.600,34.253,118.359,0
250,4.17083,driven,657.631,473.658,803.588,405.705,27.616,114.965,0
251,4.18752,driven,640.662,481.320,793.366,430.304,20.987,108.474,0
252,4.2042,driven,623.189,486.903,781.719,458.811,14.455,100.049,0
253,4.22088,driven,605.559,490.412,766.552,491.860,8.055,89.485,0
254,4.23757,driven,588.504,491.906,745.174,528.994,1.959,76.682,0
255,4.25425,driven,574.201,491.759,715.890,568.214,-3.133,61.649,0
256,4.27093,driven,562.922,490.743,676.292,605.059,-7.164,44.762,0
257,4.28762,driven,559.261,490.240,624.335,637.504,-8.479,23.840,0
258,4.3043,driven,557.839,490.022,563.951,650.906,-8.991,2.175,0
259,4.32098,driven,557.291,489.934,500.603,640.624,-9.188,-20.616,0
260,4.33767,driven,557.084,489.900,452.305,612.140,-9.263,-40.602,0
261,4.35435,driven,548.070,488.165,412.977,575.749,-12.530,-57.044,0
262,4.37103,driven,533.732,484.276,382.081,538.342,-17.819,-70.378,0
263,4.38772,driven,518.221,478.393,358.788,500.795,-23.725,-82.002,0
264,4.4044,driven,502.800,470.603,341.801,470.039,-29.877,-90.201,0
265,4.42108,driven,487.413,460.553,328.113,437.215,-36.421,-98.335,0
266,4.43777,driven,473.443,448.976,317.243,409.958,-42.881,-104.025,0
267,4.45445,driven,461.943,437.142,308.697,387.781,-48.756,-107.854,0
268,4.47113,driven,453.185,426.232,302.293,370.085,-53.736,-110.410,0
269,4.48782,driven,446.740,416.756,300.423,349.580,-57.816,-114.661,0
270,4.5045,driven,442.388,409.417,297.763,338.672,-60.852,-116.066,0
271,4.52118,driven,439.945,404.867,298.947,327.147,-62.690,-118.864,0
272,4.53787,driven,439.945,404.867,301.475,322.727,-62.690,-120.676,0
273,4.55455,driven,439.945,404.867,301.754,322.259,-62.690,-120.870,0
274,4.57123,driven,441.590,407.969,307.320,319.128,-61.441,-123.491,0
275,4.58792,driven,445.530,414.803,313.784,322.261,-58.633,-125.085,0
276,4.6046,driven,450.890,423.022,322.863,325.400,-55.141,-127.326,0
277,4.62128,driven,458.054,432.536,328.991,336.288,-50.901,-126.713,0
278,4.63797,driven,466.827,442.467,334.718,350.444,-46.184,-124.860,0
279,4.65465,driven,477.908,452.970,342.357,366.098,-40.749,-122.655,0
280,4.67133,driven,490.388,462.697,350.649,382.735,-35.116,-119.779,0
281,4.68802,driven,505.510,472.125,359.129,405.092,-28.771,-114.605,0
282,4.7047,driven,521.264,479.693,366.589,435.009,-22.548,-106.114,0
283,4.72138,driven,538.192,485.639,378.523,464.981,-16.159,-97.372,0
284,4.73807,driven,555.018,489.550,394.420,500.920,-10.009,-85.950,0
285,4.75475,driven,570.794,491.537,418.949,545.052,-4.348,-70.586,0
286,4.77143,driven,585.954,491.973,454.351,584.717,1.051,-54.827,0
287,4.78812,driven,597.775,491.321,500.462,619.583,5.265,-37.188,0
288,4.8048,driven,606.740,490.240,556.282,643.129,8.479,-18.264,0
289,4.82148,driven,610.922,489.560,623.539,650.065,9.987,4.495,0
290,4.83817,driven,616.497,488.477,683.592,634.830,12.009,24.629,0
291,4.85485,driven,626.473,486.020,734.346,605.537,15.666,42.068,0
292,4.87153,driven,638.603,482.094,773.368,570.180,20.204,56.830,0
293,4.88822,driven,654.614,475.196,805.256,532.012,26.411,69.335,0
294,4.9049,driven,670.298,466.278,828.532,495.996,32.835,79.363,0
295,4.92158,driven,685.368,455.265,846.326,458.958,39.481,88.686,0
296,4.93827,driven,699.995,441.604,860.391,427.674,46.609,94.964,0
297,4.95495,driven,711.109,428.515,869.858,401.684,52.722,99.593,0
298,4.97163,driven,719.564,416.273,875.678,376.910,58.019,104.151,0
299,4.98832,driven,725.976,405.019,878.856,354.535,62.629,108.274,0
300,5.005,driven,729.978,396.715,878.113,333.653,65.910,113.060,0
301,5.02168,driven,732.479,390.809,876.153,318.153,68.193,116.826,0
302,5.03837,driven,732.479,390.809,869.933,306.979,68.193,121.378,0
303,5.05505,driven,732.479,390.809,863.887,297.788,68.193,125.294,0
304,5.07173,driven,731.769,392.552,853.896,287.643,67.523,130.663,0
305,5.08842,driven,729.051,398.750,844.865,286.909,65.115,134.000,0
306,5.1051,driven,724.810,407.229,831.666,286.801,61.740,138.417,0
307,5.12178,driven,719.398,416.538,818.426,289.595,57.907,142.042,0
308,5.13847,driven,711.953,427.395,807.345,297.698,53.221,143.666,0
309,5.15515,driven,702.420,438.980,796.535,308.353,47.880,144.228,0
310,5.17183,driven,691.042,450.364,786.582,320.776,42.150,143.600,0
311,5.18852,driven,675.972,462.443,776.038,336.317,35.272,141.572,0
312,5.2052,driven,659.585,472.618,769.434,354.913,28.404,136.977,0
313,5.22188,driven,640.479,481.390,762.196,376.005,20.917,130.887,0
314,5.23857,driven,620.191,487.646,756.184,401.467,13.356,122.362,0
315,5.25525,driven,601.227,490.965,750.668,431.062,6.501,111.843,0
316,5.27193,driven,580.570,491.982,739.632,467.074,-0.865,98.900,0
317,5.28862,driven,562.557,490.697,722.567,508.522,-7.295,83.644,0
318,5.3053,driven,546.992,487.922,694.796,551.758,-12.924,66.641,0
319,5.32198,driven,535.711,484.899,653.958,594.163,-17.081,47.261,0
320,5.33867,driven,529.737,482.934,599.881,627.851,-19.319,25.828,0
321,5.35535,driven,528.795,482.601,534.715,643.492,-19.675,2.108,0
322,5.37203,driven,528.116,482.356,466.360,631.041,-19.931,-22.556,0
323,5.38872,driven,527.408,482.098,415.564,597.908,-20.200,-44.002,0
324,5.4054,driven,520.708,479.461,377.629,553.282,-22.762,-62.709,0
325,5.42208,driven,510.908,474.958,352.433,503.356,-26.601,-79.841,0
326,5.43877,driven,498.550,468.074,337.716,460.777,-31.637,-92.598,0
327,5.45545,driven,486.076,459.556,330.528,418.015,-37.014,-104.953,0
328,5.47213,driven,474.416,449.872,331.900,374.972,-42.410,-117.724,0
329,5.48882,driven,464.677,440.182,335.906,343.544,-47.301,-126.887,0
330,5.5055,driven,456.622,430.748,339.738,320.027,-51.717,-133.449,0
331,5.52218,driven,450.778,422.861,354.183,294.058,-55.210,-143.132,0
332,5.53887,driven,446.875,416.971,366.266,277.604,-57.725,-149.955,0
333,5.55555,driven,446.875,416.971,378.446,271.237,-57.725,-154.848,0
334,5.57223,driven,446.875,416.971,398.373,263.451,-57.725,-162.467,0
335,5.58892,driven,448.254,419.117,402.255,264.828,-56.817,-163.399,0
336,5.6056,driven,452.344,425.074,410.131,269.706,-54.246,-164.800,0
337,5.62228,driven,457.542,431.902,433.912,272.646,-51.191,-171.560,0
338,5.63897,driven,464.285,439.756,438.923,280.766,-47.507,-170.937,0
339,5.65565,driven,473.805,449.311,446.135,290.707,-42.705,-170.104,0
340,5.67233,driven,485.271,458.945,456.993,300.448,-37.374,-169.884,0
341,5.68902,driven,499.856,468.870,464.634,311.770,-31.092,-167.363,0
342,5.7057,driven,517.170,477.926,469.080,324.276,-24.135,-162.621,0
343,5.72238,driven,536.854,485.245,473.157,337.381,-16.656,-156.694,0
344,5.73907,driven,559.687,490.303,475.842,352.859,-8.326,-148.616,0
345,5.75575,driven,582.801,492.000,476.442,371.133,-0.071,-138.653,0
346,5.77243,driven,605.502,490.420,477.405,392.889,8.034,-127.285,0
347,5.78912,driven,625.076,486.405,479.096,418.501,15.150,-114.946,0
348,5.8058,driven,644.525,479.781,486.123,450.973,22.467,-100.307,0
349,5.82248,driven,661.201,471.733,501.178,489.447,29.060,-83.683,0
350,5.83917,driven,675.208,462.980,527.665,527.416,34.940,-66.408,0
351,5.85585,driven,684.990,455.576,567.689,565.855,39.307,-46.767,0
352,5.87253,driven,691.740,449.729,620.048,593.886,42.485,-26.442,0
353,5.88922,driven,693.484,448.108,676.985,608.260,43.333,-5.882,0
354,5.9059,driven,693.830,447.781,745.737,600.184,43.502,18.808,0
355,5.92258,driven,693.905,447.709,795.461,572.639,43.539,39.108,0
356,5.93927,driven,695.619,446.056,834.913,526.792,44.387,59.903,0
357,5.95595,driven,697.943,443.735,856.015,474.297,45.556,79.057,0
358,5.97263,driven,702.165,439.262,862.440,424.002,47.745,95.439,0
359,5.98932,driven,707.256,433.379,858.180,377.319,50.513,110.377,0
360,6.006,driven,711.937,427.417,846.993,339.775,53.212,122.981,0
361,6.02268,driven,715.920,421.847,828.530,306.781,55.649,135.618,0
362,6.03937,driven,719.610,416.198,798.751,275.992,58.050,150.557,0
363,6.05605,driven,722.174,411.942,778.332,261.054,59.818,159.586,0
364,6.07273,driven,724.173,408.403,743.942,248.621,61.265,172.947,0
365,6.08942,driven,724.173,408.403,716.563,247.582,61.265,-177.291,0
366,6.1061,driven,724.173,408.403,690.304,251.005,61.265,-167.856,0
367,6.12278,driven,721.368,413.312,667.561,261.569,59.253,-160.476,0
368,6.13947,driven,717.068,420.145,645.777,275.789,56.379,-153.718,0
369,6.15615,driven,711.264,428.311,624.247,292.852,52.813,-147.284,0
370,6.17283,driven,704.097,437.097,601.236,313.240,48.777,-140.291,0
371,6.18952,driven,694.707,446.942,578.583,335.424,43.934,-133.841,0
372,6.2062,driven,683.250,456.980,554.447,360.384,38.511,-126.868,0
373,6.22288,driven,668.689,467.303,529.079,387.115,32.156,-119.872,0
374,6.23957,driven,653.143,475.917,503.531,416.443,25.828,-111.679,0
375,6.25625,driven,634.319,483.602,476.883,449.912,18.587,-102.079,0
376,6.27293,driven,615.731,488.638,454.735,487.508,11.730,-90.402,0
377,6.28962,driven,593.654,491.647,437.019,528.883,3.794,-76.628,0
378,6.3063,driven,566.875,491.190,430.204,576.291,-5.748,-58.091,0
379,6.32298,driven,536.147,485.032,436.753,611.688,-16.919,-38.123,0
380,6.33967,driven,502.854,470.634,464.106,626.901,-29.855,-13.926,0
381,6.35635,driven,480.185,454.896,503.202,614.242,-39.688,8.219,0
382,6.37303,driven,464.928,440.453,540.220,582.763,-47.169,27.882,0
383,6.38972,driven,455.934,429.869,561.288,551.612,-52.114,40.872,0
384,6.4064,driven,449.680,421.259,573.630,524.008,-55.902,50.343,0
385,6.42308,driven,444.576,413.218,587.722,486.908,-59.292,62.761,0
386,6.43977,driven,439.395,403.792,591.173,457.501,-63.120,70.513,0
387,6.45645,driven,435.580,395.718,593.315,427.978,-66.298,78.441,0
388,6.47313,driven,433.114,389.780,594.038,394.707,-68.587,88.246,0
389,6.48982,driven,433.114,389.780,592.351,366.022,-68.587,98.486,0
390,6.5065,driven,433.114,389.780,585.631,338.210,-68.587,108.682,0
391,6.52318,driven,435.846,396.320,575.220,315.724,-66.064,120.040,0
392,6.53987,driven,439.633,404.260,558.445,295.610,-62.933,132.442,0
393,6.55655,driven,445.439,414.653,535.354,281.101,-58.696,146.049,0
394,6.57323,driven,452.518,425.316,517.205,277.883,-54.139,156.310,0
395,6.58992,driven,460.260,435.191,496.555,278.336,-49.673,166.971,0
396,6.6066,driven,470.120,445.800,449.710,286.099,-44.517,-172.717,0
397,6.62328,driven,479.945,454.695,422.795,304.180,-39.799,-159.209,0
398,6.63997,driven,489.249,461.888,398.019,329.230,-35.613,-145.483,0
399,6.65665,driven,498.238,467.881,368.031,373.187,-31.767,-126.027,0
400,6.67333,driven,503.968,471.267,352.663,416.242,-29.399,-109.985,0
401,6.69002,driven,503.968,471.267,343.309,481.747,-29.399,-86.268,0
402,6.7067,driven,503.968,471.267,362.038,547.274,-29.399,-61.830,0
403,6.72338,driven,503.507,471.007,407.082,599.938,-29.587,-36.792,0
404,6.74007,driven,503.507,471.007,469.757,628.429,-29.587,-12.100,0
405,6.75675,driven,503.507,471.007,531.672,629.524,-29.587,10.075,0
406,6.77343,driven,512.894,475.935,586.913,618.911,-25.813,27.371,0
407,6.79012,driven,529.843,482.972,633.992,605.748,-19.279,40.307,0
408,6.8068,driven,551.868,488.961,675.090,592.583,-11.149,49.938,0
409,6.82348,driven,576.160,491.855,711.773,578.630,-2.435,57.386,0
410,6.84017,driven,603.189,490.729,745.947,565.169,7.204,62.461,0
411,6.85685,driven,628.912,485.315,774.032,555.036,16.569,64.339,0
412,6.87353,driven,652.695,476.133,797.974,545.523,25.651,64.469,0
413,6.89022,driven,674.929,463.174,817.267,538.414,34.819,62.139,0
414,6.9069,driven,694.318,447.315,831.039,532.335,43.742,58.125,0
415,6.92358,driven,710.239,429.647,838.850,526.498,52.214,53.018,0
416,6.94027,driven,722.491,411.394,841.301,520.045,60.043,47.557,0
417,6.95695,driven,730.761,394.936,842.461,510.884,66.602,43.931,0
418,6.97363,driven,736.738,378.810,842.285,500.386,72.725,40.963,0
419,6.99032,driven,740.366,365.013,842.435,489.524,77.804,39.343,0
420,7.007,driven,742.074,355.832,844.396,480.134,81.128,39.460,0
421,7.02368,driven,742.678,351.586,846.134,474.947,82.654,39.985,0
422,7.04037,driven,742.678,351.586,849.605,471.951,82.654,41.616,0
423,7.05705,driven,742.678,351.586,852.479,469.335,82.654,42.999,0
424,7.07373,driven,741.630,358.523,858.208,469.566,80.157,46.393,0
425,7.09042,driven,739.923,367.001,862.623,471.240,77.079,49.651,0
426,7.1071,driven,736.755,378.754,867.237,473.069,72.746,54.140,0
427,7.12378,driven,731.540,393.103,869.272,476.476,67.311,58.813,0
428,7.14047,driven,724.598,407.622,869.265,478.281,61.581,63.968,0
429,7.15715,driven,714.801,423.463,865.576,479.925,54.949,69.470,0
430,7.17383,driven,701.633,439.845,856.298,484.563,47.464,73.874,0
431,7.19052,driven,688.385,452.717,844.900,490.454,40.887,76.444,0
432,7.2072,driven,672.391,464.904,829.109,501.786,33.726,76.757,0
433,7.22388,driven,655.721,474.641,811.463,515.452,26.852,75.316,0
434,7.24057,driven,638.083,482.284,791.181,532.105,20.007,71.974,0
435,7.25725,driven,619.672,487.768,767.185,552.273,13.166,66.381,0
436,7.27393,driven,601.010,490.990,739.066,573.823,6.423,59.036,0
437,7.29062,driven,582.861,492.000,705.289,596.558,-0.050,49.501,0
438,7.3073,driven,567.168,491.220,665.711,618.540,-5.643,37.739,0
439,7.32398,driven,553.147,489.208,619.571,635.867,-10.686,24.366,0
440,7.34067,driven,543.561,487.095,570.029,645.904,-14.180,9.462,0
441,7.35735,driven,536.637,485.180,512.345,644.337,-16.736,-8.678,0
442,7.37403,driven,531.161,483.426,460.430,628.057,-18.783,-26.061,0
443,7.39072,driven,524.620,481.043,414.446,598.442,-21.261,-43.181,0
444,7.4074,driven,514.904,476.890,379.307,563.692,-25.022,-57.375,0
445,7.42408,driven,502.306,470.318,353.353,531.424,-30.080,-67.695,0
446,7.44077,driven,489.441,462.026,330.981,490.509,-35.529,-79.810,0
447,7.45745,driven,477.670,452.764,317.173,465.486,-40.861,-85.468,0
448,7.47413,driven,465.894,441.486,305.113,433.081,-46.666,-92.992,0
449,7.49082,driven,456.581,430.696,297.325,407.068,-51.740,-98.439,0
450,7.5075,driven,449.699,421.288,292.053,388.596,-55.889,-101.715,0
451,7.52418,driven,444.552,413.177,291.012,364.736,-59.309,-107.510,0
452,7.54087,driven,441.404,407.626,291.717,348.340,-61.580,-111.607,0
453,7.55755,driven,441.404,407.626,299.422,331.716,-61.580,-118.131,0
454,7.57423,driven,441.404,407.626,305.628,321.104,-61.580,-122.507,0
455,7.59092,driven,441.447,407.705,312.354,311.496,-61.548,-126.696,0
456,7.6076,driven,445.232,414.312,321.359,311.469,-58.838,-129.700,0
457,7.62428,driven,450.398,422.310,335.842,309.182,-55.449,-134.641,0
458,7.64097,driven,456.715,430.865,349.528,310.732,-51.663,-138.260,0
459,7.65765,driven,465.305,440.858,362.112,317.277,-46.972,-140.137,0
460,7.67433,driven,475.867,451.181,373.508,326.909,-41.715,-140.523,0
461,7.69102,driven,488.706,461.498,385.182,338.195,-35.851,-139.983,0
462,7.7077,driven,504.190,471.392,391.764,356.147,-29.308,-135.709,0
463,7.72438,driven,521.321,479.717,400.924,372.825,-22.526,-131.600,0
464,7.74107,driven,540.275,486.227,408.337,393.960,-15.389,-124.966,0
465,7.75775,driven,560.419,490.409,413.985,423.490,-8.063,-114.560,0
466,7.77443,driven,580.575,491.982,423.577,456.304,-0.863,-102.803,0
467,7.79112,driven,600.327,491.065,439.345,493.497,6.178,-89.134,0
468,7.8078,driven,616.923,488.386,463.084,535.868,12.163,-72.847,0
469,7.82448,driven,630.995,484.680,499.418,577.462,17.344,-54.810,0
470,7.84117,driven,641.971,480.811,549.233,612.419,21.486,-35.171,0
471,7.85785,driven,647.300,478.603,604.009,633.673,23.539,-15.598,0
472,7.87453,driven,649.487,477.630,677.869,636.109,24.391,10.153,0
473,7.89122,driven,653.004,475.984,735.049,614.511,25.773,30.637,0
474,7.9079,driven,656.703,474.139,781.614,575.718,27.244,50.882,0
475,7.92458,driven,664.030,470.123,814.461,527.493,30.218,69.125,0
476,7.94127,driven,674.354,463.572,834.614,478.993,34.570,84.504,0
477,7.95795,driven,684.955,455.604,844.281,432.442,39.291,98.271,0
478,7.97463,driven,696.093,445.590,847.680,391.346,44.623,109.689,0
479,7.99132,driven,706.760,433.977,845.849,352.888,50.237,120.242,0
480,8.008,driven,715.073,423.075,842.126,324.188,55.118,127.894,0
481,8.02468,driven,722.021,412.204,834.094,296.615,59.710,135.885,0
482,8.04137,driven,726.739,403.527,826.008,276.773,63.226,141.933,0
483,8.05805,driven,730.139,396.353,811.341,257.330,66.051,149.711,0
484,8.07473,driven,730.948,394.500,797.927,248.094,66.771,155.417,0
485,8.09142,driven,730.948,394.500,781.746,241.724,66.771,161.608,0
486,8.1081,driven,730.948,394.500,766.575,237.492,66.771,167.216,0
487,8.12478,driven,728.188,400.580,756.385,242.068,64.395,169.914,0
488,8.14147,driven,724.843,407.168,737.105,246.636,61.765,175.632,0
489,8.15815,driven,719.901,415.730,727.794,254.923,58.246,177.190,0
490,8.17483,driven,712.295,426.936,715.202,265.963,53.425,178.966,0
491,8.19152,driven,702.774,438.588,701.748,277.592,48.068,-179.635,0
492,8.2082,driven,689.802,451.476,690.619,290.478,41.557,179.709,0
493,8.22488,driven,673.916,463.873,681.348,303.044,34.381,177.354,0
494,8.24157,driven,653.715,475.639,674.542,315.991,26.054,172.567,0
495,8.25825,driven,630.306,484.893,669.711,328.790,17.087,165.833,0
496,8.27493,driven,606.004,490.348,664.978,340.538,8.215,158.513,0
497,8.29162,driven,579.997,491.972,662.030,353.438,-1.069,149.368,0
498,8.3083,driven,555.682,489.665,660.608,367.552,-9.769,139.329,0
499,8.32498,driven,531.931,483.686,658.582,384.285,-18.494,128.126,0
500,8.34167,driven,511.411,475.208,655.532,403.444,-26.401,116.471,0
501,8.35835,driven,494.456,465.465,651.449,429.768,-33.364,102.810,0
502,8.37503,driven,481.149,455.689,641.969,463.295,-39.243,87.292,0
503,8.39172,driven,469.815,445.500,623.083,494.795,-44.669,72.171,0
504,8.4084,driven,460.800,435.824,596.927,521.792,-49.377,57.726,0
505,8.42508,driven,454.313,427.750,552.360,555.452,-53.063,37.516,0
506,8.44177,driven,451.689,424.158,507.343,575.234,-54.646,20.223,0
507,8.45845,driven,451.689,424.158,449.163,585.139,-54.646,-0.899,0
508,8.47513,driven,451.689,424.158,388.587,572.277,-54.646,-23.075,0
509,8.49182,driven,458.002,432.472,342.316,544.444,-50.931,-45.935,0
510,8.5085,driven,464.837,440.355,313.943,496.497,-47.217,-69.592,0
511,8.52518,driven,469.557,445.244,308.557,445.355,-44.798,-89.961,0
512,8.54187,driven,471.683,447.317,321.945,388.160,-43.742,-111.557,0
513,8.55855,driven,472.149,447.760,339.737,356.174,-43.513,-124.671,0
514,8.57523,driven,472.149,447.760,369.187,323.987,-43.513,-140.244,0
515,8.59192,driven,472.149,447.760,405.320,301.285,-43.513,-155.476,0
516,8.6086,driven,471.794,447.423,436.216,290.403,-43.687,-167.233,0
517,8.62528,driven,471.794,447.423,468.898,286.449,-43.687,-178.969,0
518,8.64197,driven,471.794,447.423,507.073,290.336,-43.687,167.343,0
519,8.65865,driven,478.821,453.751,542.774,305.998,-40.321,156.595,0
520,8.67533,driven,488.387,461.267,569.031,321.920,-35.991,149.941,0
521,8.69202,driven,499.690,468.770,598.433,341.605,-31.162,142.171,0
522,8.7087,driven,512.302,475.647,628.145,363.837,-26.047,133.985,0
523,8.72538,driven,525.356,481.327,659.066,391.646,-20.980,123.850,0
524,8.74207,driven,540.479,486.284,688.914,423.928,-15.314,112.787,0
525,8.75875,driven,557.787,490.014,715.889,459.603,-9.010,100.888,0
526,8.77543,driven,577.342,491.901,738.101,500.721,-2.014,86.859,0
527,8.79212,driven,600.157,491.083,750.421,548.891,6.117,68.958,0
528,8.8088,driven,626.922,485.893,745.807,594.462,15.831,47.597,0
529,8.82548,driven,658.923,472.974,737.180,613.676,28.136,29.083,0
530,8.84217,driven,685.188,455.413,686.562,616.408,39.398,0.489,0
531,8.85885,driven,700.371,441.204,648.662,593.675,46.804,-18.734,0
532,8.87553,driven,709.332,430.806,622.580,566.434,51.690,-32.604,0
533,8.89222,driven,715.686,422.189,596.030,529.908,55.501,-48.005,0
534,8.9089,driven,721.693,412.763,581.516,491.954,59.480,-60.536,0
535,8.92558,driven,727.699,401.591,576.030,455.603,63.995,-70.398,0
536,8.94227,driven,731.331,393.601,572.231,418.264,67.118,-81.189,0
537,8.95895,driven,733.829,387.316,572.961,380.801,69.525,-92.319,0
538,8.97563,driven,736.635,379.137,578.529,348.752,72.603,-100.878,0
539,8.99232,driven,738.524,372.633,586.339,320.091,75.013,-109.047,0
540,9.009,driven,738.524,372.633,598.664,292.883,75.013,-119.693,0
541,9.02568,driven,738.524,372.633,615.662,268.585,75.013,-130.260,0
542,9.04237,driven,738.486,372.776,631.783,252.212,74.961,-138.490,0
543,9.05905,driven,737.090,377.661,656.856,238.077,73.153,-150.109,0
544,9.07573,driven,734.743,384.807,681.325,232.927,70.476,-160.623,0
545,9.09242,driven,731.657,392.822,712.475,232.969,67.419,-173.157,0
546,9.1091,driven,727.702,401.586,745.027,241.520,63.997,173.822,0
547,9.12578,driven,723.087,410.352,778.392,259.149,60.471,159.909,0
548,9.14247,driven,717.744,419.119,809.210,286.623,56.816,145.382,0
549,9.15915,driven,711.362,428.181,832.753,322.421,52.871,131.064,0
550,9.17583,driven,705.805,435.115,853.118,370.153,49.709,113.796,0
551,9.19252,driven,700.758,440.791,860.893,424.127,47.005,95.941,0
552,9.2092,driven,698.130,443.543,853.060,487.336,45.651,74.216,0
553,9.22588,driven,696.237,445.449,821.358,546.768,44.695,51.000,0
554,9.24257,driven,692.854,448.699,768.635,590.749,43.025,28.079,0
555,9.25925,driven,686.784,454.085,710.004,613.402,40.137,8.292,0
556,9.27593,driven,674.519,463.458,650.831,622.706,34.642,-8.461,0
557,9.29262,driven,655.517,474.744,596.693,624.613,26.771,-21.430,0
558,9.3093,driven,631.440,484.540,548.138,622.315,17.510,-31.158,0
559,9.32598,driven,604.132,490.607,505.472,617.836,7.542,-37.792,0
560,9.34267,driven,573.486,491.719,466.491,612.022,-3.388,-41.649,0
561,9.35935,driven,545.127,487.482,431.127,601.170,-13.606,-45.078,0
562,9.37603,driven,519.139,478.793,403.571,590.887,-23.369,-45.874,0
563,9.39272,driven,494.546,465.525,380.915,579.582,-33.326,-44.893,0
564,9.4094,driven,473.962,449.455,363.588,566.667,-42.630,-43.279,0
565,9.42608,driven,458.308,432.847,349.421,551.442,-50.758,-42.557,0
566,9.44277,driven,446.060,415.666,338.411,535.386,-58.273,-41.961,0
567,9.45945,driven,437.096,399.066,322.878,512.535,-64.990,-45.189,0
568,9.47613,driven,430.625,382.989,314.585,494.594,-71.161,-46.116,0
569,9.49282,driven,426.368,368.248,306.284,475.490,-76.623,-48.233,0
570,9.5095,driven,424.039,356.544,299.167,458.171,-80.871,-50.860,0
571,9.52618,driven,422.986,348.792,288.806,437.769,-83.655,-56.451,0
572,9.54287,driven,422.986,348.792,280.633,424.003,-83.655,-62.151,0
573,9.55955,driven,422.986,348.792,271.752,404.011,-83.655,-69.942,0
574,9.57623,driven,423.738,354.590,265.694,385.304,-81.575,-79.002,0
575,9.59292,driven,425.636,365.025,264.642,366.354,-77.800,-89.527,0
576,9.6096,driven,428.722,377.035,269.931,350.451,-73.386,-99.504,0
577,9.62628,driven,432.906,389.247,280.039,338.722,-68.790,-108.289,0
578,9.64297,driven,438.995,402.997,296.061,328.895,-63.437,-117.404,0
579,9.65965,driven,446.747,416.767,312.020,328.622,-57.811,-123.195,0
580,9.67633,driven,457.057,431.296,333.454,328.130,-51.468,-129.850,0
581,9.69302,driven,469.589,445.276,352.084,335.215,-44.782,-133.126,0
582,9.7097,driven,484.553,458.394,369.320,345.956,-37.696,-134.296,0
583,9.72638,driven,501.798,470.022,383.312,361.017,-30.289,-132.614,0
584,9.74307,driven,521.511,479.795,397.273,377.394,-22.453,-129.497,0
585,9.75975,driven,543.772,487.148,410.017,397.534,-14.102,-123.821,0
586,9.77643,driven,566.369,491.139,420.584,422.819,-5.929,-115.109,0
587,9.79312,driven,590.104,491.843,434.123,451.956,2.529,-104.344,0
588,9.8098,driven,611.638,489.432,450.665,486.484,10.246,-91.049,0
589,9.82648,driven,630.811,484.737,475.043,525.449,17.275,-75.353,0
590,9.84317,driven,645.133,479.528,509.012,565.506,22.701,-57.722,0
591,9.85985,driven,655.902,474.549,554.505,599.607,26.924,-39.035,0
592,9.87653,driven,663.755,470.282,608.702,621.577,30.105,-19.996,0
593,9.89322,driven,670.088,466.413,678.445,627.196,32.746,2.976,0
594,9.9099,driven,671.460,465.521,740.464,610.984,33.329,25.378,0
595,9.92658,driven,674.158,463.708,791.869,573.549,34.485,46.981,0
596,9.94327,driven,678.979,460.264,826.495,524.762,36.594,66.384,0
597,9.95995,driven,686.228,454.551,846.240,472.367,39.879,83.647,0
598,9.97663,driven,694.798,446.854,854.173,424.035,43.979,98.148,0
599,9.99332,driven,704.578,436.545,853.682,375.808,49.038,112.163,0
600,10.01,driven,713.137,425.791,846.661,335.833,53.931,123.969,0
601,10.02668,driven,720.732,414.372,837.720,303.760,58.813,133.395,0
602,10.04337,driven,726.777,403.452,822.084,273.692,63.256,143.703,0
603,10.06005,driven,730.902,394.609,811.668,255.333,66.729,149.891,0
604,10.07673,driven,733.418,388.406,792.786,238.751,69.111,158.362,0
605,10.09342,driven,735.190,383.527,776.397,227.890,70.958,165.171,0
606,10.1101,driven,735.190,383.527,758.756,224.261,70.958,171.583,0
607,10.12678,driven,735.190,383.527,741.050,222.634,70.958,177.914,0
608,10.14347,driven,733.802,387.388,719.939,226.986,69.498,-175.060,0
609,10.16015,driven,731.083,394.186,701.451,235.937,66.892,-169.395,0
610,10.17683,driven,726.924,403.159,685.027,247.706,63.372,-164.916,0
611,10.19352,driven,721.061,413.826,670.116,261.099,59.039,-161.553,0
612,10.2102,driven,712.706,426.380,654.584,276.237,53.671,-158.838,0
613,10.22688,driven,701.506,439.984,639.344,291.468,47.397,-157.288,0
614,10.24357,driven,686.655,454.193,623.003,306.310,40.077,-156.712,0
615,10.26025,driven,668.306,467.543,606.976,318.682,31.995,-157.609,0
616,10.27693,driven,647.166,478.661,588.447,328.750,23.487,-158.610,0
617,10.29362,driven,624.444,486.574,569.273,335.323,14.917,-159.960,0
618,10.3103,driven,602.742,490.785,544.887,340.539,7.043,-158.940,0
619,10.32698,driven,581.997,491.997,518.744,343.942,-0.357,-156.867,0
620,10.34367,driven,562.947,490.746,489.998,347.221,-7.155,-153.057,0
621,10.36035,driven,545.728,487.626,461.418,350.466,-13.386,-148.422,0
622,10.37703,driven,526.546,481.778,428.482,354.089,-20.527,-142.476,0
623,10.39372,driven,508.893,473.931,393.490,361.667,-27.406,-134.210,0
624,10.4104,driven,492.546,464.188,363.722,367.619,-34.182,-126.856,0
625,10.42708,driven,476.355,451.614,327.565,390.112,-41.483,-112.458,0
626,10.44377,driven,461.587,436.735,301.853,416.586,-48.948,-97.190,0
627,10.46045,driven,446.851,416.933,289.744,452.122,-57.741,-77.375,0
628,10.47713,driven,434.475,393.139,301.911,484.506,-67.297,-55.424,0
629,10.49382,driven,427.796,373.809,333.743,504.481,-74.580,-35.745,0
630,10.5105,driven,424.734,360.544,364.045,509.668,-79.426,-22.145,0
631,10.52718,driven,424.338,358.338,402.252,517.816,-80.224,-7.885,0
632,10.54387,driven,424.338,358.338,434.370,519.026,-80.224,3.572,0
633,10.56055,driven,424.338,358.338,474.078,511.462,-80.224,17.995,0
634,10.57723,driven,426.087,367.044,502.307,508.859,-77.063,28.256,0
635,10.59392,driven,429.853,380.669,530.371,506.435,-72.031,38.633,0
636,10.6106,driven,436.369,397.486,559.235,501.529,-65.609,49.742,0
637,10.62728,driven,446.029,415.616,582.123,501.635,-58.294,57.705,0
638,10.64397,driven,459.194,433.923,605.078,502.031,-50.263,64.974,0
639,10.66065,driven,474.867,450.282,626.988,503.009,-42.193,70.883,0
640,10.67733,driven,492.961,464.469,647.986,507.924,-34.004,74.341,0
641,10.69402,driven,513.004,475.988,667.091,522.658,-25.770,73.149,0
642,10.7107,driven,535.034,484.689,687.900,535.216,-17.333,71.709,0
643,10.72738,driven,558.496,490.124,704.946,557.008,-8.754,65.454,0
644,10.74407,driven,584.078,491.996,718.642,580.390,0.383,56.700,0
645,10.76075,driven,612.105,489.347,721.867,607.133,10.415,42.981,0
646,10.77743,driven,643.580,480.168,722.566,620.461,22.103,29.380,0
647,10.79412,driven,668.701,467.295,707.972,623.432,32.161,14.118,0
648,10.8108,driven,688.668,452.471,689.339,613.470,41.020,0.239,0
649,10.82748,driven,702.925,438.419,675.635,597.090,48.149,-9.759,0
650,10.84417,driven,712.883,426.139,665.387,579.973,53.777,-17.158,0
651,10.86085,driven,720.571,414.638,654.292,561.362,58.702,-24.310,0
652,10.87753,driven,726.066,404.845,647.057,545.125,62.699,-29.389,0
653,10.89422,driven,730.896,394.623,642.098,528.921,66.723,-33.473,0
654,10.9109,driven,734.596,385.218,636.286,512.717,70.321,-37.635,0
655,10.92758,driven,736.910,378.251,630.984,499.498,72.933,-41.142,0
656,10.94427,driven,738.905,371.181,628.279,488.154,75.548,-43.403,0
657,10.96095,driven,740.651,363.668,628.101,478.792,78.293,-44.352,0
658,10.97763,driven,742.246,354.697,628.373,468.512,81.536,-45.015,0
659,10.99432,driven,743.412,344.753,632.239,461.207,85.100,-43.671,0
660,11.011,driven,743.903,336.574,635.068,455.215,88.016,-42.532,0
661,11.02768,driven,744.000,331.308,637.962,452.456,89.891,-41.195,0
662,11.04437,driven,744.000,331.308,637.962,452.456,89.891,-41.195,0
663,11.06105,driven,744.000,331.308,637.962,452.456,89.891,-41.195,0
664,11.07773,driven,743.878,337.271,637.019,457.696,87.768,-41.584,0
665,11.09442,driven,743.142,347.599,635.316,467.158,84.082,-42.046,0
666,11.1111,driven,741.715,358.031,632.973,476.759,80.335,-42.486,0
667,11.12778,driven,739.062,370.569,630.121,489.114,75.773,-42.583,0
668,11.14447,driven,734.324,385.974,627.589,506.509,70.034,-41.525,0
669,11.16115,driven,727.676,401.639,625.194,525.809,63.976,-39.534,0
670,11.17783,driven,718.959,417.234,624.044,547.281,57.614,-36.124,0
671,11.19452,driven,706.478,434.316,625.089,573.230,50.080,-30.366,0
672,11.2112,driven,690.126,451.187,625.833,598.793,41.711,-23.537,0
673,11.22788,driven,668.160,467.634,632.554,624.647,31.934,-12.777,0
674,11.24457,driven,641.077,481.160,645.080,642.111,21.145,1.425,0
675,11.26125,driven,608.490,489.969,660.970,642.176,9.109,19.024,0
676,11.27793,driven,580.136,491.975,658.097,632.840,-1.019,28.962,0
677,11.29462,driven,557.844,490.023,657.403,616.549,-8.989,38.198,0
678,11.3113,driven,538.470,485.719,653.615,598.248,-16.056,45.658,0
679,11.32798,driven,521.187,479.661,642.281,585.761,-22.578,48.776,0
680,11.34467,driven,506.210,472.507,631.790,573.258,-28.487,51.261,0
681,11.36135,driven,492.339,464.048,620.210,561.875,-34.271,52.582,0
682,11.37803,driven,479.338,454.188,602.054,558.407,-40.080,49.660,0
683,11.39472,driven,468.092,443.770,586.479,552.883,-45.538,47.334,0
684,11.4114,driven,458.378,432.933,571.027,547.959,-50.719,44.402,0
685,11.42808,driven,449.914,421.604,550.728,547.133,-55.753,38.768,0
686,11.44477,driven,443.593,411.539,526.392,549.617,-59.984,30.949,0
687,11.46145,driven,438.789,402.582,504.370,549.620,-63.602,24.038,0
688,11.47813,driven,435.335,395.157,481.594,549.369,-66.516,16.698,0
689,11.49482,driven,433.371,390.431,450.507,550.517,-68.338,6.110,0
690,11.5115,driven,433.371,390.431,417.201,550.617,-68.338,-5.764,0
691,11.52818,driven,433.371,390.431,387.160,544.657,-68.338,-16.680,0
692,11.54487,driven,434.320,392.768,357.534,534.277,-67.440,-28.485,0
693,11.56155,driven,438.211,401.406,332.670,522.988,-64.068,-40.960,0
694,11.57823,driven,444.657,413.354,312.462,505.254,-59.235,-55.193,0
695,11.59492,driven,454.181,427.575,302.537,481.658,-53.141,-70.372,0
696,11.6116,driven,464.441,439.926,303.818,450.925,-47.425,-86.083,0
697,11.62828,driven,474.559,450.002,315.265,426.622,-42.341,-98.350,0
698,11.64497,driven,484.361,458.245,329.239,415.139,-37.782,-105.530,0
699,11.66165,driven,495.336,466.041,347.382,402.554,-32.990,-113.224,0
700,11.67833,driven,507.787,473.352,371.757,387.231,-27.850,-122.338,0
701,11.69502,driven,521.496,479.789,389.590,387.476,-22.458,-124.986,0
702,11.7117,driven,538.096,485.611,410.650,387.232,-16.195,-127.666,0
703,11.72838,driven,556.990,489.885,430.765,389.944,-9.297,-128.371,0
704,11.74507,driven,578.221,491.929,448.391,396.718,-1.701,-126.255,0
705,11.76175,driven,600.131,491.086,464.578,404.215,6.108,-122.654,0
706,11.77843,driven,620.630,487.541,477.602,413.622,13.517,-117.330,0
707,11.79512,driven,642.344,480.664,489.882,428.930,21.629,-108.743,0
708,11.8118,driven,660.753,471.980,501.771,446.568,28.877,-99.082,0
709,11.82848,driven,678.268,460.789,517.402,467.362,36.279,-87.660,0
710,11.84517,driven,691.666,449.797,536.345,492.183,42.450,-74.736,0
711,11.86185,driven,702.151,439.278,562.741,519.813,47.737,-59.985,0
712,11.87853,driven,709.543,430.538,594.003,542.661,51.811,-45.860,0
713,11.89522,driven,713.748,424.946,635.281,565.530,54.302,-29.168,0
714,11.9119,driven,713.875,424.769,678.882,581.920,54.379,-12.553,0
715,11.92858,driven,714.297,424.178,726.737,584.697,54.638,4.431,0
716,11.94527,driven,714.445,423.969,772.491,574.142,54.729,21.133,0
717,11.96195,driven,714.578,423.781,812.395,551.658,54.811,37.413,0
718,11.97863,driven,715.070,423.079,843.494,520.178,55.116,52.908,0
719,11.99532,driven,715.993,421.740,865.032,482.637,55.695,67.775,0
720,12.012,driven,716.139,421.526,875.287,445.877,55.787,81.301,0
721,12.02868,driven,716.672,420.738,877.247,409.060,56.125,94.160,0
722,12.04537,driven,716.672,420.738,871.656,377.140,56.125,105.712,0
723,12.06205,driven,716.672,420.738,860.062,347.525,56.125,117.048,0
724,12.07873,driven,715.778,422.055,844.143,324.877,55.559,127.127,0
725,12.09542,driven,714.093,424.465,824.841,307.606,54.512,136.538,0
726,12.1121,driven,711.789,427.614,802.209,294.403,53.124,145.833,0
727,12.12878,driven,707.722,432.811,779.085,288.490,50.775,153.689,0
728,12.14547,driven,702.163,439.265,754.828,287.122,47.743,160.906,0
729,12.16215,driven,694.735,446.915,728.600,289.517,43.948,167.858,0
730,12.17883,driven,685.015,455.555,703.056,295.569,39.319,173.566,0
731,12.19552,driven,673.087,464.437,683.460,303.771,34.024,176.306,0
732,12.2122,driven,659.044,472.909,662.144,311.939,28.185,178.897,0
733,12.22888,driven,641.923,480.830,640.737,319.835,21.468,-179.578,0
734,12.24557,driven,622.733,487.020,620.380,326.037,14.288,-179.163,0
735,12.26225,driven,603.262,490.720,600.370,329.746,7.230,-178.971,0
736,12.27893,driven,582.783,492.000,580.890,331.011,-0.077,-179.326,0
737,12.29562,driven,562.805,490.728,558.993,329.774,-7.206,-178.643,0
738,12.3123,driven,545.215,487.503,538.419,326.647,-13.573,-177.581,0
739,12.32898,driven,527.825,482.251,518.704,321.509,-20.041,-176.752,0
740,12.34567,driven,511.916,475.458,493.452,315.520,-26.200,-173.414,0
741,12.36235,driven,497.780,467.596,470.734,308.884,-31.959,-170.329,0
742,12.37903,driven,484.843,458.617,446.946,302.141,-37.566,-166.386,0
743,12.39572,driven,473.820,449.324,427.883,295.017,-42.698,-163.422,0
744,12.4124,driven,463.371,438.750,392.299,294.286,-47.991,-153.804,0
745,12.42908,driven,453.729,426.969,367.087,291.270,-53.410,-147.442,0
746,12.44577,driven,445.699,415.079,336.434,296.833,-58.518,-137.261,0
747,12.46245,driven,438.361,401.715,306.557,309.256,-63.946,-125.049,0
748,12.47913,driven,431.814,386.352,281.735,328.066,-69.891,-111.225,0
749,12.49582,driven,426.876,370.322,266.644,354.611,-75.863,-95.600,0
750,12.5125,driven,423.475,352.745,267.465,392.517,-82.238,-75.698,0
751,12.52918,driven,422.248,339.931,281.542,418.181,-86.820,-60.921,0
752,12.54587,driven,422.093,336.475,303.055,444.877,-88.051,-47.678,0
753,12.56255,driven,422.093,336.475,326.390,465.943,-88.051,-36.472,0
754,12.57923,driven,422.093,336.475,353.720,482.236,-88.051,-25.130,0
755,12.59592,driven,422.717,346.176,378.477,500.978,-84.591,-15.949,0
756,12.6126,driven,424.505,359.289,404.401,519.029,-79.880,-7.173,0
757,12.62928,driven,428.308,375.624,430.257,536.613,-73.909,0.694,0
758,12.64597,driven,435.011,394.405,452.629,554.438,-66.808,6.282,0
759,12.66265,driven,445.233,414.314,475.423,572.458,-58.837,10.808,0
760,12.67933,driven,459.448,434.227,497.907,590.566,-50.122,13.820,0
761,12.69602,driven,478.953,453.862,514.557,610.876,-40.260,12.776,0
762,12.7127,driven,502.200,470.257,519.283,630.348,-30.123,6.091,0
763,12.72938,driven,530.356,483.150,531.981,644.142,-19.086,0.578,0
764,12.74607,driven,559.307,490.247,540.528,650.148,-8.462,-6.698,0
765,12.76275,driven,589.018,491.887,552.172,648.615,2.142,-13.230,0
766,12.77943,driven,615.581,488.669,568.814,642.727,11.675,-16.887,0
767,12.79612,driven,639.055,481.927,587.451,634.433,20.375,-18.694,0
768,12.8128,driven,658.513,473.193,609.002,626.391,27.971,-17.910,0
769,12.82948,driven,675.335,462.891,627.777,616.707,34.995,-17.181,0
770,12.84617,driven,689.741,451.529,651.393,607.896,41.528,-13.779,0
771,12.86285,driven,700.529,441.036,680.164,600.743,46.886,-7.267,0
772,12.87953,driven,709.409,430.709,706.238,591.678,51.734,-1.128,0
773,12.89622,driven,716.901,420.396,735.672,580.298,56.272,6.696,0
774,12.9129,driven,722.765,410.918,764.240,566.484,60.239,14.928,0
775,12.92958,driven,728.760,399.374,791.508,547.643,64.869,22.938,0
776,12.94627,driven,733.350,388.584,816.484,526.460,69.043,31.088,0
777,12.96295,driven,736.461,379.689,842.320,500.994,72.397,41.110,0
778,12.97963,driven,738.997,370.824,858.084,479.172,75.679,47.703,0
779,12.99632,driven,740.985,362.010,874.034,452.669,78.895,55.730,0
780,13.013,driven,742.333,354.108,886.670,425.436,81.748,63.702,0
781,13.02968,driven,742.827,350.402,896.000,399.990,83.079,72.061,0
782,13.04637,driven,742.827,350.402,901.944,374.949,83.079,81.230,0
783,13.06305,driven,742.827,350.402,903.827,350.320,83.079,90.029,0
784,13.07973,driven,742.187,355.091,900.800,327.469,81.394,99.879,0
785,13.09642,driven,741.044,361.711,892.318,306.602,79.003,110.017,0
786,13.1131,driven,739.045,370.637,878.325,289.878,75.748,120.106,0
787,13.12978,driven,735.894,381.442,860.454,279.433,71.741,129.316,0
788,13.14647,driven,731.743,392.616,842.749,276.003,67.498,136.411,0
789,13.16315,driven,726.285,404.419,822.261,275.154,62.869,143.407,0
790,13.17983,driven,718.919,417.296,798.995,277.622,57.588,150.174,0
791,13.19652,driven,709.590,430.479,777.531,284.517,51.838,155.039,0
792,13.2132,driven,697.422,444.263,756.115,294.343,45.292,158.620,0
793,13.22988,driven,682.237,457.780,737.715,306.640,38.052,159.843,0
794,13.24657,driven,663.086,470.669,720.445,320.233,29.830,159.129,0
795,13.26325,driven,640.651,481.324,706.846,334.562,20.982,155.723,0
796,13.27993,driven,615.544,488.676,695.730,349.066,11.662,150.129,0
797,13.29662,driven,589.264,491.878,687.171,364.069,2.230,142.546,0
798,13.3133,driven,561.964,490.620,680.044,381.175,-7.508,132.826,0
799,13.32998,driven,538.109,485.615,673.488,398.475,-16.190,122.768,0
800,13.34667,driven,516.250,477.511,667.320,421.842,-24.494,110.229,0
801,13.36335,driven,498.227,467.874,658.306,450.672,-31.772,96.134,0
802,13.38003,driven,484.602,458.432,643.179,486.260,-37.674,80.047,0
803,13.39672,driven,474.497,449.946,622.048,514.362,-42.371,66.415,0
804,13.4134,driven,468.116,443.795,589.073,550.051,-45.526,48.702,0
805,13.43008,driven,468.116,443.795,556.834,578.146,-45.526,33.439,0
806,13.44677,driven,468.116,443.795,505.496,600.395,-45.526,13.425,0
807,13.46345,driven,472.128,447.741,445.796,606.573,-43.523,-9.413,0
808,13.48013,driven,482.533,456.807,400.652,595.431,-38.610,-30.569,0
809,13.49682,driven,491.415,463.413,363.398,561.049,-34.670,-52.668,0
810,13.5135,driven,492.782,464.348,342.538,522.208,-34.081,-68.938,0
811,13.53018,driven,492.782,464.348,332.677,481.304,-34.081,-83.955,0
812,13.54687,driven,492.782,464.348,333.683,439.676,-34.081,-98.815,0
813,13.56355,driven,489.897,462.350,335.396,417.067,-35.330,-106.335,0
814,13.58023,driven,487.713,460.775,344.622,386.978,-36.288,-117.282,0
815,13.59692,driven,487.225,460.415,359.390,362.542,-36.504,-127.438,0
816,13.6136,driven,487.225,460.415,370.676,349.341,-36.504,-133.622,0
817,13.63028,driven,487.225,460.415,388.427,333.293,-36.504,-142.146,0
818,13.64697,driven,489.549,462.103,406.632,324.096,-35.482,-149.002,0
819,13.66365,driven,493.523,464.846,416.542,323.442,-33.763,-151.436,0
820,13.68033,driven,501.168,469.653,433.637,323.500,-30.549,-155.200,0
821,13.69702,driven,511.648,475.326,453.248,325.291,-26.307,-158.732,0
822,13.7137,driven,524.747,481.092,462.796,332.488,-21.212,-157.369,0
823,13.73038,driven,539.237,485.938,475.099,338.265,-15.773,-156.523,0
824,13.74707,driven,555.533,489.640,486.349,344.263,-9.823,-154.550,0
825,13.76375,driven,573.371,491.712,493.651,351.834,-3.429,-150.320,0
826,13.78043,driven,592.383,491.726,500.717,359.370,3.341,-145.295,0
827,13.79712,driven,610.471,489.639,505.601,367.478,9.824,-139.355,0
828,13.8138,driven,630.049,484.972,508.768,379.086,16.992,-131.123,0
829,13.83048,driven,648.232,478.193,511.127,393.795,23.902,-121.615,0
830,13.84717,driven,666.330,468.758,515.881,411.432,31.170,-110.858,0
831,13.86385,driven,681.562,458.305,522.462,433.642,37.748,-98.812,0
832,13.88053,driven,694.303,447.330,533.946,461.713,43.735,-84.875,0
833,13.89722,driven,705.143,435.890,554.076,491.565,49.346,-69.769,0
834,13.9139,driven,713.103,425.838,583.219,520.975,53.910,-53.778,0
835,13.93058,driven,718.249,418.342,621.823,547.272,57.146,-36.793,0
836,13.94727,driven,721.759,412.652,663.935,562.910,59.526,-21.048,0
837,13.96395,driven,722.134,412.011,717.236,572.937,59.790,-1.743,0
838,13.98063,driven,722.361,411.619,771.470,564.947,59.951,17.760,0
839,13.99732,driven,722.399,411.555,815.027,543.240,59.978,35.123,0
840,14.014,driven,722.399,411.555,849.446,510.449,59.978,52.103,0
841,14.03068,driven,722.799,410.858,873.767,466.801,60.264,69.667,0
842,14.04737,driven,723.214,410.126,883.605,424.120,60.563,85.014,0
843,14.06405,driven,723.214,410.126,880.900,377.629,60.563,101.645,0
844,14.08073,driven,723.214,410.126,871.429,347.249,60.563,112.988,0
845,14.09742,driven,722.714,411.007,852.609,315.885,60.203,126.215,0
846,14.1141,driven,722.477,411.418,830.240,291.802,60.034,137.984,0
847,14.13078,driven,721.299,413.429,801.948,274.085,59.204,149.939,0
848,14.14747,driven,719.573,416.257,775.062,265.122,58.025,159.839,0
849,14.16415,driven,717.082,420.123,748.118,262.143,56.388,168.886,0
850,14.18083,driven,713.707,425.004,713.884,264.004,54.277,179.937,0
851,14.19752,driven,707.987,432.485,686.933,272.868,50.925,-172.486,0
852,14.2142,driven,700.965,440.569,657.826,285.456,47.113,-164.458,0
853,14.23088,driven,691.705,449.761,629.431,301.293,42.468,-157.245,0
854,14.24757,driven,680.904,458.811,602.358,318.271,37.452,-150.800,0
855,14.26425,driven,667.146,468.260,574.717,336.435,31.510,-144.964,0
856,14.28093,driven,652.154,476.392,544.484,356.691,25.438,-138.029,0
857,14.29762,driven,636.344,482.906,513.989,378.263,19.350,-130.538,0
858,14.3143,driven,618.160,488.114,481.307,403.306,12.614,-121.787,0
859,14.33098,driven,599.078,491.195,449.490,431.659,5.731,-111.703,0
860,14.34767,driven,578.499,491.937,419.789,464.882,-1.602,-99.674,0
861,14.36435,driven,556.619,489.824,396.211,503.621,-9.431,-85.084,0
862,14.38103,driven,532.104,483.744,385.366,549.993,-18.429,-65.702,0
863,14.39772,driven,503.608,471.064,392.540,587.618,-29.546,-43.619,0
864,14.4144,driven,476.978,452.162,418.585,602.200,-41.187,-21.265,0
865,14.43108,driven,459.214,433.946,462.849,594.905,-50.252,1.294,0
866,14.44777,driven,449.143,420.462,495.714,574.579,-56.244,16.813,0
867,14.46445,driven,442.964,410.441,528.695,546.717,-60.434,32.174,0
868,14.48113,driven,439.855,404.692,550.158,521.971,-62.760,43.244,0
869,14.49782,driven,437.973,400.915,573.165,488.344,-64.262,57.109,0
870,14.5145,driven,437.973,400.915,588.200,458.818,-64.262,68.921,0
871,14.53118,driven,437.973,400.915,596.674,428.024,-64.262,80.306,0
872,14.54787,driven,439.819,404.623,600.584,395.924,-62.788,93.097,0
873,14.56455,driven,442.872,410.278,598.615,369.474,-60.501,104.681,0
874,14.58123,driven,447.517,417.980,591.346,345.631,-57.300,116.704,0
875,14.59792,driven,452.858,425.784,581.109,328.457,-53.934,127.194,0
876,14.6146,driven,460.390,435.344,563.611,311.787,-49.602,140.124,0
877,14.63128,driven,469.817,445.501,544.725,302.989,-44.668,152.272,0
878,14.64797,driven,480.279,454.974,522.834,299.699,-39.644,164.674,0
879,14.66465,driven,491.504,463.475,499.431,302.670,-34.632,177.178,0
880,14.68133,driven,504.510,471.571,474.081,313.473,-29.177,-169.105,0
881,14.69802,driven,517.792,478.204,451.117,331.659,-23.892,-155.536,0
882,14.7147,driven,530.700,483.269,425.935,361.018,-18.956,-139.404,0
883,14.73138,driven,541.880,486.660,406.396,399.684,-14.797,-122.699,0
884,14.74807,driven,552.230,489.032,398.138,442.378,-11.018,-106.845,0
885,14.76475,driven,557.276,489.932,396.744,502.198,-9.194,-85.630,0
886,14.78143,driven,557.276,489.932,412.101,559.539,-9.194,-64.383,0
887,14.79812,driven,557.276,489.932,450.230,610.190,-9.194,-41.673,0
888,14.8148,driven,548.630,488.289,500.479,641.919,-12.326,-17.402,0
889,14.83148,driven,548.630,488.289,565.915,648.358,-12.326,6.163,0
890,14.84817,driven,548.630,488.289,617.422,633.852,-12.326,25.295,0
891,14.86485,driven,560.695,490.447,662.914,614.835,-7.963,39.413,0
892,14.88153,driven,577.566,491.908,702.187,593.842,-1.934,50.719,0
893,14.89822,driven,596.419,491.440,735.502,572.539,4.781,59.753,0
894,14.9149,driven,616.495,488.477,764.234,552.465,12.008,66.582,0
895,14.93158,driven,636.286,482.926,789.054,533.748,19.328,71.599,0
896,14.94827,driven,654.373,475.315,809.967,516.685,26.315,75.111,0
897,14.96495,driven,672.303,464.962,828.872,502.476,33.689,76.526,0
898,14.98163,driven,688.232,452.849,844.376,492.094,40.815,75.892,0
899,14.99832,driven,701.786,439.678,857.001,482.448,47.545,74.594,0
900,15.015,driven,713.230,425.663,865.449,478.107,53.987,70.990,0
901,15.03168,driven,722.521,411.342,870.847,473.956,60.065,67.114,0
902,15.04837,driven,730.249,396.106,872.310,471.865,66.147,61.930,0
903,15.06505,driven,734.967,384.169,871.630,469.283,70.716,58.085,0
904,15.08173,driven,737.759,375.392,871.418,465.149,73.995,56.117,0
905,15.09842,driven,737.786,375.299,872.699,463.159,74.029,56.927,0
906,15.1151,driven,737.786,375.299,872.716,463.132,74.029,56.938,0
907,15.13178,driven,737.786,375.299,873.153,462.457,74.029,57.224,0
908,15.14847,driven,735.707,382.005,873.817,464.751,71.530,59.073,0
909,15.16515,driven,732.410,390.980,874.229,467.192,68.127,61.747,0
910,15.18183,driven,727.524,401.949,873.323,470.241,63.853,64.901,0
911,15.19852,driven,720.822,414.223,869.872,475.091,58.874,67.786,0
912,15.2152,driven,712.336,426.881,864.047,480.779,53.449,70.441,0
913,15.23188,driven,701.904,439.549,855.000,489.375,47.607,71.972,0
914,15.24857,driven,688.799,452.357,842.633,499.857,41.082,72.841,0
915,15.26525,driven,673.955,463.846,827.505,512.257,34.398,72.501,0
916,15.28193,driven,657.825,473.556,809.183,528.434,27.694,70.071,0
917,15.29862,driven,640.089,481.538,787.977,545.181,20.768,66.716,0
918,15.3153,driven,622.361,487.115,762.427,566.503,14.151,60.456,0
919,15.33198,driven,604.605,490.544,732.910,587.800,7.712,52.838,0
920,15.34867,driven,587.133,491.947,696.975,609.658,1.471,43.019,0
921,15.36535,driven,571.971,491.622,656.128,628.876,-3.928,31.514,0
922,15.38203,driven,559.157,490.225,607.899,643.669,-8.516,17.623,0
923,15.39872,driven,548.984,488.365,558.108,649.107,-12.197,3.249,0
924,15.4154,driven,540.473,486.282,504.878,643.298,-15.316,-12.773,0
925,15.43208,driven,532.207,483.778,454.341,624.696,-18.390,-28.924,0
926,15.44877,driven,521.914,479.962,412.923,598.460,-22.297,-42.607,0
927,15.46545,driven,509.535,474.262,378.014,567.122,-27.149,-54.776,0
928,15.48213,driven,496.702,466.918,351.688,536.861,-32.413,-64.251,0
929,15.49882,driven,484.218,458.134,329.644,503.166,-37.847,-73.758,0
930,15.5155,driven,471.690,447.323,312.309,470.097,-43.738,-81.868,0
931,15.53218,driven,460.479,435.449,299.969,447.997,-49.552,-85.530,0
932,15.54887,driven,451.010,423.193,290.048,419.682,-55.066,-91.250,0
933,15.56555,driven,443.444,411.281,282.875,399.502,-60.090,-94.196,0
934,15.58223,driven,438.237,401.460,278.824,378.906,-64.047,-98.053,0
935,15.59892,driven,435.035,394.462,277.333,362.045,-66.785,-101.616,0
936,15.6156,driven,435.035,394.462,281.274,346.731,-66.785,-107.246,0
937,15.63228,driven,435.035,394.462,286.418,332.544,-66.785,-112.618,0
938,15.64897,driven,436.949,398.750,296.423,320.178,-65.114,-119.211,0
939,15.66565,driven,439.731,404.451,307.756,312.236,-62.857,-124.943,0
940,15.68233,driven,443.680,411.690,317.507,311.684,-59.922,-128.401,0
941,15.69902,driven,449.296,420.689,330.281,312.262,-56.146,-132.335,0
942,15.7157,driven,456.823,431.001,348.091,312.264,-51.602,-137.519,0
943,15.73238,driven,465.754,441.338,358.055,321.664,-46.738,-138.015,0
944,15.74907,driven,477.471,452.592,370.352,332.399,-40.954,-138.292,0
945,15.76575,driven,491.262,463.307,383.870,343.357,-34.736,-138.162,0
946,15.78243,driven,507.482,473.190,391.863,361.148,-27.973,-134.100,0
947,15.79912,driven,525.631,481.432,401.517,378.881,-20.875,-129.566,0
948,15.8158,driven,544.989,487.448,407.508,403.662,-13.656,-121.360,0
949,15.83248,driven,564.912,490.981,415.208,431.737,-6.451,-111.591,0
950,15.84917,driven,585.576,491.979,426.898,464.731,0.917,-99.744,0
951,15.86585,driven,604.949,490.497,444.480,503.559,7.836,-85.347,0
952,15.88253,driven,621.592,487.306,471.286,545.004,13.869,-69.000,0
953,15.89922,driven,635.523,483.192,511.021,585.271,19.040,-50.652,0
954,15.9159,driven,646.039,479.146,562.973,617.063,23.051,-31.060,0
955,15.93258,driven,650.977,476.946,621.935,635.305,24.975,-10.392,0
956,15.94927,driven,652.089,476.422,695.154,631.556,25.412,15.514,0
957,15.96595,driven,655.237,474.885,750.049,605.007,26.659,36.078,0
958,15.98263,driven,660.257,472.253,793.474,562.665,28.676,55.836,0
959,15.99932,driven,668.054,467.699,822.273,513.935,31.890,73.311,0
960,16.016,driven,678.160,460.868,839.151,462.500,36.232,89.419,0
961,16.03268,driven,688.594,452.536,846.010,418.755,40.985,102.112,0
962,16.04937,driven,699.836,441.772,847.056,376.603,46.526,113.877,0
963,16.06605,driven,710.106,429.819,844.557,341.252,52.137,123.374,0
964,16.08273,driven,717.916,418.856,840.089,314.000,56.928,130.638,0
965,16.09942,driven,724.446,407.903,828.901,285.387,61.467,139.550,0
966,16.1161,driven,728.825,399.235,816.672,264.313,64.924,146.932,0
967,16.13278,driven,731.396,393.447,803.579,249.535,67.178,153.363,0
968,16.14947,driven,732.486,390.791,790.143,240.469,68.200,159.015,0
969,16.16615,driven,732.486,390.791,774.531,235.378,68.200,164.862,0
970,16.18283,driven,732.486,390.791,759.809,232.126,68.200,170.229,0
971,16.19952,driven,731.071,394.213,747.380,234.041,66.882,174.186,0
972,16.2162,driven,728.842,399.199,731.738,238.225,64.938,178.970,0
973,16.23288,driven,725.439,406.047,716.794,245.279,62.217,-176.922,0
974,16.24957,driven,720.490,414.771,707.681,254.281,58.646,-175.437,0
975,16.26625,driven,713.186,425.724,694.445,265.819,53.960,-173.316,0
976,16.28293,driven,703.549,437.719,683.649,277.953,48.482,-172.900,0
977,16.29962,driven,690.789,450.593,673.477,290.526,42.028,-173.827,0
978,16.3163,driven,674.031,463.794,661.654,303.271,34.431,-175.591,0
979,16.33298,driven,653.950,475.524,654.698,314.525,26.148,179.734,0
980,16.34967,driven,630.886,484.714,647.848,324.610,17.303,173.953,0
981,16.36635,driven,606.849,490.224,640.975,332.882,8.519,167.763,0
982,16.38303,driven,582.282,491.998,635.493,340.046,-0.255,160.701,0
983,16.39972,driven,558.525,490.129,631.850,346.795,-8.744,152.907,0
984,16.4164,driven,534.864,484.636,628.292,353.517,-17.396,144.528,0
985,16.43308,driven,511.907,475.453,627.057,362.931,-26.204,134.339,0
986,16.44977,driven,493.796,465.029,627.079,374.715,-33.646,124.122,0
987,16.46645,driven,477.224,452.378,625.434,389.490,-41.071,112.992,0
988,16.48313,driven,463.296,438.666,621.298,407.741,-48.031,101.074,0
989,16.49982,driven,453.246,426.315,614.168,431.306,-53.700,88.223,0
990,16.5165,driven,444.509,413.106,599.332,457.276,-59.338,74.077,0
991,16.53318,driven,438.783,402.570,579.197,481.341,-63.606,60.708,0
992,16.54987,driven,434.679,393.625,549.625,506.357,-67.109,45.557,0
993,16.56655,driven,434.679,393.625,515.624,532.797,-67.109,30.183,0
994,16.58323,driven,434.679,393.625,477.623,548.792,-67.109,15.470,0
995,16.59992,driven,435.229,394.911,431.670,555.872,-66.611,-1.266,0
996,16.6166,driven,440.138,405.238,389.101,557.935,-62.541,-18.482,0
997,16.63328,driven,450.801,422.893,350.176,548.574,-55.196,-38.682,0
998,16.64997,driven,465.287,440.840,325.398,520.539,-46.982,-60.329,0
999,16.66665,driven,478.965,453.873,319.270,474.326,-40.254,-82.702,0
1000,16.68333,driven,490.594,462.842,330.476,446.012,-35.026,-96.000,0
1001,16.70002,driven,500.959,469.529,347.662,420.327,-30.635,-107.794,0
1002,16.7167,driven,512.048,475.523,372.354,395.481,-26.148,-119.812,0
1003,16.73338,driven,523.537,480.617,397.720,380.162,-21.674,-128.605,0
1004,16.75007,driven,536.540,485.151,424.883,369.160,-16.773,-136.091,0
1005,16.76675,driven,550.326,488.650,454.545,359.239,-11.709,-143.494,0
1006,16.78343,driven,566.847,491.188,479.674,355.829,-5.758,-147.218,0
1007,16.80012,driven,585.460,491.981,504.965,352.548,0.875,-150.002,0
1008,16.8168,driven,606.089,490.336,528.250,349.403,8.245,-151.088,0
1009,16.83348,driven,625.581,486.267,548.642,344.841,15.336,-151.453,0
1010,16.85017,driven,644.650,479.729,566.263,339.100,22.515,-150.865,0
1011,16.86685,driven,661.893,471.346,581.710,331.733,29.342,-150.130,0
1012,16.88353,driven,678.509,460.611,594.127,323.496,36.386,-148.391,0
1013,16.90022,driven,692.800,448.750,605.404,313.535,42.999,-147.123,0
1014,16.9169,driven,705.458,435.523,612.566,304.023,49.518,-144.762,0
1015,16.93358,driven,715.814,422.003,620.494,292.252,55.581,-143.698,0
1016,16.95027,driven,724.463,407.872,626.324,280.241,61.480,-142.442,0
1017,16.96695,driven,730.865,394.694,629.954,269.243,66.696,-141.187,0
1018,16.98363,driven,735.783,381.776,632.393,258.360,71.616,-140.046,0
1019,17.00032,driven,739.352,369.405,634.347,247.360,76.200,-139.292,0
1020,17.017,driven,741.516,359.173,634.450,238.931,79.922,-138.317,0
1021,17.03368,driven,742.930,349.534,637.317,228.015,83.389,-139.006,0
1022,17.05037,driven,743.655,341.527,636.949,220.967,86.251,-138.488,0
1023,17.06705,driven,743.954,334.841,637.006,214.495,88.633,-138.373,0
1024,17.08373,driven,743.990,332.832,636.114,213.317,89.348,-137.930,0
1025,17.10042,driven,743.990,332.832,636.114,213.317,89.348,-137.930,0
1026,17.1171,driven,743.990,332.832,636.881,212.629,89.348,-138.297,0
1027,17.13378,driven,743.846,338.045,640.308,214.754,87.492,-139.977,0
1028,17.15047,driven,743.257,346.451,643.413,220.149,84.493,-141.673,0
1029,17.16715,driven,741.858,357.172,645.722,228.026,80.644,-143.336,0
1030,17.18383,driven,738.729,371.859,650.730,237.037,75.298,-146.867,0
1031,17.20052,driven,733.666,387.752,654.442,247.593,69.360,-150.523,0
1032,17.2172,driven,725.835,405.291,657.345,259.585,62.520,-154.824,0
1033,17.23388,driven,714.160,424.371,662.193,271.988,54.553,-161.169,0
1034,17.25057,driven,698.446,443.220,668.872,284.959,45.812,-169.415,0
1035,17.26725,driven,679.145,460.140,674.459,299.208,36.668,-178.332,0
1036,17.28393,driven,656.384,474.303,683.156,315.545,27.117,170.428,0
1037,17.30062,driven,632.882,484.078,692.185,334.397,18.049,158.387,0
1038,17.3173,driven,608.570,489.956,700.671,357.902,9.139,145.106,0
1039,17.33398,driven,584.393,491.994,707.168,387.842,0.496,130.309,0
1040,17.35067,driven,564.707,490.957,710.552,422.765,-6.524,115.059,0
1041,17.36735,driven,548.873,488.342,708.248,465.525,-12.238,98.147,0
1042,17.38403,driven,537.142,485.331,695.578,513.947,-16.549,79.762,0
1043,17.40072,driven,535.357,484.789,673.390,567.661,-17.213,59.020,0
1044,17.4174,driven,535.357,484.789,631.243,614.122,-17.213,36.553,0
1045,17.43408,driven,535.357,484.789,584.277,638.177,-17.213,17.689,0
1046,17.45077,driven,549.438,488.463,504.065,642.937,-12.032,-16.369,0
1047,17.46745,driven,553.313,489.239,458.319,619.228,-10.626,-36.159,0
1048,17.48413,driven,553.313,489.239,421.109,581.125,-10.626,-55.199,0
1049,17.50082,driven,553.313,489.239,399.773,537.680,-10.626,-72.490,0
1050,17.5175,driven,541.659,486.602,380.875,494.930,-14.879,-87.035,0
1051,17.53418,driven,528.009,482.318,369.258,455.500,-19.972,-99.588,0
1052,17.55087,driven,513.808,476.374,360.716,426.538,-25.452,-108.031,0
1053,17.56755,driven,500.086,469.008,356.071,397.032,-30.997,-116.555,0
1054,17.58423,driven,488.158,461.100,356.023,369.115,-36.092,-124.843,0
1055,17.60092,driven,478.585,453.550,354.151,351.387,-40.432,-129.387,0
1056,17.6176,driven,470.895,446.557,354.662,335.153,-44.131,-133.785,0
1057,17.63428,driven,465.511,441.079,355.254,323.757,-46.865,-136.778,0
1058,17.65097,driven,462.659,437.953,357.458,316.076,-48.371,-139.200,0
1059,17.66765,driven,462.659,437.953,359.930,313.986,-48.371,-140.352,0
1060,17.68433,driven,462.659,437.953,363.054,311.463,-48.371,-141.781,0
1061,17.70102,driven,465.271,440.822,366.641,313.570,-46.990,-142.222,0
1062,17.7177,driven,470.947,446.607,371.105,320.304,-44.106,-141.674,0
1063,17.73438,driven,478.282,453.291,374.473,330.227,-40.573,-139.851,0
1064,17.75107,driven,486.484,459.863,374.706,343.990,-36.832,-136.031,0
1065,17.76775,driven,496.641,466.879,376.405,359.808,-32.438,-131.685,0
1066,17.78443,driven,509.210,474.094,378.399,380.236,-27.279,-125.660,0
1067,17.80112,driven,523.197,480.481,380.651,405.638,-21.805,-117.701,0
1068,17.8178,driven,537.238,485.360,384.806,433.540,-16.513,-108.776,0
1069,17.83448,driven,552.684,489.120,393.250,466.722,-10.853,-97.997,0
1070,17.85117,driven,567.324,491.235,407.269,508.657,-5.588,-83.788,0
1071,17.86785,driven,580.114,491.974,429.918,549.958,-1.027,-68.891,0
1072,17.88453,driven,592.835,491.699,465.457,590.167,3.502,-52.295,0
1073,17.90122,driven,601.885,490.889,511.292,623.982,6.736,-34.242,0
1074,17.9179,driven,607.908,490.062,564.983,645.234,8.900,-15.463,0
1075,17.93458,driven,612.288,489.314,631.463,649.168,10.481,6.840,0
1076,17.95127,driven,617.473,488.266,687.529,633.225,12.364,25.794,0
1077,17.96795,driven,625.397,486.317,735.391,603.886,15.268,43.094,0
1078,17.98463,driven,636.283,482.927,773.287,567.489,19.326,58.316,0
1079,18.00132,driven,648.989,477.855,801.473,529.523,24.197,71.281,0
1080,18.018,driven,663.352,470.516,823.027,491.127,29.939,82.645,0
1081,18.03468,driven,677.712,461.195,838.561,454.226,36.034,92.481,0
1082,18.05137,driven,690.127,451.187,848.777,423.783,41.712,99.800,0
1083,18.06805,driven,701.953,439.495,856.861,395.624,47.633,105.813,0
1084,18.08473,driven,711.846,427.538,862.275,370.160,53.158,110.878,0
1085,18.10142,driven,719.610,416.197,867.007,351.427,58.050,113.722,0
1086,18.1181,driven,724.997,406.881,869.315,335.513,61.881,116.313,0
1087,18.13478,driven,728.193,400.570,868.844,322.222,64.398,119.119,0
1088,18.15147,driven,728.241,400.470,863.414,313.009,64.438,122.904,0
1089,18.16815,driven,728.241,400.470,857.791,304.878,64.438,126.422,0
1090,18.18483,driven,728.241,400.470,853.373,299.163,64.438,128.994,0
1091,18.20152,driven,725.530,405.875,846.467,299.596,62.286,131.309,0
1092,18.2182,driven,722.010,412.222,837.058,299.594,59.703,134.391,0
1093,18.23488,driven,716.385,421.163,825.414,302.700,55.943,137.375,0
1094,18.25157,driven,709.215,430.954,818.486,312.714,51.623,137.258,0
1095,18.26825,driven,700.522,441.044,810.011,323.005,46.882,137.152,0
1096,18.28493,driven,689.422,451.811,803.385,338.086,41.377,134.940,0
1097,18.30162,driven,675.910,462.487,795.686,354.901,35.246,131.931,0
1098,18.3183,driven,660.862,471.920,790.859,376.936,28.922,126.154,0
1099,18.33498,driven,644.451,479.811,784.227,399.914,22.438,119.753,0
1100,18.35167,driven,626.478,486.018,777.966,431.497,15.667,109.794,0
1101,18.36835,driven,608.430,489.979,767.694,466.403,9.088,98.420,0
1102,18.38503,driven,592.313,491.730,752.663,506.181,3.316,84.851,0
1103,18.40172,driven,578.347,491.933,728.764,549.341,-1.656,69.110,0
1104,18.4184,driven,567.947,491.295,693.597,591.958,-5.365,51.300,0
1105,18.43508,driven,564.705,490.957,647.066,629.296,-6.525,30.768,0
1106,18.45177,driven,563.652,490.833,590.721,649.541,-6.902,9.679,0
1107,18.46845,driven,563.634,490.831,521.044,646.096,-6.909,-15.339,0
1108,18.48513,driven,558.723,490.159,471.902,625.743,-8.673,-32.633,0
1109,18.50182,driven,547.818,488.109,428.847,596.584,-12.622,-47.642,0
1110,18.5185,driven,534.563,484.541,393.718,562.539,-17.509,-61.023,0
1111,18.53518,driven,520.037,479.178,365.299,523.641,-23.021,-73.968,0
1112,18.55187,driven,504.922,471.801,345.216,492.172,-29.009,-82.731,0
1113,18.56855,driven,490.347,462.668,329.358,460.793,-35.133,-90.667,0
1114,18.58523,driven,477.849,452.919,319.286,425.016,-40.776,-99.980,0
1115,18.60192,driven,467.434,443.095,310.448,407.368,-45.873,-102.821,0
1116,18.6186,driven,459.204,433.935,306.671,382.412,-50.257,-108.664,0
1117,18.63528,driven,453.589,426.779,304.476,366.064,-53.494,-112.155,0
1118,18.65197,driven,449.497,420.989,304.400,351.220,-56.018,-115.680,0
1119,18.66865,driven,447.959,418.663,307.925,339.217,-57.010,-119.568,0
1120,18.68533,driven,447.959,418.663,311.652,332.981,-57.010,-122.153,0
1121,18.70202,driven,447.959,418.663,316.888,325.167,-57.010,-125.501,0
1122,18.7187,driven,449.604,421.147,320.682,324.710,-55.950,-126.797,0
1123,18.73538,driven,452.908,425.852,328.244,323.970,-53.904,-129.258,0
1124,18.75207,driven,457.390,431.713,336.903,324.924,-51.278,-131.551,0
1125,18.76875,driven,463.583,438.985,342.838,332.488,-47.878,-131.412,0
1126,18.78543,driven,471.860,447.486,349.196,343.205,-43.655,-130.369,0
1127,18.80212,driven,481.491,455.968,354.059,357.570,-39.086,-127.674,0
1128,18.8188,driven,493.415,464.774,360.875,373.375,-33.809,-124.590,0
1129,18.83548,driven,506.535,472.683,369.731,387.798,-28.355,-121.819,0
1130,18.85217,driven,522.005,479.999,373.542,417.711,-22.263,-112.760,0
1131,18.86885,driven,537.409,485.410,380.718,448.413,-16.450,-103.285,0
1132,18.88553,driven,553.759,489.322,392.898,482.635,-10.464,-92.380,0
1133,18.90222,driven,568.673,491.361,410.443,521.096,-5.105,-79.357,0
1134,18.9189,driven,580.971,491.987,435.782,561.567,-0.722,-64.394,0
1135,18.93558,driven,591.463,491.777,472.723,600.505,3.013,-47.520,0
1136,18.95227,driven,598.443,491.258,519.016,631.302,5.504,-29.560,0
1137,18.96895,driven,605.193,490.463,571.756,647.952,7.923,-11.987,0
1138,18.98563,driven,612.431,489.287,636.045,648.546,10.533,8.434,0
1139,19.00232,driven,618.778,487.974,689.221,632.746,12.840,25.947,0
1140,19.019,driven,627.864,485.623,736.023,604.882,16.180,42.205,0
1141,19.03568,driven,638.531,482.120,772.851,570.884,20.176,56.542,0
1142,19.05237,driven,652.284,476.330,801.899,535.796,25.489,68.324,0
1143,19.06905,driven,665.993,468.961,823.802,500.856,31.030,78.574,0
1144,19.08573,driven,679.835,459.624,840.681,466.663,36.974,87.494,0
1145,19.10242,driven,692.430,449.094,853.021,437.635,42.819,94.081,0
1146,19.1191,driven,701.718,439.753,859.811,409.297,47.508,100.904,0
1147,19.13578,driven,709.508,430.583,863.770,384.492,51.791,106.635,0
1148,19.15247,driven,714.871,423.364,864.452,363.810,54.992,111.709,0
1149,19.16915,driven,718.064,418.629,863.601,349.781,57.025,115.317,0
1150,19.18583,driven,718.064,418.629,855.166,334.226,57.025,121.617,0
1151,19.20252,driven,718.064,418.629,848.266,323.927,57.025,126.030,0
1152,19.2192,driven,717.282,419.823,840.218,315.863,56.517,130.219,0
1153,19.23588,driven,713.534,425.243,829.439,313.498,54.172,133.953,0
1154,19.25257,driven,708.403,431.971,819.373,315.324,51.160,136.429,0
1155,19.26925,driven,702.459,438.938,807.196,316.664,47.900,139.418,0
1156,19.28593,driven,693.831,447.780,796.856,324.059,43.503,140.215,0
1157,19.30262,driven,683.247,456.982,787.563,334.347,38.510,139.615,0
1158,19.3193,driven,670.499,466.148,776.940,345.353,32.920,138.614,0
1159,19.33598,driven,655.367,474.819,769.162,360.926,26.711,135.025,0
1160,19.35267,driven,638.720,482.051,761.953,378.443,20.248,130.055,0
1161,19.36935,driven,621.057,487.437,756.448,400.314,13.673,122.761,0
1162,19.38603,driven,601.490,490.935,748.893,426.179,6.595,113.717,0
1163,19.40272,driven,583.090,492.000,740.288,457.219,0.032,102.476,0
1164,19.4194,driven,565.792,491.078,726.778,493.196,-6.136,89.246,0
1165,19.43608,driven,550.065,488.595,705.399,530.929,-11.804,74.755,0
1166,19.45277,driven,537.411,485.411,673.234,571.858,-16.449,57.524,0
1167,19.46945,driven,528.198,482.386,626.564,609.843,-19.900,37.659,0
1168,19.48613,driven,523.237,480.497,575.372,632.822,-21.790,18.894,0
1169,19.50282,driven,521.245,479.685,507.389,640.088,-22.555,-4.937,0
1170,19.5195,driven,519.654,479.015,446.245,622.305,-23.169,-27.127,0
1171,19.53618,driven,516.510,477.629,395.971,584.359,-24.392,-48.477,0
1172,19.55287,driven,510.635,474.821,362.135,537.020,-26.710,-67.274,0
1173,19.56955,driven,502.914,470.668,342.766,487.213,-29.830,-84.102,0
1174,19.58623,driven,492.348,464.053,332.482,444.970,-34.268,-96.807,0
1175,19.60292,driven,481.636,456.085,330.386,400.908,-39.020,-110.042,0
1176,19.6196,driven,472.130,447.743,333.411,366.024,-43.522,-120.502,0
1177,19.63628,driven,463.489,438.880,341.370,333.961,-47.928,-130.668,0
1178,19.65297,driven,457.012,431.239,352.776,308.537,-51.493,-139.652,0
1179,19.66965,driven,452.346,425.077,369.058,287.294,-54.244,-148.848,0
1180,19.68633,driven,452.346,425.077,381.208,280.646,-54.244,-153.778,0
1181,19.70302,driven,452.346,425.077,395.562,274.423,-54.244,-159.348,0
1182,19.7197,driven,453.272,426.350,409.086,271.532,-53.684,-164.071,0
1183,19.73638,driven,457.077,431.321,428.992,272.790,-51.456,-169.954,0
1184,19.75307,driven,462.255,437.498,444.104,277.524,-48.588,-173.527,0
1185,19.76975,driven,469.960,445.643,458.676,285.039,-44.597,-175.981,0
1186,19.78643,driven,479.638,454.440,471.983,293.622,-39.941,-177.274,0
1187,19.80312,driven,491.773,463.660,482.460,302.929,-34.515,-176.684,0
1188,19.8198,driven,506.733,472.790,492.152,312.451,-28.275,-174.804,0
1189,19.83648,driven,524.156,480.861,501.754,321.427,-21.438,-172.002,0
1190,19.85317,driven,544.053,487.218,511.271,329.591,-13.999,-168.251,0
1191,19.86985,driven,566.715,491.174,515.818,338.431,-5.805,-161.571,0
1192,19.88653,driven,590.349,491.832,520.846,346.607,2.616,-154.425,0
1193,19.90322,driven,613.346,489.114,523.684,355.392,10.865,-146.158,0
1194,19.9199,driven,635.303,483.268,525.373,365.639,18.957,-136.938,0
1195,19.93658,driven,655.662,474.671,526.639,378.368,26.828,-126.738,0
1196,19.95327,driven,673.709,464.015,528.543,394.389,34.292,-115.624,0
1197,19.96995,driven,690.818,450.567,533.576,415.984,42.042,-102.404,0
1198,19.98663,driven,704.004,437.203,543.141,443.835,48.727,-87.639,0
1199,20.00332,driven,715.153,422.959,562.045,472.747,55.168,-71.987,0
1200,20.02,driven,722.884,410.709,589.962,501.553,60.325,-55.650,0
1201,20.03668,driven,727.611,401.772,629.144,529.150,63.923,-37.705,0
1202,20.05337,driven,731.423,393.382,672.179,543.085,67.203,-21.591,0
1203,20.07005,driven,731.423,393.382,724.266,554.223,67.203,-2.548,0
1204,20.08673,driven,731.423,393.382,775.662,548.185,67.203,15.948,0
1205,20.10342,driven,729.681,397.375,824.401,527.564,65.652,36.038,0
1206,20.1201,driven,724.094,408.547,862.264,491.191,61.206,59.115,0
1207,20.13678,driven,717.290,419.809,876.206,445.634,56.522,80.770,0
1208,20.15347,driven,711.612,427.850,869.473,396.212,53.019,101.333,0
1209,20.17015,driven,707.420,433.180,849.646,357.729,50.606,117.946,0
1210,20.18683,driven,704.070,437.128,821.957,327.475,48.763,132.928,0
1211,20.20352,driven,701.268,440.242,784.761,302.583,47.272,148.762,0
1212,20.2202,driven,698.427,443.239,751.506,291.241,45.802,160.750,0
1213,20.23688,driven,695.647,446.029,715.949,286.314,44.401,172.756,0
1214,20.25357,driven,692.396,449.125,674.173,289.159,42.803,-173.501,0
1215,20.27025,driven,687.519,453.461,637.135,300.548,40.480,-161.763,0
1216,20.28693,driven,680.245,459.313,600.881,319.234,37.157,-150.465,0
1217,20.30362,driven,669.807,466.593,566.966,342.719,32.628,-140.300,0
1218,20.3203,driven,657.383,473.787,533.955,370.412,27.517,-129.947,0
1219,20.33698,driven,642.951,480.422,501.816,402.950,21.861,-118.763,0
1220,20.35367,driven,626.210,486.093,471.970,439.931,15.568,-106.662,0
1221,20.37035,driven,607.681,490.097,446.893,481.831,8.818,-92.943,0
1222,20.38703,driven,586.197,491.968,430.023,531.090,1.138,-75.937,0
1223,20.40372,driven,560.515,490.422,428.800,583.007,-8.028,-54.896,0
1224,20.4204,driven,528.851,482.621,433.465,612.322,-19.653,-36.332,0
1225,20.43708,driven,496.582,466.841,475.466,626.451,-32.463,-7.536,0
1226,20.45377,driven,475.998,451.298,523.507,605.129,-41.652,17.163,0
1227,20.47045,driven,463.799,439.222,544.215,578.700,-47.764,29.966,0
1228,20.48713,driven,456.208,430.221,574.863,539.042,-51.955,47.475,0
1229,20.50382,driven,451.849,424.383,593.483,500.941,-54.548,61.607,0
1230,20.5205,driven,448.610,419.658,600.542,472.925,-56.587,70.679,0
1231,20.53718,driven,445.320,414.459,604.391,439.311,-58.777,81.120,0
1232,20.55387,driven,441.779,408.315,602.737,404.655,-61.300,91.303,0
1233,20.57055,driven,438.257,401.501,597.186,375.765,-64.030,99.198,0
1234,20.58723,driven,436.215,397.144,589.436,347.706,-65.743,107.883,0
1235,20.60392,driven,434.856,394.043,580.092,324.563,-66.948,115.566,0
1236,20.6206,driven,434.856,394.043,566.327,301.111,-66.948,125.255,0
1237,20.63728,driven,434.856,394.043,549.540,281.045,-66.948,134.576,0
1238,20.65397,driven,436.633,398.064,530.562,267.304,-65.383,144.309,0
1239,20.67065,driven,439.467,403.934,509.883,259.149,-63.063,154.064,0
1240,20.68733,driven,443.945,412.147,491.238,258.249,-59.734,162.918,0
1241,20.70402,driven,449.988,421.712,459.229,260.978,-55.707,176.709,0
1242,20.7207,driven,456.641,430.771,434.959,271.238,-51.706,-172.261,0
1243,20.73738,driven,464.385,439.865,404.131,290.565,-47.454,-158.022,0
1244,20.75407,driven,472.597,448.185,380.456,316.158,-43.293,-145.089,0
1245,20.77075,driven,480.873,455.463,355.232,354.789,-39.370,-128.705,0
1246,20.78743,driven,488.150,461.094,337.967,403.075,-36.095,-111.123,0
1247,20.80412,driven,492.890,464.421,331.914,461.626,-34.034,-90.995,0
1248,20.8208,driven,492.890,464.421,343.657,524.841,-34.034,-67.959,0
1249,20.83748,driven,493.648,464.930,380.884,579.844,-33.710,-44.459,0
1250,20.85417,driven,494.973,465.804,440.349,617.255,-33.145,-19.833,0
1251,20.87085,driven,496.489,466.782,502.737,627.661,-32.502,2.224,0
1252,20.88753,driven,507.063,472.967,562.124,624.259,-28.142,19.998,0
1253,20.90422,driven,523.875,480.750,610.434,616.502,-21.545,32.523,0
1254,20.9209,driven,544.943,487.437,654.878,605.061,-13.673,43.065,0
1255,20.93758,driven,570.101,491.482,694.499,593.688,-4.595,50.594,0
1256,20.95427,driven,597.234,491.370,730.888,581.134,5.072,56.114,0
1257,20.97095,driven,623.464,486.832,760.453,571.419,14.556,58.306,0
1258,20.98763,driven,648.067,478.266,785.851,561.552,23.837,58.848,0
1259,21.00432,driven,670.817,465.941,807.103,551.656,33.055,57.833,0
1260,21.021,driven,690.797,450.586,822.056,543.818,42.032,54.614,0
1261,21.03768,driven,707.313,433.309,831.578,535.678,50.546,50.518,0
1262,21.05437,driven,719.909,415.716,837.182,526.025,58.252,46.753,0
1263,21.07105,driven,729.004,398.853,841.092,514.426,65.074,44.123,0
1264,21.08773,driven,735.317,383.159,843.908,502.024,71.097,42.414,0
1265,21.10442,driven,739.607,368.352,844.026,490.899,76.585,40.433,0
1266,21.1211,driven,741.915,356.828,847.010,478.796,80.769,40.750,0
1267,21.13778,driven,743.147,347.556,849.705,468.247,84.098,41.441,0
1268,21.15447,driven,743.184,347.187,852.821,465.088,84.230,42.920,0
1269,21.17115,driven,743.184,347.187,859.247,458.768,84.230,46.128,0
1270,21.18783,driven,743.184,347.187,863.841,453.784,84.230,48.540,0
1271,21.20452,driven,742.384,353.757,869.577,452.463,81.874,52.187,0
1272,21.2212,driven,740.738,363.244,874.988,452.115,78.447,56.496,0
1273,21.23788,driven,737.666,375.716,880.009,450.945,73.875,62.143,0
1274,21.25457,driven,732.896,389.756,881.543,451.602,68.596,67.410,0
1275,21.27125,driven,725.723,405.506,880.154,451.027,62.434,73.576,0
1276,21.28793,driven,716.279,421.321,874.225,452.527,55.875,78.824,0
1277,21.30462,driven,704.707,436.396,864.372,457.087,49.108,82.616,0
1278,21.3213,driven,691.792,449.682,852.060,465.012,42.510,84.536,0
1279,21.33798,driven,675.985,462.433,836.212,478.192,35.278,84.383,0
1280,21.35467,driven,659.338,472.752,818.983,493.596,28.304,82.561,0
1281,21.37135,driven,642.375,480.651,800.060,513.155,21.641,78.353,0
1282,21.38803,driven,624.673,486.513,777.822,536.175,15.001,72.034,0
1283,21.40472,driven,606.362,490.296,751.157,560.689,8.343,64.073,0
1284,21.4214,driven,588.963,491.890,719.044,586.758,2.123,53.897,0
1285,21.43808,driven,573.889,491.742,679.640,613.141,-3.244,41.059,0
1286,21.45477,driven,561.303,490.531,632.715,634.827,-7.745,26.331,0
1287,21.47145,driven,552.503,489.085,581.879,647.383,-10.919,10.513,0
1288,21.48813,driven,546.817,487.881,521.503,646.879,-12.987,-9.046,0
1289,21.50482,driven,541.629,486.594,468.194,629.871,-14.890,-27.137,0
1290,21.5215,driven,533.323,484.144,424.524,602.820,-17.972,-42.514,0
1291,21.53818,driven,522.410,480.164,388.107,568.954,-22.107,-56.530,0
1292,21.55487,driven,509.284,474.133,359.817,533.970,-27.249,-68.182,0
1293,21.57155,driven,495.498,466.146,338.071,499.879,-32.922,-77.905,0
1294,21.58823,driven,482.069,456.435,321.557,468.966,-38.822,-85.536,0
1295,21.60492,driven,469.857,445.541,309.182,435.308,-44.648,-93.644,0
1296,21.6216,driven,459.606,434.416,300.205,411.782,-50.034,-98.082,0
1297,21.63828,driven,451.398,423.747,293.384,392.882,-54.826,-101.052,0
1298,21.65497,driven,445.503,414.758,290.140,372.528,-58.652,-105.207,0
1299,21.67165,driven,441.696,408.164,289.202,356.526,-61.362,-108.707,0
1300,21.68833,driven,441.696,408.164,293.609,344.989,-61.362,-113.103,0
1301,21.70502,driven,441.696,408.164,300.884,330.107,-61.362,-119.001,0
1302,21.7217,driven,442.931,410.383,306.699,324.581,-60.458,-122.204,0
1303,21.73838,driven,446.610,416.550,319.965,317.143,-57.902,-128.129,0
1304,21.75507,driven,451.469,423.847,333.198,314.609,-54.782,-132.726,0
1305,21.77175,driven,457.819,432.246,345.551,316.847,-51.034,-135.788,0
1306,21.78843,driven,466.161,441.769,356.400,323.983,-46.528,-137.020,0
1307,21.80512,driven,476.811,452.016,370.168,331.401,-41.266,-138.518,0
1308,21.8218,driven,489.406,462.001,381.492,342.520,-35.544,-137.912,0
1309,21.83848,driven,503.870,471.212,387.005,360.471,-29.439,-133.459,0
1310,21.85517,driven,520.751,479.479,395.780,377.975,-22.746,-129.084,0
1311,21.87185,driven,538.290,485.667,403.821,397.129,-16.123,-123.362,0
1312,21.88853,driven,557.957,490.040,409.094,428.714,-8.949,-112.390,0
1313,21.90522,driven,577.097,491.892,419.268,460.096,-2.101,-101.390,0
1314,21.9219,driven,595.785,491.492,434.876,496.900,4.555,-88.075,0
1315,21.93858,driven,612.126,489.344,458.221,536.613,10.422,-72.927,0
1316,21.95527,driven,625.688,486.238,493.720,578.462,15.376,-55.053,0
1317,21.97195,driven,636.596,482.817,540.680,612.127,19.445,-36.566,0
1318,21.98863,driven,644.352,479.852,596.279,633.508,22.400,-17.373,0
1319,22.00532,driven,647.220,478.637,667.718,638.327,23.508,7.315,0
1320,22.022,driven,649.070,477.819,726.916,618.748,24.228,28.915,0
1321,22.03868,driven,653.229,475.875,774.716,581.526,25.862,48.988,0
1322,22.05537,driven,659.929,472.432,808.407,534.683,28.543,67.254,0
1323,22.07205,driven,669.880,466.547,829.404,488.297,32.658,82.236,0
1324,22.08873,driven,681.275,458.526,841.478,442.524,37.619,95.704,0
1325,22.10542,driven,692.301,449.213,844.963,398.075,42.757,108.520,0
1326,22.1221,driven,703.054,438.276,844.132,360.701,48.217,118.805,0
1327,22.13878,driven,712.356,426.854,842.395,331.928,53.461,126.129,0
1328,22.15547,driven,719.222,416.817,833.208,303.115,57.790,134.929,0
1329,22.17215,driven,724.345,408.088,827.585,284.547,61.392,140.115,0
1330,22.18883,driven,727.422,402.156,812.991,265.778,63.771,147.894,0
1331,22.20552,driven,728.188,400.581,803.472,258.267,64.394,152.121,0
1332,22.2222,driven,728.188,400.581,791.838,252.697,64.394,156.713,0
1333,22.23888,driven,728.188,400.581,778.263,247.567,64.394,161.879,0
1334,22.25557,driven,725.312,406.288,760.816,249.251,62.120,167.260,0
1335,22.27225,driven,721.463,413.152,743.912,253.725,59.319,171.985,0
1336,22.28893,driven,716.035,421.680,733.447,261.624,55.721,173.791,0
1337,22.30562,driven,709.213,430.956,721.347,270.414,51.622,175.678,0
1338,22.3223,driven,699.283,442.352,706.827,281.529,46.241,177.314,0
1339,22.33898,driven,687.571,453.417,698.959,292.820,40.505,175.944,0
1340,22.35567,driven,672.013,465.155,690.307,305.198,33.565,173.476,0
1341,22.37235,driven,652.778,476.093,681.937,317.756,25.684,169.565,0
1342,22.38903,driven,631.186,484.620,676.737,330.198,17.415,163.565,0
1343,22.40572,driven,606.601,490.261,672.160,343.213,8.429,155.971,0
1344,22.4224,driven,581.404,491.992,669.624,357.314,-0.568,146.773,0
1345,22.43908,driven,557.869,490.027,668.633,373.183,-8.980,136.530,0
1346,22.45577,driven,535.769,484.916,667.854,392.859,-17.059,124.875,0
1347,22.47245,driven,515.654,477.238,664.406,415.645,-24.727,112.493,0
1348,22.48913,driven,499.226,468.488,658.459,444.704,-31.355,98.495,0
1349,22.50582,driven,485.403,459.046,645.279,478.040,-37.315,83.225,0
1350,22.5225,driven,472.826,448.400,620.278,513.046,-43.181,66.326,0
1351,22.53918,driven,464.305,439.777,584.601,546.781,-47.497,48.347,0
1352,22.55587,driven,458.436,433.004,542.070,570.577,-50.686,31.296,0
1353,22.57255,driven,457.382,431.703,491.504,589.045,-51.282,12.236,0
1354,22.58923,driven,457.382,431.703,419.353,588.147,-51.282,-13.663,0
1355,22.60592,driven,457.382,431.703,368.776,566.128,-51.282,-33.391,0
1356,22.6226,driven,462.155,437.384,326.232,523.673,-48.641,-57.591,0
1357,22.63928,driven,466.698,442.333,308.609,472.806,-46.250,-79.089,0
1358,22.65597,driven,466.698,442.333,308.291,413.555,-46.250,-100.296,0
1359,22.67265,driven,466.698,442.333,325.357,365.239,-46.250,-118.610,0
1360,22.68933,driven,466.100,441.704,349.012,331.199,-46.559,-133.343,0
1361,22.70602,driven,463.717,439.133,383.139,299.747,-47.807,-149.968,0
1362,22.7227,driven,461.319,436.427,413.282,282.760,-49.094,-162.640,0
1363,22.73938,driven,461.319,436.427,450.954,275.761,-49.094,-176.308,0
1364,22.75607,driven,461.319,436.427,486.234,277.366,-49.094,171.098,0
1365,22.77275,driven,462.346,437.600,512.657,284.663,-48.539,161.791,0
1366,22.78943,driven,468.607,444.293,542.616,301.311,-45.277,152.633,0
1367,22.80612,driven,475.536,450.885,572.515,322.371,-41.873,142.961,0
1368,22.8228,driven,483.201,457.338,599.249,345.741,-38.307,133.880,0
1369,22.83948,driven,494.285,465.353,627.192,374.486,-33.437,124.360,0
1370,22.85617,driven,507.183,473.031,653.233,405.280,-28.094,114.886,0
1371,22.87285,driven,522.030,480.009,678.459,441.918,-22.253,103.685,0
1372,22.88953,driven,539.981,486.146,700.937,482.366,-15.498,91.345,0
1373,22.90622,driven,560.276,490.388,716.811,528.041,-8.114,76.475,0
1374,22.9229,driven,585.080,491.987,721.788,577.028,0.740,58.116,0
1375,22.93958,driven,616.283,488.522,715.830,615.059,11.931,38.192,0
1376,22.95627,driven,650.162,477.322,688.401,633.716,24.655,13.739,0
1377,22.97295,driven,675.795,462.567,644.173,620.431,35.196,-11.327,0
1378,22.98963,driven,691.136,450.280,617.801,593.608,42.194,-27.097,0
1379,23.00632,driven,700.890,440.650,592.709,559.889,47.074,-42.216,0
1380,23.023,driven,707.329,433.290,575.631,525.899,50.555,-54.885,0
1381,23.03968,driven,712.233,427.021,564.835,491.789,53.387,-66.279,0
1382,23.05637,driven,716.654,420.764,560.222,458.842,56.114,-76.320,0
1383,23.07305,driven,721.380,413.292,560.669,422.940,59.261,-86.565,0
1384,23.08973,driven,725.939,405.091,565.429,392.543,62.600,-94.470,0
1385,23.10642,driven,729.980,396.711,572.081,365.263,65.912,-101.264,0
1386,23.1231,driven,732.621,390.452,579.949,339.341,68.330,-108.510,0
1387,23.13978,driven,732.855,389.860,588.956,317.652,68.556,-116.647,0
1388,23.15647,driven,732.855,389.860,602.137,295.872,68.556,-125.717,0
1389,23.17315,driven,732.855,389.860,615.954,279.157,68.556,-133.440,0
1390,23.18983,driven,730.356,395.863,635.717,265.615,66.242,-143.998,0
1391,23.20652,driven,727.207,402.591,653.331,259.541,63.598,-152.686,0
1392,23.2232,driven,721.753,412.662,676.743,258.081,59.521,-163.766,0
1393,23.23988,driven,715.952,421.800,705.194,261.160,55.669,-176.169,0
1394,23.25657,driven,708.514,431.833,732.824,272.678,51.223,171.315,0
1395,23.27325,driven,699.022,442.624,754.228,291.385,46.107,159.946,0
1396,23.28993,driven,689.923,451.368,782.312,319.514,41.615,144.981,0
1397,23.30662,driven,680.098,459.425,804.838,357.635,37.092,129.215,0
1398,23.3233,driven,672.291,464.971,821.545,404.604,33.683,112.021,0
1399,23.33998,driven,665.835,469.056,826.742,463.594,30.964,91.944,0
1400,23.35667,driven,665.835,469.056,815.833,527.549,30.964,68.696,0
1401,23.37335,driven,664.443,469.881,778.761,583.249,30.388,45.239,0
1402,23.39003,driven,663.916,470.189,720.923,620.759,30.171,20.737,0
1403,23.40672,driven,663.916,470.189,656.507,631.019,30.171,-2.637,0
1404,23.4234,driven,655.482,474.762,597.943,625.129,26.756,-20.940,0
1405,23.44008,driven,638.896,481.986,546.465,613.810,20.315,-35.037,0
1406,23.45677,driven,618.126,488.121,501.465,599.077,12.602,-46.436,0
1407,23.47345,driven,593.493,491.658,461.061,583.215,3.737,-55.342,0
1408,23.49013,driven,565.676,491.065,424.706,568.838,-6.177,-61.115,0
1409,23.50682,driven,539.940,486.135,393.834,553.765,-15.513,-65.162,0
1410,23.5235,driven,515.529,477.180,366.370,537.782,-24.776,-67.889,0
1411,23.54018,driven,492.920,464.442,347.080,532.645,-34.021,-64.936,0
1412,23.55687,driven,474.018,449.508,330.888,523.228,-42.602,-62.749,0
1413,23.57355,driven,457.659,432.047,320.278,515.997,-51.125,-58.572,0
1414,23.59023,driven,444.775,413.553,315.179,509.081,-59.153,-53.605,0
1415,23.60692,driven,435.730,396.058,313.170,500.461,-66.166,-49.574,0
1416,23.6236,driven,429.424,379.326,311.494,488.933,-72.533,-47.095,0
1417,23.64028,driven,425.663,365.148,309.505,476.630,-77.754,-46.177,0
1418,23.65697,driven,423.684,354.227,309.507,467.737,-81.705,-45.168,0
1419,23.67365,driven,422.810,347.130,308.827,460.835,-84.250,-45.070,0
1420,23.69033,driven,422.810,347.130,303.327,455.041,-84.250,-47.913,0
1421,23.70702,driven,422.810,347.130,299.811,451.015,-84.250,-49.815,0
1422,23.7237,driven,423.374,351.988,295.220,449.444,-82.510,-52.748,0
1423,23.74038,driven,424.901,361.424,287.796,445.823,-79.107,-58.385,0
1424,23.75707,driven,427.917,374.246,283.138,444.674,-74.419,-64.059,0
1425,23.77375,driven,433.027,389.559,281.542,444.086,-68.671,-70.204,0
1426,23.79043,driven,440.398,405.737,283.702,442.717,-62.341,-76.721,0
1427,23.80712,driven,449.970,421.687,290.351,442.726,-55.718,-82.491,0
1428,23.8238,driven,461.836,437.020,300.937,442.735,-48.814,-87.966,0
1429,23.84048,driven,475.717,451.047,314.762,454.849,-41.786,-88.647,0
1430,23.85717,driven,491.268,463.311,330.332,467.831,-34.734,-88.391,0
1431,23.87385,driven,509.146,474.062,348.225,479.093,-27.304,-88.209,0
1432,23.89053,driven,528.257,482.407,368.252,500.280,-19.878,-83.627,0
1433,23.90722,driven,548.729,488.310,391.758,524.103,-12.290,-77.155,0
1434,23.9239,driven,568.783,491.371,419.037,550.509,-5.066,-68.450,0
1435,23.94058,driven,589.290,491.877,452.934,577.482,2.239,-57.879,0
1436,23.95727,driven,606.189,490.321,493.663,605.468,8.281,-44.341,0
1437,23.97395,driven,619.102,487.900,541.509,628.969,12.958,-28.812,0
1438,23.99063,driven,628.896,485.320,594.680,642.642,16.563,-12.270,0
1439,24.00732,driven,633.083,484.012,659.560,642.820,18.124,9.466,0
1440,24.024,driven,637.268,482.578,713.185,624.556,19.698,28.134,0
1441,24.04068,driven,648.215,478.201,757.961,596.000,23.895,42.973,0
1442,24.05737,driven,660.223,472.271,793.828,562.108,28.662,56.083,0
1443,24.07405,driven,674.571,463.423,823.335,524.988,34.664,67.518,0
1444,24.09073,driven,687.357,453.599,844.563,488.345,40.405,77.537,0
1445,24.10742,driven,699.138,442.503,859.730,453.961,46.167,85.919,0
1446,24.1241,driven,710.645,429.122,871.518,422.738,52.450,92.272,0
1447,24.14078,driven,718.553,417.870,878.099,396.284,57.346,97.705,0
1448,24.15747,driven,725.745,405.463,883.034,371.095,62.451,102.326,0
1449,24.17415,driven,730.743,394.977,884.247,346.423,66.586,107.552,0
1450,24.19083,driven,733.285,388.753,882.818,329.080,68.979,111.755,0
1451,24.20752,driven,733.442,388.343,875.086,311.806,69.135,118.384,0
1452,24.2242,driven,733.442,388.343,866.692,297.981,69.135,124.143,0
1453,24.24088,driven,733.442,388.343,857.445,285.658,69.135,129.627,0
1454,24.25757,driven,731.340,393.580,844.355,278.914,67.126,135.415,0
1455,24.27425,driven,728.048,400.873,830.967,277.064,64.279,140.264,0
1456,24.29093,driven,723.734,409.198,816.887,277.883,60.942,144.649,0
1457,24.30762,driven,718.086,418.594,803.273,281.977,57.039,148.055,0
1458,24.3243,driven,710.115,429.807,787.683,288.725,52.142,151.198,0
1459,24.34098,driven,699.321,442.312,774.703,300.049,46.261,152.082,0
1460,24.35767,driven,687.263,453.679,761.299,310.711,40.361,152.623,0
1461,24.37435,driven,671.343,465.597,753.183,326.950,33.279,149.448,0
1462,24.39103,driven,651.849,476.536,745.214,345.372,25.317,144.556,0
1463,24.40772,driven,631.323,484.577,738.673,364.589,17.466,138.182,0
1464,24.4244,driven,608.497,489.968,732.058,386.752,9.112,129.874,0
1465,24.44108,driven,584.639,491.992,726.183,415.270,0.583,118.459,0
1466,24.45777,driven,564.714,490.958,719.724,447.450,-6.522,105.679,0
1467,24.47445,driven,546.691,487.852,707.623,483.158,-13.033,91.671,0
1468,24.49113,driven,532.721,483.948,688.101,526.115,-18.197,74.817,0
1469,24.50782,driven,523.612,480.647,659.065,567.673,-21.646,57.280,0
1470,24.5245,driven,523.612,480.647,623.820,606.660,-21.646,38.492,0
1471,24.54118,driven,523.612,480.647,568.145,635.365,-21.646,16.057,0
1472,24.55787,driven,523.871,480.749,501.977,640.254,-21.547,-7.816,0
1473,24.57455,driven,523.871,480.749,446.972,622.197,-21.547,-28.531,0
1474,24.59123,driven,523.871,480.749,405.268,589.626,-21.547,-47.448,0
1475,24.60792,driven,520.614,479.422,375.894,549.970,-22.798,-64.012,0
1476,24.6246,driven,511.092,475.049,353.565,508.309,-26.528,-78.078,0
1477,24.64128,driven,501.259,469.706,340.264,470.894,-30.511,-89.577,0
1478,24.65797,driven,491.044,463.155,332.064,437.734,-34.831,-99.085,0
1479,24.67465,driven,482.221,456.557,332.080,398.430,-38.752,-111.164,0
1480,24.69133,driven,474.528,449.974,331.569,375.921,-42.357,-117.384,0
1481,24.70802,driven,468.447,444.131,334.533,354.756,-45.358,-123.720,0
1482,24.7247,driven,465.071,440.607,345.240,333.082,-47.095,-131.902,0
1483,24.74138,driven,465.071,440.607,355.334,322.799,-47.095,-137.032,0
1484,24.75807,driven,465.071,440.607,363.691,315.535,-47.095,-140.973,0
1485,24.77475,driven,468.632,444.318,376.594,312.220,-45.264,-145.134,0
1486,24.79143,driven,473.837,449.341,385.966,314.435,-42.690,-146.922,0
1487,24.80812,driven,481.107,455.655,401.093,315.946,-39.263,-150.199,0
1488,24.8248,driven,489.768,462.258,410.636,322.047,-35.386,-150.561,0
1489,24.84148,driven,501.015,469.562,422.679,328.905,-30.612,-150.885,0
1490,24.85817,driven,515.076,476.970,428.603,341.164,-24.954,-147.513,0
1491,24.87485,driven,530.997,483.370,440.529,350.192,-18.845,-145.812,0
1492,24.89153,driven,548.134,488.179,442.359,366.802,-12.507,-138.929,0
1493,24.90822,driven,567.291,491.232,446.592,384.683,-5.599,-131.437,0
1494,24.9249,driven,586.983,491.951,451.196,405.447,1.417,-122.499,0
1495,24.94158,driven,606.677,490.250,456.495,432.228,8.457,-111.124,0
1496,24.95827,driven,624.904,486.451,465.506,463.802,15.086,-98.087,0
1497,24.97495,driven,641.413,481.030,481.601,500.549,21.273,-83.036,0
1498,24.99163,driven,655.253,474.877,507.776,539.463,26.665,-66.349,0
1499,25.00832,driven,665.669,469.155,545.665,576.486,30.895,-48.191,0
1500,25.025,driven,672.994,464.499,592.064,603.680,33.985,-30.177,0
1501,25.04168,driven,675.007,463.120,648.776,621.969,34.853,-9.377,0
1502,25.05837,driven,676.173,462.301,718.150,617.732,35.360,15.113,0
1503,25.07505,driven,676.303,462.208,769.117,593.762,35.417,35.204,0
1504,25.09173,driven,676.417,462.127,809.904,552.139,35.467,56.007,0
1505,25.10842,driven,679.804,459.646,834.143,505.477,36.961,73.461,0
1506,25.1251,driven,685.915,454.812,846.910,456.143,39.734,89.526,0
1507,25.14178,driven,691.973,449.515,848.215,410.665,42.598,103.964,0
1508,25.15847,driven,699.678,441.938,845.326,373.324,46.445,115.225,0
1509,25.17515,driven,705.838,435.076,834.630,338.466,49.727,126.874,0
1510,25.19183,driven,711.518,427.975,820.778,309.723,52.963,137.263,0
1511,25.20852,driven,715.570,422.357,804.252,287.982,55.429,146.577,0
1512,25.2252,driven,718.302,418.261,785.568,271.986,57.181,155.304,0
1513,25.24188,driven,718.751,417.560,763.351,262.861,57.477,163.918,0
1514,25.25857,driven,718.751,417.560,747.398,259.129,57.477,169.751,0
1515,25.27525,driven,718.751,417.560,722.482,256.603,57.477,178.672,0
1516,25.29193,driven,714.507,423.881,702.464,263.333,54.767,-175.710,0
1517,25.30862,driven,708.940,431.300,686.367,271.890,51.466,-171.940,0
1518,25.3253,driven,701.246,440.265,668.543,282.621,47.261,-168.280,0
1519,25.34198,driven,691.770,449.701,650.540,294.070,42.500,-165.162,0
1520,25.35867,driven,679.539,459.845,632.681,305.815,36.843,-163.079,0
1521,25.37535,driven,663.500,470.430,616.102,316.565,30.000,-162.878,0
1522,25.39203,driven,645.594,479.334,598.254,325.451,22.879,-162.900,0
1523,25.40872,driven,626.098,486.124,579.087,332.141,15.527,-163.022,0
1524,25.4254,driven,606.119,490.331,557.636,336.805,8.256,-162.474,0
1525,25.44208,driven,586.761,491.956,534.142,339.797,1.339,-160.924,0
1526,25.45877,driven,568.653,491.359,508.339,342.084,-5.113,-157.999,0
1527,25.47545,driven,552.133,489.013,481.655,344.259,-11.053,-154.040,0
1528,25.49213,driven,533.868,484.320,452.733,345.258,-17.768,-149.739,0
1529,25.50882,driven,517.159,477.921,420.506,349.161,-24.139,-143.107,0
1530,25.5255,driven,501.081,469.601,391.338,351.799,-30.585,-137.028,0
1531,25.54218,driven,486.374,459.781,358.235,362.306,-36.881,-127.260,0
1532,25.55887,driven,472.104,447.718,326.196,379.661,-43.535,-115.006,0
1533,25.57555,driven,458.858,433.517,300.827,402.738,-50.450,-101.021,0
1534,25.59223,driven,446.035,415.627,286.964,440.473,-58.289,-81.122,0
1535,25.60892,driven,434.798,393.906,295.331,474.342,-67.001,-60.026,0
1536,25.6256,driven,428.072,374.797,321.437,495.420,-74.215,-41.478,0
1537,25.64228,driven,424.858,361.203,354.916,506.217,-79.187,-25.749,0
1538,25.65897,driven,423.573,353.449,392.263,511.375,-81.985,-11.214,0
1539,25.67565,driven,423.573,353.449,429.805,514.328,-81.985,2.218,0
1540,25.69233,driven,423.573,353.449,459.677,510.349,-81.985,12.959,0
1541,25.70902,driven,424.678,360.243,491.717,506.622,-79.535,24.607,0
1542,25.7257,driven,426.866,370.283,523.064,499.383,-75.878,36.691,0
1543,25.74238,driven,431.234,384.739,551.161,492.156,-70.501,48.150,0
1544,25.75907,driven,437.745,400.440,575.802,483.273,-64.450,59.036,0
1545,25.77575,driven,447.400,417.797,598.523,473.320,-57.377,69.827,0
1546,25.79243,driven,460.353,435.301,616.695,473.750,-49.621,76.183,0
1547,25.80912,driven,476.449,451.697,635.933,473.736,-41.438,82.132,0
1548,25.8258,driven,494.493,465.490,654.983,478.293,-33.349,85.439,0
1549,25.84248,driven,513.920,476.427,674.625,486.183,-25.408,86.526,0
1550,25.85917,driven,534.950,484.663,695.501,496.684,-17.364,85.718,0
1551,25.87585,driven,556.897,489.870,715.770,515.952,-9.330,80.677,0
1552,25.89253,driven,579.815,491.968,734.489,536.657,-1.134,73.885,0
1553,25.90922,driven,605.220,490.459,749.973,560.940,7.933,64.038,0
1554,25.9259,driven,632.591,484.172,754.199,589.682,17.940,49.055,0
1555,25.94258,driven,661.643,471.486,752.498,604.401,29.240,34.355,0
1556,25.95927,driven,685.371,455.263,733.336,608.952,39.483,17.333,0
1557,25.97595,driven,701.778,439.687,706.529,600.616,47.540,1.691,0
1558,25.99263,driven,713.022,425.949,691.210,585.465,53.861,-7.786,0
1559,26.00932,driven,721.075,413.803,676.732,568.576,59.049,-15.987,0
1560,26.026,driven,726.198,404.590,657.521,550.208,62.801,-25.249,0
1561,26.04268,driven,730.131,396.371,645.222,533.161,66.044,-31.829,0
1562,26.05937,driven,732.963,389.583,635.357,517.622,68.662,-37.319,0
1563,26.07605,driven,735.163,383.607,623.993,500.064,70.928,-43.669,0
1564,26.09273,driven,736.920,378.219,616.530,485.117,72.945,-48.397,0
1565,26.10942,driven,738.931,371.082,613.570,472.105,75.584,-51.136,0
1566,26.1261,driven,740.978,362.046,610.970,457.014,78.882,-53.853,0
1567,26.14278,driven,742.360,353.919,610.546,446.363,81.816,-54.957,0
1568,26.15947,driven,743.104,347.964,609.284,437.481,83.952,-56.220,0
1569,26.17615,driven,743.104,347.964,605.490,431.530,83.952,-58.732,0
1570,26.19283,driven,743.104,347.964,602.695,426.744,83.952,-60.704,0
1571,26.20952,driven,742.895,349.832,599.908,423.831,83.283,-62.637,0
1572,26.2262,driven,741.886,357.007,595.281,423.551,80.704,-65.587,0
1573,26.24288,driven,739.933,366.959,589.341,423.905,77.094,-69.286,0
1574,26.25957,driven,736.425,379.802,582.679,427.581,72.355,-72.736,0
1575,26.27625,driven,731.479,393.249,575.372,432.640,67.254,-75.838,0
1576,26.29293,driven,725.035,406.810,568.123,442.861,61.909,-77.061,0
1577,26.30962,driven,716.225,421.400,559.190,456.915,55.841,-77.256,0
1578,26.3263,driven,705.324,435.680,548.278,471.142,49.445,-77.276,0
1579,26.34298,driven,691.933,449.552,537.256,494.228,42.579,-73.890,0
1580,26.35967,driven,676.397,462.141,525.276,517.670,35.458,-69.824,0
1581,26.37635,driven,658.007,473.460,514.176,545.804,27.767,-63.299,0
1582,26.39303,driven,637.149,482.621,509.316,580.497,19.653,-52.560,0
1583,26.40972,driven,613.104,489.161,510.101,612.900,10.777,-39.774,0
1584,26.4264,driven,582.086,491.997,512.827,637.339,-0.325,-25.479,0
1585,26.44308,driven,548.669,488.297,530.031,648.215,-12.312,-6.648,0
1586,26.45977,driven,521.396,479.748,550.255,638.140,-22.497,10.326,0
1587,26.47645,driven,502.827,470.619,568.187,617.755,-29.866,23.951,0
1588,26.49313,driven,488.771,461.544,573.530,598.427,-35.822,31.766,0
1589,26.50982,driven,477.439,452.564,578.219,578.121,-40.970,38.753,0
1590,26.5265,driven,468.196,443.877,588.178,551.233,-45.485,48.179,0
1591,26.54318,driven,460.089,434.990,584.971,536.604,-49.767,50.866,0
1592,26.55987,driven,453.571,426.756,586.014,518.298,-53.505,55.348,0
1593,26.57655,driven,447.975,418.688,583.601,505.444,-57.000,57.394,0
1594,26.59323,driven,443.375,411.161,582.733,491.786,-60.139,59.949,0
1595,26.60992,driven,439.121,403.249,579.338,482.370,-63.337,60.565,0
1596,26.6266,driven,434.562,393.348,570.687,479.320,-67.216,57.725,0
1597,26.64328,driven,430.638,383.028,564.372,472.674,-71.146,56.165,0
1598,26.65997,driven,428.147,375.064,556.866,471.771,-74.116,53.082,0
1599,26.67665,driven,426.366,368.239,550.111,471.235,-76.626,50.229,0
1600,26.69333,driven,426.339,368.125,547.646,473.982,-76.668,48.891,0
1601,26.71002,driven,426.339,368.125,541.877,480.249,-76.668,45.859,0
1602,26.7267,driven,426.339,368.125,535.460,486.504,-76.668,42.670,0
1603,26.74338,driven,428.030,374.651,532.799,496.899,-74.269,40.597,0
1604,26.76007,driven,430.937,383.895,529.620,511.106,-70.820,37.802,0
1605,26.77675,driven,435.340,395.167,528.902,526.190,-66.512,35.530,0
1606,26.79343,driven,441.546,407.888,525.573,545.222,-61.473,31.460,0
1607,26.81012,driven,450.546,422.526,515.704,569.751,-55.356,23.873,0
1608,26.8268,driven,462.513,437.789,514.366,590.211,-48.449,18.788,0
1609,26.84348,driven,479.061,453.954,497.018,613.949,-40.210,6.404,0
1610,26.86017,driven,501.750,469.994,481.906,629.767,-30.309,-7.080,0
1611,26.87685,driven,530.065,483.049,464.288,629.999,-19.195,-24.114,0
1612,26.89353,driven,558.736,490.161,466.989,622.462,-8.668,-34.740,0
1613,26.91022,driven,582.899,492.000,467.461,604.228,-0.036,-45.808,0
1614,26.9269,driven,603.571,490.680,473.581,585.674,7.341,-53.841,0
1615,26.94358,driven,621.916,487.226,483.707,569.804,13.988,-59.142,0
1616,26.96027,driven,638.516,482.126,497.408,559.648,20.171,-61.216,0
1617,26.97695,driven,654.072,475.464,510.905,549.113,26.196,-62.777,0
1618,26.99363,driven,669.191,466.985,527.478,543.393,32.368,-61.668,0
1619,27.01032,driven,682.682,457.430,545.252,541.300,38.253,-58.605,0
1620,27.027,driven,694.637,447.009,564.036,541.159,43.900,-54.212,0
1621,27.04368,driven,704.993,436.065,583.873,542.135,49.264,-48.790,0
1622,27.06037,driven,713.724,424.981,608.005,546.408,54.287,-41.044,0
1623,27.07705,driven,719.758,415.960,630.967,550.263,58.150,-33.470,0
1624,27.09373,driven,724.951,406.967,655.756,552.339,61.846,-25.454,0
1625,27.11042,driven,727.757,401.473,688.606,557.641,64.041,-14.074,0
1626,27.1271,driven,729.758,397.204,715.600,557.580,65.719,-5.045,0
1627,27.14378,driven,730.642,395.210,744.366,555.624,66.496,4.890,0
1628,27.16047,driven,730.642,395.210,776.649,549.496,66.496,16.604,0
1629,27.17715,driven,730.642,395.210,807.419,536.724,66.496,28.481,0
1630,27.19383,driven,730.104,396.433,835.270,518.339,66.020,40.784,0
1631,27.21052,driven,725.818,405.324,857.692,497.683,62.507,54.994,0
1632,27.2272,driven,720.043,415.499,870.614,472.503,58.343,69.264,0
1633,27.24388,driven,713.163,425.756,873.184,443.486,53.946,83.677,0
1634,27.26057,driven,705.258,435.757,865.321,418.412,49.408,96.185,0
1635,27.27725,driven,697.826,443.854,851.691,396.458,45.496,107.121,0
1636,27.29393,driven,688.668,452.471,832.137,379.413,41.020,116.986,0
1637,27.31062,driven,679.329,460.003,810.446,366.572,36.749,125.473,0
1638,27.3273,driven,668.004,467.731,789.281,361.839,31.869,131.126,0
1639,27.34398,driven,654.494,475.255,768.681,361.755,26.363,134.827,0
1640,27.36067,driven,639.203,481.871,746.604,361.929,20.432,138.158,0
1641,27.37735,driven,621.336,487.369,725.945,364.985,13.775,139.478,0
1642,27.39403,driven,602.941,490.760,707.850,368.633,7.115,139.337,0
1643,27.41072,driven,582.751,492.000,692.348,374.061,-0.089,137.100,0
1644,27.4274,driven,562.229,490.655,679.782,380.644,-7.412,133.102,0
1645,27.44408,driven,540.389,486.259,667.438,387.367,-15.347,127.896,0
1646,27.46077,driven,520.708,479.461,659.984,398.694,-22.762,120.110,0
1647,27.47745,driven,501.768,470.005,651.742,411.449,-30.301,111.328,0
1648,27.49413,driven,485.010,458.746,643.757,431.906,-37.491,99.597,0
1649,27.51082,driven,470.920,446.582,631.729,454.432,-44.119,87.205,0
1650,27.5275,driven,458.668,433.286,613.560,477.210,-50.556,74.168,0
1651,27.54418,driven,450.150,421.950,589.441,502.690,-55.604,59.901,0
1652,27.56087,driven,444.992,413.915,558.039,528.551,-59.003,44.600,0
1653,27.57755,driven,443.301,411.032,523.416,550.684,-60.192,29.842,0
1654,27.59423,driven,443.301,411.032,487.245,565.919,-60.192,15.840,0
1655,27.61092,driven,443.301,411.032,435.610,571.849,-60.192,-2.738,0
1656,27.6276,driven,447.851,418.498,388.427,568.130,-57.080,-21.660,0
1657,27.64428,driven,454.355,427.806,348.768,549.348,-53.038,-40.982,0
1658,27.66097,driven,460.891,435.930,320.809,515.290,-49.327,-60.467,0
1659,27.67765,driven,464.139,439.595,308.264,479.897,-47.584,-75.503,0
1660,27.69433,driven,466.656,442.288,305.656,441.987,-46.272,-90.107,0
1661,27.71102,driven,468.595,444.280,310.278,415.008,-45.283,-100.475,0
1662,27.7277,driven,470.936,446.597,320.380,389.557,-44.111,-110.750,0
1663,27.74438,driven,473.636,449.155,335.182,366.987,-42.787,-120.688,0
1664,27.76107,driven,477.265,452.413,350.839,352.726,-41.052,-128.256,0
1665,27.77775,driven,482.455,456.744,370.666,340.882,-38.646,-136.025,0
1666,27.79443,driven,488.160,461.102,392.545,331.569,-36.091,-143.567,0
1667,27.81112,driven,496.548,466.820,409.457,331.409,-32.477,-147.252,0
1668,27.8278,driven,506.845,472.850,431.943,330.334,-28.230,-152.275,0
1669,27.84448,driven,519.439,478.922,450.885,333.247,-23.253,-154.798,0
1670,27.86117,driven,534.205,484.428,466.871,338.185,-17.642,-155.277,0
1671,27.87785,driven,551.633,488.915,481.910,343.795,-11.235,-154.338,0
1672,27.89453,driven,570.183,491.489,495.190,349.021,-4.566,-152.238,0
1673,27.91122,driven,590.346,491.832,506.150,354.602,2.615,-148.469,0
1674,27.9279,driven,611.150,489.520,515.073,360.330,10.070,-143.362,0
1675,27.94458,driven,632.048,484.347,521.655,367.154,17.737,-136.711,0
1676,27.96127,driven,651.497,476.702,525.812,376.083,25.179,-128.679,0
1677,27.97795,driven,669.824,466.583,529.255,388.088,32.634,-119.179,0
1678,27.99463,driven,686.651,454.197,534.214,402.391,40.075,-108.770,0
1679,28.01132,driven,701.001,440.530,540.812,424.391,47.132,-95.753,0
1680,28.028,driven,712.225,427.031,552.316,445.745,53.383,-83.325,0
1681,28.04468,driven,720.687,414.446,570.247,471.793,58.782,-69.133,0
1682,28.06137,driven,726.445,404.107,594.758,496.733,62.994,-54.878,0
1683,28.07805,driven,729.687,397.363,628.186,522.338,65.657,-39.082,0
1684,28.09473,driven,732.146,391.634,664.033,537.516,67.876,-25.028,0
1685,28.11142,driven,733.857,387.242,707.548,546.077,69.554,-9.405,0
1686,28.1281,driven,734.265,386.137,752.824,546.063,69.973,6.620,0
1687,28.14478,driven,734.265,386.137,797.867,534.041,69.973,23.269,0
1688,28.16147,driven,734.265,386.137,837.048,510.058,69.973,39.673,0
1689,28.17815,driven,733.204,388.962,866.031,479.947,68.899,55.589,0
1690,28.19483,driven,730.717,395.038,884.479,442.767,66.562,72.755,0
1691,28.21152,driven,726.963,403.080,887.933,399.941,63.404,91.117,0
1692,28.2282,driven,723.824,409.036,877.844,362.143,61.007,106.934,0
1693,28.24488,driven,720.255,415.155,858.900,333.311,58.486,120.554,0
1694,28.26157,driven,717.340,419.734,835.249,310.104,56.555,132.916,0
1695,28.27825,driven,713.883,424.759,806.264,292.900,54.384,144.985,0
1696,28.29493,driven,709.769,430.250,774.878,283.003,51.942,156.146,0
1697,28.31162,driven,704.407,436.742,743.968,280.678,48.945,165.775,0
1698,28.3283,driven,697.526,444.158,709.493,283.604,45.344,175.737,0
1699,28.34498,driven,688.896,452.272,675.277,291.849,41.128,-175.147,0
1700,28.36167,driven,677.317,461.481,646.951,303.371,35.861,-169.128,0
1701,28.37835,driven,664.273,469.981,615.329,316.601,30.318,-162.302,0
1702,28.39503,driven,649.071,477.818,583.602,330.731,24.229,-156.006,0
1703,28.41172,driven,633.295,483.942,550.773,345.699,18.203,-149.166,0
1704,28.4284,driven,615.755,488.633,516.686,361.722,11.739,-142.024,0
1705,28.44508,driven,597.351,491.359,481.147,379.925,5.114,-133.799,0
1706,28.46177,driven,578.376,491.934,445.099,401.610,-1.646,-124.126,0
1707,28.47845,driven,559.568,490.286,411.421,427.249,-8.369,-113.050,0
1708,28.49513,driven,538.578,485.750,379.961,458.150,-16.017,-99.871,0
1709,28.51182,driven,517.298,477.984,357.559,498.094,-24.085,-82.825,0
1710,28.5285,driven,492.950,464.462,356.329,549.642,-34.009,-58.057,0
1711,28.54518,driven,468.390,444.074,371.520,572.671,-45.387,-36.990,0
1712,28.56187,driven,451.463,423.839,407.955,578.849,-54.785,-15.678,0
1713,28.57855,driven,441.909,408.553,460.741,568.448,-61.204,6.717,0
1714,28.59523,driven,436.090,396.866,488.457,549.112,-65.851,18.981,0
1715,28.61192,driven,433.586,390.970,521.357,525.941,-68.131,33.036,0
1716,28.6286,driven,433.123,389.805,551.092,499.369,-68.577,47.115,0
1717,28.64528,driven,433.123,389.805,572.780,469.911,-68.577,60.162,0
1718,28.66197,driven,433.123,389.805,585.487,441.828,-68.577,71.148,0
1719,28.67865,driven,433.442,390.610,593.223,410.384,-68.269,82.945,0
1720,28.69533,driven,434.425,393.020,595.019,381.597,-67.343,94.069,0
1721,28.71202,driven,436.823,398.478,591.948,355.384,-65.221,105.525,0
1722,28.7287,driven,440.268,405.489,583.754,332.464,-62.441,116.973,0
1723,28.74538,driven,445.722,415.117,569.859,312.594,-58.502,129.553,0
1724,28.76207,driven,453.061,426.063,550.616,297.985,-53.811,142.704,0
1725,28.77875,driven,462.331,437.583,533.857,293.343,-48.547,153.624,0
1726,28.79543,driven,473.549,449.074,506.548,291.492,-42.830,168.173,0
1727,28.81212,driven,486.545,459.909,476.915,299.197,-36.805,-176.571,0
1728,28.8288,driven,499.902,468.897,450.620,315.625,-31.074,-162.176,0
1729,28.84548,driven,512.666,475.824,427.270,339.338,-25.904,-147.967,0
1730,28.86217,driven,524.975,481.180,402.139,377.102,-21.125,-130.274,0
1731,28.87885,driven,534.108,484.397,387.143,418.653,-17.679,-114.101,0
1732,28.89553,driven,540.783,486.366,380.200,474.790,-15.202,-94.123,0
1733,28.91222,driven,540.783,486.366,388.019,537.201,-15.202,-71.594,0
1734,28.9289,driven,540.783,486.366,420.873,593.802,-15.202,-48.141,0
1735,28.94558,driven,536.582,485.164,473.436,633.263,-16.757,-23.092,0
1736,28.96227,driven,536.582,485.164,536.428,646.164,-16.757,-0.055,0
1737,28.97895,driven,536.582,485.164,593.274,635.852,-16.757,20.617,0
1738,28.99563,driven,549.561,488.489,641.116,620.923,-11.987,34.657,0
1739,29.01232,driven,566.819,491.185,682.288,603.381,-5.768,45.824,0
1740,29.029,driven,586.996,491.950,719.294,583.702,1.422,55.258,0
1741,29.04568,driven,608.892,489.904,751.071,565.443,9.255,62.019,0
1742,29.06237,driven,629.807,485.046,778.259,547.358,16.901,67.230,0
1743,29.07905,driven,650.228,477.292,801.909,531.271,24.681,70.411,0
1744,29.09573,driven,668.976,467.122,821.907,517.450,32.277,71.784,0
1745,29.11242,driven,685.508,455.150,838.359,505.720,39.546,71.694,0
1746,29.1291,driven,700.358,441.219,851.172,497.576,46.797,69.510,0
1747,29.14578,driven,713.403,425.425,860.550,490.760,54.092,66.058,0
1748,29.16247,driven,723.388,409.817,865.095,486.238,60.689,61.662,0
1749,29.17915,driven,731.132,394.071,865.645,482.542,66.937,56.667,0
1750,29.19583,driven,736.516,379.516,865.165,476.317,72.462,53.041,0
1751,29.21252,driven,739.640,368.214,863.889,470.602,76.636,50.510,0
1752,29.2292,driven,741.195,360.922,863.110,466.077,79.289,49.221,0
1753,29.24588,driven,741.195,360.922,865.091,463.736,79.289,50.312,0
1754,29.26257,driven,741.195,360.922,866.233,462.344,79.289,50.953,0
1755,29.27925,driven,740.335,365.156,868.392,462.739,77.752,52.692,0
1756,29.29593,driven,738.384,373.151,871.087,464.316,74.823,55.511,0
1757,29.31262,driven,735.152,383.639,871.616,469.070,70.916,57.952,0
1758,29.3293,driven,730.338,395.904,871.974,472.455,66.226,61.610,0
1759,29.34598,driven,723.896,408.906,870.532,475.381,61.060,65.613,0
1760,29.36267,driven,714.708,423.596,865.410,480.253,54.891,69.396,0
1761,29.37935,driven,703.463,437.816,856.489,487.856,48.436,71.892,0
1762,29.39603,driven,690.887,450.505,845.070,496.859,42.075,73.267,0
1763,29.41272,driven,675.915,462.483,829.770,509.912,35.248,72.867,0
1764,29.4294,driven,659.638,472.590,812.216,523.978,28.425,71.387,0
1765,29.44608,driven,641.665,480.931,790.603,542.074,21.369,67.681,0
1766,29.46277,driven,622.999,486.952,765.440,561.996,14.385,62.218,0
1767,29.47945,driven,604.716,490.529,736.520,582.988,7.752,54.950,0
1768,29.49613,driven,587.678,491.932,701.160,606.137,1.665,44.818,0
1769,29.51282,driven,572.316,491.645,660.514,626.337,-3.805,33.217,0
1770,29.5295,driven,560.037,490.354,613.349,642.271,-8.200,19.337,0
1771,29.54618,driven,550.198,488.623,562.685,649.138,-11.756,4.448,0
1772,29.56287,driven,542.284,486.767,508.031,644.081,-14.649,-12.284,0
1773,29.57955,driven,535.033,484.689,458.630,626.405,-17.333,-28.330,0
1774,29.59623,driven,525.025,481.200,415.750,599.436,-21.106,-42.745,0
1775,29.61292,driven,513.446,476.201,382.179,569.422,-25.595,-54.619,0
1776,29.6296,driven,500.035,468.977,353.981,536.723,-31.018,-65.116,0
1777,29.64628,driven,486.442,459.832,332.661,507.501,-36.851,-72.778,0
1778,29.66297,driven,474.368,449.828,315.894,478.235,-42.433,-79.838,0
1779,29.67965,driven,463.321,438.693,302.670,449.296,-48.018,-86.224,0
1780,29.69633,driven,453.728,426.967,292.735,425.416,-53.411,-90.552,0
1781,29.71302,driven,446.044,415.640,285.523,403.224,-58.284,-94.423,0
1782,29.7297,driven,440.794,406.488,281.793,381.192,-62.039,-99.040,0
1783,29.74638,driven,437.444,399.808,279.956,366.368,-64.699,-101.988,0
1784,29.76307,driven,437.444,399.808,283.892,351.407,-64.699,-107.495,0
1785,29.77975,driven,437.444,399.808,288.752,338.071,-64.699,-112.548,0
1786,29.79643,driven,437.948,400.864,294.564,327.639,-64.282,-117.053,0
1787,29.81312,driven,441.340,407.508,305.548,321.013,-61.627,-122.496,0
1788,29.8298,driven,445.982,415.540,317.641,318.330,-58.326,-127.141,0
1789,29.84648,driven,451.844,424.375,332.153,316.695,-54.551,-131.976,0
1790,29.86317,driven,459.761,434.601,346.950,319.734,-49.948,-135.517,0
1791,29.87985,driven,469.531,445.218,362.078,325.322,-44.812,-138.133,0
1792,29.89653,driven,482.243,456.575,376.073,335.541,-38.743,-138.743,0
1793,29.91322,driven,496.037,466.493,380.196,354.680,-32.694,-133.987,0
1794,29.9299,driven,512.444,475.716,391.086,369.918,-25.992,-131.081,0
1795,29.94658,driven,530.904,483.338,399.464,390.361,-18.880,-125.275,0
1796,29.96327,driven,550.533,488.692,407.876,414.060,-11.634,-117.617,0
1797,29.97995,driven,569.890,491.465,416.287,443.225,-4.671,-107.435,0
1798,29.99663,driven,590.845,491.809,430.434,478.051,2.793,-94.902,0
1799,30.01332,driven,608.983,489.890,450.344,517.361,9.287,-80.176,0
1800,30.03,driven,624.594,486.534,480.501,558.355,14.972,-63.507,0
1801,30.04668,driven,636.983,482.680,523.150,596.536,19.591,-44.994,0
1802,30.06337,driven,646.163,479.093,578.758,625.304,23.099,-24.750,0
1803,30.08005,driven,651.205,476.839,642.597,637.609,25.064,-3.065,0
1804,30.09673,driven,652.982,475.995,708.562,627.097,25.764,20.195,0
1805,30.11342,driven,654.710,475.148,762.792,594.476,26.449,42.169,0
1806,30.1301,driven,661.033,471.825,802.811,548.114,28.991,61.716,0
1807,30.14678,driven,669.185,466.989,826.903,499.334,32.365,78.411,0
1808,30.16347,driven,679.014,460.237,839.769,451.365,36.610,93.159,0
1809,30.18015,driven,690.080,451.228,844.327,405.086,41.690,106.654,0
1810,30.19683,driven,701.323,440.182,844.589,366.725,47.301,117.146,0
1811,30.21352,driven,711.413,428.114,841.152,332.779,52.901,126.309,0
1812,30.2302,driven,719.197,416.856,834.131,304.112,57.773,134.449,0
1813,30.24688,driven,724.794,407.260,823.923,280.396,61.728,141.997,0
1814,30.26357,driven,728.879,399.121,813.121,261.919,64.969,148.450,0
1815,30.28025,driven,731.327,393.611,801.454,248.686,67.115,154.178,0
1816,30.29693,driven,731.327,393.611,783.661,241.354,67.115,161.031,0
1817,30.31362,driven,731.327,393.611,770.170,237.366,67.115,166.039,0
1818,30.3303,driven,729.679,397.380,752.836,238.054,65.651,171.730,0
1819,30.34698,driven,726.163,404.657,738.659,244.143,62.774,175.549,0
1820,30.36367,driven,721.828,412.535,726.943,251.616,59.574,178.179,0
1821,30.38035,driven,715.830,421.979,712.616,261.011,55.592,-178.856,0
1822,30.39703,driven,707.812,432.701,698.697,271.959,50.826,-176.755,0
1823,30.41372,driven,696.662,445.026,686.906,284.322,44.908,-176.526,0
1824,30.4304,driven,682.865,457.285,675.661,296.446,38.337,-177.435,0
1825,30.44708,driven,664.572,469.805,665.638,308.809,30.442,179.621,0
1826,30.46377,driven,644.122,479.947,657.591,319.511,22.311,175.201,0
1827,30.48045,driven,621.182,487.407,650.566,329.111,13.719,169.484,0
1828,30.49713,driven,598.556,491.247,644.625,336.979,5.545,163.373,0
1829,30.51382,driven,573.806,491.737,639.422,344.715,-3.274,155.949,0
1830,30.5305,driven,550.246,488.633,636.251,352.530,-11.738,147.711,0
1831,30.54718,driven,526.865,481.897,634.317,362.001,-20.406,138.133,0
1832,30.56387,driven,506.510,472.670,633.313,373.462,-28.365,128.039,0
1833,30.58055,driven,489.307,461.929,631.618,386.641,-35.588,117.880,0
1834,30.59723,driven,473.967,449.460,628.791,405.296,-42.627,105.921,0
1835,30.61392,driven,461.214,436.305,622.027,428.541,-49.151,92.764,0
1836,30.6306,driven,450.090,421.862,608.739,449.275,-55.642,80.197,0
1837,30.64728,driven,441.752,408.265,585.020,481.716,-61.321,62.857,0
1838,30.66397,driven,436.140,396.979,553.559,507.133,-65.807,46.829,0
1839,30.68065,driven,432.667,388.628,514.502,527.279,-69.026,30.550,0
1840,30.69733,driven,432.667,388.628,469.797,545.288,-69.026,13.334,0
1841,30.71402,driven,432.667,388.628,417.598,548.922,-69.026,-5.371,0
1842,30.7307,driven,435.937,396.525,364.834,540.973,-65.984,-26.208,0
1843,30.74738,driven,442.550,409.707,325.196,519.930,-60.734,-46.795,0
1844,30.76407,driven,451.289,423.592,301.707,483.141,-54.893,-68.292,0
1845,30.78075,driven,460.099,435.002,299.103,433.952,-49.761,-90.374,0
1846,30.79743,driven,467.813,443.486,313.715,396.853,-45.680,-106.837,0
1847,30.81412,driven,474.321,449.785,336.716,366.202,-42.456,-121.275,0
1848,30.8308,driven,480.057,454.789,364.438,342.748,-39.747,-134.100,0
1849,30.84748,driven,486.400,459.800,398.098,325.176,-36.870,-146.739,0
1850,30.86417,driven,492.957,464.466,429.699,316.413,-34.006,-156.865,0
1851,30.88085,driven,500.645,469.343,468.424,311.600,-30.765,-168.455,0
1852,30.89753,driven,508.909,473.939,504.264,313.006,-27.400,-178.347,0
1853,30.91422,driven,520.001,479.163,539.187,319.310,-23.035,173.156,0
1854,30.9309,driven,533.489,484.198,573.402,328.224,-17.910,165.646,0
1855,30.94758,driven,548.135,488.180,606.625,338.180,-12.506,158.698,0
1856,30.96427,driven,565.273,491.021,641.880,349.415,-6.321,151.587,0
1857,30.98095,driven,583.510,491.999,678.779,362.211,0.181,143.720,0
1858,30.99763,driven,600.097,491.090,715.169,378.486,6.096,134.379,0
1859,31.01432,driven,617.254,488.314,751.124,398.871,12.284,123.748,0
1860,31.031,driven,636.411,482.882,786.484,424.581,19.375,111.231,0
1861,31.04768,driven,655.798,474.602,815.549,454.584,26.882,97.142,0
1862,31.06437,driven,677.008,461.704,834.124,496.854,35.725,77.390,0
1863,31.08105,driven,698.536,443.127,826.234,541.180,45.858,52.481,0
1864,31.09773,driven,716.975,420.285,802.099,556.941,56.319,31.919,0
1865,31.11442,driven,726.887,403.232,763.548,560.003,63.343,13.162,0
1866,31.1311,driven,732.346,391.139,720.637,551.712,68.066,-4.171,0
1867,31.14778,driven,735.775,381.801,682.031,533.566,71.607,-19.501,0
1868,31.16447,driven,737.791,375.280,650.913,510.828,74.036,-32.658,0
1869,31.18115,driven,739.349,369.419,622.633,480.317,76.195,-46.464,0
1870,31.19783,driven,739.349,369.419,599.275,448.793,76.195,-60.462,0
1871,31.21452,driven,739.349,369.419,584.135,412.194,76.195,-74.593,0
1872,31.2312,driven,739.121,370.335,578.208,375.642,75.858,-88.111,0
1873,31.24788,driven,736.901,378.282,580.647,339.476,72.922,-103.947,0
1874,31.26457,driven,733.237,388.877,591.840,311.885,68.931,-118.569,0
1875,31.28125,driven,728.772,399.349,611.557,288.978,64.879,-133.277,0
1876,31.29793,driven,723.651,409.347,637.294,273.467,60.881,-147.562,0
1877,31.31462,driven,717.749,419.112,663.618,267.485,56.819,-160.354,0
1878,31.3313,driven,711.485,428.018,697.451,267.631,52.944,-174.999,0
1879,31.34798,driven,703.968,437.243,733.152,278.910,48.708,169.556,0
1880,31.36467,driven,696.486,445.201,766.705,300.321,44.820,154.142,0
1881,31.38135,driven,689.832,451.449,799.310,333.400,41.572,137.157,0
1882,31.39803,driven,683.524,456.762,821.110,373.150,38.636,121.287,0
1883,31.41472,driven,680.173,459.368,837.153,423.616,37.125,102.830,0
1884,31.4314,driven,680.173,459.368,837.698,492.636,37.125,78.075,0
1885,31.44808,driven,679.356,459.983,813.107,549.603,36.761,56.176,0
1886,31.46477,driven,678.523,460.601,764.270,596.867,36.392,32.180,0
1887,31.48145,driven,678.523,460.601,706.208,619.202,36.392,9.901,0
1888,31.49813,driven,668.301,467.546,648.352,627.305,31.993,-7.118,0
1889,31.51482,driven,653.194,475.892,596.050,626.410,25.848,-20.789,0
1890,31.5315,driven,632.287,484.270,549.781,622.523,17.826,-30.828,0
1891,31.54818,driven,609.168,489.859,506.439,613.826,9.354,-39.648,0
1892,31.56487,driven,582.580,491.999,468.671,605.779,-0.150,-45.032,0
1893,31.58155,driven,557.869,490.026,434.740,593.758,-8.980,-49.887,0
1894,31.59823,driven,533.085,484.067,406.020,582.938,-18.061,-52.113,0
1895,31.61492,driven,510.153,474.577,382.732,572.989,-26.902,-52.320,0
1896,31.6316,driven,489.735,462.235,362.912,561.417,-35.400,-51.973,0
1897,31.64828,driven,471.474,447.116,348.575,551.120,-43.845,-49.760,0
1898,31.66497,driven,456.906,431.107,338.152,539.819,-51.554,-47.528,0
1899,31.68165,driven,446.007,415.581,330.095,527.319,-58.308,-46.051,0
1900,31.69833,driven,437.597,400.131,320.966,511.118,-64.571,-46.421,0
1901,31.71502,driven,431.735,386.134,317.853,499.941,-69.974,-45.019,0
1902,31.7317,driven,427.999,374.538,310.917,485.050,-74.311,-46.653,0
1903,31.74838,driven,425.743,365.513,305.829,472.945,-77.622,-48.142,0
1904,31.76507,driven,425.743,365.513,297.336,462.635,-77.622,-52.897,0
1905,31.78175,driven,425.743,365.513,288.988,450.479,-77.622,-58.147,0
1906,31.79843,driven,425.799,365.770,282.866,439.872,-77.528,-62.596,0
1907,31.81512,driven,427.936,374.316,277.040,430.452,-74.393,-69.594,0
1908,31.8318,driven,431.404,385.219,274.225,420.086,-70.320,-77.493,0
1909,31.84848,driven,436.205,397.123,275.875,411.799,-65.751,-84.770,0
1910,31.86517,driven,442.906,410.339,282.049,403.551,-60.476,-92.416,0
1911,31.88185,driven,451.514,423.911,292.119,401.232,-54.754,-98.098,0
1912,31.89853,driven,462.176,437.407,305.315,401.138,-48.630,-103.019,0
1913,31.91522,driven,475.102,450.495,321.800,401.309,-42.080,-107.789,0
1914,31.9319,driven,489.436,462.022,336.106,412.920,-35.531,-107.757,0
1915,31.94858,driven,506.276,472.543,352.634,424.426,-28.460,-107.389,0
1916,31.96527,driven,524.693,481.071,368.157,443.421,-21.233,-103.524,0
1917,31.98195,driven,544.241,487.265,384.494,467.219,-13.930,-97.152,0
1918,31.99863,driven,564.651,490.951,403.675,493.708,-6.544,-89.019,0
1919,32.01532,driven,584.395,491.994,426.497,523.443,0.497,-78.736,0
1920,32.032,driven,603.427,490.699,456.205,555.866,7.289,-66.124,0
1921,32.04868,driven,618.446,488.050,493.140,589.140,12.719,-51.105,0
1922,32.06537,driven,629.010,485.286,538.414,618.377,16.605,-34.243,0
1923,32.08205,driven,634.940,483.392,590.380,638.103,18.821,-16.067,0
1924,32.09873,driven,635.447,483.218,656.876,642.786,19.011,7.649,0
1925,32.11542,driven,635.819,483.089,712.372,624.725,19.151,28.391,0
1926,32.1321,driven,642.085,480.766,755.701,594.838,21.530,44.886,0
1927,32.14878,driven,652.979,475.996,790.563,559.613,25.763,58.711,0
1928,32.16547,driven,665.949,468.987,817.998,521.920,31.011,70.805,0
1929,32.18215,driven,678.811,460.388,837.831,485.561,36.520,81.005,0
1930,32.19883,driven,690.935,450.461,851.907,453.499,42.098,88.919,0
1931,32.21552,driven,702.723,438.645,862.603,419.693,48.041,96.760,0
1932,32.2322,driven,711.513,427.981,868.687,393.087,52.960,102.517,0
1933,32.24888,driven,718.988,417.187,873.211,370.965,57.634,106.684,0
1934,32.26557,driven,723.956,408.796,873.548,349.269,61.105,111.699,0
1935,32.28225,driven,726.664,403.674,871.179,332.706,63.167,116.155,0
1936,32.29893,driven,726.664,403.674,864.361,320.244,63.167,121.212,0
1937,32.31562,driven,726.664,403.674,857.276,309.538,63.167,125.782,0
1938,32.3323,driven,726.418,404.160,847.614,298.176,62.973,131.169,0
1939,32.34898,driven,723.948,408.811,838.229,295.405,61.099,134.780,0
1940,32.36567,driven,719.395,416.541,827.003,296.785,57.906,138.058,0
1941,32.38235,driven,713.877,424.767,815.590,299.965,54.380,140.820,0
1942,32.39903,driven,706.460,434.337,800.917,303.958,50.070,144.077,0
1943,32.41572,driven,696.903,444.785,788.152,312.141,45.030,145.475,0
1944,32.4324,driven,685.637,455.043,779.240,324.048,39.606,144.452,0
1945,32.44908,driven,671.632,465.408,769.652,337.685,33.402,142.496,0
1946,32.46577,driven,654.192,475.404,762.793,356.548,26.244,137.582,0
1947,32.48245,driven,636.759,482.760,757.400,376.145,19.506,131.468,0
1948,32.49913,driven,616.133,488.554,750.676,400.129,11.876,123.314,0
1949,32.51582,driven,596.167,491.461,744.186,428.125,4.691,113.166,0
1950,32.5325,driven,577.259,491.898,735.343,461.393,-2.044,100.922,0
1951,32.54918,driven,561.055,490.497,721.822,499.164,-7.834,86.914,0
1952,32.56587,driven,546.737,487.863,698.540,541.499,-13.017,70.540,0
1953,32.58255,driven,536.680,485.193,666.439,580.501,-16.720,53.703,0
1954,32.59923,driven,531.167,483.428,621.834,616.471,-18.781,34.274,0
1955,32.61592,driven,528.572,482.521,570.364,638.002,-19.759,15.045,0
1956,32.6326,driven,528.489,482.491,497.959,640.570,-19.790,-10.931,0
1957,32.64928,driven,527.228,482.031,444.070,619.893,-20.268,-31.098,0
1958,32.66597,driven,522.439,480.176,399.252,583.838,-22.096,-49.920,0
1959,32.68265,driven,515.104,476.983,368.348,543.193,-24.943,-65.717,0
1960,32.69933,driven,505.377,472.052,346.297,496.842,-28.824,-81.143,0
1961,32.71602,driven,494.608,465.566,333.811,457.494,-33.300,-92.874,0
1962,32.7327,driven,483.754,457.772,327.223,420.102,-38.056,-103.531,0
1963,32.74938,driven,474.144,449.623,328.182,381.683,-42.541,-114.960,0
1964,32.76607,driven,465.957,441.552,327.996,358.559,-46.634,-121.030,0
1965,32.78275,driven,459.467,434.250,335.822,331.134,-50.111,-129.827,0
1966,32.79943,driven,455.123,428.818,344.214,312.112,-52.586,-136.459,0
1967,32.81612,driven,455.123,428.818,356.886,301.262,-52.586,-142.399,0
1968,32.8328,driven,455.123,428.818,368.495,293.110,-52.586,-147.449,0
1969,32.84948,driven,455.981,429.930,383.166,286.336,-52.087,-153.111,0
1970,32.86617,driven,459.733,434.568,396.948,286.315,-49.963,-157.047,0
1971,32.88285,driven,465.323,440.878,406.713,290.925,-46.963,-158.652,0
1972,32.89953,driven,472.809,448.384,422.496,295.447,-43.190,-161.790,0
1973,32.91622,driven,482.798,457.018,438.619,302.198,-38.490,-164.074,0
1974,32.9329,driven,495.272,465.999,439.852,314.838,-33.018,-159.866,0
1975,32.94958,driven,511.001,475.004,454.248,324.339,-26.564,-159.359,0
1976,32.96627,driven,527.666,482.193,458.756,336.685,-20.102,-154.658,0
1977,32.98295,driven,546.988,487.921,460.991,351.812,-12.925,-147.715,0
1978,32.99963,driven,567.859,491.286,463.461,368.722,-5.396,-139.576,0
1979,33.01632,driven,588.818,491.895,465.823,388.004,2.071,-130.187,0
1980,33.033,driven,610.372,489.656,469.188,412.273,9.788,-118.727,0
1981,33.04968,driven,630.554,484.817,475.227,442.454,17.179,-105.255,0
1982,33.06637,driven,647.626,478.460,486.633,476.947,23.666,-90.538,0
1983,33.08305,driven,663.213,470.595,509.049,517.010,29.882,-73.244,0
1984,33.09973,driven,674.830,463.243,543.445,556.297,34.776,-54.692,0
1985,33.11642,driven,682.458,457.606,587.517,587.633,38.152,-36.136,0
1986,33.1331,driven,686.670,454.181,643.172,609.194,40.084,-15.674,0
1987,33.14978,driven,686.673,454.178,711.091,613.316,40.086,8.724,0
1988,33.16647,driven,686.740,454.122,767.057,593.658,40.117,29.925,0
1989,33.18315,driven,687.354,453.602,812.463,554.937,40.403,50.994,0
1990,33.19983,driven,690.084,451.225,840.856,507.694,41.691,69.468,0
1991,33.21652,driven,694.766,446.886,855.351,458.427,43.963,85.889,0
1992,33.2332,driven,699.908,441.696,858.068,411.588,46.563,100.778,0
1993,33.24988,driven,706.367,434.448,853.300,368.633,50.019,114.129,0
1994,33.26657,driven,711.665,427.780,841.935,333.172,53.050,125.989,0
1995,33.28325,driven,716.257,421.353,825.657,303.232,55.861,137.195,0
1996,33.29993,driven,720.074,415.450,807.023,279.948,58.363,147.313,0
1997,33.31662,driven,722.619,411.172,783.767,262.236,60.135,157.679,0
1998,33.3333,driven,722.619,411.172,761.146,254.850,60.135,166.155,0
1999,33.34998,driven,722.619,411.172,734.895,250.641,60.135,175.627,0
2000,33.36667,driven,720.389,414.936,712.230,254.143,58.578,-177.095,0
2001,33.38335,driven,716.326,421.251,689.419,262.515,55.905,-170.379,0
2002,33.40003,driven,711.558,427.922,667.999,272.927,52.987,-164.303,0
2003,33.41672,driven,705.062,435.985,645.464,286.422,49.301,-158.273,0
2004,33.4334,driven,696.566,445.121,624.516,301.143,44.860,-153.415,0
2005,33.45008,driven,685.393,455.244,601.359,317.915,39.493,-148.537,0
2006,33.46677,driven,672.559,464.791,578.399,334.197,33.798,-144.208,0
2007,33.48345,driven,657.658,473.644,553.794,350.626,27.627,-139.826,0
2008,33.50013,driven,640.198,481.497,526.423,367.584,20.810,-135.035,0
2009,33.51682,driven,622.233,487.147,497.121,385.815,14.104,-129.005,0
2010,33.5335,driven,603.267,490.719,465.997,406.588,7.232,-121.504,0
2011,33.55018,driven,583.669,491.999,434.542,431.318,0.238,-112.142,0
2012,33.56687,driven,564.002,490.875,405.839,460.782,-6.777,-100.773,0
2013,33.58355,driven,542.447,486.809,381.669,495.264,-14.589,-86.990,0
2014,33.60023,driven,518.952,478.712,369.453,538.470,-23.442,-68.212,0
2015,33.61692,driven,492.313,464.029,376.145,575.501,-34.283,-46.182,0
2016,33.6336,driven,468.398,444.082,395.881,587.825,-45.382,-26.771,0
2017,33.65028,driven,453.322,426.419,449.762,587.379,-53.654,-1.267,0
2018,33.66697,driven,444.018,412.271,479.084,569.405,-59.683,12.580,0
2019,33.68365,driven,439.007,403.021,508.758,548.127,-63.427,25.673,0
2020,33.70033,driven,435.382,395.265,533.649,522.798,-66.474,37.615,0
2021,33.71702,driven,432.772,388.900,554.306,494.496,-68.923,49.014,0
2022,33.7337,driven,431.597,385.755,571.024,466.262,-70.117,59.997,0
2023,33.75038,driven,431.597,385.755,584.982,434.686,-70.117,72.307,0
2024,33.76707,driven,431.597,385.755,591.649,403.198,-70.117,83.780,0
2025,33.78375,driven,434.574,393.376,594.228,372.600,-67.205,97.414,0
2026,33.80043,driven,439.616,404.225,589.444,345.297,-62.947,111.470,0
2027,33.81712,driven,446.372,416.169,578.519,324.201,-58.062,124.836,0
2028,33.8338,driven,455.463,429.261,560.035,306.845,-52.388,139.495,0
2029,33.85048,driven,467.026,442.674,539.232,298.774,-46.082,153.353,0
2030,33.86717,driven,480.107,454.831,513.164,297.261,-39.724,168.152,0
2031,33.88385,driven,494.663,465.601,480.969,305.185,-33.276,-175.121,0
2032,33.90053,driven,509.786,474.390,456.670,322.404,-27.049,-160.737,0
2033,33.91722,driven,523.539,480.618,428.497,350.664,-21.674,-143.820,0
2034,33.9339,driven,535.139,484.722,406.261,388.226,-17.294,-126.824,0
2035,33.95058,driven,543.960,487.195,391.384,435.798,-14.033,-108.617,0
2036,33.96727,driven,543.960,487.195,383.448,499.725,-14.033,-85.536,0
2037,33.98395,driven,543.960,487.195,401.092,561.423,-14.033,-62.545,0
2038,34.00063,driven,543.118,486.982,443.556,613.506,-14.342,-38.199,0
2039,34.01732,driven,542.015,486.696,499.857,642.078,-14.748,-15.180,0
2040,34.034,driven,542.015,486.696,568.308,645.535,-14.748,9.399,0
2041,34.05068,driven,542.015,486.696,617.797,628.746,-14.748,28.079,0
2042,34.06737,driven,555.689,489.667,664.473,608.356,-9.766,42.507,0
2043,34.08405,driven,574.145,491.756,701.517,590.232,-3.153,52.291,0
2044,34.10073,driven,594.452,491.592,735.282,569.617,4.079,61.012,0
2045,34.11742,driven,615.936,488.595,764.627,550.338,11.805,67.450,0
2046,34.1341,driven,637.123,482.630,790.056,532.955,19.644,71.785,0
2047,34.15078,driven,656.329,474.331,811.547,517.092,27.095,74.598,0
2048,34.16747,driven,674.551,463.437,830.406,503.810,34.655,75.477,0
2049,34.18415,driven,691.133,450.282,846.429,492.757,42.193,74.703,0
2050,34.20083,driven,704.559,436.567,857.554,486.703,49.027,71.856,0
2051,34.21752,driven,716.522,420.960,865.559,481.862,56.030,67.773,0
2052,34.2342,driven,726.452,404.093,868.661,479.575,63.000,62.041,0
2053,34.25088,driven,732.778,390.056,869.287,475.416,68.481,57.982,0
2054,34.26757,driven,736.948,378.127,868.217,471.345,72.979,54.620,0
2055,34.28425,driven,738.987,370.863,868.574,466.404,75.665,53.600,0
2056,34.30093,driven,738.987,370.863,869.735,464.809,75.665,54.301,0
2057,34.31762,driven,738.987,370.863,870.259,464.076,75.665,54.622,0
2058,34.3343,driven,737.938,374.764,871.854,464.136,74.227,56.282,0
2059,34.35098,driven,735.693,382.047,873.513,465.274,71.515,58.873,0
2060,34.36767,driven,733.020,389.439,873.641,467.839,68.717,60.859,0
2061,34.38435,driven,728.744,399.407,873.116,470.666,64.856,63.730,0
2062,34.40103,driven,722.493,411.392,870.329,475.153,60.044,66.670,0
2063,34.41772,driven,714.744,423.545,865.134,481.023,54.913,69.084,0
2064,34.4344,driven,704.027,437.177,856.430,489.084,48.740,71.192,0
2065,34.45108,driven,692.186,449.319,845.505,498.454,42.701,72.230,0
2066,34.46777,driven,678.281,460.779,831.385,510.580,36.285,71.982,0
2067,34.48445,driven,661.885,471.350,813.637,525.130,29.338,70.486,0
2068,34.50113,driven,644.918,479.617,792.289,544.445,22.618,66.256,0
2069,34.51782,driven,626.840,485.916,767.863,563.592,15.801,61.154,0
2070,34.5345,driven,608.892,489.904,739.328,584.284,9.255,54.111,0
2071,34.55118,driven,592.729,491.706,705.782,606.336,3.464,44.603,0
2072,34.56787,driven,577.532,491.907,666.696,625.962,-1.946,33.629,0
2073,34.58455,driven,565.308,491.025,620.328,642.332,-6.309,19.983,0
2074,34.60123,driven,554.572,489.470,569.840,649.745,-10.170,5.442,0
2075,34.61792,driven,545.596,487.595,517.986,646.210,-13.434,-9.875,0
2076,34.6346,driven,537.602,485.467,467.609,630.457,-16.378,-25.769,0
2077,34.65128,driven,527.027,481.957,426.631,607.820,-20.344,-38.578,0
2078,34.66797,driven,515.087,476.975,389.743,578.020,-24.950,-51.126,0
2079,34.68465,driven,501.714,469.973,360.965,548.144,-30.324,-60.952,0
2080,34.70133,driven,488.784,461.554,337.396,516.349,-35.816,-70.102,0
2081,34.71802,driven,476.477,451.722,319.792,488.747,-41.424,-76.705,0
2082,34.7347,driven,464.949,440.476,305.061,459.361,-47.158,-83.264,0
2083,34.75138,driven,454.983,428.635,294.385,440.001,-52.668,-85.952,0
2084,34.76807,driven,447.400,417.797,286.494,412.293,-57.377,-91.959,0
2085,34.78475,driven,442.334,409.321,281.976,394.959,-60.891,-95.118,0
2086,34.80143,driven,439.647,404.287,280.831,377.860,-62.922,-99.447,0
2087,34.81812,driven,439.647,404.287,284.768,360.318,-62.922,-105.849,0
2088,34.8348,driven,439.647,404.287,290.557,343.517,-62.922,-112.176,0
2089,34.85148,driven,442.792,410.138,299.704,336.335,-60.558,-117.284,0
2090,34.86817,driven,446.300,416.054,312.374,326.696,-58.110,-123.712,0
2091,34.88485,driven,451.716,424.196,326.375,323.148,-54.630,-128.875,0
2092,34.90153,driven,458.653,433.269,339.051,325.490,-50.564,-132.023,0
2093,34.91822,driven,467.251,442.907,357.661,324.962,-45.967,-137.103,0
2094,34.9349,driven,477.924,452.984,369.286,334.162,-40.741,-137.564,0
2095,34.95158,driven,491.120,463.208,382.942,343.966,-34.798,-137.785,0
2096,34.96827,driven,505.795,472.281,396.555,354.011,-28.655,-137.273,0
2097,34.98495,driven,523.526,480.612,404.254,372.467,-21.679,-132.199,0
2098,35.00163,driven,542.488,486.820,412.718,391.527,-14.574,-126.290,0
2099,35.01832,driven,562.536,490.694,420.334,415.199,-7.302,-117.964,0
2100,35.035,driven,583.256,492.000,429.855,443.120,0.091,-107.674,0
2101,35.05168,driven,603.807,490.650,443.468,476.074,7.425,-95.194,0
2102,35.06837,driven,621.225,487.396,462.499,514.357,13.735,-80.360,0
2103,35.08505,driven,636.522,482.843,492.029,553.857,19.416,-63.827,0
2104,35.10173,driven,649.590,477.584,534.969,590.646,24.431,-45.392,0
2105,35.11842,driven,657.511,473.720,589.945,619.857,27.568,-24.813,0
2106,35.1351,driven,661.909,471.337,651.900,632.025,29.348,-3.564,0
2107,35.15178,driven,663.458,470.454,717.323,622.176,29.983,19.546,0
2108,35.16847,driven,663.551,470.401,771.160,590.155,30.021,41.942,0
2109,35.18515,driven,666.175,468.851,809.355,542.476,31.105,62.787,0
2110,35.20183,driven,672.262,464.990,830.872,492.633,33.671,80.113,0
2111,35.21852,driven,679.714,459.715,839.866,443.220,36.920,95.881,0
2112,35.2352,driven,689.638,451.621,839.840,393.652,41.479,111.103,0
2113,35.25188,driven,699.476,442.150,835.437,355.919,46.341,122.384,0
2114,35.26857,driven,708.835,431.432,825.762,320.756,51.406,133.427,0
2115,35.28525,driven,716.500,420.994,810.206,290.074,56.016,144.407,0
2116,35.30193,driven,722.272,411.773,797.291,269.318,59.888,152.228,0
2117,35.31862,driven,726.000,404.973,780.435,253.455,62.648,160.239,0
2118,35.3353,driven,728.196,400.564,766.431,244.169,64.401,166.262,0
2119,35.35198,driven,728.196,400.564,747.927,240.777,64.401,172.961,0
2120,35.36867,driven,728.196,400.564,729.373,239.568,64.401,179.581,0
2121,35.38535,driven,726.163,404.657,712.847,244.208,62.774,-175.256,0
2122,35.40203,driven,722.843,410.780,699.777,251.441,60.295,-171.763,0
2123,35.41872,driven,717.267,419.845,686.543,261.803,56.507,-168.999,0
2124,35.4354,driven,710.302,429.565,669.847,273.731,52.251,-165.447,0
2125,35.45208,driven,701.026,440.503,656.771,285.705,47.145,-164.046,0
2126,35.46877,driven,688.735,452.413,642.130,298.306,41.052,-163.174,0
2127,35.48545,driven,672.961,464.522,629.097,309.612,33.970,-164.190,0
2128,35.50213,driven,653.745,475.624,616.189,319.066,26.066,-166.511,0
2129,35.51882,driven,633.614,483.837,601.043,326.166,18.323,-168.328,0
2130,35.5355,driven,611.300,489.493,584.386,330.759,10.124,-170.377,0
2131,35.55218,driven,590.438,491.828,568.199,332.372,2.648,-172.060,0
2132,35.56887,driven,569.314,491.417,548.839,331.724,-4.876,-172.694,0
2133,35.58555,driven,551.448,488.878,529.877,329.330,-11.302,-172.300,0
2134,35.60223,driven,533.596,484.233,506.722,325.492,-17.870,-170.391,0
2135,35.61892,driven,515.680,477.250,485.397,319.123,-24.717,-169.158,0
2136,35.6356,driven,499.324,468.548,467.798,310.665,-31.314,-168.708,0
2137,35.65228,driven,485.514,459.130,436.195,305.870,-37.265,-162.162,0
2138,35.66897,driven,473.172,448.724,408.954,301.085,-43.013,-156.492,0
2139,35.68565,driven,461.458,436.587,386.306,294.203,-49.018,-152.174,0
2140,35.70233,driven,451.979,424.566,353.263,297.380,-54.468,-142.183,0
2141,35.71902,driven,443.267,410.973,326.788,299.827,-60.216,-133.658,0
2142,35.7357,driven,435.860,396.350,297.480,314.058,-66.052,-120.739,0
2143,35.75238,driven,429.672,380.107,274.036,338.893,-72.241,-104.832,0
2144,35.76907,driven,425.224,363.060,264.277,367.185,-78.514,-88.532,0
2145,35.78575,driven,422.914,348.128,270.028,398.596,-83.893,-71.732,0
2146,35.80243,driven,422.382,342.087,283.732,423.923,-86.051,-59.450,0
2147,35.81912,driven,422.382,342.087,300.442,447.214,-86.051,-49.235,0
2148,35.8358,driven,422.382,342.087,323.493,469.138,-86.051,-37.895,0
2149,35.85248,driven,423.220,350.786,341.228,489.344,-82.941,-30.615,0
2150,35.86917,driven,425.073,362.305,364.017,511.279,-78.788,-22.286,0
2151,35.88585,driven,428.754,377.143,384.924,532.062,-73.345,-15.797,0
2152,35.90253,driven,435.217,394.883,402.784,552.583,-66.622,-11.622,0
2153,35.91922,driven,445.521,414.789,418.338,573.478,-58.639,-9.720,0
2154,35.9359,driven,459.807,434.655,436.382,593.942,-49.923,-8.366,0
2155,35.95258,driven,479.405,454.244,451.649,612.833,-40.050,-9.927,0
2156,35.96927,driven,501.949,470.111,466.257,627.104,-30.227,-12.808,0
2157,35.98595,driven,528.216,482.393,482.897,636.883,-19.893,-16.349,0
2158,36.00263,driven,555.124,489.568,500.896,641.161,-9.970,-19.683,0
2159,36.01932,driven,580.347,491.978,523.983,642.790,-0.944,-20.493,0
2160,36.036,driven,604.528,490.554,550.852,642.343,7.684,-19.475,0
2161,36.05268,driven,625.789,486.210,580.353,640.666,15.413,-16.392,0
2162,36.06937,driven,644.362,479.848,612.172,637.597,22.404,-11.533,0
2163,36.08605,driven,660.101,472.338,644.883,632.617,28.613,-5.424,0
2164,36.10273,driven,673.299,464.293,677.663,625.234,34.116,1.553,0
2165,36.11942,driven,684.795,455.735,713.853,614.091,39.218,10.398,0
2166,36.1361,driven,694.555,447.089,746.819,599.369,43.859,18.943,0
2167,36.15278,driven,704.295,436.870,779.654,579.144,48.885,27.909,0
2168,36.16947,driven,713.153,425.770,806.645,556.843,53.940,35.500,0
2169,36.18615,driven,720.216,415.219,831.488,531.579,58.460,43.720,0
2170,36.20283,driven,726.172,404.640,853.485,503.192,62.781,52.257,0
2171,36.21952,driven,730.665,395.156,870.851,474.333,66.516,60.542,0
2172,36.2362,driven,735.225,383.426,883.150,446.980,70.996,66.750,0
2173,36.25288,driven,738.159,373.972,892.652,419.282,74.520,73.655,0
2174,36.26957,driven,740.057,366.412,899.076,391.595,77.294,81.001,0
2175,36.28625,driven,740.057,366.412,901.051,365.029,77.294,90.492,0
2176,36.30293,driven,740.057,366.412,898.890,340.083,77.294,99.412,0
2177,36.31962,driven,739.514,368.739,891.703,316.206,76.443,109.044,0
2178,36.3363,driven,737.523,376.206,877.088,295.940,73.693,119.904,0
2179,36.35298,driven,735.192,383.521,859.480,281.181,70.961,129.469,0
2180,36.36967,driven,732.114,391.712,839.447,271.710,67.846,138.190,0
2181,36.38635,driven,727.102,402.803,817.179,269.360,63.514,145.980,0
2182,36.40303,driven,721.463,413.152,796.407,270.658,59.319,152.258,0
2183,36.41972,driven,713.797,424.878,773.620,275.405,54.332,158.188,0
2184,36.4364,driven,703.960,437.253,752.262,283.670,48.703,162.541,0
2185,36.45308,driven,690.992,450.409,730.157,294.246,42.126,165.921,0
2186,36.46977,driven,675.389,462.853,712.864,306.275,35.019,166.540,0
2187,36.48645,driven,655.638,474.683,695.460,318.686,26.818,165.680,0
2188,36.50313,driven,632.258,484.280,681.211,330.902,17.815,162.298,0
2189,36.51982,driven,607.178,490.174,669.971,341.924,8.637,157.045,0
2190,36.5365,driven,581.108,491.989,659.997,351.641,-0.673,150.660,0
2191,36.55318,driven,553.965,489.360,653.094,362.497,-10.390,141.996,0
2192,36.56987,driven,529.158,482.730,647.860,373.961,-19.537,132.500,0
2193,36.58655,driven,506.691,472.767,642.083,385.646,-28.292,122.760,0
2194,36.60323,driven,488.022,461.001,639.052,405.225,-36.152,110.269,0
2195,36.61992,driven,472.378,447.977,632.053,427.366,-43.401,97.355,0
2196,36.6366,driven,459.516,434.309,619.711,450.389,-50.083,84.268,0
2197,36.65328,driven,451.054,423.257,602.301,478.441,-55.039,69.955,0
2198,36.66997,driven,444.844,413.668,576.762,505.965,-59.105,55.021,0
2199,36.68665,driven,441.421,407.658,547.823,528.488,-61.566,41.367,0
2200,36.70333,driven,441.421,407.658,509.821,553.407,-61.566,25.141,0
2201,36.72002,driven,441.421,407.658,469.831,566.132,-61.566,10.164,0
2202,36.7367,driven,443.738,411.791,421.257,571.214,-59.880,-8.027,0
2203,36.75338,driven,447.670,418.217,378.018,563.371,-57.199,-25.634,0
2204,36.77007,driven,452.748,425.634,341.702,542.209,-54.000,-43.609,0
2205,36.78675,driven,458.133,432.633,317.223,510.513,-50.857,-61.071,0
2206,36.80343,driven,464.227,439.692,306.701,472.958,-47.537,-78.076,0
2207,36.82012,driven,468.989,444.677,308.043,440.501,-45.084,-91.486,0
2208,36.8368,driven,473.406,448.941,318.521,404.991,-42.899,-105.842,0
2209,36.85348,driven,478.082,453.120,333.207,382.890,-40.667,-115.862,0
2210,36.87017,driven,483.300,457.416,354.182,361.241,-38.262,-126.681,0
2211,36.88685,driven,488.694,461.489,378.882,343.750,-35.856,-136.995,0
2212,36.90353,driven,494.968,465.801,398.949,336.568,-33.147,-143.388,0
2213,36.92022,driven,503.321,470.901,422.127,331.874,-29.663,-149.714,0
2214,36.9369,driven,514.162,476.542,449.074,329.285,-25.313,-156.154,0
2215,36.95358,driven,526.748,481.853,470.019,331.179,-20.450,-159.369,0
2216,36.97027,driven,541.991,486.690,490.963,333.990,-14.757,-161.522,0
2217,36.98695,driven,559.602,490.291,511.186,336.743,-8.356,-162.499,0
2218,37.00363,driven,576.805,491.881,529.137,338.100,-2.205,-162.778,0
2219,37.02032,driven,596.827,491.405,545.917,338.666,4.927,-161.566,0
2220,37.037,driven,615.969,488.588,559.876,337.676,11.816,-159.610,0
2221,37.05368,driven,635.851,483.078,572.903,334.894,19.164,-156.985,0
2222,37.07037,driven,654.170,475.415,582.595,331.201,26.235,-153.604,0
2223,37.08705,driven,672.297,464.966,590.474,326.309,33.686,-149.455,0
2224,37.10373,driven,687.454,453.516,596.352,320.771,40.450,-145.538,0
2225,37.12042,driven,700.538,441.026,601.590,314.021,46.891,-142.078,0
2226,37.1371,driven,712.140,427.145,603.304,308.504,53.332,-137.468,0
2227,37.15378,driven,721.525,413.048,605.184,301.756,59.362,-133.730,0
2228,37.17047,driven,728.656,399.595,605.834,295.500,64.782,-130.282,0
2229,37.18715,driven,734.222,386.252,604.386,291.049,69.929,-126.251,0
2230,37.20383,driven,738.189,373.864,602.406,287.354,74.560,-122.502,0
2231,37.22052,driven,740.977,362.051,598.633,286.824,78.880,-117.856,0
2232,37.2372,driven,742.806,350.568,594.791,287.224,83.019,-113.169,0
2233,37.25388,driven,743.804,338.941,590.303,290.377,87.173,-107.556,0
2234,37.27057,driven,743.978,328.361,586.614,294.340,90.939,-102.199,0
2235,37.28725,driven,743.675,320.780,583.558,303.943,93.640,-96.003,0
2236,37.30393,driven,743.675,320.780,582.865,312.960,93.640,-92.784,0
2237,37.32062,driven,743.675,320.780,582.687,318.858,93.640,-90.684,0
2238,37.3373,driven,743.938,326.541,582.957,328.988,91.587,-89.129,0
2239,37.35398,driven,743.944,335.250,583.043,340.910,88.487,-87.985,0
2240,37.37067,driven,743.281,346.198,582.531,355.164,84.583,-86.808,0
2241,37.38735,driven,741.557,358.939,581.090,372.025,80.007,-85.338,0
2242,37.40403,driven,738.190,373.862,578.155,391.464,74.560,-83.723,0
2243,37.42072,driven,732.994,389.505,573.866,413.989,68.692,-81.253,0
2244,37.4374,driven,725.461,406.007,567.954,439.365,62.233,-78.042,0
2245,37.45408,driven,715.283,422.773,560.898,468.451,55.248,-73.518,0
2246,37.47077,driven,702.656,438.720,554.340,501.356,48.005,-67.105,0
2247,37.48745,driven,687.430,453.538,550.337,537.958,40.438,-58.376,0
2248,37.50413,driven,667.075,468.304,550.359,579.203,31.480,-46.464,0
2249,37.52082,driven,643.144,480.344,553.373,613.993,21.936,-33.889,0
2250,37.5375,driven,610.837,489.575,566.238,644.275,9.956,-16.082,0
2251,37.55418,driven,572.174,491.636,593.926,651.159,-3.856,7.765,0
2252,37.57087,driven,543.622,487.110,607.612,634.847,-14.157,23.419,0
2253,37.58755,driven,522.764,480.307,616.114,611.482,-21.971,35.437,0
2254,37.60423,driven,505.904,472.341,622.585,583.276,-28.611,46.446,0
2255,37.62092,driven,492.499,464.156,622.921,558.554,-34.203,54.103,0
2256,37.6376,driven,480.889,455.476,620.931,534.905,-39.363,60.439,0
2257,37.65428,driven,470.251,445.929,615.785,514.782,-44.451,64.681,0
2258,37.67097,driven,461.658,436.816,609.993,499.406,-48.910,67.123,0
2259,37.68765,driven,453.269,426.347,604.261,482.226,-53.686,69.691,0
2260,37.70433,driven,446.177,415.855,598.196,468.877,-58.194,70.772,0
2261,37.72102,driven,440.598,406.118,590.801,464.083,-62.188,68.898,0
2262,37.7377,driven,435.353,395.199,583.506,458.220,-66.500,66.956,0
2263,37.75438,driven,430.295,382.012,574.200,454.208,-71.528,63.358,0
2264,37.77107,driven,426.845,370.202,564.060,454.423,-75.907,58.458,0
2265,37.78775,driven,424.737,360.560,555.383,454.648,-79.420,54.240,0
2266,37.80443,driven,423.952,355.994,547.825,458.836,-81.069,50.300,0
2267,37.82112,driven,423.952,355.994,540.677,466.883,-81.069,46.469,0
2268,37.8378,driven,423.952,355.994,532.486,474.912,-81.069,42.386,0
2269,37.85448,driven,424.904,361.439,525.086,487.473,-79.102,38.481,0
2270,37.87117,driven,427.096,371.185,519.044,503.346,-75.546,34.827,0
2271,37.88785,driven,430.486,382.579,513.299,520.647,-71.315,30.955,0
2272,37.90453,driven,435.849,396.327,506.950,540.776,-66.061,26.207,0
2273,37.92122,driven,443.341,411.102,498.210,562.463,-60.164,19.926,0
2274,37.9379,driven,454.486,427.981,490.097,584.993,-52.961,12.779,0
2275,37.95458,driven,470.705,446.372,478.173,607.199,-44.226,2.659,0
2276,37.97127,driven,492.249,463.986,458.058,621.313,-34.310,-12.261,0
2277,37.98795,driven,520.358,479.314,440.509,619.118,-22.897,-29.733,0
2278,38.00463,driven,547.920,488.132,444.301,611.355,-12.585,-40.061,0
2279,38.02132,driven,571.741,491.606,446.208,592.415,-4.010,-51.234,0
2280,38.038,driven,593.132,491.681,456.112,576.216,3.608,-58.327,0
2281,38.05468,driven,612.598,489.256,469.103,562.264,10.593,-63.034,0
2282,38.07137,driven,630.203,484.925,483.881,552.088,17.049,-65.344,0
2283,38.08805,driven,647.218,478.638,500.438,544.793,23.508,-65.738,0
2284,38.10473,driven,663.792,470.261,518.519,539.665,30.120,-64.464,0
2285,38.12142,driven,678.453,460.652,538.025,539.398,36.361,-60.718,0
2286,38.1381,driven,691.761,449.710,558.580,540.175,42.496,-55.813,0
2287,38.15478,driven,703.007,438.328,581.219,543.631,48.192,-49.152,0
2288,38.17147,driven,712.459,426.714,606.958,548.330,53.523,-40.942,0
2289,38.18815,driven,719.011,417.151,635.765,554.960,57.649,-31.135,0
2290,38.20483,driven,724.436,407.921,666.567,558.161,61.460,-21.066,0
2291,38.22152,driven,726.955,403.098,698.764,561.610,63.397,-10.084,0
2292,38.2382,driven,729.283,398.247,730.456,559.243,65.312,0.417,0
2293,38.25488,driven,730.667,395.151,764.339,552.590,66.519,12.072,0
2294,38.27157,driven,730.667,395.151,799.754,540.574,66.519,25.411,0
2295,38.28825,driven,730.667,395.151,829.453,522.282,66.519,37.848,0
2296,38.30493,driven,729.655,397.432,855.064,498.396,65.631,51.163,0
2297,38.32162,driven,725.466,405.996,874.064,467.961,62.237,67.364,0
2298,38.3383,driven,719.398,416.537,879.145,436.587,57.908,82.846,0
2299,38.35498,driven,714.082,424.479,873.937,405.307,54.506,96.839,0
2300,38.37167,driven,708.260,432.148,860.468,379.673,51.079,109.022,0
2301,38.38835,driven,702.437,438.962,842.561,359.676,47.889,119.502,0
2302,38.40503,driven,694.547,447.096,819.064,345.035,43.855,129.340,0
2303,38.42172,driven,686.104,454.655,792.695,333.993,39.821,138.543,0
2304,38.4384,driven,676.520,462.054,771.055,331.731,35.512,144.043,0
2305,38.45508,driven,663.290,470.551,743.968,331.223,29.914,149.927,0
2306,38.47177,driven,649.548,477.603,720.230,332.947,24.415,153.959,0
2307,38.48845,driven,632.720,484.130,696.958,336.501,17.988,156.485,0
2308,38.50513,driven,614.061,488.975,675.223,340.045,11.124,157.673,0
2309,38.52182,driven,594.499,491.589,656.425,342.975,4.096,157.379,0
2310,38.5385,driven,572.678,491.669,639.408,345.149,-3.676,155.514,0
2311,38.55518,driven,551.551,488.899,624.810,345.531,-11.264,152.934,0
2312,38.57187,driven,530.414,483.170,613.209,345.090,-19.064,149.052,0
2313,38.58855,driven,511.686,475.344,603.906,343.373,-26.292,145.054,0
2314,38.60523,driven,493.834,465.054,597.040,341.484,-33.630,140.131,0
2315,38.62192,driven,477.541,452.652,591.877,339.303,-40.922,134.752,0
2316,38.6386,driven,462.913,438.239,589.691,339.000,-48.235,128.053,0
2317,38.65528,driven,450.564,422.551,588.355,339.277,-55.344,121.147,0
2318,38.67197,driven,441.009,406.892,588.127,341.491,-61.876,113.968,0
2319,38.68865,driven,433.394,390.491,588.297,346.603,-68.315,105.819,0
2320,38.70533,driven,427.854,374.019,587.573,353.753,-74.502,97.232,0
2321,38.72202,driven,424.210,357.585,585.054,364.664,-80.496,87.480,0
2322,38.7387,driven,422.459,343.150,579.551,378.408,-85.672,77.350,0
2323,38.75538,driven,422.021,328.389,570.111,391.557,-90.929,66.899,0
2324,38.77207,driven,422.576,317.393,555.789,407.810,-94.848,55.834,0
2325,38.78875,driven,423.269,310.825,537.833,423.944,-97.199,45.363,0
2326,38.80543,driven,423.269,310.825,522.314,437.754,-97.199,37.965,0
2327,38.82212,driven,423.269,310.825,502.504,450.978,-97.199,29.481,0
2328,38.8388,driven,422.800,314.972,482.914,464.328,-95.713,21.924,0
2329,38.85548,driven,422.172,323.549,474.187,475.916,-92.652,18.849,0
2330,38.87217,driven,422.111,336.971,445.942,496.197,-87.875,8.512,0
2331,38.88885,driven,423.451,352.563,416.837,513.428,-82.303,-2.354,0
2332,38.90553,driven,427.355,372.180,399.095,530.680,-75.181,-10.110,0
2333,38.92222,driven,435.161,394.755,372.858,543.211,-66.672,-22.766,0
2334,38.9389,driven,449.697,421.284,347.170,545.418,-55.891,-39.554,0
2335,38.95558,driven,470.821,446.485,344.039,545.719,-44.168,-51.949,0
2336,38.97227,driven,493.309,464.703,343.924,524.747,-33.855,-68.103,0
2337,38.98895,driven,515.513,477.173,358.082,510.882,-24.782,-77.915,0
2338,39.00563,driven,536.882,485.254,376.408,498.255,-16.645,-85.368,0
2339,39.02232,driven,558.835,490.176,398.018,497.838,-8.632,-87.272,0
2340,39.039,driven,581.348,491.992,420.454,497.842,-0.588,-87.918,0
2341,39.05568,driven,603.364,490.707,442.522,497.841,7.267,-87.460,0
2342,39.07237,driven,625.475,486.296,465.497,504.406,15.297,-83.542,0
2343,39.08905,driven,646.185,479.083,489.416,515.750,23.107,-76.836,0
2344,39.10573,driven,666.417,468.705,516.847,528.287,31.206,-68.280,0
2345,39.12242,driven,682.824,457.317,547.840,545.068,38.318,-56.973,0
2346,39.1391,driven,695.169,446.495,582.940,561.931,44.163,-44.193,0
2347,39.15578,driven,703.821,437.411,626.223,578.477,48.629,-28.814,0
2348,39.17247,driven,709.518,430.570,670.252,586.708,51.797,-14.116,0
2349,39.18915,driven,710.830,428.880,724.575,589.293,52.558,4.898,0
2350,39.20583,driven,710.967,428.701,774.451,576.656,52.639,23.223,0
2351,39.22252,driven,711.616,427.845,815.939,550.473,53.021,40.389,0
2352,39.2392,driven,711.891,427.478,848.337,512.938,53.184,57.940,0
2353,39.25588,driven,713.550,425.221,867.149,473.476,54.181,72.559,0
2354,39.27257,driven,717.038,420.190,877.368,434.865,56.360,84.770,0
2355,39.28925,driven,719.524,416.336,879.567,398.814,57.992,96.248,0
2356,39.30593,driven,722.008,412.227,876.525,367.001,59.701,106.314,0
2357,39.32262,driven,723.747,409.175,868.111,337.901,60.951,116.276,0
2358,39.3393,driven,723.747,409.175,851.555,311.266,60.951,127.454,0
2359,39.35598,driven,723.747,409.175,835.622,293.395,60.951,135.983,0
2360,39.37267,driven,722.525,411.335,815.586,279.955,60.068,144.689,0
2361,39.38935,driven,720.140,415.342,794.403,272.492,58.408,152.532,0
2362,39.40603,driven,716.737,420.641,773.789,270.088,56.167,159.246,0
2363,39.42272,driven,711.299,428.264,747.584,271.406,52.834,166.975,0
2364,39.4394,driven,704.223,436.953,724.833,277.277,48.846,172.645,0
2365,39.45608,driven,695.582,446.093,702.828,285.256,44.368,177.420,0
2366,39.47277,driven,684.246,456.181,678.437,295.286,38.966,-177.932,0
2367,39.48945,driven,669.977,466.484,661.138,305.727,32.699,-176.853,0
2368,39.50613,driven,652.651,476.154,642.457,315.477,25.634,-176.370,0
2369,39.52282,driven,633.590,483.845,623.695,323.150,18.314,-176.476,0
2370,39.5395,driven,611.222,489.507,604.498,328.648,10.096,-177.606,0
2371,39.55618,driven,588.638,491.901,586.101,330.921,2.007,-179.097,0
2372,39.57287,driven,567.078,491.211,568.045,330.214,-5.675,179.656,0
2373,39.58955,driven,547.761,488.096,547.570,327.096,-12.643,-179.932,0
2374,39.60623,driven,530.177,483.088,528.469,322.097,-19.153,-179.392,0
2375,39.62292,driven,514.321,476.617,508.315,315.729,-25.250,-177.862,0
2376,39.6396,driven,499.895,468.893,485.739,308.517,-31.076,-174.956,0
2377,39.65628,driven,487.797,460.836,466.655,301.230,-36.251,-172.454,0
2378,39.67297,driven,476.649,451.874,446.198,293.779,-41.343,-169.098,0
2379,39.68965,driven,466.800,442.439,410.020,291.783,-46.198,-159.349,0
2380,39.70633,driven,457.600,431.974,385.039,288.252,-51.159,-153.212,0
2381,39.72302,driven,450.145,421.943,362.697,286.763,-55.607,-147.101,0
2382,39.7397,driven,443.294,411.020,329.133,297.493,-60.197,-134.840,0
2383,39.75638,driven,436.325,397.389,301.741,309.025,-65.647,-123.288,0
2384,39.77307,driven,430.575,382.843,279.411,327.432,-71.216,-110.131,0
2385,39.78975,driven,426.106,367.129,265.419,357.099,-77.032,-93.572,0
2386,39.80643,driven,423.321,351.578,267.587,392.422,-82.657,-75.304,0
2387,39.82312,driven,422.343,341.511,282.530,421.343,-86.257,-60.274,0
2388,39.8398,driven,422.343,341.511,297.895,443.656,-86.257,-50.621,0
2389,39.85648,driven,422.343,341.511,321.660,467.145,-86.257,-38.709,0
2390,39.87317,driven,422.761,346.631,343.439,486.734,-84.429,-29.517,0
2391,39.88985,driven,424.317,358.213,365.137,507.943,-80.269,-21.566,0
2392,39.90653,driven,427.422,372.430,386.621,528.174,-75.089,-14.680,0
2393,39.92322,driven,432.809,388.997,409.884,548.356,-68.886,-8.186,0
2394,39.9399,driven,442.218,409.112,428.898,569.560,-60.977,-4.746,0
2395,39.95658,driven,455.259,428.996,451.757,589.957,-52.507,-1.246,0
2396,39.97327,driven,472.254,447.860,461.824,608.522,-43.461,-3.714,0
2397,39.98995,driven,494.756,465.663,477.766,625.764,-33.237,-6.058,0
2398,40.00663,driven,521.165,479.652,493.544,638.265,-22.586,-9.878,0
2399,40.02332,driven,548.529,488.267,508.035,644.091,-12.363,-14.567,0
2400,40.04,driven,576.554,491.871,527.011,645.059,-2.294,-17.922,0
2401,40.05668,driven,601.413,490.944,550.298,643.614,6.567,-18.511,0
2402,40.07337,driven,623.542,486.812,575.487,640.473,14.585,-17.366,0
2403,40.09005,driven,643.665,480.133,603.581,636.063,22.136,-14.417,0
2404,40.10673,driven,660.565,472.084,633.904,630.861,28.801,-9.532,0
2405,40.12342,driven,675.450,462.811,661.324,623.190,35.045,-5.033,0
2406,40.1401,driven,686.953,453.942,696.436,614.663,40.216,3.377,0
2407,40.15678,driven,697.320,444.367,731.381,601.722,45.240,12.214,0
2408,40.17347,driven,704.201,436.978,766.505,585.434,48.834,22.767,0
2409,40.19015,driven,710.021,429.927,795.442,566.398,52.088,32.043,0
2410,40.20683,driven,716.873,420.437,820.931,543.290,56.254,40.265,0
2411,40.22352,driven,724.097,408.541,841.792,518.400,61.209,46.972,0
2412,40.2402,driven,728.920,399.031,860.651,491.594,65.004,54.905,0
2413,40.25688,driven,733.392,388.473,874.609,465.795,69.085,61.298,0
2414,40.27357,driven,736.843,378.469,885.582,440.096,72.852,67.494,0
2415,40.29025,driven,739.570,368.506,893.577,415.443,76.529,73.050,0
2416,40.30693,driven,741.044,361.712,899.399,390.771,79.003,79.602,0
2417,40.32362,driven,741.044,361.712,901.956,367.014,79.003,88.113,0
2418,40.3403,driven,741.044,361.712,901.104,344.346,79.003,96.192,0
2419,40.35698,driven,740.512,364.331,896.147,323.115,78.052,104.833,0
2420,40.37367,driven,738.745,371.800,885.429,305.432,75.320,114.345,0
2421,40.39035,driven,736.326,380.114,870.402,290.981,72.239,123.616,0
2422,40.40703,driven,732.616,390.464,850.860,281.197,68.325,132.740,0
2423,40.42372,driven,727.665,401.662,833.415,280.262,63.967,138.941,0
2424,40.4404,driven,721.697,412.756,813.215,280.297,59.482,145.359,0
2425,40.45708,driven,712.801,426.250,791.931,286.038,53.728,150.562,0
2426,40.47377,driven,702.591,438.791,774.583,294.783,47.971,153.439,0
2427,40.49045,driven,688.976,452.203,755.266,305.483,41.165,155.686,0
2428,40.50713,driven,672.153,465.063,738.723,318.470,33.624,155.577,0
2429,40.52382,driven,651.395,476.750,725.505,333.821,25.139,152.593,0
2430,40.5405,driven,629.333,485.189,714.559,348.597,16.725,148.038,0
2431,40.55718,driven,602.987,490.755,704.858,366.082,7.131,140.747,0
2432,40.57387,driven,577.524,491.907,698.292,385.436,-1.949,131.400,0
2433,40.59055,driven,552.901,489.161,691.833,407.804,-10.775,120.353,0
2434,40.60723,driven,531.161,483.426,684.572,434.578,-18.783,107.662,0
2435,40.62392,driven,513.186,476.076,673.501,461.240,-25.698,95.287,0
2436,40.6406,driven,498.549,468.073,656.042,501.492,-31.637,78.020,0
2437,40.65728,driven,488.246,461.164,629.189,538.985,-36.053,61.095,0
2438,40.67397,driven,485.425,459.063,594.080,577.869,-37.305,42.445,0
2439,40.69065,driven,485.425,459.063,551.443,605.905,-37.305,24.208,0
2440,40.70733,driven,485.425,459.063,495.236,619.763,-37.305,3.494,0
2441,40.72402,driven,493.294,464.693,439.391,616.402,-33.861,-19.561,0
2442,40.7407,driven,500.275,469.122,394.187,590.226,-30.919,-41.219,0
2443,40.75738,driven,500.275,469.122,363.848,554.613,-30.919,-57.927,0
2444,40.77407,driven,500.275,469.122,345.341,512.898,-30.919,-74.222,0
2445,40.79075,driven,494.769,465.671,334.104,476.053,-33.231,-86.303,0
2446,40.80743,driven,488.191,461.124,328.114,443.902,-36.077,-96.140,0
2447,40.82412,driven,482.611,456.869,330.636,403.722,-38.575,-109.275,0
2448,40.8408,driven,477.751,452.835,336.350,375.851,-40.823,-118.565,0
2449,40.85748,driven,473.848,449.350,338.912,361.525,-42.685,-123.059,0
2450,40.87417,driven,472.820,448.395,355.407,338.235,-43.184,-133.174,0
2451,40.89085,driven,472.820,448.395,368.031,326.165,-43.184,-139.393,0
2452,40.90753,driven,472.820,448.395,377.341,318.761,-43.184,-143.627,0
2453,40.92422,driven,477.182,452.341,394.107,314.430,-41.091,-148.936,0
2454,40.9409,driven,484.532,458.378,403.786,319.090,-37.705,-149.899,0
2455,40.95758,driven,493.568,464.877,414.821,324.449,-33.744,-150.718,0
2456,40.97427,driven,503.723,471.129,427.452,329.341,-29.499,-151.723,0
2457,40.99095,driven,516.380,477.570,438.005,336.935,-24.443,-150.869,0
2458,41.00763,driven,532.354,483.827,446.665,347.524,-18.335,-147.844,0
2459,41.02432,driven,549.983,488.578,457.564,356.746,-11.834,-144.968,0
2460,41.041,driven,568.539,491.349,459.721,372.691,-5.153,-137.477,0
2461,41.05768,driven,588.136,491.918,464.203,389.148,1.828,-129.667,0
2462,41.07437,driven,607.717,490.091,468.967,408.426,8.831,-120.480,0
2463,41.09105,driven,626.595,485.986,474.523,433.115,15.710,-109.171,0
2464,41.10773,driven,644.544,479.773,484.268,464.524,22.474,-95.435,0
2465,41.12442,driven,660.037,472.373,500.744,495.761,28.587,-81.647,0
2466,41.1411,driven,673.249,464.327,527.931,533.636,34.094,-64.501,0
2467,41.15778,driven,682.510,457.566,565.020,567.644,38.175,-46.865,0
2468,41.17447,driven,688.404,452.701,611.795,594.306,40.895,-28.414,0
2469,41.19115,driven,690.824,450.561,668.756,610.042,42.045,-7.878,0
2470,41.20783,driven,691.207,450.215,734.415,605.309,42.229,15.568,0
2471,41.22452,driven,691.285,450.145,782.264,582.974,42.266,34.409,0
2472,41.2412,driven,692.622,448.915,823.305,542.952,42.913,54.262,0
2473,41.25788,driven,694.358,447.277,847.652,496.491,43.762,72.201,0
2474,41.27457,driven,698.090,443.585,859.015,448.474,45.630,88.260,0
2475,41.29125,driven,703.379,437.911,861.415,407.164,48.391,101.010,0
2476,41.30793,driven,709.734,430.295,857.822,367.120,51.922,113.103,0
2477,41.32462,driven,714.578,423.780,846.652,331.707,54.811,124.882,0
2478,41.3413,driven,718.889,417.343,833.661,304.434,57.568,134.531,0
2479,41.35798,driven,722.610,411.188,818.495,281.855,60.128,143.447,0
2480,41.37467,driven,724.413,407.964,798.960,265.262,61.443,152.418,0
2481,41.39135,driven,724.413,407.964,778.766,256.416,61.443,160.269,0
2482,41.40803,driven,724.413,407.964,760.154,250.981,61.443,167.174,0
2483,41.42472,driven,723.438,409.728,736.663,249.272,60.725,175.288,0
2484,41.4414,driven,720.982,413.957,713.712,253.121,58.985,-177.412,0
2485,41.45808,driven,716.040,421.672,693.566,262.248,55.724,-171.976,0
2486,41.47477,driven,709.430,430.681,673.425,273.759,51.747,-167.077,0
2487,41.49145,driven,700.148,441.442,656.331,286.519,46.688,-164.207,0
2488,41.50813,driven,688.400,452.704,636.974,300.138,40.894,-161.372,0
2489,41.52482,driven,673.878,463.899,618.866,312.589,34.365,-160.020,0
2490,41.5415,driven,655.661,474.671,599.503,323.783,26.828,-159.586,0
2491,41.55818,driven,636.700,482.780,578.520,332.660,19.484,-158.816,0
2492,41.57487,driven,616.300,488.519,555.136,339.589,11.937,-157.672,0
2493,41.59155,driven,596.319,491.448,529.369,345.029,4.745,-155.428,0
2494,41.60823,driven,577.822,491.917,500.973,350.441,-1.843,-151.489,0
2495,41.62492,driven,560.119,490.366,470.680,356.494,-8.170,-146.253,0
2496,41.6416,driven,544.221,487.260,440.355,364.245,-13.937,-139.824,0
2497,41.65828,driven,526.511,481.765,408.422,372.330,-20.540,-132.822,0
2498,41.67497,driven,508.944,473.957,376.253,382.775,-27.386,-124.496,0
2499,41.69165,driven,491.893,463.742,341.597,406.017,-34.464,-111.011,0
2500,41.70833,driven,475.088,450.483,314.759,435.806,-42.087,-95.230,0
2501,41.72502,driven,458.287,432.822,301.592,469.805,-50.770,-76.720,0
2502,41.7417,driven,443.137,410.745,313.856,506.701,-60.310,-53.416,0
2503,41.75838,driven,433.505,390.769,344.481,524.917,-68.208,-33.569,0
2504,41.77507,driven,428.472,376.189,379.437,529.540,-73.700,-17.732,0
2505,41.79175,driven,425.896,366.206,419.096,527.062,-77.369,-2.421,0
2506,41.80843,driven,424.333,358.310,454.541,516.451,-80.234,10.814,0
2507,41.82512,driven,424.333,358.310,490.312,505.170,-80.234,24.193,0
2508,41.8418,driven,424.333,358.310,517.873,489.349,-80.234,35.521,0
2509,41.85848,driven,424.951,361.686,546.377,467.406,-79.012,48.955,0
2510,41.87517,driven,427.756,373.665,571.463,446.255,-74.633,63.200,0
2511,41.89185,driven,432.875,389.169,589.723,425.498,-68.820,76.959,0
2512,41.90853,driven,441.483,407.772,602.449,404.461,-61.521,91.178,0
2513,41.92522,driven,451.743,424.234,607.861,384.887,-54.613,104.146,0
2514,41.9419,driven,465.272,440.823,610.592,371.518,-46.989,115.497,0
2515,41.95858,driven,483.415,457.506,611.752,360.292,-38.210,127.144,0
2516,41.97527,driven,503.066,470.756,611.929,352.139,-29.767,137.455,0
2517,41.99195,driven,525.263,481.291,612.509,345.980,-21.015,147.187,0
2518,42.00863,driven,547.364,488.007,614.776,341.799,-12.788,155.247,0
2519,42.02532,driven,570.752,491.533,618.518,337.782,-4.363,162.742,0
2520,42.042,driven,593.520,491.656,623.813,333.531,3.747,169.155,0
2521,42.05868,driven,615.351,488.716,630.439,328.425,11.592,174.623,0
2522,42.07537,driven,636.354,482.902,637.526,321.907,19.353,179.583,0
2523,42.09205,driven,655.275,474.866,645.094,314.188,26.674,-176.374,0
2524,42.10873,driven,671.922,465.216,654.328,305.180,33.526,-173.726,0
2525,42.12542,driven,686.645,454.202,660.404,295.355,40.072,-170.620,0
2526,42.1421,driven,698.649,443.011,669.739,284.627,45.916,-169.656,0
2527,42.15878,driven,708.900,431.350,678.938,273.163,51.443,-169.275,0
2528,42.17547,driven,717.355,419.711,687.703,261.465,56.564,-169.387,0
2529,42.19215,driven,723.670,409.314,695.580,250.783,60.894,-169.952,0
2530,42.20883,driven,728.549,399.822,709.516,239.951,64.693,-173.211,0
2531,42.22552,driven,732.358,391.110,719.154,230.652,68.077,-175.296,0
2532,42.2422,driven,735.166,383.598,735.376,222.598,70.932,179.925,0
2533,42.25888,driven,737.206,377.277,742.420,216.362,73.296,178.144,0
2534,42.27557,driven,738.982,370.881,759.139,211.148,75.658,172.808,0
2535,42.29225,driven,739.959,366.844,772.385,209.143,77.136,168.381,0
2536,42.30893,driven,741.275,360.494,784.477,205.398,79.444,164.435,0
2537,42.32562,driven,742.019,356.180,798.160,205.285,81.002,159.592,0
2538,42.3423,driven,742.073,355.837,808.995,209.405,81.126,155.439,0
2539,42.35898,driven,742.073,355.837,825.450,218.108,81.126,148.810,0
2540,42.37567,driven,742.073,355.837,836.791,225.647,81.126,143.963,0
2541,42.39235,driven,741.189,360.953,849.053,241.428,79.278,137.936,0
2542,42.40903,driven,739.334,369.479,857.594,260.229,76.173,132.732,0
2543,42.42572,driven,736.433,379.777,863.150,280.460,72.364,128.088,0
2544,42.4424,driven,732.434,390.921,869.679,306.750,68.150,121.521,0
2545,42.45908,driven,726.648,403.706,872.962,336.526,63.154,114.662,0
2546,42.47577,driven,720.055,415.480,874.829,371.138,58.351,105.987,0
2547,42.49245,driven,711.674,427.768,871.871,411.712,53.055,95.723,0
2548,42.50913,driven,701.264,440.245,861.538,455.522,47.270,84.555,0
2549,42.52582,driven,690.456,450.892,843.033,502.287,41.869,71.384,0
2550,42.5425,driven,678.979,460.263,812.203,550.665,36.594,55.840,0
2551,42.55918,driven,666.447,468.687,769.367,592.494,31.218,39.737,0
2552,42.57587,driven,653.668,475.662,717.601,623.423,26.036,23.397,0
2553,42.59255,driven,639.070,481.921,659.319,641.643,20.381,7.225,0
2554,42.60923,driven,621.317,487.374,600.999,647.087,13.768,-7.250,0
2555,42.62592,driven,600.325,491.065,546.294,642.728,6.177,-19.609,0
2556,42.6426,driven,577.530,491.907,496.353,630.944,-1.947,-30.278,0
2557,42.65928,driven,552.587,489.101,452.065,614.864,-10.889,-38.635,0
2558,42.67597,driven,528.146,482.367,413.241,595.141,-19.920,-45.536,0
2559,42.69265,driven,504.879,471.777,378.993,572.145,-29.027,-51.435,0
2560,42.70933,driven,484.253,458.161,351.348,549.031,-37.831,-55.639,0
2561,42.72602,driven,467.192,442.846,329.079,525.585,-45.997,-59.076,0
2562,42.7427,driven,453.077,426.084,310.380,500.639,-53.801,-62.414,0
2563,42.75938,driven,442.190,409.062,296.355,477.274,-60.997,-64.933,0
2564,42.77607,driven,434.336,392.806,285.245,453.574,-67.425,-67.825,0
2565,42.79275,driven,428.538,376.415,277.066,430.978,-73.616,-70.190,0
2566,42.80943,driven,424.737,360.561,270.954,408.223,-79.420,-72.780,0
2567,42.82612,driven,422.719,346.197,267.176,387.761,-84.584,-75.039,0
2568,42.8428,driven,422.072,335.798,264.366,368.203,-88.292,-78.389,0
2569,42.85948,driven,422.000,330.775,262.031,348.965,-90.080,-83.513,0
2570,42.87617,driven,422.000,330.775,261.012,328.818,-90.080,-90.696,0
2571,42.89285,driven,422.000,330.775,262.378,309.755,-90.080,-97.502,0
2572,42.90953,driven,422.159,338.143,267.632,292.949,-87.457,-106.303,0
2573,42.92622,driven,422.886,347.872,277.618,278.460,-83.985,-115.539,0
2574,42.9429,driven,424.567,359.634,291.723,268.675,-79.755,-124.400,0
2575,42.95958,driven,427.347,372.148,305.048,267.438,-75.192,-130.569,0
2576,42.97627,driven,431.818,386.362,323.435,267.307,-69.887,-137.687,0
2577,42.99295,driven,438.142,401.264,344.620,270.212,-64.124,-144.488,0
2578,43.00963,driven,446.720,416.726,361.516,280.120,-57.828,-148.047,0
2579,43.02632,driven,458.323,432.866,387.958,288.056,-50.750,-154.084,0
2580,43.043,driven,472.788,448.364,400.764,304.372,-43.200,-153.426,0
2581,43.05968,driven,491.383,463.391,410.578,324.137,-34.684,-149.875,0
2582,43.07637,driven,512.881,475.929,419.212,344.982,-25.819,-144.423,0
2583,43.09305,driven,537.322,485.384,426.497,368.599,-16.482,-136.500,0
2584,43.10973,driven,562.749,490.721,433.525,394.690,-7.226,-126.617,0
2585,43.12642,driven,589.068,491.886,441.950,426.484,2.160,-113.968,0
2586,43.1431,driven,611.502,489.457,452.555,463.829,10.197,-99.159,0
2587,43.15978,driven,630.716,484.767,471.253,506.966,17.240,-82.075,0
2588,43.17647,driven,645.443,479.398,501.567,551.652,22.820,-63.334,0
2589,43.19315,driven,656.330,474.331,545.029,590.663,27.095,-43.734,0
2590,43.20983,driven,663.937,470.177,602.741,619.093,30.180,-22.340,0
2591,43.22652,driven,667.555,468.009,674.258,628.869,31.681,2.386,0
2592,43.2432,driven,668.869,467.189,740.281,611.485,32.232,26.331,0
2593,43.25988,driven,670.230,466.322,793.138,570.315,32.806,49.765,0
2594,43.27657,driven,674.087,463.756,826.150,516.651,34.455,70.820,0
2595,43.29325,driven,681.666,458.225,842.646,460.769,37.794,89.094,0
2596,43.30993,driven,690.109,451.203,845.708,409.852,41.703,104.882,0
2597,43.32662,driven,700.756,440.793,842.880,365.149,47.004,118.024,0
2598,43.3433,driven,709.953,430.015,830.805,323.639,52.048,131.355,0
2599,43.35998,driven,717.950,418.804,816.842,291.755,56.950,142.103,0
2600,43.37667,driven,724.329,408.118,798.326,265.130,61.380,152.638,0
2601,43.39335,driven,728.859,399.163,779.491,246.332,64.952,161.670,0
2602,43.41003,driven,731.676,392.777,761.627,234.587,67.437,169.279,0
2603,43.42672,driven,731.676,392.777,739.079,231.947,67.437,177.365,0
2604,43.4434,driven,731.676,392.777,716.337,232.509,67.437,-174.533,0
2605,43.46008,driven,730.572,395.370,698.862,237.523,66.434,-168.641,0
2606,43.47677,driven,728.591,399.734,681.122,245.891,64.728,-162.852,0
2607,43.49345,driven,724.814,407.221,662.851,258.623,61.743,-157.364,0
2608,43.51013,driven,719.386,416.556,646.098,273.204,57.899,-152.922,0
2609,43.52682,driven,712.106,427.191,627.944,289.940,53.312,-148.483,0
2610,43.5435,driven,702.834,438.521,609.170,307.570,48.100,-144.425,0
2611,43.56018,driven,690.773,450.608,590.785,324.420,42.020,-141.608,0
2612,43.57687,driven,676.159,462.310,571.208,340.219,35.354,-139.317,0
2613,43.59355,driven,659.211,472.820,547.527,356.855,28.253,-136.077,0
2614,43.61023,driven,641.412,481.030,521.065,374.083,21.273,-131.626,0
2615,43.62692,driven,622.935,486.969,491.921,393.392,14.362,-125.536,0
2616,43.6436,driven,603.818,490.648,461.606,415.172,7.429,-117.956,0
2617,43.66028,driven,582.874,492.000,430.362,440.413,-0.045,-108.688,0
2618,43.67697,driven,561.955,490.619,402.168,470.896,-7.511,-97.037,0
2619,43.69365,driven,538.616,485.761,378.247,500.008,-16.002,-84.923,0
2620,43.71033,driven,513.619,476.283,368.770,546.568,-25.527,-64.116,0
2621,43.72702,driven,486.515,459.886,378.228,579.028,-36.819,-42.267,0
2622,43.7437,driven,463.999,439.443,412.996,592.151,-47.658,-18.469,0
2623,43.76038,driven,450.155,421.957,448.607,582.950,-55.601,-0.551,0
2624,43.77707,driven,442.470,409.564,487.788,564.055,-60.792,16.348,0
2625,43.79375,driven,437.490,399.904,517.475,539.631,-64.661,29.788,0
2626,43.81043,driven,434.099,392.232,535.926,516.941,-67.646,39.232,0
2627,43.82712,driven,431.742,386.153,555.569,489.050,-69.967,50.275,0
2628,43.8438,driven,431.742,386.153,574.480,460.630,-69.967,62.446,0
2629,43.86048,driven,431.742,386.153,586.860,429.271,-69.967,74.466,0
2630,43.87717,driven,432.714,388.751,593.456,397.865,-68.980,86.755,0
2631,43.89385,driven,436.233,397.184,595.013,370.542,-65.727,99.525,0
2632,43.91053,driven,441.567,407.927,590.070,345.736,-61.458,112.723,0
2633,43.92722,driven,449.823,421.471,580.296,327.143,-55.811,125.866,0
2634,43.9439,driven,459.852,434.709,563.203,311.260,-49.898,140.064,0
2635,43.96058,driven,472.115,447.728,543.887,303.611,-43.529,153.526,0
2636,43.97727,driven,485.934,459.449,516.493,301.376,-37.078,169.059,0
2637,43.99395,driven,501.606,469.910,491.767,309.211,-30.368,-176.497,0
2638,44.01063,driven,517.536,478.090,465.439,325.752,-23.992,-161.120,0
2639,44.02732,driven,532.955,484.025,438.417,353.703,-18.110,-144.042,0
2640,44.044,driven,547.225,487.975,420.136,389.135,-12.839,-127.873,0
2641,44.06068,driven,557.659,489.993,406.710,434.000,-9.056,-110.352,0
2642,44.07737,driven,563.920,490.865,402.978,495.169,-6.806,-88.468,0
2643,44.09405,driven,563.920,490.865,416.196,554.885,-6.806,-66.569,0
2644,44.11073,driven,563.920,490.865,454.053,608.553,-6.806,-43.032,0
2645,44.12742,driven,555.573,489.647,503.499,641.993,-9.808,-18.871,0
2646,44.1441,driven,555.573,489.647,570.818,649.923,-9.808,5.433,0
2647,44.16078,driven,555.573,489.647,624.759,635.023,-9.808,25.450,0
2648,44.17747,driven,564.858,490.975,669.090,613.680,-6.470,40.346,0
2649,44.19415,driven,580.830,491.985,709.402,588.888,-0.772,52.995,0
2650,44.21083,driven,599.590,491.143,743.170,563.983,5.914,63.101,0
2651,44.22752,driven,618.784,487.973,770.353,542.268,12.842,70.291,0
2652,44.2442,driven,639.294,481.838,795.476,520.930,20.466,75.948,0
2653,44.26088,driven,657.320,473.820,815.940,501.400,27.491,80.136,0
2654,44.27757,driven,674.785,463.275,834.073,486.691,34.757,81.637,0
2655,44.29425,driven,690.088,451.221,849.786,471.658,41.693,82.707,0
2656,44.31093,driven,703.579,437.685,862.582,462.960,48.498,80.968,0
2657,44.32762,driven,714.487,423.909,871.757,458.365,54.755,77.643,0
2658,44.3443,driven,724.078,408.577,878.539,453.994,61.194,73.615,0
2659,44.36098,driven,730.581,395.350,881.388,451.724,66.441,69.504,0
2660,44.37767,driven,734.287,386.074,882.496,448.965,69.997,67.006,0
2661,44.39435,driven,734.529,385.407,883.923,445.426,70.249,68.112,0
2662,44.41103,driven,734.529,385.407,884.878,442.992,70.249,69.043,0
2663,44.42772,driven,734.529,385.407,884.878,442.992,70.249,69.043,0
2664,44.4444,driven,733.008,389.468,884.855,442.979,68.706,70.587,0
2665,44.46108,driven,730.526,395.476,884.303,443.157,66.392,72.773,0
2666,44.47777,driven,726.175,404.633,881.607,446.608,62.784,74.888,0
2667,44.49445,driven,720.414,414.895,877.303,451.046,58.595,77.024,0
2668,44.51113,driven,712.870,426.156,870.638,458.256,53.770,78.500,0
2669,44.52782,driven,702.996,438.340,861.298,467.693,48.186,79.495,0
2670,44.5445,driven,691.782,449.691,850.286,477.929,42.506,79.899,0
2671,44.56118,driven,678.727,460.450,836.513,492.459,36.483,78.532,0
2672,44.57787,driven,664.356,469.932,819.953,511.293,30.353,75.114,0
2673,44.59455,driven,648.234,478.192,799.718,532.724,23.902,70.202,0
2674,44.61123,driven,631.419,484.547,775.565,556.263,17.502,63.548,0
2675,44.62792,driven,614.757,488.837,747.114,580.502,11.376,55.295,0
2676,44.6446,driven,598.807,491.222,712.563,605.154,5.634,44.956,0
2677,44.66128,driven,584.914,491.989,673.147,626.658,0.681,33.232,0
2678,44.67797,driven,572.880,491.682,624.633,644.137,-3.604,18.750,0
2679,44.69465,driven,563.513,490.816,573.737,651.491,-6.952,3.641,0
2680,44.71133,driven,554.274,489.417,519.840,646.691,-10.278,-12.349,0
2681,44.72802,driven,545.815,487.647,470.848,630.129,-13.354,-27.751,0
2682,44.7447,driven,534.337,484.470,429.396,606.570,-17.593,-40.678,0
2683,44.76138,driven,520.177,479.237,394.077,579.336,-22.967,-51.557,0
2684,44.77807,driven,506.183,472.493,365.323,550.463,-28.498,-61.034,0
2685,44.79475,driven,492.124,463.901,341.472,520.689,-34.364,-69.346,0
2686,44.81143,driven,478.587,453.551,322.222,491.907,-40.431,-76.218,0
2687,44.82812,driven,466.028,441.628,307.430,469.333,-46.596,-80.091,0
2688,44.8448,driven,455.579,429.412,295.312,444.759,-52.320,-84.530,0
2689,44.86148,driven,447.332,417.690,286.526,425.599,-57.422,-87.184,0
2690,44.87817,driven,441.744,408.252,280.766,405.586,-61.326,-90.949,0
2691,44.89485,driven,438.140,401.262,277.622,388.816,-64.125,-94.434,0
2692,44.91153,driven,438.140,401.262,279.816,372.032,-64.125,-100.460,0
2693,44.92822,driven,438.140,401.262,282.687,359.366,-64.125,-105.083,0
2694,44.9449,driven,440.239,405.433,290.862,345.370,-62.463,-111.905,0
2695,44.96158,driven,443.877,412.029,302.389,335.204,-59.782,-118.501,0
2696,44.97827,driven,448.717,419.820,313.769,332.014,-56.518,-123.051,0
2697,44.99495,driven,455.273,429.015,327.643,330.875,-52.498,-127.558,0
2698,45.01163,driven,463.246,438.610,342.609,331.990,-48.057,-131.471,0
2699,45.02832,driven,473.459,448.991,357.629,337.168,-42.873,-133.991,0
2700,45.045,driven,485.921,459.439,370.384,347.313,-37.083,-134.142,0
2701,45.06168,driven,500.245,469.104,384.584,357.106,-30.931,-134.078,0
2702,45.07837,driven,516.708,477.719,393.647,373.906,-24.315,-130.151,0
2703,45.09505,driven,535.923,484.964,402.034,395.551,-17.002,-123.735,0
2704,45.11173,driven,555.575,489.647,410.979,418.843,-9.808,-116.090,0
2705,45.12842,driven,575.338,491.818,420.621,447.282,-2.728,-106.059,0
2706,45.1451,driven,596.280,491.451,435.665,480.338,4.732,-93.958,0
2707,45.16178,driven,614.086,488.970,455.583,517.213,11.133,-79.897,0
2708,45.17847,driven,630.017,484.982,485.946,556.847,16.980,-63.489,0
2709,45.19515,driven,642.577,480.571,528.497,594.180,21.718,-45.119,0
2710,45.21183,driven,652.070,476.431,583.539,622.117,25.405,-25.193,0
2711,45.22852,driven,656.342,474.325,645.920,634.987,27.100,-3.712,0
2712,45.2452,driven,658.404,473.250,711.765,625.150,27.927,19.356,0
2713,45.26188,driven,659.900,472.447,765.791,593.724,28.531,41.125,0
2714,45.27857,driven,664.274,469.980,804.811,548.531,30.319,60.798,0
2715,45.29525,driven,671.695,465.366,829.258,498.454,33.429,78.140,0
2716,45.31193,driven,681.705,458.194,842.529,450.684,37.812,92.674,0
2717,45.32862,driven,691.599,449.858,846.009,404.267,42.418,106.450,0
2718,45.3453,driven,701.106,440.417,842.191,362.854,47.187,118.800,0
2719,45.36198,driven,710.732,429.008,838.985,331.683,52.501,127.193,0
2720,45.37867,driven,718.499,417.954,830.025,301.838,57.310,136.155,0
2721,45.39535,driven,724.127,408.487,817.038,277.001,61.231,144.754,0
2722,45.41203,driven,728.237,400.477,804.123,258.483,64.435,151.879,0
2723,45.42872,driven,730.797,394.851,788.625,244.595,66.635,158.950,0
2724,45.4454,driven,730.797,394.851,771.094,238.975,66.635,165.505,0
2725,45.46208,driven,730.797,394.851,756.193,235.866,66.635,170.925,0
2726,45.47877,driven,728.918,399.037,740.661,238.466,65.002,175.817,0
2727,45.49545,driven,725.304,406.303,725.460,245.303,62.114,179.945,0
2728,45.51213,driven,720.917,414.065,709.756,253.452,58.940,-176.025,0
2729,45.52882,driven,714.691,423.620,693.117,264.072,54.881,-172.299,0
2730,45.5455,driven,706.443,434.358,684.549,274.853,50.061,-172.184,0
2731,45.56218,driven,695.685,445.992,668.655,287.277,44.420,-170.335,0
2732,45.57887,driven,681.343,458.474,658.430,299.113,37.649,-171.818,0
2733,45.59555,driven,662.836,470.812,647.910,310.505,29.727,-174.681,0
2734,45.61223,driven,641.424,481.026,637.612,320.071,21.277,-178.644,0
2735,45.62892,driven,617.585,488.242,627.732,327.562,12.404,176.386,0
2736,45.6456,driven,594.065,491.619,618.746,332.522,3.941,171.182,0
2737,45.66228,driven,569.259,491.413,610.108,335.681,-4.896,165.302,0
2738,45.67897,driven,546.266,487.753,602.001,336.708,-13.189,159.746,0
2739,45.69565,driven,524.899,481.151,596.425,336.911,-21.154,153.624,0
2740,45.71233,driven,505.257,471.986,591.688,336.153,-28.873,147.531,0
2741,45.72902,driven,488.296,461.200,588.899,335.503,-36.031,141.328,0
2742,45.7457,driven,472.691,448.273,588.304,336.225,-43.247,134.103,0
2743,45.76238,driven,457.581,431.950,587.966,337.502,-51.169,125.919,0
2744,45.77907,driven,446.340,416.118,588.692,340.906,-58.083,117.850,0
2745,45.79575,driven,437.426,399.770,589.523,346.974,-64.714,109.143,0
2746,45.81243,driven,430.021,381.185,589.159,356.771,-71.838,98.722,0
2747,45.82912,driven,425.473,364.261,586.383,369.647,-78.077,88.083,0
2748,45.8458,driven,423.019,349.089,580.231,383.810,-83.549,77.546,0
2749,45.86248,driven,422.107,336.875,570.766,398.693,-87.909,67.420,0
2750,45.87917,driven,422.008,332.600,559.345,416.622,-89.430,58.542,0
2751,45.89585,driven,422.008,332.600,546.851,434.263,-89.430,50.843,0
2752,45.91253,driven,422.008,332.600,533.090,449.141,-89.430,43.626,0
2753,45.92922,driven,422.281,340.510,520.342,468.201,-86.614,37.522,0
2754,45.9459,driven,423.344,351.761,506.241,489.780,-82.591,30.990,0
2755,45.96258,driven,425.558,364.660,493.706,510.526,-77.932,25.042,0
2756,45.97927,driven,429.902,380.820,476.627,534.891,-71.974,16.871,0
2757,45.99595,driven,437.349,399.606,461.710,558.753,-64.778,8.703,0
2758,46.01263,driven,449.448,420.916,443.966,581.823,-56.049,-1.951,0
2759,46.02932,driven,467.543,443.208,415.177,595.454,-45.818,-18.981,0
2760,46.046,driven,494.350,465.395,395.229,592.266,-33.410,-38.000,0
2761,46.06268,driven,522.535,480.214,398.308,582.629,-22.059,-50.497,0
2762,46.07937,driven,546.829,487.884,403.388,560.998,-12.983,-62.992,0
2763,46.09605,driven,568.823,491.375,417.078,545.174,-5.052,-70.479,0
2764,46.11273,driven,590.283,491.835,434.302,531.723,2.593,-75.655,0
2765,46.12942,driven,610.614,489.614,452.836,521.661,9.876,-78.519,0
2766,46.1461,driven,630.417,484.859,472.437,515.894,17.129,-78.886,0
2767,46.16278,driven,650.533,477.152,494.216,515.702,24.800,-76.146,0
2768,46.17947,driven,668.531,467.402,514.876,515.476,32.090,-72.627,0
2769,46.19615,driven,685.655,455.028,536.903,516.621,39.614,-67.507,0
2770,46.21283,driven,699.868,441.737,561.791,524.537,46.543,-59.051,0
2771,46.22952,driven,711.757,427.658,591.533,534.743,53.104,-48.308,0
2772,46.2462,driven,720.109,415.393,624.465,544.905,58.387,-36.446,0
2773,46.26288,driven,725.842,405.277,659.069,551.778,62.526,-24.503,0
2774,46.27957,driven,729.438,397.910,699.314,556.067,65.443,-10.784,0
2775,46.29625,driven,729.438,397.910,743.130,558.327,65.443,4.879,0
2776,46.31293,driven,729.438,397.910,784.642,549.150,65.443,20.053,0
2777,46.32962,driven,728.995,398.871,821.281,530.797,65.067,34.974,0
2778,46.3463,driven,726.752,403.500,851.220,505.622,63.236,50.632,0
2779,46.36298,driven,724.799,407.250,871.530,473.515,61.732,65.696,0
2780,46.37967,driven,722.840,410.786,880.948,441.164,60.293,79.124,0
2781,46.39635,driven,720.550,414.672,881.420,408.199,58.688,92.304,0
2782,46.41303,driven,718.342,418.198,874.681,379.738,57.207,103.821,0
2783,46.42972,driven,715.229,422.851,862.152,357.013,55.215,114.138,0
2784,46.4464,driven,711.074,428.560,843.033,336.322,52.702,124.953,0
2785,46.46308,driven,706.794,433.937,823.763,323.306,50.256,133.405,0
2786,46.47977,driven,700.132,441.459,799.505,314.786,46.680,141.886,0
2787,46.49645,driven,693.090,448.479,778.343,311.903,43.140,148.027,0
2788,46.51313,driven,683.100,457.099,752.483,311.816,38.443,154.472,0
2789,46.52982,driven,670.999,465.823,725.335,314.269,33.132,160.276,0
2790,46.5465,driven,656.348,474.321,706.260,321.254,27.102,161.940,0
2791,46.56318,driven,640.367,481.433,686.016,327.040,20.874,163.529,0
2792,46.57987,driven,621.308,487.376,666.562,332.867,13.765,163.675,0
2793,46.59655,driven,601.416,490.943,649.696,337.353,6.568,162.550,0
2794,46.61323,driven,579.776,491.968,634.582,340.583,-1.147,160.098,0
2795,46.62992,driven,557.583,489.981,621.221,342.092,-9.083,156.717,0
2796,46.6466,driven,536.134,485.028,610.476,342.219,-16.923,152.500,0
2797,46.66328,driven,516.670,477.702,602.427,341.441,-24.330,147.815,0
2798,46.67997,driven,498.231,467.876,595.873,339.865,-31.770,142.665,0
2799,46.69665,driven,481.851,456.259,591.624,338.484,-38.922,137.014,0
2800,46.71333,driven,466.279,441.893,589.387,338.136,-46.467,130.125,0
2801,46.73002,driven,453.567,426.751,588.432,338.816,-53.507,123.105,0
2802,46.7467,driven,443.441,411.275,588.468,341.362,-60.092,115.737,0
2803,46.76338,driven,435.514,395.566,588.884,346.591,-66.357,107.710,0
2804,46.78007,driven,429.143,378.423,588.331,354.338,-72.869,98.604,0
2805,46.79675,driven,425.099,362.436,586.064,365.803,-78.740,88.801,0
2806,46.81343,driven,422.749,346.513,580.395,379.203,-84.471,78.285,0
2807,46.83012,driven,422.006,332.376,570.408,394.809,-89.510,67.183,0
2808,46.8468,driven,422.266,321.754,556.412,410.782,-93.292,56.429,0
2809,46.86348,driven,422.906,313.945,538.544,425.967,-96.081,45.910,0
2810,46.88017,driven,422.906,313.945,522.731,440.261,-96.081,38.319,0
2811,46.89685,driven,422.906,313.945,500.364,455.088,-96.081,28.758,0
2812,46.91353,driven,422.611,316.986,477.205,468.447,-94.994,19.822,0
2813,46.93022,driven,422.068,326.316,467.267,480.841,-91.667,16.304,0
2814,46.9469,driven,422.239,339.776,440.085,499.784,-86.875,6.364,0
2815,46.96358,driven,423.922,355.803,413.459,516.463,-81.138,-3.726,0
2816,46.98027,driven,428.508,376.313,389.448,532.503,-73.653,-14.041,0
2817,46.99695,driven,437.205,399.299,361.678,541.485,-64.899,-27.976,0
2818,47.01363,driven,452.760,425.649,339.258,539.835,-53.993,-44.828,0
2819,47.03032,driven,474.648,450.084,338.847,536.565,-42.298,-57.510,0
2820,47.047,driven,496.688,466.909,343.012,514.917,-32.418,-72.651,0
2821,47.06368,driven,518.131,478.353,358.768,501.253,-23.761,-81.823,0
2822,47.08037,driven,539.599,486.040,378.744,492.891,-15.639,-87.561,0
2823,47.09705,driven,561.594,490.571,400.611,492.891,-7.641,-89.174,0
2824,47.11373,driven,583.143,492.000,422.145,492.891,0.051,-89.683,0
2825,47.13042,driven,605.393,490.435,444.417,493.209,7.995,-89.013,0
2826,47.1471,driven,627.784,485.646,467.544,501.268,16.151,-84.432,0
2827,47.16378,driven,648.529,478.061,491.212,512.297,24.017,-77.722,0
2828,47.18047,driven,667.983,467.744,518.202,526.791,31.860,-68.484,0
2829,47.19715,driven,684.028,456.357,548.466,543.213,38.866,-57.352,0
2830,47.21383,driven,696.157,445.527,583.695,560.737,44.655,-44.309,0
2831,47.23052,driven,704.774,436.320,624.627,575.953,49.144,-29.855,0
2832,47.2472,driven,709.605,430.460,670.222,586.569,51.847,-14.159,0
2833,47.26388,driven,709.605,430.460,725.679,590.655,51.847,5.730,0
2834,47.28057,driven,709.605,430.460,774.358,577.864,51.847,23.715,0
2835,47.29725,driven,707.239,433.400,816.945,551.237,50.504,42.954,0
2836,47.31393,driven,707.239,433.400,847.161,513.042,50.504,60.352,0
2837,47.33062,driven,707.239,433.400,863.294,472.994,50.504,75.763,0
2838,47.3473,driven,707.483,433.103,868.481,433.802,50.641,89.751,0
2839,47.36398,driven,710.006,429.947,867.421,396.164,52.079,102.113,0
2840,47.38067,driven,713.168,425.748,862.776,366.264,53.949,111.683,0
2841,47.39735,driven,715.121,423.006,852.296,338.720,55.148,121.568,0
2842,47.41403,driven,716.497,420.998,841.184,319.144,56.014,129.244,0
2843,47.43072,driven,716.497,420.998,823.724,300.901,56.014,138.240,0
2844,47.4474,driven,716.497,420.998,806.655,287.609,56.014,145.945,0
2845,47.46408,driven,714.321,424.143,787.966,280.974,54.653,152.779,0
2846,47.48077,driven,710.452,429.371,767.572,278.844,52.338,159.220,0
2847,47.49745,driven,704.510,436.624,747.145,281.372,49.001,164.644,0
2848,47.51413,driven,697.552,444.132,725.987,285.663,45.357,169.827,0
2849,47.53082,driven,687.817,453.206,706.349,293.276,40.620,173.390,0
2850,47.5475,driven,676.018,462.410,691.069,302.115,35.292,174.636,0
2851,47.56418,driven,660.052,472.365,673.819,311.954,28.593,175.095,0
2852,47.58087,driven,642.801,480.482,659.379,320.338,21.804,174.090,0
2853,47.59755,driven,622.363,487.114,644.821,327.688,14.152,171.982,0
2854,47.61423,driven,600.918,491.000,632.179,333.064,6.390,168.804,0
2855,47.63092,driven,578.404,491.934,620.485,336.531,-1.636,164.849,0
2856,47.6476,driven,556.967,489.881,610.078,337.894,-9.305,160.738,0
2857,47.66428,driven,536.762,485.217,601.138,337.648,-16.690,156.431,0
2858,47.68097,driven,517.363,478.013,594.384,336.631,-24.059,151.420,0
2859,47.69765,driven,500.962,469.531,588.833,334.625,-30.634,146.922,0
2860,47.71433,driven,485.733,459.297,585.522,332.952,-37.167,141.698,0
2861,47.73102,driven,471.445,447.088,584.971,332.926,-43.859,135.160,0
2862,47.7477,driven,459.300,434.050,584.736,333.120,-50.204,128.821,0
2863,47.76438,driven,448.008,418.738,584.945,334.068,-56.978,121.729,0
2864,47.78107,driven,439.389,403.780,586.078,337.423,-63.125,114.340,0
2865,47.79775,driven,432.571,388.376,586.708,341.872,-69.123,106.789,0
2866,47.81443,driven,427.690,373.423,587.068,350.632,-74.722,98.138,0
2867,47.83112,driven,424.242,357.772,585.164,362.783,-80.428,88.217,0
2868,47.8478,driven,422.539,344.166,580.064,377.436,-85.309,78.074,0
2869,47.86448,driven,422.002,331.870,571.161,392.473,-89.690,67.888,0
2870,47.88117,driven,422.151,324.026,560.480,406.403,-92.483,59.226,0
2871,47.89785,driven,422.151,324.030,546.713,426.037,-92.481,50.685,0
2872,47.91453,driven,422.151,324.030,531.997,441.737,-92.481,43.022,0
2873,47.93122,driven,422.061,326.576,517.765,456.043,-91.575,36.473,0
2874,47.9479,driven,422.066,335.626,497.445,477.890,-88.354,27.917,0
2875,47.96458,driven,422.830,347.324,479.051,498.189,-84.181,20.438,0
2876,47.98127,driven,425.024,362.059,466.927,517.510,-78.877,15.086,0
2877,47.99795,driven,429.610,379.912,447.455,539.920,-72.314,6.364,0
2878,48.01463,driven,438.092,401.162,433.356,562.093,-64.164,-1.686,0
2879,48.03132,driven,451.328,423.647,406.147,578.178,-54.869,-16.297,0
2880,48.048,driven,473.162,448.714,374.485,575.930,-43.018,-37.800,0
2881,48.06468,driven,499.871,468.879,375.688,571.346,-31.086,-50.473,0
2882,48.08137,driven,524.844,481.130,378.076,547.312,-21.175,-65.728,0
2883,48.09805,driven,548.262,488.208,393.182,531.466,-12.460,-74.414,0
2884,48.11473,driven,570.157,491.487,411.940,521.293,-4.576,-79.331,0
2885,48.13142,driven,592.932,491.693,433.220,512.015,3.537,-82.749,0
2886,48.1481,driven,613.912,489.005,454.014,507.808,11.070,-83.293,0
2887,48.16478,driven,634.779,483.446,475.628,507.775,18.760,-81.309,0
2888,48.18147,driven,655.126,474.941,497.520,507.826,26.615,-78.214,0
2889,48.19815,driven,673.886,463.894,521.216,515.010,34.368,-71.489,0
2890,48.21483,driven,691.163,450.255,548.704,525.265,42.208,-62.232,0
2891,48.23152,driven,704.616,436.501,578.679,536.805,49.059,-51.464,0
2892,48.2482,driven,714.453,423.958,613.334,549.241,54.734,-38.908,0
2893,48.26488,driven,721.219,413.562,654.066,559.888,59.149,-24.652,0
2894,48.28157,driven,725.713,405.526,697.229,563.986,62.426,-10.190,0
2895,48.29825,driven,725.713,405.526,742.410,565.657,62.426,5.953,0
2896,48.31493,driven,725.713,405.526,788.620,553.727,62.426,23.000,0
2897,48.33162,driven,723.506,409.607,829.301,530.968,60.775,41.080,0
2898,48.3483,driven,719.636,416.156,858.878,496.982,58.067,59.866,0
2899,48.36498,driven,719.636,416.156,874.052,461.728,58.067,73.557,0
2900,48.38167,driven,719.207,416.841,879.894,426.877,57.780,86.426,0
2901,48.39835,driven,719.207,416.841,878.815,395.717,57.780,97.539,0
2902,48.41503,driven,719.207,416.841,872.300,367.007,57.780,108.031,0
2903,48.43172,driven,718.698,417.643,860.635,341.650,57.442,118.165,0
2904,48.4484,driven,717.439,419.584,846.376,323.166,56.619,126.789,0
2905,48.46508,driven,714.557,423.811,827.033,308.615,54.798,135.684,0
2906,48.48177,driven,711.176,428.426,808.374,300.077,52.762,142.864,0
2907,48.49845,driven,705.607,435.349,785.824,295.756,49.599,150.116,0
2908,48.51513,driven,699.101,442.542,765.704,295.964,46.147,155.563,0
2909,48.53182,driven,690.253,451.075,739.998,297.952,41.772,162.002,0
2910,48.5485,driven,679.589,459.808,723.550,304.926,36.865,164.154,0
2911,48.56518,driven,666.177,468.850,703.437,312.221,31.106,166.619,0
2912,48.58187,driven,650.169,477.319,685.175,320.171,24.658,167.442,0
2913,48.59855,driven,631.570,484.499,667.840,327.638,17.558,166.980,0
2914,48.61523,driven,610.542,489.627,654.761,334.818,9.850,164.059,0
2915,48.63192,driven,588.067,491.920,641.774,340.142,1.803,160.514,0
2916,48.6486,driven,564.358,490.917,631.636,344.648,-6.649,155.299,0
2917,48.66528,driven,542.855,486.915,623.296,347.450,-14.439,150.024,0
2918,48.68197,driven,520.810,479.504,616.559,350.070,-22.723,143.508,0
2919,48.69865,driven,501.543,469.873,613.053,353.741,-30.394,136.163,0
2920,48.71533,driven,485.439,459.073,610.372,357.522,-37.299,129.106,0
2921,48.73202,driven,470.958,446.618,608.339,362.669,-44.100,121.428,0
2922,48.7487,driven,458.705,433.331,607.509,371.864,-50.536,112.444,0
2923,48.76538,driven,448.070,418.835,605.167,383.596,-56.937,102.643,0
2924,48.78207,driven,439.089,403.184,599.990,397.544,-63.362,92.007,0
2925,48.79875,driven,432.662,388.615,591.088,417.289,-69.031,79.741,0
2926,48.81543,driven,427.999,374.538,575.768,438.453,-74.311,66.610,0
2927,48.83212,driven,425.122,362.552,555.456,457.072,-78.698,54.050,0
2928,48.8488,driven,423.831,355.211,531.145,475.230,-81.351,41.801,0
2929,48.86548,driven,423.597,353.621,500.981,494.804,-81.923,28.728,0
2930,48.88217,driven,423.597,353.621,469.449,507.953,-81.923,16.547,0
2931,48.89885,driven,423.597,353.621,434.746,514.234,-81.923,3.971,0
2932,48.91553,driven,424.861,361.219,396.829,519.760,-79.182,-10.027,0
2933,48.93222,driven,427.320,372.047,363.511,519.863,-75.229,-23.349,0
2934,48.9489,driven,432.581,388.403,330.998,513.311,-69.112,-39.120,0
2935,48.96558,driven,441.628,408.039,307.186,496.618,-61.412,-56.621,0
2936,48.98227,driven,453.105,426.123,298.666,471.616,-53.784,-73.587,0
2937,48.99895,driven,465.590,441.163,304.601,443.062,-46.824,-89.324,0
2938,49.01563,driven,478.065,453.105,319.883,423.115,-40.675,-100.735,0
2939,49.03232,driven,491.089,463.187,341.192,404.435,-34.811,-111.403,0
2940,49.049,driven,505.487,472.113,365.967,391.768,-28.780,-119.936,0
2941,49.06568,driven,521.564,479.817,389.779,387.331,-22.432,-125.061,0
2942,49.08237,driven,539.712,486.071,413.443,386.187,-15.597,-128.346,0
2943,49.09905,driven,560.225,490.381,435.576,388.480,-8.132,-129.266,0
2944,49.11573,driven,583.008,492.000,455.450,393.765,0.003,-127.601,0
2945,49.13242,driven,606.736,490.241,473.681,399.591,8.478,-124.267,0
2946,49.1491,driven,630.051,484.971,488.802,407.707,16.992,-118.679,0
2947,49.16578,driven,652.022,476.454,501.689,418.826,25.386,-110.974,0
2948,49.18247,driven,672.125,465.081,514.426,432.645,33.612,-101.623,0
2949,49.19915,driven,688.591,452.538,527.596,451.319,40.984,-90.434,0
2950,49.21583,driven,701.672,439.802,544.037,472.544,47.484,-78.266,0
2951,49.23252,driven,712.592,426.535,566.742,494.716,53.602,-64.945,0
2952,49.2492,driven,719.494,416.384,595.514,519.097,57.972,-50.359,0
2953,49.26588,driven,724.174,408.401,630.076,539.041,61.265,-35.765,0
2954,49.28257,driven,724.174,408.401,668.922,559.624,61.265,-20.070,0
2955,49.29925,driven,724.174,408.401,711.536,568.905,61.265,-4.502,0
2956,49.31593,driven,723.784,409.108,762.539,565.374,60.978,13.929,0
2957,49.33262,driven,719.715,416.029,802.956,553.841,58.121,31.133,0
2958,49.3493,driven,712.193,427.074,837.933,527.625,53.364,51.352,0
2959,49.36598,driven,706.424,434.381,856.509,492.650,50.050,68.782,0
2960,49.38267,driven,705.454,435.528,864.305,461.745,49.516,80.628,0
2961,49.39935,driven,705.212,435.810,866.153,431.436,49.383,91.557,0
2962,49.41603,driven,705.200,435.824,863.486,406.383,49.377,100.536,0
2963,49.43272,driven,704.376,436.777,855.480,381.201,48.929,110.194,0
2964,49.4494,driven,702.544,438.843,843.828,361.642,47.946,118.653,0
2965,49.46608,driven,699.907,441.696,830.752,347.884,46.563,125.639,0
2966,49.48277,driven,695.689,445.988,813.769,336.544,44.421,132.826,0
2967,49.49945,driven,689.271,451.944,797.119,332.405,41.305,137.943,0
2968,49.51613,driven,681.489,458.361,778.904,330.176,37.715,142.767,0
2969,49.53282,driven,672.314,464.955,761.848,331.147,33.693,146.213,0
2970,49.5495,driven,660.506,472.116,744.290,334.635,28.777,148.641,0
2971,49.56618,driven,647.494,478.518,729.736,340.107,23.615,149.282,0
2972,49.58287,driven,632.214,484.294,715.541,346.535,17.799,148.831,0
2973,49.59955,driven,615.247,488.738,704.428,354.694,11.554,146.364,0
2974,49.61623,driven,595.710,491.498,694.406,364.297,4.528,142.192,0
2975,49.63292,driven,575.897,491.843,686.678,375.017,-2.529,136.521,0
2976,49.6496,driven,555.822,489.690,680.830,388.230,-9.718,129.064,0
2977,49.66628,driven,535.935,484.967,675.139,404.076,-16.997,120.161,0
2978,49.68297,driven,519.064,478.761,669.987,422.694,-23.398,110.380,0
2979,49.69965,driven,501.665,469.944,660.923,446.328,-30.344,98.435,0
2980,49.71633,driven,487.926,460.930,648.132,476.901,-36.194,84.307,0
2981,49.73302,driven,476.883,452.079,627.930,507.806,-41.232,69.749,0
2982,49.7497,driven,468.655,444.341,599.917,537.568,-45.253,54.616,0
2983,49.76638,driven,467.343,443.003,564.380,571.474,-45.920,37.064,0
2984,49.78307,driven,467.343,443.003,524.077,593.675,-45.920,20.633,0
2985,49.79975,driven,467.343,443.003,475.946,603.773,-45.920,3.063,0
2986,49.81643,driven,473.840,449.343,415.996,599.593,-42.688,-21.056,0
2987,49.83312,driven,482.501,456.781,376.916,578.325,-38.625,-40.981,0
2988,49.8498,driven,491.247,463.297,349.635,539.893,-34.743,-61.591,0
2989,49.86648,driven,491.247,463.297,334.872,501.611,-34.743,-76.233,0
2990,49.88317,driven,491.247,463.297,330.250,462.312,-34.743,-90.351,0
2991,49.89985,driven,488.097,461.055,330.062,430.296,-36.119,-101.014,0
2992,49.91653,driven,484.822,458.601,334.513,400.909,-37.575,-110.998,0
2993,49.93322,driven,482.129,456.483,344.393,373.118,-38.794,-121.184,0
2994,49.9499,driven,481.806,456.223,356.601,355.008,-38.942,-128.952,0
2995,49.96658,driven,481.806,456.223,364.051,346.430,-38.942,-132.996,0
2996,49.98327,driven,481.806,456.223,385.547,327.169,-38.942,-143.281,0
2997,49.99995,driven,483.824,457.827,397.761,321.760,-38.024,-147.686,0
2998,50.01663,driven,488.473,461.329,407.793,322.003,-35.953,-149.926,0
2999,50.03332,driven,494.998,465.821,428.425,319.229,-33.134,-155.575,0
3000,50.05,driven,504.194,471.394,440.766,323.415,-29.306,-156.799,0
3001,50.06668,driven,516.666,477.700,452.076,330.224,-24.331,-156.348,0
3002,50.08337,driven,531.592,483.572,464.123,337.391,-18.621,-155.225,0
3003,50.10005,driven,548.808,488.327,471.647,347.022,-12.261,-151.363,0
3004,50.11673,driven,566.871,491.190,475.954,358.317,-5.750,-145.619,0
3005,50.13342,driven,585.693,491.977,481.221,369.476,0.958,-139.542,0
3006,50.1501,driven,605.865,490.368,485.295,383.673,8.165,-131.506,0
3007,50.16678,driven,624.964,486.435,488.559,400.910,15.108,-122.087,0
3008,50.18347,driven,644.060,479.972,493.438,423.105,22.288,-110.684,0
3009,50.20015,driven,660.808,471.950,501.196,450.857,28.900,-97.528,0
3010,50.21683,driven,676.187,462.291,516.237,480.651,35.366,-83.452,0
3011,50.23352,driven,688.268,452.818,539.981,515.525,40.832,-67.078,0
3012,50.2502,driven,697.173,444.514,574.294,548.541,45.166,-49.749,0
3013,50.26688,driven,702.824,438.533,617.458,575.038,48.094,-32.020,0
3014,50.28357,driven,702.824,438.533,669.513,596.049,48.094,-11.941,0
3015,50.30025,driven,702.824,438.533,728.971,597.395,48.094,9.346,0
3016,50.31693,driven,694.315,447.318,780.613,583.236,43.741,32.413,0
3017,50.33362,driven,692.375,449.144,819.810,547.538,42.793,52.328,0
3018,50.3503,driven,692.375,449.144,842.521,507.259,42.793,68.841,0
3019,50.36698,driven,692.375,449.144,852.295,467.762,42.793,83.360,0
3020,50.38367,driven,696.586,445.102,856.774,428.961,44.870,95.754,0
3021,50.40035,driven,701.083,440.441,854.922,392.958,47.175,107.153,0
3022,50.41703,driven,704.067,437.131,849.332,367.712,48.761,115.542,0
3023,50.43372,driven,707.514,433.065,839.921,341.471,50.658,124.674,0
3024,50.4504,driven,708.350,432.036,824.820,320.880,51.130,133.663,0
3025,50.46708,driven,708.350,432.036,809.065,306.427,51.130,141.277,0
3026,50.48377,driven,708.350,432.036,789.342,292.891,51.130,149.798,0
3027,50.50045,driven,705.163,435.867,773.944,290.299,49.357,154.710,0
3028,50.51713,driven,700.927,440.610,755.433,289.116,47.093,160.212,0
3029,50.53382,driven,694.508,447.133,735.319,291.391,43.836,165.316,0
3030,50.5505,driven,686.028,454.718,713.580,296.093,39.786,170.147,0
3031,50.56718,driven,675.648,462.671,699.527,303.452,35.131,171.471,0
3032,50.58387,driven,661.624,471.497,683.768,312.027,29.232,172.094,0
3033,50.60055,driven,645.860,479.222,671.495,320.276,22.981,170.838,0
3034,50.61723,driven,627.093,485.844,659.123,328.063,15.895,168.525,0
3035,50.63392,driven,607.206,490.170,647.695,334.344,8.647,165.435,0
3036,50.6506,driven,584.352,491.994,638.030,340.206,0.481,160.525,0
3037,50.66728,driven,561.626,490.575,630.562,345.080,-7.629,154.648,0
3038,50.68397,driven,538.918,485.848,625.091,349.850,-15.891,147.640,0
3039,50.70065,driven,518.075,478.329,620.935,354.471,-23.782,140.291,0
3040,50.71733,driven,499.490,468.649,618.794,360.540,-31.245,132.182,0
3041,50.73402,driven,483.936,457.914,617.574,368.127,-37.974,123.896,0
3042,50.7507,driven,469.073,444.761,615.305,377.401,-45.042,114.733,0
3043,50.76738,driven,456.888,431.084,613.350,393.129,-51.564,103.636,0
3044,50.78407,driven,446.852,416.935,607.676,409.409,-57.740,92.679,0
3045,50.80075,driven,438.865,402.737,597.141,432.231,-63.540,79.444,0
3046,50.81743,driven,433.180,389.948,580.158,455.663,-68.522,65.910,0
3047,50.83412,driven,429.607,379.905,556.986,478.371,-72.317,52.295,0
3048,50.8508,driven,427.576,373.003,528.476,498.463,-74.877,38.808,0
3049,50.86748,driven,426.433,368.521,492.385,515.393,-76.523,24.182,0
3050,50.88417,driven,426.433,368.521,458.707,526.253,-76.523,11.564,0
3051,50.90085,driven,426.433,368.521,417.646,529.281,-76.523,-3.129,0
3052,50.91753,driven,427.578,373.014,374.511,525.016,-74.873,-19.245,0
3053,50.93422,driven,431.104,384.374,339.425,516.721,-70.639,-34.711,0
3054,50.9509,driven,436.994,398.848,308.015,495.208,-65.076,-53.237,0
3055,50.96758,driven,445.772,415.200,293.149,466.454,-58.468,-71.437,0
3056,50.98427,driven,455.275,429.017,294.351,424.090,-52.497,-91.754,0
3057,51.00095,driven,464.833,440.351,312.197,389.134,-47.219,-108.549,0
3058,51.01763,driven,474.059,449.544,331.497,374.730,-42.583,-117.690,0
3059,51.03432,driven,484.038,457.994,361.893,353.107,-37.928,-130.653,0
3060,51.051,driven,495.200,465.953,387.186,346.563,-33.048,-137.864,0
3061,51.06768,driven,508.904,473.936,415.871,342.536,-27.402,-144.701,0
3062,51.08437,driven,524.481,480.989,443.897,341.607,-21.313,-149.965,0
3063,51.10105,driven,542.505,486.824,470.336,342.905,-14.568,-153.368,0
3064,51.11773,driven,562.920,490.743,493.820,345.326,-7.165,-154.584,0
3065,51.13442,driven,585.093,491.986,517.018,346.086,0.745,-154.987,0
3066,51.1511,driven,609.040,489.880,537.020,345.887,9.308,-153.428,0
3067,51.16778,driven,632.605,484.168,553.472,343.957,17.945,-150.560,0
3068,51.18447,driven,653.334,475.824,567.358,339.703,25.904,-147.723,0
3069,51.20115,driven,672.646,464.733,578.444,334.169,33.835,-144.190,0
3070,51.21783,driven,688.422,452.685,586.620,327.956,40.904,-140.779,0
3071,51.23452,driven,702.808,438.550,594.041,319.846,48.086,-137.501,0
3072,51.2512,driven,714.418,424.007,598.496,312.279,54.712,-133.945,0
3073,51.26788,driven,723.881,408.933,600.079,306.005,61.050,-129.740,0
3074,51.28457,driven,731.702,392.714,600.490,299.417,67.461,-125.414,0
3075,51.30125,driven,737.142,377.489,599.577,293.842,73.217,-121.302,0
3076,51.31793,driven,741.000,361.936,597.774,288.402,78.922,-117.177,0
3077,51.33462,driven,743.110,347.903,593.645,288.061,83.974,-111.820,0
3078,51.3513,driven,743.963,334.464,589.783,288.101,88.767,-106.736,0
3079,51.36798,driven,743.801,323.003,586.339,289.437,92.847,-102.033,0
3080,51.38467,driven,742.776,311.186,582.853,292.597,97.069,-96.630,0
3081,51.40135,driven,741.435,302.374,580.437,301.553,100.242,-90.292,0
3082,51.41803,driven,739.822,294.561,579.345,307.524,103.081,-85.382,0
3083,51.43472,driven,739.562,293.461,580.296,317.021,103.483,-81.585,0
3084,51.4514,driven,739.562,293.461,582.288,327.894,103.483,-77.651,0
3085,51.46808,driven,739.562,293.461,585.300,339.550,103.483,-73.365,0
3086,51.48477,driven,740.918,299.651,588.451,351.369,101.228,-71.263,0
3087,51.50145,driven,742.627,310.018,591.732,366.157,97.488,-69.593,0
3088,51.51813,driven,743.785,322.675,594.912,383.977,92.964,-67.619,0
3089,51.53482,driven,743.857,337.782,597.147,404.092,87.586,-65.678,0
3090,51.5515,driven,742.418,353.513,597.920,424.516,81.962,-63.832,0
3091,51.56818,driven,738.866,371.332,599.783,452.429,75.492,-59.754,0
3092,51.58487,driven,732.534,390.670,600.458,482.739,68.246,-55.120,0
3093,51.60155,driven,723.633,409.379,601.516,514.300,60.868,-49.331,0
3094,51.61823,driven,710.856,428.845,604.542,549.751,52.574,-41.326,0
3095,51.63492,driven,692.787,448.762,611.325,587.633,42.993,-30.396,0
3096,51.6516,driven,668.944,467.142,621.204,620.901,32.263,-17.249,0
3097,51.66828,driven,635.624,483.157,643.676,643.955,19.078,2.867,0
3098,51.68497,driven,598.369,491.265,669.160,635.866,5.478,26.084,0
3099,51.70165,driven,571.352,491.578,663.952,623.283,-4.149,35.111,0
3100,51.71833,driven,548.297,488.215,664.148,600.016,-12.448,46.019,0
3101,51.73502,driven,529.569,482.875,661.689,574.883,-19.382,55.147,0
3102,51.7517,driven,512.278,475.635,655.291,549.582,-26.057,62.658,0
3103,51.76838,driven,496.725,466.932,643.426,533.263,-32.403,65.670,0
3104,51.78507,driven,482.619,456.875,630.645,520.194,-38.571,66.841,0
3105,51.80175,driven,469.708,445.394,619.509,504.391,-44.723,68.503,0
3106,51.81843,driven,458.156,432.661,603.344,502.242,-50.844,64.394,0
3107,51.83512,driven,448.121,418.913,588.389,497.944,-56.904,60.602,0
3108,51.8518,driven,439.796,404.577,571.899,496.608,-62.806,55.137,0
3109,51.86848,driven,433.274,390.186,553.867,496.855,-68.431,48.506,0
3110,51.88517,driven,428.513,376.328,534.224,497.762,-73.648,41.041,0
3111,51.90185,driven,425.488,364.333,510.785,500.882,-78.051,31.991,0
3112,51.91853,driven,423.848,355.325,489.328,502.408,-81.310,23.998,0
3113,51.93522,driven,423.646,353.962,465.005,509.559,-81.801,14.886,0
3114,51.9519,driven,423.646,353.962,441.143,514.008,-81.801,6.239,0
3115,51.96858,driven,423.646,353.962,413.660,514.652,-81.801,-3.556,0
3116,51.98527,driven,425.115,362.515,385.814,518.644,-78.712,-14.129,0
3117,52.00195,driven,428.071,374.796,357.846,519.673,-74.215,-25.860,0
3118,52.01863,driven,434.109,392.257,333.176,517.691,-67.637,-38.822,0
3119,52.03532,driven,444.851,413.679,314.388,508.022,-59.100,-54.128,0
3120,52.052,driven,459.106,433.817,307.748,488.696,-50.312,-70.070,0
3121,52.06868,driven,474.278,449.746,314.190,466.851,-42.477,-83.901,0
3122,52.08537,driven,489.625,462.157,328.878,453.140,-35.448,-93.211,0
3123,52.10205,driven,505.779,472.272,348.219,439.166,-28.662,-101.866,0
3124,52.11873,driven,522.176,480.069,366.438,439.245,-22.197,-104.689,0
3125,52.13542,driven,540.150,486.193,386.240,438.941,-15.435,-107.067,0
3126,52.1521,driven,560.279,490.389,407.256,440.336,-8.113,-108.113,0
3127,52.16878,driven,581.554,491.994,427.224,446.131,-0.515,-106.551,0
3128,52.18547,driven,604.046,490.619,446.781,456.139,7.511,-102.366,0
3129,52.20215,driven,625.823,486.200,465.673,469.681,15.425,-95.889,0
3130,52.21883,driven,646.413,478.986,485.694,488.493,23.195,-86.615,0
3131,52.23552,driven,664.894,469.616,509.065,510.088,30.575,-75.441,0
3132,52.2522,driven,680.511,459.112,537.766,533.577,37.276,-62.450,0
3133,52.26888,driven,691.850,449.629,571.664,556.756,42.538,-48.288,0
3134,52.28557,driven,699.008,442.639,616.867,581.109,46.099,-30.676,0
3135,52.30225,driven,701.000,440.531,659.557,596.105,47.132,-14.916,0
3136,52.31893,driven,701.000,440.531,717.788,600.653,47.132,5.985,0
3137,52.33562,driven,701.000,440.531,766.908,587.422,47.132,24.165,0
3138,52.3523,driven,701.000,440.531,807.477,561.293,47.132,41.403,0
3139,52.36898,driven,701.000,440.531,838.086,524.962,47.132,58.371,0
3140,52.38567,driven,702.578,438.806,856.543,485.878,47.963,73.000,0
3141,52.40235,driven,705.062,435.985,865.812,444.951,49.301,86.808,0
3142,52.41903,driven,707.790,432.727,867.387,411.515,50.814,97.571,0
3143,52.43572,driven,710.757,428.975,863.507,378.099,52.516,108.421,0
3144,52.4524,driven,712.274,426.965,853.367,349.417,53.412,118.794,0
3145,52.46908,driven,712.893,426.125,841.198,328.869,53.783,127.163,0
3146,52.48577,driven,712.893,426.125,824.212,309.811,53.783,136.257,0
3147,52.50245,driven,712.893,426.125,807.238,295.665,53.783,144.127,0
3148,52.51913,driven,710.311,429.554,781.853,285.323,52.256,153.618,0
3149,52.53582,driven,706.961,433.736,764.131,283.228,50.349,159.201,0
3150,52.5525,driven,701.291,440.216,741.268,284.258,47.284,165.623,0
3151,52.56918,driven,694.016,447.604,720.605,288.815,43.594,170.494,0
3152,52.58587,driven,684.597,455.896,703.367,295.994,39.127,173.305,0
3153,52.60255,driven,671.797,465.298,682.676,304.666,33.473,176.126,0
3154,52.61923,driven,656.648,474.167,666.378,313.462,27.222,176.536,0
3155,52.63592,driven,639.329,481.825,650.172,321.190,20.479,176.138,0
3156,52.6526,driven,619.204,487.877,634.225,327.579,12.995,174.647,0
3157,52.66928,driven,597.947,491.305,619.933,331.813,5.327,172.151,0
3158,52.68597,driven,574.286,491.764,606.167,333.952,-3.103,168.579,0
3159,52.70265,driven,552.123,489.011,593.354,333.380,-11.057,165.161,0
3160,52.71933,driven,531.748,483.624,583.747,331.253,-18.562,161.157,0
3161,52.73602,driven,513.825,476.382,574.575,327.283,-25.446,157.832,0
3162,52.7527,driven,497.674,467.530,566.249,321.865,-32.004,154.790,0
3163,52.76938,driven,483.055,457.222,558.777,315.141,-38.373,151.944,0
3164,52.78607,driven,470.435,446.110,552.393,307.531,-44.360,149.399,0
3165,52.80275,driven,459.184,433.911,551.561,302.049,-50.268,144.987,0
3166,52.81943,driven,449.698,421.286,544.383,291.072,-55.890,143.977,0
3167,52.83612,driven,442.123,408.941,541.309,282.122,-61.046,141.971,0
3168,52.8528,driven,436.033,396.739,539.865,273.695,-65.901,139.840,0
3169,52.86948,driven,431.248,384.780,539.555,265.656,-70.486,137.723,0
3170,52.88617,driven,427.944,374.344,540.484,259.210,-74.382,135.653,0
3171,52.90285,driven,425.372,363.778,541.412,252.173,-78.253,133.884,0
3172,52.91953,driven,423.821,355.148,543.547,247.506,-81.374,131.958,0
3173,52.93622,driven,423.106,349.841,545.424,245.154,-83.280,130.559,0
3174,52.9529,driven,423.106,349.841,546.102,245.951,-83.280,130.187,0
3175,52.96958,driven,423.106,349.841,546.102,245.951,-83.280,130.187,0
3176,52.98627,driven,423.654,354.018,545.196,248.431,-81.780,130.982,0
3177,53.00295,driven,425.069,362.288,544.085,253.861,-78.794,132.335,0
3178,53.01963,driven,428.169,375.140,539.830,259.154,-74.088,136.089,0
3179,53.03632,driven,432.946,389.350,537.732,267.117,-68.751,139.395,0
3180,53.053,driven,440.415,405.770,537.487,277.325,-62.328,142.920,0
3181,53.06968,driven,451.813,424.332,533.150,285.389,-54.570,149.655,0
3182,53.08637,driven,466.689,442.322,529.626,294.134,-46.255,156.989,0
3183,53.10305,driven,485.204,458.894,525.242,302.952,-37.404,165.600,0
3184,53.11973,driven,505.705,472.232,522.540,312.115,-28.691,173.998,0
3185,53.13642,driven,530.399,483.165,514.952,322.908,-19.069,-174.494,0
3186,53.1531,driven,555.759,489.679,509.394,335.499,-9.741,-163.263,0
3187,53.16978,driven,581.566,491.994,503.403,351.240,-0.510,-150.956,0
3188,53.18647,driven,607.453,490.132,497.950,372.106,8.736,-137.145,0
3189,53.20315,driven,629.627,485.100,495.361,396.254,16.834,-123.493,0
3190,53.21983,driven,648.913,477.889,495.218,429.943,24.167,-107.326,0
3191,53.23652,driven,664.055,470.108,503.056,470.777,30.228,-89.762,0
3192,53.2532,driven,675.904,462.491,522.132,510.189,35.243,-72.767,0
3193,53.26988,driven,682.679,457.432,553.029,552.888,38.252,-53.637,0
3194,53.28657,driven,682.679,457.432,591.227,589.936,38.252,-34.613,0
3195,53.30325,driven,682.679,457.432,642.061,613.224,38.252,-14.613,0
3196,53.31993,driven,676.564,462.022,697.578,621.645,35.531,7.499,0
3197,53.33662,driven,669.032,467.086,749.915,606.295,32.301,30.157,0
3198,53.3533,driven,669.032,467.086,788.018,575.546,32.301,47.650,0
3199,53.36998,driven,669.032,467.086,812.906,539.346,32.301,63.332,0
3200,53.38667,driven,674.149,463.713,830.094,503.739,34.482,75.605,0
3201,53.40335,driven,679.828,459.629,840.679,466.558,36.971,87.533,0
3202,53.42003,driven,685.236,455.373,845.131,436.544,39.421,96.716,0
3203,53.43672,driven,691.177,450.242,846.338,407.276,42.215,105.478,0
3204,53.4534,driven,696.372,445.314,844.554,382.360,44.763,113.018,0
3205,53.47008,driven,700.294,441.286,838.803,359.211,46.764,120.650,0
3206,53.48677,driven,701.849,439.609,832.019,344.865,47.577,126.049,0
3207,53.50345,driven,701.849,439.609,821.052,331.390,47.577,132.235,0
3208,53.52013,driven,701.849,439.609,810.816,321.089,47.577,137.405,0
3209,53.53682,driven,699.269,442.367,800.057,316.816,46.234,141.244,0
3210,53.5535,driven,693.921,447.694,784.983,314.920,43.547,145.556,0
3211,53.57018,driven,687.250,453.690,771.945,316.768,40.355,148.261,0
3212,53.58687,driven,678.381,460.705,760.956,322.494,36.329,149.143,0
3213,53.60355,driven,667.202,468.226,748.223,329.098,31.533,149.786,0
3214,53.62023,driven,653.114,475.931,742.072,341.739,25.817,146.459,0
3215,53.63692,driven,638.385,482.174,734.163,352.761,20.121,143.495,0
3216,53.6536,driven,620.478,487.577,726.768,366.650,13.461,138.686,0
3217,53.67028,driven,602.334,490.835,721.602,382.686,6.897,132.201,0
3218,53.68697,driven,582.991,492.000,717.119,402.945,-0.003,123.582,0
3219,53.70365,driven,562.909,490.742,711.267,428.205,-7.168,112.857,0
3220,53.72033,driven,544.686,487.375,702.320,454.628,-13.767,101.736,0
3221,53.73702,driven,529.494,482.849,690.206,492.472,-19.411,86.573,0
3222,53.7537,driven,516.621,477.679,670.664,524.494,-24.349,73.095,0
3223,53.77038,driven,506.554,472.693,638.571,564.848,-28.348,55.083,0
3224,53.78707,driven,506.554,472.693,598.934,604.553,-28.348,35.015,0
3225,53.80375,driven,506.554,472.693,551.353,627.335,-28.348,16.156,0
3226,53.82043,driven,507.266,473.075,487.455,632.852,-28.060,-7.068,0
3227,53.83712,driven,507.266,473.075,436.907,617.888,-28.060,-25.913,0
3228,53.8538,driven,507.266,473.075,395.219,588.688,-28.060,-44.103,0
3229,53.87048,driven,506.598,472.717,365.898,550.977,-28.330,-60.916,0
3230,53.88717,driven,500.463,469.234,346.026,514.734,-30.841,-73.584,0
3231,53.90385,driven,493.685,464.955,332.990,474.855,-33.694,-86.475,0
3232,53.92053,driven,486.243,459.682,326.600,438.820,-36.940,-97.445,0
3233,53.93722,driven,478.243,453.258,322.773,411.424,-40.592,-105.060,0
3234,53.9539,driven,471.425,447.069,327.655,374.605,-43.869,-116.749,0
3235,53.97058,driven,465.741,441.323,332.464,351.000,-46.746,-124.126,0
3236,53.98727,driven,462.061,437.276,332.437,341.785,-48.692,-126.378,0
3237,54.00395,driven,460.819,435.847,344.242,324.803,-49.366,-133.608,0
3238,54.02063,driven,460.819,435.847,351.895,317.287,-49.366,-137.425,0
3239,54.03732,driven,460.819,435.847,360.843,309.650,-49.366,-141.613,0
3240,54.054,driven,463.783,439.205,377.812,303.081,-47.772,-147.725,0
3241,54.07068,driven,468.985,444.673,384.282,307.755,-45.086,-148.257,0
3242,54.08737,driven,476.187,451.466,394.315,312.837,-41.562,-149.434,0
3243,54.10405,driven,486.042,459.530,408.748,318.298,-37.029,-151.309,0
3244,54.12073,driven,497.602,467.485,417.320,327.929,-32.034,-150.090,0
3245,54.13742,driven,512.038,475.518,421.232,342.570,-26.152,-145.666,0
3246,54.1541,driven,528.792,482.600,427.966,357.080,-19.676,-141.226,0
3247,54.17078,driven,546.663,487.846,432.314,374.509,-13.044,-134.745,0
3248,54.18747,driven,566.691,491.172,435.706,397.556,-5.814,-125.554,0
3249,54.20415,driven,586.447,491.963,440.627,423.718,1.227,-115.080,0
3250,54.22083,driven,605.014,490.488,447.880,455.416,7.859,-102.582,0
3251,54.23752,driven,621.522,487.324,460.608,492.574,13.843,-88.131,0
3252,54.2542,driven,635.707,483.128,482.402,532.309,19.109,-72.213,0
3253,54.27088,driven,646.062,479.136,514.799,572.361,23.060,-54.617,0
3254,54.28757,driven,654.517,475.244,558.874,604.756,26.373,-36.445,0
3255,54.30425,driven,659.778,472.514,610.744,625.865,28.482,-17.732,0
3256,54.32093,driven,663.011,470.711,678.899,630.925,29.799,5.663,0
3257,54.33762,driven,663.611,470.366,736.193,614.077,30.045,26.797,0
3258,54.3543,driven,665.519,469.245,782.776,579.571,30.833,46.745,0
3259,54.37098,driven,670.163,466.365,815.606,535.411,32.778,64.605,0
3260,54.38767,driven,676.974,461.728,835.656,488.951,35.710,80.266,0
3261,54.40435,driven,684.612,455.884,845.218,444.634,39.134,94.007,0
3262,54.42103,driven,694.029,447.592,848.167,401.091,43.600,106.787,0
3263,54.43772,driven,703.856,437.372,847.610,364.877,48.647,116.762,0
3264,54.4544,driven,711.329,428.225,842.301,334.590,52.852,125.562,0
3265,54.47108,driven,717.554,419.409,833.832,308.051,56.693,133.762,0
3266,54.48777,driven,722.446,411.472,823.885,286.448,60.012,140.946,0
3267,54.50445,driven,725.551,405.835,808.275,267.713,62.302,149.082,0
3268,54.52113,driven,726.893,403.220,793.387,256.592,63.348,155.606,0
3269,54.53782,driven,726.893,403.220,782.331,252.065,63.348,159.859,0
3270,54.5545,driven,726.893,403.220,768.878,247.790,63.348,164.884,0
3271,54.57118,driven,724.523,407.761,751.064,248.964,61.525,170.511,0
3272,54.58787,driven,720.635,414.532,735.058,254.180,58.746,174.860,0
3273,54.60455,driven,714.823,423.433,721.122,262.556,54.962,177.758,0
3274,54.62123,driven,707.000,433.689,709.431,272.708,50.370,179.135,0
3275,54.63792,driven,697.081,444.607,697.071,283.607,45.119,-179.996,0
3276,54.6546,driven,683.195,457.024,687.354,296.078,38.486,178.520,0
3277,54.67128,driven,666.168,468.855,675.517,308.127,31.102,176.671,0
3278,54.68797,driven,646.269,479.047,669.895,319.790,23.140,171.562,0
3279,54.70465,driven,623.411,486.846,663.234,330.849,14.537,165.679,0
3280,54.72133,driven,598.922,491.211,657.852,341.383,5.675,158.529,0
3281,54.73802,driven,573.526,491.721,654.641,352.648,-3.373,149.747,0
3282,54.7547,driven,549.794,488.539,652.549,364.593,-11.902,140.340,0
3283,54.77138,driven,526.715,481.841,649.811,378.070,-20.462,130.131,0
3284,54.78807,driven,506.821,472.837,649.351,397.962,-28.240,117.714,0
3285,54.80475,driven,490.232,462.587,645.538,420.146,-35.183,105.284,0
3286,54.82143,driven,476.717,451.933,637.580,445.296,-41.311,92.363,0
3287,54.83812,driven,465.757,441.340,622.860,476.545,-46.737,77.369,0
3288,54.8548,driven,456.629,430.757,597.858,508.057,-51.713,61.306,0
3289,54.87148,driven,449.323,420.730,566.039,531.628,-56.129,46.464,0
3290,54.88817,driven,445.062,414.031,520.269,556.386,-58.954,27.848,0
3291,54.90485,driven,444.916,413.787,471.339,572.604,-59.056,9.446,0
3292,54.92153,driven,444.916,413.787,407.756,570.440,-59.056,-13.345,0
3293,54.93822,driven,444.916,413.787,355.372,547.589,-59.056,-33.791,0
3294,54.9549,driven,450.500,422.459,315.976,510.915,-55.384,-56.673,0
3295,54.97158,driven,456.547,430.653,298.585,461.781,-51.760,-78.852,0
3296,54.98827,driven,460.861,435.895,303.015,404.179,-49.344,-101.361,0
3297,55.00495,driven,463.281,438.649,321.013,363.278,-48.039,-117.914,0
3298,55.02163,driven,464.964,440.492,347.790,330.077,-47.151,-133.299,0
3299,55.03832,driven,465.122,440.662,379.031,304.613,-47.068,-147.675,0
3300,55.055,driven,465.633,441.209,416.098,288.019,-46.801,-162.081,0
3301,55.07168,driven,465.661,441.239,448.180,281.190,-46.787,-173.767,0
3302,55.08837,driven,467.489,443.152,487.438,283.393,-45.845,172.882,0
3303,55.10505,driven,473.519,449.047,520.180,294.956,-42.844,163.153,0
3304,55.12173,driven,482.110,456.468,553.446,312.134,-38.803,153.699,0
3305,55.13842,driven,491.210,463.271,584.027,331.718,-34.759,144.795,0
3306,55.1551,driven,502.308,470.319,616.128,356.451,-30.079,135.012,0
3307,55.17178,driven,514.751,476.819,646.622,384.454,-25.081,125.008,0
3308,55.18847,driven,530.316,483.136,676.212,415.054,-19.101,115.016,0
3309,55.20515,driven,548.318,488.220,705.489,453.320,-12.440,102.519,0
3310,55.22183,driven,568.985,491.389,729.933,495.501,-4.994,88.537,0
3311,55.23852,driven,592.568,491.715,743.659,547.326,3.407,69.793,0
3312,55.2552,driven,621.242,487.392,739.456,596.692,13.741,47.244,0
3313,55.27188,driven,652.992,475.990,734.490,614.839,25.768,30.411,0
3314,55.28857,driven,681.801,458.119,684.582,619.095,37.855,0.990,0
3315,55.30525,driven,697.300,444.386,648.411,597.784,45.230,-17.678,0
3316,55.32193,driven,708.614,431.708,619.042,565.491,51.280,-33.804,0
3317,55.33862,driven,714.525,423.856,596.656,533.528,54.778,-47.063,0
3318,55.3553,driven,718.696,417.646,579.226,498.075,57.441,-60.029,0
3319,55.37198,driven,723.254,410.056,570.412,460.658,60.591,-71.682,0
3320,55.38867,driven,727.694,401.602,568.496,425.624,63.990,-81.419,0
3321,55.40535,driven,731.147,394.035,570.158,392.197,66.951,-90.654,0
3322,55.42203,driven,734.049,386.723,575.137,360.884,69.751,-99.236,0
3323,55.43872,driven,736.554,379.395,582.354,333.101,72.507,-106.711,0
3324,55.4554,driven,738.115,374.133,591.632,307.320,74.460,-114.518,0
3325,55.47208,driven,738.153,373.996,603.611,285.567,74.511,-123.315,0
3326,55.48877,driven,738.153,373.996,618.919,265.809,74.511,-132.219,0
3327,55.50545,driven,738.153,373.996,637.347,248.460,74.511,-141.235,0
3328,55.52213,driven,736.782,378.666,656.808,238.934,72.779,-150.216,0
3329,55.53882,driven,733.850,387.262,681.324,235.071,69.546,-160.959,0
3330,55.5555,driven,730.726,395.016,702.043,236.592,66.571,-169.738,0
3331,55.57218,driven,725.356,406.204,724.169,245.209,62.153,-179.577,0
3332,55.58887,driven,720.011,415.552,758.282,259.167,58.320,166.248,0
3333,55.60555,driven,712.608,426.514,786.968,283.715,53.612,152.492,0
3334,55.62223,driven,705.313,435.692,809.565,313.003,49.439,139.645,0
3335,55.63892,driven,697.491,444.193,830.805,353.924,45.327,124.103,0
3336,55.6556,driven,690.376,450.964,843.251,400.465,41.831,108.280,0
3337,55.67228,driven,685.170,455.428,846.019,462.417,39.390,87.512,0
3338,55.68897,driven,681.715,458.186,828.370,524.620,37.817,65.630,0
3339,55.70565,driven,680.471,459.142,786.404,580.383,37.258,41.145,0
3340,55.72233,driven,679.318,460.011,724.445,614.557,36.745,16.278,0
3341,55.73902,driven,671.845,465.266,664.139,626.082,33.493,-2.744,0
3342,55.7557,driven,658.783,473.049,604.918,624.772,28.080,-19.546,0
3343,55.77238,driven,639.356,481.815,553.886,618.255,20.490,-32.064,0
3344,55.78907,driven,615.475,488.691,507.338,607.970,11.637,-42.195,0
3345,55.80575,driven,587.581,491.935,467.066,598.692,1.630,-48.464,0
3346,55.82243,driven,559.516,490.278,430.613,586.740,-8.387,-53.192,0
3347,55.83912,driven,532.679,483.934,399.618,574.575,-18.213,-55.738,0
3348,55.8558,driven,507.613,473.260,374.185,563.359,-27.920,-55.970,0
3349,55.87248,driven,485.481,459.105,352.735,550.208,-37.280,-55.538,0
3350,55.88917,driven,466.607,442.237,339.715,541.330,-46.298,-52.013,0
3351,55.90585,driven,451.464,423.839,329.714,529.187,-54.785,-49.131,0
3352,55.92253,driven,440.476,405.886,323.970,517.004,-62.281,-46.356,0
3353,55.93922,driven,432.520,388.243,316.270,499.629,-69.173,-46.224,0
3354,55.9559,driven,427.541,372.875,311.112,484.074,-74.924,-46.316,0
3355,55.97258,driven,424.513,359.332,307.431,469.845,-79.864,-46.653,0
3356,55.98927,driven,423.057,349.417,302.171,455.754,-83.432,-48.663,0
3357,56.00595,driven,422.896,347.966,293.620,443.928,-83.951,-53.414,0
3358,56.02263,driven,422.896,347.966,287.123,434.491,-83.951,-57.492,0
3359,56.03932,driven,422.896,347.966,280.002,422.143,-83.951,-62.566,0
3360,56.056,driven,423.949,355.974,273.375,412.969,-81.076,-69.267,0
3361,56.07268,driven,426.053,366.899,269.003,402.343,-77.116,-77.282,0
3362,56.08937,driven,429.514,379.610,269.073,393.014,-72.427,-85.224,0
3363,56.10605,driven,434.555,393.330,273.771,384.996,-67.223,-92.967,0
3364,56.12273,driven,441.501,407.806,282.529,382.334,-61.507,-99.103,0
3365,56.13942,driven,450.747,422.816,294.975,382.118,-55.230,-104.642,0
3366,56.1561,driven,462.174,437.405,310.848,382.438,-48.631,-109.963,0
3367,56.17278,driven,475.984,451.286,326.704,390.983,-41.659,-111.997,0
3368,56.18947,driven,492.078,463.869,342.039,405.480,-34.384,-111.264,0
3369,56.20615,driven,510.182,474.592,356.432,426.823,-26.890,-107.260,0
3370,56.22283,driven,529.952,483.010,372.802,448.011,-19.238,-102.555,0
3371,56.23952,driven,551.074,488.803,390.967,471.878,-11.437,-96.034,0
3372,56.2562,driven,572.064,491.628,411.630,505.110,-3.895,-85.197,0
3373,56.27288,driven,592.988,491.690,439.180,539.274,3.557,-72.809,0
3374,56.28957,driven,610.372,489.656,473.900,575.076,9.788,-57.957,0
3375,56.30625,driven,622.797,487.004,518.511,609.664,14.311,-40.371,0
3376,56.32293,driven,631.494,484.523,572.993,634.518,17.530,-21.307,0
3377,56.33962,driven,634.553,483.523,634.702,644.523,18.675,0.053,0
3378,56.3563,driven,639.950,481.591,694.275,633.149,20.715,19.720,0
3379,56.37298,driven,647.773,478.396,746.012,605.950,23.723,37.602,0
3380,56.38967,driven,657.660,473.643,786.422,570.293,27.628,53.108,0
3381,56.40635,driven,668.303,467.545,817.149,528.911,31.994,67.594,0
3382,56.42303,driven,680.692,458.974,839.141,487.518,37.357,79.788,0
3383,56.43972,driven,692.834,448.718,853.829,447.469,43.015,90.445,0
3384,56.4564,driven,703.505,437.769,862.618,413.189,48.459,98.782,0
3385,56.47308,driven,713.455,425.353,868.654,382.525,54.123,105.427,0
3386,56.48977,driven,721.686,412.775,870.897,352.300,59.475,112.063,0
3387,56.50645,driven,727.110,402.786,869.361,327.382,63.521,117.927,0
3388,56.52313,driven,730.852,394.725,864.394,304.794,66.684,123.957,0
3389,56.53982,driven,732.788,390.031,857.111,287.733,68.491,129.449,0
3390,56.5565,driven,732.788,390.031,848.795,278.391,68.491,133.901,0
3391,56.57318,driven,732.788,390.031,837.989,268.155,68.491,139.200,0
3392,56.58987,driven,731.863,392.326,826.407,262.010,67.610,144.039,0
3393,56.60655,driven,728.687,399.529,810.161,260.666,64.808,149.599,0
3394,56.62323,driven,725.098,406.691,796.196,262.240,61.957,153.794,0
3395,56.63992,driven,719.481,416.404,778.444,266.590,57.963,158.517,0
3396,56.6566,driven,712.149,427.133,766.514,275.590,53.337,160.265,0
3397,56.67328,driven,702.771,438.592,755.780,286.569,48.066,160.777,0
3398,56.68997,driven,689.849,451.433,743.523,299.644,41.580,160.526,0
3399,56.70665,driven,673.943,463.855,737.070,315.747,34.393,156.915,0
3400,56.72333,driven,654.162,475.419,729.913,333.353,26.232,151.933,0
3401,56.74002,driven,632.957,484.053,721.707,349.724,18.077,146.548,0
3402,56.7567,driven,609.637,489.781,719.675,372.254,9.523,136.885,0
3403,56.77338,driven,585.588,491.979,715.424,396.776,0.921,126.251,0
3404,56.79007,driven,563.822,490.854,711.526,426.787,-6.841,113.449,0
3405,56.80675,driven,544.808,487.404,703.747,461.725,-13.722,99.178,0
3406,56.82343,driven,529.297,482.780,689.353,500.195,-19.485,83.790,0
3407,56.84012,driven,515.936,477.367,661.726,545.677,-24.617,64.895,0
3408,56.8568,driven,504.688,471.671,620.377,583.640,-29.105,45.936,0
3409,56.87348,driven,497.945,467.699,565.272,613.946,-31.890,24.720,0
3410,56.89017,driven,495.702,466.278,503.529,627.088,-32.835,2.787,0
3411,56.90685,driven,495.256,465.989,437.114,616.124,-33.024,-21.170,0
3412,56.92353,driven,494.945,465.786,383.772,582.241,-33.156,-43.671,0
3413,56.94022,driven,491.579,463.526,346.405,533.136,-34.599,-64.383,0
3414,56.9569,driven,485.854,459.389,326.629,483.229,-37.113,-81.484,0
3415,56.97358,driven,477.899,452.962,318.091,433.407,-40.753,-96.976,0
3416,56.99027,driven,469.676,445.362,319.475,387.391,-44.739,-111.104,0
3417,57.00695,driven,461.884,437.075,328.812,346.450,-48.788,-124.256,0
3418,57.02363,driven,455.507,429.318,340.383,316.768,-52.362,-134.352,0
3419,57.04032,driven,449.634,421.192,363.368,285.253,-55.931,-147.601,0
3420,57.057,driven,448.880,420.067,389.571,270.390,-56.412,-158.384,0
3421,57.07368,driven,448.880,420.067,415.233,262.622,-56.412,-167.937,0
3422,57.09037,driven,448.880,420.067,439.775,259.325,-56.412,-176.758,0
3423,57.10705,driven,452.050,424.665,454.933,263.691,-54.425,178.974,0
3424,57.12373,driven,456.165,430.166,473.297,270.080,-51.980,173.892,0
3425,57.14042,driven,462.147,437.374,498.515,280.536,-48.646,166.945,0
3426,57.1571,driven,470.679,446.347,514.425,291.404,-44.238,164.234,0
3427,57.17378,driven,481.579,456.039,533.027,303.481,-39.046,161.364,0
3428,57.19047,driven,494.297,465.361,554.888,316.197,-33.432,157.893,0
3429,57.20715,driven,509.895,474.446,576.756,327.986,-27.005,155.463,0
3430,57.22383,driven,527.544,482.148,597.821,337.295,-20.148,154.119,0
3431,57.24052,driven,546.503,487.809,622.291,345.762,-13.102,151.918,0
3432,57.2572,driven,565.950,491.095,650.816,354.279,-6.079,148.189,0
3433,57.27388,driven,585.533,491.980,680.924,362.282,0.902,143.666,0
3434,57.29057,driven,605.322,490.445,713.448,371.156,7.969,137.810,0
3435,57.30725,driven,623.169,486.908,746.682,383.634,14.448,129.901,0
3436,57.32393,driven,642.488,480.607,781.268,398.992,21.684,120.459,0
3437,57.34062,driven,659.552,472.636,811.363,419.023,28.390,109.451,0
3438,57.3573,driven,679.717,459.712,840.101,445.644,36.922,95.013,0
3439,57.37398,driven,697.261,444.426,854.029,481.097,45.210,76.834,0
3440,57.39067,driven,715.616,422.291,844.694,518.519,55.457,53.295,0
3441,57.40735,driven,728.172,400.614,818.014,534.216,64.381,33.919,0
3442,57.42403,driven,734.694,384.943,783.606,538.334,70.424,17.686,0
3443,57.44072,driven,738.540,372.573,738.407,533.573,75.036,-0.047,0
3444,57.4574,driven,741.106,361.390,703.225,517.871,79.120,-13.608,0
3445,57.47408,driven,742.357,353.942,670.300,497.917,81.808,-26.587,0
3446,57.49077,driven,742.357,353.942,636.924,475.617,81.808,-40.909,0
3447,57.50745,driven,742.357,353.942,611.686,447.995,81.808,-54.255,0
3448,57.52413,driven,741.143,361.194,589.736,415.936,79.191,-70.122,0
3449,57.54082,driven,737.501,376.281,576.719,384.657,73.665,-87.018,0
3450,57.5575,driven,730.802,394.841,575.363,352.890,66.639,-105.103,0
3451,57.57418,driven,722.669,411.085,583.079,330.863,60.170,-119.886,0
3452,57.59087,driven,713.063,425.893,598.560,312.711,53.886,-134.668,0
3453,57.60755,driven,700.534,441.031,618.065,302.757,46.888,-149.188,0
3454,57.62423,driven,685.177,455.422,644.010,299.774,39.393,-165.185,0
3455,57.64092,driven,670.521,466.134,669.018,305.141,32.930,-179.465,0
3456,57.6576,driven,653.125,475.926,698.915,321.575,25.821,163.477,0
3457,57.67428,driven,638.890,481.988,726.096,346.651,20.313,147.204,0
3458,57.69097,driven,622.861,486.988,746.726,384.136,14.335,129.705,0
3459,57.70765,driven,611.583,489.443,760.192,427.504,10.226,112.626,0
3460,57.72433,driven,604.669,490.535,765.612,486.233,7.735,91.531,0
3461,57.74102,driven,604.669,490.535,755.159,547.752,7.735,69.183,0
3462,57.7577,driven,604.669,490.535,720.191,602.677,7.735,45.850,0
3463,57.77438,driven,613.703,489.045,669.391,640.108,10.994,20.236,0
3464,57.79107,driven,613.703,489.045,602.828,649.678,10.994,-3.873,0
3465,57.80775,driven,613.703,489.045,547.276,635.703,10.994,-24.368,0
3466,57.82443,driven,607.531,490.120,501.050,610.879,8.764,-41.405,0
3467,57.84112,driven,592.658,491.710,461.275,584.766,3.439,-54.691,0
3468,57.8578,driven,573.762,491.735,427.220,558.415,-3.289,-65.534,0
3469,57.87448,driven,554.218,489.407,399.180,532.812,-10.298,-74.360,0
3470,57.89117,driven,534.192,484.424,375.003,508.501,-17.647,-81.399,0
3471,57.90785,driven,516.160,477.470,355.336,485.006,-24.529,-87.317,0
3472,57.92453,driven,498.907,468.293,337.912,469.526,-31.488,-89.561,0
3473,57.94122,driven,483.103,457.260,322.111,455.631,-38.351,-90.580,0
3474,57.9579,driven,469.206,444.894,308.328,438.622,-44.975,-92.233,0
3475,57.97458,driven,457.739,432.146,296.796,436.463,-51.080,-88.463,0
3476,57.99127,driven,448.144,418.948,287.751,432.917,-56.889,-85.023,0
3477,58.00795,driven,441.705,408.180,282.486,432.062,-61.355,-81.469,0
3478,58.02463,driven,437.382,399.675,279.359,430.494,-64.751,-78.964,0
3479,58.04132,driven,437.187,399.261,279.028,429.373,-64.914,-79.220,0
3480,58.058,driven,437.187,399.261,279.028,429.373,-64.914,-79.220,0
3481,58.07468,driven,437.187,399.261,279.028,429.373,-64.914,-79.220,0
3482,58.09137,driven,440.676,406.265,281.414,429.856,-62.129,-81.574,0
3483,58.10805,driven,445.401,414.592,285.134,429.936,-58.721,-84.531,0
3484,58.12473,driven,452.479,425.261,291.963,437.735,-54.164,-85.556,0
3485,58.14142,driven,460.703,435.711,299.754,439.794,-49.430,-88.547,0
3486,58.1581,driven,470.867,446.530,309.931,451.088,-44.145,-88.378,0
3487,58.17478,driven,483.136,457.286,322.566,469.044,-38.336,-85.812,0
3488,58.19147,driven,497.171,467.215,337.205,485.431,-32.215,-83.503,0
3489,58.20815,driven,512.421,475.705,353.571,501.931,-26.001,-80.625,0
3490,58.22483,driven,528.744,482.583,374.545,528.883,-19.694,-73.287,0
3491,58.24152,driven,545.458,487.562,398.911,554.232,-13.484,-65.537,0
3492,58.2582,driven,561.475,490.555,428.863,581.850,-7.683,-55.455,0
3493,58.27488,driven,576.904,491.885,466.291,608.871,-2.170,-43.396,0
3494,58.29157,driven,589.951,491.850,509.007,631.023,2.474,-30.183,0
3495,58.30825,driven,601.403,490.945,557.619,645.877,6.564,-15.780,0
3496,58.32493,driven,607.957,490.054,612.061,651.002,8.917,1.461,0
3497,58.34162,driven,619.542,487.798,663.048,642.809,13.119,15.678,0
3498,58.3583,driven,633.127,483.998,709.859,625.537,18.141,28.463,0
3499,58.37498,driven,645.956,479.181,750.730,601.424,23.019,40.600,0
3500,58.39167,driven,659.560,472.632,785.166,573.350,28.394,51.276,0
3501,58.40835,driven,674.826,463.246,814.685,542.998,34.774,60.307,0
3502,58.42503,driven,687.849,453.179,836.608,514.756,40.635,67.513,0
3503,58.44172,driven,699.508,442.116,854.276,486.479,46.357,74.006,0
3504,58.4584,driven,712.595,426.531,870.042,460.166,53.604,77.941,0
3505,58.47508,driven,721.503,413.085,880.662,437.360,59.347,81.328,0
3506,58.49177,driven,728.889,399.098,889.036,415.649,64.978,84.100,0
3507,58.50845,driven,733.906,387.110,894.679,395.665,69.604,86.954,0
3508,58.52513,driven,736.417,379.828,897.371,375.964,72.345,91.375,0
3509,58.54182,driven,736.779,378.675,896.464,358.139,72.775,97.328,0
3510,58.5585,driven,736.779,378.675,893.328,341.077,72.775,103.505,0
3511,58.57518,driven,736.779,378.675,888.653,325.239,72.775,109.384,0
3512,58.59187,driven,734.701,384.925,878.988,313.496,70.431,116.338,0
3513,58.60855,driven,731.785,392.515,865.856,303.374,67.538,123.619,0
3514,58.62523,driven,727.734,401.521,853.323,300.782,64.023,128.734,0
3515,58.64192,driven,722.490,411.396,838.495,299.754,60.043,133.902,0
3516,58.6586,driven,715.348,422.679,821.442,301.580,55.289,138.779,0
3517,58.67528,driven,706.095,434.772,806.623,309.014,49.868,141.362,0
3518,58.69197,driven,695.343,446.326,794.091,319.166,44.249,142.168,0
3519,58.70865,driven,680.957,458.771,782.569,333.886,37.476,140.867,0
3520,58.72533,driven,664.062,470.104,771.743,350.414,30.231,138.023,0
3521,58.74202,driven,645.472,479.385,762.584,368.905,22.832,133.331,0
3522,58.7587,driven,623.755,486.756,752.623,390.247,14.663,126.830,0
3523,58.77538,driven,602.975,490.756,745.432,415.743,7.127,117.770,0
3524,58.79207,driven,581.741,491.995,736.063,446.105,-0.448,106.561,0
3525,58.80875,driven,562.987,490.751,723.713,481.363,-7.141,93.343,0
3526,58.82543,driven,546.213,487.741,703.798,520.722,-13.208,78.179,0
3527,58.84212,driven,534.601,484.553,675.278,562.854,-17.494,60.900,0
3528,58.8588,driven,528.956,482.658,639.933,599.299,-19.614,43.575,0
3529,58.87548,driven,528.956,482.658,585.059,633.567,-19.614,20.394,0
3530,58.89217,driven,528.956,482.658,521.506,643.486,-19.614,-2.652,0
3531,58.90885,driven,528.956,482.658,462.730,629.407,-19.614,-24.289,0
3532,58.92553,driven,528.956,482.658,417.128,598.484,-19.614,-43.994,0
3533,58.94222,driven,521.858,479.938,382.113,559.890,-22.319,-60.225,0
3534,58.9589,driven,512.205,475.600,355.750,513.582,-26.086,-76.354,0
3535,58.97558,driven,500.836,469.456,340.072,478.176,-30.686,-86.895,0
3536,58.99227,driven,489.315,461.936,328.921,447.980,-35.584,-94.973,0
3537,59.00895,driven,479.518,454.339,325.078,408.848,-39.997,-106.413,0
3538,59.02563,driven,471.246,446.897,325.093,379.367,-43.958,-114.799,0
3539,59.04232,driven,464.456,439.941,324.878,359.698,-47.417,-119.895,0
3540,59.059,driven,459.695,434.522,333.430,334.632,-49.984,-128.348,0
3541,59.07568,driven,456.518,430.615,335.430,324.508,-51.777,-131.228,0
3542,59.09237,driven,456.518,430.615,343.900,315.558,-51.777,-135.614,0
3543,59.10905,driven,456.518,430.615,362.786,299.713,-51.777,-144.396,0
3544,59.12573,driven,456.778,430.945,366.501,297.636,-51.627,-145.894,0
3545,59.14242,driven,458.829,433.482,373.457,296.981,-50.466,-147.977,0
3546,59.1591,driven,462.417,437.680,390.967,293.403,-48.501,-153.654,0
3547,59.17578,driven,468.165,443.845,397.955,298.960,-45.501,-154.146,0
3548,59.19247,driven,475.982,451.284,400.774,308.929,-41.660,-152.152,0
3549,59.20915,driven,485.991,459.493,412.915,316.032,-37.052,-153.006,0
3550,59.22583,driven,498.068,467.776,412.969,331.104,-31.838,-148.091,0
3551,59.24252,driven,512.331,475.661,417.284,345.710,-26.036,-143.818,0
3552,59.2592,driven,529.287,482.776,419.247,365.250,-19.489,-136.884,0
3553,59.27588,driven,547.229,487.976,422.274,386.451,-12.837,-129.093,0
3554,59.29257,driven,564.946,490.985,423.655,413.797,-6.438,-118.648,0
3555,59.30925,driven,583.370,492.000,429.590,444.327,0.132,-107.224,0
3556,59.32593,driven,600.715,491.022,439.996,481.520,6.317,-93.384,0
3557,59.34262,driven,615.324,488.722,458.180,523.748,11.582,-77.434,0
3558,59.3593,driven,625.710,486.232,486.292,566.753,15.384,-59.991,0
3559,59.37598,driven,633.748,483.793,525.822,603.262,18.373,-42.094,0
3560,59.39267,driven,639.663,481.699,579.045,630.852,20.606,-22.117,0
3561,59.40935,driven,642.254,480.700,638.904,641.665,21.595,-1.192,0
3562,59.42603,driven,644.605,479.747,698.661,631.402,22.497,19.618,0
3563,59.44272,driven,646.635,478.890,750.235,602.130,23.282,40.052,0
3564,59.4594,driven,651.357,476.768,787.864,562.131,25.124,57.981,0
3565,59.47608,driven,659.305,472.769,813.662,518.539,28.291,73.484,0
3566,59.49277,driven,668.616,467.348,829.388,475.924,32.126,86.947,0
3567,59.50945,driven,679.606,459.795,838.337,432.864,36.873,99.630,0
3568,59.52613,driven,688.470,452.643,839.189,396.033,40.927,110.586,0
3569,59.54282,driven,696.735,444.953,836.829,365.614,44.945,119.524,0
3570,59.5595,driven,703.503,437.771,828.819,336.692,48.458,128.889,0
3571,59.57618,driven,708.227,432.189,818.213,314.613,51.060,136.910,0
3572,59.59287,driven,708.227,432.189,803.321,302.273,51.060,143.797,0
3573,59.60955,driven,708.227,432.189,789.947,293.470,51.060,149.498,0
3574,59.62623,driven,706.820,433.906,774.250,287.707,50.270,155.240,0
3575,59.64292,driven,703.113,438.210,757.219,286.574,48.249,160.363,0
3576,59.6596,driven,696.757,444.931,740.205,289.904,44.956,164.344,0
3577,59.67628,driven,690.071,451.237,726.028,294.304,41.685,167.095,0
3578,59.69297,driven,680.797,458.893,709.784,300.524,37.404,169.628,0
3579,59.70965,driven,668.024,467.719,694.183,308.858,31.877,170.649,0
3580,59.72633,driven,653.304,475.839,683.507,317.697,25.892,169.187,0
3581,59.74302,driven,636.372,482.896,672.660,326.039,19.360,166.974,0
3582,59.7597,driven,615.936,488.595,663.013,334.632,11.804,162.998,0
3583,59.77638,driven,594.727,491.572,655.920,342.655,4.177,157.661,0
3584,59.79307,driven,571.363,491.579,650.064,351.126,-4.145,150.736,0
3585,59.80975,driven,549.257,488.424,646.085,359.795,-12.098,143.029,0
3586,59.82643,driven,526.808,481.876,642.711,370.128,-20.427,133.954,0
3587,59.84312,driven,507.114,472.994,641.296,384.021,-28.122,123.547,0
3588,59.8598,driven,490.468,462.753,639.223,401.166,-35.081,112.490,0
3589,59.87648,driven,475.646,450.984,634.071,422.306,-41.820,100.260,0
3590,59.89317,driven,461.910,437.105,622.360,450.402,-48.774,85.262,0
3591,59.90985,driven,452.194,424.865,603.081,481.026,-54.337,69.584,0
3592,59.92653,driven,444.185,412.556,574.298,507.380,-59.565,53.916,0
3593,59.94322,driven,439.191,403.388,535.384,532.493,-63.281,36.689,0
3594,59.9599,driven,436.200,397.111,489.514,549.028,-65.756,19.338,0
3595,59.97658,driven,436.200,397.111,436.469,558.111,-65.756,0.096,0
3596,59.99327,driven,436.200,397.111,383.470,549.231,-65.756,-19.118,0
3597,60.00995,driven,439.877,404.736,337.309,528.835,-62.743,-39.574,0
3598,60.02663,driven,446.429,416.260,304.552,492.366,-58.024,-61.790,0
3599,60.04332,driven,454.050,427.400,294.091,445.678,-53.219,-83.481,0
3600,60.06,driven,460.590,435.579,305.447,392.549,-49.492,-105.502,0
3601,60.07668,driven,464.429,439.913,333.882,345.687,-47.431,-125.821,0
3602,60.09337,driven,468.382,444.065,359.775,325.214,-45.391,-137.579,0
3603,60.11005,driven,471.629,447.265,392.823,306.871,-43.768,-150.693,0
3604,60.12673,driven,474.386,449.844,431.727,294.599,-42.425,-164.635,0
3605,60.14342,driven,477.413,452.542,466.178,291.934,-40.982,-175.998,0
3606,60.1601,driven,480.502,455.158,503.290,295.779,-39.541,171.863,0
3607,60.17678,driven,488.175,461.113,539.909,308.651,-36.084,161.257,0
3608,60.19347,driven,500.230,469.095,572.313,325.133,-30.937,153.402,0
3609,60.21015,driven,514.476,476.690,605.070,343.597,-25.190,145.757,0
3610,60.22683,driven,528.573,482.521,639.112,365.465,-19.759,136.640,0
3611,60.24352,driven,544.614,487.357,673.959,391.489,-13.794,126.545,0
3612,60.2602,driven,561.529,490.562,708.218,424.205,-7.664,114.340,0
3613,60.27688,driven,580.301,491.977,738.209,460.579,-0.961,101.246,0
3614,60.29357,driven,602.425,490.824,763.060,501.661,6.930,86.140,0
3615,60.31025,driven,627.518,485.723,774.322,551.825,16.052,65.759,0
3616,60.32693,driven,657.315,473.823,766.495,592.147,27.489,42.699,0
3617,60.34362,driven,686.341,454.457,742.815,605.227,39.932,20.534,0
3618,60.3603,driven,704.183,436.998,694.528,597.708,48.824,-3.438,0
3619,60.37698,driven,715.734,422.120,659.515,572.985,55.531,-20.437,0
3620,60.39367,driven,721.548,413.009,628.849,544.645,59.378,-35.153,0
3621,60.41035,driven,725.576,405.787,605.069,512.554,62.321,-48.460,0
3622,60.42703,driven,728.952,398.964,587.317,475.519,65.031,-61.608,0
3623,60.44372,driven,732.499,390.757,578.663,438.249,68.213,-72.844,0
3624,60.4604,driven,735.076,383.858,575.172,402.612,70.834,-83.310,0
3625,60.47708,driven,737.199,377.300,576.577,366.268,73.287,-93.929,0
3626,60.49377,driven,738.820,371.510,582.032,334.923,75.427,-103.135,0
3627,60.51045,driven,739.269,369.742,591.824,305.081,76.076,-113.680,0
3628,60.52713,driven,739.269,369.742,604.645,281.439,76.076,-123.262,0
3629,60.54382,driven,739.269,369.742,622.237,259.178,76.076,-133.372,0
3630,60.5605,driven,738.694,371.994,641.905,243.336,75.249,-143.046,0
3631,60.57718,driven,737.190,377.329,663.375,234.248,73.276,-152.711,0
3632,60.59387,driven,735.094,383.805,692.137,228.641,70.854,-164.525,0
3633,60.61055,driven,732.443,390.899,719.240,230.441,68.158,-175.296,0
3634,60.62723,driven,728.043,400.883,750.204,241.415,64.275,172.088,0
3635,60.64392,driven,723.527,409.569,778.713,258.322,60.791,159.954,0
3636,60.6606,driven,717.846,418.963,810.582,287.354,56.883,144.831,0
3637,60.67728,driven,712.076,427.231,832.465,320.332,53.294,131.603,0
3638,60.69397,driven,705.964,434.927,851.966,367.072,49.796,114.927,0
3639,60.71065,driven,700.780,440.767,860.548,420.886,47.017,97.093,0
3640,60.72733,driven,697.462,444.223,853.449,484.085,45.312,75.665,0
3641,60.74402,driven,695.319,446.350,823.637,543.588,44.237,52.845,0
3642,60.7607,driven,691.856,449.623,772.347,589.058,42.542,29.996,0
3643,60.77738,driven,685.520,455.140,712.614,613.844,39.551,9.688,0
3644,60.79407,driven,673.119,464.415,653.484,624.213,34.038,-7.005,0
3645,60.81075,driven,655.612,474.696,600.184,625.854,26.808,-20.138,0
3646,60.82743,driven,632.818,484.098,551.002,622.760,18.025,-30.543,0
3647,60.84412,driven,606.471,490.280,507.194,617.028,8.383,-38.070,0
3648,60.8608,driven,577.776,491.915,468.747,610.380,-1.860,-42.625,0
3649,60.87748,driven,549.511,488.478,434.222,600.859,-12.006,-45.732,0
3650,60.89417,driven,523.026,480.412,405.241,590.175,-21.871,-47.019,0
3651,60.91085,driven,499.136,468.433,381.426,578.276,-31.392,-46.980,0
3652,60.92753,driven,478.080,453.118,362.871,565.581,-40.668,-45.691,0
3653,60.94422,driven,461.185,436.272,350.641,553.323,-49.167,-43.362,0
3654,60.9609,driven,448.433,419.390,336.115,534.740,-56.701,-44.237,0
3655,60.97758,driven,438.909,402.825,325.317,516.920,-63.505,-44.873,0
3656,60.99427,driven,431.795,386.300,316.066,498.227,-69.911,-45.957,0
3657,61.01095,driven,427.324,372.060,306.977,479.006,-75.225,-48.374,0
3658,61.02763,driven,424.726,360.502,299.266,461.401,-79.442,-51.192,0
3659,61.04432,driven,423.492,352.867,291.669,445.299,-82.194,-54.962,0
3660,61.061,driven,423.492,352.867,282.032,429.745,-82.194,-61.478,0
3661,61.07768,driven,423.492,352.867,274.394,413.619,-82.194,-67.831,0
3662,61.09437,driven,424.380,358.583,267.740,395.795,-80.135,-76.636,0
3663,61.11105,driven,426.296,367.942,265.738,379.875,-76.735,-85.749,0
3664,61.12773,driven,429.225,378.690,268.805,365.042,-72.770,-94.863,0
3665,61.14442,driven,433.688,391.224,277.468,352.286,-68.034,-103.996,0
3666,61.1611,driven,439.675,404.340,291.133,342.239,-62.901,-112.688,0
3667,61.17778,driven,447.506,417.961,305.616,341.880,-57.307,-118.200,0
3668,61.19447,driven,457.576,431.945,323.832,342.314,-51.172,-123.829,0
3669,61.21115,driven,470.116,445.796,339.878,351.143,-44.519,-126.009,0
3670,61.22783,driven,484.844,458.618,356.790,361.030,-37.565,-127.310,0
3671,61.24452,driven,501.566,469.887,371.483,375.021,-30.385,-126.102,0
3672,61.2612,driven,521.675,479.863,387.140,391.424,-22.390,-123.320,0
3673,61.27788,driven,542.739,486.885,400.897,410.716,-14.482,-118.236,0
3674,61.29457,driven,564.787,490.967,412.807,437.834,-6.495,-109.270,0
3675,61.31125,driven,587.670,491.932,428.308,469.023,1.662,-98.181,0
3676,61.32793,driven,608.376,489.988,448.064,504.859,9.068,-84.700,0
3677,61.34462,driven,626.646,485.971,476.054,542.919,15.729,-69.285,0
3678,61.3613,driven,641.342,481.057,515.930,582.016,21.246,-51.165,0
3679,61.37798,driven,648.309,478.159,563.890,615.252,23.931,-31.624,0
3680,61.39467,driven,654.954,475.027,621.600,632.534,26.546,-11.956,0
3681,61.41135,driven,659.976,472.406,690.949,630.399,28.562,11.092,0
3682,61.42803,driven,663.347,470.518,747.128,608.002,29.937,31.358,0
3683,61.44472,driven,666.808,468.467,793.401,567.941,31.369,51.841,0
3684,61.4614,driven,673.339,464.266,824.372,520.034,34.133,69.733,0
3685,61.47808,driven,683.067,457.125,843.399,471.775,38.428,84.779,0
3686,61.49477,driven,693.322,448.261,852.928,427.120,43.254,97.545,0
3687,61.51145,driven,702.989,438.348,854.457,383.770,48.183,109.815,0
3688,61.52813,driven,712.307,426.921,852.001,346.880,53.432,119.811,0
3689,61.54482,driven,719.530,416.325,846.510,317.344,57.996,127.937,0
3690,61.5615,driven,725.251,406.403,835.168,288.763,62.073,136.944,0
3691,61.57818,driven,729.101,398.644,821.370,266.707,65.156,145.033,0
3692,61.59487,driven,731.903,392.228,806.663,249.638,67.648,152.332,0
3693,61.61155,driven,732.792,390.020,792.574,240.531,68.495,158.203,0
3694,61.62823,driven,732.792,390.020,777.044,235.221,68.495,164.046,0
3695,61.64492,driven,732.792,390.020,761.133,231.534,68.495,169.861,0
3696,61.6616,driven,731.787,392.510,744.400,232.005,67.539,175.507,0
3697,61.67828,driven,729.219,398.387,725.232,237.437,65.257,-178.581,0
3698,61.69497,driven,725.778,405.401,711.494,245.035,62.476,-174.910,0
3699,61.71165,driven,720.397,414.922,699.787,255.247,58.583,-172.645,0
3700,61.72833,driven,713.252,425.633,686.568,266.859,54.000,-170.460,0
3701,61.74502,driven,703.401,437.886,672.245,279.929,48.403,-168.842,0
3702,61.7617,driven,690.208,451.114,659.536,293.063,41.751,-169.017,0
3703,61.77838,driven,673.346,464.261,650.016,304.961,34.136,-171.668,0
3704,61.79507,driven,652.459,476.246,638.903,315.818,25.558,-175.170,0
3705,61.81175,driven,629.926,485.010,628.991,324.012,16.946,-179.667,0
3706,61.82843,driven,605.566,490.411,618.629,329.942,8.057,175.346,0
3707,61.84512,driven,581.515,491.993,608.309,333.238,-0.529,170.420,0
3708,61.8618,driven,557.497,489.967,598.919,334.387,-9.114,165.091,0
3709,61.87848,driven,534.849,484.631,590.472,333.545,-17.402,159.789,0
3710,61.89517,driven,514.683,476.787,584.714,331.816,-25.108,154.216,0
3711,61.91185,driven,496.606,466.857,580.175,329.244,-32.453,148.731,0
3712,61.92853,driven,481.513,455.986,575.893,325.550,-39.076,144.111,0
3713,61.94522,driven,467.272,442.929,574.122,322.495,-45.956,138.420,0
3714,61.9619,driven,455.488,429.294,573.630,319.916,-52.373,132.794,0
3715,61.97858,driven,445.494,414.744,574.146,317.947,-58.658,126.957,0
3716,61.99527,driven,437.586,400.107,576.003,317.877,-64.581,120.714,0
3717,62.01195,driven,431.424,385.274,577.626,317.850,-70.300,114.758,0
3718,62.02863,driven,427.637,373.231,579.409,319.507,-74.793,109.493,0
3719,62.04532,driven,425.515,364.457,581.045,322.849,-78.006,104.977,0
3720,62.062,driven,425.515,364.457,582.291,327.820,-78.006,103.154,0
3721,62.07868,driven,425.515,364.457,583.104,331.492,-78.006,101.815,0
3722,62.09537,driven,426.413,368.437,584.634,338.653,-76.554,100.661,0
3723,62.11205,driven,428.747,377.120,586.353,344.235,-73.354,101.786,0
3724,62.12873,driven,432.473,388.120,589.520,352.660,-69.220,102.724,0
3725,62.14542,driven,437.914,400.794,594.585,363.709,-64.310,103.317,0
3726,62.1621,driven,445.324,414.464,601.866,376.840,-58.774,103.514,0
3727,62.17878,driven,455.317,429.071,611.368,389.462,-52.473,104.242,0
3728,62.19547,driven,467.457,443.120,624.127,406.032,-45.861,103.318,0
3729,62.21215,driven,482.054,456.423,640.179,426.135,-38.829,100.843,0
3730,62.22883,driven,498.218,467.868,658.337,451.057,-31.776,95.993,0
3731,62.24552,driven,517.173,477.928,678.172,477.410,-24.133,90.184,0
3732,62.2622,driven,537.440,485.419,696.626,509.519,-16.438,81.391,0
3733,62.27888,driven,560.479,490.417,712.236,544.184,-8.041,70.491,0
3734,62.29557,driven,586.714,491.957,718.264,584.778,1.322,54.793,0
3735,62.31225,driven,618.056,488.137,714.461,617.083,12.576,36.783,0
3736,62.32893,driven,651.312,476.789,699.549,630.393,25.106,17.434,0
3737,62.34562,driven,678.083,460.924,665.711,621.448,36.198,-4.407,0
3738,62.3623,driven,694.439,447.200,642.416,599.563,43.802,-18.852,0
3739,62.37898,driven,705.896,435.008,621.967,572.401,49.759,-31.419,0
3740,62.39567,driven,714.036,424.544,606.804,544.636,54.478,-41.762,0
3741,62.41235,driven,719.744,415.984,595.111,517.904,58.140,-50.725,0
3742,62.42903,driven,723.755,409.160,584.200,489.442,60.957,-60.089,0
3743,62.44572,driven,726.649,403.704,577.332,463.914,63.155,-68.039,0
3744,62.4624,driven,729.848,397.006,574.836,440.507,65.797,-74.324,0
3745,62.47908,driven,733.636,387.831,575.612,418.643,69.330,-78.967,0
3746,62.49577,driven,737.245,377.145,577.723,398.912,73.345,-82.230,0
3747,62.51245,driven,739.798,367.542,579.554,383.123,76.881,-84.446,0
3748,62.52913,driven,741.172,361.044,580.354,368.700,79.245,-87.274,0
3749,62.54582,driven,741.172,361.044,580.249,356.075,79.245,-91.769,0
3750,62.5625,driven,741.172,361.044,581.060,344.153,79.245,-96.022,0
3751,62.57918,driven,740.832,362.784,582.259,334.933,78.614,-99.962,0
3752,62.59587,driven,739.108,370.386,583.975,327.320,75.840,-105.515,0
3753,62.61255,driven,735.768,381.823,587.449,319.193,71.599,-112.893,0
3754,62.62923,driven,731.003,394.372,590.763,315.292,66.820,-119.418,0
3755,62.64592,driven,724.268,408.230,595.553,311.516,61.335,-126.921,0
3756,62.6626,driven,714.862,423.377,599.627,310.941,54.986,-134.296,0
3757,62.67928,driven,702.660,438.715,603.945,311.529,48.007,-142.183,0
3758,62.69597,driven,687.299,453.649,608.284,313.372,40.378,-150.608,0
3759,62.71265,driven,668.226,467.592,611.140,317.053,31.962,-159.232,0
3760,62.72933,driven,647.083,478.697,615.723,320.781,23.455,-168.768,0
3761,62.74602,driven,625.410,486.314,618.808,325.449,15.273,-177.650,0
3762,62.7627,driven,601.983,490.877,621.694,331.088,6.771,172.968,0
3763,62.77938,driven,578.937,491.949,625.544,337.842,-1.446,163.173,0
3764,62.79607,driven,556.948,489.878,629.789,346.298,-9.312,153.101,0
3765,62.81275,driven,535.212,484.744,633.151,356.960,-17.267,142.532,0
3766,62.82943,driven,515.436,477.137,637.437,372.081,-24.812,130.732,0
3767,62.84612,driven,497.679,467.533,638.896,390.211,-32.002,118.703,0
3768,62.8628,driven,482.090,456.452,636.862,412.104,-38.812,105.989,0
3769,62.87948,driven,469.127,444.816,630.107,447.384,-45.014,89.086,0
3770,62.89617,driven,459.503,434.293,613.853,480.087,-50.091,73.475,0
3771,62.91285,driven,452.396,425.147,586.415,514.366,-54.214,56.348,0
3772,62.92953,driven,450.590,422.589,556.063,544.230,-55.328,40.928,0
3773,62.94622,driven,450.590,422.589,519.545,568.075,-55.328,25.359,0
3774,62.9629,driven,450.590,422.589,468.241,582.619,-55.328,6.294,0
3775,62.97958,driven,456.255,430.281,416.576,586.315,-51.928,-14.268,0
3776,62.99627,driven,462.947,438.276,377.656,574.828,-48.217,-31.989,0
3777,63.01295,driven,470.041,445.722,342.443,543.905,-44.556,-52.423,0
3778,63.02963,driven,473.665,449.182,324.510,509.792,-42.773,-67.885,0
3779,63.04632,driven,476.161,451.443,316.669,473.423,-41.575,-82.153,0
3780,63.063,driven,477.924,452.983,317.569,438.584,-40.742,-95.131,0
3781,63.07968,driven,479.265,454.126,323.577,413.108,-40.115,-104.760,0
3782,63.09637,driven,480.916,455.499,336.336,384.664,-39.350,-116.102,0
3783,63.11305,driven,483.423,457.512,351.945,364.589,-38.206,-125.251,0
3784,63.12973,driven,487.259,460.440,370.335,349.761,-36.489,-133.428,0
3785,63.14642,driven,491.838,463.705,391.762,337.587,-34.487,-141.567,0
3786,63.1631,driven,498.282,467.908,412.031,331.960,-31.749,-147.607,0
3787,63.17978,driven,507.116,472.995,432.510,330.325,-28.121,-152.394,0
3788,63.19647,driven,517.061,477.878,449.103,331.923,-24.177,-155.033,0
3789,63.21315,driven,530.992,483.369,470.827,334.033,-18.846,-158.056,0
3790,63.22983,driven,546.605,487.833,485.758,338.773,-13.065,-157.794,0
3791,63.24652,driven,564.186,490.897,498.743,343.798,-6.711,-156.016,0
3792,63.2632,driven,583.771,491.998,511.487,348.137,0.274,-153.322,0
3793,63.27988,driven,603.906,490.637,521.764,352.168,7.461,-149.323,0
3794,63.29657,driven,624.178,486.645,529.636,356.327,14.819,-144.040,0
3795,63.31325,driven,643.573,480.171,535.341,360.978,22.100,-137.759,0
3796,63.32993,driven,662.315,471.108,538.888,367.731,29.514,-129.948,0
3797,63.34662,driven,679.874,459.594,541.916,376.596,36.992,-121.032,0
3798,63.3633,driven,695.524,446.150,544.873,389.357,44.339,-110.656,0
3799,63.37998,driven,708.818,431.454,549.835,406.044,51.396,-99.081,0
3800,63.39667,driven,719.045,417.097,558.293,426.033,57.672,-86.818,0
3801,63.41335,driven,727.722,401.544,573.940,449.211,64.013,-72.778,0
3802,63.43003,driven,733.485,388.229,596.540,472.887,69.178,-58.276,0
3803,63.44672,driven,737.437,376.500,627.256,493.893,73.584,-43.185,0
3804,63.4634,driven,739.870,367.234,666.878,510.737,76.994,-26.960,0
3805,63.48008,driven,741.025,361.808,708.536,519.496,78.968,-11.642,0
3806,63.49677,driven,741.164,361.088,757.564,521.251,79.229,5.846,0
3807,63.51345,driven,741.164,361.088,798.816,511.412,79.229,20.983,0
3808,63.53013,driven,741.164,361.088,840.265,487.974,79.229,37.991,0
3809,63.54682,driven,739.095,370.437,874.740,457.163,75.821,57.407,0
3810,63.5635,driven,735.587,382.364,891.069,424.154,71.396,74.956,0
3811,63.58018,driven,730.167,396.290,890.112,377.886,66.076,96.564,0
3812,63.59687,driven,725.568,405.802,874.893,345.611,62.315,111.954,0
3813,63.61355,driven,720.746,414.348,847.914,315.609,58.823,127.827,0
3814,63.63023,driven,715.470,422.503,816.833,297.416,55.365,140.981,0
3815,63.64692,driven,710.644,429.122,780.978,284.298,52.450,154.097,0
3816,63.6636,driven,704.433,436.712,748.366,281.823,48.959,164.164,0
3817,63.68028,driven,696.953,444.735,711.466,284.391,45.055,174.828,0
3818,63.69697,driven,687.299,453.649,676.611,293.004,40.377,-176.194,0
3819,63.71365,driven,675.242,462.956,641.906,305.445,34.955,-168.050,0
3820,63.73033,driven,660.802,471.954,609.287,319.417,28.897,-161.339,0
3821,63.74702,driven,645.087,479.547,574.707,334.745,22.683,-154.078,0
3822,63.7637,driven,628.002,485.583,538.042,352.060,16.231,-146.030,0
3823,63.78038,driven,608.719,489.932,500.524,370.707,9.192,-137.777,0
3824,63.79707,driven,589.764,491.858,462.533,393.200,2.408,-127.791,0
3825,63.81375,driven,569.429,491.427,425.554,419.172,-4.835,-116.666,0
3826,63.83043,driven,549.118,488.395,392.710,450.220,-12.148,-103.716,0
3827,63.84712,driven,526.613,481.803,365.816,489.891,-20.501,-87.120,0
3828,63.8638,driven,501.411,469.796,356.584,540.126,-30.449,-64.098,0
3829,63.88048,driven,474.453,449.906,370.642,572.967,-42.393,-40.150,0
3830,63.89717,driven,454.228,427.638,407.035,581.565,-53.113,-17.045,0
3831,63.91385,driven,443.372,411.156,451.646,571.943,-60.141,2.946,0
3832,63.93053,driven,436.883,398.609,488.732,551.032,-65.170,18.786,0
3833,63.94722,driven,433.579,390.952,522.705,525.032,-68.138,33.613,0
3834,63.9639,driven,432.524,388.254,550.774,497.515,-69.169,47.263,0
3835,63.98058,driven,432.524,388.254,572.778,467.310,-69.169,60.591,0
3836,63.99727,driven,432.524,388.254,586.779,434.367,-69.169,73.356,0
3837,64.01395,driven,433.387,390.473,594.025,401.270,-68.322,86.155,0
3838,64.03063,driven,433.531,390.834,593.346,371.337,-68.183,96.955,0
3839,64.04732,driven,434.375,392.900,587.941,344.542,-67.389,107.479,0
3840,64.064,driven,436.336,397.413,578.252,321.381,-65.638,118.180,0
3841,64.08068,driven,438.947,402.901,563.593,300.997,-63.475,129.267,0
3842,64.09737,driven,442.840,410.221,544.815,285.634,-60.524,140.699,0
3843,64.11405,driven,448.823,419.981,523.610,277.405,-56.449,152.321,0
3844,64.13073,driven,455.855,429.768,500.094,274.965,-52.160,164.051,0
3845,64.14742,driven,464.446,439.930,469.813,279.020,-47.422,178.090,0
