frame,time_s,phase,x_green,y_green,x_red,y_red,theta1_deg,theta2_deg,dropout
0,0.0,driven,663.552,484.999,662.544,637.996,0.207,-0.378,0
1,0.01668,driven,663.456,484.999,662.486,637.996,0.171,-0.363,0
2,0.03337,driven,663.456,484.999,662.486,637.996,0.171,-0.363,0
3,0.05005,driven,663.456,484.999,662.486,637.996,0.171,-0.363,0
4,0.06673,driven,663.456,484.999,662.613,637.997,0.171,-0.316,0
5,0.08342,driven,663.456,484.999,662.720,637.998,0.171,-0.276,0
6,0.1001,driven,663.527,484.999,662.854,637.998,0.197,-0.252,0
7,0.11678,driven,663.535,484.999,662.854,637.998,0.200,-0.255,0
8,0.13347,driven,663.535,484.999,662.854,637.998,0.200,-0.255,0
9,0.15015,driven,663.565,484.999,662.513,637.995,0.211,-0.394,0
10,0.16683,driven,663.565,484.999,662.513,637.995,0.211,-0.394,0
11,0.18352,driven,663.736,484.998,662.459,637.993,0.276,-0.478,0
12,0.2002,driven,664.109,484.996,662.446,637.987,0.415,-0.623,0
13,0.21688,driven,664.109,484.996,662.445,637.987,0.415,-0.623,0
14,0.23357,driven,664.109,484.996,662.445,637.987,0.415,-0.623,0
15,0.25025,driven,664.038,484.996,662.446,637.988,0.389,-0.596,0
16,0.26693,driven,664.038,484.996,662.446,637.988,0.389,-0.596,0
17,0.28362,driven,664.038,484.996,662.345,637.987,0.389,-0.634,0
18,0.3003,driven,664.038,484.996,662.399,637.988,0.389,-0.614,0
19,0.31698,driven,664.038,484.996,662.399,637.988,0.389,-0.614,0
20,0.33367,driven,664.097,484.996,662.399,637.987,0.411,-0.636,0
21,0.35035,driven,664.097,484.996,662.467,637.987,0.411,-0.611,0
22,0.36703,driven,664.097,484.996,662.526,637.988,0.411,-0.588,0
23,0.38372,driven,664.097,484.996,662.526,637.988,0.411,-0.588,0
24,0.4004,driven,663.907,484.997,662.467,637.991,0.340,-0.539,0
25,0.41708,driven,663.887,484.997,662.316,637.989,0.332,-0.588,0
26,0.43377,driven,663.887,484.997,662.001,637.986,0.332,-0.706,0
27,0.45045,driven,663.887,484.997,661.835,637.984,0.332,-0.768,0
28,0.46713,driven,663.887,484.997,661.814,637.983,0.332,-0.776,0
29,0.48382,driven,663.890,484.997,661.788,637.983,0.333,-0.787,0
30,0.5005,driven,663.890,484.997,661.591,637.980,0.333,-0.861,0
31,0.51718,driven,663.899,484.997,661.591,637.980,0.337,-0.864,0
32,0.53387,driven,664.008,484.997,661.586,637.978,0.377,-0.907,0
33,0.55055,driven,663.899,484.997,661.591,637.980,0.337,-0.864,0
34,0.56723,driven,663.784,484.998,661.596,637.982,0.294,-0.820,0
35,0.58392,driven,663.784,484.998,661.619,637.983,0.294,-0.811,0
36,0.6006,driven,663.672,484.999,661.668,637.985,0.252,-0.750,0
37,0.61728,driven,663.672,484.999,661.686,637.986,0.252,-0.744,0
38,0.63397,driven,663.784,484.998,661.668,637.983,0.294,-0.792,0
39,0.65065,driven,663.741,484.998,661.729,637.985,0.278,-0.754,0
40,0.66733,driven,663.741,484.998,661.729,637.985,0.278,-0.754,0
41,0.68402,driven,663.741,484.998,661.738,637.985,0.278,-0.750,0
42,0.7007,driven,663.737,484.998,661.716,637.985,0.276,-0.757,0
43,0.71738,driven,663.737,484.998,661.716,637.985,0.276,-0.757,0
44,0.73407,driven,663.737,484.998,661.682,637.984,0.276,-0.769,0
45,0.75075,driven,663.743,484.998,661.633,637.984,0.278,-0.790,0
46,0.76743,driven,663.806,484.998,661.630,637.982,0.302,-0.815,0
47,0.78412,driven,663.806,484.998,661.590,637.982,0.302,-0.830,0
48,0.8008,driven,663.752,484.998,661.593,637.983,0.282,-0.809,0
49,0.81748,driven,663.806,484.998,661.593,637.982,0.302,-0.829,0
50,0.83417,driven,663.854,484.998,661.630,637.981,0.320,-0.833,0
51,0.85085,driven,663.909,484.997,661.593,637.980,0.340,-0.867,0
52,0.86753,driven,663.909,484.997,661.593,637.980,0.340,-0.867,0
53,0.88422,driven,663.909,484.997,661.532,637.979,0.340,-0.890,0
54,0.9009,driven,663.789,484.998,661.486,637.981,0.296,-0.863,0
55,0.91758,driven,663.789,484.998,661.486,637.981,0.296,-0.863,0
56,0.93427,driven,663.645,484.999,661.486,637.983,0.241,-0.808,0
57,0.95095,driven,663.645,484.999,661.589,637.985,0.241,-0.770,0
58,0.96763,driven,663.797,484.998,661.589,637.982,0.298,-0.827,0
59,0.98432,driven,663.946,484.997,661.589,637.979,0.354,-0.883,0
60,1.001,driven,663.946,484.997,661.577,637.979,0.354,-0.887,0
61,1.01768,driven,663.961,484.997,661.573,637.978,0.360,-0.894,0
62,1.03437,driven,664.025,484.997,661.521,637.976,0.384,-0.938,0
63,1.05105,driven,664.025,484.997,661.521,637.976,0.384,-0.938,0
64,1.06773,driven,664.025,484.997,661.521,637.976,0.384,-0.938,0
65,1.08442,driven,663.884,484.997,661.521,637.979,0.331,-0.885,0
66,1.1011,driven,663.712,484.998,661.557,637.983,0.267,-0.807,0
67,1.11778,driven,663.666,484.999,661.557,637.984,0.249,-0.790,0
68,1.13447,driven,663.666,484.999,661.607,637.985,0.249,-0.771,0
69,1.15115,driven,663.593,484.999,661.600,637.986,0.222,-0.746,0
70,1.16783,driven,663.449,484.999,661.607,637.988,0.168,-0.690,0
71,1.18452,driven,663.449,484.999,661.620,637.988,0.168,-0.685,0
72,1.2012,driven,663.593,484.999,661.636,637.986,0.222,-0.733,0
73,1.21788,driven,663.593,484.999,661.651,637.987,0.222,-0.727,0
74,1.23457,driven,663.662,484.999,661.651,637.985,0.248,-0.753,0
75,1.25125,driven,663.862,484.998,661.636,637.981,0.323,-0.834,0
76,1.26793,driven,663.862,484.998,661.651,637.982,0.323,-0.828,0
77,1.28462,driven,663.846,484.998,661.607,637.981,0.317,-0.838,0
78,1.3013,driven,663.846,484.998,661.607,637.981,0.317,-0.838,0
79,1.31798,driven,663.824,484.998,661.686,637.983,0.308,-0.801,0
80,1.33467,driven,663.757,484.998,661.686,637.984,0.283,-0.775,0
81,1.35135,driven,663.621,484.999,661.719,637.987,0.233,-0.712,0
82,1.36803,driven,663.621,484.999,661.719,637.987,0.233,-0.712,0
83,1.38472,driven,663.751,484.998,661.719,637.985,0.281,-0.761,0
84,1.4014,driven,663.751,484.998,661.719,637.985,0.281,-0.761,0
85,1.41808,driven,663.757,484.998,661.774,637.985,0.284,-0.743,0
86,1.43477,driven,663.872,484.998,661.774,637.983,0.326,-0.785,0
87,1.45145,driven,663.872,484.998,661.786,637.983,0.326,-0.781,0
88,1.46813,driven,663.872,484.998,661.774,637.983,0.326,-0.785,0
89,1.48482,driven,663.644,484.999,661.774,637.987,0.241,-0.700,0
90,1.5015,driven,663.496,484.999,661.819,637.990,0.186,-0.628,0
91,1.51818,driven,663.327,485.000,662.399,637.997,0.122,-0.348,0
92,1.53487,driven,660.111,484.973,663.466,637.936,-1.082,1.257,0
93,1.55155,driven,655.810,484.831,665.682,637.512,-2.694,3.700,0
94,1.56823,driven,649.641,484.416,668.474,636.252,-5.009,7.071,0
95,1.58492,driven,640.102,483.277,671.421,633.037,-8.607,11.812,0
96,1.6016,driven,628.310,481.015,674.150,626.987,-13.105,17.434,0
97,1.61828,driven,615.876,477.562,674.321,618.959,-17.939,22.457,0
98,1.63497,driven,604.663,473.442,674.305,609.673,-22.414,27.076,0
99,1.65165,driven,592.402,467.739,671.296,598.829,-27.479,31.041,0
100,1.66833,driven,580.585,460.906,666.042,587.816,-32.592,33.955,0
101,1.68502,driven,569.357,452.996,658.626,577.253,-37.738,35.694,0
102,1.7017,driven,559.248,444.448,649.108,568.278,-42.697,35.967,0
103,1.71838,driven,550.090,435.249,637.705,560.679,-47.559,34.935,0
104,1.73507,driven,542.198,425.893,625.516,554.217,-52.144,32.995,0
105,1.75175,driven,536.299,417.766,612.004,550.723,-55.905,29.657,0
106,1.76843,driven,532.564,411.972,598.628,549.974,-58.487,25.581,0
107,1.78512,driven,532.564,411.972,587.358,554.824,-58.487,20.985,0
108,1.8018,driven,532.564,411.972,573.252,559.462,-58.487,15.423,0
109,1.81848,driven,532.571,411.983,557.967,562.861,-58.482,9.555,0
110,1.83517,driven,536.945,418.713,542.749,571.603,-55.476,2.174,0
111,1.85185,driven,545.384,429.854,526.188,581.645,-50.240,-7.207,0
112,1.86853,driven,558.133,443.409,506.500,587.433,-43.267,-19.723,0
113,1.88522,driven,575.557,457.550,489.941,584.352,-34.856,-34.027,0
114,1.9019,driven,596.077,469.588,487.400,577.282,-25.938,-45.260,0
115,1.91858,driven,615.416,477.412,486.270,559.451,-18.120,-57.575,0
116,1.93527,driven,634.896,482.397,492.497,538.356,-10.585,-68.546,0
117,1.95195,driven,653.947,484.732,505.940,523.496,-3.392,-75.324,0
118,1.96863,driven,674.074,484.599,523.308,510.652,4.151,-80.196,0
119,1.98532,driven,695.140,481.586,543.440,501.483,12.126,-82.528,0
120,2.002,driven,716.444,475.362,564.903,496.439,20.445,-82.082,0
121,2.01868,driven,736.510,466.184,586.517,496.370,28.715,-78.621,0
122,2.03537,driven,755.024,454.231,607.963,496.446,36.975,-73.984,0
123,2.05205,driven,771.460,439.914,631.898,502.615,45.145,-65.807,0
124,2.06873,driven,785.131,424.158,659.335,511.246,52.962,-55.305,0
125,2.08542,driven,794.934,409.475,689.965,520.787,59.578,-43.320,0
126,2.1021,driven,801.047,397.969,723.219,529.695,64.458,-30.576,0
127,2.11878,driven,801.635,396.724,756.040,542.772,64.974,-17.338,0
128,2.13547,driven,801.635,396.724,793.412,549.503,64.974,-3.081,0
129,2.15215,driven,801.635,396.724,832.176,546.645,64.974,11.514,0
130,2.16883,driven,795.515,408.478,868.808,542.780,60.010,28.623,0
131,2.18552,driven,782.629,427.383,900.445,524.996,51.434,50.358,0
132,2.2022,driven,769.477,441.871,911.897,497.776,44.101,68.568,0
133,2.21888,driven,755.563,453.824,908.443,459.871,37.228,87.735,0
134,2.23557,driven,743.496,462.113,892.849,428.906,31.743,102.535,0
135,2.25225,driven,731.919,468.598,870.679,404.142,26.773,114.916,0
136,2.26893,driven,720.199,473.906,844.485,384.675,21.953,125.676,0
137,2.28562,driven,707.227,478.468,815.375,370.241,16.802,135.021,0
138,2.3023,driven,693.039,482.022,786.463,360.858,11.322,142.366,0
139,2.31898,driven,675.402,484.497,757.341,355.287,4.650,147.619,0
140,2.33567,driven,653.588,484.710,729.200,351.699,-3.527,150.383,0
141,2.35235,driven,633.505,482.130,705.583,347.172,-11.115,151.894,0
142,2.36903,driven,610.487,475.706,683.469,341.234,-20.073,151.510,0
143,2.38572,driven,590.010,466.467,667.723,334.673,-28.494,149.474,0
144,2.4024,driven,571.835,454.874,648.010,322.184,-36.573,150.140,0
145,2.41908,driven,556.207,441.564,635.898,310.956,-44.266,148.610,0
146,2.43577,driven,544.443,428.712,621.755,296.683,-50.794,149.648,0
147,2.45245,driven,536.767,418.453,607.288,282.675,-55.594,152.553,0
148,2.46913,driven,532.527,411.911,591.999,270.942,-58.514,157.126,0
149,2.48582,driven,531.037,409.426,574.149,262.625,-59.599,163.634,0
150,2.5025,driven,531.037,409.426,555.987,258.474,-59.599,170.615,0
151,2.51918,driven,531.037,409.426,535.570,256.493,-59.599,178.302,0
152,2.53587,driven,534.400,414.891,514.816,263.150,-57.196,-172.646,0
153,2.55255,driven,540.694,423.925,493.740,278.308,-53.071,-162.128,0
154,2.56923,driven,548.734,433.746,473.535,300.501,-48.317,-150.561,0
155,2.58592,driven,558.222,443.493,455.104,330.463,-43.222,-137.626,0
156,2.6026,driven,569.148,452.834,441.890,367.896,-37.837,-123.721,0
157,2.61928,driven,580.024,460.546,435.197,411.210,-32.842,-108.812,0
158,2.63597,driven,591.083,467.044,438.084,466.556,-28.037,-90.183,0
159,2.65265,driven,599.859,471.364,456.222,524.064,-24.374,-69.852,0
160,2.66933,driven,608.547,474.982,495.928,578.548,-20.849,-47.398,0
161,2.68602,driven,617.414,478.051,552.845,616.759,-17.334,-24.962,0
162,2.7027,driven,628.592,481.081,618.796,633.767,-12.996,-3.671,0
163,2.71938,driven,643.468,483.748,688.710,629.906,-7.334,17.199,0
164,2.73607,driven,660.658,484.982,743.136,613.848,-0.877,32.621,0
165,2.75275,driven,682.634,483.735,793.407,589.274,7.373,46.386,0
166,2.76943,driven,704.547,479.251,834.141,560.580,15.757,57.889,0
167,2.78612,driven,727.507,470.737,867.606,532.228,24.937,66.303,0
168,2.8028,driven,746.250,460.369,893.471,502.021,32.964,74.203,0
169,2.81948,driven,762.266,448.427,913.313,472.796,40.451,80.835,0
170,2.83617,driven,773.737,437.576,926.577,444.581,46.367,87.376,0
171,2.85285,driven,781.432,428.865,933.977,417.070,50.721,94.422,0
172,2.86953,driven,785.631,423.491,935.443,392.417,53.275,101.718,0
173,2.88622,driven,785.631,423.491,929.370,371.068,53.275,110.037,0
174,2.9029,driven,785.631,423.491,921.110,352.396,53.275,117.689,0
175,2.91958,driven,784.657,424.782,910.029,337.083,52.669,124.973,0
176,2.93627,driven,781.122,429.243,894.707,326.738,50.537,132.065,0
177,2.95295,driven,776.035,435.112,878.584,321.565,47.629,137.914,0
178,2.96963,driven,768.990,442.341,861.067,320.149,43.848,143.000,0
179,2.98632,driven,759.841,450.452,842.862,321.935,39.268,147.138,0
180,3.003,driven,747.971,459.236,824.640,326.831,33.736,149.927,0
181,3.01968,driven,733.532,467.773,808.585,334.445,27.451,150.624,0
182,3.03637,driven,715.698,475.638,794.318,344.384,20.147,149.079,0
183,3.05305,driven,694.254,481.774,782.050,356.470,11.787,144.982,0
184,3.06973,driven,672.287,484.718,771.577,368.311,3.480,139.538,0
185,3.08642,driven,648.104,484.273,763.287,383.566,-5.587,131.164,0
186,3.1031,driven,627.181,480.748,757.660,400.847,-13.539,121.482,0
187,3.11978,driven,608.725,475.050,751.799,420.838,-20.777,110.752,0
188,3.13647,driven,594.727,468.922,745.749,444.400,-26.502,99.223,0
189,3.15315,driven,588.429,465.597,741.383,469.381,-29.169,88.583,0
190,3.16983,driven,588.429,465.597,738.275,496.505,-29.169,78.346,0
191,3.18652,driven,588.429,465.597,729.611,524.562,-29.169,67.332,0
192,3.2032,driven,595.264,469.189,721.923,555.017,-26.277,55.877,0
193,3.21988,driven,605.538,473.799,710.443,585.172,-22.060,43.287,0
194,3.23657,driven,621.575,479.285,692.905,614.640,-15.709,27.789,0
195,3.25325,driven,642.411,483.608,669.494,634.192,-7.734,10.196,0
196,3.26993,driven,667.775,484.925,629.539,633.071,1.788,-14.472,0
197,3.28662,driven,689.501,482.687,609.931,613.368,9.975,-31.337,0
198,3.3033,driven,706.842,478.584,595.614,583.642,16.651,-46.634,0
199,3.31998,driven,721.502,473.374,591.298,553.722,22.480,-58.321,0
200,3.33667,driven,736.593,466.138,592.568,517.769,28.751,-70.278,0
201,3.35335,driven,749.999,457.857,599.220,483.828,34.654,-80.227,0
202,3.37003,driven,762.091,448.576,609.164,453.306,40.365,-88.228,0
203,3.38672,driven,773.513,437.810,620.984,425.819,46.245,-94.495,0
204,3.4034,driven,783.686,426.042,632.667,401.500,52.073,-99.230,0
205,3.42008,driven,791.842,414.516,643.057,378.850,57.363,-103.480,0
206,3.43677,driven,796.760,406.278,652.190,356.192,60.956,-109.109,0
207,3.45345,driven,797.855,404.270,660.839,336.186,61.813,-116.423,0
208,3.47013,driven,797.855,404.270,672.601,316.406,61.813,-125.049,0
209,3.48682,driven,797.855,404.270,685.607,300.302,61.813,-132.807,0
210,3.5035,driven,794.595,410.049,702.453,287.907,59.328,-142.970,0
211,3.52018,driven,788.855,419.003,721.118,281.815,55.344,-153.722,0
212,3.53687,driven,781.454,428.838,745.178,280.201,50.733,-166.285,0
213,3.55355,driven,772.046,439.322,771.545,286.323,45.456,-179.812,0
214,3.57023,driven,760.657,449.780,797.568,301.299,39.664,166.040,0
215,3.58692,driven,748.202,459.081,822.002,325.056,33.840,151.161,0
216,3.6036,driven,735.454,466.757,844.434,359.368,28.265,134.579,0
217,3.62028,driven,724.246,472.207,859.681,401.027,23.597,117.725,0
218,3.63697,driven,715.373,475.757,866.870,454.363,20.018,98.038,0
219,3.65365,driven,708.288,478.144,856.703,515.320,17.218,75.937,0
220,3.67033,driven,702.849,479.720,830.392,564.229,15.097,56.472,0
221,3.68702,driven,698.056,480.930,764.794,618.607,13.246,25.861,0
222,3.7037,driven,692.325,482.163,702.650,634.815,11.050,3.869,0
223,3.72038,driven,684.375,483.500,631.506,627.075,8.031,-20.215,0
224,3.73707,driven,670.554,484.813,583.597,610.700,2.830,-34.635,0
225,3.75375,driven,653.516,484.706,533.490,579.588,-3.554,-51.673,0
226,3.77043,driven,634.569,482.335,496.398,548.044,-10.709,-64.566,0
227,3.78712,driven,612.792,476.527,465.602,518.291,-19.157,-74.159,0
228,3.8038,driven,595.644,469.376,443.682,487.170,-26.119,-83.321,0
229,3.82048,driven,581.234,461.319,428.291,457.138,-32.305,-91.566,0
230,3.83717,driven,568.781,452.548,417.555,429.315,-38.011,-98.734,0
231,3.85385,driven,560.428,445.525,413.272,403.643,-42.099,-105.887,0
232,3.87053,driven,555.445,440.816,413.765,383.061,-44.666,-112.178,0
233,3.88722,driven,555.445,440.816,420.773,368.206,-44.666,-118.332,0
234,3.9039,driven,555.445,440.816,429.002,354.671,-44.666,-124.266,0
235,3.92058,driven,559.179,444.384,441.313,346.832,-42.732,-129.613,0
236,3.93727,driven,565.022,449.513,454.914,343.280,-39.820,-133.974,0
237,3.95395,driven,572.327,455.237,468.433,342.920,-36.344,-137.231,0
238,3.97063,driven,582.940,462.381,485.775,344.195,-31.552,-140.575,0
239,3.98732,driven,596.436,469.761,499.559,351.338,-25.789,-140.715,0
240,4.004,driven,612.760,476.516,513.152,360.382,-19.170,-139.380,0
241,4.02068,driven,631.213,481.661,525.669,370.894,-11.991,-136.383,0
242,4.03737,driven,652.080,484.610,534.205,387.068,-4.093,-129.608,0
243,4.05405,driven,674.835,484.542,542.752,407.322,4.437,-120.312,0
244,4.07073,driven,695.966,481.406,552.140,429.223,12.443,-109.942,0
245,4.08742,driven,715.127,475.846,563.196,457.793,19.919,-96.776,0
246,4.1041,driven,729.612,469.738,577.798,488.751,25.809,-82.862,0
247,4.12078,driven,738.462,465.096,596.441,522.009,29.552,-68.162,0
248,4.13747,driven,738.462,465.096,617.268,558.483,29.552,-52.384,0
249,4.15415,driven,738.462,465.096,650.248,590.105,29.552,-35.209,0
250,4.17083,driven,734.092,467.480,689.314,613.781,27.688,-17.018,0
251,4.18752,driven,719.110,474.340,735.679,626.440,21.514,6.217,0
252,4.2042,driven,696.563,481.273,776.582,611.680,12.672,31.534,0
253,4.22088,driven,680.946,483.944,802.898,576.339,6.736,52.851,0
254,4.23757,driven,668.832,484.889,812.576,537.299,2.185,69.968,0
255,4.25425,driven,661.626,484.994,814.379,493.691,-0.515,86.741,0
256,4.27093,driven,655.113,484.797,805.292,455.554,-2.955,101.019,0
257,4.28762,driven,647.842,484.247,787.707,422.224,-5.686,113.915,0
258,4.3043,driven,637.807,482.912,762.571,394.351,-9.478,125.368,0
259,4.32098,driven,627.477,480.819,734.818,371.792,-13.425,135.446,0
260,4.33767,driven,616.482,477.757,705.648,353.425,-17.701,144.353,0
261,4.35435,driven,604.098,473.208,676.479,338.411,-22.643,151.766,0
262,4.37103,driven,590.933,466.964,647.412,324.770,-28.101,158.337,0
263,4.38772,driven,577.527,458.899,622.002,312.506,-33.962,163.101,0
264,4.4044,driven,566.731,450.917,594.126,300.390,-38.992,169.685,0
265,4.42108,driven,557.100,442.428,566.537,289.719,-43.801,176.464,0
266,4.43777,driven,550.605,435.809,536.475,283.463,-47.274,-174.701,0
267,4.45445,driven,545.866,430.431,505.272,282.914,-49.959,-164.614,0
268,4.47113,driven,542.730,426.573,477.327,288.257,-51.821,-154.693,0
269,4.48782,driven,540.574,423.765,449.143,301.089,-53.146,-143.303,0
270,4.5045,driven,540.574,423.765,426.240,322.095,-53.146,-131.645,0
271,4.52118,driven,540.574,423.765,407.345,348.539,-53.146,-119.451,0
272,4.53787,driven,543.702,427.796,397.654,382.199,-51.236,-107.339,0
273,4.55455,driven,548.299,433.255,395.547,424.537,-48.563,-93.266,0
274,4.57123,driven,553.675,439.038,403.547,468.545,-45.606,-78.881,0
275,4.58792,driven,560.296,445.405,422.498,511.896,-42.165,-64.242,0
276,4.6046,driven,568.616,452.419,454.937,554.820,-38.089,-47.987,0
277,4.62128,driven,580.372,460.770,494.770,587.581,-32.687,-34.021,0
278,4.63797,driven,594.086,468.601,541.129,612.144,-26.771,-20.250,0
279,4.65465,driven,610.626,475.757,591.233,627.523,-20.018,-7.282,0
280,4.67133,driven,629.666,481.325,642.763,633.763,-12.584,4.911,0
281,4.68802,driven,652.373,484.631,689.939,632.947,-3.983,14.213,0
282,4.7047,driven,678.507,484.212,732.677,627.302,5.817,20.735,0
283,4.72138,driven,703.538,479.532,772.361,616.179,15.364,26.733,0
284,4.73807,driven,728.621,470.213,807.740,601.168,25.397,31.139,0
285,4.75475,driven,749.944,457.896,840.327,581.346,34.629,36.209,0
286,4.77143,driven,767.061,444.162,868.995,558.260,42.854,41.777,0
287,4.78812,driven,779.578,431.088,895.260,531.222,49.636,49.120,0
288,4.8048,driven,788.066,420.133,917.675,501.438,54.828,57.899,0
289,4.82148,driven,789.312,418.339,933.851,468.512,55.646,70.857,0
290,4.83817,driven,789.312,418.339,941.656,432.490,55.646,84.693,0
291,4.85485,driven,789.312,418.339,940.376,394.078,55.646,99.124,0
292,4.87153,driven,787.042,421.569,928.507,363.288,54.168,112.391,0
293,4.88822,driven,783.870,425.805,907.994,336.349,52.186,125.780,0
294,4.9049,driven,779.730,430.910,881.959,317.075,49.724,138.075,0
295,4.92158,driven,774.697,436.560,852.629,304.895,46.890,149.379,0
296,4.93827,driven,768.226,443.070,821.653,299.701,43.452,159.562,0
297,4.95495,driven,759.895,450.408,788.271,300.062,39.294,169.312,0
298,4.97163,driven,749.315,458.328,755.533,305.454,34.343,177.671,0
299,4.98832,driven,736.214,466.346,723.716,313.857,28.589,-175.315,0
300,5.005,driven,719.672,474.117,692.918,323.474,21.741,-169.929,0
301,5.02168,driven,701.969,479.954,662.333,332.177,14.756,-164.986,0
302,5.03837,driven,682.072,483.807,631.145,339.531,7.161,-160.558,0
303,5.05505,driven,659.529,484.961,597.807,344.963,-1.300,-156.208,0
304,5.07173,driven,640.315,483.309,563.068,351.241,-8.527,-149.677,0
305,5.08842,driven,621.172,479.171,526.460,359.010,-15.866,-141.754,0
306,5.1051,driven,604.312,473.297,489.689,371.953,-22.556,-131.482,0
307,5.12178,driven,589.206,466.028,455.671,391.346,-28.837,-119.217,0
308,5.13847,driven,575.489,457.502,428.019,416.737,-34.888,-105.452,0
309,5.15515,driven,561.451,446.441,408.477,449.241,-41.584,-88.951,0
310,5.17183,driven,549.028,434.075,406.290,489.164,-48.152,-68.896,0
311,5.18852,driven,543.177,427.139,418.053,515.190,-51.550,-54.866,0
312,5.2052,driven,543.177,427.139,438.622,538.841,-51.550,-43.107,0
313,5.22188,driven,543.177,427.139,462.355,557.050,-51.550,-31.887,0
314,5.23857,driven,548.801,433.821,486.509,573.566,-48.279,-24.025,0
315,5.25525,driven,557.151,442.476,512.303,588.756,-43.775,-17.045,0
316,5.27193,driven,568.129,452.035,536.640,601.760,-38.322,-11.877,0
317,5.28862,driven,584.978,463.611,560.210,614.593,-30.660,-9.316,0
318,5.3053,driven,604.725,473.467,583.346,624.966,-22.388,-8.032,0
319,5.32198,driven,626.472,480.576,606.194,632.226,-13.812,-7.616,0
320,5.33867,driven,649.746,484.425,628.743,635.976,-4.970,-7.890,0
321,5.35535,driven,676.677,484.387,652.656,635.490,5.129,-9.033,0
322,5.37203,driven,702.077,479.926,678.583,631.111,14.797,-8.833,0
323,5.38872,driven,725.113,471.825,705.260,623.531,23.952,-7.456,0
324,5.4054,driven,745.201,461.042,734.609,613.675,32.498,-3.970,0
325,5.42208,driven,761.028,449.471,765.831,602.396,39.844,1.799,0
326,5.43877,driven,771.654,439.719,797.967,590.439,45.247,9.903,0
327,5.45545,driven,777.911,433.017,832.456,575.964,48.682,20.885,0
328,5.47213,driven,777.911,433.017,866.026,558.096,48.682,35.164,0
329,5.48882,driven,777.911,433.017,894.933,531.581,48.682,49.893,0
330,5.5055,driven,773.394,437.935,914.232,497.715,46.181,67.000,0
331,5.52218,driven,767.993,443.290,919.899,461.560,43.332,83.142,0
332,5.53887,driven,763.496,447.367,915.076,426.570,41.059,97.812,0
333,5.55555,driven,759.257,450.927,901.698,395.074,38.986,111.411,0
334,5.57223,driven,755.094,454.179,882.818,369.944,37.008,123.405,0
335,5.58892,driven,750.751,457.334,859.662,349.875,34.997,134.616,0
336,5.6056,driven,743.758,461.951,832.561,337.360,31.859,144.520,0
337,5.62228,driven,733.548,467.764,803.965,331.932,27.458,152.597,0
338,5.63897,driven,720.898,473.622,774.198,330.207,22.236,159.612,0
339,5.65565,driven,706.221,478.768,745.631,330.931,16.409,165.074,0
340,5.67233,driven,689.543,482.680,718.998,332.542,9.991,168.900,0
341,5.68902,driven,671.094,484.786,693.057,333.370,3.032,171.747,0
342,5.7057,driven,650.277,484.470,671.625,332.967,-4.770,171.979,0
343,5.72238,driven,628.414,481.040,646.536,329.117,-13.065,173.198,0
344,5.73907,driven,610.106,475.566,624.065,323.204,-20.225,174.766,0
345,5.75575,driven,592.149,467.606,600.636,314.842,-27.586,176.820,0
346,5.77243,driven,577.937,459.174,575.943,306.187,-33.777,-179.253,0
347,5.78912,driven,568.963,452.690,548.046,301.127,-37.924,-172.142,0
348,5.8058,driven,562.460,447.329,518.869,300.670,-41.081,-163.447,0
349,5.82248,driven,559.357,444.548,493.848,306.282,-42.641,-154.649,0
350,5.83917,driven,559.357,444.548,469.833,320.474,-42.641,-144.188,0
351,5.85585,driven,559.357,444.548,447.022,340.674,-42.641,-132.759,0
352,5.87253,driven,563.693,448.392,431.618,371.157,-40.471,-120.318,0
353,5.88922,driven,568.067,451.986,422.265,405.609,-38.351,-107.645,0
354,5.9059,driven,572.821,455.599,419.885,451.156,-36.115,-91.664,0
355,5.92258,driven,578.040,459.243,429.807,497.136,-33.731,-75.661,0
356,5.93927,driven,583.985,463.018,452.164,540.685,-31.093,-59.494,0
357,5.95595,driven,591.517,467.275,491.066,582.681,-27.853,-41.037,0
358,5.97263,driven,600.456,471.633,539.220,611.844,-24.128,-23.593,0
359,5.98932,driven,612.284,476.350,594.406,628.302,-19.358,-6.710,0
360,6.006,driven,627.525,480.831,644.786,632.854,-13.407,6.478,0
361,6.02268,driven,646.420,484.099,694.563,629.328,-6.221,18.340,0
362,6.03937,driven,667.874,484.922,739.161,620.300,1.826,27.770,0
363,6.05605,driven,690.063,482.588,779.006,607.079,10.188,35.544,0
364,6.07273,driven,714.253,476.160,814.013,592.164,19.572,40.695,0
365,6.08942,driven,737.155,465.828,844.492,574.860,28.991,44.551,0
366,6.1061,driven,756.424,453.165,870.235,555.420,37.634,48.061,0
367,6.12278,driven,771.749,439.623,892.523,533.551,45.298,52.127,0
368,6.13947,driven,782.144,427.988,911.817,509.191,51.144,57.944,0
369,6.15615,driven,784.302,425.246,926.688,481.238,52.450,68.533,0
370,6.17283,driven,784.302,425.246,934.969,451.862,52.450,79.982,0
371,6.18952,driven,784.302,425.246,937.241,420.905,52.450,91.626,0
372,6.2062,driven,781.977,428.194,930.928,393.226,51.044,103.212,0
373,6.22288,driven,778.571,432.262,917.691,368.585,49.057,114.594,0
374,6.23957,driven,773.775,437.537,898.986,349.610,46.387,125.078,0
375,6.25625,driven,767.444,443.805,877.036,337.041,43.050,134.251,0
376,6.27293,driven,759.396,450.814,853.095,329.862,39.053,142.236,0
377,6.28962,driven,749.473,458.220,828.795,327.387,34.415,148.772,0
378,6.3063,driven,737.037,465.893,803.568,328.116,28.941,154.225,0
379,6.32298,driven,721.666,473.306,777.843,330.992,22.547,158.459,0
380,6.33967,driven,702.829,479.725,755.619,336.120,15.089,159.816,0
381,6.35635,driven,683.164,483.665,736.050,340.097,7.573,159.778,0
382,6.37303,driven,661.036,484.987,719.068,343.420,-0.735,157.710,0
383,6.38972,driven,637.172,482.804,704.299,345.316,-9.719,153.977,0
384,6.4064,driven,612.411,476.394,691.728,345.559,-19.308,148.774,0
385,6.42308,driven,590.519,466.742,682.955,344.822,-28.277,142.832,0
386,6.43977,driven,571.972,454.975,676.216,342.984,-36.509,137.052,0
387,6.45645,driven,558.403,443.662,670.722,339.770,-43.129,132.768,0
388,6.47313,driven,548.230,433.177,666.545,336.169,-48.602,129.349,0
389,6.48982,driven,548.230,433.177,662.832,331.810,-48.602,131.493,0
390,6.5065,driven,548.230,433.177,657.298,325.878,-48.602,134.532,0
391,6.52318,driven,549.859,434.996,651.865,320.961,-47.687,138.187,0
392,6.53987,driven,556.864,442.201,646.794,318.420,-43.924,144.001,0
393,6.55655,driven,566.528,450.753,641.914,317.614,-39.089,150.481,0
394,6.57323,driven,581.310,461.366,633.806,317.655,-32.271,159.933,0
395,6.58992,driven,598.018,470.515,624.784,319.874,-25.133,169.925,0
396,6.6066,driven,616.477,477.755,615.865,324.757,-17.702,-179.771,0
397,6.62328,driven,638.638,483.048,605.645,333.648,-9.162,-167.547,0
398,6.63997,driven,660.074,484.972,594.644,346.668,-1.096,-154.682,0
399,6.65665,driven,685.727,483.303,584.936,368.193,8.542,-138.795,0
400,6.67333,driven,709.434,477.784,580.763,395.003,17.667,-122.755,0
401,6.69002,driven,728.598,470.224,580.092,433.413,25.388,-103.922,0
402,6.7067,driven,745.602,460.786,593.552,477.810,32.676,-83.612,0
403,6.72338,driven,759.260,450.924,625.389,525.001,38.988,-61.042,0
404,6.74007,driven,759.260,450.924,665.231,571.620,38.988,-37.921,0
405,6.75675,driven,759.260,450.924,718.562,598.412,38.988,-15.427,0
406,6.77343,driven,755.496,453.875,794.324,601.866,37.196,14.701,0
407,6.79012,driven,741.819,463.136,840.831,579.779,31.008,40.326,0
408,6.8068,driven,731.006,469.055,870.641,531.594,26.390,65.874,0
409,6.82348,driven,728.796,470.130,881.618,477.500,25.470,87.239,0
410,6.84017,driven,728.796,470.130,873.897,421.606,25.470,108.491,0
411,6.85685,driven,728.796,470.130,854.188,382.461,25.470,124.960,0
412,6.87353,driven,733.504,467.787,826.499,346.292,27.439,142.569,0
413,6.89022,driven,737.863,465.434,793.458,322.892,29.295,158.693,0
414,6.9069,driven,737.863,465.434,755.677,313.474,29.295,173.314,0
415,6.92358,driven,737.863,465.434,716.562,313.924,29.295,-171.997,0
416,6.94027,driven,735.067,466.964,682.031,323.451,28.101,-159.718,0
417,6.95695,driven,724.823,471.953,648.305,339.462,23.833,-149.992,0
418,6.97363,driven,713.834,476.308,616.301,358.426,19.405,-140.396,0
419,6.99032,driven,700.077,480.439,584.725,379.927,14.024,-131.067,0
420,7.007,driven,683.494,483.621,552.669,404.287,7.698,-121.233,0
421,7.02368,driven,666.732,484.954,522.850,432.927,1.398,-109.880,0
422,7.04037,driven,645.674,484.016,493.920,464.532,-6.502,-97.316,0
423,7.05705,driven,622.726,479.604,471.479,502.701,-15.262,-81.318,0
424,7.07373,driven,597.518,470.279,465.734,548.009,-25.340,-59.467,0
425,7.09042,driven,567.948,451.892,472.993,571.861,-38.408,-38.361,0
426,7.1071,driven,546.753,431.477,507.641,579.393,-49.445,-14.812,0
427,7.12378,driven,534.454,414.976,544.691,567.633,-57.158,3.836,0
428,7.14047,driven,532.003,411.049,577.225,557.213,-58.892,17.192,0
429,7.15715,driven,532.003,411.049,607.648,544.040,-58.892,29.631,0
430,7.17383,driven,532.003,411.049,632.701,526.239,-58.892,41.160,0
431,7.19052,driven,536.471,418.020,657.056,512.192,-55.790,52.012,0
432,7.2072,driven,543.799,427.917,678.979,499.579,-51.178,62.071,0
433,7.22388,driven,554.755,440.130,700.184,487.664,-45.030,71.900,0
434,7.24057,driven,568.133,452.038,718.948,477.805,-38.320,80.305,0
435,7.25725,driven,584.813,463.513,737.630,470.997,-30.732,87.196,0
436,7.27393,driven,604.773,473.487,757.753,470.996,-22.369,90.933,0
437,7.29062,driven,625.282,480.278,778.000,470.992,-14.272,93.480,0
438,7.3073,driven,647.820,484.245,800.482,474.085,-5.694,93.807,0
439,7.32398,driven,673.085,484.667,826.082,483.702,3.780,90.361,0
440,7.34067,driven,697.930,480.959,850.084,497.023,13.197,83.973,0
441,7.35735,driven,722.713,472.867,870.009,514.252,22.972,74.307,0
442,7.37403,driven,747.803,459.348,877.621,540.318,33.660,58.047,0
443,7.39072,driven,772.929,438.417,877.101,550.476,45.930,42.911,0
444,7.4074,driven,791.407,415.191,861.010,551.442,57.062,27.060,0
445,7.42408,driven,803.172,393.326,835.614,542.847,66.370,12.242,0
446,7.44077,driven,808.565,379.117,816.281,531.922,72.064,2.891,0
447,7.45745,driven,811.416,369.171,798.044,521.586,75.939,-5.014,0
448,7.47413,driven,812.846,362.904,781.313,512.620,78.347,-11.894,0
449,7.49082,driven,812.846,362.904,763.341,507.674,78.347,-18.878,0
450,7.5075,driven,812.846,362.904,747.075,501.046,78.347,-25.460,0
451,7.52418,driven,811.487,368.885,730.876,498.926,76.050,-31.794,0
452,7.54087,driven,808.944,377.928,714.601,498.379,72.532,-38.070,0
453,7.55755,driven,804.421,390.387,697.414,499.742,67.566,-44.378,0
454,7.57423,driven,797.347,405.211,680.520,504.005,61.412,-49.781,0
455,7.59092,driven,787.336,421.161,664.334,512.152,54.356,-53.508,0
456,7.6076,driven,774.492,436.779,648.347,523.360,46.778,-55.536,0
457,7.62428,driven,758.773,451.317,632.972,538.399,38.753,-55.308,0
458,7.64097,driven,738.755,464.929,616.882,557.427,29.678,-52.803,0
459,7.65765,driven,715.926,475.554,603.605,579.444,20.238,-47.233,0
460,7.67433,driven,689.944,482.609,600.671,606.864,10.143,-35.696,0
461,7.69102,driven,655.556,484.819,600.108,627.418,-2.789,-21.248,0
462,7.7077,driven,621.406,479.238,601.716,630.965,-15.775,-7.394,0
463,7.72438,driven,592.500,467.789,612.815,619.435,-27.438,7.630,0
464,7.74107,driven,570.748,454.060,617.904,599.612,-37.082,17.951,0
465,7.75775,driven,554.143,439.513,618.207,578.455,-45.356,24.754,0
466,7.77443,driven,542.702,426.538,618.085,559.678,-51.837,29.518,0
467,7.79112,driven,534.574,415.161,617.040,544.035,-57.075,32.615,0
468,7.8078,driven,529.593,406.910,616.070,533.127,-60.685,34.417,0
469,7.82448,driven,526.397,400.911,615.783,525.085,-63.231,35.748,0
470,7.84117,driven,526.397,400.911,615.783,525.085,-63.231,35.748,0
471,7.85785,driven,526.397,400.911,616.277,524.728,-63.231,35.976,0
472,7.87453,driven,528.602,405.117,620.213,527.658,-61.453,36.782,0
473,7.89122,driven,533.409,413.334,623.811,536.770,-57.887,36.218,0
474,7.9079,driven,540.203,423.269,628.086,548.511,-53.378,35.057,0
475,7.92458,driven,550.535,435.733,632.390,564.995,-47.313,32.344,0
476,7.94127,driven,564.020,448.671,632.861,585.308,-40.310,26.740,0
477,7.95795,driven,581.470,461.467,632.634,605.659,-32.200,19.537,0
478,7.97463,driven,601.406,472.054,630.650,622.233,-23.739,11.019,0
479,7.99132,driven,628.473,481.053,622.625,633.942,-13.042,-2.190,0
480,8.008,driven,659.557,484.961,613.052,630.722,-1.289,-17.695,0
481,8.02468,driven,687.932,482.955,615.006,617.457,9.379,-28.466,0
482,8.04137,driven,710.265,477.516,615.760,597.840,17.994,-38.147,0
483,8.05805,driven,730.434,469.338,623.417,578.683,26.151,-44.383,0
484,8.07473,driven,749.972,457.877,636.133,560.101,34.642,-48.077,0
485,8.09142,driven,765.465,445.622,649.394,545.304,42.045,-49.344,0
486,8.1081,driven,777.648,433.316,662.707,534.298,48.533,-48.699,0
487,8.12478,driven,787.016,421.605,676.409,527.317,54.151,-46.296,0
488,8.14147,driven,793.670,411.589,691.233,525.235,58.655,-42.030,0
489,8.15815,driven,797.555,404.828,702.805,524.959,61.575,-38.264,0
490,8.17483,driven,797.555,404.828,709.538,529.976,61.575,-35.119,0
491,8.19152,driven,797.555,404.828,719.903,536.658,61.575,-30.499,0
492,8.2082,driven,794.134,410.821,727.686,548.638,58.991,-25.741,0
493,8.22488,driven,788.573,419.409,735.967,563.081,55.159,-20.110,0
494,8.24157,driven,780.805,429.627,746.312,578.689,50.351,-13.029,0
495,8.25825,driven,770.427,440.943,757.459,593.392,44.598,-4.862,0
496,8.27493,driven,754.169,454.871,772.237,606.800,36.575,6.782,0
497,8.29162,driven,731.860,468.628,790.852,609.798,26.748,22.679,0
498,8.3083,driven,706.546,478.672,793.997,604.217,16.536,34.860,0
499,8.32498,driven,684.042,483.546,795.502,588.359,7.905,46.760,0
500,8.34167,driven,662.907,485.000,792.226,566.766,-0.035,57.696,0
501,8.35835,driven,642.167,483.575,780.213,549.547,-7.826,64.457,0
502,8.37503,driven,618.935,478.517,761.553,533.917,-16.739,68.771,0
503,8.39172,driven,597.921,470.469,742.069,521.755,-25.173,70.415,0
504,8.4084,driven,579.252,460.044,722.512,513.763,-33.187,69.445,0
505,8.42508,driven,563.433,448.170,702.721,511.478,-40.599,65.558,0
506,8.44177,driven,550.624,435.830,683.733,511.268,-47.264,60.458,0
507,8.45845,driven,541.392,424.846,667.171,511.960,-52.639,55.294,0
508,8.47513,driven,535.226,416.160,649.932,517.410,-56.629,48.565,0
509,8.49182,driven,535.226,416.160,636.693,530.674,-56.629,41.543,0
510,8.5085,driven,535.226,416.160,620.234,543.371,-56.629,33.752,0
511,8.52518,driven,535.563,416.669,602.234,554.379,-56.400,25.833,0
512,8.54187,driven,541.660,425.196,585.980,571.636,-52.474,16.839,0
513,8.55855,driven,551.141,436.387,567.905,588.466,-46.979,6.290,0
514,8.57523,driven,564.238,448.855,546.631,600.839,-40.203,-6.608,0
515,8.59192,driven,583.399,462.663,521.540,602.600,-31.350,-23.848,0
516,8.6086,driven,607.520,474.587,510.522,592.910,-21.261,-39.344,0
517,8.62528,driven,628.859,481.142,507.601,574.445,-12.894,-52.424,0
518,8.64197,driven,649.177,484.374,510.662,549.356,-5.183,-64.867,0
519,8.65865,driven,669.897,484.844,522.696,526.569,2.584,-74.175,0
520,8.67533,driven,691.472,482.327,540.452,506.860,10.725,-80.773,0
521,8.69202,driven,713.789,476.324,561.444,490.464,19.388,-84.697,0
522,8.7087,driven,734.082,467.486,581.414,477.560,27.684,-86.225,0
523,8.72538,driven,752.703,455.945,600.230,468.636,35.894,-85.242,0
524,8.74207,driven,769.496,441.853,618.271,465.091,44.111,-81.264,0
525,8.75875,driven,782.089,428.057,633.608,464.967,51.110,-76.040,0
526,8.77543,driven,792.703,413.155,648.800,465.125,57.966,-70.143,0
527,8.79212,driven,799.622,400.872,663.234,470.206,63.247,-63.053,0
528,8.8088,driven,803.893,391.650,676.650,476.611,67.054,-56.269,0
529,8.82548,driven,803.893,391.650,686.193,489.404,67.054,-50.289,0
530,8.84217,driven,803.893,391.650,697.957,502.042,67.054,-43.820,0
531,8.85885,driven,803.450,392.685,710.406,514.142,66.632,-37.455,0
532,8.87553,driven,799.708,400.701,719.748,531.144,63.319,-31.508,0
533,8.89222,driven,793.951,411.126,730.376,550.292,58.858,-24.552,0
534,8.9089,driven,785.450,423.733,742.123,570.470,53.161,-16.450,0
535,8.92558,driven,773.686,437.629,756.278,589.636,46.339,-6.533,0
536,8.94227,driven,754.294,454.778,775.035,606.365,36.634,7.791,0
537,8.95895,driven,728.235,470.396,797.964,606.583,25.237,27.113,0
538,8.97563,driven,700.591,480.310,795.943,599.964,14.223,38.551,0
539,8.99232,driven,677.165,484.343,797.420,578.935,5.312,51.812,0
540,9.009,driven,654.301,484.752,791.059,553.354,-3.259,63.360,0
541,9.02568,driven,633.585,482.146,777.231,534.823,-11.084,69.861,0
542,9.04237,driven,612.039,476.263,758.903,519.158,-19.456,73.719,0
543,9.05905,driven,590.629,466.801,738.364,506.590,-28.230,74.926,0
544,9.07573,driven,571.439,454.579,718.251,497.653,-36.758,73.649,0
545,9.09242,driven,555.200,440.573,698.222,494.921,-44.795,69.194,0
546,9.1091,driven,542.713,426.551,679.686,494.724,-51.831,63.540,0
547,9.12578,driven,533.463,413.420,662.809,495.143,-57.849,57.715,0
548,9.14247,driven,527.548,403.147,645.112,501.064,-62.289,50.209,0
549,9.15915,driven,527.267,402.609,632.448,513.722,-62.516,43.429,0
550,9.17583,driven,527.267,402.609,617.690,526.030,-62.516,36.228,0
551,9.19252,driven,527.267,402.609,601.040,536.649,-62.516,28.827,0
552,9.2092,driven,531.370,409.991,586.074,552.878,-59.353,20.949,0
553,9.22588,driven,537.870,420.043,570.230,569.582,-54.869,12.211,0
554,9.24257,driven,549.324,434.405,552.406,587.374,-47.986,1.154,0
555,9.25925,driven,565.445,449.864,529.270,598.526,-39.614,-13.676,0
556,9.27593,driven,587.750,465.216,507.564,595.520,-29.461,-31.607,0
557,9.29262,driven,612.708,476.498,507.592,587.672,-19.190,-43.396,0
558,9.3093,driven,634.182,482.261,506.060,565.890,-10.857,-56.866,0
559,9.32598,driven,654.101,484.741,511.969,541.376,-3.335,-68.274,0
560,9.34267,driven,677.101,484.349,528.620,521.259,5.288,-76.040,0
561,9.35935,driven,698.571,480.808,547.367,504.183,13.444,-81.212,0
562,9.37603,driven,721.944,473.190,570.143,492.305,22.660,-82.823,0
563,9.39272,driven,742.236,462.884,590.513,482.608,31.190,-82.593,0
564,9.4094,driven,760.908,449.571,610.929,479.826,39.786,-78.595,0
565,9.42608,driven,775.724,435.452,629.249,479.658,47.456,-73.207,0
566,9.44277,driven,787.830,420.467,646.848,479.906,54.675,-67.140,0
567,9.45945,driven,795.685,408.181,663.721,485.605,60.138,-59.600,0
568,9.47613,driven,801.115,397.827,681.633,493.393,64.517,-51.346,0
569,9.49282,driven,801.115,397.827,694.101,507.175,64.517,-44.382,0
570,9.5095,driven,801.115,397.827,709.247,520.176,64.517,-36.902,0
571,9.52618,driven,799.629,400.859,724.520,534.155,63.252,-29.400,0
572,9.54287,driven,795.466,408.563,739.214,550.847,59.973,-21.571,0
573,9.55955,driven,788.935,418.887,755.406,568.168,55.397,-12.659,0
574,9.57623,driven,779.267,431.454,773.355,584.340,49.456,-2.214,0
575,9.59292,driven,763.779,447.120,796.895,596.493,41.200,12.501,0
576,9.6096,driven,741.488,463.334,821.045,594.023,30.863,31.331,0
577,9.62628,driven,717.221,475.070,821.185,587.322,20.756,42.805,0
578,9.64297,driven,695.291,481.554,823.117,565.633,12.184,56.665,0
579,9.65965,driven,673.913,484.610,816.606,539.816,4.090,68.849,0
580,9.67633,driven,652.822,484.661,801.634,520.215,-3.814,76.563,0
581,9.69302,driven,631.724,481.769,783.048,504.351,-11.796,81.512,0
582,9.7097,driven,609.902,475.491,761.992,492.155,-20.307,83.747,0
583,9.72638,driven,589.724,466.312,741.844,482.694,-28.615,83.853,0
584,9.74307,driven,570.428,453.817,721.012,480.900,-37.232,79.804,0
585,9.75975,driven,554.711,440.086,702.211,480.739,-45.054,74.591,0
586,9.77643,driven,542.723,426.564,685.724,480.966,-51.825,69.172,0
587,9.79312,driven,534.126,414.466,668.794,487.085,-57.385,61.664,0
588,9.8098,driven,528.264,404.493,651.026,495.808,-61.718,53.356,0
589,9.82648,driven,528.264,404.493,639.543,509.497,-61.718,46.662,0
590,9.84317,driven,528.264,404.493,625.439,522.670,-61.718,39.430,0
591,9.85985,driven,530.537,408.567,611.211,538.570,-59.971,31.822,0
592,9.87653,driven,536.112,417.490,597.836,557.487,-56.030,23.792,0
593,9.89322,driven,544.561,428.857,582.883,576.980,-50.724,14.505,0
594,9.9099,driven,558.464,443.720,565.551,596.556,-43.097,2.655,0
595,9.92658,driven,576.095,457.923,542.122,607.103,-34.611,-12.829,0
596,9.94327,driven,601.094,471.916,521.531,602.603,-23.867,-31.333,0
597,9.95995,driven,626.347,480.545,520.775,591.286,-13.861,-43.631,0
598,9.97663,driven,649.252,484.381,520.317,566.750,-5.155,-57.428,0
599,9.99332,driven,669.641,484.856,527.512,541.498,2.488,-68.271,0
600,10.01,driven,691.560,482.311,543.232,519.832,10.758,-75.804,0
601,10.02668,driven,714.002,476.249,563.217,502.192,19.472,-80.238,0
602,10.04337,driven,734.560,467.234,583.047,488.513,27.886,-82.005,0
603,10.06005,driven,754.931,454.302,603.643,477.129,36.931,-81.420,0
604,10.07673,driven,771.342,440.032,621.657,471.708,45.082,-78.052,0
605,10.09342,driven,785.247,424.003,639.807,471.503,53.035,-71.913,0
606,10.1101,driven,795.236,408.958,655.616,471.530,59.802,-65.860,0
607,10.12678,driven,801.836,396.293,670.703,475.116,65.152,-58.990,0
608,10.14347,driven,805.866,386.757,685.843,481.644,69.029,-51.671,0
609,10.16015,driven,805.866,386.757,696.022,493.263,69.029,-45.884,0
610,10.17683,driven,805.866,386.757,708.745,504.980,69.029,-39.403,0
611,10.19352,driven,804.243,390.816,719.725,518.353,67.392,-33.532,0
612,10.2102,driven,800.437,399.232,730.354,535.238,63.933,-27.262,0
613,10.22688,driven,794.763,409.766,741.730,553.281,59.451,-20.281,0
614,10.24357,driven,785.846,423.203,754.334,572.923,53.409,-11.885,0
615,10.26025,driven,773.309,438.024,769.543,590.977,46.135,-1.410,0
616,10.27693,driven,753.283,455.523,791.625,603.641,36.163,14.513,0
617,10.29362,driven,727.883,470.561,810.331,599.446,25.092,32.607,0
618,10.3103,driven,701.793,480.000,807.920,590.210,14.688,43.919,0
619,10.32698,driven,678.396,484.223,806.630,567.681,5.775,56.943,0
620,10.34367,driven,654.863,484.783,794.792,546.660,-3.049,66.145,0
621,10.36035,driven,633.884,482.204,779.457,529.294,-10.970,72.075,0
622,10.37703,driven,611.875,476.205,759.614,515.981,-19.521,74.932,0
623,10.39372,driven,591.141,467.075,739.207,505.615,-28.013,75.410,0
624,10.4104,driven,571.337,454.503,717.661,499.206,-36.806,73.011,0
625,10.42708,driven,555.797,441.163,697.502,498.858,-44.481,67.846,0
626,10.44377,driven,543.418,427.442,678.631,499.042,-51.406,62.097,0
627,10.46045,driven,534.411,414.908,659.892,502.449,-57.188,55.099,0
628,10.47713,driven,528.863,405.595,640.986,509.697,-61.249,47.124,0
629,10.49382,driven,528.863,405.595,626.189,523.648,-61.249,39.503,0
630,10.5105,driven,528.863,405.595,608.664,536.135,-61.249,31.438,0
631,10.52718,driven,530.172,407.933,589.581,548.927,-60.245,22.848,0
632,10.54387,driven,535.856,417.109,572.451,565.668,-56.202,13.838,0
633,10.56055,driven,544.719,429.049,552.798,581.836,-50.631,3.027,0
634,10.57723,driven,559.525,444.703,528.102,594.442,-42.556,-11.852,0
635,10.59392,driven,578.466,459.527,502.865,592.543,-33.539,-29.612,0
636,10.6106,driven,602.233,472.415,498.267,584.665,-23.401,-42.806,0
637,10.62728,driven,624.256,480.013,495.727,563.016,-14.669,-57.146,0
638,10.64397,driven,644.796,483.913,501.209,536.751,-6.833,-69.797,0
639,10.66065,driven,665.497,484.980,515.612,515.699,0.935,-78.417,0
640,10.67733,driven,688.150,482.919,535.821,497.242,9.461,-84.628,0
641,10.69402,driven,710.676,477.382,557.804,483.649,18.156,-87.653,0
642,10.7107,driven,731.983,468.566,579.026,472.165,26.800,-88.652,0
643,10.72738,driven,751.490,456.814,598.696,464.759,35.336,-87.023,0
644,10.74407,driven,767.795,443.477,616.275,464.709,43.230,-82.023,0
645,10.76075,driven,782.147,427.984,633.607,464.658,51.145,-76.131,0
646,10.77743,driven,792.750,413.080,649.572,467.016,57.999,-69.358,0
647,10.79412,driven,799.652,400.812,665.531,474.436,63.272,-61.236,0
648,10.8108,driven,804.137,391.070,681.584,482.665,67.289,-53.226,0
649,10.82748,driven,804.137,391.070,693.716,496.976,67.289,-46.196,0
650,10.84417,driven,804.137,391.070,708.097,510.172,67.289,-38.882,0
651,10.86085,driven,803.070,393.557,722.868,523.851,66.276,-31.614,0
652,10.87753,driven,798.646,402.775,735.356,542.070,62.446,-24.435,0
653,10.89422,driven,792.472,413.523,749.325,560.313,57.803,-16.380,0
654,10.9109,driven,783.135,426.745,765.346,578.707,51.739,-6.677,0
655,10.92758,driven,769.058,442.275,785.199,594.422,43.883,6.056,0
656,10.94427,driven,747.286,459.691,809.048,599.671,33.428,23.808,0
657,10.96095,driven,721.267,473.471,816.396,593.302,22.385,38.445,0
658,10.97763,driven,698.024,480.937,818.879,574.761,13.233,52.177,0
659,10.99432,driven,676.643,484.391,814.649,550.445,5.116,64.423,0
660,11.011,driven,653.811,484.724,800.004,529.852,-3.443,72.845,0
661,11.02768,driven,632.918,482.014,782.629,513.570,-11.339,78.097,0
662,11.04437,driven,610.797,475.819,761.761,500.694,-19.950,80.643,0
663,11.06105,driven,589.748,466.325,740.761,490.908,-28.605,80.754,0
664,11.07773,driven,571.140,454.355,720.552,487.295,-36.898,77.567,0
665,11.09442,driven,555.614,440.983,701.488,487.133,-44.577,72.444,0
666,11.1111,driven,543.697,427.790,684.631,487.343,-51.239,67.093,0
667,11.12778,driven,534.861,415.603,666.840,493.002,-56.878,59.610,0
668,11.14447,driven,529.037,405.912,648.816,501.108,-61.113,51.524,0
669,11.16115,driven,529.037,405.912,636.248,515.068,-61.113,44.485,0
670,11.17783,driven,529.037,405.912,620.707,528.410,-61.113,36.809,0
671,11.19452,driven,530.698,408.845,605.115,542.528,-59.851,29.103,0
672,11.2112,driven,536.233,417.668,590.614,560.677,-55.950,20.820,0
673,11.22788,driven,545.263,429.708,573.943,579.996,-50.311,10.804,0
674,11.24457,driven,559.221,444.423,554.918,597.363,-42.710,-1.612,0
675,11.26125,driven,577.251,458.712,530.990,604.551,-34.087,-17.599,0
676,11.27793,driven,603.898,473.124,515.243,597.821,-22.724,-35.411,0
677,11.29462,driven,627.494,480.823,512.085,581.272,-13.419,-48.965,0
678,11.3113,driven,648.430,484.305,513.489,556.415,-5.464,-61.881,0
679,11.32798,driven,668.708,484.893,523.701,533.697,2.138,-71.399,0
680,11.34467,driven,690.108,482.579,540.238,513.367,10.205,-78.391,0
681,11.36135,driven,712.965,476.612,561.287,496.679,19.061,-82.463,0
682,11.37803,driven,733.661,467.706,581.513,483.838,27.506,-83.948,0
683,11.39472,driven,753.670,455.240,601.975,475.179,36.343,-82.512,0
684,11.4114,driven,770.197,441.169,620.236,471.513,44.478,-78.561,0
685,11.42808,driven,783.666,426.068,637.513,471.327,52.061,-72.794,0
686,11.44477,driven,793.727,411.495,653.008,471.556,58.696,-66.886,0
687,11.46145,driven,800.299,399.513,668.195,476.697,63.816,-59.704,0
688,11.47813,driven,804.565,390.036,683.902,484.107,67.708,-52.060,0
689,11.49482,driven,804.565,390.036,694.328,496.134,67.708,-46.096,0
690,11.5115,driven,804.565,390.036,706.889,507.800,67.708,-39.673,0
691,11.52818,driven,801.973,395.996,717.408,523.502,65.274,-33.553,0
692,11.54487,driven,797.881,404.222,728.807,540.742,61.833,-26.838,0
693,11.56155,driven,791.543,414.980,740.418,559.185,57.156,-19.521,0
694,11.57823,driven,781.436,428.861,754.182,579.414,50.723,-10.261,0
695,11.59492,driven,767.714,443.553,770.891,596.520,43.189,1.190,0
696,11.6116,driven,745.532,460.831,793.003,606.280,32.645,18.075,0
697,11.62828,driven,720.118,473.938,806.403,600.287,21.921,34.330,0
698,11.64497,driven,695.031,481.609,806.851,586.038,12.085,46.958,0
699,11.66165,driven,672.095,484.729,803.964,562.315,3.408,59.530,0
700,11.67833,driven,650.159,484.460,791.991,541.842,-4.814,67.973,0
701,11.69502,driven,630.274,481.459,776.882,525.222,-12.351,73.379,0
702,11.7117,driven,608.483,474.958,756.893,512.152,-20.874,75.930,0
703,11.72838,driven,587.089,464.840,735.690,501.262,-29.746,76.229,0
704,11.74507,driven,569.108,452.803,716.046,495.444,-37.856,73.817,0
705,11.76175,driven,554.225,439.596,696.756,495.220,-45.312,68.682,0
706,11.77843,driven,542.496,426.275,679.006,495.368,-51.963,63.154,0
707,11.79512,driven,534.238,414.640,661.607,499.411,-57.308,56.354,0
708,11.8118,driven,528.721,405.335,643.387,506.630,-61.359,48.543,0
709,11.82848,driven,528.721,405.335,629.987,520.026,-61.359,41.443,0
710,11.84517,driven,528.721,405.335,613.927,532.414,-61.359,33.842,0
711,11.86185,driven,531.526,410.254,598.929,547.607,-59.239,26.138,0
712,11.87853,driven,537.324,419.262,583.103,565.253,-55.226,17.410,0
713,11.89522,driven,546.720,431.439,566.236,583.189,-49.464,7.328,0
714,11.9119,driven,560.342,445.448,545.740,597.749,-42.142,-5.477,0
715,11.92858,driven,580.650,460.947,521.176,601.915,-32.564,-22.875,0
716,11.94527,driven,605.902,473.947,510.469,593.536,-21.912,-38.590,0
717,11.96195,driven,628.375,481.030,507.406,574.709,-13.080,-52.246,0
718,11.97863,driven,649.664,484.418,511.065,549.220,-5.000,-64.942,0
719,11.99532,driven,669.788,484.849,523.065,528.226,2.543,-73.530,0
720,12.012,driven,691.663,482.291,541.042,509.167,10.798,-79.883,0
721,12.02868,driven,714.609,476.033,562.626,493.646,19.713,-83.390,0
722,12.04537,driven,734.850,467.080,582.541,481.603,28.009,-84.553,0
723,12.06205,driven,754.368,454.723,602.576,473.915,36.668,-82.794,0
724,12.07873,driven,770.643,440.729,621.252,473.764,44.712,-77.531,0
725,12.09542,driven,783.893,425.776,638.563,473.611,52.200,-71.781,0
726,12.1121,driven,793.697,411.545,654.165,474.314,58.674,-65.779,0
727,12.12878,driven,800.612,398.873,670.778,479.819,64.082,-58.058,0
728,12.14547,driven,804.633,389.872,687.120,487.850,67.775,-50.180,0
729,12.16215,driven,804.633,389.872,699.272,500.814,67.775,-43.522,0
730,12.17883,driven,804.633,389.872,713.291,512.614,67.775,-36.656,0
731,12.19552,driven,802.021,395.892,726.103,528.728,65.317,-29.749,0
732,12.2122,driven,797.733,404.498,739.122,545.827,61.716,-22.524,0
733,12.22888,driven,790.796,416.126,752.997,564.383,56.644,-14.303,0
734,12.24557,driven,780.761,429.680,769.098,582.234,50.325,-4.372,0
735,12.26225,driven,766.040,445.101,790.020,596.210,42.335,9.017,0
736,12.27893,driven,742.010,463.021,813.421,598.333,31.091,27.823,0
737,12.29562,driven,716.883,475.198,815.206,592.423,20.621,39.988,0
738,12.3123,driven,694.667,481.687,817.399,573.043,11.945,53.338,0
739,12.32898,driven,672.204,484.723,811.723,547.520,3.449,65.768,0
740,12.34567,driven,650.515,484.490,797.166,528.107,-4.681,73.436,0
741,12.36235,driven,629.364,481.257,779.039,512.977,-12.700,78.034,0
742,12.37903,driven,607.098,474.422,757.828,500.683,-21.430,80.117,0
743,12.39572,driven,587.030,464.807,737.626,491.824,-29.771,79.829,0
744,12.4124,driven,568.971,452.696,717.188,490.654,-37.921,75.635,0
745,12.42908,driven,553.546,438.906,697.561,490.563,-45.675,70.267,0
746,12.44577,driven,541.797,425.374,680.082,490.842,-52.390,64.666,0
747,12.46245,driven,534.021,414.301,662.842,496.849,-57.458,57.348,0
748,12.47913,driven,528.793,405.467,644.659,505.387,-61.303,49.226,0
749,12.49582,driven,528.793,405.467,630.420,519.839,-61.303,41.623,0
750,12.5125,driven,528.793,405.467,613.980,532.558,-61.303,33.833,0
751,12.52918,driven,532.005,411.053,598.625,548.788,-58.890,25.812,0
752,12.54587,driven,538.034,420.275,582.020,566.816,-54.763,16.708,0
753,12.56255,driven,548.532,433.519,563.825,585.752,-48.431,5.737,0
754,12.57923,driven,563.554,448.274,541.412,599.663,-40.539,-8.321,0
755,12.59592,driven,583.468,462.705,515.474,599.766,-31.320,-26.385,0
756,12.6126,driven,609.017,475.160,509.151,591.073,-20.661,-40.747,0
757,12.62928,driven,631.803,481.786,506.730,569.908,-11.765,-54.833,0
758,12.64597,driven,651.986,484.603,510.876,543.740,-4.128,-67.262,0
759,12.66265,driven,672.375,484.712,524.150,522.637,3.513,-75.648,0
760,12.67933,driven,694.014,481.824,542.522,503.256,11.695,-81.948,0
761,12.69602,driven,716.482,475.348,564.027,488.254,20.460,-85.161,0
762,12.7127,driven,736.737,466.059,584.083,476.334,28.812,-86.149,0
763,12.72938,driven,756.457,453.139,604.239,468.589,37.650,-84.204,0
764,12.74607,driven,772.629,438.727,622.551,468.485,45.768,-78.784,0
765,12.76275,driven,785.257,423.990,638.849,468.416,53.041,-73.120,0
766,12.77943,driven,794.849,409.620,654.340,470.171,59.514,-66.687,0
767,12.79612,driven,801.241,397.563,669.964,476.147,64.626,-59.095,0
768,12.8128,driven,805.094,388.730,685.136,483.699,68.236,-51.632,0
769,12.82948,driven,805.094,388.730,696.894,496.905,68.236,-45.007,0
770,12.84617,driven,805.094,388.730,710.779,509.204,68.236,-38.056,0
771,12.86285,driven,802.493,394.854,722.115,525.040,65.744,-31.692,0
772,12.87953,driven,798.349,403.342,733.851,542.083,62.206,-24.933,0
773,12.89622,driven,792.465,413.534,747.494,559.775,57.798,-17.093,0
774,12.9129,driven,782.584,427.440,762.586,579.127,51.407,-7.510,0
775,12.92958,driven,768.295,443.004,780.550,595.512,43.488,4.594,0
776,12.94627,driven,745.799,460.660,803.551,602.341,32.763,22.177,0
777,12.96295,driven,719.857,474.043,811.337,596.682,21.815,36.720,0
778,12.97963,driven,696.049,481.388,814.022,578.812,12.475,50.449,0
779,12.99632,driven,674.007,484.604,809.846,555.006,4.125,62.603,0
780,13.013,driven,651.991,484.603,796.486,534.905,-4.126,70.806,0
781,13.02968,driven,631.810,481.787,780.133,519.331,-11.762,75.796,0
782,13.04637,driven,609.665,475.403,759.373,506.971,-20.401,78.093,0
783,13.06305,driven,588.592,465.688,738.437,496.598,-29.099,78.344,0
784,13.07973,driven,570.149,453.605,717.739,493.931,-37.363,74.718,0
785,13.09642,driven,554.963,440.338,698.339,493.745,-44.920,69.570,0
786,13.1131,driven,543.569,427.631,681.401,494.048,-51.315,64.272,0
787,13.12978,driven,535.122,416.002,663.240,499.636,-56.699,56.864,0
788,13.14647,driven,530.330,408.208,646.250,508.065,-60.126,49.257,0
789,13.16315,driven,530.330,408.208,632.808,521.817,-60.126,42.051,0
790,13.17983,driven,530.330,408.208,617.251,534.119,-60.126,34.619,0
791,13.19652,driven,534.522,415.080,603.038,551.881,-57.111,26.604,0
792,13.2132,driven,540.633,423.844,587.190,569.588,-53.110,17.716,0
793,13.22988,driven,551.633,436.912,570.246,588.775,-46.710,6.987,0
794,13.24657,driven,567.660,451.663,548.742,603.489,-38.546,-7.102,0
795,13.26325,driven,588.585,465.684,523.573,604.185,-29.102,-25.145,0
796,13.27993,driven,613.264,476.691,516.674,595.347,-18.970,-39.147,0
797,13.29662,driven,636.545,482.695,514.297,574.698,-9.957,-53.035,0
798,13.3133,driven,656.953,484.880,518.066,549.064,-2.265,-65.197,0
799,13.32998,driven,676.686,484.387,530.060,528.087,5.132,-73.404,0
800,13.34667,driven,698.572,480.807,548.077,508.380,13.444,-79.618,0
801,13.36335,driven,720.794,473.664,569.030,493.072,22.194,-82.713,0
802,13.38003,driven,740.268,464.055,588.193,480.857,30.333,-83.695,0
803,13.39672,driven,759.009,451.127,607.610,473.208,38.866,-81.702,0
804,13.4134,driven,774.446,436.828,625.644,472.424,46.753,-76.547,0
805,13.43008,driven,786.998,421.629,642.611,472.240,54.140,-70.683,0
806,13.44677,driven,795.703,408.150,656.936,472.590,60.151,-65.091,0
807,13.46345,driven,801.690,396.606,672.264,478.202,65.022,-57.771,0
808,13.48013,driven,804.507,390.178,685.573,486.426,67.651,-51.019,0
809,13.49682,driven,804.507,390.178,696.692,498.737,67.651,-44.803,0
810,13.5135,driven,804.507,390.178,710.157,510.624,67.651,-38.073,0
811,13.53018,driven,801.481,397.053,720.098,526.613,64.838,-32.135,0
812,13.54687,driven,796.997,405.850,731.417,544.083,61.139,-25.381,0
813,13.56355,driven,790.166,417.075,743.706,562.851,56.217,-17.677,0
814,13.58023,driven,780.062,430.516,757.889,581.901,49.917,-8.333,0
815,13.59692,driven,763.689,447.198,775.333,599.755,41.155,4.365,0
816,13.6136,driven,740.552,463.889,797.679,605.824,30.456,21.924,0
817,13.63028,driven,713.869,476.296,803.577,600.237,19.419,35.897,0
818,13.64697,driven,690.107,482.580,805.982,582.489,10.205,49.232,0
819,13.66365,driven,666.837,484.952,801.651,557.300,1.437,61.780,0
820,13.68033,driven,645.575,484.005,788.558,538.455,-6.540,69.152,0
821,13.69702,driven,625.208,480.259,772.173,522.807,-14.300,73.854,0
822,13.7137,driven,603.375,472.904,751.771,510.156,-22.936,75.908,0
823,13.73038,driven,582.813,462.304,731.076,500.081,-31.608,75.705,0
824,13.74707,driven,565.064,449.548,710.590,496.781,-39.800,72.018,0
825,13.76375,driven,550.443,435.633,690.781,496.577,-47.364,66.527,0
826,13.78043,driven,539.674,422.552,673.409,496.875,-53.712,60.937,0
827,13.79712,driven,531.970,410.994,654.516,502.598,-58.916,53.222,0
828,13.8138,driven,528.206,404.385,637.221,511.738,-61.764,45.440,0
829,13.83048,driven,528.206,404.385,622.832,524.613,-61.764,38.205,0
830,13.84717,driven,528.206,404.385,605.349,536.514,-61.764,30.278,0
831,13.86385,driven,532.186,411.351,589.735,553.115,-58.759,22.095,0
832,13.88053,driven,538.495,420.924,572.880,570.010,-54.465,12.988,0
833,13.89722,driven,549.932,435.076,553.960,588.023,-47.647,1.509,0
834,13.9139,driven,565.196,449.658,529.874,598.525,-39.735,-13.348,0
835,13.93058,driven,586.860,464.709,507.096,595.272,-29.844,-31.422,0
836,13.94727,driven,612.012,476.254,505.610,586.197,-19.466,-44.062,0
837,13.96395,driven,632.788,481.988,503.669,564.068,-11.389,-57.556,0
838,13.98063,driven,653.274,484.691,509.982,538.323,-3.645,-69.480,0
839,13.99732,driven,674.052,484.600,524.797,518.246,4.142,-77.296,0
840,14.014,driven,696.473,481.293,544.664,500.348,12.637,-82.846,0
841,14.03068,driven,718.017,474.766,565.503,486.954,21.075,-85.431,0
842,14.04737,driven,738.693,464.965,586.198,477.390,29.651,-85.342,0
843,14.06405,driven,757.297,452.487,605.497,471.613,38.048,-82.819,0
844,14.08073,driven,773.063,438.279,623.711,471.492,46.002,-77.462,0
845,14.09742,driven,786.182,422.748,641.176,471.558,53.621,-71.396,0
846,14.1141,driven,794.817,409.674,657.249,476.635,59.491,-64.045,0
847,14.13078,driven,800.987,398.095,673.905,483.295,64.406,-56.161,0
848,14.14747,driven,804.000,391.396,689.743,493.152,67.157,-48.312,0
849,14.16415,driven,804.000,391.396,703.643,506.884,67.157,-40.990,0
850,14.18083,driven,804.000,391.396,719.691,519.071,67.157,-33.439,0
851,14.19752,driven,800.636,398.823,732.806,535.966,64.103,-26.317,0
852,14.2142,driven,795.500,408.503,747.788,553.874,59.999,-18.170,0
853,14.23088,driven,787.431,421.027,763.715,572.178,54.417,-8.917,0
854,14.24757,driven,776.132,435.006,782.095,587.890,47.682,2.234,0
855,14.26425,driven,756.978,452.736,806.795,597.398,37.897,19.002,0
856,14.28093,driven,733.208,467.941,823.692,591.316,27.314,36.257,0
857,14.29762,driven,709.746,477.684,824.783,578.558,17.790,48.753,0
858,14.3143,driven,687.874,482.964,822.626,555.429,9.356,61.730,0
859,14.33098,driven,665.662,484.977,810.444,534.446,0.997,71.136,0
860,14.34767,driven,645.225,483.964,794.682,516.702,-6.671,77.645,0
861,14.36435,driven,623.318,479.765,774.496,503.306,-15.032,81.149,0
862,14.38103,driven,601.558,472.121,753.095,493.225,-23.677,82.072,0
863,14.39772,driven,581.603,461.552,732.555,486.501,-32.141,80.615,0
864,14.4144,driven,563.420,448.159,711.574,486.361,-40.606,75.541,0
865,14.43108,driven,549.190,434.256,693.055,486.333,-48.061,70.100,0
866,14.44777,driven,538.957,421.567,675.423,490.748,-54.168,63.118,0
867,14.46445,driven,531.397,410.037,655.902,498.961,-59.333,54.465,0
868,14.48113,driven,528.243,404.453,639.197,509.801,-61.735,46.485,0
869,14.49782,driven,528.243,404.453,623.860,523.894,-61.735,38.679,0
870,14.5145,driven,528.243,404.453,605.096,536.750,-61.735,30.153,0
871,14.53118,driven,532.313,411.561,588.361,553.925,-58.668,21.489,0
872,14.54787,driven,539.294,422.033,570.437,571.830,-53.953,11.745,0
873,14.56455,driven,550.199,435.368,549.931,588.368,-47.499,-0.100,0
874,14.58123,driven,567.350,451.415,524.040,598.158,-38.694,-16.443,0
875,14.59792,driven,589.599,466.243,503.614,592.796,-28.669,-34.194,0
876,14.6146,driven,613.086,476.629,501.074,580.851,-19.040,-47.063,0
877,14.63128,driven,634.993,482.415,500.625,555.587,-10.547,-61.429,0
878,14.64797,driven,654.429,484.760,508.471,530.643,-3.211,-72.549,0
879,14.66465,driven,676.114,484.437,525.081,508.892,4.917,-80.803,0
880,14.68133,driven,698.369,480.856,545.813,492.501,13.366,-85.635,0
881,14.69802,driven,719.945,474.008,567.002,478.193,21.851,-88.432,0
882,14.7147,driven,740.561,463.884,587.631,468.512,30.460,-88.266,0
883,14.73138,driven,759.106,451.049,606.503,462.060,38.913,-85.873,0
884,14.74807,driven,775.232,435.985,624.464,462.020,47.184,-80.203,0
885,14.76475,driven,787.994,420.236,640.817,462.045,54.781,-74.141,0
886,14.78143,driven,796.933,405.966,656.520,466.739,61.090,-66.596,0
887,14.79812,driven,802.572,394.680,671.636,473.831,65.816,-58.847,0
888,14.8148,driven,805.439,387.858,685.934,483.397,68.587,-51.359,0
889,14.83148,driven,805.439,387.858,698.297,497.081,68.587,-44.449,0
890,14.84817,driven,805.439,387.858,712.338,509.271,68.587,-37.482,0
891,14.86485,driven,802.615,394.583,723.762,525.698,65.856,-31.023,0
892,14.88153,driven,798.109,403.796,736.216,543.718,62.014,-23.861,0
893,14.89822,driven,791.402,415.199,749.507,562.351,57.059,-15.892,0
894,14.9149,driven,780.844,429.579,765.172,581.775,50.374,-5.879,0
895,14.93158,driven,764.655,446.347,784.625,598.038,41.637,7.500,0
896,14.94827,driven,741.747,463.179,807.799,601.187,30.976,25.576,0
897,14.96495,driven,714.497,476.073,810.500,595.205,19.669,38.864,0
898,14.98163,driven,691.090,482.399,812.742,575.188,10.579,52.666,0
899,14.99832,driven,669.401,484.866,807.444,550.843,2.398,64.455,0
900,15.015,driven,647.128,484.175,792.754,531.101,-5.954,72.139,0
901,15.03168,driven,625.772,480.402,774.805,515.015,-14.083,76.925,0
902,15.04837,driven,604.024,473.177,753.996,503.470,-22.672,78.580,0
903,15.06505,driven,583.445,462.690,733.147,494.286,-31.330,78.082,0
904,15.08173,driven,565.787,450.146,712.775,492.614,-39.448,73.885,0
905,15.09842,driven,550.676,435.886,692.844,492.430,-47.235,68.311,0
906,15.1151,driven,539.611,422.466,675.477,492.818,-53.752,62.625,0
907,15.13178,driven,532.113,411.231,657.727,498.581,-58.812,55.186,0
908,15.14847,driven,529.385,406.538,642.737,509.301,-60.845,47.805,0
909,15.16515,driven,529.385,406.538,628.500,523.094,-60.845,40.377,0
910,15.18183,driven,529.385,406.538,612.206,535.184,-60.845,32.773,0
911,15.19852,driven,533.174,412.958,597.707,551.682,-58.053,24.947,0
912,15.2152,driven,539.591,422.439,582.121,569.409,-53.765,16.139,0
913,15.23188,driven,550.314,435.493,564.004,587.879,-47.435,5.134,0
914,15.24857,driven,565.326,449.766,541.510,600.901,-39.672,-8.955,0
915,15.26525,driven,586.758,464.651,516.989,600.817,-29.888,-27.130,0
916,15.28193,driven,612.089,476.281,511.679,591.723,-19.436,-41.016,0
917,15.29862,driven,633.911,482.209,509.383,571.101,-10.960,-54.480,0
918,15.3153,driven,653.632,484.713,513.503,546.138,-3.510,-66.330,0
919,15.33198,driven,676.379,484.414,528.750,524.601,5.016,-74.772,0
920,15.34867,driven,697.454,481.070,546.580,506.484,13.014,-80.439,0
921,15.36535,driven,718.260,474.672,566.256,492.108,21.172,-83.456,0
922,15.38203,driven,739.251,464.645,586.944,479.189,29.893,-84.545,0
923,15.39872,driven,758.094,451.859,606.621,473.422,38.428,-81.898,0
924,15.4154,driven,773.723,437.591,624.930,473.221,46.359,-76.534,0
925,15.43208,driven,785.750,423.332,641.093,473.166,53.349,-70.991,0
926,15.44877,driven,794.460,410.276,655.800,474.946,59.229,-64.996,0
927,15.46545,driven,800.523,399.055,671.393,481.118,64.007,-57.564,0
928,15.48213,driven,802.573,394.676,683.454,490.695,65.817,-51.129,0
929,15.49882,driven,802.573,394.676,695.129,503.601,65.817,-44.608,0
930,15.5155,driven,802.573,394.676,708.990,515.718,65.817,-37.709,0
931,15.53218,driven,799.224,401.656,719.910,532.493,62.918,-31.224,0
932,15.54887,driven,794.156,410.786,731.065,550.172,59.007,-24.353,0
933,15.56555,driven,785.927,423.094,743.309,570.038,53.460,-16.173,0
934,15.58223,driven,775.158,436.065,758.996,588.209,47.144,-6.064,0
935,15.59892,driven,757.617,452.236,778.189,603.847,38.200,7.727,0
936,15.6156,driven,733.369,467.857,801.252,604.974,27.382,26.339,0
937,15.63228,driven,706.820,478.591,802.672,597.845,16.643,38.791,0
938,15.64897,driven,684.416,483.494,804.497,578.307,8.046,51.706,0
939,15.66565,driven,662.764,485.000,799.720,553.205,-0.088,63.526,0
940,15.68233,driven,640.426,483.326,785.060,533.227,-8.485,70.965,0
941,15.69902,driven,618.916,478.511,766.877,517.456,-16.746,75.254,0
942,15.7157,driven,596.767,469.921,745.888,504.156,-25.651,77.070,0
943,15.73238,driven,577.980,459.203,726.862,494.462,-33.758,76.676,0
944,15.74907,driven,561.444,446.435,707.690,491.394,-41.587,72.912,0
945,15.76575,driven,547.499,432.342,688.733,491.180,-49.017,67.384,0
946,15.78243,driven,537.704,419.806,672.868,491.498,-54.977,62.059,0
947,15.79912,driven,530.550,408.589,655.436,496.977,-59.962,54.711,0
948,15.8158,driven,527.481,403.019,640.505,506.143,-62.343,47.622,0
949,15.83248,driven,527.481,403.019,627.351,518.928,-62.343,40.749,0
950,15.84917,driven,527.481,403.019,612.035,530.532,-62.343,33.548,0
951,15.86585,driven,531.225,409.745,598.864,546.981,-59.460,26.237,0
952,15.88253,driven,537.290,419.212,584.239,564.831,-55.249,17.870,0
953,15.89922,driven,547.294,432.106,568.562,583.620,-49.135,7.990,0
954,15.9159,driven,562.307,447.195,549.531,599.661,-41.157,-4.790,0
955,15.93258,driven,582.293,461.982,526.123,604.299,-31.837,-21.538,0
956,15.94927,driven,607.427,474.551,515.224,596.647,-21.298,-37.059,0
957,15.96595,driven,631.670,481.758,512.661,577.913,-11.816,-51.063,0
958,15.98263,driven,652.885,484.665,515.999,553.012,-3.791,-63.467,0
959,15.99932,driven,674.218,484.588,528.797,532.147,4.205,-71.890,0
960,16.016,driven,696.339,481.323,546.617,512.824,12.586,-78.118,0
961,16.03268,driven,718.569,474.552,567.221,496.974,21.297,-81.573,0
962,16.04937,driven,739.364,464.580,587.784,485.380,29.941,-82.187,0
963,16.06605,driven,759.046,451.097,608.305,477.291,38.884,-80.143,0
964,16.08273,driven,774.601,436.663,627.033,477.072,46.837,-74.686,0
965,16.09942,driven,787.401,421.069,644.957,476.916,54.398,-68.592,0
966,16.1161,driven,795.981,407.664,660.041,477.871,60.361,-62.686,0
967,16.13278,driven,801.842,396.279,676.343,483.794,65.158,-55.111,0
968,16.14947,driven,803.216,393.224,688.781,494.780,66.412,-48.412,0
969,16.16615,driven,803.216,393.224,701.079,507.140,66.412,-41.879,0
970,16.18283,driven,803.216,393.224,716.039,518.958,66.412,-34.736,0
971,16.19952,driven,799.904,400.310,727.712,535.207,63.483,-28.154,0
972,16.2162,driven,794.709,409.857,739.845,552.682,59.411,-21.014,0
973,16.23288,driven,787.242,421.292,754.861,570.826,54.296,-12.219,0
974,16.24957,driven,775.949,435.207,771.001,588.127,47.581,-1.853,0
975,16.26625,driven,758.065,451.882,793.268,600.777,38.414,13.302,0
976,16.28293,driven,733.521,467.779,814.583,597.540,27.446,31.993,0
977,16.29962,driven,707.979,478.239,812.745,589.743,17.096,43.216,0
978,16.3163,driven,686.013,483.259,813.378,568.037,8.651,56.351,0
979,16.33298,driven,664.355,484.994,805.263,544.608,0.508,67.068,0
980,16.34967,driven,643.512,483.754,790.528,526.123,-7.318,73.923,0
981,16.36635,driven,620.975,479.115,770.549,511.313,-15.942,77.852,0
982,16.38303,driven,599.884,471.375,750.182,500.003,-24.363,79.216,0
983,16.39972,driven,580.320,460.736,730.076,492.075,-32.710,78.181,0
984,16.4164,driven,562.906,447.716,709.407,491.835,-40.860,73.240,0
985,16.43308,driven,549.042,434.091,690.773,491.722,-48.144,67.872,0
986,16.44977,driven,538.780,421.322,673.741,493.395,-54.281,61.897,0
987,16.46645,driven,531.813,410.734,656.184,499.846,-59.029,54.378,0
988,16.48313,driven,528.908,405.677,640.021,510.857,-61.213,46.571,0
989,16.49982,driven,528.908,405.677,625.344,524.458,-61.213,39.073,0
990,16.5165,driven,528.908,405.677,608.321,536.453,-61.213,31.268,0
991,16.53318,driven,533.057,412.770,592.654,553.685,-58.136,22.925,0
992,16.54987,driven,540.056,423.070,575.767,571.844,-53.471,13.498,0
993,16.56655,driven,550.475,435.668,557.522,588.506,-47.346,2.640,0
994,16.58323,driven,567.232,451.321,532.907,600.421,-38.751,-12.964,0
995,16.59992,driven,588.896,465.856,510.033,596.966,-28.969,-31.027,0
996,16.6166,driven,612.548,476.442,507.869,588.028,-19.254,-43.171,0
997,16.63328,driven,634.822,482.383,506.236,565.297,-10.613,-57.185,0
998,16.64997,driven,654.697,484.775,511.739,539.289,-3.111,-69.127,0
999,16.66665,driven,675.604,484.480,526.324,518.012,4.725,-77.340,0
1000,16.68333,driven,697.856,480.977,546.069,500.205,13.169,-82.780,0
1001,16.70002,driven,719.569,474.158,566.981,485.367,21.699,-85.799,0
1002,16.7167,driven,739.374,464.575,586.764,475.488,29.945,-85.910,0
1003,16.73338,driven,758.312,451.685,606.284,468.907,38.532,-83.537,0
1004,16.75007,driven,774.104,437.189,624.406,468.801,46.566,-78.076,0
1005,16.76675,driven,786.201,422.722,640.311,468.819,53.633,-72.465,0
1006,16.78343,driven,795.240,408.952,656.064,472.507,59.804,-65.456,0
1007,16.80012,driven,801.020,398.027,671.178,478.960,64.434,-58.064,0
1008,16.8168,driven,802.791,394.189,683.133,489.535,66.017,-51.451,0
1009,16.83348,driven,802.791,394.189,695.017,502.789,66.017,-44.781,0
1010,16.85017,driven,802.791,394.189,708.521,514.697,66.017,-38.035,0
1011,16.86685,driven,799.480,401.154,719.306,531.466,63.129,-31.602,0
1012,16.88353,driven,794.540,410.143,730.864,549.263,59.287,-24.594,0
1013,16.90022,driven,787.261,421.264,743.881,567.985,54.308,-16.471,0
1014,16.9169,driven,775.477,435.721,758.794,587.808,47.319,-6.260,0
1015,16.93358,driven,758.196,451.778,778.136,603.473,38.477,7.489,0
1016,16.95027,driven,733.830,467.618,801.857,604.662,27.577,26.399,0
1017,16.96695,driven,707.251,478.461,802.906,597.873,16.812,38.697,0
1018,16.98363,driven,683.455,483.626,804.686,576.965,7.683,52.407,0
1019,17.00032,driven,661.910,484.996,799.655,551.595,-0.408,64.197,0
1020,17.017,driven,641.058,483.418,785.712,533.259,-8.245,70.989,0
1021,17.03368,driven,618.879,478.500,766.874,517.313,-16.761,75.305,0
1022,17.05037,driven,597.775,470.401,747.139,503.560,-25.233,77.483,0
1023,17.06705,driven,578.380,459.470,727.269,494.699,-33.578,76.688,0
1024,17.08373,driven,561.401,446.397,707.791,490.884,-41.609,73.096,0
1025,17.10042,driven,547.397,432.224,688.827,490.590,-49.076,67.575,0
1026,17.1171,driven,537.754,419.878,673.245,490.949,-54.945,62.321,0
1027,17.13378,driven,530.374,408.285,655.847,495.838,-60.093,55.093,0
1028,17.15047,driven,527.770,403.566,641.595,505.805,-62.111,48.070,0
1029,17.16715,driven,527.770,403.566,628.810,518.457,-62.111,41.330,0
1030,17.18383,driven,527.770,403.566,613.736,530.132,-62.111,34.185,0
1031,17.20052,driven,531.508,410.223,600.565,546.752,-59.252,26.831,0
1032,17.2172,driven,537.341,419.286,586.460,564.187,-55.215,18.726,0
1033,17.23388,driven,548.175,433.115,571.289,584.359,-48.633,8.689,0
1034,17.25057,driven,563.190,447.961,552.158,600.563,-40.719,-4.135,0
1035,17.26725,driven,582.299,461.986,529.008,605.405,-31.834,-20.384,0
1036,17.28393,driven,608.437,474.940,516.972,597.591,-20.893,-36.713,0
1037,17.30062,driven,632.061,481.839,514.470,579.724,-11.667,-50.226,0
1038,17.3173,driven,652.378,484.631,517.134,556.172,-3.981,-62.122,0
1039,17.33398,driven,674.116,484.596,529.717,535.173,4.166,-70.697,0
1040,17.35067,driven,696.094,481.378,546.932,515.430,12.492,-77.140,0
1041,17.36735,driven,717.645,474.909,566.907,501.117,20.926,-80.137,0
1042,17.38403,driven,738.383,465.141,587.233,488.864,29.518,-81.080,0
1043,17.40072,driven,758.152,451.812,607.823,480.276,38.456,-79.278,0
1044,17.4174,driven,773.838,437.470,626.880,480.045,46.421,-73.843,0
1045,17.43408,driven,785.729,423.359,643.576,479.941,53.336,-68.296,0
1046,17.45077,driven,794.361,410.443,658.925,481.620,59.156,-62.276,0
1047,17.46745,driven,800.435,399.235,675.369,487.369,63.932,-54.828,0
1048,17.48413,driven,801.506,397.001,686.889,498.352,64.859,-48.515,0
1049,17.50082,driven,801.506,397.001,699.199,510.765,64.859,-41.965,0
1050,17.5175,driven,801.506,397.001,713.470,522.136,64.859,-35.127,0
1051,17.53418,driven,797.567,404.805,724.657,539.316,61.585,-28.460,0
1052,17.55087,driven,792.242,413.887,737.217,556.650,57.642,-21.078,0
1053,17.56755,driven,783.953,425.699,751.333,575.181,52.236,-12.310,0
1054,17.58423,driven,771.857,439.514,767.313,592.446,45.356,-1.702,0
1055,17.60092,driven,752.168,456.330,789.915,604.601,35.648,14.283,0
1056,17.6176,driven,728.012,470.501,809.417,600.047,25.145,32.145,0
1057,17.63428,driven,702.387,479.843,808.429,590.135,14.918,43.874,0
1058,17.65097,driven,679.746,484.081,808.181,567.227,6.284,57.082,0
1059,17.66765,driven,658.397,484.931,799.549,543.966,-1.724,67.303,0
1060,17.68433,driven,635.935,482.587,782.781,525.544,-10.189,73.694,0
1061,17.70102,driven,614.598,477.142,763.949,510.359,-18.443,77.461,0
1062,17.7177,driven,593.521,468.314,743.593,498.102,-27.008,78.773,0
1063,17.73438,driven,574.582,456.865,723.861,490.405,-35.302,77.337,0
1064,17.75107,driven,557.913,443.202,703.736,489.512,-43.381,72.381,0
1065,17.76775,driven,545.103,429.515,685.926,489.329,-50.405,66.987,0
1066,17.78443,driven,535.336,416.327,669.570,489.746,-56.554,61.324,0
1067,17.80112,driven,528.974,405.797,652.182,496.510,-61.162,53.638,0
1068,17.8178,driven,527.524,403.101,638.640,508.279,-62.308,46.573,0
1069,17.83448,driven,527.524,403.101,625.033,521.004,-62.308,39.591,0
1070,17.85117,driven,527.524,403.101,608.927,532.649,-62.308,32.144,0
1071,17.86785,driven,531.652,410.464,594.815,549.818,-59.147,24.383,0
1072,17.88453,driven,538.552,421.004,580.490,568.144,-54.428,15.909,0
1073,17.90122,driven,549.540,434.644,563.954,586.963,-47.865,5.406,0
1074,17.9179,driven,565.393,449.821,542.504,601.099,-39.640,-8.604,0
1075,17.93458,driven,587.095,464.844,518.006,601.356,-29.743,-26.844,0
1076,17.95127,driven,613.194,476.666,514.212,593.335,-18.998,-40.311,0
1077,17.96795,driven,635.282,482.468,512.010,573.095,-10.438,-53.677,0
1078,17.98463,driven,655.885,484.834,516.469,547.861,-2.666,-65.673,0
1079,18.00132,driven,678.043,484.259,531.332,527.673,5.643,-73.516,0
1080,18.018,driven,699.355,480.618,549.053,509.225,13.746,-79.224,0
1081,18.03468,driven,721.867,473.222,570.445,495.141,22.628,-81.764,0
1082,18.05137,driven,742.142,462.941,590.636,484.271,31.149,-81.986,0
1083,18.06805,driven,760.294,450.080,609.869,478.037,39.487,-79.471,0
1084,18.08473,driven,776.009,435.140,629.102,477.887,47.614,-73.776,0
1085,18.10142,driven,787.778,420.541,645.958,477.953,54.641,-67.961,0
1086,18.1181,driven,796.004,407.624,662.206,481.834,60.378,-60.985,0
1087,18.13478,driven,801.656,396.679,679.149,488.336,64.992,-53.197,0
1088,18.15147,driven,802.564,394.696,691.989,500.441,65.809,-46.279,0
1089,18.16815,driven,802.564,394.696,706.025,513.394,65.809,-39.122,0
1090,18.18483,driven,802.564,394.696,721.851,524.674,65.809,-31.839,0
1091,18.20152,driven,798.915,402.257,734.639,541.101,62.665,-24.841,0
1092,18.2182,driven,793.414,412.007,749.573,558.591,58.471,-16.651,0
1093,18.23488,driven,785.116,424.177,765.359,575.896,52.953,-7.420,0
1094,18.25157,driven,772.894,438.453,783.858,591.060,45.911,4.109,0
1095,18.26825,driven,752.567,456.043,807.553,598.821,35.832,21.062,0
1096,18.28493,driven,727.771,470.613,820.323,592.446,25.046,37.222,0
1097,18.30162,driven,704.140,479.365,822.718,576.051,15.598,50.807,0
1098,18.3183,driven,682.314,483.776,819.341,551.839,7.252,63.586,0
1099,18.33498,driven,659.884,484.968,805.592,531.642,-1.167,72.238,0
1100,18.35167,driven,638.494,483.025,788.221,514.503,-9.217,78.127,0
1101,18.36835,driven,615.684,477.500,766.834,501.225,-18.014,81.079,0
1102,18.38503,driven,594.951,469.034,746.344,491.154,-26.408,81.687,0
1103,18.40172,driven,575.119,457.243,725.532,485.258,-35.057,79.449,0
1104,18.4184,driven,557.999,443.283,705.167,485.124,-43.336,74.129,0
1105,18.43508,driven,545.017,429.411,687.457,485.268,-50.456,68.588,0
1106,18.45177,driven,535.373,416.383,669.357,490.256,-56.529,61.129,0
1107,18.46845,driven,528.647,405.201,650.491,497.738,-61.417,52.784,0
1108,18.48513,driven,527.798,403.620,636.493,511.298,-62.089,45.269,0
1109,18.50182,driven,527.798,403.620,620.538,525.310,-62.089,37.311,0
1110,18.5185,driven,527.798,403.620,602.135,537.348,-62.089,29.069,0
1111,18.53518,driven,532.198,411.372,585.773,554.686,-58.750,20.497,0
1112,18.55187,driven,539.617,422.475,568.174,572.786,-53.748,10.757,0
1113,18.56855,driven,551.210,436.460,548.812,589.441,-46.941,-0.898,0
1114,18.58523,driven,567.860,451.822,523.875,598.364,-38.450,-16.707,0
1115,18.60192,driven,591.164,467.088,504.159,592.941,-28.003,-34.657,0
1116,18.6186,driven,615.010,477.279,501.748,580.142,-18.280,-47.754,0
1117,18.63528,driven,636.986,482.772,502.127,555.036,-9.789,-61.816,0
1118,18.65197,driven,656.807,484.875,511.004,531.246,-2.320,-72.357,0
1119,18.66865,driven,679.666,484.090,528.962,510.495,6.253,-80.062,0
1120,18.68533,driven,702.365,479.849,549.945,493.161,14.909,-85.009,0
1121,18.70202,driven,723.092,472.705,570.271,480.106,23.126,-87.227,0
1122,18.7187,driven,743.847,461.895,591.084,470.411,31.898,-86.809,0
1123,18.73538,driven,762.380,448.329,610.539,467.121,40.507,-82.945,0
1124,18.75207,driven,777.403,433.592,628.102,467.028,48.395,-77.377,0
1125,18.76875,driven,789.345,418.290,644.350,467.131,55.668,-71.384,0
1126,18.78543,driven,797.417,405.084,660.291,472.949,61.467,-63.668,0
1127,18.80212,driven,802.752,394.277,676.236,480.316,65.981,-55.782,0
1128,18.8188,driven,802.940,393.854,686.914,493.589,66.154,-49.318,0
1129,18.83548,driven,802.940,393.854,699.478,506.569,66.154,-42.549,0
1130,18.85217,driven,802.940,393.854,714.314,518.572,66.154,-35.398,0
1131,18.86885,driven,799.320,401.468,726.226,535.878,62.997,-28.538,0
1132,18.88553,driven,793.693,411.551,738.880,554.396,58.672,-20.993,0
1133,18.90222,driven,785.506,423.659,752.866,573.137,53.196,-12.318,0
1134,18.9189,driven,773.473,437.852,769.798,590.808,46.224,-1.376,0
1135,18.93558,driven,754.051,454.958,792.588,603.026,36.520,14.589,0
1136,18.95227,driven,729.518,469.784,812.309,598.449,25.770,32.760,0
1137,18.96895,driven,703.820,479.454,811.245,588.398,15.474,44.598,0
1138,18.98563,driven,680.765,483.965,810.444,565.158,6.668,57.949,0
1139,19.00232,driven,658.761,484.941,800.580,542.356,-1.588,67.960,0
1140,19.019,driven,636.905,482.758,784.320,523.720,-9.820,74.471,0
1141,19.03568,driven,615.163,477.329,764.761,509.413,-18.220,77.895,0
1142,19.05237,driven,593.812,468.463,744.057,497.368,-26.885,79.110,0
1143,19.06905,driven,574.297,456.663,723.753,489.405,-35.433,77.643,0
1144,19.08573,driven,557.740,443.038,703.646,489.086,-43.470,72.484,0
1145,19.10242,driven,544.990,429.379,685.933,488.913,-50.471,67.101,0
1146,19.1191,driven,535.474,416.534,669.972,489.466,-56.461,61.531,0
1147,19.13578,driven,528.636,405.180,651.705,496.082,-61.425,53.550,0
1148,19.15247,driven,527.890,403.794,639.306,508.654,-62.015,46.736,0
1149,19.16915,driven,527.890,403.794,625.177,521.880,-62.015,39.484,0
1150,19.18583,driven,527.890,403.794,609.190,533.407,-62.015,32.098,0
1151,19.20252,driven,532.220,411.407,595.566,550.678,-58.735,24.458,0
1152,19.2192,driven,539.131,421.808,580.218,569.188,-54.057,15.578,0
1153,19.23588,driven,550.276,435.452,563.890,587.845,-47.456,5.105,0
1154,19.25257,driven,566.649,450.851,542.604,601.950,-39.031,-9.042,0
1155,19.26925,driven,589.337,466.100,518.113,601.511,-28.781,-27.743,0
1156,19.28593,driven,614.092,476.972,515.726,594.160,-18.642,-40.010,0
1157,19.30262,driven,636.882,482.754,513.514,573.250,-9.829,-53.738,0
1158,19.3193,driven,658.007,484.919,518.623,548.015,-1.870,-65.645,0
1159,19.33598,driven,679.064,484.154,532.140,526.842,6.027,-73.799,0
1160,19.35267,driven,700.962,480.216,550.801,509.553,14.366,-78.945,0
1161,19.36935,driven,722.663,472.888,571.216,494.630,22.952,-81.830,0
1162,19.38603,driven,743.081,462.369,591.735,484.810,31.561,-81.566,0
1163,19.40272,driven,761.946,448.699,611.806,478.142,40.294,-78.905,0
1164,19.4194,driven,776.997,434.047,630.436,477.965,48.166,-73.319,0
1165,19.43608,driven,788.045,420.163,646.464,478.160,54.814,-67.724,0
1166,19.45277,driven,796.181,407.312,662.984,482.596,60.512,-60.524,0
1167,19.46945,driven,801.762,396.452,680.055,489.169,65.086,-52.700,0
1168,19.48613,driven,801.762,396.452,690.898,501.895,65.086,-46.436,0
1169,19.50282,driven,801.762,396.452,704.684,514.709,65.086,-39.383,0
1170,19.5195,driven,801.678,396.634,720.322,526.211,65.011,-32.123,0
1171,19.53618,driven,797.655,404.643,733.102,543.358,61.654,-24.956,0
1172,19.55287,driven,791.840,414.519,746.592,560.675,57.361,-17.202,0
1173,19.56955,driven,782.634,427.376,762.231,579.010,51.437,-7.663,0
1174,19.58623,driven,770.152,441.212,780.284,593.877,44.455,3.797,0
1175,19.60292,driven,748.887,458.620,803.549,601.522,34.149,20.932,0
1176,19.6196,driven,723.654,472.464,815.486,594.840,23.355,36.885,0
1177,19.63628,driven,699.889,480.486,818.131,577.584,13.952,50.608,0
1178,19.65297,driven,678.788,484.183,814.901,554.056,5.923,62.827,0
1179,19.66965,driven,656.229,484.850,801.229,533.677,-2.536,71.390,0
1180,19.68633,driven,634.951,482.407,784.337,515.465,-10.564,77.522,0
1181,19.70302,driven,612.720,476.502,763.398,503.059,-19.185,80.004,0
1182,19.7197,driven,592.097,467.579,743.086,492.306,-27.608,80.700,0
1183,19.73638,driven,573.016,455.741,722.796,486.964,-36.025,78.225,0
1184,19.75307,driven,556.666,442.009,702.973,486.767,-44.027,72.990,0
1185,19.76975,driven,543.847,427.977,685.105,486.758,-51.149,67.407,0
1186,19.78643,driven,534.525,415.086,667.448,490.853,-57.109,60.316,0
1187,19.80312,driven,528.652,405.209,650.097,498.268,-61.413,52.538,0
1188,19.8198,driven,528.652,405.209,637.159,513.074,-61.413,45.170,0
1189,19.83648,driven,528.652,405.209,622.528,526.023,-61.413,37.848,0
1190,19.85317,driven,528.738,405.368,605.084,537.958,-61.346,29.933,0
1191,19.86985,driven,533.560,413.574,589.821,555.855,-57.780,21.575,0
1192,19.88653,driven,541.266,424.682,573.288,574.293,-52.716,12.081,0
1193,19.90322,driven,554.223,439.595,554.859,592.593,-45.313,0.238,0
1194,19.9199,driven,571.328,454.496,531.005,602.087,-36.810,-15.281,0
1195,19.93658,driven,594.726,468.922,511.036,597.004,-26.503,-33.161,0
1196,19.95327,driven,619.689,478.742,509.530,584.921,-16.444,-46.054,0
1197,19.96995,driven,641.320,483.456,509.332,560.838,-8.146,-59.618,0
1198,19.98663,driven,661.881,484.996,517.736,536.292,-0.419,-70.411,0
1199,20.00332,driven,683.705,483.593,534.317,516.640,7.778,-77.526,0
1200,20.02,driven,706.132,478.795,554.563,499.673,16.374,-82.157,0
1201,20.03668,driven,726.702,471.108,574.517,486.884,24.605,-84.082,0
1202,20.05337,driven,746.991,459.885,594.905,476.588,33.296,-83.732,0
1203,20.07005,driven,765.803,445.316,615.289,472.790,42.215,-79.656,0
1204,20.08673,driven,779.576,431.091,632.323,472.630,49.635,-74.247,0
1205,20.10342,driven,790.935,415.915,648.913,472.825,56.738,-68.163,0
1206,20.1201,driven,798.626,402.813,665.594,478.387,62.430,-60.400,0
1207,20.13678,driven,803.435,392.722,681.373,484.972,66.617,-52.919,0
1208,20.15347,driven,803.435,392.722,692.726,498.328,66.617,-46.351,0
1209,20.17015,driven,803.435,392.722,706.362,510.984,66.617,-39.380,0
1210,20.18683,driven,802.388,395.088,720.352,524.235,65.648,-32.424,0
1211,20.20352,driven,798.172,403.677,731.944,541.600,62.065,-25.649,0
1212,20.2202,driven,792.064,414.167,745.369,559.867,57.518,-17.770,0
1213,20.23688,driven,783.081,426.813,760.657,578.161,51.706,-8.428,0
1214,20.25357,driven,770.134,441.231,778.235,594.016,44.445,3.035,0
1215,20.27025,driven,748.955,458.573,801.395,602.306,34.180,20.044,0
1216,20.28693,driven,722.953,472.765,813.418,596.154,23.069,36.248,0
1217,20.30362,driven,698.846,480.742,815.300,579.976,13.550,49.564,0
1218,20.3203,driven,676.812,484.375,812.018,555.988,5.179,62.092,0
1219,20.33698,driven,653.721,484.718,798.273,534.856,-3.477,70.871,0
1220,20.35367,driven,632.312,481.891,781.048,517.756,-11.571,76.443,0
1221,20.37035,driven,609.850,475.472,760.177,503.944,-20.327,79.275,0
1222,20.38703,driven,588.750,465.776,739.155,493.836,-29.032,79.432,0
1223,20.40372,driven,570.332,453.744,719.520,487.683,-37.278,77.184,0
1224,20.4204,driven,553.841,439.206,699.010,487.526,-45.517,71.590,0
1225,20.43708,driven,541.782,425.355,681.502,487.703,-52.399,65.952,0
1226,20.45377,driven,533.060,412.775,663.878,492.119,-58.134,58.762,0
1227,20.47045,driven,527.156,402.394,645.404,499.484,-62.607,50.612,0
1228,20.48713,driven,526.850,401.802,631.504,513.412,-62.856,43.158,0
1229,20.50382,driven,526.850,401.802,615.815,526.278,-62.856,35.554,0
1230,20.5205,driven,526.850,401.802,597.120,537.711,-62.856,27.340,0
1231,20.53718,driven,531.696,410.538,580.723,555.470,-59.115,18.690,0
1232,20.55387,driven,539.239,421.957,563.456,573.029,-53.988,9.107,0
1233,20.57055,driven,551.337,436.597,543.976,589.420,-46.871,-2.758,0
1234,20.58723,driven,568.496,452.325,519.470,597.257,-38.146,-18.689,0
1235,20.60392,driven,591.717,467.380,502.067,591.363,-27.769,-35.870,0
1236,20.6206,driven,615.478,477.433,499.306,576.997,-18.096,-49.402,0
1237,20.63728,driven,637.669,482.888,500.900,551.469,-9.530,-63.369,0
1238,20.65397,driven,657.561,484.903,511.237,529.607,-2.037,-73.011,0
1239,20.67065,driven,680.016,484.051,529.182,509.706,6.385,-80.347,0
1240,20.68733,driven,702.427,479.833,550.019,493.280,14.933,-84.958,0
1241,20.70402,driven,724.531,472.082,571.838,481.765,23.714,-86.371,0
1242,20.7207,driven,744.769,461.317,592.198,472.757,32.306,-85.712,0
1243,20.73738,driven,762.952,447.839,611.945,472.453,40.789,-80.742,0
1244,20.75407,driven,778.057,432.851,630.231,472.304,48.765,-75.057,0
1245,20.77075,driven,789.497,418.067,646.520,472.533,55.769,-69.146,0
1246,20.78743,driven,797.585,404.772,663.654,478.740,61.599,-61.089,0
1247,20.80412,driven,802.245,395.402,679.840,487.195,65.519,-53.133,0
1248,20.8208,driven,802.245,395.402,691.968,501.458,65.519,-46.118,0
1249,20.83748,driven,802.245,395.402,706.823,515.000,65.519,-38.585,0
1250,20.85417,driven,801.705,396.575,722.870,527.701,65.035,-31.015,0
1251,20.87085,driven,797.384,405.144,736.066,545.319,61.441,-23.626,0
1252,20.88753,driven,791.245,415.440,751.560,563.203,56.951,-15.033,0
1253,20.90422,driven,781.847,428.356,768.171,580.743,50.966,-5.128,0
1254,20.9209,driven,767.827,443.446,788.964,594.979,43.247,7.941,0
1255,20.93758,driven,745.818,460.648,813.570,597.829,32.772,26.284,0
1256,20.95427,driven,719.935,474.012,818.341,591.167,21.847,40.029,0
1257,20.97095,driven,697.218,481.124,820.885,571.211,12.924,53.928,0
1258,20.98763,driven,675.465,484.491,815.577,545.954,4.673,66.314,0
1259,21.00432,driven,653.119,484.681,800.606,525.381,-3.703,74.573,0
1260,21.021,driven,631.883,481.802,782.459,508.930,-11.735,79.787,0
1261,21.03768,driven,609.421,475.312,761.010,496.040,-20.499,82.214,0
1262,21.05437,driven,588.495,465.634,740.168,485.740,-29.141,82.449,0
1263,21.07105,driven,569.899,453.413,720.148,482.293,-37.481,79.120,0
1264,21.08773,driven,553.973,439.341,700.841,482.222,-45.447,73.724,0
1265,21.10442,driven,541.329,424.764,683.080,482.346,-52.678,67.892,0
1266,21.1211,driven,532.924,412.556,666.078,487.917,-58.230,60.492,0
1267,21.13778,driven,527.016,402.123,647.920,495.884,-62.721,52.207,0
1268,21.15447,driven,526.984,402.062,635.235,510.185,-62.747,45.034,0
1269,21.17115,driven,526.984,402.062,619.689,523.777,-62.747,37.295,0
1270,21.18783,driven,526.984,402.062,601.086,535.919,-62.747,28.969,0
1271,21.20452,driven,531.385,410.015,585.264,553.214,-59.343,20.619,0
1272,21.2212,driven,538.733,421.257,569.098,571.214,-54.311,11.447,0
1273,21.23788,driven,550.726,435.940,550.041,588.938,-47.208,-0.257,0
1274,21.25457,driven,567.372,451.433,525.931,598.714,-38.684,-15.715,0
1275,21.27125,driven,590.855,466.922,505.596,593.965,-28.134,-33.866,0
1276,21.28793,driven,616.765,477.847,504.262,581.540,-17.589,-47.333,0
1277,21.30462,driven,637.866,482.921,504.336,557.612,-9.455,-60.780,0
1278,21.3213,driven,658.236,484.926,513.374,534.159,-1.784,-71.229,0
1279,21.33798,driven,679.733,484.082,529.830,514.709,6.279,-78.453,0
1280,21.35467,driven,701.902,479.972,549.939,497.754,14.730,-83.326,0
1281,21.37135,driven,723.450,472.552,570.979,485.265,23.272,-85.234,0
1282,21.38803,driven,744.606,461.420,592.270,475.657,32.234,-84.660,0
1283,21.40472,driven,762.844,447.932,612.064,473.897,40.736,-80.229,0
1284,21.4214,driven,778.101,432.801,630.686,473.762,48.789,-74.471,0
1285,21.43808,driven,789.356,418.274,646.853,473.968,55.675,-68.653,0
1286,21.45477,driven,797.169,405.537,663.258,479.542,61.273,-61.073,0
1287,21.47145,driven,802.308,395.263,679.749,486.850,65.576,-53.230,0
1288,21.48813,driven,802.308,395.263,691.692,500.966,65.576,-46.301,0
1289,21.50482,driven,802.308,395.263,705.762,513.955,65.576,-39.126,0
1290,21.5215,driven,801.007,398.053,719.925,527.802,64.423,-32.002,0
1291,21.53818,driven,797.506,404.920,733.328,543.809,61.537,-24.800,0
1292,21.55487,driven,790.734,416.220,747.528,562.993,56.601,-16.403,0
1293,21.57155,driven,781.486,428.799,763.412,580.727,50.752,-6.784,0
1294,21.58823,driven,767.014,444.205,782.794,596.389,42.831,5.920,0
1295,21.60492,driven,745.058,461.134,806.899,601.079,32.434,23.840,0
1296,21.6216,driven,720.329,473.853,814.546,594.403,22.006,38.010,0
1297,21.63828,driven,695.821,481.438,817.157,574.640,12.387,52.471,0
1298,21.65497,driven,674.691,484.553,812.897,550.189,4.382,64.596,0
1299,21.67165,driven,652.909,484.667,799.106,529.784,-3.782,72.850,0
1300,21.68833,driven,631.235,481.666,781.064,512.652,-11.983,78.316,0
1301,21.70502,driven,608.769,475.066,759.899,498.910,-20.760,81.035,0
1302,21.7217,driven,588.964,465.894,740.198,489.076,-28.940,81.285,0
1303,21.73838,driven,569.211,452.883,719.071,483.721,-37.807,78.372,0
1304,21.75507,driven,553.359,438.714,699.642,483.549,-45.775,72.960,0
1305,21.77175,driven,541.500,424.988,682.792,483.688,-52.572,67.440,0
1306,21.78843,driven,533.056,412.769,666.231,488.090,-58.136,60.508,0
1307,21.80512,driven,527.253,402.581,648.318,496.134,-62.528,52.305,0
1308,21.8218,driven,527.253,402.581,636.574,509.622,-62.528,45.604,0
1309,21.83848,driven,527.253,402.581,621.722,522.932,-62.528,38.130,0
1310,21.85517,driven,528.575,405.068,606.929,536.482,-61.473,30.805,0
1311,21.87185,driven,533.287,413.140,592.663,554.149,-57.973,22.835,0
1312,21.88853,driven,541.429,424.895,577.770,573.517,-52.616,13.740,0
1313,21.90522,driven,554.414,439.787,560.216,592.677,-45.212,2.173,0
1314,21.9219,driven,571.951,454.959,537.163,603.952,-36.519,-13.142,0
1315,21.93858,driven,595.915,469.509,516.046,600.008,-26.006,-31.468,0
1316,21.95527,driven,621.257,479.196,516.102,590.332,-15.833,-43.416,0
1317,21.97195,driven,643.749,483.784,515.349,566.986,-7.228,-57.057,0
1318,21.98863,driven,664.322,484.994,522.421,542.205,0.495,-68.042,0
1319,22.00532,driven,685.619,483.319,537.414,521.323,8.502,-75.618,0
1320,22.022,driven,708.434,478.098,557.647,504.026,17.275,-80.243,0
1321,22.03868,driven,729.903,469.597,578.319,490.366,25.930,-82.198,0
1322,22.05537,driven,749.437,458.245,598.159,481.140,34.398,-81.394,0
1323,22.07205,driven,766.808,444.396,617.236,476.600,42.725,-77.849,0
1324,22.08873,driven,781.453,428.840,636.039,476.419,50.733,-71.882,0
1325,22.10542,driven,792.211,413.935,652.660,476.660,57.621,-65.797,0
1326,22.1221,driven,799.138,401.824,668.553,481.552,62.847,-58.594,0
1327,22.13878,driven,803.945,391.528,685.401,488.256,67.103,-50.787,0
1328,22.15547,driven,803.945,391.528,697.147,501.087,67.103,-44.269,0
1329,22.17215,driven,803.945,391.528,710.773,512.887,67.103,-37.515,0
1330,22.18883,driven,801.801,396.369,723.055,527.549,65.120,-30.976,0
1331,22.20552,driven,797.752,404.463,736.008,544.451,61.731,-23.801,0
1332,22.2222,driven,791.241,415.445,749.311,562.587,56.948,-15.906,0
1333,22.23888,driven,781.270,429.063,764.646,581.157,50.625,-6.237,0
1334,22.25557,driven,766.891,444.320,783.544,596.411,42.768,6.249,0
1335,22.27225,driven,745.129,461.088,806.385,601.291,32.466,23.601,0
1336,22.28893,driven,719.538,474.170,812.788,595.469,21.687,37.552,0
1337,22.30562,driven,695.042,481.607,815.341,576.144,12.089,51.838,0
1338,22.3223,driven,673.313,484.652,810.740,551.903,3.865,63.925,0
1339,22.33898,driven,650.589,484.496,796.160,531.592,-4.653,72.072,0
1340,22.35567,driven,628.917,481.156,778.108,515.082,-12.871,77.188,0
1341,22.37235,driven,606.491,474.182,756.864,502.412,-21.675,79.367,0
1342,22.38903,driven,585.993,464.208,736.254,493.030,-30.219,79.142,0
1343,22.40572,driven,567.870,451.830,716.245,489.163,-38.445,75.877,0
1344,22.4224,driven,552.535,437.861,696.746,488.971,-46.219,70.485,0
1345,22.43908,driven,540.301,423.401,678.431,489.197,-53.317,64.530,0
1346,22.45577,driven,532.197,411.371,660.311,495.012,-58.751,56.861,0
1347,22.47245,driven,526.851,401.803,641.909,502.654,-62.856,48.765,0
1348,22.48913,driven,526.851,401.803,628.155,516.461,-62.856,41.462,0
1349,22.50582,driven,526.851,401.803,611.072,529.537,-62.856,33.399,0
1350,22.5225,driven,528.916,405.692,594.648,543.852,-61.207,25.443,0
1351,22.53918,driven,534.403,414.896,578.449,561.419,-57.194,16.731,0
1352,22.55587,driven,543.693,427.786,559.910,579.924,-51.241,6.084,0
1353,22.57255,driven,557.126,442.452,538.613,594.328,-43.788,-6.950,0
1354,22.58923,driven,576.283,458.052,513.681,597.659,-34.526,-24.152,0
1355,22.60592,driven,601.947,472.291,503.788,589.653,-23.518,-39.908,0
1356,22.6226,driven,623.579,479.834,500.672,570.955,-14.931,-53.447,0
1357,22.63928,driven,645.579,484.005,504.993,544.374,-6.538,-66.761,0
1358,22.65597,driven,665.725,484.976,517.616,523.355,1.020,-75.473,0
1359,22.67265,driven,687.802,482.976,536.392,504.972,9.329,-81.734,0
1360,22.68933,driven,710.210,477.534,557.723,490.055,17.972,-85.306,0
1361,22.70602,driven,730.822,469.146,578.083,478.068,26.313,-86.657,0
1362,22.7227,driven,750.932,457.208,598.604,471.531,35.080,-84.628,0
1363,22.73938,driven,768.760,442.561,618.504,471.407,43.729,-79.133,0
1364,22.75607,driven,782.331,427.755,635.668,471.331,51.255,-73.453,0
1365,22.77275,driven,792.826,412.958,652.274,473.407,58.053,-66.728,0
1366,22.78943,driven,799.476,401.162,668.522,480.284,63.125,-58.860,0
1367,22.80612,driven,803.967,391.476,685.806,488.672,67.125,-50.560,0
1368,22.8228,driven,803.967,391.476,698.907,502.703,67.125,-43.367,0
1369,22.83948,driven,803.967,391.476,714.702,515.737,67.125,-35.692,0
1370,22.85617,driven,802.517,394.801,730.368,529.721,65.766,-28.136,0
1371,22.87285,driven,798.559,402.942,745.256,546.357,62.376,-20.388,0
1372,22.88953,driven,792.206,413.943,761.272,563.783,57.617,-11.665,0
1373,22.90622,driven,782.461,427.594,779.386,580.563,51.333,-1.152,0
1374,22.9229,driven,767.086,444.139,802.682,592.941,42.867,13.453,0
1375,22.93958,driven,744.052,461.767,826.485,590.662,31.989,32.601,0
1376,22.95627,driven,719.636,474.132,825.343,584.743,21.726,43.701,0
1377,22.97295,driven,697.758,481.000,826.846,563.130,13.131,57.534,0
1378,22.98963,driven,677.005,484.358,820.181,538.301,5.252,69.355,0
1379,23.00632,driven,654.899,484.785,804.096,518.689,-3.035,77.197,0
1380,23.023,driven,632.797,481.989,784.201,504.036,-11.385,81.715,0
1381,23.03968,driven,610.813,475.824,762.951,492.043,-19.944,83.915,0
1382,23.05637,driven,590.178,466.558,742.042,485.169,-28.422,83.013,0
1383,23.07305,driven,570.942,454.206,720.803,485.038,-36.991,78.374,0
1384,23.08973,driven,554.619,439.993,700.873,484.923,-45.103,72.923,0
1385,23.10642,driven,542.902,426.792,683.834,486.351,-51.716,67.090,0
1386,23.1231,driven,533.976,414.230,665.047,493.157,-57.490,58.945,0
1387,23.13978,driven,528.242,404.452,645.812,502.362,-61.735,50.213,0
1388,23.15647,driven,528.242,404.452,631.346,517.494,-61.735,42.368,0
1389,23.17315,driven,528.242,404.452,614.306,530.951,-61.735,34.230,0
1390,23.18983,driven,531.160,409.636,597.899,547.313,-59.508,25.862,0
1391,23.20652,driven,536.878,418.616,580.626,565.228,-55.520,16.615,0
1392,23.2232,driven,546.896,431.644,561.894,583.907,-49.363,5.626,0
1393,23.23988,driven,562.246,447.142,538.769,598.330,-41.187,-8.827,0
1394,23.25657,driven,582.148,461.892,512.177,597.955,-31.901,-27.215,0
1395,23.27325,driven,607.085,474.417,505.522,588.845,-21.436,-41.591,0
1396,23.28993,driven,628.266,481.005,502.682,568.399,-13.122,-55.166,0
1397,23.30662,driven,649.107,484.368,507.177,541.507,-5.210,-68.071,0
1398,23.3233,driven,669.988,484.840,521.083,520.003,2.618,-76.713,0
1399,23.33998,driven,691.925,482.241,540.053,500.782,10.897,-83.040,0
1400,23.35667,driven,713.676,476.364,560.944,485.399,19.343,-86.614,0
1401,23.37335,driven,734.189,467.429,581.313,473.585,27.729,-87.694,0
1402,23.39003,driven,753.326,455.492,600.683,465.939,36.183,-86.085,0
1403,23.40672,driven,770.053,441.309,618.946,465.302,44.403,-80.978,0
1404,23.4234,driven,783.636,426.106,635.707,465.167,52.043,-75.208,0
1405,23.44008,driven,793.844,411.303,650.720,465.383,58.780,-69.301,0
1406,23.45677,driven,800.475,399.154,665.657,471.493,63.965,-61.783,0
1407,23.47345,driven,804.810,389.436,680.716,478.933,67.951,-54.201,0
1408,23.49013,driven,804.810,389.436,691.175,491.886,67.951,-47.963,0
1409,23.50682,driven,804.810,389.436,704.438,504.911,67.951,-40.997,0
1410,23.5235,driven,803.713,392.074,716.800,517.991,66.881,-34.615,0
1411,23.54018,driven,799.385,401.341,726.723,535.986,63.050,-28.354,0
1412,23.55687,driven,793.865,411.267,739.102,554.131,58.796,-20.973,0
1413,23.57355,driven,784.656,424.784,752.973,574.467,52.668,-11.951,0
1414,23.59023,driven,772.003,439.365,769.110,592.338,45.434,-1.083,0
1415,23.60692,driven,750.513,457.501,791.913,604.793,34.889,15.699,0
1416,23.6236,driven,724.638,472.035,809.904,599.073,23.757,33.869,0
1417,23.64028,driven,699.225,480.650,808.346,587.896,13.696,45.497,0
1418,23.65697,driven,676.786,484.378,806.846,564.960,5.170,58.219,0
1419,23.67365,driven,653.449,484.702,794.846,543.147,-3.579,67.543,0
1420,23.69033,driven,632.967,482.023,779.579,525.769,-11.320,73.386,0
1421,23.70702,driven,611.800,476.179,760.626,511.669,-19.551,76.587,0
1422,23.7237,driven,590.776,466.880,739.957,500.847,-28.168,77.173,0
1423,23.74038,driven,572.091,455.063,720.024,494.115,-36.454,75.212,0
1424,23.75707,driven,555.602,440.971,699.185,493.820,-44.583,69.793,0
1425,23.77375,driven,543.189,427.155,680.926,493.771,-51.543,64.189,0
1426,23.79043,driven,534.146,414.497,663.013,496.973,-57.371,57.380,0
1427,23.80712,driven,528.597,405.109,645.227,504.137,-61.456,49.666,0
1428,23.8238,driven,528.597,405.109,632.671,517.259,-61.456,42.861,0
1429,23.84048,driven,528.597,405.109,617.362,529.727,-61.456,35.462,0
1430,23.85717,driven,529.893,407.441,600.379,543.238,-60.457,27.432,0
1431,23.87385,driven,534.602,415.204,585.028,559.655,-57.056,19.243,0
1432,23.89053,driven,543.006,426.924,568.475,577.789,-51.653,9.582,0
1433,23.90722,driven,556.297,441.652,549.381,594.495,-44.219,-2.591,0
1434,23.9239,driven,573.292,455.942,525.897,601.416,-35.897,-18.046,0
1435,23.94058,driven,597.916,470.467,509.262,595.164,-25.175,-35.411,0
1436,23.95727,driven,620.946,479.107,505.758,579.808,-15.954,-48.839,0
1437,23.97395,driven,642.213,483.581,507.097,555.363,-7.809,-62.020,0
1438,23.99063,driven,663.028,485.000,517.865,533.341,0.010,-71.582,0
1439,24.00732,driven,684.502,483.482,534.265,512.431,8.079,-79.093,0
1440,24.024,driven,707.523,478.379,555.635,496.795,16.918,-83.087,0
1441,24.04068,driven,728.225,470.401,575.798,483.632,25.233,-85.039,0
1442,24.05737,driven,748.322,459.000,596.058,473.988,33.894,-84.379,0
1443,24.07405,driven,765.695,445.414,615.168,472.811,42.161,-79.685,0
1444,24.09073,driven,779.823,430.800,632.661,472.663,49.778,-74.121,0
1445,24.10742,driven,790.346,416.806,647.996,472.892,56.338,-68.496,0
1446,24.1241,driven,797.644,404.663,663.843,478.867,61.646,-60.988,0
1447,24.14078,driven,802.322,395.233,679.502,486.472,65.588,-53.393,0
1448,24.15747,driven,802.322,395.233,690.623,499.792,65.588,-46.891,0
1449,24.17415,driven,802.322,395.233,703.844,512.328,65.588,-40.064,0
1450,24.19083,driven,800.540,399.021,716.403,526.810,64.021,-33.361,0
1451,24.20752,driven,796.294,407.111,728.285,544.165,60.599,-26.392,0
1452,24.2242,driven,789.796,417.626,741.207,562.706,55.969,-18.516,0
1453,24.24088,driven,779.625,431.034,756.068,582.209,49.663,-8.857,0
1454,24.25757,driven,764.920,446.111,774.159,598.832,41.770,3.462,0
1455,24.27425,driven,742.247,462.878,797.086,605.712,31.195,21.003,0
1456,24.29093,driven,716.611,475.300,806.200,599.327,20.512,35.842,0
1457,24.30762,driven,692.413,482.146,808.930,581.306,11.084,49.601,0
1458,24.3243,driven,669.891,484.845,805.014,556.614,2.581,62.026,0
1459,24.34098,driven,648.252,484.288,792.116,536.365,-5.532,70.100,0
1460,24.35767,driven,627.136,480.737,775.227,519.182,-13.557,75.447,0
1461,24.37435,driven,605.552,473.805,755.135,505.960,-22.054,77.868,0
1462,24.39103,driven,585.181,463.732,734.960,494.962,-30.572,78.222,0
1463,24.40772,driven,566.986,451.123,715.280,488.781,-38.869,75.751,0
1464,24.4244,driven,552.023,437.324,696.207,488.509,-46.497,70.455,0
1465,24.44108,driven,540.496,423.661,679.021,488.620,-53.195,64.877,0
1466,24.45777,driven,532.376,411.665,662.233,492.573,-58.622,58.075,0
1467,24.47445,driven,527.158,402.398,644.990,499.993,-62.605,50.367,0
1468,24.49113,driven,527.158,402.398,632.916,512.962,-62.605,43.727,0
1469,24.50782,driven,527.158,402.398,617.723,525.715,-62.605,36.294,0
1470,24.5245,driven,529.529,406.797,604.019,540.439,-60.734,29.135,0
1471,24.54118,driven,534.436,414.948,589.989,557.506,-57.170,21.290,0
1472,24.55787,driven,543.035,426.960,574.594,576.669,-51.636,11.904,0
1473,24.57455,driven,556.572,441.918,556.923,594.918,-44.076,0.132,0
1474,24.59123,driven,573.325,455.965,534.326,603.911,-35.882,-14.767,0
1475,24.60792,driven,598.228,470.613,515.036,599.019,-25.046,-32.939,0
1476,24.6246,driven,623.229,479.741,513.910,586.784,-15.066,-45.603,0
1477,24.64128,driven,644.854,483.920,514.209,563.549,-6.811,-58.638,0
1478,24.65797,driven,665.374,484.982,522.692,540.215,0.889,-68.838,0
1479,24.67465,driven,687.219,483.071,538.777,520.142,9.108,-75.978,0
1480,24.69133,driven,709.482,477.768,558.710,503.781,17.686,-80.211,0
1481,24.70802,driven,730.740,469.187,579.280,490.842,26.279,-81.863,0
1482,24.7247,driven,750.313,457.640,599.197,481.578,34.797,-80.999,0
1483,24.74138,driven,767.687,443.578,618.761,478.650,43.175,-76.748,0
1484,24.75807,driven,781.536,428.738,636.828,478.423,50.782,-71.050,0
1485,24.77475,driven,791.983,414.295,653.207,478.717,57.461,-65.099,0
1486,24.79143,driven,798.728,402.617,669.115,483.916,62.513,-57.902,0
1487,24.80812,driven,803.105,393.479,685.519,491.370,66.308,-50.222,0
1488,24.8248,driven,803.105,393.479,697.448,504.139,66.308,-43.675,0
1489,24.84148,driven,803.105,393.479,711.898,516.321,66.308,-36.593,0
1490,24.85817,driven,801.011,398.045,725.054,530.859,64.427,-29.765,0
1491,24.87485,driven,796.650,406.476,738.389,547.949,60.871,-22.383,0
1492,24.89153,driven,790.037,417.267,752.478,565.586,56.130,-14.210,0
1493,24.90822,driven,779.882,430.730,768.563,583.310,49.812,-4.243,0
1494,24.9249,driven,764.045,446.886,789.886,597.688,41.332,9.724,0
1495,24.94158,driven,741.609,463.262,813.400,598.373,30.916,27.984,0
1496,24.95827,driven,714.981,475.899,814.336,592.250,19.861,40.495,0
1497,24.97495,driven,693.391,481.951,816.723,572.496,11.457,53.715,0
1498,24.99163,driven,670.620,484.810,810.586,546.604,2.855,66.179,0
1499,25.00832,driven,648.697,484.330,795.603,527.079,-5.364,73.775,0
1500,25.025,driven,627.628,480.855,777.453,511.864,-13.367,78.307,0
1501,25.04168,driven,605.364,473.729,756.227,499.208,-22.130,80.414,0
1502,25.05837,driven,585.198,463.742,735.913,490.088,-30.565,80.084,0
1503,25.07505,driven,566.547,450.768,714.695,488.992,-39.080,75.532,0
1504,25.09173,driven,551.895,437.188,695.937,488.771,-46.567,70.297,0
1505,25.10842,driven,540.126,423.165,678.150,489.182,-53.427,64.438,0
1506,25.1251,driven,532.179,411.341,660.293,494.982,-58.764,56.861,0
1507,25.14178,driven,526.756,401.617,641.607,502.702,-62.934,48.648,0
1508,25.15847,driven,526.756,401.617,627.257,516.980,-62.934,41.061,0
1509,25.17515,driven,526.756,401.617,610.211,529.852,-62.934,33.056,0
1510,25.19183,driven,529.283,406.355,594.081,544.956,-60.923,25.057,0
1511,25.20852,driven,534.635,415.255,577.185,562.219,-57.033,16.147,0
1512,25.2252,driven,544.057,428.237,558.829,580.523,-51.023,5.540,0
1513,25.24188,driven,557.413,442.727,537.261,594.394,-43.639,-7.569,0
1514,25.25857,driven,577.421,458.828,511.107,596.710,-34.010,-25.685,0
1515,25.27525,driven,601.517,472.103,502.218,588.502,-23.694,-40.467,0
1516,25.29193,driven,624.026,479.953,499.287,568.548,-14.758,-54.616,0
1517,25.30862,driven,644.892,483.925,503.587,542.593,-6.797,-67.452,0
1518,25.3253,driven,665.069,484.986,516.570,521.823,0.775,-76.068,0
1519,25.34198,driven,687.631,483.004,535.938,502.960,9.264,-82.506,0
1520,25.35867,driven,710.200,477.538,557.590,488.456,17.968,-85.908,0
1521,25.37535,driven,730.440,469.335,577.616,476.660,26.154,-87.256,0
1522,25.39203,driven,750.451,457.544,597.881,469.013,34.860,-85.701,0
1523,25.40872,driven,767.654,443.609,616.765,468.937,43.158,-80.471,0
1524,25.4254,driven,781.745,428.481,634.156,468.809,50.906,-74.717,0
1525,25.44208,driven,791.812,414.562,649.486,470.709,57.342,-68.471,0
1526,25.45877,driven,798.965,402.161,665.936,477.741,62.705,-60.397,0
1527,25.47545,driven,803.397,392.809,682.160,486.141,66.581,-52.410,0
1528,25.49213,driven,803.397,392.809,693.578,499.340,66.581,-45.871,0
1529,25.50882,driven,803.397,392.809,707.792,512.261,66.581,-38.672,0
1530,25.5255,driven,801.436,397.149,721.268,527.464,64.798,-31.599,0
1531,25.54218,driven,797.126,405.616,733.459,544.740,61.240,-24.590,0
1532,25.55887,driven,790.051,417.247,747.352,564.168,56.140,-16.205,0
1533,25.57555,driven,780.397,430.117,763.438,582.174,50.112,-6.364,0
1534,25.59223,driven,765.782,445.335,782.813,597.384,42.204,6.391,0
1535,25.60892,driven,742.436,462.763,806.880,601.529,31.278,24.910,0
1536,25.6256,driven,717.114,475.111,812.115,595.043,20.713,38.383,0
1537,25.64228,driven,693.719,481.884,814.721,575.519,11.583,52.266,0
1538,25.65897,driven,671.306,484.774,809.691,550.032,3.112,64.753,0
1539,25.67565,driven,649.390,484.393,795.532,529.686,-5.103,72.781,0
1540,25.69233,driven,628.428,481.043,777.902,513.701,-13.059,77.675,0
1541,25.70902,driven,606.213,474.071,756.902,500.563,-21.787,80.029,0
1542,25.7257,driven,586.065,464.250,736.804,490.455,-30.188,80.138,0
1543,25.74238,driven,567.432,451.481,716.655,485.265,-38.655,77.243,0
1544,25.75907,driven,552.508,437.832,697.994,485.191,-46.234,71.969,0
1545,25.77575,driven,540.481,423.641,680.506,485.302,-53.205,66.233,0
1546,25.79243,driven,532.445,411.777,663.598,490.566,-58.573,59.005,0
1547,25.80912,driven,527.124,402.333,646.138,498.482,-62.633,51.066,0
1548,25.8258,driven,527.124,402.333,633.731,512.078,-62.633,44.169,0
1549,25.84248,driven,527.124,402.333,618.934,524.726,-62.633,36.875,0
1550,25.85917,driven,528.915,405.689,603.788,539.117,-61.208,29.299,0
1551,25.87585,driven,533.689,413.779,588.518,556.618,-57.690,20.999,0
1552,25.89253,driven,541.695,425.242,573.237,574.955,-52.452,11.898,0
1553,25.90922,driven,554.364,439.737,555.254,592.734,-45.238,0.333,0
1554,25.9259,driven,571.754,454.814,531.217,602.346,-36.611,-15.364,0
1555,25.94258,driven,595.290,469.202,511.630,597.303,-26.267,-33.148,0
1556,25.95927,driven,620.546,478.992,510.398,585.182,-16.110,-46.048,0
1557,25.97595,driven,642.170,483.575,510.447,561.409,-7.825,-59.422,0
1558,25.99263,driven,662.581,484.999,518.983,537.806,-0.157,-69.810,0
1559,26.00932,driven,684.938,483.419,535.827,517.697,8.244,-77.054,0
1560,26.026,driven,707.708,478.322,556.309,500.400,16.990,-81.703,0
1561,26.04268,driven,728.088,470.465,576.094,487.981,25.177,-83.426,0
1562,26.05937,driven,748.704,458.743,597.007,478.668,34.067,-82.517,0
1563,26.07605,driven,765.932,445.199,615.772,474.542,42.280,-78.943,0
1564,26.09273,driven,780.341,430.184,633.870,474.399,50.080,-73.202,0
1565,26.10942,driven,790.720,416.241,649.285,474.595,56.592,-67.580,0
1566,26.1261,driven,798.035,403.935,665.495,480.369,61.955,-60.028,0
1567,26.14278,driven,802.635,394.537,681.123,487.510,65.874,-52.579,0
1568,26.15947,driven,802.635,394.537,692.058,500.281,65.874,-46.280,0
1569,26.17615,driven,802.635,394.537,705.471,512.724,65.874,-39.424,0
1570,26.19283,driven,800.910,398.257,717.964,526.822,64.339,-32.829,0
1571,26.20952,driven,796.348,407.015,729.227,544.506,60.640,-26.021,0
1572,26.2262,driven,789.335,418.304,742.194,563.861,55.662,-17.945,0
1573,26.24288,driven,780.260,430.281,757.240,581.540,50.032,-8.653,0
1574,26.25957,driven,765.827,445.294,774.754,598.034,42.227,3.345,0
1575,26.27625,driven,743.660,462.011,797.717,605.144,31.816,20.690,0
1576,26.29293,driven,717.565,474.939,807.432,598.766,20.893,35.970,0
1577,26.30962,driven,693.870,481.853,810.050,581.408,11.640,49.407,0
1578,26.3263,driven,671.462,484.766,806.613,556.482,3.171,62.048,0
1579,26.34298,driven,649.241,484.380,793.124,536.407,-5.159,70.120,0
1580,26.35967,driven,628.330,481.020,776.419,519.472,-13.097,75.444,0
1581,26.37635,driven,606.545,474.203,756.411,505.012,-21.653,78.383,0
1582,26.39303,driven,586.047,464.239,735.943,494.900,-30.196,78.440,0
1583,26.40972,driven,567.907,451.860,716.351,488.920,-38.427,75.982,0
1584,26.4264,driven,552.509,437.834,696.815,488.674,-46.233,70.592,0
1585,26.44308,driven,541.183,424.572,680.057,488.783,-52.768,65.186,0
1586,26.45977,driven,533.047,412.755,663.237,493.127,-58.143,58.311,0
1587,26.47645,driven,527.617,403.278,645.861,500.373,-62.234,50.609,0
1588,26.49313,driven,527.617,403.278,634.140,513.104,-62.234,44.125,0
1589,26.50982,driven,527.617,403.278,619.222,525.825,-62.234,36.778,0
1590,26.5265,driven,529.530,406.799,604.678,540.072,-60.733,29.417,0
1591,26.54318,driven,534.499,415.045,590.654,557.367,-57.127,21.533,0
1592,26.55987,driven,542.296,426.019,575.456,575.383,-52.084,12.517,0
1593,26.57655,driven,555.211,440.584,557.873,593.561,-44.789,0.997,0
1594,26.59323,driven,572.429,455.313,534.659,603.577,-36.297,-14.292,0
1595,26.60992,driven,596.735,469.906,514.683,599.043,-25.665,-32.431,0
1596,26.6266,driven,619.619,478.721,513.795,589.222,-16.471,-43.761,0
1597,26.64328,driven,642.981,483.685,513.403,565.039,-7.518,-57.878,0
1598,26.65997,driven,663.216,485.000,521.105,541.687,0.081,-68.253,0
1599,26.67665,driven,684.650,483.460,536.297,520.882,8.135,-75.843,0
1600,26.69333,driven,706.263,478.756,555.397,504.220,16.425,-80.420,0
1601,26.71002,driven,727.698,470.648,576.058,491.003,25.015,-82.355,0
1602,26.7267,driven,747.071,459.832,595.690,482.037,33.331,-81.655,0
1603,26.74338,driven,764.663,446.340,614.931,477.795,41.641,-78.136,0
1604,26.76007,driven,778.566,432.267,632.459,477.674,49.054,-72.736,0
1605,26.77675,driven,789.159,418.562,648.112,477.847,55.545,-67.202,0
1606,26.79343,driven,796.717,406.355,664.328,483.050,60.923,-59.916,0
1607,26.81012,driven,801.291,397.456,679.605,490.200,64.671,-52.687,0
1608,26.8268,driven,801.291,397.456,690.563,503.041,64.671,-46.362,0
1609,26.84348,driven,801.291,397.456,703.515,515.137,64.671,-39.722,0
1610,26.86017,driven,798.319,403.399,714.011,531.075,62.182,-33.438,0
1611,26.87685,driven,793.649,411.623,725.727,548.719,58.640,-26.355,0
1612,26.89353,driven,786.437,422.401,738.060,567.551,53.782,-18.433,0
1613,26.91022,driven,775.820,435.347,752.484,586.557,47.509,-8.773,0
1614,26.9269,driven,760.334,450.047,770.658,602.698,39.507,3.869,0
1615,26.94358,driven,738.022,465.344,793.263,608.024,29.363,21.165,0
1616,26.96027,driven,710.185,477.542,801.160,600.557,17.963,36.484,0
1617,26.97695,driven,687.208,483.073,803.756,582.197,9.104,49.619,0
1618,26.99363,driven,664.867,484.989,799.863,556.997,0.699,61.924,0
1619,27.01032,driven,643.850,483.797,787.334,536.912,-7.190,69.686,0
1620,27.027,driven,621.702,479.321,769.514,518.823,-15.660,75.038,0
1621,27.04368,driven,599.929,471.395,749.241,504.783,-24.345,77.395,0
1622,27.06037,driven,580.407,460.792,729.753,494.026,-32.672,77.454,0
1623,27.07705,driven,563.253,448.015,710.971,487.872,-40.688,74.900,0
1624,27.09373,driven,548.812,433.833,692.073,487.548,-48.273,69.447,0
1625,27.11042,driven,537.768,419.897,675.021,487.503,-54.936,63.777,0
1626,27.1271,driven,530.173,407.935,659.357,489.915,-60.244,57.601,0
1627,27.14378,driven,525.238,398.564,643.255,495.935,-64.211,50.475,0
1628,27.16047,driven,525.238,398.564,631.213,508.920,-64.211,43.840,0
1629,27.17715,driven,525.238,398.564,617.766,520.414,-64.211,37.211,0
1630,27.19383,driven,527.844,403.707,605.302,535.652,-62.052,30.415,0
1631,27.21052,driven,532.615,412.054,592.365,552.905,-58.451,22.987,0
1632,27.2272,driven,540.353,423.469,578.326,571.682,-53.285,14.370,0
1633,27.24388,driven,553.015,438.359,563.086,591.027,-45.960,3.774,0
1634,27.26057,driven,570.320,453.735,541.518,604.000,-37.283,-10.851,0
1635,27.27725,driven,594.583,468.851,518.815,601.773,-26.562,-29.684,0
1636,27.29393,driven,620.216,478.896,520.407,594.858,-16.238,-40.719,0
1637,27.31062,driven,643.174,483.710,519.000,573.096,-7.446,-54.252,0
1638,27.3273,driven,664.009,484.997,524.737,548.339,0.378,-65.544,0
1639,27.34398,driven,685.027,483.406,539.135,529.499,8.277,-72.467,0
1640,27.36067,driven,708.374,478.117,558.984,511.154,17.251,-77.530,0
1641,27.37735,driven,729.332,469.873,579.091,498.796,25.693,-79.103,0
1642,27.39403,driven,749.296,458.341,599.577,489.854,34.335,-78.114,0
1643,27.41072,driven,766.877,444.332,619.482,485.365,42.761,-74.443,0
1644,27.4274,driven,780.621,429.848,637.966,485.153,50.243,-68.810,0
1645,27.44408,driven,791.232,415.461,655.194,485.481,56.942,-62.764,0
1646,27.46077,driven,798.317,403.403,672.427,490.354,62.181,-55.367,0
1647,27.47745,driven,802.698,394.398,690.162,498.055,65.931,-47.352,0
1648,27.49413,driven,802.698,394.398,703.491,510.876,65.931,-40.422,0
1649,27.51082,driven,802.698,394.398,719.328,522.689,65.931,-33.018,0
1650,27.5275,driven,800.255,399.602,734.096,537.558,63.779,-25.621,0
1651,27.54418,driven,795.920,407.771,749.084,553.426,60.315,-17.825,0
1652,27.56087,driven,788.403,419.653,765.203,570.884,55.048,-8.722,0
1653,27.57755,driven,777.858,433.077,783.767,585.963,48.652,2.213,0
1654,27.59423,driven,760.450,449.951,808.125,595.334,39.563,18.156,0
1655,27.61092,driven,737.290,465.753,826.232,590.246,29.049,35.543,0
1656,27.6276,driven,712.085,476.913,827.237,577.655,18.712,48.818,0
1657,27.64428,driven,691.094,482.399,826.048,554.485,10.581,61.891,0
1658,27.66097,driven,669.601,484.858,814.904,532.775,2.473,71.749,0
1659,27.67765,driven,648.301,484.292,798.304,514.422,-5.513,78.643,0
1660,27.69433,driven,625.851,480.422,777.565,500.219,-14.052,82.565,0
1661,27.71102,driven,604.523,473.384,756.682,489.405,-22.470,83.989,0
1662,27.7277,driven,583.971,463.009,735.672,482.897,-31.100,82.531,0
1663,27.74438,driven,565.174,449.639,714.543,482.770,-39.746,77.494,0
1664,27.76107,driven,549.922,435.065,695.288,482.792,-47.652,71.824,0
1665,27.77775,driven,538.644,421.132,676.947,486.565,-54.369,64.681,0
1666,27.79443,driven,530.915,409.218,658.103,494.261,-59.689,56.232,0
1667,27.81112,driven,526.405,400.926,639.254,504.242,-63.224,47.525,0
1668,27.8278,driven,526.405,400.926,623.508,519.164,-63.224,39.395,0
1669,27.84448,driven,526.405,400.926,605.236,532.055,-63.224,31.013,0
1670,27.86117,driven,530.249,408.066,588.683,549.468,-60.187,22.453,0
1671,27.87785,driven,535.983,417.297,570.125,566.439,-56.117,12.894,0
1672,27.89453,driven,546.114,430.725,550.678,583.657,-49.815,1.709,0
1673,27.91122,driven,560.963,446.006,525.610,594.866,-41.829,-13.360,0
1674,27.9279,driven,582.777,462.282,501.564,591.948,-31.623,-32.060,0
1675,27.94458,driven,608.106,474.813,499.173,582.250,-21.026,-45.396,0
1676,27.96127,driven,629.183,481.216,497.348,558.859,-12.769,-59.504,0
1677,27.97795,driven,649.517,484.405,504.036,531.777,-5.056,-71.964,0
1678,27.99463,driven,670.211,484.830,519.478,511.070,2.702,-80.125,0
1679,28.01132,driven,692.037,482.219,539.454,493.496,10.940,-85.773,0
1680,28.028,driven,714.233,476.167,561.254,478.731,19.564,-89.040,0
1681,28.04468,driven,733.510,467.784,580.511,468.181,27.442,-89.852,0
1682,28.06137,driven,753.849,455.108,601.003,461.976,36.426,-87.427,0
1683,28.07805,driven,771.268,440.106,619.834,461.938,45.043,-81.796,0
1684,28.09473,driven,784.349,425.185,635.822,461.912,52.479,-76.111,0
1685,28.11142,driven,794.156,410.786,651.599,466.342,59.006,-68.708,0
1686,28.1281,driven,800.837,398.407,667.244,472.985,64.276,-60.828,0
1687,28.14478,driven,804.989,388.992,683.009,481.350,68.130,-52.869,0
1688,28.16147,driven,804.989,388.992,694.766,495.105,68.130,-46.088,0
1689,28.17815,driven,804.989,388.992,708.849,508.013,68.130,-38.930,0
1690,28.19483,driven,803.251,393.145,722.121,522.864,66.444,-32.023,0
1691,28.21152,driven,799.185,401.732,734.451,540.363,62.886,-25.031,0
1692,28.2282,driven,792.520,413.447,748.223,559.894,57.837,-16.830,0
1693,28.24488,driven,783.680,426.050,764.112,577.793,52.070,-7.348,0
1694,28.26157,driven,768.675,442.643,782.527,595.014,43.684,5.195,0
1695,28.27825,driven,745.455,460.880,806.143,601.329,32.610,23.369,0
1696,28.29493,driven,719.834,474.052,812.735,595.619,21.806,37.387,0
1697,28.31162,driven,695.295,481.553,815.412,576.321,12.186,51.728,0
1698,28.3283,driven,672.843,484.683,810.525,551.411,3.688,64.143,0
1699,28.34498,driven,649.749,484.425,795.509,530.933,-4.968,72.304,0
1700,28.36167,driven,629.089,481.195,778.348,514.823,-12.805,77.303,0
1701,28.37835,driven,606.547,474.204,757.053,501.719,-21.652,79.640,0
1702,28.39503,driven,585.507,463.924,735.823,492.454,-30.430,79.253,0
1703,28.41172,driven,567.650,451.655,716.014,489.033,-38.551,75.859,0
1704,28.4284,driven,551.417,436.681,695.273,488.781,-46.828,70.091,0
1705,28.44508,driven,540.041,423.049,678.055,489.087,-53.481,64.430,0
1706,28.46177,driven,531.674,410.501,659.664,494.331,-59.131,56.776,0
1707,28.47845,driven,526.517,401.148,640.816,502.857,-63.131,48.336,0
1708,28.49513,driven,526.517,401.148,627.280,516.282,-63.131,41.192,0
1709,28.51182,driven,526.517,401.148,609.988,529.374,-63.131,33.063,0
1710,28.5285,driven,528.257,404.480,593.221,543.003,-61.724,25.126,0
1711,28.54518,driven,533.106,412.850,576.388,559.600,-58.101,16.433,0
1712,28.56187,driven,541.436,424.904,558.160,576.987,-52.611,6.276,0
1713,28.57855,driven,554.424,439.797,536.666,591.763,-45.206,-6.665,0
1714,28.59523,driven,574.065,456.497,511.281,596.022,-35.540,-24.227,0
1715,28.61192,driven,598.384,470.686,500.257,588.074,-24.982,-39.893,0
1716,28.6286,driven,619.028,478.545,496.607,570.317,-16.702,-53.143,0
1717,28.64528,driven,641.387,483.466,500.897,544.061,-8.121,-66.669,0
1718,28.66197,driven,660.874,484.985,512.986,524.202,-0.796,-75.148,0
1719,28.67865,driven,683.205,483.660,531.646,504.612,7.588,-82.129,0
1720,28.69533,driven,705.333,479.027,552.814,491.154,16.062,-85.454,0
1721,28.71202,driven,726.804,471.061,574.046,479.660,24.647,-86.778,0
1722,28.7287,driven,746.871,459.964,594.402,472.704,33.242,-85.223,0
1723,28.74538,driven,764.031,446.898,613.206,472.604,41.326,-80.328,0
1724,28.76207,driven,777.869,433.064,630.046,472.527,48.658,-75.053,0
1725,28.77875,driven,788.973,418.832,646.440,474.449,55.422,-68.684,0
1726,28.79543,driven,796.532,406.687,662.935,481.258,60.781,-60.831,0
1727,28.81212,driven,801.263,397.516,679.168,489.721,64.646,-52.940,0
1728,28.8288,driven,801.263,397.516,691.281,503.878,64.646,-45.959,0
1729,28.84548,driven,801.263,397.516,705.796,517.078,64.646,-38.606,0
1730,28.86217,driven,798.914,402.259,719.231,532.871,62.664,-31.386,0
1731,28.87885,driven,793.967,411.099,732.061,551.015,58.870,-23.867,0
1732,28.89553,driven,786.852,421.831,746.719,569.473,54.046,-15.207,0
1733,28.91222,driven,776.296,434.825,763.245,587.267,47.774,-4.894,0
1734,28.9289,driven,759.472,450.752,785.684,601.490,39.090,9.864,0
1735,28.94558,driven,736.675,466.093,809.519,600.640,28.786,28.431,0
1736,28.96227,driven,710.881,477.315,809.991,593.875,18.237,40.374,0
1737,28.97895,driven,688.384,482.880,812.295,572.630,9.550,54.084,0
1738,28.99563,driven,665.449,484.980,806.139,545.108,0.917,66.859,0
1739,29.01232,driven,645.703,484.019,793.025,525.313,-6.491,74.342,0
1740,29.029,driven,623.109,479.708,773.313,508.826,-15.113,79.029,0
1741,29.04568,driven,601.705,472.185,753.024,494.807,-23.617,81.498,0
1742,29.06237,driven,582.058,461.836,733.188,485.685,-31.940,81.033,0
1743,29.07905,driven,563.786,448.472,713.342,480.753,-40.425,77.819,0
1744,29.09573,driven,548.930,433.966,694.663,480.560,-48.207,72.270,0
1745,29.11242,driven,538.416,420.814,679.202,480.717,-54.516,66.950,0
1746,29.1291,driven,530.419,408.362,662.658,485.315,-60.060,59.804,0
1747,29.14578,driven,525.517,399.137,646.447,492.865,-63.972,52.222,0
1748,29.16247,driven,525.517,399.137,635.513,505.485,-63.972,45.966,0
1749,29.17915,driven,525.517,399.137,621.761,518.075,-63.972,38.980,0
1750,29.19583,driven,528.395,404.735,610.378,533.916,-61.615,32.401,0
1751,29.21252,driven,533.461,413.416,598.591,551.862,-57.850,25.194,0
1752,29.2292,driven,541.851,425.445,585.273,572.154,-52.356,16.487,0
1753,29.24588,driven,553.573,438.934,569.887,591.062,-45.660,6.121,0
1754,29.26257,driven,571.920,454.937,549.713,606.317,-36.533,-8.346,0
1755,29.27925,driven,595.412,469.262,525.723,605.469,-26.216,-27.096,0
1756,29.29593,driven,622.752,479.611,525.946,598.091,-15.252,-39.251,0
1757,29.31262,driven,645.153,483.956,523.977,577.365,-6.699,-52.373,0
1758,29.3293,driven,667.381,484.937,529.602,551.465,1.641,-64.226,0
1759,29.34598,driven,688.411,482.875,543.215,531.115,9.560,-71.621,0
1760,29.36267,driven,710.686,477.379,561.829,512.741,18.160,-76.637,0
1761,29.37935,driven,732.453,468.328,582.537,498.892,26.997,-78.477,0
1762,29.39603,driven,752.158,456.337,602.533,488.295,35.643,-77.944,0
1763,29.41272,driven,769.633,441.720,621.893,481.496,44.182,-74.931,0
1764,29.4294,driven,783.168,426.703,640.256,481.339,51.759,-69.078,0
1765,29.44608,driven,793.100,412.518,656.460,481.356,58.247,-63.261,0
1766,29.46277,driven,799.818,400.483,672.518,485.358,63.410,-56.307,0
1767,29.47945,driven,803.779,391.919,688.363,492.358,66.944,-48.969,0
1768,29.49613,driven,803.779,391.919,699.495,503.874,66.944,-42.968,0
1769,29.51282,driven,803.779,391.919,712.908,515.010,66.944,-36.436,0
1770,29.5295,driven,801.029,398.007,724.306,530.379,64.442,-30.097,0
1771,29.54618,driven,796.412,406.902,735.895,547.425,60.689,-23.299,0
1772,29.56287,driven,789.240,418.443,748.637,565.957,55.598,-15.390,0
1773,29.57955,driven,778.710,432.100,763.535,584.346,49.137,-5.692,0
1774,29.59623,driven,762.704,448.052,782.354,599.785,40.667,7.379,0
1775,29.61292,driven,740.508,463.915,804.812,602.746,30.437,24.853,0
1776,29.6296,driven,714.695,476.002,809.008,596.476,19.747,38.056,0
1777,29.64628,driven,690.462,482.515,811.152,576.552,10.340,52.076,0
1778,29.66297,driven,669.775,484.850,806.664,553.190,2.538,63.470,0
1779,29.67965,driven,647.774,484.240,792.409,534.138,-5.711,70.966,0
1780,29.69633,driven,625.019,480.211,773.235,518.175,-14.373,75.633,0
1781,29.71302,driven,603.344,472.890,752.862,505.344,-22.949,77.754,0
1782,29.7297,driven,582.765,462.274,731.933,496.302,-31.629,77.150,0
1783,29.74638,driven,565.068,449.551,711.704,493.218,-39.798,73.417,0
1784,29.76307,driven,550.204,435.373,691.933,493.009,-47.496,67.870,0
1785,29.77975,driven,539.044,421.688,674.217,493.362,-54.113,62.065,0
1786,29.79643,driven,531.184,409.676,655.408,498.993,-59.490,54.284,0
1787,29.81312,driven,526.460,401.034,636.927,506.893,-63.179,46.220,0
1788,29.8298,driven,526.460,401.034,621.288,521.104,-63.179,38.301,0
1789,29.84648,driven,526.460,401.034,603.361,533.304,-63.179,30.174,0
1790,29.86317,driven,528.440,404.819,585.235,546.887,-61.579,21.790,0
1791,29.87985,driven,533.713,413.816,567.235,563.098,-57.673,12.656,0
1792,29.89653,driven,543.143,427.097,547.220,580.042,-51.571,1.527,0
1793,29.91322,driven,557.393,442.708,522.713,591.725,-43.649,-13.101,0
1794,29.9299,driven,576.000,457.857,498.525,589.791,-34.655,-30.422,0
1795,29.94658,driven,601.545,472.115,494.451,581.385,-23.683,-44.424,0
1796,29.96327,driven,621.777,479.342,491.921,560.252,-15.631,-58.074,0
1797,29.97995,driven,642.964,483.682,498.250,533.350,-7.525,-71.057,0
1798,29.99663,driven,664.064,484.996,513.671,513.122,0.398,-79.407,0
1799,30.01332,driven,685.740,483.301,533.248,495.765,8.547,-85.327,0
1800,30.03,driven,708.278,478.147,555.334,482.266,17.214,-88.457,0
1801,30.04668,driven,729.106,469.982,576.126,472.445,25.599,-89.078,0
1802,30.06337,driven,748.711,458.739,595.924,466.810,34.070,-86.976,0
1803,30.08005,driven,766.340,444.827,614.920,466.763,42.487,-81.757,0
1804,30.09673,driven,780.563,429.918,632.062,466.744,50.209,-76.072,0
1805,30.11342,driven,790.988,415.833,648.427,471.380,56.775,-68.712,0
1806,30.1301,driven,798.174,403.672,664.765,478.578,62.067,-60.687,0
1807,30.14678,driven,802.333,395.208,680.870,488.243,65.599,-52.549,0
1808,30.16347,driven,802.333,395.208,693.465,502.709,65.599,-45.362,0
1809,30.18015,driven,802.333,395.208,709.112,516.529,65.599,-37.538,0
1810,30.19683,driven,800.025,400.066,723.343,532.463,63.584,-30.079,0
1811,30.21352,driven,795.090,409.209,736.872,550.701,59.693,-22.365,0
1812,30.2302,driven,787.250,421.280,751.880,570.136,54.301,-13.366,0
1813,30.24688,driven,776.532,434.565,769.630,587.409,47.905,-2.585,0
1814,30.26357,driven,758.048,451.895,793.199,600.803,38.406,13.282,0
1815,30.28025,driven,734.863,467.073,815.694,596.978,28.014,31.891,0
1816,30.29693,driven,709.707,477.697,814.297,589.365,17.775,43.125,0
1817,30.31362,driven,687.191,483.075,815.321,566.692,9.097,56.872,0
1818,30.3303,driven,664.221,484.995,806.776,540.554,0.457,68.707,0
1819,30.34698,driven,643.864,483.799,792.123,521.591,-7.185,75.700,0
1820,30.36367,driven,622.398,479.514,773.081,506.041,-15.389,80.016,0
1821,30.38035,driven,600.645,471.717,752.028,493.899,-24.051,81.664,0
1822,30.39703,driven,581.168,461.277,732.370,484.667,-32.333,81.206,0
1823,30.41372,driven,562.981,447.781,711.814,483.243,-40.823,76.598,0
1824,30.4304,driven,548.186,433.127,692.802,483.080,-48.627,70.944,0
1825,30.44708,driven,537.485,419.493,676.514,483.368,-55.121,65.324,0
1826,30.46377,driven,529.501,406.747,658.495,489.023,-60.755,57.469,0
1827,30.48045,driven,524.872,397.799,640.747,497.709,-64.529,49.231,0
1828,30.49713,driven,524.872,397.799,627.652,511.136,-64.529,42.204,0
1829,30.51382,driven,524.872,397.799,612.122,523.483,-64.529,34.769,0
1830,30.5305,driven,527.554,403.157,597.420,539.273,-62.285,27.171,0
1831,30.54718,driven,532.490,411.851,581.967,556.631,-58.540,18.867,0
1832,30.56387,driven,541.155,424.536,566.042,575.498,-52.785,9.361,0
1833,30.58055,driven,553.880,439.246,546.651,592.076,-45.496,-2.708,0
1834,30.59723,driven,573.474,456.073,522.020,600.161,-35.813,-19.652,0
1835,30.61392,driven,598.272,470.634,506.778,593.263,-25.028,-36.727,0
1836,30.6306,driven,621.266,479.198,504.211,577.723,-15.829,-49.913,0
1837,30.64728,driven,644.076,483.825,507.188,552.168,-7.105,-63.469,0
1838,30.66397,driven,664.478,484.993,518.890,532.036,0.554,-72.093,0
1839,30.68065,driven,686.262,483.221,536.133,512.718,8.745,-78.885,0
1840,30.69733,driven,708.382,478.115,556.482,496.426,17.254,-83.126,0
1841,30.71402,driven,730.313,469.397,578.118,485.069,26.101,-84.121,0
1842,30.7307,driven,750.543,457.480,598.798,477.035,34.902,-82.657,0
1843,30.74738,driven,767.538,443.718,618.181,476.906,43.099,-77.472,0
1844,30.76407,driven,781.613,428.644,636.396,476.820,50.828,-71.646,0
1845,30.78075,driven,791.825,414.542,653.347,479.603,57.351,-64.834,0
1846,30.79743,driven,799.022,402.051,670.947,485.753,62.752,-56.834,0
1847,30.81412,driven,803.149,393.377,688.198,494.348,66.350,-48.704,0
1848,30.8308,driven,803.149,393.377,701.571,507.792,66.350,-41.599,0
1849,30.84748,driven,803.149,393.377,717.509,520.163,66.350,-34.038,0
1850,30.86417,driven,800.079,399.959,730.991,536.472,63.629,-26.843,0
1851,30.88085,driven,795.290,408.866,746.133,553.755,59.841,-18.741,0
1852,30.89753,driven,787.636,420.741,762.472,571.657,54.549,-9.466,0
1853,30.91422,driven,777.060,433.978,780.793,586.932,48.201,1.398,0
1854,30.9309,driven,758.948,451.176,804.942,597.099,38.837,17.494,0
1855,30.94758,driven,734.303,467.369,823.859,591.421,27.777,35.827,0
1856,30.96427,driven,710.015,477.598,824.583,579.003,17.896,48.487,0
1857,30.98095,driven,688.685,482.829,823.380,555.399,9.664,61.685,0
1858,30.99763,driven,666.729,484.955,811.993,532.992,1.397,71.701,0
1859,31.01432,driven,645.827,484.033,795.653,515.037,-6.444,78.309,0
1860,31.031,driven,623.492,479.811,775.109,500.336,-14.965,82.290,0
1861,31.04768,driven,601.186,471.957,753.207,489.239,-23.829,83.514,0
1862,31.06437,driven,581.200,461.297,732.737,482.406,-32.319,82.070,0
1863,31.08105,driven,563.007,447.803,712.080,482.246,-40.810,76.990,0
1864,31.09773,driven,548.007,432.924,692.857,482.195,-48.728,71.214,0
1865,31.11442,driven,537.133,418.986,675.478,484.329,-55.352,64.718,0
1866,31.1311,driven,529.396,406.559,656.944,491.062,-60.836,56.475,0
1867,31.14778,driven,524.786,397.620,637.547,501.032,-64.603,47.476,0
1868,31.16447,driven,524.786,397.620,623.167,514.797,-64.603,40.016,0
1869,31.18115,driven,524.786,397.620,605.670,527.493,-64.603,31.914,0
1870,31.19783,driven,528.178,404.333,589.181,544.645,-61.786,23.498,0
1871,31.21452,driven,533.907,414.122,572.349,562.213,-57.538,14.552,0
1872,31.2312,driven,543.342,427.346,553.990,579.975,-51.451,3.991,0
1873,31.24788,driven,557.553,442.860,530.685,593.483,-43.566,-10.114,0
1874,31.26457,driven,578.450,459.516,504.771,593.607,-33.547,-28.787,0
1875,31.28125,driven,603.480,472.948,500.559,586.157,-22.893,-42.275,0
1876,31.29793,driven,625.820,480.414,497.725,564.084,-14.064,-56.848,0
1877,31.31462,driven,646.875,484.148,503.708,538.113,-6.050,-69.347,0
1878,31.3313,driven,667.076,484.946,517.686,517.985,1.527,-77.529,0
1879,31.34798,driven,689.962,482.606,537.927,499.765,10.150,-83.561,0
1880,31.36467,driven,711.530,477.099,558.783,485.898,18.493,-86.703,0
1881,31.38135,driven,732.539,468.284,579.690,475.065,27.033,-87.460,0
1882,31.39803,driven,752.684,455.959,600.236,468.944,35.886,-85.131,0
1883,31.41472,driven,769.540,441.810,618.955,468.887,44.134,-79.806,0
1884,31.4314,driven,783.564,426.198,636.652,468.930,51.999,-73.782,0
1885,31.44808,driven,793.633,411.650,653.687,473.491,58.628,-66.160,0
1886,31.46477,driven,800.408,399.292,670.948,480.834,63.908,-57.794,0
1887,31.48145,driven,804.179,390.969,687.490,489.927,67.330,-49.701,0
1888,31.49813,driven,804.179,390.969,701.190,504.116,67.330,-42.309,0
1889,31.51482,driven,804.179,390.969,717.051,516.737,67.330,-34.713,0
1890,31.5315,driven,801.384,397.259,730.694,532.950,64.752,-27.518,0
1891,31.54818,driven,796.670,406.440,745.550,550.647,60.887,-19.519,0
1892,31.56487,driven,789.081,418.675,761.393,569.149,55.493,-10.426,0
1893,31.58155,driven,778.964,431.806,779.534,584.805,49.283,0.213,0
1894,31.59823,driven,760.093,450.245,804.681,596.604,39.390,16.943,0
1895,31.61492,driven,737.421,465.680,824.468,591.505,29.105,34.676,0
1896,31.6316,driven,710.957,477.290,823.958,580.440,18.267,47.609,0
1897,31.64828,driven,690.173,482.568,823.464,557.685,10.230,60.596,0
1898,31.66497,driven,667.960,484.920,812.586,534.842,1.858,70.956,0
1899,31.68165,driven,646.542,484.112,796.088,516.439,-6.175,77.802,0
1900,31.69833,driven,623.770,479.885,775.290,501.109,-14.857,82.026,0
1901,31.71502,driven,602.473,472.518,754.414,490.483,-23.304,83.257,0
1902,31.7317,driven,581.995,461.796,733.413,483.738,-31.968,81.755,0
1903,31.74838,driven,563.519,448.243,712.381,483.588,-40.557,76.643,0
1904,31.76507,driven,549.067,434.119,693.879,483.498,-48.130,71.171,0
1905,31.78175,driven,537.628,419.697,675.689,485.637,-55.027,64.470,0
1906,31.79843,driven,530.398,408.326,657.782,493.074,-60.075,56.364,0
1907,31.81512,driven,525.556,399.217,638.962,501.922,-63.939,47.835,0
1908,31.8318,driven,525.556,399.217,624.142,516.221,-63.939,40.117,0
1909,31.84848,driven,525.556,399.217,606.380,529.127,-63.939,31.888,0
1910,31.86517,driven,528.729,405.350,590.412,545.365,-61.353,23.776,0
1911,31.88185,driven,534.734,415.407,573.448,563.428,-56.965,14.657,0
1912,31.89853,driven,545.147,429.568,554.033,582.310,-50.379,3.330,0
1913,31.91522,driven,559.015,444.232,530.195,594.493,-42.816,-10.857,0
1914,31.9319,driven,579.019,459.891,505.092,593.845,-33.291,-28.894,0
1915,31.94858,driven,605.013,473.586,501.299,586.069,-22.272,-42.677,0
1916,31.96527,driven,626.524,480.588,498.618,564.546,-13.792,-56.719,0
1917,31.98195,driven,648.318,484.294,504.885,537.549,-5.507,-69.630,0
1918,31.99863,driven,668.653,484.896,518.946,516.469,2.117,-78.091,0
1919,32.01532,driven,690.913,482.432,538.754,498.454,10.512,-83.989,0
1920,32.032,driven,712.944,476.619,560.155,484.646,19.052,-86.993,0
1921,32.04868,driven,733.809,467.628,580.930,473.703,27.568,-87.724,0
1922,32.06537,driven,753.805,455.140,601.289,467.299,36.406,-85.442,0
1923,32.08205,driven,770.642,440.730,619.955,467.231,44.712,-80.025,0
1924,32.09873,driven,784.281,425.273,637.144,467.221,52.437,-74.087,0
1925,32.11542,driven,793.897,411.215,653.274,471.501,58.819,-66.795,0
1926,32.1321,driven,800.227,399.659,668.914,478.182,63.755,-59.121,0
1927,32.14878,driven,803.951,391.514,684.938,487.664,67.109,-51.065,0
1928,32.16547,driven,803.951,391.514,696.923,500.848,67.109,-44.389,0
1929,32.18215,driven,803.951,391.514,712.057,513.843,67.109,-36.914,0
1930,32.19883,driven,800.857,398.366,724.232,530.795,64.293,-30.054,0
1931,32.21552,driven,795.544,408.426,736.279,549.482,60.032,-22.790,0
1932,32.2322,driven,787.776,420.544,750.490,568.931,54.640,-14.105,0
1933,32.24888,driven,777.309,433.698,766.896,586.343,48.341,-3.902,0
1934,32.26557,driven,759.784,450.498,789.313,600.622,39.240,11.128,0
1935,32.28225,driven,735.952,466.488,812.135,599.172,28.477,29.863,0
1936,32.29893,driven,710.262,477.517,810.322,593.263,17.993,40.843,0
1937,32.31562,driven,686.712,483.151,811.925,571.076,8.916,54.923,0
1938,32.3323,driven,664.887,484.988,805.526,545.233,0.707,66.812,0
1939,32.34898,driven,643.294,483.726,790.316,526.073,-7.400,73.932,0
1940,32.36567,driven,621.812,479.352,771.699,510.057,-15.617,78.423,0
1941,32.38235,driven,599.443,471.174,750.129,497.685,-24.545,80.022,0
1942,32.39903,driven,579.092,459.939,729.316,488.954,-33.259,79.068,0
1943,32.41572,driven,561.977,446.906,709.837,486.231,-41.321,75.106,0
1944,32.4324,driven,547.367,432.190,690.570,486.058,-49.093,69.385,0
1945,32.44908,driven,536.982,418.766,674.256,486.329,-55.452,63.795,0
1946,32.46577,driven,529.510,406.762,656.324,492.361,-60.749,55.981,0
1947,32.48245,driven,525.403,398.904,639.087,501.299,-64.070,47.991,0
1948,32.49913,driven,525.403,398.904,625.683,514.459,-64.070,40.952,0
1949,32.51582,driven,525.403,398.904,609.980,526.402,-64.070,33.559,0
1950,32.5325,driven,528.939,405.734,596.039,543.236,-61.189,26.012,0
1951,32.54918,driven,534.995,415.808,580.875,561.767,-56.786,17.450,0
1952,32.56587,driven,544.506,428.789,564.571,580.468,-50.757,7.536,0
1953,32.58255,driven,558.981,444.201,545.343,596.592,-42.833,-5.114,0
1954,32.59923,driven,578.202,459.351,521.344,601.394,-33.658,-21.815,0
1955,32.61592,driven,604.023,473.176,511.034,594.675,-22.673,-37.428,0
1956,32.6326,driven,627.774,480.890,507.974,576.058,-13.311,-51.537,0
1957,32.64928,driven,650.522,484.490,512.261,550.011,-4.678,-64.644,0
1958,32.66597,driven,670.600,484.811,524.371,529.821,2.847,-72.891,0
1959,32.68265,driven,692.166,482.194,541.910,511.040,10.989,-79.133,0
1960,32.69933,driven,714.543,476.057,562.784,495.499,19.687,-82.699,0
1961,32.71602,driven,735.289,466.845,583.324,484.607,28.195,-83.334,0
1962,32.7327,driven,755.134,454.149,603.885,477.230,37.026,-81.323,0
1963,32.74938,driven,771.965,439.404,623.672,477.060,45.414,-75.752,0
1964,32.76607,driven,785.322,423.903,641.838,477.019,53.082,-69.686,0
1965,32.78275,driven,794.655,409.948,658.289,479.325,59.372,-63.035,0
1966,32.79943,driven,801.135,397.785,676.090,485.949,64.534,-54.814,0
1967,32.81612,driven,803.970,391.467,691.917,495.646,67.128,-47.086,0
1968,32.8328,driven,803.970,391.467,705.510,508.577,67.128,-40.056,0
1969,32.84948,driven,803.970,391.467,721.686,520.457,67.128,-32.535,0
1970,32.86617,driven,800.885,398.308,735.553,536.658,64.318,-25.278,0
1971,32.88285,driven,795.555,408.409,750.065,554.490,60.039,-17.297,0
1972,32.89953,driven,787.937,420.316,766.256,571.772,54.744,-8.147,0
1973,32.91622,driven,776.475,434.627,784.843,587.398,47.874,3.135,0
1974,32.9329,driven,757.857,452.047,809.033,596.234,38.315,19.541,0
1975,32.94958,driven,733.540,467.768,825.333,590.174,27.455,36.867,0
1976,32.96627,driven,709.637,477.719,826.756,576.168,17.747,49.950,0
1977,32.98295,driven,686.220,483.228,823.252,551.280,8.729,63.590,0
1978,32.99963,driven,664.388,484.994,810.474,530.467,0.520,72.710,0
1979,33.01632,driven,642.953,483.681,793.170,512.733,-7.529,79.054,0
1980,33.033,driven,619.585,478.711,771.298,498.512,-16.485,82.564,0
1981,33.04968,driven,598.576,470.775,750.639,487.682,-24.902,83.656,0
1982,33.06637,driven,577.518,458.893,728.750,482.083,-33.966,81.282,0
1983,33.08305,driven,560.398,445.498,708.987,481.972,-42.113,76.209,0
1984,33.09973,driven,545.376,429.845,689.198,482.038,-50.245,70.054,0
1985,33.11642,driven,535.438,416.481,671.294,486.852,-56.485,62.617,0
1986,33.1331,driven,528.120,404.225,651.809,494.281,-61.832,53.942,0
1987,33.14978,driven,524.892,397.842,633.492,505.615,-64.511,45.219,0
1988,33.16647,driven,524.892,397.842,617.578,519.572,-64.511,37.286,0
1989,33.18315,driven,524.892,397.842,598.867,531.770,-64.511,28.914,0
1990,33.19983,driven,528.704,405.304,580.765,549.174,-61.373,19.893,0
1991,33.21652,driven,534.543,415.113,562.377,565.560,-57.097,10.482,0
1992,33.2332,driven,545.391,429.862,542.122,582.827,-50.236,-1.224,0
1993,33.24988,driven,560.839,445.895,516.235,592.249,-41.891,-16.950,0
1994,33.26657,driven,582.148,461.892,494.924,587.594,-31.901,-34.757,0
1995,33.28325,driven,606.544,474.203,492.589,576.298,-21.654,-48.142,0
1996,33.29993,driven,628.344,481.023,492.575,551.562,-13.092,-62.546,0
1997,33.31662,driven,648.531,484.314,501.423,526.366,-5.427,-74.047,0
1998,33.3333,driven,669.555,484.860,518.198,507.224,2.456,-81.595,0
1999,33.34998,driven,692.195,482.189,539.388,489.868,11.000,-87.123,0
2000,33.36667,driven,714.176,476.188,561.186,478.005,19.541,-89.319,0
2001,33.38335,driven,733.898,467.582,580.903,468.815,27.606,-89.538,0
2002,33.40003,driven,755.082,454.188,602.522,465.778,37.002,-85.656,0
2003,33.41672,driven,771.917,439.453,621.188,465.714,45.388,-80.117,0
2004,33.4334,driven,785.023,424.301,637.755,465.790,52.895,-74.266,0
2005,33.45008,driven,794.706,409.863,654.705,471.579,59.409,-66.211,0
2006,33.46677,driven,800.976,398.119,671.900,480.268,64.396,-57.526,0
2007,33.48345,driven,803.875,391.693,687.248,490.724,67.036,-49.665,0
2008,33.50013,driven,803.875,391.693,701.470,505.370,67.036,-42.014,0
2009,33.51682,driven,803.875,391.693,717.809,518.191,67.036,-34.230,0
2010,33.5335,driven,800.495,399.112,730.821,535.327,63.983,-27.090,0
2011,33.55018,driven,794.931,409.480,745.777,554.369,59.575,-18.740,0
2012,33.56687,driven,787.039,421.574,762.181,572.541,54.165,-9.350,0
2013,33.58355,driven,775.240,435.977,780.643,588.882,47.188,2.024,0
2014,33.60023,driven,755.135,454.148,805.750,598.533,37.027,19.319,0
2015,33.61692,driven,730.224,469.440,822.199,591.709,26.064,36.952,0
2016,33.6336,driven,706.821,478.590,823.429,577.644,16.643,49.654,0
2017,33.65028,driven,683.936,483.561,820.325,552.895,7.865,63.053,0
2018,33.66697,driven,662.137,484.998,807.860,531.622,-0.323,72.258,0
2019,33.68365,driven,641.874,483.534,791.703,514.525,-7.937,78.314,0
2020,33.70033,driven,618.781,478.471,770.238,500.143,-16.799,81.857,0
2021,33.71702,driven,597.892,470.455,749.720,489.354,-25.185,82.905,0
2022,33.7337,driven,577.310,458.752,728.417,482.745,-34.060,80.978,0
2023,33.75038,driven,559.679,444.844,707.948,482.595,-42.478,75.715,0
2024,33.76707,driven,546.103,430.713,690.056,482.547,-49.821,70.197,0
2025,33.78375,driven,535.914,417.195,672.492,486.154,-56.163,63.211,0
2026,33.80043,driven,528.601,405.116,653.566,493.393,-61.453,54.762,0
2027,33.81712,driven,525.456,399.013,637.024,503.711,-64.024,46.819,0
2028,33.8338,driven,525.456,399.013,621.904,517.785,-64.024,39.078,0
2029,33.85048,driven,525.456,399.013,604.064,530.275,-64.024,30.916,0
2030,33.86717,driven,529.156,406.127,588.170,547.288,-61.021,22.688,0
2031,33.88385,driven,535.214,416.141,571.305,564.823,-56.637,13.644,0
2032,33.90053,driven,545.955,430.536,552.325,583.403,-49.907,2.386,0
2033,33.91722,driven,562.054,446.974,527.881,596.109,-41.283,-12.906,0
2034,33.9339,driven,582.702,462.235,504.463,593.718,-31.656,-30.755,0
2035,33.95058,driven,608.449,474.945,502.545,585.368,-20.888,-43.803,0
2036,33.96727,driven,630.680,481.547,500.786,562.396,-12.195,-58.101,0
2037,33.98395,driven,650.673,484.503,506.719,536.334,-4.621,-70.198,0
2038,34.00063,driven,671.697,484.753,522.036,516.546,3.259,-78.007,0
2039,34.01732,driven,694.620,481.697,542.550,498.536,11.927,-83.681,0
2040,34.034,driven,716.128,475.480,563.454,485.472,20.319,-86.255,0
2041,34.05068,driven,737.395,465.695,584.693,475.231,29.094,-86.427,0
2042,34.06737,driven,757.064,452.669,605.117,470.589,37.937,-83.274,0
2043,34.08405,driven,773.248,438.087,623.718,470.487,46.102,-77.774,0
2044,34.10073,driven,785.751,423.330,640.237,470.602,53.350,-72.003,0
2045,34.11742,driven,794.903,409.528,656.876,475.538,59.555,-64.441,0
2046,34.1341,driven,801.224,397.599,674.336,483.090,64.612,-56.030,0
2047,34.15078,driven,803.840,391.776,689.623,493.578,67.002,-48.289,0
2048,34.16747,driven,803.840,391.776,703.645,507.405,67.002,-40.910,0
2049,34.18415,driven,803.840,391.776,719.771,519.610,67.002,-33.330,0
2050,34.20083,driven,800.610,398.877,733.367,536.309,64.081,-26.072,0
2051,34.21752,driven,795.682,408.187,748.970,553.881,60.135,-17.777,0
2052,34.2342,driven,787.663,420.703,765.272,572.056,54.566,-8.415,0
2053,34.25088,driven,776.089,435.053,784.071,587.845,47.658,2.991,0
2054,34.26757,driven,757.073,452.662,808.600,596.724,37.941,19.681,0
2055,34.28425,driven,732.147,468.483,824.573,590.411,26.868,37.163,0
2056,34.30093,driven,708.140,478.189,826.139,575.582,17.160,50.465,0
2057,34.31762,driven,686.420,483.197,823.364,551.426,8.805,63.516,0
2058,34.3343,driven,663.692,484.998,809.835,530.288,0.259,72.782,0
2059,34.35098,driven,643.201,483.714,793.434,512.677,-7.435,79.088,0
2060,34.36767,driven,620.170,478.883,771.847,498.962,-16.256,82.459,0
2061,34.38435,driven,598.837,470.896,750.745,489.144,-24.795,83.150,0
2062,34.40103,driven,578.390,459.476,729.710,482.087,-33.573,81.501,0
2063,34.41772,driven,561.337,446.340,710.126,481.986,-41.641,76.527,0
2064,34.4344,driven,546.867,431.610,691.308,482.067,-49.379,70.744,0
2065,34.45108,driven,536.183,417.594,672.711,486.653,-55.983,63.169,0
2066,34.46777,driven,529.002,405.848,653.919,494.192,-61.140,54.731,0
2067,34.48445,driven,526.139,400.397,637.608,505.200,-63.446,46.765,0
2068,34.50113,driven,526.139,400.397,621.721,519.867,-63.446,38.662,0
2069,34.51782,driven,526.139,400.397,603.615,532.331,-63.446,30.423,0
2070,34.5345,driven,529.847,407.361,587.348,549.145,-60.491,22.075,0
2071,34.55118,driven,536.827,418.541,570.050,567.891,-55.554,12.541,0
2072,34.56787,driven,547.812,432.701,550.673,585.675,-48.839,1.072,0
2073,34.58455,driven,563.137,447.916,526.005,596.341,-40.745,-14.046,0
2074,34.60123,driven,585.546,463.947,503.223,592.911,-30.413,-32.552,0
2075,34.61792,driven,611.652,476.126,502.442,583.281,-19.609,-45.544,0
2076,34.6346,driven,632.201,481.868,500.724,560.116,-11.613,-59.241,0
2077,34.65128,driven,654.410,484.759,509.116,532.704,-3.218,-71.738,0
2078,34.66797,driven,674.912,484.536,524.591,513.041,4.465,-79.262,0
2079,34.68465,driven,697.360,481.092,545.054,495.650,12.978,-84.540,0
2080,34.70133,driven,719.095,474.346,566.299,482.250,21.508,-87.039,0
2081,34.71802,driven,739.769,464.346,586.977,472.318,30.116,-87.013,0
2082,34.7347,driven,759.139,451.022,607.036,467.563,38.929,-83.793,0
2083,34.75138,driven,775.405,435.799,625.717,467.463,47.280,-78.056,0
2084,34.76807,driven,787.751,420.578,642.146,467.568,54.624,-72.114,0
2085,34.78475,driven,796.587,406.589,658.626,472.739,60.823,-64.383,0
2086,34.80143,driven,802.372,395.122,675.074,480.001,65.634,-56.306,0
2087,34.81812,driven,804.442,390.336,689.194,490.968,67.587,-48.873,0
2088,34.8348,driven,804.442,390.336,702.637,504.550,67.587,-41.713,0
2089,34.85148,driven,804.442,390.336,718.080,516.632,67.587,-34.365,0
2090,34.86817,driven,801.385,397.257,731.123,533.169,64.753,-27.338,0
2091,34.88485,driven,796.094,407.466,744.512,551.508,60.446,-19.702,0
2092,34.90153,driven,787.788,420.526,759.474,570.883,54.648,-10.665,0
2093,34.91822,driven,776.366,434.748,777.190,587.746,47.813,0.309,0
2094,34.9349,driven,757.647,452.212,800.740,599.018,38.215,16.359,0
2095,34.95158,driven,733.146,467.973,819.780,594.082,27.288,34.488,0
2096,34.96827,driven,708.170,478.180,819.353,583.286,17.171,46.609,0
2097,34.98495,driven,685.460,483.342,817.845,560.044,8.441,59.913,0
2098,35.00163,driven,662.493,484.999,806.266,537.330,-0.190,69.999,0
2099,35.01832,driven,641.076,483.421,789.813,519.286,-8.238,76.443,0
2100,35.035,driven,618.718,478.452,769.448,504.707,-16.823,80.119,0
2101,35.05168,driven,597.401,470.223,748.565,493.850,-25.389,81.117,0
2102,35.06837,driven,577.059,458.582,727.415,486.904,-34.174,79.333,0
2103,35.08505,driven,559.547,444.723,706.681,486.683,-42.544,74.083,0
2104,35.10173,driven,546.014,430.607,688.372,486.672,-49.873,68.504,0
2105,35.11842,driven,535.824,417.060,670.417,489.819,-56.224,61.605,0
2106,35.1351,driven,528.817,405.512,651.705,496.659,-61.284,53.435,0
2107,35.15178,driven,526.652,401.413,636.215,508.206,-63.020,45.734,0
2108,35.16847,driven,526.652,401.413,620.358,522.360,-63.020,37.767,0
2109,35.18515,driven,526.652,401.413,602.514,534.281,-63.020,29.725,0
2110,35.20183,driven,530.764,408.959,586.281,551.532,-59.801,21.275,0
2111,35.21852,driven,537.310,419.241,568.720,568.983,-55.235,11.847,0
2112,35.2352,driven,548.785,433.803,549.766,586.800,-48.289,0.368,0
2113,35.25188,driven,564.770,449.302,525.277,597.117,-39.943,-14.959,0
2114,35.26857,driven,587.481,465.063,503.400,592.889,-29.577,-33.336,0
2115,35.28525,driven,612.377,476.382,502.441,582.792,-19.322,-45.934,0
2116,35.30193,driven,633.666,482.162,501.324,558.937,-11.053,-59.881,0
2117,35.31862,driven,653.424,484.700,508.586,534.003,-3.588,-71.202,0
2118,35.3353,driven,675.032,484.526,524.802,513.508,4.510,-79.081,0
2119,35.35198,driven,697.927,480.960,545.685,496.172,13.196,-84.294,0
2120,35.36867,driven,719.763,474.081,567.021,482.965,21.777,-86.671,0
2121,35.38535,driven,739.415,464.551,586.701,473.886,29.963,-86.502,0
2122,35.40203,driven,759.810,450.477,608.081,470.158,39.253,-82.609,0
2123,35.41872,driven,775.570,435.619,626.494,470.046,47.371,-76.996,0
2124,35.4354,driven,787.689,420.666,642.926,470.192,54.583,-71.113,0
2125,35.45208,driven,796.394,406.934,659.620,475.505,60.675,-63.373,0
2126,35.46877,driven,802.079,395.764,676.757,483.533,65.370,-54.995,0
2127,35.48545,driven,803.519,392.527,689.893,494.987,66.697,-47.958,0
2128,35.50213,driven,803.519,392.527,704.145,508.863,66.697,-40.504,0
2129,35.51882,driven,803.519,392.527,720.819,521.250,66.697,-32.719,0
2130,35.5355,driven,800.135,399.845,733.990,537.807,63.677,-25.615,0
2131,35.55218,driven,794.082,410.909,747.791,556.738,58.953,-17.611,0
2132,35.56887,driven,785.773,423.300,763.900,574.728,53.364,-8.219,0
2133,35.58555,driven,773.736,437.577,782.717,590.313,46.366,3.365,0
2134,35.60223,driven,753.177,455.600,806.595,598.972,36.114,20.435,0
2135,35.61892,driven,727.787,470.606,820.050,592.658,25.052,37.087,0
2136,35.6356,driven,704.619,479.231,822.334,576.966,15.784,50.298,0
2137,35.65228,driven,681.437,483.885,818.364,552.149,6.921,63.502,0
2138,35.66897,driven,660.120,484.973,805.715,531.996,-1.079,72.101,0
2139,35.68565,driven,637.975,482.939,787.780,514.042,-9.414,78.271,0
2140,35.70233,driven,615.520,477.447,766.811,500.251,-18.079,81.428,0
2141,35.71902,driven,593.840,468.477,745.324,489.959,-26.874,81.929,0
2142,35.7357,driven,574.278,456.649,724.681,484.719,-35.442,79.428,0
2143,35.75238,driven,557.516,442.824,704.706,484.587,-43.586,74.160,0
2144,35.76907,driven,543.875,428.012,686.004,484.654,-51.132,68.271,0
2145,35.78575,driven,534.352,414.817,668.064,489.182,-57.229,60.919,0
2146,35.80243,driven,527.644,403.329,648.615,497.004,-62.212,52.247,0
2147,35.81912,driven,526.678,401.465,633.803,510.705,-62.998,44.440,0
2148,35.8358,driven,526.678,401.465,617.869,524.319,-62.998,36.585,0
2149,35.85248,driven,526.678,401.465,599.225,536.172,-62.998,28.305,0
2150,35.86917,driven,530.797,409.015,582.378,553.058,-59.777,19.702,0
2151,35.88585,driven,537.884,420.062,565.023,570.636,-54.861,10.217,0
2152,35.90253,driven,550.002,435.153,544.907,588.068,-47.608,-1.909,0
2153,35.91922,driven,567.187,451.285,519.605,596.698,-38.773,-18.119,0
2154,35.9359,driven,590.649,466.812,501.134,590.893,-28.222,-35.808,0
2155,35.95258,driven,613.908,476.910,498.740,577.634,-18.715,-48.828,0
2156,35.96927,driven,636.382,482.667,500.056,552.124,-10.019,-63.001,0
2157,35.98595,driven,655.645,484.823,509.152,528.971,-2.756,-73.229,0
2158,36.00263,driven,678.102,484.253,527.118,509.006,5.665,-80.690,0
2159,36.01932,driven,700.785,480.261,548.308,492.900,14.298,-85.262,0
2160,36.036,driven,722.333,473.027,569.544,481.049,22.818,-86.995,0
2161,36.05268,driven,742.837,462.518,590.147,472.261,31.454,-86.349,0
2162,36.06937,driven,762.603,448.139,611.348,471.179,40.617,-81.339,0
2163,36.08605,driven,777.722,433.231,629.456,470.995,48.575,-75.710,0
2164,36.10273,driven,788.640,419.313,644.730,471.264,55.203,-70.151,0
2165,36.11942,driven,797.411,405.094,662.320,476.924,61.462,-62.000,0
2166,36.1361,driven,802.618,394.576,679.165,484.954,65.858,-53.793,0
2167,36.15278,driven,804.091,391.182,693.829,497.255,67.244,-46.109,0
2168,36.16947,driven,804.091,391.182,709.241,511.234,67.244,-38.311,0
2169,36.18615,driven,804.091,391.182,726.370,522.971,67.244,-30.529,0
2170,36.20283,driven,800.458,399.188,741.188,540.241,63.951,-22.792,0
2171,36.21952,driven,794.621,410.007,756.953,558.297,59.346,-14.252,0
2172,36.2362,driven,785.600,423.533,774.045,576.096,53.255,-4.331,0
2173,36.25288,driven,773.026,438.317,794.984,589.733,45.982,8.252,0
2174,36.26957,driven,750.819,457.287,820.417,593.541,35.028,27.058,0
2175,36.28625,driven,726.648,471.133,826.264,587.260,24.582,40.624,0
2176,36.30293,driven,704.193,479.350,828.957,567.910,15.619,54.632,0
2177,36.31962,driven,682.408,483.764,823.629,542.635,7.288,67.370,0
2178,36.3363,driven,661.122,484.988,809.205,523.461,-0.703,75.436,0
2179,36.35298,driven,639.428,483.173,790.464,507.613,-8.863,80.808,0
2180,36.36967,driven,616.500,477.763,768.586,494.461,-17.693,83.734,0
2181,36.38635,driven,595.400,469.256,747.443,486.343,-26.221,83.588,0
2182,36.40303,driven,575.283,457.358,725.963,483.897,-34.982,80.011,0
2183,36.41972,driven,557.898,443.187,705.419,483.763,-43.389,74.621,0
2184,36.4364,driven,544.668,428.988,687.448,483.969,-50.661,68.939,0
2185,36.45308,driven,534.915,415.685,668.312,490.614,-56.841,60.677,0
2186,36.46977,driven,528.315,404.588,648.679,499.042,-61.678,51.878,0
2187,36.48645,driven,528.017,404.032,634.286,514.104,-61.914,43.993,0
2188,36.50313,driven,528.017,404.032,616.988,528.504,-61.914,35.557,0
2189,36.51982,driven,528.017,404.032,596.736,540.732,-61.914,26.689,0
2190,36.5365,driven,532.842,412.423,579.043,558.281,-58.288,17.576,0
2191,36.55318,driven,540.687,423.916,560.060,575.684,-53.076,7.274,0
2192,36.56987,driven,553.733,439.097,537.985,591.284,-45.575,-5.908,0
2193,36.58655,driven,571.257,454.442,512.188,595.580,-36.843,-22.710,0
2194,36.60323,driven,595.164,469.140,498.103,587.411,-26.319,-39.374,0
2195,36.61992,driven,618.571,478.407,494.678,568.182,-16.881,-54.072,0
2196,36.6366,driven,640.237,483.297,498.651,541.285,-8.556,-67.728,0
2197,36.65328,driven,659.954,484.970,510.841,519.235,-1.141,-77.059,0
2198,36.66997,driven,682.477,483.755,530.287,499.480,7.314,-84.101,0
2199,36.68665,driven,704.282,479.326,551.363,484.316,15.653,-88.131,0
2200,36.70333,driven,725.719,471.554,572.719,471.625,24.200,-89.974,0
2201,36.72002,driven,745.867,460.616,592.904,463.972,32.794,-88.743,0
2202,36.7367,driven,764.118,446.822,611.830,461.571,41.369,-84.469,0
2203,36.75338,driven,778.779,432.021,628.644,461.494,49.176,-78.894,0
2204,36.77007,driven,791.209,415.496,645.318,461.594,56.926,-72.465,0
2205,36.78675,driven,798.934,402.221,660.780,467.968,62.680,-64.551,0
2206,36.80343,driven,804.054,391.268,676.239,475.365,67.209,-56.657,0
2207,36.82012,driven,805.486,387.737,689.610,487.645,68.636,-49.232,0
2208,36.8368,driven,805.486,387.737,702.993,501.333,68.636,-42.059,0
2209,36.85348,driven,805.486,387.737,718.059,513.298,68.636,-34.849,0
2210,36.87017,driven,801.748,396.483,729.342,531.266,65.073,-28.245,0
2211,36.88685,driven,796.948,405.939,743.035,549.125,61.102,-20.632,0
2212,36.90353,driven,789.187,418.521,757.560,568.217,55.563,-11.930,0
2213,36.92022,driven,777.997,432.919,774.672,585.883,48.730,-1.245,0
2214,36.9369,driven,760.321,450.058,797.527,598.465,39.500,14.074,0
2215,36.95358,driven,735.054,466.971,818.958,594.913,28.095,33.257,0
2216,36.97027,driven,709.023,477.914,816.973,586.338,17.506,44.874,0
2217,36.98695,driven,685.942,483.270,816.376,563.245,8.624,58.486,0
2218,37.00363,driven,663.121,485.000,806.041,539.615,0.045,69.086,0
2219,37.02032,driven,641.708,483.511,790.064,520.922,-7.999,75.847,0
2220,37.037,driven,618.612,478.420,769.070,506.194,-16.865,79.541,0
2221,37.05368,driven,597.213,470.134,748.123,495.336,-25.466,80.519,0
2222,37.07037,driven,577.280,458.733,727.640,487.035,-34.074,79.340,0
2223,37.08705,driven,559.580,444.753,706.664,486.886,-42.528,74.015,0
2224,37.10373,driven,545.787,430.337,687.958,486.874,-50.005,68.314,0
2225,37.12042,driven,535.893,417.164,670.261,490.337,-56.177,61.428,0
2226,37.1371,driven,529.204,406.213,652.587,496.687,-60.984,53.748,0
2227,37.15378,driven,527.703,403.440,638.489,508.964,-62.165,46.394,0
2228,37.17047,driven,527.703,403.440,623.202,522.976,-62.165,38.622,0
2229,37.18715,driven,527.703,403.440,606.439,534.625,-62.165,30.972,0
2230,37.20383,driven,531.900,410.879,591.067,551.976,-58.966,22.750,0
2231,37.22052,driven,538.907,421.498,574.627,570.270,-54.200,13.501,0
2232,37.2372,driven,549.448,434.542,556.130,587.396,-47.917,2.503,0
2233,37.25388,driven,565.183,449.647,532.435,599.101,-39.742,-12.359,0
2234,37.27057,driven,587.237,464.925,509.075,596.453,-29.682,-30.721,0
2235,37.28725,driven,612.328,476.365,507.646,587.948,-19.341,-43.172,0
2236,37.30393,driven,633.761,482.180,505.805,566.062,-11.017,-56.753,0
2237,37.32062,driven,654.315,484.753,511.610,539.930,-3.254,-68.861,0
2238,37.3373,driven,675.913,484.454,527.051,519.798,4.841,-76.644,0
2239,37.35398,driven,697.916,480.963,546.366,501.979,13.191,-82.105,0
2240,37.37067,driven,720.252,473.884,567.905,487.997,21.975,-84.707,0
2241,37.38735,driven,740.324,464.023,587.995,478.330,30.357,-84.634,0
2242,37.40403,driven,759.503,450.727,608.031,472.296,39.105,-81.896,0
2243,37.42072,driven,775.282,435.932,626.637,472.178,47.211,-76.296,0
2244,37.4374,driven,786.719,422.015,642.208,472.270,53.961,-70.824,0
2245,37.45408,driven,795.208,409.007,657.860,476.421,59.780,-63.857,0
2246,37.47077,driven,800.976,398.119,674.107,483.638,64.396,-56.017,0
2247,37.48745,driven,801.431,397.161,684.746,496.123,64.793,-49.698,0
2248,37.50413,driven,801.431,397.161,696.917,508.901,64.793,-43.086,0
2249,37.52082,driven,801.431,397.161,712.041,521.332,64.793,-35.750,0
2250,37.5375,driven,797.557,404.824,723.157,538.516,61.577,-29.096,0
2251,37.55418,driven,791.606,414.883,735.248,557.125,57.199,-21.614,0
2252,37.57087,driven,782.552,427.479,749.301,576.822,51.388,-12.552,0
2253,37.58755,driven,770.454,440.916,765.749,593.844,44.613,-1.762,0
2254,37.60423,driven,750.443,457.550,788.426,605.760,34.856,14.374,0
2255,37.62092,driven,725.465,471.668,807.837,600.601,24.096,32.574,0
2256,37.6376,driven,700.253,480.396,807.080,589.926,14.092,44.284,0
2257,37.65428,driven,677.508,484.311,806.510,566.575,5.441,57.475,0
2258,37.67097,driven,655.062,484.794,796.632,542.820,-2.974,67.712,0
2259,37.68765,driven,633.913,482.210,781.222,523.550,-10.959,74.324,0
2260,37.70433,driven,611.751,476.162,761.303,508.462,-19.570,77.813,0
2261,37.72102,driven,590.915,466.954,741.113,496.100,-28.109,79.018,0
2262,37.7377,driven,571.780,454.833,721.000,488.632,-36.599,77.238,0
2263,37.75438,driven,555.956,441.319,701.977,487.001,-44.398,72.628,0
2264,37.77107,driven,543.163,427.121,684.022,486.851,-51.559,67.021,0
2265,37.78775,driven,533.944,414.180,668.379,487.230,-57.512,61.481,0
2266,37.80443,driven,527.628,403.297,651.379,493.267,-62.225,53.982,0
2267,37.82112,driven,527.316,402.702,640.071,506.120,-62.477,47.473,0
2268,37.8378,driven,527.316,402.702,627.103,518.682,-62.477,40.708,0
2269,37.85448,driven,527.316,402.702,612.506,529.791,-62.477,33.835,0
2270,37.87117,driven,531.345,409.948,600.006,546.676,-59.372,26.664,0
2271,37.88785,driven,538.208,420.521,586.984,565.538,-54.650,18.590,0
2272,37.90453,driven,549.491,434.590,572.574,585.839,-47.893,8.677,0
2273,37.92122,driven,565.329,449.769,554.084,602.355,-39.670,-4.215,0
2274,37.9379,driven,586.150,464.299,531.104,607.054,-30.151,-21.087,0
2275,37.95458,driven,612.781,476.524,522.216,599.840,-19.161,-36.294,0
2276,37.97127,driven,637.423,482.847,519.848,580.751,-9.623,-50.216,0
2277,37.98795,driven,658.702,484.940,523.374,556.322,-1.610,-62.189,0
2278,38.00463,driven,681.130,483.922,537.081,535.487,6.805,-70.304,0
2279,38.02132,driven,702.873,479.713,554.310,516.293,15.106,-76.167,0
2280,38.038,driven,724.473,472.107,574.297,501.367,23.690,-78.975,0
2281,38.05468,driven,744.885,461.244,594.706,490.490,32.357,-78.980,0
2282,38.07137,driven,763.895,447.018,615.120,482.724,41.258,-76.504,0
2283,38.08805,driven,778.393,432.466,633.782,482.433,48.956,-70.938,0
2284,38.10473,driven,790.283,416.900,651.964,482.298,56.296,-64.695,0
2285,38.12142,driven,798.041,403.923,667.621,483.920,61.960,-58.476,0
2286,38.1381,driven,803.123,393.438,684.228,489.734,66.325,-50.995,0
2287,38.15478,driven,803.301,393.029,695.836,501.934,66.492,-44.619,0
2288,38.17147,driven,803.301,393.029,710.019,514.304,66.492,-37.567,0
2289,38.18815,driven,803.301,393.029,725.513,524.779,66.492,-30.558,0
2290,38.20483,driven,799.396,401.319,738.120,541.512,63.060,-23.609,0
2291,38.22152,driven,793.733,411.486,752.135,558.722,58.700,-15.776,0
2292,38.2382,driven,784.549,424.924,767.469,576.967,52.602,-6.409,0
2293,38.25488,driven,772.366,438.996,785.150,591.461,45.628,4.793,0
2294,38.27157,driven,751.336,456.923,808.101,599.003,35.265,21.778,0
2295,38.28825,driven,725.713,471.557,818.433,593.261,24.198,37.302,0
2296,38.30493,driven,701.484,480.081,821.012,575.591,14.568,51.373,0
2297,38.32162,driven,680.121,484.039,817.193,552.013,6.425,63.623,0
2298,38.3383,driven,657.763,484.910,803.449,531.652,-1.961,72.212,0
2299,38.35498,driven,635.411,482.492,784.784,515.611,-10.388,77.499,0
2300,38.37167,driven,612.790,476.527,763.608,502.278,-19.158,80.311,0
2301,38.38835,driven,591.569,467.302,742.563,491.997,-27.831,80.712,0
2302,38.40503,driven,571.926,454.941,721.213,488.440,-36.531,77.353,0
2303,38.42172,driven,555.128,440.502,700.482,488.265,-44.833,71.810,0
2304,38.4384,driven,542.651,426.473,682.520,488.487,-51.868,66.089,0
2305,38.45508,driven,533.435,413.375,663.361,494.174,-57.868,58.123,0
2306,38.47177,driven,527.529,403.111,644.138,502.163,-62.304,49.654,0
2307,38.48845,driven,527.519,403.091,629.128,517.479,-62.313,41.614,0
2308,38.50513,driven,527.519,403.091,612.065,530.609,-62.313,33.545,0
2309,38.52182,driven,527.519,403.091,591.559,542.043,-62.313,24.744,0
2310,38.5385,driven,532.330,411.588,573.021,559.078,-58.655,15.424,0
2311,38.55518,driven,539.987,422.977,553.634,575.367,-53.514,5.117,0
2312,38.57187,driven,552.327,437.643,530.942,589.141,-46.332,-8.035,0
2313,38.58855,driven,569.343,452.985,504.963,591.781,-37.744,-24.884,0
2314,38.60523,driven,593.408,468.257,492.845,583.566,-27.055,-41.092,0
2315,38.62192,driven,615.254,477.359,489.484,564.486,-18.184,-55.288,0
2316,38.6386,driven,636.316,482.655,493.623,537.862,-10.044,-68.849,0
2317,38.65528,driven,658.101,484.922,508.354,516.301,-1.835,-78.165,0
2318,38.67197,driven,682.034,483.811,529.572,496.624,7.146,-85.196,0
2319,38.68865,driven,703.537,479.532,550.550,481.491,15.364,-89.266,0
2320,38.70533,driven,724.604,472.050,571.624,469.566,23.743,-90.930,0
2321,38.72202,driven,745.385,460.925,592.388,461.835,32.579,-89.659,0
2322,38.7387,driven,763.175,447.646,610.746,460.858,40.900,-85.046,0
2323,38.75538,driven,778.786,432.013,628.510,460.756,49.180,-79.172,0
2324,38.77207,driven,790.510,416.559,644.071,460.885,56.449,-73.160,0
2325,38.78875,driven,798.452,403.146,659.479,467.141,62.289,-65.274,0
2326,38.80543,driven,803.576,392.395,674.879,475.136,66.750,-57.262,0
2327,38.82212,driven,804.764,389.551,687.237,487.512,67.905,-50.188,0
2328,38.8388,driven,804.764,389.551,700.725,501.733,67.905,-42.843,0
2329,38.85548,driven,804.764,389.551,715.573,513.865,67.905,-35.658,0
2330,38.87217,driven,801.490,397.035,727.862,531.153,64.845,-28.766,0
2331,38.88885,driven,796.262,407.168,740.843,549.778,60.574,-21.237,0
2332,38.90553,driven,788.717,419.202,755.865,568.634,55.253,-12.399,0
2333,38.92222,driven,776.871,434.188,772.436,587.124,48.095,-1.661,0
2334,38.9389,driven,757.863,452.041,795.691,600.291,38.318,14.314,0
2335,38.95558,driven,732.646,468.229,816.697,596.074,27.078,33.323,0
2336,38.97227,driven,706.386,478.720,814.707,586.773,16.473,45.071,0
2337,38.98895,driven,682.947,483.694,813.806,562.972,7.491,58.791,0
2338,39.00563,driven,661.018,484.987,803.508,540.715,-0.742,68.640,0
2339,39.02232,driven,639.898,483.246,787.743,522.623,-8.685,75.086,0
2340,39.039,driven,617.655,478.126,767.863,507.221,-17.240,79.038,0
2341,39.05568,driven,595.984,469.542,746.656,496.136,-25.977,79.990,0
2342,39.07237,driven,575.702,457.651,725.385,489.336,-34.790,78.048,0
2343,39.08905,driven,559.053,444.267,705.340,489.090,-42.796,72.965,0
2344,39.10573,driven,545.560,430.066,686.773,488.955,-50.137,67.363,0
2345,39.12242,driven,535.643,416.789,669.400,491.071,-56.346,60.954,0
2346,39.1391,driven,529.228,406.256,651.580,498.119,-60.966,53.101,0
2347,39.15578,driven,529.228,406.256,640.370,511.405,-60.966,46.587,0
2348,39.17247,driven,529.228,406.256,625.656,525.044,-60.966,39.069,0
2349,39.18915,driven,529.301,406.387,609.263,536.829,-60.909,31.509,0
2350,39.20583,driven,533.215,413.023,594.883,553.045,-58.024,23.770,0
2351,39.22252,driven,540.013,423.012,578.818,571.009,-53.498,14.692,0
2352,39.2392,driven,552.054,437.357,561.135,590.087,-46.480,3.403,0
2353,39.25588,driven,568.264,452.142,538.139,602.147,-38.257,-11.355,0
2354,39.27257,driven,590.249,466.597,514.827,599.715,-28.392,-29.535,0
2355,39.28925,driven,614.260,477.029,512.756,591.511,-18.576,-41.561,0
2356,39.30593,driven,636.262,482.646,510.804,570.220,-10.065,-55.083,0
2357,39.32262,driven,656.862,484.877,516.138,544.924,-2.299,-66.892,0
2358,39.3393,driven,678.293,484.234,530.404,523.449,5.736,-75.149,0
2359,39.35598,driven,699.801,480.508,548.923,505.903,13.918,-80.446,0
2360,39.37267,driven,721.579,473.342,569.747,492.213,22.511,-82.915,0
2361,39.38935,driven,741.456,463.353,589.517,481.343,30.849,-83.247,0
2362,39.40603,driven,759.239,450.941,608.242,475.617,38.977,-80.719,0
2363,39.42272,driven,774.841,436.406,626.909,475.460,46.969,-75.211,0
2364,39.4394,driven,786.427,422.414,642.904,475.425,53.776,-69.728,0
2365,39.45608,driven,794.615,410.016,658.094,479.089,59.342,-63.163,0
2366,39.47277,driven,799.944,400.230,672.991,485.622,63.516,-56.074,0
2367,39.48945,driven,799.944,400.230,682.393,498.162,63.516,-50.202,0
2368,39.50613,driven,799.944,400.230,693.722,510.347,63.516,-43.968,0
2369,39.52282,driven,798.826,402.430,706.029,524.077,62.592,-37.338,0
2370,39.5395,driven,794.937,409.471,716.368,540.757,59.579,-30.898,0
2371,39.55618,driven,788.831,419.037,727.076,559.021,55.328,-23.805,0
2372,39.57287,driven,779.435,431.256,739.717,579.011,49.554,-15.046,0
2373,39.58955,driven,766.752,444.448,755.560,597.038,42.697,-4.195,0
2374,39.60623,driven,746.014,460.521,776.759,610.400,32.859,11.592,0
2375,39.62292,driven,719.596,474.148,797.464,605.850,21.710,30.593,0
2376,39.6396,driven,695.152,481.584,795.688,596.916,12.131,41.079,0
2377,39.65628,driven,671.532,484.762,795.970,573.779,3.197,54.422,0
2378,39.67297,driven,650.662,484.502,788.773,550.339,-4.625,64.513,0
2379,39.68965,driven,630.256,481.455,774.984,531.082,-12.358,71.073,0
2380,39.70633,driven,609.408,475.307,756.973,515.722,-20.504,74.683,0
2381,39.72302,driven,588.621,465.704,737.032,502.892,-29.087,75.933,0
2382,39.7397,driven,570.385,453.784,717.938,494.244,-37.252,74.666,0
2383,39.75638,driven,555.113,440.487,699.446,491.251,-44.841,70.622,0
2384,39.77307,driven,543.110,427.055,682.112,490.988,-51.591,65.300,0
2385,39.78975,driven,534.762,415.451,667.553,491.448,-56.946,60.217,0
2386,39.80643,driven,528.687,405.273,651.331,496.746,-61.386,53.283,0
2387,39.82312,driven,528.687,405.273,641.780,508.321,-61.386,47.661,0
2388,39.8398,driven,528.687,405.273,629.342,520.501,-61.386,41.138,0
2389,39.85648,driven,529.721,407.138,616.959,532.830,-60.587,34.763,0
2390,39.87317,driven,533.857,414.043,605.856,549.043,-57.573,28.072,0
2391,39.88985,driven,541.276,424.694,594.238,568.235,-52.711,20.253,0
2392,39.90653,driven,552.948,438.290,580.906,588.713,-45.996,10.529,0
2393,39.92322,driven,569.185,452.862,563.899,605.771,-37.819,-1.980,0
2394,39.9399,driven,590.741,466.861,541.829,611.833,-28.183,-18.644,0
2395,39.95658,driven,617.140,477.965,530.998,604.411,-17.442,-34.265,0
2396,39.97327,driven,641.157,483.433,528.575,587.039,-8.208,-47.377,0
2397,39.98995,driven,662.928,485.000,531.537,563.394,-0.027,-59.178,0
2398,40.00663,driven,683.582,483.609,542.356,542.467,7.731,-67.375,0
2399,40.02332,driven,705.842,478.879,559.342,522.999,16.261,-73.240,0
2400,40.04,driven,727.689,470.652,578.919,506.380,25.012,-76.496,0
2401,40.05668,driven,747.991,459.223,599.389,495.645,33.745,-76.228,0
2402,40.07337,driven,765.977,445.158,618.639,486.396,42.303,-74.364,0
2403,40.09005,driven,780.205,430.346,637.526,485.589,50.000,-68.835,0
2404,40.10673,driven,790.474,416.613,653.815,485.413,56.425,-63.277,0
2405,40.12342,driven,798.164,403.691,669.162,485.955,62.058,-57.475,0
2406,40.1401,driven,802.827,394.108,684.470,491.064,66.050,-50.676,0
2407,40.15678,driven,802.827,394.108,695.426,503.076,66.050,-44.585,0
2408,40.17347,driven,802.827,394.108,707.885,514.087,66.050,-38.355,0
2409,40.19015,driven,801.615,396.768,720.725,526.637,64.956,-31.917,0
2410,40.20683,driven,797.677,404.602,731.676,542.634,61.672,-25.555,0
2411,40.22352,driven,791.195,415.517,743.294,560.825,56.916,-18.245,0
2412,40.2402,driven,781.394,428.911,756.970,579.949,50.698,-9.186,0
2413,40.25688,driven,768.634,442.682,773.566,595.602,43.663,1.847,0
2414,40.27357,driven,746.651,460.108,795.212,605.196,33.143,18.506,0
2415,40.29025,driven,721.431,473.403,809.100,598.795,22.451,34.960,0
2416,40.30693,driven,697.543,481.050,810.073,584.712,13.048,47.349,0
2417,40.32362,driven,674.851,484.540,807.028,561.601,4.443,59.757,0
2418,40.3403,driven,652.712,484.654,794.716,541.609,-3.855,68.145,0
2419,40.35698,driven,631.164,481.651,777.959,524.781,-12.010,73.627,0
2420,40.37367,driven,608.815,475.084,757.528,511.049,-20.741,76.405,0
2421,40.39035,driven,588.054,465.387,736.831,501.085,-29.330,76.507,0
2422,40.40703,driven,569.504,453.110,716.810,494.463,-37.668,74.319,0
2423,40.42372,driven,553.779,439.143,696.515,494.239,-45.550,68.894,0
2424,40.4404,driven,541.885,425.489,678.498,494.379,-52.335,63.240,0
2425,40.45708,driven,533.293,413.148,660.273,498.500,-57.969,56.092,0
2426,40.47377,driven,527.608,403.261,641.362,505.580,-62.241,48.029,0
2427,40.49045,driven,527.608,403.261,626.820,519.735,-62.241,40.424,0
2428,40.50713,driven,527.608,403.261,610.101,532.117,-62.241,32.627,0
2429,40.52382,driven,528.701,405.300,591.740,544.710,-61.374,24.332,0
2430,40.5405,driven,533.703,413.800,574.564,561.243,-57.681,15.490,0
2431,40.55718,driven,542.799,426.661,556.078,579.083,-51.779,4.979,0
2432,40.57387,driven,556.206,441.563,533.998,592.942,-44.267,-8.346,0
2433,40.59055,driven,574.519,456.820,508.627,594.904,-35.332,-25.510,0
2434,40.60723,driven,599.394,471.152,499.510,587.049,-24.565,-40.756,0
2435,40.62392,driven,620.754,479.052,496.238,567.962,-16.029,-54.471,0
2436,40.6406,driven,642.778,483.658,501.068,541.339,-7.595,-67.852,0
2437,40.65728,driven,663.050,485.000,514.225,520.495,0.019,-76.585,0
2438,40.67397,driven,685.536,483.331,533.627,501.570,8.470,-83.154,0
2439,40.69065,driven,708.174,478.179,555.407,486.627,17.173,-86.835,0
2440,40.70733,driven,728.521,470.260,575.617,475.678,25.356,-87.971,0
2441,40.72402,driven,748.699,458.746,596.014,468.563,34.064,-86.321,0
2442,40.7407,driven,765.742,445.371,614.501,468.501,42.184,-81.305,0
2443,40.75738,driven,780.565,429.916,632.495,468.440,50.210,-75.416,0
2444,40.77407,driven,791.507,415.035,649.234,471.313,57.131,-68.418,0
2445,40.79075,driven,798.506,403.043,665.243,478.210,62.333,-60.575,0
2446,40.80743,driven,803.151,393.374,681.871,486.649,66.351,-52.437,0
2447,40.82412,driven,803.151,393.374,694.353,500.948,66.351,-45.324,0
2448,40.8408,driven,803.151,393.374,709.906,514.677,66.351,-37.549,0
2449,40.85748,driven,802.489,394.864,725.919,527.326,65.740,-30.030,0
2450,40.87417,driven,798.072,403.866,740.205,545.500,61.985,-22.223,0
2451,40.89085,driven,791.939,414.363,756.208,563.132,57.431,-13.505,0
2452,40.90753,driven,782.608,427.409,773.012,580.108,51.421,-3.596,0
2453,40.92422,driven,767.708,443.559,795.182,594.072,43.186,10.345,0
2454,40.9409,driven,744.822,461.283,820.286,594.378,32.329,29.553,0
2455,40.95758,driven,720.012,473.981,821.444,588.526,21.878,41.526,0
2456,40.97427,driven,697.074,481.157,823.385,567.498,12.868,55.645,0
2457,40.99095,driven,675.874,484.457,817.540,542.249,4.827,67.807,0
2458,41.00763,driven,654.383,484.757,802.583,522.783,-3.229,75.609,0
2459,41.02432,driven,632.716,481.973,783.665,506.942,-11.416,80.607,0
2460,41.041,driven,610.442,475.690,762.233,494.889,-20.091,82.791,0
2461,41.05768,driven,589.915,466.416,741.639,486.131,-28.534,82.596,0
2462,41.07437,driven,570.715,454.035,720.523,485.125,-37.097,78.276,0
2463,41.09105,driven,554.723,440.098,700.977,485.029,-45.047,72.922,0
2464,41.10773,driven,542.377,426.123,683.493,485.243,-52.035,67.269,0
2465,41.12442,driven,533.551,413.559,665.323,491.309,-57.787,59.458,0
2466,41.1411,driven,528.101,404.188,647.045,500.424,-61.847,51.024,0
2467,41.15778,driven,528.101,404.188,633.734,514.871,-61.847,43.663,0
2468,41.17447,driven,528.101,404.188,617.413,528.415,-61.847,35.714,0
2469,41.19115,driven,530.321,408.193,601.155,543.809,-60.133,27.579,0
2470,41.20783,driven,535.464,416.519,584.396,561.483,-56.467,18.652,0
2471,41.22452,driven,544.660,428.977,567.128,580.319,-50.666,8.444,0
2472,41.2412,driven,558.483,443.737,546.385,596.258,-43.088,-4.535,0
2473,41.25788,driven,577.067,458.588,521.523,601.150,-34.170,-21.287,0
2474,41.27457,driven,602.392,472.483,507.779,592.723,-23.337,-38.198,0
2475,41.29125,driven,625.079,480.226,504.390,574.264,-14.350,-52.075,0
2476,41.30793,driven,646.719,484.131,507.794,548.233,-6.109,-65.231,0
2477,41.32462,driven,666.429,484.962,519.350,527.112,1.284,-74.008,0
2478,41.3413,driven,689.620,482.666,538.458,506.307,10.020,-81.112,0
2479,41.35798,driven,710.805,477.340,558.359,490.351,18.207,-85.122,0
2480,41.37467,driven,732.621,468.242,579.974,478.631,27.067,-86.107,0
2481,41.39135,driven,752.258,456.266,599.850,469.713,35.689,-84.958,0
2482,41.40803,driven,769.022,442.310,618.141,467.684,43.865,-80.454,0
2483,41.42472,driven,783.142,426.736,635.675,467.511,51.743,-74.544,0
2484,41.4414,driven,793.317,412.166,650.767,467.740,58.402,-68.701,0
2485,41.45808,driven,800.400,399.308,666.122,472.645,63.901,-61.358,0
2486,41.47477,driven,804.509,390.173,680.896,480.333,67.653,-53.894,0
2487,41.49145,driven,804.509,390.173,691.166,492.947,67.653,-47.800,0
2488,41.50813,driven,804.509,390.173,703.971,505.504,67.653,-41.080,0
2489,41.52482,driven,803.238,393.175,716.065,518.913,66.432,-34.733,0
2490,41.5415,driven,799.204,401.695,726.916,536.541,62.901,-28.195,0
2491,41.55818,driven,793.125,412.477,738.546,555.412,58.265,-20.899,0
2492,41.57487,driven,784.127,425.474,752.220,575.110,52.342,-12.037,0
2493,41.59155,driven,771.477,439.897,768.395,592.866,45.154,-1.154,0
2494,41.60823,driven,749.143,458.445,790.858,605.649,34.265,15.822,0
2495,41.62492,driven,723.691,472.448,808.523,599.776,23.370,33.673,0
2496,41.6416,driven,697.535,481.052,806.937,588.010,13.045,45.647,0
2497,41.65828,driven,674.472,484.569,804.879,564.587,4.300,58.467,0
2498,41.67497,driven,652.401,484.632,793.607,543.539,-3.972,67.356,0
2499,41.69165,driven,631.897,481.805,778.294,526.270,-11.729,73.105,0
2500,41.70833,driven,610.106,475.566,758.792,511.642,-20.225,76.362,0
2501,41.72502,driven,588.657,465.724,737.678,500.390,-29.072,76.904,0
2502,41.7417,driven,569.616,453.196,717.125,493.818,-37.615,74.603,0
2503,41.75838,driven,553.678,439.041,696.704,493.380,-45.604,69.197,0
2504,41.77507,driven,541.650,425.184,678.571,493.461,-52.480,63.496,0
2505,41.79175,driven,532.989,412.660,661.291,496.013,-58.184,56.990,0
2506,41.80843,driven,527.418,402.897,643.372,502.714,-62.395,49.277,0
2507,41.82512,driven,527.418,402.897,630.402,516.048,-62.395,42.307,0
2508,41.8418,driven,527.418,402.897,614.492,528.703,-62.395,34.688,0
2509,41.85848,driven,528.719,405.332,598.009,541.742,-61.361,26.929,0
2510,41.87517,driven,533.578,413.602,582.856,558.449,-57.768,18.789,0
2511,41.89185,driven,541.583,425.097,565.932,576.147,-52.521,9.157,0
2512,41.90853,driven,554.232,439.604,546.858,592.426,-45.308,-2.762,0
2513,41.92522,driven,572.866,455.632,522.776,600.200,-36.094,-19.110,0
2514,41.9419,driven,596.112,469.604,506.639,593.716,-25.924,-35.788,0
2515,41.95858,driven,619.489,478.683,503.770,578.774,-16.522,-49.142,0
2516,41.97527,driven,641.425,483.471,505.773,554.235,-8.107,-62.451,0
2517,41.99195,driven,661.740,484.995,516.258,532.363,-0.472,-71.965,0
2518,42.00863,driven,683.922,483.563,533.824,513.224,7.859,-78.822,0
2519,42.02532,driven,706.904,478.566,555.039,497.171,16.676,-83.015,0
2520,42.042,driven,728.161,470.431,575.747,483.802,25.207,-84.986,0
2521,42.05868,driven,748.061,459.176,596.018,476.265,33.776,-83.587,0
2522,42.07537,driven,766.200,444.954,616.409,476.124,42.416,-78.245,0
2523,42.09205,driven,780.254,430.288,634.211,475.901,50.029,-72.655,0
2524,42.10873,driven,790.636,416.368,649.947,476.498,56.535,-66.858,0
2525,42.12542,driven,797.782,404.408,666.357,482.744,61.754,-59.203,0
2526,42.1421,driven,802.433,394.987,682.576,490.083,65.690,-51.571,0
2527,42.15878,driven,802.433,394.987,694.826,503.751,65.690,-44.694,0
2528,42.17547,driven,802.433,394.987,709.627,516.625,65.690,-37.342,0
2529,42.19215,driven,799.891,400.335,722.710,532.441,63.472,-30.295,0
2530,42.20883,driven,794.968,409.417,735.037,550.191,59.603,-23.061,0
2531,42.22552,driven,787.560,420.847,749.372,569.005,54.500,-14.454,0
2532,42.2422,driven,776.711,434.366,766.206,587.005,48.006,-3.937,0
2533,42.25888,driven,760.363,450.023,788.002,600.506,39.521,10.407,0
2534,42.27557,driven,737.413,465.685,811.562,599.517,29.102,28.988,0
2535,42.29225,driven,711.557,477.090,811.220,593.177,18.504,40.647,0
2536,42.30893,driven,689.072,482.762,813.359,571.991,9.811,54.324,0
2537,42.32562,driven,666.579,484.958,807.070,545.548,1.340,66.671,0
2538,42.3423,driven,645.247,483.967,792.437,525.729,-6.663,74.159,0
2539,42.35898,driven,623.404,479.787,773.440,509.754,-14.999,78.705,0
2540,42.37567,driven,601.552,472.119,752.496,497.122,-23.679,80.595,0
2541,42.39235,driven,581.468,461.466,732.142,488.041,-32.201,79.997,0
2542,42.40903,driven,563.575,448.291,712.102,485.016,-40.529,76.112,0
2543,42.42572,driven,548.706,433.714,692.906,484.853,-48.333,70.474,0
2544,42.4424,driven,537.643,419.719,675.959,485.123,-55.018,64.693,0
2545,42.45908,driven,529.745,407.180,658.236,490.241,-60.569,57.120,0
2546,42.47577,driven,524.886,397.829,640.255,498.322,-64.516,48.942,0
2547,42.49245,driven,524.886,397.829,626.966,511.797,-64.516,41.851,0
2548,42.50913,driven,524.886,397.829,612.076,523.554,-64.516,34.741,0
2549,42.52582,driven,528.155,404.290,598.000,540.418,-61.804,27.162,0
2550,42.5425,driven,533.439,413.381,583.078,558.105,-57.866,18.932,0
2551,42.55918,driven,542.664,426.489,567.717,577.424,-51.861,9.425,0
2552,42.57587,driven,556.969,442.301,548.789,595.083,-43.869,-3.065,0
2553,42.59255,driven,575.963,457.831,525.290,602.197,-34.671,-19.341,0
2554,42.60923,driven,600.926,471.842,510.563,595.307,-23.936,-36.200,0
2555,42.62592,driven,623.903,479.920,507.251,578.922,-14.805,-49.679,0
2556,42.6426,driven,646.935,484.154,510.603,553.599,-6.027,-63.006,0
2557,42.65928,driven,667.600,484.931,522.414,533.200,1.723,-71.610,0
2558,42.67597,driven,690.064,482.587,540.196,513.383,10.189,-78.388,0
2559,42.69265,driven,712.613,476.733,561.121,498.165,18.921,-81.947,0
2560,42.70933,driven,733.973,467.543,582.153,486.505,27.638,-82.881,0
2561,42.72602,driven,754.369,454.722,603.135,477.902,36.669,-81.286,0
2562,42.7427,driven,770.791,440.582,622.365,477.713,44.791,-75.955,0
2563,42.75938,driven,784.073,425.543,640.238,477.702,52.310,-70.068,0
2564,42.77607,driven,794.059,410.946,657.542,480.026,58.937,-63.160,0
2565,42.79275,driven,800.609,398.879,675.180,486.495,64.080,-55.064,0
2566,42.80943,driven,804.682,389.752,692.609,493.909,67.823,-47.097,0
2567,42.82612,driven,804.682,389.752,706.727,507.284,67.823,-39.809,0
2568,42.8428,driven,804.682,389.752,722.962,519.100,67.823,-32.284,0
2569,42.85948,driven,801.581,396.841,736.590,535.352,64.925,-25.136,0
2570,42.87617,driven,796.536,406.680,751.932,553.034,60.784,-16.950,0
2571,42.89285,driven,788.926,418.900,768.475,570.527,55.391,-7.682,0
2572,42.90953,driven,778.409,432.448,787.143,585.199,48.965,3.272,0
2573,42.92622,driven,759.412,450.801,811.623,594.617,39.061,19.953,0
2574,42.9429,driven,735.899,466.517,828.761,588.113,28.455,37.369,0
2575,42.95958,driven,712.047,476.926,830.056,574.306,18.697,50.471,0
2576,42.97627,driven,690.140,482.574,826.992,550.989,10.218,63.438,0
2577,42.99295,driven,668.170,484.913,814.406,529.901,1.936,72.900,0
2578,43.00963,driven,646.143,484.069,796.460,512.594,-6.326,79.255,0
2579,43.02632,driven,624.054,479.960,775.802,499.489,-14.747,82.667,0
2580,43.043,driven,602.813,472.665,754.990,488.512,-23.165,84.055,0
2581,43.05968,driven,581.781,461.663,733.228,483.405,-32.063,81.830,0
2582,43.07637,driven,563.041,447.833,711.871,483.312,-40.793,76.592,0
2583,43.09305,driven,547.977,432.890,692.394,483.413,-48.745,70.718,0
2584,43.10973,driven,536.790,418.487,672.333,489.460,-55.578,62.363,0
2585,43.12642,driven,529.436,406.631,652.527,497.502,-60.805,53.564,0
2586,43.1431,driven,524.799,397.646,631.275,507.518,-64.592,44.101,0
2587,43.15978,driven,524.799,397.646,614.471,521.613,-64.592,35.880,0
2588,43.17647,driven,524.799,397.646,593.101,534.554,-64.592,26.514,0
2589,43.19315,driven,527.999,403.999,573.322,550.132,-61.928,17.231,0
2590,43.20983,driven,534.270,414.690,552.321,566.621,-57.285,6.775,0
2591,43.22652,driven,544.973,429.358,529.533,581.577,-50.481,-5.792,0
2592,43.2432,driven,560.847,445.902,502.148,587.195,-41.887,-22.560,0
2593,43.25988,driven,582.166,461.903,484.249,579.467,-31.892,-39.791,0
2594,43.27657,driven,603.949,473.145,479.499,562.146,-22.703,-54.429,0
2595,43.29325,driven,624.608,480.105,481.994,535.515,-14.533,-68.767,0
2596,43.30993,driven,646.276,484.083,495.799,511.755,-6.276,-79.580,0
2597,43.32662,driven,667.454,484.935,514.604,491.704,1.668,-87.464,0
2598,43.3433,driven,689.784,482.637,536.886,477.037,10.082,-92.098,0
2599,43.35998,driven,710.501,477.440,558.081,464.129,18.087,-94.991,0
2600,43.37667,driven,733.325,467.880,580.846,455.266,27.364,-94.729,0
2601,43.39335,driven,752.900,455.802,599.936,452.463,35.985,-91.251,0
2602,43.41003,driven,770.581,440.790,618.026,452.450,44.680,-85.629,0
2603,43.42672,driven,784.777,424.624,634.331,452.464,52.743,-79.516,0
2604,43.4434,driven,795.040,409.294,650.283,458.836,59.656,-71.107,0
2605,43.46008,driven,801.490,397.035,665.478,467.105,64.845,-62.743,0
2606,43.47677,driven,805.690,387.215,681.328,476.339,68.846,-54.373,0
2607,43.49345,driven,805.690,387.215,693.339,491.072,68.846,-47.250,0
2608,43.51013,driven,805.690,387.215,707.951,504.928,68.846,-39.703,0
2609,43.52682,driven,803.740,392.010,721.132,520.792,66.907,-32.678,0
2610,43.5435,driven,799.686,400.746,733.973,538.916,63.300,-25.435,0
2611,43.56018,driven,793.037,412.619,747.376,558.647,58.202,-17.364,0
2612,43.57687,driven,783.137,426.742,763.371,578.460,51.740,-7.423,0
2613,43.59355,driven,769.023,442.309,781.983,594.759,43.865,4.859,0
2614,43.61023,driven,745.755,460.688,806.772,600.995,32.744,23.503,0
2615,43.62692,driven,719.105,474.342,812.257,595.716,21.512,37.505,0
2616,43.6436,driven,694.794,481.660,815.114,576.170,11.994,51.851,0
2617,43.66028,driven,670.805,484.801,809.682,549.005,2.924,65.189,0
2618,43.67697,driven,648.799,484.340,795.173,528.879,-5.326,73.076,0
2619,43.69365,driven,627.419,480.805,777.192,512.064,-13.447,78.211,0
2620,43.71033,driven,605.140,473.638,755.980,499.254,-22.220,80.362,0
2621,43.72702,driven,583.527,462.741,734.238,489.112,-31.294,80.075,0
2622,43.7437,driven,564.944,449.448,713.847,484.620,-39.858,76.710,0
2623,43.76038,driven,549.573,434.680,694.252,484.448,-47.847,71.018,0
2624,43.77707,driven,537.958,420.168,676.717,484.627,-54.812,65.083,0
2625,43.79375,driven,530.013,407.654,658.867,490.151,-60.365,57.371,0
2626,43.81043,driven,524.976,398.017,641.101,497.636,-64.438,49.375,0
2627,43.82712,driven,524.976,398.017,628.072,511.066,-64.438,42.364,0
2628,43.8438,driven,524.976,398.017,612.265,523.673,-64.438,34.787,0
2629,43.86048,driven,527.608,403.260,597.648,539.288,-62.241,27.244,0
2630,43.87717,driven,532.589,412.013,582.668,556.585,-58.469,19.106,0
2631,43.89385,driven,540.697,423.930,566.384,574.758,-53.069,9.665,0
2632,43.91053,driven,553.940,439.307,546.905,592.146,-45.464,-2.635,0
2633,43.92722,driven,572.224,455.162,523.605,600.231,-36.392,-18.528,0
2634,43.9439,driven,596.095,469.596,507.198,594.121,-25.931,-35.523,0
2635,43.96058,driven,620.353,478.936,504.801,579.218,-16.185,-49.047,0
2636,43.97727,driven,642.930,483.678,507.342,554.564,-7.538,-62.399,0
2637,43.99395,driven,663.202,485.000,518.038,533.338,0.076,-71.583,0
2638,44.01063,driven,685.676,483.310,535.656,513.363,8.523,-78.672,0
2639,44.02732,driven,708.610,478.044,557.017,498.742,17.344,-82.225,0
2640,44.044,driven,729.530,469.778,577.321,485.309,25.775,-84.174,0
2641,44.06068,driven,750.381,457.593,598.690,477.568,34.828,-82.498,0
2642,44.07737,driven,767.831,443.443,618.644,477.390,43.249,-77.181,0
2643,44.09405,driven,781.466,428.824,636.328,477.240,50.740,-71.552,0
2644,44.11073,driven,791.449,415.126,652.288,478.712,57.091,-65.443,0
2645,44.12742,driven,798.609,402.845,669.723,485.291,62.416,-57.394,0
2646,44.1441,driven,802.775,394.224,686.359,493.503,66.003,-49.543,0
2647,44.16078,driven,802.775,394.224,699.088,506.732,66.003,-42.664,0
2648,44.17747,driven,802.775,394.224,714.448,519.153,66.003,-35.261,0
2649,44.19415,driven,799.821,400.476,727.688,535.405,63.413,-28.129,0
2650,44.21083,driven,795.021,409.327,741.948,552.827,59.642,-20.297,0
2651,44.22752,driven,787.371,421.111,757.336,571.134,54.379,-11.321,0
2652,44.2442,driven,776.848,434.214,775.448,587.208,48.082,-0.524,0
2653,44.26088,driven,758.937,451.185,798.861,598.884,38.832,15.126,0
2654,44.27757,driven,735.559,466.701,819.439,594.658,28.310,33.246,0
2655,44.29425,driven,710.115,477.565,819.042,585.007,17.935,45.393,0
2656,44.31093,driven,687.804,482.976,819.250,561.277,9.330,59.218,0
2657,44.32762,driven,665.576,484.978,809.259,537.555,0.965,69.901,0
2658,44.3443,driven,644.207,483.841,793.124,518.953,-7.055,76.733,0
2659,44.36098,driven,622.069,479.423,773.194,503.304,-15.517,81.021,0
2660,44.37767,driven,600.945,471.851,752.578,492.257,-23.928,82.335,0
2661,44.39435,driven,580.382,460.776,731.619,483.935,-32.683,81.294,0
2662,44.41103,driven,562.294,447.184,710.866,483.725,-41.164,76.182,0
2663,44.42772,driven,547.707,432.581,691.956,483.581,-48.899,70.529,0
2664,44.4444,driven,537.060,418.880,675.403,484.226,-55.400,64.716,0
2665,44.46108,driven,529.340,406.459,657.448,490.109,-60.879,56.857,0
2666,44.47777,driven,524.663,397.359,639.301,498.686,-64.711,48.527,0
2667,44.49445,driven,524.663,397.359,625.508,512.420,-64.711,41.233,0
2668,44.51113,driven,524.663,397.359,608.996,525.019,-64.711,33.449,0
2669,44.52782,driven,527.682,403.400,593.673,541.437,-62.182,25.551,0
2670,44.5445,driven,533.165,412.943,577.666,559.328,-58.059,16.909,0
2671,44.56118,driven,541.636,425.165,560.663,576.978,-52.488,7.144,0
2672,44.57787,driven,555.811,441.176,540.262,593.384,-44.474,-5.833,0
2673,44.59455,driven,574.348,456.699,515.510,597.933,-35.410,-22.616,0
2674,44.61123,driven,599.811,471.342,504.252,590.830,-24.393,-38.651,0
2675,44.62792,driven,622.796,479.623,501.027,572.259,-15.235,-52.738,0
2676,44.6446,driven,645.467,483.992,505.387,545.527,-6.580,-66.285,0
2677,44.66128,driven,665.678,484.977,518.137,525.483,1.003,-74.648,0
2678,44.67797,driven,688.234,482.905,536.987,505.999,9.493,-81.318,0
2679,44.69465,driven,710.971,477.285,558.667,491.860,18.272,-84.534,0
2680,44.71133,driven,732.502,468.303,579.958,480.109,27.017,-85.575,0
2681,44.72802,driven,752.580,456.034,600.464,472.452,35.838,-83.840,0
2682,44.7447,driven,769.853,441.505,620.000,472.377,44.298,-78.359,0
2683,44.76138,driven,783.489,426.294,637.559,472.264,51.954,-72.515,0
2684,44.77807,driven,793.318,412.164,653.863,475.104,58.403,-65.709,0
2685,44.79475,driven,799.982,400.153,670.657,481.908,63.548,-57.700,0
2686,44.81143,driven,804.111,391.133,687.633,490.340,67.264,-49.578,0
2687,44.82812,driven,804.111,391.133,700.244,503.476,67.264,-42.755,0
2688,44.8448,driven,804.111,391.133,715.924,516.162,67.264,-35.197,0
2689,44.86148,driven,800.938,398.197,728.410,532.914,64.364,-28.297,0
2690,44.87817,driven,796.073,407.503,742.039,550.644,60.430,-20.681,0
2691,44.89485,driven,788.325,419.765,757.397,569.606,54.997,-11.662,0
2692,44.91153,driven,778.318,432.553,774.884,585.514,48.913,-1.286,0
2693,44.92822,driven,760.238,450.126,798.237,598.332,39.460,14.381,0
2694,44.9449,driven,736.336,466.279,820.298,594.182,28.641,33.283,0
2695,44.96158,driven,711.008,477.273,818.969,585.686,18.287,44.880,0
2696,44.97827,driven,688.125,482.923,818.987,562.195,9.452,58.794,0
2697,44.99495,driven,665.517,484.979,809.114,537.790,0.943,69.808,0
2698,45.01163,driven,643.636,483.770,792.644,518.490,-7.271,76.884,0
2699,45.02832,driven,620.528,478.987,771.609,503.140,-16.117,80.917,0
2700,45.045,driven,599.124,471.028,750.842,490.791,-24.676,82.579,0
2701,45.06168,driven,578.950,459.846,730.126,483.402,-33.322,81.143,0
2702,45.07837,driven,560.652,445.727,708.985,483.230,-41.985,75.811,0
2703,45.09505,driven,545.730,430.269,689.335,483.057,-50.038,69.817,0
2704,45.11173,driven,535.359,416.361,672.644,483.902,-56.538,63.804,0
2705,45.12842,driven,527.850,403.717,653.906,490.427,-62.048,55.477,0
2706,45.1451,driven,523.450,394.729,634.916,499.536,-65.796,46.763,0
2707,45.16178,driven,523.450,394.729,620.697,512.848,-65.796,39.464,0
2708,45.17847,driven,523.450,394.729,603.855,524.898,-65.796,31.703,0
2709,45.19515,driven,526.505,401.124,587.591,541.401,-63.141,23.531,0
2710,45.21183,driven,532.048,411.124,570.849,559.122,-58.859,14.691,0
2711,45.22852,driven,540.997,424.327,552.917,576.862,-52.883,4.468,0
2712,45.2452,driven,554.713,440.087,530.612,591.177,-45.053,-9.063,0
2713,45.26188,driven,574.593,456.873,505.272,593.268,-35.298,-26.941,0
2714,45.27857,driven,599.497,471.199,498.729,586.329,-24.522,-41.194,0
2715,45.29525,driven,621.443,479.248,495.469,566.079,-15.760,-55.422,0
2716,45.31193,driven,643.606,483.766,501.256,539.850,-7.282,-68.496,0
2717,45.32862,driven,664.526,484.992,515.598,520.052,0.572,-76.753,0
2718,45.3453,driven,686.988,483.108,535.086,501.403,9.020,-83.133,0
2719,45.36198,driven,709.810,477.663,557.136,487.653,17.815,-86.256,0
2720,45.37867,driven,731.538,468.790,578.813,477.968,26.613,-86.561,0
2721,45.39535,driven,752.075,456.397,599.813,471.413,35.605,-84.368,0
2722,45.41203,driven,769.082,442.253,618.873,471.345,43.896,-79.038,0
2723,45.42872,driven,782.719,427.269,636.228,471.419,51.488,-73.228,0
2724,45.4454,driven,792.958,412.746,654.014,476.806,58.146,-65.248,0
2725,45.46208,driven,799.872,400.374,672.007,484.395,63.456,-56.691,0
2726,45.47877,driven,803.029,393.652,687.870,494.387,66.237,-48.822,0
2727,45.49545,driven,803.029,393.652,702.284,508.802,66.237,-41.183,0
2728,45.51213,driven,803.029,393.652,718.983,521.501,66.237,-33.320,0
2729,45.52882,driven,799.575,400.966,732.630,538.542,63.208,-25.948,0
2730,45.5455,driven,794.591,410.057,748.649,555.997,59.324,-17.474,0
2731,45.56218,driven,786.731,421.998,765.852,573.566,53.969,-7.843,0
2732,45.57887,driven,774.929,436.311,784.949,588.983,47.018,3.755,0
2733,45.59555,driven,755.133,454.150,810.056,596.952,37.026,21.037,0
2734,45.61223,driven,730.609,469.252,824.530,590.032,26.224,37.870,0
2735,45.62892,driven,707.428,478.408,827.291,573.496,16.881,51.575,0
2736,45.6456,driven,685.056,483.402,823.715,548.077,8.289,64.994,0
2737,45.66228,driven,663.399,484.999,810.432,527.313,0.150,73.945,0
2738,45.67897,driven,641.704,483.511,792.395,509.992,-8.001,80.033,0
2739,45.69565,driven,618.817,478.482,770.963,494.628,-16.785,83.942,0
2740,45.71233,driven,597.716,470.373,750.019,484.967,-25.258,84.526,0
2741,45.72902,driven,577.631,458.969,729.391,478.414,-33.915,82.698,0
2742,45.7457,driven,558.939,444.162,708.083,478.296,-42.854,77.109,0
2743,45.76238,driven,544.851,429.211,689.782,478.244,-50.553,71.308,0
2744,45.77907,driven,534.689,415.339,672.733,481.316,-56.996,64.455,0
2745,45.79575,driven,527.544,403.139,654.174,489.009,-62.292,55.858,0
2746,45.81243,driven,524.652,397.335,637.553,500.594,-64.721,47.554,0
2747,45.82912,driven,524.652,397.335,623.506,514.112,-64.721,40.249,0
2748,45.8458,driven,524.652,397.335,606.360,526.691,-64.721,32.279,0
2749,45.86248,driven,528.394,404.734,591.147,544.273,-61.615,24.214,0
2750,45.87917,driven,534.317,414.763,575.507,562.114,-57.253,15.618,0
2751,45.89585,driven,544.046,428.223,557.838,580.600,-51.030,5.172,0
2752,45.91253,driven,558.897,444.123,535.491,595.322,-42.876,-8.800,0
2753,45.92922,driven,580.298,460.722,509.810,596.518,-32.720,-27.433,0
2754,45.9459,driven,607.369,474.528,505.756,588.912,-21.322,-41.616,0
2755,45.96258,driven,628.796,481.128,503.176,568.470,-12.918,-55.190,0
2756,45.97927,driven,650.211,484.465,508.592,542.369,-4.795,-67.762,0
2757,45.99595,driven,671.235,484.778,522.936,522.414,3.085,-75.760,0
2758,46.01263,driven,694.151,481.795,542.708,503.567,11.748,-81.819,0
2759,46.02932,driven,716.226,475.443,563.925,490.057,20.358,-84.519,0
2760,46.046,driven,737.888,465.420,585.455,478.583,29.305,-85.064,0
2761,46.06268,driven,757.229,452.540,605.526,472.417,38.016,-82.535,0
2762,46.07937,driven,774.387,436.890,625.544,472.314,46.721,-76.613,0
2763,46.09605,driven,787.123,421.456,642.860,472.418,54.220,-70.544,0
2764,46.11273,driven,796.049,407.545,660.038,477.617,60.412,-62.743,0
2765,46.12942,driven,802.227,395.441,677.978,484.722,65.503,-54.300,0
2766,46.1461,driven,804.313,390.648,693.124,495.747,67.461,-46.613,0
2767,46.16278,driven,804.313,390.648,707.699,509.285,67.461,-39.158,0
2768,46.17947,driven,804.313,390.648,724.111,520.942,67.461,-31.614,0
2769,46.19615,driven,800.811,398.461,738.199,538.063,64.254,-24.156,0
2770,46.21283,driven,795.758,408.055,753.647,555.146,60.192,-15.976,0
2771,46.22952,driven,787.111,421.474,769.765,573.487,54.211,-6.510,0
2772,46.2462,driven,775.088,436.141,789.152,588.493,47.105,5.274,0
2773,46.26288,driven,754.479,454.640,813.884,595.637,36.720,22.847,0
2774,46.27957,driven,729.994,469.553,824.280,590.048,25.968,38.043,0
2775,46.29625,driven,706.614,478.652,827.631,572.267,16.562,52.276,0
2776,46.31293,driven,683.410,483.633,822.924,546.439,7.666,65.764,0
2777,46.32962,driven,661.282,484.990,808.560,526.440,-0.643,74.281,0
2778,46.3463,driven,639.446,483.176,790.170,509.464,-8.856,80.106,0
2779,46.36298,driven,616.420,477.737,768.376,495.581,-17.725,83.303,0
2780,46.37967,driven,594.628,468.873,746.684,485.846,-26.543,83.631,0
2781,46.39635,driven,574.200,456.594,725.022,482.317,-35.478,80.321,0
2782,46.41303,driven,556.569,441.916,704.190,482.127,-44.077,74.762,0
2783,46.42972,driven,543.166,427.125,685.853,482.345,-51.557,68.843,0
2784,46.4464,driven,532.905,412.526,666.047,487.908,-58.243,60.482,0
2785,46.46308,driven,526.480,401.074,646.365,496.135,-63.162,51.588,0
2786,46.47977,driven,523.992,395.920,628.262,507.889,-65.305,42.961,0
2787,46.49645,driven,523.992,395.920,610.267,522.275,-65.305,34.325,0
2788,46.51313,driven,523.992,395.920,589.729,534.079,-65.305,25.445,0
2789,46.52982,driven,527.751,403.532,571.116,550.258,-62.126,16.465,0
2790,46.5465,driven,534.197,414.576,550.723,566.681,-57.336,6.201,0
2791,46.56318,driven,544.950,429.330,528.582,581.452,-50.495,-6.141,0
2792,46.57987,driven,561.072,446.104,502.461,587.432,-41.774,-22.525,0
2793,46.59655,driven,582.789,462.289,485.583,580.441,-31.618,-39.445,0
2794,46.61323,driven,606.693,474.262,481.653,562.433,-21.593,-54.811,0
2795,46.62992,driven,628.573,481.076,485.820,536.129,-13.004,-68.911,0
2796,46.6466,driven,648.537,484.315,498.530,514.428,-5.424,-78.649,0
2797,46.66328,driven,671.036,484.789,518.355,494.660,3.011,-86.301,0
2798,46.67997,driven,694.008,481.825,541.022,479.825,11.693,-90.749,0
2799,46.69665,driven,716.667,475.279,563.850,467.801,20.534,-92.802,0
2800,46.71333,driven,737.834,465.450,584.930,460.052,29.282,-92.022,0
2801,46.73002,driven,757.974,451.954,605.188,460.043,38.371,-86.969,0
2802,46.7467,driven,774.967,436.271,623.809,459.945,47.038,-81.099,0
2803,46.76338,driven,787.368,421.115,639.437,460.171,54.377,-75.211,0
2804,46.78007,driven,796.925,405.980,656.864,467.556,61.084,-66.268,0
2805,46.79675,driven,802.870,394.012,674.175,476.756,66.090,-57.261,0
2806,46.81343,driven,805.133,388.633,689.369,488.673,68.275,-49.167,0
2807,46.83012,driven,805.133,388.633,703.997,503.440,68.275,-41.377,0
2808,46.8468,driven,805.133,388.633,721.109,516.497,68.275,-33.310,0
2809,46.86348,driven,801.530,396.949,734.597,534.531,64.881,-25.943,0
2810,46.88017,driven,796.543,406.667,750.067,552.437,60.790,-17.684,0
2811,46.89685,driven,788.136,420.035,766.462,571.492,54.873,-8.144,0
2812,46.91353,driven,776.368,434.746,785.702,587.461,47.814,3.498,0
2813,46.93022,driven,755.858,453.599,810.815,596.388,37.367,21.051,0
2814,46.9469,driven,730.730,469.192,824.486,590.101,26.275,37.791,0
2815,46.96358,driven,706.843,478.584,826.473,573.965,16.652,51.434,0
2816,46.98027,driven,684.193,483.525,822.452,549.048,7.962,64.643,0
2817,46.99695,driven,662.174,484.998,808.935,528.243,-0.309,73.582,0
2818,47.01363,driven,640.915,483.398,791.410,510.971,-8.300,79.618,0
2819,47.03032,driven,617.491,478.075,769.265,497.400,-17.304,82.744,0
2820,47.047,driven,595.790,469.447,747.820,486.641,-26.058,83.548,0
2821,47.06368,driven,575.821,457.733,726.887,481.984,-34.736,80.880,0
2822,47.08037,driven,557.819,443.113,705.824,481.891,-43.429,75.318,0
2823,47.09705,driven,544.093,428.281,687.349,482.011,-51.002,69.441,0
2824,47.11373,driven,533.798,413.950,668.466,486.569,-57.614,61.665,0
2825,47.13042,driven,527.169,402.420,649.264,494.626,-62.596,52.940,0
2826,47.1471,driven,524.830,397.712,631.982,506.925,-64.565,44.454,0
2827,47.16378,driven,524.830,397.712,615.668,520.828,-64.565,36.421,0
2828,47.18047,driven,524.830,397.712,596.835,532.709,-64.565,28.075,0
2829,47.19715,driven,528.978,405.804,579.497,550.223,-61.159,19.280,0
2830,47.21383,driven,535.791,417.011,561.079,567.907,-56.246,9.513,0
2831,47.23052,driven,546.405,431.069,540.993,583.973,-49.646,-2.027,0
2832,47.2472,driven,562.891,447.703,515.167,593.069,-40.867,-18.175,0
2833,47.26388,driven,585.605,463.981,495.312,587.497,-30.388,-36.168,0
2834,47.28057,driven,609.720,475.423,493.140,574.509,-20.379,-49.638,0
2835,47.29725,driven,631.545,481.732,494.106,548.959,-11.864,-63.935,0
2836,47.31393,driven,652.557,484.643,504.982,525.024,-3.914,-74.697,0
2837,47.33062,driven,673.616,484.631,522.061,505.608,3.979,-82.120,0
2838,47.3473,driven,697.061,481.160,544.275,489.253,12.863,-86.968,0
2839,47.36398,driven,718.910,474.419,565.920,476.211,21.434,-89.329,0
2840,47.38067,driven,739.629,464.428,586.690,468.774,30.056,-88.372,0
2841,47.39735,driven,758.977,451.153,606.870,467.661,38.851,-83.806,0
2842,47.41403,driven,775.321,435.889,625.635,467.560,47.233,-78.054,0
2843,47.43072,driven,788.299,419.802,642.991,467.703,54.980,-71.755,0
2844,47.4474,driven,797.281,405.333,660.332,473.554,61.360,-63.520,0
2845,47.46408,driven,802.953,393.823,677.436,481.314,66.167,-55.122,0
2846,47.48077,driven,804.957,389.072,692.701,493.032,68.098,-47.197,0
2847,47.49745,driven,804.957,389.072,707.847,507.304,68.098,-39.398,0
2848,47.51413,driven,804.957,389.072,724.682,519.322,68.098,-31.646,0
2849,47.53082,driven,801.254,397.535,738.276,536.972,64.638,-24.307,0
2850,47.5475,driven,795.426,408.631,753.896,555.887,59.943,-15.750,0
2851,47.56418,driven,786.987,421.645,770.510,573.755,54.132,-6.182,0
2852,47.58087,driven,773.698,437.617,790.072,589.738,46.346,6.143,0
2853,47.59755,driven,753.117,455.644,814.862,595.632,36.086,23.801,0
2854,47.61423,driven,726.746,471.088,823.600,589.529,24.623,39.274,0
2855,47.63092,driven,704.591,479.239,826.608,571.547,15.773,52.892,0
2856,47.6476,driven,681.807,483.840,821.711,545.775,7.061,66.121,0
2857,47.66428,driven,660.488,484.979,807.763,526.440,-0.941,74.277,0
2858,47.68097,driven,638.673,483.054,789.339,509.673,-9.149,79.980,0
2859,47.69765,driven,615.680,477.498,767.553,496.031,-18.016,83.043,0
2860,47.71433,driven,594.627,468.873,746.515,487.292,-26.544,83.086,0
2861,47.73102,driven,573.536,456.118,724.023,483.733,-35.784,79.601,0
2862,47.7477,driven,555.992,441.354,703.060,483.545,-44.379,73.993,0
2863,47.76438,driven,542.931,426.828,684.939,483.771,-51.699,68.150,0
2864,47.78107,driven,533.213,413.020,665.726,489.499,-58.026,60.009,0
2865,47.79775,driven,526.690,401.487,645.684,497.661,-62.989,51.054,0
2866,47.81443,driven,524.604,397.234,627.689,510.293,-64.763,42.358,0
2867,47.83112,driven,524.604,397.234,609.981,524.197,-64.763,33.919,0
2868,47.8478,driven,524.604,397.234,588.639,536.188,-64.763,24.742,0
2869,47.86448,driven,528.626,405.163,569.482,552.607,-61.433,15.488,0
2870,47.88117,driven,535.612,416.742,549.684,569.093,-56.367,5.277,0
2871,47.89785,driven,547.355,432.176,526.571,583.758,-49.100,-7.807,0
2872,47.91453,driven,563.947,448.608,500.083,587.642,-40.346,-24.671,0
2873,47.93122,driven,586.012,464.219,486.050,580.049,-30.211,-40.795,0
2874,47.9479,driven,609.011,475.158,482.366,561.008,-20.663,-55.867,0
2875,47.96458,driven,630.662,481.544,486.760,533.516,-12.202,-70.142,0
2876,47.98127,driven,651.121,484.538,500.631,512.139,-4.453,-79.607,0
2877,47.99795,driven,673.932,484.609,521.133,492.444,4.097,-87.065,0
2878,48.01463,driven,696.807,481.218,543.850,477.603,12.766,-91.354,0
2879,48.03132,driven,719.737,474.091,566.952,465.984,21.767,-93.038,0
2880,48.048,driven,740.314,464.029,587.455,457.462,30.352,-92.460,0
2881,48.06468,driven,759.801,450.484,606.960,457.457,39.249,-87.388,0
2882,48.08137,driven,776.863,434.197,625.636,457.421,48.091,-81.269,0
2883,48.09805,driven,789.715,417.745,642.395,459.043,55.915,-74.340,0
2884,48.11473,driven,798.422,403.203,659.105,466.447,62.265,-65.584,0
2885,48.13142,driven,804.143,391.057,676.174,474.919,67.295,-56.762,0
2886,48.1481,driven,806.293,385.630,691.368,486.631,69.481,-48.690,0
2887,48.16478,driven,806.293,385.630,705.987,501.163,69.481,-40.965,0
2888,48.18147,driven,806.293,385.630,722.740,513.802,69.481,-33.100,0
2889,48.19815,driven,803.149,393.377,736.826,531.255,66.349,-25.689,0
2890,48.21483,driven,797.734,404.497,751.059,550.204,61.716,-17.762,0
2891,48.23152,driven,789.925,417.434,767.445,568.774,56.055,-8.449,0
2892,48.2482,driven,777.804,433.138,786.474,585.893,48.621,3.248,0
2893,48.26488,driven,758.695,451.380,810.936,595.185,38.716,19.965,0
2894,48.28157,driven,733.992,467.533,826.602,589.321,27.645,37.250,0
2895,48.29825,driven,709.266,477.837,827.628,574.788,17.601,50.679,0
2896,48.31493,driven,686.212,483.229,823.996,549.747,8.726,64.230,0
2897,48.33162,driven,663.594,484.999,810.018,529.373,0.223,73.140,0
2898,48.3483,driven,641.474,483.478,791.872,511.579,-8.088,79.417,0
2899,48.36498,driven,618.071,478.255,769.752,498.307,-17.077,82.469,0
2900,48.38167,driven,595.770,469.437,747.694,487.543,-26.067,83.204,0
2901,48.39835,driven,575.496,457.507,726.339,483.107,-34.884,80.368,0
2902,48.41503,driven,558.218,443.489,706.036,482.972,-43.224,75.045,0
2903,48.43172,driven,544.255,428.482,687.162,483.131,-50.906,69.073,0
2904,48.4484,driven,533.776,413.916,667.764,487.783,-57.629,61.132,0
2905,48.46508,driven,527.124,402.333,648.543,495.426,-62.633,52.522,0
2906,48.48177,driven,524.501,397.015,630.626,507.226,-64.853,43.918,0
2907,48.49845,driven,524.501,397.015,613.649,521.360,-64.853,35.638,0
2908,48.51513,driven,524.501,397.015,594.452,533.088,-64.853,27.206,0
2909,48.53182,driven,528.528,404.982,576.341,550.319,-61.510,18.210,0
2910,48.5485,driven,535.633,416.774,557.530,568.199,-56.353,8.228,0
2911,48.56518,driven,546.426,431.094,536.149,583.748,-49.634,-3.852,0
2912,48.58187,driven,563.013,447.808,510.420,591.485,-40.807,-20.105,0
2913,48.59855,driven,584.949,463.594,492.176,585.258,-30.673,-37.327,0
2914,48.61523,driven,609.509,475.345,488.761,569.307,-20.464,-52.111,0
2915,48.63192,driven,630.521,481.513,490.956,544.207,-12.256,-65.810,0
2916,48.6486,driven,651.134,484.539,502.510,520.871,-4.448,-76.263,0
2917,48.66528,driven,674.531,484.565,522.310,499.982,4.322,-84.217,0
2918,48.68197,driven,697.253,481.116,544.286,484.267,12.937,-88.820,0
2919,48.69865,driven,719.660,474.122,566.672,472.145,21.736,-90.741,0
2920,48.71533,driven,740.751,463.772,587.753,464.602,30.542,-89.689,0
2921,48.73202,driven,760.467,449.937,608.049,463.262,39.572,-85.004,0
2922,48.7487,driven,776.987,434.059,626.776,463.141,48.160,-79.042,0
2923,48.76538,driven,789.165,418.552,642.852,463.288,55.549,-72.999,0
2924,48.78207,driven,798.021,403.961,659.975,469.934,61.944,-64.457,0
2925,48.79875,driven,803.988,391.424,677.589,477.634,67.145,-55.704,0
2926,48.81543,driven,806.150,386.009,692.478,488.418,69.329,-47.984,0
2927,48.83212,driven,806.150,386.009,707.487,502.947,69.329,-40.155,0
2928,48.8488,driven,806.150,386.009,724.641,515.490,69.329,-32.191,0
2929,48.86548,driven,802.922,393.894,738.193,532.528,66.138,-25.028,0
2930,48.88217,driven,797.841,404.298,753.623,550.769,61.801,-16.798,0
2931,48.89885,driven,789.871,417.515,770.128,569.236,56.019,-7.414,0
2932,48.91553,driven,778.165,432.728,789.127,585.334,48.826,4.109,0
2933,48.93222,driven,758.796,451.299,813.475,594.194,38.764,20.940,0
2934,48.9489,driven,734.370,467.334,827.918,588.404,27.805,37.692,0
2935,48.96558,driven,709.541,477.750,829.506,572.709,17.709,51.636,0
2936,48.98227,driven,687.308,483.057,825.546,548.625,9.142,64.624,0
2937,48.99895,driven,664.690,484.991,811.602,527.719,0.633,73.783,0
2938,49.01563,driven,643.068,483.696,793.623,510.936,-7.486,79.744,0
2939,49.03232,driven,620.067,478.853,771.895,497.749,-16.297,82.906,0
2940,49.049,driven,597.621,470.328,749.647,487.567,-25.297,83.531,0
2941,49.06568,driven,577.473,458.862,728.401,483.953,-33.987,80.561,0
2942,49.08237,driven,559.223,444.425,707.072,483.791,-42.709,75.090,0
2943,49.09905,driven,545.382,429.852,688.485,483.987,-50.241,69.279,0
2944,49.11573,driven,534.975,415.777,669.292,489.043,-56.800,61.389,0
2945,49.13242,driven,528.057,404.107,649.311,497.417,-61.882,52.420,0
2946,49.1491,driven,525.899,399.913,631.952,510.194,-63.648,43.881,0
2947,49.16578,driven,525.899,399.913,614.766,524.459,-63.648,35.509,0
2948,49.18247,driven,525.899,399.913,594.939,536.451,-63.648,26.824,0
2949,49.19915,driven,530.134,407.865,576.509,553.668,-60.274,17.644,0
2950,49.21583,driven,536.980,418.764,556.563,570.505,-55.453,7.354,0
2951,49.23252,driven,549.003,434.047,534.166,586.326,-48.166,-5.565,0
2952,49.2492,driven,564.772,449.304,508.397,591.539,-39.942,-21.621,0
2953,49.26588,driven,587.788,465.237,491.676,584.281,-29.445,-38.916,0
2954,49.28257,driven,610.124,475.573,487.417,566.962,-20.218,-53.322,0
2955,49.29925,driven,632.665,481.963,490.954,539.644,-11.436,-67.852,0
2956,49.31593,driven,652.741,484.656,503.219,517.093,-3.845,-77.760,0
2957,49.33262,driven,675.120,484.519,522.626,496.958,4.543,-85.337,0
2958,49.3493,driven,698.736,480.768,545.738,481.553,13.507,-89.706,0
2959,49.36598,driven,720.606,473.741,567.673,469.206,22.118,-91.699,0
2960,49.38267,driven,741.344,463.420,588.405,459.083,30.800,-91.624,0
2961,49.39935,driven,761.658,448.943,608.946,458.327,40.152,-86.484,0
2962,49.41603,driven,777.246,433.768,626.221,458.270,48.306,-80.785,0
2963,49.43272,driven,789.770,417.664,642.275,458.334,55.952,-74.585,0
2964,49.4494,driven,798.533,402.992,658.520,464.679,62.355,-66.222,0
2965,49.46608,driven,803.950,391.516,674.201,472.598,67.108,-57.998,0
2966,49.48277,driven,806.670,384.611,689.547,483.055,69.887,-49.952,0
2967,49.49945,driven,806.670,384.611,703.103,497.230,69.887,-42.603,0
2968,49.51613,driven,806.670,384.611,718.313,509.520,69.887,-35.275,0
2969,49.53282,driven,803.673,392.168,731.150,526.888,66.843,-28.295,0
2970,49.5495,driven,798.745,402.586,744.725,545.732,62.526,-20.675,0
2971,49.56618,driven,791.695,414.744,759.721,564.365,57.261,-12.063,0
2972,49.58287,driven,781.279,429.051,776.695,581.983,50.630,-1.717,0
2973,49.59955,driven,763.509,447.355,800.434,595.833,41.066,13.966,0
2974,49.61623,driven,741.495,463.330,823.159,592.713,30.866,32.259,0
2975,49.63292,driven,714.245,476.163,820.943,585.820,19.569,44.216,0
2976,49.6496,driven,691.184,482.382,821.318,562.843,10.615,58.272,0
2977,49.66628,driven,668.450,484.903,811.684,538.689,2.041,69.418,0
2978,49.68297,driven,646.014,484.054,794.797,519.726,-6.374,76.517,0
2979,49.69965,driven,623.800,479.893,774.715,505.062,-14.845,80.531,0
2980,49.71633,driven,600.949,471.852,752.242,494.638,-23.927,81.435,0
2981,49.73302,driven,579.929,460.484,730.843,485.664,-32.884,80.528,0
2982,49.7497,driven,562.130,447.040,710.210,485.529,-41.245,75.430,0
2983,49.76638,driven,547.283,432.093,690.666,485.482,-49.141,69.577,0
2984,49.78307,driven,536.701,418.357,672.655,488.539,-55.638,62.696,0
2985,49.79975,driven,529.318,406.418,653.752,495.441,-60.896,54.419,0
2986,49.81643,driven,526.306,400.729,637.772,505.535,-63.307,46.764,0
2987,49.83312,driven,526.306,400.729,622.118,520.015,-63.307,38.772,0
2988,49.8498,driven,526.306,400.729,604.598,532.180,-63.307,30.778,0
2989,49.86648,driven,529.856,407.377,588.580,548.658,-60.485,22.571,0
2990,49.88317,driven,536.868,418.600,571.875,567.542,-55.527,13.227,0
2991,49.89985,driven,546.941,431.696,552.703,584.587,-49.337,2.158,0
2992,49.91653,driven,562.639,447.484,528.602,596.650,-40.992,-12.854,0
2993,49.93322,driven,584.694,463.443,504.754,593.898,-30.784,-31.499,0
2994,49.9499,driven,610.001,475.527,503.617,585.488,-20.267,-44.053,0
2995,49.96658,driven,631.721,481.769,502.021,562.927,-11.796,-57.964,0
2996,49.98327,driven,651.827,484.592,508.104,537.057,-4.188,-69.946,0
2997,49.99995,driven,673.339,484.650,523.581,515.982,3.875,-78.183,0
2998,50.01663,driven,695.880,481.425,543.858,498.694,12.410,-83.519,0
2999,50.03332,driven,718.233,474.682,565.569,484.812,21.162,-86.204,0
3000,50.05,driven,738.130,465.283,585.405,474.448,29.409,-86.566,0
3001,50.06668,driven,757.724,452.152,605.623,468.713,38.251,-83.786,0
3002,50.08337,driven,774.088,437.207,624.346,468.615,46.557,-78.154,0
3003,50.10005,driven,786.667,422.086,640.945,468.716,53.928,-72.256,0
3004,50.11673,driven,795.485,408.529,656.963,473.496,59.987,-64.873,0
3005,50.13342,driven,801.420,397.184,673.467,481.071,64.784,-56.751,0
3006,50.1501,driven,802.851,394.054,685.721,492.490,66.072,-49.956,0
3007,50.16678,driven,802.851,394.054,698.823,506.247,66.072,-42.837,0
3008,50.18347,driven,802.851,394.054,713.944,518.572,66.072,-35.527,0
3009,50.20015,driven,799.246,401.614,725.752,535.806,62.936,-28.708,0
3010,50.21683,driven,794.180,410.746,738.416,553.222,59.024,-21.375,0
3011,50.23352,driven,785.671,423.437,752.607,572.822,53.300,-12.480,0
3012,50.2502,driven,773.642,437.675,769.636,590.623,46.315,-1.500,0
3013,50.26688,driven,754.991,454.256,792.450,602.600,36.960,14.172,0
3014,50.28357,driven,729.499,469.793,812.815,598.119,25.762,32.994,0
3015,50.30025,driven,703.593,479.517,811.819,587.665,15.385,45.021,0
3016,50.31693,driven,681.205,483.913,811.238,564.538,6.834,58.200,0
3017,50.33362,driven,658.723,484.940,801.134,540.869,-1.602,68.559,0
3018,50.3503,driven,636.762,482.733,784.678,521.846,-9.875,75.189,0
3019,50.36698,driven,614.560,477.129,764.685,506.651,-18.458,78.875,0
3020,50.38367,driven,592.794,467.941,743.412,494.832,-27.314,79.877,0
3021,50.40035,driven,573.217,455.887,723.131,486.458,-35.932,78.474,0
3022,50.41703,driven,556.279,441.634,702.737,485.896,-44.229,73.184,0
3023,50.43372,driven,542.908,426.800,684.118,485.697,-51.713,67.359,0
3024,50.4504,driven,533.570,413.590,668.252,486.183,-57.773,61.675,0
3025,50.46708,driven,526.836,401.774,650.083,492.433,-62.868,53.662,0
3026,50.48377,driven,524.424,396.852,634.694,502.916,-64.921,46.114,0
3027,50.50045,driven,524.424,396.852,620.500,515.925,-64.921,38.899,0
3028,50.51713,driven,524.424,396.852,604.178,527.421,-64.921,31.417,0
3029,50.53382,driven,527.821,403.664,589.356,543.744,-62.070,23.715,0
3030,50.5505,driven,533.654,413.723,574.012,561.304,-57.715,15.294,0
3031,50.56718,driven,543.810,427.931,557.425,580.324,-51.171,5.105,0
3032,50.58387,driven,558.840,444.070,536.577,595.441,-42.905,-8.366,0
3033,50.60055,driven,579.168,459.989,512.172,597.541,-33.224,-25.969,0
3034,50.61723,driven,605.102,473.622,507.074,591.093,-22.236,-39.845,0
3035,50.63392,driven,627.982,480.939,504.310,571.017,-13.231,-53.932,0
3036,50.6506,driven,650.140,484.459,509.661,545.078,-4.822,-66.659,0
3037,50.66728,driven,671.173,484.782,523.535,524.932,3.062,-74.786,0
3038,50.68397,driven,693.991,481.828,543.017,506.645,11.687,-80.665,0
3039,50.70065,driven,716.377,475.387,564.406,493.097,20.418,-83.353,0
3040,50.71733,driven,738.472,465.090,586.531,483.062,29.556,-83.254,0
3041,50.73402,driven,758.356,451.651,607.513,477.255,38.553,-80.366,0
3042,50.7507,driven,773.836,437.472,626.086,477.208,46.420,-74.947,0
3043,50.76738,driven,786.431,422.409,643.618,477.303,53.778,-68.974,0
3044,50.78407,driven,795.687,408.178,662.064,482.703,60.139,-60.851,0
3045,50.80075,driven,801.492,397.030,680.172,490.252,64.847,-52.462,0
3046,50.81743,driven,802.883,393.981,694.830,502.301,66.102,-44.929,0
3047,50.83412,driven,802.883,393.981,710.368,515.841,66.102,-37.206,0
3048,50.8508,driven,802.883,393.981,727.796,527.288,66.102,-29.391,0
3049,50.86748,driven,799.112,401.875,742.831,544.147,62.826,-21.583,0
3050,50.88417,driven,793.418,412.002,759.520,561.199,58.474,-12.800,0
3051,50.90085,driven,784.401,425.117,777.727,577.972,52.511,-2.500,0
3052,50.91753,driven,771.249,440.126,799.930,590.414,45.032,10.805,0
3053,50.93422,driven,749.249,458.373,825.540,590.995,34.313,29.910,0
3054,50.9509,driven,725.196,471.788,828.229,584.895,23.986,42.331,0
3055,50.96758,driven,702.760,479.744,830.757,563.562,15.062,56.781,0
3056,50.98427,driven,681.235,483.909,824.369,537.963,6.845,69.311,0
3057,51.00095,driven,659.706,484.965,809.044,518.236,-1.234,77.440,0
3058,51.01763,driven,637.522,482.864,789.315,502.045,-9.586,82.798,0
3059,51.03432,driven,615.230,477.351,767.709,489.970,-18.193,85.269,0
3060,51.051,driven,592.869,467.980,745.312,481.022,-27.282,85.110,0
3061,51.06768,driven,573.534,456.116,724.732,479.529,-35.785,81.198,0
3062,51.08437,driven,555.948,441.311,704.129,479.411,-44.402,75.581,0
3063,51.10105,driven,542.840,426.713,686.409,479.599,-51.754,69.778,0
3064,51.11773,driven,533.364,413.263,667.871,486.180,-57.918,61.538,0
3065,51.13442,driven,527.011,402.115,648.532,495.076,-62.725,52.585,0
3066,51.1511,driven,526.283,400.683,633.724,509.611,-63.326,44.606,0
3067,51.16778,driven,526.283,400.683,617.388,523.601,-63.326,36.545,0
3068,51.18447,driven,526.283,400.683,597.853,535.911,-63.326,27.890,0
3069,51.20115,driven,531.054,409.455,580.522,554.238,-59.586,18.864,0
3070,51.21783,driven,538.383,420.767,562.375,571.874,-54.537,9.022,0
3071,51.23452,driven,550.696,435.908,541.665,588.641,-47.224,-3.384,0
3072,51.2512,driven,567.313,451.386,516.143,595.576,-38.712,-19.539,0
3073,51.26788,driven,591.849,467.449,499.166,589.182,-27.713,-37.284,0
3074,51.28457,driven,614.827,477.218,495.321,572.755,-18.352,-51.360,0
3075,51.30125,driven,636.573,482.700,497.566,546.624,-9.946,-65.304,0
3076,51.31793,driven,657.267,484.893,509.470,524.456,-2.148,-75.014,0
3077,51.33462,driven,679.950,484.058,528.239,503.875,6.361,-82.558,0
3078,51.3513,driven,702.506,479.812,549.756,488.559,14.964,-86.722,0
3079,51.36798,driven,723.731,472.431,570.779,476.249,23.387,-88.570,0
3080,51.38467,driven,743.232,462.276,590.361,468.547,31.627,-87.651,0
3081,51.40135,driven,763.155,447.663,611.357,466.803,40.890,-82.814,0
3082,51.41803,driven,778.807,431.989,629.791,466.676,49.192,-76.896,0
3083,51.43472,driven,790.144,417.108,645.460,466.861,56.202,-71.023,0
3084,51.4514,driven,798.539,402.980,662.495,472.987,62.360,-62.770,0
3085,51.46808,driven,804.034,391.315,679.895,480.749,67.190,-54.230,0
3086,51.48477,driven,805.025,388.903,693.647,493.803,68.166,-46.715,0
3087,51.50145,driven,805.025,388.903,708.296,507.446,68.166,-39.214,0
3088,51.51813,driven,805.025,388.903,724.445,518.964,68.166,-31.780,0
3089,51.53482,driven,801.367,397.296,738.247,536.669,64.737,-24.365,0
3090,51.5515,driven,795.533,408.446,752.988,555.412,60.023,-16.145,0
3091,51.56818,driven,787.473,420.969,769.099,572.862,54.444,-6.897,0
3092,51.58487,driven,773.966,437.336,788.390,589.654,46.491,5.410,0
3093,51.60155,driven,753.991,455.003,812.189,596.502,36.492,22.357,0
3094,51.61823,driven,727.924,470.542,822.557,590.765,25.109,38.208,0
3095,51.63492,driven,705.057,479.106,825.634,573.289,15.955,52.006,0
3096,51.6516,driven,682.845,483.708,821.125,549.187,7.453,64.661,0
3097,51.66828,driven,660.552,484.980,807.019,529.211,-0.917,73.197,0
3098,51.68497,driven,639.034,483.111,789.258,512.124,-9.012,79.069,0
3099,51.70165,driven,616.896,477.888,768.349,499.588,-17.538,81.846,0
3100,51.71833,driven,595.257,469.186,746.776,490.424,-26.280,82.021,0
3101,51.73502,driven,574.736,456.974,724.715,487.227,-35.232,78.595,0
3102,51.7517,driven,557.524,442.833,704.001,487.032,-43.581,73.209,0
3103,51.76838,driven,544.263,428.491,685.497,487.330,-50.901,67.383,0
3104,51.78507,driven,534.683,415.329,666.470,493.054,-57.000,59.469,0
3105,51.80175,driven,528.183,404.342,646.392,501.479,-61.782,50.589,0
3106,51.81843,driven,526.479,401.073,629.143,514.515,-63.163,42.145,0
3107,51.83512,driven,526.479,401.073,610.489,528.945,-63.163,33.304,0
3108,51.8518,driven,526.479,401.073,589.679,540.410,-63.163,24.398,0
3109,51.86848,driven,530.713,408.871,570.458,556.618,-59.840,15.057,0
3110,51.88517,driven,538.388,420.774,549.505,573.370,-54.534,4.167,0
3111,51.90185,driven,551.211,436.462,524.856,587.175,-46.940,-9.919,0
3112,51.91853,driven,568.417,452.263,498.238,588.218,-38.184,-27.303,0
3113,51.93522,driven,592.120,467.592,487.902,579.608,-27.598,-42.935,0
3114,51.9519,driven,612.829,476.540,484.326,559.582,-19.142,-57.128,0
3115,51.96858,driven,634.183,482.262,489.572,532.226,-10.856,-70.940,0
3116,51.98527,driven,654.239,484.749,503.369,510.193,-3.283,-80.427,0
3117,52.00195,driven,677.541,484.307,524.713,491.572,5.453,-87.279,0
3118,52.01863,driven,699.253,480.643,546.284,477.565,13.706,-91.153,0
3119,52.03532,driven,721.454,473.393,568.637,465.913,22.461,-92.803,0
3120,52.052,driven,741.669,463.226,588.769,457.700,30.943,-92.070,0
3121,52.06868,driven,760.326,450.054,607.517,457.693,39.503,-87.138,0
3122,52.08537,driven,776.502,434.598,625.248,457.646,47.888,-81.336,0
3123,52.10205,driven,788.902,418.935,640.968,457.981,55.375,-75.215,0
3124,52.11873,driven,797.529,404.876,657.086,465.577,61.555,-66.625,0
3125,52.13542,driven,803.025,393.660,673.108,474.471,66.234,-58.118,0
3126,52.1521,driven,805.059,388.818,686.844,485.948,68.201,-50.592,0
3127,52.16878,driven,805.059,388.818,700.520,500.535,68.201,-43.099,0
3128,52.18547,driven,805.059,388.818,716.551,513.619,68.201,-35.344,0
3129,52.20215,driven,801.658,396.675,728.799,531.213,64.994,-28.438,0
3130,52.21883,driven,796.563,406.632,742.111,549.615,60.804,-20.848,0
3131,52.23552,driven,788.584,419.393,757.342,569.169,55.166,-11.783,0
3132,52.2522,driven,777.398,433.598,774.936,586.578,48.391,-0.922,0
3133,52.26888,driven,758.638,451.425,798.802,599.059,38.688,15.219,0
3134,52.28557,driven,733.434,467.824,819.662,594.211,27.410,34.304,0
3135,52.30225,driven,708.471,478.087,818.613,584.283,17.289,46.045,0
3136,52.31893,driven,684.193,483.525,816.940,559.598,7.962,60.184,0
3137,52.33562,driven,661.455,484.992,805.392,536.867,-0.579,70.181,0
3138,52.3523,driven,640.971,483.406,789.993,518.067,-8.278,76.906,0
3139,52.36898,driven,617.826,478.179,768.797,503.010,-17.173,80.660,0
3140,52.38567,driven,596.005,469.552,747.405,491.620,-25.969,81.707,0
3141,52.40235,driven,575.778,457.704,726.442,484.338,-34.756,79.975,0
3142,52.41903,driven,558.705,443.945,706.344,484.094,-42.974,74.787,0
3143,52.43572,driven,544.823,429.176,687.687,483.939,-50.570,69.027,0
3144,52.4524,driven,534.705,415.362,670.658,485.545,-56.985,62.696,0
3145,52.46908,driven,527.791,403.607,652.858,491.738,-62.094,54.829,0
3146,52.48577,driven,525.058,398.190,637.236,502.233,-64.366,47.155,0
3147,52.50245,driven,525.058,398.190,623.027,515.711,-64.366,39.815,0
3148,52.51913,driven,525.058,398.190,606.428,527.759,-64.366,32.129,0
3149,52.53582,driven,528.565,405.050,591.641,544.443,-61.481,24.347,0
3150,52.5525,driven,535.216,416.145,576.366,563.507,-56.635,15.602,0
3151,52.56918,driven,544.911,429.283,559.350,581.600,-50.518,5.415,0
3152,52.58587,driven,560.435,445.532,537.572,596.814,-42.095,-8.594,0
3153,52.60255,driven,580.512,460.859,512.954,598.136,-32.625,-26.203,0
3154,52.61923,driven,607.268,474.488,507.957,590.878,-21.362,-40.473,0
3155,52.63592,driven,629.670,481.326,505.241,570.357,-12.582,-54.416,0
3156,52.6526,driven,651.119,484.538,510.430,544.669,-4.454,-66.858,0
3157,52.66928,driven,672.188,484.724,524.439,524.462,3.443,-74.946,0
3158,52.68597,driven,694.230,481.779,543.214,506.340,11.778,-80.762,0
3159,52.70265,driven,716.922,475.183,564.891,492.373,20.636,-83.549,0
3160,52.71933,driven,738.368,465.149,586.275,481.784,29.512,-83.758,0
3161,52.73602,driven,758.302,451.694,607.175,475.565,38.527,-81.024,0
3162,52.7527,driven,774.240,437.046,626.130,475.416,46.640,-75.476,0
3163,52.76938,driven,786.790,421.917,643.505,475.570,54.006,-69.472,0
3164,52.78607,driven,795.498,408.506,660.339,480.206,59.997,-62.055,0
3165,52.80275,driven,801.277,397.486,677.663,487.646,64.658,-53.894,0
3166,52.81943,driven,802.879,393.992,691.970,499.387,66.098,-46.460,0
3167,52.83612,driven,802.879,393.992,706.065,512.466,66.098,-39.255,0
3168,52.8528,driven,802.879,393.992,722.735,524.322,66.098,-31.589,0
3169,52.86948,driven,799.335,401.439,735.743,540.598,63.009,-24.559,0
3170,52.88617,driven,793.623,411.667,750.771,558.543,58.621,-16.265,0
3171,52.90285,driven,784.983,424.353,767.500,576.351,52.871,-6.562,0
3172,52.91953,driven,772.649,438.705,786.411,591.085,45.780,5.160,0
3173,52.93622,driven,752.261,456.264,810.869,597.594,35.690,22.523,0
3174,52.9529,driven,727.495,470.742,821.405,591.531,24.931,37.864,0
3175,52.96958,driven,703.402,479.569,824.372,573.245,15.311,52.247,0
3176,52.98627,driven,681.478,483.880,820.253,548.304,6.937,65.098,0
3177,53.00295,driven,660.580,484.981,807.326,528.277,-0.906,73.562,0
3178,53.01963,driven,638.300,482.993,788.743,510.848,-9.290,79.510,0
3179,53.03632,driven,615.535,477.451,767.295,496.884,-18.073,82.703,0
3180,53.053,driven,594.867,468.992,746.756,487.390,-26.444,83.094,0
3181,53.06968,driven,574.707,456.953,725.724,481.505,-35.246,80.766,0
3182,53.08637,driven,557.349,442.666,705.362,481.409,-43.672,75.332,0
3183,53.10305,driven,544.017,428.188,687.422,481.517,-51.047,69.601,0
3184,53.11973,driven,533.993,414.257,668.741,486.728,-57.478,61.727,0
3185,53.13642,driven,527.564,403.176,650.295,494.533,-62.277,53.337,0
3186,53.1531,driven,526.293,400.704,636.023,507.326,-63.318,45.823,0
3187,53.16978,driven,526.293,400.704,620.751,521.065,-63.318,38.124,0
3188,53.18647,driven,526.293,400.704,602.215,533.538,-63.318,29.750,0
3189,53.20315,driven,530.479,408.466,586.275,550.930,-60.015,21.388,0
3190,53.21983,driven,537.552,419.589,569.223,569.275,-55.077,11.946,0
3191,53.23652,driven,549.329,434.411,550.706,587.405,-47.983,0.515,0
3192,53.2532,driven,565.372,449.804,526.119,597.683,-39.650,-14.866,0
3193,53.26988,driven,588.994,465.911,504.601,593.531,-28.927,-33.476,0
3194,53.28657,driven,614.255,477.027,503.630,582.721,-18.578,-46.306,0
3195,53.30325,driven,635.706,482.546,503.062,558.798,-10.276,-60.107,0
3196,53.31993,driven,656.115,484.845,511.035,533.433,-2.579,-71.484,0
3197,53.33662,driven,678.120,484.251,527.981,513.702,5.671,-78.902,0
3198,53.3533,driven,700.370,480.366,548.237,496.632,14.137,-83.897,0
3199,53.36998,driven,722.954,472.764,570.342,483.663,23.070,-85.915,0
3200,53.38667,driven,743.586,462.057,591.079,474.328,31.783,-85.400,0
3201,53.40335,driven,761.685,448.920,610.288,471.009,40.166,-81.699,0
3202,53.42003,driven,777.831,433.108,629.569,470.889,48.636,-75.704,0
3203,53.43672,driven,789.715,417.746,646.294,471.034,55.914,-69.618,0
3204,53.4534,driven,797.833,404.312,663.156,476.915,61.795,-61.671,0
3205,53.47008,driven,803.284,393.068,680.144,483.872,66.476,-53.595,0
3206,53.48677,driven,804.283,390.721,694.008,496.780,67.431,-46.116,0
3207,53.50345,driven,804.283,390.721,708.839,510.302,67.431,-38.595,0
3208,53.52013,driven,804.283,390.721,725.291,521.753,67.431,-31.084,0
3209,53.53682,driven,800.581,398.937,739.328,539.141,64.056,-23.599,0
3210,53.5535,driven,795.157,409.094,754.703,556.648,59.743,-15.332,0
3211,53.57018,driven,786.665,422.088,771.012,574.285,53.927,-5.872,0
3212,53.58687,driven,774.235,437.051,790.565,589.177,46.638,6.127,0
3213,53.60355,driven,753.894,455.074,814.857,595.404,36.447,23.481,0
3214,53.62023,driven,728.068,470.475,824.365,589.369,25.168,39.005,0
3215,53.63692,driven,705.132,479.085,827.166,571.371,15.984,52.902,0
3216,53.6536,driven,683.722,483.590,822.762,547.441,7.784,65.334,0
3217,53.67028,driven,661.628,484.994,808.544,527.710,-0.514,73.788,0
3218,53.68697,driven,640.557,483.345,791.009,511.149,-8.435,79.530,0
3219,53.70365,driven,617.667,478.130,769.352,498.146,-17.235,82.483,0
3220,53.72033,driven,596.145,469.620,747.945,488.738,-25.910,82.822,0
3221,53.73702,driven,576.385,458.122,726.845,485.885,-34.480,79.545,0
3222,53.7537,driven,558.880,444.107,706.104,485.749,-42.885,74.206,0
3223,53.77038,driven,545.155,429.579,687.394,485.944,-50.374,68.383,0
3224,53.78707,driven,535.399,416.422,668.264,492.290,-56.511,60.273,0
3225,53.80375,driven,528.583,405.082,648.444,500.173,-61.467,51.573,0
3226,53.82043,driven,527.154,402.390,631.722,514.079,-62.609,43.114,0
3227,53.83712,driven,527.154,402.390,613.729,528.540,-62.609,34.461,0
3228,53.8538,driven,527.154,402.390,593.296,540.355,-62.609,25.614,0
3229,53.87048,driven,531.420,410.074,574.601,556.854,-59.317,16.393,0
3230,53.88717,driven,538.824,421.383,554.414,573.586,-54.253,5.848,0
3231,53.90385,driven,550.440,435.630,531.582,587.463,-47.365,-7.080,0
3232,53.92053,driven,568.211,452.100,504.206,591.069,-38.282,-24.729,0
3233,53.93722,driven,591.994,467.526,491.010,582.466,-27.651,-41.302,0
3234,53.9539,driven,612.370,476.380,487.099,564.222,-19.324,-54.961,0
3235,53.97058,driven,634.838,482.386,491.698,536.423,-10.607,-69.318,0
3236,53.98727,driven,653.725,484.719,503.675,514.618,-3.475,-78.731,0
3237,54.00395,driven,675.531,484.486,522.936,495.610,4.698,-85.831,0
3238,54.02063,driven,698.359,480.858,545.363,479.853,13.362,-90.376,0
3239,54.03732,driven,719.625,474.136,566.724,468.638,21.722,-92.059,0
3240,54.054,driven,738.875,464.861,585.930,460.747,29.730,-91.541,0
3241,54.07068,driven,758.575,451.475,605.835,460.377,38.658,-86.665,0
3242,54.08737,driven,774.470,436.802,623.285,460.296,46.766,-81.167,0
3243,54.10405,driven,786.973,421.664,638.955,460.388,54.124,-75.339,0
3244,54.12073,driven,795.946,407.726,654.752,466.661,60.334,-67.344,0
3245,54.13742,driven,801.498,397.017,669.898,475.059,64.853,-59.331,0
3246,54.1541,driven,803.471,392.637,682.919,486.850,66.652,-51.992,0
3247,54.17078,driven,803.471,392.637,695.154,500.695,66.652,-45.069,0
3248,54.18747,driven,803.471,392.637,709.964,513.738,66.652,-37.673,0
3249,54.20415,driven,799.988,400.141,721.071,531.218,63.553,-31.051,0
3250,54.22083,driven,794.672,409.920,733.364,550.100,59.384,-23.622,0
3251,54.23752,driven,786.307,422.578,747.321,570.528,53.700,-14.763,0
3252,54.2542,driven,774.495,436.776,763.728,589.397,46.779,-4.035,0
3253,54.27088,driven,756.211,453.329,786.096,603.382,37.533,11.264,0
3254,54.28757,driven,730.592,469.260,809.204,600.520,26.217,30.918,0
3255,54.30425,driven,703.972,479.412,806.764,592.739,15.533,42.209,0
3256,54.32093,driven,681.938,483.823,807.916,570.647,7.110,55.426,0
3257,54.33762,driven,658.405,484.931,799.430,544.268,-1.721,67.181,0
3258,54.3543,driven,637.496,482.859,784.647,524.756,-9.596,74.107,0
3259,54.37098,driven,614.987,477.271,764.654,509.035,-18.289,78.018,0
3260,54.38767,driven,593.554,468.331,744.227,494.911,-26.994,79.996,0
3261,54.40435,driven,574.253,456.632,724.277,486.663,-35.454,78.680,0
3262,54.42103,driven,556.913,442.248,704.006,484.351,-43.898,74.027,0
3263,54.43772,driven,543.792,427.908,686.101,484.097,-51.182,68.454,0
3264,54.4544,driven,534.485,415.024,670.861,484.383,-57.136,63.043,0
3265,54.47108,driven,527.471,402.999,653.352,489.965,-62.351,55.361,0
3266,54.48777,driven,525.177,398.437,639.350,500.289,-64.264,48.264,0
3267,54.50445,driven,525.177,398.437,627.132,512.518,-64.264,41.787,0
3268,54.52113,driven,525.177,398.437,612.752,523.895,-64.264,34.917,0
3269,54.53782,driven,528.675,405.252,599.989,540.616,-61.395,27.781,0
3270,54.5545,driven,534.691,415.342,587.248,559.032,-56.995,20.091,0
3271,54.57118,driven,544.302,428.539,572.741,578.873,-50.878,10.712,0
3272,54.58787,driven,558.641,443.885,555.312,596.848,-43.007,-1.247,0
3273,54.60455,driven,576.779,458.392,533.028,605.003,-34.301,-16.616,0
3274,54.62123,driven,603.828,473.095,517.067,599.116,-22.752,-34.546,0
3275,54.63792,driven,628.226,480.996,515.673,584.633,-13.137,-47.362,0
3276,54.6546,driven,649.821,484.431,517.605,561.424,-4.941,-59.787,0
3277,54.67128,driven,671.613,484.757,528.634,539.217,3.227,-69.149,0
3278,54.68797,driven,693.816,481.865,545.538,519.583,11.619,-75.728,0
3279,54.70465,driven,716.528,475.331,566.251,504.069,20.479,-79.174,0
3280,54.72133,driven,738.447,465.104,587.922,492.511,29.546,-79.681,0
3281,54.73802,driven,758.010,451.926,608.443,484.159,38.388,-77.838,0
3282,54.7547,driven,773.661,437.656,627.798,483.840,46.326,-72.431,0
3283,54.77138,driven,786.406,422.443,646.157,483.592,53.763,-66.443,0
3284,54.78807,driven,795.210,409.004,662.068,484.385,59.782,-60.483,0
3285,54.80475,driven,801.096,397.867,679.136,490.250,64.501,-52.857,0
3286,54.82143,driven,802.264,395.359,692.119,501.553,65.536,-46.047,0
3287,54.83812,driven,802.264,395.359,705.557,513.920,65.536,-39.204,0
3288,54.8548,driven,802.264,395.359,721.283,525.171,65.536,-31.957,0
3289,54.87148,driven,798.501,403.053,733.811,541.705,62.329,-25.012,0
3290,54.88817,driven,792.725,413.119,748.302,559.528,57.982,-16.879,0
3291,54.90485,driven,783.998,425.641,763.671,577.284,52.263,-7.635,0
3292,54.92153,driven,771.469,439.905,781.757,592.559,45.149,3.856,0
3293,54.93822,driven,750.385,457.590,804.918,600.542,34.830,20.881,0
3294,54.9549,driven,725.650,471.585,817.502,593.946,24.172,36.894,0
3295,54.97158,driven,702.006,479.944,819.964,577.386,14.770,50.441,0
3296,54.98827,driven,680.376,484.010,816.568,553.728,6.521,62.892,0
3297,55.00495,driven,659.104,484.950,804.056,533.920,-1.459,71.333,0
3298,55.02163,driven,636.858,482.750,785.992,516.930,-9.838,77.091,0
3299,55.03832,driven,614.464,477.097,765.306,502.706,-18.495,80.365,0
3300,55.055,driven,593.152,468.126,744.196,492.513,-27.163,80.828,0
3301,55.07168,driven,573.097,455.800,722.794,487.420,-35.987,78.073,0
3302,55.08837,driven,556.764,442.104,702.962,487.217,-43.975,72.851,0
3303,55.10505,driven,543.540,427.595,684.415,487.289,-51.332,67.036,0
3304,55.12173,driven,534.159,414.517,666.025,492.109,-57.362,59.527,0
3305,55.13842,driven,527.906,403.823,647.111,499.735,-62.003,51.180,0
3306,55.1551,driven,527.118,402.322,632.921,512.843,-62.637,43.750,0
3307,55.17178,driven,527.118,402.322,616.011,526.849,-62.637,35.521,0
3308,55.18847,driven,527.118,402.322,597.529,538.158,-62.637,27.400,0
3309,55.20515,driven,531.637,410.439,580.434,555.449,-59.158,18.599,0
3310,55.22183,driven,539.127,421.803,562.645,572.985,-54.059,8.842,0
3311,55.23852,driven,551.449,436.716,542.354,589.445,-46.810,-3.408,0
3312,55.2552,driven,568.539,452.359,517.259,596.509,-38.126,-19.583,0
3313,55.27188,driven,592.293,467.681,500.568,590.138,-27.525,-36.835,0
3314,55.28857,driven,615.408,477.410,496.858,574.131,-18.123,-50.790,0
3315,55.30525,driven,636.187,482.632,498.384,549.110,-10.093,-64.247,0
3316,55.32193,driven,658.132,484.923,510.777,526.097,-1.823,-74.389,0
3317,55.33862,driven,680.839,483.957,529.446,506.076,6.696,-81.688,0
3318,55.3553,driven,701.772,480.006,549.164,490.946,14.680,-85.900,0
3319,55.37198,driven,723.821,472.392,570.942,478.489,23.423,-87.716,0
3320,55.38867,driven,744.561,461.448,591.787,469.768,32.213,-86.883,0
3321,55.40535,driven,762.685,448.068,611.145,469.151,40.658,-82.080,0
3322,55.42203,driven,778.213,432.673,629.594,469.024,48.853,-76.256,0
3323,55.43872,driven,789.875,417.509,645.873,469.207,56.021,-70.252,0
3324,55.4554,driven,797.937,404.117,662.634,475.546,61.878,-62.170,0
3325,55.47208,driven,803.218,393.220,679.571,483.334,66.414,-53.916,0
3326,55.48877,driven,804.374,390.501,693.732,496.176,67.520,-46.315,0
3327,55.50545,driven,804.374,390.501,708.757,509.943,67.520,-38.678,0
3328,55.52213,driven,804.374,390.501,725.636,521.684,67.520,-30.973,0
3329,55.53882,driven,800.794,398.496,739.744,538.789,64.239,-23.517,0
3330,55.5555,driven,795.061,409.258,755.232,556.983,59.672,-15.089,0
3331,55.57218,driven,785.882,423.154,771.667,575.492,53.432,-5.331,0
3332,55.58887,driven,772.798,438.552,792.001,590.343,45.859,7.210,0
3333,55.60555,driven,752.060,456.408,816.378,595.232,35.598,24.858,0
3334,55.62223,driven,726.140,471.364,824.188,588.819,24.373,39.854,0
3335,55.63892,driven,703.583,479.519,826.808,570.209,15.382,53.648,0
3336,55.6556,driven,682.079,483.806,822.069,545.544,7.163,66.202,0
3337,55.67228,driven,658.582,484.936,806.109,525.493,-1.655,74.629,0
3338,55.68897,driven,637.469,482.855,788.229,508.944,-9.606,80.182,0
3339,55.70565,driven,614.480,477.103,766.301,496.061,-18.489,82.882,0
3340,55.72233,driven,593.483,468.295,745.302,487.267,-27.024,82.877,0
3341,55.73902,driven,573.157,455.844,723.450,484.499,-35.959,79.205,0
3342,55.7557,driven,556.536,441.884,703.505,484.420,-44.094,73.858,0
3343,55.77238,driven,542.744,426.592,684.334,484.568,-51.812,67.732,0
3344,55.78907,driven,533.468,413.428,665.458,490.808,-57.845,59.619,0
3345,55.80575,driven,527.499,403.053,646.489,499.232,-62.329,51.051,0
3346,55.82243,driven,526.474,401.063,630.431,513.322,-63.167,42.801,0
3347,55.83912,driven,526.474,401.063,612.553,527.552,-63.167,34.236,0
3348,55.8558,driven,526.474,401.063,592.535,539.067,-63.167,25.580,0
3349,55.87248,driven,530.982,409.332,574.036,556.150,-59.640,16.344,0
3350,55.88917,driven,538.893,421.478,553.865,573.744,-54.209,5.616,0
3351,55.90585,driven,551.233,436.486,531.431,588.199,-46.928,-7.437,0
3352,55.92253,driven,569.229,452.896,505.245,591.875,-37.798,-24.721,0
3353,55.93922,driven,592.831,467.961,492.774,583.708,-27.298,-40.842,0
3354,55.9559,driven,615.227,477.350,489.528,564.579,-18.194,-55.241,0
3355,55.97258,driven,636.958,482.767,494.025,537.350,-9.800,-69.099,0
3356,55.98927,driven,656.606,484.866,506.845,516.183,-2.395,-78.189,0
3357,56.00595,driven,679.082,484.152,526.720,498.106,6.034,-84.767,0
3358,56.02263,driven,701.546,480.065,548.563,482.330,14.592,-89.152,0
3359,56.03932,driven,722.563,472.930,569.584,470.387,22.911,-90.952,0
3360,56.056,driven,743.241,462.271,590.241,462.444,31.631,-89.935,0
3361,56.07268,driven,762.309,448.390,609.953,462.418,40.472,-84.740,0
3362,56.08937,driven,778.147,432.748,628.039,462.356,48.816,-78.842,0
3363,56.10605,driven,790.070,417.219,644.393,463.987,56.153,-72.201,0
3364,56.12273,driven,798.204,403.616,660.768,470.850,62.090,-63.932,0
3365,56.13942,driven,803.560,392.430,677.938,479.769,66.736,-55.191,0
3366,56.1561,driven,804.185,390.955,690.071,492.871,67.336,-48.232,0
3367,56.17278,driven,804.185,390.955,704.760,507.246,67.336,-40.529,0
3368,56.18947,driven,804.185,390.955,721.319,519.571,67.336,-32.793,0
3369,56.20615,driven,800.351,399.408,734.145,537.341,63.860,-25.640,0
3370,56.22283,driven,794.175,410.754,748.253,556.700,59.021,-17.466,0
3371,56.23952,driven,785.273,423.969,764.579,575.563,53.051,-7.773,0
3372,56.2562,driven,772.901,438.446,783.365,591.088,45.915,3.922,0
3373,56.27288,driven,751.741,456.636,807.408,599.149,35.451,21.336,0
3374,56.28957,driven,725.679,471.572,818.402,593.274,24.184,37.303,0
3375,56.30625,driven,701.560,480.061,821.087,575.572,14.597,51.373,0
3376,56.32293,driven,679.089,484.152,816.882,550.651,6.036,64.238,0
3377,56.33962,driven,656.480,484.861,802.808,529.549,-2.443,73.017,0
3378,56.3563,driven,634.768,482.373,784.779,512.470,-10.633,78.655,0
3379,56.37298,driven,612.488,476.421,763.744,499.458,-19.278,81.340,0
3380,56.38967,driven,590.771,466.878,742.210,488.678,-28.170,81.808,0
3381,56.40635,driven,571.510,454.632,721.827,483.161,-36.725,79.254,0
3382,56.42303,driven,554.554,439.928,701.354,483.041,-45.137,73.633,0
3383,56.43972,driven,541.851,425.444,683.529,483.204,-52.356,67.820,0
3384,56.4564,driven,532.522,411.902,665.238,488.030,-58.518,60.161,0
3385,56.47308,driven,526.593,401.297,646.756,496.006,-63.069,51.756,0
3386,56.48977,driven,525.976,400.069,632.521,509.874,-63.583,44.137,0
3387,56.50645,driven,525.976,400.069,616.877,523.138,-63.583,36.450,0
3388,56.52313,driven,525.976,400.069,598.366,534.860,-63.583,28.238,0
3389,56.53982,driven,530.168,407.926,582.044,551.863,-60.248,19.819,0
3390,56.5565,driven,537.238,419.137,565.304,569.541,-55.283,10.570,0
3391,56.57318,driven,549.945,435.090,545.468,588.025,-47.639,-1.677,0
3392,56.58987,driven,566.977,451.116,520.676,596.942,-38.873,-17.615,0
3393,56.60655,driven,589.856,466.384,501.927,591.593,-28.559,-35.079,0
3394,56.62323,driven,614.400,477.076,499.833,578.483,-18.521,-48.487,0
3395,56.63992,driven,637.026,482.779,501.116,553.048,-9.774,-62.660,0
3396,56.6566,driven,656.182,484.848,510.368,531.184,-2.554,-72.371,0
3397,56.67328,driven,678.632,484.199,528.004,511.039,5.864,-79.897,0
3398,56.68997,driven,700.894,480.233,548.629,495.215,14.340,-84.380,0
3399,56.70665,driven,722.642,472.896,569.992,483.236,22.943,-86.125,0
3400,56.72333,driven,743.551,462.079,591.070,474.671,31.768,-85.279,0
3401,56.74002,driven,762.815,447.957,612.014,473.804,40.722,-80.274,0
3402,56.7567,driven,777.783,433.162,630.246,473.680,48.609,-74.644,0
3403,56.77338,driven,789.483,418.087,647.022,473.889,55.760,-68.610,0
3404,56.79007,driven,797.588,404.767,664.509,480.258,61.602,-60.435,0
3405,56.80675,driven,802.635,394.540,681.714,488.280,65.873,-52.217,0
3406,56.82343,driven,802.635,394.540,694.518,502.798,65.873,-44.962,0
3407,56.84012,driven,802.635,394.540,710.306,516.541,65.873,-37.118,0
3408,56.8568,driven,802.379,395.107,727.577,528.575,65.640,-29.268,0
3409,56.87348,driven,798.293,403.449,741.929,545.688,62.161,-21.616,0
3410,56.89017,driven,792.201,413.952,758.165,563.119,57.613,-12.853,0
3411,56.90685,driven,782.130,428.006,775.997,580.883,51.135,-2.297,0
3412,56.92353,driven,767.388,443.857,798.950,593.567,43.022,11.905,0
3413,56.94022,driven,744.798,461.298,824.095,592.146,32.319,31.217,0
3414,56.9569,driven,719.543,474.168,823.289,586.622,21.689,42.694,0
3415,56.97358,driven,696.608,481.263,825.382,563.883,12.689,57.316,0
3416,56.99027,driven,674.971,484.531,818.396,537.805,4.487,69.623,0
3417,57.00695,driven,652.506,484.640,801.772,518.234,-3.933,77.316,0
3418,57.02363,driven,630.571,481.524,782.225,501.771,-12.237,82.396,0
3419,57.04032,driven,607.932,474.747,760.182,489.883,-21.095,84.322,0
3420,57.057,driven,586.935,464.752,739.117,480.557,-29.812,84.071,0
3421,57.07368,driven,567.292,451.369,717.506,480.435,-38.722,79.049,0
3422,57.09037,driven,551.193,436.442,697.796,480.222,-46.950,73.373,0
3423,57.10705,driven,539.078,421.735,680.294,480.618,-54.091,67.365,0
3424,57.12373,driven,530.500,408.503,661.822,487.011,-59.999,59.128,0
3425,57.14042,driven,524.943,397.949,642.667,495.675,-64.466,50.303,0
3426,57.1571,driven,524.943,397.949,628.723,510.372,-64.466,42.711,0
3427,57.17378,driven,524.943,397.949,611.845,523.875,-64.466,34.610,0
3428,57.19047,driven,525.719,399.549,593.163,536.881,-63.801,26.156,0
3429,57.20715,driven,530.504,408.510,576.469,554.442,-59.996,17.483,0
3430,57.22383,driven,538.740,421.266,558.109,573.035,-54.307,7.273,0
3431,57.24052,driven,551.295,436.551,537.197,588.900,-46.895,-5.287,0
3432,57.2572,driven,568.872,452.619,512.047,594.675,-37.968,-21.802,0
3433,57.27388,driven,593.166,468.133,497.374,587.434,-27.157,-38.763,0
3434,57.29057,driven,617.003,477.922,494.098,569.045,-17.496,-53.446,0
3435,57.30725,driven,638.032,482.949,497.447,543.321,-9.392,-66.760,0
3436,57.32393,driven,659.571,484.962,510.975,521.406,-1.284,-76.220,0
3437,57.34062,driven,682.565,483.744,530.738,502.657,7.347,-82.899,0
3438,57.3573,driven,705.014,479.118,552.266,487.884,15.938,-86.716,0
3439,57.37398,driven,726.033,471.412,573.120,476.553,24.329,-88.075,0
3440,57.39067,driven,747.199,459.748,594.497,469.298,33.389,-86.421,0
3441,57.40735,driven,766.757,444.443,615.773,469.198,42.699,-80.689,0
3442,57.42403,driven,780.755,429.688,632.936,469.166,50.321,-75.047,0
3443,57.44072,driven,792.307,413.784,650.570,471.400,57.687,-67.878,0
3444,57.4574,driven,799.712,400.694,667.739,478.104,63.322,-59.606,0
3445,57.47408,driven,804.628,389.885,686.089,486.619,67.770,-50.783,0
3446,57.49077,driven,804.628,389.885,699.682,501.219,67.770,-43.308,0
3447,57.50745,driven,804.628,389.885,716.211,514.751,67.770,-35.302,0
3448,57.52413,driven,804.013,391.367,732.916,526.845,67.169,-27.690,0
3449,57.54082,driven,799.941,400.235,748.759,544.420,63.514,-19.544,0
3450,57.5575,driven,793.865,411.268,765.485,561.613,58.796,-10.690,0
3451,57.57418,driven,784.005,425.631,784.183,578.631,52.268,0.066,0
3452,57.59087,driven,768.318,442.983,808.771,590.538,43.500,15.331,0
3453,57.60755,driven,746.094,460.469,831.815,587.201,32.895,34.075,0
3454,57.62423,driven,721.597,473.334,831.112,580.178,22.519,45.707,0
3455,57.64092,driven,699.241,480.646,831.769,557.101,13.702,60.020,0
3456,57.6576,driven,678.448,484.218,823.224,533.703,5.795,71.129,0
3457,57.67428,driven,655.907,484.835,805.897,515.036,-2.657,78.616,0
3458,57.69097,driven,634.943,482.406,786.828,500.845,-10.567,83.078,0
3459,57.70765,driven,612.362,476.377,764.760,489.946,-19.327,84.912,0
3460,57.72433,driven,590.634,466.804,742.872,482.055,-28.228,84.279,0
3461,57.74102,driven,571.167,454.375,721.652,482.002,-36.885,79.597,0
3462,57.7577,driven,554.413,439.786,701.478,481.984,-45.212,73.990,0
3463,57.77438,driven,541.864,425.461,682.279,486.227,-52.349,66.599,0
3464,57.79107,driven,532.893,412.506,662.755,493.406,-58.252,58.078,0
3465,57.80775,driven,527.406,402.874,642.764,503.380,-62.404,48.936,0
3466,57.82443,driven,527.406,402.874,626.885,519.119,-62.404,40.556,0
3467,57.84112,driven,527.406,402.874,607.202,533.417,-62.404,31.436,0
3468,57.8578,driven,528.639,405.186,586.779,546.708,-61.423,22.334,0
3469,57.87448,driven,534.022,414.303,566.718,563.769,-57.457,12.339,0
3470,57.89117,driven,543.284,427.274,545.306,580.261,-51.486,0.757,0
3471,57.90785,driven,556.648,441.992,519.272,590.357,-44.036,-14.140,0
3472,57.92453,driven,577.699,459.015,494.443,587.379,-33.885,-32.967,0
3473,57.94122,driven,601.628,472.152,491.118,577.966,-23.648,-46.243,0
3474,57.9579,driven,622.797,479.624,488.736,553.357,-15.234,-61.189,0
3475,57.97458,driven,644.217,483.843,496.812,524.840,-7.052,-74.457,0
3476,57.99127,driven,664.530,484.992,512.558,502.698,0.573,-83.355,0
3477,58.00795,driven,687.502,483.025,534.527,485.834,9.215,-88.948,0
3478,58.02463,driven,709.181,477.864,556.322,471.314,17.568,-92.454,0
3479,58.04132,driven,729.927,469.586,577.262,459.467,25.940,-93.792,0
3480,58.058,driven,749.543,458.171,596.598,454.084,34.447,-91.531,0
3481,58.07468,driven,768.331,442.970,615.733,454.065,43.506,-85.842,0
3482,58.09137,driven,783.001,426.915,632.418,454.005,51.658,-79.802,0
3483,58.10805,driven,794.072,410.925,647.580,455.072,58.946,-73.229,0
3484,58.12473,driven,801.198,397.653,662.787,462.856,64.589,-64.776,0
3485,58.14142,driven,805.763,387.025,678.050,471.277,68.922,-56.587,0
3486,58.1581,driven,806.264,385.708,689.332,484.379,69.450,-49.841,0
3487,58.17478,driven,806.264,385.708,703.024,498.626,69.450,-42.436,0
3488,58.19147,driven,806.264,385.708,718.013,510.692,69.450,-35.226,0
3489,58.20815,driven,802.818,394.128,729.630,528.488,66.042,-28.578,0
3490,58.22483,driven,797.667,404.622,741.961,547.120,61.663,-21.351,0
3491,58.24152,driven,789.760,417.679,756.088,566.928,55.945,-12.713,0
3492,58.2582,driven,778.071,432.835,772.386,585.729,48.772,-2.129,0
3493,58.27488,driven,759.373,450.833,795.123,599.597,39.042,13.513,0
3494,58.29157,driven,732.524,468.291,817.200,595.724,27.027,33.603,0
3495,58.30825,driven,707.231,478.467,814.213,587.847,16.804,44.365,0
3496,58.32493,driven,682.427,483.762,812.912,563.655,7.295,58.522,0
3497,58.34162,driven,658.930,484.946,801.480,540.519,-1.525,68.702,0
3498,58.3583,driven,637.710,482.895,785.429,522.746,-9.514,74.902,0
3499,58.37498,driven,615.546,477.455,765.371,508.463,-18.069,78.307,0
3500,58.39167,driven,593.066,468.082,743.300,497.042,-27.199,79.089,0
3501,58.40835,driven,572.839,455.612,721.957,489.858,-36.107,77.066,0
3502,58.42503,driven,555.967,441.329,701.161,489.573,-44.392,71.620,0
3503,58.44172,driven,543.010,426.928,682.584,489.602,-51.651,65.818,0
3504,58.4584,driven,533.500,413.478,664.427,492.643,-57.823,58.841,0
3505,58.47508,driven,527.434,402.929,646.101,499.507,-62.381,50.859,0
3506,58.49177,driven,527.434,402.929,632.654,514.005,-62.381,43.449,0
3507,58.50845,driven,527.434,402.929,617.031,526.951,-62.381,35.845,0
3508,58.52513,driven,527.978,403.959,599.823,539.042,-61.945,28.006,0
3509,58.54182,driven,532.460,411.802,584.146,555.808,-58.562,19.744,0
3510,58.5585,driven,540.490,423.654,567.454,574.259,-53.199,10.150,0
3511,58.57518,driven,552.607,437.936,547.962,590.865,-46.180,-1.740,0
3512,58.59187,driven,570.234,453.670,523.548,599.373,-37.323,-17.767,0
3513,58.60855,driven,593.196,468.149,505.825,593.748,-27.144,-34.824,0
3514,58.62523,driven,618.095,478.262,503.631,579.785,-17.067,-48.429,0
3515,58.64192,driven,638.843,483.081,504.562,556.414,-9.085,-61.360,0
3516,58.6586,driven,658.828,484.943,513.706,533.406,-1.562,-71.533,0
3517,58.67528,driven,681.999,483.816,531.852,513.224,7.133,-78.918,0
3518,58.69197,driven,704.131,479.368,552.236,497.727,15.595,-83.108,0
3519,58.70865,driven,725.950,471.450,573.555,485.041,24.295,-84.904,0
3520,58.72533,driven,745.315,460.970,593.071,476.153,32.548,-84.305,0
3521,58.74202,driven,764.357,446.611,613.917,474.482,41.488,-79.505,0
3522,58.7587,driven,778.864,431.923,631.858,474.329,49.225,-73.909,0
3523,58.77538,driven,789.753,417.689,647.716,474.560,55.940,-68.179,0
3524,58.79207,driven,797.404,405.106,664.559,481.009,61.457,-60.258,0
3525,58.80875,driven,802.160,395.588,680.843,488.814,65.442,-52.460,0
3526,58.82543,driven,802.160,395.588,692.540,502.324,65.442,-45.764,0
3527,58.84212,driven,802.160,395.588,707.256,515.597,65.442,-38.337,0
3528,58.8588,driven,800.823,398.437,721.533,529.289,64.264,-31.214,0
3529,58.87548,driven,796.132,407.397,734.014,547.220,60.476,-23.954,0
3530,58.89217,driven,789.479,418.093,748.488,565.500,55.757,-15.540,0
3531,58.90885,driven,779.395,431.303,764.668,583.593,49.531,-5.524,0
3532,58.92553,driven,764.312,446.651,784.958,598.252,41.465,7.755,0
3533,58.94222,driven,741.845,463.120,809.161,600.516,31.019,26.102,0
3534,58.9589,driven,716.820,475.221,812.840,594.340,20.595,38.872,0
3535,58.97558,driven,692.065,482.214,814.976,573.328,10.951,53.450,0
3536,58.99227,driven,670.782,484.802,809.930,548.416,2.915,65.432,0
3537,59.00895,driven,649.671,484.418,796.242,528.306,-4.998,73.331,0
3538,59.02563,driven,627.441,480.811,777.363,511.346,-13.439,78.488,0
3539,59.04232,driven,605.463,473.769,756.490,498.261,-22.090,80.789,0
3540,59.059,driven,584.946,463.592,735.877,488.670,-30.674,80.566,0
3541,59.07568,driven,566.599,450.810,715.884,484.321,-39.055,77.348,0
3542,59.09237,driven,550.923,436.153,696.192,484.171,-47.099,71.709,0
3543,59.10905,driven,539.656,422.528,679.617,484.334,-53.723,66.174,0
3544,59.12573,driven,531.337,409.935,661.855,489.774,-59.377,58.546,0
3545,59.14242,driven,526.031,400.179,643.515,498.192,-63.537,50.163,0
3546,59.1591,driven,526.031,400.179,630.789,511.690,-63.537,43.212,0
3547,59.17578,driven,526.031,400.179,615.503,524.291,-63.537,35.788,0
3548,59.19247,driven,528.056,404.104,599.838,539.220,-61.883,27.980,0
3549,59.20915,driven,533.199,412.998,584.471,557.152,-58.035,19.579,0
3550,59.22583,driven,541.408,424.868,568.698,575.415,-52.628,10.274,0
3551,59.24252,driven,554.724,440.098,550.088,593.028,-45.047,-1.736,0
3552,59.2592,driven,572.524,455.382,526.063,601.157,-36.252,-17.678,0
3553,59.27588,driven,598.205,470.602,509.281,595.107,-25.056,-35.535,0
3554,59.29257,driven,621.633,479.302,507.082,580.728,-15.687,-48.477,0
3555,59.30925,driven,644.016,483.818,509.001,555.790,-7.128,-61.939,0
3556,59.32593,driven,663.717,484.998,518.780,534.011,0.269,-71.316,0
3557,59.34262,driven,686.169,483.236,536.454,514.768,8.710,-78.106,0
3558,59.3593,driven,708.647,478.032,557.102,499.084,17.358,-82.091,0
3559,59.37598,driven,730.166,469.469,578.109,486.431,26.040,-83.635,0
3560,59.39267,driven,750.575,457.458,598.891,477.485,34.917,-82.479,0
3561,59.40935,driven,768.100,443.189,618.891,477.035,43.388,-77.219,0
3562,59.42603,driven,781.765,428.456,636.625,476.866,50.918,-71.555,0
3563,59.44272,driven,792.259,413.860,652.974,477.173,57.654,-65.556,0
3564,59.4594,driven,799.334,401.441,670.454,483.897,63.008,-57.389,0
3565,59.47608,driven,804.022,391.344,688.303,491.434,67.178,-49.142,0
3566,59.49277,driven,804.022,391.344,701.604,505.008,67.178,-42.021,0
3567,59.50945,driven,804.022,391.344,717.620,517.612,67.178,-34.383,0
3568,59.52613,driven,801.962,396.020,731.690,531.927,65.264,-27.342,0
3569,59.54282,driven,797.254,405.381,746.237,549.624,61.340,-19.478,0
3570,59.5595,driven,790.196,417.030,762.383,567.481,56.237,-10.474,0
3571,59.57618,driven,779.420,431.274,779.933,584.273,49.545,0.192,0
3572,59.59287,driven,762.624,448.121,803.574,595.539,40.627,15.524,0
3573,59.60955,driven,739.236,464.654,824.605,591.623,29.886,33.915,0
3574,59.62623,driven,714.645,476.020,824.268,582.752,19.727,45.766,0
3575,59.64292,driven,691.398,482.342,823.735,559.126,10.696,59.877,0
3576,59.6596,driven,669.047,484.880,813.432,535.499,2.265,70.680,0
3577,59.67628,driven,647.481,484.211,796.964,516.830,-5.821,77.690,0
3578,59.69297,driven,625.175,480.251,776.630,501.943,-14.313,81.849,0
3579,59.70965,driven,602.770,472.646,754.643,491.189,-23.182,83.039,0
3580,59.72633,driven,582.440,462.073,733.803,484.394,-31.772,81.611,0
3581,59.74302,driven,563.127,447.906,711.749,484.242,-40.751,76.262,0
3582,59.7597,driven,547.794,432.680,691.872,484.162,-48.849,70.337,0
3583,59.77638,driven,536.470,418.019,673.249,486.579,-55.791,63.378,0
3584,59.79307,driven,528.747,405.383,653.353,494.165,-61.339,54.530,0
3585,59.80975,driven,523.881,395.677,633.167,502.754,-65.406,45.585,0
3586,59.82643,driven,523.881,395.677,617.012,517.067,-65.406,37.496,0
3587,59.84312,driven,523.881,395.677,597.518,529.791,-65.406,28.770,0
3588,59.8598,driven,526.509,401.131,578.504,545.025,-63.138,19.867,0
3589,59.87648,driven,532.204,411.382,559.775,561.877,-58.746,10.382,0
3590,59.89317,driven,542.029,425.676,538.305,578.630,-52.247,-1.395,0
3591,59.90985,driven,555.989,441.351,512.606,588.071,-44.381,-16.472,0
3592,59.92653,driven,576.592,458.264,489.422,584.004,-34.385,-34.732,0
3593,59.94322,driven,601.050,471.897,487.233,574.145,-23.885,-48.065,0
3594,59.9599,driven,622.017,479.409,485.981,549.432,-15.537,-62.763,0
3595,59.97658,driven,642.581,483.631,495.004,524.005,-7.669,-74.699,0
3596,59.99327,driven,662.969,485.000,511.111,503.660,-0.012,-82.995,0
3597,60.00995,driven,685.914,483.274,532.996,488.294,8.613,-88.120,0
3598,60.02663,driven,708.615,478.042,555.640,475.261,17.346,-91.041,0
3599,60.04332,driven,729.681,469.705,576.749,465.128,25.838,-91.714,0
3600,60.06,driven,750.348,457.615,597.434,462.728,34.813,-88.085,0
3601,60.07668,driven,767.977,443.305,616.210,462.694,43.324,-82.720,0
3602,60.09337,driven,782.692,427.304,633.849,462.730,51.471,-76.612,0
3603,60.11005,driven,793.344,412.122,651.591,469.699,58.421,-67.894,0
3604,60.12673,driven,800.148,399.819,668.792,478.271,63.688,-59.152,0
3605,60.14342,driven,804.505,390.183,686.952,488.112,67.649,-50.204,0
3606,60.1601,driven,804.505,390.183,701.603,503.409,67.649,-42.265,0
3607,60.17678,driven,804.505,390.183,719.308,517.267,67.649,-33.838,0
3608,60.19347,driven,803.030,393.649,736.343,531.351,66.238,-25.840,0
3609,60.21015,driven,798.481,403.090,753.419,549.304,62.313,-17.129,0
3610,60.22683,driven,791.190,415.524,770.912,567.174,56.913,-7.616,0
3611,60.24352,driven,780.304,430.228,791.351,582.829,50.058,4.140,0
3612,60.2602,driven,761.610,448.983,817.100,591.566,40.129,21.265,0
3613,60.27688,driven,737.638,465.560,833.667,584.671,29.198,38.876,0
3614,60.29357,driven,714.634,476.024,835.979,569.214,19.723,52.477,0
3615,60.31025,driven,692.506,482.128,832.182,544.574,11.119,65.912,0
3616,60.32693,driven,670.235,484.829,818.294,523.399,2.711,75.399,0
3617,60.34362,driven,649.066,484.364,800.628,505.292,-5.225,82.138,0
3618,60.3603,driven,627.152,480.741,779.724,492.170,-13.550,85.716,0
3619,60.37698,driven,605.053,473.602,757.782,482.702,-22.256,86.590,0
3620,60.39367,driven,584.041,463.051,736.482,476.111,-31.069,85.103,0
3621,60.41035,driven,564.274,448.886,714.843,476.053,-40.186,79.772,0
3622,60.42703,driven,549.247,434.319,696.428,476.113,-48.029,74.147,0
3623,60.44372,driven,537.584,419.635,677.214,482.184,-55.056,65.869,0
3624,60.4604,driven,529.707,407.114,658.416,489.837,-60.598,57.271,0
3625,60.47708,driven,524.714,397.468,638.408,499.853,-64.666,47.996,0
3626,60.49377,driven,524.714,397.468,622.496,515.145,-64.666,39.724,0
3627,60.51045,driven,524.714,397.468,603.596,528.566,-64.666,31.036,0
3628,60.52713,driven,527.239,402.554,584.568,544.407,-62.539,22.006,0
3629,60.54382,driven,532.182,411.345,565.497,560.673,-58.762,12.577,0
3630,60.5605,driven,541.042,424.387,543.751,577.363,-52.855,1.014,0
3631,60.57718,driven,553.274,438.626,518.907,587.717,-45.821,-12.980,0
3632,60.59387,driven,573.836,456.333,492.792,586.106,-35.646,-31.985,0
3633,60.61055,driven,598.223,470.611,489.220,577.976,-25.048,-45.434,0
3634,60.62723,driven,620.278,478.914,486.922,553.915,-16.214,-60.646,0
3635,60.64392,driven,641.511,483.483,494.503,525.881,-8.074,-73.912,0
3636,60.6606,driven,661.869,484.996,510.120,504.521,-0.423,-82.668,0
3637,60.67728,driven,685.729,483.302,532.762,486.468,8.543,-88.814,0
3638,60.69397,driven,707.674,478.333,554.764,473.088,16.977,-91.964,0
3639,60.71065,driven,728.371,470.332,575.544,463.048,25.294,-92.729,0
3640,60.72733,driven,749.540,458.174,596.542,457.356,34.446,-90.306,0
3641,60.74402,driven,767.886,443.391,615.523,457.332,43.277,-84.772,0
3642,60.7607,driven,782.255,427.850,632.111,457.276,51.210,-78.911,0
3643,60.77738,driven,793.153,412.432,647.875,460.426,58.285,-71.718,0
3644,60.79407,driven,800.759,398.570,664.228,467.623,64.209,-63.171,0
3645,60.81075,driven,804.960,389.066,679.312,476.368,68.101,-55.208,0
3646,60.82743,driven,804.960,389.066,690.002,490.030,68.101,-48.708,0
3647,60.84412,driven,804.960,389.066,704.080,504.097,68.101,-41.250,0
3648,60.8608,driven,803.487,392.600,717.164,518.922,66.667,-34.347,0
3649,60.87748,driven,799.152,401.797,727.837,537.160,62.859,-27.782,0
3650,60.89417,driven,792.932,412.788,740.987,556.700,58.128,-19.847,0
3651,60.91085,driven,783.606,426.144,755.885,576.612,52.025,-10.439,0
3652,60.92753,driven,771.119,440.256,772.842,593.246,44.964,0.645,0
3653,60.94422,driven,749.022,458.528,796.372,604.016,34.210,18.028,0
3654,60.9609,driven,722.200,473.083,811.289,597.469,22.763,35.612,0
3655,60.97758,driven,697.070,481.158,811.774,582.411,12.866,48.564,0
3656,60.99427,driven,673.972,484.606,808.443,557.589,4.112,61.509,0
3657,61.01095,driven,651.420,484.561,795.363,536.420,-4.341,70.187,0
3658,61.02763,driven,629.453,481.277,777.913,518.274,-12.665,76.007,0
3659,61.04432,driven,607.147,474.441,757.293,503.855,-21.411,78.916,0
3660,61.061,driven,585.354,463.834,735.639,492.530,-30.497,79.190,0
3661,61.07768,driven,566.770,450.948,715.665,486.149,-38.973,76.699,0
3662,61.09437,driven,551.529,436.800,696.437,485.898,-46.767,71.283,0
3663,61.11105,driven,539.471,422.275,678.561,486.016,-53.841,65.379,0
3664,61.12773,driven,531.185,409.677,662.051,488.943,-59.490,58.797,0
3665,61.14442,driven,525.682,399.474,644.474,495.897,-63.832,50.934,0
3666,61.1611,driven,525.682,399.474,632.563,508.951,-63.832,44.313,0
3667,61.17778,driven,525.682,399.474,618.842,520.841,-63.832,37.509,0
3668,61.19447,driven,527.774,403.575,605.099,535.597,-62.108,30.357,0
3669,61.21115,driven,532.576,411.991,591.883,553.028,-58.479,22.807,0
3670,61.22783,driven,540.342,423.456,577.469,571.883,-53.291,14.044,0
3671,61.24452,driven,553.393,438.749,560.761,591.571,-45.757,2.760,0
3672,61.2612,driven,570.434,453.822,538.511,603.455,-37.229,-12.043,0
3673,61.27788,driven,594.011,468.563,516.680,600.582,-26.802,-30.360,0
3674,61.29457,driven,620.400,478.950,517.606,592.274,-16.167,-42.210,0
3675,61.31125,driven,642.647,483.640,516.363,570.019,-7.644,-55.628,0
3676,61.32793,driven,664.060,484.996,523.541,545.522,0.397,-66.697,0
3677,61.34462,driven,685.708,483.305,538.505,525.020,8.535,-74.178,0
3678,61.3613,driven,707.971,478.242,557.828,507.673,17.093,-78.909,0
3679,61.37798,driven,729.173,469.950,578.203,494.791,25.627,-80.656,0
3680,61.39467,driven,749.935,457.902,599.332,484.880,34.625,-79.844,0
3681,61.41135,driven,767.087,444.138,618.854,482.033,42.868,-75.660,0
3682,61.42803,driven,781.462,428.828,637.934,481.823,50.738,-69.734,0
3683,61.44472,driven,791.883,414.451,654.677,482.152,57.392,-63.737,0
3684,61.4614,driven,798.829,402.424,671.360,487.044,62.594,-56.422,0
3685,61.47808,driven,803.003,393.710,688.048,494.677,66.213,-48.707,0
3686,61.49477,driven,803.003,393.710,700.266,507.086,66.213,-42.182,0
3687,61.51145,driven,803.003,393.710,715.159,518.979,66.213,-35.040,0
3688,61.52813,driven,800.771,398.544,728.780,533.549,64.219,-28.069,0
3689,61.54482,driven,795.862,407.873,741.824,551.013,60.271,-20.682,0
3690,61.5615,driven,788.499,419.516,757.157,569.272,55.110,-11.820,0
3691,61.57818,driven,778.151,432.744,774.046,585.689,48.818,-1.537,0
3692,61.59487,driven,760.825,449.640,796.378,598.452,39.746,13.437,0
3693,61.61155,driven,737.504,465.634,818.709,595.306,29.141,32.056,0
3694,61.62823,driven,711.820,477.002,817.308,587.823,18.608,43.588,0
3695,61.64492,driven,689.705,482.651,818.016,565.990,10.052,56.996,0
3696,61.6616,driven,667.479,484.934,809.667,541.427,1.677,68.332,0
3697,61.67828,driven,646.156,484.070,794.247,522.517,-6.321,75.446,0
3698,61.69497,driven,623.459,479.802,773.918,507.567,-14.978,79.545,0
3699,61.71165,driven,601.439,472.069,752.639,495.472,-23.726,81.201,0
3700,61.72833,driven,581.442,461.450,732.269,487.144,-32.213,80.332,0
3701,61.74502,driven,562.692,447.530,710.523,486.962,-40.966,75.065,0
3702,61.7617,driven,548.013,432.931,691.205,486.829,-48.725,69.374,0
3703,61.77838,driven,537.010,418.807,673.438,488.063,-55.433,63.086,0
3704,61.79507,driven,529.318,406.418,654.590,494.259,-60.896,54.962,0
3705,61.81175,driven,524.647,397.326,635.184,503.111,-64.725,46.258,0
3706,61.82843,driven,524.647,397.326,619.978,516.996,-64.725,38.541,0
3707,61.84512,driven,524.647,397.326,601.923,529.377,-64.725,30.336,0
3708,61.8618,driven,527.339,402.747,583.641,545.011,-62.458,21.591,0
3709,61.87848,driven,532.469,411.816,565.990,561.098,-58.556,12.656,0
3710,61.89517,driven,541.172,424.557,545.727,577.489,-52.775,1.706,0
3711,61.91185,driven,554.436,439.809,520.969,589.104,-45.200,-12.635,0
3712,61.92853,driven,573.542,456.122,495.620,587.793,-35.781,-30.617,0
3713,61.94522,driven,598.047,470.528,491.964,580.780,-25.121,-43.896,0
3714,61.9619,driven,619.293,478.624,489.015,558.853,-16.599,-58.374,0
3715,61.97858,driven,641.235,483.444,495.971,531.482,-8.179,-71.701,0
3716,61.99527,driven,661.684,484.994,510.819,510.468,-0.493,-80.416,0
3717,62.01195,driven,684.218,483.522,531.492,492.672,7.971,-86.571,0
3718,62.02863,driven,707.437,478.405,554.438,479.074,16.884,-89.749,0
3719,62.04532,driven,728.583,470.231,575.593,468.513,25.382,-90.644,0
3720,62.062,driven,749.267,458.360,596.325,462.551,34.322,-88.430,0
3721,62.07868,driven,766.956,444.259,615.050,462.524,42.801,-83.144,0
3722,62.09537,driven,781.298,429.028,632.010,462.523,50.641,-77.354,0
3723,62.11205,driven,792.150,414.032,648.554,466.844,57.578,-69.807,0
3724,62.12873,driven,799.337,401.435,664.722,474.154,63.011,-61.622,0
3725,62.14542,driven,803.725,392.045,680.819,483.167,66.893,-53.447,0
3726,62.1621,driven,803.725,392.045,693.060,497.697,66.893,-46.328,0
3727,62.17878,driven,803.725,392.045,707.433,510.944,66.893,-39.003,0
3728,62.19547,driven,801.393,397.241,720.154,526.892,64.760,-32.071,0
3729,62.21215,driven,796.497,406.750,732.642,545.788,60.754,-24.668,0
3730,62.22883,driven,789.591,417.929,746.798,564.823,55.832,-16.242,0
3731,62.24552,driven,779.020,431.741,762.993,583.899,49.315,-6.013,0
3732,62.2622,driven,762.731,448.029,783.652,599.592,40.680,7.859,0
3733,62.27888,driven,739.494,464.506,807.618,601.502,29.997,26.440,0
3734,62.29557,driven,712.933,476.623,809.894,594.976,19.048,39.326,0
3735,62.31225,driven,689.730,482.647,812.207,574.344,10.061,53.178,0
3736,62.32893,driven,667.181,484.943,806.447,548.299,1.566,65.538,0
3737,62.34562,driven,645.842,484.035,792.435,527.847,-6.439,73.360,0
3738,62.3623,driven,623.704,479.868,773.538,510.831,-14.883,78.324,0
3739,62.37898,driven,601.527,472.107,752.238,498.472,-23.690,80.077,0
3740,62.39567,driven,581.718,461.624,732.302,488.705,-32.090,79.805,0
3741,62.41235,driven,563.754,448.444,712.509,484.234,-40.441,76.472,0
3742,62.42903,driven,549.223,434.292,693.890,484.095,-48.043,71.004,0
3743,62.44572,driven,537.703,419.805,676.461,484.268,-54.978,65.082,0
3744,62.4624,driven,529.971,407.580,659.400,489.171,-60.397,57.773,0
3745,62.47908,driven,525.127,398.332,642.172,496.868,-64.307,49.907,0
3746,62.49577,driven,525.127,398.332,629.425,510.273,-64.307,42.976,0
3747,62.51245,driven,525.127,398.332,614.420,522.573,-64.307,35.705,0
3748,62.52913,driven,527.884,403.781,601.154,538.096,-62.020,28.613,0
3749,62.54582,driven,532.751,412.276,586.448,555.543,-58.354,20.546,0
3750,62.5625,driven,541.468,424.946,571.335,575.002,-52.592,11.257,0
3751,62.57918,driven,554.879,440.253,553.908,593.250,-44.965,-0.363,0
3752,62.59587,driven,573.212,455.884,530.124,602.691,-35.934,-16.357,0
3753,62.61255,driven,597.781,470.403,511.962,597.069,-25.231,-34.119,0
3754,62.62923,driven,622.861,479.641,511.119,584.153,-15.209,-46.915,0
3755,62.64592,driven,645.375,483.982,512.448,559.740,-6.615,-60.320,0
3756,62.6626,driven,666.393,484.962,522.656,537.391,1.271,-69.961,0
3757,62.67928,driven,687.422,483.038,538.616,518.618,9.185,-76.553,0
3758,62.69597,driven,710.539,477.427,559.576,502.314,18.102,-80.639,0
3759,62.71265,driven,732.294,468.409,580.785,489.717,26.930,-81.995,0
3760,62.72933,driven,751.662,456.692,600.834,482.378,35.415,-80.335,0
3761,62.74602,driven,769.794,441.563,621.888,480.713,44.267,-75.174,0
3762,62.7627,driven,783.415,426.388,640.332,480.575,51.909,-69.258,0
3763,62.77938,driven,793.231,412.305,656.506,480.974,58.340,-63.332,0
3764,62.79607,driven,800.219,399.676,674.343,486.649,63.748,-55.358,0
3765,62.81275,driven,803.487,392.599,690.600,495.873,66.667,-47.547,0
3766,62.82943,driven,803.487,392.599,704.099,508.922,66.667,-40.511,0
3767,62.84612,driven,803.487,392.599,719.928,520.767,66.667,-33.103,0
3768,62.8628,driven,800.710,398.671,734.009,536.367,64.166,-25.846,0
3769,62.87948,driven,795.985,407.657,748.512,553.105,60.364,-18.076,0
3770,62.89617,driven,787.582,420.817,764.569,572.076,54.514,-8.651,0
3771,62.91285,driven,776.365,434.749,782.830,587.612,47.812,2.422,0
3772,62.92953,driven,758.031,451.909,806.818,596.922,38.398,18.595,0
3773,62.94622,driven,733.967,467.546,823.986,591.261,27.635,36.041,0
3774,62.9629,driven,709.898,477.635,825.271,578.125,17.850,48.944,0
3775,62.97958,driven,686.942,483.115,822.428,554.196,9.003,62.317,0
3776,62.99627,driven,665.161,484.985,810.431,533.002,0.809,71.709,0
3777,63.01295,driven,643.628,483.769,793.436,514.858,-7.274,78.276,0
3778,63.02963,driven,620.081,478.857,771.557,500.402,-16.291,81.905,0
3779,63.04632,driven,599.279,471.099,751.099,490.062,-24.612,82.881,0
3780,63.063,driven,578.243,459.378,729.383,483.165,-33.640,81.056,0
3781,63.07968,driven,560.635,445.712,709.007,483.056,-41.994,75.872,0
3782,63.09637,driven,546.019,430.613,689.710,483.165,-49.870,69.911,0
3783,63.11305,driven,535.482,416.546,670.783,487.978,-56.455,62.168,0
3784,63.12973,driven,528.412,404.768,651.477,495.674,-61.601,53.547,0
3785,63.14642,driven,524.935,397.931,633.182,506.059,-64.474,45.032,0
3786,63.1631,driven,524.935,397.931,616.710,520.350,-64.474,36.859,0
3787,63.17978,driven,524.935,397.931,598.083,532.313,-64.474,28.561,0
3788,63.19647,driven,528.838,405.551,580.190,549.675,-61.267,19.611,0
3789,63.21315,driven,535.326,416.311,561.377,567.077,-56.561,9.803,0
3790,63.22983,driven,546.103,430.712,541.079,583.629,-49.821,-1.881,0
3791,63.24652,driven,561.455,446.445,515.412,592.353,-41.582,-17.514,0
3792,63.2632,driven,582.428,462.066,494.620,587.361,-31.777,-35.023,0
3793,63.27988,driven,607.691,474.653,492.107,574.900,-21.192,-49.065,0
3794,63.29657,driven,629.847,481.365,492.566,548.913,-12.514,-63.801,0
3795,63.31325,driven,650.431,484.483,502.660,524.138,-4.712,-74.978,0
3796,63.32993,driven,672.491,484.705,520.752,504.313,3.556,-82.637,0
3797,63.34662,driven,695.227,481.567,542.362,488.008,12.159,-87.587,0
3798,63.3633,driven,717.266,475.053,564.266,474.592,20.774,-90.173,0
3799,63.37998,driven,738.206,465.241,585.207,464.720,29.442,-90.195,0
3800,63.39667,driven,758.507,451.530,605.863,461.959,38.626,-86.092,0
3801,63.41335,driven,775.330,435.880,624.552,461.865,47.238,-80.222,0
3802,63.43003,driven,787.933,420.322,640.708,461.964,54.741,-74.207,0
3803,63.44672,driven,797.596,404.752,658.141,467.691,61.608,-65.709,0
3804,63.4634,driven,803.359,392.897,674.857,475.942,66.546,-57.127,0
3805,63.48008,driven,806.771,384.334,692.125,485.651,69.998,-48.532,0
3806,63.49677,driven,806.771,384.334,706.252,499.681,69.998,-41.071,0
3807,63.51345,driven,806.771,384.334,722.286,511.893,69.998,-33.517,0
3808,63.53013,driven,803.741,392.009,735.729,529.061,66.908,-26.393,0
3809,63.54682,driven,798.955,402.179,750.593,547.335,62.698,-18.427,0
3810,63.5635,driven,791.670,414.783,766.869,565.760,57.244,-9.329,0
3811,63.58018,driven,781.001,429.390,785.350,582.328,50.466,1.629,0
3812,63.59687,driven,763.051,447.753,809.686,593.473,40.839,17.746,0
3813,63.61355,driven,739.199,464.675,829.418,588.245,29.870,36.133,0
3814,63.63023,driven,714.612,476.032,829.100,577.528,19.714,48.442,0
3815,63.64692,driven,691.432,482.335,826.813,553.617,10.710,62.232,0
3816,63.6636,driven,669.427,484.865,814.995,531.971,2.407,72.068,0
3817,63.68028,driven,647.528,484.216,797.423,514.880,-5.804,78.438,0
3818,63.69697,driven,624.995,480.205,776.574,501.005,-14.383,82.186,0
3819,63.71365,driven,602.432,472.501,754.366,490.534,-23.320,83.231,0
3820,63.73033,driven,581.751,461.644,732.836,485.779,-32.076,80.924,0
3821,63.74702,driven,563.604,448.316,711.976,485.663,-40.515,75.872,0
3822,63.7637,driven,548.868,433.896,692.791,485.811,-48.242,70.165,0
3823,63.78038,driven,538.009,420.240,674.240,489.884,-54.779,62.923,0
3824,63.79707,driven,530.505,408.511,654.275,498.455,-59.995,53.994,0
3825,63.81375,driven,525.946,400.009,633.603,508.724,-63.608,44.720,0
3826,63.83043,driven,525.946,400.009,617.253,522.777,-63.608,36.639,0
3827,63.84712,driven,525.946,400.009,597.165,535.423,-63.608,27.742,0
3828,63.8638,driven,529.697,407.096,577.942,552.291,-60.605,18.380,0
3829,63.88048,driven,536.252,417.698,558.100,569.130,-55.936,8.209,0
3830,63.89717,driven,547.810,432.699,535.797,585.226,-48.840,-4.503,0
3831,63.91385,driven,563.667,448.370,509.746,591.554,-40.484,-20.636,0
3832,63.93053,driven,584.868,463.546,491.685,584.896,-30.708,-37.520,0
3833,63.94722,driven,607.662,474.642,486.897,568.582,-21.204,-52.122,0
3834,63.9639,driven,629.466,481.280,488.752,541.351,-12.661,-66.882,0
3835,63.98058,driven,649.698,484.421,500.290,517.378,-4.988,-77.560,0
3836,63.99727,driven,672.118,484.728,519.602,496.877,3.417,-85.446,0
3837,64.01395,driven,694.894,481.639,541.901,480.154,12.032,-90.556,0
3838,64.03063,driven,716.323,475.407,563.518,467.684,20.397,-92.894,0
3839,64.04732,driven,738.118,465.290,585.316,457.505,29.404,-92.917,0
3840,64.064,driven,756.812,452.865,603.823,454.702,37.817,-89.312,0
3841,64.08068,driven,773.638,437.679,621.584,454.667,46.313,-83.625,0
3842,64.09737,driven,786.837,421.853,637.404,454.702,54.036,-77.602,0
3843,64.11405,driven,796.402,406.918,652.885,459.944,60.682,-69.722,0
3844,64.13073,driven,802.886,393.976,668.714,467.507,66.105,-61.275,0
3845,64.14742,driven,806.405,385.328,683.889,476.973,69.601,-53.203,0
3846,64.1641,driven,806.405,385.328,695.235,490.448,69.601,-46.602,0
3847,64.18078,driven,806.405,385.328,709.227,503.503,69.601,-39.431,0
3848,64.19747,driven,803.521,392.521,720.083,520.766,66.699,-33.049,0
3849,64.21415,driven,799.112,401.874,731.736,539.240,62.826,-26.127,0
3850,64.23083,driven,792.639,413.257,744.554,558.504,57.921,-18.317,0
3851,64.24752,driven,781.867,428.330,759.456,579.680,50.979,-8.423,0
3852,64.2642,driven,767.487,443.765,777.111,596.462,43.072,3.606,0
3853,64.28088,driven,743.134,462.336,800.374,604.226,31.584,21.970,0
3854,64.29757,driven,715.885,475.569,805.928,599.268,20.222,36.052,0
3855,64.31425,driven,690.489,482.510,808.961,579.327,10.350,50.744,0
3856,64.33093,driven,666.268,484.965,803.270,553.079,1.224,63.565,0
3857,64.34762,driven,644.658,483.897,789.441,533.363,-6.885,71.137,0
3858,64.3643,driven,623.594,479.838,772.113,516.596,-14.925,76.099,0
3859,64.38098,driven,601.128,471.931,750.881,503.284,-23.853,78.175,0
3860,64.39767,driven,580.308,460.729,729.632,494.064,-32.716,77.415,0
3861,64.41435,driven,562.177,447.081,709.284,489.134,-41.222,74.047,0
3862,64.43103,driven,547.155,431.944,689.194,488.809,-49.214,68.182,0
3863,64.44772,driven,536.726,418.394,672.370,489.175,-55.621,62.444,0
3864,64.4644,driven,529.016,405.874,653.935,494.216,-61.129,54.732,0
3865,64.48108,driven,524.872,397.801,636.921,501.984,-64.528,47.083,0
3866,64.49777,driven,524.872,397.801,623.082,515.121,-64.528,39.933,0
3867,64.51445,driven,524.872,397.801,606.564,527.167,-64.528,32.272,0
3868,64.53113,driven,528.247,404.462,592.360,543.381,-61.731,24.774,0
3869,64.54782,driven,533.790,413.937,577.346,560.606,-57.620,16.540,0
3870,64.5645,driven,543.096,427.038,560.015,579.099,-51.599,6.349,0
3871,64.58118,driven,556.697,442.040,539.959,594.121,-44.010,-6.281,0
3872,64.59787,driven,577.367,458.791,515.601,598.769,-34.035,-23.810,0
3873,64.61455,driven,602.388,472.482,506.890,592.019,-23.338,-38.621,0
3874,64.63123,driven,625.710,480.386,504.026,573.133,-14.106,-52.686,0
3875,64.64792,driven,647.544,484.217,508.494,548.047,-5.798,-65.343,0
3876,64.6646,driven,668.718,484.893,521.768,527.492,2.142,-73.834,0
3877,64.68128,driven,690.780,482.457,540.134,509.193,10.461,-79.936,0
3878,64.69797,driven,713.595,476.392,561.687,494.640,19.310,-83.150,0
3879,64.71465,driven,735.566,466.696,583.461,483.218,28.313,-83.801,0
3880,64.73133,driven,754.734,454.450,603.436,477.209,36.839,-81.445,0
3881,64.74802,driven,771.760,439.611,623.414,477.062,45.304,-75.832,0
3882,64.7647,driven,784.455,425.047,640.608,477.172,52.544,-70.081,0
3883,64.78138,driven,794.169,410.763,658.429,481.357,59.016,-62.523,0
3884,64.79807,driven,800.473,399.158,676.146,488.331,63.964,-54.350,0
3885,64.81475,driven,802.888,393.970,691.870,499.249,66.107,-46.520,0
3886,64.83143,driven,802.888,393.970,706.415,512.721,66.107,-39.090,0
3887,64.84812,driven,802.888,393.970,723.309,524.645,66.107,-31.341,0
3888,64.8648,driven,799.528,401.059,738.265,541.259,63.169,-23.604,0
3889,64.88148,driven,794.249,410.630,754.096,558.267,59.075,-15.215,0
3890,64.89817,driven,785.731,423.357,771.158,575.661,53.337,-5.466,0
3891,64.91485,driven,773.667,437.649,791.377,589.621,46.329,6.647,0
3892,64.93153,driven,754.066,454.947,816.048,594.830,36.527,23.898,0
3893,64.94822,driven,729.185,469.944,826.162,588.285,25.632,39.333,0
3894,64.9649,driven,705.903,478.862,829.272,569.355,16.285,53.739,0
3895,64.98158,driven,684.299,483.510,824.656,544.411,8.002,66.544,0
3896,64.99827,driven,663.024,485.000,810.799,524.643,0.009,74.983,0
3897,65.01495,driven,641.468,483.477,792.580,507.443,-8.090,80.988,0
3898,65.03163,driven,617.991,478.230,770.085,494.855,-17.108,83.762,0
3899,65.04832,driven,597.528,470.284,749.862,484.552,-25.336,84.649,0
3900,65.065,driven,576.963,458.517,728.419,480.201,-34.217,81.852,0
3901,65.08168,driven,558.961,444.182,707.690,480.078,-42.843,76.431,0
3902,65.09837,driven,545.520,430.017,690.047,480.226,-50.161,70.843,0
3903,65.11505,driven,535.370,416.377,671.517,486.184,-56.531,62.854,0
3904,65.13173,driven,528.168,404.314,652.714,493.181,-61.794,54.491,0
3905,65.14842,driven,526.007,400.132,636.854,505.592,-63.557,46.427,0
3906,65.1651,driven,526.007,400.132,620.948,520.112,-63.557,38.355,0
3907,65.18178,driven,526.007,400.132,602.443,532.671,-63.557,29.972,0
3908,65.19847,driven,530.002,407.634,585.790,550.101,-60.374,21.385,0
3909,65.21515,driven,536.666,418.306,568.072,568.048,-55.661,11.845,0
3910,65.23183,driven,547.589,432.445,548.573,585.442,-48.966,0.369,0
3911,65.24852,driven,563.571,448.287,523.455,595.935,-40.531,-15.200,0
3912,65.2652,driven,585.310,463.808,501.489,591.804,-30.516,-33.219,0
3913,65.28188,driven,611.091,475.925,499.955,581.081,-19.833,-46.584,0
3914,65.29857,driven,632.909,482.012,499.115,556.229,-11.342,-60.982,0
3915,65.31525,driven,653.337,484.695,507.169,529.904,-3.621,-72.813,0
3916,65.33193,driven,676.332,484.418,525.318,508.992,4.999,-80.758,0
3917,65.34862,driven,698.831,480.745,546.248,492.041,13.544,-85.766,0
3918,65.3653,driven,720.374,473.835,567.429,477.944,22.024,-88.461,0
3919,65.38198,driven,741.894,463.091,588.964,467.708,31.041,-88.271,0
3920,65.39867,driven,760.456,449.947,608.027,463.153,39.566,-85.048,0
3921,65.41535,driven,777.137,433.891,626.938,463.034,48.244,-79.019,0
3922,65.43203,driven,789.308,418.344,643.018,463.156,55.644,-72.969,0
3923,65.44872,driven,798.169,403.682,659.393,468.103,62.062,-65.099,0
3924,65.4654,driven,803.941,391.538,675.623,474.866,67.099,-57.001,0
3925,65.48208,driven,805.991,386.431,689.459,485.574,69.160,-49.609,0
3926,65.49877,driven,805.991,386.431,702.029,498.684,69.160,-42.804,0
3927,65.51545,driven,805.991,386.431,717.305,511.106,69.160,-35.426,0
3928,65.53213,driven,803.077,393.542,728.817,527.312,66.282,-29.036,0
3929,65.54882,driven,797.981,404.035,741.621,546.276,61.913,-21.615,0
3930,65.5655,driven,790.401,416.722,755.534,565.696,56.376,-13.173,0
3931,65.58218,driven,780.268,430.271,772.185,583.057,50.037,-3.029,0
3932,65.59887,driven,763.642,447.240,793.223,597.353,41.132,11.148,0
3933,65.61555,driven,739.419,464.549,816.735,596.576,29.965,30.353,0
3934,65.63223,driven,712.614,476.732,814.807,590.599,18.922,41.907,0
3935,65.64892,driven,690.304,482.544,816.087,569.651,10.280,55.297,0
3936,65.6656,driven,666.334,484.964,807.639,543.631,1.249,67.453,0
3937,65.68228,driven,644.965,483.933,792.218,525.476,-6.769,74.245,0
3938,65.69897,driven,622.573,479.562,772.499,510.077,-15.321,78.496,0
3939,65.71565,driven,599.546,471.221,750.114,498.392,-24.502,79.771,0
3940,65.73233,driven,579.429,460.159,729.611,489.388,-33.108,78.987,0
3941,65.74902,driven,562.148,447.056,709.235,489.177,-41.236,74.020,0
3942,65.7657,driven,547.821,432.712,690.050,489.103,-48.834,68.373,0
3943,65.78238,driven,536.729,418.399,671.903,490.072,-55.619,62.066,0
3944,65.79907,driven,529.808,407.291,653.707,497.057,-60.521,54.076,0
3945,65.81575,driven,525.699,399.510,634.895,506.679,-63.817,45.537,0
3946,65.83243,driven,525.699,399.510,619.639,520.275,-63.817,37.878,0
3947,65.84912,driven,525.699,399.510,601.908,532.179,-63.817,29.874,0
3948,65.8658,driven,529.482,406.713,585.330,549.156,-60.770,21.409,0
3949,65.88248,driven,535.621,416.756,567.349,566.430,-56.361,11.968,0
3950,65.89917,driven,545.881,430.449,547.903,583.435,-49.950,0.757,0
3951,65.91585,driven,561.189,446.208,522.956,594.354,-41.715,-14.471,0
3952,65.93253,driven,582.155,461.897,500.122,591.046,-31.897,-32.423,0
3953,65.94922,driven,607.213,474.467,498.855,582.483,-21.384,-45.090,0
3954,65.9659,driven,628.533,481.067,496.902,559.057,-13.019,-59.353,0
3955,65.98258,driven,649.025,484.360,503.848,532.657,-5.241,-71.599,0
3956,65.99927,driven,670.195,484.831,519.668,512.230,2.695,-79.684,0
3957,66.01595,driven,693.356,481.958,540.884,494.656,11.444,-85.240,0
3958,66.03263,driven,715.205,475.818,562.315,481.614,19.950,-87.829,0
3959,66.04932,driven,735.610,466.673,582.709,472.173,28.332,-87.940,0
3960,66.066,driven,755.532,453.848,603.059,466.536,37.213,-85.243,0
3961,66.08268,driven,772.000,439.368,621.424,466.494,45.432,-79.788,0
3962,66.09937,driven,785.273,423.969,638.315,466.540,53.051,-73.845,0
3963,66.11605,driven,794.726,409.828,655.056,472.288,59.424,-65.906,0
3964,66.13273,driven,800.973,398.125,671.574,479.764,64.393,-57.752,0
3965,66.14942,driven,803.263,393.116,685.513,490.808,66.456,-50.319,0
3966,66.1661,driven,803.263,393.116,698.826,504.928,66.456,-43.047,0
3967,66.18278,driven,803.263,393.116,714.205,517.525,66.456,-35.597,0
3968,66.19947,driven,799.839,400.440,726.386,534.655,63.428,-28.691,0
3969,66.21615,driven,794.318,410.515,739.474,553.348,59.125,-21.005,0
3970,66.23283,driven,786.887,421.783,755.453,571.519,54.069,-11.856,0
3971,66.24952,driven,775.261,435.955,772.564,588.931,47.200,-1.010,0
3972,66.2662,driven,756.525,453.087,796.226,600.847,37.682,15.040,0
3973,66.28288,driven,731.298,468.910,816.781,595.803,26.513,33.967,0
3974,66.29957,driven,707.726,478.317,816.121,586.296,16.997,45.110,0
3975,66.31625,driven,683.989,483.553,815.185,562.272,7.885,59.036,0
3976,66.33293,driven,661.553,484.993,804.788,538.779,-0.542,69.419,0
3977,66.34962,driven,640.870,483.391,789.413,520.053,-8.316,76.136,0
3978,66.3663,driven,617.975,478.225,768.637,504.870,-17.114,79.971,0
3979,66.38298,driven,597.290,470.171,748.631,492.645,-25.434,81.553,0
3980,66.39967,driven,577.341,458.774,728.003,485.422,-34.046,79.970,0
3981,66.41635,driven,559.548,444.724,707.251,484.634,-42.544,74.880,0
3982,66.43303,driven,546.326,430.976,689.663,484.488,-49.692,69.528,0
3983,66.44972,driven,536.081,417.443,673.435,484.844,-56.051,63.863,0
3984,66.4664,driven,529.023,405.887,655.962,491.300,-61.124,56.065,0
3985,66.48308,driven,526.619,401.348,641.380,502.535,-63.047,48.597,0
3986,66.49977,driven,526.619,401.348,628.225,515.738,-63.047,41.613,0
3987,66.51645,driven,526.619,401.348,612.589,527.910,-63.047,34.187,0
3988,66.53313,driven,529.900,407.455,598.635,544.146,-60.451,26.695,0
3989,66.54982,driven,536.727,418.395,585.140,563.534,-55.620,18.447,0
3990,66.5665,driven,547.170,431.962,569.489,583.325,-49.206,8.388,0
3991,66.58318,driven,561.371,446.370,550.148,598.958,-41.624,-4.207,0
3992,66.59987,driven,582.716,462.244,525.834,604.277,-31.650,-21.825,0
3993,66.61655,driven,608.733,475.053,516.117,596.836,-20.774,-37.253,0
3994,66.63323,driven,632.903,482.011,513.250,577.364,-11.345,-51.448,0
3995,66.64992,driven,654.497,484.764,517.252,552.386,-3.186,-63.770,0
3996,66.6666,driven,675.245,484.509,529.622,531.446,4.590,-72.135,0
3997,66.68328,driven,697.575,481.042,547.774,512.167,13.061,-78.262,0
3998,66.69997,driven,720.115,473.940,568.866,497.021,21.919,-81.324,0
3999,66.71665,driven,741.788,463.154,590.309,484.676,30.994,-81.914,0
4000,66.73333,driven,760.493,449.916,610.064,477.850,39.584,-79.480,0
4001,66.75002,driven,776.325,434.793,629.427,477.573,47.790,-73.763,0
4002,66.7667,driven,788.669,419.272,647.088,477.270,55.222,-67.724,0
4003,66.78338,driven,797.076,405.706,662.665,478.801,61.201,-61.462,0
4004,66.80007,driven,803.004,393.708,680.010,484.710,66.214,-53.503,0
4005,66.81675,driven,804.764,389.550,693.919,495.013,67.905,-46.425,0
4006,66.83343,driven,804.764,389.550,707.372,507.549,67.905,-39.535,0
4007,66.85012,driven,804.764,389.550,723.312,519.066,67.905,-32.166,0
4008,66.8668,driven,801.667,396.656,736.139,534.913,65.002,-25.359,0
4009,66.88348,driven,796.573,406.615,750.144,552.400,60.812,-17.665,0
4010,66.90017,driven,788.770,419.126,765.385,570.329,55.288,-8.791,0
4011,66.91685,driven,777.187,433.835,783.127,586.719,48.273,2.225,0
4012,66.93353,driven,758.971,451.158,806.694,596.525,38.848,18.175,0
4013,66.95022,driven,734.325,467.358,824.150,591.215,27.786,35.951,0
4014,66.9669,driven,709.794,477.668,824.467,578.956,17.809,48.547,0
4015,66.98358,driven,687.360,483.048,822.148,555.446,9.162,61.758,0
4016,67.00027,driven,665.169,484.985,809.633,535.373,0.812,70.771,0
4017,67.01695,driven,643.651,483.772,792.850,517.666,-7.265,77.201,0
4018,67.03363,driven,620.709,479.039,771.705,503.727,-16.046,80.714,0
4019,67.05032,driven,599.099,471.017,750.364,493.992,-24.686,81.364,0
4020,67.067,driven,578.382,459.471,728.823,487.340,-33.577,79.505,0
4021,67.08368,driven,561.120,446.147,708.514,487.182,-41.750,74.442,0
4022,67.10037,driven,547.258,432.064,689.944,487.289,-49.155,68.842,0
4023,67.11705,driven,537.074,418.900,671.108,492.683,-55.391,61.168,0
4024,67.13373,driven,530.280,408.120,652.467,500.203,-60.164,52.998,0
4025,67.15042,driven,527.884,403.783,635.853,512.189,-62.020,44.884,0
4026,67.1671,driven,527.884,403.783,619.265,526.496,-62.020,36.674,0
4027,67.18378,driven,527.884,403.783,600.041,538.700,-62.020,28.139,0
4028,67.20047,driven,532.074,411.166,583.037,555.429,-58.840,19.457,0
4029,67.21715,driven,539.051,421.698,563.742,572.692,-54.108,9.287,0
4030,67.23383,driven,550.675,435.885,542.684,588.676,-47.236,-2.994,0
4031,67.25052,driven,567.096,451.212,516.991,595.775,-38.816,-19.116,0
4032,67.2672,driven,589.932,466.425,499.011,589.480,-28.527,-36.459,0
4033,67.28388,driven,613.264,476.690,494.975,573.730,-18.970,-50.636,0
4034,67.30057,driven,634.783,482.376,496.374,547.581,-10.628,-64.775,0
4035,67.31725,driven,655.878,484.834,507.727,523.048,-2.668,-75.536,0
4036,67.33393,driven,677.865,484.276,525.994,502.826,5.576,-83.036,0
4037,67.35062,driven,699.589,480.561,546.711,486.670,13.836,-87.712,0
4038,67.3673,driven,721.172,473.510,568.173,473.150,22.347,-90.135,0
4039,67.38398,driven,741.609,463.262,588.609,463.499,30.916,-89.911,0
4040,67.40067,driven,760.563,449.858,607.803,458.416,39.618,-86.793,0
4041,67.41735,driven,776.271,434.853,625.086,458.354,47.760,-81.165,0
4042,67.43403,driven,788.507,419.504,640.539,458.417,55.116,-75.266,0
4043,67.45072,driven,797.122,405.623,655.616,463.803,61.237,-67.650,0
4044,67.4674,driven,802.712,394.366,670.516,471.393,65.944,-59.772,0
4045,67.48408,driven,804.961,389.061,683.118,481.598,68.103,-52.784,0
4046,67.50077,driven,804.961,389.061,694.530,494.956,68.103,-46.201,0
4047,67.51745,driven,804.961,389.061,708.245,507.615,68.103,-39.208,0
4048,67.53413,driven,801.879,396.200,718.524,524.500,65.190,-33.011,0
4049,67.55082,driven,796.977,405.887,729.038,542.975,61.124,-26.362,0
4050,67.5675,driven,789.890,417.487,741.547,562.649,56.031,-18.419,0
4051,67.58418,driven,779.039,431.719,755.922,582.962,49.326,-8.690,0
4052,67.60087,driven,763.018,447.782,773.221,600.441,40.822,3.824,0
4053,67.61755,driven,738.343,465.163,795.824,606.955,29.501,22.067,0
4054,67.63423,driven,710.876,477.317,800.600,601.246,18.235,35.904,0
4055,67.65092,driven,686.332,483.211,803.244,581.904,8.771,49.830,0
4056,67.6676,driven,661.918,484.996,797.937,555.053,-0.405,62.749,0
4057,67.68428,driven,642.280,483.591,786.188,535.547,-7.783,70.149,0
4058,67.70097,driven,620.440,478.962,768.138,518.892,-16.151,74.872,0
4059,67.71765,driven,598.418,470.702,747.384,505.603,-24.968,76.814,0
4060,67.73433,driven,577.813,459.092,726.466,495.304,-33.833,76.309,0
4061,67.75102,driven,561.056,446.089,707.500,490.397,-41.782,73.166,0
4062,67.7677,driven,546.985,431.747,688.398,490.153,-49.312,67.558,0
4063,67.78438,driven,536.619,418.237,671.586,490.299,-55.692,61.901,0
4064,67.80107,driven,529.494,406.733,654.032,495.610,-60.761,54.486,0
4065,67.81775,driven,527.346,402.759,640.874,505.328,-62.453,47.904,0
4066,67.83443,driven,527.346,402.759,627.918,518.060,-62.453,41.097,0
4067,67.85112,driven,527.346,402.759,613.042,529.508,-62.453,34.063,0
4068,67.8678,driven,531.598,410.374,600.695,546.883,-59.186,26.847,0
4069,67.88448,driven,537.014,418.813,586.875,563.460,-55.431,19.019,0
4070,67.90117,driven,547.004,431.769,571.940,582.723,-49.301,9.380,0
4071,67.91785,driven,562.225,447.123,553.783,599.890,-41.198,-3.163,0
4072,67.93453,driven,582.508,462.116,530.537,606.018,-31.742,-19.857,0
4073,67.95122,driven,608.655,475.023,518.495,598.636,-20.805,-36.106,0
4074,67.9679,driven,633.114,482.053,516.268,580.826,-11.264,-49.791,0
4075,67.98458,driven,653.187,484.685,518.614,557.480,-3.677,-61.589,0
4076,68.00127,driven,673.480,484.641,529.783,537.176,3.928,-69.918,0
4077,68.01795,driven,695.602,481.486,546.964,517.762,12.303,-76.285,0
4078,68.03463,driven,718.736,474.487,568.234,502.023,21.364,-79.632,0
4079,68.05132,driven,739.438,464.538,588.724,490.885,29.973,-80.084,0
4080,68.068,driven,758.217,451.762,608.348,482.558,38.486,-78.388,0
4081,68.08468,driven,773.986,437.314,627.770,482.370,46.502,-72.874,0
4082,68.10137,driven,786.053,422.923,645.020,482.241,53.540,-67.189,0
4083,68.11805,driven,794.716,409.845,661.123,484.424,59.416,-60.828,0
4084,68.13473,driven,800.650,398.793,678.070,490.352,64.116,-53.243,0
4085,68.15142,driven,801.308,397.420,689.730,502.107,64.686,-46.825,0
4086,68.1681,driven,801.308,397.420,702.459,514.202,64.686,-40.246,0
4087,68.18478,driven,801.308,397.420,717.803,525.623,64.686,-33.078,0
4088,68.20147,driven,797.508,404.915,729.909,542.172,61.538,-26.220,0
4089,68.21815,driven,791.631,414.843,743.155,559.961,57.217,-18.472,0
4090,68.23483,driven,782.787,427.184,758.400,578.228,51.529,-9.172,0
4091,68.25152,driven,770.416,440.953,775.697,593.862,44.593,1.978,0
4092,68.2682,driven,749.037,458.518,798.880,603.171,34.217,19.013,0
4093,68.28488,driven,724.263,472.199,813.869,596.215,23.604,35.850,0
4094,68.30157,driven,700.163,480.418,815.130,581.371,14.058,48.714,0
4095,68.31825,driven,677.938,484.269,812.313,557.428,5.603,61.434,0
4096,68.33493,driven,654.999,484.791,799.061,536.318,-2.998,70.319,0
4097,68.35162,driven,634.130,482.252,782.668,518.930,-10.877,76.129,0
4098,68.3683,driven,611.936,476.227,762.312,504.445,-19.496,79.372,0
4099,68.38498,driven,590.417,466.687,741.163,492.854,-28.320,80.153,0
4100,68.40167,driven,571.529,454.646,721.104,486.839,-36.716,77.854,0
4101,68.41835,driven,554.951,440.326,700.786,486.600,-44.927,72.395,0
4102,68.43503,driven,542.188,425.880,682.613,486.623,-52.150,66.608,0
4103,68.45172,driven,533.508,413.491,666.114,489.811,-57.817,60.078,0
4104,68.4684,driven,527.283,402.638,648.011,496.625,-62.504,52.099,0
4105,68.48508,driven,526.662,401.432,634.694,509.774,-63.012,44.918,0
4106,68.50177,driven,526.662,401.432,619.514,523.036,-63.012,37.364,0
4107,68.51845,driven,526.662,401.432,602.345,534.403,-63.012,29.647,0
4108,68.53513,driven,531.232,409.757,587.360,552.089,-59.455,21.522,0
4109,68.55182,driven,538.488,420.915,571.795,570.246,-54.469,12.573,0
4110,68.5685,driven,550.375,435.559,553.781,588.521,-47.401,1.276,0
4111,68.58518,driven,567.171,451.272,529.831,599.646,-38.780,-14.126,0
4112,68.60187,driven,590.787,466.886,508.096,595.616,-28.163,-32.715,0
4113,68.61855,driven,614.704,477.177,507.877,586.708,-18.401,-44.284,0
4114,68.63523,driven,637.333,482.832,507.166,563.241,-9.658,-58.295,0
4115,68.65192,driven,657.786,484.911,514.412,538.323,-1.953,-69.568,0
4116,68.6686,driven,680.363,484.012,531.263,518.336,6.516,-77.036,0
4117,68.68528,driven,702.623,479.780,551.062,500.721,15.009,-82.133,0
4118,68.70197,driven,724.374,472.151,572.181,487.839,23.649,-84.115,0
4119,68.71865,driven,744.556,461.451,592.502,478.439,32.211,-83.625,0
4120,68.73533,driven,763.481,447.380,613.105,475.591,41.052,-79.374,0
4121,68.75202,driven,778.633,432.190,631.851,475.365,49.093,-73.609,0
4122,68.7687,driven,790.251,416.947,648.957,475.641,56.275,-67.442,0
4123,68.78538,driven,798.023,403.956,665.996,481.272,61.946,-59.647,0
4124,68.80207,driven,803.199,393.264,683.555,488.629,66.396,-51.443,0
4125,68.81875,driven,803.199,393.264,696.044,502.475,66.396,-44.455,0
4126,68.83543,driven,803.199,393.264,711.613,515.825,66.396,-36.770,0
4127,68.85212,driven,803.008,393.699,728.485,527.322,66.218,-29.149,0
4128,68.8688,driven,798.936,402.216,742.722,544.515,62.682,-21.556,0
4129,68.88548,driven,792.279,413.828,758.296,563.007,57.668,-12.833,0
4130,68.90217,driven,782.937,426.995,775.507,579.815,51.619,-2.783,0
4131,68.91885,driven,768.204,443.091,797.231,593.312,43.441,10.936,0
4132,68.93553,driven,745.136,461.084,822.101,593.316,32.469,30.201,0
4133,68.95222,driven,720.638,473.728,822.827,587.598,22.130,41.906,0
4134,68.9689,driven,698.425,480.842,824.995,566.803,13.388,55.817,0
4135,68.98558,driven,676.727,484.383,818.757,541.273,5.147,68.171,0
4136,69.00227,driven,655.167,484.799,803.559,522.066,-2.935,75.903,0
4137,69.01895,driven,631.944,481.815,783.106,505.457,-11.711,81.111,0
4138,69.03563,driven,609.502,475.342,761.374,493.887,-20.467,83.038,0
4139,69.05232,driven,588.182,465.459,739.813,485.880,-29.275,82.330,0
4140,69.069,driven,569.619,453.198,719.213,485.303,-37.614,77.887,0
4141,69.08568,driven,553.029,438.374,698.705,485.147,-45.952,72.199,0
4142,69.10237,driven,540.530,423.706,680.524,485.436,-53.174,66.205,0
4143,69.11905,driven,531.832,410.765,661.618,491.786,-59.016,58.025,0
4144,69.13573,driven,525.936,399.989,641.130,500.685,-63.617,48.842,0
4145,69.15242,driven,525.936,399.989,625.862,515.851,-63.617,40.776,0
4146,69.1691,driven,525.936,399.989,607.656,529.337,-63.617,32.284,0
4147,69.18578,driven,526.565,401.242,586.762,541.902,-63.092,23.169,0
4148,69.20247,driven,531.521,410.245,567.908,558.856,-59.242,13.758,0
4149,69.21915,driven,539.398,422.175,547.618,574.954,-53.887,3.080,0
4150,69.23583,driven,552.323,437.639,522.612,587.726,-46.334,-11.197,0
4151,69.25252,driven,570.852,454.138,496.006,587.581,-37.033,-29.287,0
4152,69.2692,driven,595.418,469.265,490.358,580.492,-26.213,-43.367,0
4153,69.28588,driven,617.009,477.924,486.885,558.403,-17.493,-58.264,0
4154,69.30257,driven,639.235,483.143,493.775,530.581,-8.936,-71.938,0
4155,69.31925,driven,660.674,484.982,509.586,509.094,-0.871,-80.933,0
4156,69.33593,driven,683.796,483.580,530.933,490.046,7.812,-87.578,0
4157,69.35262,driven,706.442,478.703,553.461,476.275,16.495,-90.909,0
4158,69.3693,driven,728.319,470.356,575.441,464.260,25.272,-92.284,0
4159,69.38598,driven,749.216,458.396,596.222,456.962,34.298,-90.537,0
4160,69.40267,driven,766.997,444.222,614.527,456.951,42.821,-85.228,0
4161,69.41935,driven,782.051,428.104,631.792,456.938,51.088,-79.137,0
4162,69.43603,driven,793.692,411.553,648.794,460.681,58.671,-71.270,0
4163,69.45272,driven,801.421,397.181,665.363,467.161,64.785,-62.781,0
4164,69.4694,driven,805.938,386.570,681.836,476.057,69.104,-54.205,0
4165,69.48608,driven,806.275,385.678,694.709,490.377,69.462,-46.819,0
4166,69.50277,driven,806.275,385.678,709.771,504.404,69.462,-39.105,0
4167,69.51945,driven,806.275,385.678,726.504,516.236,69.462,-31.425,0
4168,69.53613,driven,802.723,394.341,740.042,533.911,65.955,-24.185,0
4169,69.55282,driven,797.412,405.092,754.861,552.056,61.463,-16.147,0
4170,69.5695,driven,788.737,419.173,771.009,571.143,55.266,-6.654,0
4171,69.58618,driven,776.375,434.738,790.285,587.104,47.818,5.216,0
4172,69.60287,driven,756.090,453.421,814.419,594.867,37.476,22.410,0
4173,69.61955,driven,731.531,468.794,824.623,590.214,26.610,37.477,0
4174,69.63623,driven,705.992,478.836,827.141,572.279,16.319,52.357,0
4175,69.65292,driven,682.877,483.703,822.321,546.665,7.465,65.700,0
4176,69.6696,driven,660.537,484.980,807.707,526.816,-0.922,74.131,0
4177,69.68628,driven,637.719,482.897,788.286,510.075,-9.511,79.768,0
4178,69.70297,driven,614.488,477.105,766.193,496.970,-18.486,82.540,0
4179,69.71965,driven,592.613,467.848,744.326,487.651,-27.390,82.563,0
4180,69.73633,driven,572.636,455.464,722.712,485.233,-36.201,78.781,0
4181,69.75302,driven,555.903,441.267,702.488,485.105,-44.425,73.350,0
4182,69.7697,driven,542.870,426.751,684.223,485.303,-51.736,67.499,0
4183,69.78638,driven,533.147,412.914,664.777,490.904,-58.072,59.353,0
4184,69.80307,driven,526.989,402.071,645.045,499.395,-62.743,50.498,0
4185,69.81975,driven,526.252,400.622,630.180,512.907,-63.352,42.786,0
4186,69.83643,driven,526.252,400.622,611.664,527.562,-63.352,33.935,0
4187,69.85312,driven,526.252,400.622,591.720,538.908,-63.352,25.334,0
4188,69.8698,driven,531.032,409.418,573.944,556.277,-59.602,16.288,0
4189,69.88648,driven,539.037,421.678,554.312,573.913,-54.117,5.730,0
4190,69.90317,driven,551.080,436.321,531.915,588.116,-47.012,-7.196,0
4191,69.91985,driven,568.800,452.563,505.877,592.025,-38.002,-24.284,0
4192,69.93653,driven,592.332,467.702,492.950,584.030,-27.508,-40.508,0
4193,69.95322,driven,614.225,477.017,489.118,565.091,-18.590,-54.855,0
4194,69.9699,driven,636.377,482.666,493.770,538.096,-10.021,-68.759,0
4195,69.98658,driven,657.151,484.888,507.371,516.113,-2.191,-78.224,0
4196,70.00327,driven,680.649,483.979,528.183,496.745,6.624,-85.214,0
4197,70.01995,driven,702.404,479.839,549.408,480.926,14.924,-89.593,0
4198,70.03663,driven,725.102,471.830,572.152,467.945,23.947,-91.455,0
4199,70.05332,driven,745.703,460.721,592.708,459.542,32.721,-90.442,0
4200,70.07,driven,764.199,446.751,611.733,459.521,41.409,-85.212,0
4201,70.08668,driven,779.809,430.816,629.511,459.445,49.770,-79.216,0
4202,70.10337,driven,791.067,415.713,644.839,460.730,56.829,-72.889,0
4203,70.12005,driven,799.102,401.894,660.585,466.869,62.818,-64.870,0
4204,70.13673,driven,804.150,391.040,676.573,475.498,67.302,-56.495,0
4205,70.15342,driven,805.156,388.574,688.542,487.619,68.299,-49.657,0
4206,70.1701,driven,805.156,388.574,701.785,501.371,68.299,-42.503,0
4207,70.18678,driven,805.156,388.574,716.766,513.458,68.299,-35.290,0
4208,70.20347,driven,801.747,396.485,729.004,531.086,65.073,-28.388,0
4209,70.22015,driven,796.379,406.960,741.547,549.797,60.664,-21.001,0
4210,70.23683,driven,788.184,419.966,755.938,569.529,54.905,-12.167,0
4211,70.25352,driven,776.170,434.964,772.631,587.923,47.703,-1.325,0
4212,70.2702,driven,757.365,452.433,795.499,600.605,38.080,14.432,0
4213,70.28688,driven,730.856,469.130,816.144,596.153,26.328,33.879,0
4214,70.30357,driven,704.358,479.304,814.160,585.852,15.683,45.862,0
4215,70.32025,driven,681.202,483.913,812.745,562.052,6.833,59.289,0
4216,70.33693,driven,659.158,484.952,801.840,540.185,-1.439,68.838,0
4217,70.35362,driven,637.129,482.797,785.213,521.267,-9.735,75.437,0
4218,70.3703,driven,615.622,477.480,765.848,506.484,-18.039,79.072,0
4219,70.38698,driven,593.398,468.252,743.871,495.947,-27.059,79.571,0
4220,70.40367,driven,573.542,456.122,723.023,488.747,-35.781,77.688,0
4221,70.42035,driven,556.993,442.325,702.863,488.486,-43.857,72.440,0
4222,70.43703,driven,543.777,427.890,684.334,488.327,-51.191,66.733,0
4223,70.45372,driven,534.320,414.768,667.196,490.617,-57.250,60.281,0
4224,70.4704,driven,527.973,403.950,649.491,496.915,-61.949,52.583,0
4225,70.48708,driven,526.932,401.961,635.438,509.829,-62.789,45.169,0
4226,70.50377,driven,526.932,401.961,620.191,523.254,-62.789,37.556,0
4227,70.52045,driven,526.932,401.961,602.916,534.760,-62.789,29.777,0
4228,70.53713,driven,530.971,409.314,587.909,551.325,-59.647,21.848,0
4229,70.55382,driven,537.645,419.722,571.341,568.965,-55.016,12.723,0
4230,70.5705,driven,549.694,434.814,552.914,587.780,-47.779,1.206,0
4231,70.58718,driven,565.270,449.719,529.051,598.370,-39.699,-13.693,0
4232,70.60387,driven,588.263,465.504,507.086,595.193,-29.240,-32.044,0
4233,70.62055,driven,612.277,476.348,506.642,587.028,-19.361,-43.664,0
4234,70.63723,driven,634.965,482.410,505.245,563.537,-10.558,-57.978,0
4235,70.65392,driven,655.538,484.818,512.087,538.021,-2.795,-69.651,0
4236,70.6706,driven,677.359,484.325,528.077,517.851,5.385,-77.342,0
4237,70.68728,driven,699.878,480.489,548.240,500.856,13.948,-82.350,0
4238,70.70397,driven,722.566,472.929,570.191,486.738,22.912,-84.822,0
4239,70.72065,driven,743.148,462.328,590.870,477.176,31.590,-84.431,0
4240,70.73733,driven,762.178,448.502,611.291,473.847,40.407,-80.465,0
4241,70.75402,driven,777.669,433.292,630.096,473.682,48.544,-74.693,0
4242,70.7707,driven,789.101,418.646,646.422,473.890,55.506,-68.834,0
4243,70.78738,driven,797.157,405.558,663.068,479.240,61.264,-61.211,0
4244,70.80407,driven,802.270,395.348,679.683,486.899,65.541,-53.246,0
4245,70.82075,driven,802.270,395.348,691.203,500.577,65.541,-46.546,0
4246,70.83743,driven,802.270,395.348,705.490,513.850,65.541,-39.238,0
4247,70.85412,driven,802.174,395.558,721.744,525.712,65.455,-31.715,0
4248,70.8708,driven,798.107,403.799,734.332,542.874,62.013,-24.635,0
4249,70.88748,driven,792.452,413.555,748.610,560.139,57.789,-16.652,0
4250,70.90417,driven,783.214,426.645,764.866,578.541,51.786,-6.887,0
4251,70.92085,driven,769.833,441.525,783.950,593.873,44.287,5.294,0
4252,70.93753,driven,748.352,458.981,807.555,600.062,33.908,22.765,0
4253,70.95422,driven,722.326,473.030,816.188,593.856,22.815,37.841,0
4254,70.9709,driven,698.899,480.729,819.096,575.396,13.570,51.776,0
4255,70.98758,driven,676.125,484.436,814.471,549.778,4.921,64.718,0
4256,71.00427,driven,653.209,484.686,799.695,528.856,-3.669,73.221,0
4257,71.02095,driven,631.912,481.808,781.946,511.788,-11.723,78.700,0
4258,71.03763,driven,609.672,475.406,760.892,498.675,-20.399,81.252,0
4259,71.05432,driven,587.879,465.288,739.122,488.405,-29.406,81.310,0
4260,71.071,driven,569.467,453.081,719.316,483.972,-37.686,78.352,0
4261,71.08768,driven,554.473,439.847,701.018,483.819,-45.180,73.297,0
4262,71.10437,driven,541.615,425.138,682.836,484.007,-52.501,67.371,0
4263,71.12105,driven,533.093,412.828,665.904,488.791,-58.110,60.232,0
4264,71.13773,driven,527.208,402.494,648.111,496.257,-62.565,52.206,0
4265,71.15442,driven,527.208,402.494,635.480,510.597,-62.565,45.045,0
4266,71.1711,driven,527.208,402.494,620.466,523.787,-62.565,37.555,0
4267,71.18778,driven,527.836,403.693,603.602,536.616,-62.058,29.683,0
4268,71.20447,driven,532.135,411.267,588.072,553.675,-58.796,21.445,0
4269,71.22115,driven,539.674,422.552,572.087,572.079,-53.712,12.231,0
4270,71.23783,driven,552.258,437.571,554.629,590.552,-46.370,0.888,0
4271,71.25452,driven,569.941,453.446,530.298,601.221,-37.461,-15.017,0
4272,71.2712,driven,593.256,468.179,510.013,596.552,-27.119,-32.962,0
4273,71.28788,driven,619.231,478.606,509.413,585.138,-16.623,-45.870,0
4274,71.30457,driven,642.324,483.596,509.846,560.139,-7.767,-59.982,0
4275,71.32125,driven,663.246,485.000,519.103,536.300,0.092,-70.409,0
4276,71.33793,driven,685.069,483.400,535.488,515.561,8.294,-77.866,0
4277,71.35462,driven,708.058,478.215,556.428,498.644,17.127,-82.327,0
4278,71.3713,driven,729.073,469.997,576.832,485.214,25.585,-84.292,0
4279,71.38798,driven,749.920,457.913,597.971,475.818,34.618,-83.279,0
4280,71.40467,driven,768.401,442.903,618.255,472.315,43.543,-78.917,0
4281,71.42135,driven,782.748,427.233,636.507,472.204,51.506,-72.907,0
4282,71.43803,driven,793.460,411.932,652.900,472.362,58.504,-66.736,0
4283,71.45472,driven,800.663,398.767,670.273,478.812,64.127,-58.455,0
4284,71.4714,driven,805.087,388.748,687.107,486.163,68.229,-50.454,0
4285,71.48808,driven,805.087,388.748,698.978,498.974,68.229,-43.910,0
4286,71.50477,driven,805.087,388.748,714.027,511.699,68.229,-36.524,0
4287,71.52145,driven,804.015,391.362,728.887,524.647,67.171,-29.408,0
4288,71.53813,driven,800.198,399.718,741.997,541.215,63.730,-22.358,0
4289,71.55482,driven,794.013,411.022,756.648,559.389,58.903,-14.136,0
4290,71.5715,driven,784.705,424.720,772.942,577.267,52.698,-4.409,0
4291,71.58818,driven,771.570,439.803,792.477,591.368,45.203,7.854,0
4292,71.60487,driven,748.729,458.726,817.503,595.398,34.078,26.712,0
4293,71.62155,driven,722.435,472.984,820.326,590.569,22.859,39.778,0
4294,71.63823,driven,698.541,480.815,822.502,570.496,13.432,54.116,0
4295,71.65492,driven,676.441,484.408,816.676,545.589,5.040,66.430,0
4296,71.6716,driven,654.917,484.786,802.186,526.269,-3.028,74.269,0
4297,71.68828,driven,632.450,481.919,782.802,510.263,-11.518,79.324,0
4298,71.70497,driven,609.245,475.246,760.483,498.397,-20.569,81.297,0
4299,71.72165,driven,587.697,465.186,738.707,489.782,-29.484,80.749,0
4300,71.73833,driven,569.030,452.742,717.780,488.556,-37.893,76.463,0
4301,71.75502,driven,552.615,437.944,697.068,488.368,-46.176,70.758,0
4302,71.7717,driven,540.364,423.484,678.747,488.746,-53.278,64.751,0
4303,71.78838,driven,531.749,410.627,659.439,494.915,-59.076,56.571,0
4304,71.80507,driven,526.607,401.326,639.854,504.206,-63.057,47.746,0
4305,71.82175,driven,526.607,401.326,624.494,518.915,-63.057,39.776,0
4306,71.83843,driven,526.607,401.326,605.592,532.362,-63.057,31.080,0
4307,71.85512,driven,528.159,404.297,586.229,545.848,-61.801,22.306,0
4308,71.8718,driven,533.543,413.547,567.801,562.662,-57.793,12.939,0
4309,71.88848,driven,543.086,427.024,547.615,579.957,-51.605,1.696,0
4310,71.90517,driven,557.535,442.843,521.714,591.591,-43.576,-13.540,0
4311,71.92185,driven,577.454,458.850,497.032,589.009,-33.995,-31.711,0
4312,71.93853,driven,601.815,472.233,494.335,581.124,-23.572,-44.626,0
4313,71.95522,driven,623.781,479.888,491.950,557.538,-14.853,-59.502,0
4314,71.9719,driven,645.319,483.975,499.273,529.579,-6.636,-72.658,0
4315,71.98858,driven,665.437,484.981,514.319,508.899,0.913,-81.006,0
4316,72.00527,driven,688.861,482.799,536.053,490.460,9.731,-87.130,0
4317,72.02195,driven,711.236,477.197,558.237,477.540,18.377,-89.872,0
4318,72.03863,driven,731.400,468.859,578.408,467.354,26.555,-90.564,0
4319,72.05532,driven,751.998,456.452,599.040,460.034,35.569,-88.659,0
4320,72.072,driven,770.150,441.215,618.310,460.019,44.453,-82.940,0
4321,72.08868,driven,783.962,425.686,634.868,460.034,52.242,-77.027,0
4322,72.10537,driven,794.660,409.940,652.153,465.624,59.375,-68.657,0
4323,72.12205,driven,801.492,397.031,668.568,472.797,64.847,-60.317,0
4324,72.13873,driven,805.844,386.815,685.596,481.417,69.006,-51.807,0
4325,72.15542,driven,805.844,386.815,698.975,496.304,69.006,-44.306,0
4326,72.1721,driven,805.844,386.815,715.719,510.453,69.006,-36.090,0
4327,72.18878,driven,805.433,387.874,731.987,522.093,68.581,-28.688,0
4328,72.20547,driven,801.672,396.646,747.315,539.665,65.006,-20.810,0
4329,72.22215,driven,796.000,407.631,763.464,557.131,60.375,-12.278,0
4330,72.23883,driven,786.890,421.780,780.936,574.664,54.070,-2.230,0
4331,72.25552,driven,772.248,439.116,803.253,588.942,45.565,11.692,0
4332,72.2722,driven,751.059,457.118,828.154,589.275,35.138,30.257,0
4333,72.28888,driven,725.227,471.774,828.409,584.745,23.999,42.407,0
4334,72.30557,driven,702.121,479.914,830.626,562.954,14.815,57.129,0
4335,72.32225,driven,679.748,484.081,823.474,536.537,6.284,69.949,0
4336,72.33893,driven,657.502,484.901,806.984,517.523,-2.059,77.689,0
4337,72.35562,driven,635.405,482.491,787.086,502.533,-10.391,82.473,0
4338,72.3723,driven,612.383,476.385,764.681,491.017,-19.319,84.512,0
4339,72.38898,driven,591.188,467.100,743.232,484.174,-27.993,83.593,0
4340,72.40567,driven,571.078,454.308,721.160,484.044,-36.927,78.793,0
4341,72.42235,driven,554.592,439.967,701.139,483.935,-45.117,73.299,0
4342,72.43903,driven,541.761,425.328,682.580,485.155,-52.411,66.982,0
4343,72.45572,driven,532.657,412.124,662.958,492.315,-58.420,58.390,0
4344,72.4724,driven,526.986,402.066,643.106,501.690,-62.745,49.372,0
4345,72.48908,driven,526.986,402.066,628.093,516.897,-62.745,41.363,0
4346,72.50577,driven,526.986,402.066,609.308,531.031,-62.745,32.551,0
4347,72.52245,driven,528.453,404.843,590.110,544.869,-61.569,23.765,0
4348,72.53913,driven,533.567,413.585,571.136,561.900,-57.776,14.215,0
4349,72.55582,driven,543.023,426.944,550.696,579.752,-51.644,2.875,0
4350,72.5725,driven,557.093,442.421,525.289,592.079,-43.805,-11.998,0
4351,72.58918,driven,576.977,458.527,499.350,590.372,-34.211,-30.488,0
4352,72.60587,driven,601.675,472.172,494.816,581.671,-23.629,-44.301,0
4353,72.62255,driven,622.597,479.569,491.957,559.207,-15.312,-58.634,0
4354,72.63923,driven,643.816,483.793,498.425,531.441,-7.203,-71.855,0
4355,72.65592,driven,664.389,484.994,513.491,510.274,0.520,-80.490,0
4356,72.6726,driven,687.428,483.037,534.716,492.406,9.187,-86.489,0
4357,72.68928,driven,708.789,477.988,555.789,478.098,17.414,-89.959,0
4358,72.70597,driven,730.916,469.100,577.945,466.143,26.353,-91.107,0
4359,72.72265,driven,751.101,457.089,598.127,459.945,35.157,-88.931,0
4360,72.73933,driven,767.751,443.518,615.630,459.902,43.208,-83.853,0
4361,72.75602,driven,782.205,427.912,632.576,459.852,51.180,-77.950,0
4362,72.7727,driven,793.291,412.208,648.516,461.697,58.383,-71.128,0
4363,72.78938,driven,800.623,398.850,664.997,469.663,64.092,-62.430,0
4364,72.80607,driven,804.852,389.332,680.056,477.847,67.993,-54.653,0
4365,72.82275,driven,804.852,389.332,691.542,492.142,67.993,-47.781,0
4366,72.83943,driven,804.852,389.332,705.153,505.388,67.993,-40.665,0
4367,72.85612,driven,804.238,390.829,719.930,518.505,67.387,-33.438,0
4368,72.8728,driven,800.569,398.961,732.540,536.005,64.046,-26.400,0
4369,72.88948,driven,794.820,409.669,745.473,554.493,59.493,-18.816,0
4370,72.90617,driven,785.531,423.625,760.414,574.549,53.212,-9.449,0
4371,72.92285,driven,772.908,438.439,778.226,591.346,45.919,1.992,0
4372,72.93953,driven,750.817,457.288,802.131,601.427,35.027,19.596,0
4373,72.95622,driven,725.484,471.659,815.257,595.554,24.104,35.927,0
4374,72.9729,driven,699.490,480.585,816.071,579.671,13.798,49.638,0
4375,72.98958,driven,676.606,484.394,812.377,554.930,5.102,62.547,0
4376,73.00627,driven,653.783,484.722,798.491,534.408,-3.454,71.050,0
4377,73.02295,driven,632.295,481.887,781.213,516.991,-11.577,76.736,0
4378,73.03963,driven,609.472,475.331,759.944,503.030,-20.479,79.570,0
4379,73.05632,driven,587.958,465.333,738.459,492.869,-29.372,79.632,0
4380,73.073,driven,569.408,453.035,718.738,486.343,-37.714,77.426,0
4381,73.08968,driven,553.279,438.631,698.700,486.188,-45.818,71.891,0
4382,73.10637,driven,540.947,424.261,680.786,486.344,-52.914,66.061,0
4383,73.12305,driven,532.321,411.574,662.855,491.384,-58.662,58.558,0
4384,73.13973,driven,526.455,401.025,644.542,498.310,-63.183,50.517,0
4385,73.15642,driven,526.455,401.025,631.309,512.446,-63.183,43.261,0
4386,73.1731,driven,526.455,401.025,615.217,525.645,-63.183,35.461,0
4387,73.18978,driven,527.105,402.296,597.992,537.883,-62.648,27.601,0
4388,73.20647,driven,531.279,409.838,581.947,554.204,-59.420,19.339,0
4389,73.22315,driven,538.842,421.407,565.309,572.101,-54.242,9.962,0
4390,73.23983,driven,550.583,435.786,545.910,588.714,-47.286,-1.750,0
4391,73.25652,driven,568.786,452.552,521.522,598.068,-38.009,-17.994,0
4392,73.2732,driven,592.255,467.662,503.250,592.109,-27.541,-35.573,0
4393,73.28988,driven,616.454,477.748,501.434,578.641,-17.711,-48.743,0
4394,73.30657,driven,638.711,483.060,503.169,554.034,-9.134,-62.362,0
4395,73.32325,driven,659.752,484.966,513.933,531.288,-1.216,-72.376,0
4396,73.33993,driven,681.808,483.840,531.261,511.124,7.061,-79.728,0
4397,73.35662,driven,704.520,479.259,552.407,495.712,15.746,-83.827,0
4398,73.3733,driven,726.350,471.269,573.770,482.590,24.460,-85.757,0
4399,73.38998,driven,746.541,460.179,594.214,474.512,33.095,-84.625,0
4400,73.40667,driven,765.595,445.505,615.262,473.951,42.110,-79.285,0
4401,73.42335,driven,779.988,430.604,633.199,473.755,49.874,-73.619,0
4402,73.44003,driven,790.818,416.093,649.233,474.082,56.659,-67.727,0
4403,73.45672,driven,798.514,403.029,665.979,479.472,62.339,-60.024,0
4404,73.4734,driven,803.383,392.842,683.114,487.417,66.568,-51.820,0
4405,73.49008,driven,803.383,392.842,695.067,500.901,66.568,-45.068,0
4406,73.50677,driven,803.383,392.842,710.124,514.134,66.568,-37.556,0
4407,73.52345,driven,802.404,395.051,725.353,527.233,65.663,-30.239,0
4408,73.54013,driven,798.404,403.238,739.054,544.258,62.250,-22.824,0
4409,73.55682,driven,792.165,414.009,754.096,562.197,57.588,-14.408,0
4410,73.5735,driven,782.234,427.876,771.110,580.471,51.197,-4.169,0
4411,73.59018,driven,768.324,442.977,791.897,594.150,43.503,8.863,0
4412,73.60687,driven,745.986,460.539,816.500,596.321,32.847,27.444,0
4413,73.62355,driven,720.202,473.905,820.405,589.526,21.954,40.914,0
4414,73.64023,driven,697.605,481.035,822.607,569.260,13.072,54.786,0
4415,73.65692,driven,676.647,484.390,817.434,544.292,5.117,66.951,0
4416,73.6736,driven,654.049,484.738,801.935,523.963,-3.354,75.145,0
4417,73.69028,driven,632.611,481.952,783.473,507.445,-11.456,80.409,0
4418,73.70697,driven,609.640,475.393,761.307,495.546,-20.411,82.431,0
4419,73.72365,driven,588.008,465.361,739.533,486.557,-29.350,82.037,0
4420,73.74033,driven,569.740,453.292,719.641,483.930,-37.556,78.448,0
4421,73.75702,driven,553.534,438.893,699.806,483.765,-45.681,72.946,0
4422,73.7737,driven,541.556,425.061,682.749,483.999,-52.537,67.343,0
4423,73.79038,driven,533.111,412.857,665.162,490.132,-58.097,59.664,0
4424,73.80707,driven,527.340,402.748,646.865,498.261,-62.457,51.372,0
4425,73.82375,driven,527.340,402.748,633.921,512.519,-62.457,44.155,0
4426,73.84043,driven,527.340,402.748,618.879,525.344,-62.457,36.748,0
4427,73.85712,driven,529.190,406.188,603.077,540.165,-60.995,28.876,0
4428,73.8738,driven,534.387,414.871,587.581,558.327,-57.204,20.345,0
4429,73.89048,driven,543.201,427.170,571.062,577.612,-51.536,10.492,0
4430,73.90717,driven,557.015,442.345,552.488,595.278,-43.845,-1.695,0
4431,73.92385,driven,575.093,457.225,528.350,602.910,-35.069,-17.789,0
4432,73.94053,driven,600.049,471.450,511.697,596.361,-24.295,-35.272,0
4433,73.95722,driven,624.186,479.995,508.731,580.389,-14.696,-48.991,0
4434,73.9739,driven,646.662,484.125,510.997,554.865,-6.130,-62.461,0
4435,73.99058,driven,666.555,484.959,521.212,532.755,1.331,-71.796,0
4436,74.00727,driven,688.880,482.795,538.716,512.113,9.739,-78.953,0
4437,74.02395,driven,711.377,477.150,559.335,494.242,18.433,-83.586,0
4438,74.04063,driven,732.692,468.206,580.463,483.553,27.097,-84.243,0
4439,74.05732,driven,752.225,456.289,600.186,473.408,35.674,-83.576,0
4440,74.074,driven,769.916,441.444,619.809,471.057,44.331,-78.840,0
4441,74.09068,driven,783.787,425.913,637.559,470.928,52.135,-72.889,0
4442,74.10737,driven,793.828,411.329,653.007,471.148,58.769,-66.985,0
4443,74.12405,driven,800.530,399.042,668.727,476.739,64.012,-59.481,0
4444,74.14073,driven,804.823,389.404,684.560,483.987,67.964,-51.816,0
4445,74.15742,driven,804.823,389.404,695.774,496.723,67.964,-45.458,0
4446,74.1741,driven,804.823,389.404,709.143,508.796,67.964,-38.708,0
4447,74.19078,driven,802.976,393.771,721.330,523.166,66.188,-32.251,0
4448,74.20747,driven,798.574,402.913,732.395,540.860,62.388,-25.629,0
4449,74.22415,driven,792.162,414.014,745.031,559.574,57.586,-17.941,0
4450,74.24083,driven,782.611,427.405,759.508,578.651,51.423,-8.685,0
4451,74.25752,driven,769.518,441.832,776.398,594.677,44.122,2.578,0
4452,74.2742,driven,747.290,459.688,799.286,603.581,33.430,19.867,0
4453,74.29088,driven,721.296,473.459,810.638,597.664,22.397,35.728,0
4454,74.30757,driven,697.175,481.134,812.216,582.003,12.907,48.755,0
4455,74.32425,driven,674.125,484.595,808.667,557.446,4.170,61.566,0
4456,74.34093,driven,650.629,484.499,794.523,536.495,-4.638,70.133,0
4457,74.35762,driven,629.593,481.308,777.750,519.497,-12.612,75.546,0
4458,74.3743,driven,607.157,474.445,756.893,505.878,-21.407,78.145,0
4459,74.39098,driven,586.169,464.310,735.928,495.634,-30.143,78.186,0
4460,74.40767,driven,567.565,451.587,715.698,489.869,-38.591,75.510,0
4461,74.42435,driven,551.771,437.057,695.428,489.703,-46.635,69.874,0
4462,74.44103,driven,540.242,423.321,678.007,489.878,-53.354,64.214,0
4463,74.45772,driven,532.288,411.519,660.616,494.830,-58.686,57.008,0
4464,74.4744,driven,526.727,401.561,641.369,502.884,-62.958,48.529,0
4465,74.49108,driven,526.727,401.561,628.565,515.746,-62.958,41.729,0
4466,74.50777,driven,526.727,401.561,612.525,528.241,-62.958,34.109,0
4467,74.52445,driven,528.939,405.734,596.492,543.013,-61.189,26.201,0
4468,74.54113,driven,534.021,414.301,580.947,559.928,-57.458,17.860,0
4469,74.55782,driven,542.944,426.845,564.624,578.302,-51.691,8.146,0
4470,74.5745,driven,556.440,441.790,544.054,594.288,-44.145,-4.643,0
4471,74.59118,driven,575.611,457.587,519.458,599.910,-34.832,-21.531,0
4472,74.60787,driven,600.433,471.622,506.522,592.410,-24.138,-37.864,0
4473,74.62455,driven,622.923,479.658,503.362,575.127,-15.185,-51.393,0
4474,74.64123,driven,644.468,483.874,506.609,550.234,-6.957,-64.296,0
4475,74.65792,driven,664.806,484.989,518.394,529.403,0.676,-73.125,0
4476,74.6746,driven,686.834,483.132,536.257,510.253,8.962,-79.790,0
4477,74.69128,driven,709.537,477.751,557.564,495.447,17.708,-83.358,0
4478,74.70797,driven,730.743,469.186,578.433,483.701,26.280,-84.556,0
4479,74.72465,driven,750.827,457.281,598.836,474.815,35.032,-83.419,0
4480,74.74133,driven,768.154,443.138,618.445,474.700,43.415,-78.095,0
4481,74.75802,driven,782.033,428.126,636.276,474.645,51.077,-72.299,0
4482,74.7747,driven,792.276,413.834,652.786,476.696,57.665,-65.741,0
4483,74.79138,driven,799.383,401.345,670.377,483.603,63.049,-57.477,0
4484,74.80807,driven,803.790,391.893,687.492,491.309,66.955,-49.475,0
4485,74.82475,driven,803.790,391.893,701.025,505.243,66.955,-42.196,0
4486,74.84143,driven,803.790,391.893,717.111,517.971,66.955,-34.509,0
4487,74.85812,driven,802.095,395.731,732.140,531.803,65.383,-27.208,0
4488,74.8748,driven,797.593,404.758,747.495,549.324,61.605,-19.113,0
4489,74.89148,driven,790.982,415.843,763.711,566.393,56.770,-10.267,0
4490,74.90817,driven,780.852,429.570,781.724,582.567,50.379,0.326,0
4491,74.92485,driven,763.731,447.162,806.262,594.132,41.176,16.140,0
4492,74.94153,driven,741.728,463.190,827.864,589.640,30.968,34.262,0
4493,74.95822,driven,717.259,475.056,827.901,580.731,20.771,46.315,0
4494,74.9749,driven,695.204,481.572,827.749,557.998,12.151,60.032,0
4495,74.99158,driven,672.496,484.705,817.497,533.528,3.558,71.391,0
4496,75.00827,driven,651.474,484.565,801.324,515.452,-4.320,78.353,0
4497,75.02495,driven,628.009,480.945,779.763,500.435,-13.220,82.681,0
4498,75.04163,driven,606.386,474.140,758.608,489.549,-21.717,84.220,0
4499,75.05832,driven,585.190,463.737,737.184,481.250,-30.568,83.427,0
4500,75.075,driven,565.923,450.259,715.772,481.153,-39.382,78.350,0
4501,75.09168,driven,550.613,435.817,696.737,481.169,-47.270,72.758,0
4502,75.10837,driven,539.219,421.929,678.991,484.160,-54.001,66.000,0
4503,75.12505,driven,531.126,409.578,660.195,491.739,-59.533,57.520,0
4504,75.14173,driven,525.552,399.209,640.527,500.154,-63.942,48.718,0
4505,75.15842,driven,525.552,399.209,625.746,514.839,-63.942,40.909,0
4506,75.1751,driven,525.552,399.209,608.162,527.991,-63.942,32.679,0
4507,75.19178,driven,528.386,404.719,590.791,544.413,-61.622,24.071,0
4508,75.20847,driven,533.535,413.534,573.246,561.290,-57.798,15.043,0
4509,75.22515,driven,542.902,426.792,553.854,579.399,-51.717,4.105,0
4510,75.24183,driven,556.531,441.879,530.121,592.583,-44.097,-9.940,0
4511,75.25852,driven,577.398,458.812,503.471,592.766,-34.020,-28.894,0
4512,75.2752,driven,601.964,472.298,498.122,584.663,-23.511,-42.742,0
4513,75.29188,driven,623.561,479.829,495.206,563.101,-14.938,-57.026,0
4514,75.30857,driven,644.564,483.885,500.889,536.482,-6.921,-69.893,0
4515,75.32525,driven,664.856,484.989,514.999,515.842,0.695,-78.366,0
4516,75.34193,driven,687.016,483.103,534.700,497.555,9.031,-84.580,0
4517,75.35862,driven,709.798,477.667,556.903,483.332,17.810,-87.878,0
4518,75.3753,driven,729.974,469.563,576.988,471.625,25.960,-89.228,0
4519,75.39198,driven,750.222,457.703,597.474,466.490,34.756,-86.708,0
4520,75.40867,driven,767.656,443.607,616.368,466.432,43.159,-81.420,0
4521,75.42535,driven,781.650,428.598,633.389,466.380,50.850,-75.703,0
4522,75.44203,driven,792.217,413.927,649.476,469.009,57.624,-68.899,0
4523,75.45872,driven,799.337,401.435,666.047,476.555,63.011,-60.595,0
4524,75.4754,driven,803.610,392.316,682.169,485.382,66.783,-52.535,0
4525,75.49208,driven,803.610,392.316,694.163,499.229,66.783,-45.671,0
4526,75.50877,driven,803.610,392.316,708.666,512.294,66.783,-38.356,0
4527,75.52545,driven,801.308,397.422,721.721,528.093,64.685,-31.344,0
4528,75.54213,driven,796.717,406.356,734.602,546.180,60.923,-23.952,0
4529,75.55882,driven,790.051,417.247,748.989,564.634,56.140,-15.568,0
4530,75.5755,driven,779.457,431.231,765.291,583.574,49.566,-5.312,0
4531,75.59218,driven,763.575,447.298,786.183,598.619,41.098,8.497,0
4532,75.60887,driven,741.276,463.460,810.311,600.000,30.771,26.821,0
4533,75.62555,driven,715.124,475.847,812.660,593.728,19.918,39.605,0
4534,75.64223,driven,692.048,482.217,814.992,573.287,10.944,53.471,0
4535,75.65892,driven,669.934,484.843,809.434,547.682,2.598,65.750,0
4536,75.6756,driven,648.468,484.308,795.081,528.053,-5.450,73.387,0
4537,75.69228,driven,627.353,480.789,777.137,511.991,-13.473,78.233,0
4538,75.70897,driven,605.521,473.793,756.382,499.282,-22.066,80.410,0
4539,75.72565,driven,585.106,463.688,735.875,489.720,-30.604,80.203,0
4540,75.74233,driven,566.560,450.779,715.485,485.856,-39.074,76.746,0
4541,75.75902,driven,551.666,436.947,696.699,485.677,-46.692,71.428,0
4542,75.7757,driven,539.677,422.556,678.936,485.927,-53.710,65.532,0
4543,75.79238,driven,532.157,411.304,662.135,492.018,-58.780,58.160,0
4544,75.80907,driven,526.732,401.570,644.366,499.402,-62.954,50.251,0
4545,75.82575,driven,526.732,401.570,631.376,513.187,-62.954,43.153,0
4546,75.84243,driven,526.732,401.570,615.380,526.271,-62.954,35.409,0
4547,75.85912,driven,528.691,405.281,600.322,540.478,-61.382,27.916,0
4548,75.8758,driven,533.911,414.128,585.175,558.285,-57.535,19.576,0
4549,75.89248,driven,542.450,426.216,568.438,576.992,-51.991,9.780,0
4550,75.90917,driven,555.500,440.871,549.462,593.751,-44.637,-2.262,0
4551,75.92585,driven,573.367,455.996,525.623,601.356,-35.862,-18.183,0
4552,75.94253,driven,598.799,470.878,509.228,594.919,-24.810,-35.833,0
4553,75.95922,driven,622.377,479.508,506.437,579.343,-15.397,-49.269,0
4554,75.9759,driven,645.172,483.958,508.963,553.643,-6.692,-62.905,0
4555,75.99258,driven,665.095,484.986,519.696,532.611,0.785,-71.864,0
4556,76.00927,driven,687.053,483.097,536.894,512.442,9.045,-78.942,0
4557,76.02595,driven,709.486,477.767,557.695,496.959,17.688,-82.794,0
4558,76.04263,driven,729.938,469.580,577.694,484.770,25.945,-84.302,0
4559,76.05932,driven,749.526,458.184,597.466,475.119,34.439,-83.645,0
4560,76.076,driven,768.484,442.825,618.907,475.009,43.585,-77.857,0
4561,76.09268,driven,781.642,428.608,635.783,474.807,50.844,-72.425,0
4562,76.10937,driven,792.118,414.083,651.961,475.442,57.555,-66.357,0
4563,76.12605,driven,799.260,401.587,668.898,481.680,62.947,-58.434,0
4564,76.14273,driven,803.694,392.118,685.528,489.307,66.863,-50.563,0
4565,76.15942,driven,803.694,392.118,697.713,502.467,66.863,-43.843,0
4566,76.1761,driven,803.694,392.118,712.357,514.863,66.863,-36.654,0
4567,76.19278,driven,801.622,396.752,726.354,529.958,64.962,-29.469,0
4568,76.20947,driven,797.313,405.273,739.756,547.034,61.386,-22.098,0
4569,76.22615,driven,790.362,416.781,754.394,565.493,56.350,-13.597,0
4570,76.24283,driven,780.432,430.076,771.269,582.801,50.132,-3.433,0
4571,76.25952,driven,764.960,446.075,792.309,596.611,41.790,10.297,0
4572,76.2762,driven,742.471,462.742,816.014,596.907,31.293,28.730,0
4573,76.29288,driven,717.544,474.947,817.179,591.058,20.885,40.633,0
4574,76.30957,driven,694.672,481.686,819.508,570.144,11.947,54.679,0
4575,76.32625,driven,672.494,484.705,813.357,544.426,3.558,67.025,0
4576,76.34293,driven,650.051,484.451,797.842,524.037,-4.855,75.005,0
4577,76.35962,driven,628.642,481.092,779.072,509.018,-12.977,79.483,0
4578,76.3763,driven,605.944,473.963,757.314,496.235,-21.896,81.630,0
4579,76.39298,driven,585.533,463.939,736.636,487.956,-30.419,80.969,0
4580,76.40967,driven,567.509,451.543,716.649,485.694,-38.618,77.103,0
4581,76.42635,driven,551.952,437.249,697.137,485.520,-46.536,71.609,0
4582,76.44303,driven,540.259,423.343,679.930,485.801,-53.344,65.907,0
4583,76.45972,driven,532.174,411.332,662.398,491.649,-58.768,58.335,0
4584,76.4764,driven,526.794,401.692,643.995,500.043,-62.903,49.998,0
4585,76.49308,driven,526.794,401.692,630.230,514.431,-62.903,42.536,0
4586,76.50977,driven,526.794,401.692,614.399,527.128,-62.903,34.931,0
4587,76.52645,driven,529.211,406.226,598.626,542.574,-60.978,26.981,0
4588,76.54313,driven,534.373,414.850,582.237,560.170,-57.214,18.230,0
4589,76.55982,driven,544.012,428.182,565.589,579.653,-51.050,8.107,0
4590,76.5765,driven,557.460,442.772,545.910,595.335,-43.615,-4.329,0
4591,76.59318,driven,576.895,458.471,520.790,600.813,-34.248,-21.512,0
4592,76.60987,driven,601.671,472.170,507.884,593.054,-23.631,-37.806,0
4593,76.62655,driven,625.006,480.207,504.744,574.792,-14.379,-51.815,0
4594,76.64323,driven,646.733,484.133,508.220,549.119,-6.103,-64.865,0
4595,76.65992,driven,666.757,484.954,519.889,527.836,1.407,-73.723,0
4596,76.6766,driven,689.357,482.713,538.575,508.669,9.920,-80.233,0
4597,76.69328,driven,710.982,477.282,558.859,493.643,18.277,-83.861,0
4598,76.70997,driven,732.101,468.507,579.657,481.546,26.849,-85.111,0
4599,76.72665,driven,752.168,456.330,600.122,473.387,35.648,-83.599,0
4600,76.74333,driven,769.351,441.993,619.458,472.669,44.036,-78.434,0
4601,76.76002,driven,782.583,427.440,636.381,472.537,51.406,-72.857,0
4602,76.7767,driven,793.060,412.581,652.401,472.781,58.219,-66.830,0
4603,76.79338,driven,799.995,400.128,669.149,479.429,63.559,-58.782,0
4604,76.81007,driven,804.057,391.262,685.444,487.906,67.211,-50.827,0
4605,76.82675,driven,804.057,391.262,697.724,501.273,67.211,-44.026,0
4606,76.84343,driven,804.057,391.262,713.113,514.300,67.211,-36.470,0
4607,76.86012,driven,802.546,394.737,727.294,527.952,65.792,-29.462,0
4608,76.8768,driven,798.327,403.384,740.501,545.036,62.189,-22.206,0
4609,76.89348,driven,791.667,414.788,755.797,563.524,57.241,-13.559,0
4610,76.91017,driven,782.026,428.134,772.312,580.825,51.073,-3.640,0
4611,76.92685,driven,767.275,443.963,793.312,594.731,42.964,9.798,0
4612,76.94353,driven,744.858,461.261,817.490,595.921,32.345,28.341,0
4613,76.96022,driven,718.862,474.437,819.245,589.903,21.414,41.003,0
4614,76.9769,driven,696.003,481.398,821.396,569.066,12.457,55.041,0
4615,76.99358,driven,674.263,484.585,815.448,543.542,4.222,67.335,0
4616,77.01027,driven,652.027,484.606,799.838,524.114,-4.113,75.036,0
4617,77.02695,driven,630.099,481.421,780.897,507.288,-12.418,80.266,0
4618,77.04363,driven,607.216,474.468,758.733,495.715,-21.383,82.017,0
4619,77.06032,driven,586.413,464.452,737.689,487.358,-30.038,81.390,0
4620,77.077,driven,567.667,451.669,716.770,485.981,-38.542,77.041,0
4621,77.09368,driven,551.720,437.004,696.727,485.809,-46.662,71.398,0
4622,77.11037,driven,540.327,423.435,679.900,486.113,-53.301,65.817,0
4623,77.12705,driven,531.869,410.827,661.628,491.891,-58.989,58.006,0
4624,77.14373,driven,526.524,401.161,642.863,500.530,-63.126,49.498,0
4625,77.16042,driven,526.524,401.161,628.976,514.795,-63.126,42.038,0
4626,77.1771,driven,526.524,401.161,611.879,528.140,-63.126,33.909,0
4627,77.19378,driven,528.367,404.683,594.649,542.581,-61.637,25.672,0
4628,77.21047,driven,533.205,413.007,577.537,559.444,-58.031,16.843,0
4629,77.22715,driven,542.158,425.841,559.507,577.854,-52.169,6.511,0
4630,77.24383,driven,555.115,440.489,538.223,592.553,-44.840,-6.339,0
4631,77.26052,driven,574.209,456.600,512.768,596.722,-35.474,-23.676,0
4632,77.2772,driven,597.896,470.457,501.543,589.307,-25.183,-39.032,0
4633,77.29388,driven,621.643,479.304,498.220,569.724,-15.683,-53.774,0
4634,77.31057,driven,643.653,483.772,502.606,543.057,-7.264,-67.202,0
4635,77.32725,driven,664.529,484.992,516.106,522.136,0.573,-75.950,0
4636,77.34393,driven,686.113,483.244,534.434,503.302,8.689,-82.467,0
4637,77.36062,driven,709.023,477.914,556.361,488.065,17.506,-86.196,0
4638,77.3773,driven,729.705,469.694,576.858,476.545,25.847,-87.433,0
4639,77.39398,driven,750.499,457.511,597.837,467.682,34.882,-86.188,0
4640,77.41067,driven,767.922,443.357,616.858,467.620,43.296,-80.875,0
4641,77.42735,driven,781.920,428.265,634.053,467.561,51.010,-75.118,0
4642,77.44403,driven,792.493,413.490,650.395,470.211,57.818,-68.240,0
4643,77.46072,driven,799.434,401.244,666.415,476.841,63.091,-60.390,0
4644,77.4774,driven,803.865,391.716,682.423,484.780,67.027,-52.536,0
4645,77.49408,driven,803.865,391.716,694.067,498.268,67.027,-45.860,0
4646,77.51077,driven,803.865,391.716,708.374,511.259,67.027,-38.618,0
4647,77.52745,driven,802.254,395.383,721.839,525.546,65.527,-31.708,0
4648,77.54413,driven,797.382,405.147,733.509,544.176,61.440,-24.675,0
4649,77.56082,driven,790.773,416.161,747.619,562.948,56.628,-16.383,0
4650,77.5775,driven,781.361,428.952,763.647,580.923,50.679,-6.649,0
4651,77.59418,driven,766.682,444.512,782.979,596.642,42.661,6.115,0
4652,77.61087,driven,744.588,461.431,806.637,601.284,32.226,23.926,0
4653,77.62755,driven,718.697,474.502,812.833,595.115,21.348,37.971,0
4654,77.64423,driven,694.686,481.683,815.501,575.559,11.952,52.152,0
4655,77.66092,driven,672.595,484.699,810.827,550.280,3.596,64.619,0
4656,77.6776,driven,651.013,484.530,797.081,530.059,-4.494,72.688,0
4657,77.69428,driven,628.911,481.154,778.473,513.406,-12.874,77.831,0
4658,77.71097,driven,606.645,474.243,757.361,500.582,-21.613,80.087,0
4659,77.72765,driven,585.854,464.127,736.625,490.151,-30.280,80.207,0
4660,77.74433,driven,567.356,451.420,716.614,485.051,-38.691,77.302,0
4661,77.76102,driven,552.460,437.782,698.008,484.951,-46.260,72.044,0
4662,77.7777,driven,540.644,423.859,680.856,485.095,-53.102,66.407,0
4663,77.79438,driven,532.370,411.655,663.402,490.646,-58.626,58.917,0
4664,77.81107,driven,526.922,401.942,645.831,498.220,-62.798,51.003,0
4665,77.82775,driven,526.922,401.942,633.937,511.289,-62.798,44.382,0
4666,77.84443,driven,526.922,401.942,618.756,524.316,-62.798,36.886,0
4667,77.86112,driven,528.794,405.469,603.913,538.759,-61.302,29.405,0
4668,77.8778,driven,533.665,413.740,589.545,556.170,-57.707,21.422,0
4669,77.89448,driven,541.985,425.618,574.009,575.229,-52.274,12.082,0
4670,77.91117,driven,555.225,440.598,555.829,593.597,-44.782,0.226,0
4671,77.92785,driven,572.594,455.433,532.878,603.189,-36.220,-15.045,0
4672,77.94453,driven,597.153,470.106,513.188,598.008,-25.491,-33.284,0
4673,77.96122,driven,622.917,479.656,512.248,585.303,-15.188,-46.330,0
4674,77.9779,driven,645.480,483.994,513.259,560.977,-6.575,-59.791,0
4675,77.99458,driven,665.133,484.985,521.535,537.793,0.799,-69.809,0
4676,78.01127,driven,687.818,482.974,538.704,517.237,9.335,-77.059,0
4677,78.02795,driven,710.706,477.372,559.547,501.038,18.168,-81.102,0
4678,78.04463,driven,731.530,468.794,579.663,487.380,26.610,-83.023,0
4679,78.06132,driven,751.416,456.866,599.887,478.027,35.302,-82.050,0
4680,78.078,driven,769.091,442.244,619.628,474.951,43.900,-77.657,0
4681,78.09468,driven,783.149,426.727,637.884,474.758,51.748,-71.704,0
4682,78.11137,driven,793.034,412.623,653.334,475.016,58.200,-65.934,0
4683,78.12805,driven,800.115,399.885,669.897,480.211,63.660,-58.331,0
4684,78.14473,driven,804.457,390.301,686.340,487.551,67.601,-50.534,0
4685,78.16142,driven,804.457,390.301,698.009,500.201,67.601,-44.086,0
4686,78.1781,driven,804.457,390.301,712.038,512.235,67.601,-37.160,0
4687,78.19478,driven,802.739,394.306,725.536,526.399,65.969,-30.305,0
4688,78.21147,driven,798.763,402.551,738.196,543.053,62.541,-23.320,0
4689,78.22815,driven,792.426,413.596,752.146,561.198,57.771,-15.264,0
4690,78.24483,driven,783.704,426.019,767.653,578.174,52.084,-6.022,0
4691,78.26152,driven,768.975,442.355,786.661,594.330,43.840,6.638,0
4692,78.2782,driven,746.897,459.947,810.078,599.292,33.254,24.390,0
4693,78.29488,driven,721.945,473.190,816.031,593.841,22.660,37.948,0
4694,78.31157,driven,697.896,480.967,818.772,574.766,13.184,52.189,0
4695,78.32825,driven,675.627,484.478,813.858,550.062,4.734,64.618,0
4696,78.34493,driven,653.082,484.678,799.130,530.276,-3.717,72.661,0
4697,78.36162,driven,632.642,481.958,782.115,514.619,-11.445,77.674,0
4698,78.3783,driven,610.393,475.672,761.016,502.539,-20.111,79.886,0
4699,78.39498,driven,589.674,466.284,740.334,492.941,-28.637,79.966,0
4700,78.41167,driven,570.585,453.936,719.080,490.790,-37.158,76.062,0
4701,78.42835,driven,555.201,440.574,699.787,490.614,-44.795,70.910,0
4702,78.44503,driven,542.709,426.547,681.512,490.910,-51.833,65.123,0
4703,78.46172,driven,534.115,414.448,663.139,496.678,-57.393,57.490,0
4704,78.4784,driven,528.715,405.325,645.054,504.695,-61.364,49.498,0
4705,78.49508,driven,528.715,405.325,630.587,519.479,-61.364,41.746,0
4706,78.51177,driven,528.715,405.325,614.085,532.293,-61.364,33.916,0
4707,78.52845,driven,531.341,409.942,597.830,547.740,-59.375,25.758,0
4708,78.54513,driven,537.108,418.950,581.154,565.473,-55.368,16.731,0
4709,78.56182,driven,546.850,431.590,562.857,583.750,-49.389,6.005,0
4710,78.5785,driven,560.247,445.361,540.373,597.065,-42.190,-7.464,0
4711,78.59518,driven,580.193,460.655,514.328,598.751,-32.767,-25.499,0
4712,78.61187,driven,604.606,473.418,506.003,590.407,-22.436,-40.126,0
4713,78.62855,driven,626.339,480.543,502.850,570.872,-13.864,-53.816,0
4714,78.64523,driven,648.684,484.329,507.454,543.179,-5.369,-67.379,0
4715,78.66192,driven,669.692,484.854,521.184,521.658,2.507,-76.081,0
4716,78.6786,driven,691.650,482.294,539.916,501.935,10.793,-82.624,0
4717,78.69528,driven,713.369,476.471,560.715,486.760,19.221,-86.144,0
4718,78.71197,driven,734.163,467.443,581.329,474.574,27.718,-87.328,0
4719,78.72865,driven,753.380,455.452,600.702,465.362,36.208,-86.286,0
4720,78.74533,driven,770.532,440.838,619.499,465.290,44.654,-80.804,0
4721,78.76202,driven,783.770,425.934,635.882,465.156,52.124,-75.146,0
4722,78.7787,driven,793.907,411.198,651.012,465.879,58.826,-69.060,0
4723,78.79538,driven,800.684,398.725,665.936,471.196,64.144,-61.727,0
4724,78.81207,driven,804.832,389.383,680.613,478.707,67.972,-54.280,0
4725,78.82875,driven,804.832,389.383,691.003,491.618,67.972,-48.071,0
4726,78.84543,driven,804.832,389.383,703.346,503.880,67.972,-41.552,0
4727,78.86212,driven,802.750,394.281,714.623,519.351,65.980,-35.169,0
4728,78.8788,driven,798.581,402.899,724.529,536.784,62.394,-28.947,0
4729,78.89548,driven,792.657,413.229,735.954,555.334,57.933,-21.753,0
4730,78.91217,driven,784.094,425.516,749.305,574.509,52.322,-13.143,0
4731,78.92885,driven,771.271,440.104,765.373,592.990,45.044,-2.209,0
4732,78.94553,driven,749.913,457.917,786.769,606.412,34.615,13.939,0
4733,78.96222,driven,724.508,472.092,806.366,601.353,23.704,32.345,0
4734,78.9789,driven,697.774,480.996,804.235,590.882,13.137,44.093,0
4735,78.99558,driven,674.675,484.554,803.090,567.732,4.376,57.068,0
4736,79.01227,driven,652.363,484.630,792.879,545.162,-3.987,66.694,0
4737,79.02895,driven,631.535,481.730,777.596,527.282,-11.868,72.679,0
4738,79.04563,driven,609.025,475.163,757.489,512.140,-20.657,76.014,0
4739,79.06232,driven,587.747,465.214,736.883,499.381,-29.462,77.096,0
4740,79.079,driven,569.131,452.821,717.004,492.096,-37.845,75.126,0
4741,79.09568,driven,553.778,439.143,697.432,491.798,-45.551,69.870,0
4742,79.11237,driven,541.843,425.434,679.810,491.571,-52.361,64.388,0
4743,79.12905,driven,533.422,413.354,664.074,492.972,-57.878,58.642,0
4744,79.14573,driven,527.612,403.267,646.853,499.134,-62.238,51.201,0
4745,79.16242,driven,527.612,403.267,635.499,511.753,-62.238,44.842,0
4746,79.1791,driven,527.612,403.267,621.750,523.878,-62.238,37.972,0
4747,79.19578,driven,529.531,406.800,607.980,538.157,-60.732,30.847,0
4748,79.21247,driven,533.743,413.864,594.503,554.282,-57.652,23.398,0
4749,79.22915,driven,541.596,425.113,580.610,573.055,-52.513,14.773,0
4750,79.24583,driven,554.190,439.561,564.362,592.222,-45.331,3.812,0
4751,79.26252,driven,570.680,454.008,542.043,604.304,-37.114,-10.788,0
4752,79.2792,driven,593.772,468.442,519.646,602.286,-26.902,-28.979,0
4753,79.29588,driven,619.018,478.542,519.266,594.553,-16.706,-40.691,0
4754,79.31257,driven,641.219,483.442,517.553,573.529,-8.184,-53.927,0
4755,79.32925,driven,661.859,484.996,522.807,548.819,-0.427,-65.345,0
4756,79.34593,driven,683.960,483.558,537.614,528.189,7.874,-73.040,0
4757,79.36262,driven,706.132,478.795,556.498,510.713,16.374,-77.959,0
4758,79.3793,driven,726.634,471.139,575.778,496.664,24.576,-80.396,0
4759,79.39598,driven,747.567,459.505,596.864,485.918,33.554,-80.059,0
4760,79.41267,driven,765.147,445.908,616.269,481.183,41.884,-76.670,0
4761,79.42935,driven,779.218,431.511,634.448,481.016,49.428,-71.122,0
4762,79.44603,driven,789.775,417.656,650.596,481.203,55.955,-65.459,0
4763,79.46272,driven,797.235,405.417,667.057,485.809,61.324,-58.303,0
4764,79.4794,driven,801.412,397.200,682.053,492.920,64.777,-51.272,0
4765,79.49608,driven,801.412,397.200,693.262,505.424,64.777,-44.981,0
4766,79.51277,driven,801.412,397.200,706.519,517.218,64.777,-38.332,0
4767,79.52945,driven,799.210,401.683,719.387,532.209,62.906,-31.448,0
4768,79.54613,driven,794.846,409.625,730.904,548.624,59.512,-24.703,0
4769,79.56282,driven,787.521,420.902,743.930,567.561,54.475,-16.553,0
4770,79.5795,driven,777.478,433.507,759.618,585.461,48.437,-6.704,0
4771,79.59618,driven,762.751,448.011,777.516,600.297,40.690,5.538,0
4772,79.61287,driven,739.631,464.426,801.138,604.519,30.057,23.703,0
4773,79.62955,driven,712.850,476.651,806.920,597.315,19.015,37.940,0
4774,79.64623,driven,689.835,482.628,809.381,578.115,10.101,51.384,0
4775,79.66292,driven,668.239,484.910,804.980,553.547,1.962,63.346,0
4776,79.6796,driven,646.766,484.136,791.736,533.051,-6.091,71.355,0
4777,79.69628,driven,624.918,480.185,773.718,515.785,-14.413,76.545,0
4778,79.71297,driven,602.621,472.582,752.749,502.084,-23.243,78.882,0
4779,79.72965,driven,582.676,462.219,732.645,492.523,-31.668,78.576,0
4780,79.74633,driven,564.728,449.267,713.205,486.194,-39.964,76.034,0
4781,79.76302,driven,550.024,435.177,694.331,486.014,-47.596,70.593,0
4782,79.7797,driven,538.964,421.577,677.650,486.191,-54.164,65.019,0
4783,79.79638,driven,531.008,409.376,660.681,490.578,-59.621,57.945,0
4784,79.81307,driven,525.995,400.107,643.531,498.057,-63.567,50.194,0
4785,79.82975,driven,525.995,400.107,631.519,510.894,-63.567,43.606,0
4786,79.84643,driven,525.995,400.107,617.351,522.839,-63.567,36.663,0
4787,79.86312,driven,528.961,405.773,604.960,538.563,-61.172,29.784,0
4788,79.8798,driven,534.494,415.037,591.865,556.873,-57.131,22.023,0
4789,79.89648,driven,543.297,427.290,577.777,576.354,-51.478,13.024,0
4790,79.91317,driven,556.723,442.065,560.616,595.015,-43.997,1.458,0
4791,79.92985,driven,574.141,456.552,538.203,605.271,-35.505,-13.585,0
4792,79.94653,driven,598.511,470.745,518.296,601.032,-24.929,-31.620,0
4793,79.96322,driven,624.849,480.167,518.090,589.764,-14.439,-44.248,0
4794,79.9799,driven,647.492,484.212,518.202,566.024,-5.818,-57.675,0
4795,79.99658,driven,668.152,484.913,526.198,541.993,1.930,-68.095,0
4796,80.01327,driven,691.166,482.385,543.294,521.662,10.608,-75.125,0
4797,80.02995,driven,713.883,476.291,563.397,503.909,19.425,-79.600,0
4798,80.04663,driven,734.336,467.352,583.301,491.796,27.791,-80.807,0
4799,80.06332,driven,755.061,454.204,604.490,481.359,36.992,-79.777,0
4800,80.08,driven,771.909,439.461,623.741,477.608,45.383,-75.562,0
4801,80.09668,driven,785.171,424.104,641.787,477.490,52.987,-69.578,0
4802,80.11337,driven,795.212,408.999,658.496,477.685,59.784,-63.325,0
4803,80.13005,driven,801.575,396.854,675.421,483.423,64.920,-55.541,0
4804,80.14673,driven,805.731,387.107,692.250,489.727,68.889,-47.877,0
4805,80.16342,driven,805.731,387.107,704.863,502.148,68.889,-41.244,0
4806,80.1801,driven,805.731,387.107,719.949,513.797,68.889,-34.102,0
4807,80.19678,driven,803.661,392.196,733.049,527.928,66.831,-27.485,0
4808,80.21347,driven,799.257,401.591,746.239,545.111,62.945,-20.275,0
4809,80.23015,driven,792.778,413.034,760.992,562.696,58.019,-11.991,0
4810,80.24683,driven,783.593,426.161,777.065,579.022,52.017,-2.445,0
4811,80.26352,driven,768.312,442.988,797.927,593.095,43.497,11.161,0
4812,80.2802,driven,746.094,460.470,821.598,593.542,32.895,29.570,0
4813,80.29688,driven,720.405,473.823,821.111,589.006,22.037,41.164,0
4814,80.31357,driven,697.219,481.124,823.197,567.949,12.924,55.425,0
4815,80.33025,driven,674.816,484.543,816.377,542.591,4.429,67.704,0
4816,80.34693,driven,652.692,484.652,800.604,523.780,-3.863,75.183,0
4817,80.36362,driven,630.980,481.612,781.552,508.760,-12.080,79.780,0
4818,80.3803,driven,607.858,474.718,759.005,498.461,-21.125,81.072,0
4819,80.39698,driven,586.661,464.595,737.434,490.605,-29.930,80.212,0
4820,80.41367,driven,568.488,452.318,716.668,490.420,-38.150,75.580,0
4821,80.43035,driven,552.387,437.706,696.079,490.259,-46.299,69.911,0
4822,80.44703,driven,540.973,424.296,678.321,491.709,-52.898,63.857,0
4823,80.46372,driven,532.688,412.174,658.989,498.528,-58.398,55.639,0
4824,80.4804,driven,527.657,403.352,639.344,507.922,-62.202,46.885,0
4825,80.49708,driven,527.657,403.352,623.631,522.507,-62.202,38.850,0
4826,80.51377,driven,527.657,403.352,605.085,535.314,-62.202,30.402,0
4827,80.53045,driven,531.107,409.545,587.327,551.841,-59.547,21.558,0
4828,80.54713,driven,537.098,418.935,567.922,568.798,-55.375,11.622,0
4829,80.56382,driven,547.481,432.321,547.221,585.321,-49.028,-0.097,0
4830,80.5805,driven,562.676,447.517,521.304,594.817,-40.974,-15.688,0
4831,80.59718,driven,584.175,463.132,498.942,590.192,-31.011,-33.854,0
4832,80.61387,driven,607.887,474.729,496.408,579.522,-21.113,-46.771,0
4833,80.63055,driven,627.951,480.931,494.315,555.432,-13.243,-60.861,0
4834,80.64723,driven,649.009,484.359,502.453,528.296,-5.247,-73.312,0
4835,80.66392,driven,669.676,484.854,518.208,506.450,2.501,-81.886,0
4836,80.6806,driven,692.502,482.129,539.675,489.408,11.118,-87.273,0
4837,80.69728,driven,713.471,476.436,560.471,476.313,19.261,-90.046,0
4838,80.71397,driven,733.859,467.603,580.872,465.600,27.589,-90.750,0
4839,80.73065,driven,754.269,454.796,601.330,459.099,36.622,-88.388,0
4840,80.74733,driven,770.291,441.077,618.352,459.065,44.527,-83.248,0
4841,80.76402,driven,783.645,426.094,634.242,459.076,52.048,-77.551,0
4842,80.7807,driven,793.874,411.253,649.990,463.276,58.802,-70.122,0
4843,80.79738,driven,800.675,398.743,665.295,470.026,64.136,-62.231,0
4844,80.81407,driven,804.743,389.601,680.413,478.768,67.885,-54.353,0
4845,80.83075,driven,804.743,389.601,691.606,492.601,67.885,-47.685,0
4846,80.84743,driven,804.743,389.601,705.177,505.771,67.885,-40.599,0
4847,80.86412,driven,802.898,393.949,717.355,520.801,66.116,-33.994,0
4848,80.8808,driven,798.275,403.482,728.698,539.746,62.147,-27.049,0
4849,80.89748,driven,792.653,413.236,742.168,557.667,57.930,-19.266,0
4850,80.91417,driven,782.591,427.431,756.615,578.210,51.411,-9.775,0
4851,80.93085,driven,768.928,442.400,774.072,595.314,43.816,1.927,0
4852,80.94753,driven,745.996,460.533,797.295,604.677,32.851,19.590,0
4853,80.96422,driven,719.802,474.065,808.622,598.645,21.793,35.487,0
4854,80.9809,driven,694.633,481.694,810.153,582.014,11.932,49.028,0
4855,80.99758,driven,671.253,484.777,806.373,556.552,3.092,62.023,0
4856,81.01427,driven,648.836,484.343,792.908,535.845,-5.312,70.329,0
4857,81.03095,driven,627.792,480.894,775.924,519.182,-13.304,75.508,0
4858,81.04763,driven,605.825,473.916,755.600,505.168,-21.943,78.214,0
4859,81.06432,driven,585.017,463.634,734.795,494.866,-30.644,78.221,0
4860,81.081,driven,567.171,451.272,715.450,488.986,-38.780,75.730,0
4861,81.09768,driven,551.782,437.069,695.803,488.710,-46.629,70.274,0
4862,81.11437,driven,540.112,423.146,678.280,488.863,-53.436,64.563,0
4863,81.13105,driven,531.787,410.691,660.960,492.687,-59.048,57.593,0
4864,81.14773,driven,527.007,402.107,644.515,500.092,-62.728,50.177,0
4865,81.16442,driven,527.007,402.107,632.185,513.222,-62.728,43.428,0
4866,81.1811,driven,527.007,402.107,617.468,525.500,-62.728,36.246,0
4867,81.19778,driven,530.079,407.770,604.308,541.557,-60.315,29.023,0
4868,81.21447,driven,535.874,417.135,591.560,559.641,-56.190,21.344,0
4869,81.23115,driven,544.542,428.834,576.170,578.529,-50.735,11.930,0
4870,81.24783,driven,558.710,443.949,558.720,596.949,-42.972,0.004,0
4871,81.26452,driven,576.971,458.523,535.852,605.894,-34.214,-15.590,0
4872,81.2812,driven,601.538,472.112,517.915,600.238,-23.685,-33.131,0
4873,81.29788,driven,626.877,480.675,516.559,586.688,-13.656,-46.140,0
4874,81.31457,driven,648.447,484.306,517.206,562.950,-5.458,-59.069,0
4875,81.33125,driven,670.346,484.824,527.541,539.739,2.752,-68.966,0
4876,81.34793,driven,691.722,482.280,543.308,519.459,10.820,-75.936,0
4877,81.36462,driven,714.093,476.217,563.527,503.401,19.508,-79.766,0
4878,81.3813,driven,735.268,466.856,583.962,489.557,28.186,-81.468,0
4879,81.39798,driven,754.729,454.453,603.982,480.612,36.837,-80.156,0
4880,81.41467,driven,772.019,439.350,623.816,477.363,45.442,-75.614,0
4881,81.43135,driven,785.207,424.057,641.702,477.118,53.010,-69.708,0
4882,81.44803,driven,794.362,410.441,656.832,477.483,59.157,-64.012,0
4883,81.46472,driven,800.788,398.510,673.124,482.836,64.233,-56.554,0
4884,81.4814,driven,804.350,390.559,688.368,490.344,67.497,-49.293,0
4885,81.49808,driven,804.350,390.559,699.849,502.311,67.497,-43.080,0
4886,81.51477,driven,804.350,390.559,713.724,513.830,67.497,-36.322,0
4887,81.53145,driven,801.526,396.957,725.529,529.748,64.877,-29.783,0
4888,81.54813,driven,797.247,405.394,737.768,546.360,61.334,-22.877,0
4889,81.56482,driven,790.023,417.288,750.812,565.178,56.121,-14.850,0
4890,81.5815,driven,779.373,431.329,766.189,583.760,49.518,-4.944,0
4891,81.59818,driven,763.599,447.277,785.875,598.647,41.110,8.372,0
4892,81.61487,driven,740.480,463.931,808.964,600.749,30.425,26.590,0
4893,81.63155,driven,713.418,476.454,810.422,594.773,19.240,39.347,0
4894,81.64823,driven,690.731,482.466,812.608,574.960,10.443,52.805,0
4895,81.66492,driven,668.902,484.886,807.070,550.602,2.211,64.563,0
4896,81.6816,driven,647.178,484.180,792.717,531.375,-5.936,72.033,0
4897,81.69828,driven,625.424,480.314,774.225,515.913,-14.217,76.546,0
4898,81.71497,driven,603.858,473.107,753.844,503.329,-22.740,78.608,0
4899,81.73165,driven,583.096,462.477,732.690,494.578,-31.483,77.889,0
4900,81.74833,driven,564.900,449.411,711.459,493.338,-39.880,73.315,0
4901,81.76502,driven,550.369,435.553,692.093,493.201,-47.405,67.865,0
4902,81.7817,driven,539.330,422.082,674.589,493.596,-53.930,62.134,0
4903,81.79838,driven,531.751,410.630,656.199,499.634,-59.075,54.428,0
4904,81.81507,driven,527.543,403.137,638.496,508.486,-62.293,46.484,0
4905,81.83175,driven,527.543,403.137,623.474,522.327,-62.293,38.829,0
4906,81.84843,driven,527.543,403.137,605.612,534.721,-62.293,30.681,0
4907,81.86512,driven,531.302,409.876,589.926,551.200,-59.403,22.530,0
4908,81.8818,driven,537.444,419.434,572.655,568.327,-55.148,13.305,0
4909,81.89848,driven,548.621,433.619,553.388,586.545,-48.381,1.785,0
4910,81.91517,driven,563.812,448.494,529.358,597.564,-40.413,-13.014,0
4911,81.93185,driven,585.108,463.689,505.963,594.628,-30.604,-31.151,0
4912,81.94853,driven,610.465,475.698,503.816,585.402,-20.082,-44.191,0
4913,81.96522,driven,632.155,481.859,502.063,562.388,-11.631,-58.242,0
4914,81.9819,driven,652.264,484.623,508.114,535.904,-4.024,-70.417,0
4915,81.99858,driven,674.591,484.560,524.667,515.084,4.345,-78.492,0
4916,82.01527,driven,696.328,481.326,544.178,497.426,12.582,-83.960,0
4917,82.03195,driven,718.578,474.549,565.822,483.187,21.300,-86.763,0
4918,82.04863,driven,739.552,464.472,586.746,472.171,30.023,-87.116,0
4919,82.06532,driven,758.266,451.722,606.002,466.704,38.510,-84.380,0
4920,82.082,driven,774.545,436.722,624.492,466.611,46.807,-78.735,0
4921,82.09868,driven,787.405,421.064,641.360,466.671,54.400,-72.657,0
4922,82.11537,driven,796.390,406.941,657.286,470.653,60.672,-65.392,0
4923,82.13205,driven,802.394,395.074,673.264,477.138,65.654,-57.563,0
4924,82.14873,driven,805.540,387.601,689.129,486.886,68.691,-49.540,0
4925,82.16542,driven,805.540,387.601,701.677,499.946,68.691,-42.753,0
4926,82.1821,driven,805.540,387.601,716.723,512.182,68.691,-35.486,0
4927,82.19878,driven,802.638,394.533,729.363,528.845,65.876,-28.615,0
4928,82.21547,driven,797.722,404.519,741.983,547.004,61.707,-21.365,0
4929,82.23215,driven,790.124,417.138,756.025,566.290,56.189,-12.877,0
4930,82.24883,driven,779.944,430.657,772.927,583.496,49.848,-2.628,0
4931,82.26552,driven,762.505,448.223,795.350,597.656,40.569,12.396,0
4932,82.2822,driven,739.374,464.575,818.561,595.488,29.945,31.169,0
4933,82.29888,driven,713.376,476.469,816.450,589.539,19.224,42.352,0
4934,82.31557,driven,690.667,482.478,817.502,568.046,10.418,55.995,0
4935,82.33225,driven,667.697,484.928,809.169,543.191,1.759,67.616,0
4936,82.34893,driven,645.342,483.978,793.091,523.715,-6.627,74.946,0
4937,82.36562,driven,623.151,479.720,773.267,509.288,-15.097,78.857,0
4938,82.3823,driven,601.098,471.918,751.945,497.499,-23.865,80.375,0
4939,82.39898,driven,580.928,461.125,731.462,488.487,-32.440,79.698,0
4940,82.41567,driven,562.849,447.667,710.350,488.319,-40.888,74.591,0
4941,82.43235,driven,548.397,433.367,691.221,488.235,-48.507,68.985,0
4942,82.44903,driven,537.377,419.338,672.974,490.208,-55.192,62.406,0
4943,82.46572,driven,530.099,407.805,654.156,497.353,-60.300,54.177,0
4944,82.4824,driven,525.891,399.899,635.917,506.216,-63.655,45.982,0
4945,82.49908,driven,525.891,399.899,619.935,520.584,-63.655,37.927,0
4946,82.51577,driven,525.891,399.899,602.266,532.473,-63.655,29.946,0
4947,82.53245,driven,529.521,406.783,586.169,548.910,-60.740,21.731,0
4948,82.54913,driven,535.778,416.991,567.571,566.651,-56.255,11.993,0
4949,82.56582,driven,546.106,430.716,547.963,583.705,-49.819,0.695,0
4950,82.5825,driven,561.646,446.614,523.563,594.798,-41.487,-14.413,0
4951,82.59918,driven,583.277,462.588,500.531,591.282,-31.404,-32.740,0
4952,82.61587,driven,608.103,474.812,499.536,582.618,-21.027,-45.202,0
4953,82.63255,driven,629.523,481.293,497.769,559.074,-12.639,-59.445,0
4954,82.64923,driven,650.294,484.471,504.977,532.347,-4.764,-71.765,0
4955,82.66592,driven,671.299,484.775,520.796,512.304,3.109,-79.634,0
4956,82.6826,driven,694.110,481.804,541.715,495.400,11.732,-84.902,0
4957,82.69928,driven,716.229,475.442,563.381,482.275,20.359,-87.440,0
4958,82.71597,driven,736.577,466.147,583.691,472.055,28.744,-87.787,0
4959,82.73265,driven,755.998,453.492,603.642,467.516,37.433,-84.741,0
4960,82.74933,driven,772.816,438.534,622.573,467.449,45.869,-79.106,0
4961,82.76602,driven,785.938,423.078,639.533,467.516,53.467,-73.115,0
4962,82.7827,driven,795.131,409.140,656.245,473.325,59.723,-65.196,0
4963,82.79938,driven,801.431,397.160,673.416,480.953,64.793,-56.793,0
4964,82.81607,driven,804.252,390.795,689.199,491.651,67.401,-48.762,0
4965,82.83275,driven,804.252,390.795,702.980,505.482,67.401,-41.446,0
4966,82.84943,driven,804.252,390.795,719.440,518.137,67.401,-33.664,0
4967,82.86612,driven,801.247,397.549,733.377,534.671,64.632,-26.334,0
4968,82.8828,driven,796.219,407.244,747.969,552.436,60.542,-18.383,0
4969,82.89948,driven,788.135,420.036,764.108,571.137,54.873,-9.035,0
4970,82.91617,driven,777.382,433.616,783.136,586.507,48.382,2.155,0
4971,82.93285,driven,758.798,451.297,807.449,596.355,38.765,18.541,0
4972,82.94953,driven,733.947,467.556,825.015,590.502,27.626,36.528,0
4973,82.96622,driven,711.055,477.257,826.000,578.236,18.306,48.701,0
4974,82.9829,driven,688.851,482.800,823.779,554.936,9.728,61.870,0
4975,82.99958,driven,666.893,484.950,812.263,532.664,1.458,71.829,0
4976,83.01627,driven,645.871,484.038,795.643,515.301,-6.428,78.210,0
4977,83.03295,driven,624.136,479.982,775.485,502.393,-14.715,81.577,0
4978,83.04963,driven,602.439,472.504,754.299,491.148,-23.317,83.001,0
4979,83.06632,driven,582.300,461.987,733.557,485.013,-31.833,81.344,0
4980,83.083,driven,564.230,448.848,712.933,484.852,-40.207,76.390,0
4981,83.09968,driven,550.034,435.188,694.742,484.874,-47.590,71.050,0
4982,83.11637,driven,539.202,421.906,676.816,488.775,-54.011,64.084,0
4983,83.13305,driven,531.885,410.853,658.955,496.071,-58.977,56.153,0
4984,83.14973,driven,528.122,404.229,641.597,506.857,-61.830,47.874,0
4985,83.16642,driven,528.122,404.229,626.669,521.266,-61.830,40.098,0
4986,83.1831,driven,528.122,404.229,608.760,534.254,-61.830,31.806,0
4987,83.19978,driven,532.041,411.112,592.264,551.761,-58.864,23.180,0
4988,83.21647,driven,538.790,421.336,575.060,569.975,-54.275,13.713,0
4989,83.23315,driven,549.479,434.577,556.057,587.436,-47.899,2.464,0
4990,83.24983,driven,564.675,449.223,531.165,598.508,-39.990,-12.651,0
4991,83.26652,driven,587.442,465.041,507.137,595.272,-29.594,-31.659,0
4992,83.2832,driven,611.973,476.240,504.932,585.562,-19.482,-44.396,0
4993,83.29988,driven,634.058,482.238,503.216,561.543,-10.904,-58.779,0
4994,83.31657,driven,653.631,484.713,509.188,535.165,-3.511,-70.746,0
4995,83.33325,driven,674.612,484.559,524.608,514.687,4.353,-78.643,0
4996,83.34993,driven,697.643,481.026,545.363,495.848,13.087,-84.441,0
4997,83.36662,driven,718.840,474.446,565.975,480.872,21.406,-87.593,0
4998,83.3833,driven,739.411,464.554,586.517,470.271,29.961,-87.858,0
4999,83.39998,driven,759.071,451.077,606.638,464.227,38.897,-85.069,0
5000,83.41667,driven,775.377,435.829,625.017,464.131,47.264,-79.340,0
5001,83.43335,driven,787.756,420.571,641.060,464.037,54.627,-73.496,0
5002,83.45003,driven,796.393,406.935,655.915,467.555,60.675,-66.658,0
5003,83.46672,driven,802.407,395.046,671.256,473.840,65.666,-59.003,0
5004,83.4834,driven,805.125,388.653,684.681,483.004,68.267,-51.926,0
5005,83.50008,driven,805.125,388.653,695.963,495.857,68.267,-45.518,0
5006,83.51677,driven,805.125,388.653,709.623,508.187,68.267,-38.623,0
5007,83.53345,driven,802.039,395.852,719.641,524.769,65.334,-32.585,0
5008,83.55013,driven,797.346,405.213,730.438,542.808,61.411,-25.932,0
5009,83.56682,driven,790.059,417.235,742.972,562.809,56.145,-17.924,0
5010,83.5835,driven,779.379,431.322,757.096,582.690,49.522,-8.375,0
5011,83.60018,driven,764.258,446.699,774.311,599.368,41.439,3.767,0
5012,83.61687,driven,739.605,464.441,797.604,606.022,30.045,22.277,0
5013,83.63355,driven,711.920,476.968,802.767,600.077,18.647,36.425,0
5014,83.65023,driven,686.950,483.114,805.165,580.244,9.006,50.592,0
5015,83.66692,driven,664.795,484.989,800.588,555.481,0.672,62.566,0
5016,83.6836,driven,642.114,483.568,786.170,535.110,-7.846,70.313,0
5017,83.70028,driven,620.761,479.054,768.568,518.578,-16.026,75.029,0
5018,83.71697,driven,598.777,470.868,747.756,505.716,-24.819,76.835,0
5019,83.73365,driven,579.105,459.948,727.970,495.279,-33.253,76.649,0
5020,83.75033,driven,560.876,445.929,707.052,491.112,-41.873,72.824,0
5021,83.76702,driven,546.905,431.655,687.974,490.889,-49.357,67.222,0
5022,83.7837,driven,536.638,418.265,671.140,491.192,-55.679,61.533,0
5023,83.80038,driven,529.118,406.059,652.799,496.126,-61.050,53.937,0
5024,83.81707,driven,525.670,399.450,636.582,504.842,-63.842,46.462,0
5025,83.83375,driven,525.670,399.450,623.241,517.301,-63.842,39.622,0
5026,83.85043,driven,525.670,399.450,607.181,528.929,-63.842,32.192,0
5027,83.86712,driven,528.748,405.385,592.436,544.500,-61.338,24.599,0
5028,83.8838,driven,534.181,414.551,577.037,561.426,-57.347,16.266,0
5029,83.90048,driven,544.330,428.574,560.792,580.686,-50.861,6.177,0
5030,83.91717,driven,558.870,444.098,540.087,595.940,-42.890,-7.051,0
5031,83.93385,driven,577.246,458.709,516.459,599.116,-34.089,-23.410,0
5032,83.95053,driven,603.852,473.105,507.645,592.072,-22.742,-38.962,0
5033,83.96722,driven,626.370,480.550,504.754,573.387,-13.852,-52.643,0
5034,83.9839,driven,647.901,484.253,509.112,548.647,-5.664,-65.110,0
5035,84.00058,driven,668.085,484.915,521.458,528.615,1.904,-73.404,0
5036,84.01727,driven,690.995,482.417,540.489,509.931,10.543,-79.640,0
5037,84.03395,driven,713.052,476.582,561.374,496.658,19.095,-82.460,0
5038,84.05063,driven,734.808,467.102,582.836,484.811,27.991,-83.353,0
5039,84.06732,driven,755.010,454.242,603.940,478.468,36.968,-80.890,0
5040,84.084,driven,771.025,440.349,622.816,478.338,44.914,-75.623,0
5041,84.10068,driven,784.266,425.293,640.779,478.403,52.428,-69.689,0
5042,84.11737,driven,793.451,411.947,657.788,482.689,58.498,-62.460,0
5043,84.13405,driven,799.805,400.508,675.624,489.885,63.399,-54.256,0
5044,84.15073,driven,802.204,395.491,691.220,500.807,65.482,-46.501,0
5045,84.16742,driven,802.204,395.491,705.805,514.302,65.482,-39.055,0
5046,84.1841,driven,802.204,395.491,722.626,526.167,65.482,-31.340,0
5047,84.20078,driven,798.705,402.661,737.565,542.914,62.494,-23.554,0
5048,84.21747,driven,793.297,412.197,753.772,560.004,58.388,-14.972,0
5049,84.23415,driven,784.986,424.349,771.065,576.715,52.873,-5.220,0
5050,84.25083,driven,773.286,438.048,791.475,589.963,46.122,6.828,0
5051,84.26752,driven,752.285,456.246,816.840,594.961,35.701,24.956,0
5052,84.2842,driven,727.667,470.662,825.751,588.086,25.003,39.872,0
5053,84.30088,driven,705.236,479.055,829.008,568.997,16.025,53.995,0
5054,84.31757,driven,683.006,483.686,823.956,543.204,7.514,67.107,0
5055,84.33425,driven,661.531,484.993,809.672,523.242,-0.550,75.523,0
5056,84.35093,driven,638.948,483.098,790.243,505.874,-9.045,81.439,0
5057,84.36762,driven,616.734,477.837,769.063,492.150,-17.601,84.632,0
5058,84.3843,driven,595.860,469.482,748.341,482.077,-26.029,85.278,0
5059,84.40098,driven,575.498,457.508,727.177,477.564,-34.884,82.468,0
5060,84.41767,driven,558.111,443.388,707.265,477.479,-43.279,77.126,0
5061,84.43435,driven,544.468,428.743,689.461,477.589,-50.779,71.382,0
5062,84.45103,driven,533.987,414.247,670.836,482.666,-57.482,63.437,0
5063,84.46772,driven,527.704,403.443,653.328,490.781,-62.164,55.192,0
5064,84.4844,driven,524.911,397.882,636.632,502.416,-64.494,46.903,0
5065,84.50108,driven,524.911,397.882,621.822,516.276,-64.494,39.302,0
5066,84.51777,driven,524.911,397.882,603.720,529.023,-64.494,31.004,0
5067,84.53445,driven,528.568,405.055,587.794,546.127,-61.479,22.774,0
5068,84.55113,driven,534.959,415.753,571.133,564.415,-56.811,13.676,0
5069,84.56782,driven,545.472,429.961,552.340,582.806,-50.188,2.573,0
5070,84.5845,driven,560.250,445.364,527.840,594.892,-42.188,-12.230,0
5071,84.60118,driven,581.792,461.670,502.963,592.800,-32.057,-31.012,0
5072,84.61787,driven,607.409,474.543,501.472,584.936,-21.306,-43.820,0
5073,84.63455,driven,629.462,481.279,499.504,562.024,-12.662,-58.147,0
5074,84.65123,driven,650.305,484.472,506.015,535.360,-4.760,-70.574,0
5075,84.66792,driven,672.332,484.715,522.230,514.350,3.497,-78.832,0
5076,84.6846,driven,694.914,481.635,542.627,496.385,12.040,-84.468,0
5077,84.70128,driven,716.855,475.208,564.053,482.992,20.609,-87.084,0
5078,84.71797,driven,738.295,465.190,585.491,472.937,29.480,-87.098,0
5079,84.73465,driven,758.543,451.501,606.428,467.937,38.643,-83.833,0
5080,84.75133,driven,774.107,437.186,624.208,467.830,46.568,-78.446,0
5081,84.76802,driven,787.026,421.592,641.218,467.951,54.157,-72.362,0
5082,84.7847,driven,796.362,406.990,658.514,473.375,60.651,-64.286,0
5083,84.80138,driven,802.491,394.859,675.655,480.425,65.742,-55.996,0
5084,84.81807,driven,804.549,390.077,689.920,491.414,67.692,-48.522,0
5085,84.83475,driven,804.549,390.077,703.399,504.871,67.692,-41.385,0
5086,84.85143,driven,804.549,390.077,718.838,516.816,67.692,-34.070,0
5087,84.86812,driven,800.946,398.181,731.260,534.390,64.370,-27.095,0
5088,84.8848,driven,795.498,408.507,744.883,552.893,59.997,-19.318,0
5089,84.90148,driven,787.521,420.901,760.124,571.428,54.475,-10.315,0
5090,84.91817,driven,775.825,435.341,777.453,588.333,47.512,0.610,0
5091,84.93485,driven,756.605,453.025,801.482,599.295,37.720,17.057,0
5092,84.95153,driven,732.022,468.546,819.867,593.815,26.816,35.040,0
5093,84.96822,driven,707.674,478.333,819.966,582.253,16.977,47.217,0
5094,84.9849,driven,684.383,483.498,817.899,558.215,8.034,60.768,0
5095,85.00158,driven,662.876,485.000,806.797,536.922,-0.046,70.162,0
5096,85.01827,driven,640.750,483.374,789.686,518.405,-8.362,76.764,0
5097,85.03495,driven,617.292,478.013,768.153,503.506,-17.382,80.409,0
5098,85.05163,driven,596.637,469.858,747.908,492.793,-25.705,81.379,0
5099,85.06832,driven,576.345,458.095,726.770,486.048,-34.498,79.473,0
5100,85.085,driven,559.128,444.337,706.379,485.883,-42.758,74.244,0
5101,85.10168,driven,545.516,430.013,687.970,485.834,-50.163,68.602,0
5102,85.11837,driven,535.854,417.106,670.769,489.265,-56.203,61.860,0
5103,85.13505,driven,528.853,405.577,652.265,496.011,-61.256,53.767,0
5104,85.15173,driven,526.540,401.192,636.343,507.740,-63.113,45.862,0
5105,85.16842,driven,526.540,401.192,621.145,521.437,-63.113,38.195,0
5106,85.1851,driven,526.540,401.192,603.402,533.484,-63.113,30.157,0
5107,85.20178,driven,530.534,408.563,587.462,550.578,-59.973,21.844,0
5108,85.21847,driven,537.299,419.226,571.127,568.440,-55.242,12.773,0
5109,85.23515,driven,548.549,433.538,551.898,586.501,-48.421,1.254,0
5110,85.25183,driven,564.181,448.807,527.896,597.442,-40.231,-13.719,0
5111,85.26852,driven,587.034,464.809,505.118,594.033,-29.769,-32.371,0
5112,85.2852,driven,612.256,476.340,504.589,585.045,-19.370,-44.725,0
5113,85.30188,driven,633.614,482.152,502.815,561.528,-11.073,-58.748,0
5114,85.31857,driven,654.745,484.777,510.210,534.963,-3.093,-70.852,0
5115,85.33525,driven,675.605,484.480,525.633,514.768,4.726,-78.582,0
5116,85.35193,driven,698.489,480.827,546.403,497.525,13.412,-83.734,0
5117,85.36862,driven,721.417,473.409,568.780,483.934,22.446,-86.055,0
5118,85.3853,driven,742.519,462.712,589.972,474.471,31.314,-85.592,0
5119,85.40198,driven,760.780,449.678,609.053,469.377,39.723,-82.603,0
5120,85.41867,driven,777.327,433.677,628.530,469.293,48.352,-76.539,0
5121,85.43535,driven,789.106,418.639,644.772,469.400,55.510,-70.624,0
5122,85.45203,driven,797.507,404.917,661.706,475.395,61.538,-62.572,0
5123,85.46872,driven,803.239,393.171,679.307,482.891,66.434,-54.098,0
5124,85.4854,driven,805.117,388.673,693.902,493.746,68.259,-46.627,0
5125,85.50208,driven,805.117,388.673,708.170,507.039,68.259,-39.319,0
5126,85.51877,driven,805.117,388.673,724.765,518.875,68.259,-31.680,0
5127,85.53545,driven,801.731,396.519,738.742,535.951,65.059,-24.311,0
5128,85.55213,driven,796.764,406.271,754.253,553.247,60.959,-16.132,0
5129,85.56882,driven,788.741,419.168,770.384,571.063,55.269,-6.891,0
5130,85.5855,driven,777.370,433.629,789.668,586.134,48.376,4.610,0
5131,85.60218,driven,757.680,452.186,813.799,594.522,38.230,21.518,0
5132,85.61887,driven,733.057,468.019,827.169,588.650,27.251,37.960,0
5133,85.63555,driven,709.331,477.816,829.386,572.663,17.627,51.690,0
5134,85.65223,driven,686.679,483.157,825.206,548.111,8.903,64.878,0
5135,85.66892,driven,664.823,484.989,811.455,528.669,0.683,73.412,0
5136,85.6856,driven,642.636,483.639,793.191,510.882,-7.649,79.743,0
5137,85.70228,driven,619.468,478.676,771.215,498.219,-16.530,82.662,0
5138,85.71897,driven,598.179,470.590,750.045,489.184,-25.066,83.020,0
5139,85.73565,driven,577.383,458.802,728.159,484.793,-34.027,80.219,0
5140,85.75233,driven,559.401,444.589,707.065,484.645,-42.619,74.823,0
5141,85.76902,driven,546.143,430.760,689.270,484.832,-49.798,69.304,0
5142,85.7857,driven,535.844,417.091,670.081,490.503,-56.210,61.326,0
5143,85.80238,driven,528.766,405.419,650.134,498.579,-61.324,52.491,0
5144,85.81907,driven,527.976,403.955,635.600,512.703,-61.947,44.702,0
5145,85.83575,driven,527.976,403.955,618.015,527.656,-61.947,36.050,0
5146,85.85243,driven,527.976,403.955,598.592,539.684,-61.947,27.487,0
5147,85.86912,driven,532.126,411.253,580.910,556.268,-58.802,18.593,0
5148,85.8858,driven,540.079,423.101,562.099,574.508,-53.457,8.275,0
5149,85.90248,driven,551.967,437.264,540.583,589.840,-46.528,-4.267,0
5150,85.91917,driven,570.301,453.720,514.687,596.255,-37.292,-21.314,0
5151,85.93585,driven,593.321,468.212,498.668,588.420,-27.092,-38.217,0
5152,85.95253,driven,616.722,477.833,494.879,570.371,-17.606,-52.784,0
5153,85.96922,driven,638.710,483.060,498.270,543.769,-9.135,-66.622,0
5154,85.9859,driven,658.383,484.930,509.913,521.887,-1.729,-76.022,0
5155,86.00258,driven,680.771,483.964,528.787,501.572,6.670,-83.392,0
5156,86.01927,driven,702.783,479.737,549.935,486.555,15.071,-87.446,0
5157,86.03595,driven,724.215,472.220,571.221,473.559,23.584,-89.499,0
5158,86.05263,driven,744.325,461.597,591.346,464.163,32.109,-89.039,0
5159,86.06932,driven,763.072,447.735,610.885,463.489,40.849,-84.090,0
5160,86.086,driven,778.787,432.012,629.036,463.376,49.181,-78.171,0
5161,86.10268,driven,790.030,417.279,644.185,463.519,56.125,-72.409,0
5162,86.11937,driven,798.392,403.260,660.265,469.063,62.241,-64.527,0
5163,86.13605,driven,803.584,392.375,676.206,477.133,66.758,-56.360,0
5164,86.15273,driven,805.349,388.086,689.705,488.263,68.495,-49.099,0
5165,86.16942,driven,805.349,388.086,703.194,501.987,68.495,-41.888,0
5166,86.1861,driven,805.349,388.086,719.103,514.461,68.495,-34.312,0
5167,86.20278,driven,801.953,396.040,731.095,531.644,65.256,-27.589,0
5168,86.21947,driven,796.929,405.972,744.254,549.619,61.087,-20.138,0
5169,86.23615,driven,788.911,418.922,759.420,569.053,55.381,-11.114,0
5170,86.25283,driven,778.226,432.658,776.894,585.652,48.861,-0.499,0
5171,86.26952,driven,759.517,450.716,800.214,598.204,39.111,15.426,0
5172,86.2862,driven,735.072,466.962,821.023,593.537,28.103,34.178,0
5173,86.30288,driven,709.523,477.755,819.641,583.977,17.702,46.032,0
5174,86.31957,driven,686.497,483.185,818.341,560.814,8.834,59.511,0
5175,86.33625,driven,663.465,484.999,807.141,537.595,0.174,69.894,0
5176,86.35293,driven,642.022,483.555,790.778,519.340,-7.881,76.474,0
5177,86.36962,driven,619.364,478.646,770.024,505.303,-16.571,79.966,0
5178,86.3863,driven,596.923,469.996,748.140,493.285,-25.587,81.245,0
5179,86.40298,driven,576.895,458.471,727.256,486.770,-34.248,79.341,0
5180,86.41967,driven,559.671,444.837,706.863,486.592,-42.481,74.163,0
5181,86.43635,driven,545.761,430.306,688.069,486.497,-50.020,68.453,0
5182,86.45303,driven,535.872,417.132,671.046,488.804,-56.192,62.066,0
5183,86.46972,driven,529.013,405.867,652.776,495.820,-61.132,53.990,0
5184,86.4864,driven,526.841,401.784,637.433,507.512,-62.864,46.288,0
5185,86.50308,driven,526.841,401.784,622.164,521.461,-62.864,38.537,0
5186,86.51977,driven,526.841,401.784,605.143,533.229,-62.864,30.782,0
5187,86.53645,driven,530.882,409.161,589.555,550.464,-59.714,22.550,0
5188,86.55313,driven,537.411,419.387,572.163,568.388,-55.169,13.128,0
5189,86.56982,driven,548.516,433.500,553.612,586.415,-48.440,1.909,0
5190,86.5865,driven,564.036,448.684,529.553,597.747,-40.302,-13.025,0
5191,86.60318,driven,585.816,464.104,506.154,594.730,-30.296,-31.377,0
5192,86.61987,driven,610.335,475.650,504.789,586.416,-20.134,-43.618,0
5193,86.63655,driven,631.971,481.821,502.854,563.905,-11.701,-57.554,0
5194,86.65323,driven,652.708,484.653,509.069,537.348,-3.857,-69.854,0
5195,86.66992,driven,674.775,484.546,525.427,517.774,4.414,-77.457,0
5196,86.6866,driven,696.692,481.244,544.842,499.968,12.721,-82.971,0
5197,86.70328,driven,718.801,474.462,566.309,486.926,21.390,-85.327,0
5198,86.71997,driven,739.427,464.544,586.939,477.050,29.969,-85.311,0
5199,86.73665,driven,758.333,451.669,606.604,471.355,38.542,-82.608,0
5200,86.75333,driven,774.296,436.986,625.183,471.251,46.671,-77.059,0
5201,86.77002,driven,786.454,422.378,641.507,471.362,53.793,-71.328,0
5202,86.7867,driven,795.191,409.036,658.183,477.138,59.768,-63.570,0
5203,86.80338,driven,801.057,397.949,674.746,484.289,64.467,-55.645,0
5204,86.82007,driven,801.946,396.055,686.427,496.376,65.250,-49.028,0
5205,86.83675,driven,801.946,396.055,699.677,509.854,65.250,-41.945,0
5206,86.85343,driven,801.946,396.055,715.171,522.068,65.250,-34.552,0
5207,86.87012,driven,798.231,403.565,727.565,539.268,62.112,-27.508,0
5208,86.8868,driven,792.671,413.206,741.095,557.250,57.943,-19.700,0
5209,86.90348,driven,784.246,425.319,756.696,575.818,52.416,-10.374,0
5210,86.92017,driven,773.202,438.134,774.341,591.130,46.077,0.427,0
5211,86.93685,driven,752.602,456.018,798.062,602.108,35.848,17.285,0
5212,86.95353,driven,727.727,470.634,815.932,595.649,25.028,35.205,0
5213,86.97022,driven,703.642,479.503,816.215,583.119,15.405,47.373,0
5214,86.9869,driven,681.266,483.906,814.526,559.077,6.857,60.573,0
5215,87.00358,driven,658.555,484.935,802.521,536.731,-1.665,70.213,0
5216,87.02027,driven,637.500,482.860,786.300,518.462,-9.594,76.544,0
5217,87.03695,driven,616.128,477.643,766.876,503.796,-17.840,80.158,0
5218,87.05363,driven,594.694,468.906,745.980,491.741,-26.516,81.417,0
5219,87.07032,driven,575.251,457.336,725.800,484.609,-34.996,79.732,0
5220,87.087,driven,558.782,444.016,706.349,484.424,-42.935,74.686,0
5221,87.10368,driven,545.531,430.030,688.561,484.356,-50.154,69.202,0
5222,87.12037,driven,536.069,417.426,672.636,486.408,-56.059,63.201,0
5223,87.13705,driven,529.360,406.495,655.593,492.948,-60.863,55.594,0
5224,87.15373,driven,527.830,403.681,642.766,504.671,-62.063,48.695,0
5225,87.17042,driven,527.830,403.681,629.550,517.970,-62.063,41.670,0
5226,87.1871,driven,527.830,403.681,614.070,530.061,-62.063,34.309,0
5227,87.20378,driven,531.872,410.831,601.039,547.304,-58.987,26.877,0
5228,87.22047,driven,538.920,421.516,587.379,566.640,-54.192,18.465,0
5229,87.23715,driven,549.090,434.144,571.691,585.466,-48.117,8.495,0
5230,87.25383,driven,565.578,449.974,551.832,602.356,-39.550,-5.154,0
5231,87.27052,driven,585.592,463.974,528.267,605.828,-30.393,-22.004,0
5232,87.2872,driven,611.962,476.237,519.400,598.061,-19.486,-37.228,0
5233,87.30388,driven,635.369,482.484,516.526,578.844,-10.404,-50.964,0
5234,87.32057,driven,657.684,484.908,520.679,553.016,-1.991,-63.567,0
5235,87.33725,driven,678.767,484.185,533.408,531.931,5.915,-71.816,0
5236,87.35393,driven,701.576,480.057,551.932,511.923,14.604,-77.979,0
5237,87.37062,driven,722.327,473.029,571.336,497.739,22.815,-80.706,0
5238,87.3873,driven,744.283,461.623,593.199,485.762,32.091,-80.922,0
5239,87.40398,driven,762.619,448.126,612.486,477.607,40.625,-78.890,0
5240,87.42067,driven,777.567,433.407,630.914,477.018,48.487,-73.439,0
5241,87.43735,driven,788.926,418.900,647.355,476.922,55.391,-67.714,0
5242,87.45403,driven,797.530,404.875,662.749,477.283,61.556,-61.754,0
5243,87.47072,driven,802.706,394.380,678.416,483.605,65.939,-54.326,0
5244,87.4874,driven,803.585,392.373,689.176,493.958,66.759,-48.398,0
5245,87.50408,driven,803.585,392.373,701.839,506.640,66.759,-41.683,0
5246,87.52077,driven,803.585,392.373,715.801,517.685,66.759,-35.012,0
5247,87.53745,driven,799.946,400.225,725.963,534.148,63.518,-28.918,0
5248,87.55413,driven,794.779,409.739,737.944,551.791,59.463,-21.806,0
5249,87.57082,driven,786.614,422.158,751.210,571.005,53.895,-13.380,0
5250,87.5875,driven,775.025,436.209,766.372,588.964,47.070,-3.242,0
5251,87.60418,driven,757.690,452.178,787.464,602.253,38.235,11.221,0
5252,87.62087,driven,733.030,468.033,809.799,600.379,27.239,30.117,0
5253,87.63755,driven,705.821,478.886,807.151,593.521,16.253,41.474,0
5254,87.65423,driven,683.456,483.626,808.056,572.418,7.684,54.526,0
5255,87.67092,driven,661.079,484.988,800.115,548.847,-0.719,65.331,0
5256,87.6876,driven,639.460,483.178,785.190,529.781,-8.850,72.266,0
5257,87.70428,driven,616.709,477.829,765.173,514.809,-17.611,76.013,0
5258,87.72097,driven,595.484,469.298,744.770,502.807,-26.186,77.349,0
5259,87.73765,driven,575.622,457.595,724.131,494.393,-34.827,76.083,0
5260,87.75433,driven,559.036,444.252,703.713,494.029,-42.805,71.014,0
5261,87.77102,driven,546.045,430.644,685.385,493.838,-49.854,65.604,0
5262,87.7877,driven,536.366,417.866,668.595,494.836,-55.860,59.796,0
5263,87.80438,driven,529.678,407.062,650.133,501.399,-60.620,51.933,0
5264,87.82107,driven,529.678,407.062,638.445,514.666,-60.620,45.308,0
5265,87.83775,driven,529.678,407.062,623.838,527.655,-60.620,37.983,0
5266,87.85443,driven,529.983,407.600,607.100,539.743,-60.388,30.268,0
5267,87.87112,driven,534.346,414.809,592.353,556.386,-57.232,22.280,0
5268,87.8878,driven,541.998,425.634,576.885,574.604,-52.266,13.181,0
5269,87.90448,driven,554.897,440.271,558.757,593.223,-44.956,1.446,0
5270,87.92117,driven,572.028,455.016,535.279,603.538,-36.483,-13.897,0
5271,87.93785,driven,595.225,469.170,514.710,599.271,-26.294,-31.752,0
5272,87.95453,driven,619.945,478.817,513.982,589.184,-16.344,-43.834,0
5273,87.97122,driven,641.324,483.457,512.779,566.435,-8.145,-57.157,0
5274,87.9879,driven,661.851,484.996,519.642,541.436,-0.430,-68.353,0
5275,88.00458,driven,684.596,483.468,536.188,520.673,8.114,-75.926,0
5276,88.02127,driven,705.487,478.982,554.514,503.800,16.123,-80.665,0
5277,88.03795,driven,726.785,471.070,574.987,490.210,24.639,-82.813,0
5278,88.05463,driven,745.583,460.799,593.878,480.665,32.667,-82.539,0
5279,88.07132,driven,763.945,446.974,613.697,475.864,41.283,-79.116,0
5280,88.088,driven,778.803,431.993,632.180,475.701,49.190,-73.401,0
5281,88.10468,driven,789.402,418.206,647.699,475.906,55.706,-67.844,0
5282,88.12137,driven,797.501,404.929,664.376,480.339,61.533,-60.470,0
5283,88.13805,driven,802.250,395.390,679.738,487.041,65.524,-53.200,0
5284,88.15473,driven,802.313,395.253,691.049,500.273,65.580,-46.654,0
5285,88.17142,driven,802.313,395.253,704.618,513.001,65.580,-39.682,0
5286,88.1881,driven,802.313,395.253,719.957,524.197,65.580,-32.566,0
5287,88.20478,driven,798.139,403.739,732.039,541.723,62.038,-25.596,0
5288,88.22147,driven,792.320,413.764,745.378,559.385,57.697,-17.867,0
5289,88.23815,driven,782.811,427.155,760.242,578.481,51.543,-8.483,0
5290,88.25483,driven,769.908,441.452,777.968,594.240,44.326,3.020,0
5291,88.27152,driven,748.419,458.935,801.352,602.487,33.938,20.241,0
5292,88.2882,driven,724.051,472.292,813.559,596.377,23.517,35.805,0
5293,88.30488,driven,699.436,480.598,815.621,580.148,13.777,49.409,0
5294,88.32157,driven,676.945,484.363,812.173,555.934,5.229,62.110,0
5295,88.33825,driven,655.210,484.802,799.328,536.173,-2.918,70.381,0
5296,88.35493,driven,633.254,482.081,781.892,518.353,-11.211,76.286,0
5297,88.37162,driven,611.308,476.003,761.671,504.287,-19.746,79.347,0
5298,88.3883,driven,590.769,466.877,741.366,493.887,-28.170,79.832,0
5299,88.40498,driven,571.148,454.361,720.382,488.100,-36.894,77.261,0
5300,88.42167,driven,554.951,440.326,700.354,487.941,-44.927,71.868,0
5301,88.43835,driven,542.582,426.384,682.610,488.037,-51.910,66.237,0
5302,88.45503,driven,533.647,413.711,664.858,492.404,-57.720,59.047,0
5303,88.47172,driven,527.904,403.819,646.461,500.531,-62.004,50.795,0
5304,88.4884,driven,527.904,403.819,633.663,514.381,-62.004,43.728,0
5305,88.50508,driven,527.904,403.819,618.149,527.370,-62.004,36.146,0
5306,88.52177,driven,528.620,405.151,600.844,540.031,-61.438,28.167,0
5307,88.53845,driven,533.600,413.638,585.445,557.586,-57.752,19.807,0
5308,88.55513,driven,541.787,425.362,569.118,575.901,-52.395,10.290,0
5309,88.57182,driven,555.255,440.628,549.912,593.534,-44.766,-2.001,0
5310,88.5885,driven,573.057,455.771,525.802,601.290,-36.006,-17.990,0
5311,88.60518,driven,597.030,470.047,509.028,595.206,-25.542,-35.112,0
5312,88.62187,driven,620.213,478.895,506.091,580.804,-16.240,-48.236,0
5313,88.63855,driven,642.291,483.592,507.463,555.915,-7.779,-61.790,0
5314,88.65523,driven,662.710,485.000,517.376,532.825,-0.109,-71.785,0
5315,88.67192,driven,684.777,483.442,534.819,513.803,8.183,-78.554,0
5316,88.6886,driven,706.553,478.670,554.792,498.101,16.539,-82.704,0
5317,88.70528,driven,727.468,470.755,575.176,485.451,24.921,-84.488,0
5318,88.72197,driven,747.572,459.502,595.571,476.961,33.556,-83.447,0
5319,88.73865,driven,766.297,444.866,616.258,474.821,42.465,-78.709,0
5320,88.75533,driven,780.079,430.496,633.586,474.642,49.927,-73.230,0
5321,88.77202,driven,790.367,416.774,648.850,474.927,56.353,-67.661,0
5322,88.7887,driven,798.127,403.762,665.871,480.687,62.028,-59.816,0
5323,88.80538,driven,803.139,393.400,683.003,488.144,66.340,-51.739,0
5324,88.82207,driven,803.139,393.400,695.203,501.838,66.340,-44.867,0
5325,88.83875,driven,803.139,393.400,710.003,514.786,66.340,-37.498,0
5326,88.85543,driven,802.562,394.702,725.879,527.098,65.807,-30.079,0
5327,88.87212,driven,798.716,402.640,739.828,543.853,62.503,-22.637,0
5328,88.8888,driven,792.397,413.642,754.757,561.940,57.750,-14.242,0
5329,88.90548,driven,782.898,427.044,771.265,579.601,51.596,-4.361,0
5330,88.92217,driven,769.109,442.227,792.228,593.470,43.910,8.691,0
5331,88.93885,driven,747.787,459.359,816.390,596.116,33.653,26.640,0
5332,88.95553,driven,722.236,473.068,821.445,589.543,22.778,40.423,0
5333,88.97222,driven,700.132,480.426,823.818,570.485,14.046,53.941,0
5334,88.9889,driven,679.117,484.149,818.963,546.213,6.047,66.068,0
5335,89.00558,driven,656.788,484.874,804.015,526.505,-2.327,74.211,0
5336,89.02227,driven,635.792,482.561,786.199,510.611,-10.243,79.436,0
5337,89.03895,driven,613.608,476.808,765.116,498.125,-18.834,81.991,0
5338,89.05563,driven,592.479,467.779,744.026,488.818,-27.447,82.096,0
5339,89.07232,driven,573.016,455.741,722.808,486.906,-36.025,78.247,0
5340,89.089,driven,556.554,441.901,702.828,486.767,-44.085,72.948,0
5341,89.10568,driven,544.064,428.246,685.328,487.012,-51.019,67.413,0
5342,89.12237,driven,535.186,416.098,667.422,493.056,-56.656,59.802,0
5343,89.13905,driven,529.054,405.942,648.600,501.429,-61.100,51.384,0
5344,89.15573,driven,529.054,405.942,634.892,516.429,-61.100,43.769,0
5345,89.17242,driven,529.054,405.942,618.350,530.180,-61.100,35.707,0
5346,89.1891,driven,531.269,409.820,602.095,545.440,-59.427,27.575,0
5347,89.20578,driven,536.882,418.621,585.823,563.582,-55.518,18.655,0
5348,89.22247,driven,546.014,430.606,567.757,582.054,-49.873,8.170,0
5349,89.23915,driven,559.503,444.683,546.933,597.166,-42.567,-4.712,0
5350,89.25583,driven,579.142,459.972,521.610,601.743,-33.236,-22.088,0
5351,89.27252,driven,604.276,473.281,509.165,593.127,-22.570,-38.436,0
5352,89.2892,driven,626.138,480.493,505.645,574.783,-13.941,-51.955,0
5353,89.30588,driven,648.871,484.346,509.596,547.683,-5.299,-65.546,0
5354,89.32257,driven,668.668,484.895,521.277,525.941,2.123,-74.438,0
5355,89.33925,driven,691.083,482.401,539.889,505.843,10.576,-81.187,0
5356,89.35593,driven,712.955,476.615,560.594,490.584,19.057,-84.762,0
5357,89.37262,driven,733.521,467.778,580.769,476.480,27.447,-86.740,0
5358,89.3893,driven,753.163,455.611,600.698,468.390,36.108,-85.209,0
5359,89.40598,driven,769.572,441.779,618.484,465.897,44.151,-80.931,0
5360,89.42267,driven,783.751,425.959,636.020,465.766,52.113,-74.920,0
5361,89.43935,driven,793.850,411.293,650.945,465.949,58.785,-69.070,0
5362,89.45603,driven,800.802,398.481,666.233,471.284,64.245,-61.586,0
5363,89.47272,driven,805.216,388.424,681.673,478.679,68.359,-53.850,0
5364,89.4894,driven,805.216,388.424,692.069,491.413,68.359,-47.691,0
5365,89.50608,driven,805.216,388.424,704.683,503.759,68.359,-41.077,0
5366,89.52277,driven,804.144,391.054,717.663,517.268,67.296,-34.419,0
5367,89.53945,driven,800.577,398.944,728.747,534.034,64.053,-28.001,0
5368,89.55613,driven,794.868,409.587,740.759,552.700,59.529,-20.711,0
5369,89.57282,driven,785.843,423.206,754.031,572.862,53.408,-12.001,0
5370,89.5895,driven,773.899,437.405,770.119,590.359,46.455,-1.416,0
5371,89.60618,driven,753.005,455.726,792.514,603.537,36.034,14.965,0
5372,89.62287,driven,725.922,471.463,811.519,598.278,24.284,34.018,0
5373,89.63955,driven,701.693,480.026,809.379,588.713,14.649,44.735,0
5374,89.65623,driven,677.744,484.288,807.684,565.064,5.530,58.133,0
5375,89.67292,driven,653.801,484.723,795.295,542.933,-3.447,67.638,0
5376,89.6896,driven,634.014,482.229,780.743,525.583,-10.921,73.539,0
5377,89.70628,driven,611.976,476.241,760.709,512.124,-19.481,76.436,0
5378,89.72297,driven,590.150,466.543,739.329,500.522,-28.434,77.168,0
5379,89.73965,driven,570.839,454.129,718.593,493.851,-37.039,74.952,0
5380,89.75633,driven,555.087,440.460,698.558,493.611,-44.855,69.672,0
5381,89.77302,driven,542.257,425.969,679.425,493.747,-52.108,63.705,0
5382,89.7897,driven,533.463,413.419,661.150,497.710,-57.849,56.570,0
5383,89.80638,driven,527.605,403.255,642.458,504.338,-62.243,48.649,0
5384,89.82307,driven,527.605,403.255,628.510,518.264,-62.243,41.263,0
5385,89.83975,driven,527.605,403.255,611.449,531.237,-62.243,33.230,0
5386,89.85643,driven,528.283,404.528,593.405,542.977,-61.703,25.191,0
5387,89.87312,driven,532.919,412.548,575.986,559.362,-58.234,16.349,0
5388,89.8898,driven,540.586,423.782,557.834,575.807,-53.139,6.473,0
5389,89.90648,driven,553.204,438.554,537.047,590.699,-45.859,-6.062,0
5390,89.92317,driven,572.020,455.011,511.654,595.599,-36.487,-23.238,0
5391,89.93985,driven,595.402,469.257,498.995,588.062,-26.220,-39.058,0
5392,89.95653,driven,617.864,478.191,495.466,569.993,-17.158,-53.129,0
5393,89.97322,driven,640.072,483.272,499.620,543.954,-8.619,-66.634,0
5394,89.9899,driven,660.002,484.971,511.806,523.009,-1.123,-75.604,0
5395,90.00658,driven,683.232,483.656,531.511,503.404,7.599,-82.584,0
5396,90.02327,driven,705.684,478.925,552.996,488.684,16.200,-86.343,0
5397,90.03995,driven,726.968,470.986,574.096,477.248,24.714,-87.654,0
5398,90.05663,driven,747.183,459.759,594.413,468.153,33.382,-86.855,0
5399,90.07332,driven,765.251,445.814,613.883,468.102,41.937,-81.624,0
5400,90.09,driven,779.250,431.474,630.690,468.065,49.447,-76.163,0
5401,90.10668,driven,790.440,416.664,647.481,471.176,56.402,-69.127,0
5402,90.12337,driven,798.235,403.557,664.164,477.273,62.115,-61.197,0
5403,90.14005,driven,802.922,393.893,680.398,485.528,66.138,-53.207,0
5404,90.15673,driven,802.922,393.893,692.415,499.710,66.138,-46.242,0
5405,90.17342,driven,802.922,393.893,707.043,513.125,66.138,-38.804,0
5406,90.1901,driven,801.639,396.717,722.125,527.432,64.977,-31.312,0
5407,90.20678,driven,797.594,404.756,735.203,544.457,61.606,-24.066,0
5408,90.22347,driven,790.443,416.659,749.530,564.088,56.404,-15.510,0
5409,90.24015,driven,780.615,429.856,765.961,582.152,50.239,-5.496,0
5410,90.25683,driven,765.883,445.244,786.545,596.842,42.255,7.761,0
5411,90.27352,driven,743.541,462.085,810.911,599.455,31.763,26.124,0
5412,90.2902,driven,717.854,474.829,815.606,592.530,21.010,39.710,0
5413,90.30688,driven,694.163,481.793,817.645,572.132,11.752,53.811,0
5414,90.32357,driven,673.707,484.625,813.047,547.818,4.013,65.605,0
5415,90.34025,driven,650.802,484.513,797.768,527.057,-4.573,73.855,0
5416,90.35693,driven,629.274,481.237,779.441,510.544,-12.734,78.957,0
5417,90.37362,driven,606.722,474.274,757.970,497.362,-21.582,81.321,0
5418,90.3903,driven,586.032,464.230,737.342,486.907,-30.203,81.477,0
5419,90.40698,driven,567.460,451.504,717.028,483.731,-38.641,77.841,0
5420,90.42367,driven,551.487,436.757,697.151,483.565,-46.789,72.186,0
5421,90.44035,driven,539.775,422.689,680.054,483.769,-53.648,66.471,0
5422,90.45703,driven,531.481,410.178,662.144,489.778,-59.272,58.650,0
5423,90.47372,driven,525.772,399.656,643.547,497.319,-63.756,50.333,0
5424,90.4904,driven,525.772,399.656,630.202,511.475,-63.756,43.043,0
5425,90.50708,driven,525.772,399.656,614.528,524.281,-63.756,35.458,0
5426,90.52377,driven,525.996,400.109,596.247,536.027,-63.567,27.333,0
5427,90.54045,driven,530.547,408.585,580.090,553.342,-59.963,18.893,0
5428,90.55713,driven,538.252,420.583,562.802,571.601,-54.621,9.234,0
5429,90.57382,driven,550.460,435.652,543.300,588.485,-47.354,-2.682,0
5430,90.5905,driven,566.611,450.820,518.696,596.124,-39.050,-18.250,0
5431,90.60718,driven,590.801,466.894,500.788,590.614,-28.157,-36.038,0
5432,90.62387,driven,614.103,476.976,498.002,576.624,-18.638,-49.361,0
5433,90.64055,driven,635.528,482.513,499.173,551.913,-10.344,-63.026,0
5434,90.65723,driven,656.459,484.860,510.098,529.442,-2.450,-73.059,0
5435,90.67392,driven,679.029,484.158,528.198,509.829,6.014,-80.341,0
5436,90.6906,driven,701.835,479.989,549.440,493.586,14.704,-84.901,0
5437,90.70728,driven,723.697,472.445,571.032,482.563,23.373,-86.208,0
5438,90.72397,driven,744.987,461.179,592.412,472.575,32.402,-85.729,0
5439,90.74065,driven,763.187,447.635,612.221,472.499,40.906,-80.648,0
5440,90.75733,driven,778.096,432.807,630.314,472.424,48.787,-74.993,0
5441,90.77402,driven,789.637,417.861,647.289,473.952,55.862,-68.494,0
5442,90.7907,driven,797.422,405.073,664.127,480.183,61.471,-60.599,0
5443,90.80738,driven,802.470,394.906,681.365,488.408,65.723,-52.329,0
5444,90.82407,driven,802.470,394.906,693.647,502.455,65.723,-45.337,0
5445,90.84075,driven,802.470,394.906,708.886,515.948,65.723,-37.709,0
5446,90.85743,driven,801.669,396.653,725.013,529.065,65.003,-30.067,0
5447,90.87412,driven,797.463,404.998,739.087,546.424,61.503,-22.429,0
5448,90.8908,driven,791.150,415.586,754.812,564.208,56.885,-13.739,0
5449,90.90748,driven,781.261,429.074,772.033,581.796,50.619,-3.458,0
5450,90.92417,driven,766.425,444.749,794.152,595.215,42.530,10.441,0
5451,90.94085,driven,744.316,461.602,819.276,594.981,32.105,29.336,0
5452,90.95753,driven,719.279,474.273,820.258,589.218,21.582,41.299,0
5453,90.97422,driven,696.107,481.375,822.543,567.533,12.497,55.728,0
5454,90.9909,driven,674.117,484.596,816.212,541.322,4.167,68.238,0
5455,91.00758,driven,652.077,484.610,800.630,521.229,-4.094,76.152,0
5456,91.02427,driven,630.767,481.566,782.013,504.664,-12.162,81.317,0
5457,91.04095,driven,608.536,474.978,760.590,491.966,-20.853,83.625,0
5458,91.05763,driven,587.043,464.814,738.822,484.105,-29.765,82.757,0
5459,91.07432,driven,568.419,452.264,718.742,480.760,-38.183,79.266,0
5460,91.091,driven,552.762,438.097,699.729,480.636,-46.097,73.857,0
5461,91.10768,driven,540.429,423.572,682.309,480.835,-53.237,68.021,0
5462,91.12437,driven,532.086,411.186,665.185,486.643,-58.831,60.450,0
5463,91.14105,driven,526.533,401.180,647.647,494.671,-63.118,52.335,0
5464,91.15773,driven,526.533,401.180,635.678,508.402,-63.118,45.509,0
5465,91.17442,driven,526.533,401.180,620.767,521.716,-63.118,38.018,0
5466,91.1911,driven,528.975,405.799,606.575,537.660,-61.161,30.477,0
5467,91.20778,driven,533.948,414.186,592.177,555.672,-57.509,22.370,0
5468,91.22447,driven,542.192,425.885,577.133,574.842,-52.148,13.201,0
5469,91.24115,driven,555.101,440.475,559.316,593.417,-44.848,1.579,0
5470,91.25783,driven,572.805,455.587,535.893,604.068,-36.122,-13.960,0
5471,91.27452,driven,597.993,470.503,515.329,599.250,-25.143,-32.703,0
5472,91.2912,driven,623.524,479.820,514.749,587.416,-14.952,-45.312,0
5473,91.30788,driven,645.629,484.011,515.041,563.733,-6.519,-58.596,0
5474,91.32457,driven,665.936,484.972,523.078,539.748,1.100,-69.022,0
5475,91.34125,driven,688.234,482.905,539.556,519.016,9.493,-76.348,0
5476,91.35793,driven,710.347,477.490,559.374,502.314,18.026,-80.663,0
5477,91.37462,driven,732.542,468.283,580.846,488.217,27.034,-82.514,0
5478,91.3913,driven,752.159,456.337,600.748,478.331,35.643,-81.735,0
5479,91.40798,driven,769.014,442.318,619.530,474.934,43.860,-77.691,0
5480,91.42467,driven,783.014,426.898,637.678,474.715,51.666,-71.788,0
5481,91.44135,driven,793.246,412.281,653.691,474.996,58.351,-65.801,0
5482,91.45803,driven,800.419,399.269,670.420,479.949,63.918,-58.175,0
5483,91.47472,driven,804.756,389.568,686.641,486.820,67.898,-50.533,0
5484,91.4914,driven,804.756,389.568,698.274,499.434,67.898,-44.104,0
5485,91.50808,driven,804.756,389.568,712.075,511.302,67.898,-37.284,0
5486,91.52477,driven,802.611,394.593,724.514,526.160,65.851,-30.693,0
5487,91.54145,driven,798.451,403.149,736.557,543.071,62.288,-23.862,0
5488,91.55813,driven,792.326,413.754,750.042,560.795,57.701,-16.044,0
5489,91.57482,driven,782.449,427.608,764.888,579.597,51.326,-6.591,0
5490,91.5915,driven,768.697,442.621,783.449,594.909,43.696,5.533,0
5491,91.60818,driven,746.429,460.252,806.199,601.094,33.044,22.995,0
5492,91.62487,driven,720.112,473.941,812.675,595.765,21.918,37.228,0
5493,91.64155,driven,696.263,481.340,815.512,577.198,12.557,51.206,0
5494,91.65823,driven,673.385,484.647,810.568,552.396,3.892,63.717,0
5495,91.67492,driven,650.328,484.474,795.534,532.687,-4.751,71.632,0
5496,91.6916,driven,629.520,481.292,778.510,516.091,-12.640,76.853,0
5497,91.70828,driven,606.681,474.258,756.874,503.432,-21.598,79.007,0
5498,91.72497,driven,586.111,464.277,736.231,493.824,-30.168,78.865,0
5499,91.74165,driven,567.341,451.408,715.185,490.792,-38.699,75.084,0
5500,91.75833,driven,552.295,437.610,695.833,490.578,-46.349,69.745,0
5501,91.77502,driven,540.176,423.232,677.386,490.925,-53.396,63.740,0
5502,91.7917,driven,532.191,411.359,659.333,496.470,-58.756,56.201,0
5503,91.80838,driven,526.933,401.962,640.846,504.102,-62.789,48.119,0
5504,91.82507,driven,526.933,401.962,626.132,518.445,-62.789,40.418,0
5505,91.84175,driven,526.933,401.962,608.938,531.129,-62.789,32.411,0
5506,91.85843,driven,529.214,406.232,592.210,545.661,-60.976,24.314,0
5507,91.87512,driven,534.231,414.630,575.159,562.054,-57.312,15.515,0
5508,91.8918,driven,543.715,427.813,556.318,580.293,-51.228,4.725,0
5509,91.90848,driven,556.797,442.136,533.711,593.384,-43.958,-8.679,0
5510,91.92517,driven,577.167,458.656,508.191,595.226,-34.125,-26.796,0
5511,91.94185,driven,601.504,472.097,500.721,587.213,-23.699,-41.202,0
5512,91.95853,driven,623.841,479.904,497.782,566.611,-14.829,-55.479,0
5513,91.97522,driven,644.874,483.923,502.766,540.616,-6.804,-68.251,0
5514,91.9919,driven,664.824,484.989,515.859,519.895,0.683,-76.812,0
5515,92.00858,driven,687.955,482.951,536.061,501.310,9.387,-83.108,0
5516,92.02527,driven,709.980,477.609,557.288,487.311,17.882,-86.364,0
5517,92.04195,driven,731.449,468.835,578.617,476.003,26.575,-87.315,0
5518,92.05863,driven,750.847,457.267,598.323,469.316,35.041,-85.483,0
5519,92.07532,driven,768.071,443.216,617.296,469.212,43.373,-80.218,0
5520,92.092,driven,781.947,428.233,634.535,469.205,51.026,-74.467,0
5521,92.10868,driven,792.163,414.012,650.651,472.180,57.586,-67.655,0
5522,92.12537,driven,799.321,401.465,667.526,479.177,62.998,-59.475,0
5523,92.14205,driven,803.703,392.097,684.173,487.605,66.872,-51.374,0
5524,92.15873,driven,803.703,392.097,696.887,501.639,66.872,-44.278,0
5525,92.17542,driven,803.703,392.097,712.351,514.832,66.872,-36.660,0
5526,92.1921,driven,802.367,395.134,727.797,528.732,65.629,-29.169,0
5527,92.20878,driven,797.867,404.249,742.415,546.846,61.822,-21.250,0
5528,92.22547,driven,791.148,415.589,758.209,565.002,56.884,-12.432,0
5529,92.24215,driven,781.534,428.740,775.574,581.624,50.781,-2.233,0
5530,92.25883,driven,765.202,445.858,799.339,595.002,41.912,12.892,0
5531,92.27552,driven,742.155,462.933,823.318,592.631,31.155,32.038,0
5532,92.2922,driven,716.649,475.286,821.559,586.654,20.527,43.290,0
5533,92.30888,driven,694.690,481.682,823.359,564.467,11.954,57.243,0
5534,92.32557,driven,673.225,484.658,816.235,539.036,3.832,69.181,0
5535,92.34225,driven,650.606,484.497,799.523,519.607,-4.647,76.734,0
5536,92.35893,driven,629.521,481.292,780.927,503.323,-12.639,81.721,0
5537,92.37562,driven,606.811,474.309,758.817,491.718,-21.546,83.466,0
5538,92.3923,driven,586.118,464.281,737.951,483.140,-30.165,82.919,0
5539,92.40898,driven,567.028,451.157,716.688,482.948,-38.849,78.007,0
5540,92.42567,driven,551.411,436.676,697.305,482.763,-46.831,72.469,0
5541,92.44235,driven,539.589,422.437,680.060,483.076,-53.766,66.651,0
5542,92.45903,driven,531.653,410.467,662.706,489.424,-59.146,58.932,0
5543,92.47572,driven,526.300,400.717,644.251,498.168,-63.312,50.437,0
5544,92.4924,driven,526.300,400.717,630.664,512.597,-63.312,43.010,0
5545,92.50908,driven,526.300,400.717,614.092,526.023,-63.312,35.016,0
5546,92.52577,driven,527.920,403.850,597.528,540.098,-61.991,27.062,0
5547,92.54245,driven,533.035,412.734,580.968,558.032,-58.152,18.257,0
5548,92.55913,driven,541.289,424.712,563.451,576.098,-52.702,8.329,0
5549,92.57582,driven,554.550,439.924,543.559,592.529,-45.139,-4.119,0
5550,92.5925,driven,573.195,455.872,518.372,598.712,-35.941,-20.997,0
5551,92.60918,driven,598.627,470.799,504.264,591.234,-24.881,-38.080,0
5552,92.62587,driven,620.408,478.952,500.814,574.379,-16.163,-51.413,0
5553,92.64255,driven,643.539,483.757,504.533,547.682,-7.308,-65.304,0
5554,92.65923,driven,663.238,485.000,516.170,527.191,0.089,-73.993,0
5555,92.67592,driven,684.912,483.423,533.920,508.127,8.234,-80.708,0
5556,92.6926,driven,707.983,478.238,555.618,492.163,17.098,-84.778,0
5557,92.70928,driven,728.297,470.367,575.622,480.340,25.263,-86.262,0
5558,92.72597,driven,748.835,458.654,596.509,473.005,34.126,-84.618,0
5559,92.74265,driven,766.096,445.050,615.590,472.564,42.363,-79.640,0
5560,92.75933,driven,780.693,429.762,633.772,472.459,50.285,-73.795,0
5561,92.77602,driven,791.506,415.038,649.781,472.685,57.130,-67.866,0
5562,92.7927,driven,798.506,403.044,665.911,479.383,62.333,-60.069,0
5563,92.80938,driven,803.108,393.472,682.534,487.657,66.311,-52.005,0
5564,92.82607,driven,803.108,393.472,694.007,500.738,66.311,-45.486,0
5565,92.84275,driven,803.108,393.472,708.712,513.881,66.311,-38.095,0
5566,92.85943,driven,801.218,397.611,722.129,528.585,64.607,-31.126,0
5567,92.87612,driven,796.534,406.683,734.174,546.398,60.782,-24.053,0
5568,92.8928,driven,789.777,417.653,748.516,564.984,55.956,-15.646,0
5569,92.90948,driven,779.789,430.840,764.792,583.103,49.758,-5.625,0
5570,92.92617,driven,765.083,445.966,784.731,597.699,41.852,7.378,0
5571,92.94285,driven,741.934,463.067,809.059,600.556,31.058,26.023,0
5572,92.95953,driven,716.445,475.362,812.650,594.331,20.445,38.961,0
5573,92.97622,driven,692.267,482.175,815.082,573.418,11.028,53.390,0
5574,92.9929,driven,669.716,484.853,809.446,547.178,2.516,65.961,0
5575,93.00958,driven,647.892,484.252,794.878,526.730,-5.667,73.881,0
5576,93.02627,driven,625.999,480.458,776.013,510.536,-13.995,78.663,0
5577,93.04295,driven,603.699,473.040,754.815,496.975,-22.805,81.000,0
5578,93.05963,driven,582.874,462.341,733.902,486.829,-31.581,80.790,0
5579,93.07632,driven,565.540,449.943,714.909,483.076,-39.568,77.493,0
5580,93.093,driven,550.018,435.170,695.379,482.909,-47.599,71.819,0
5581,93.10968,driven,538.768,421.305,678.719,483.132,-54.289,66.165,0
5582,93.12637,driven,530.722,408.887,661.699,487.971,-59.832,58.876,0
5583,93.14305,driven,525.564,399.233,644.307,495.716,-63.932,50.905,0
5584,93.15973,driven,525.564,399.233,632.030,509.115,-63.932,44.095,0
5585,93.17642,driven,525.564,399.233,617.769,521.328,-63.932,37.060,0
5586,93.1931,driven,527.815,403.652,603.358,536.702,-62.075,29.587,0
5587,93.20978,driven,532.731,412.244,589.293,554.405,-58.368,21.696,0
5588,93.22647,driven,540.652,423.869,574.373,573.107,-53.098,12.732,0
5589,93.24315,driven,553.849,439.215,557.029,592.182,-45.513,1.191,0
5590,93.25983,driven,571.101,454.326,533.593,602.657,-36.916,-14.191,0
5591,93.27652,driven,595.069,469.093,513.516,598.545,-26.359,-32.210,0
5592,93.2932,driven,621.350,479.222,513.298,587.545,-15.797,-44.928,0
5593,93.30988,driven,643.521,483.755,513.279,564.043,-7.314,-58.348,0
5594,93.32657,driven,663.986,484.997,521.418,540.525,0.369,-68.720,0
5595,93.34325,driven,685.759,483.298,537.324,520.391,8.555,-75.969,0
5596,93.35993,driven,708.644,478.033,557.662,502.804,17.357,-80.683,0
5597,93.37662,driven,730.279,469.414,578.759,490.643,26.087,-82.024,0
5598,93.3933,driven,751.192,457.025,600.234,481.941,35.199,-80.628,0
5599,93.40998,driven,767.864,443.411,618.905,478.339,43.266,-76.804,0
5600,93.42667,driven,781.709,428.526,637.003,478.217,50.884,-71.048,0
5601,93.44335,driven,792.370,413.684,653.744,478.428,57.732,-64.966,0
5602,93.46003,driven,799.507,401.100,671.385,484.728,63.152,-56.867,0
5603,93.47672,driven,803.399,392.805,687.413,492.586,66.583,-49.295,0
5604,93.4934,driven,803.399,392.805,699.581,505.192,66.583,-42.730,0
5605,93.51008,driven,803.399,392.805,713.954,516.936,66.583,-35.775,0
5606,93.52677,driven,800.622,398.852,726.434,532.662,64.091,-29.005,0
5607,93.54345,driven,795.702,408.152,739.191,550.333,60.150,-21.676,0
5608,93.56013,driven,787.953,420.293,753.598,569.386,54.755,-12.976,0
5609,93.57682,driven,777.331,433.673,770.001,586.497,48.354,-2.746,0
5610,93.5935,driven,761.357,449.196,791.749,599.147,40.005,11.457,0
5611,93.61018,driven,736.685,466.088,815.332,597.326,28.790,30.933,0
5612,93.62687,driven,711.501,477.109,813.366,591.269,18.481,41.743,0
5613,93.64355,driven,687.383,483.045,814.355,568.409,9.170,56.087,0
5614,93.66023,driven,664.785,484.990,806.465,542.745,0.668,67.822,0
5615,93.67692,driven,643.784,483.788,791.461,523.796,-7.215,74.842,0
5616,93.6936,driven,620.646,479.021,770.898,507.890,-16.071,79.124,0
5617,93.71028,driven,598.984,470.964,749.965,495.735,-24.734,80.682,0
5618,93.72697,driven,578.425,459.499,728.902,487.174,-33.558,79.579,0
5619,93.74365,driven,561.247,446.260,708.880,486.430,-41.686,74.779,0
5620,93.76033,driven,546.417,431.082,689.182,486.100,-49.639,68.925,0
5621,93.77702,driven,535.997,417.318,672.420,486.582,-56.108,63.083,0
5622,93.7937,driven,528.616,405.144,654.084,492.705,-61.441,55.090,0
5623,93.81038,driven,524.353,396.699,635.955,501.360,-64.984,46.838,0
5624,93.82707,driven,524.353,396.699,621.913,514.559,-64.984,39.617,0
5625,93.84375,driven,524.353,396.699,605.307,526.527,-64.984,31.945,0
5626,93.86043,driven,528.125,404.234,590.156,544.096,-61.828,23.918,0
5627,93.87712,driven,533.563,413.578,574.045,561.126,-57.779,15.343,0
5628,93.8938,driven,543.056,426.987,556.473,579.397,-51.623,5.031,0
5629,93.91048,driven,556.608,441.954,535.156,593.442,-44.057,-8.060,0
5630,93.92717,driven,577.252,458.713,510.018,596.149,-34.087,-26.068,0
5631,93.94385,driven,602.563,472.557,503.716,589.341,-23.267,-40.245,0
5632,93.96053,driven,625.824,480.415,500.909,568.763,-14.063,-54.729,0
5633,93.97722,driven,647.663,484.229,506.134,542.354,-5.753,-67.673,0
5634,93.9939,driven,668.474,484.902,520.161,522.480,2.050,-75.782,0
5635,94.01058,driven,690.799,482.453,539.194,503.066,10.468,-82.257,0
5636,94.02727,driven,712.892,476.637,560.555,490.870,19.032,-84.662,0
5637,94.04395,driven,734.426,467.305,581.904,479.388,27.829,-85.470,0
5638,94.06063,driven,754.123,454.905,602.241,473.369,36.553,-83.069,0
5639,94.07732,driven,772.018,439.350,622.828,473.278,45.442,-77.188,0
5640,94.094,driven,785.127,424.163,640.237,473.316,52.960,-71.261,0
5641,94.11068,driven,794.446,410.300,657.045,477.605,59.219,-63.902,0
5642,94.12737,driven,800.996,398.077,675.500,485.598,64.413,-55.108,0
5643,94.14405,driven,804.495,390.208,693.013,494.997,67.639,-46.772,0
5644,94.16073,driven,804.495,390.208,707.905,508.864,67.639,-39.147,0
5645,94.17742,driven,804.495,390.208,724.814,520.822,67.639,-31.385,0
5646,94.1941,driven,801.580,396.843,739.617,536.734,64.925,-23.890,0
5647,94.21078,driven,796.109,407.439,756.096,555.115,60.458,-15.160,0
5648,94.22747,driven,788.420,419.629,773.608,571.911,55.058,-5.555,0
5649,94.24415,driven,777.069,433.967,793.098,586.125,48.206,6.013,0
5650,94.26083,driven,756.978,452.736,818.606,592.775,37.896,23.753,0
5651,94.27752,driven,733.427,467.827,829.979,586.515,27.407,39.128,0
5652,94.2942,driven,710.254,477.520,833.171,568.626,17.990,53.454,0
5653,94.31088,driven,688.375,482.881,828.754,543.731,9.547,66.565,0
5654,94.32757,driven,667.094,484.945,814.970,524.208,1.533,75.130,0
5655,94.34425,driven,645.167,483.957,796.364,507.376,-6.693,81.195,0
5656,94.36093,driven,622.741,479.608,775.006,494.591,-15.256,84.380,0
5657,94.37762,driven,601.438,472.068,753.862,485.325,-23.726,85.029,0
5658,94.3943,driven,580.629,460.934,732.205,481.756,-32.573,82.178,0
5659,94.41098,driven,562.108,447.021,711.132,481.672,-41.256,76.910,0
5660,94.42767,driven,547.720,432.596,692.600,481.777,-48.891,71.250,0
5661,94.44435,driven,536.924,418.682,673.351,487.939,-55.490,63.086,0
5662,94.46103,driven,529.308,406.401,653.273,496.076,-60.904,54.118,0
5663,94.47772,driven,525.415,398.929,633.695,507.023,-64.059,45.049,0
5664,94.4944,driven,525.415,398.929,616.599,521.788,-64.059,36.582,0
5665,94.51108,driven,525.415,398.929,596.412,534.459,-64.059,27.647,0
5666,94.52777,driven,529.159,406.133,577.284,551.367,-61.018,18.333,0
5667,94.54445,driven,535.790,417.009,557.669,568.437,-56.247,8.222,0
5668,94.56113,driven,547.154,431.943,534.688,584.434,-49.215,-4.673,0
5669,94.57782,driven,562.478,447.344,508.462,590.492,-41.072,-20.674,0
5670,94.5945,driven,584.062,463.064,490.083,583.799,-31.060,-37.897,0
5671,94.61118,driven,606.556,474.208,485.055,567.194,-21.649,-52.573,0
5672,94.62787,driven,628.242,481.000,487.257,540.430,-13.131,-67.143,0
5673,94.64455,driven,648.364,484.298,498.747,516.294,-5.489,-77.929,0
5674,94.66123,driven,672.137,484.727,519.495,495.199,3.424,-86.075,0
5675,94.67792,driven,694.680,481.684,541.695,479.545,11.950,-90.801,0
5676,94.6946,driven,716.130,475.479,563.399,466.424,20.320,-93.393,0
5677,94.71128,driven,736.575,466.148,583.889,456.348,28.743,-93.673,0
5678,94.72797,driven,756.853,452.833,603.853,452.387,37.837,-90.167,0
5679,94.74465,driven,773.831,437.478,621.557,452.364,46.418,-84.417,0
5680,94.76133,driven,787.374,421.108,637.605,452.387,54.380,-78.203,0
5681,94.77802,driven,796.878,406.065,652.734,457.363,61.048,-70.410,0
5682,94.7947,driven,803.039,393.628,667.453,464.518,66.247,-62.398,0
5683,94.81138,driven,806.635,384.705,682.804,474.565,69.850,-54.033,0
5684,94.82807,driven,806.635,384.705,694.167,488.435,69.850,-47.315,0
5685,94.84475,driven,806.635,384.705,707.799,501.498,69.850,-40.240,0
5686,94.86143,driven,804.433,390.360,719.375,517.537,67.577,-33.775,0
5687,94.87812,driven,800.093,399.931,730.559,536.218,63.641,-27.031,0
5688,94.8948,driven,793.854,411.285,742.842,555.531,58.788,-19.476,0
5689,94.91148,driven,784.284,425.270,757.727,575.948,52.439,-9.996,0
5690,94.92817,driven,770.410,440.959,774.410,593.907,44.590,1.498,0
5691,94.94485,driven,747.670,459.436,797.611,604.056,33.601,19.051,0
5692,94.96153,driven,720.022,473.977,808.807,598.582,21.882,35.471,0
5693,94.97822,driven,693.660,481.896,809.627,581.700,11.560,49.284,0
5694,94.9949,driven,670.573,484.812,805.586,556.789,2.837,61.938,0
5695,95.01158,driven,647.586,484.222,791.659,535.719,-5.782,70.331,0
5696,95.02827,driven,626.430,480.565,774.496,519.110,-13.829,75.408,0
5697,95.04495,driven,604.229,473.262,753.798,505.482,-22.589,77.843,0
5698,95.06163,driven,582.974,462.403,732.542,494.627,-31.537,77.841,0
5699,95.07832,driven,564.986,449.483,712.818,488.909,-39.838,75.067,0
5700,95.095,driven,549.179,434.244,692.168,488.679,-48.067,69.159,0
5701,95.11168,driven,537.984,420.205,674.693,488.906,-54.795,63.319,0
5702,95.12837,driven,530.136,407.870,656.734,493.788,-60.272,55.837,0
5703,95.14505,driven,525.229,398.545,638.696,501.182,-64.219,47.869,0
5704,95.16173,driven,525.229,398.545,624.945,514.587,-64.219,40.673,0
5705,95.17842,driven,525.229,398.545,609.226,526.427,-64.219,33.298,0
5706,95.1951,driven,527.773,403.573,594.417,541.295,-62.109,25.822,0
5707,95.21178,driven,532.786,412.333,578.943,558.205,-58.328,17.558,0
5708,95.22847,driven,541.056,424.405,561.482,576.036,-52.846,7.672,0
5709,95.24515,driven,554.223,439.594,542.176,592.119,-45.313,-4.516,0
5710,95.26183,driven,572.753,455.549,518.257,598.515,-36.146,-20.866,0
5711,95.27852,driven,596.971,470.019,504.180,591.669,-25.567,-37.335,0
5712,95.2952,driven,618.677,478.439,500.744,575.911,-16.839,-50.427,0
5713,95.31188,driven,641.722,483.513,504.350,550.878,-7.994,-63.877,0
5714,95.32857,driven,662.021,484.997,516.109,531.027,-0.367,-72.491,0
5715,95.34525,driven,684.508,483.481,534.164,511.864,8.081,-79.309,0
5716,95.36193,driven,706.411,478.712,554.476,496.730,16.483,-83.237,0
5717,95.37862,driven,728.336,470.348,576.016,484.758,25.279,-84.596,0
5718,95.3953,driven,748.343,458.987,596.485,477.647,33.903,-82.995,0
5719,95.41198,driven,766.516,444.666,617.086,477.527,42.576,-77.597,0
5720,95.42867,driven,779.488,431.194,633.675,477.537,49.584,-72.368,0
5721,95.44535,driven,789.848,417.549,650.278,480.232,56.004,-65.814,0
5722,95.46203,driven,797.241,405.405,667.959,487.228,61.330,-57.670,0
5723,95.47872,driven,800.716,398.657,683.328,496.784,64.172,-50.107,0
5724,95.4954,driven,800.716,398.657,696.609,510.776,64.172,-42.878,0
5725,95.51208,driven,800.716,398.657,712.190,523.445,64.172,-35.352,0
5726,95.52877,driven,797.451,405.020,725.902,540.259,61.494,-27.881,0
5727,95.54545,driven,792.312,413.777,739.733,557.459,57.691,-20.099,0
5728,95.56213,driven,784.222,425.350,756.178,575.758,52.401,-10.562,0
5729,95.57882,driven,772.892,438.456,774.549,591.447,45.910,0.621,0
5730,95.5955,driven,754.271,454.795,798.375,601.300,36.623,16.754,0
5731,95.61218,driven,729.340,469.870,816.935,595.313,25.696,34.926,0
5732,95.62887,driven,705.424,479.001,818.369,582.212,16.098,47.578,0
5733,95.64555,driven,683.713,483.591,817.334,558.121,7.781,60.849,0
5734,95.66223,driven,661.255,484.990,806.043,534.441,-0.654,71.143,0
5735,95.67892,driven,640.427,483.326,790.077,515.169,-8.484,77.987,0
5736,95.6956,driven,618.674,478.438,770.102,500.314,-16.841,81.780,0
5737,95.71228,driven,596.899,469.984,748.887,487.545,-25.597,83.409,0
5738,95.72897,driven,576.998,458.541,728.591,479.244,-34.201,82.224,0
5739,95.74565,driven,559.451,444.635,708.517,479.106,-42.593,76.979,0
5740,95.76233,driven,545.718,430.254,690.758,478.962,-50.045,71.437,0
5741,95.77902,driven,535.837,417.080,675.595,479.344,-56.215,65.986,0
5742,95.7957,driven,528.611,405.134,659.089,485.038,-61.445,58.517,0
5743,95.81238,driven,525.682,399.474,645.098,495.123,-63.832,51.306,0
5744,95.82907,driven,525.682,399.474,633.467,508.062,-63.832,44.787,0
5745,95.84575,driven,525.682,399.474,619.717,520.165,-63.832,37.923,0
5746,95.86243,driven,529.194,406.196,608.051,537.309,-60.991,31.024,0
5747,95.87912,driven,534.884,415.638,595.870,555.958,-56.862,23.491,0
5748,95.8958,driven,543.668,427.754,582.442,575.759,-51.256,14.680,0
5749,95.91248,driven,558.101,443.379,565.758,596.187,-43.284,2.868,0
5750,95.92917,driven,577.015,458.553,543.745,607.891,-34.194,-12.559,0
5751,95.94585,driven,601.879,472.261,523.543,603.686,-23.546,-30.797,0
5752,95.96253,driven,628.145,480.977,524.074,593.129,-13.168,-42.860,0
5753,95.97922,driven,650.917,484.522,524.026,570.008,-4.530,-56.032,0
5754,95.9959,driven,672.386,484.712,532.217,546.043,3.517,-66.368,0
5755,96.01258,driven,694.966,481.624,548.179,524.782,12.059,-73.616,0
5756,96.02927,driven,717.118,475.109,567.723,508.124,20.715,-77.538,0
5757,96.04595,driven,738.314,465.180,588.111,494.306,29.488,-79.026,0
5758,96.06263,driven,758.455,451.572,609.001,484.322,38.600,-77.640,0
5759,96.07932,driven,774.924,436.317,628.563,480.897,47.015,-73.060,0
5760,96.096,driven,787.132,421.445,646.040,480.623,54.225,-67.245,0
5761,96.11268,driven,796.133,407.396,662.008,481.011,60.476,-61.240,0
5762,96.12937,driven,802.286,395.312,678.739,485.562,65.556,-53.852,0
5763,96.14605,driven,804.432,390.361,692.316,494.472,67.577,-47.120,0
5764,96.16273,driven,804.432,390.361,704.537,506.249,67.577,-40.761,0
5765,96.17942,driven,804.432,390.361,718.754,517.121,67.577,-34.055,0
5766,96.1961,driven,801.603,396.793,730.584,532.312,64.945,-27.657,0
5767,96.21278,driven,796.960,405.918,743.120,549.132,61.110,-20.603,0
5768,96.22947,driven,789.166,418.551,756.530,568.030,55.550,-12.316,0
5769,96.24615,driven,778.482,432.364,771.814,585.218,49.007,-2.498,0
5770,96.26283,driven,761.979,448.671,793.414,598.407,40.310,11.856,0
5771,96.27952,driven,737.975,465.371,816.144,596.895,29.343,30.724,0
5772,96.2962,driven,711.794,477.011,813.947,590.913,18.597,41.887,0
5773,96.31288,driven,688.963,482.781,814.809,569.797,9.770,55.338,0
5774,96.32957,driven,666.781,484.953,806.949,546.287,1.416,66.367,0
5775,96.34625,driven,645.245,483.966,791.809,527.874,-6.664,73.323,0
5776,96.36293,driven,622.675,479.590,771.861,513.540,-15.282,77.180,0
5777,96.37962,driven,600.986,471.869,751.179,501.041,-23.911,79.008,0
5778,96.3963,driven,580.997,461.169,730.250,494.824,-32.409,77.293,0
5779,96.41298,driven,563.274,448.033,709.052,494.485,-40.678,72.326,0
5780,96.42967,driven,549.124,434.182,689.791,494.363,-48.098,66.838,0
5781,96.44635,driven,538.691,421.198,672.456,495.468,-54.339,60.960,0
5782,96.46303,driven,531.436,410.101,653.758,502.005,-59.305,53.082,0
5783,96.47972,driven,528.144,404.269,636.013,512.774,-61.813,44.832,0
5784,96.4964,driven,528.144,404.269,620.626,526.155,-61.813,37.190,0
5785,96.51308,driven,528.144,404.269,602.103,538.206,-61.813,28.907,0
5786,96.52977,driven,532.059,411.142,584.971,554.701,-58.851,20.232,0
5787,96.54645,driven,538.917,421.512,567.310,571.854,-54.194,10.695,0
5788,96.56313,driven,550.387,435.572,546.377,588.520,-47.395,-1.502,0
5789,96.57982,driven,565.752,450.118,521.370,596.539,-39.465,-16.863,0
5790,96.5965,driven,588.079,465.401,501.466,591.525,-29.320,-34.478,0
5791,96.61318,driven,611.134,475.941,498.157,579.116,-19.815,-47.597,0
5792,96.62987,driven,633.382,482.106,497.995,553.376,-11.162,-62.237,0
5793,96.64655,driven,652.347,484.629,505.900,528.928,-3.993,-73.170,0
5794,96.66323,driven,674.378,484.576,523.141,507.732,4.265,-81.295,0
5795,96.67992,driven,696.248,481.344,543.532,490.656,12.551,-86.511,0
5796,96.6966,driven,718.558,474.556,565.583,477.333,21.292,-88.960,0
5797,96.71328,driven,739.106,464.729,586.148,468.308,29.830,-88.659,0
5798,96.72997,driven,757.263,452.514,604.594,462.567,38.032,-86.232,0
5799,96.74665,driven,773.366,437.963,622.344,462.484,46.166,-80.778,0
5800,96.76333,driven,785.862,423.181,638.018,462.569,53.419,-75.082,0
5801,96.78002,driven,795.116,409.165,653.538,467.172,59.712,-67.720,0
5802,96.7967,driven,801.100,397.858,668.387,473.991,64.504,-60.159,0
5803,96.81338,driven,804.457,390.300,683.066,483.430,67.602,-52.505,0
5804,96.83007,driven,804.457,390.300,694.362,496.546,67.602,-46.019,0
5805,96.84675,driven,804.457,390.300,708.107,509.151,67.602,-39.031,0
5806,96.86343,driven,801.292,397.455,718.910,526.382,64.671,-32.578,0
5807,96.88012,driven,796.119,407.420,730.288,545.533,60.466,-25.485,0
5808,96.8968,driven,788.828,419.041,742.876,564.978,55.327,-17.478,0
5809,96.91348,driven,778.710,432.101,758.152,583.714,49.137,-7.722,0
5810,96.93017,driven,762.767,447.998,776.724,600.360,40.698,5.234,0
5811,96.94685,driven,738.715,464.952,800.282,605.018,29.661,23.728,0
5812,96.96353,driven,711.675,477.051,804.711,598.514,18.550,37.451,0
5813,96.98022,driven,688.052,482.935,807.337,578.747,9.424,51.228,0
5814,96.9969,driven,664.754,484.990,801.985,552.642,0.657,63.758,0
5815,97.01358,driven,643.242,483.719,788.316,532.325,-7.420,71.477,0
5816,97.03027,driven,620.659,479.025,769.327,515.176,-16.065,76.333,0
5817,97.04695,driven,599.006,470.974,748.848,501.897,-24.725,78.339,0
5818,97.06363,driven,579.413,460.149,729.049,492.059,-33.115,77.962,0
5819,97.08032,driven,561.828,446.775,709.571,486.538,-41.396,74.937,0
5820,97.097,driven,547.311,432.125,690.393,486.314,-49.125,69.257,0
5821,97.11368,driven,536.771,418.459,673.827,486.464,-55.591,63.610,0
5822,97.13037,driven,529.612,406.945,657.029,491.644,-60.670,56.386,0
5823,97.14705,driven,526.588,401.287,643.229,500.301,-63.073,49.673,0
5824,97.16373,driven,526.588,401.287,631.441,512.708,-63.073,43.261,0
5825,97.18042,driven,526.588,401.287,617.393,524.426,-63.073,36.406,0
5826,97.1971,driven,529.873,407.407,605.171,540.596,-60.472,29.481,0
5827,97.21378,driven,535.410,416.438,593.220,558.095,-56.504,22.200,0
5828,97.23047,driven,544.824,429.178,578.949,578.324,-50.569,12.887,0
5829,97.24715,driven,558.475,443.730,562.389,596.680,-43.092,1.466,0
5830,97.26383,driven,576.724,458.354,540.635,607.037,-34.326,-13.643,0
5831,97.28052,driven,602.426,472.498,521.458,602.318,-23.323,-31.952,0
5832,97.2972,driven,627.863,480.911,521.383,590.778,-13.277,-44.103,0
5833,97.31388,driven,649.416,484.396,521.503,568.343,-5.094,-56.724,0
5834,97.33057,driven,672.114,484.728,531.202,544.332,3.415,-67.073,0
5835,97.34725,driven,693.381,481.953,546.467,524.680,11.453,-73.784,0
5836,97.36393,driven,715.649,475.656,566.152,508.207,20.128,-77.716,0
5837,97.38062,driven,736.929,465.954,586.661,494.739,28.894,-79.156,0
5838,97.3973,driven,756.288,453.270,606.645,485.145,37.570,-77.975,0
5839,97.41398,driven,773.035,438.307,626.543,482.454,45.987,-73.229,0
5840,97.43067,driven,785.588,423.548,644.284,482.219,53.248,-67.452,0
5841,97.44735,driven,794.188,410.731,659.122,482.607,59.030,-61.980,0
5842,97.46403,driven,800.530,399.040,675.797,487.644,64.013,-54.612,0
5843,97.48072,driven,802.291,395.301,688.519,497.599,65.560,-48.040,0
5844,97.4974,driven,802.291,395.301,700.351,509.394,65.560,-41.780,0
5845,97.51408,driven,802.291,395.301,714.035,520.281,65.560,-35.228,0
5846,97.53077,driven,798.878,402.329,725.655,536.669,62.634,-28.593,0
5847,97.54745,driven,793.441,411.964,737.572,554.399,58.490,-21.417,0
5848,97.56413,driven,785.037,424.282,750.620,573.360,52.904,-13.000,0
5849,97.58082,driven,773.489,437.835,766.226,590.663,46.232,-2.721,0
5850,97.5975,driven,754.927,454.305,787.954,603.698,36.929,12.466,0
5851,97.61418,driven,729.988,469.556,809.023,600.561,25.965,31.103,0
5852,97.63087,driven,703.741,479.476,806.946,592.426,15.443,42.419,0
5853,97.64755,driven,680.859,483.954,807.192,570.261,6.703,55.660,0
5854,97.66423,driven,659.640,484.963,799.252,547.552,-1.259,65.853,0
5855,97.68092,driven,637.182,482.806,783.238,528.375,-9.715,72.672,0
5856,97.6976,driven,615.359,477.394,764.303,512.388,-18.142,76.778,0
5857,97.71428,driven,593.849,468.481,743.365,500.949,-26.870,77.748,0
5858,97.73097,driven,574.432,456.759,723.145,492.725,-35.371,76.404,0
5859,97.74765,driven,557.855,443.146,702.883,491.889,-43.411,71.423,0
5860,97.76433,driven,544.609,428.915,684.152,491.659,-50.696,65.789,0
5861,97.78102,driven,534.941,415.725,667.439,492.231,-56.823,59.997,0
5862,97.7977,driven,528.325,404.606,649.620,497.862,-61.670,52.446,0
5863,97.81438,driven,526.094,400.305,634.118,508.655,-63.484,44.914,0
5864,97.83107,driven,526.094,400.305,619.205,521.711,-63.484,37.486,0
5865,97.84775,driven,526.094,400.305,602.641,532.780,-63.484,30.021,0
5866,97.86443,driven,529.781,407.243,586.779,549.230,-60.542,21.872,0
5867,97.88112,driven,536.789,418.485,571.279,567.547,-55.579,13.028,0
5868,97.8978,driven,547.622,432.484,553.298,585.379,-48.947,2.126,0
5869,97.91448,driven,563.059,447.848,529.802,597.190,-40.784,-12.555,0
5870,97.93117,driven,585.164,463.721,506.762,595.107,-30.579,-30.826,0
5871,97.94785,driven,610.727,475.793,506.031,587.363,-19.978,-43.180,0
5872,97.96453,driven,632.707,481.971,504.095,564.845,-11.420,-57.203,0
5873,97.98122,driven,653.558,484.708,510.407,538.716,-3.538,-69.330,0
5874,97.9979,driven,674.885,484.538,525.727,518.607,4.455,-77.134,0
5875,98.01458,driven,698.374,480.855,546.822,501.855,13.368,-82.111,0
5876,98.03127,driven,719.932,474.013,567.641,488.723,21.846,-84.483,0
5877,98.04795,driven,740.871,463.701,588.570,478.316,30.594,-84.518,0
5878,98.06463,driven,759.764,450.514,608.581,474.024,39.231,-81.161,0
5879,98.08132,driven,775.594,435.594,627.460,473.875,47.384,-75.510,0
5880,98.098,driven,787.320,421.182,643.746,474.055,54.346,-69.783,0
5881,98.11468,driven,796.465,406.807,661.698,479.242,60.729,-61.743,0
5882,98.13137,driven,802.183,395.538,679.063,486.369,65.463,-53.582,0
5883,98.14805,driven,803.985,391.433,694.156,497.954,67.142,-45.876,0
5884,98.16473,driven,803.985,391.433,709.014,511.389,67.142,-38.369,0
5885,98.18142,driven,803.985,391.433,726.119,523.137,67.142,-30.592,0
5886,98.1981,driven,800.497,399.108,740.867,540.009,63.985,-22.939,0
5887,98.21478,driven,795.052,409.274,756.457,557.326,59.665,-14.611,0
5888,98.23147,driven,786.149,422.793,773.405,575.261,53.600,-4.778,0
5889,98.24815,driven,773.541,437.781,793.456,589.479,46.261,7.479,0
5890,98.26483,driven,752.547,456.058,818.406,594.158,35.823,25.496,0
5891,98.28152,driven,728.213,470.406,826.051,588.036,25.229,39.752,0
5892,98.2982,driven,705.610,478.947,829.056,569.336,16.171,53.788,0
5893,98.31488,driven,683.298,483.648,823.786,544.247,7.624,66.667,0
5894,98.33157,driven,662.756,485.000,810.492,524.791,-0.091,74.926,0
5895,98.34825,driven,640.377,483.318,791.283,508.544,-8.503,80.510,0
5896,98.36493,driven,617.611,478.113,769.521,496.350,-17.257,83.154,0
5897,98.38162,driven,596.529,469.806,748.538,487.190,-25.751,83.476,0
5898,98.3983,driven,577.341,458.774,728.164,484.493,-34.046,80.323,0
5899,98.41498,driven,559.353,444.545,707.086,484.343,-42.643,74.923,0
5900,98.43167,driven,545.589,430.101,688.570,484.557,-50.120,69.150,0
5901,98.44835,driven,535.950,417.248,670.117,490.787,-56.139,61.272,0
5902,98.46503,driven,528.868,405.605,649.799,499.332,-61.244,52.223,0
5903,98.48172,driven,526.966,402.027,633.047,512.281,-62.762,43.895,0
5904,98.4984,driven,526.966,402.027,615.505,526.807,-62.762,35.358,0
5905,98.51508,driven,526.966,402.027,595.006,539.066,-62.762,26.404,0
5906,98.53177,driven,531.159,409.634,575.809,555.974,-59.508,16.968,0
5907,98.54845,driven,538.277,420.618,555.869,572.603,-54.606,6.603,0
5908,98.56513,driven,550.823,436.045,533.168,588.022,-47.154,-6.626,0
5909,98.58182,driven,567.925,451.874,505.879,591.728,-38.419,-23.924,0
5910,98.5985,driven,591.532,467.283,491.707,583.231,-27.847,-40.727,0
5911,98.61518,driven,613.299,476.703,487.897,564.357,-18.956,-55.047,0
5912,98.63187,driven,635.425,482.495,492.470,537.018,-10.383,-69.123,0
5913,98.64855,driven,653.661,484.715,503.816,515.625,-3.500,-78.344,0
5914,98.66523,driven,676.728,484.383,524.143,495.652,5.148,-85.776,0
5915,98.68192,driven,698.879,480.734,545.879,480.466,13.562,-90.100,0
5916,98.6986,driven,719.846,474.048,566.959,468.153,21.811,-92.208,0
5917,98.71528,driven,740.532,463.901,587.587,459.770,30.447,-91.547,0
5918,98.73197,driven,759.659,450.600,606.818,457.580,39.180,-87.385,0
5919,98.74865,driven,775.782,435.388,624.393,457.527,47.488,-81.680,0
5920,98.76533,driven,788.562,419.425,640.397,457.585,55.152,-75.557,0
5921,98.78202,driven,797.308,405.283,656.244,464.528,61.381,-67.218,0
5922,98.7987,driven,802.912,393.915,671.597,472.435,66.129,-59.123,0
5923,98.81538,driven,805.181,388.511,685.182,483.427,68.324,-51.657,0
5924,98.83207,driven,805.181,388.511,697.776,497.474,68.324,-44.587,0
5925,98.84875,driven,805.181,388.511,712.385,510.157,68.324,-37.338,0
5926,98.86543,driven,801.620,396.757,723.163,528.110,64.960,-30.850,0
5927,98.88212,driven,796.284,407.129,735.304,547.452,60.591,-23.488,0
5928,98.8988,driven,788.831,419.037,749.411,566.872,55.328,-14.931,0
5929,98.91548,driven,777.677,433.283,765.289,585.780,48.549,-4.644,0
5930,98.93217,driven,760.031,450.296,786.502,600.989,39.360,9.963,0
5931,98.94885,driven,735.096,466.949,810.366,600.153,28.113,29.469,0
5932,98.96553,driven,708.185,478.176,808.325,593.852,17.177,40.882,0
5933,98.98222,driven,684.794,483.440,809.990,571.388,8.189,54.913,0
5934,98.9989,driven,662.233,484.998,802.685,545.680,-0.287,66.633,0
5935,99.01558,driven,639.908,483.247,786.776,526.127,-8.681,73.724,0
5936,99.03227,driven,618.119,478.269,767.576,511.005,-17.058,77.645,0
5937,99.04895,driven,595.975,469.538,746.200,498.545,-25.981,79.071,0
5938,99.06563,driven,575.858,457.759,725.533,489.484,-34.719,78.033,0
5939,99.08232,driven,559.163,444.370,706.031,487.250,-42.740,73.724,0
5940,99.099,driven,544.911,429.283,686.615,486.980,-50.518,67.846,0
5941,99.11568,driven,534.762,415.451,669.799,487.382,-56.946,61.957,0
5942,99.13237,driven,527.905,403.821,651.473,494.042,-62.003,53.866,0
5943,99.14905,driven,525.529,399.162,636.596,504.392,-63.962,46.546,0
5944,99.16573,driven,525.529,399.162,623.046,517.059,-63.962,39.595,0
5945,99.18242,driven,525.529,399.162,606.321,529.092,-63.962,31.874,0
5946,99.1991,driven,528.984,405.815,592.192,545.148,-61.154,24.401,0
5947,99.21578,driven,534.707,415.366,576.990,562.407,-56.984,16.043,0
5948,99.23247,driven,545.329,429.788,560.329,582.051,-50.272,5.626,0
5949,99.24915,driven,560.147,445.270,539.338,596.849,-42.241,-7.817,0
5950,99.26583,driven,580.834,461.065,515.091,599.220,-32.482,-25.448,0
5951,99.28252,driven,606.756,474.287,509.038,592.017,-21.568,-39.693,0
5952,99.2992,driven,628.731,481.113,506.269,572.830,-12.943,-53.169,0
5953,99.31588,driven,650.766,484.510,511.200,547.202,-4.586,-65.811,0
5954,99.33257,driven,671.824,484.745,524.565,526.267,3.306,-74.254,0
5955,99.34925,driven,694.660,481.688,543.896,507.750,11.942,-80.193,0
5956,99.36593,driven,716.589,475.308,564.848,494.895,20.503,-82.645,0
5957,99.38262,driven,738.100,465.301,586.095,482.724,29.396,-83.461,0
5958,99.3993,driven,757.935,451.985,607.007,477.078,38.352,-80.560,0
5959,99.41598,driven,773.683,437.633,625.831,476.986,46.337,-75.095,0
5960,99.43267,driven,786.464,422.364,643.583,477.082,53.799,-69.045,0
5961,99.44935,driven,795.075,409.235,660.255,481.571,59.682,-61.785,0
5962,99.46603,driven,801.189,397.671,678.195,488.673,64.582,-53.503,0
5963,99.48272,driven,802.474,394.896,691.913,500.657,65.727,-46.271,0
5964,99.4994,driven,802.474,394.896,706.551,514.093,65.727,-38.825,0
5965,99.51608,driven,802.474,394.896,723.156,525.731,65.727,-31.226,0
5966,99.53277,driven,798.973,402.145,737.281,542.156,62.712,-23.780,0
5967,99.54945,driven,793.332,412.140,753.048,559.742,58.413,-15.266,0
5968,99.56613,driven,784.910,424.449,769.698,576.691,52.826,-5.706,0
5969,99.58282,driven,772.054,439.314,789.830,591.278,45.461,6.672,0
5970,99.5995,driven,751.307,456.943,814.488,596.289,35.252,24.390,0
5971,99.61618,driven,725.784,471.525,823.089,589.596,24.227,39.493,0
5972,99.63287,driven,703.439,479.559,826.243,570.818,15.326,53.383,0
5973,99.64955,driven,681.306,483.901,821.227,545.796,6.872,66.137,0
5974,99.66623,driven,659.795,484.966,807.230,525.857,-1.200,74.499,0
5975,99.68292,driven,637.983,482.941,788.822,508.564,-9.411,80.359,0
5976,99.6996,driven,614.892,477.240,766.885,494.766,-18.327,83.422,0
5977,99.71628,driven,594.342,468.730,746.328,486.316,-26.663,83.400,0
5978,99.73297,driven,574.207,456.599,725.262,480.919,-35.475,80.854,0
5979,99.74965,driven,557.177,442.501,705.307,480.795,-43.761,75.506,0
5980,99.76633,driven,543.973,428.133,687.601,480.858,-51.074,69.842,0
5981,99.78302,driven,534.246,414.653,669.388,486.388,-57.302,62.040,0
5982,99.7997,driven,527.956,403.917,651.095,494.722,-61.963,53.594,0
5983,99.81638,driven,525.093,398.261,634.397,505.320,-64.337,45.595,0
5984,99.83307,driven,525.093,398.261,618.534,519.413,-64.337,37.642,0
5985,99.84975,driven,525.093,398.261,599.721,531.826,-64.337,29.194,0
5986,99.86643,driven,528.967,405.784,582.722,549.030,-61.168,20.570,0
5987,99.88312,driven,535.294,416.263,564.866,566.378,-56.582,11.144,0
5988,99.8998,driven,546.064,430.666,544.852,583.661,-49.844,-0.454,0
5989,99.91648,driven,560.978,446.020,519.861,593.391,-41.821,-15.589,0
5990,99.93317,driven,583.567,462.765,497.870,589.512,-31.277,-34.064,0
5991,99.94985,driven,608.853,475.098,496.337,578.776,-20.726,-47.341,0
5992,99.96653,driven,629.561,481.301,495.374,554.805,-12.624,-61.287,0
5993,99.98322,driven,650.282,484.470,503.981,529.248,-4.768,-72.982,0
5994,99.9999,driven,672.133,484.727,521.063,508.949,3.422,-80.891,0
5995,100.01658,driven,693.824,481.863,541.211,492.738,11.623,-85.924,0
5996,100.03327,driven,717.041,475.138,564.104,479.555,20.684,-88.346,0
5997,100.04995,driven,737.598,465.582,584.655,469.782,29.181,-88.427,0
5998,100.06663,driven,757.405,452.402,605.071,466.661,38.099,-84.653,0
5999,100.08332,driven,773.861,437.446,623.664,466.594,46.434,-79.017,0
6000,100.1,driven,786.145,422.798,639.572,466.676,53.598,-73.334,0
6001,100.11668,driven,795.405,408.668,656.226,472.216,59.927,-65.459,0
6002,100.13337,driven,801.597,396.807,673.619,480.655,64.940,-56.768,0
6003,100.15005,driven,803.480,392.617,687.393,492.281,66.660,-49.353,0
6004,100.16673,driven,803.480,392.617,700.823,506.066,66.660,-42.141,0
6005,100.18342,driven,803.480,392.617,716.258,518.321,66.660,-34.756,0
6006,100.2001,driven,799.823,400.472,728.889,536.035,63.415,-27.621,0
6007,100.21678,driven,794.705,409.864,743.131,553.910,59.408,-19.699,0
6008,100.23347,driven,786.112,422.843,758.254,573.285,53.577,-10.491,0
6009,100.25015,driven,774.787,436.464,775.962,589.459,46.940,0.440,0
6010,100.26683,driven,755.142,454.142,800.343,600.313,37.030,17.183,0
6011,100.28352,driven,730.353,469.377,818.590,594.370,26.118,35.220,0
6012,100.3002,driven,705.970,478.842,818.959,582.004,16.311,47.603,0
6013,100.31688,driven,683.314,483.645,817.074,557.924,7.630,60.956,0
6014,100.33357,driven,661.076,484.988,805.481,535.549,-0.720,70.703,0
6015,100.35025,driven,639.574,483.196,788.788,517.020,-8.807,77.228,0
6016,100.36693,driven,616.830,477.867,767.758,502.964,-17.564,80.559,0
6017,100.38362,driven,595.552,469.331,747.037,490.810,-26.157,81.930,0
6018,100.4003,driven,575.810,457.726,726.669,483.233,-34.741,80.403,0
6019,100.41698,driven,559.011,444.229,706.998,483.072,-42.818,75.293,0
6020,100.43367,driven,545.256,429.701,688.665,483.021,-50.315,69.604,0
6021,100.45035,driven,535.414,416.444,671.883,485.618,-56.501,63.120,0
6022,100.46703,driven,528.466,404.867,654.513,491.591,-61.559,55.471,0
6023,100.48372,driven,526.402,400.920,640.255,503.129,-63.227,48.085,0
6024,100.5004,driven,526.402,400.920,626.525,516.611,-63.227,40.874,0
6025,100.51708,driven,526.402,400.920,611.134,528.315,-63.227,33.628,0
6026,100.53377,driven,530.514,408.528,597.144,546.258,-59.988,25.816,0
6027,100.55045,driven,536.894,418.639,582.562,564.664,-55.510,17.366,0
6028,100.56713,driven,548.436,433.410,566.608,585.327,-48.485,6.821,0
6029,100.58382,driven,563.814,448.495,545.886,600.441,-40.412,-6.729,0
6030,100.6005,driven,584.870,463.547,521.427,602.774,-30.707,-24.498,0
6031,100.61718,driven,610.573,475.737,515.107,595.300,-20.039,-38.606,0
6032,100.63387,driven,634.730,482.366,512.680,574.629,-10.648,-52.913,0
6033,100.65055,driven,656.365,484.856,517.172,548.373,-2.486,-65.472,0
6034,100.66723,driven,677.181,484.341,530.528,527.954,5.318,-73.438,0
6035,100.68392,driven,699.461,480.592,549.164,509.223,13.787,-79.215,0
6036,100.7006,driven,722.577,472.924,571.092,494.400,22.917,-81.931,0
6037,100.71728,driven,743.339,462.210,591.822,483.463,31.674,-82.015,0
6038,100.73397,driven,762.516,448.214,611.939,475.339,40.574,-79.788,0
6039,100.75065,driven,777.841,433.096,630.734,475.147,48.642,-74.047,0
6040,100.76733,driven,789.805,417.612,648.019,475.108,55.975,-67.927,0
6041,100.78402,driven,798.166,403.687,664.631,478.370,62.060,-60.783,0
6042,100.8007,driven,803.639,392.246,681.773,484.754,66.811,-52.798,0
6043,100.81738,driven,805.196,388.474,695.680,495.316,68.339,-45.708,0
6044,100.83407,driven,805.196,388.474,709.753,508.055,68.339,-38.595,0
6045,100.85075,driven,805.196,388.474,725.475,519.063,68.339,-31.403,0
6046,100.86743,driven,802.137,395.639,738.740,534.886,65.421,-24.479,0
6047,100.88412,driven,797.145,405.581,753.790,552.310,61.254,-16.461,0
6048,100.9008,driven,789.357,418.273,769.429,569.970,55.676,-7.484,0
6049,100.91748,driven,778.722,432.087,787.363,584.842,49.144,3.238,0
6050,100.93417,driven,760.128,450.216,811.444,594.354,39.407,19.597,0
6051,100.95085,driven,736.004,466.460,828.071,588.659,28.499,36.995,0
6052,100.96753,driven,712.008,476.939,828.661,575.939,18.682,49.679,0
6053,100.98422,driven,688.948,482.784,825.415,551.962,9.764,63.118,0
6054,101.0009,driven,665.764,484.975,811.431,531.775,1.035,72.189,0
6055,101.01758,driven,644.153,483.835,794.042,514.531,-7.076,78.426,0
6056,101.03427,driven,621.588,479.289,773.006,501.235,-15.704,81.753,0
6057,101.05095,driven,599.544,471.220,751.153,491.800,-24.503,82.270,0
6058,101.06763,driven,579.679,460.322,730.346,486.940,-32.996,79.981,0
6059,101.08432,driven,562.209,447.109,709.962,486.833,-41.206,74.952,0
6060,101.101,driven,547.723,432.599,690.722,487.006,-48.890,69.170,0
6061,101.11768,driven,537.571,419.616,672.199,492.309,-55.064,61.633,0
6062,101.13437,driven,530.632,408.732,652.860,500.760,-59.900,53.023,0
6063,101.15105,driven,528.601,405.115,636.304,513.784,-61.453,44.744,0
6064,101.16773,driven,528.601,405.115,619.425,528.241,-61.453,36.415,0
6065,101.18442,driven,528.601,405.115,600.299,540.276,-61.453,27.944,0
6066,101.2011,driven,533.190,412.985,582.341,557.875,-58.041,18.738,0
6067,101.21778,driven,540.269,423.358,563.318,574.612,-53.337,8.664,0
6068,101.23447,driven,553.327,438.681,541.224,591.201,-45.792,-4.537,0
6069,101.25115,driven,569.685,453.249,515.003,596.144,-37.582,-20.941,0
6070,101.26783,driven,593.122,468.111,499.261,588.937,-27.175,-37.841,0
6071,101.28452,driven,616.259,477.686,495.247,571.307,-17.788,-52.273,0
6072,101.3012,driven,637.071,482.787,497.214,544.826,-9.757,-66.078,0
6073,101.31788,driven,657.482,484.900,508.764,520.845,-2.067,-76.413,0
6074,101.33457,driven,679.139,484.146,527.021,500.556,6.055,-83.843,0
6075,101.35125,driven,701.589,480.054,548.663,484.809,14.609,-88.219,0
6076,101.36793,driven,722.463,472.972,569.465,472.312,22.871,-90.247,0
6077,101.38462,driven,742.511,462.717,589.511,463.092,31.311,-89.860,0
6078,101.4013,driven,761.187,449.339,608.467,458.586,39.922,-86.535,0
6079,101.41798,driven,777.102,433.930,626.091,458.522,48.225,-80.751,0
6080,101.43467,driven,788.851,419.009,641.058,458.588,55.341,-75.008,0
6081,101.45135,driven,797.414,405.087,656.044,463.597,61.465,-67.517,0
6082,101.46803,driven,802.903,393.937,670.816,471.151,66.120,-59.691,0
6083,101.48472,driven,804.684,389.747,682.636,482.015,67.825,-52.911,0
6084,101.5014,driven,804.684,389.747,693.874,495.247,67.825,-46.406,0
6085,101.51808,driven,804.684,389.747,707.272,507.729,67.825,-39.545,0
6086,101.53477,driven,801.276,397.488,717.102,525.251,64.658,-33.378,0
6087,101.55145,driven,796.234,407.219,727.716,544.019,60.553,-26.604,0
6088,101.56813,driven,788.772,419.123,739.693,564.038,55.289,-18.710,0
6089,101.58482,driven,777.631,433.335,753.972,584.495,48.523,-8.895,0
6090,101.6015,driven,760.413,449.981,771.338,602.591,39.545,4.095,0
6091,101.61818,driven,736.850,465.997,794.124,607.873,28.860,21.983,0
6092,101.63487,driven,708.368,478.119,798.856,601.492,17.249,36.258,0
6093,101.65155,driven,684.061,483.544,801.269,581.885,7.912,50.002,0
6094,101.66823,driven,661.336,484.991,796.487,556.707,-0.623,62.048,0
6095,101.68492,driven,639.775,483.227,783.202,536.495,-8.731,69.625,0
6096,101.7016,driven,618.163,478.283,765.521,519.451,-17.041,74.391,0
6097,101.71828,driven,596.762,469.919,745.343,506.426,-25.654,76.195,0
6098,101.73497,driven,576.516,458.212,724.716,496.234,-34.420,75.611,0
6099,101.75165,driven,559.616,444.786,705.481,490.966,-42.509,72.433,0
6100,101.76833,driven,545.918,430.492,686.598,490.642,-49.929,66.850,0
6101,101.78502,driven,535.886,417.153,669.895,490.981,-56.182,61.149,0
6102,101.8017,driven,529.014,405.869,653.015,495.495,-61.131,54.141,0
6103,101.81838,driven,526.800,401.703,639.308,505.390,-62.898,47.337,0
6104,101.83507,driven,526.800,401.703,625.923,518.252,-62.898,40.381,0
6105,101.85175,driven,526.800,401.703,611.001,529.450,-62.898,33.390,0
6106,101.86843,driven,530.218,408.012,598.061,545.148,-60.211,26.322,0
6107,101.88512,driven,536.326,417.807,584.671,562.968,-55.887,18.420,0
6108,101.9018,driven,545.899,430.470,569.344,581.663,-49.940,8.814,0
6109,101.91848,driven,561.001,446.041,551.195,598.726,-41.810,-3.675,0
6110,101.93517,driven,580.916,461.117,528.338,604.799,-32.445,-20.099,0
6111,101.95185,driven,606.787,474.299,516.601,597.893,-21.556,-36.118,0
6112,101.96853,driven,629.712,481.335,513.726,581.116,-12.566,-49.295,0
6113,101.98522,driven,652.168,484.616,517.177,556.632,-4.060,-61.921,0
6114,102.0019,driven,672.676,484.694,528.644,536.308,3.626,-70.285,0
6115,102.01858,driven,694.659,481.689,545.982,517.802,11.942,-76.347,0
6116,102.03527,driven,717.344,475.024,566.955,503.171,20.805,-79.399,0
6117,102.05195,driven,738.409,465.126,587.671,491.337,29.530,-80.135,0
6118,102.06863,driven,757.589,452.258,607.805,483.466,38.187,-78.231,0
6119,102.08532,driven,774.051,437.245,628.124,483.226,46.538,-72.511,0
6120,102.102,driven,785.825,423.231,645.046,483.151,53.396,-66.944,0
6121,102.11868,driven,794.511,410.191,661.228,485.321,59.266,-60.591,0
6122,102.13537,driven,800.494,399.115,678.561,491.534,63.982,-52.839,0
6123,102.15205,driven,802.081,395.761,692.654,502.695,65.371,-45.660,0
6124,102.16873,driven,802.081,395.761,707.027,515.652,65.371,-38.409,0
6125,102.18542,driven,802.081,395.761,722.958,526.714,65.371,-31.141,0
6126,102.2021,driven,798.394,403.256,736.938,543.370,62.243,-23.683,0
6127,102.21878,driven,793.107,412.505,752.053,559.894,58.252,-15.565,0
6128,102.23547,driven,784.284,425.269,768.401,577.442,52.439,-5.959,0
6129,102.25215,driven,772.673,438.681,787.716,590.939,45.793,5.642,0
6130,102.26883,driven,752.255,456.268,811.646,597.270,35.688,22.841,0
6131,102.28552,driven,727.966,470.522,822.437,590.873,25.126,38.131,0
6132,102.3022,driven,704.897,479.152,825.666,573.088,15.893,52.124,0
6133,102.31888,driven,682.530,483.748,821.408,547.950,7.333,65.189,0
6134,102.33557,driven,660.301,484.976,807.205,527.734,-1.011,73.772,0
6135,102.35225,driven,638.094,482.959,788.581,510.575,-9.368,79.601,0
6136,102.36893,driven,616.380,477.724,768.137,497.187,-17.741,82.692,0
6137,102.38562,driven,595.229,469.172,747.116,487.599,-26.292,83.083,0
6138,102.4023,driven,575.408,457.445,726.374,482.308,-34.925,80.648,0
6139,102.41898,driven,558.404,443.664,706.476,482.182,-43.128,75.419,0
6140,102.43567,driven,545.080,429.488,688.668,482.324,-50.418,69.798,0
6141,102.45235,driven,535.358,416.360,670.606,487.893,-56.539,62.126,0
6142,102.46903,driven,528.835,405.545,652.900,495.082,-61.270,54.182,0
6143,102.48572,driven,527.123,402.331,637.884,507.883,-62.633,46.380,0
6144,102.5024,driven,527.123,402.331,622.413,522.034,-62.633,38.522,0
6145,102.51908,driven,527.123,402.331,604.641,534.240,-62.633,30.441,0
6146,102.53577,driven,531.035,409.422,588.525,551.210,-59.600,22.071,0
6147,102.55245,driven,537.894,420.077,571.549,569.329,-54.854,12.707,0
6148,102.56913,driven,549.260,434.334,552.403,587.302,-48.022,1.177,0
6149,102.58582,driven,564.661,449.211,528.410,597.854,-39.996,-13.705,0
6150,102.6025,driven,587.104,464.849,505.475,594.254,-29.739,-32.244,0
6151,102.61918,driven,612.604,476.462,504.441,584.674,-19.231,-44.987,0
6152,102.63587,driven,634.329,482.290,502.991,560.770,-10.801,-59.140,0
6153,102.65255,driven,654.697,484.775,509.962,534.380,-3.111,-71.082,0
6154,102.66923,driven,676.061,484.441,525.891,513.729,4.897,-78.964,0
6155,102.68592,driven,699.033,480.696,546.842,496.405,13.622,-84.107,0
6156,102.7026,driven,720.555,473.762,567.790,482.245,22.097,-86.822,0
6157,102.71928,driven,740.996,463.627,588.280,472.943,30.649,-86.509,0
6158,102.73597,driven,760.733,449.717,608.785,467.632,39.701,-83.276,0
6159,102.75265,driven,776.222,434.907,626.745,467.554,47.732,-77.680,0
6160,102.76933,driven,788.102,420.082,642.681,467.642,54.851,-71.890,0
6161,102.78602,driven,796.906,406.015,658.853,471.973,61.069,-64.463,0
6162,102.8027,driven,802.357,395.155,674.718,479.519,65.620,-56.537,0
6163,102.81938,driven,803.997,391.404,687.053,490.060,67.154,-49.848,0
6164,102.83607,driven,803.997,391.404,699.808,503.447,67.154,-42.920,0
6165,102.85275,driven,803.997,391.404,715.068,515.905,67.154,-35.537,0
6166,102.86943,driven,800.625,398.846,726.028,532.429,64.093,-29.181,0
6167,102.88612,driven,795.043,409.289,738.248,551.357,59.658,-21.790,0
6168,102.9028,driven,787.142,421.430,752.172,570.380,54.232,-13.212,0
6169,102.91948,driven,776.196,434.936,768.639,587.749,47.718,-2.831,0
6170,102.93617,driven,758.012,451.924,790.584,601.416,38.389,12.292,0
6171,102.95285,driven,733.928,467.566,813.130,598.471,27.618,31.176,0
6172,102.96953,driven,708.517,478.072,811.066,591.619,17.307,42.086,0
6173,102.98622,driven,684.947,483.418,811.480,569.431,8.247,55.793,0
6174,103.0029,driven,662.070,484.997,803.097,544.331,-0.348,67.182,0
6175,103.01958,driven,640.062,483.271,787.149,525.393,-8.622,74.020,0
6176,103.03627,driven,617.789,478.168,767.426,510.072,-17.187,77.964,0
6177,103.05295,driven,596.193,469.644,746.522,498.106,-25.890,79.279,0
6178,103.06963,driven,576.524,458.218,726.265,489.632,-34.416,78.152,0
6179,103.08632,driven,559.466,444.649,705.896,489.003,-42.586,73.148,0
6180,103.103,driven,545.828,430.386,687.263,488.738,-49.981,67.580,0
6181,103.11968,driven,536.222,417.652,671.428,489.263,-55.957,62.092,0
6182,103.13637,driven,529.240,406.278,653.733,495.220,-60.956,54.457,0
6183,103.15305,driven,526.384,400.884,638.079,505.446,-63.242,46.889,0
6184,103.16973,driven,526.384,400.884,624.355,518.403,-63.242,39.817,0
6185,103.18642,driven,526.384,400.884,608.119,530.222,-63.242,32.291,0
6186,103.2031,driven,530.542,408.577,593.945,547.821,-59.967,24.481,0
6187,103.21978,driven,536.575,418.173,578.478,565.323,-55.721,15.895,0
6188,103.23647,driven,547.028,431.797,561.739,584.088,-49.287,5.518,0
6189,103.25315,driven,562.418,447.292,540.279,598.682,-41.102,-8.320,0
6190,103.26983,driven,583.075,462.465,515.723,599.842,-31.492,-26.118,0
6191,103.28652,driven,609.090,475.188,510.818,592.455,-20.631,-39.964,0
6192,103.3032,driven,632.386,481.906,508.288,571.397,-11.542,-54.203,0
6193,103.31988,driven,653.318,484.693,513.128,545.977,-3.628,-66.388,0
6194,103.33657,driven,674.091,484.597,526.541,525.071,4.157,-74.661,0
6195,103.35325,driven,696.469,481.294,545.488,506.064,12.636,-80.683,0
6196,103.36993,driven,719.184,474.311,567.228,492.156,21.544,-83.302,0
6197,103.38662,driven,740.032,464.193,587.938,480.820,30.230,-83.761,0
6198,103.4033,driven,759.707,450.561,608.502,473.926,39.203,-81.216,0
6199,103.41998,driven,774.797,436.453,626.424,473.797,46.945,-75.873,0
6200,103.43667,driven,787.624,420.757,644.127,473.837,54.542,-69.700,0
6201,103.45335,driven,796.215,407.252,660.399,477.702,60.538,-62.583,0
6202,103.47003,driven,801.982,395.977,676.860,484.030,65.282,-54.864,0
6203,103.48672,driven,803.586,392.371,690.197,495.094,66.760,-47.826,0
6204,103.5034,driven,803.586,392.371,703.380,507.990,66.760,-40.915,0
6205,103.52008,driven,803.586,392.371,718.720,519.677,66.760,-33.688,0
6206,103.53677,driven,800.309,399.492,731.252,536.020,63.825,-26.831,0
6207,103.55345,driven,795.060,409.260,744.809,553.773,59.671,-19.174,0
6208,103.57013,driven,787.282,421.236,760.139,571.809,54.321,-10.219,0
6209,103.58682,driven,776.091,435.050,777.374,588.045,47.660,0.480,0
6210,103.6035,driven,757.245,452.528,801.074,599.116,38.023,16.646,0
6211,103.62018,driven,732.783,468.159,820.002,593.864,27.136,34.755,0
6212,103.63687,driven,708.486,478.082,819.804,583.045,17.295,46.683,0
6213,103.65355,driven,684.984,483.412,818.122,558.800,8.261,60.480,0
6214,103.67023,driven,662.492,484.999,806.359,537.070,-0.190,70.103,0
6215,103.68692,driven,641.528,483.486,790.297,519.216,-8.068,76.495,0
6216,103.7036,driven,618.835,478.487,769.646,504.276,-16.778,80.296,0
6217,103.72028,driven,597.391,470.219,748.683,493.016,-25.392,81.431,0
6218,103.73697,driven,577.556,458.918,728.160,485.888,-33.949,79.847,0
6219,103.75365,driven,560.451,445.546,708.073,485.758,-42.086,74.762,0
6220,103.77033,driven,546.805,431.538,689.912,485.661,-49.415,69.283,0
6221,103.78702,driven,536.960,418.734,673.056,488.639,-55.466,62.813,0
6222,103.8037,driven,529.964,407.568,655.188,495.477,-60.402,54.931,0
6223,103.82038,driven,527.111,402.308,639.394,506.238,-62.643,47.212,0
6224,103.83707,driven,527.111,402.308,625.330,519.620,-62.643,39.938,0
6225,103.85375,driven,527.111,402.308,608.295,531.992,-62.643,32.047,0
6226,103.87043,driven,531.255,409.797,593.120,549.732,-59.438,23.850,0
6227,103.88712,driven,537.660,419.743,577.437,567.482,-55.006,15.069,0
6228,103.9038,driven,548.133,433.067,559.178,585.668,-48.657,4.140,0
6229,103.92048,driven,564.061,448.705,535.721,599.058,-40.290,-10.675,0
6230,103.93717,driven,584.952,463.596,510.651,597.344,-30.672,-29.053,0
6231,103.95385,driven,611.646,476.124,509.035,589.614,-19.612,-42.118,0
6232,103.97053,driven,634.145,482.254,506.701,566.913,-10.871,-56.405,0
6233,103.98722,driven,654.965,484.789,512.476,540.520,-3.010,-68.638,0
6234,104.0039,driven,675.996,484.447,527.037,519.376,4.873,-76.803,0
6235,104.02058,driven,699.076,480.686,547.365,500.506,13.638,-82.557,0
6236,104.03727,driven,720.370,473.837,567.918,486.777,22.022,-85.148,0
6237,104.05395,driven,742.049,462.997,589.541,475.254,31.109,-85.405,0
6238,104.07063,driven,760.544,449.873,608.690,468.563,39.609,-82.983,0
6239,104.08732,driven,776.032,435.115,626.715,468.483,47.627,-77.403,0
6240,104.104,driven,788.674,419.264,643.791,468.435,55.225,-71.253,0
6241,104.12068,driven,796.979,405.882,659.117,472.236,61.126,-64.298,0
6242,104.13737,driven,802.897,393.949,675.163,478.168,66.115,-56.602,0
6243,104.15405,driven,804.650,389.830,687.620,488.384,67.792,-49.898,0
6244,104.17073,driven,804.650,389.830,699.805,501.259,67.792,-43.256,0
6245,104.18742,driven,804.650,389.830,713.620,512.804,67.792,-36.510,0
6246,104.2041,driven,801.264,397.514,724.406,529.809,64.647,-30.155,0
6247,104.22078,driven,796.048,407.546,736.003,548.271,60.412,-23.107,0
6248,104.23747,driven,788.612,419.354,749.137,567.174,55.184,-14.952,0
6249,104.25415,driven,777.531,433.447,764.632,585.903,48.467,-4.836,0
6250,104.27083,driven,759.516,450.717,785.001,601.579,39.111,9.588,0
6251,104.28752,driven,735.103,466.945,808.099,601.409,28.116,28.496,0
6252,104.3042,driven,707.813,478.290,806.316,595.364,17.031,40.076,0
6253,104.32088,driven,684.977,483.413,808.337,573.919,8.259,53.734,0
6254,104.33757,driven,662.800,485.000,801.759,549.026,-0.075,65.262,0
6255,104.35425,driven,640.579,483.348,786.361,529.788,-8.427,72.331,0
6256,104.37093,driven,618.934,478.517,767.660,514.427,-16.739,76.426,0
6257,104.38762,driven,597.189,470.123,746.683,502.687,-25.476,77.711,0
6258,104.4043,driven,577.013,458.551,725.814,494.149,-34.195,76.546,0
6259,104.42098,driven,559.872,445.020,705.159,492.984,-42.380,71.730,0
6260,104.43767,driven,546.713,431.431,686.828,492.888,-49.468,66.317,0
6261,104.45435,driven,536.636,418.263,669.925,493.384,-55.680,60.595,0
6262,104.47103,driven,529.947,407.538,652.158,499.590,-60.415,53.012,0
6263,104.48772,driven,527.981,403.964,637.453,510.851,-61.943,45.684,0
6264,104.5044,driven,527.981,403.964,622.781,524.055,-61.943,38.288,0
6265,104.52108,driven,527.981,403.964,606.390,535.345,-61.943,30.829,0
6266,104.53777,driven,531.931,410.930,591.850,551.709,-58.944,23.056,0
6267,104.55445,driven,538.852,421.422,575.830,569.887,-54.235,13.986,0
6268,104.57113,driven,550.609,435.814,558.143,588.628,-47.272,2.822,0
6269,104.58782,driven,566.451,450.690,535.009,600.424,-39.127,-11.859,0
6270,104.6045,driven,589.237,466.045,511.696,597.940,-28.823,-30.451,0
6271,104.62118,driven,613.663,476.827,510.655,589.957,-18.812,-42.319,0
6272,104.63787,driven,636.226,482.639,508.885,567.452,-10.078,-56.335,0
6273,104.65455,driven,656.576,484.865,514.374,541.324,-2.406,-68.345,0
6274,104.67123,driven,679.602,484.097,531.004,520.533,6.230,-76.223,0
6275,104.68792,driven,701.584,480.055,550.354,503.262,14.607,-81.276,0
6276,104.7046,driven,723.590,472.491,571.514,489.277,23.329,-83.701,0
6277,104.72128,driven,744.593,461.428,592.582,478.804,32.228,-83.479,0
6278,104.73797,driven,762.900,447.884,611.998,473.134,40.764,-80.501,0
6279,104.75465,driven,777.913,433.015,630.223,472.971,48.683,-74.862,0
6280,104.77133,driven,789.487,418.081,646.716,473.085,55.763,-68.930,0
6281,104.78802,driven,797.517,404.897,663.064,477.913,61.546,-61.496,0
6282,104.8047,driven,803.060,393.581,679.997,484.491,66.266,-53.546,0
6283,104.82138,driven,803.833,391.792,692.216,496.437,66.996,-46.846,0
6284,104.83807,driven,803.833,391.792,705.977,509.407,66.996,-39.761,0
6285,104.85475,driven,803.833,391.792,722.093,521.127,66.996,-32.293,0
6286,104.87143,driven,800.089,399.938,734.457,538.146,63.638,-25.402,0
6287,104.88812,driven,794.486,410.234,748.121,556.039,59.247,-17.640,0
