frame,time_s,phase,x_green,y_green,x_red,y_red,theta1_deg,theta2_deg,dropout,omega1_deg_s,omega2_deg_s,suspect,arm_length_px,arm_dev_pct,omega_cap_applied,delta_omega_suspect,swap_suspect,omega_cap_suspect
0,0.0,free_swing,660,481,659,633,-1.153,-0.377,0,0.00,-0.00,0,152.00,0.50,2500,0,0,0
1,0.01668,free_swing,660,481,659,633,-1.153,-0.377,0,0.00,-0.00,0,152.00,0.50,2500,0,0,0
2,0.03337,free_swing,660,481,659,633,-1.153,-0.377,0,-0.00,-0.00,0,152.00,0.50,2500,0,0,0
3,0.05005,free_swing,660,481,659,633,-1.153,-0.377,0,0.00,0.00,0,152.00,0.50,2500,0,0,0
4,0.06673,free_swing,660,481,659,633,-1.153,-0.377,0,0.00,0.00,0,152.00,0.50,2500,0,0,0
5,0.08342,free_swing,660,481,659,633,-1.153,-0.377,0,0.00,0.00,0,152.00,0.50,2500,0,0,0
6,0.1001,free_swing,660,481,659,633,-1.153,-0.377,0,0.00,0.00,0,152.00,0.50,2500,0,0,0
7,0.11678,free_swing,660,481,659,633,-1.153,-0.377,0,0.00,0.00,0,152.00,0.50,2500,0,0,0
8,0.13347,free_swing,660,481,659,633,-1.153,-0.377,0,0.00,1.97,0,152.00,0.50,2500,0,0,0
9,0.15015,free_swing,660,481,659,633,-1.153,-0.377,0,0.00,-6.00,0,152.00,0.50,2500,0,0,0
10,0.16683,free_swing,660,481,659,633,-1.153,-0.377,0,0.00,-5.23,0,152.00,0.50,2500,0,0,0
11,0.18352,free_swing,660,481,658,633,-1.153,-0.754,0,0.00,-0.03,0,152.01,0.50,2500,0,0,0
12,0.2002,free_swing,660,481,659,632,-1.153,-0.379,0,0.00,7.18,0,151.00,1.16,2500,0,0,0
13,0.21688,free_swing,660,481,659,633,-1.153,-0.377,0,0.00,0.03,0,152.00,0.50,2500,0,0,0
14,0.23357,free_swing,660,481,659,633,-1.153,-0.377,0,0.00,-7.14,0,152.00,0.50,2500,0,0,0
15,0.25025,free_swing,660,481,658,633,-1.153,-0.754,0,0.00,-0.01,0,152.01,0.50,2500,0,0,0
16,0.26693,free_swing,660,481,659,633,-1.153,-0.377,0,0.00,5.20,0,152.00,0.50,2500,0,0,0
17,0.28362,free_swing,660,481,659,633,-1.153,-0.377,0,0.00,6.01,0,152.00,0.50,2500,0,0,0
18,0.3003,free_swing,660,481,659,633,-1.153,-0.377,0,0.04,-0.03,0,152.00,0.50,2500,0,0,0
19,0.31698,free_swing,660,481,659,633,-1.153,-0.377,0,1.94,-5.95,0,152.00,0.50,2500,0,0,0
20,0.33367,free_swing,660,481,659,633,-1.153,-0.377,0,-4.34,-7.06,0,152.00,0.50,2500,0,0,0
21,0.35035,free_swing,660,480,658,633,-1.161,-0.749,0,-11.70,6.03,0,153.01,0.16,2500,0,0,0
22,0.36703,free_swing,659,480,658,633,-1.548,-0.374,0,-5.47,10.38,0,153.00,0.15,2500,0,0,0
23,0.38372,free_swing,659,480,659,633,-1.548,0.000,0,7.48,3.96,0,153.00,0.15,2500,0,0,0
24,0.4004,free_swing,660,480,659,633,-1.161,-0.374,0,7.58,-3.16,0,153.00,0.15,2500,0,0,0
25,0.41708,free_swing,660,481,659,633,-1.153,-0.377,0,-7.11,5.18,0,152.00,0.50,2500,0,0,0
26,0.43377,free_swing,659,481,659,633,-1.538,0.000,0,-5.24,5.15,0,152.00,0.50,2500,0,0,0
27,0.45045,free_swing,659,481,659,633,-1.538,0.000,0,1.20,-1.15,0,152.00,0.50,2500,0,0,0
28,0.46713,free_swing,660,481,659,633,-1.153,-0.377,0,-0.12,-0.02,0,152.00,0.50,2500,0,0,0
29,0.48382,free_swing,659,481,659,633,-1.538,0.000,0,0.61,-0.76,0,152.00,0.50,2500,0,0,0
30,0.5005,free_swing,659,480,659,633,-1.548,0.000,0,-1.04,0.85,0,153.00,0.15,2500,0,0,0
31,0.51718,free_swing,660,480,659,633,-1.161,-0.374,0,-0.12,-0.02,0,153.00,0.15,2500,0,0,0
32,0.53387,free_swing,659,480,659,633,-1.548,0.000,0,-1.14,1.16,0,153.00,0.15,2500,0,0,0
33,0.55055,free_swing,659,480,659,633,-1.548,0.000,0,5.29,-5.16,0,153.00,0.15,2500,0,0,0
34,0.56723,free_swing,660,480,659,633,-1.161,-0.374,0,5.46,-5.14,0,153.00,0.15,2500,0,0,0
35,0.58392,free_swing,660,480,659,633,-1.161,-0.374,0,-0.93,1.11,0,153.00,0.15,2500,0,0,0
36,0.6006,free_swing,659,481,659,632,-1.538,0.000,0,-1.92,1.92,0,151.00,1.16,2500,0,0,0
37,0.61728,free_swing,660,481,659,633,-1.153,-0.377,0,5.20,-5.16,0,152.00,0.50,2500,0,0,0
38,0.63397,free_swing,660,480,659,633,-1.161,-0.374,0,5.90,-5.92,0,153.00,0.15,2500,0,0,0
39,0.65065,free_swing,660,480,659,633,-1.161,-0.374,0,-2.10,2.01,0,153.00,0.15,2500,0,0,0
40,0.66733,free_swing,660,480,659,633,-1.161,-0.374,0,0.04,-0.02,0,153.00,0.15,2500,0,0,0
41,0.68402,free_swing,660,480,659,633,-1.161,-0.374,0,0.00,0.02,0,153.00,0.15,2500,0,0,0
42,0.7007,free_swing,660,480,659,633,-1.161,-0.374,0,0.00,-0.05,0,153.00,0.15,2500,0,0,0
43,0.71738,free_swing,660,480,659,633,-1.161,-0.374,0,2.03,-2.00,0,153.00,0.15,2500,0,0,0
44,0.73407,free_swing,660,480,659,632,-1.161,-0.377,0,-4.20,4.00,0,152.00,0.50,2500,0,0,0
45,0.75075,free_swing,660,480,659,633,-1.161,-0.374,0,-9.32,9.21,0,153.00,0.15,2500,0,0,0
46,0.76743,free_swing,659,480,659,633,-1.548,0.000,0,-11.37,13.13,0,153.00,0.15,2500,0,0,0
47,0.78412,free_swing,659,481,659,633,-1.538,0.000,0,0.00,-5.99,0,152.00,0.50,2500,0,0,0
48,0.8008,free_swing,659,480,659,633,-1.548,0.000,0,11.37,-16.30,0,153.00,0.15,2500,0,0,0
49,0.81748,free_swing,660,480,658,633,-1.161,-0.749,0,9.28,-9.15,0,153.01,0.16,2500,0,0,0
50,0.83417,free_swing,660,480,659,633,-1.161,-0.374,0,4.32,3.09,0,153.00,0.15,2500,0,0,0
51,0.85085,free_swing,660,480,659,633,-1.161,-0.374,0,0.11,1.93,0,153.00,0.15,2500,0,0,0
52,0.86753,free_swing,660,481,659,633,-1.153,-0.377,0,-6.21,-7.17,0,152.00,0.50,2500,0,0,0
53,0.88422,free_swing,660,480,658,633,-1.161,-0.749,0,-3.35,-0.03,0,153.01,0.16,2500,0,0,0
54,0.9009,free_swing,659,480,658,632,-1.548,-0.377,0,-4.05,3.18,0,152.00,0.50,2500,0,0,0
55,0.91758,free_swing,660,481,659,633,-1.153,-0.377,0,-3.80,11.92,0,152.00,0.50,2500,0,0,0
56,0.93427,free_swing,659,481,658,633,-1.538,-0.377,0,-3.34,1.33,0,152.00,0.50,2500,0,0,0
57,0.95095,free_swing,659,481,659,633,-1.538,0.000,0,-6.27,4.08,0,152.00,0.50,2500,0,0,0
58,0.96763,free_swing,659,480,658,633,-1.548,-0.374,0,-0.12,5.99,0,153.00,0.15,2500,0,0,0
59,0.98432,free_swing,659,481,659,633,-1.538,0.000,0,4.04,1.15,0,152.00,0.50,2500,0,0,0
60,1.001,free_swing,659,480,659,633,-1.548,0.000,0,9.40,-9.18,0,153.00,0.15,2500,0,0,0
61,1.01768,free_swing,660,480,659,633,-1.161,-0.374,0,11.35,-16.28,0,153.00,0.15,2500,0,0,0
62,1.03437,free_swing,660,480,658,633,-1.161,-0.749,0,-1.97,-4.05,0,153.01,0.16,2500,0,0,0
63,1.05105,free_swing,660,480,659,633,-1.161,-0.374,0,-7.37,7.09,0,153.00,0.15,2500,0,0,0
64,1.06773,free_swing,659,480,658,632,-1.548,-0.377,0,0.00,5.98,0,152.00,0.50,2500,0,0,0
65,1.08442,free_swing,660,480,659,633,-1.161,-0.374,0,5.34,-1.92,0,153.00,0.15,2500,0,0,0
66,1.1011,free_swing,660,480,659,633,-1.161,-0.374,0,6.17,2.04,0,153.00,0.15,2500,0,0,0
67,1.11778,free_swing,660,480,659,633,-1.161,-0.374,0,-2.03,-6.06,0,153.00,0.15,2500,0,0,0
68,1.13447,free_swing,660,480,659,633,-1.161,-0.374,0,0.00,-5.29,0,153.00,0.15,2500,0,0,0
69,1.15115,free_swing,660,480,658,632,-1.161,-0.754,0,0.00,-0.04,0,152.01,0.50,2500,0,0,0
70,1.16783,free_swing,660,480,659,632,-1.161,-0.377,0,0.00,5.24,0,152.00,0.50,2500,0,0,0
71,1.18452,free_swing,660,480,659,633,-1.161,-0.374,0,0.00,6.10,0,153.00,0.15,2500,0,0,0
72,1.2012,free_swing,660,480,659,633,-1.161,-0.374,0,0.00,-1.94,0,153.00,0.15,2500,0,0,0
73,1.21788,free_swing,660,480,659,633,-1.161,-0.374,0,0.00,0.00,0,153.00,0.15,2500,0,0,0
74,1.23457,free_swing,660,480,659,633,-1.161,-0.374,0,0.00,-0.03,0,153.00,0.15,2500,0,0,0
75,1.25125,free_swing,660,480,659,633,-1.161,-0.374,0,0.00,-0.07,0,153.00,0.15,2500,0,0,0
76,1.26793,free_swing,660,480,659,632,-1.161,-0.377,0,0.00,-0.07,0,152.00,0.50,2500,0,0,0
77,1.28462,free_swing,660,480,659,632,-1.161,-0.377,0,0.00,-0.03,0,152.00,0.50,2500,0,0,0
78,1.3013,free_swing,660,480,659,632,-1.161,-0.377,0,-0.04,1.99,0,152.00,0.50,2500,0,0,0
79,1.31798,free_swing,660,480,659,632,-1.161,-0.377,0,0.13,-6.02,0,152.00,0.50,2500,0,0,0
80,1.33467,free_swing,660,480,659,632,-1.161,-0.377,0,0.11,-5.15,0,152.00,0.50,2500,0,0,0
81,1.35135,free_swing,660,481,658,633,-1.153,-0.754,0,0.00,0.03,0,152.01,0.50,2500,0,0,0
82,1.36803,free_swing,660,480,659,633,-1.161,-0.374,0,1.92,3.28,0,153.00,0.15,2500,0,0,0
83,1.38472,free_swing,660,480,659,632,-1.161,-0.377,0,-6.30,12.00,0,152.00,0.50,2500,0,0,0
84,1.4014,free_swing,660,480,659,633,-1.161,-0.374,0,-5.30,5.20,0,153.00,0.15,2500,0,0,0
85,1.41808,free_swing,659,480,659,632,-1.548,0.000,0,0.00,-6.01,0,152.00,0.50,2500,0,0,0
86,1.43477,free_swing,660,480,659,633,-1.161,-0.374,0,7.37,-12.38,0,153.00,0.15,2500,0,0,0
87,1.45145,free_swing,660,480,658,632,-1.161,-0.754,0,12.14,-17.73,0,152.01,0.50,2500,0,0,0
88,1.46813,free_swing,660,480,659,633,-1.161,-0.374,0,-18.11,28.58,0,153.00,0.15,2500,0,0,0
89,1.48482,free_swing,659,480,659,632,-1.548,0.000,0,-67.40,107.85,0,152.00,0.50,2500,0,0,0
90,1.5015,free_swing,654,480,662,632,-3.480,3.013,0,-134.17,190.51,0,152.21,0.37,2500,0,0,0
91,1.51818,free_swing,647,480,665,630,-6.170,6.843,0,-190.23,255.84,0,151.08,1.11,2500,0,0,0
92,1.53487,free_swing,638,479,667,627,-9.652,11.086,0,-221.27,268.57,0,150.81,1.28,2500,0,0,0
93,1.55155,free_swing,628,477,669,622,-13.570,15.789,0,-243.04,272.32,0,150.69,1.37,2500,0,0,0
94,1.56823,free_swing,618,473,670,615,-17.700,20.113,0,-256.98,264.69,0,151.22,1.01,2500,0,0,0
95,1.58492,free_swing,607,470,669,607,-22.087,24.349,0,-272.17,236.73,0,150.38,1.57,2500,0,0,0
96,1.6016,free_swing,596,465,667,598,-26.737,28.095,0,-283.19,186.74,0,150.76,1.31,2500,0,0,0
97,1.61828,free_swing,585,459,662,589,-31.557,30.639,0,-283.19,131.12,0,151.09,1.10,2500,0,0,0
98,1.63497,free_swing,575,452,656,581,-36.254,32.125,0,-288.05,78.18,0,152.32,0.29,2500,0,0,0
99,1.65165,free_swing,565,445,649,573,-40.934,33.275,0,-289.57,12.04,0,153.10,0.22,2500,0,0,0
100,1.66833,free_swing,555,436,639,566,-46.081,32.869,0,-292.47,-59.73,0,154.78,1.31,2500,0,0,0
101,1.68502,free_swing,547,427,626,559,-50.684,30.900,0,-287.91,-131.77,0,153.83,0.70,2500,0,0,0
102,1.7017,free_swing,539,417,613,553,-55.570,28.551,0,-283.36,-183.18,0,154.83,1.35,2500,0,0,0
103,1.71838,free_swing,532,407,597,547,-60.208,24.905,0,-282.01,-246.67,0,154.35,1.04,2500,0,0,0
104,1.73507,free_swing,526,396,580,541,-64.960,20.426,0,-277.47,-306.33,0,154.73,1.28,2500,0,0,0
105,1.75175,free_swing,522,385,561,535,-69.399,14.574,0,-268.91,-344.64,0,154.99,1.45,2500,0,0,0
106,1.76843,free_swing,517,374,541,528,-73.951,8.858,0,-251.56,-383.59,0,155.86,2.02,2500,0,0,0
107,1.78512,free_swing,514,364,520,519,-77.879,2.217,0,-236.80,-411.97,0,155.12,1.53,2500,0,0,0
108,1.8018,free_swing,512,354,498,508,-81.711,-5.194,0,-229.82,-442.46,0,154.64,1.22,2500,0,0,0
109,1.81848,free_swing,510,344,477,494,-85.515,-12.407,0,-219.76,-450.93,0,153.59,0.53,2500,0,0,0
110,1.83517,free_swing,509,334,456,479,-89.256,-20.078,0,-205.28,-451.24,0,154.38,1.05,2500,0,0,0
111,1.85185,free_swing,509,326,438,462,-92.231,-27.567,0,-191.07,-450.46,0,153.42,0.42,2500,0,0,0
112,1.86853,free_swing,509,317,421,443,-95.563,-34.931,0,-183.02,-431.96,0,153.69,0.60,2500,0,0,0
113,1.88522,free_swing,510,309,407,423,-98.549,-42.098,0,-182.93,-421.38,0,153.64,0.57,2500,0,0,0
114,1.9019,free_swing,511,301,396,402,-101.527,-48.708,0,-182.54,-389.53,0,153.06,0.19,2500,0,0,0
115,1.91858,free_swing,513,293,387,380,-104.574,-55.376,0,-186.88,-352.92,0,153.12,0.23,2500,0,0,0
116,1.93527,free_swing,515,285,382,360,-107.618,-60.581,0,-157.33,-334.05,0,152.69,0.05,2500,0,0,0
117,1.95195,free_swing,517,279,376,341,-109.952,-66.264,0,-100.69,-341.34,0,154.03,0.82,2500,0,0,0
118,1.96863,free_swing,517,277,372,323,-110.642,-72.399,0,-11.58,-385.54,0,152.12,0.43,2500,0,0,0
119,1.98532,free_swing,518,278,367,307,-110.426,-79.129,0,72.74,-438.08,0,153.76,0.65,2500,0,0,0
120,2.002,free_swing,516,284,364,292,-108.083,-86.987,0,165.03,-509.21,0,152.21,0.37,2500,0,0,0
121,2.01868,free_swing,514,292,363,276,-105.027,-96.049,0,250.40,-571.31,0,151.85,0.61,2500,0,0,0
122,2.03537,free_swing,512,306,366,264,-99.770,-106.049,0,321.89,-607.80,0,151.92,0.56,2500,0,0,0
123,2.05205,free_swing,511,321,374,254,-94.139,-116.061,0,397.38,-600.18,0,152.51,0.17,2500,0,0,0
124,2.06873,free_swing,512,340,388,250,-86.967,-125.972,0,449.06,-562.20,0,153.22,0.29,2500,0,0,0
125,2.08542,free_swing,515,361,402,250,-78.914,-134.488,0,486.43,-475.41,0,158.40,3.68,2500,0,0,0
126,2.1021,free_swing,520,382,422,257,-70.728,-141.904,0,509.83,-366.02,0,158.84,3.97,2500,0,0,0
127,2.11878,free_swing,530,402,441,268,-62.241,-146.409,0,529.89,-238.31,0,160.86,5.30,2500,0,0,0
128,2.13547,free_swing,542,424,460,284,-52.753,-149.642,0,561.88,-99.80,0,162.25,6.20,2500,0,0,0
129,2.15215,free_swing,559,442,477,302,-43.394,-149.642,0,617.23,80.14,0,162.25,6.20,2500,0,0,0
130,2.16883,free_swing,581,460,492,323,-32.645,-146.991,0,674.92,307.15,1,163.37,6.94,2500,1,0,0
131,2.18552,free_swing,610,473,503,348,-20.601,-139.436,0,722.18,525.95,1,164.54,7.70,2500,1,0,0
132,2.2022,free_swing,640,480,514,378,-8.833,-128.991,0,703.22,737.15,1,162.11,6.11,2500,1,0,0
133,2.21888,free_swing,670,483,524,414,2.654,-115.296,0,631.90,930.38,0,161.48,5.70,2500,0,0,0
134,2.23557,free_swing,695,479,540,457,12.281,-98.078,0,546.74,1116.13,0,156.55,2.48,2500,0,0,0
135,2.25225,free_swing,715,472,566,504,20.376,-77.879,0,447.87,1283.20,0,152.40,0.24,2500,0,0,0
136,2.26893,free_swing,731,465,606,550,27.080,-55.784,0,306.31,1383.35,0,151.16,1.05,2500,0,0,0
137,2.28562,free_swing,740,460,661,591,31.030,-31.092,0,115.06,1512.47,0,152.98,0.13,2500,0,0,0
138,2.3023,free_swing,740,460,723,616,31.030,-6.219,0,-65.06,1696.15,0,156.92,2.72,2500,0,0,0
139,2.31898,free_swing,736,462,796,600,29.316,23.499,0,-94.01,1695.73,0,150.48,1.50,2500,0,0,0
140,2.33567,free_swing,733,464,851,555,27.937,52.361,0,44.18,1450.24,1,149.01,2.46,2500,1,0,0
141,2.35235,free_swing,739,459,881,507,30.897,71.323,0,235.84,1084.98,1,149.89,1.88,2500,1,0,0
142,2.36903,free_swing,751,451,901,460,36.483,86.566,0,389.92,832.73,1,150.27,1.64,2500,1,0,0
143,2.38572,free_swing,765,440,911,413,43.363,100.477,0,443.76,725.86,0,148.48,2.81,2500,0,0,0
144,2.4024,free_swing,779,425,919,371,51.280,111.092,0,471.29,595.54,0,150.05,1.78,2500,0,0,0
145,2.41908,free_swing,790,409,921,333,58.772,120.120,0,471.16,472.49,0,151.45,0.86,2500,0,0,0
146,2.43577,free_swing,800,390,921,299,67.054,126.946,0,469.40,375.55,0,151.40,0.90,2500,0,0,0
147,2.45245,free_swing,808,372,919,271,74.578,132.299,0,502.06,208.59,0,150.07,1.77,2500,0,0,0
148,2.46913,free_swing,812,350,918,244,83.112,135.000,0,512.08,67.19,0,149.91,1.87,2500,0,0,0
149,2.48582,free_swing,813,326,921,223,92.291,133.643,0,500.32,-33.58,0,149.24,2.31,2500,0,0,0
150,2.5025,free_swing,814,306,923,202,99.770,133.655,0,458.84,-101.42,0,150.66,1.38,2500,0,0,0
151,2.51918,free_swing,811,286,925,186,107.266,131.257,0,446.38,-199.68,0,151.64,0.74,2500,0,0,0
152,2.53587,free_swing,805,266,926,176,114.928,126.642,0,488.54,-338.59,0,150.80,1.29,2500,0,0,0
153,2.55255,free_swing,794,246,926,170,123.284,119.932,0,506.29,-413.73,0,152.32,0.30,2500,0,0,0
154,2.56923,free_swing,780,226,922,166,132.176,112.906,0,500.30,-456.14,0,154.16,0.91,2500,0,0,0
155,2.58592,free_swing,765,211,915,170,139.870,105.287,0,476.57,-458.31,0,155.50,1.79,2500,0,0,0
156,2.6026,free_swing,748,197,902,177,147.804,97.400,0,463.66,-434.76,0,155.29,1.65,2500,0,0,0
157,2.61928,free_swing,729,187,883,185,155.526,90.744,0,463.06,-403.67,0,154.01,0.81,2500,0,0,0
158,2.63597,free_swing,709,179,863,194,163.266,84.437,0,455.52,-375.06,0,154.73,1.28,2500,0,0,0
159,2.65265,free_swing,689,174,839,206,170.655,77.957,0,441.67,-351.24,0,153.38,0.40,2500,0,0,0
160,2.66933,free_swing,668,171,815,217,178.221,72.624,0,442.46,-314.86,0,154.03,0.82,2500,0,0,0
161,2.68602,free_swing,648,172,790,230,-174.644,67.782,0,467.55,-270.91,0,153.39,0.40,2500,0,0,0
162,2.7027,free_swing,625,176,763,245,-166.310,63.435,0,498.24,-231.27,0,154.29,0.99,2500,0,0,0
163,2.71938,free_swing,602,184,736,261,-157.600,60.117,0,532.58,-187.04,0,154.55,1.16,2500,0,0,0
164,2.73607,free_swing,580,196,711,279,-148.605,57.642,0,576.30,-79.39,0,155.08,1.51,2500,0,0,0
165,2.75275,free_swing,558,213,687,299,-138.576,56.310,0,650.75,3.45,0,155.04,1.48,2500,0,0,0
166,2.76943,free_swing,537,237,669,319,-127.015,58.151,0,704.69,6.37,0,155.40,1.72,2500,0,0,0
167,2.78612,free_swing,521,266,651,351,-114.928,56.821,0,701.60,-76.12,0,155.32,1.67,2500,0,0,0
168,2.8028,free_swing,512,295,639,387,-103.768,54.080,0,649.41,-247.40,0,156.82,2.65,2500,0,0,0
169,2.81948,free_swing,509,323,628,425,-93.345,49.399,0,607.74,-397.35,0,156.73,2.59,2500,0,0,0
170,2.83617,free_swing,511,349,614,470,-83.618,40.406,0,581.65,-569.86,0,158.90,4.01,2500,0,0,0
171,2.85285,free_swing,517,375,596,512,-73.589,29.970,0,585.87,-748.71,0,158.15,3.52,2500,0,0,0
172,2.86953,free_swing,527,398,571,549,-64.113,16.246,0,614.00,-905.08,0,157.28,2.95,2500,0,0,0
173,2.88622,free_swing,544,421,542,575,-53.207,-0.744,0,674.17,-1112.12,1,154.01,0.81,2500,1,0,0
174,2.9029,free_swing,562,444,512,587,-42.044,-19.272,0,683.74,-1185.67,0,151.49,0.84,2500,0,0,0
175,2.91958,free_swing,587,462,490,576,-30.311,-40.394,0,588.09,-1053.82,0,149.68,2.02,2500,0,0,0
176,2.93627,free_swing,606,470,483,556,-22.443,-55.039,0,415.29,-791.95,1,150.08,1.76,2500,1,0,0
177,2.95295,free_swing,620,473,482,537,-16.960,-65.120,0,237.06,-517.44,1,152.12,0.43,2500,1,0,0
178,2.96963,free_swing,626,476,481,521,-14.410,-72.759,0,106.61,-351.36,0,151.82,0.62,2500,0,0,0
179,2.98632,free_swing,629,477,480,510,-13.196,-77.512,0,6.59,-238.92,0,152.61,0.11,2500,0,0,0
180,3.003,free_swing,627,476,477,502,-14.036,-80.166,0,-55.75,-132.15,0,152.24,0.35,2500,0,0,0
181,3.01968,free_swing,624,476,473,496,-15.154,-82.455,0,-107.91,-42.57,0,152.32,0.30,2500,0,0,0
182,3.03637,free_swing,619,474,468,496,-17.216,-81.711,0,-136.44,56.29,0,152.59,0.12,2500,0,0,0
183,3.05305,free_swing,612,472,462,498,-20.016,-80.166,0,-177.46,155.35,0,152.24,0.35,2500,0,0,0
184,3.06973,free_swing,605,469,456,504,-22.946,-76.781,0,-212.40,245.13,0,153.06,0.19,2500,0,0,0
185,3.08642,free_swing,595,465,451,512,-27.080,-71.924,0,-254.71,355.93,0,151.48,0.85,2500,0,0,0
186,3.1031,free_swing,585,459,447,524,-31.557,-64.779,0,-296.20,484.50,0,152.54,0.15,2500,0,0,0
187,3.11978,free_swing,573,452,447,537,-36.870,-55.996,0,-335.60,616.74,0,151.99,0.51,2500,0,0,0
188,3.13647,free_swing,561,443,455,551,-42.580,-44.465,0,-359.27,699.85,0,151.33,0.94,2500,0,0,0
189,3.15315,free_swing,549,431,468,559,-49.028,-32.326,0,-371.27,738.79,0,151.48,0.85,2500,0,0,0
190,3.16983,free_swing,540,419,487,561,-54.728,-20.468,0,-365.07,728.78,0,151.57,0.79,2500,0,0,0
191,3.18652,free_swing,531,405,509,556,-61.056,-8.289,0,-339.02,676.82,0,152.59,0.12,2500,0,0,0
192,3.2032,free_swing,524,393,531,546,-66.306,2.620,0,-310.49,606.70,0,153.16,0.25,2500,0,0,0
193,3.21988,free_swing,520,381,551,533,-71.086,11.527,0,-270.50,547.24,0,155.13,1.54,2500,0,0,0
194,3.23657,free_swing,516,370,571,516,-75.506,20.642,0,-247.32,519.52,0,156.02,2.12,2500,0,0,0
195,3.25325,free_swing,513,360,589,496,-79.426,29.197,0,-236.67,476.38,0,155.79,1.98,2500,0,0,0
196,3.26993,free_swing,511,350,604,475,-83.246,36.649,0,-232.21,415.97,0,155.80,1.98,2500,0,0,0
197,3.28662,free_swing,510,339,616,454,-87.380,42.668,0,-234.14,358.78,0,156.40,2.38,2500,0,0,0
198,3.3033,free_swing,509,329,626,432,-91.116,48.641,0,-242.26,294.04,0,155.88,2.03,2500,0,0,0
199,3.31998,free_swing,510,318,634,412,-95.228,52.836,0,-245.22,227.29,0,155.60,1.85,2500,0,0,0
200,3.33667,free_swing,510,306,639,394,-99.644,55.699,0,-263.84,140.96,0,156.16,2.22,2500,0,0,0
201,3.35335,free_swing,512,295,644,378,-103.768,57.839,0,-270.67,72.74,0,155.93,2.07,2500,0,0,0
202,3.37003,free_swing,516,282,649,365,-108.785,58.033,0,-282.36,-6.67,0,156.77,2.62,2500,0,0,0
203,3.38672,free_swing,519,270,651,354,-113.295,57.529,0,-297.02,-88.56,0,156.46,2.42,2500,0,0,0
204,3.4034,free_swing,525,257,653,346,-118.523,55.189,0,-314.51,-171.27,0,155.90,2.05,2500,0,0,0
205,3.42008,free_swing,532,244,655,341,-123.891,51.740,0,-342.72,-264.51,0,156.65,2.54,2500,0,0,0
206,3.43677,free_swing,542,231,656,339,-129.852,46.548,0,-351.48,-337.85,0,157.04,2.79,2500,0,0,0
207,3.45345,free_swing,553,219,654,338,-135.771,40.323,0,-354.10,-396.41,0,156.08,2.17,2500,0,0,0
208,3.47013,free_swing,564,207,651,339,-141.621,33.389,0,-367.63,-446.06,0,158.09,3.48,2500,0,0,0
209,3.48682,free_swing,578,197,646,339,-147.804,25.589,0,-384.39,-501.66,0,157.44,3.06,2500,0,0,0
210,3.5035,free_swing,595,188,640,339,-154.722,16.595,0,-399.02,-562.19,0,157.56,3.14,2500,0,0,0
211,3.52018,free_swing,611,180,630,337,-161.114,6.900,0,-408.31,-604.77,0,158.15,3.52,2500,0,0,0
212,3.53687,free_swing,630,175,620,331,-168.130,-3.668,0,-419.91,-639.92,0,156.32,2.32,2500,0,0,0
213,3.55355,free_swing,650,172,611,324,-175.355,-14.390,0,-449.15,-684.50,0,156.92,2.72,2500,0,0,0
214,3.57023,free_swing,671,172,602,312,177.138,-26.237,0,-459.14,-728.06,0,156.08,2.17,2500,0,0,0
215,3.58692,free_swing,693,175,596,296,169.182,-38.718,0,-463.13,-742.97,0,155.08,1.51,2500,0,0,0
216,3.6036,free_swing,713,180,593,277,161.792,-51.050,0,-452.34,-718.61,0,154.30,1.00,2500,0,0,0
217,3.62028,free_swing,732,189,596,260,154.242,-62.433,0,-433.80,-671.43,0,153.42,0.42,2500,0,0,0
218,3.63697,free_swing,749,198,601,242,147.308,-73.443,0,-399.47,-629.94,0,154.40,1.07,2500,0,0,0
219,3.65365,free_swing,764,208,609,226,140.837,-83.376,0,-359.78,-592.19,0,156.04,2.14,2500,0,0,0
220,3.67033,free_swing,774,219,621,211,135.512,-92.993,0,-326.93,-535.97,0,153.21,0.29,2500,0,0,0
221,3.68702,free_swing,784,230,634,200,130.130,-101.310,0,-280.42,-447.32,0,152.97,0.13,2500,0,0,0
222,3.7037,free_swing,791,239,645,192,126.001,-107.844,0,-195.95,-325.31,0,153.38,0.40,2500,0,0,0
223,3.72038,free_swing,794,245,651,187,123.589,-112.077,0,-81.42,-203.95,0,154.31,1.01,2500,0,0,0
224,3.73707,free_swing,794,246,656,183,123.284,-114.538,0,4.11,-82.78,0,151.70,0.70,2500,0,0,0
225,3.75375,free_swing,793,245,655,180,123.792,-115.221,0,45.31,2.73,0,152.54,0.15,2500,0,0,0
226,3.77043,free_swing,792,243,653,181,124.603,-114.039,0,57.30,84.52,0,152.20,0.37,2500,0,0,0
227,3.78712,free_swing,790,241,651,183,125.623,-112.649,0,72.41,167.36,0,150.62,1.41,2500,0,0,0
228,3.8038,free_swing,789,237,645,188,127.015,-108.792,0,95.33,240.20,0,152.11,0.43,2500,0,0,0
229,3.82048,free_swing,786,233,637,196,128.830,-103.946,0,122.45,328.98,0,153.53,0.49,2500,0,0,0
230,3.83717,free_swing,782,228,632,206,131.152,-98.344,0,155.00,409.04,0,151.60,0.76,2500,0,0,0
231,3.85385,free_swing,777,222,623,221,133.977,-90.372,0,192.20,487.40,0,154.00,0.81,2500,0,0,0
232,3.87053,free_swing,770,215,616,238,137.556,-81.506,0,227.57,563.01,0,155.71,1.92,2500,0,0,0
233,3.88722,free_swing,761,208,614,256,141.680,-71.917,0,267.51,656.35,0,154.64,1.22,2500,0,0,0
234,3.9039,free_swing,751,200,616,278,146.310,-59.982,0,298.01,760.67,0,155.91,2.06,2500,0,0,0
235,3.92058,free_swing,738,192,625,301,151.821,-46.032,0,336.96,841.78,0,157.00,2.77,2500,0,0,0
236,3.93727,free_swing,724,185,641,318,157.463,-31.967,0,384.39,899.01,0,156.77,2.62,2500,0,0,0
237,3.95395,free_swing,706,178,661,329,164.399,-16.595,0,423.34,952.80,0,157.56,3.14,2500,0,0,0
238,3.97063,free_swing,686,173,686,331,171.769,0.000,0,433.49,989.28,0,158.00,3.42,2500,0,0,0
239,3.98732,free_swing,666,171,711,322,178.933,16.595,0,431.03,1006.27,0,157.56,3.14,2500,0,0,0
240,4.004,free_swing,647,172,732,303,-174.289,32.978,0,427.52,1002.08,0,156.16,2.22,2500,0,0,0
241,4.02068,free_swing,626,176,745,275,-166.657,50.242,0,420.43,993.28,0,154.80,1.33,2500,0,0,0
242,4.03737,free_swing,608,181,749,243,-159.986,66.264,0,420.45,982.25,0,154.03,0.82,2500,0,0,0
243,4.05405,free_swing,591,189,742,209,-153.275,82.455,0,395.64,946.94,0,152.32,0.30,2500,0,0,0
244,4.07073,free_swing,574,199,727,176,-146.211,98.549,0,384.56,946.18,0,154.72,1.28,2500,0,0,0
245,4.08742,free_swing,562,209,702,148,-140.609,113.543,0,369.87,937.43,0,152.71,0.04,2500,0,0,0
246,4.1041,free_swing,549,221,666,123,-134.236,129.950,0,349.46,937.10,0,152.62,0.10,2500,0,0,0
247,4.12078,free_swing,539,234,626,108,-128.320,145.376,0,345.94,962.61,0,153.12,0.23,2500,0,0,0
248,4.13747,free_swing,531,246,579,102,-123.085,161.565,0,336.05,1023.09,0,151.79,0.64,2500,0,0,0
249,4.15415,free_swing,523,260,525,108,-117.216,179.246,0,327.79,1047.18,0,152.01,0.50,2500,0,0,0
250,4.17083,free_swing,517,274,470,130,-111.666,-161.924,0,320.65,1101.85,0,151.48,0.85,2500,0,0,0
251,4.18752,free_swing,514,287,427,162,-106.805,-145.162,0,309.47,1200.15,0,152.30,0.31,2500,0,0,0
252,4.2042,free_swing,512,302,384,221,-101.237,-122.326,0,324.18,1354.03,0,151.48,0.85,2500,0,0,0
253,4.22088,free_swing,510,317,361,292,-95.599,-99.525,0,374.21,1399.42,0,151.08,1.11,2500,0,0,0
254,4.23757,free_swing,509,335,361,372,-88.884,-75.964,0,456.51,1275.31,0,152.55,0.14,2500,0,0,0
255,4.25425,free_swing,512,358,384,440,-80.230,-57.355,0,569.26,1122.06,0,152.01,0.50,2500,0,0,0
256,4.27093,free_swing,520,385,423,502,-69.664,-39.661,0,689.73,922.26,0,151.98,0.52,2500,0,0,0
257,4.28762,free_swing,535,414,468,552,-57.355,-25.897,0,810.69,657.53,1,153.40,0.41,2500,1,0,0
258,4.3043,free_swing,560,443,516,589,-42.859,-16.771,0,917.79,449.04,1,152.49,0.19,2500,1,0,0
259,4.32098,free_swing,595,466,561,619,-26.906,-12.529,0,966.52,316.89,0,156.73,2.59,2500,0,0,0
260,4.33767,free_swing,635,480,623,625,-10.713,-4.731,0,938.93,290.11,0,145.50,4.76,2500,0,0,0
261,4.35435,free_swing,674,481,670,631,4.222,-1.528,0,872.02,360.53,0,150.05,1.78,2500,0,0,0
262,4.37103,free_swing,709,474,724,623,17.949,5.749,0,779.79,515.17,0,149.75,1.98,2500,0,0,0
263,4.38772,free_swing,739,461,781,605,30.504,16.260,0,689.27,679.19,0,150.00,1.81,2500,0,0,0
264,4.4044,free_swing,761,445,835,575,40.934,29.650,0,606.35,778.88,0,149.59,2.08,2500,0,0,0
265,4.42108,free_swing,779,427,876,540,50.684,40.643,0,558.09,822.03,0,148.92,2.52,2500,0,0,0
266,4.43777,free_swing,793,408,919,490,59.689,56.944,0,540.66,840.00,0,150.33,1.60,2500,0,0,0
267,4.45445,free_swing,804,387,943,438,68.691,69.852,0,515.37,853.18,0,148.06,3.08,2500,0,0,0
268,4.47113,free_swing,811,366,,,77.062,,1,486.98,,0,,,2500,0,0,0
269,4.48782,free_swing,814,346,,,84.703,,1,451.94,,0,,,2500,0,0,0
270,4.5045,free_swing,816,327,948,274,91.872,111.876,0,382.92,808.64,0,142.24,6.89,2500,0,0,0
271,4.52118,free_swing,815,311,936,226,97.866,125.087,0,286.27,821.25,0,147.87,3.21,2500,0,0,0
272,4.53787,free_swing,814,302,912,190,101.237,138.814,0,187.93,871.54,0,148.82,2.58,2500,0,0,0
273,4.55455,free_swing,813,295,877,161,103.856,154.470,0,111.01,942.50,0,148.50,2.80,2500,0,0,0
274,4.57123,free_swing,812,291,837,144,105.385,170.348,0,59.22,974.55,0,149.11,2.40,2500,0,0,0
275,4.58792,free_swing,812,290,794,141,105.742,-173.112,0,1.14,974.31,0,150.08,1.76,2500,0,0,0
276,4.6046,free_swing,810,291,751,153,105.584,-156.852,0,-26.47,1019.18,0,150.08,1.76,2500,0,0,0
277,4.62128,free_swing,811,293,711,175,104.763,-139.720,0,-40.73,1095.72,0,154.67,1.25,2500,0,0,0
278,4.63797,free_swing,812,294,681,217,104.307,-120.446,0,-51.98,1113.72,0,151.95,0.53,2500,0,0,0
279,4.65465,free_swing,814,297,666,267,103.050,-101.459,0,-68.79,1098.42,0,151.01,1.15,2500,0,0,0
280,4.67133,free_swing,814,301,660,315,101.602,-84.806,0,-124.49,1097.33,0,154.64,1.22,2500,0,0,0
281,4.68802,free_swing,814,308,675,371,99.031,-65.618,0,-224.55,1091.07,0,152.61,0.11,2500,0,0,0
282,4.7047,free_swing,815,321,701,427,94.139,-47.083,0,-348.33,1028.56,0,155.67,1.90,2500,0,0,0
283,4.72138,free_swing,815,340,733,474,86.987,-31.464,0,-444.48,902.25,0,157.10,2.83,2500,0,0,0
284,4.73807,free_swing,812,362,767,516,78.616,-16.289,0,-614.52,977.62,0,160.44,5.02,2500,0,0,0
285,4.75475,free_swing,803,389,805,546,67.847,0.730,0,-843.43,1318.79,1,157.01,2.78,2500,1,0,0
286,4.77143,free_swing,780,428,846,563,50.631,26.053,0,-1010.75,1585.52,1,150.27,1.64,2500,1,0,0
287,4.78812,free_swing,747,459,865,541,33.481,55.204,0,-987.29,1518.22,0,143.69,5.94,2500,0,0,0
288,4.8048,free_swing,710,472,856,507,18.558,76.519,0,-812.60,1171.43,1,150.14,1.72,2500,1,0,0
289,4.82148,free_swing,680,479,834,474,6.597,91.860,0,-670.89,806.42,1,154.08,0.86,2500,1,0,0
290,4.83817,free_swing,653,481,803,443,-3.840,104.216,0,-599.36,575.49,1,154.74,1.29,2500,1,0,0
291,4.85485,free_swing,628,476,772,419,-13.661,111.595,0,-589.76,399.69,0,154.87,1.37,2500,0,0,0
292,4.87153,free_swing,603,468,740,399,-23.806,116.732,0,-624.98,212.70,0,153.39,0.41,2500,0,0,0
293,4.88822,free_swing,578,456,711,380,-34.430,119.745,0,-676.34,40.57,0,153.18,0.27,2500,0,0,0
294,4.9049,free_swing,554,436,689,364,-46.345,118.072,0,-708.53,-148.91,0,153.00,0.15,2500,0,0,0
295,4.92158,free_swing,534,412,674,347,-58.195,114.905,0,-703.44,-232.02,0,154.35,1.04,2500,0,0,0
296,4.93827,free_swing,520,385,665,332,-69.664,110.078,0,-675.63,-256.34,0,154.38,1.05,2500,0,0,0
297,4.95495,free_swing,512,357,659,312,-80.599,107.021,0,-655.01,-275.51,0,153.73,0.63,2500,0,0,0
298,4.97163,free_swing,509,328,660,298,-91.488,101.237,0,-636.89,-293.23,0,153.95,0.77,2500,0,0,0
299,4.98832,free_swing,511,300,665,282,-101.889,96.667,0,-612.55,-298.05,0,155.05,1.49,2500,0,0,0
300,5.005,free_swing,518,274,672,269,-111.801,91.860,0,-564.91,-245.61,0,154.08,0.86,2500,0,0,0
301,5.02168,free_swing,528,251,683,256,-120.964,88.152,0,-524.76,-221.17,0,155.08,1.51,2500,0,0,0
302,5.03837,free_swing,540,232,695,246,-129.111,84.839,0,-494.70,-190.26,0,155.63,1.87,2500,0,0,0
303,5.05505,free_swing,555,214,710,237,-137.534,81.560,0,-480.36,-175.20,0,156.70,2.57,2500,0,0,0
304,5.07173,free_swing,572,200,726,230,-145.418,78.977,0,-485.38,-157.22,0,156.89,2.70,2500,0,0,0
305,5.08842,free_swing,591,188,744,225,-153.435,76.405,0,-489.99,-148.54,0,157.41,3.04,2500,0,0,0
306,5.1051,free_swing,613,179,764,222,-161.903,74.105,0,-493.81,-129.95,0,157.00,2.77,2500,0,0,0
307,5.12178,free_swing,635,173,785,222,-170.013,71.910,0,-478.00,-95.99,0,157.80,3.29,2500,0,0,0
308,5.13847,free_swing,657,171,805,222,-177.866,70.986,0,-472.78,-62.28,0,156.54,2.47,2500,0,0,0
309,5.15515,free_swing,679,172,829,226,174.289,70.201,0,-498.76,-11.35,0,159.42,4.35,2500,0,0,0
310,5.17183,free_swing,703,177,853,231,165.530,70.201,0,-523.60,42.42,0,159.42,4.35,2500,0,0,0
311,5.18852,free_swing,727,186,877,235,156.329,71.910,0,-561.88,107.22,0,157.80,3.29,2500,0,0,0
312,5.2052,free_swing,749,199,901,242,147.113,74.204,0,-599.12,189.81,0,157.97,3.40,2500,0,0,0
313,5.22188,free_swing,773,218,925,250,136.023,78.111,0,-682.63,341.92,0,155.33,1.68,2500,0,0,0
314,5.23857,free_swing,793,243,946,256,124.396,85.143,0,-800.41,521.25,0,153.55,0.51,2500,0,0,0
315,5.25525,free_swing,809,279,,,109.952,,1,-872.40,,0,,,2500,0,0,0
316,5.27193,free_swing,817,319,,,94.825,,1,-849.19,,0,,,2500,0,0,0
317,5.28862,free_swing,813,355,946,287,81.283,117.080,0,-814.91,391.87,0,149.38,2.22,2500,0,0,0
318,5.3053,free_swing,802,385,936,310,69.128,119.236,0,-804.26,79.37,1,153.56,0.52,2500,1,0,0
319,5.32198,free_swing,783,418,921,344,54.372,118.202,0,-752.10,-245.98,1,156.59,2.50,2500,1,0,0
320,5.33867,free_swing,764,440,908,381,43.082,112.280,0,-613.95,-480.96,1,155.62,1.86,2500,1,0,0
321,5.35535,free_swing,748,453,897,423,35.087,101.384,0,-427.91,-754.02,1,151.99,0.51,2500,1,0,0
322,5.37203,free_swing,735,461,883,468,29.168,87.292,0,-245.70,-1049.31,1,148.17,3.01,2500,1,0,0
323,5.38872,free_swing,728,465,867,523,26.046,67.351,0,-23.37,-1337.23,1,150.62,1.41,2500,1,0,0
324,5.4054,free_swing,733,464,834,574,27.937,42.558,0,145.77,-1538.84,1,149.34,2.25,2500,1,0,0
325,5.42208,free_swing,741,460,784,604,31.357,16.626,0,163.19,-1521.79,0,150.28,1.63,2500,0,0,0
326,5.43877,free_swing,744,457,722,608,32.943,-8.289,0,59.60,-1410.72,0,152.59,0.12,2500,0,0,0
327,5.45545,free_swing,744,458,669,591,32.735,-29.419,0,-44.48,-1267.01,0,152.69,0.05,2500,0,0,0
328,5.47213,free_swing,741,459,620,558,31.557,-50.711,0,-106.67,-1158.78,0,156.34,2.34,2500,0,0,0
329,5.48882,free_swing,736,462,596,517,29.316,-68.552,0,-156.11,-1096.30,0,150.42,1.54,2500,0,0,0
330,5.5055,free_swing,730,466,578,475,26.565,-86.611,0,-182.31,-1038.52,0,152.27,0.33,2500,0,0,0
331,5.52218,free_swing,722,469,574,433,23.299,-103.671,0,-180.68,-1002.30,0,152.32,0.30,2500,0,0,0
332,5.53887,free_swing,716,471,584,396,20.872,-119.604,0,-119.65,-882.34,0,151.82,0.62,2500,0,0,0
333,5.55555,free_swing,712,473,602,369,19.163,-133.394,0,-23.23,-713.87,0,151.38,0.91,2500,0,0,0
334,5.57223,free_swing,714,471,625,350,20.148,-143.664,0,71.41,-589.68,0,150.21,1.68,2500,0,0,0
335,5.58892,free_swing,718,470,647,336,21.730,-152.083,0,131.31,-495.70,0,151.65,0.74,2500,0,0,0
336,5.6056,free_swing,724,467,675,324,24.316,-161.086,0,156.68,-423.68,0,151.16,1.05,2500,0,0,0
337,5.62228,free_swing,730,464,695,317,26.911,-166.608,0,182.06,-352.78,0,151.11,1.09,2500,0,0,0
338,5.63897,free_swing,738,460,717,311,30.368,-171.978,0,217.19,-280.51,0,150.47,1.50,2500,0,0,0
339,5.65565,free_swing,746,455,738,304,34.011,-176.967,0,247.76,-272.91,0,151.21,1.02,2500,0,0,0
340,5.67233,free_swing,756,448,758,297,38.720,179.241,0,262.06,-260.05,0,151.01,1.15,2500,0,0,0
341,5.68902,free_swing,764,441,779,291,42.818,174.289,0,267.24,-275.38,0,150.75,1.32,2500,0,0,0
342,5.7057,free_swing,773,433,800,284,47.442,169.729,0,276.28,-300.05,0,151.43,0.88,2500,0,0,0
343,5.72238,free_swing,781,424,822,278,52.058,164.314,0,292.45,-338.34,0,151.65,0.74,2500,0,0,0
344,5.73907,free_swing,789,413,844,273,57.265,158.552,0,297.38,-388.55,0,150.42,1.54,2500,0,0,0
345,5.75575,free_swing,795,402,868,270,62.063,151.056,0,306.45,-439.59,0,150.84,1.26,2500,0,0,0
346,5.77243,free_swing,802,390,891,269,67.351,143.664,0,323.31,-525.65,0,150.21,1.68,2500,0,0,0
347,5.78912,free_swing,807,376,915,271,73.009,134.193,0,360.66,-584.22,0,150.63,1.40,2500,0,0,0
348,5.8058,free_swing,811,360,937,279,79.287,122.735,0,395.99,-722.02,0,149.79,1.95,2500,0,0,0
349,5.82248,free_swing,814,342,948,290,86.211,111.209,0,424.40,-882.03,0,143.74,5.91,2500,0,0,0
350,5.83917,free_swing,816,323,,,93.366,,1,427.54,,0,,,2500,0,0,0
351,5.85585,free_swing,815,304,,,100.437,,1,412.97,,0,,,2500,0,0,0
352,5.87253,free_swing,811,287,940,366,106.912,58.517,0,373.79,-996.38,0,151.27,0.98,2500,0,0,0
353,5.88922,free_swing,807,271,910,384,112.958,42.349,0,317.41,-946.36,0,152.90,0.08,2500,0,0,0
354,5.9059,free_swing,801,260,873,397,117.553,27.724,0,261.25,-898.55,0,154.77,1.31,2500,0,0,0
355,5.92258,free_swing,797,250,829,402,121.464,11.889,0,212.66,-891.00,0,155.33,1.68,2500,0,0,0
356,5.93927,free_swing,791,243,785,398,124.811,-2.217,0,175.10,-905.20,0,155.12,1.53,2500,0,0,0
357,5.95595,free_swing,787,237,740,386,127.457,-17.507,0,142.17,-872.80,0,156.24,2.27,2500,0,0,0
358,5.97263,free_swing,784,232,700,364,129.572,-32.471,0,131.40,-872.66,0,156.46,2.42,2500,0,0,0
359,5.98932,free_swing,780,227,669,336,131.906,-45.521,0,155.30,-830.05,0,155.57,1.83,2500,0,0,0
360,6.006,free_swing,775,221,641,298,134.743,-60.117,0,184.54,-759.61,0,154.55,1.16,2500,0,0,0
361,6.02268,free_swing,768,214,621,263,138.336,-71.565,0,215.72,-647.23,0,154.95,1.43,2500,0,0,0
362,6.03937,free_swing,761,207,607,231,141.904,-81.142,0,259.26,-530.55,0,155.86,2.02,2500,0,0,0
363,6.05605,free_swing,751,198,596,200,146.706,-89.261,0,304.83,-476.43,0,155.01,1.47,2500,0,0,0
364,6.07273,free_swing,737,191,584,171,152.308,-97.447,0,333.58,-457.11,0,154.30,1.00,2500,0,0,0
365,6.08942,free_swing,723,184,576,146,157.932,-104.494,0,353.27,-447.82,0,151.83,0.61,2500,0,0,0
366,6.1061,free_swing,708,179,567,121,163.610,-112.360,0,367.71,-444.69,0,152.46,0.20,2500,0,0,0
367,6.12278,free_swing,690,174,559,100,170.303,-119.461,0,365.94,-431.29,0,150.46,1.52,2500,0,0,0
368,6.13947,free_swing,674,172,554,82,176.067,-126.870,0,349.03,-439.23,0,150.00,1.81,2500,0,0,0
369,6.15615,free_swing,659,171,551,69,-178.577,-133.363,0,325.85,-422.17,0,148.55,2.76,2500,0,0,0
370,6.17283,free_swing,644,172,554,60,-173.228,-141.216,0,287.39,-355.75,0,143.68,5.95,2500,0,0,0
371,6.18952,free_swing,632,174,549,55,-168.899,-145.105,0,181.83,-227.04,0,145.09,5.03,2500,0,0,0
372,6.2062,free_swing,627,175,549,52,-167.085,-147.619,0,37.64,40.97,1,145.65,4.66,2500,1,0,0
373,6.22288,free_swing,629,175,549,58,-167.781,-145.637,0,-73.02,256.99,1,141.74,7.22,2500,1,0,0
374,6.23957,free_swing,634,174,535,65,-169.599,-137.752,0,-126.78,404.51,0,147.25,3.62,2500,0,0,0
375,6.25625,free_swing,640,173,528,72,-171.769,-132.044,0,-160.76,436.82,0,150.81,1.28,2500,0,0,0
376,6.27293,free_swing,648,172,523,86,-174.644,-124.528,0,-183.46,453.38,0,151.73,0.68,2500,0,0,0
377,6.28962,free_swing,658,172,520,104,-178.210,-116.232,0,-211.26,547.71,0,153.84,0.70,2500,0,0,0
378,6.3063,free_swing,667,172,520,128,178.568,-106.663,0,-229.19,599.96,0,153.44,0.44,2500,0,0,0
379,6.32298,free_swing,679,173,524,157,174.254,-95.894,0,-241.59,646.85,0,155.82,2.00,2500,0,0,0
380,6.33967,free_swing,690,174,535,187,170.303,-85.206,0,-243.05,686.41,0,155.54,1.82,2500,0,0,0
381,6.35635,free_swing,701,176,551,221,166.310,-73.301,0,-227.04,723.24,0,156.60,2.51,2500,0,0,0
382,6.37303,free_swing,711,179,575,255,162.582,-60.803,0,-230.72,769.03,0,155.79,1.98,2500,0,0,0
383,6.38972,free_swing,721,184,606,287,158.600,-48.151,0,-258.38,763.85,0,154.38,1.05,2500,0,0,0
384,6.4064,free_swing,733,189,643,317,153.918,-35.112,0,-313.21,724.83,0,156.47,2.42,2500,0,0,0
385,6.42308,free_swing,747,197,683,341,148.109,-23.962,0,-372.25,666.08,0,157.58,3.15,2500,0,0,0
386,6.43977,free_swing,762,208,726,362,141.397,-13.158,0,-423.81,619.27,0,158.15,3.52,2500,0,0,0
387,6.45645,free_swing,777,222,769,379,133.977,-2.917,0,-469.22,618.58,0,157.20,2.90,2500,0,0,0
388,6.47313,free_swing,791,240,812,398,125.707,7.571,0,-510.25,631.55,0,159.39,4.33,2500,0,0,0
389,6.48982,free_swing,804,262,856,413,116.402,19.002,0,-600.27,725.90,0,159.70,4.54,2500,0,0,0
390,6.5065,free_swing,813,290,898,425,105.642,32.196,0,-829.27,1039.85,1,159.53,4.42,2500,1,0,0
391,6.52318,free_swing,816,331,937,428,90.374,51.282,0,-1001.33,1345.82,1,155.08,1.51,2500,1,0,0
392,6.53987,free_swing,809,384,947,413,70.396,78.132,0,-1082.96,1410.88,0,141.01,7.70,2500,0,0,0
393,6.55655,free_swing,786,417,935,395,55.353,98.399,0,-985.59,1111.09,1,150.62,1.41,2500,1,0,0
394,6.57323,free_swing,755,449,901,386,38.179,113.341,0,-864.49,682.55,1,159.01,4.09,2500,1,0,0
395,6.58992,free_swing,727,466,863,385,25.530,120.778,0,-833.09,321.33,1,158.29,3.62,2500,1,0,0
396,6.6066,free_swing,693,479,826,388,11.535,124.380,0,-803.59,-9.23,1,161.15,5.49,2500,1,0,0
397,6.62328,free_swing,657,479,795,397,-2.337,120.719,0,-845.95,-300.77,1,160.52,5.07,2500,1,0,0
398,6.63997,free_swing,621,475,766,411,-16.368,113.816,0,-859.17,-610.25,1,158.50,3.75,2500,1,0,0
399,6.65665,free_swing,587,460,740,429,-30.700,101.454,0,-865.00,-894.10,1,156.11,2.18,2500,1,0,0
400,6.67333,free_swing,557,438,712,454,-45.000,84.106,0,-787.89,-1113.47,1,155.82,2.00,2500,1,0,0
401,6.69002,free_swing,537,413,676,481,-57.265,63.932,0,-645.66,-1227.34,0,154.74,1.29,2500,0,0,0
402,6.7067,free_swing,524,394,630,504,-65.961,43.939,0,-473.60,-1271.00,0,152.76,0.01,2500,0,0,0
403,6.72338,free_swing,517,377,574,520,-72.870,21.732,0,-308.44,-1325.58,0,153.94,0.77,2500,0,0,0
404,6.74007,free_swing,515,367,514,522,-76.695,-0.370,0,-155.74,-1379.87,0,155.00,1.46,2500,0,0,0
405,6.75675,free_swing,514,364,451,504,-77.879,-24.228,0,4.63,-1447.55,0,153.52,0.49,2500,0,0,0
406,6.77343,free_swing,514,366,401,468,-77.146,-47.929,0,107.77,-1479.12,0,152.23,0.36,2500,0,0,0
407,6.79012,free_swing,516,372,372,415,-74.778,-73.374,0,85.58,-1382.83,0,150.28,1.63,2500,0,0,0
408,6.8068,free_swing,518,374,366,362,-73.846,-94.514,0,-40.46,-1176.03,1,152.47,0.20,2500,1,0,0
409,6.82348,free_swing,516,367,377,311,-76.608,-111.943,0,-185.05,-947.51,1,149.86,1.91,2500,1,0,0
410,6.84017,free_swing,514,357,392,268,-80.475,-126.111,0,-273.76,-818.72,0,151.01,1.15,2500,0,0,0
411,6.85685,free_swing,511,345,413,231,-85.112,-139.316,0,-309.37,-735.89,0,150.33,1.60,2500,0,0,0
412,6.87353,free_swing,508,330,436,200,-90.739,-151.020,0,-329.08,-649.03,0,148.61,2.73,2500,0,0,0
413,6.89022,free_swing,510,315,462,174,-96.340,-161.200,0,-347.92,-569.26,0,148.95,2.50,2500,0,0,0
414,6.9069,free_swing,511,300,484,153,-101.889,-169.592,0,-366.56,-494.90,0,149.46,2.17,2500,0,0,0
415,6.92358,free_swing,514,282,509,135,-108.550,-178.052,0,-382.00,-431.98,0,147.09,3.72,2500,0,0,0
416,6.94027,free_swing,520,266,531,119,-114.775,175.721,0,-364.47,-382.38,0,147.41,3.51,2500,0,0,0
417,6.95695,free_swing,527,252,554,106,-120.466,169.523,0,-311.66,-347.68,0,148.48,2.81,2500,0,0,0
418,6.97363,free_swing,534,241,576,98,-125.200,163.632,0,-265.17,-366.16,0,149.04,2.44,2500,0,0,0
419,6.99032,free_swing,540,232,597,94,-129.111,157.557,0,-212.25,-379.00,0,149.31,2.27,2500,0,0,0
420,7.007,free_swing,546,225,619,95,-132.444,150.684,0,-167.96,-402.14,0,149.09,2.41,2500,0,0,0
421,7.02368,free_swing,550,221,639,98,-134.488,144.111,0,-109.53,-423.44,0,151.82,0.62,2500,0,0,0
422,7.04037,free_swing,553,218,657,108,-136.023,136.606,0,-16.96,-467.45,0,151.38,0.91,2500,0,0,0
423,7.05705,free_swing,552,219,671,124,-135.512,128.601,0,68.05,-514.88,0,152.27,0.33,2500,0,0,0
424,7.07373,free_swing,548,224,682,149,-133.202,119.236,0,149.44,-550.10,0,153.56,0.52,2500,0,0,0
425,7.09042,free_swing,544,229,688,176,-130.878,110.206,0,187.01,-594.17,0,153.44,0.44,2500,0,0,0
426,7.1071,free_swing,537,237,690,210,-127.015,100.008,0,217.50,-626.09,0,155.36,1.70,2500,0,0,0
427,7.12378,free_swing,531,245,686,247,-123.389,89.261,0,264.48,-582.56,0,155.01,1.47,2500,0,0,0
428,7.14047,free_swing,525,257,678,285,-118.523,79.629,0,314.63,-541.41,0,155.54,1.81,2500,0,0,0
429,7.15715,free_swing,519,272,667,319,-112.620,72.382,0,386.40,-542.40,0,155.28,1.64,2500,0,0,0
430,7.17383,free_swing,514,290,651,364,-105.742,61.624,0,439.06,-560.70,0,155.71,1.92,2500,0,0,0
431,7.19052,free_swing,510,311,634,407,-97.815,52.253,0,496.01,-562.11,0,156.82,2.65,2500,0,0,0
432,7.2072,free_swing,508,334,617,449,-89.261,43.466,0,549.30,-562.48,0,158.45,3.72,2500,0,0,0
433,7.22388,free_swing,512,361,599,494,-79.129,33.190,0,637.99,-676.04,0,158.93,4.03,2500,0,0,0
434,7.24057,free_swing,523,389,577,539,-67.847,19.799,0,807.67,-966.38,1,159.42,4.35,2500,1,0,0
435,7.25725,free_swing,544,422,550,577,-52.900,2.217,0,1006.37,-1348.51,1,155.12,1.53,2500,1,0,0
436,7.27393,free_swing,,,519,595,,,1,,,0,,,2500,0,0,0
437,7.29062,free_swing,622,476,508,571,-15.893,-50.194,0,1002.95,-1350.35,0,148.39,2.86,2500,0,0,0
438,7.3073,free_swing,661,481,518,538,-0.769,-68.268,0,830.16,-949.93,1,153.94,0.77,2500,1,0,0
439,7.32398,free_swing,691,478,540,505,10.856,-79.862,0,726.30,-589.29,1,153.39,0.41,2500,1,0,0
440,7.34067,free_swing,723,471,566,474,23.348,-88.905,0,678.54,-362.04,1,157.03,2.79,2500,1,0,0
441,7.35735,free_swing,748,454,592,448,34.866,-92.203,0,668.74,-160.32,1,156.12,2.19,2500,1,0,0
442,7.37403,free_swing,769,438,616,428,45.000,-93.740,0,670.86,59.46,1,153.33,0.36,2500,1,0,0
443,7.39072,free_swing,790,414,638,411,57.151,-91.131,0,718.79,252.53,0,152.03,0.49,2500,0,0,0
444,7.4074,free_swing,805,385,654,399,69.532,-84.703,0,763.69,488.92,1,151.65,0.74,2500,1,0,0
445,7.42408,free_swing,814,353,666,391,82.082,-75.600,0,733.41,640.79,0,152.80,0.02,2500,0,0,0
446,7.44077,free_swing,816,320,680,390,94.485,-62.765,0,713.31,767.21,0,152.96,0.12,2500,0,0,0
447,7.45745,free_swing,812,291,695,388,105.385,-50.339,0,701.62,889.75,0,151.98,0.52,2500,0,0,0
448,7.47413,free_swing,801,260,715,387,117.553,-34.104,0,674.35,965.51,0,153.38,0.40,2500,0,0,0
449,7.49082,free_swing,786,234,741,381,128.546,-17.021,0,622.41,1025.71,0,153.73,0.63,2500,0,0,0
450,7.5075,free_swing,770,214,768,369,137.799,-0.739,0,529.77,1017.62,0,155.01,1.47,2500,0,0,0
451,7.52418,free_swing,752,199,796,346,146.211,16.663,0,456.28,1006.12,0,153.44,0.44,2500,0,0,0
452,7.54087,free_swing,735,189,819,317,153.275,33.275,0,403.53,985.02,0,153.10,0.22,2500,0,0,0
453,7.55755,free_swing,719,182,835,282,159.528,49.236,0,364.08,958.01,0,153.15,0.25,2500,0,0,0
454,7.57423,free_swing,703,177,841,241,165.530,65.120,0,344.87,952.31,0,152.12,0.43,2500,0,0,0
455,7.59092,free_swing,688,174,837,197,171.009,81.225,0,311.25,951.68,0,150.76,1.31,2500,0,0,0
456,7.6076,free_swing,674,172,825,154,176.067,96.798,0,267.17,943.21,0,152.07,0.46,2500,0,0,0
457,7.62428,free_swing,663,172,803,114,180.000,112.504,0,245.19,904.19,0,151.54,0.81,2500,0,0,0
458,7.64097,free_swing,652,172,770,81,-176.067,127.639,0,233.16,922.36,0,149.01,2.46,2500,0,0,0
459,7.65765,free_swing,640,173,731,57,-171.769,141.886,0,236.20,887.14,0,147.43,3.49,2500,0,0,0
460,7.67433,free_swing,630,175,685,36,-168.130,158.412,0,254.23,838.44,0,149.49,2.15,2500,0,0,0
461,7.69102,free_swing,618,178,644,29,-163.711,170.102,0,267.51,796.44,0,151.25,0.99,2500,0,0,0
462,7.7077,free_swing,604,182,594,33,-158.529,-176.160,0,302.32,816.04,0,149.34,2.25,2500,0,0,0
463,7.72438,free_swing,593,189,545,40,-153.918,-162.144,0,330.45,866.32,0,156.54,2.47,2500,0,0,0
464,7.74107,free_swing,577,197,494,69,-147.501,-147.039,0,384.31,829.44,0,152.55,0.14,2500,0,0,0
465,7.75775,free_swing,563,209,456,103,-140.889,-134.731,0,449.01,733.43,0,150.62,1.41,2500,0,0,0
466,7.77443,free_swing,547,225,419,144,-132.689,-122.326,0,500.39,691.52,0,151.48,0.85,2500,0,0,0
467,7.79112,free_swing,533,244,393,187,-124.095,-112.153,0,555.07,690.06,0,151.16,1.06,2500,0,0,0
468,7.8078,free_swing,520,267,373,244,-114.444,-98.893,0,580.62,701.81,0,148.79,2.61,2500,0,0,0
469,7.82448,free_swing,513,293,361,298,-104.574,-88.116,0,592.35,740.97,0,152.08,0.45,2500,0,0,0
470,7.84117,free_swing,510,319,363,358,-94.857,-75.141,0,583.01,776.63,0,152.09,0.45,2500,0,0,0
471,7.85785,free_swing,510,345,376,417,-85.143,-61.750,0,576.93,825.85,0,152.12,0.43,2500,0,0,0
472,7.87453,free_swing,515,370,407,468,-75.600,-47.779,0,572.96,791.93,0,145.84,4.54,2500,0,0,0
473,7.89122,free_swing,524,394,436,518,-65.961,-35.362,0,579.27,721.03,0,152.05,0.47,2500,0,0,0
474,7.9079,free_swing,537,416,475,556,-56.310,-23.886,0,601.66,648.91,0,153.11,0.22,2500,0,0,0
475,7.92458,free_swing,555,436,519,583,-46.081,-13.761,0,613.94,601.65,0,151.34,0.93,2500,0,0,0
476,7.94127,free_swing,576,453,566,605,-35.716,-3.764,0,590.64,567.77,0,152.33,0.29,2500,0,0,0
477,7.95795,free_swing,597,466,611,618,-26.222,5.262,0,564.45,525.38,0,152.64,0.08,2500,0,0,0
478,7.97463,free_swing,618,474,655,622,-17.583,14.036,0,523.43,500.89,0,152.55,0.14,2500,0,0,0
479,7.99132,free_swing,641,479,697,619,-8.512,21.801,0,461.87,505.12,0,150.78,1.30,2500,0,0,0
480,8.008,free_swing,658,480,736,610,-1.935,30.964,0,379.14,531.38,0,151.60,0.76,2500,0,0,0
481,8.02468,free_swing,672,480,769,596,3.480,39.903,0,281.02,578.88,0,151.21,1.02,2500,0,0,0
482,8.04137,free_swing,683,479,798,576,7.748,49.853,0,198.96,608.51,0,150.45,1.52,2500,0,0,0
483,8.05805,free_swing,689,478,820,552,10.098,60.539,0,88.40,652.97,0,150.46,1.52,2500,0,0,0
484,8.07473,free_swing,691,477,835,526,10.929,71.208,0,3.05,657.03,0,152.11,0.43,2500,0,0,0
485,8.09142,free_swing,689,478,841,498,10.098,82.504,0,-35.66,628.49,0,153.31,0.35,2500,0,0,0
486,8.1081,free_swing,688,478,841,472,9.717,92.246,0,-43.59,582.32,0,153.12,0.23,2500,0,0,0
487,8.12478,free_swing,686,479,835,449,8.893,101.384,0,-59.68,512.62,0,151.99,0.51,2500,0,0,0
488,8.14147,free_swing,683,480,826,429,7.696,109.628,0,-102.99,440.64,0,151.82,0.62,2500,0,0,0
489,8.15815,free_swing,677,480,814,413,5.404,116.061,0,-145.70,359.38,0,152.51,0.17,2500,0,0,0
490,8.17483,free_swing,670,480,800,401,2.708,121.287,0,-188.83,274.71,0,152.12,0.43,2500,0,0,0
491,8.19152,free_swing,661,481,786,392,-0.769,125.451,0,-230.58,196.15,0,153.45,0.44,2500,0,0,0
492,8.2082,free_swing,650,480,772,386,-5.020,127.614,0,-278.77,84.70,0,154.01,0.81,2500,0,0,0
493,8.22488,free_swing,637,479,758,383,-10.030,128.428,0,-315.09,-27.41,0,154.46,1.10,2500,0,0,0
494,8.24157,free_swing,623,475,746,384,-15.627,126.495,0,-350.15,-139.40,0,153.00,0.15,2500,0,0,0
495,8.25825,free_swing,608,471,736,386,-21.588,123.587,0,-387.15,-272.89,0,153.65,0.58,2500,0,0,0
496,8.27493,free_swing,592,463,728,391,-28.457,117.897,0,-422.90,-404.37,0,153.88,0.73,2500,0,0,0
497,8.29162,free_swing,576,453,721,401,-35.716,109.729,0,-439.31,-529.92,0,154.04,0.83,2500,0,0,0
498,8.3083,free_swing,561,441,712,414,-43.100,100.138,0,-435.72,-637.11,0,153.39,0.41,2500,0,0,0
499,8.32498,free_swing,548,428,702,431,-50.145,88.884,0,-430.57,-749.08,0,154.03,0.82,2500,0,0,0
500,8.34167,free_swing,537,413,685,452,-57.265,75.237,0,-414.93,-843.24,0,153.05,0.18,2500,0,0,0
501,8.35835,free_swing,527,398,661,474,-64.113,60.440,0,-385.79,-906.78,0,154.05,0.84,2500,0,0,0
502,8.37503,free_swing,520,384,630,493,-70.017,45.262,0,-339.30,-968.55,0,154.86,1.37,2500,0,0,0
503,8.39172,free_swing,515,371,589,506,-75.237,28.729,0,-277.20,-991.49,0,153.95,0.77,2500,0,0,0
504,8.4084,free_swing,513,360,543,512,-79.426,11.165,0,-209.78,-1028.37,0,154.93,1.41,2500,0,0,0
505,8.42508,free_swing,511,353,498,508,-82.134,-4.794,0,-135.81,-1065.86,0,155.54,1.82,2500,0,0,0
506,8.44177,free_swing,511,348,449,488,-83.991,-23.886,0,-75.84,-1078.83,0,153.11,0.22,2500,0,0,0
507,8.45845,free_swing,510,346,409,458,-84.772,-42.044,0,-29.68,-1096.96,0,150.81,1.28,2500,0,0,0
508,8.47513,free_swing,510,345,380,423,-85.143,-59.036,0,-11.07,-1042.37,0,151.60,0.76,2500,0,0,0
509,8.49182,free_swing,511,345,362,379,-85.112,-77.146,0,-13.65,-989.61,0,152.83,0.04,2500,0,0,0
510,8.5085,free_swing,511,343,359,337,-85.861,-92.261,0,-45.05,-896.55,0,152.12,0.43,2500,0,0,0
511,8.52518,free_swing,511,341,365,298,-86.611,-106.411,0,-92.57,-771.03,0,152.20,0.37,2500,0,0,0
512,8.54187,free_swing,510,335,377,263,-88.877,-118.429,0,-138.23,-679.50,0,151.24,1.00,2500,0,0,0
513,8.55855,free_swing,509,328,392,234,-91.488,-128.779,0,-189.63,-578.74,0,150.08,1.76,2500,0,0,0
514,8.57523,free_swing,509,319,408,207,-94.825,-137.956,0,-221.48,-492.14,0,150.81,1.28,2500,0,0,0
515,8.59192,free_swing,509,308,425,186,-98.858,-145.452,0,-232.12,-427.29,0,148.12,3.04,2500,0,0,0
516,8.6086,free_swing,511,298,441,166,-102.609,-152.063,0,-208.24,-391.77,0,149.41,2.20,2500,0,0,0
517,8.62528,free_swing,512,290,458,151,-105.544,-158.769,0,-158.21,-391.63,0,149.12,2.39,2500,0,0,0
518,8.64197,free_swing,514,284,476,139,-107.856,-165.315,0,-104.13,-414.17,0,149.90,1.88,2500,0,0,0
519,8.65865,free_swing,515,281,495,132,-109.014,-172.355,0,-46.71,-429.18,0,150.34,1.59,2500,0,0,0
520,8.67533,free_swing,515,280,515,130,-109.359,180.000,0,10.37,-450.65,0,150.00,1.81,2500,0,0,0
521,8.69202,free_swing,515,282,534,132,-108.667,172.781,0,63.79,-469.31,0,151.20,1.03,2500,0,0,0
522,8.7087,free_swing,514,286,554,141,-107.157,164.578,0,123.76,-482.81,0,150.42,1.54,2500,0,0,0
523,8.72538,free_swing,512,293,573,153,-104.482,156.457,0,210.13,-476.70,0,152.71,0.04,2500,0,0,0
524,8.74207,free_swing,511,304,590,174,-100.437,148.713,0,290.57,-459.78,0,152.12,0.43,2500,0,0,0
525,8.75875,free_swing,509,320,605,199,-94.456,141.572,0,355.54,-430.87,0,154.46,1.10,2500,0,0,0
526,8.77543,free_swing,509,336,619,229,-88.512,134.208,0,412.39,-389.68,0,153.46,0.45,2500,0,0,0
527,8.79212,free_swing,512,356,631,260,-80.969,128.894,0,496.06,-253.80,0,152.90,0.08,2500,0,0,0
528,8.8088,free_swing,518,379,645,291,-72.041,124.719,0,591.80,-154.95,0,154.51,1.14,2500,0,0,0
529,8.82548,free_swing,530,405,657,318,-61.239,124.413,0,643.53,-134.72,0,153.94,0.77,2500,0,0,0
530,8.84217,free_swing,546,428,678,352,-50.631,119.932,0,632.86,-230.43,0,152.32,0.30,2500,0,0,0
531,8.85885,free_swing,566,447,702,381,-40.147,115.887,0,595.53,-379.71,0,151.17,1.05,2500,0,0,0
532,8.87553,free_swing,587,460,731,414,-30.700,107.716,0,596.29,-483.75,0,151.17,1.05,2500,0,0,0
533,8.89222,free_swing,611,472,762,449,-20.376,98.661,0,642.23,-642.64,0,152.74,0.02,2500,0,0,0
534,8.9089,free_swing,640,480,793,489,-8.833,86.634,0,730.99,-837.44,0,153.26,0.32,2500,0,0,0
535,8.92558,free_swing,674,480,817,532,4.251,70.017,0,884.19,-1249.56,1,152.16,0.40,2500,1,0,0
536,8.94227,free_swing,713,473,823,574,19.525,47.442,0,1018.40,-1584.10,1,149.34,2.25,2500,1,0,0
537,8.95895,free_swing,757,452,799,591,38.073,16.813,0,978.69,-1556.99,0,145.21,4.95,2500,0,0,0
538,8.97563,free_swing,783,422,767,571,53.130,-6.129,0,781.61,-1236.84,1,149.86,1.91,2500,1,0,0
539,8.99232,free_swing,796,400,741,540,62.920,-21.448,0,554.49,-878.51,1,150.42,1.54,2500,1,0,0
540,9.009,free_swing,806,380,717,504,71.445,-35.669,0,433.97,-771.40,0,152.63,0.09,2500,0,0,0
541,9.02568,free_swing,811,362,698,465,78.541,-47.651,0,420.03,-685.96,0,152.90,0.08,2500,0,0,0
542,9.04237,free_swing,815,345,684,424,85.112,-58.908,0,461.08,-516.77,0,152.98,0.13,2500,0,0,0
543,9.05905,free_swing,816,322,677,385,93.740,-65.618,0,505.14,-396.94,0,152.61,0.11,2500,0,0,0
544,9.07573,free_swing,813,298,669,348,102.771,-70.852,0,507.94,-318.40,0,152.43,0.22,2500,0,0,0
545,9.09242,free_swing,809,278,659,312,110.298,-77.229,0,472.78,-306.27,0,153.81,0.68,2500,0,0,0
546,9.1091,free_swing,801,258,649,281,118.202,-81.396,0,456.87,-276.05,0,153.73,0.63,2500,0,0,0
547,9.12578,free_swing,790,240,636,251,125.920,-85.914,0,459.38,-245.48,0,154.39,1.06,2500,0,0,0
548,9.14247,free_swing,778,223,622,223,133.466,-90.000,0,461.23,-240.92,0,156.00,2.11,2500,0,0,0
549,9.15915,free_swing,763,208,609,197,141.116,-94.086,0,458.62,-246.17,0,154.39,1.06,2500,0,0,0
550,9.17583,free_swing,745,195,595,174,149.098,-97.970,0,457.45,-266.14,0,151.46,0.86,2500,0,0,0
551,9.19252,free_swing,727,186,578,151,156.329,-103.219,0,465.61,-294.12,0,153.06,0.19,2500,0,0,0
552,9.2092,free_swing,706,178,562,131,164.399,-108.076,0,483.31,-339.58,0,151.48,0.85,2500,0,0,0
553,9.22588,free_swing,683,173,545,111,172.831,-114.193,0,511.32,-400.00,0,151.29,0.97,2500,0,0,0
554,9.24257,free_swing,659,172,531,93,-178.568,-121.682,0,538.92,-464.96,0,150.42,1.54,2500,0,0,0
555,9.25925,free_swing,633,174,520,78,-169.249,-130.350,0,599.04,-596.51,0,148.27,2.94,2500,0,0,0
556,9.27593,free_swing,605,182,512,71,-158.860,-140.042,0,620.56,-693.85,0,144.81,5.21,2500,0,0,0
557,9.29262,free_swing,577,197,515,68,-147.501,-154.330,0,682.60,-763.15,0,143.13,6.31,2500,0,0,0
558,9.3093,free_swing,555,215,516,72,-137.291,-164.745,0,749.26,-655.75,0,148.22,2.98,2500,0,0,0
559,9.32598,free_swing,529,246,518,89,-122.692,-175.992,0,763.70,-453.59,1,157.38,3.02,2500,1,0,0
560,9.34267,free_swing,520,279,520,114,-110.336,180.000,0,738.73,-279.10,0,165.00,8.00,2500,0,0,0
561,9.35935,free_swing,509,307,520,144,-99.221,176.139,0,710.94,-71.19,1,163.37,6.94,2500,1,0,0
562,9.37603,free_swing,508,341,518,179,-86.677,176.468,0,781.86,123.36,0,162.31,6.24,2500,0,0,0
563,9.39272,free_swing,516,378,513,212,-72.624,-178.965,0,857.56,425.35,1,166.03,8.68,2500,1,0,0
564,9.4094,free_swing,532,413,502,251,-58.271,-169.509,0,899.28,718.90,1,164.75,7.84,2500,1,0,0
565,9.42608,free_swing,559,442,490,296,-43.394,-154.704,0,859.36,1033.96,1,161.48,5.70,2500,1,0,0
566,9.44277,free_swing,589,464,476,349,-29.275,-135.503,0,752.82,1286.63,1,161.23,5.53,2500,1,0,0
567,9.45945,free_swing,614,473,468,417,-19.163,-110.985,0,531.60,1554.45,1,156.37,2.36,2500,1,0,0
568,9.47613,free_swing,633,478,480,493,-11.611,-84.401,0,241.30,1841.75,1,153.73,0.63,2500,1,0,0
569,9.49282,free_swing,636,478,519,575,-10.477,-50.339,0,-61.98,2144.67,1,151.98,0.52,2500,1,0,0
570,9.5095,free_swing,629,479,593,624,-13.023,-13.943,0,-199.02,2175.38,0,149.40,2.21,2500,0,0,0
571,9.52618,free_swing,619,475,679,613,-17.103,23.499,0,-56.01,1968.62,1,150.48,1.50,2500,1,0,0
572,9.54287,free_swing,625,475,742,573,-14.882,50.050,0,211.70,1649.70,1,152.62,0.10,2500,1,0,0
573,9.55955,free_swing,641,478,790,511,-8.569,77.512,0,472.50,1370.67,1,152.61,0.11,2500,1,0,0
574,9.57623,free_swing,663,481,814,461,0.000,97.545,0,610.17,1210.27,0,152.32,0.30,2500,0,0,0
575,9.59292,free_swing,692,478,827,411,11.234,116.395,0,658.60,1010.29,0,150.71,1.35,2500,0,0,0
576,9.6096,free_swing,719,469,830,368,22.233,132.299,0,632.14,872.88,0,150.07,1.77,2500,0,0,0
577,9.62628,free_swing,741,459,827,335,31.557,145.257,0,539.57,671.18,1,150.90,1.22,2500,1,0,0
578,9.64297,free_swing,759,446,823,309,40.101,154.960,0,439.95,499.93,0,151.21,1.02,2500,0,0,0
579,9.65965,free_swing,771,435,819,290,46.357,161.684,0,331.61,353.22,0,152.74,0.02,2500,0,0,0
580,9.67633,free_swing,779,426,813,279,50.981,166.977,0,222.63,232.46,0,150.88,1.24,2500,0,0,0
581,9.69302,free_swing,783,420,810,270,53.746,169.796,0,121.08,134.89,0,152.41,0.24,2500,0,0,0
582,9.7097,free_swing,785,417,808,268,55.134,171.225,0,14.58,56.72,0,150.76,1.31,2500,0,0,0
583,9.72638,free_swing,784,419,806,267,54.284,171.764,0,-92.72,-14.22,0,153.58,0.53,2500,0,0,0
584,9.74307,free_swing,781,424,805,271,52.058,171.085,0,-182.01,-88.63,0,154.87,1.37,2500,0,0,0
585,9.75975,free_swing,774,431,805,278,48.270,168.546,0,-242.67,-165.17,0,156.11,2.18,2500,0,0,0
586,9.77643,free_swing,766,439,805,288,43.909,165.518,0,-301.64,-228.87,0,155.96,2.08,2500,0,0,0
587,9.79312,free_swing,756,449,807,302,38.480,160.866,0,-359.79,-320.85,0,155.60,1.85,2500,0,0,0
588,9.8098,free_swing,742,459,808,318,31.884,154.916,0,-412.29,-440.99,0,155.68,1.91,2500,0,0,0
589,9.82648,free_swing,725,467,812,338,24.667,146.004,0,-445.19,-564.56,0,155.60,1.85,2500,0,0,0
590,9.84317,free_swing,707,474,815,363,17.216,135.785,0,-463.57,-701.80,0,154.87,1.37,2500,0,0,0
591,9.85985,free_swing,687,478,816,394,9.335,123.071,0,-471.72,-819.45,0,153.94,0.76,2500,0,0,0
592,9.87653,free_swing,667,481,813,434,1.538,107.844,0,-458.16,-970.05,0,153.38,0.40,2500,0,0,0
593,9.89322,free_swing,648,480,799,477,-5.787,91.138,0,-408.32,-1107.92,0,151.03,1.14,2500,0,0,0
594,9.9099,free_swing,632,477,775,527,-12.068,70.728,0,-335.59,-1279.37,0,151.49,0.84,2500,0,0,0
595,9.92658,free_swing,620,474,734,573,-16.847,49.028,0,-243.81,-1384.98,0,150.99,1.17,2500,0,0,0
596,9.94327,free_swing,611,472,671,606,-20.376,24.121,0,-167.63,-1435.54,0,146.82,3.90,2500,0,0,0
597,9.95995,free_swing,606,470,610,621,-22.443,1.517,0,-114.43,-1458.79,0,151.05,1.12,2500,0,0,0
598,9.97663,free_swing,601,468,541,607,-24.507,-23.348,0,-114.75,-1408.99,0,151.40,0.90,2500,0,0,0
599,9.99332,free_swing,596,467,487,571,-26.395,-46.345,0,-167.97,-1300.74,0,150.66,1.38,2500,0,0,0
600,10.01,free_swing,588,461,450,522,-30.174,-66.153,0,-262.49,-1099.94,1,150.88,1.24,2500,1,0,0
601,10.02668,free_swing,577,454,425,473,-35.181,-82.875,0,-353.17,-936.07,0,153.18,0.27,2500,0,0,0
602,10.04337,free_swing,563,443,413,424,-42.016,-97.219,0,-403.09,-795.30,0,151.20,1.03,2500,0,0,0
603,10.06005,free_swing,550,431,404,379,-48.778,-109.604,0,-452.70,-647.14,0,154.98,1.45,2500,0,0,0
604,10.07673,free_swing,538,415,403,340,-56.416,-119.055,0,-471.43,-506.36,0,154.43,1.09,2500,0,0,0
605,10.09342,free_swing,527,395,403,305,-65.145,-125.972,0,-502.66,-355.33,0,153.22,0.29,2500,0,0,0
606,10.1101,free_swing,520,376,404,274,-72.897,-131.326,0,-524.98,-211.67,0,154.47,1.11,2500,0,0,0
607,10.12678,free_swing,515,352,403,247,-82.304,-133.152,0,-547.55,-67.09,0,153.52,0.49,2500,0,0,0
608,10.14347,free_swing,513,328,403,224,-91.528,-133.394,0,-558.07,47.11,0,151.38,0.91,2500,0,0,0
609,10.16015,free_swing,514,304,402,204,-100.643,-131.760,0,-517.98,119.49,0,150.15,1.72,2500,0,0,0
610,10.17683,free_swing,518,282,402,187,-109.026,-129.316,0,-493.88,207.15,0,149.94,1.86,2500,0,0,0
611,10.19352,free_swing,525,262,403,176,-116.896,-125.181,0,-493.74,310.04,0,149.26,2.30,2500,0,0,0
612,10.2102,free_swing,535,241,404,168,-125.410,-119.129,0,-501.95,388.06,0,149.97,1.84,2500,0,0,0
613,10.22688,free_swing,549,222,410,166,-133.977,-111.943,0,-499.42,418.62,0,149.86,1.91,2500,0,0,0
614,10.24357,free_swing,565,207,420,167,-141.904,-105.422,0,-485.97,430.36,0,150.42,1.54,2500,0,0,0
615,10.26025,free_swing,583,194,431,172,-149.899,-98.236,0,-462.89,412.76,0,153.58,0.53,2500,0,0,0
616,10.27693,free_swing,602,184,446,181,-157.600,-91.102,0,-425.82,369.58,0,156.03,2.13,2500,0,0,0
617,10.29362,free_swing,619,178,465,189,-164.055,-85.914,0,-374.92,314.83,0,154.39,1.06,2500,0,0,0
618,10.3103,free_swing,635,174,484,198,-169.951,-80.969,0,-342.41,293.43,0,152.90,0.08,2500,0,0,0
619,10.32698,free_swing,650,172,502,210,-175.355,-75.600,0,-303.92,332.87,0,152.80,0.02,2500,0,0,0
620,10.34367,free_swing,664,172,519,225,179.642,-69.922,0,-257.03,376.23,0,154.38,1.05,2500,0,0,0
621,10.36035,free_swing,673,172,536,243,176.424,-62.605,0,-190.57,448.32,0,154.30,1.00,2500,0,0,0
622,10.37703,free_swing,681,172,553,263,173.581,-54.590,0,-80.57,603.08,0,157.05,2.80,2500,0,0,0
623,10.39372,free_swing,682,172,574,287,173.228,-43.202,0,54.50,788.63,0,157.76,3.27,2500,0,0,0
624,10.4104,free_swing,675,172,602,312,175.711,-27.539,0,197.54,1004.40,1,157.89,3.35,2500,1,0,0
625,10.42708,free_swing,664,172,635,327,179.642,-10.597,0,268.11,1083.84,0,157.69,3.22,2500,0,0,0
626,10.44377,free_swing,650,172,675,328,-175.355,9.105,0,299.18,1088.27,0,157.99,3.42,2500,0,0,0
627,10.46045,free_swing,637,173,705,316,-170.713,25.432,0,304.07,1071.47,0,158.34,3.65,2500,0,0,0
628,10.47713,free_swing,622,177,730,289,-165.184,43.958,0,315.55,1061.11,0,155.59,1.84,2500,0,0,0
629,10.49382,free_swing,609,181,744,254,-160.322,61.598,0,322.27,1083.41,0,153.47,0.46,2500,0,0,0
630,10.5105,free_swing,594,187,745,215,-154.552,79.495,0,303.98,1026.82,0,153.57,0.53,2500,0,0,0
631,10.52718,free_swing,583,194,735,177,-149.899,96.382,0,280.43,982.93,0,152.95,0.12,2500,0,0,0
632,10.54387,free_swing,573,201,715,144,-145.510,111.871,0,249.21,939.96,0,153.01,0.16,2500,0,0,0
633,10.56055,free_swing,564,208,684,115,-141.397,127.776,0,247.68,929.35,0,151.82,0.62,2500,0,0,0
634,10.57723,free_swing,555,215,646,94,-137.291,143.054,0,250.37,906.85,0,151.40,0.90,2500,0,0,0
635,10.59392,free_swing,547,224,603,83,-132.955,158.339,0,262.02,890.96,0,151.71,0.69,2500,0,0,0
636,10.6106,free_swing,539,233,558,82,-128.603,172.828,0,264.54,949.29,0,152.19,0.38,2500,0,0,0
637,10.62728,free_swing,531,243,507,97,-123.990,-170.665,0,269.37,1019.94,0,147.96,3.15,2500,0,0,0
638,10.64397,free_swing,526,254,458,124,-119.655,-152.387,0,277.72,1059.69,0,146.71,3.97,2500,0,0,0
639,10.66065,free_swing,521,267,415,160,-114.596,-135.269,0,312.00,1053.06,0,150.62,1.41,2500,0,0,0
640,10.67733,free_swing,517,281,383,210,-109.255,-117.917,0,359.80,1067.01,0,151.65,0.74,2500,0,0,0
641,10.69402,free_swing,512,299,363,273,-102.328,-99.898,0,433.39,1065.35,0,151.25,0.99,2500,0,0,0
642,10.7107,free_swing,509,319,360,340,-94.825,-81.978,0,535.09,998.46,0,150.47,1.50,2500,0,0,0
643,10.72738,free_swing,510,346,372,405,-84.772,-66.852,0,614.68,898.13,0,150.08,1.76,2500,0,0,0
644,10.74407,free_swing,517,375,397,466,-73.589,-52.826,0,705.87,760.71,0,150.60,1.42,2500,0,0,0
645,10.76075,free_swing,528,404,430,518,-61.928,-40.684,0,777.65,615.50,0,150.33,1.60,2500,0,0,0
646,10.77743,free_swing,551,434,470,562,-47.675,-32.326,0,851.63,467.84,0,151.48,0.85,2500,0,0,0
647,10.79412,free_swing,580,458,516,595,-33.374,-25.040,0,886.42,417.18,0,151.21,1.02,2500,0,0,0
648,10.8108,free_swing,615,475,568,618,-18.555,-18.194,0,862.58,448.00,0,150.53,1.47,2500,0,0,0
649,10.82748,free_swing,651,481,626,630,-4.604,-9.525,0,811.67,525.60,0,151.08,1.11,2500,0,0,0
650,10.84417,free_swing,685,481,684,631,8.399,-0.382,0,733.80,675.06,0,150.00,1.81,2500,0,0,0
651,10.86085,free_swing,714,473,745,620,19.885,11.908,0,658.32,781.35,0,150.23,1.66,2500,0,0,0
652,10.87753,free_swing,739,461,807,596,30.504,26.735,0,613.63,841.48,0,151.16,1.06,2500,0,0,0
653,10.89422,free_swing,760,446,855,562,40.394,39.316,0,613.59,803.33,0,149.94,1.86,2500,0,0,0
654,10.9109,free_swing,779,426,900,518,50.981,52.753,0,640.79,706.96,0,152.00,0.50,2500,0,0,0
655,10.92758,free_swing,796,403,930,469,61.905,63.778,0,666.85,613.65,0,149.37,2.22,2500,0,0,0
656,10.94427,free_swing,808,376,946,419,73.120,72.693,0,653.41,523.81,0,144.54,5.39,2500,0,0,0
657,10.96095,free_swing,814,348,,,83.951,,1,645.80,,0,,,2500,0,0,0
658,10.97763,free_swing,816,321,,,94.112,,1,623.74,,0,,,2500,0,0,0
659,10.99432,free_swing,812,292,,,105.027,,1,595.38,,0,,,2500,0,0,0
660,11.011,free_swing,805,268,945,225,114.261,107.074,0,570.60,472.27,0,146.45,4.13,2500,0,0,0
661,11.02768,free_swing,794,245,929,185,123.589,113.962,0,564.88,419.09,0,147.73,3.30,2500,0,0,0
662,11.04437,free_swing,778,224,905,147,133.202,121.228,0,567.35,410.01,0,148.52,2.78,2500,0,0,0
663,11.06105,free_swing,759,205,877,115,142.914,127.333,0,559.19,403.92,0,148.40,2.86,2500,0,0,0
664,11.07773,free_swing,739,192,844,87,151.504,135.000,0,545.61,367.35,0,148.49,2.80,2500,0,0,0
665,11.09442,free_swing,715,181,810,66,160.998,140.440,0,537.71,383.49,0,149.16,2.36,2500,0,0,0
666,11.1111,free_swing,692,174,773,50,169.599,146.846,0,512.00,472.84,0,148.11,3.05,2500,0,0,0
667,11.12778,free_swing,669,171,729,34,177.866,156.349,0,445.59,589.39,0,149.56,2.10,2500,0,0,0
668,11.14447,free_swing,650,171,682,26,-175.384,167.555,0,384.08,687.92,0,148.49,2.80,2500,0,0,0
669,11.16115,free_swing,634,174,639,25,-169.599,178.078,0,324.34,659.02,0,149.08,2.41,2500,0,0,0
670,11.17783,free_swing,620,177,590,31,-164.495,-168.389,0,272.28,799.18,0,149.05,2.44,2500,0,0,0
671,11.19452,free_swing,609,180,554,48,-160.442,-157.380,0,207.79,1021.53,1,143.00,6.40,2500,1,0,0
672,11.2112,free_swing,602,184,495,78,-157.600,-134.731,0,131.82,1125.35,0,150.62,1.41,2500,0,0,0
673,11.22788,free_swing,598,187,464,122,-155.854,-115.877,0,76.29,1241.11,0,148.93,2.51,2500,0,0,0
674,11.24457,free_swing,596,188,449,168,-155.048,-97.748,0,53.22,1276.82,0,148.35,2.89,2500,0,0,0
675,11.26125,free_swing,593,189,445,236,-153.918,-72.382,0,76.56,1404.45,0,155.28,1.64,2500,0,0,0
676,11.27793,free_swing,589,190,471,292,-152.475,-49.160,0,119.42,1452.60,0,155.97,2.10,2500,0,0,0
677,11.29462,free_swing,583,194,516,331,-149.899,-26.061,0,152.56,1426.70,0,152.51,0.17,2500,0,0,0
678,11.3113,free_swing,577,198,573,357,-147.308,-1.441,0,173.28,1422.66,0,159.05,4.11,2500,0,0,0
679,11.32798,free_swing,571,203,630,349,-144.504,22.004,0,165.84,1360.31,0,157.47,3.08,2500,0,0,0
680,11.34467,free_swing,565,207,671,321,-141.904,42.917,0,110.47,1224.54,0,155.67,1.90,2500,0,0,0
681,11.36135,free_swing,562,209,699,279,-140.609,62.935,0,18.06,1064.27,0,153.85,0.70,2500,0,0,0
682,11.37803,free_swing,564,207,712,236,-141.621,78.914,0,-80.31,908.69,0,150.81,1.28,2500,0,0,0
683,11.39472,free_swing,568,204,722,197,-143.418,92.603,0,-165.02,767.73,0,154.16,0.91,2500,0,0,0
684,11.4114,free_swing,575,198,723,158,-146.706,105.124,0,-229.12,697.18,0,153.31,0.35,2500,0,0,0
685,11.42808,free_swing,586,192,721,126,-151.189,116.053,0,-277.47,657.25,0,150.27,1.64,2500,0,0,0
686,11.44477,free_swing,598,186,717,96,-156.001,127.100,0,-300.79,655.79,0,149.20,2.34,2500,0,0,0
687,11.46145,free_swing,611,180,709,70,-161.114,138.302,0,-334.56,704.65,0,147.32,3.57,2500,0,0,0
688,11.47813,free_swing,627,176,699,49,-167.005,150.450,0,-374.91,766.71,0,145.99,4.44,2500,0,0,0
689,11.49482,free_swing,646,172,687,29,-173.935,164.002,0,-434.65,820.57,0,148.76,2.62,2500,0,0,0
690,11.5115,free_swing,666,171,671,22,178.933,178.078,0,-468.16,886.56,0,149.08,2.41,2500,0,0,0
691,11.52818,free_swing,690,174,657,26,170.303,-167.430,0,-473.76,888.72,0,151.63,0.74,2500,0,0,0
692,11.54487,free_swing,710,179,638,46,162.924,-151.571,0,-466.61,844.97,0,151.24,1.00,2500,0,0,0
693,11.56155,free_swing,730,187,629,70,155.200,-139.198,0,-465.66,788.50,0,154.56,1.17,2500,0,0,0
694,11.57823,free_swing,749,198,624,106,147.308,-126.353,0,-478.77,728.60,0,155.21,1.59,2500,0,0,0
695,11.59492,free_swing,767,212,624,149,139.086,-113.776,0,-458.72,729.87,0,156.26,2.29,2500,0,0,0
696,11.6116,free_swing,781,227,630,193,131.664,-102.689,0,-461.42,676.04,0,154.78,1.32,2500,0,0,0
697,11.62828,free_swing,793,244,640,242,124.095,-90.749,0,-509.00,654.18,0,153.01,0.16,2500,0,0,0
698,11.64497,free_swing,805,267,652,291,114.596,-81.085,0,-596.39,618.66,0,154.87,1.37,2500,0,0,0
699,11.66165,free_swing,813,294,669,347,104.216,-69.794,0,-615.76,611.36,0,153.44,0.44,2500,0,0,0
700,11.67833,free_swing,816,323,682,399,93.366,-60.440,0,-615.32,648.63,0,154.05,0.84,2500,0,0,0
701,11.69502,free_swing,815,348,697,454,83.991,-48.066,0,-662.69,710.90,0,158.62,3.83,2500,0,0,0
702,11.7117,free_swing,807,381,715,512,71.208,-35.080,0,-831.92,986.17,1,160.08,4.78,2500,1,0,0
703,11.72838,free_swing,787,415,740,566,56.203,-17.289,0,-1043.93,1323.68,1,158.15,3.52,2500,1,0,0
704,11.74507,free_swing,,,774,603,,,1,,,0,,,2500,0,0,0
705,11.76175,free_swing,,,797,586,,,1,,,0,,,2500,0,0,0
706,11.77843,free_swing,656,481,790,546,-2.690,64.123,0,-1007.87,1246.32,0,148.93,2.51,2500,0,0,0
707,11.79512,free_swing,621,475,771,505,-16.368,78.690,0,-817.38,820.71,1,152.97,0.13,2500,1,0,0
708,11.8118,free_swing,589,463,744,465,-29.461,89.261,0,-679.72,494.50,1,155.01,1.47,2500,1,0,0
709,11.82848,free_swing,566,447,718,430,-40.147,96.382,0,-686.09,312.60,0,152.95,0.12,2500,0,0,0
710,11.84517,free_swing,544,426,694,399,-51.694,100.204,0,-740.00,50.54,1,152.41,0.24,2500,1,0,0
711,11.86185,free_swing,525,396,676,372,-65.120,99.031,0,-798.04,-101.86,0,152.90,0.08,2500,0,0,0
712,11.87853,free_swing,513,362,667,348,-78.690,95.194,0,-774.03,-194.03,0,154.64,1.22,2500,0,0,0
713,11.89522,free_swing,509,330,663,319,-90.744,94.086,0,-715.91,-218.21,0,154.39,1.06,2500,0,0,0
714,11.9119,free_swing,511,299,666,303,-102.249,88.522,0,-700.08,-254.74,0,155.05,1.49,2500,0,0,0
715,11.92858,free_swing,520,269,675,283,-113.776,84.839,0,-673.92,-248.22,0,155.63,1.87,2500,0,0,0
716,11.94527,free_swing,534,241,687,265,-125.200,81.085,0,-596.17,-118.48,0,154.87,1.37,2500,0,0,0
717,11.96195,free_swing,548,222,701,248,-133.727,80.356,0,-505.58,-16.77,0,155.19,1.59,2500,0,0,0
718,11.97863,free_swing,563,207,718,231,-141.340,81.198,0,-430.19,79.19,0,156.85,2.67,2500,0,0,0
719,11.99532,free_swing,579,195,733,215,-148.486,82.600,0,-373.69,125.66,0,155.29,1.65,2500,0,0,0
720,12.012,free_swing,592,187,747,200,-153.911,85.206,0,-295.54,163.52,0,155.54,1.82,2500,0,0,0
721,12.02868,free_swing,603,184,760,189,-157.932,88.176,0,-193.20,202.31,0,157.08,2.82,2500,0,0,0
722,12.04537,free_swing,610,181,767,177,-160.659,91.459,0,-89.12,197.75,0,157.05,2.80,2500,0,0,0
723,12.06205,free_swing,611,181,769,167,-160.998,95.064,0,1.70,170.99,0,158.62,3.83,2500,0,0,0
724,12.07873,free_swing,609,181,764,162,-160.322,96.988,0,67.14,116.37,0,156.16,2.22,2500,0,0,0
725,12.09542,free_swing,606,183,760,159,-159.066,98.858,0,103.50,78.78,0,155.86,2.02,2500,0,0,0
726,12.1121,free_swing,600,185,753,159,-156.801,99.644,0,157.96,64.27,0,155.19,1.59,2500,0,0,0
727,12.12878,free_swing,593,189,744,160,-153.918,100.871,0,217.73,30.37,0,153.76,0.65,2500,0,0,0
728,12.14547,free_swing,582,194,735,164,-149.589,101.094,0,262.10,-1.16,0,155.91,2.06,2500,0,0,0
729,12.16215,free_swing,571,201,726,172,-144.920,100.597,0,296.86,-30.21,0,157.69,3.22,2500,0,0,0
730,12.17883,free_swing,560,210,714,182,-139.827,100.305,0,338.72,-4.50,0,156.52,2.46,2500,0,0,0
731,12.19552,free_swing,548,222,701,194,-133.727,100.371,0,400.00,33.12,0,155.54,1.81,2500,0,0,0
732,12.2122,free_swing,535,238,688,206,-126.293,101.813,0,458.87,83.56,0,156.31,2.32,2500,0,0,0
733,12.22888,free_swing,523,257,675,221,-118.179,103.325,0,528.82,159.50,0,156.20,2.25,2500,0,0,0
734,12.24557,free_swing,514,281,664,235,-108.895,107.049,0,630.32,295.95,0,156.89,2.70,2500,0,0,0
735,12.26225,free_swing,509,312,653,251,-97.400,112.958,0,717.72,427.44,0,156.39,2.37,2500,0,0,0
736,12.27893,free_swing,511,347,644,264,-84.364,121.967,0,782.61,535.05,0,156.77,2.62,2500,0,0,0
737,12.29562,free_swing,518,380,637,278,-71.684,130.601,0,826.02,635.20,0,156.73,2.59,2500,0,0,0
738,12.3123,free_swing,536,414,631,290,-57.151,142.543,0,872.01,734.30,0,156.21,2.25,2500,0,0,0
739,12.32898,free_swing,561,444,626,300,-42.325,155.706,0,902.04,833.32,0,157.99,3.42,2500,0,0,0
740,12.34567,free_swing,594,466,621,311,-27.245,170.119,0,892.45,892.31,0,157.33,2.99,2500,0,0,0
741,12.36235,free_swing,630,479,615,323,-12.653,-174.508,0,881.39,979.47,0,156.72,2.58,2500,0,0,0
742,12.37903,free_swing,668,482,608,338,1.909,-157.380,0,849.95,1069.78,0,156.00,2.11,2500,0,0,0
743,12.39572,free_swing,704,476,601,360,15.893,-138.397,0,814.19,1190.56,0,155.13,1.54,2500,0,0,0
744,12.4124,free_swing,735,464,599,391,28.610,-118.225,0,740.51,1289.68,0,154.35,1.04,2500,0,0,0
745,12.42908,free_swing,760,445,608,431,40.643,-95.262,0,628.51,1346.90,0,152.64,0.08,2500,0,0,0
746,12.44577,free_swing,777,428,635,472,49.899,-72.784,0,518.85,1394.15,0,148.66,2.69,2500,0,0,0
747,12.46245,free_swing,789,413,674,511,57.265,-49.563,0,417.03,1448.96,0,151.09,1.10,2500,0,0,0
748,12.47913,free_swing,798,398,735,537,63.947,-24.382,0,318.97,1506.90,0,152.61,0.11,2500,0,0,0
749,12.49582,free_swing,803,388,807,540,68.199,1.507,0,171.44,1602.58,0,152.05,0.47,2500,0,0,0
750,12.5125,free_swing,805,384,874,518,69.887,27.245,0,28.65,1593.96,0,150.72,1.34,2500,0,0,0
751,12.52918,free_swing,804,385,929,469,69.399,56.099,0,2.81,1579.59,0,150.60,1.42,2500,0,0,0
752,12.54587,free_swing,804,384,947,412,69.756,78.921,0,81.21,1467.52,0,145.72,4.62,2500,0,0,0
753,12.56255,free_swing,807,377,947,341,72.646,104.421,0,195.39,1296.87,0,144.55,5.38,2500,0,0,0
754,12.57923,free_swing,810,367,934,285,76.608,123.476,0,286.29,1155.26,0,148.66,2.69,2500,0,0,0
755,12.59592,free_swing,814,354,906,238,81.711,141.582,0,340.68,987.02,0,148.05,3.09,2500,0,0,0
756,12.6126,free_swing,815,337,872,201,88.116,157.261,0,383.45,917.31,0,147.46,3.48,2500,0,0,0
757,12.62928,free_swing,815,320,836,172,94.514,171.924,0,418.56,815.61,0,149.48,2.15,2500,0,0,0
758,12.64597,free_swing,814,301,801,152,101.602,-175.014,0,424.09,749.01,0,149.57,2.10,2500,0,0,0
759,12.66265,free_swing,809,281,767,139,109.255,-163.523,0,446.10,683.73,0,148.08,3.07,2500,0,0,0
760,12.67933,free_swing,804,263,733,129,116.075,-152.083,0,470.08,620.48,0,151.65,0.74,2500,0,0,0
761,12.69602,free_swing,793,242,701,122,124.695,-142.524,0,486.95,544.27,0,151.21,1.02,2500,0,0,0
762,12.7127,free_swing,779,224,671,119,132.955,-134.193,0,499.98,463.68,0,150.63,1.40,2500,0,0,0
763,12.72938,free_swing,763,209,642,118,140.889,-126.946,0,492.06,412.40,0,151.40,0.90,2500,0,0,0
764,12.74607,free_swing,744,195,613,118,149.407,-120.446,0,514.85,366.93,0,151.95,0.53,2500,0,0,0
765,12.76275,free_swing,723,184,586,121,157.932,-114.696,0,506.69,311.15,0,150.79,1.30,2500,0,0,0
766,12.77943,free_swing,700,176,559,125,166.657,-109.885,0,490.41,250.69,0,149.94,1.85,2500,0,0,0
767,12.79612,free_swing,680,173,533,130,173.897,-106.305,0,465.25,215.65,0,153.16,0.25,2500,0,0,0
768,12.8128,free_swing,657,172,509,138,-177.852,-102.938,0,442.37,192.82,0,151.86,0.60,2500,0,0,0
769,12.82948,free_swing,638,174,487,149,-171.009,-99.401,0,429.93,181.95,0,153.06,0.19,2500,0,0,0
770,12.84617,free_swing,619,178,467,160,-164.055,-96.754,0,400.12,181.18,0,153.06,0.19,2500,0,0,0
771,12.86285,free_swing,602,184,448,175,-157.600,-93.345,0,349.15,227.69,0,154.26,0.98,2500,0,0,0
772,12.87953,free_swing,589,191,436,194,-152.308,-88.877,0,248.04,341.95,0,153.03,0.17,2500,0,0,0
773,12.89622,free_swing,582,195,430,216,-149.407,-82.134,0,141.14,464.30,0,153.44,0.44,2500,0,0,0
774,12.9129,free_swing,578,197,430,242,-147.804,-73.088,0,49.48,574.32,0,154.69,1.26,2500,0,0,0
775,12.92958,free_swing,577,198,439,268,-147.308,-63.104,0,6.17,647.35,0,154.74,1.29,2500,0,0,0
776,12.94627,free_swing,578,197,455,294,-147.804,-51.740,0,-25.41,695.14,0,156.65,2.54,2500,0,0,0
777,12.96295,free_swing,578,197,478,317,-147.804,-39.806,0,-24.26,737.32,0,156.20,2.25,2500,0,0,0
778,12.97963,free_swing,580,196,507,337,-148.605,-27.372,0,-9.53,767.98,0,158.78,3.93,2500,0,0,0
779,12.99632,free_swing,579,196,540,349,-148.299,-14.300,0,1.50,787.65,0,157.89,3.35,2500,0,0,0
780,13.013,free_swing,579,196,576,354,-148.299,-1.088,0,8.00,777.43,0,158.03,3.44,2500,0,0,0
781,13.02968,free_swing,579,196,611,351,-148.299,11.665,0,-17.12,769.33,0,158.27,3.60,2500,0,0,0
782,13.04637,free_swing,580,195,644,340,-148.791,23.816,0,-42.93,715.05,0,158.50,3.75,2500,0,0,0
783,13.06305,free_swing,583,194,676,322,-149.899,36.001,0,-84.27,616.49,0,158.22,3.57,2500,0,0,0
784,13.07973,free_swing,587,192,697,304,-151.504,44.484,0,-122.24,503.61,0,156.98,2.76,2500,0,0,0
785,13.09642,free_swing,593,188,716,284,-154.075,52.028,0,-164.43,404.20,0,156.03,2.13,2500,0,0,0
786,13.1131,free_swing,600,184,734,266,-156.942,58.536,0,-201.92,338.56,0,157.10,2.83,2500,0,0,0
787,13.12978,free_swing,610,180,750,250,-160.777,63.435,0,-235.30,268.72,0,156.52,2.46,2500,0,0,0
788,13.14647,free_swing,621,177,766,238,-164.839,67.184,0,-268.20,202.18,0,157.31,2.97,2500,0,0,0
789,13.16315,free_swing,634,174,781,226,-169.599,70.519,0,-289.08,148.08,0,155.93,2.07,2500,0,0,0
790,13.17983,free_swing,648,172,798,220,-174.644,72.255,0,-317.50,109.25,0,157.49,3.09,2500,0,0,0
791,13.19652,free_swing,663,172,815,216,180.000,73.856,0,-339.30,77.13,0,158.24,3.58,2500,0,0,0
792,13.2132,free_swing,680,173,833,213,173.897,75.349,0,-370.67,77.12,0,158.14,3.52,2500,0,0,0
793,13.22988,free_swing,697,176,852,214,167.705,76.225,0,-392.37,73.30,0,159.59,4.46,2500,0,0,0
794,13.24657,free_swing,716,181,871,214,160.659,77.981,0,-427.68,97.65,0,158.47,3.73,2500,0,0,0
795,13.26325,free_swing,734,189,890,218,153.595,79.469,0,-465.92,114.65,0,158.67,3.86,2500,0,0,0
796,13.27993,free_swing,754,202,909,223,145.008,82.284,0,-495.63,151.52,0,156.42,2.39,2500,0,0,0
797,13.29662,free_swing,772,217,928,231,136.534,84.872,0,-573.13,297.96,0,156.63,2.52,2500,0,0,0
798,13.3133,free_swing,789,238,942,235,126.724,91.123,0,-666.97,498.30,1,153.03,0.17,2500,1,0,0
799,13.32998,free_swing,804,269,946,240,114.075,101.543,0,-743.69,611.32,0,144.93,5.13,2500,0,0,0
800,13.34667,free_swing,814,301,948,248,101.602,111.580,0,-742.99,481.42,0,144.10,5.68,2500,0,0,0
801,13.36335,free_swing,816,333,947,265,89.626,117.433,0,-710.85,240.02,1,147.60,3.39,2500,1,0,0
802,13.38003,free_swing,809,363,943,290,78.012,118.580,0,-719.59,37.76,1,152.59,0.12,2500,1,0,0
803,13.39672,free_swing,798,393,933,320,65.684,118.402,0,-754.57,-115.92,0,153.47,0.46,2500,0,0,0
804,13.4134,free_swing,781,421,920,356,52.975,115.062,0,-754.15,-333.40,1,153.45,0.44,2500,1,0,0
805,13.43008,free_swing,759,445,905,399,40.350,107.488,0,-695.38,-605.65,1,153.08,0.20,2500,1,0,0
806,13.44677,free_swing,736,460,887,449,29.697,94.167,0,-639.57,-888.65,1,151.40,0.90,2500,1,0,0
807,13.46345,free_swing,713,471,859,502,19.784,78.012,0,-586.86,-1167.27,1,149.25,2.30,2500,1,0,0
808,13.48013,free_swing,688,478,812,561,9.717,56.203,0,-523.62,-1382.63,1,149.21,2.33,2500,1,0,0
809,13.49682,free_swing,668,481,745,608,1.922,31.228,0,-439.56,-1546.71,0,148.52,2.78,2500,0,0,0
810,13.5135,free_swing,651,481,666,630,-4.604,5.749,0,-380.25,-1561.86,0,149.75,1.98,2500,0,0,0
811,13.53018,free_swing,634,479,580,620,-11.160,-20.956,0,-403.05,-1573.64,0,150.99,1.17,2500,0,0,0
812,13.54687,free_swing,616,474,509,582,-18.314,-44.734,0,-489.39,-1384.69,0,152.03,0.49,2500,0,0,0
813,13.56355,free_swing,594,465,454,520,-27.420,-68.552,0,-615.11,-1060.36,1,150.42,1.54,2500,1,0,0
814,13.58023,free_swing,569,449,420,475,-38.779,-80.102,0,-720.74,-736.02,1,151.25,0.99,2500,1,0,0
815,13.59692,free_swing,546,425,396,422,-51.520,-91.146,0,-765.30,-489.12,1,150.03,1.79,2500,1,0,0
816,13.6136,free_swing,528,398,377,375,-63.947,-98.661,0,-723.60,-415.82,0,152.74,0.02,2500,0,0,0
817,13.63028,free_swing,515,369,368,332,-75.964,-104.128,0,-700.83,-258.35,0,151.58,0.78,2500,0,0,0
818,13.64697,free_swing,509,342,366,294,-86.285,-108.555,0,-678.20,-156.93,0,150.84,1.26,2500,0,0,0
819,13.66365,free_swing,512,310,369,258,-98.289,-109.983,0,-570.74,-190.11,0,152.16,0.40,2500,0,0,0
820,13.68033,free_swing,515,289,377,227,-106.201,-114.193,0,-353.00,-402.08,1,151.29,0.97,2500,1,0,0
821,13.69702,free_swing,516,280,391,196,-109.481,-123.901,0,-103.84,-684.87,1,150.60,1.42,2500,1,0,0
822,13.7137,free_swing,516,280,414,169,-109.481,-137.420,0,37.57,-847.49,0,150.75,1.32,2500,0,0,0
823,13.73038,free_swing,515,282,444,149,-108.667,-151.905,0,91.73,-897.03,0,150.76,1.31,2500,0,0,0
824,13.74707,free_swing,513,287,478,140,-106.699,-166.608,0,115.05,-881.38,0,151.11,1.09,2500,0,0,0
825,13.76375,free_swing,512,292,516,141,-104.837,178.483,0,137.42,-856.14,0,151.05,1.12,2500,0,0,0
826,13.78043,free_swing,511,299,551,152,-102.249,164.778,0,164.81,-854.18,0,152.35,0.28,2500,0,0,0
827,13.79712,free_swing,511,307,586,175,-99.340,150.396,0,195.44,-877.43,0,151.82,0.62,2500,0,0,0
828,13.8138,free_swing,510,317,615,212,-95.599,135.000,0,223.20,-956.53,0,148.49,2.80,2500,0,0,0
829,13.83048,free_swing,509,327,642,252,-91.860,119.419,0,260.45,-936.81,0,152.69,0.05,2500,0,0,0
830,13.84717,free_swing,511,340,658,307,-86.987,102.653,0,314.14,-876.45,0,150.66,1.38,2500,0,0,0
831,13.86385,free_swing,513,355,666,354,-81.283,90.374,0,372.69,-845.62,0,153.00,0.15,2500,0,0,0
832,13.88053,free_swing,517,373,666,411,-74.314,75.693,0,440.57,-826.85,0,153.77,0.65,2500,0,0,0
833,13.89722,free_swing,524,392,661,469,-66.652,60.662,0,512.41,-873.73,0,157.16,2.87,2500,0,0,0
834,13.9139,free_swing,537,415,651,523,-56.626,46.548,0,662.26,-984.44,0,157.04,2.79,2500,0,0,0
835,13.93058,free_swing,557,438,631,576,-45.000,28.202,0,894.79,-1331.87,1,156.59,2.50,2500,1,0,0
836,13.94727,free_swing,593,465,602,616,-27.759,3.411,0,1059.12,-1652.91,1,151.27,0.98,2500,1,0,0
837,13.96395,free_swing,640,478,571,612,-8.952,-27.245,0,1040.22,-1613.28,0,150.72,1.34,2500,0,0,0
838,13.98063,free_swing,680,480,564,573,6.553,-51.280,0,840.14,-1280.83,1,148.68,2.68,2500,1,0,0
839,13.99732,free_swing,710,473,569,531,18.435,-67.640,0,651.02,-896.00,1,152.46,0.20,2500,1,0,0
840,14.014,free_swing,734,464,584,487,28.275,-81.283,0,554.76,-694.81,1,151.75,0.67,2500,1,0,0
841,14.03068,free_swing,753,450,601,446,37.333,-91.507,0,522.49,-579.31,0,152.05,0.47,2500,0,0,0
842,14.04737,free_swing,771,436,621,409,46.081,-100.204,0,550.68,-403.69,0,152.41,0.24,2500,0,0,0
843,14.06405,free_swing,787,418,641,375,55.257,-106.411,0,573.53,-281.38,0,152.20,0.37,2500,0,0,0
844,14.08073,free_swing,801,394,655,345,65.807,-108.553,0,582.87,-192.40,0,154.00,0.81,2500,0,0,0
845,14.09742,free_swing,810,372,670,313,74.778,-112.852,0,593.94,-133.70,0,151.92,0.55,2500,0,0,0
846,14.1141,free_swing,815,346,677,283,84.738,-114.538,0,603.86,-93.89,0,151.70,0.70,2500,0,0,0
847,14.13078,free_swing,818,318,681,253,95.161,-115.382,0,549.18,-115.15,0,151.64,0.74,2500,0,0,0
848,14.14747,free_swing,815,294,682,224,104.036,-117.759,0,480.65,-200.37,0,150.30,1.62,2500,0,0,0
849,14.16415,free_swing,811,278,681,193,110.045,-123.179,0,453.36,-257.00,0,155.32,1.67,2500,0,0,0
850,14.18083,free_swing,801,255,678,164,119.160,-126.495,0,469.89,-279.43,0,153.00,0.15,2500,0,0,0
851,14.19752,free_swing,789,237,675,136,127.015,-131.540,0,519.71,-318.53,0,152.31,0.30,2500,0,0,0
852,14.2142,free_swing,775,220,673,108,135.000,-137.675,0,488.19,-377.47,0,151.49,0.84,2500,0,0,0
853,14.23088,free_swing,756,202,671,82,144.421,-144.689,0,488.36,-444.37,0,147.05,3.74,2500,0,0,0
854,14.24757,free_swing,740,192,670,61,151.189,-151.882,0,491.92,-533.44,0,148.53,2.78,2500,0,0,0
855,14.26425,free_swing,717,182,674,41,160.201,-163.040,0,538.85,-736.59,1,147.41,3.51,2500,1,0,0
856,14.28093,free_swing,692,174,679,26,169.599,-174.980,0,591.57,-827.76,0,148.57,2.75,2500,0,0,0
857,14.29762,free_swing,663,171,693,25,180.000,168.389,0,583.20,-753.78,0,149.05,2.44,2500,0,0,0
858,14.3143,free_swing,638,173,691,33,-171.064,159.265,0,563.86,-645.03,0,149.70,2.01,2500,0,0,0
859,14.33098,free_swing,612,180,689,50,-161.452,149.361,0,536.92,-555.19,0,151.09,1.10,2500,0,0,0
860,14.34767,free_swing,589,190,688,75,-152.475,139.276,0,575.24,-565.82,0,151.74,0.67,2500,0,0,0
861,14.36435,free_swing,567,204,682,105,-143.130,130.724,0,601.01,-476.08,0,151.74,0.67,2500,0,0,0
862,14.38103,free_swing,544,226,673,140,-131.693,123.690,0,627.15,-362.27,0,155.04,1.48,2500,0,0,0
863,14.39772,free_swing,527,248,664,172,-121.701,119.019,0,676.86,-205.24,0,156.67,2.55,2500,0,0,0
864,14.4144,free_swing,515,278,654,208,-110.045,116.730,0,773.21,10.29,1,155.63,1.87,2500,1,0,0
865,14.43108,free_swing,509,317,644,242,-95.563,119.055,0,889.23,213.39,1,154.43,1.09,2500,1,0,0
866,14.44777,free_swing,512,359,641,270,-79.862,124.603,0,969.70,409.04,0,156.72,2.59,2500,0,0,0
867,14.46445,free_swing,525,399,642,295,-64.103,131.634,0,1008.63,554.75,0,156.54,2.47,2500,0,0,0
868,14.48113,free_swing,553,436,648,314,-46.606,142.093,0,981.83,569.56,0,154.63,1.21,2500,0,0,0
869,14.49782,free_swing,586,461,660,326,-30.833,151.271,0,887.39,415.48,0,153.95,0.77,2500,0,0,0
870,14.5145,free_swing,617,474,681,337,-17.949,154.960,0,717.67,111.13,1,151.21,1.02,2500,1,0,0
871,14.53118,free_swing,645,481,710,345,-6.888,154.455,0,542.01,-199.29,1,150.73,1.33,2500,1,0,0
872,14.54787,free_swing,664,480,742,352,0.387,148.643,0,364.16,-475.02,1,149.89,1.88,2500,1,0,0
873,14.56455,free_swing,676,480,776,366,5.020,138.743,0,200.31,-700.24,1,151.64,0.74,2500,1,0,0
874,14.58123,free_swing,682,479,806,391,7.365,125.362,0,82.90,-858.75,0,152.05,0.47,2500,0,0,0
875,14.59792,free_swing,684,480,826,427,8.076,110.468,0,8.24,-961.79,0,151.57,0.79,2500,0,0,0
876,14.6146,free_swing,683,479,834,470,7.748,93.411,0,-8.61,-1043.24,0,151.27,0.98,2500,0,0,0
877,14.63128,free_swing,683,479,829,516,7.748,75.779,0,6.13,-1123.82,0,150.62,1.41,2500,0,0,0
878,14.64797,free_swing,684,479,809,562,8.130,56.416,0,7.14,-1168.40,0,150.05,1.78,2500,0,0,0
879,14.66465,free_swing,684,479,774,600,8.130,36.642,0,-11.30,-1158.38,0,150.80,1.29,2500,0,0,0
880,14.68133,free_swing,682,479,728,623,7.365,17.716,0,-45.05,-1128.22,0,151.17,1.05,2500,0,0,0
881,14.69802,free_swing,680,480,680,627,6.553,0.000,0,-101.77,-1061.97,0,147.00,3.78,2500,0,0,0
882,14.7147,free_swing,674,480,627,624,4.251,-18.076,0,-174.40,-959.92,0,151.48,0.85,2500,0,0,0
883,14.73138,free_swing,664,481,583,610,0.385,-32.125,0,-256.18,-806.79,0,152.32,0.29,2500,0,0,0
884,14.74807,free_swing,652,481,545,590,-4.222,-44.469,0,-317.61,-653.53,0,152.74,0.02,2500,0,0,0
885,14.76475,free_swing,637,478,513,568,-10.098,-54.028,0,-377.27,-532.11,0,153.22,0.29,2500,0,0,0
886,14.78143,free_swing,620,475,485,546,-16.736,-62.259,0,-420.85,-402.87,0,152.53,0.16,2500,0,0,0
887,14.79812,free_swing,602,467,460,526,-24.316,-67.437,0,-464.52,-254.87,0,153.77,0.65,2500,0,0,0
888,14.8148,free_swing,584,459,440,509,-31.884,-70.852,0,-499.61,-96.49,0,152.43,0.22,2500,0,0,0
889,14.83148,free_swing,565,445,421,495,-40.934,-70.852,0,-510.21,19.15,0,152.43,0.22,2500,0,0,0
890,14.84817,free_swing,549,430,406,483,-49.316,-69.664,0,-521.03,134.92,0,152.51,0.17,2500,0,0,0
891,14.86485,free_swing,535,413,395,472,-57.674,-67.148,0,-515.12,240.96,0,151.92,0.55,2500,0,0,0
892,14.88153,free_swing,523,392,390,463,-66.801,-61.905,0,-523.30,297.38,0,150.76,1.31,2500,0,0,0
893,14.89822,free_swing,515,371,391,454,-75.237,-56.203,0,-530.93,343.31,0,149.21,2.33,2500,0,0,0
894,14.9149,free_swing,510,348,393,440,-84.030,-51.821,0,-525.30,362.36,0,148.84,2.57,2500,0,0,0
895,14.93158,free_swing,509,324,401,434,-92.974,-44.474,0,-495.68,324.16,0,154.16,0.91,2500,0,0,0
896,14.94827,free_swing,511,303,410,425,-100.802,-39.620,0,-452.62,246.96,0,158.38,3.67,2500,0,0,0
897,14.96495,free_swing,515,285,418,411,-107.618,-37.591,0,-419.89,130.85,0,159.01,4.09,2500,0,0,0
898,14.98163,free_swing,521,266,430,396,-114.928,-34.992,0,-406.96,92.65,0,158.69,3.87,2500,0,0,0
899,14.99832,free_swing,529,250,440,382,-121.464,-33.990,0,-389.57,82.83,0,159.20,4.21,2500,0,0,0
900,15.015,free_swing,538,235,452,369,-127.811,-32.692,0,-377.42,58.80,0,159.22,4.22,2500,0,0,0
901,15.03168,free_swing,549,222,466,357,-133.977,-31.584,0,-378.24,61.46,0,158.47,3.73,2500,0,0,0
902,15.04837,free_swing,562,209,480,345,-140.609,-31.088,0,-379.91,17.40,0,158.81,3.95,2500,0,0,0
903,15.06505,free_swing,575,198,494,335,-146.706,-30.593,0,-386.03,-25.60,0,159.15,4.18,2500,0,0,0
904,15.08173,free_swing,591,189,508,321,-153.275,-32.161,0,-389.30,-73.03,0,155.93,2.07,2500,0,0,0
905,15.09842,free_swing,608,181,522,313,-159.986,-33.085,0,-406.92,-92.56,0,157.54,3.12,2500,0,0,0
906,15.1151,free_swing,626,176,535,305,-166.657,-35.200,0,-414.44,-105.20,0,157.87,3.34,2500,0,0,0
907,15.13178,free_swing,646,172,552,298,-173.935,-36.724,0,-428.68,-153.26,0,157.20,2.90,2500,0,0,0
908,15.14847,free_swing,666,171,565,291,178.933,-40.086,0,-458.59,-223.90,0,156.85,2.67,2500,0,0,0
909,15.16515,free_swing,688,173,579,285,171.064,-44.222,0,-479.87,-276.29,0,156.28,2.30,2500,0,0,0
910,15.18183,free_swing,711,180,592,281,162.474,-49.677,0,-516.57,-304.09,0,156.08,2.17,2500,0,0,0
911,15.19852,free_swing,733,188,607,279,154.075,-54.162,0,-547.88,-343.05,0,155.43,1.74,2500,0,0,0
912,15.2152,free_swing,756,203,620,279,144.211,-60.803,0,-588.34,-392.11,0,155.79,1.98,2500,0,0,0
913,15.23188,free_swing,776,222,633,280,134.229,-67.923,0,-628.02,-472.11,0,154.31,1.01,2500,0,0,0
914,15.24857,free_swing,794,246,645,283,123.284,-76.054,0,-676.52,-534.40,0,153.53,0.49,2500,0,0,0
915,15.26525,free_swing,808,274,654,285,111.801,-85.914,0,-743.50,-612.70,0,154.39,1.06,2500,0,0,0
916,15.28193,free_swing,816,309,664,292,98.549,-96.382,0,-797.65,-668.11,0,152.95,0.12,2500,0,0,0
917,15.29862,free_swing,816,345,670,298,85.143,-107.844,0,-816.62,-672.97,0,153.38,0.40,2500,0,0,0
918,15.3153,free_swing,807,380,673,306,71.565,-118.909,0,-798.68,-656.68,0,153.08,0.20,2500,0,0,0
919,15.33198,free_swing,792,410,673,315,58.841,-128.601,0,-739.83,-509.54,0,152.27,0.33,2500,0,0,0
920,15.34867,free_swing,773,435,669,324,46.882,-136.865,0,-631.74,-319.59,0,152.11,0.43,2500,0,0,0
921,15.36535,free_swing,755,451,654,337,37.708,-138.460,0,-502.79,-92.35,1,152.31,0.30,2500,1,0,0
922,15.38203,free_swing,738,460,641,346,30.368,-139.606,0,-385.88,107.89,1,149.68,2.02,2500,1,0,0
923,15.39872,free_swing,725,467,620,359,24.667,-135.807,0,-316.93,242.29,0,150.63,1.40,2500,0,0,0
924,15.4154,free_swing,714,472,599,374,20.016,-130.437,0,-245.33,421.92,0,151.09,1.10,2500,0,0,0
925,15.43208,free_swing,705,475,577,393,16.368,-122.645,0,-128.02,591.12,0,152.01,0.50,2500,0,0,0
926,15.44877,free_swing,702,476,560,422,15.154,-110.821,0,-10.77,768.13,0,151.92,0.56,2500,0,0,0
927,15.46545,free_swing,705,475,552,457,16.368,-96.710,0,46.79,875.40,0,154.06,0.84,2500,0,0,0
928,15.48213,free_swing,706,475,554,497,16.736,-81.764,0,26.91,938.45,0,153.58,0.53,2500,0,0,0
929,15.49882,free_swing,706,475,567,537,16.736,-65.961,0,-17.07,997.58,0,152.20,0.37,2500,0,0,0
930,15.5155,free_swing,705,475,591,576,16.368,-48.460,0,-23.40,1044.61,0,152.31,0.30,2500,0,0,0
931,15.53218,free_swing,704,476,626,606,15.893,-30.964,0,-15.40,1066.36,0,151.60,0.76,2500,0,0,0
932,15.54887,free_swing,704,475,669,622,15.998,-13.392,0,13.22,1054.93,0,151.11,1.09,2500,0,0,0
933,15.56555,free_swing,705,475,716,625,16.368,4.194,0,44.06,1022.23,0,150.40,1.55,2500,0,0,0
934,15.58223,free_swing,708,474,761,615,17.583,20.601,0,83.37,945.28,0,150.63,1.40,2500,0,0,0
935,15.59892,free_swing,712,473,799,595,19.163,35.493,0,138.51,825.91,0,149.84,1.92,2500,0,0,0
936,15.6156,free_swing,719,470,831,570,22.087,48.240,0,192.35,702.37,0,150.15,1.72,2500,0,0,0
937,15.63228,free_swing,728,466,856,544,25.877,58.643,0,257.46,576.13,0,149.89,1.88,2500,0,0,0
938,15.64897,free_swing,738,460,878,518,30.368,67.496,0,309.77,452.13,0,151.54,0.81,2500,0,0,0
939,15.66565,free_swing,751,452,896,494,36.254,73.846,0,354.12,317.27,0,150.96,1.19,2500,0,0,0
940,15.68233,free_swing,763,442,910,473,42.274,78.092,0,381.82,200.72,0,150.23,1.66,2500,0,0,0
941,15.69902,free_swing,775,430,924,456,48.814,80.102,0,402.08,70.31,0,151.25,0.99,2500,0,0,0
942,15.7157,free_swing,786,416,936,440,55.670,80.910,0,431.13,-75.52,0,151.91,0.57,2500,0,0,0
943,15.73238,free_swing,797,400,943,432,63.094,77.638,0,439.93,-234.00,0,149.47,2.16,2500,0,0,0
944,15.74907,free_swing,805,382,946,425,70.602,73.040,0,450.97,-361.85,0,147.41,3.51,2500,0,0,0
945,15.76575,free_swing,811,364,946,423,77.800,66.393,0,458.41,-357.72,0,147.33,3.56,2500,0,0,0
946,15.78243,free_swing,815,343,943,416,85.861,60.303,0,460.24,-299.46,0,147.35,3.55,2500,0,0,0
947,15.79912,free_swing,816,323,943,406,93.366,56.834,0,447.53,-261.95,0,151.72,0.69,2500,0,0,0
948,15.8158,free_swing,814,304,937,399,100.505,52.319,0,413.05,-282.78,0,155.42,1.73,2500,0,0,0
949,15.83248,free_swing,811,286,925,394,107.266,46.548,0,388.34,-329.69,0,157.04,2.79,2500,0,0,0
950,15.84917,free_swing,806,270,909,386,113.440,41.603,0,368.27,-304.94,0,155.13,1.54,2500,0,0,0
951,15.86585,free_swing,799,255,891,380,119.518,36.353,0,355.95,-268.63,0,155.21,1.59,2500,0,0,0
952,15.88253,free_swing,791,241,875,372,125.410,32.669,0,348.91,-243.81,0,155.62,1.86,2500,0,0,0
953,15.89922,free_swing,782,228,856,365,131.152,28.376,0,342.15,-232.10,0,155.71,1.92,2500,0,0,0
954,15.9159,free_swing,771,217,836,358,136.798,24.749,0,332.24,-235.09,0,155.26,1.63,2500,0,0,0
955,15.93258,free_swing,760,206,815,351,142.409,20.772,0,332.02,-206.09,0,155.08,1.51,2500,0,0,0
956,15.94927,free_swing,748,197,795,345,147.804,17.618,0,346.12,-168.23,0,155.28,1.64,2500,0,0,0
957,15.96595,free_swing,733,189,774,338,153.918,15.385,0,370.41,-118.21,0,154.54,1.16,2500,0,0,0
958,15.98263,free_swing,717,181,754,333,160.322,13.681,0,394.73,-83.20,0,156.44,2.40,2500,0,0,0
959,15.99932,free_swing,699,176,733,328,167.005,12.609,0,403.27,-55.54,0,155.76,1.95,2500,0,0,0
960,16.016,free_swing,680,172,713,326,173.935,12.095,0,424.94,29.82,0,157.50,3.09,2500,0,0,0
961,16.03268,free_swing,660,172,694,325,-178.926,12.529,0,467.97,53.52,0,156.73,2.59,2500,0,0,0
962,16.04937,free_swing,637,174,679,327,-170.655,15.350,0,499.68,84.17,0,158.66,3.85,2500,0,0,0
963,16.06605,free_swing,613,180,653,334,-161.792,14.560,0,528.32,108.95,0,159.11,4.15,2500,0,0,0
964,16.08273,free_swing,592,190,641,341,-153.435,17.978,0,536.39,114.54,0,158.75,3.91,2500,0,0,0
965,16.09942,free_swing,569,203,623,353,-143.920,19.799,0,547.32,107.58,0,159.42,4.35,2500,0,0,0
966,16.1161,free_swing,551,220,607,371,-135.000,20.348,0,550.42,-12.71,0,161.05,5.42,2500,0,0,0
967,16.13278,free_swing,535,240,589,391,-125.707,19.678,0,551.11,-102.17,0,160.37,4.97,2500,0,0,0
968,16.14947,free_swing,524,262,570,416,-116.730,16.631,0,555.85,-215.27,0,160.72,5.21,2500,0,0,0
969,16.16615,free_swing,514,286,549,443,-107.157,12.567,0,540.24,-332.08,0,160.85,5.29,2500,0,0,0
970,16.18283,free_swing,511,309,527,470,-98.604,5.675,0,506.80,-449.46,0,161.79,5.91,2500,0,0,0
971,16.19952,free_swing,510,331,503,491,-90.374,-2.505,0,459.43,-548.67,0,160.15,4.83,2500,0,0,0
972,16.2162,free_swing,512,351,477,507,-82.828,-12.645,0,487.94,-638.24,0,159.88,4.65,2500,0,0,0
973,16.23288,free_swing,517,371,454,517,-75.044,-23.341,0,522.45,-730.55,0,159.01,4.09,2500,0,0,0
974,16.24957,free_swing,525,396,435,519,-65.120,-36.193,0,499.35,-724.47,0,152.41,0.24,2500,0,0,0
975,16.26625,free_swing,535,412,422,514,-57.995,-47.929,0,393.01,-587.50,0,152.23,0.36,2500,0,0,0
976,16.28293,free_swing,543,422,418,509,-53.130,-55.162,0,205.84,-320.15,1,152.30,0.31,2500,1,0,0
977,16.29962,free_swing,547,428,417,508,-50.389,-58.392,0,64.86,-56.16,1,152.64,0.08,2500,1,0,0
978,16.3163,free_swing,546,426,419,508,-51.221,-57.151,0,-49.05,148.20,1,151.17,1.05,2500,1,0,0
979,16.33298,free_swing,544,425,422,515,-51.992,-53.584,0,-102.19,281.31,0,151.60,0.76,2500,0,0,0
980,16.34967,free_swing,541,420,428,522,-54.197,-47.929,0,-116.93,369.57,0,152.23,0.36,2500,0,0,0
981,16.36635,free_swing,538,416,437,530,-56.099,-41.540,0,-152.18,447.63,0,152.31,0.30,2500,0,0,0
982,16.38303,free_swing,534,410,450,538,-58.841,-33.275,0,-173.70,504.83,0,153.10,0.22,2500,0,0,0
983,16.39972,free_swing,529,403,466,541,-62.083,-24.538,0,-187.38,538.76,0,151.70,0.70,2500,0,0,0
984,16.4164,free_swing,525,396,484,543,-65.120,-15.584,0,-179.35,533.80,0,152.61,0.11,2500,0,0,0
985,16.43308,free_swing,523,389,505,542,-67.847,-6.710,0,-167.33,526.16,0,154.06,0.84,2500,0,0,0
986,16.44977,free_swing,520,382,525,537,-70.728,1.848,0,-158.64,521.10,0,155.08,1.51,2500,0,0,0
987,16.46645,free_swing,517,376,545,528,-73.229,10.437,0,-148.38,492.64,0,154.56,1.17,2500,0,0,0
988,16.48313,free_swing,515,370,565,518,-75.600,18.667,0,-138.14,455.54,0,156.22,2.26,2500,0,0,0
989,16.49982,free_swing,514,364,581,505,-77.879,25.416,0,-136.56,424.06,0,156.11,2.18,2500,0,0,0
990,16.5165,free_swing,513,358,597,490,-80.166,32.471,0,-137.23,392.17,0,156.46,2.42,2500,0,0,0
991,16.53318,free_swing,512,352,610,473,-82.455,39.005,0,-133.68,360.62,0,155.71,1.92,2500,0,0,0
992,16.54987,free_swing,510,346,619,458,-84.772,44.222,0,-140.56,314.00,0,156.28,2.30,2500,0,0,0
993,16.56655,free_swing,510,340,628,442,-87.007,49.160,0,-157.29,252.43,0,155.97,2.10,2500,0,0,0
994,16.58323,free_swing,509,332,634,426,-90.000,53.057,0,-169.93,180.55,0,156.40,2.38,2500,0,0,0
995,16.59992,free_swing,509,324,637,414,-92.974,54.888,0,-186.29,87.62,0,156.47,2.42,2500,0,0,0
996,16.6166,free_swing,509,316,639,404,-95.932,55.905,0,-200.73,0.99,0,156.98,2.76,2500,0,0,0
997,16.63328,free_swing,511,306,639,395,-99.707,55.189,0,-219.41,-63.18,0,155.90,2.05,2500,0,0,0
998,16.64997,free_swing,513,296,638,389,-103.496,53.351,0,-243.02,-150.86,0,155.80,1.98,2500,0,0,0
999,16.66665,free_swing,514,285,636,385,-107.507,50.659,0,-260.49,-228.71,0,157.75,3.26,2500,0,0,0
1000,16.68333,free_swing,519,273,631,383,-112.280,45.516,0,-280.22,-315.94,0,156.98,2.76,2500,0,0,0
1001,16.70002,free_swing,523,261,625,382,-116.892,40.130,0,-281.57,-375.21,0,158.26,3.59,2500,0,0,0
1002,16.7167,free_swing,530,250,616,382,-121.656,33.085,0,-281.36,-416.86,0,157.54,3.12,2500,0,0,0
1003,16.73338,free_swing,536,239,605,380,-126.215,26.075,0,-295.03,-486.95,0,156.98,2.75,2500,0,0,0
1004,16.75007,free_swing,545,228,592,378,-131.392,17.398,0,-306.20,-541.32,0,157.19,2.89,2500,0,0,0
1005,16.76675,free_swing,554,217,575,374,-136.534,7.619,0,-298.46,-574.85,0,158.40,3.68,2500,0,0,0
1006,16.78343,free_swing,564,208,559,366,-141.397,-1.813,0,-277.74,-583.20,0,158.08,3.47,2500,0,0,0
1007,16.80012,free_swing,573,200,542,354,-145.713,-11.381,0,-274.33,-597.82,0,157.09,2.83,2500,0,0,0
1008,16.8168,free_swing,584,193,526,338,-150.388,-21.801,0,-275.87,-607.79,0,156.17,2.22,2500,0,0,0
1009,16.83348,free_swing,596,187,513,320,-155.200,-31.967,0,-278.56,-610.14,0,156.77,2.62,2500,0,0,0
1010,16.85017,free_swing,607,182,503,299,-159.528,-41.634,0,-261.20,-586.07,0,156.54,2.47,2500,0,0,0
1011,16.86685,free_swing,619,178,497,274,-164.055,-51.801,0,-263.51,-570.77,0,155.24,1.62,2500,0,0,0
1012,16.88353,free_swing,630,175,495,251,-168.130,-60.622,0,-271.34,-549.81,0,154.92,1.41,2500,0,0,0
1013,16.90022,free_swing,644,173,499,226,-173.186,-69.922,0,-274.81,-526.31,0,154.38,1.05,2500,0,0,0
1014,16.9169,free_swing,656,172,505,203,-177.495,-78.398,0,-283.25,-505.55,0,154.15,0.90,2500,0,0,0
1015,16.93358,free_swing,669,172,515,181,177.852,-86.655,0,-269.79,-470.91,0,154.26,0.98,2500,0,0,0
1016,16.95027,free_swing,682,173,528,162,173.186,-94.086,0,-252.81,-433.00,0,154.39,1.06,2500,0,0,0
1017,16.96695,free_swing,692,175,541,145,169.535,-101.237,0,-212.28,-401.03,0,153.95,0.77,2500,0,0,0
1018,16.98363,free_swing,701,177,554,131,166.225,-107.376,0,-176.46,-388.05,0,154.03,0.82,2500,0,0,0
1019,17.00032,free_swing,708,179,568,117,163.610,-113.886,0,-151.21,-351.99,0,153.11,0.22,2500,0,0,0
1020,17.017,free_swing,714,181,581,105,161.338,-119.745,0,-108.60,-319.67,0,153.18,0.27,2500,0,0,0
1021,17.03368,free_swing,718,182,592,97,159.864,-124.004,0,-50.02,-264.79,0,151.99,0.51,2500,0,0,0
1022,17.05037,free_swing,718,183,601,89,159.740,-128.779,0,23.04,-238.74,0,150.08,1.76,2500,0,0,0
1023,17.06705,free_swing,716,181,605,81,160.659,-132.016,0,87.00,-183.06,0,149.40,2.21,2500,0,0,0
1024,17.08373,free_swing,711,179,607,72,162.582,-135.815,0,132.59,-252.08,0,149.21,2.33,2500,0,0,0
1025,17.10042,free_swing,704,178,607,69,165.092,-138.334,0,171.76,-284.69,0,145.91,4.49,2500,0,0,0
1026,17.1171,free_swing,696,175,616,52,168.130,-146.960,0,193.10,-260.74,0,146.73,3.96,2500,0,0,0
1027,17.13378,free_swing,686,173,610,52,171.769,-147.867,0,226.22,-228.26,0,142.89,6.47,2500,0,0,0
1028,17.15047,free_swing,676,171,607,41,175.384,-152.042,0,252.61,-200.40,0,147.18,3.66,2500,0,0,0
1029,17.16715,free_swing,662,171,604,36,-179.644,-156.750,0,282.10,-301.78,0,146.93,3.82,2500,0,0,0
1030,17.18383,free_swing,649,171,602,29,-175.030,-161.686,0,319.17,-369.64,0,149.58,2.09,2500,0,0,0
1031,17.20052,free_swing,633,174,603,29,-169.249,-168.311,0,370.03,-453.13,0,148.07,3.08,2500,0,0,0
1032,17.2172,free_swing,615,178,607,26,-162.688,-176.987,0,421.83,-427.78,0,152.21,0.37,2500,0,0,0
1033,17.23388,free_swing,595,186,605,31,-155.026,176.309,0,443.45,-377.80,0,155.32,1.67,2500,0,0,0
1034,17.25057,free_swing,578,197,598,52,-147.804,172.147,0,469.32,-338.27,0,146.37,4.19,2500,0,0,0
1035,17.26725,free_swing,560,210,599,67,-139.827,164.745,0,481.88,-357.80,0,148.22,2.98,2500,0,0,0
1036,17.28393,free_swing,543,228,596,84,-130.914,159.794,0,549.09,-297.92,0,153.44,0.44,2500,0,0,0
1037,17.30062,free_swing,529,248,593,110,-122.082,155.120,0,639.60,-170.02,0,152.12,0.43,2500,0,0,0
1038,17.3173,free_swing,,,587,138,,,1,,,0,,,2500,0,0,0
1039,17.33398,free_swing,508,311,581,165,-97.716,153.435,0,742.71,83.80,0,163.23,6.85,2500,0,0,0
1040,17.35067,free_swing,506,342,573,194,-86.356,155.644,0,769.74,288.74,1,162.46,6.34,2500,1,0,0
1041,17.36735,free_swing,519,379,564,221,-71.924,164.103,0,833.69,575.03,1,164.28,7.54,2500,1,0,0
1042,17.38403,free_swing,535,412,550,249,-57.995,174.742,0,899.97,772.83,0,163.69,7.15,2500,0,0,0
1043,17.40072,free_swing,562,440,533,282,-43.082,-169.599,0,893.21,1010.91,1,160.64,5.15,2500,1,0,0
1044,17.4174,free_swing,589,471,513,324,-28.030,-152.661,0,807.07,1249.81,1,165.48,8.32,2500,1,0,0
1045,17.43408,free_swing,622,475,498,380,-15.998,-127.457,0,635.21,1466.04,1,156.21,2.25,2500,1,0,0
1046,17.45077,free_swing,643,480,493,445,-7.696,-103.134,0,439.08,1651.95,0,154.03,0.82,2500,0,0,0
1047,17.46745,free_swing,659,481,514,524,-1.538,-73.482,0,218.82,1838.45,1,151.24,1.00,2500,1,0,0
1048,17.48413,free_swing,665,481,563,594,0.769,-42.071,0,-6.34,2063.38,1,152.23,0.36,2500,1,0,0
1049,17.50082,free_swing,660,482,644,631,-1.146,-6.129,0,-76.42,2021.75,0,149.86,1.91,2500,0,0,0
1050,17.5175,free_swing,657,482,724,616,-2.291,26.565,0,104.08,1748.68,1,149.82,1.93,2500,1,0,0
1051,17.53418,free_swing,670,480,788,576,2.708,50.870,0,390.37,1331.65,1,152.12,0.43,2500,1,0,0
1052,17.55087,free_swing,693,476,835,527,11.768,70.244,0,606.33,996.53,1,150.88,1.24,2500,1,0,0
1053,17.56755,free_swing,719,469,860,482,22.233,84.732,0,693.80,751.49,1,141.60,7.31,2500,1,0,0
1054,17.58423,free_swing,746,453,895,439,34.448,95.368,0,713.24,519.06,1,149.66,2.04,2500,1,0,0
1055,17.60092,free_swing,770,434,917,402,46.370,102.281,0,734.83,318.62,1,150.44,1.52,2500,1,0,0
1056,17.6176,free_swing,789,411,934,370,57.913,105.789,0,706.50,93.06,1,150.69,1.37,2500,1,0,0
1057,17.63428,free_swing,805,382,946,341,70.602,106.213,0,675.82,-106.72,0,146.84,3.88,2500,0,0,0
1058,17.65097,free_swing,813,357,,,80.538,,1,650.06,,0,,,2500,0,0,0
1059,17.66765,free_swing,816,328,,,91.498,,1,636.90,,0,,,2500,0,0,0
1060,17.68433,free_swing,813,299,,,102.407,,1,645.91,,0,,,2500,0,0,0
1061,17.70102,free_swing,806,272,948,271,112.762,90.403,0,587.25,-357.68,0,142.00,7.05,2500,0,0,0
1062,17.7177,free_swing,796,248,945,272,122.276,80.850,0,531.25,-336.41,0,150.92,1.21,2500,0,0,0
1063,17.73438,free_swing,783,230,936,261,130.365,78.546,0,514.86,-254.03,0,156.11,2.18,2500,0,0,0
1064,17.75107,free_swing,767,212,918,253,139.086,74.809,0,514.46,-153.20,0,156.47,2.42,2500,0,0,0
1065,17.76775,free_swing,747,197,896,246,148.109,71.796,0,515.62,-141.37,0,156.85,2.67,2500,0,0,0
1066,17.78443,free_swing,728,186,876,239,156.001,70.297,0,477.06,-62.38,0,157.20,2.90,2500,0,0,0
1067,17.80112,free_swing,707,179,856,234,163.956,69.740,0,439.61,-37.96,0,158.83,3.96,2500,0,0,0
1068,17.8178,free_swing,689,174,836,230,170.655,69.146,0,401.64,-43.20,0,157.31,2.97,2500,0,0,0
1069,17.83448,free_swing,671,172,818,232,177.138,67.797,0,336.47,-61.71,0,158.77,3.93,2500,0,0,0
1070,17.85117,free_swing,657,171,802,233,-177.866,66.849,0,269.55,-105.88,0,157.70,3.23,2500,0,0,0
1071,17.86785,free_swing,647,172,787,239,-174.289,64.426,0,178.28,-201.73,0,155.21,1.59,2500,0,0,0
1072,17.88453,free_swing,640,173,776,252,-171.769,59.848,0,80.69,-349.54,0,157.28,2.95,2500,0,0,0
1073,17.90122,free_swing,639,173,764,268,-171.416,52.765,0,-13.57,-488.84,0,157.00,2.77,2500,0,0,0
1074,17.9179,free_swing,642,173,750,287,-172.476,43.452,0,-87.84,-602.40,0,157.04,2.79,2500,0,0,0
1075,17.93458,free_swing,647,172,732,305,-174.289,32.583,0,-147.09,-707.74,0,157.84,3.32,2500,0,0,0
1076,17.95127,free_swing,655,172,709,320,-177.138,20.045,0,-217.69,-850.99,0,157.54,3.12,2500,0,0,0
1077,17.96795,free_swing,667,172,681,329,178.568,5.096,0,-269.48,-916.17,0,157.62,3.18,2500,0,0,0
1078,17.98463,free_swing,681,173,649,326,173.541,-11.813,0,-305.24,-938.12,0,156.31,2.32,2500,0,0,0
1079,18.00132,free_swing,694,176,627,317,168.761,-25.416,0,-323.87,-935.26,0,156.11,2.18,2500,0,0,0
1080,18.018,free_swing,710,180,606,295,162.818,-42.125,0,-341.10,-937.36,0,155.05,1.49,2500,0,0,0
1081,18.03468,free_swing,725,185,594,267,157.132,-57.955,0,-361.40,-959.53,0,154.55,1.16,2500,0,0,0
1082,18.05137,free_swing,740,192,591,237,151.189,-73.195,0,-354.05,-903.76,0,155.65,1.88,2500,0,0,0
1083,18.06805,free_swing,754,202,598,206,145.008,-88.531,0,-355.35,-890.25,0,156.05,2.15,2500,0,0,0
1084,18.08473,free_swing,766,211,614,177,139.594,-102.609,0,-335.05,-861.26,0,155.76,1.95,2500,0,0,0
1085,18.10142,free_swing,777,223,639,151,133.716,-117.553,0,-318.75,-854.62,0,155.65,1.89,2500,0,0,0
1086,18.1181,free_swing,786,233,669,131,128.830,-131.082,0,-322.19,-861.03,0,155.22,1.60,2500,0,0,0
1087,18.13478,free_swing,794,246,709,119,123.284,-146.206,0,-329.83,-871.71,0,152.82,0.03,2500,0,0,0
1088,18.15147,free_swing,801,260,750,115,117.553,-160.622,0,-339.67,-925.49,0,153.71,0.61,2500,0,0,0
1089,18.16815,free_swing,807,274,797,122,111.938,-176.236,0,-333.29,-903.15,0,152.33,0.29,2500,0,0,0
1090,18.18483,free_swing,811,288,844,141,106.557,167.347,0,-333.81,-1006.76,0,150.66,1.38,2500,0,0,0
1091,18.20152,free_swing,814,303,884,168,100.871,152.592,0,-331.64,-1028.58,0,152.07,0.46,2500,0,0,0
1092,18.2182,free_swing,815,318,928,221,95.262,130.643,0,-324.16,-1144.46,0,148.92,2.52,2500,0,0,0
1093,18.23488,free_swing,815,332,948,271,90.000,114.638,0,-329.43,-1385.04,1,146.32,4.22,2500,1,0,0
1094,18.25157,free_swing,814,347,,,84.327,,1,-363.48,,0,,,2500,0,0,0
1095,18.26825,free_swing,812,365,947,435,77.512,62.592,0,-440.29,-1365.07,0,152.07,0.46,2500,0,0,0
1096,18.28493,free_swing,805,385,919,491,69.532,47.083,0,-557.64,-1105.23,1,155.67,1.90,2500,1,0,0
1097,18.30162,free_swing,793,410,862,546,59.036,26.901,0,-703.03,-865.70,1,152.50,0.18,2500,1,0,0
1098,18.3183,free_swing,771,436,810,584,46.081,14.763,0,-829.35,-682.71,0,153.05,0.18,2500,0,0,0
1099,18.33498,free_swing,741,460,759,611,31.357,6.798,0,-905.92,-456.54,1,152.07,0.46,2500,1,0,0
1100,18.35167,free_swing,705,476,702,631,16.260,-1.109,0,-924.46,-346.72,0,155.03,1.48,2500,0,0,0
1101,18.36835,free_swing,665,483,648,627,0.759,-6.733,0,-890.81,-289.52,0,145.00,5.09,2500,0,0,0
1102,18.38503,free_swing,628,478,602,626,-13.481,-9.964,0,-823.25,-344.81,0,150.27,1.64,2500,0,0,0
1103,18.40172,free_swing,596,467,550,610,-26.395,-17.832,0,-730.95,-506.94,0,150.22,1.67,2500,0,0,0
1104,18.4184,free_swing,570,451,499,583,-38.008,-28.275,0,-655.02,-661.36,0,149.88,1.89,2500,0,0,0
1105,18.43508,free_swing,550,433,455,549,-48.209,-39.316,0,-594.97,-714.25,0,149.94,1.86,2500,0,0,0
1106,18.45177,free_swing,534,413,416,506,-57.875,-51.757,0,-544.42,-757.37,0,150.24,1.65,2500,0,0,0
1107,18.46845,free_swing,523,392,388,457,-66.801,-64.290,0,-530.67,-752.15,0,149.83,1.92,2500,0,0,0
1108,18.48513,free_swing,515,371,369,405,-75.237,-76.891,0,-530.28,-682.26,0,149.91,1.87,2500,0,0,0
1109,18.50182,free_swing,510,346,356,354,-84.772,-87.026,0,-552.94,-589.86,0,154.21,0.94,2500,0,0,0
1110,18.5185,free_swing,510,322,361,306,-93.740,-96.129,0,-562.47,-503.71,0,149.86,1.91,2500,0,0,0
1111,18.53518,free_swing,513,296,365,259,-103.496,-104.036,0,-572.17,-435.82,0,152.55,0.14,2500,0,0,0
1112,18.55187,free_swing,520,272,378,218,-112.762,-110.821,0,-591.67,-361.48,0,151.92,0.56,2500,0,0,0
1113,18.56855,free_swing,532,247,396,180,-122.978,-116.227,0,-580.14,-313.73,0,151.61,0.76,2500,0,0,0
1114,18.58523,free_swing,547,226,417,147,-132.421,-121.287,0,-549.56,-305.78,0,152.12,0.43,2500,0,0,0
1115,18.60192,free_swing,563,209,441,118,-140.889,-126.719,0,-484.57,-356.32,0,152.20,0.37,2500,0,0,0
1116,18.6186,free_swing,580,196,469,93,-148.605,-132.859,0,-416.86,-357.28,0,151.43,0.88,2500,0,0,0
1117,18.63528,free_swing,595,187,499,71,-154.875,-140.389,0,-348.66,-480.86,0,150.57,1.44,2500,0,0,0
1118,18.65197,free_swing,608,181,525,54,-159.986,-146.834,0,-271.34,-619.98,0,151.72,0.69,2500,0,0,0
1119,18.66865,free_swing,619,177,572,34,-164.152,-161.806,0,-204.51,-749.02,0,150.53,1.47,2500,0,0,0
1120,18.68533,free_swing,626,176,608,27,-166.657,-173.112,0,-130.92,-807.53,0,150.08,1.76,2500,0,0,0
1121,18.70202,free_swing,631,175,650,27,-168.480,172.684,0,-44.53,-860.36,0,149.21,2.33,2500,0,0,0
1122,18.7187,free_swing,631,174,687,35,-168.551,158.057,0,27.33,-1011.79,0,149.86,1.91,2500,0,0,0
1123,18.73538,free_swing,628,176,726,64,-167.355,138.814,0,78.39,-1094.05,0,148.82,2.58,2500,0,0,0
1124,18.75207,free_swing,625,177,753,101,-166.225,120.700,0,71.73,-1185.69,0,148.86,2.56,2500,0,0,0
1125,18.76875,free_swing,622,178,771,150,-165.092,100.643,0,26.62,-1268.14,0,151.61,0.76,2500,0,0,0
1126,18.78543,free_swing,622,177,773,209,-165.184,78.035,0,-24.39,-1363.78,0,154.35,1.04,2500,0,0,0
1127,18.80212,free_swing,624,176,752,266,-165.964,54.888,0,-49.30,-1414.82,0,156.47,2.42,2500,0,0,0
1128,18.8188,free_swing,626,176,710,309,-166.657,32.276,0,-11.31,-1335.51,0,157.31,2.97,2500,0,0,0
1129,18.83548,free_swing,625,176,651,332,-166.310,9.462,0,55.01,-1184.52,0,158.15,3.52,2500,0,0,0
1130,18.85217,free_swing,620,178,600,334,-164.399,-7.306,0,148.61,-1037.91,0,157.28,2.95,2500,0,0,0
1131,18.86885,free_swing,612,180,547,327,-161.452,-23.854,0,258.02,-932.45,0,160.73,5.21,2500,0,0,0
1132,18.88553,free_swing,598,186,498,306,-156.001,-39.806,0,350.42,-901.08,0,156.20,2.25,2500,0,0,0
1133,18.90222,free_swing,581,195,455,286,-149.098,-54.162,0,437.99,-860.10,0,155.43,1.74,2500,0,0,0
1134,18.9189,free_swing,564,208,418,264,-141.397,-69.015,0,587.28,-998.23,0,156.37,2.36,2500,0,0,0
1135,18.93558,free_swing,543,229,392,239,-130.641,-86.211,0,734.75,-1221.47,1,151.33,0.94,2500,1,0,0
1136,18.95227,free_swing,522,264,381,213,-115.747,-109.885,0,880.31,-1329.88,0,149.94,1.85,2500,0,0,0
1137,18.96895,free_swing,513,299,397,198,-102.407,-131.046,0,877.25,-1183.28,0,153.81,0.68,2500,0,0,0
1138,18.98563,free_swing,513,341,426,200,-86.566,-148.325,0,763.39,-884.24,1,165.68,8.45,2500,1,0,0
1139,19.00232,free_swing,516,369,459,214,-75.872,-159.809,0,689.52,-582.63,1,165.15,8.10,2500,1,0,0
1140,19.019,free_swing,524,396,491,235,-65.277,-168.417,0,658.67,-358.94,1,164.35,7.58,2500,1,0,0
1141,19.03568,free_swing,,,523,260,,,1,,,0,,,2500,0,0,0
1142,19.05237,free_swing,566,446,550,286,-40.394,-174.289,0,791.42,14.34,0,160.80,5.25,2500,0,0,0
1143,19.06905,free_swing,595,466,573,310,-26.906,-171.973,0,884.27,282.96,1,157.54,3.12,2500,1,0,0
1144,19.08573,free_swing,634,479,592,329,-11.160,-164.358,0,979.09,600.74,1,155.77,1.96,2500,1,0,0
1145,19.10242,free_swing,679,482,604,342,6.089,-151.821,0,1010.04,830.30,1,158.82,3.96,2500,1,0,0
1146,19.1191,free_swing,720,471,613,357,22.297,-136.814,0,970.28,1004.47,0,156.35,2.34,2500,0,0,0
1147,19.13578,free_swing,756,451,620,376,38.008,-118.875,0,905.73,1144.74,0,155.31,1.66,2500,0,0,0
1148,19.15247,free_swing,783,424,631,401,52.524,-98.604,0,845.50,1278.51,0,153.73,0.63,2500,0,0,0
1149,19.16915,free_swing,801,394,652,429,65.807,-76.781,0,739.03,1325.00,0,153.06,0.19,2500,0,0,0
1150,19.18583,free_swing,810,365,687,455,77.347,-53.807,0,595.10,1377.41,0,152.41,0.24,2500,0,0,0
1151,19.20252,free_swing,815,344,734,472,85.486,-32.326,0,416.20,1335.77,0,151.48,0.85,2500,0,0,0
1152,19.2192,free_swing,815,329,793,480,91.131,-8.289,0,246.97,1259.38,0,152.59,0.12,2500,0,0,0
1153,19.23588,free_swing,815,322,842,472,93.764,10.204,0,99.96,1237.35,0,152.41,0.24,2500,0,0,0
1154,19.25257,free_swing,816,320,895,451,94.485,31.092,0,-51.61,1242.85,0,152.98,0.13,2500,0,0,0
1155,19.26925,free_swing,815,325,937,416,92.637,53.281,0,-179.90,1301.14,0,152.20,0.37,2500,0,0,0
1156,19.28593,free_swing,815,335,,,88.869,,1,-214.53,,0,,,2500,0,0,0
1157,19.30262,free_swing,815,344,,,85.486,,1,-99.06,,0,,,2500,0,0,0
1158,19.3193,free_swing,815,344,946,279,85.486,116.390,0,73.86,1000.49,0,146.24,4.28,2500,0,0,0
1159,19.33598,free_swing,815,336,932,243,88.493,128.480,0,192.59,770.38,1,149.46,2.17,2500,1,0,0
1160,19.35267,free_swing,816,327,911,212,91.872,140.440,0,224.33,619.93,0,149.16,2.36,2500,0,0,0
1161,19.36935,free_swing,816,317,888,188,95.599,150.832,0,241.53,575.89,0,147.73,3.30,2500,0,0,0
1162,19.38603,free_swing,815,306,867,167,99.707,159.489,0,269.11,486.36,0,148.41,2.86,2500,0,0,0
1163,19.40272,free_swing,812,293,845,149,104.668,167.093,0,285.14,440.46,0,147.73,3.30,2500,0,0,0
1164,19.4194,free_swing,809,281,824,134,109.255,174.174,0,288.93,412.81,0,147.76,3.28,2500,0,0,0
1165,19.43608,free_swing,805,269,802,121,113.925,-178.839,0,267.92,394.12,0,148.03,3.10,2500,0,0,0
1166,19.45277,free_swing,800,258,781,111,118.376,-172.635,0,236.83,386.90,0,148.22,2.98,2500,0,0,0
1167,19.46945,free_swing,796,250,760,105,121.656,-166.057,0,177.18,392.19,0,149.40,2.21,2500,0,0,0
1168,19.48613,free_swing,792,244,739,104,124.301,-159.265,0,122.70,410.93,0,149.70,2.01,2500,0,0,0
1169,19.50282,free_swing,790,241,720,108,125.623,-152.241,0,68.54,450.21,0,150.30,1.62,2500,0,0,0
1170,19.5195,free_swing,788,239,701,117,126.649,-144.507,0,15.73,511.12,0,149.84,1.92,2500,0,0,0
1171,19.53618,free_swing,789,240,682,132,126.135,-135.266,0,-41.21,539.31,0,152.03,0.49,2500,0,0,0
1172,19.55287,free_swing,791,242,667,152,125.112,-125.972,0,-120.62,546.23,0,153.22,0.29,2500,0,0,0
1173,19.56955,free_swing,795,248,659,177,122.471,-117.567,0,-190.33,550.36,0,153.42,0.42,2500,0,0,0
1174,19.58623,free_swing,801,257,655,210,118.523,-107.844,0,-239.72,579.21,0,153.38,0.40,2500,0,0,0
1175,19.60292,free_swing,805,268,654,246,114.261,-98.289,0,-283.67,529.24,0,152.59,0.12,2500,0,0,0
1176,19.6196,free_swing,810,280,656,282,109.481,-89.256,0,-345.27,476.65,0,154.01,0.81,2500,0,0,0
1177,19.63628,free_swing,814,298,661,316,102.689,-83.290,0,-421.75,469.81,0,154.06,0.84,2500,0,0,0
1178,19.65297,free_swing,816,318,669,361,95.228,-73.695,0,-470.70,514.39,0,153.16,0.25,2500,0,0,0
1179,19.66965,free_swing,815,340,675,405,86.987,-65.095,0,-503.86,554.67,0,154.35,1.04,2500,0,0,0
1180,19.68633,free_swing,810,362,682,450,78.465,-55.491,0,-558.51,563.45,0,155.33,1.68,2500,0,0,0
1181,19.70302,free_swing,804,388,691,498,68.339,-45.771,0,-621.67,652.93,0,157.70,3.23,2500,0,0,0
1182,19.7197,free_swing,789,414,704,545,56.944,-32.978,0,-769.52,928.04,1,156.16,2.22,2500,1,0,0
1183,19.73638,free_swing,766,440,723,590,43.643,-15.996,0,-967.40,1333.99,1,156.04,2.14,2500,1,0,0
1184,19.75307,free_swing,,,750,617,,,1,,,0,,,2500,0,0,0
1185,19.76975,free_swing,681,481,768,597,6.888,36.870,0,-999.77,1394.53,0,145.00,5.09,2500,0,0,0
1186,19.78643,free_swing,644,479,766,562,-7.365,55.771,0,-816.44,1021.11,1,147.56,3.41,2500,1,0,0
1187,19.80312,free_swing,613,472,755,526,-19.654,69.179,0,-685.40,682.18,1,151.92,0.56,2500,1,0,0
1188,19.8198,free_swing,586,461,737,489,-30.833,79.495,0,-647.59,445.74,1,153.57,0.53,2500,1,0,0
1189,19.83648,free_swing,565,444,718,459,-41.186,84.401,0,-629.13,257.73,0,153.73,0.63,2500,0,0,0
1190,19.85317,free_swing,545,424,699,431,-52.058,87.397,0,-620.01,87.79,0,154.16,0.91,2500,0,0,0
1191,19.86985,free_swing,528,403,683,408,-62.259,88.152,0,-641.20,-72.07,0,155.08,1.51,2500,0,0,0
1192,19.88653,free_swing,517,377,670,390,-72.870,85.143,0,-664.69,-245.60,0,153.55,0.51,2500,0,0,0
1193,19.90322,free_swing,510,346,661,374,-84.772,79.495,0,-689.38,-398.52,0,153.57,0.53,2500,0,0,0
1194,19.9199,free_swing,509,316,657,363,-95.932,72.382,0,-683.20,-511.29,0,155.28,1.64,2500,0,0,0
1195,19.93658,free_swing,514,286,652,357,-107.157,62.775,0,-643.52,-568.33,0,155.19,1.59,2500,0,0,0
1196,19.95327,free_swing,525,259,648,353,-117.878,52.612,0,-634.96,-635.38,0,154.81,1.33,2500,0,0,0
1197,19.96995,free_swing,538,235,645,351,-127.811,42.689,0,-621.34,-676.48,0,157.81,3.30,2500,0,0,0
1198,19.98663,free_swing,559,213,636,349,-138.848,29.518,0,-615.32,-758.39,0,156.28,2.30,2500,0,0,0
1199,20.00332,free_swing,580,196,627,346,-148.605,17.398,0,-612.41,-821.55,0,157.19,2.89,2500,0,0,0
1200,20.02,free_swing,605,183,612,340,-158.731,2.553,0,-590.26,-846.66,0,157.16,2.87,2500,0,0,0
1201,20.03668,free_swing,632,175,601,328,-168.830,-11.454,0,-593.85,-890.81,0,156.11,2.18,2500,0,0,0
1202,20.05337,free_swing,658,172,589,311,-178.210,-26.400,0,-581.84,-900.65,0,155.18,1.58,2500,0,0,0
1203,20.07005,free_swing,686,173,581,290,171.769,-41.906,0,-567.96,-927.08,0,157.21,2.90,2500,0,0,0
1204,20.08673,free_swing,711,179,579,264,162.582,-57.221,0,-555.81,-930.33,0,157.00,2.77,2500,0,0,0
1205,20.10342,free_swing,734,189,585,235,153.595,-72.843,0,-526.85,-933.55,0,155.94,2.07,2500,0,0,0
1206,20.1201,free_swing,755,202,599,206,144.713,-88.531,0,-514.97,-956.27,0,156.05,2.15,2500,0,0,0
1207,20.13678,free_swing,772,217,621,178,136.534,-104.482,0,-513.19,-967.21,0,155.96,2.08,2500,0,0,0
1208,20.15347,free_swing,787,235,653,154,128.035,-121.152,0,-475.75,-985.08,0,156.58,2.49,2500,0,0,0
1209,20.17015,free_swing,800,253,693,137,119.970,-137.311,0,-417.92,-1008.49,0,157.81,3.30,2500,0,0,0
1210,20.18683,free_swing,805,268,739,128,114.261,-154.759,0,-371.30,-1074.43,0,154.78,1.31,2500,0,0,0
1211,20.20352,free_swing,810,284,791,132,108.083,-172.875,0,-365.45,-1088.61,0,153.18,0.27,2500,0,0,0
1212,20.2202,free_swing,814,301,847,155,101.602,167.264,0,-373.93,-1164.42,0,149.68,2.02,2500,0,0,0
1213,20.23688,free_swing,815,317,893,187,95.636,149.036,0,-340.40,-1380.57,1,151.60,0.76,2500,1,0,0
1214,20.25357,free_swing,815,331,941,251,90.377,122.412,0,-284.49,-1678.49,1,149.25,2.30,2500,1,0,0
1215,20.27025,free_swing,815,343,,,85.861,,1,-240.83,,0,,,2500,0,0,0
1216,20.28693,free_swing,813,353,946,422,82.030,62.580,0,-266.79,-1646.27,0,149.83,1.92,2500,0,0,0
1217,20.30362,free_swing,811,366,909,483,77.062,39.950,0,-382.99,-1410.72,1,152.62,0.10,2500,1,0,0
1218,20.3203,free_swing,804,386,846,538,69.044,15.446,0,-552.72,-1203.83,1,157.70,3.22,2500,1,0,0
1219,20.33698,free_swing,790,410,788,570,58.443,-0.716,0,-700.71,-978.76,1,160.01,4.74,2500,1,0,0
1220,20.35367,free_swing,770,436,725,591,45.815,-16.189,0,-804.84,-674.15,1,161.40,5.65,2500,1,0,0
1221,20.37035,free_swing,742,458,677,600,32.087,-24.596,0,-836.67,-464.39,1,156.17,2.22,2500,1,0,0
1222,20.38703,free_swing,708,473,630,606,17.700,-30.390,0,-813.95,-248.17,1,154.18,0.93,2500,1,0,0
1223,20.40372,free_swing,676,481,591,608,4.986,-33.794,0,-795.45,-90.86,0,152.82,0.03,2500,0,0,0
1224,20.4204,free_swing,642,481,557,607,-8.022,-34.004,0,-785.79,70.23,0,151.99,0.51,2500,0,0,0
1225,20.43708,free_swing,608,472,528,601,-21.448,-31.805,0,-744.32,106.99,0,151.79,0.64,2500,0,0,0
1226,20.45377,free_swing,581,458,505,588,-33.056,-30.311,0,-638.23,-1.65,0,150.59,1.43,2500,0,0,0
1227,20.47045,free_swing,562,444,481,571,-42.044,-32.530,0,-496.07,-178.24,0,150.63,1.40,2500,0,0,0
1228,20.48713,free_swing,549,430,457,551,-49.316,-37.247,0,-312.94,-414.21,1,152.00,0.50,2500,1,0,0
1229,20.50382,free_swing,543,422,435,529,-53.130,-45.266,0,-101.61,-664.83,1,152.03,0.49,2500,1,0,0
1230,20.5205,free_swing,544,423,413,501,-52.595,-59.230,0,76.20,-851.51,0,152.46,0.20,2500,0,0,0
1231,20.53718,free_swing,547,428,401,469,-50.389,-74.314,0,161.87,-908.61,0,151.65,0.74,2500,0,0,0
1232,20.55387,free_swing,552,433,400,437,-47.701,-88.493,0,185.39,-851.98,0,152.05,0.47,2500,0,0,0
1233,20.57055,free_swing,558,439,409,406,-44.459,-102.488,0,200.83,-792.69,0,152.61,0.11,2500,0,0,0
1234,20.58723,free_swing,565,445,426,380,-40.934,-115.062,0,209.33,-739.97,0,153.45,0.44,2500,0,0,0
1235,20.60392,free_swing,572,451,449,359,-37.405,-126.795,0,223.40,-671.65,0,153.60,0.54,2500,0,0,0
1236,20.6206,free_swing,580,457,477,344,-33.584,-137.651,0,257.33,-599.06,0,152.90,0.08,2500,0,0,0
1237,20.63728,free_swing,591,463,507,335,-28.794,-146.725,0,296.02,-512.45,0,153.10,0.22,2500,0,0,0
1238,20.65397,free_swing,604,469,538,331,-23.299,-154.440,0,365.60,-402.08,0,152.97,0.13,2500,0,0,0
1239,20.67065,free_swing,619,474,568,330,-17.216,-160.498,0,421.16,-296.61,0,152.76,0.00,2500,0,0,0
1240,20.68733,free_swing,640,479,598,332,-8.893,-164.055,0,463.80,-171.53,0,152.88,0.07,2500,0,0,0
1241,20.70402,free_swing,659,481,624,333,-1.538,-166.695,0,494.93,-109.96,0,152.08,0.45,2500,0,0,0
1242,20.7207,free_swing,681,480,647,331,6.934,-167.146,0,517.17,-47.19,0,152.83,0.04,2500,0,0,0
1243,20.73738,free_swing,704,475,675,326,15.998,-168.986,0,535.50,-2.36,0,151.80,0.64,2500,0,0,0
1244,20.75407,free_swing,726,467,693,319,25.017,-167.430,0,544.03,24.72,0,151.63,0.74,2500,0,0,0
1245,20.77075,free_swing,745,456,713,308,33.476,-167.800,0,528.16,6.54,0,151.42,0.88,2500,0,0,0
1246,20.78743,free_swing,765,441,733,294,43.100,-167.719,0,517.15,-71.94,0,150.44,1.52,2500,0,0,0
1247,20.80412,free_swing,778,426,752,278,50.738,-170.036,0,508.05,-122.99,0,150.27,1.64,2500,0,0,0
1248,20.8208,free_swing,792,408,772,259,59.496,-172.355,0,488.86,-197.73,0,150.34,1.59,2500,0,0,0
1249,20.83748,free_swing,802,389,792,241,67.703,-176.135,0,487.68,-265.48,0,148.34,2.90,2500,0,0,0
1250,20.85417,free_swing,809,370,813,221,75.411,178.462,0,459.26,-357.77,0,149.05,2.43,2500,0,0,0
1251,20.87085,free_swing,814,350,835,204,83.202,171.815,0,458.54,-447.04,0,147.50,3.45,2500,0,0,0
1252,20.88753,free_swing,816,330,858,188,90.749,163.523,0,485.60,-571.22,0,148.08,3.07,2500,0,0,0
1253,20.90422,free_swing,814,308,881,176,99.031,153.089,0,486.13,-688.21,0,148.03,3.10,2500,0,0,0
1254,20.9209,free_swing,810,285,905,172,107.731,139.946,0,497.43,-817.38,0,147.63,3.37,2500,0,0,0
1255,20.93758,free_swing,804,266,925,177,115.084,126.336,0,509.46,-939.58,0,150.21,1.68,2500,0,0,0
1256,20.95427,free_swing,793,243,933,194,124.396,109.290,0,517.18,-994.06,0,148.33,2.91,2500,0,0,0
1257,20.97095,free_swing,779,224,929,218,132.955,92.291,0,502.84,-988.34,0,150.12,1.74,2500,0,0,0
1258,20.98763,free_swing,763,210,911,244,140.659,77.062,0,438.55,-920.50,0,151.86,0.60,2500,0,0,0
1259,21.00432,free_swing,748,198,882,270,147.612,61.750,0,383.33,-892.32,0,152.12,0.43,2500,0,0,0
1260,21.021,free_swing,734,189,846,293,153.595,47.121,0,337.88,-878.31,0,152.84,0.04,2500,0,0,0
1261,21.03768,free_swing,721,182,804,313,158.860,32.358,0,316.40,-862.17,0,155.08,1.51,2500,0,0,0
1262,21.05437,free_swing,707,177,756,325,164.152,18.319,0,314.22,-884.33,0,155.90,2.05,2500,0,0,0
1263,21.07105,free_swing,692,174,702,328,169.599,3.715,0,330.11,-830.59,0,154.32,1.02,2500,0,0,0
1264,21.08773,free_swing,677,172,647,328,174.999,-10.886,0,334.78,-788.25,0,158.86,3.98,2500,0,0,0
1265,21.10442,free_swing,660,172,603,317,-178.926,-21.460,0,359.45,-724.54,0,155.80,1.98,2500,0,0,0
1266,21.1211,free_swing,644,172,552,303,-173.228,-35.080,0,387.02,-708.23,0,160.08,4.78,2500,0,0,0
1267,21.13778,free_swing,624,176,511,285,-165.964,-46.032,0,422.52,-730.06,0,157.00,2.77,2500,0,0,0
1268,21.15447,free_swing,606,183,472,265,-159.066,-58.536,0,443.81,-713.61,0,157.10,2.83,2500,0,0,0
1269,21.17115,free_swing,586,192,439,243,-151.189,-70.866,0,455.17,-780.14,0,155.60,1.85,2500,0,0,0
1270,21.18783,free_swing,569,203,415,220,-143.920,-83.701,0,478.61,-829.71,0,154.94,1.42,2500,0,0,0
1271,21.20452,free_swing,552,219,401,196,-135.512,-98.661,0,487.80,-871.39,0,152.74,0.02,2500,0,0,0
1272,21.2212,free_swing,538,236,399,178,-127.524,-112.649,0,474.25,-819.68,0,150.62,1.41,2500,0,0,0
1273,21.23788,free_swing,528,254,405,166,-120.018,-125.582,0,403.88,-679.55,0,151.24,1.00,2500,0,0,0
1274,21.25457,free_swing,520,268,414,162,-114.111,-135.000,0,297.81,-475.36,1,149.91,1.87,2500,1,0,0
1275,21.27125,free_swing,516,278,422,160,-110.171,-141.459,0,162.59,-234.24,1,150.86,1.25,2500,1,0,0
1276,21.28793,free_swing,514,282,424,162,-108.550,-143.130,0,47.42,-49.90,0,150.00,1.81,2500,0,0,0
1277,21.30462,free_swing,515,282,423,162,-108.667,-142.524,0,-28.98,84.81,0,151.21,1.02,2500,0,0,0
1278,21.3213,free_swing,515,280,420,163,-109.359,-140.925,0,-63.08,178.15,0,150.71,1.35,2500,0,0,0
1279,21.33798,free_swing,517,277,415,168,-110.642,-136.900,0,-83.02,269.46,0,149.28,2.28,2500,0,0,0
1280,21.35467,free_swing,518,273,405,173,-112.141,-131.507,0,-113.25,353.23,0,150.89,1.23,2500,0,0,0
1281,21.37135,free_swing,521,268,398,181,-114.261,-125.272,0,-142.82,432.90,0,150.66,1.38,2500,0,0,0
1282,21.38803,free_swing,524,261,390,192,-117.058,-117.245,0,-176.22,540.29,0,150.72,1.34,2500,0,0,0
1283,21.40472,free_swing,528,254,383,209,-120.018,-107.241,0,-199.26,646.14,0,151.82,0.62,2500,0,0,0
1284,21.4214,free_swing,532,245,382,230,-123.589,-95.711,0,-204.39,708.01,0,150.75,1.32,2500,0,0,0
1285,21.43808,free_swing,537,237,386,254,-127.015,-83.577,0,-204.04,741.51,0,151.95,0.53,2500,0,0,0
1286,21.45477,free_swing,542,230,398,279,-130.130,-71.208,0,-195.47,771.75,0,152.11,0.43,2500,0,0,0
1287,21.47145,free_swing,548,223,417,305,-133.466,-57.955,0,-179.77,800.91,0,154.55,1.16,2500,0,0,0
1288,21.48813,free_swing,553,217,444,329,-136.273,-44.222,0,-146.09,836.31,0,156.28,2.30,2500,0,0,0
1289,21.50482,free_swing,557,213,478,348,-138.307,-30.336,0,-111.19,861.67,0,156.42,2.39,2500,0,0,0
1290,21.5215,free_swing,560,210,518,362,-139.827,-15.446,0,-88.36,887.04,0,157.70,3.22,2500,0,0,0
1291,21.53818,free_swing,564,208,562,365,-141.397,-0.730,0,-71.84,904.22,0,157.01,2.78,2500,0,0,0
1292,21.55487,free_swing,566,206,605,359,-142.409,14.300,0,-63.54,877.67,0,157.89,3.35,2500,0,0,0
1293,21.57155,free_swing,568,204,644,342,-143.418,28.843,0,-70.40,832.39,0,157.54,3.12,2500,0,0,0
1294,21.58823,free_swing,571,201,676,319,-144.920,41.664,0,-105.39,756.04,0,157.95,3.39,2500,0,0,0
1295,21.60492,free_swing,576,198,702,290,-147.006,53.865,0,-159.09,655.61,0,156.01,2.12,2500,0,0,0
1296,21.6216,free_swing,583,193,724,262,-150.078,63.925,0,-202.66,547.72,0,156.98,2.75,2500,0,0,0
1297,21.63828,free_swing,593,188,740,236,-154.075,71.917,0,-247.36,447.49,0,154.64,1.22,2500,0,0,0
1298,21.65497,free_swing,603,183,756,213,-158.066,78.906,0,-278.04,391.96,0,155.91,2.06,2500,0,0,0
1299,21.67165,free_swing,617,178,772,191,-163.369,85.206,0,-310.35,366.18,0,155.54,1.82,2500,0,0,0
1300,21.68833,free_swing,631,174,786,171,-168.551,91.109,0,-343.44,337.38,0,155.03,1.48,2500,0,0,0
1301,21.70502,free_swing,648,172,799,154,-174.644,96.798,0,-372.54,325.40,0,152.07,0.46,2500,0,0,0
1302,21.7217,free_swing,666,171,813,140,178.933,101.908,0,-403.51,333.87,0,150.23,1.66,2500,0,0,0
1303,21.73838,free_swing,686,173,827,127,171.769,108.068,0,-439.77,380.62,0,148.31,2.92,2500,0,0,0
1304,21.75507,free_swing,706,178,840,116,164.399,114.829,0,-489.90,475.23,0,147.65,3.35,2500,0,0,0
1305,21.77175,free_swing,729,187,852,106,155.526,123.366,0,-532.89,536.92,0,147.28,3.60,2500,0,0,0
1306,21.78843,free_swing,751,200,859,98,146.310,133.363,0,-566.05,576.07,0,148.55,2.76,2500,0,0,0
1307,21.80512,free_swing,772,216,863,99,136.782,142.125,0,-617.67,599.84,0,148.22,2.98,2500,0,0,0
1308,21.8218,free_swing,790,238,861,105,126.507,151.905,0,-595.87,493.75,0,150.76,1.31,2500,0,0,0
1309,21.83848,free_swing,806,265,857,122,115.105,160.372,0,-613.76,312.13,0,151.82,0.62,2500,0,0,0
1310,21.85517,free_swing,806,288,853,145,107.103,161.806,0,-702.37,163.77,0,150.53,1.47,2500,0,0,0
1311,21.87185,free_swing,,,851,173,,,1,,,0,,,2500,0,0,0
1312,21.88853,free_swing,811,362,851,205,78.541,165.706,0,-840.16,-65.48,0,162.02,6.05,2500,0,0,0
1313,21.90522,free_swing,801,393,852,238,66.153,161.787,0,-792.96,-360.89,1,163.17,6.81,2500,1,0,0
1314,21.9219,free_swing,782,423,857,280,52.595,152.324,0,-801.02,-717.99,1,161.47,5.70,2500,1,0,0
1315,21.93858,free_swing,758,448,863,328,39.316,138.814,0,-762.87,-936.29,1,159.45,4.37,2500,1,0,0
1316,21.95527,free_swing,731,464,867,387,27.255,119.518,0,-626.74,-1208.85,1,156.28,2.30,2500,1,0,0
1317,21.97195,free_swing,711,472,863,446,18.925,99.707,0,-414.11,-1529.60,1,154.21,0.94,2500,1,0,0
1318,21.98863,free_swing,698,476,839,530,13.661,69.044,0,-118.06,-1913.44,1,150.99,1.17,2500,1,0,0
1319,22.00532,free_swing,698,477,786,598,13.570,36.027,0,104.20,-2147.29,1,149.62,2.07,2500,1,0,0
1320,22.022,free_swing,708,475,704,625,17.468,-1.528,0,133.12,-2014.59,0,150.05,1.78,2500,0,0,0
1321,22.03868,free_swing,709,474,628,603,17.949,-32.125,0,-64.38,-1753.62,1,152.32,0.29,2500,1,0,0
1322,22.05537,free_swing,700,476,570,558,14.410,-57.758,0,-315.95,-1457.74,1,153.70,0.61,2500,1,0,0
1323,22.07205,free_swing,682,480,533,503,7.316,-81.225,0,-475.46,-1281.62,0,150.76,1.31,2500,0,0,0
1324,22.08873,free_swing,660,482,514,453,-1.146,-101.234,0,-546.20,-1139.30,0,148.85,2.57,2500,0,0,0
1325,22.10542,free_swing,635,479,499,405,-10.784,-118.551,0,-595.50,-987.37,0,154.83,1.35,2500,0,0,0
1326,22.1221,free_swing,610,476,498,366,-20.206,-134.484,0,-603.99,-829.79,0,156.98,2.76,2500,0,0,0
1327,22.13878,free_swing,586,461,502,334,-30.833,-146.519,0,-533.34,-647.95,0,152.27,0.33,2500,0,0,0
1328,22.15547,free_swing,570,450,507,311,-38.243,-155.618,0,-389.93,-457.73,0,152.61,0.11,2500,0,0,0
1329,22.17215,free_swing,560,442,513,297,-43.118,-162.041,0,-204.31,-291.22,0,152.43,0.23,2500,0,0,0
1330,22.18883,free_swing,556,438,518,290,-45.269,-165.600,0,-52.01,-142.92,0,152.80,0.02,2500,0,0,0
1331,22.20552,free_swing,557,438,522,289,-45.000,-166.781,0,73.94,-36.64,0,153.06,0.19,2500,0,0,0
1332,22.2222,free_swing,561,442,526,292,-42.839,-166.866,0,152.29,26.10,0,154.03,0.82,2500,0,0,0
1333,22.23888,free_swing,567,447,529,295,-39.855,-165.964,0,212.72,87.48,0,156.68,2.56,2500,0,0,0
1334,22.25557,free_swing,575,453,532,304,-36.027,-163.902,0,286.40,195.34,0,155.08,1.51,2500,0,0,0
1335,22.27225,free_swing,587,461,533,315,-30.504,-159.702,0,355.61,314.22,0,155.67,1.90,2500,0,0,0
1336,22.28893,free_swing,603,468,532,329,-23.806,-152.942,0,408.84,436.89,0,156.08,2.17,2500,0,0,0
1337,22.30562,free_swing,619,475,530,347,-17.103,-145.189,0,445.39,550.59,0,155.90,2.05,2500,0,0,0
1338,22.3223,free_swing,639,479,529,370,-9.273,-134.738,0,473.21,680.47,0,154.86,1.37,2500,0,0,0
1339,22.33898,free_swing,660,480,529,397,-1.161,-122.358,0,478.62,826.28,0,155.08,1.51,2500,0,0,0
1340,22.35567,free_swing,680,480,533,434,6.553,-107.376,0,443.95,933.69,0,154.03,0.82,2500,0,0,0
1341,22.37235,free_swing,698,477,546,475,13.570,-90.754,0,412.06,1042.94,0,152.01,0.50,2500,0,0,0
1342,22.38903,free_swing,714,473,571,517,19.885,-72.897,0,352.04,1174.63,0,149.62,2.07,2500,0,0,0
1343,22.40572,free_swing,728,467,608,561,25.710,-51.927,0,277.61,1325.47,0,152.43,0.22,2500,0,0,0
1344,22.4224,free_swing,735,462,663,594,28.980,-28.610,0,188.15,1418.79,0,150.36,1.58,2500,0,0,0
1345,22.43908,free_swing,742,459,730,610,31.884,-4.544,0,111.48,1455.28,0,151.48,0.85,2500,0,0,0
1346,22.45577,free_swing,745,457,792,596,33.265,18.682,0,86.56,1356.09,0,146.73,3.95,2500,0,0,0
1347,22.47245,free_swing,748,455,847,565,34.647,41.987,0,111.63,1271.15,0,147.99,3.13,2500,0,0,0
1348,22.48913,free_swing,753,451,885,528,37.100,59.744,0,185.89,1177.37,0,152.82,0.03,2500,0,0,0
1349,22.50582,free_swing,761,444,908,468,41.186,80.727,0,272.28,1049.61,0,148.95,2.50,2500,0,0,0
1350,22.5225,free_swing,770,435,920,418,46.091,96.466,0,348.42,913.75,0,150.96,1.19,2500,0,0,0
1351,22.53918,free_swing,781,422,922,372,52.667,109.525,0,409.85,701.38,1,149.60,2.07,2500,1,0,0
1352,22.55587,free_swing,792,407,922,330,59.826,120.639,0,446.08,586.11,0,151.09,1.10,2500,0,0,0
1353,22.57255,free_swing,801,389,918,295,67.557,128.779,0,476.81,442.72,0,150.08,1.76,2500,0,0,0
1354,22.58923,free_swing,808,370,913,262,75.315,135.807,0,490.29,320.68,0,150.63,1.40,2500,0,0,0
1355,22.60592,free_swing,811,347,909,233,84.213,139.316,0,500.67,206.29,0,150.33,1.60,2500,0,0,0
1356,22.6226,free_swing,814,327,905,208,91.897,142.595,0,501.46,93.49,0,149.81,1.94,2500,0,0,0
1357,22.63928,free_swing,813,304,903,185,100.574,142.900,0,475.53,10.85,0,149.20,2.34,2500,0,0,0
1358,22.65597,free_swing,810,283,901,166,108.435,142.125,0,467.48,-132.82,0,148.22,2.98,2500,0,0,0
1359,22.67265,free_swing,804,264,901,150,115.747,139.606,0,474.34,-249.65,0,149.68,2.02,2500,0,0,0
1360,22.68933,free_swing,793,244,902,141,124.095,133.379,0,503.64,-335.54,0,149.97,1.84,2500,0,0,0
1361,22.70602,free_swing,779,224,897,132,132.955,127.942,0,513.07,-383.17,0,149.63,2.06,2500,0,0,0
1362,22.7227,free_swing,762,209,890,130,141.170,121.682,0,503.99,-413.60,0,150.42,1.54,2500,0,0,0
1363,22.73938,free_swing,744,195,881,134,149.407,114.001,0,499.12,-453.80,0,149.97,1.84,2500,0,0,0
1364,22.75607,free_swing,723,184,868,141,157.932,106.518,0,491.36,-417.22,0,151.24,1.00,2500,0,0,0
1365,22.77275,free_swing,702,177,854,150,165.877,100.072,0,461.29,-339.79,0,154.38,1.05,2500,0,0,0
1366,22.78943,free_swing,682,173,835,159,173.186,95.228,0,428.90,-296.75,0,153.64,0.57,2500,0,0,0
1367,22.80612,free_swing,663,171,818,170,180.000,90.370,0,387.66,-301.77,0,155.00,1.46,2500,0,0,0
1368,22.8228,free_swing,645,172,801,186,-173.581,84.872,0,357.15,-320.48,0,156.63,2.52,2500,0,0,0
1369,22.83948,free_swing,631,174,783,203,-168.551,79.198,0,306.90,-344.47,0,154.74,1.29,2500,0,0,0
1370,22.85617,free_swing,617,178,767,223,-163.369,73.301,0,226.89,-425.33,0,156.60,2.51,2500,0,0,0
1371,22.87285,free_swing,610,180,752,246,-160.777,65.072,0,108.18,-591.24,0,156.59,2.50,2500,0,0,0
1372,22.88953,free_swing,608,181,735,275,-159.986,53.493,0,-22.86,-784.98,0,158.00,3.42,2500,0,0,0
1373,22.90622,free_swing,612,180,711,303,-161.452,38.830,0,-112.54,-916.75,0,157.89,3.35,2500,0,0,0
1374,22.9229,free_swing,618,178,679,324,-163.711,22.676,0,-178.01,-1017.23,0,158.23,3.57,2500,0,0,0
1375,22.93958,free_swing,627,176,643,333,-167.005,5.819,0,-204.32,-1075.67,0,157.81,3.30,2500,0,0,0
1376,22.95627,free_swing,637,174,601,327,-170.655,-13.241,0,-212.31,-1091.26,0,157.18,2.88,2500,0,0,0
1377,22.97295,free_swing,646,173,566,307,-173.897,-30.838,0,-198.46,-1056.45,0,156.06,2.16,2500,0,0,0
1378,22.98963,free_swing,655,171,539,276,-177.155,-47.849,0,-182.63,-994.18,0,156.46,2.42,2500,0,0,0
1379,23.00632,free_swing,663,171,523,239,180.000,-64.093,0,-158.61,-953.39,0,155.64,1.88,2500,0,0,0
1380,23.023,free_swing,670,172,517,200,177.495,-79.629,0,-126.25,-894.79,0,155.54,1.81,2500,0,0,0
1381,23.03968,free_swing,675,172,521,161,175.711,-94.086,0,-115.00,-842.64,0,154.39,1.06,2500,0,0,0
1382,23.05637,free_swing,680,173,534,127,173.897,-107.488,0,-109.88,-796.59,0,153.08,0.20,2500,0,0,0
1383,23.07305,free_swing,686,175,554,97,171.666,-120.579,0,-119.10,-712.79,0,153.32,0.36,2500,0,0,0
1384,23.08973,free_swing,691,174,579,72,169.951,-132.325,0,-130.34,-696.24,0,151.49,0.84,2500,0,0,0
1385,23.10642,free_swing,698,176,605,56,167.355,-142.224,0,-162.05,-685.26,0,151.82,0.62,2500,0,0,0
1386,23.1231,free_swing,706,178,645,44,164.399,-155.524,0,-213.25,-621.22,0,147.23,3.63,2500,0,0,0
1387,23.13978,free_swing,717,181,676,34,160.322,-164.416,0,-258.75,-514.34,0,152.61,0.11,2500,0,0,0
1388,23.15647,free_swing,729,186,706,37,155.674,-171.225,0,-296.17,-428.36,0,150.76,1.31,2500,0,0,0
1389,23.17315,free_swing,742,193,739,42,150.388,-178.862,0,-334.81,-455.79,0,151.03,1.14,2500,0,0,0
1390,23.18983,free_swing,755,202,773,56,144.713,172.972,0,-374.05,-458.54,0,147.11,3.71,2500,0,0,0
1391,23.20652,free_swing,770,214,807,70,137.799,165.590,0,-409.35,-446.66,0,148.68,2.68,2500,0,0,0
1392,23.2232,free_swing,782,229,837,89,130.878,158.552,0,-457.15,-447.70,0,150.42,1.54,2500,0,0,0
1393,23.23988,free_swing,795,246,869,117,123.085,150.160,0,-485.82,-510.24,0,148.72,2.65,2500,0,0,0
1394,23.25657,free_swing,805,268,898,150,114.261,141.757,0,-499.12,-555.91,0,150.24,1.65,2500,0,0,0
1395,23.27325,free_swing,811,289,924,191,106.201,130.934,0,-523.13,-645.51,0,149.58,2.09,2500,0,0,0
1396,23.28993,free_swing,815,312,945,235,97.496,120.639,0,-565.94,-773.34,0,151.09,1.10,2500,0,0,0
1397,23.30662,free_swing,815,340,,,86.987,,1,-619.84,,0,,,2500,0,0,0
1398,23.3233,free_swing,811,367,,,76.695,,1,-634.63,,0,,,2500,0,0,0
1399,23.33998,free_swing,801,393,946,430,66.153,75.685,0,-611.79,-1058.28,0,149.65,2.05,2500,0,0,0
1400,23.35667,free_swing,787,416,915,494,55.886,58.643,0,-619.04,-1141.22,0,149.89,1.88,2500,0,0,0
1401,23.37335,free_swing,771,437,856,560,45.807,34.647,0,-645.68,-1098.36,0,149.51,2.13,2500,0,0,0
1402,23.39003,free_swing,747,456,804,596,34.114,22.153,0,-715.89,-920.24,0,151.16,1.06,2500,0,0,0
1403,23.40672,free_swing,719,471,737,621,21.943,6.843,0,-785.91,-748.74,0,151.08,1.11,2500,0,0,0
1404,23.4234,free_swing,684,481,670,631,8.022,-5.332,0,-825.25,-724.07,0,150.65,1.39,2500,0,0,0
1405,23.44008,free_swing,648,481,605,625,-5.749,-16.626,0,-850.07,-657.54,0,150.28,1.63,2500,0,0,0
1406,23.45677,free_swing,612,474,545,606,-19.756,-26.911,0,-825.39,-622.10,0,148.03,3.10,2500,0,0,0
1407,23.47345,free_swing,580,457,486,576,-33.584,-38.306,0,-784.91,-588.67,0,151.65,0.74,2500,0,0,0
1408,23.49013,free_swing,555,437,445,541,-45.807,-46.606,0,-730.89,-592.14,0,151.38,0.91,2500,0,0,0
1409,23.50682,free_swing,535,413,408,495,-57.674,-57.151,0,-676.79,-616.98,0,151.17,1.05,2500,0,0,0
1410,23.5235,free_swing,521,387,381,443,-68.827,-68.199,0,-645.53,-679.88,0,150.78,1.30,2500,0,0,0
1411,23.54018,free_swing,513,361,365,390,-79.058,-78.914,0,-620.28,-626.55,0,150.81,1.28,2500,0,0,0
1412,23.55687,free_swing,510,333,357,334,-89.626,-89.626,0,-630.69,-536.01,0,153.00,0.15,2500,0,0,0
1413,23.57355,free_swing,511,305,360,287,-100.072,-96.798,0,-655.74,-446.44,0,152.07,0.46,2500,0,0,0
1414,23.59023,free_swing,519,276,372,239,-111.251,-104.128,0,-648.43,-407.29,0,151.58,0.78,2500,0,0,0
1415,23.60692,free_swing,529,249,388,194,-121.774,-111.309,0,-579.27,-489.20,0,151.35,0.93,2500,0,0,0
1416,23.6236,free_swing,543,229,412,154,-130.641,-119.792,0,-477.60,-569.31,0,150.95,1.19,2500,0,0,0
1417,23.64028,free_swing,555,215,442,116,-137.291,-131.222,0,-379.51,-707.76,0,150.23,1.66,2500,0,0,0
1418,23.65697,free_swing,568,204,476,85,-143.418,-142.292,0,-298.85,-726.80,0,150.42,1.54,2500,0,0,0
1419,23.67365,free_swing,577,196,519,61,-147.693,-156.750,0,-258.15,-713.76,0,146.93,3.82,2500,0,0,0
1420,23.69033,free_swing,586,191,551,44,-151.361,-166.608,0,-208.17,-864.92,0,151.11,1.09,2500,0,0,0
1421,23.70702,free_swing,596,187,602,39,-155.200,177.678,0,-162.00,-992.14,0,148.12,3.04,2500,0,0,0
1422,23.7237,free_swing,600,185,659,47,-156.801,156.852,0,-96.38,-1114.14,0,150.08,1.76,2500,0,0,0
1423,23.74038,free_swing,603,183,696,67,-158.066,141.280,0,-34.06,-1076.52,0,148.68,2.68,2500,0,0,0
1424,23.75707,free_swing,604,183,731,103,-158.398,122.208,0,-11.46,-1102.96,0,150.10,1.75,2500,0,0,0
1425,23.77375,free_swing,604,184,747,150,-158.265,103.374,0,4.81,-1244.50,0,146.99,3.79,2500,0,0,0
1426,23.79043,free_swing,604,183,757,206,-158.398,81.451,0,-9.58,-1329.08,0,154.72,1.28,2500,0,0,0
1427,23.80712,free_swing,604,183,738,264,-158.398,58.848,0,-7.31,-1362.34,0,156.58,2.49,2500,0,0,0
1428,23.8238,free_swing,605,183,697,309,-158.731,36.135,0,17.07,-1303.08,0,156.01,2.12,2500,0,0,0
1429,23.84048,free_swing,602,184,645,337,-157.600,15.698,0,77.86,-1224.72,0,158.93,4.03,2500,0,0,0
1430,23.85717,free_swing,598,187,587,345,-155.854,-3.983,0,188.13,-1079.36,0,158.38,3.67,2500,0,0,0
1431,23.87385,free_swing,587,191,528,340,-151.675,-21.602,0,307.45,-957.32,0,160.26,4.90,2500,0,0,0
1432,23.89053,free_swing,572,201,482,328,-145.214,-35.324,0,401.63,-847.33,0,155.66,1.89,2500,0,0,0
1433,23.90722,free_swing,556,215,433,315,-137.556,-50.889,0,537.98,-932.17,0,158.52,3.76,2500,0,0,0
1434,23.9239,free_swing,538,233,394,296,-128.379,-66.371,0,737.94,-1215.80,1,157.18,2.88,2500,1,0,0
1435,23.94058,free_swing,520,270,369,271,-113.440,-89.621,0,871.25,-1398.32,0,151.00,1.16,2500,0,0,0
1436,23.95727,free_swing,510,311,372,247,-97.815,-114.880,0,911.73,-1352.85,0,152.12,0.43,2500,0,0,0
1437,23.97395,free_swing,511,346,398,238,-84.738,-133.704,0,820.86,-1048.27,1,156.31,2.32,2500,1,0,0
1438,23.99063,free_swing,521,383,435,244,-70.244,-148.255,0,754.75,-688.43,1,163.45,6.99,2500,1,0,0
1439,24.00732,free_swing,533,410,472,259,-59.036,-158.003,0,718.64,-456.30,1,162.86,6.60,2500,1,0,0
1440,24.024,free_swing,,,508,278,,,1,,,0,,,2500,0,0,0
1441,24.04068,free_swing,578,455,541,299,-34.647,-166.657,0,785.76,-55.30,0,160.33,4.95,2500,0,0,0
1442,24.05737,free_swing,610,471,570,320,-20.872,-165.163,0,879.30,206.85,1,156.21,2.25,2500,1,0,0
1443,24.07405,free_swing,649,481,593,336,-5.368,-158.883,0,973.89,540.24,1,155.44,1.75,2500,1,0,0
1444,24.09073,free_swing,693,479,610,347,11.535,-147.839,0,992.97,763.49,1,155.93,2.07,2500,1,0,0
1445,24.10742,free_swing,733,464,620,359,27.937,-132.898,0,965.24,942.10,0,154.25,0.97,2500,0,0,0
1446,24.1241,free_swing,766,442,629,372,43.118,-117.065,0,912.53,1070.45,0,153.85,0.70,2500,0,0,0
1447,24.14078,free_swing,791,411,640,391,58.318,-97.545,0,865.46,1194.59,0,152.32,0.30,2500,0,0,0
1448,24.15747,free_swing,807,379,657,413,71.924,-77.229,0,783.53,1279.34,0,153.81,0.68,2500,0,0,0
1449,24.17415,free_swing,813,347,688,434,84.289,-55.162,0,652.89,1278.53,0,152.30,0.31,2500,0,0,0
1450,24.19083,free_swing,816,322,730,448,93.740,-34.315,0,503.87,1286.86,0,152.55,0.14,2500,0,0,0
1451,24.20752,free_swing,814,303,778,452,100.871,-13.583,0,346.57,1201.22,0,153.29,0.34,2500,0,0,0
1452,24.2242,free_swing,811,291,831,443,105.484,7.496,0,208.92,1150.93,0,153.31,0.35,2500,0,0,0
1453,24.24088,free_swing,811,284,874,424,107.969,24.228,0,99.79,1180.07,0,153.52,0.49,2500,0,0,0
1454,24.25757,free_swing,810,282,916,387,108.785,45.272,0,14.63,1216.64,0,149.20,2.34,2500,0,0,0
1455,24.27425,free_swing,809,282,948,341,108.905,67.001,0,-40.16,1244.09,0,151.00,1.16,2500,0,0,0
1456,24.29093,free_swing,809,285,,,107.844,,1,-20.16,,0,,,2500,0,0,0
1457,24.30762,free_swing,810,285,948,252,107.731,103.449,0,48.18,911.25,0,141.89,7.12,2500,0,0,0
1458,24.3243,free_swing,809,279,942,213,109.952,116.392,0,130.53,779.04,0,148.48,2.81,2500,0,0,0
1459,24.34098,free_swing,807,273,924,181,112.280,128.179,0,175.55,669.72,0,148.84,2.57,2500,0,0,0
1460,24.35767,free_swing,804,265,900,152,115.416,139.650,0,197.23,628.11,0,148.27,2.94,2500,0,0,0
1461,24.37435,free_swing,800,256,876,129,119.019,149.103,0,234.38,539.79,0,148.00,3.12,2500,0,0,0
1462,24.39103,free_swing,795,246,851,110,123.085,157.620,0,267.02,442.15,0,147.08,3.73,2500,0,0,0
1463,24.40772,free_swing,788,235,828,94,127.811,164.162,0,286.53,372.83,0,146.56,4.06,2500,0,0,0
1464,24.4244,free_swing,779,225,804,80,132.689,170.218,0,277.82,394.57,0,147.14,3.69,2500,0,0,0
1465,24.44108,free_swing,771,216,780,69,137.045,176.496,0,256.63,397.51,0,147.28,3.60,2500,0,0,0
1466,24.45777,free_swing,763,209,750,62,140.889,-174.946,0,216.97,413.50,0,147.57,3.40,2500,0,0,0
1467,24.47445,free_swing,755,203,730,58,144.504,-170.218,0,169.97,448.67,0,147.14,3.69,2500,0,0,0
1468,24.49113,free_swing,751,199,704,61,146.509,-161.192,0,115.13,455.48,0,145.78,4.57,2500,0,0,0
1469,24.50782,free_swing,747,197,679,65,148.109,-152.745,0,56.14,504.84,0,148.49,2.81,2500,0,0,0
1470,24.5245,free_swing,745,197,660,73,148.725,-145.570,0,18.81,542.67,0,150.34,1.59,2500,0,0,0
1471,24.54118,free_swing,746,197,639,90,148.416,-135.000,0,-28.41,646.78,0,151.32,0.95,2500,0,0,0
1472,24.55787,free_swing,747,198,619,115,147.918,-122.961,0,-81.19,741.02,0,152.55,0.14,2500,0,0,0
1473,24.57455,free_swing,752,200,609,146,146.010,-110.688,0,-122.66,789.24,0,152.86,0.06,2500,0,0,0
1474,24.59123,free_swing,758,204,605,185,143.418,-97.079,0,-153.00,830.48,0,154.18,0.92,2500,0,0,0
1475,24.60792,free_swing,763,208,610,228,141.116,-82.553,0,-161.57,875.83,0,154.30,1.00,2500,0,0,0
1476,24.6246,free_swing,769,214,625,271,138.066,-68.405,0,-183.96,869.40,0,154.87,1.37,2500,0,0,0
1477,24.64128,free_swing,775,221,650,314,134.743,-53.351,0,-230.64,860.59,0,155.80,1.98,2500,0,0,0
1478,24.65797,free_swing,783,230,682,350,130.365,-40.086,0,-308.20,802.75,0,156.85,2.67,2500,0,0,0
1479,24.67465,free_swing,792,243,722,385,124.603,-26.241,0,-396.67,735.51,0,158.32,3.63,2500,0,0,0
1480,24.69133,free_swing,803,261,761,414,116.892,-15.350,0,-463.90,708.15,0,158.66,3.85,2500,0,0,0
1481,24.70802,free_swing,810,282,802,441,108.785,-2.880,0,-520.91,703.82,0,159.20,4.21,2500,0,0,0
1482,24.7247,free_swing,816,307,844,466,99.280,9.987,0,-671.74,882.34,0,161.45,5.68,2500,0,0,0
1483,24.74138,free_swing,816,340,884,483,87.007,25.432,0,-928.53,1247.87,1,158.34,3.65,2500,1,0,0
1484,24.75807,free_swing,806,387,920,484,68.962,49.606,0,-1099.52,1514.33,1,149.68,2.02,2500,1,0,0
1485,24.77475,free_swing,778,430,924,462,49.563,77.638,0,-1055.09,1389.47,0,149.47,2.16,2500,0,0,0
1486,24.79143,free_swing,746,455,901,439,34.011,95.894,0,-869.66,971.19,1,155.82,2.00,2500,1,0,0
1487,24.80812,free_swing,717,470,867,424,21.371,107.049,0,-754.59,544.46,1,156.89,2.70,2500,1,0,0
1488,24.8248,free_swing,686,480,829,413,8.833,115.105,0,-756.87,277.84,1,157.92,3.37,2500,1,0,0
1489,24.84148,free_swing,652,479,794,407,-4.279,116.887,0,-761.75,50.88,1,159.21,4.22,2500,1,0,0
1490,24.85817,free_swing,619,474,762,405,-17.216,115.758,0,-774.77,-209.78,1,158.78,3.93,2500,1,0,0
1491,24.87485,free_swing,589,463,735,407,-29.461,110.985,0,-797.02,-468.43,1,156.37,2.36,2500,1,0,0
1492,24.89153,free_swing,558,441,713,414,-43.929,99.881,0,-845.85,-776.55,1,157.33,2.99,2500,1,0,0
1493,24.90822,free_swing,535,413,690,426,-57.674,85.206,0,-855.63,-1022.20,1,155.54,1.82,2500,1,0,0
1494,24.9249,free_swing,519,379,660,441,-71.924,66.264,0,-770.59,-1157.05,0,154.03,0.82,2500,0,0,0
1495,24.94158,free_swing,510,349,623,456,-83.660,46.562,0,-636.50,-1225.01,0,155.62,1.87,2500,0,0,0
1496,24.95827,free_swing,509,325,578,465,-92.603,26.237,0,-453.06,-1213.67,0,156.08,2.17,2500,0,0,0
1497,24.97495,free_swing,511,308,527,463,-98.973,5.894,0,-298.79,-1170.64,0,155.82,2.00,2500,0,0,0
1498,24.99163,free_swing,511,298,476,448,-102.609,-13.134,0,-180.12,-1164.38,0,154.03,0.82,2500,0,0,0
1499,25.00832,free_swing,513,292,432,422,-104.931,-31.926,0,-87.73,-1172.95,0,153.17,0.26,2500,0,0,0
1500,25.025,free_swing,513,289,394,379,-105.996,-52.900,0,-19.48,-1193.70,0,149.20,2.34,2500,0,0,0
1501,25.04168,free_swing,514,290,369,338,-105.742,-71.684,0,24.39,-1160.15,0,152.74,0.02,2500,0,0,0
1502,25.05837,free_swing,514,291,362,289,-105.385,-90.754,0,-7.89,-1040.74,0,152.01,0.50,2500,0,0,0
1503,25.07505,free_swing,515,290,370,245,-105.843,-107.241,0,-85.29,-913.31,0,151.82,0.62,2500,0,0,0
1504,25.09173,free_swing,516,283,386,206,-108.435,-120.639,0,-147.55,-780.64,0,151.09,1.10,2500,0,0,0
1505,25.10842,free_swing,518,276,408,173,-111.117,-133.118,0,-186.19,-691.05,0,150.70,1.36,2500,0,0,0
1506,25.1251,free_swing,520,268,433,147,-114.111,-144.284,0,-200.20,-630.87,0,149.03,2.45,2500,0,0,0
1507,25.14178,free_swing,524,258,458,124,-118.030,-153.778,0,-236.98,-545.09,0,149.37,2.22,2500,0,0,0
1508,25.15847,free_swing,528,248,484,106,-121.891,-162.784,0,-263.99,-469.31,0,148.66,2.69,2500,0,0,0
1509,25.17515,free_swing,536,237,509,91,-126.798,-169.523,0,-279.66,-408.71,0,148.48,2.81,2500,0,0,0
1510,25.19183,free_swing,544,227,534,79,-131.424,-176.135,0,-303.45,-356.23,0,148.34,2.90,2500,0,0,0
1511,25.20852,free_swing,553,216,558,70,-136.521,178.039,0,-310.32,-348.93,0,146.09,4.38,2500,0,0,0
1512,25.2252,free_swing,565,206,583,64,-142.125,172.776,0,-329.33,-323.51,0,143.14,6.31,2500,0,0,0
1513,25.24188,free_swing,577,198,611,50,-147.308,167.062,0,-338.63,-278.73,0,151.86,0.60,2500,0,0,0
1514,25.25857,free_swing,591,189,632,52,-153.275,163.339,0,-342.86,-175.08,0,143.00,6.39,2500,0,0,0
1515,25.27525,free_swing,605,182,654,41,-158.860,160.837,0,-327.98,-113.29,0,149.27,2.29,2500,0,0,0
1516,25.29193,free_swing,619,177,670,38,-164.152,159.852,0,-298.64,-149.10,0,148.06,3.08,2500,0,0,0
1517,25.30862,free_swing,631,174,691,41,-168.551,155.719,0,-252.17,-251.42,0,145.91,4.49,2500,0,0,0
1518,25.3253,free_swing,643,173,716,43,-172.831,150.684,0,-209.19,-388.14,0,149.09,2.41,2500,0,0,0
1519,25.34198,free_swing,650,172,738,53,-175.355,143.517,0,-168.06,-463.86,0,148.00,3.12,2500,0,0,0
1520,25.35867,free_swing,658,172,765,67,-178.210,134.459,0,-122.87,-550.37,0,149.91,1.87,2500,0,0,0
1521,25.37535,free_swing,662,172,784,85,-179.642,125.493,0,-49.53,-632.61,0,149.84,1.92,2500,0,0,0
1522,25.39203,free_swing,663,171,800,111,180.000,113.651,0,46.26,-736.11,0,149.56,2.10,2500,0,0,0
1523,25.40872,free_swing,658,172,808,144,-178.210,100.574,0,86.61,-834.39,0,152.59,0.12,2500,0,0,0
1524,25.4254,free_swing,654,172,808,183,-176.781,85.914,0,76.82,-904.33,0,154.39,1.06,2500,0,0,0
1525,25.44208,free_swing,652,172,797,223,-176.067,70.622,0,42.84,-971.87,0,153.71,0.61,2500,0,0,0
1526,25.45877,free_swing,650,171,775,263,-175.384,53.647,0,39.87,-1015.68,0,155.21,1.59,2500,0,0,0
1527,25.47545,free_swing,648,173,740,297,-174.611,36.573,0,52.24,-1051.57,0,154.40,1.07,2500,0,0,0
1528,25.49213,free_swing,645,173,697,321,-173.541,19.359,0,69.07,-1019.40,0,156.87,2.68,2500,0,0,0
1529,25.50882,free_swing,641,173,647,331,-172.122,2.175,0,111.17,-948.52,0,158.11,3.50,2500,0,0,0
1530,25.5255,free_swing,635,175,602,330,-169.888,-12.019,0,184.51,-825.60,0,158.47,3.73,2500,0,0,0
1531,25.54218,free_swing,624,176,556,320,-165.964,-25.278,0,270.98,-717.59,0,159.25,4.24,2500,0,0,0
1532,25.55887,free_swing,610,181,517,308,-160.659,-36.215,0,349.99,-662.40,0,157.41,3.04,2500,0,0,0
1533,25.57555,free_swing,594,188,478,295,-154.398,-47.311,0,400.92,-627.08,0,157.81,3.30,2500,0,0,0
1534,25.59223,free_swing,576,198,443,281,-147.006,-58.033,0,461.95,-658.37,0,156.77,2.62,2500,0,0,0
1535,25.60892,free_swing,558,212,411,267,-138.814,-69.487,0,599.94,-817.94,0,156.95,2.74,2500,0,0,0
1536,25.6256,free_swing,538,235,386,250,-127.811,-84.364,0,760.95,-1070.56,1,152.74,0.02,2500,1,0,0
1537,25.64228,free_swing,520,271,374,233,-113.102,-104.589,0,856.17,-1130.02,0,150.86,1.25,2500,0,0,0
1538,25.65897,free_swing,510,308,383,223,-98.915,-123.794,0,855.07,-989.29,0,152.82,0.03,2500,0,0,0
1539,25.67565,free_swing,,,406,226,,,1,,,0,,,2500,0,0,0
1540,25.69233,free_swing,520,378,431,239,-72.168,-147.369,0,754.30,-513.58,0,165.05,8.04,2500,0,0,0
1541,25.70902,free_swing,531,408,459,260,-60.068,-154.058,0,757.99,-281.48,1,164.58,7.73,2500,1,0,0
1542,25.7257,free_swing,551,435,483,284,-47.397,-155.756,0,790.26,50.68,1,165.60,8.40,2500,1,0,0
1543,25.74238,free_swing,580,459,503,311,-33.166,-152.513,0,859.49,364.37,1,166.83,9.20,2500,1,0,0
1544,25.75907,free_swing,615,472,518,340,-18.925,-143.690,0,904.75,675.09,1,163.81,7.22,2500,1,0,0
1545,25.77575,free_swing,654,481,530,377,-3.457,-129.987,0,902.38,964.73,1,161.84,5.94,2500,1,0,0
1546,25.79243,free_swing,692,480,545,421,11.086,-111.869,0,809.66,1178.42,1,158.40,3.68,2500,1,0,0
1547,25.80912,free_swing,723,470,568,470,23.499,-90.000,0,636.40,1430.34,1,155.00,1.46,2500,1,0,0
1548,25.8258,free_swing,742,459,604,521,31.884,-65.807,0,439.76,1631.16,1,151.29,0.97,2500,1,0,0
1549,25.84248,free_swing,755,450,668,574,37.942,-35.054,0,239.16,1762.42,1,151.48,0.85,2500,1,0,0
1550,25.85917,free_swing,760,446,743,597,40.394,-6.423,0,27.08,1874.51,1,151.95,0.53,2500,1,0,0
1551,25.87585,free_swing,759,447,821,584,39.855,24.349,0,-72.50,1833.30,0,150.38,1.57,2500,0,0,0
1552,25.89253,free_swing,754,450,878,533,37.639,56.203,0,37.09,1667.21,0,149.21,2.33,2500,0,0,0
1553,25.90922,free_swing,760,444,908,470,40.895,80.036,0,254.94,1346.54,1,150.27,1.64,2500,1,0,0
1554,25.9259,free_swing,772,432,921,407,47.466,99.525,0,444.34,1055.84,1,151.08,1.11,2500,1,0,0
1555,25.94258,free_swing,785,417,919,352,55.134,115.877,0,513.93,873.28,0,148.93,2.51,2500,0,0,0
1556,25.95927,free_swing,797,397,912,303,64.123,129.262,0,532.46,725.74,0,148.53,2.78,2500,0,0,0
1557,25.97595,free_swing,805,375,902,261,73.153,139.606,0,533.75,578.02,0,149.68,2.02,2500,0,0,0
1558,25.99263,free_swing,812,354,889,225,81.601,149.167,0,533.81,470.76,0,150.23,1.66,2500,0,0,0
1559,26.00932,free_swing,,,876,194,,,1,,,0,,,2500,0,0,0
1560,26.026,free_swing,816,306,863,169,99.644,161.065,0,486.25,259.31,0,144.84,5.19,2500,0,0,0
1561,26.04268,free_swing,810,286,851,146,107.376,163.677,0,481.26,142.87,0,145.88,4.51,2500,0,0,0
1562,26.05937,free_swing,805,267,841,123,114.596,165.964,0,516.66,-12.22,0,148.43,2.84,2500,0,0,0
1563,26.07605,free_swing,792,242,833,101,124.902,163.787,0,537.73,-108.98,0,146.84,3.88,2500,0,0,0
1564,26.09273,free_swing,778,223,825,85,133.466,161.192,0,521.63,-224.26,0,145.78,4.57,2500,0,0,0
1565,26.10942,free_swing,763,208,818,71,141.116,158.127,0,473.82,-249.70,0,147.63,3.37,2500,0,0,0
1566,26.1261,free_swing,744,195,813,63,149.407,152.403,0,452.04,-212.91,0,148.95,2.50,2500,0,0,0
1567,26.14278,free_swing,727,185,800,57,156.473,150.303,0,391.42,-150.32,0,147.35,3.55,2500,0,0,0
1568,26.15947,free_swing,712,179,787,52,162.242,149.436,0,311.32,-23.36,0,147.49,3.46,2500,0,0,0
1569,26.17615,free_swing,700,176,778,51,166.657,148.036,0,249.46,45.75,0,147.34,3.56,2500,0,0,0
1570,26.19283,free_swing,690,174,761,44,170.303,151.359,0,148.50,126.10,0,148.12,3.04,2500,0,0,0
1571,26.20952,free_swing,685,173,752,39,172.122,153.435,0,11.13,271.49,0,149.82,1.93,2500,0,0,0
1572,26.2262,free_swing,689,174,744,36,170.655,158.270,0,-103.92,373.11,0,148.56,2.76,2500,0,0,0
1573,26.24288,free_swing,696,175,729,28,168.130,167.347,0,-172.58,494.63,0,150.66,1.38,2500,0,0,0
1574,26.25957,free_swing,703,177,717,29,165.530,174.596,0,-200.13,510.71,0,148.66,2.69,2500,0,0,0
1575,26.27625,free_swing,714,180,703,30,161.452,-175.806,0,-247.45,597.95,0,150.40,1.55,2500,0,0,0
1576,26.29293,free_swing,725,184,690,39,157.270,-166.430,0,-280.57,691.34,0,149.16,2.36,2500,0,0,0
1577,26.30962,free_swing,738,191,669,60,151.991,-152.223,0,-315.04,672.03,0,148.06,3.08,2500,0,0,0
1578,26.3263,free_swing,750,198,659,78,147.006,-142.826,0,-348.45,649.04,0,150.60,1.42,2500,0,0,0
1579,26.34298,free_swing,764,210,651,105,140.380,-132.898,0,-364.56,625.31,0,154.25,0.97,2500,0,0,0
1580,26.35967,free_swing,776,221,644,142,134.488,-120.900,0,-382.91,665.93,0,153.83,0.70,2500,0,0,0
1581,26.37635,free_swing,787,235,643,182,128.035,-110.206,0,-399.98,653.05,0,153.44,0.44,2500,0,0,0
1582,26.39303,free_swing,798,251,647,224,120.964,-100.138,0,-430.58,596.95,0,153.39,0.41,2500,0,0,0
1583,26.40972,free_swing,807,270,653,271,113.295,-89.628,0,-482.82,570.33,0,154.00,0.81,2500,0,0,0
1584,26.4264,free_swing,813,291,660,315,105.287,-81.085,0,-561.88,541.36,0,154.87,1.37,2500,0,0,0
1585,26.44308,free_swing,816,319,670,368,94.857,-71.447,0,-584.98,587.65,0,154.00,0.81,2500,0,0,0
1586,26.45977,free_swing,815,347,680,420,84.364,-61.598,0,-617.83,673.25,0,153.47,0.46,2500,0,0,0
1587,26.47645,free_swing,808,370,690,475,75.315,-48.336,0,-653.23,732.12,0,157.95,3.39,2500,0,0,0
1588,26.49313,free_swing,796,403,704,533,61.905,-35.287,0,-830.40,998.55,1,159.26,4.25,2500,1,0,0
1589,26.50982,free_swing,774,433,726,582,47.701,-17.856,0,-1083.20,1429.69,1,156.54,2.47,2500,1,0,0
1590,26.5265,free_swing,,,758,614,,,1,,,0,,,2500,0,0,0
1591,26.54318,free_swing,681,482,776,591,6.843,41.074,0,-1101.44,1533.52,0,144.59,5.36,2500,0,0,0
1592,26.55987,free_swing,641,479,770,550,-8.512,61.172,0,-896.24,1079.17,1,147.25,3.62,2500,1,0,0
1593,26.57655,free_swing,607,470,754,509,-22.087,75.141,0,-754.28,702.81,1,152.09,0.45,2500,1,0,0
1594,26.59323,free_swing,577,457,733,469,-34.528,85.601,0,-702.45,461.95,1,156.46,2.42,2500,1,0,0
1595,26.60992,free_swing,556,437,711,434,-45.541,91.109,0,-657.16,277.06,0,155.03,1.48,2500,0,0,0
1596,26.6266,free_swing,538,414,691,403,-56.735,94.112,0,-666.28,88.31,0,153.39,0.41,2500,0,0,0
1597,26.64328,free_swing,522,390,675,376,-67.640,95.228,0,-704.15,-68.64,0,153.64,0.57,2500,0,0,0
1598,26.65997,free_swing,512,358,667,353,-80.230,91.848,0,-728.98,-196.81,0,155.08,1.51,2500,0,0,0
1599,26.67665,free_swing,509,326,664,331,-92.231,88.152,0,-728.71,-276.06,0,155.08,1.51,2500,0,0,0
1600,26.69333,free_swing,512,294,667,311,-104.125,83.741,0,-687.61,-277.84,0,155.93,2.07,2500,0,0,0
1601,26.71002,free_swing,522,265,674,296,-115.416,78.473,0,-664.05,-286.84,0,155.13,1.54,2500,0,0,0
1602,26.7267,free_swing,535,239,686,281,-126.001,74.456,0,-641.49,-272.71,0,156.73,2.59,2500,0,0,0
1603,26.74338,free_swing,554,216,701,270,-136.782,69.829,0,-606.01,-223.51,0,156.60,2.51,2500,0,0,0
1604,26.76007,free_swing,575,198,719,261,-146.706,66.371,0,-577.04,-170.46,0,157.18,2.88,2500,0,0,0
1605,26.77675,free_swing,597,186,740,254,-155.674,64.568,0,-567.80,-114.93,0,158.34,3.65,2500,0,0,0
1606,26.79343,free_swing,623,177,763,249,-165.530,62.784,0,-579.80,-78.16,0,157.43,3.05,2500,0,0,0
1607,26.81012,free_swing,650,172,787,246,-175.355,61.624,0,-568.11,-24.95,0,155.71,1.92,2500,0,0,0
1608,26.8268,free_swing,676,171,815,245,175.384,61.970,0,-550.21,45.45,0,157.47,3.08,2500,0,0,0
1609,26.84348,free_swing,700,176,841,246,166.657,63.598,0,-542.97,130.54,0,157.42,3.04,2500,0,0,0
1610,26.86017,free_swing,726,185,870,249,156.801,66.038,0,-572.85,186.79,0,157.58,3.15,2500,0,0,0
1611,26.87685,free_swing,749,198,900,250,147.308,70.998,0,-647.08,370.29,0,159.70,4.54,2500,0,0,0
1612,26.89353,free_swing,774,219,927,254,135.512,77.115,0,-768.91,621.23,1,156.95,2.74,2500,1,0,0
1613,26.91022,free_swing,796,250,942,246,121.656,91.569,0,-898.54,866.93,1,146.05,4.40,2500,1,0,0
1614,26.9269,free_swing,811,290,,,105.843,,1,-915.97,,0,,,2500,0,0,0
1615,26.94358,free_swing,816,330,946,256,90.749,119.650,0,-837.61,531.78,0,149.59,2.08,2500,0,0,0
1616,26.96027,free_swing,809,363,938,277,78.012,123.690,0,-790.99,252.81,1,155.04,1.48,2500,1,0,0
1617,26.97695,free_swing,796,392,922,303,65.719,125.235,0,-763.74,2.73,1,154.26,0.98,2500,1,0,0
1618,26.99363,free_swing,780,424,908,332,51.821,125.707,0,-687.17,-195.49,0,157.63,3.18,2500,0,0,0
1619,27.01032,free_swing,763,442,899,366,42.274,119.197,0,-537.97,-464.89,1,155.79,1.98,2500,1,0,0
1620,27.027,free_swing,748,453,893,403,35.087,109.026,0,-375.69,-705.85,1,153.38,0.40,2500,1,0,0
1621,27.04368,free_swing,736,461,887,444,29.505,96.423,0,-253.58,-833.19,0,151.95,0.53,2500,0,0,0
1622,27.06037,free_swing,729,465,877,489,26.392,80.789,0,-85.92,-1011.31,0,149.93,1.86,2500,0,0,0
1623,27.07705,free_swing,729,465,860,531,26.392,63.260,0,77.59,-1247.84,1,146.69,3.98,2500,1,0,0
1624,27.09373,free_swing,735,462,831,576,28.980,40.101,0,166.56,-1411.93,0,149.04,2.44,2500,0,0,0
1625,27.11042,free_swing,742,459,780,600,31.884,15.083,0,177.48,-1453.02,0,146.03,4.41,2500,0,0,0
1626,27.1271,free_swing,747,455,727,606,34.330,-7.545,0,133.96,-1382.69,0,152.32,0.30,2500,0,0,0
1627,27.14378,free_swing,752,453,678,582,36.336,-29.840,0,74.37,-1255.59,0,148.72,2.65,2500,0,0,0
1628,27.16047,free_swing,753,452,638,546,36.870,-50.738,0,5.17,-1153.68,0,148.53,2.78,2500,0,0,0
1629,27.17715,free_swing,752,452,611,510,36.563,-67.640,0,-31.89,-1060.72,0,152.46,0.20,2500,0,0,0
1630,27.19383,free_swing,750,453,600,464,35.716,-85.806,0,-30.39,-1018.87,0,150.40,1.55,2500,0,0,0
1631,27.21052,free_swing,750,453,601,420,35.716,-102.488,0,-19.00,-998.20,0,152.61,0.11,2500,0,0,0
1632,27.2272,free_swing,750,454,616,381,35.493,-118.580,0,11.65,-938.98,0,152.59,0.12,2500,0,0,0
1633,27.24388,free_swing,750,453,641,349,35.716,-133.655,0,49.09,-852.06,0,150.66,1.38,2500,0,0,0
1634,27.26057,free_swing,753,450,672,323,37.333,-147.470,0,102.43,-744.10,0,150.63,1.40,2500,0,0,0
1635,27.27725,free_swing,757,447,701,307,39.262,-158.199,0,146.82,-639.71,0,150.78,1.30,2500,0,0,0
1636,27.29393,free_swing,762,442,733,295,41.987,-168.840,0,174.79,-589.37,0,149.83,1.92,2500,0,0,0
1637,27.31062,free_swing,769,437,764,287,45.272,-178.091,0,209.86,-572.83,0,150.08,1.76,2500,0,0,0
1638,27.3273,free_swing,775,430,796,281,48.814,171.978,0,234.03,-554.94,0,150.47,1.50,2500,0,0,0
1639,27.34398,free_swing,783,422,827,278,53.130,163.009,0,256.29,-559.91,0,150.57,1.44,2500,0,0,0
1640,27.36067,free_swing,790,413,858,278,57.470,153.265,0,279.58,-611.76,0,151.16,1.06,2500,0,0,0
1641,27.37735,free_swing,797,402,888,283,62.418,142.595,0,321.93,-708.60,0,149.81,1.94,2500,0,0,0
1642,27.39403,free_swing,802,388,919,293,68.057,129.075,0,369.36,-860.24,0,150.71,1.35,2500,0,0,0
1643,27.41072,free_swing,808,371,943,310,74.946,114.316,0,411.61,-1020.61,0,148.14,3.03,2500,0,0,0
1644,27.4274,free_swing,813,354,,,81.656,,1,438.03,,0,,,2500,0,0,0
1645,27.44408,free_swing,815,334,,,89.246,,1,438.35,,0,,,2500,0,0,0
1646,27.46077,free_swing,815,315,941,396,96.382,57.265,0,407.50,-1123.30,0,149.79,1.95,2500,0,0,0
1647,27.47745,free_swing,814,298,909,416,102.689,38.837,0,339.83,-1095.76,0,151.49,0.84,2500,0,0,0
1648,27.49413,free_swing,811,285,866,428,107.618,21.038,0,268.18,-1012.78,0,153.21,0.29,2500,0,0,0
1649,27.51082,free_swing,807,275,818,430,111.595,4.059,0,201.50,-984.43,0,155.39,1.71,2500,0,0,0
1650,27.5275,free_swing,804,268,775,420,114.413,-10.802,0,136.58,-980.87,0,154.74,1.29,2500,0,0,0
1651,27.54418,free_swing,802,263,726,399,116.400,-29.197,0,97.15,-1073.86,0,155.79,1.98,2500,0,0,0
1652,27.56087,free_swing,801,260,690,368,117.553,-45.785,0,89.99,-1048.24,0,154.87,1.37,2500,0,0,0
1653,27.57755,free_swing,799,255,660,320,119.518,-64.938,0,108.00,-900.80,0,153.45,0.44,2500,0,0,0
1654,27.59423,free_swing,797,250,647,287,121.464,-76.144,0,142.20,-774.29,0,154.50,1.13,2500,0,0,0
1655,27.61092,free_swing,793,244,639,247,124.095,-88.884,0,180.55,-688.24,0,154.03,0.82,2500,0,0,0
1656,27.6276,free_swing,788,236,637,208,127.524,-100.505,0,221.99,-657.25,0,153.57,0.53,2500,0,0,0
1657,27.64428,free_swing,781,227,638,172,131.664,-111.038,0,256.79,-562.42,0,153.21,0.29,2500,0,0,0
1658,27.66097,free_swing,773,218,639,144,136.023,-118.909,0,301.67,-514.50,0,153.08,0.20,2500,0,0,0
1659,27.67765,free_swing,762,208,643,115,141.397,-128.008,0,328.50,-486.11,0,151.03,1.14,2500,0,0,0
1660,27.69433,free_swing,749,197,646,89,147.501,-136.357,0,354.12,-516.44,0,149.24,2.31,2500,0,0,0
1661,27.71102,free_swing,736,189,649,67,152.956,-144.507,0,381.62,-584.33,0,149.84,1.92,2500,0,0,0
1662,27.7277,free_swing,718,182,658,50,159.864,-155.556,0,404.95,-640.95,0,145.00,5.09,2500,0,0,0
1663,27.74438,free_swing,699,175,667,31,167.085,-167.471,0,436.72,-736.49,0,147.51,3.44,2500,0,0,0
1664,27.76107,free_swing,680,172,675,24,173.935,-178.065,0,445.25,-751.29,0,148.08,3.07,2500,0,0,0
1665,27.77775,free_swing,658,171,692,25,-178.221,166.891,0,443.73,-719.61,0,149.91,1.87,2500,0,0,0
1666,27.79443,free_swing,638,173,697,34,-171.064,157.001,0,404.89,-651.21,0,151.00,1.16,2500,0,0,0
1667,27.81112,free_swing,621,177,701,54,-164.839,146.960,0,340.60,-554.93,0,146.73,3.96,2500,0,0,0
1668,27.8278,free_swing,608,182,710,71,-159.864,137.420,0,289.78,-538.58,0,150.75,1.32,2500,0,0,0
1669,27.84448,free_swing,596,187,714,92,-155.200,128.837,0,253.97,-514.76,0,151.49,0.84,2500,0,0,0
1670,27.86117,free_swing,587,192,718,115,-151.504,120.446,0,194.38,-531.10,0,151.95,0.53,2500,0,0,0
1671,27.87785,free_swing,580,196,723,142,-148.605,110.688,0,101.96,-606.55,0,152.86,0.06,2500,0,0,0
1672,27.89453,free_swing,579,197,730,170,-148.109,100.138,0,5.74,-703.55,0,153.39,0.41,2500,0,0,0
1673,27.91122,free_swing,580,195,735,203,-148.791,87.045,0,-96.13,-830.03,0,155.21,1.59,2500,0,0,0
1674,27.9279,free_swing,585,192,734,239,-150.876,72.493,0,-181.49,-979.78,0,156.24,2.27,2500,0,0,0
1675,27.94458,free_swing,595,187,723,277,-154.875,54.888,0,-253.83,-1047.06,0,156.47,2.42,2500,0,0,0
1676,27.96127,free_swing,607,182,700,309,-159.528,36.215,0,-312.48,-1143.51,0,157.41,3.04,2500,0,0,0
1677,27.97795,free_swing,621,178,671,328,-164.745,18.435,0,-336.36,-1212.10,0,158.11,3.50,2500,0,0,0
1678,27.99463,free_swing,638,174,626,330,-171.009,-4.399,0,-356.52,-1271.75,0,156.46,2.42,2500,0,0,0
1679,28.01132,free_swing,653,172,588,313,-176.424,-24.749,0,-352.44,-1274.21,0,155.26,1.63,2500,0,0,0
1680,28.028,free_swing,670,172,560,280,177.495,-45.526,0,-328.29,-1182.39,0,154.16,0.91,2500,0,0,0
1681,28.04468,free_swing,684,173,543,239,172.476,-64.916,0,-279.44,-1117.57,0,155.68,1.91,2500,0,0,0
1682,28.06137,free_swing,696,175,542,195,168.130,-82.600,0,-226.85,-1055.96,0,155.29,1.65,2500,0,0,0
1683,28.07805,free_swing,704,177,552,151,165.184,-99.707,0,-190.55,-1017.27,0,154.21,0.94,2500,0,0,0
1684,28.09473,free_swing,713,181,575,111,161.679,-116.896,0,-155.15,-923.04,0,154.74,1.29,2500,0,0,0
1685,28.11142,free_swing,719,182,606,80,159.528,-132.071,0,-138.81,-971.99,0,152.23,0.36,2500,0,0,0
1686,28.1281,free_swing,724,185,640,60,157.463,-146.099,0,-133.22,-1002.01,0,150.60,1.42,2500,0,0,0
1687,28.14478,free_swing,731,188,698,42,154.722,-167.264,0,-177.51,-943.22,0,149.68,2.02,2500,0,0,0
1688,28.16147,free_swing,739,191,738,40,151.675,-179.621,0,-209.24,-856.12,0,151.00,1.16,2500,0,0,0
1689,28.17815,free_swing,749,197,780,52,147.501,167.932,0,-234.96,-789.01,0,148.28,2.94,2500,0,0,0
1690,28.19483,free_swing,757,204,826,73,143.707,152.223,0,-276.32,-878.64,0,148.06,3.08,2500,0,0,0
1691,28.21152,free_swing,768,213,867,102,138.576,138.270,0,-342.04,-854.73,0,148.73,2.64,2500,0,0,0
1692,28.2282,free_swing,780,226,902,142,132.176,124.548,0,-407.23,-763.07,0,148.12,3.04,2500,0,0,0
1693,28.24488,free_swing,792,243,928,187,124.603,112.380,0,-465.71,-694.59,0,147.08,3.73,2500,0,0,0
1694,28.26157,free_swing,803,261,945,232,116.892,101.543,0,-534.29,-636.26,0,144.93,5.13,2500,0,0,0
1695,28.27825,free_swing,812,287,,,106.805,,1,-637.25,,0,,,2500,0,0,0
1696,28.29493,free_swing,815,317,,,95.636,,1,-731.24,,0,,,2500,0,0,0
1697,28.31162,free_swing,814,352,948,400,82.455,70.292,0,-780.08,-426.00,0,142.34,6.83,2500,0,0,0
1698,28.3283,free_swing,805,385,943,443,69.532,67.203,0,-818.76,-380.07,0,149.69,2.01,2500,0,0,0
1699,28.34498,free_swing,787,416,915,493,55.886,58.970,0,-808.47,-430.77,0,149.38,2.22,2500,0,0,0
1700,28.36167,free_swing,764,444,876,540,42.044,49.399,0,-784.02,-718.57,1,147.51,3.44,2500,1,0,0
1701,28.37835,free_swing,738,462,832,580,29.982,38.541,0,-731.12,-833.99,0,150.86,1.25,2500,0,0,0
1702,28.39503,free_swing,709,475,760,620,17.832,19.378,0,-695.93,-924.99,0,153.71,0.61,2500,0,0,0
1703,28.41172,free_swing,680,481,701,629,6.509,8.076,0,-684.83,-842.68,0,149.48,2.15,2500,0,0,0
1704,28.4284,free_swing,650,481,630,631,-4.986,-7.595,0,-679.19,-750.85,0,151.33,0.94,2500,0,0,0
1705,28.44508,free_swing,621,476,575,616,-16.260,-18.189,0,-694.31,-846.59,0,147.36,3.54,2500,0,0,0
1706,28.46177,free_swing,592,465,510,589,-28.095,-33.476,0,-716.86,-820.41,0,148.66,2.69,2500,0,0,0
1707,28.47845,free_swing,566,447,453,548,-40.147,-48.209,0,-733.36,-790.08,0,151.56,0.79,2500,0,0,0
1708,28.49513,free_swing,543,424,414,503,-52.524,-58.517,0,-716.35,-646.11,0,151.27,0.98,2500,0,0,0
1709,28.51182,free_swing,526,398,385,451,-64.277,-69.399,0,-701.51,-593.21,0,150.63,1.40,2500,0,0,0
1710,28.5285,free_swing,516,370,367,400,-75.506,-78.616,0,-692.77,-549.83,0,151.99,0.51,2500,0,0,0
1711,28.54518,free_swing,509,339,360,344,-87.397,-88.078,0,-676.05,-477.59,0,149.08,2.41,2500,0,0,0
1712,28.56187,free_swing,510,309,359,297,-98.549,-94.544,0,-658.94,-435.19,0,151.48,0.85,2500,0,0,0
1713,28.57855,free_swing,517,282,368,250,-108.905,-102.121,0,-651.33,-396.91,0,152.40,0.24,2500,0,0,0
1714,28.59523,free_swing,528,254,385,205,-120.018,-108.914,0,-642.59,-414.18,0,151.16,1.05,2500,0,0,0
1715,28.61192,free_swing,543,229,407,164,-130.641,-115.545,0,-583.46,-465.11,0,150.73,1.33,2500,0,0,0
1716,28.6286,free_swing,560,212,434,126,-139.359,-124.315,0,-473.89,-574.50,0,152.55,0.14,2500,0,0,0
1717,28.64528,free_swing,574,199,468,93,-146.211,-135.000,0,-368.01,-627.24,0,149.91,1.87,2500,0,0,0
1718,28.66197,free_swing,587,191,502,63,-151.675,-146.413,0,-281.59,-743.52,0,153.65,0.58,2500,0,0,0
1719,28.67865,free_swing,597,185,540,45,-155.821,-157.847,0,-220.54,-866.46,0,151.16,1.06,2500,0,0,0
1720,28.69533,free_swing,605,182,595,33,-158.860,-176.160,0,-165.17,-976.57,0,149.34,2.25,2500,0,0,0
1721,28.71202,free_swing,612,179,642,33,-161.565,168.389,0,-120.73,-1072.98,0,149.05,2.44,2500,0,0,0
1722,28.7287,free_swing,616,179,687,54,-162.924,150.403,0,-77.75,-1099.33,0,143.76,5.90,2500,0,0,0
1723,28.74538,free_swing,619,178,734,81,-164.055,130.147,0,-30.62,-1180.84,0,150.45,1.52,2500,0,0,0
1724,28.76207,free_swing,620,178,757,125,-164.399,111.150,0,-19.63,-1229.71,0,146.89,3.85,2500,0,0,0
1725,28.77875,free_swing,620,178,775,178,-164.399,90.000,0,-35.72,-1302.44,0,155.00,1.46,2500,0,0,0
1726,28.79543,free_swing,623,177,766,237,-165.530,67.238,0,-62.70,-1385.85,0,155.08,1.51,2500,0,0,0
1727,28.81212,free_swing,626,176,735,288,-166.657,44.222,0,-51.23,-1361.27,0,156.28,2.30,2500,0,0,0
1728,28.8288,free_swing,627,176,685,321,-167.005,21.801,0,18.40,-1271.86,0,156.17,2.22,2500,0,0,0
1729,28.84548,free_swing,624,176,630,337,-165.964,2.134,0,106.42,-1141.25,0,161.11,5.46,2500,0,0,0
1730,28.86217,free_swing,617,179,573,331,-163.266,-16.144,0,201.60,-1009.26,0,158.24,3.58,2500,0,0,0
1731,28.87885,free_swing,606,182,522,317,-159.193,-31.891,0,307.08,-913.36,0,159.00,4.08,2500,0,0,0
1732,28.89553,free_swing,591,189,477,297,-153.275,-46.548,0,383.37,-827.07,0,157.04,2.79,2500,0,0,0
1733,28.91222,free_swing,573,201,437,277,-145.510,-60.803,0,507.50,-888.17,0,155.79,1.98,2500,0,0,0
1734,28.9289,free_swing,555,216,404,255,-137.045,-75.518,0,697.64,-1118.95,1,155.96,2.08,2500,1,0,0
1735,28.94558,free_swing,532,246,383,228,-123.284,-96.888,0,808.95,-1319.85,1,150.08,1.76,2500,1,0,0
1736,28.96227,free_swing,516,284,385,206,-108.083,-120.770,0,867.06,-1277.88,0,152.46,0.20,2500,0,0,0
1737,28.97895,free_swing,508,315,409,200,-96.259,-139.276,0,796.74,-998.24,1,151.74,0.67,2500,1,0,0
1738,28.99563,free_swing,516,354,440,207,-81.488,-152.661,0,736.11,-735.04,1,165.48,8.32,2500,1,0,0
1739,29.01232,free_swing,520,382,473,225,-70.728,-163.334,0,698.78,-526.58,1,163.88,7.27,2500,1,0,0
1740,29.029,free_swing,531,411,506,249,-59.100,-171.227,0,673.77,-324.80,1,163.92,7.30,2500,1,0,0
1741,29.04568,free_swing,553,433,535,274,-47.442,-173.541,0,760.87,-71.32,1,160.02,4.74,2500,1,0,0
1742,29.06237,free_swing,579,457,561,300,-33.901,-173.460,0,863.41,196.48,1,158.03,3.44,2500,1,0,0
1743,29.07905,free_swing,615,474,581,321,-18.677,-167.471,0,955.12,466.67,1,156.73,2.59,2500,1,0,0
1744,29.09573,free_swing,658,482,598,337,-1.909,-157.521,0,997.64,741.96,1,156.92,2.72,2500,1,0,0
1745,29.11242,free_swing,700,477,607,353,14.315,-143.130,0,994.01,954.34,1,155.00,1.46,2500,1,0,0
1746,29.1291,free_swing,740,461,615,371,30.833,-125.754,0,944.56,1123.82,0,154.03,0.82,2500,0,0,0
1747,29.14578,free_swing,772,437,624,395,46.071,-105.843,0,884.91,1258.86,0,153.84,0.70,2500,0,0,0
1748,29.16247,free_swing,793,408,641,423,59.689,-84.364,0,783.89,1337.79,0,152.74,0.02,2500,0,0,0
1749,29.17915,free_swing,806,378,672,452,72.168,-61.091,0,638.50,1361.09,0,153.08,0.20,2500,0,0,0
1750,29.19583,free_swing,813,355,718,472,81.283,-39.075,0,451.96,1345.95,0,150.71,1.35,2500,0,0,0
1751,29.21252,free_swing,815,340,771,486,86.987,-16.771,0,281.00,1293.50,0,152.49,0.19,2500,0,0,0
1752,29.2292,free_swing,815,331,828,484,90.377,4.857,0,147.84,1304.90,0,153.55,0.51,2500,0,0,0
1753,29.24588,free_swing,816,326,882,464,92.246,25.560,0,8.56,1243.69,0,152.97,0.13,2500,0,0,0
1754,29.26257,free_swing,816,329,929,430,91.123,48.209,0,-140.95,1265.00,0,151.56,0.79,2500,0,0,0
1755,29.27925,free_swing,816,338,948,394,87.754,67.011,0,-222.58,1423.20,0,143.39,6.14,2500,0,0,0
1756,29.29593,free_swing,814,348,,,83.951,,1,-155.30,,0,,,2500,0,0,0
1757,29.31262,free_swing,815,352,944,282,82.504,118.486,0,-2.74,1263.05,0,146.77,3.93,2500,0,0,0
1758,29.3293,free_swing,814,347,922,245,84.327,133.363,0,144.37,932.43,1,148.55,2.76,2500,1,0,0
1759,29.34598,free_swing,816,339,895,213,87.380,147.913,0,223.74,757.30,0,148.72,2.65,2500,0,0,0
1760,29.36267,free_swing,816,328,866,188,91.498,160.346,0,262.72,738.23,0,148.66,2.69,2500,0,0,0
1761,29.37935,free_swing,815,316,835,168,96.009,172.304,0,293.02,668.84,0,149.35,2.24,2500,0,0,0
1762,29.39603,free_swing,814,302,806,154,101.237,-176.906,0,319.41,633.33,0,148.22,2.98,2500,0,0,0
1763,29.41272,free_swing,811,288,777,143,106.557,-166.804,0,339.17,611.04,0,148.93,2.51,2500,0,0,0
1764,29.4294,free_swing,806,273,747,137,112.420,-156.548,0,336.15,586.15,0,148.25,2.96,2500,0,0,0
1765,29.44608,free_swing,801,259,719,134,117.878,-146.735,0,318.64,568.20,0,149.50,2.14,2500,0,0,0
1766,29.46277,free_swing,795,247,695,136,122.779,-137.984,0,278.71,556.66,0,149.40,2.21,2500,0,0,0
1767,29.47945,free_swing,788,237,670,144,127.235,-128.243,0,233.41,545.64,0,150.24,1.65,2500,0,0,0
1768,29.49613,free_swing,783,229,650,155,130.641,-119.091,0,196.76,553.39,0,152.20,0.37,2500,0,0,0
1769,29.51282,free_swing,778,223,635,170,133.466,-110.336,0,162.67,575.50,0,152.51,0.17,2500,0,0,0
1770,29.5295,free_swing,773,218,622,191,136.023,-100.138,0,97.12,592.88,0,153.39,0.41,2500,0,0,0
1771,29.54618,free_swing,771,216,616,216,137.045,-90.000,0,-2.26,556.46,0,155.00,1.46,2500,0,0,0
1772,29.56287,free_swing,774,218,620,241,135.764,-81.506,0,-90.96,531.41,0,155.71,1.92,2500,0,0,0
1773,29.57955,free_swing,777,223,629,267,133.716,-73.443,0,-147.45,486.66,0,154.40,1.07,2500,0,0,0
1774,29.59623,free_swing,782,228,643,296,131.152,-63.932,0,-195.62,482.26,0,154.74,1.29,2500,0,0,0
1775,29.61292,free_swing,788,237,657,319,127.235,-57.955,0,-269.19,448.62,0,154.55,1.16,2500,0,0,0
1776,29.6296,free_swing,795,249,678,350,122.161,-49.198,0,-339.16,425.22,0,154.56,1.17,2500,0,0,0
1777,29.64628,free_swing,803,264,697,378,115.907,-42.917,0,-381.06,438.07,0,155.67,1.90,2500,0,0,0
1778,29.66297,free_swing,809,281,718,409,109.255,-35.410,0,-425.19,413.24,0,157.05,2.80,2500,0,0,0
1779,29.67965,free_swing,814,300,739,440,101.965,-28.179,0,-487.73,452.54,0,158.82,3.96,2500,0,0,0
1780,29.69633,free_swing,817,324,761,473,92.974,-20.598,0,-553.23,491.39,0,159.18,4.19,2500,0,0,0
1781,29.71302,free_swing,814,351,784,506,82.828,-10.954,0,-647.86,635.91,0,157.88,3.34,2500,0,0,0
1782,29.7297,free_swing,808,380,810,537,71.684,0.730,0,-797.11,917.19,1,157.01,2.78,2500,1,0,0
1783,29.74638,free_swing,788,414,837,559,56.735,18.672,0,-983.14,1270.48,1,153.06,0.19,2500,1,0,0
1784,29.76307,free_swing,,,859,557,,,1,,,0,,,2500,0,0,0
1785,29.77975,free_swing,718,471,853,533,21.588,65.333,0,-935.39,1108.57,0,148.56,2.76,2500,0,0,0
1786,29.79643,free_swing,685,478,833,510,8.569,77.800,0,-787.80,712.60,1,151.42,0.88,2500,1,0,0
1787,29.81312,free_swing,652,481,806,489,-4.222,87.026,0,-720.38,353.38,1,154.21,0.94,2500,1,0,0
1788,29.8298,free_swing,622,476,778,472,-15.893,91.469,0,-726.31,118.97,1,156.05,2.15,2500,1,0,0
1789,29.84648,free_swing,592,463,751,462,-28.457,90.360,0,-709.52,-136.92,1,159.00,4.08,2500,1,0,0
1790,29.86317,free_swing,567,446,725,455,-40.101,86.740,0,-721.04,-381.16,1,158.26,3.59,2500,1,0,0
1791,29.87985,free_swing,545,425,699,456,-51.757,78.619,0,-726.10,-617.05,1,157.09,2.83,2500,1,0,0
1792,29.89653,free_swing,527,397,670,461,-64.455,65.889,0,-717.21,-831.72,1,156.67,2.55,2500,1,0,0
1793,29.91322,free_swing,517,369,638,467,-75.779,50.995,0,-637.44,-955.20,0,155.71,1.92,2500,0,0,0
1794,29.9299,free_swing,511,344,599,472,-85.486,34.509,0,-520.14,-1006.76,0,155.33,1.68,2500,0,0,0
1795,29.94658,free_swing,509,324,555,471,-92.974,17.376,0,-408.72,-1041.62,0,154.03,0.82,2500,0,0,0
1796,29.96327,free_swing,510,307,510,463,-99.280,0.000,0,-323.05,-1078.43,0,156.00,2.11,2500,0,0,0
1797,29.97995,free_swing,512,295,462,446,-103.768,-18.321,0,-262.44,-1104.37,0,159.06,4.12,2500,0,0,0
1798,29.99663,free_swing,515,284,424,404,-107.969,-37.174,0,-207.69,-1109.88,0,150.60,1.42,2500,0,0,0
1799,30.01332,free_swing,517,276,391,363,-110.985,-55.376,0,-153.48,-1131.54,0,153.12,0.23,2500,0,0,0
1800,30.03,free_swing,520,271,373,313,-113.102,-74.055,0,-99.98,-1137.82,0,152.88,0.07,2500,0,0,0
1801,30.04668,free_swing,522,268,371,258,-114.413,-93.789,0,-83.17,-1100.66,0,151.33,0.94,2500,0,0,0
1802,30.06337,free_swing,523,264,384,211,-115.907,-110.872,0,-98.69,-1000.58,0,148.76,2.62,2500,0,0,0
1803,30.08005,free_swing,525,259,404,169,-117.878,-126.642,0,-132.30,-906.25,0,150.80,1.29,2500,0,0,0
1804,30.09673,free_swing,527,252,433,136,-120.466,-140.981,0,-180.00,-823.43,0,149.31,2.27,2500,0,0,0
1805,30.11342,free_swing,531,244,467,109,-123.690,-154.636,0,-225.89,-744.42,0,149.40,2.21,2500,0,0,0
1806,30.1301,free_swing,538,234,501,90,-128.096,-165.590,0,-259.74,-672.78,0,148.68,2.68,2500,0,0,0
1807,30.14678,free_swing,545,224,537,76,-132.466,-176.906,0,-282.09,-616.32,0,148.22,2.98,2500,0,0,0
1808,30.16347,free_swing,555,215,572,68,-137.291,173.403,0,-303.70,-572.37,0,147.98,3.14,2500,0,0,0
1809,30.18015,free_swing,566,205,606,63,-142.628,164.268,0,-333.70,-507.16,0,147.53,3.43,2500,0,0,0
1810,30.19683,free_swing,579,195,638,61,-148.486,156.236,0,-361.25,-463.58,0,146.41,4.16,2500,0,0,0
1811,30.21352,free_swing,594,187,669,63,-154.552,148.833,0,-374.13,-445.92,0,144.92,5.14,2500,0,0,0
1812,30.2302,free_swing,611,180,701,66,-161.114,141.710,0,-389.77,-413.74,0,145.24,4.93,2500,0,0,0
1813,30.24688,free_swing,628,175,734,71,-167.433,134.454,0,-403.14,-372.78,0,148.50,2.80,2500,0,0,0
1814,30.26357,free_swing,648,172,762,78,-174.644,129.508,0,-436.60,-317.99,0,147.76,3.28,2500,0,0,0
1815,30.28025,free_swing,668,171,791,88,178.221,124.011,0,-460.61,-279.31,0,148.38,2.87,2500,0,0,0
1816,30.29693,free_swing,691,174,819,101,169.951,119.697,0,-453.09,-280.92,0,147.35,3.55,2500,0,0,0
1817,30.31362,free_swing,710,179,845,116,162.924,115.017,0,-433.79,-270.96,0,148.98,2.48,2500,0,0,0
1818,30.3303,free_swing,728,186,868,135,156.001,110.016,0,-398.76,-302.97,0,149.00,2.47,2500,0,0,0
1819,30.34698,free_swing,744,195,889,156,149.407,105.054,0,-371.82,-357.60,0,150.15,1.71,2500,0,0,0
1820,30.36367,free_swing,757,204,906,183,143.707,98.022,0,-314.00,-457.38,0,150.47,1.50,2500,0,0,0
1821,30.38035,free_swing,767,213,918,214,138.848,89.621,0,-254.54,-571.63,0,151.00,1.16,2500,0,0,0
1822,30.39703,free_swing,774,220,924,249,135.257,79.058,0,-203.69,-669.21,0,152.78,0.00,2500,0,0,0
1823,30.41372,free_swing,780,227,922,286,131.906,67.437,0,-180.04,-733.29,0,153.77,0.65,2500,0,0,0
1824,30.4304,free_swing,785,233,912,323,129.058,54.676,0,-199.40,-750.57,0,155.66,1.89,2500,0,0,0
1825,30.44708,free_swing,791,241,897,357,125.410,42.421,0,-242.10,-745.82,0,157.14,2.86,2500,0,0,0
1826,30.46377,free_swing,797,252,877,390,120.838,30.101,0,-284.43,-733.33,0,159.51,4.41,2500,0,0,0
1827,30.48045,free_swing,803,264,852,415,115.907,17.978,0,-290.94,-711.62,0,158.75,3.91,2500,0,0,0
1828,30.49713,free_swing,808,276,825,434,111.117,6.141,0,-281.54,-687.45,0,158.91,4.02,2500,0,0,0
1829,30.51382,free_swing,811,288,798,446,106.557,-4.704,0,-285.70,-672.12,0,158.53,3.77,2500,0,0,0
1830,30.5305,free_swing,814,301,770,454,101.602,-16.044,0,-327.34,-648.63,0,159.20,4.21,2500,0,0,0
1831,30.54718,free_swing,816,316,745,458,95.970,-26.565,0,-351.49,-591.09,0,158.76,3.92,2500,0,0,0
1832,30.56387,free_swing,815,333,724,460,89.623,-35.623,0,-327.52,-500.07,0,156.24,2.27,2500,0,0,0
1833,30.58055,free_swing,814,345,708,459,85.079,-42.917,0,-266.38,-393.95,0,155.67,1.90,2500,0,0,0
1834,30.59723,free_swing,813,355,696,457,81.283,-48.918,0,-185.60,-284.93,0,155.22,1.60,2500,0,0,0
1835,30.61392,free_swing,811,362,689,456,78.541,-52.386,0,-119.07,-172.79,0,154.01,0.81,2500,0,0,0
1836,30.6306,free_swing,811,365,685,455,77.430,-54.462,0,-41.71,-48.09,0,154.84,1.36,2500,0,0,0
1837,30.64728,free_swing,811,366,685,456,77.062,-54.462,0,15.19,56.78,0,154.84,1.36,2500,0,0,0
1838,30.66397,free_swing,811,364,689,458,77.800,-52.386,0,41.00,138.20,0,154.01,0.81,2500,0,0,0
1839,30.68065,free_swing,811,362,694,461,78.541,-49.764,0,53.77,194.13,0,153.26,0.32,2500,0,0,0
1840,30.69733,free_swing,812,360,700,467,79.357,-46.308,0,56.01,245.54,0,154.90,1.39,2500,0,0,0
1841,30.71402,free_swing,812,357,710,472,80.475,-41.572,0,69.89,292.22,0,153.72,0.62,2500,0,0,0
1842,30.7307,free_swing,813,354,722,478,81.656,-36.274,0,82.57,337.72,0,153.81,0.68,2500,0,0,0
1843,30.74738,free_swing,814,350,735,483,83.202,-30.710,0,90.00,372.28,0,154.69,1.26,2500,0,0,0
1844,30.76407,free_swing,814,346,752,487,84.703,-23.736,0,92.92,412.75,0,154.03,0.82,2500,0,0,0
1845,30.78075,free_swing,815,342,770,490,86.236,-16.912,0,92.60,442.48,0,154.69,1.26,2500,0,0,0
1846,30.79743,free_swing,815,338,790,491,87.739,-9.280,0,86.55,441.85,0,155.03,1.48,2500,0,0,0
1847,30.81412,free_swing,815,334,810,489,89.246,-1.848,0,80.85,442.23,0,155.08,1.51,2500,0,0,0
1848,30.8308,free_swing,816,331,830,485,90.374,5.194,0,82.75,440.12,0,154.64,1.22,2500,0,0,0
1849,30.84748,free_swing,816,327,850,478,91.872,12.689,0,83.65,438.20,0,154.78,1.32,2500,0,0,0
1850,30.86417,free_swing,816,323,869,468,93.366,20.078,0,78.10,425.37,0,154.38,1.05,2500,0,0,0
1851,30.88085,free_swing,816,320,885,457,94.485,26.732,0,71.47,404.04,0,153.39,0.41,2500,0,0,0
1852,30.89753,free_swing,816,317,900,445,95.599,33.275,0,74.74,372.38,0,153.10,0.22,2500,0,0,0
1853,30.91422,free_swing,815,313,912,431,97.125,39.421,0,90.51,327.65,0,152.75,0.01,2500,0,0,0
1854,30.9309,free_swing,815,309,921,418,98.604,44.201,0,100.60,281.63,0,152.04,0.48,2500,0,0,0
1855,30.94758,free_swing,814,304,928,405,100.505,48.460,0,109.98,239.34,0,152.31,0.30,2500,0,0,0
1856,30.96427,free_swing,814,299,935,392,102.328,52.454,0,129.47,207.07,0,152.61,0.11,2500,0,0,0
1857,30.98095,free_swing,812,293,937,380,104.668,55.162,0,146.36,148.54,0,152.30,0.31,2500,0,0,0
1858,30.99763,free_swing,810,286,939,369,107.376,57.242,0,164.04,43.59,0,153.39,0.41,2500,0,0,0
1859,31.01432,free_swing,808,279,937,362,110.078,57.242,0,173.44,-50.10,0,153.39,0.41,2500,0,0,0
1860,31.031,free_swing,806,271,934,360,113.102,55.189,0,182.69,-79.35,0,155.90,2.05,2500,0,0,0
1861,31.04768,free_swing,803,263,928,354,116.237,53.945,0,192.89,-113.41,0,154.62,1.21,2500,0,0,0
1862,31.06437,free_swing,799,255,922,348,119.518,52.907,0,207.86,-141.22,0,154.20,0.94,2500,0,0,0
1863,31.08105,free_swing,794,247,909,349,122.978,48.428,0,214.19,-198.48,0,153.72,0.62,2500,0,0,0
1864,31.09773,free_swing,789,238,900,345,126.724,46.051,0,202.06,-216.53,0,154.18,0.92,2500,0,0,0
1865,31.11442,free_swing,785,231,888,346,129.620,41.849,0,159.30,-222.11,0,154.38,1.05,2500,0,0,0
1866,31.1311,free_swing,781,226,877,348,131.934,38.199,0,102.40,-263.37,0,155.24,1.62,2500,0,0,0
1867,31.14778,free_swing,779,224,864,354,132.955,33.179,0,42.16,-299.28,0,155.32,1.67,2500,0,0,0
1868,31.16447,free_swing,778,224,852,362,133.202,28.202,0,-35.24,-345.25,0,156.59,2.50,2500,0,0,0
1869,31.18115,free_swing,781,226,839,373,131.934,21.532,0,-118.88,-402.55,0,158.03,3.44,2500,0,0,0
1870,31.19783,free_swing,785,233,826,386,129.058,15.001,0,-212.05,-452.56,0,158.40,3.68,2500,0,0,0
1871,31.21452,free_swing,792,242,810,401,124.902,6.459,0,-297.63,-477.93,0,160.02,4.74,2500,0,0,0
1872,31.2312,free_swing,799,256,796,417,119.197,-1.067,0,-377.84,-487.14,0,161.03,5.40,2500,0,0,0
1873,31.24788,free_swing,807,273,781,433,112.280,-9.230,0,-452.35,-461.08,0,162.10,6.11,2500,0,0,0
1874,31.26457,free_swing,813,294,767,449,104.216,-16.530,0,-512.20,-412.24,0,161.68,5.83,2500,0,0,0
1875,31.28125,free_swing,817,318,754,468,95.194,-22.782,0,-563.51,-310.67,0,162.69,6.49,2500,0,0,0
1876,31.29793,free_swing,816,344,743,489,85.515,-26.723,0,-600.89,-186.62,0,162.34,6.26,2500,0,0,0
1877,31.31462,free_swing,810,371,733,512,75.141,-28.639,0,-622.68,-28.62,0,160.65,5.16,2500,0,0,0
1878,31.3313,free_swing,799,397,725,538,64.455,-27.692,0,-663.61,154.38,0,159.24,4.23,2500,0,0,0
1879,31.34798,free_swing,783,422,721,568,53.130,-23.009,0,-748.87,405.01,1,158.62,3.83,2500,1,0,0
1880,31.36467,free_swing,758,447,720,596,39.560,-14.307,0,-882.43,751.75,1,153.77,0.65,2500,1,0,0
1881,31.38135,free_swing,724,469,725,621,24.001,0.377,0,-969.63,997.91,1,152.00,0.50,2500,1,0,0
1882,31.39803,free_swing,682,482,731,620,7.219,19.549,0,-935.48,987.96,0,146.44,4.14,2500,0,0,0
1883,31.41472,free_swing,644,479,724,601,-7.365,33.254,0,-831.21,734.33,1,145.89,4.50,2500,1,0,0
1884,31.4314,free_swing,613,471,712,580,-19.784,42.248,0,-719.29,406.00,1,147.25,3.62,2500,1,0,0
1885,31.44808,free_swing,585,459,696,562,-31.557,47.141,0,-660.17,159.01,1,151.43,0.88,2500,1,0,0
1886,31.46477,free_swing,563,443,676,546,-42.016,47.651,0,-624.33,-66.06,1,152.90,0.08,2500,1,0,0
1887,31.48145,free_swing,544,424,653,533,-52.292,45.000,0,-596.63,-257.84,0,154.15,0.90,2500,0,0,0
1888,31.49813,free_swing,529,403,626,522,-62.083,39.184,0,-583.88,-431.87,0,153.53,0.49,2500,0,0,0
1889,31.51482,free_swing,519,380,598,512,-71.565,30.900,0,-551.25,-586.58,0,153.83,0.70,2500,0,0,0
1890,31.5315,free_swing,513,357,565,502,-80.538,19.729,0,-495.28,-703.96,0,154.04,0.83,2500,0,0,0
1891,31.54818,free_swing,510,337,530,490,-88.128,7.447,0,-419.69,-780.21,0,154.30,1.00,2500,0,0,0
1892,31.56487,free_swing,510,320,494,474,-94.485,-5.932,0,-358.16,-812.38,0,154.83,1.35,2500,0,0,0
1893,31.58155,free_swing,510,305,458,450,-100.008,-19.729,0,-322.70,-830.33,0,154.04,0.83,2500,0,0,0
1894,31.59823,free_swing,513,291,428,419,-105.287,-33.587,0,-288.77,-855.73,0,153.65,0.58,2500,0,0,0
1895,31.61492,free_swing,516,279,402,382,-109.826,-47.902,0,-245.39,-877.09,0,153.64,0.57,2500,0,0,0
1896,31.6316,free_swing,520,270,384,339,-113.440,-63.099,0,-202.26,-889.21,0,152.50,0.18,2500,0,0,0
1897,31.64828,free_swing,523,262,375,295,-116.565,-77.430,0,-180.10,-869.47,0,151.63,0.74,2500,0,0,0
1898,31.66497,free_swing,527,255,375,250,-119.518,-91.884,0,-170.15,-838.00,0,152.08,0.45,2500,0,0,0
1899,31.68165,free_swing,531,248,384,208,-122.471,-105.222,0,-178.77,-776.31,0,152.35,0.28,2500,0,0,0
1900,31.69833,free_swing,535,241,401,170,-125.410,-117.917,0,-210.14,-681.76,0,151.65,0.74,2500,0,0,0
1901,31.71502,free_swing,541,232,422,139,-129.341,-128.008,0,-238.13,-602.48,0,151.03,1.14,2500,0,0,0
1902,31.7317,free_swing,548,222,447,112,-133.727,-137.442,0,-257.57,-514.95,0,149.34,2.25,2500,0,0,0
1903,31.74838,free_swing,556,214,473,91,-137.799,-145.989,0,-272.64,-462.07,0,148.38,2.87,2500,0,0,0
1904,31.76507,free_swing,566,205,497,73,-142.628,-152.403,0,-301.14,-390.81,0,148.95,2.50,2500,0,0,0
1905,31.78175,free_swing,578,196,525,56,-147.995,-159.265,0,-325.42,-372.81,0,149.70,2.01,2500,0,0,0
1906,31.79843,free_swing,592,189,552,47,-153.595,-164.268,0,-341.34,-298.98,0,147.53,3.43,2500,0,0,0
1907,31.81512,free_swing,606,182,580,34,-159.193,-170.036,0,-360.47,-189.09,0,150.27,1.64,2500,0,0,0
1908,31.8318,free_swing,623,176,599,29,-165.619,-170.727,0,-381.17,-146.19,0,148.95,2.50,2500,0,0,0
1909,31.84848,free_swing,641,173,623,25,-172.122,-173.066,0,-400.13,-58.85,0,149.09,2.41,2500,0,0,0
1910,31.86517,free_swing,660,171,648,24,-178.933,-175.333,0,-436.13,-36.99,0,147.49,3.46,2500,0,0,0
1911,31.88185,free_swing,681,172,663,25,173.581,-173.019,0,-480.73,25.23,0,148.10,3.06,2500,0,0,0
1912,31.89853,free_swing,705,177,690,28,164.839,-174.251,0,-510.89,22.21,0,149.75,1.98,2500,0,0,0
1913,31.91522,free_swing,727,185,710,34,156.473,-173.577,0,-520.97,-20.85,0,151.95,0.53,2500,0,0,0
1914,31.9319,free_swing,748,197,733,48,147.804,-174.251,0,-512.24,-45.56,0,149.75,1.98,2500,0,0,0
1915,31.94858,free_swing,767,212,755,60,139.086,-175.486,0,-525.84,-136.18,0,152.47,0.20,2500,0,0,0
1916,31.96527,free_swing,783,229,780,78,130.641,-178.862,0,-525.38,-227.38,0,151.03,1.14,2500,0,0,0
1917,31.98195,free_swing,797,250,806,98,121.464,176.611,0,-515.18,-352.81,0,152.27,0.33,2500,0,0,0
1918,31.99863,free_swing,806,270,833,121,113.440,169.729,0,-488.26,-464.76,0,151.43,0.88,2500,0,0,0
1919,32.01532,free_swing,812,290,863,148,105.742,160.244,0,-419.55,-633.90,0,150.88,1.24,2500,0,0,0
1920,32.032,free_swing,815,307,892,178,99.340,149.167,0,-304.89,-797.52,0,150.23,1.66,2500,0,0,0
1921,32.04868,free_swing,816,317,924,217,95.599,132.797,0,-127.60,-1057.20,1,147.19,3.66,2500,1,0,0
1922,32.06537,free_swing,816,319,947,259,94.857,114.609,0,22.90,-1354.15,1,144.09,5.68,2500,1,0,0
1923,32.08205,free_swing,815,315,,,96.382,,1,83.33,,0,,,2500,0,0,0
1924,32.09873,free_swing,815,312,946,379,97.496,62.913,0,61.60,-1499.90,0,147.14,3.69,2500,0,0,0
1925,32.11542,free_swing,816,311,914,427,97.815,40.192,0,-11.43,-1382.40,0,151.86,0.60,2500,0,0,0
1926,32.1321,free_swing,815,313,861,460,97.125,17.376,0,-93.80,-1329.12,0,154.03,0.82,2500,0,0,0
1927,32.14878,free_swing,815,320,802,475,94.514,-4.794,0,-199.19,-1305.88,0,155.54,1.82,2500,0,0,0
1928,32.16547,free_swing,816,331,747,471,90.374,-26.237,0,-339.26,-1300.05,0,156.08,2.17,2500,0,0,0
1929,32.18215,free_swing,813,348,701,451,83.911,-47.397,0,-431.51,-1270.49,0,152.16,0.40,2500,0,0,0
1930,32.19883,free_swing,809,370,666,424,75.411,-69.312,0,-472.64,-1225.23,0,152.86,0.06,2500,0,0,0
1931,32.21552,free_swing,803,387,651,393,68.552,-87.739,0,-449.28,-1105.24,0,152.12,0.43,2500,0,0,0
1932,32.2322,free_swing,795,405,649,363,61.056,-106.049,0,-400.79,-985.86,0,151.92,0.56,2500,0,0,0
1933,32.24888,free_swing,786,418,655,342,55.039,-120.120,0,-327.57,-820.19,0,151.45,0.86,2500,0,0,0
1934,32.26557,free_swing,778,427,668,323,50.440,-133.394,0,-173.33,-554.19,1,151.38,0.91,2500,1,0,0
1935,32.28225,free_swing,775,430,677,315,48.814,-139.563,0,-23.47,-302.91,1,151.09,1.10,2500,1,0,0
1936,32.29893,free_swing,777,428,685,308,49.899,-142.524,0,70.68,-128.09,0,151.21,1.02,2500,0,0,0
1937,32.31562,free_swing,779,425,691,303,51.280,-144.197,0,95.43,-80.05,0,150.43,1.53,2500,0,0,0
1938,32.3323,free_swing,781,422,696,298,52.667,-145.570,0,111.54,-9.05,0,150.34,1.59,2500,0,0,0
1939,32.34898,free_swing,785,418,698,294,54.819,-144.946,0,146.46,74.02,0,151.48,0.85,2500,0,0,0
1940,32.36567,free_swing,790,412,698,292,57.792,-142.524,0,185.74,163.07,0,151.21,1.02,2500,0,0,0
1941,32.38235,free_swing,794,405,696,289,60.871,-139.808,0,205.04,217.96,0,151.86,0.60,2500,0,0,0
1942,32.39903,free_swing,798,396,692,289,64.636,-135.269,0,213.77,274.06,0,150.62,1.41,2500,0,0,0
1943,32.41572,free_swing,803,388,688,290,68.199,-130.437,0,242.34,351.03,0,151.09,1.10,2500,0,0,0
1944,32.4324,free_swing,807,378,682,294,72.284,-123.901,0,268.66,435.49,0,150.60,1.42,2500,0,0,0
1945,32.44908,free_swing,811,365,675,299,77.430,-115.887,0,288.52,489.11,0,151.17,1.05,2500,0,0,0
1946,32.46577,free_swing,814,353,668,309,82.082,-106.771,0,299.09,571.97,0,152.49,0.19,2500,0,0,0
1947,32.48245,free_swing,816,340,664,319,87.007,-97.866,0,315.58,668.40,0,153.44,0.44,2500,0,0,0
1948,32.49913,free_swing,816,325,664,340,92.620,-84.364,0,327.61,752.13,0,152.74,0.02,2500,0,0,0
1949,32.51582,free_swing,815,310,669,358,98.236,-71.801,0,323.62,819.88,0,153.69,0.60,2500,0,0,0
1950,32.5325,free_swing,813,297,682,378,103.134,-58.271,0,313.29,846.04,0,154.02,0.82,2500,0,0,0
1951,32.54918,free_swing,809,283,703,396,108.553,-43.169,0,308.89,904.84,0,154.94,1.42,2500,0,0,0
1952,32.56587,free_swing,805,270,732,407,113.587,-28.051,0,293.77,932.80,0,155.24,1.61,2500,0,0,0
1953,32.58255,free_swing,801,258,767,411,118.202,-12.529,0,250.09,917.47,0,156.73,2.59,2500,0,0,0
1954,32.59923,free_swing,796,249,804,405,121.967,2.936,0,203.87,900.18,0,156.20,2.25,2500,0,0,0
1955,32.61592,free_swing,792,242,838,391,124.902,17.157,0,153.05,867.20,0,155.94,2.07,2500,0,0,0
1956,32.6326,free_swing,788,237,870,369,127.235,31.849,0,122.96,846.48,0,155.40,1.72,2500,0,0,0
1957,32.64928,free_swing,786,233,896,341,128.830,45.526,0,96.07,831.28,0,154.16,0.91,2500,0,0,0
1958,32.66597,free_swing,782,230,915,309,130.601,59.290,0,71.21,790.76,0,154.69,1.26,2500,0,0,0
1959,32.68265,free_swing,780,229,926,276,131.359,72.156,0,51.60,747.42,0,153.38,0.40,2500,0,0,0
1960,32.69933,free_swing,779,227,930,243,132.151,83.951,0,40.46,681.90,0,151.85,0.61,2500,0,0,0
1961,32.71602,free_swing,778,225,928,212,132.936,94.953,0,54.87,623.66,0,150.56,1.45,2500,0,0,0
1962,32.7327,free_swing,776,223,922,185,133.968,104.589,0,81.26,538.03,0,150.86,1.25,2500,0,0,0
1963,32.74938,free_swing,774,219,911,160,135.512,113.299,0,107.14,461.64,0,149.16,2.36,2500,0,0,0
1964,32.76607,free_swing,770,215,899,141,137.556,119.840,0,107.10,409.83,0,148.72,2.65,2500,0,0,0
1965,32.78275,free_swing,767,212,885,123,139.086,127.025,0,77.28,396.02,0,147.80,3.25,2500,0,0,0
1966,32.79943,free_swing,765,211,872,109,139.870,133.630,0,27.08,437.18,0,147.83,3.24,2500,0,0,0
1967,32.81612,free_swing,765,211,858,95,139.870,141.280,0,-46.67,499.32,0,148.68,2.68,2500,0,0,0
1968,32.8328,free_swing,768,213,841,84,138.576,150.495,0,-123.43,578.30,0,148.22,2.98,2500,0,0,0
1969,32.84948,free_swing,774,219,823,79,135.512,160.710,0,-192.09,636.46,0,148.33,2.91,2500,0,0,0
1970,32.86617,free_swing,780,226,802,79,132.176,171.488,0,-242.14,677.43,0,148.64,2.71,2500,0,0,0
1971,32.88285,free_swing,787,236,779,86,127.747,-176.947,0,-270.40,681.08,0,150.21,1.67,2500,0,0,0
1972,32.89953,free_swing,795,247,757,101,122.779,-165.411,0,-329.19,666.63,0,150.86,1.25,2500,0,0,0
1973,32.91622,free_swing,801,260,737,123,117.553,-154.960,0,-328.58,667.22,0,151.21,1.02,2500,0,0,0
1974,32.9329,free_swing,808,277,717,153,110.772,-143.726,0,-348.01,661.86,0,153.81,0.68,2500,0,0,0
1975,32.94958,free_swing,813,288,702,187,106.348,-132.299,0,-388.38,642.13,0,150.07,1.77,2500,0,0,0
1976,32.96627,free_swing,817,310,690,228,98.130,-122.849,0,-485.66,534.07,0,151.17,1.05,2500,0,0,0
1977,32.98295,free_swing,818,333,679,271,89.630,-114.039,0,-593.38,426.34,0,152.20,0.37,2500,0,0,0
1978,32.99963,free_swing,812,362,668,314,78.616,-108.435,0,-639.13,383.45,0,151.79,0.64,2500,0,0,0
1979,33.01632,free_swing,804,388,655,358,68.339,-101.384,0,-649.52,450.39,0,151.99,0.51,2500,0,0,0
1980,33.033,free_swing,789,414,638,406,56.944,-93.033,0,-637.40,580.83,0,151.21,1.02,2500,0,0,0
1981,33.04968,free_swing,772,434,620,457,46.900,-81.396,0,-655.34,701.14,0,153.73,0.63,2500,0,0,0
1982,33.06637,free_swing,749,455,604,511,34.961,-68.883,0,-753.59,914.20,1,155.44,1.75,2500,1,0,0
1983,33.08305,free_swing,719,471,598,566,21.943,-51.864,0,-915.83,1230.27,1,153.84,0.70,2500,1,0,0
1984,33.09973,free_swing,675,482,604,616,4.574,-27.917,0,-1052.74,1603.60,1,151.65,0.74,2500,1,0,0
1985,33.11642,free_swing,,,634,624,,,1,,,0,,,2500,0,0,0
1986,33.1331,free_swing,587,461,656,590,-30.504,28.142,0,-904.01,1360.45,0,146.29,4.24,2500,0,0,0
1987,33.14978,free_swing,561,440,667,547,-43.363,44.731,0,-703.85,968.64,1,150.62,1.41,2500,1,0,0
1988,33.16647,free_swing,542,422,672,501,-53.358,58.713,0,-547.61,702.78,1,152.12,0.43,2500,1,0,0
1989,33.18315,free_swing,530,403,673,456,-61.905,69.664,0,-497.22,634.28,0,152.51,0.17,2500,0,0,0
1990,33.19983,free_swing,521,383,671,411,-70.244,79.426,0,-480.59,507.57,0,152.59,0.12,2500,0,0,0
1991,33.21652,free_swing,514,363,667,369,-78.247,87.754,0,-489.84,403.76,0,153.12,0.23,2500,0,0,0
1992,33.2332,free_swing,510,342,665,335,-86.260,92.586,0,-488.09,337.43,0,155.16,1.56,2500,0,0,0
1993,33.24988,free_swing,509,319,661,296,-94.825,98.604,0,-478.13,329.73,0,153.73,0.63,2500,0,0,0
1994,33.26657,free_swing,511,299,659,261,-102.249,104.400,0,-454.22,342.19,0,152.80,0.02,2500,0,0,0
1995,33.28325,free_swing,516,279,660,227,-109.826,109.855,0,-447.58,315.62,0,153.10,0.22,2500,0,0,0
1996,33.29993,free_swing,523,260,661,196,-117.216,114.880,0,-460.78,287.68,0,152.12,0.43,2500,0,0,0
1997,33.31662,free_swing,533,240,665,164,-125.287,119.932,0,-472.58,313.24,0,152.32,0.30,2500,0,0,0
1998,33.3333,free_swing,546,223,668,138,-132.973,124.866,0,-477.56,368.01,0,148.69,2.67,2500,0,0,0
1999,33.34998,free_swing,563,208,672,108,-141.116,132.534,0,-466.10,442.92,0,147.92,3.17,2500,0,0,0
2000,33.36667,free_swing,580,195,675,82,-148.791,139.946,0,-465.22,510.76,0,147.63,3.37,2500,0,0,0
2001,33.38335,free_swing,599,185,675,58,-156.473,149.103,0,-479.94,551.94,0,148.00,3.12,2500,0,0,0
2002,33.40003,free_swing,621,177,674,40,-164.839,158.850,0,-523.18,625.24,0,146.89,3.85,2500,0,0,0
2003,33.41672,free_swing,646,172,673,26,-173.935,169.523,0,-555.32,693.81,0,148.48,2.81,2500,0,0,0
2004,33.4334,free_swing,673,170,668,19,176.468,-178.103,0,-581.21,757.18,0,151.08,1.11,2500,0,0,0
2005,33.45008,free_swing,699,176,660,27,167.005,-165.332,0,-581.90,755.84,0,154.02,0.82,2500,0,0,0
2006,33.46677,free_swing,726,185,659,53,156.801,-153.089,0,-591.12,676.13,0,148.03,3.10,2500,0,0,0
2007,33.48345,free_swing,749,197,656,74,147.501,-142.907,0,-586.69,556.69,0,154.20,0.94,2500,0,0,0
2008,33.50013,free_swing,771,216,659,105,137.045,-134.743,0,-604.16,431.13,0,157.69,3.22,2500,0,0,0
2009,33.51682,free_swing,788,236,666,139,127.524,-128.488,0,-604.82,347.63,0,155.86,2.02,2500,0,0,0
2010,33.5335,free_swing,805,262,674,174,116.241,-123.891,0,-632.50,222.65,0,157.81,3.30,2500,0,0,0
2011,33.55018,free_swing,814,288,683,210,106.246,-120.770,0,-768.62,-10.65,1,152.46,0.20,2500,1,0,0
2012,33.56687,free_swing,816,327,689,243,91.872,-123.481,0,-901.34,-261.08,1,152.27,0.33,2500,1,0,0
2013,33.58355,free_swing,809,372,692,271,74.678,-130.802,0,-1009.32,-480.03,1,154.56,1.17,2500,1,0,0
2014,33.60023,free_swing,793,411,691,295,58.713,-138.674,0,-1021.67,-598.82,0,154.47,1.11,2500,0,0,0
2015,33.61692,free_swing,,,685,312,,,1,,,0,,,2500,0,0,0
2016,33.6336,free_swing,,,678,323,,,1,,,0,,,2500,0,0,0
2017,33.65028,free_swing,680,481,661,329,6.509,-172.875,0,-923.23,-535.31,0,153.18,0.27,2500,0,0,0
2018,33.66697,free_swing,645,481,644,329,-6.888,-179.623,0,-756.18,-285.81,1,152.00,0.50,2500,1,0,0
2019,33.68365,free_swing,617,474,621,323,-17.949,178.483,0,-579.37,-10.77,1,151.05,1.12,2500,1,0,0
2020,33.70033,free_swing,596,466,596,315,-26.565,180.000,0,-433.42,219.93,1,151.00,1.16,2500,1,0,0
2021,33.71702,free_swing,583,458,569,308,-32.412,-174.668,0,-277.73,419.42,0,150.65,1.39,2500,0,0,0
2022,33.7337,free_swing,575,454,538,307,-35.803,-165.872,0,-119.72,603.78,0,151.58,0.78,2500,0,0,0
2023,33.75038,free_swing,573,452,509,315,-36.870,-154.960,0,-2.78,729.34,0,151.21,1.02,2500,0,0,0
2024,33.76707,free_swing,575,454,480,334,-35.803,-141.633,0,58.32,801.19,0,153.05,0.18,2500,0,0,0
2025,33.78375,free_swing,577,455,457,361,-34.961,-128.073,0,76.52,856.59,0,152.43,0.22,2500,0,0,0
2026,33.80043,free_swing,580,456,440,395,-33.797,-113.543,0,70.56,914.11,0,152.71,0.04,2500,0,0,0
2027,33.81712,free_swing,583,458,431,438,-32.412,-97.496,0,64.88,987.52,0,153.31,0.35,2500,0,0,0
2028,33.8338,free_swing,585,459,436,484,-31.557,-80.475,0,55.58,1047.69,0,151.08,1.11,2500,0,0,0
2029,33.85048,free_swing,587,460,455,528,-30.700,-62.745,0,59.22,1105.56,0,148.49,2.81,2500,0,0,0
2030,33.86717,free_swing,590,462,487,568,-29.316,-44.178,0,96.35,1109.46,0,147.80,3.25,2500,0,0,0
2031,33.88385,free_swing,594,465,529,602,-27.420,-25.382,0,161.13,1045.91,0,151.64,0.74,2500,0,0,0
2032,33.90053,free_swing,602,469,577,619,-24.001,-9.462,0,244.73,943.37,0,152.07,0.46,2500,0,0,0
2033,33.91722,free_swing,614,473,628,624,-19.163,5.297,0,317.44,823.25,0,151.65,0.74,2500,0,0,0
2034,33.9339,free_swing,629,477,677,621,-13.196,18.435,0,386.47,702.46,0,151.79,0.64,2500,0,0,0
2035,33.95058,free_swing,646,479,719,613,-6.597,28.580,0,455.01,543.07,0,152.59,0.12,2500,0,0,0
2036,33.96727,free_swing,668,480,758,602,1.935,36.416,0,517.72,383.98,0,151.60,0.76,2500,0,0,0
2037,33.98395,free_swing,691,478,791,591,10.856,41.507,0,562.91,237.96,0,150.89,1.23,2500,0,0,0
2038,34.00063,free_swing,715,472,820,579,20.376,44.459,0,572.73,116.93,0,149.91,1.87,2500,0,0,0
2039,34.01732,free_swing,738,461,845,567,30.174,45.269,0,592.19,0.56,0,150.62,1.41,2500,0,0,0
2040,34.034,free_swing,759,447,865,553,39.855,45.000,0,606.41,-92.96,0,149.91,1.87,2500,0,0,0
2041,34.05068,free_swing,779,428,880,539,50.389,42.299,0,612.99,-136.68,0,150.07,1.77,2500,0,0,0
2042,34.06737,free_swing,794,406,891,521,60.539,40.147,0,624.13,-152.09,0,150.45,1.52,2500,0,0,0
2043,34.08405,free_swing,805,382,899,501,70.602,38.306,0,598.77,-84.01,0,151.65,0.74,2500,0,0,0
2044,34.10073,free_swing,813,356,905,480,80.910,36.573,0,560.37,-20.37,0,154.40,1.07,2500,0,0,0
2045,34.11742,free_swing,815,334,910,455,89.246,38.136,0,505.00,69.22,0,153.84,0.70,2500,0,0,0
2046,34.1341,free_swing,815,312,912,432,97.496,38.950,0,465.51,130.34,0,154.30,1.00,2500,0,0,0
2047,34.15078,free_swing,812,292,915,406,105.027,42.098,0,456.50,161.30,0,153.64,0.57,2500,0,0,0
2048,34.16747,free_swing,807,272,915,381,112.620,44.736,0,437.47,213.04,0,153.44,0.44,2500,0,0,0
2049,34.18415,free_swing,799,254,914,355,119.836,48.708,0,428.67,244.76,0,153.06,0.19,2500,0,0,0
2050,34.20083,free_swing,789,238,912,330,126.724,53.205,0,411.62,294.71,0,153.60,0.54,2500,0,0,0
2051,34.21752,free_swing,777,223,908,304,133.716,58.271,0,403.25,312.73,0,154.02,0.82,2500,0,0,0
2052,34.2342,free_swing,764,211,902,279,140.148,63.768,0,393.56,324.15,0,153.84,0.70,2500,0,0,0
2053,34.25088,free_swing,750,199,893,254,146.810,68.962,0,383.59,323.20,0,153.21,0.29,2500,0,0,0
2054,34.26757,free_swing,735,190,883,231,153.113,74.516,0,388.28,321.58,0,153.57,0.53,2500,0,0,0
2055,34.28425,free_swing,719,182,870,209,159.528,79.862,0,383.31,344.89,0,153.39,0.41,2500,0,0,0
2056,34.30093,free_swing,701,177,855,189,166.225,85.544,0,396.10,344.02,0,154.47,1.11,2500,0,0,0
2057,34.31762,free_swing,684,173,836,168,172.476,91.884,0,397.59,336.05,0,152.08,0.45,2500,0,0,0
2058,34.3343,free_swing,664,171,816,153,179.644,96.754,0,403.71,336.48,0,153.06,0.19,2500,0,0,0
2059,34.35098,free_swing,646,172,793,139,-173.935,102.653,0,417.72,363.84,0,150.66,1.38,2500,0,0,0
2060,34.36767,free_swing,626,176,769,126,-166.657,109.272,0,435.97,400.91,0,151.49,0.84,2500,0,0,0
2061,34.38435,free_swing,606,182,742,115,-159.193,116.227,0,464.41,423.52,0,151.61,0.76,2500,0,0,0
2062,34.40103,free_swing,586,192,713,109,-151.189,123.166,0,483.45,452.52,0,151.72,0.69,2500,0,0,0
2063,34.41772,free_swing,567,204,680,104,-143.130,131.507,0,503.25,514.03,0,150.89,1.23,2500,0,0,0
2064,34.4344,free_swing,549,220,646,103,-134.493,140.339,0,511.65,581.23,0,151.98,0.52,2500,0,0,0
2065,34.45108,free_swing,535,239,609,105,-126.001,151.091,0,512.39,663.94,0,153.08,0.20,2500,0,0,0
2066,34.46777,free_swing,524,259,570,113,-117.708,162.512,0,483.12,782.75,0,153.08,0.20,2500,0,0,0
2067,34.48445,free_swing,516,279,525,126,-109.826,176.634,0,441.64,836.06,0,153.26,0.32,2500,0,0,0
2068,34.50113,free_swing,512,296,480,148,-103.410,-167.800,0,353.45,944.83,0,151.42,0.88,2500,0,0,0
2069,34.51782,free_swing,509,310,439,174,-98.130,-152.765,0,198.52,1151.42,1,152.96,0.12,2500,1,0,0
2070,34.5345,free_swing,509,315,394,218,-96.299,-130.147,0,20.33,1441.16,1,150.45,1.52,2500,1,0,0
2071,34.55118,free_swing,511,312,363,276,-97.496,-103.671,0,-93.45,1669.28,1,152.32,0.30,2500,1,0,0
2072,34.56787,free_swing,511,307,364,345,-99.340,-75.506,0,-76.97,1647.86,0,151.83,0.61,2500,0,0,0
2073,34.58455,free_swing,510,306,397,407,-99.644,-48.209,0,21.68,1578.70,0,151.56,0.79,2500,0,0,0
2074,34.60123,free_swing,510,310,446,452,-98.183,-24.261,0,142.67,1469.74,0,155.76,1.95,2500,0,0,0
2075,34.61792,free_swing,509,319,512,478,-94.825,1.081,0,270.84,1372.59,0,159.03,4.10,2500,0,0,0
2076,34.6346,free_swing,509,334,569,480,-89.256,22.341,0,400.12,1301.28,0,157.85,3.32,2500,0,0,0
2077,34.65128,free_swing,512,355,620,469,-81.339,43.452,0,539.61,1251.68,0,157.04,2.79,2500,0,0,0
2078,34.66797,free_swing,520,379,661,447,-71.806,64.253,0,637.58,1225.39,0,156.54,2.47,2500,0,0,0
2079,34.68465,free_swing,532,407,686,422,-60.208,84.437,0,663.94,1117.30,0,154.73,1.28,2500,0,0,0
2080,34.70133,free_swing,548,429,698,400,-49.853,100.942,0,587.46,895.95,1,152.78,0.00,2500,1,0,0
2081,34.71802,free_swing,565,445,704,382,-40.934,114.382,0,449.24,628.79,1,152.61,0.11,2500,1,0,0
2082,34.7347,free_swing,577,454,707,374,-35.181,121.608,0,289.26,349.51,1,152.64,0.08,2500,1,0,0
2083,34.75138,free_swing,586,459,709,370,-31.228,125.889,0,127.26,75.08,1,151.82,0.62,2500,1,0,0
2084,34.76807,free_swing,587,460,712,373,-30.700,124.838,0,-9.79,-144.91,1,152.30,0.31,2500,1,0,0
2085,34.78475,free_swing,585,459,716,381,-31.557,120.770,0,-97.00,-318.41,0,152.46,0.20,2500,0,0,0
2086,34.80143,free_swing,580,456,720,392,-33.797,114.567,0,-129.09,-412.64,0,153.94,0.76,2500,0,0,0
2087,34.81812,free_swing,576,453,722,408,-35.716,107.130,0,-146.66,-494.39,0,152.78,0.00,2500,0,0,0
2088,34.8348,free_swing,570,449,722,427,-38.480,98.236,0,-162.90,-585.18,0,153.58,0.53,2500,0,0,0
2089,34.85148,free_swing,564,445,717,451,-41.222,87.754,0,-186.32,-670.88,0,153.12,0.23,2500,0,0,0
2090,34.86817,free_swing,558,439,707,477,-44.459,75.693,0,-178.91,-743.29,0,153.77,0.65,2500,0,0,0
2091,34.88485,free_swing,552,434,690,504,-47.420,63.104,0,-162.27,-794.31,0,154.74,1.29,2500,0,0,0
2092,34.90153,free_swing,549,429,665,529,-49.606,49.236,0,-132.94,-848.61,0,153.15,0.25,2500,0,0,0
2093,34.91822,free_swing,545,425,633,551,-51.757,34.931,0,-99.97,-894.62,0,153.69,0.60,2500,0,0,0
2094,34.9349,free_swing,543,422,594,567,-53.130,19.378,0,-57.14,-922.76,0,153.71,0.61,2500,0,0,0
2095,34.95158,free_swing,542,421,553,574,-53.664,4.112,0,-15.70,-946.65,0,153.39,0.41,2500,0,0,0
2096,34.96827,free_swing,542,421,511,570,-53.664,-11.753,0,-6.73,-945.33,0,152.19,0.38,2500,0,0,0
2097,34.98495,free_swing,541,421,471,555,-53.889,-27.582,0,-17.06,-925.59,0,151.18,1.04,2500,0,0,0
2098,35.00163,free_swing,541,419,438,532,-54.507,-42.349,0,-42.36,-853.81,0,152.90,0.08,2500,0,0,0
2099,35.01832,free_swing,539,418,413,503,-55.257,-55.996,0,-72.87,-757.59,0,151.99,0.51,2500,0,0,0
2100,35.035,free_swing,537,414,397,472,-56.944,-67.496,0,-113.04,-642.75,0,151.54,0.81,2500,0,0,0
2101,35.05168,free_swing,534,409,386,442,-59.167,-77.430,0,-166.27,-526.25,0,151.63,0.74,2500,0,0,0
2102,35.06837,free_swing,530,402,378,415,-62.241,-85.112,0,-201.06,-429.91,0,152.55,0.14,2500,0,0,0
2103,35.08505,free_swing,525,393,374,389,-66.153,-91.517,0,-235.44,-330.14,0,151.05,1.12,2500,0,0,0
2104,35.10173,free_swing,521,384,370,367,-69.887,-96.423,0,-256.62,-229.41,0,151.95,0.53,2500,0,0,0
2105,35.11842,free_swing,517,372,367,348,-74.678,-99.090,0,-281.62,-110.56,0,151.91,0.57,2500,0,0,0
2106,35.1351,free_swing,514,360,364,333,-79.357,-100.204,0,-303.35,-34.70,0,152.41,0.24,2500,0,0,0
2107,35.15178,free_swing,511,346,362,321,-84.738,-99.525,0,-320.25,85.52,0,151.08,1.11,2500,0,0,0
2108,35.16847,free_swing,510,332,360,310,-90.000,-98.344,0,-339.00,250.52,0,151.60,0.76,2500,0,0,0
2109,35.18515,free_swing,510,316,358,311,-95.970,-91.884,0,-341.55,303.43,0,152.08,0.45,2500,0,0,0
2110,35.20183,free_swing,512,301,358,312,-101.602,-85.914,0,-348.68,310.99,0,154.39,1.06,2500,0,0,0
2111,35.21852,free_swing,515,286,362,304,-107.266,-83.290,0,-345.91,319.25,0,154.06,0.84,2500,0,0,0
2112,35.2352,free_swing,519,270,371,307,-113.295,-75.964,0,-351.09,411.51,0,152.55,0.14,2500,0,0,0
2113,35.25188,free_swing,525,256,383,313,-118.843,-68.129,0,-335.47,475.66,0,153.01,0.16,2500,0,0,0
2114,35.26857,free_swing,533,243,399,318,-124.396,-60.764,0,-300.56,425.41,0,153.56,0.52,2500,0,0,0
2115,35.28525,free_swing,540,233,415,324,-128.830,-53.945,0,-245.49,402.47,0,154.62,1.21,2500,0,0,0
2116,35.30193,free_swing,546,225,432,330,-132.444,-47.353,0,-166.60,418.92,0,154.99,1.45,2500,0,0,0
2117,35.31862,free_swing,550,221,450,340,-134.488,-40.042,0,-95.01,447.06,0,155.44,1.75,2500,0,0,0
2118,35.3353,free_swing,551,219,468,352,-135.255,-31.967,0,-7.06,494.12,0,156.77,2.62,2500,0,0,0
2119,35.35198,free_swing,551,220,487,365,-135.000,-23.816,0,82.63,544.11,0,158.50,3.75,2500,0,0,0
2120,35.36867,free_swing,546,225,508,379,-132.444,-13.861,0,175.56,597.20,0,158.62,3.83,2500,0,0,0
2121,35.38535,free_swing,540,233,530,393,-128.830,-3.576,0,278.45,652.02,0,160.31,4.94,2500,0,0,0
2122,35.40203,free_swing,532,245,553,405,-123.589,7.477,0,371.19,690.58,0,161.37,5.63,2500,0,0,0
2123,35.41872,free_swing,523,263,576,414,-116.237,19.341,0,468.17,708.81,0,160.03,4.75,2500,0,0,0
2124,35.4354,free_swing,515,284,599,423,-107.969,31.145,0,553.41,682.88,0,162.41,6.31,2500,0,0,0
2125,35.45208,free_swing,510,310,617,430,-98.183,41.722,0,610.15,601.59,0,160.78,5.24,2500,0,0,0
2126,35.46877,free_swing,510,339,635,440,-87.380,51.062,0,647.72,482.28,0,160.70,5.19,2500,0,0,0
2127,35.48545,free_swing,515,367,651,453,-76.695,57.693,0,663.42,333.46,0,160.91,5.33,2500,0,0,0
2128,35.50213,free_swing,525,395,667,471,-65.462,61.844,0,681.37,154.37,0,161.06,5.43,2500,0,0,0
2129,35.51882,free_swing,541,421,683,494,-53.889,62.793,0,689.66,-45.76,1,159.67,4.51,2500,1,0,0
2130,35.5355,free_swing,562,444,699,523,-42.044,60.030,0,722.47,-294.45,1,158.15,3.52,2500,1,0,0
2131,35.55218,free_swing,588,461,714,556,-30.174,52.985,0,787.24,-581.78,1,157.80,3.29,2500,1,0,0
2132,35.56887,free_swing,623,474,721,588,-15.732,40.684,0,873.74,-893.91,1,150.33,1.60,2500,1,0,0
2133,35.58555,free_swing,661,483,721,620,-0.759,23.651,0,963.33,-1186.04,1,149.56,2.10,2500,1,0,0
2134,35.60223,free_swing,,,706,624,,,1,,,0,,,2500,0,0,0
2135,35.61892,free_swing,741,460,695,601,31.357,-18.068,0,829.89,-987.56,0,148.31,2.92,2500,0,0,0
2136,35.6356,free_swing,765,441,691,571,43.100,-29.650,0,667.29,-649.69,1,149.59,2.08,2500,1,0,0
2137,35.65228,free_swing,782,422,689,541,52.900,-38.008,0,569.69,-398.82,1,151.03,1.14,2500,1,0,0
2138,35.66897,free_swing,797,402,691,512,62.418,-43.939,0,565.81,-261.32,0,152.76,0.01,2500,0,0,0
2139,35.68565,free_swing,808,379,695,484,72.041,-47.102,0,555.39,-99.66,0,154.25,0.97,2500,0,0,0
2140,35.70233,free_swing,813,355,700,460,81.283,-47.102,0,546.04,48.87,0,154.25,0.97,2500,0,0,0
2141,35.71902,free_swing,815,332,706,440,90.000,-45.264,0,554.76,195.15,0,153.44,0.44,2500,0,0,0
2142,35.7357,free_swing,815,306,714,422,99.707,-41.046,0,573.08,346.89,0,153.81,0.68,2500,0,0,0
2143,35.75238,free_swing,810,280,724,409,109.481,-33.690,0,589.61,496.55,0,155.04,1.48,2500,0,0,0
2144,35.76907,free_swing,800,256,736,397,119.019,-24.413,0,579.96,602.50,0,154.85,1.36,2500,0,0,0
2145,35.78575,free_swing,786,233,749,384,128.830,-13.768,0,555.85,664.65,0,155.47,1.76,2500,0,0,0
2146,35.80243,free_swing,770,214,764,370,137.799,-2.203,0,535.22,741.43,0,156.12,2.19,2500,0,0,0
2147,35.81912,free_swing,752,199,780,351,146.211,10.437,0,499.78,802.32,0,154.56,1.17,2500,0,0,0
2148,35.8358,free_swing,731,187,796,327,154.875,24.905,0,488.33,851.89,0,154.35,1.04,2500,0,0,0
2149,35.85248,free_swing,712,179,808,299,162.242,38.660,0,458.70,860.36,0,153.67,0.59,2500,0,0,0
2150,35.86917,free_swing,690,174,814,266,170.303,53.427,0,436.19,853.33,0,154.40,1.07,2500,0,0,0
2151,35.88585,free_swing,672,172,813,231,176.781,67.294,0,412.54,860.48,0,152.85,0.05,2500,0,0,0
2152,35.90253,free_swing,652,172,804,194,-176.067,81.764,0,378.95,851.57,0,153.58,0.53,2500,0,0,0
2153,35.91922,free_swing,636,174,787,158,-170.303,96.049,0,357.04,849.57,0,151.85,0.61,2500,0,0,0
2154,35.9359,free_swing,620,178,763,126,-164.399,109.983,0,328.89,846.09,0,152.16,0.40,2500,0,0,0
2155,35.95258,free_swing,606,183,732,98,-159.066,124.004,0,329.64,831.89,0,151.99,0.51,2500,0,0,0
2156,35.96927,free_swing,592,189,693,76,-153.595,138.209,0,324.34,812.50,0,151.56,0.79,2500,0,0,0
2157,35.98595,free_swing,578,196,651,63,-147.995,151.239,0,333.94,822.16,0,151.72,0.69,2500,0,0,0
2158,36.00263,free_swing,566,205,604,60,-142.628,165.315,0,331.97,897.12,0,149.90,1.88,2500,0,0,0
2159,36.01932,free_swing,554,216,551,63,-136.782,-178.877,0,332.87,973.29,0,153.03,0.17,2500,0,0,0
2160,36.036,free_swing,544,227,497,85,-131.424,-161.686,0,344.31,1005.74,0,149.58,2.09,2500,0,0,0
2161,36.05268,free_swing,535,241,450,117,-125.410,-145.570,0,369.63,1015.15,0,150.34,1.59,2500,0,0,0
2162,36.06937,free_swing,527,257,408,163,-118.875,-128.306,0,415.47,1032.78,0,151.65,0.74,2500,0,0,0
2163,36.08605,free_swing,518,275,377,221,-111.460,-110.956,0,477.67,1030.98,0,150.99,1.17,2500,0,0,0
2164,36.10273,free_swing,512,297,361,287,-103.050,-93.789,0,556.84,987.70,0,151.33,0.94,2500,0,0,0
2165,36.11942,free_swing,509,324,361,355,-92.974,-78.170,0,617.11,956.70,0,151.21,1.02,2500,0,0,0
2166,36.1361,free_swing,510,353,378,422,-82.185,-62.403,0,659.62,918.15,0,148.95,2.50,2500,0,0,0
2167,36.15278,free_swing,518,381,407,484,-71.328,-47.141,0,683.46,837.80,0,151.43,0.88,2500,0,0,0
2168,36.16947,free_swing,532,409,447,535,-59.554,-34.004,0,695.43,762.92,0,151.99,0.51,2500,0,0,0
2169,36.18615,free_swing,551,433,493,573,-47.956,-22.504,0,683.08,745.31,0,151.54,0.81,2500,0,0,0
2170,36.20283,free_swing,573,452,548,602,-36.870,-9.462,0,656.68,689.52,0,152.07,0.46,2500,0,0,0
2171,36.21952,free_swing,597,466,603,619,-26.222,2.246,0,646.93,626.68,0,153.12,0.23,2500,0,0,0
2172,36.2362,free_swing,623,476,651,630,-15.524,10.305,0,612.28,585.79,0,156.52,2.46,2500,0,0,0
2173,36.25288,free_swing,649,480,704,621,-5.404,21.309,0,553.46,604.86,0,151.35,0.93,2500,0,0,0
2174,36.26957,free_swing,670,480,750,609,2.708,31.805,0,491.90,616.88,0,151.79,0.64,2500,0,0,0
2175,36.28625,free_swing,690,478,790,591,10.477,41.507,0,422.98,585.34,0,150.89,1.23,2500,0,0,0
2176,36.30293,free_swing,707,474,824,568,17.216,51.221,0,325.42,621.89,0,150.08,1.76,2500,0,0,0
2177,36.31962,free_swing,717,470,850,540,21.371,62.241,0,192.54,687.07,0,150.30,1.62,2500,0,0,0
2178,36.3363,free_swing,722,468,868,509,23.452,74.314,0,87.09,737.05,0,151.65,0.74,2500,0,0,0
2179,36.35298,free_swing,724,467,876,476,24.316,86.611,0,23.38,735.27,0,152.27,0.33,2500,0,0,0
2180,36.36967,free_swing,725,468,874,445,24.507,98.775,0,-15.10,699.18,0,150.76,1.31,2500,0,0,0
2181,36.38635,free_swing,723,468,865,417,23.806,109.756,0,-46.03,629.74,0,150.88,1.24,2500,0,0,0
2182,36.40303,free_swing,721,469,853,393,22.946,119.932,0,-75.81,580.34,0,152.32,0.30,2500,0,0,0
2183,36.41972,free_swing,717,470,836,375,21.371,128.601,0,-111.82,522.18,0,152.27,0.33,2500,0,0,0
2184,36.4364,free_swing,712,473,815,360,19.163,137.651,0,-158.00,451.25,0,152.90,0.08,2500,0,0,0
2185,36.45308,free_swing,704,474,794,351,16.105,143.807,0,-195.81,373.26,0,152.41,0.24,2500,0,0,0
2186,36.46977,free_swing,695,477,773,345,12.445,149.421,0,-244.38,275.14,0,153.32,0.36,2500,0,0,0
2187,36.48645,free_swing,684,479,752,343,8.130,153.435,0,-309.02,172.86,0,152.05,0.47,2500,0,0,0
2188,36.50313,free_swing,669,480,733,341,2.322,155.277,0,-357.97,61.20,0,153.03,0.17,2500,0,0,0
2189,36.51982,free_swing,652,480,717,340,-4.251,155.095,0,-392.60,-27.66,0,154.35,1.04,2500,0,0,0
2190,36.5365,free_swing,636,478,702,340,-10.477,154.440,0,-417.50,-111.66,0,152.97,0.13,2500,0,0,0
2191,36.55318,free_swing,617,474,690,338,-17.949,151.775,0,-447.03,-203.54,0,154.35,1.04,2500,0,0,0
2192,36.56987,free_swing,598,467,681,337,-25.710,147.443,0,-475.70,-287.15,0,154.24,0.96,2500,0,0,0
2193,36.58655,free_swing,580,457,674,336,-33.584,142.158,0,-478.57,-334.25,0,153.22,0.30,2500,0,0,0
2194,36.60323,free_swing,563,444,669,333,-41.760,136.320,0,-489.92,-387.44,0,153.48,0.47,2500,0,0,0
2195,36.61992,free_swing,548,429,666,332,-49.853,129.421,0,-503.19,-461.43,0,152.75,0.01,2500,0,0,0
2196,36.6366,free_swing,534,411,666,332,-58.517,120.900,0,-516.11,-529.23,0,153.83,0.70,2500,0,0,0
2197,36.65328,free_swing,523,391,666,335,-67.148,111.386,0,-528.65,-606.29,0,153.57,0.53,2500,0,0,0
2198,36.66997,free_swing,515,369,666,339,-75.964,101.237,0,-523.69,-663.56,0,153.95,0.77,2500,0,0,0
2199,36.68665,free_swing,511,346,665,349,-84.738,88.884,0,-515.93,-731.65,0,154.03,0.82,2500,0,0,0
2200,36.70333,free_swing,510,324,660,359,-92.993,76.866,0,-487.32,-792.13,0,154.03,0.82,2500,0,0,0
2201,36.72002,free_swing,511,302,649,373,-101.165,62.775,0,-467.49,-842.04,0,155.19,1.59,2500,0,0,0
2202,36.7367,free_swing,516,283,632,386,-108.435,48.397,0,-454.68,-907.09,0,155.13,1.54,2500,0,0,0
2203,36.75338,free_swing,523,263,608,394,-116.237,32.978,0,-443.63,-945.50,0,156.16,2.22,2500,0,0,0
2204,36.77007,free_swing,532,246,577,395,-123.284,16.805,0,-408.76,-963.18,0,155.65,1.88,2500,0,0,0
2205,36.78675,free_swing,542,231,544,389,-129.852,0.725,0,-341.89,-955.94,0,158.01,3.43,2500,0,0,0
2206,36.80343,free_swing,550,220,510,372,-134.745,-14.744,0,-286.04,-940.02,0,157.18,2.88,2500,0,0,0
2207,36.82012,free_swing,559,212,480,346,-139.086,-30.522,0,-233.01,-911.64,0,155.55,1.82,2500,0,0,0
2208,36.8368,free_swing,567,205,456,314,-142.914,-45.521,0,-203.24,-883.19,0,155.57,1.83,2500,0,0,0
2209,36.85348,free_swing,573,200,440,278,-145.713,-59.610,0,-167.53,-851.31,0,154.18,0.93,2500,0,0,0
2210,36.87017,free_swing,580,196,431,239,-148.605,-73.902,0,-147.85,-829.47,0,155.08,1.51,2500,0,0,0
2211,36.88685,free_swing,585,193,432,200,-150.701,-87.380,0,-138.32,-781.67,0,153.16,0.25,2500,0,0,0
2212,36.90353,free_swing,591,190,439,163,-153.113,-100.072,0,-124.93,-725.26,0,154.38,1.05,2500,0,0,0
2213,36.92022,free_swing,596,188,453,132,-155.048,-111.386,0,-118.46,-677.24,0,153.57,0.53,2500,0,0,0
2214,36.9369,free_swing,600,185,473,103,-156.801,-122.849,0,-93.65,-664.72,0,151.17,1.05,2500,0,0,0
2215,36.95358,free_swing,604,184,494,80,-158.265,-133.394,0,-57.55,-613.23,0,151.38,0.91,2500,0,0,0
2216,36.97027,free_swing,605,183,520,63,-158.731,-144.689,0,-9.92,-680.28,0,147.05,3.74,2500,0,0,0
2217,36.98695,free_swing,604,183,538,46,-158.398,-154.277,0,47.13,-743.21,0,152.07,0.46,2500,0,0,0
2218,37.00363,free_swing,601,183,578,36,-157.407,-171.107,0,89.45,-898.72,0,148.79,2.61,2500,0,0,0
2219,37.02032,free_swing,596,186,605,36,-155.349,176.566,0,122.54,-966.68,0,150.27,1.64,2500,0,0,0
2220,37.037,free_swing,591,188,648,53,-153.435,157.109,0,128.71,-912.33,0,146.54,4.08,2500,0,0,0
2221,37.05368,free_swing,586,192,674,70,-151.189,144.197,0,103.32,-937.36,0,150.43,1.53,2500,0,0,0
2222,37.07037,free_swing,583,195,701,100,-149.718,128.837,0,86.67,-898.20,0,151.49,0.84,2500,0,0,0
2223,37.08705,free_swing,580,196,720,140,-148.605,111.801,0,82.34,-1002.68,0,150.78,1.30,2500,0,0,0
2224,37.10373,free_swing,576,199,723,183,-146.810,96.212,0,106.66,-1038.95,0,147.87,3.21,2500,0,0,0
2225,37.12042,free_swing,571,201,722,235,-144.920,77.311,0,130.01,-1127.96,0,154.78,1.32,2500,0,0,0
2226,37.1371,free_swing,566,206,699,286,-142.409,58.973,0,155.43,-1134.24,0,155.21,1.59,2500,0,0,0
2227,37.15378,free_swing,560,211,658,332,-139.594,39.005,0,206.94,-1032.52,0,155.71,1.92,2500,0,0,0
2228,37.17047,free_swing,552,219,618,364,-135.512,24.474,0,288.05,-935.26,0,159.31,4.28,2500,0,0,0
2229,37.18715,free_swing,542,231,567,388,-129.852,9.048,0,393.62,-839.06,0,158.98,4.06,2500,0,0,0
2230,37.20383,free_swing,530,248,515,408,-122.276,-5.356,0,484.56,-828.84,0,160.70,5.19,2500,0,0,0
2231,37.22052,free_swing,519,271,467,423,-112.958,-18.886,0,645.50,-930.10,0,160.65,5.16,2500,0,0,0
2232,37.2372,free_swing,512,301,418,432,-101.602,-35.662,0,877.47,-1241.43,1,161.24,5.54,2500,1,0,0
2233,37.25388,free_swing,511,347,379,425,-84.364,-59.421,0,1046.52,-1502.74,1,153.32,0.36,2500,1,0,0
2234,37.27057,free_swing,525,394,373,404,-65.807,-86.236,0,1043.28,-1421.15,0,152.33,0.29,2500,0,0,0
2235,37.28725,free_swing,548,428,397,382,-50.145,-106.943,0,894.68,-1056.29,1,157.85,3.33,2500,1,0,0
2236,37.30393,free_swing,574,452,434,372,-36.563,-119.745,0,777.02,-659.12,1,161.25,5.55,2500,1,0,0
2237,37.32062,free_swing,602,469,476,368,-24.001,-128.715,0,743.11,-384.47,1,161.48,5.70,2500,1,0,0
2238,37.3373,free_swing,633,478,517,369,-11.611,-133.218,0,739.91,-168.52,1,159.18,4.19,2500,1,0,0
2239,37.35398,free_swing,666,481,553,372,1.153,-133.968,0,783.12,86.99,1,157.00,2.77,2500,1,0,0
2240,37.37067,free_swing,700,478,581,376,14.221,-130.601,0,856.79,383.43,1,156.73,2.59,2500,1,0,0
2241,37.38735,free_swing,737,463,604,381,29.461,-121.656,0,903.75,667.39,1,156.25,2.27,2500,1,0,0
2242,37.40403,free_swing,769,439,621,391,44.731,-107.969,0,872.21,868.99,1,155.59,1.84,2500,1,0,0
2243,37.42072,free_swing,792,411,639,404,58.517,-92.620,0,808.66,1015.96,0,153.16,0.25,2500,0,0,0
2244,37.4374,free_swing,807,382,660,421,70.852,-75.141,0,747.63,1148.68,0,152.09,0.45,2500,0,0,0
2245,37.45408,free_swing,814,349,689,438,83.577,-54.549,0,667.28,1227.29,0,153.45,0.44,2500,0,0,0
2246,37.47077,free_swing,815,323,730,450,93.389,-33.794,0,530.07,1194.38,0,152.82,0.03,2500,0,0,0
2247,37.48745,free_swing,814,303,775,450,100.871,-14.859,0,368.05,1129.65,0,152.09,0.45,2500,0,0,0
2248,37.50413,free_swing,813,290,822,443,105.642,3.366,0,231.44,1144.33,0,153.26,0.32,2500,0,0,0
2249,37.52082,free_swing,810,282,870,424,108.785,22.906,0,114.50,1166.62,0,154.16,0.91,2500,0,0,0
2250,37.5375,free_swing,809,280,913,392,109.604,42.879,0,24.23,1079.64,0,152.84,0.04,2500,0,0,0
2251,37.55418,free_swing,809,280,940,356,109.604,59.880,0,-37.37,1008.70,0,151.45,0.86,2500,0,0,0
2252,37.57087,free_swing,809,283,948,320,108.553,75.094,0,-81.71,1067.48,0,143.84,5.85,2500,0,0,0
2253,37.58755,free_swing,811,286,,,107.266,,1,-100.57,,0,,,2500,0,0,0
2254,37.60423,free_swing,812,291,946,230,105.385,114.476,0,-50.57,1043.06,0,147.23,3.63,2500,0,0,0
2255,37.62092,free_swing,812,291,928,197,105.385,129.019,0,65.23,791.71,1,149.31,2.27,2500,1,0,0
2256,37.6376,free_swing,811,285,906,171,107.618,140.194,0,173.25,591.59,1,148.39,2.86,2500,1,0,0
2257,37.65428,free_swing,808,275,884,148,111.460,149.103,0,216.92,506.08,0,148.00,3.12,2500,0,0,0
2258,37.67097,free_swing,804,267,862,130,114.749,157.054,0,232.54,439.66,0,148.77,2.62,2500,0,0,0
2259,37.68765,free_swing,800,257,840,114,118.698,164.373,0,248.84,387.59,0,148.49,2.80,2500,0,0,0
2260,37.70433,free_swing,794,246,820,100,123.284,169.902,0,268.73,355.09,0,148.30,2.93,2500,0,0,0
2261,37.72102,free_swing,787,236,798,88,127.747,175.749,0,274.19,311.88,0,148.41,2.86,2500,0,0,0
2262,37.7377,free_swing,780,226,777,78,132.176,-178.839,0,275.43,273.41,0,148.03,3.10,2500,0,0,0
2263,37.75438,free_swing,771,216,759,69,137.045,-175.333,0,290.90,247.61,0,147.49,3.46,2500,0,0,0
2264,37.77107,free_swing,761,208,738,62,141.680,-171.048,0,290.90,246.99,0,147.80,3.25,2500,0,0,0
2265,37.78775,free_swing,750,200,715,56,146.611,-166.339,0,245.50,254.04,0,148.19,3.00,2500,0,0,0
2266,37.80443,free_swing,742,194,698,56,150.210,-162.316,0,184.62,290.99,0,144.84,5.19,2500,0,0,0
2267,37.82112,free_swing,737,191,680,54,152.308,-157.410,0,119.36,351.58,0,148.38,2.87,2500,0,0,0
2268,37.8378,free_swing,732,189,658,62,154.242,-149.772,0,74.89,445.59,0,146.99,3.79,2500,0,0,0
2269,37.85448,free_swing,730,188,639,69,155.048,-142.595,0,32.29,523.77,0,149.81,1.94,2500,0,0,0
2270,37.87117,free_swing,730,187,620,85,155.200,-132.839,0,-12.20,577.07,0,150.01,1.81,2500,0,0,0
2271,37.88785,free_swing,731,188,603,106,154.722,-122.645,0,-33.46,647.66,0,152.01,0.50,2500,0,0,0
2272,37.90453,free_swing,733,189,591,132,153.918,-111.871,0,-65.40,683.50,0,153.01,0.16,2500,0,0,0
2273,37.92122,free_swing,736,190,583,164,152.793,-99.644,0,-105.64,731.48,0,155.19,1.59,2500,0,0,0
2274,37.9379,free_swing,742,193,586,200,150.388,-87.431,0,-141.12,767.40,0,156.16,2.22,2500,0,0,0
2275,37.95458,free_swing,748,197,599,239,147.804,-74.258,0,-166.28,805.10,0,154.81,1.33,2500,0,0,0
2276,37.97127,free_swing,754,202,618,278,145.008,-60.803,0,-190.33,818.63,0,155.79,1.98,2500,0,0,0
2277,37.98795,free_swing,762,208,648,315,141.397,-46.814,0,-245.46,784.55,0,156.35,2.34,2500,0,0,0
2278,38.00463,free_swing,771,217,682,346,136.798,-34.603,0,-314.99,728.74,0,156.72,2.59,2500,0,0,0
2279,38.02132,free_swing,782,229,721,374,130.878,-22.816,0,-373.56,681.70,0,157.31,2.97,2500,0,0,0
2280,38.038,free_swing,793,244,761,400,124.095,-11.592,0,-430.67,665.30,0,159.25,4.24,2500,0,0,0
2281,38.05468,free_swing,803,262,802,423,116.565,-0.356,0,-491.27,651.65,0,161.00,5.39,2500,0,0,0
2282,38.07137,free_swing,811,286,842,444,107.266,11.101,0,-617.16,743.92,0,161.01,5.39,2500,0,0,0
2283,38.08805,free_swing,815,316,881,461,96.009,24.474,0,-852.56,1074.88,1,159.31,4.28,2500,1,0,0
2284,38.10473,free_swing,812,358,921,468,80.102,44.738,0,-1025.12,1392.34,1,154.86,1.37,2500,1,0,0
2285,38.12142,free_swing,798,408,937,453,60.622,72.061,0,-1072.50,1417.33,0,146.10,4.36,2500,0,0,0
2286,38.1381,free_swing,768,437,920,431,45.000,92.261,0,-949.14,1095.34,1,152.12,0.43,2500,1,0,0
2287,38.15478,free_swing,736,461,887,417,29.505,106.246,0,-830.02,669.90,1,157.28,2.95,2500,1,0,0
2288,38.17147,free_swing,707,475,851,409,17.103,114.624,0,-784.64,341.67,1,158.40,3.69,2500,1,0,0
2289,38.18815,free_swing,672,481,814,405,3.457,118.156,0,-760.66,51.65,1,161.06,5.43,2500,1,0,0
2290,38.20483,free_swing,640,478,783,408,-8.952,116.082,0,-790.28,-219.73,1,159.21,4.22,2500,1,0,0
2291,38.22152,free_swing,606,470,754,414,-22.443,110.726,0,-829.24,-512.88,1,158.24,3.58,2500,1,0,0
2292,38.2382,free_swing,574,452,729,425,-36.563,99.881,0,-861.97,-798.03,1,157.33,2.99,2500,1,0,0
2293,38.25488,free_swing,546,426,701,443,-51.221,83.741,0,-825.04,-1056.94,1,155.93,2.07,2500,1,0,0
2294,38.27157,free_swing,527,399,667,464,-63.773,65.095,0,-708.22,-1191.29,0,154.35,1.04,2500,0,0,0
2295,38.28825,free_swing,517,372,624,482,-74.678,44.208,0,-554.05,-1246.61,0,153.46,0.45,2500,0,0,0
2296,38.30493,free_swing,511,353,573,494,-82.134,23.736,0,-389.76,-1277.79,0,154.03,0.82,2500,0,0,0
2297,38.32162,free_swing,510,338,516,493,-87.754,2.217,0,-238.68,-1269.61,0,155.12,1.53,2500,0,0,0
2298,38.3383,free_swing,509,331,458,477,-90.372,-19.255,0,-136.81,-1281.37,0,154.65,1.23,2500,0,0,0
2299,38.35498,free_swing,509,326,411,444,-92.231,-39.710,0,-77.84,-1242.01,0,153.39,0.40,2500,0,0,0
2300,38.37167,free_swing,509,323,376,396,-93.345,-61.239,0,-59.56,-1235.67,0,151.72,0.69,2500,0,0,0
2301,38.38835,free_swing,510,320,358,346,-94.485,-80.293,0,-68.04,-1196.00,0,154.21,0.94,2500,0,0,0
2302,38.40503,free_swing,510,317,365,289,-95.599,-100.929,0,-113.69,-1083.53,0,147.68,3.33,2500,0,0,0
2303,38.42172,free_swing,511,310,378,241,-98.236,-117.420,0,-171.04,-974.70,0,149.83,1.92,2500,0,0,0
2304,38.4384,free_swing,512,301,400,200,-101.602,-132.044,0,-224.38,-838.10,0,150.81,1.28,2500,0,0,0
2305,38.45508,free_swing,512,290,429,166,-105.544,-146.203,0,-259.43,-769.60,0,149.21,2.33,2500,0,0,0
2306,38.47177,free_swing,516,278,460,141,-110.171,-157.767,0,-287.89,-698.52,0,148.00,3.12,2500,0,0,0
2307,38.48845,free_swing,521,265,493,119,-115.259,-169.144,0,-311.36,-631.07,0,148.66,2.69,2500,0,0,0
2308,38.50513,free_swing,527,252,525,104,-120.466,-179.226,0,-333.14,-567.49,0,148.01,3.11,2500,0,0,0
2309,38.52182,free_swing,535,238,556,91,-126.293,171.870,0,-357.32,-505.59,0,148.49,2.80,2500,0,0,0
2310,38.5385,free_swing,546,225,586,83,-132.444,164.268,0,-374.99,-448.22,0,147.53,3.43,2500,0,0,0
2311,38.55518,free_swing,558,212,617,76,-138.814,156.548,0,-385.55,-398.53,0,148.25,2.96,2500,0,0,0
2312,38.57187,free_swing,572,201,644,72,-145.214,150.832,0,-397.28,-358.26,0,147.73,3.30,2500,0,0,0
2313,38.58855,free_swing,588,191,673,70,-151.991,144.913,0,-402.87,-336.68,0,147.87,3.21,2500,0,0,0
2314,38.60523,free_swing,605,183,701,71,-158.731,139.399,0,-399.11,-321.44,0,147.51,3.44,2500,0,0,0
2315,38.62192,free_swing,622,177,729,74,-165.184,133.909,0,-384.43,-295.70,0,148.52,2.78,2500,0,0,0
2316,38.6386,free_swing,639,173,753,79,-171.416,129.508,0,-350.24,-304.04,0,147.76,3.28,2500,0,0,0
2317,38.65528,free_swing,655,172,778,89,-177.138,124.011,0,-323.67,-342.61,0,148.38,2.87,2500,0,0,0
2318,38.67197,free_swing,668,172,800,103,178.210,117.597,0,-287.79,-407.41,0,148.95,2.50,2500,0,0,0
2319,38.68865,free_swing,682,173,821,121,173.186,110.511,0,-237.24,-461.11,0,148.41,2.86,2500,0,0,0
2320,38.70533,free_swing,691,175,839,143,169.888,102.200,0,-184.81,-522.15,0,151.42,0.88,2500,0,0,0
2321,38.72202,free_swing,698,176,851,168,167.355,92.993,0,-158.96,-594.54,0,153.21,0.29,2500,0,0,0
2322,38.7387,free_swing,705,178,858,198,164.745,82.553,0,-160.15,-660.56,0,154.30,1.00,2500,0,0,0
2323,38.75538,free_swing,713,180,860,231,161.792,70.866,0,-124.27,-720.56,0,155.60,1.85,2500,0,0,0
2324,38.77207,free_swing,717,181,850,262,160.322,58.658,0,-68.87,-751.08,0,155.72,1.93,2500,0,0,0
2325,38.78875,free_swing,718,181,830,290,159.986,45.778,0,-16.14,-766.77,0,156.28,2.30,2500,0,0,0
2326,38.80543,free_swing,719,182,805,314,159.528,33.085,0,-0.66,-792.88,0,157.54,3.12,2500,0,0,0
2327,38.82212,free_swing,718,182,771,330,159.864,19.703,0,4.53,-806.88,0,157.20,2.90,2500,0,0,0
2328,38.8388,free_swing,718,182,734,339,159.864,5.819,0,15.06,-830.39,0,157.81,3.30,2500,0,0,0
2329,38.85548,free_swing,717,182,697,338,160.201,-7.306,0,25.84,-787.40,0,157.28,2.95,2500,0,0,0
2330,38.87217,free_swing,715,181,659,329,160.998,-20.726,0,74.75,-695.81,0,158.24,3.58,2500,0,0,0
2331,38.88885,free_swing,711,180,631,315,162.474,-30.651,0,130.35,-598.68,0,156.92,2.72,2500,0,0,0
2332,38.90553,free_swing,703,177,603,297,165.530,-39.806,0,185.84,-492.04,0,156.20,2.25,2500,0,0,0
2333,38.92222,free_swing,694,175,578,280,168.830,-47.849,0,242.13,-413.66,0,156.46,2.42,2500,0,0,0
2334,38.9389,free_swing,682,173,556,266,173.186,-53.569,0,283.05,-326.63,0,156.60,2.51,2500,0,0,0
2335,38.95558,free_swing,667,172,534,253,178.568,-58.658,0,324.74,-290.16,0,155.72,1.93,2500,0,0,0
2336,38.97227,free_swing,652,172,513,242,-176.067,-63.270,0,348.92,-273.24,0,155.63,1.87,2500,0,0,0
2337,38.98895,free_swing,635,175,490,233,-169.888,-68.199,0,378.00,-256.46,0,156.17,2.22,2500,0,0,0
2338,39.00563,free_swing,617,178,470,226,-163.369,-71.917,0,416.85,-268.49,0,154.64,1.22,2500,0,0,0
2339,39.02232,free_swing,598,186,446,222,-156.001,-76.675,0,451.75,-278.28,0,156.20,2.25,2500,0,0,0
2340,39.039,free_swing,579,197,425,218,-148.109,-82.235,0,494.53,-319.75,0,155.43,1.74,2500,0,0,0
2341,39.05568,free_swing,559,211,401,218,-139.321,-87.463,0,588.59,-448.29,0,158.15,3.52,2500,0,0,0
2342,39.07237,free_swing,541,233,388,217,-129.058,-95.970,0,690.70,-623.25,0,153.83,0.70,2500,0,0,0
2343,39.08905,free_swing,523,264,382,216,-115.907,-108.800,0,760.20,-739.80,0,148.95,2.50,2500,0,0,0
2344,39.10573,free_swing,513,296,383,220,-103.496,-120.311,0,792.03,-646.12,0,150.59,1.43,2500,0,0,0
2345,39.12242,free_swing,509,331,389,231,-90.372,-129.806,0,785.45,-421.98,1,156.20,2.25,2500,1,0,0
2346,39.1391,free_swing,517,366,399,252,-76.891,-134.012,0,775.99,-176.41,1,164.07,7.40,2500,1,0,0
2347,39.15578,free_swing,527,397,412,281,-64.455,-135.248,0,750.19,63.69,1,163.34,6.92,2500,1,0,0
2348,39.17247,free_swing,544,424,423,315,-52.292,-132.013,0,730.22,301.27,1,162.86,6.60,2500,1,0,0
2349,39.18915,free_swing,566,448,435,356,-39.903,-125.080,0,716.02,577.89,1,160.08,4.78,2500,1,0,0
2350,39.20583,free_swing,592,464,447,403,-28.275,-112.816,0,704.37,868.26,1,157.31,2.97,2500,1,0,0
2351,39.22252,free_swing,619,475,467,459,-17.103,-96.009,0,649.61,1173.58,1,152.84,0.04,2500,1,0,0
2352,39.2392,free_swing,647,480,501,521,-6.170,-74.314,0,560.69,1379.31,1,151.65,0.74,2500,1,0,0
2353,39.25588,free_swing,667,481,554,580,1.538,-48.778,0,429.71,1644.04,1,150.23,1.66,2500,1,0,0
2354,39.27257,free_swing,684,480,626,621,8.076,-22.360,0,318.31,1777.78,0,152.46,0.20,2500,0,0,0
2355,39.28925,free_swing,696,477,726,626,12.821,11.384,0,312.57,1772.04,0,151.99,0.51,2500,0,0,0
2356,39.30593,free_swing,710,474,800,593,18.314,37.100,0,398.89,1606.43,0,149.20,2.34,2500,0,0,0
2357,39.32262,free_swing,729,465,862,535,26.392,62.241,0,543.02,1298.24,1,150.30,1.62,2500,1,0,0
2358,39.3393,free_swing,752,451,901,472,36.793,81.978,0,677.10,1035.33,1,150.47,1.50,2500,1,0,0
2359,39.35598,free_swing,774,430,923,414,48.559,96.129,0,762.53,713.16,1,149.86,1.91,2500,1,0,0
2360,39.37267,free_swing,794,402,937,361,61.882,105.998,0,763.74,501.23,1,148.76,2.62,2500,1,0,0
2361,39.38935,free_swing,808,372,944,315,74.578,112.739,0,730.39,349.31,0,147.46,3.48,2500,0,0,0
2362,39.40603,free_swing,816,344,946,275,85.515,117.958,0,688.81,192.55,0,147.18,3.66,2500,0,0,0
2363,39.42272,free_swing,816,312,945,238,97.447,119.840,0,678.40,22.81,0,148.72,2.65,2500,0,0,0
2364,39.4394,free_swing,810,283,940,211,108.435,118.980,0,657.83,-55.68,0,148.61,2.73,2500,0,0,0
2365,39.45608,free_swing,800,256,932,187,119.019,117.597,0,584.77,-19.12,0,148.95,2.50,2500,0,0,0
2366,39.47277,free_swing,787,235,918,162,128.035,119.129,0,492.14,92.62,0,149.97,1.84,2500,0,0,0
2367,39.48945,free_swing,774,220,902,143,135.257,121.030,0,373.18,207.87,0,149.38,2.22,2500,0,0,0
2368,39.50613,free_swing,764,209,884,123,140.609,125.628,0,277.88,292.98,0,147.63,3.36,2500,0,0,0
2369,39.52282,free_swing,756,203,867,105,144.211,131.441,0,188.89,396.44,0,148.07,3.08,2500,0,0,0
2370,39.5395,free_swing,750,198,848,87,147.006,138.559,0,78.14,511.33,0,148.07,3.08,2500,0,0,0
2371,39.55618,free_swing,749,198,827,72,147.308,148.241,0,-32.08,643.64,0,148.19,3.00,2500,0,0,0
2372,39.57287,free_swing,753,201,803,61,145.510,160.346,0,-117.80,766.80,0,148.66,2.69,2500,0,0,0
2373,39.58955,free_swing,758,204,775,58,143.418,173.358,0,-167.47,817.51,0,146.99,3.79,2500,0,0,0
2374,39.60623,free_swing,764,210,744,63,140.380,-172.252,0,-212.90,824.61,0,148.35,2.89,2500,0,0,0
2375,39.62292,free_swing,772,218,718,77,136.284,-159.044,0,-247.75,848.83,0,150.99,1.17,2500,0,0,0
2376,39.6396,free_swing,780,227,692,102,131.906,-144.854,0,-268.05,849.65,0,152.87,0.06,2500,0,0,0
2377,39.65628,free_swing,787,236,670,139,127.747,-129.661,0,-268.04,873.43,0,151.98,0.52,2500,0,0,0
2378,39.67297,free_swing,795,247,656,179,122.779,-116.068,0,-269.74,883.53,0,154.74,1.29,2500,0,0,0
2379,39.68965,free_swing,801,257,654,230,118.523,-100.408,0,-290.97,943.11,0,149.46,2.17,2500,0,0,0
2380,39.70633,free_swing,806,270,656,284,113.440,-84.668,0,-328.47,982.09,0,150.65,1.39,2500,0,0,0
2381,39.72302,free_swing,811,286,669,345,107.266,-67.437,0,-370.48,960.38,0,153.77,0.65,2500,0,0,0
2382,39.7397,free_swing,814,304,689,399,100.505,-52.765,0,-448.14,885.23,0,157.00,2.77,2500,0,0,0
2383,39.75638,free_swing,816,324,719,450,92.993,-37.591,0,-532.70,818.47,0,159.01,4.09,2500,0,0,0
2384,39.77307,free_swing,814,354,749,499,81.711,-24.146,0,-710.00,991.01,0,158.90,4.01,2500,0,0,0
2385,39.78975,free_swing,805,384,787,541,69.887,-6.540,0,-912.32,1287.40,1,158.03,3.44,2500,1,0,0
2386,39.80643,free_swing,,,827,568,,,1,,,0,,,2500,0,0,0
2387,39.82312,free_swing,,,853,555,,,1,,,0,,,2500,0,0,0
2388,39.8398,free_swing,703,474,844,518,15.732,72.669,0,-977.11,1292.06,0,147.71,3.32,2500,0,0,0
2389,39.85648,free_swing,665,481,819,482,0.769,89.628,0,-817.97,888.84,1,154.00,0.81,2500,1,0,0
2390,39.87317,free_swing,634,480,788,450,-11.086,101.023,0,-675.58,541.81,1,156.89,2.70,2500,1,0,0
2391,39.88985,free_swing,607,470,754,422,-22.087,108.083,0,-641.34,357.90,0,154.64,1.22,2500,0,0,0
2392,39.90653,free_swing,582,458,723,398,-32.735,113.051,0,-688.48,172.88,0,153.24,0.30,2500,0,0,0
2393,39.92322,free_swing,556,439,695,376,-45.000,114.382,0,-760.34,-88.84,1,152.61,0.11,2500,1,0,0
2394,39.9399,free_swing,534,412,677,356,-58.195,111.386,0,-796.91,-231.56,0,153.57,0.53,2500,0,0,0
2395,39.95658,free_swing,519,380,667,341,-71.565,104.763,0,-765.26,-272.87,0,153.05,0.18,2500,0,0,0
2396,39.97327,free_swing,511,349,661,313,-83.618,103.496,0,-699.58,-247.18,0,154.26,0.97,2500,0,0,0
2397,39.98995,free_swing,509,319,661,298,-94.825,97.866,0,-657.77,-235.64,0,153.44,0.44,2500,0,0,0
2398,40.00663,free_swing,513,291,667,280,-105.287,94.086,0,-630.67,-238.51,0,154.39,1.06,2500,0,0,0
2399,40.02332,free_swing,522,263,677,261,-116.075,90.739,0,-587.49,-151.98,0,155.01,1.47,2500,0,0,0
2400,40.04,free_swing,534,241,689,244,-125.200,88.891,0,-545.06,-116.49,0,155.03,1.48,2500,0,0,0
2401,40.05668,free_swing,548,222,704,230,-133.727,87.064,0,-498.16,-77.75,0,156.20,2.25,2500,0,0,0
2402,40.07337,free_swing,565,205,720,216,-142.344,85.941,0,-499.22,-49.30,0,155.39,1.71,2500,0,0,0
2403,40.09005,free_swing,583,193,740,205,-150.078,85.629,0,-486.61,-8.34,0,157.46,3.07,2500,0,0,0
2404,40.10673,free_swing,605,182,761,194,-158.860,85.601,0,-487.32,20.34,0,156.46,2.42,2500,0,0,0
2405,40.12342,free_swing,625,176,782,186,-166.310,86.356,0,-486.04,52.36,0,157.32,2.98,2500,0,0,0
2406,40.1401,free_swing,649,172,805,179,-174.999,87.431,0,-483.15,100.58,0,156.16,2.22,2500,0,0,0
2407,40.15678,free_swing,671,172,827,173,177.138,89.633,0,-518.88,156.52,0,156.00,2.12,2500,0,0,0
2408,40.17347,free_swing,696,175,851,167,168.130,92.955,0,-558.14,231.23,0,155.21,1.59,2500,0,0,0
2409,40.19015,free_swing,723,183,876,163,158.066,97.447,0,-625.98,334.64,0,154.30,1.00,2500,0,0,0
2410,40.20683,free_swing,749,198,897,161,147.308,104.036,0,-691.53,495.83,0,152.55,0.14,2500,0,0,0
2411,40.22352,free_swing,774,220,913,160,135.257,113.348,0,-757.51,631.93,0,151.40,0.90,2500,0,0,0
2412,40.2402,free_swing,795,249,921,161,122.161,124.931,0,-779.20,621.54,0,153.69,0.60,2500,0,0,0
2413,40.25688,free_swing,810,281,919,175,109.134,134.201,0,-715.61,443.73,0,152.04,0.48,2500,0,0,0
2414,40.27357,free_swing,814,312,914,196,97.545,139.236,0,-733.57,231.42,1,153.15,0.25,2500,1,0,0
2415,40.29025,free_swing,811,341,907,223,86.520,140.870,0,-783.87,30.50,1,152.12,0.43,2500,1,0,0
2416,40.30693,free_swing,803,381,905,256,70.710,140.786,0,-802.28,-180.74,1,161.34,5.61,2500,1,0,0
2417,40.32362,free_swing,790,408,903,295,59.103,135.000,0,-695.28,-438.82,1,159.81,4.60,2500,1,0,0
2418,40.3403,free_swing,775,430,902,339,48.814,125.623,0,-515.78,-701.70,1,156.24,2.27,2500,1,0,0
2419,40.35698,free_swing,762,443,902,387,41.730,111.801,0,-389.46,-909.06,1,150.78,1.30,2500,1,0,0
2420,40.37367,free_swing,751,452,901,440,36.254,94.574,0,-193.82,-1216.84,1,150.48,1.50,2500,1,0,0
2421,40.39035,free_swing,747,455,888,498,34.330,73.040,0,12.68,-1525.08,1,147.41,3.51,2500,1,0,0
2422,40.40703,free_swing,752,452,856,560,36.563,43.919,0,141.95,-1658.86,0,149.93,1.86,2500,0,0,0
2423,40.42372,free_swing,758,448,800,590,39.316,16.477,0,117.03,-1577.99,0,148.08,3.07,2500,0,0,0
2424,40.4404,free_swing,759,447,741,597,39.855,-6.843,0,-5.32,-1374.55,1,151.08,1.11,2500,1,0,0
2425,40.45708,free_swing,756,448,681,582,38.720,-29.236,0,-118.33,-1255.04,0,153.56,0.52,2500,0,0,0
2426,40.47377,free_swing,750,452,634,552,35.942,-49.236,0,-215.10,-1195.72,0,153.15,0.25,2500,0,0,0
2427,40.49045,free_swing,742,459,602,514,31.884,-68.552,0,-291.80,-1109.65,0,150.42,1.54,2500,0,0,0
2428,40.50713,free_swing,729,466,576,474,26.222,-87.007,0,-334.28,-1045.33,0,153.21,0.29,2500,0,0,0
2429,40.52382,free_swing,716,471,567,437,20.872,-102.854,0,-332.83,-956.38,0,152.83,0.04,2500,0,0,0
2430,40.5405,free_swing,703,475,571,403,15.627,-118.610,0,-273.66,-836.73,0,150.36,1.58,2500,0,0,0
2431,40.55718,free_swing,693,477,580,378,11.689,-131.222,0,-161.86,-667.70,0,150.23,1.66,2500,0,0,0
2432,40.57387,free_swing,689,478,594,362,10.098,-140.684,0,-36.87,-477.57,0,149.94,1.86,2500,0,0,0
2433,40.59055,free_swing,691,478,609,352,10.856,-146.944,0,67.23,-328.66,0,150.33,1.60,2500,0,0,0
2434,40.60723,free_swing,694,477,623,344,12.068,-151.905,0,122.30,-225.13,0,150.76,1.31,2500,0,0,0
2435,40.62392,free_swing,701,475,636,339,14.882,-154.455,0,171.45,-118.65,0,150.73,1.33,2500,0,0,0
2436,40.6406,free_swing,708,473,647,335,17.700,-156.153,0,219.39,-20.15,0,150.88,1.24,2500,0,0,0
2437,40.65728,free_swing,719,470,655,332,22.087,-155.120,0,256.32,53.65,0,152.12,0.43,2500,0,0,0
2438,40.67397,free_swing,729,465,663,329,26.392,-154.113,0,288.68,118.95,0,151.17,1.05,2500,0,0,0
2439,40.69065,free_swing,741,459,669,326,31.557,-151.571,0,310.13,175.62,0,151.24,1.00,2500,0,0,0
2440,40.70733,free_swing,752,451,672,323,36.793,-147.995,0,344.62,269.91,0,150.94,1.20,2500,0,0,0
2441,40.72402,free_swing,765,442,673,320,42.839,-142.980,0,357.77,324.74,0,152.80,0.02,2500,0,0,0
2442,40.7407,free_swing,776,430,672,320,49.066,-136.606,0,374.26,374.94,0,151.38,0.91,2500,0,0,0
2443,40.75738,free_swing,786,418,671,319,55.039,-130.724,0,384.69,421.27,0,151.74,0.67,2500,0,0,0
2444,40.77407,free_swing,796,403,668,321,61.905,-122.645,0,410.26,515.24,0,152.01,0.50,2500,0,0,0
2445,40.79075,free_swing,804,387,665,326,68.691,-113.694,0,411.49,584.67,0,151.80,0.64,2500,0,0,0
2446,40.80743,free_swing,810,369,661,336,75.872,-102.488,0,410.25,640.10,0,152.61,0.11,2500,0,0,0
2447,40.82412,free_swing,814,353,661,346,82.082,-92.620,0,417.28,723.25,0,153.16,0.25,2500,0,0,0
2448,40.8408,free_swing,816,333,665,362,89.626,-79.129,0,414.97,794.21,0,153.76,0.65,2500,0,0,0
2449,40.85748,free_swing,815,315,676,380,96.382,-64.938,0,408.18,878.96,0,153.45,0.44,2500,0,0,0
2450,40.87417,free_swing,813,298,693,396,102.771,-50.763,0,376.54,891.99,0,154.93,1.41,2500,0,0,0
2451,40.89085,free_swing,808,282,720,408,109.026,-34.931,0,351.54,926.53,0,153.69,0.60,2500,0,0,0
2452,40.90753,free_swing,805,267,752,413,114.596,-19.952,0,320.51,942.11,0,155.32,1.67,2500,0,0,0
2453,40.92422,free_swing,799,255,789,409,119.518,-3.715,0,287.74,941.92,0,154.32,1.02,2500,0,0,0
2454,40.9409,free_swing,793,244,824,396,124.095,11.527,0,236.82,925.37,0,155.13,1.54,2500,0,0,0
2455,40.95758,free_swing,787,236,858,375,127.747,27.058,0,178.65,878.60,0,156.08,2.17,2500,0,0,0
2456,40.97427,free_swing,784,231,885,347,129.852,41.046,0,127.25,855.91,0,153.81,0.68,2500,0,0,0
2457,40.99095,free_swing,781,226,906,313,131.934,55.162,0,101.38,840.54,0,152.30,0.31,2500,0,0,0
2458,41.00763,free_swing,777,224,920,278,133.452,69.312,0,81.64,831.95,0,152.86,0.06,2500,0,0,0
2459,41.02432,free_swing,774,222,925,241,134.741,82.828,0,61.61,781.38,0,152.19,0.38,2500,0,0,0
2460,41.041,free_swing,773,220,924,206,135.516,95.297,0,60.57,701.88,0,151.65,0.74,2500,0,0,0
2461,41.05768,free_swing,771,217,915,175,136.798,106.260,0,86.36,621.01,0,150.00,1.81,2500,0,0,0
2462,41.07437,free_swing,768,214,902,149,138.336,115.877,0,113.58,542.86,0,148.93,2.51,2500,0,0,0
2463,41.09105,free_swing,763,210,886,125,140.659,124.647,0,127.32,487.27,0,149.51,2.13,2500,0,0,0
2464,41.10773,free_swing,760,206,870,106,142.409,132.274,0,111.17,467.39,0,148.66,2.69,2500,0,0,0
2465,41.12442,free_swing,756,203,851,89,144.211,140.194,0,61.47,475.88,0,148.39,2.86,2500,0,0,0
2466,41.1411,free_swing,755,203,832,76,144.504,148.772,0,-14.85,549.45,0,148.52,2.78,2500,0,0,0
2467,41.15778,free_swing,757,204,812,67,143.707,158.127,0,-91.19,660.12,0,147.63,3.37,2500,0,0,0
2468,41.17447,free_swing,762,208,787,60,141.397,170.412,0,-137.10,712.11,0,150.10,1.75,2500,0,0,0
2469,41.19115,free_swing,767,212,759,64,139.086,-176.906,0,-171.59,735.32,0,148.22,2.98,2500,0,0,0
2470,41.20783,free_swing,772,219,736,73,136.032,-166.149,0,-193.18,723.74,0,150.37,1.57,2500,0,0,0
2471,41.22452,free_swing,779,226,710,92,132.421,-152.755,0,-222.42,758.33,0,150.72,1.34,2500,0,0,0
2472,41.2412,free_swing,785,234,688,117,128.774,-140.339,0,-228.34,808.88,0,151.98,0.52,2500,0,0,0
2473,41.25788,free_swing,792,243,669,152,124.603,-126.495,0,-244.86,800.28,0,153.00,0.15,2500,0,0,0
2474,41.27457,free_swing,798,252,656,192,120.651,-112.906,0,-282.58,809.97,0,154.16,0.91,2500,0,0,0
2475,41.29125,free_swing,805,265,653,238,115.259,-100.072,0,-338.48,801.77,0,154.38,1.05,2500,0,0,0
2476,41.30793,free_swing,810,281,656,291,109.134,-86.285,0,-399.50,792.25,0,154.32,1.02,2500,0,0,0
2477,41.32462,free_swing,814,300,668,344,101.965,-73.229,0,-448.24,746.01,0,152.49,0.19,2500,0,0,0
2478,41.3413,free_swing,815,321,679,396,94.139,-61.125,0,-501.56,725.38,0,155.31,1.66,2500,0,0,0
2479,41.35798,free_swing,816,345,697,447,85.143,-49.399,0,-561.59,766.58,0,156.73,2.59,2500,0,0,0
2480,41.37467,free_swing,809,371,718,502,75.044,-34.786,0,-668.19,880.97,0,159.51,4.41,2500,0,0,0
2481,41.39135,free_swing,796,400,744,551,62.920,-19.002,0,-848.52,1148.40,1,159.70,4.54,2500,1,0,0
2482,41.40803,free_swing,772,433,777,589,47.182,1.836,0,-1059.83,1515.44,1,156.08,2.17,2500,1,0,0
2483,41.42472,free_swing,,,809,590,,,1,,,0,,,2500,0,0,0
2484,41.4414,free_swing,686,479,810,554,8.893,58.833,0,-1030.69,1409.37,0,144.92,5.14,2500,0,0,0
2485,41.45808,free_swing,648,480,795,516,-5.787,76.239,0,-824.46,944.97,1,151.34,0.93,2500,1,0,0
2486,41.47477,free_swing,616,474,770,478,-18.314,88.512,0,-686.66,579.64,1,154.05,0.84,2500,1,0,0
2487,41.49145,free_swing,591,463,744,445,-28.794,96.710,0,-638.62,392.86,0,154.06,0.84,2500,0,0,0
2488,41.50813,free_swing,567,446,717,415,-40.101,101.677,0,-647.87,217.39,0,153.17,0.26,2500,0,0,0
2489,41.52482,free_swing,546,428,694,391,-50.631,104.036,0,-705.77,10.38,1,152.55,0.14,2500,1,0,0
2490,41.5415,free_swing,527,401,677,366,-63.099,103.134,0,-742.12,-133.51,0,154.03,0.82,2500,0,0,0
2491,41.55818,free_swing,515,369,668,346,-75.964,98.549,0,-742.43,-228.35,0,154.72,1.28,2500,0,0,0
2492,41.57487,free_swing,510,338,663,322,-87.754,95.970,0,-702.55,-281.35,0,153.83,0.70,2500,0,0,0
2493,41.59155,free_swing,510,308,664,307,-98.915,90.372,0,-665.76,-298.52,0,154.00,0.81,2500,0,0,0
2494,41.60823,free_swing,517,278,671,292,-110.298,84.806,0,-656.47,-323.94,0,154.64,1.22,2500,0,0,0
2495,41.62492,free_swing,528,252,682,278,-120.651,80.417,0,-633.53,-282.04,0,156.18,2.23,2500,0,0,0
2496,41.6416,free_swing,544,227,695,266,-131.424,75.518,0,-597.13,-243.88,0,155.96,2.08,2500,0,0,0
2497,41.65828,free_swing,562,208,712,257,-140.837,71.910,0,-568.67,-201.58,0,157.80,3.29,2500,0,0,0
2498,41.67497,free_swing,583,193,730,249,-150.078,69.146,0,-540.07,-149.70,0,157.31,2.97,2500,0,0,0
2499,41.69165,free_swing,606,182,751,244,-159.193,66.849,0,-550.42,-120.09,0,157.70,3.23,2500,0,0,0
2500,41.70833,free_swing,630,174,775,241,-168.203,65.200,0,-554.27,-79.55,0,159.73,4.56,2500,0,0,0
2501,41.72502,free_swing,657,171,798,239,-177.866,64.253,0,-553.59,-4.55,0,156.54,2.47,2500,0,0,0
2502,41.7417,free_swing,682,173,824,240,173.186,64.741,0,-551.84,62.06,0,157.01,2.78,2500,0,0,0
2503,41.75838,free_swing,707,179,852,241,163.956,66.849,0,-548.33,114.86,0,157.70,3.23,2500,0,0,0
2504,41.77507,free_swing,732,188,879,245,154.398,68.806,0,-589.53,167.85,0,157.66,3.20,2500,0,0,0
2505,41.79175,free_swing,756,202,908,249,144.421,72.818,0,-666.51,364.96,0,159.10,4.14,2500,0,0,0
2506,41.80843,free_swing,780,226,934,253,132.176,80.056,0,-777.68,660.20,1,156.35,2.34,2500,1,0,0
2507,41.82512,free_swing,800,258,,,118.376,,1,-890.07,,0,,,2500,0,0,0
2508,41.8418,free_swing,813,297,949,250,103.134,109.065,0,-891.38,777.42,0,143.89,5.81,2500,0,0,0
2509,41.85848,free_swing,816,338,946,261,87.754,120.639,0,-844.82,471.21,1,151.09,1.10,2500,1,0,0
2510,41.87517,free_swing,808,370,937,284,75.315,123.690,0,-844.37,197.98,1,155.04,1.48,2500,1,0,0
2511,41.89185,free_swing,792,404,919,312,60.832,125.920,0,-873.24,-27.22,1,156.82,2.65,2500,1,0,0
2512,41.90853,free_swing,768,437,901,347,45.000,124.086,0,-882.80,-272.43,1,160.59,5.12,2500,1,0,0
2513,41.92522,free_swing,742,460,883,390,31.682,116.402,0,-795.62,-644.61,1,157.42,3.04,2500,1,0,0
2514,41.9419,free_swing,712,472,862,439,19.290,102.407,0,-679.76,-1009.11,1,153.59,0.53,2500,1,0,0
2515,41.95858,free_swing,686,478,836,497,8.952,82.781,0,-534.94,-1327.53,1,151.20,1.03,2500,1,0,0
2516,41.97527,free_swing,667,480,795,559,1.548,58.318,0,-300.80,-1611.44,1,150.42,1.54,2500,1,0,0
2517,41.99195,free_swing,659,480,734,611,-1.548,29.792,0,-55.54,-1853.29,1,150.95,1.19,2500,1,0,0
2518,42.00863,free_swing,661,481,655,632,-0.769,-2.275,0,50.34,-1898.63,0,151.12,1.08,2500,0,0,0
2519,42.02532,free_swing,664,482,579,607,0.382,-34.216,0,-28.19,-1730.79,0,151.16,1.05,2500,0,0,0
2520,42.042,free_swing,657,481,526,558,-2.306,-59.554,0,-218.67,-1484.88,1,151.95,0.53,2500,1,0,0
2521,42.05868,free_swing,644,480,491,501,-7.316,-82.185,0,-373.49,-1265.00,1,154.43,1.09,2500,1,0,0
2522,42.07537,free_swing,625,477,478,443,-14.685,-103.023,0,-465.93,-1131.58,0,150.88,1.24,2500,0,0,0
2523,42.09205,free_swing,606,470,475,395,-22.443,-119.792,0,-512.00,-987.84,0,150.95,1.19,2500,0,0,0
2524,42.10873,free_swing,585,459,479,350,-31.557,-135.799,0,-512.86,-876.70,0,152.04,0.48,2500,0,0,0
2525,42.12542,free_swing,568,447,491,317,-39.560,-149.361,0,-484.15,-784.63,0,151.09,1.10,2500,0,0,0
2526,42.1421,free_swing,553,434,506,291,-47.161,-161.806,0,-408.49,-663.15,0,150.53,1.47,2500,0,0,0
2527,42.15878,free_swing,542,422,520,272,-53.358,-171.656,0,-317.57,-536.73,0,151.60,0.76,2500,0,0,0
2528,42.17547,free_swing,536,413,535,261,-57.470,-179.623,0,-189.75,-411.46,0,152.00,0.50,2500,0,0,0
2529,42.19215,free_swing,533,408,547,258,-59.689,174.668,0,-49.73,-301.66,0,150.65,1.39,2500,0,0,0
2530,42.20883,free_swing,533,409,559,258,-59.361,170.230,0,66.04,-190.59,0,153.22,0.30,2500,0,0,0
2531,42.22552,free_swing,536,414,568,263,-57.151,168.035,0,162.85,-101.47,0,154.35,1.04,2500,0,0,0
2532,42.2422,free_swing,541,420,575,270,-54.197,167.229,0,239.01,-16.75,0,153.81,0.68,2500,0,0,0
2533,42.25888,free_swing,549,430,583,280,-49.316,167.229,0,321.51,62.24,0,153.81,0.68,2500,0,0,0
2534,42.27557,free_swing,560,441,589,289,-43.379,169.198,0,403.78,152.72,0,154.74,1.29,2500,0,0,0
2535,42.29225,free_swing,575,453,595,299,-36.027,172.600,0,458.54,249.46,0,155.29,1.65,2500,0,0,0
2536,42.30893,free_swing,593,464,600,308,-27.937,177.431,0,510.43,349.26,0,156.16,2.22,2500,0,0,0
2537,42.32562,free_swing,614,472,603,318,-19.290,-175.914,0,545.05,441.03,0,154.39,1.06,2500,0,0,0
2538,42.3423,free_swing,638,479,604,327,-9.652,-167.391,0,578.21,549.73,0,155.76,1.95,2500,0,0,0
2539,42.35898,free_swing,663,481,605,338,0.000,-157.923,0,606.13,667.09,0,154.31,1.01,2500,0,0,0
2540,42.37567,free_swing,690,479,602,352,10.408,-145.281,0,628.81,793.10,0,154.51,1.14,2500,0,0,0
