frame,time_s,phase,x_green,y_green,x_red,y_red,theta1_deg,theta2_deg,dropout,omega1_deg_s,omega2_deg_s
0,0.0,driven,661.625,484.994,660.713,637.991,-0.515,-0.341,0,-0.19,0.30
1,0.01668,driven,661.625,484.994,660.713,637.991,-0.515,-0.341,0,-0.06,0.10
2,0.03337,driven,661.625,484.994,660.713,637.991,-0.515,-0.341,0,0.06,-0.10
3,0.05005,driven,661.625,484.994,660.713,637.991,-0.515,-0.341,0,0.19,-0.30
4,0.06673,driven,661.625,484.994,660.713,637.991,-0.515,-0.341,0,0.44,-0.69
5,0.08342,driven,661.672,484.994,660.686,637.991,-0.497,-0.369,0,0.44,-0.69
6,0.1001,driven,661.672,484.994,660.686,637.991,-0.497,-0.369,0,0.19,-0.23
7,0.11678,driven,661.672,484.994,660.686,637.991,-0.497,-0.369,0,-0.09,-0.00
8,0.13347,driven,661.672,484.994,660.686,637.991,-0.497,-0.369,0,0.00,-0.34
9,0.15015,driven,661.672,484.994,660.648,637.991,-0.497,-0.383,0,0.00,-0.34
10,0.16683,driven,661.672,484.994,660.648,637.991,-0.497,-0.383,0,0.00,-0.14
11,0.18352,driven,661.672,484.994,660.648,637.991,-0.497,-0.383,0,0.00,0.06
12,0.2002,driven,661.672,484.994,660.648,637.991,-0.497,-0.383,0,0.00,0.13
13,0.21688,driven,661.672,484.994,660.648,637.991,-0.497,-0.384,0,0.05,0.23
14,0.23357,driven,661.672,484.994,660.647,637.991,-0.497,-0.384,0,-0.11,-1.92
15,0.25025,driven,661.672,484.994,660.566,637.990,-0.497,-0.414,0,-0.18,-3.49
16,0.26693,driven,661.646,484.994,660.246,637.988,-0.507,-0.524,0,-0.38,-2.87
17,0.28362,driven,661.646,484.994,660.246,637.988,-0.507,-0.524,0,-0.37,-0.47
18,0.3003,driven,661.614,484.994,660.246,637.988,-0.519,-0.512,0,-0.18,0.17
19,0.31698,driven,661.621,484.994,660.246,637.988,-0.517,-0.515,0,-0.17,-1.28
20,0.33367,driven,661.614,484.994,660.090,637.986,-0.519,-0.571,0,-0.23,-1.22
21,0.35035,driven,661.595,484.994,660.086,637.986,-0.526,-0.565,0,-0.03,-0.39
22,0.36703,driven,661.579,484.993,660.086,637.986,-0.532,-0.559,0,-0.59,0.38
23,0.38372,driven,661.595,484.994,660.084,637.986,-0.526,-0.566,0,-1.00,-0.12
24,0.4004,driven,661.464,484.992,659.964,637.985,-0.575,-0.562,0,-1.22,0.09
25,0.41708,driven,661.464,484.992,659.964,637.985,-0.575,-0.562,0,-0.96,0.47
26,0.43377,driven,661.423,484.992,659.964,637.985,-0.591,-0.547,0,-0.55,0.79
27,0.45045,driven,661.392,484.992,659.963,637.985,-0.602,-0.535,0,-0.77,0.84
28,0.46713,driven,661.335,484.991,659.963,637.985,-0.623,-0.514,0,-1.63,1.63
29,0.48382,driven,661.297,484.991,659.963,637.985,-0.638,-0.499,0,-2.06,1.58
30,0.5005,driven,661.117,484.988,659.935,637.984,-0.705,-0.443,0,-1.85,1.16
31,0.51718,driven,661.117,484.988,659.883,637.983,-0.705,-0.462,0,-1.34,0.67
32,0.53387,driven,661.057,484.988,659.883,637.983,-0.727,-0.440,0,-0.48,0.05
33,0.55055,driven,661.018,484.987,659.862,637.983,-0.742,-0.433,0,-0.71,0.64
34,0.56723,driven,661.018,484.987,659.862,637.983,-0.742,-0.433,0,-0.52,1.20
35,0.58392,driven,660.980,484.987,659.908,637.983,-0.756,-0.401,0,-0.52,1.78
36,0.6006,driven,660.961,484.986,659.996,637.983,-0.764,-0.361,0,0.18,0.93
37,0.61728,driven,660.980,484.987,659.999,637.984,-0.756,-0.367,0,0.76,-0.40
38,0.63397,driven,661.055,484.988,660.017,637.984,-0.729,-0.389,0,0.38,-0.57
39,0.65065,driven,661.033,484.987,659.999,637.984,-0.737,-0.387,0,0.69,-0.77
40,0.66733,driven,661.033,484.987,659.999,637.984,-0.737,-0.387,0,0.32,-0.16
41,0.68402,driven,661.140,484.989,660.009,637.985,-0.697,-0.424,0,-0.26,-0.11
42,0.7007,driven,661.033,484.987,660.009,637.984,-0.737,-0.383,0,0.07,-0.52
43,0.71738,driven,661.033,484.987,659.922,637.983,-0.737,-0.416,0,1.01,-1.14
44,0.73407,driven,661.187,484.989,659.997,637.985,-0.679,-0.446,0,1.02,-0.67
45,0.75075,driven,661.187,484.989,659.997,637.985,-0.679,-0.446,0,0.02,0.45
46,0.76743,driven,661.072,484.988,659.997,637.984,-0.722,-0.402,0,-0.93,0.81
47,0.78412,driven,661.150,484.989,659.997,637.984,-0.693,-0.432,0,-0.36,0.42
48,0.8008,driven,661.077,484.988,660.003,637.984,-0.720,-0.402,0,-0.35,0.46
49,0.81748,driven,661.072,484.988,660.003,637.984,-0.722,-0.400,0,-0.73,0.63
50,0.83417,driven,661.037,484.987,660.003,637.984,-0.735,-0.387,0,0.01,-0.01
51,0.85085,driven,661.055,484.988,659.980,637.984,-0.728,-0.403,0,-0.03,-0.24
52,0.86753,driven,661.055,484.988,660.003,637.984,-0.728,-0.394,0,-0.07,-0.39
53,0.88422,driven,661.037,484.987,659.933,637.983,-0.735,-0.414,0,-0.16,-0.70
54,0.9009,driven,661.037,484.987,659.922,637.983,-0.735,-0.418,0,0.16,-1.19
55,0.91758,driven,661.055,484.988,659.855,637.983,-0.728,-0.449,0,0.21,-0.72
56,0.93427,driven,661.072,484.988,659.855,637.983,-0.722,-0.456,0,0.51,-0.78
57,0.95095,driven,661.072,484.988,659.854,637.983,-0.722,-0.456,0,0.83,-0.41
58,0.96763,driven,661.144,484.989,659.852,637.983,-0.695,-0.484,0,0.37,-1.06
59,0.98432,driven,661.144,484.989,659.851,637.983,-0.695,-0.484,0,-0.43,-1.17
60,1.001,driven,661.072,484.988,659.679,637.982,-0.722,-0.521,0,-0.89,-0.73
61,1.01768,driven,661.058,484.988,659.676,637.981,-0.727,-0.518,0,-0.49,-0.23
62,1.03437,driven,661.058,484.988,659.676,637.981,-0.727,-0.518,0,-0.07,0.50
63,1.05105,driven,661.039,484.987,659.679,637.981,-0.734,-0.509,0,-0.10,0.09
64,1.06773,driven,661.039,484.987,659.679,637.981,-0.734,-0.509,0,-0.19,-0.15
65,1.08442,driven,661.035,484.987,659.647,637.981,-0.736,-0.520,0,-0.48,-0.37
66,1.1011,driven,660.999,484.987,659.611,637.981,-0.749,-0.520,0,-0.68,-0.34
67,1.11778,driven,660.962,484.986,659.559,637.980,-0.763,-0.525,0,-0.62,0.26
68,1.13447,driven,660.962,484.986,659.559,637.980,-0.763,-0.525,0,0.17,0.21
69,1.15115,driven,660.962,484.986,659.611,637.980,-0.763,-0.506,0,0.48,0.21
70,1.16783,driven,661.038,484.987,659.626,637.981,-0.735,-0.529,0,1.67,-1.30
71,1.18452,driven,661.061,484.988,659.626,637.981,-0.726,-0.537,0,2.26,-2.27
72,1.2012,driven,661.251,484.990,659.631,637.981,-0.655,-0.607,0,1.99,-2.03
73,1.21788,driven,661.251,484.990,659.626,637.981,-0.655,-0.609,0,0.12,-0.21
74,1.23457,driven,661.251,484.990,659.624,637.981,-0.655,-0.610,0,-1.76,1.68
75,1.25125,driven,661.095,484.988,659.617,637.981,-0.713,-0.554,0,-1.56,1.47
76,1.26793,driven,661.084,484.988,659.617,637.981,-0.718,-0.549,0,-1.46,1.38
77,1.28462,driven,661.041,484.987,659.611,637.981,-0.734,-0.536,0,-0.88,0.84
78,1.3013,driven,660.961,484.986,659.613,637.980,-0.764,-0.505,0,-0.88,0.87
79,1.31798,driven,660.961,484.986,659.613,637.980,-0.764,-0.505,0,-0.28,0.31
80,1.33467,driven,660.961,484.986,659.613,637.980,-0.764,-0.505,0,0.24,-0.01
81,1.35135,driven,660.961,484.986,659.613,637.980,-0.764,-0.505,0,0.09,-0.57
82,1.36803,driven,660.982,484.987,659.613,637.981,-0.756,-0.513,0,0.42,-1.86
83,1.38472,driven,660.982,484.987,659.491,637.979,-0.756,-0.558,0,0.55,-0.95
84,1.4014,driven,661.038,484.987,659.491,637.980,-0.735,-0.579,0,0.58,0.53
85,1.41808,driven,661.038,484.987,659.664,637.981,-0.735,-0.514,0,0.40,1.43
86,1.43477,driven,661.064,484.988,659.664,637.981,-0.725,-0.524,0,0.19,0.52
87,1.45145,driven,661.064,484.988,659.665,637.981,-0.725,-0.524,0,0.56,-0.93
88,1.46813,driven,661.102,484.988,659.665,637.981,-0.711,-0.538,0,0.95,-0.79
89,1.48482,driven,661.153,484.989,659.664,637.982,-0.692,-0.558,0,1.06,-1.18
90,1.5015,driven,661.201,484.989,659.671,637.982,-0.674,-0.573,0,0.57,-1.59
91,1.51818,driven,661.201,484.989,659.597,637.981,-0.674,-0.601,0,0.09,-1.23
92,1.53487,driven,661.201,484.989,659.529,637.980,-0.674,-0.626,0,0.17,-0.37
93,1.55155,driven,661.201,484.989,659.597,637.981,-0.674,-0.601,0,-0.55,2.08
94,1.56823,driven,661.201,484.989,659.671,637.982,-0.674,-0.573,0,-1.24,3.17
95,1.58492,driven,661.064,484.988,659.760,637.982,-0.725,-0.488,0,-1.27,2.30
96,1.6016,driven,661.064,484.988,659.764,637.982,-0.725,-0.487,0,-0.40,0.67
97,1.61828,driven,661.062,484.988,659.764,637.982,-0.726,-0.486,0,-0.06,-0.20
98,1.63497,driven,661.064,484.988,659.760,637.982,-0.725,-0.488,0,-0.71,0.49
99,1.65165,driven,660.980,484.987,659.741,637.982,-0.756,-0.464,0,-0.71,0.46
100,1.66833,driven,660.979,484.987,659.741,637.982,-0.757,-0.464,0,-0.89,0.93
101,1.68502,driven,660.955,484.986,659.741,637.982,-0.766,-0.454,0,-0.93,1.23
102,1.7017,driven,660.878,484.985,659.770,637.981,-0.795,-0.415,0,-0.58,1.04
103,1.71838,driven,660.878,484.985,659.770,637.981,-0.795,-0.415,0,0.63,-0.87
104,1.73507,driven,660.955,484.986,659.770,637.982,-0.766,-0.444,0,1.24,-2.37
105,1.75175,driven,661.001,484.987,659.668,637.981,-0.749,-0.499,0,0.83,-2.08
106,1.76843,driven,661.001,484.987,659.634,637.981,-0.749,-0.512,0,0.14,-0.80
107,1.78512,driven,661.020,484.987,659.634,637.981,-0.742,-0.519,0,-0.10,-0.04
108,1.8018,driven,661.003,484.987,659.634,637.981,-0.748,-0.513,0,-0.01,-0.28
109,1.81848,driven,661.003,484.987,659.600,637.981,-0.748,-0.525,0,0.08,0.41
110,1.83517,driven,661.020,484.987,659.637,637.981,-0.742,-0.518,0,0.16,0.84
111,1.85185,driven,661.020,484.987,659.739,637.982,-0.742,-0.480,0,-0.13,0.90
112,1.86853,driven,661.003,484.987,659.709,637.981,-0.748,-0.485,0,-0.46,0.77
113,1.88522,driven,660.980,484.987,659.709,637.981,-0.756,-0.476,0,-0.50,0.70
114,1.9019,driven,660.961,484.986,659.766,637.982,-0.764,-0.448,0,-0.32,0.87
115,1.91858,driven,660.961,484.986,659.766,637.982,-0.764,-0.448,0,0.24,-0.07
116,1.93527,driven,660.980,484.987,659.760,637.982,-0.756,-0.457,0,1.44,-1.59
117,1.95195,driven,661.063,484.988,659.760,637.982,-0.726,-0.488,0,2.10,-2.26
118,1.96863,driven,661.179,484.989,659.760,637.983,-0.682,-0.531,0,0.95,-0.67
119,1.98532,driven,661.179,484.989,659.760,637.983,-0.682,-0.531,0,-0.72,1.48
120,2.002,driven,661.076,484.988,659.838,637.983,-0.720,-0.464,0,-0.95,1.94
121,2.01868,driven,661.076,484.988,659.861,637.983,-0.720,-0.455,0,0.06,0.78
122,2.03537,driven,661.130,484.989,659.893,637.984,-0.700,-0.463,0,0.73,-0.13
123,2.05205,driven,661.130,484.989,659.924,637.984,-0.700,-0.452,0,0.35,0.80
124,2.06873,driven,661.145,484.989,659.982,637.984,-0.695,-0.436,0,0.13,1.06
125,2.08542,driven,661.151,484.989,660.048,637.985,-0.692,-0.413,0,0.25,0.72
126,2.1021,driven,661.164,484.989,660.048,637.985,-0.688,-0.418,0,0.04,-0.27
127,2.11878,driven,661.164,484.989,660.048,637.985,-0.688,-0.418,0,-0.03,-0.86
128,2.13547,driven,661.151,484.989,659.951,637.984,-0.692,-0.449,0,0.00,-1.05
129,2.15215,driven,661.164,484.989,659.951,637.984,-0.688,-0.454,0,0.01,-1.17
130,2.16883,driven,661.164,484.989,659.888,637.984,-0.688,-0.478,0,-0.01,-0.79
131,2.18552,driven,661.151,484.989,659.842,637.983,-0.692,-0.490,0,-0.17,-0.48
132,2.2022,driven,661.151,484.989,659.842,637.983,-0.692,-0.490,0,-0.11,0.02
133,2.21888,driven,661.139,484.989,659.842,637.983,-0.697,-0.486,0,-0.22,0.26
134,2.23557,driven,661.139,484.989,659.839,637.983,-0.697,-0.487,0,-0.32,0.32
135,2.25225,driven,661.109,484.988,659.839,637.983,-0.708,-0.475,0,-0.48,0.50
136,2.26893,driven,661.109,484.988,659.839,637.983,-0.708,-0.475,0,0.51,-0.50
137,2.28562,driven,661.109,484.988,659.837,637.983,-0.708,-0.476,0,0.91,-1.12
138,2.3023,driven,661.232,484.990,659.834,637.983,-0.662,-0.524,0,0.49,-0.65
139,2.31898,driven,661.164,484.989,659.813,637.983,-0.688,-0.506,0,0.06,-0.10
140,2.33567,driven,661.164,484.989,659.837,637.983,-0.688,-0.497,0,-0.94,1.19
141,2.35235,driven,661.164,484.989,659.837,637.983,-0.688,-0.497,0,-0.82,1.20
142,2.36903,driven,661.060,484.988,659.862,637.983,-0.727,-0.448,0,-0.96,1.15
143,2.38572,driven,661.060,484.988,659.862,637.983,-0.727,-0.448,0,-0.50,0.62
144,2.4024,driven,661.060,484.988,659.863,637.983,-0.727,-0.448,0,0.38,-0.57
145,2.41908,driven,661.060,484.988,659.865,637.983,-0.727,-0.447,0,0.51,-0.20
146,2.43577,driven,661.103,484.988,659.862,637.983,-0.711,-0.464,0,0.15,0.75
147,2.45245,driven,661.103,484.988,659.944,637.984,-0.711,-0.434,0,-0.39,0.80
148,2.46913,driven,661.039,484.987,659.944,637.984,-0.734,-0.410,0,-0.65,0.32
149,2.48582,driven,661.039,484.987,659.861,637.983,-0.734,-0.441,0,-0.40,-0.64
150,2.5025,driven,661.039,484.987,659.861,637.983,-0.734,-0.441,0,0.39,-1.15
151,2.51918,driven,661.039,484.987,659.822,637.983,-0.734,-0.456,0,0.84,-0.97
152,2.53587,driven,661.121,484.988,659.811,637.983,-0.704,-0.491,0,0.98,-1.62
153,2.55255,driven,661.147,484.989,659.811,637.983,-0.694,-0.500,0,0.62,-1.45
154,2.56923,driven,661.147,484.989,659.715,637.982,-0.694,-0.536,0,-0.04,-0.85
155,2.58592,driven,661.147,484.989,659.715,637.982,-0.694,-0.536,0,-0.54,0.23
156,2.6026,driven,661.121,484.988,659.715,637.982,-0.704,-0.526,0,-0.73,1.03
157,2.61928,driven,661.059,484.988,659.733,637.982,-0.727,-0.496,0,-0.72,1.00
158,2.63597,driven,661.059,484.988,659.733,637.982,-0.727,-0.496,0,-0.80,1.22
159,2.65265,driven,661.019,484.987,659.764,637.982,-0.742,-0.470,0,-0.79,0.93
160,2.66933,driven,660.961,484.986,659.766,637.982,-0.764,-0.447,0,-0.70,0.54
161,2.68602,driven,660.961,484.986,659.733,637.981,-0.764,-0.460,0,-0.16,-0.48
162,2.7027,driven,660.959,484.986,659.716,637.981,-0.764,-0.465,0,0.16,-0.78
163,2.71938,driven,660.959,484.986,659.680,637.981,-0.764,-0.479,0,-0.09,-0.17
164,2.73607,driven,660.961,484.986,659.680,637.981,-0.764,-0.480,0,-0.20,-0.14
165,2.75275,driven,660.939,484.986,659.680,637.981,-0.772,-0.472,0,-0.20,-0.17
166,2.76943,driven,660.939,484.986,659.631,637.981,-0.772,-0.490,0,-0.09,-0.37
167,2.78612,driven,660.939,484.986,659.631,637.981,-0.772,-0.490,0,-0.08,-0.16
168,2.8028,driven,660.939,484.986,659.625,637.980,-0.772,-0.492,0,0.25,-0.32
169,2.81948,driven,660.939,484.986,659.625,637.980,-0.772,-0.492,0,0.47,-0.29
170,2.83617,driven,661.001,484.987,659.625,637.981,-0.749,-0.515,0,0.75,-0.13
171,2.85285,driven,661.001,484.987,659.686,637.981,-0.749,-0.493,0,0.75,-0.08
172,2.86953,driven,661.046,484.988,659.699,637.982,-0.732,-0.504,0,0.06,0.26
173,2.88622,driven,661.046,484.988,659.699,637.982,-0.732,-0.505,0,-0.07,0.13
174,2.9029,driven,661.003,484.987,659.699,637.981,-0.748,-0.488,0,-0.09,-0.83
175,2.91958,driven,661.037,484.987,659.725,637.982,-0.735,-0.491,0,5.15,-5.49
176,2.93627,driven,661.037,484.987,659.725,637.982,-0.735,-0.491,0,-2.00,10.04
177,2.95295,driven,661.003,484.987,660.315,637.985,-0.748,-0.258,0,-30.48,52.23
178,2.96963,driven,658.380,484.930,661.823,637.892,-1.730,1.289,0,-71.48,106.60
179,2.98632,driven,653.995,484.735,663.607,637.433,-3.374,3.602,0,-122.73,176.69
180,3.003,driven,648.112,484.274,665.936,636.232,-5.584,6.690,0,-159.47,222.83
181,3.01968,driven,639.677,483.212,669.361,633.305,-8.768,11.187,0,-189.24,241.65
182,3.03637,driven,631.524,481.727,670.720,629.621,-11.872,14.844,0,-201.55,231.17
183,3.05305,driven,622.405,479.516,670.815,624.656,-15.386,18.445,0,-204.85,205.39
184,3.06973,driven,613.864,476.895,670.729,618.935,-18.733,21.819,0,-213.68,188.81
185,3.08642,driven,604.804,473.500,668.599,612.565,-22.357,24.643,0,-209.91,148.02
186,3.1031,driven,596.129,469.613,665.152,606.159,-25.917,26.816,0,-204.37,101.68
187,3.11978,driven,588.607,465.696,660.231,600.896,-29.093,27.913,0,-199.97,52.53
188,3.13647,driven,580.908,461.112,654.082,595.480,-32.449,28.572,0,-198.33,7.75
189,3.15315,driven,573.353,455.985,645.665,590.818,-35.869,28.205,0,-195.45,-38.40
190,3.16983,driven,566.926,451.074,637.003,587.083,-38.898,27.259,0,-180.24,-89.45
191,3.18652,driven,560.901,445.951,626.241,584.297,-41.860,25.281,0,-166.04,-136.14
192,3.2032,driven,555.842,441.207,614.827,582.379,-44.458,22.676,0,-157.35,-180.21
193,3.21988,driven,551.059,436.298,601.726,580.665,-47.024,19.339,0,-145.01,-213.45
194,3.23657,driven,546.910,431.660,587.794,579.096,-49.355,15.499,0,-129.55,-247.61
195,3.25325,driven,543.652,427.734,573.255,577.842,-51.266,11.156,0,-98.18,-284.57
196,3.26993,driven,541.215,424.615,557.480,576.748,-52.748,6.102,0,-70.88,-316.81
197,3.28662,driven,539.949,422.925,541.394,575.918,-53.539,0.541,0,-54.90,-331.16
198,3.3033,driven,538.462,420.878,525.190,573.301,-54.486,-4.976,0,-39.27,-333.72
199,3.31998,driven,537.516,419.537,509.709,569.989,-55.101,-10.471,0,-21.71,-340.89
200,3.33667,driven,537.476,419.480,494.536,566.331,-55.127,-16.299,0,-14.33,-344.63
201,3.35335,driven,537.476,419.480,479.331,561.001,-55.127,-22.336,0,11.82,-363.36
202,3.37003,driven,537.476,419.480,464.963,554.205,-55.127,-28.290,0,66.71,-409.68
203,3.38672,driven,541.097,424.459,451.391,548.401,-52.821,-35.896,0,149.67,-487.50
204,3.4034,driven,546.140,430.756,438.718,539.703,-49.800,-44.596,0,231.15,-544.32
205,3.42008,driven,553.788,439.153,429.815,528.817,-45.545,-54.123,0,272.23,-558.31
206,3.43677,driven,563.638,448.345,427.374,517.924,-40.498,-62.950,0,303.51,-545.77
207,3.45345,driven,574.030,456.472,428.563,503.888,-35.556,-71.946,0,320.86,-500.07
208,3.47013,driven,586.418,464.454,435.838,491.562,-30.036,-79.795,0,331.02,-425.75
209,3.48682,driven,600.072,471.460,447.481,482.649,-24.286,-85.806,0,343.40,-297.88
210,3.5035,driven,613.746,476.855,460.746,476.987,-18.779,-89.951,0,336.37,-177.04
211,3.52018,driven,628.754,481.118,475.810,476.985,-12.934,-91.548,0,336.07,-86.70
212,3.53687,driven,642.932,483.678,490.078,476.983,-7.537,-92.508,0,356.33,0.80
213,3.55355,driven,659.327,484.956,506.419,479.679,-1.375,-91.976,0,369.72,107.81
214,3.57023,driven,676.780,484.378,523.815,487.687,5.167,-88.761,0,376.84,251.26
215,3.58692,driven,692.280,482.172,540.275,499.587,11.033,-83.464,0,363.92,383.65
216,3.6036,driven,707.899,478.264,559.411,515.146,17.065,-76.051,0,345.88,495.69
217,3.62028,driven,722.051,473.145,581.218,532.939,22.703,-66.995,0,320.11,595.01
218,3.63697,driven,733.950,467.555,606.775,552.617,27.628,-56.223,0,271.99,688.80
219,3.65365,driven,743.419,462.161,636.806,571.900,31.710,-44.172,0,221.79,763.13
220,3.67033,driven,750.374,457.598,672.703,589.417,34.825,-30.508,0,145.10,848.71
221,3.68702,driven,754.864,454.352,712.185,601.279,36.900,-16.198,0,61.62,945.43
222,3.7037,driven,754.864,454.352,756.567,607.342,36.900,0.638,0,8.39,1006.10
223,3.72038,driven,754.864,454.352,801.551,600.055,36.900,17.767,0,-13.38,1021.58
224,3.73707,driven,755.358,453.979,840.663,580.992,37.132,33.886,0,8.37,943.52
225,3.75375,driven,755.358,453.979,871.270,553.846,37.132,49.253,0,52.12,818.54
226,3.77043,driven,758.660,451.407,892.848,524.911,38.699,61.288,0,119.14,671.86
227,3.78712,driven,764.166,446.780,909.043,495.968,41.392,71.247,0,188.13,533.09
228,3.8038,driven,770.720,440.653,921.089,468.907,44.753,79.358,0,216.75,434.26
229,3.82048,driven,777.726,433.227,930.328,444.254,48.577,85.867,0,221.49,347.92
230,3.83717,driven,783.570,426.191,936.538,423.045,52.003,91.178,0,207.91,300.00
231,3.85385,driven,788.603,419.366,940.805,403.757,55.179,95.855,0,154.75,287.99
232,3.87053,driven,792.014,414.246,942.244,385.265,57.482,100.919,0,81.28,302.82
233,3.88722,driven,792.524,413.440,939.653,371.464,57.840,105.924,0,27.72,296.10
234,3.9039,driven,792.524,413.440,935.269,358.368,57.840,111.097,0,-14.78,292.55
235,3.92058,driven,792.524,413.440,930.942,348.252,57.840,115.218,0,-64.37,275.13
236,3.93727,driven,789.476,418.098,921.431,340.658,55.755,120.407,0,-145.11,254.39
237,3.95395,driven,784.779,424.623,911.901,339.482,52.744,123.812,0,-212.62,225.52
238,3.97063,driven,778.056,432.852,899.645,339.981,48.764,127.373,0,-248.53,156.98
239,3.98732,driven,770.219,441.147,888.203,343.737,44.489,129.544,0,-286.86,91.86
240,4.004,driven,760.057,450.275,877.258,351.925,39.372,130.002,0,-320.78,4.20
241,4.02068,driven,747.818,459.338,865.778,361.897,33.667,129.558,0,-351.61,-87.51
242,4.03737,driven,734.131,467.460,855.860,374.772,27.704,127.287,0,-370.36,-197.54
243,4.05405,driven,718.739,474.486,847.368,391.639,21.365,122.785,0,-389.61,-323.90
244,4.07073,driven,701.977,479.952,839.080,412.041,14.759,116.350,0,-405.51,-453.67
245,4.08742,driven,683.924,483.563,829.557,436.657,7.860,107.853,0,-414.98,-576.87
246,4.1041,driven,665.910,484.972,817.785,466.455,1.090,96.951,0,-401.81,-700.86
247,4.12078,driven,648.307,484.293,800.599,498.999,-5.511,84.484,0,-361.72,-827.01
248,4.13747,driven,634.079,482.242,777.593,535.278,-10.896,69.718,0,-304.35,-914.94
249,4.15415,driven,622.764,479.615,745.063,571.549,-15.247,53.067,0,-198.43,-1038.40
250,4.17083,driven,615.466,477.429,704.783,601.652,-18.100,35.716,0,-86.67,-1232.46
251,4.18752,driven,615.466,477.429,650.788,626.295,-18.100,13.348,0,-16.01,-1356.38
252,4.2042,driven,614.883,477.237,585.866,627.460,-18.330,-10.933,0,-3.78,-1335.46
253,4.22088,driven,612.904,476.566,535.546,608.569,-19.113,-30.372,0,-62.31,-1145.74
254,4.23757,driven,610.125,475.573,496.027,577.507,-20.218,-48.223,0,-138.96,-952.59
255,4.25425,driven,601.634,472.154,465.709,542.393,-23.646,-62.672,0,-226.20,-814.19
256,4.27093,driven,591.022,467.012,443.096,506.089,-28.063,-75.202,0,-290.26,-679.96
257,4.28762,driven,579.353,460.110,426.818,472.029,-33.142,-85.532,0,-321.58,-577.86
258,4.3043,driven,567.715,451.707,415.184,439.740,-38.519,-94.486,0,-333.78,-476.90
259,4.32098,driven,555.904,441.268,406.038,410.460,-44.425,-101.616,0,-340.12,-381.84
260,4.33767,driven,546.442,431.113,400.329,385.725,-49.624,-107.257,0,-331.04,-295.29
261,4.35435,driven,537.240,419.140,394.965,362.867,-55.282,-111.580,0,-299.65,-238.15
262,4.37103,driven,530.790,409.003,392.401,343.752,-59.782,-115.244,0,-252.37,-202.46
263,4.38772,driven,526.350,400.816,392.018,327.576,-63.271,-118.600,0,-157.26,-202.24
264,4.4044,driven,523.841,395.590,393.758,315.044,-65.442,-121.765,0,-74.36,-205.60
265,4.42108,driven,523.841,395.590,399.476,306.470,-65.442,-125.625,0,-3.70,-195.64
266,4.43777,driven,523.841,395.590,404.238,300.174,-65.442,-128.582,0,54.92,-187.33
267,4.45445,driven,525.443,398.986,410.744,297.728,-64.035,-131.438,0,114.72,-200.80
268,4.47113,driven,528.667,405.238,420.358,297.172,-61.401,-134.935,0,187.26,-183.32
269,4.48782,driven,533.607,413.648,431.711,299.516,-57.748,-138.242,0,252.89,-121.35
270,4.5045,driven,540.367,423.488,439.134,308.767,-53.276,-138.574,0,299.41,-42.53
271,4.52118,driven,550.028,435.181,449.584,319.769,-47.594,-138.967,0,329.28,43.77
272,4.53787,driven,560.091,445.220,457.553,331.663,-42.269,-137.919,0,349.72,127.16
273,4.55455,driven,572.627,455.457,463.148,348.578,-36.205,-134.311,0,372.85,242.14
274,4.57123,driven,587.224,464.917,469.335,367.392,-29.688,-129.600,0,406.54,346.16
275,4.58792,driven,603.943,473.143,475.528,389.965,-22.705,-122.932,0,429.48,466.34
276,4.6046,driven,621.991,479.402,482.296,416.998,-15.547,-114.071,0,431.66,609.16
277,4.62128,driven,640.922,483.399,491.537,450.340,-8.297,-102.478,0,405.24,737.71
278,4.63797,driven,657.518,484.902,504.536,487.218,-2.053,-89.133,0,367.18,892.98
279,4.65465,driven,672.253,484.720,525.527,528.087,3.467,-73.534,0,296.23,1037.70
280,4.67133,driven,684.734,483.448,560.385,572.591,8.167,-54.364,0,205.09,1109.77
281,4.68802,driven,690.554,482.498,601.916,607.207,10.375,-35.404,0,101.79,1211.68
282,4.7047,driven,693.931,481.841,650.727,628.614,11.663,-16.402,0,62.81,1266.04
283,4.72138,driven,696.121,481.372,716.117,633.060,12.502,7.510,0,103.03,1250.13
284,4.73807,driven,703.198,479.625,770.888,616.837,15.232,26.258,0,169.76,1132.49
285,4.75475,driven,711.776,477.017,816.592,588.474,18.590,43.241,0,237.90,951.63
286,4.77143,driven,722.559,472.932,853.374,552.282,22.909,58.760,0,289.93,838.57
287,4.78812,driven,735.392,466.790,880.334,515.787,28.239,71.323,0,344.76,701.04
288,4.8048,driven,749.386,458.280,900.823,480.090,34.375,81.804,0,380.00,563.68
289,4.82148,driven,763.061,447.744,916.056,446.440,40.844,90.488,0,397.34,450.44
290,4.83817,driven,775.555,435.636,927.428,417.103,47.363,96.957,0,383.90,360.28
291,4.85485,driven,786.295,422.594,935.727,389.747,53.692,102.397,0,345.05,298.06
292,4.87153,driven,793.800,411.375,939.892,365.922,58.749,107.282,0,289.89,270.86
293,4.88822,driven,799.315,401.479,941.693,345.466,62.992,111.475,0,202.69,266.10
294,4.9049,driven,802.683,394.432,940.208,327.382,65.917,115.991,0,104.43,259.90
295,4.92158,driven,803.288,393.059,934.932,315.090,66.480,120.637,0,36.16,270.17
296,4.93827,driven,803.288,393.059,929.191,306.124,66.480,124.625,0,-20.20,272.52
297,4.95495,driven,803.288,393.059,920.988,295.305,66.480,129.711,0,-77.90,268.67
298,4.97163,driven,800.453,399.198,910.582,292.988,63.947,133.962,0,-155.06,270.67
299,4.98832,driven,796.625,406.520,898.886,292.714,60.852,138.059,0,-220.16,246.15
300,5.005,driven,791.291,415.369,884.784,294.257,56.983,142.333,0,-252.37,200.42
301,5.02168,driven,784.132,425.466,872.196,300.351,52.346,144.860,0,-295.56,116.57
302,5.03837,driven,775.152,436.072,861.152,309.530,47.140,145.799,0,-340.21,16.59
303,5.05505,driven,763.556,447.315,850.440,321.377,41.089,145.398,0,-384.96,-80.05
304,5.07173,driven,749.177,458.422,840.876,335.946,34.281,143.178,0,-420.36,-190.08
305,5.08842,driven,732.548,468.279,833.166,353.018,27.037,138.881,0,-447.11,-324.05
306,5.1051,driven,714.210,476.175,826.997,372.793,19.555,132.509,0,-465.44,-455.67
307,5.12178,driven,693.777,481.873,821.330,397.378,11.605,123.521,0,-463.34,-583.04
308,5.13847,driven,673.541,484.636,814.420,424.952,3.951,112.960,0,-447.12,-723.34
309,5.15515,driven,654.893,484.785,805.597,458.380,-3.037,99.938,0,-420.89,-826.73
310,5.17183,driven,636.645,482.713,788.924,497.546,-9.919,84.437,0,-380.31,-970.70
311,5.18852,driven,621.087,479.147,763.450,535.198,-15.899,68.510,0,-317.20,-1087.49
312,5.2052,driven,609.775,475.444,723.002,578.345,-20.358,47.735,0,-238.27,-1231.23
313,5.22188,driven,601.566,472.125,672.190,607.849,-23.674,27.490,0,-149.31,-1361.43
314,5.23857,driven,596.373,469.731,605.287,622.471,-25.815,3.340,0,-83.12,-1405.18
315,5.25525,driven,594.920,469.018,542.740,612.846,-26.421,-19.941,0,-60.48,-1374.18
316,5.27193,driven,591.589,467.313,489.488,581.261,-27.823,-41.861,0,-94.19,-1232.08
317,5.28862,driven,586.515,464.510,452.803,538.875,-29.994,-60.919,0,-170.09,-1094.96
318,5.3053,driven,578.903,459.815,429.178,491.302,-33.343,-78.124,0,-237.02,-960.61
319,5.32198,driven,568.753,452.526,415.996,443.895,-38.024,-93.234,0,-299.83,-850.44
320,5.33867,driven,558.253,443.522,411.379,400.663,-43.206,-106.268,0,-341.33,-723.54
321,5.35535,driven,547.262,432.068,411.854,360.838,-49.153,-117.747,0,-347.01,-606.98
322,5.37203,driven,537.842,420.002,415.072,328.697,-54.888,-126.639,0,-328.67,-528.54
323,5.38872,driven,530.856,409.116,422.769,300.828,-59.733,-135.053,0,-277.63,-479.20
324,5.4054,driven,525.538,399.181,433.923,276.643,-63.954,-143.216,0,-182.97,-466.98
325,5.42208,driven,522.895,393.479,447.317,260.449,-66.308,-150.398,0,-85.93,-434.78
326,5.43877,driven,522.895,393.479,465.214,251.768,-66.308,-157.852,0,0.18,-406.69
327,5.45545,driven,522.895,393.479,480.821,246.377,-66.308,-164.038,0,62.46,-387.40
328,5.47213,driven,524.675,397.385,499.231,246.515,-64.700,-170.427,0,117.22,-357.53
329,5.48882,driven,527.859,403.736,517.666,251.076,-62.040,-176.180,0,187.19,-312.49
330,5.5055,driven,532.336,411.599,534.653,258.616,-58.651,179.132,0,235.65,-247.51
331,5.52218,driven,539.011,421.642,550.195,269.051,-54.134,175.808,0,289.05,-187.16
332,5.53887,driven,547.440,432.274,566.222,280.432,-49.051,172.949,0,335.65,-127.93
333,5.55555,driven,558.987,444.206,581.600,292.886,-42.830,171.501,0,392.90,-40.89
334,5.57223,driven,572.821,455.599,595.398,304.274,-36.115,171.514,0,453.00,61.08
335,5.58892,driven,591.795,467.421,608.565,315.343,-27.736,173.707,0,504.01,164.29
336,5.6056,driven,612.627,476.470,621.269,323.714,-19.222,176.762,0,538.65,236.64
337,5.62228,driven,636.307,482.653,632.126,329.711,-10.048,-178.434,0,545.48,283.62
338,5.63897,driven,660.397,484.978,644.277,332.829,-0.975,-173.952,0,542.01,292.64
339,5.65565,driven,684.040,483.546,654.142,333.496,7.904,-168.731,0,517.49,274.34
340,5.67233,driven,705.970,478.842,665.623,331.258,16.311,-164.710,0,490.31,266.01
341,5.68902,driven,725.835,471.502,674.007,327.548,24.248,-160.199,0,467.88,258.71
342,5.7057,driven,743.905,461.859,681.077,322.354,31.924,-155.755,0,456.57,266.39
343,5.72238,driven,760.429,449.969,687.065,315.705,39.553,-151.347,0,459.67,270.46
344,5.73907,driven,775.221,435.998,691.513,307.927,47.178,-146.831,0,465.11,288.16
345,5.75575,driven,788.368,419.703,693.838,299.399,55.025,-141.841,0,453.21,289.33
346,5.77243,driven,798.627,402.811,694.182,291.008,62.431,-136.949,0,424.67,270.52
347,5.78912,driven,805.915,386.628,693.877,282.434,69.081,-132.922,0,396.82,249.25
348,5.8058,driven,811.107,370.384,691.984,274.370,75.471,-128.869,0,376.08,242.19
349,5.82248,driven,814.373,354.256,688.763,266.900,81.636,-124.817,0,335.56,221.16
350,5.83917,driven,815.759,340.589,685.035,261.088,86.782,-121.306,0,277.17,182.59
351,5.85585,driven,815.996,330.854,682.317,256.429,90.429,-119.107,0,178.92,117.18
352,5.87253,driven,815.769,323.588,679.679,253.670,93.152,-117.192,0,88.42,58.94
353,5.88922,driven,815.769,323.588,679.679,253.670,93.152,-117.193,0,7.12,6.74
354,5.9059,driven,815.769,323.588,679.679,253.670,93.152,-117.193,0,-71.01,-52.28
355,5.92258,driven,815.959,328.475,681.508,255.455,91.320,-118.506,0,-142.31,-103.08
356,5.93927,driven,815.919,336.977,684.453,258.711,88.136,-120.767,0,-224.11,-144.10
357,5.95595,driven,815.131,348.283,687.500,263.907,83.891,-123.468,0,-274.66,-158.59
358,5.97263,driven,813.146,361.415,689.411,271.422,78.915,-126.029,0,-328.91,-191.79
359,5.98932,driven,809.336,376.662,691.536,279.029,73.028,-129.652,0,-402.20,-253.54
360,6.006,driven,802.346,395.179,693.611,287.542,65.611,-134.709,0,-480.26,-329.41
361,6.02268,driven,791.205,415.501,694.146,297.228,56.924,-140.626,0,-535.76,-386.96
362,6.03937,driven,776.307,434.813,694.018,305.827,47.780,-147.463,0,-562.01,-424.66
363,6.05605,driven,757.981,451.948,692.689,313.579,38.374,-154.739,0,-573.81,-441.57
364,6.07273,driven,736.551,466.161,689.582,320.549,28.733,-162.122,0,-567.55,-426.89
365,6.08942,driven,713.297,476.497,684.648,326.203,19.192,-169.208,0,-569.33,-430.66
366,6.1061,driven,689.878,482.621,679.292,329.987,10.118,-176.033,0,-570.36,-448.69
367,6.12278,driven,663.247,485.000,674.501,332.414,0.093,175.782,0,-570.40,-453.01
368,6.13947,driven,638.800,483.074,669.647,333.216,-9.101,168.369,0,-557.91,-444.78
369,6.15615,driven,615.148,477.324,663.570,332.189,-18.225,161.549,0,-531.93,-415.79
370,6.17283,driven,593.764,468.438,660.233,330.631,-26.906,154.250,0,-507.88,-410.92
371,6.18952,driven,574.674,456.930,656.325,327.539,-35.260,147.747,0,-479.87,-406.40
372,6.2062,driven,558.935,444.158,655.621,325.580,-42.857,140.807,0,-460.49,-407.29
373,6.22288,driven,544.799,429.147,654.920,322.928,-50.584,133.967,0,-446.25,-426.78
374,6.23957,driven,533.227,413.042,656.094,321.869,-58.016,126.577,0,-454.13,-458.55
375,6.25625,driven,523.902,395.723,658.028,322.109,-65.387,118.760,0,-455.20,-483.81
376,6.27293,driven,516.407,375.812,660.182,323.488,-73.360,109.998,0,-447.90,-534.69
377,6.28962,driven,512.136,357.476,662.097,327.131,-80.415,101.440,0,-421.79,-582.04
378,6.3063,driven,510.184,339.508,663.179,338.238,-87.187,90.476,0,-392.76,-618.81
379,6.32298,driven,510.280,322.753,661.191,347.951,-93.465,80.521,0,-369.11,-639.47
380,6.33967,driven,512.051,307.031,655.696,359.710,-99.392,69.860,0,-321.73,-629.57
381,6.35635,driven,514.564,294.908,646.532,372.326,-104.030,59.602,0,-215.38,-569.13
382,6.37303,driven,516.633,287.439,634.538,384.944,-106.933,50.410,0,-100.53,-462.16
383,6.38972,driven,516.633,287.439,623.981,396.459,-106.933,44.557,0,-1.79,-370.23
384,6.4064,driven,516.633,287.439,611.691,407.326,-106.933,38.411,0,78.81,-312.94
385,6.42308,driven,515.128,292.722,599.310,420.480,-104.876,33.382,0,146.47,-283.79
386,6.43977,driven,513.140,301.164,587.578,434.835,-101.627,29.112,0,226.67,-244.86
387,6.45645,driven,511.311,312.014,576.141,450.600,-97.506,25.070,0,285.39,-248.35
388,6.47313,driven,510.115,326.076,564.369,469.134,-92.219,20.769,0,338.40,-270.69
389,6.48982,driven,510.372,342.669,551.771,489.962,-86.001,15.699,0,387.26,-316.57
390,6.5065,driven,512.723,360.736,539.326,511.406,-79.174,10.013,0,469.39,-392.10
391,6.52318,driven,518.493,382.266,524.447,535.150,-70.820,2.230,0,560.49,-575.18
392,6.53987,driven,530.559,408.605,508.425,559.995,-59.955,-8.318,0,667.74,-788.79
393,6.55655,driven,547.690,432.561,485.199,572.218,-48.908,-24.107,0,748.03,-896.25
394,6.57323,driven,573.775,456.289,477.715,575.375,-35.674,-38.891,0,744.76,-892.61
395,6.58992,driven,602.397,472.486,481.893,566.761,-23.335,-51.962,0,679.83,-754.54
396,6.6066,driven,627.370,480.793,489.403,546.930,-13.467,-64.389,0,591.84,-578.36
397,6.62328,driven,652.013,484.605,506.983,533.344,-4.118,-71.424,0,534.61,-358.93
398,6.63997,driven,676.621,484.392,528.509,522.756,5.108,-75.478,0,513.90,-122.90
399,6.65665,driven,697.098,481.152,548.427,517.290,12.877,-76.338,0,495.37,37.66
400,6.67333,driven,718.910,474.419,571.997,517.145,21.434,-73.784,0,490.79,193.02
401,6.69002,driven,738.511,465.068,594.695,517.279,29.573,-70.047,0,488.54,340.57
402,6.7067,driven,756.210,453.330,619.978,522.971,37.533,-62.924,0,459.50,485.46
403,6.72338,driven,770.953,440.421,647.987,531.462,44.876,-53.485,0,428.37,627.55
404,6.74007,driven,783.007,426.907,679.999,540.037,51.661,-42.319,0,377.03,711.89
405,6.75675,driven,792.014,414.246,716.437,547.276,57.483,-29.602,0,304.02,798.70
406,6.77343,driven,797.882,404.221,755.223,551.154,61.834,-16.189,0,219.11,862.08
407,6.79012,driven,801.419,397.187,799.365,550.173,64.782,-0.769,0,158.59,887.52
408,6.8068,driven,803.720,392.058,840.494,540.573,66.888,13.908,0,103.06,922.92
409,6.82348,driven,805.480,387.753,879.785,521.498,68.629,29.055,0,61.90,943.81
410,6.84017,driven,805.480,387.753,915.711,493.858,68.629,46.093,0,-5.27,999.90
411,6.85685,driven,805.480,387.753,941.029,458.714,68.629,62.367,0,-81.45,1068.23
412,6.87353,driven,803.112,393.463,954.064,418.413,66.314,80.615,0,-122.42,1071.34
413,6.89022,driven,800.562,398.975,951.609,374.607,64.040,99.164,0,-129.06,1022.76
414,6.9069,driven,798.553,402.953,937.958,339.904,62.371,114.336,0,-99.51,919.53
415,6.92358,driven,796.637,406.499,915.197,309.790,60.862,129.204,0,-89.71,848.80
416,6.94027,driven,794.473,410.256,886.268,287.852,59.238,143.132,0,-91.40,805.56
417,6.95695,driven,792.343,413.727,853.917,273.664,57.713,156.269,0,-102.45,759.19
418,6.97363,driven,789.731,417.722,820.836,267.917,55.925,168.270,0,-117.23,740.26
419,6.99032,driven,786.103,422.854,783.810,269.872,53.571,-179.141,0,-147.76,729.04
420,7.007,driven,781.915,428.272,747.840,279.114,51.007,-167.131,0,-192.69,695.54
421,7.02368,driven,775.394,435.811,712.995,296.113,47.273,-155.931,0,-241.78,647.83
422,7.04037,driven,766.777,444.425,680.636,317.978,42.709,-145.736,0,-291.46,608.80
423,7.05705,driven,756.514,453.096,649.009,344.230,37.676,-135.360,0,-327.93,591.38
424,7.07373,driven,743.703,461.985,619.560,372.555,31.835,-125.768,0,-358.93,605.88
425,7.09042,driven,729.035,470.016,590.663,404.731,25.569,-115.258,0,-388.56,648.18
426,7.1071,driven,712.549,476.755,563.845,440.751,18.896,-103.610,0,-420.56,733.47
427,7.12378,driven,693.267,481.976,540.271,480.903,11.410,-90.402,0,-476.86,919.45
428,7.14047,driven,670.590,484.812,523.338,526.354,2.844,-74.245,0,-578.67,1044.38
429,7.15715,driven,642.792,483.660,520.507,575.613,-7.590,-53.058,0,-712.28,1272.07
430,7.17383,driven,609.774,475.443,522.905,601.391,-20.358,-34.595,0,-765.23,1426.88
431,7.19052,driven,578.539,459.575,562.111,611.690,-33.507,-6.164,0,-689.40,1387.09
432,7.2072,driven,558.699,443.938,596.803,592.118,-42.977,14.421,0,-517.79,1195.10
433,7.22388,driven,545.356,429.821,623.318,561.468,-50.256,30.634,0,-351.87,886.61
434,7.24057,driven,537.658,419.741,645.543,528.231,-55.007,44.840,0,-241.65,798.03
435,7.25725,driven,532.772,412.310,661.858,494.443,-58.339,57.533,0,-149.49,762.24
436,7.27393,driven,529.877,407.413,673.822,459.266,-60.469,70.190,0,-106.05,729.12
437,7.29062,driven,528.012,404.023,679.568,424.999,-61.918,82.120,0,-122.34,666.16
438,7.3073,driven,525.098,398.273,677.962,391.822,-64.332,92.417,0,-169.89,568.73
439,7.32398,driven,521.313,389.739,671.481,360.438,-67.828,101.041,0,-195.58,469.18
440,7.34067,driven,518.584,382.528,663.539,333.567,-70.716,108.663,0,-143.37,464.09
441,7.35735,driven,516.948,377.583,654.556,310.702,-72.667,115.921,0,-69.58,515.69
442,7.37403,driven,516.948,377.583,640.227,286.967,-72.667,126.318,0,-1.83,587.32
443,7.39072,driven,516.948,377.583,623.376,267.665,-72.667,135.924,0,65.55,621.04
444,7.4074,driven,518.407,382.020,602.482,254.190,-70.918,146.667,0,128.40,637.99
445,7.42408,driven,521.048,389.084,580.088,247.934,-68.093,157.301,0,190.30,695.93
446,7.44077,driven,524.675,397.386,552.099,246.863,-64.700,169.675,0,219.89,742.16
447,7.45745,driven,529.343,406.463,522.871,253.600,-60.877,-177.576,0,240.10,783.23
448,7.47413,driven,535.082,415.940,493.875,268.593,-56.727,-164.376,0,254.51,808.88
449,7.49082,driven,541.717,425.271,466.478,292.049,-52.438,-150.544,0,266.70,852.74
450,7.5075,driven,549.130,434.189,442.332,324.630,-48.095,-135.731,0,253.34,922.23
451,7.52418,driven,556.905,442.240,424.025,366.397,-43.903,-119.716,0,207.72,1026.98
452,7.54087,driven,562.211,447.111,412.294,416.548,-41.205,-101.523,0,136.43,1152.11
453,7.55755,driven,565.664,450.046,414.511,473.745,-39.508,-81.089,0,55.24,1300.59
454,7.57423,driven,566.980,451.118,435.990,530.179,-38.872,-58.886,0,15.53,1395.93
455,7.59092,driven,567.068,451.189,479.736,576.816,-38.830,-34.806,0,57.67,1365.64
456,7.6076,driven,570.818,454.113,535.811,603.054,-37.049,-13.227,0,180.52,1192.62
457,7.62428,driven,580.961,461.145,592.951,613.675,-32.426,4.495,0,335.33,967.87
458,7.64097,driven,596.291,469.692,645.018,614.725,-25.849,18.571,0,450.51,779.98
459,7.65765,driven,617.107,477.955,694.878,609.715,-17.455,30.551,0,533.77,597.94
460,7.67433,driven,640.871,483.391,737.288,602.189,-8.316,39.063,0,591.28,414.33
461,7.69102,driven,668.521,484.900,775.015,594.756,2.068,44.110,0,611.57,242.77
462,7.7077,driven,695.439,481.522,807.698,585.478,12.241,47.199,0,608.05,114.36
463,7.72438,driven,720.501,473.784,834.675,575.633,22.075,48.265,0,590.46,6.30
464,7.74107,driven,743.819,461.913,856.773,565.113,31.886,47.584,0,585.34,-86.81
465,7.75775,driven,764.476,446.506,873.802,553.542,41.548,45.606,0,567.70,-123.99
466,7.77443,driven,781.728,428.502,886.911,539.612,50.896,43.430,0,535.44,-109.38
467,7.79112,driven,794.545,410.134,897.333,523.464,59.291,42.207,0,493.48,-66.95
468,7.8078,driven,804.079,391.208,905.434,505.822,67.233,41.487,0,443.41,-9.64
469,7.82448,driven,810.217,373.667,911.867,488.018,74.197,41.635,0,391.35,42.78
470,7.84117,driven,813.723,358.298,918.381,469.903,80.103,43.160,0,330.60,101.00
471,7.85785,driven,815.435,345.136,923.845,453.100,85.075,45.118,0,247.63,171.38
472,7.87453,driven,815.953,335.797,930.602,437.112,88.578,48.533,0,138.32,249.32
473,7.89122,driven,815.999,332.511,939.069,423.411,89.809,53.550,0,56.09,313.75
474,7.9079,driven,815.999,332.511,947.414,410.864,89.809,59.195,0,-13.95,349.49
475,7.92458,driven,815.999,332.511,954.735,397.019,89.809,65.063,0,-91.61,390.11
476,7.94127,driven,815.797,339.880,961.362,386.994,87.048,72.065,0,-189.46,466.77
477,7.95795,driven,814.886,350.431,965.726,376.049,83.081,80.361,0,-265.56,517.29
478,7.97463,driven,812.828,362.992,965.824,364.113,78.313,89.580,0,-302.83,513.43
479,7.99132,driven,809.516,376.069,961.297,356.796,73.260,97.236,0,-331.48,449.40
480,8.008,driven,803.962,391.488,952.077,353.135,67.120,104.517,0,-367.25,406.27
481,8.02468,driven,796.928,405.974,940.439,352.930,61.086,110.285,0,-399.77,367.44
482,8.04137,driven,786.604,422.172,923.274,353.395,53.888,116.713,0,-424.42,267.85
483,8.05805,driven,774.476,436.796,907.281,360.825,46.769,119.772,0,-447.57,127.60
484,8.07473,driven,759.560,450.681,891.847,373.809,39.132,120.161,0,-458.43,-33.53
485,8.09142,driven,742.646,462.635,876.832,389.128,31.370,118.714,0,-485.45,-162.49
486,8.1081,driven,723.355,472.593,862.135,408.179,23.233,114.898,0,-491.77,-307.73
487,8.12478,driven,701.875,479.979,847.074,431.747,14.719,108.375,0,-490.14,-471.59
488,8.14147,driven,681.952,483.822,832.995,459.425,7.116,99.175,0,-464.12,-626.07
489,8.15815,driven,661.199,484.989,814.042,491.932,-0.674,87.399,0,-434.59,-771.24
490,8.17483,driven,643.563,483.760,790.219,527.361,-7.299,73.443,0,-392.26,-931.32
491,8.19152,driven,627.232,480.760,755.231,564.577,-13.520,56.782,0,-308.21,-1059.68
492,8.2082,driven,616.389,477.727,709.084,599.451,-17.737,37.290,0,-189.25,-1217.25
493,8.22488,driven,610.943,475.872,656.006,622.085,-19.891,17.129,0,-54.40,-1389.94
494,8.24157,driven,610.570,475.736,590.128,627.364,-20.040,-7.678,0,-12.34,-1414.59
495,8.25825,driven,610.384,475.668,530.164,605.952,-20.114,-31.622,0,-87.29,-1260.91
496,8.27493,driven,603.073,472.775,487.998,573.606,-23.059,-48.775,0,-220.47,-986.86
497,8.29162,driven,591.271,467.144,454.254,535.228,-27.958,-63.577,0,-322.83,-788.32
498,8.3083,driven,578.359,459.456,429.948,496.645,-33.587,-75.932,0,-360.95,-683.72
499,8.32498,driven,565.261,449.712,412.558,459.238,-39.704,-86.430,0,-366.80,-585.27
500,8.34167,driven,553.358,438.713,401.081,423.858,-45.776,-95.572,0,-350.39,-516.64
501,8.35835,driven,543.594,427.662,394.982,391.281,-51.300,-103.756,0,-318.48,-461.35
502,8.37503,driven,535.861,417.115,393.112,362.053,-56.199,-111.093,0,-280.85,-410.20
503,8.39172,driven,529.906,407.464,394.348,336.519,-60.447,-117.626,0,-204.11,-380.34
504,8.4084,driven,526.208,400.534,398.935,315.618,-63.389,-123.711,0,-101.98,-384.88
505,8.42508,driven,525.720,399.552,409.064,300.556,-63.799,-130.318,0,-30.66,-393.14
506,8.44177,driven,525.720,399.552,421.497,287.540,-63.799,-137.063,0,18.43,-369.90
507,8.45845,driven,525.720,399.552,433.158,277.728,-63.799,-142.772,0,68.46,-330.48
508,8.47513,driven,528.374,404.697,446.753,275.287,-61.631,-147.760,0,141.87,-311.15
509,8.49182,driven,532.385,411.679,462.984,275.325,-58.615,-153.025,0,207.74,-299.66
510,8.5085,driven,537.722,419.831,480.219,278.048,-54.966,-157.924,0,249.85,-257.91
511,8.52518,driven,545.218,429.654,496.496,284.619,-50.338,-161.431,0,296.19,-167.15
512,8.54187,driven,554.959,440.333,511.325,293.687,-44.923,-163.430,0,350.50,-59.24
513,8.55855,driven,567.064,451.186,523.297,304.579,-38.832,-163.378,0,400.45,38.37
514,8.57523,driven,583.065,462.459,535.454,317.055,-31.497,-161.869,0,449.82,136.68
515,8.59192,driven,601.318,472.016,546.123,329.318,-23.775,-158.854,0,498.19,265.42
516,8.6086,driven,622.925,479.658,554.160,342.982,-15.184,-153.292,0,530.39,412.90
517,8.62528,driven,646.964,484.157,558.644,359.223,-6.016,-144.743,0,541.08,557.10
518,8.64197,driven,670.577,484.812,561.971,377.045,2.839,-134.778,0,523.88,671.08
519,8.65865,driven,692.768,482.076,563.816,399.732,11.219,-122.561,0,492.00,772.86
520,8.67533,driven,713.348,476.479,568.660,426.736,19.212,-108.972,0,452.10,871.84
521,8.69202,driven,730.841,469.137,578.145,459.486,26.321,-93.617,0,400.04,946.22
522,8.7087,driven,745.117,461.096,595.907,494.937,32.460,-77.221,0,340.35,1028.28
523,8.72538,driven,756.415,453.172,624.282,530.308,37.629,-59.725,0,281.04,1089.16
524,8.74207,driven,764.908,446.122,665.554,562.475,41.764,-40.494,0,209.09,1162.33
525,8.75875,driven,770.589,440.782,715.440,583.498,44.684,-21.128,0,121.34,1249.49
526,8.77543,driven,773.000,438.344,774.386,591.337,45.968,0.519,0,42.14,1301.00
527,8.79212,driven,773.261,438.074,832.591,579.102,46.109,22.816,0,2.95,1308.27
528,8.8088,driven,773.401,437.927,878.815,548.818,46.185,43.549,0,15.78,1217.17
529,8.82548,driven,774.531,436.737,911.462,504.992,46.799,63.505,0,59.06,1126.56
530,8.84217,driven,777.080,433.954,928.084,458.591,48.213,80.734,0,106.52,1025.38
531,8.85885,driven,780.762,429.678,932.318,408.704,50.326,97.879,0,140.16,925.21
532,8.87553,driven,784.987,424.348,926.936,367.257,52.873,111.910,0,156.86,849.84
533,8.89222,driven,788.977,418.827,913.197,329.505,55.424,125.718,0,162.12,776.04
534,8.9089,driven,792.691,413.173,894.204,298.700,57.958,138.434,0,124.84,747.93
535,8.92558,driven,795.432,408.621,871.356,275.789,59.948,150.249,0,62.63,688.37
536,8.94227,driven,795.432,408.621,843.016,263.209,59.948,161.880,0,18.80,654.38
537,8.95895,driven,795.432,408.621,817.167,257.173,59.948,171.833,0,-19.02,627.35
538,8.97563,driven,795.408,408.662,788.355,255.825,59.930,-177.358,0,-62.12,596.83
539,8.99232,driven,792.520,413.446,760.114,263.918,57.837,-167.772,0,-134.99,565.40
540,9.009,driven,788.506,419.505,733.295,276.814,55.115,-158.847,0,-193.74,512.40
541,9.02568,driven,782.792,427.178,707.242,294.132,51.532,-150.410,0,-232.34,513.45
542,9.04237,driven,775.651,435.532,682.209,314.380,47.415,-142.358,0,-280.44,469.54
543,9.05905,driven,765.828,445.293,655.219,339.583,42.228,-133.703,0,-326.55,427.91
544,9.07573,driven,753.976,455.014,633.794,360.329,36.485,-128.233,0,-361.41,426.05
545,9.09242,driven,739.853,464.298,607.625,387.325,30.153,-120.204,0,-392.18,464.80
546,9.1091,driven,724.210,472.222,581.734,416.459,23.582,-111.375,0,-412.11,561.06
547,9.12578,driven,705.603,478.949,555.872,447.490,16.168,-101.866,0,-437.07,634.39
548,9.14247,driven,686.840,483.131,533.841,483.770,8.964,-89.761,0,-473.01,811.65
549,9.15915,driven,663.754,484.998,515.702,523.592,0.283,-75.389,0,-557.13,977.80
550,9.17583,driven,637.713,482.896,510.905,568.504,-9.513,-55.977,0,-696.90,1207.99
551,9.19252,driven,605.339,473.719,513.764,596.287,-22.140,-36.765,0,-756.04,1376.11
552,9.2092,driven,574.481,456.793,545.637,607.050,-35.349,-10.866,0,-686.62,1327.46
553,9.22588,driven,555.287,440.659,580.359,591.591,-44.749,9.432,0,-517.40,1125.56
554,9.24257,driven,542.696,426.530,606.301,565.683,-51.841,24.565,0,-345.90,860.69
555,9.25925,driven,534.620,415.233,628.950,535.694,-57.043,38.063,0,-260.72,745.21
556,9.27593,driven,529.925,407.498,647.585,505.299,-60.432,50.266,0,-238.08,671.60
557,9.29262,driven,524.502,397.017,657.595,472.483,-64.853,60.446,0,-255.96,579.56
558,9.3093,driven,519.774,385.808,663.428,438.462,-69.410,69.870,0,-263.21,530.13
559,9.32598,driven,516.410,375.822,666.121,407.373,-73.356,78.099,0,-206.68,511.04
560,9.34267,driven,514.361,368.271,667.209,375.090,-76.287,87.445,0,-118.86,572.83
561,9.35935,driven,513.652,365.230,665.656,347.797,-77.456,96.542,0,-49.58,619.97
562,9.37603,driven,513.652,365.230,658.413,315.698,-77.456,108.889,0,7.04,651.60
563,9.39272,driven,513.652,365.230,648.170,292.332,-77.456,118.454,0,68.80,696.24
564,9.4094,driven,514.870,370.294,630.601,270.217,-75.506,130.851,0,143.51,708.53
565,9.42608,driven,517.225,378.462,608.097,255.371,-72.322,143.563,0,210.47,760.47
566,9.44277,driven,520.495,387.689,583.893,248.442,-68.655,155.521,0,236.78,782.15
567,9.45945,driven,524.861,397.778,553.056,247.398,-64.537,169.381,0,253.56,825.89
568,9.47613,driven,530.149,407.892,520.201,255.216,-60.262,-176.272,0,265.23,870.53
569,9.49282,driven,536.537,418.117,488.964,272.702,-55.746,-161.884,0,270.67,896.44
570,9.5095,driven,543.522,427.572,458.947,300.073,-51.343,-146.442,0,262.65,925.90
571,9.52618,driven,550.925,436.155,434.164,337.283,-47.098,-130.258,0,230.95,1005.73
572,9.54287,driven,557.206,442.529,416.669,382.045,-43.746,-113.286,0,158.07,1143.74
573,9.55955,driven,561.375,446.374,408.501,440.170,-41.622,-92.324,0,72.10,1303.46
574,9.57623,driven,561.928,446.863,418.923,501.254,-41.346,-69.176,0,8.83,1465.89
575,9.59292,driven,562.493,447.357,454.133,555.372,-41.065,-45.091,0,17.11,1465.57
576,9.6096,driven,563.801,448.484,511.919,592.419,-40.418,-19.822,0,118.51,1311.55
577,9.62628,driven,570.536,453.899,567.416,606.867,-37.181,-1.169,0,278.72,1075.90
578,9.64297,driven,584.102,463.088,622.210,611.266,-31.043,14.423,0,428.16,834.61
579,9.65965,driven,604.084,473.202,674.684,608.939,-22.648,27.480,0,526.87,658.17
580,9.67633,driven,626.520,480.587,717.643,603.492,-13.794,36.554,0,586.04,462.43
581,9.69302,driven,653.732,484.719,757.425,597.221,-3.473,42.667,0,618.83,283.88
582,9.7097,driven,681.774,483.844,792.336,589.603,7.048,46.272,0,631.96,139.94
583,9.72638,driven,708.767,477.994,821.590,581.339,17.406,47.511,0,625.44,8.90
584,9.74307,driven,734.007,467.525,845.556,572.243,27.652,46.809,0,607.82,-86.09
585,9.75975,driven,756.933,452.771,864.636,561.441,37.875,44.744,0,579.85,-132.45
586,9.77643,driven,774.810,436.439,878.363,549.070,46.952,42.595,0,548.68,-131.16
587,9.79312,driven,789.670,417.812,889.285,533.941,55.885,40.623,0,516.23,-95.51
588,9.8098,driven,800.898,398.281,898.202,516.353,64.329,39.492,0,478.11,-38.92
589,9.82648,driven,808.307,379.903,905.467,498.094,71.754,39.422,0,413.36,34.20
590,9.84317,driven,812.662,363.783,912.368,479.834,78.010,40.668,0,343.56,108.73
591,9.85985,driven,814.843,350.782,919.472,462.415,82.949,43.145,0,242.87,188.15
592,9.87653,driven,815.709,341.435,927.316,446.090,86.465,46.841,0,123.61,271.13
593,9.89322,driven,815.814,339.550,936.454,433.650,87.172,52.046,0,44.83,331.23
594,9.9099,driven,815.814,339.550,945.936,420.030,87.172,58.263,0,-19.67,384.46
595,9.92658,driven,815.814,339.550,954.105,405.006,87.172,64.671,0,-99.45,456.96
596,9.94327,driven,815.208,347.545,961.564,392.143,84.169,73.052,0,-208.42,541.58
597,9.95995,driven,813.542,359.317,965.335,378.498,79.715,82.798,0,-282.45,562.99
598,9.97663,driven,810.676,372.011,963.565,366.197,74.840,92.177,0,-307.48,526.02
599,9.99332,driven,806.568,384.889,957.406,359.261,69.777,99.643,0,-340.17,463.75
600,10.01,driven,800.005,400.108,945.824,353.785,63.567,107.624,0,-377.87,430.68
601,10.02668,driven,791.284,415.379,931.202,353.477,56.978,113.866,0,-403.31,365.22
602,10.04337,driven,780.546,429.938,913.330,353.929,50.199,119.788,0,-418.99,244.91
603,10.06005,driven,767.591,443.668,897.205,362.372,43.126,122.097,0,-438.60,105.49
604,10.07673,driven,751.825,456.576,880.363,373.588,35.490,122.848,0,-458.12,-41.87
605,10.09342,driven,734.365,467.337,865.629,388.732,27.803,120.914,0,-478.75,-171.68
606,10.1101,driven,714.670,476.011,850.995,406.551,19.738,117.000,0,-490.12,-320.86
607,10.12678,driven,693.091,482.012,836.629,429.040,11.343,110.256,0,-494.68,-472.83
608,10.14347,driven,671.934,484.739,822.066,455.256,3.348,101.110,0,-480.21,-635.70
609,10.16015,driven,650.961,484.526,803.942,486.929,-4.513,89.100,0,-452.09,-808.49
610,10.17683,driven,632.177,481.863,779.547,522.986,-11.622,74.408,0,-399.29,-956.85
611,10.19352,driven,616.346,477.714,744.497,561.299,-17.754,56.886,0,-311.26,-1071.12
612,10.2102,driven,605.774,473.895,701.101,593.569,-21.964,38.539,0,-185.17,-1231.52
613,10.22688,driven,599.886,471.376,646.119,617.223,-24.363,17.588,0,-94.15,-1315.24
614,10.24357,driven,598.583,470.778,581.024,622.768,-24.899,-6.590,0,-78.24,-1314.17
615,10.26025,driven,593.559,468.334,526.767,605.985,-26.992,-25.884,0,-116.63,-1201.36
616,10.27693,driven,587.645,465.157,478.801,572.683,-29.506,-45.349,0,-182.17,-1059.72
617,10.29362,driven,580.329,460.742,445.097,532.306,-32.706,-62.112,0,-231.67,-954.82
618,10.3103,driven,570.424,453.814,421.446,488.668,-37.234,-76.832,0,-279.23,-813.98
619,10.32698,driven,560.252,445.366,407.261,447.050,-42.187,-89.369,0,-311.37,-708.05
620,10.34367,driven,550.585,435.788,400.147,407.903,-47.285,-100.501,0,-320.13,-619.97
621,10.36035,driven,541.158,424.539,397.555,371.746,-52.783,-110.185,0,-308.31,-547.54
622,10.37703,driven,533.737,413.855,399.753,339.982,-57.656,-118.871,0,-275.96,-489.31
623,10.39372,driven,528.325,404.607,405.439,313.459,-61.670,-126.565,0,-223.30,-449.02
624,10.4104,driven,524.329,396.648,414.134,290.506,-65.005,-133.927,0,-144.57,-426.23
625,10.42708,driven,522.312,392.133,425.740,273.463,-66.857,-140.862,0,-70.95,-422.60
626,10.44377,driven,522.312,392.133,440.849,262.624,-66.857,-147.829,0,5.65,-402.23
627,10.46045,driven,522.312,392.133,456.764,253.886,-66.857,-154.632,0,69.79,-378.73
628,10.47713,driven,524.584,397.192,472.896,253.187,-64.780,-160.255,0,134.65,-358.58
629,10.49382,driven,527.829,403.679,491.329,255.096,-62.064,-166.198,0,200.67,-322.90
630,10.5105,driven,532.872,412.473,510.218,261.159,-58.267,-171.485,0,247.00,-268.31
631,10.52718,driven,539.557,422.392,525.919,270.002,-53.786,-174.886,0,303.65,-184.80
632,10.54387,driven,548.906,433.940,542.029,281.094,-48.220,-177.424,0,355.33,-111.46
633,10.56055,driven,561.035,446.071,557.194,293.119,-41.793,-178.561,0,415.16,-18.44
634,10.57723,driven,576.177,457.979,571.521,305.050,-34.574,-178.256,0,465.45,97.41
635,10.59392,driven,595.495,469.303,582.724,316.837,-26.181,-175.212,0,510.96,202.62
636,10.6106,driven,616.885,477.885,593.341,326.707,-17.542,-171.148,0,549.38,302.39
637,10.62728,driven,641.366,483.463,603.198,335.300,-8.129,-165.554,0,569.68,403.24
638,10.64397,driven,667.217,484.942,609.372,343.298,1.579,-157.786,0,571.84,500.33
639,10.66065,driven,692.027,482.221,612.162,351.720,10.936,-148.534,0,558.53,573.12
640,10.67733,driven,715.405,475.745,614.678,360.579,20.030,-138.826,0,555.70,642.69
641,10.69402,driven,737.757,465.493,616.374,372.353,29.249,-127.500,0,536.11,709.60
642,10.7107,driven,757.660,452.202,618.739,388.092,38.221,-114.772,0,490.15,765.31
643,10.72738,driven,772.259,439.105,622.546,407.563,45.570,-101.897,0,438.70,812.77
644,10.74407,driven,784.518,424.965,631.619,430.524,52.583,-87.917,0,414.02,891.48
645,10.76075,driven,794.768,409.758,649.080,456.492,59.454,-72.215,0,407.04,988.78
646,10.77743,driven,802.840,394.078,677.591,481.951,66.062,-54.947,0,370.79,1030.21
647,10.79412,driven,808.125,380.452,715.239,502.030,71.538,-37.380,0,255.54,1062.19
648,10.8108,driven,810.835,371.417,757.789,514.927,75.071,-20.286,0,113.51,1093.15
649,10.82748,driven,810.835,371.417,808.366,524.397,75.071,-0.925,0,29.04,1102.84
650,10.84417,driven,810.835,371.417,857.169,517.233,75.071,17.628,0,-55.38,1147.59
651,10.86085,driven,810.448,372.844,900.503,496.533,74.517,36.058,0,-169.55,1197.15
652,10.87753,driven,806.391,385.367,936.072,466.557,69.586,57.950,0,-297.83,1302.06
653,10.89422,driven,800.461,399.182,950.713,428.049,63.954,79.125,0,-328.59,1293.09
654,10.9109,driven,794.350,410.462,944.499,381.066,59.148,101.077,0,-255.45,1155.56
655,10.92758,driven,789.293,418.365,924.407,346.580,55.634,117.982,0,-190.70,1012.97
656,10.94427,driven,784.913,424.446,895.410,318.619,52.827,133.763,0,-153.82,888.17
657,10.96095,driven,780.803,429.629,860.518,299.036,50.350,148.600,0,-145.91,854.87
658,10.97763,driven,776.570,434.522,823.427,288.874,47.927,162.166,0,-148.55,832.03
659,10.99432,driven,771.640,439.733,781.797,287.071,45.240,176.193,0,-159.38,814.76
660,11.011,driven,766.272,444.889,739.957,294.169,42.453,-170.096,0,-193.13,822.86
661,11.02768,driven,759.181,450.988,700.058,309.873,38.950,-157.268,0,-244.69,755.51
662,11.04437,driven,748.841,458.650,658.741,334.993,34.129,-143.922,0,-309.96,684.27
663,11.06105,driven,736.344,466.274,627.151,359.102,28.645,-134.465,0,-360.99,646.22
664,11.07773,driven,720.792,473.666,592.346,390.535,22.193,-122.911,0,-382.03,683.54
665,11.09442,driven,704.126,479.369,561.030,425.216,15.593,-110.728,0,-401.67,778.61
666,11.1111,driven,686.472,483.189,534.436,466.038,8.825,-96.436,0,-453.95,927.68
667,11.12778,driven,664.254,484.995,513.278,509.798,0.470,-80.671,0,-568.99,1084.39
668,11.14447,driven,635.971,482.594,504.744,561.260,-10.175,-59.059,0,-730.18,1324.91
669,11.16115,driven,603.054,472.767,508.839,593.319,-23.067,-38.009,0,-788.13,1494.42
670,11.17783,driven,571.089,454.317,544.272,604.948,-36.922,-10.095,0,-702.95,1424.27
671,11.19452,driven,552.442,437.763,583.085,587.663,-46.270,11.553,0,-520.30,1209.82
672,11.2112,driven,540.087,423.112,611.887,558.218,-53.452,27.988,0,-343.80,934.03
673,11.22788,driven,532.976,412.639,637.254,524.599,-58.193,42.966,0,-225.62,851.09
674,11.24457,driven,528.772,405.430,656.793,489.213,-61.319,56.797,0,-142.28,811.27
675,11.26125,driven,526.538,401.189,670.372,453.352,-63.114,70.066,0,-145.18,725.29
676,11.27793,driven,523.387,394.588,674.684,417.354,-65.853,81.443,0,-184.44,623.19
677,11.29462,driven,519.387,384.766,672.372,382.653,-69.826,90.791,0,-219.74,584.98
678,11.3113,driven,516.612,376.493,667.271,349.827,-73.094,100.037,0,-211.06,537.49
679,11.32798,driven,514.222,367.694,657.791,314.808,-76.509,110.222,0,-184.56,491.67
680,11.34467,driven,512.700,360.619,649.811,292.725,-79.219,116.344,0,-132.27,471.50
681,11.36135,driven,511.837,355.637,637.339,268.126,-81.113,124.888,0,-63.22,501.51
682,11.37803,driven,511.837,355.637,621.272,248.712,-81.113,134.335,0,-5.19,581.19
683,11.39472,driven,511.837,355.637,602.149,232.135,-81.113,143.824,0,43.75,585.52
684,11.4114,driven,512.311,358.489,579.425,220.995,-80.030,153.982,0,88.47,595.55
685,11.42808,driven,513.351,363.845,556.228,216.976,-77.987,163.725,0,145.79,621.90
686,11.44477,driven,515.075,371.078,529.616,218.770,-75.202,174.546,0,188.00,664.48
687,11.46145,driven,517.677,379.855,501.610,227.701,-71.773,-173.972,0,225.78,705.16
688,11.47813,driven,521.347,389.821,473.413,244.524,-67.795,-161.742,0,252.18,733.73
689,11.49482,driven,526.207,400.532,448.537,268.713,-63.389,-149.493,0,257.84,789.91
690,11.5115,driven,531.604,410.384,424.866,300.767,-59.182,-135.762,0,250.01,836.49
691,11.52818,driven,537.247,419.150,405.542,341.285,-55.277,-120.592,0,231.01,925.39
692,11.54487,driven,543.228,427.204,395.662,386.790,-51.520,-105.316,0,192.88,1060.31
693,11.56155,driven,548.251,433.201,395.670,444.521,-48.590,-85.757,0,142.90,1212.88
694,11.57823,driven,551.721,437.005,413.999,503.650,-46.662,-64.177,0,122.24,1351.35
695,11.59492,driven,555.795,441.161,452.961,554.449,-44.482,-42.231,0,168.69,1283.01
696,11.6116,driven,563.025,447.819,509.709,591.229,-40.801,-20.394,0,281.57,1129.14
697,11.62828,driven,574.898,457.088,560.481,609.407,-35.158,-5.407,0,391.28,934.04
698,11.64497,driven,592.608,467.845,618.333,618.667,-27.392,9.680,0,489.39,728.94
699,11.66165,driven,612.889,476.561,666.516,619.855,-19.119,20.518,0,567.38,567.01
700,11.67833,driven,639.520,483.188,710.755,618.593,-8.828,27.748,0,611.98,385.88
701,11.69502,driven,667.465,484.935,751.820,612.580,1.672,33.459,0,635.31,265.09
702,11.7117,driven,694.550,481.712,787.203,603.467,11.900,37.270,0,622.59,171.21
703,11.72838,driven,721.280,473.465,817.583,592.355,22.390,39.008,0,606.59,93.26
704,11.74507,driven,744.723,461.346,843.976,577.784,32.285,40.445,0,589.28,45.65
705,11.76175,driven,764.891,446.137,865.476,561.427,41.756,41.103,0,562.03,41.09
706,11.77843,driven,782.060,428.092,883.601,542.540,51.093,41.580,0,531.14,64.42
707,11.79512,driven,794.829,409.654,899.928,520.844,59.500,43.387,0,484.04,116.23
708,11.8118,driven,803.962,391.486,913.553,498.252,67.120,45.748,0,428.85,170.61
709,11.82848,driven,809.908,374.743,925.153,475.379,73.778,48.871,0,378.17,204.41
710,11.84517,driven,813.476,359.678,935.480,452.004,79.578,52.884,0,316.25,254.05
711,11.86185,driven,815.220,347.432,944.100,429.887,84.211,57.390,0,207.62,347.23
712,11.87853,driven,815.782,340.169,953.278,407.280,86.939,63.983,0,96.78,439.77
713,11.89522,driven,815.782,340.169,961.972,385.308,86.939,72.841,0,-0.83,548.03
714,11.9119,driven,815.782,340.169,967.166,362.344,86.939,81.667,0,-77.21,622.27
715,11.92858,driven,815.393,345.612,968.149,336.967,84.896,93.239,0,-142.66,648.33
716,11.94527,driven,814.444,353.763,962.917,316.817,81.822,103.974,0,-214.29,653.82
717,11.96195,driven,812.653,363.827,952.354,301.434,77.994,114.066,0,-251.49,609.44
718,11.97863,driven,809.672,375.546,935.807,288.949,73.464,124.471,0,-278.50,564.16
719,11.99532,driven,805.498,387.707,917.055,282.998,68.648,133.186,0,-304.18,515.88
720,12.012,driven,799.891,400.335,896.343,281.567,63.472,140.920,0,-328.83,444.12
721,12.02868,driven,792.159,414.018,872.385,283.738,57.584,148.375,0,-359.18,370.86
722,12.04537,driven,782.636,427.374,851.475,290.736,51.438,153.261,0,-389.39,267.59
723,12.06205,driven,770.378,440.991,830.322,300.222,44.573,156.934,0,-434.92,152.02
724,12.07873,driven,755.173,454.119,811.317,311.793,37.045,158.472,0,-485.25,39.35
725,12.09542,driven,735.444,466.762,792.567,324.825,28.261,158.078,0,-529.91,-99.16
726,12.1121,driven,713.623,476.383,777.890,337.535,19.321,155.162,0,-574.30,-254.90
727,12.12878,driven,688.202,482.910,765.481,350.861,9.481,149.663,0,-604.58,-414.21
728,12.14547,driven,660.559,484.981,756.144,365.513,-0.914,141.337,0,-604.23,-547.91
729,12.16215,driven,634.295,482.283,749.296,381.368,-10.814,131.267,0,-578.06,-664.25
730,12.17883,driven,611.198,475.964,744.345,400.593,-19.790,119.513,0,-546.42,-767.70
731,12.19552,driven,589.035,465.934,736.330,424.541,-28.910,105.696,0,-507.28,-864.66
732,12.2122,driven,571.102,454.326,724.093,452.620,-36.916,90.639,0,-445.33,-942.58
733,12.22888,driven,557.739,443.037,705.196,483.849,-43.470,74.529,0,-343.62,-983.12
734,12.24557,driven,548.241,433.190,677.461,515.112,-48.595,57.626,0,-250.33,-1018.50
735,12.26225,driven,542.700,426.535,642.505,542.500,-51.839,40.717,0,-200.65,-1058.92
736,12.27893,driven,538.045,420.291,596.411,561.721,-54.756,22.425,0,-146.04,-1127.59
737,12.29562,driven,533.996,414.262,543.096,566.991,-57.476,3.410,0,-88.05,-1117.03
738,12.3123,driven,533.996,414.262,490.712,561.011,-57.476,-16.434,0,-11.45,-1190.59
739,12.32898,driven,533.996,414.262,448.590,541.206,-57.476,-33.932,0,68.08,-1238.03
740,12.34567,driven,535.991,417.310,405.205,496.707,-56.111,-58.739,0,99.99,-1292.09
741,12.36235,driven,539.570,422.410,390.234,455.695,-53.778,-77.435,0,93.25,-1248.04
742,12.37903,driven,540.966,424.286,389.757,400.942,-52.902,-98.776,0,44.72,-1083.68
743,12.39572,driven,540.966,424.286,402.504,359.192,-52.902,-115.179,0,-9.24,-1007.24
744,12.4124,driven,540.966,424.286,425.437,323.976,-52.902,-130.967,0,-39.54,-913.04
745,12.42908,driven,539.317,422.064,454.554,294.691,-53.938,-146.357,0,-47.29,-891.40
746,12.44577,driven,537.928,420.125,488.266,275.409,-54.832,-161.059,0,-40.82,-874.58
747,12.46245,driven,537.928,420.125,524.233,267.739,-54.832,-174.865,0,-3.81,-845.55
748,12.47913,driven,537.928,420.125,563.356,269.253,-54.832,170.433,0,54.63,-802.01
749,12.49582,driven,540.268,423.355,596.845,281.200,-53.338,158.298,0,124.57,-699.64
750,12.5125,driven,545.202,429.635,628.807,301.498,-50.347,146.877,0,198.76,-629.60
751,12.52918,driven,551.509,436.779,654.743,323.856,-46.778,137.566,0,244.64,-642.14
752,12.54587,driven,560.069,445.200,684.403,356.036,-42.280,125.645,0,283.86,-661.55
753,12.56255,driven,570.314,453.730,709.681,390.598,-37.286,114.370,0,326.23,-685.86
754,12.57923,driven,583.237,462.564,732.093,427.195,-31.421,103.366,0,365.66,-682.41
755,12.59592,driven,598.556,470.766,751.532,468.014,-24.910,91.031,0,415.96,-777.47
756,12.6126,driven,617.119,477.959,766.471,511.170,-17.450,77.463,0,494.91,-943.49
757,12.62928,driven,640.660,483.360,772.736,560.592,-8.396,59.683,0,626.58,-1103.99
758,12.64597,driven,671.173,484.782,768.190,603.089,3.062,39.353,0,766.16,-1382.98
759,12.66265,driven,706.990,478.540,751.829,624.822,16.709,17.042,0,786.64,-1471.01
760,12.67933,driven,738.779,464.916,708.262,614.841,29.689,-11.505,0,667.70,-1327.87
761,12.69602,driven,758.145,451.819,686.082,586.785,38.452,-28.099,0,470.48,-1038.03
762,12.7127,driven,771.423,439.952,667.275,552.033,45.125,-42.899,0,320.94,-783.60
763,12.72938,driven,779.265,431.456,652.253,516.760,49.456,-56.114,0,246.46,-753.67
764,12.74607,driven,786.140,422.805,644.402,480.419,53.595,-67.879,0,228.72,-673.76
765,12.76275,driven,791.613,414.871,641.535,444.629,57.205,-78.785,0,254.15,-594.70
766,12.77943,driven,798.143,403.731,645.264,409.804,62.042,-87.725,0,277.73,-494.97
767,12.79612,driven,803.525,392.513,651.269,377.441,66.702,-95.653,0,289.43,-446.63
768,12.8128,driven,807.973,380.908,658.322,349.070,71.358,-102.010,0,262.68,-407.85
769,12.82948,driven,811.144,370.240,667.334,318.013,75.526,-109.959,0,227.89,-374.51
770,12.84617,driven,813.009,362.106,674.507,297.096,78.652,-115.145,0,151.10,-403.05
771,12.86285,driven,814.060,356.287,684.427,275.020,80.866,-122.083,0,68.47,-455.93
772,12.87953,driven,814.060,356.287,699.100,255.326,80.866,-131.290,0,13.93,-524.43
773,12.89622,driven,814.060,356.287,715.263,239.461,80.866,-139.780,0,-30.96,-520.19
774,12.9129,driven,813.847,357.580,733.406,227.432,80.376,-148.281,0,-82.29,-530.01
775,12.92958,driven,812.720,363.511,753.749,222.333,78.114,-157.330,0,-158.79,-585.41
776,12.94627,driven,810.713,371.871,778.625,222.274,74.894,-167.894,0,-210.13,-624.94
777,12.96295,driven,807.791,381.442,803.952,228.490,71.146,-178.562,0,-239.83,-650.75
778,12.97963,driven,803.993,391.413,828.604,240.405,67.150,170.743,0,-262.97,-671.09
779,12.99632,driven,798.544,402.970,853.733,260.271,62.364,158.856,0,-277.33,-731.49
780,13.013,driven,792.490,413.494,877.384,286.207,57.816,146.299,0,-283.83,-807.27
781,13.02968,driven,785.504,423.661,899.469,321.578,53.195,131.852,0,-275.83,-890.46
782,13.04637,driven,777.776,433.170,914.807,365.115,48.605,116.411,0,-253.57,-959.70
783,13.06305,driven,770.666,440.706,921.775,416.722,44.725,99.019,0,-202.99,-1154.52
784,13.07973,driven,765.078,445.970,915.683,472.934,41.849,79.849,0,-136.67,-1360.28
785,13.09642,driven,761.050,449.453,883.701,540.918,39.855,53.287,0,-108.18,-1424.27
786,13.1131,driven,757.537,452.299,836.858,583.131,38.162,31.227,0,-154.67,-1309.05
787,13.12978,driven,750.022,457.842,781.202,607.631,34.664,11.759,0,-269.71,-1095.00
788,13.14647,driven,736.975,465.928,722.584,618.250,28.914,-5.397,0,-400.82,-944.87
789,13.16315,driven,718.327,474.646,666.080,618.449,21.199,-19.968,0,-509.60,-749.79
790,13.17983,driven,695.287,481.554,617.434,613.266,12.183,-30.587,0,-584.67,-552.93
791,13.19652,driven,667.860,484.923,573.495,605.357,1.820,-38.080,0,-624.03,-384.48
792,13.2132,driven,640.103,483.277,534.379,593.873,-8.607,-43.710,0,-630.00,-258.73
793,13.22988,driven,613.220,476.675,501.273,580.968,-18.987,-47.027,0,-614.03,-159.92
794,13.24657,driven,588.701,465.749,473.334,566.244,-29.053,-48.941,0,-599.46,-77.25
795,13.26325,driven,566.987,451.124,449.750,549.432,-38.869,-50.019,0,-577.31,-36.33
796,13.27993,driven,548.732,433.744,431.216,531.718,-48.318,-50.182,0,-541.71,-26.77
797,13.29662,driven,534.683,415.330,415.917,511.785,-57.000,-50.918,0,-501.88,-39.31
798,13.3133,driven,524.491,396.994,404.107,491.422,-64.862,-51.890,0,-459.95,-73.48
799,13.32998,driven,517.208,378.409,394.594,469.923,-72.342,-53.264,0,-416.65,-119.02
800,13.34667,driven,512.956,361.931,386.390,447.896,-78.719,-55.815,0,-362.79,-157.09
801,13.36335,driven,510.832,347.935,379.248,426.003,-84.022,-59.319,0,-245.25,-256.34
802,13.38003,driven,510.141,338.569,373.366,407.136,-87.539,-63.375,0,-111.96,-369.51
803,13.39672,driven,510.141,338.569,364.759,386.245,-87.539,-71.844,0,-22.76,-447.94
804,13.4134,driven,510.141,338.569,359.738,366.637,-87.539,-79.429,0,45.27,-524.12
805,13.43008,driven,510.198,339.784,357.332,346.191,-87.084,-87.600,0,112.34,-558.78
806,13.44677,driven,510.925,348.803,359.680,325.702,-83.695,-98.684,0,204.86,-616.27
807,13.46345,driven,512.435,359.186,367.130,311.273,-79.765,-108.250,0,271.60,-609.69
808,13.48013,driven,515.080,371.100,380.303,298.684,-75.193,-118.249,0,295.97,-536.79
809,13.49682,driven,519.423,384.865,396.853,293.292,-69.786,-126.764,0,323.97,-487.25
810,13.5135,driven,525.093,398.263,414.653,292.376,-64.336,-133.794,0,348.54,-417.26
811,13.53018,driven,532.732,412.245,435.982,293.719,-58.367,-140.776,0,370.57,-348.49
812,13.54687,driven,542.758,426.609,456.381,300.324,-51.804,-145.628,0,397.76,-254.85
813,13.56355,driven,554.769,440.143,475.626,309.203,-45.023,-148.850,0,429.46,-136.63
814,13.58023,driven,569.771,453.315,493.564,320.645,-37.542,-150.126,0,483.83,-4.38
815,13.59692,driven,588.818,465.813,510.240,334.533,-29.003,-149.097,0,539.86,149.65
816,13.6136,driven,612.276,476.347,524.273,351.189,-19.362,-144.888,0,581.01,322.81
817,13.63028,driven,637.030,482.780,535.322,368.480,-9.773,-138.336,0,602.85,503.94
818,13.64697,driven,663.883,484.997,543.963,389.980,0.331,-128.391,0,582.66,659.71
819,13.66365,driven,689.582,482.673,552.025,415.689,10.005,-115.964,0,541.12,801.44
820,13.68033,driven,710.258,477.519,560.608,445.676,17.991,-102.012,0,465.82,917.90
821,13.69702,driven,729.040,470.013,576.495,481.793,25.571,-85.584,0,402.70,1013.64
822,13.7137,driven,742.823,462.527,601.149,520.300,31.447,-67.815,0,349.38,1107.71
823,13.73038,driven,755.136,454.147,639.425,554.247,37.027,-49.137,0,286.27,1176.46
824,13.74707,driven,763.697,447.192,690.961,581.797,41.159,-28.385,0,210.09,1260.45
825,13.76375,driven,769.303,442.039,749.893,593.803,44.011,-7.289,0,109.36,1319.14
826,13.78043,driven,771.297,440.078,812.462,587.436,45.058,15.608,0,40.07,1377.69
827,13.79712,driven,771.741,439.631,865.895,560.229,45.294,37.980,0,22.36,1368.04
828,13.8138,driven,773.074,438.267,907.458,511.410,46.008,61.441,0,59.78,1276.48
829,13.83048,driven,775.841,435.325,926.762,460.460,47.521,80.545,0,126.56,1130.96
830,13.84717,driven,780.343,430.181,931.638,407.405,50.081,98.561,0,185.19,974.09
831,13.86385,driven,786.398,422.455,926.525,361.027,53.757,113.671,0,219.07,893.66
832,13.88053,driven,791.879,414.458,912.609,320.473,57.388,127.900,0,232.10,823.00
833,13.89722,driven,796.828,406.155,891.866,286.252,61.009,141.599,0,211.91,782.28
834,13.9139,driven,801.089,397.882,868.202,260.386,64.494,153.983,0,146.69,718.95
835,13.93058,driven,802.977,393.769,840.730,245.500,66.189,165.715,0,68.43,675.93
836,13.94727,driven,802.977,393.769,812.689,241.078,66.189,176.360,0,-4.97,649.04
837,13.96395,driven,802.977,393.769,783.088,242.068,66.189,-172.531,0,-59.69,624.31
838,13.98063,driven,801.162,397.729,755.295,251.766,64.558,-162.555,0,-107.92,606.92
839,13.99732,driven,798.283,403.468,728.096,267.516,62.153,-152.695,0,-164.97,570.60
840,14.014,driven,794.567,410.097,702.597,287.824,59.307,-143.050,0,-209.74,565.55
841,14.03068,driven,788.651,419.297,679.216,312.372,55.210,-134.335,0,-261.69,529.63
842,14.04737,driven,780.938,429.465,655.475,341.898,50.429,-124.913,0,-313.14,494.74
843,14.06405,driven,771.054,440.321,635.397,369.565,44.929,-117.546,0,-349.88,497.80
844,14.08073,driven,758.656,451.410,613.894,401.885,38.697,-108.887,0,-382.67,535.38
845,14.09742,driven,744.329,461.594,593.179,437.874,32.111,-98.918,0,-417.94,613.92
846,14.1141,driven,727.368,470.801,574.456,476.009,24.879,-88.049,0,-446.55,717.06
847,14.13078,driven,707.017,478.531,559.061,517.492,16.720,-75.248,0,-510.77,886.63
848,14.14747,driven,684.140,483.533,553.747,563.575,7.942,-58.456,0,-647.19,1079.52
849,14.16415,driven,652.347,484.629,556.977,604.267,-3.992,-38.560,0,-777.03,1333.84
850,14.18083,driven,614.917,477.248,571.586,623.984,-18.317,-16.452,0,-787.96,1408.04
851,14.19752,driven,585.598,463.977,611.102,614.836,-30.391,9.596,0,-655.69,1268.57
852,14.2142,driven,565.965,450.293,633.590,587.537,-39.362,26.231,0,-479.76,995.16
853,14.23088,driven,552.219,437.530,651.780,553.705,-46.391,40.596,0,-341.37,764.81
854,14.24757,driven,543.449,427.481,665.258,520.065,-51.387,52.763,0,-272.78,687.42
855,14.26425,driven,537.328,419.268,674.634,486.766,-55.224,63.822,0,-270.52,589.47
856,14.28093,driven,529.936,407.518,675.865,453.495,-60.424,72.512,0,-295.04,500.98
857,14.29762,driven,523.551,394.951,674.424,420.375,-65.704,80.435,0,-310.95,428.08
858,14.3143,driven,518.939,383.530,671.729,391.540,-70.318,86.999,0,-292.88,357.67
859,14.33098,driven,515.007,370.820,667.805,362.973,-75.302,92.940,0,-267.09,330.26
860,14.34767,driven,512.706,360.650,664.275,339.771,-79.208,97.843,0,-187.82,387.96
861,14.36435,driven,511.574,353.888,658.940,312.752,-81.775,105.597,0,-87.46,480.35
862,14.38103,driven,511.574,353.888,650.653,290.123,-81.775,114.630,0,-3.64,552.34
863,14.39772,driven,511.574,353.888,638.672,268.711,-81.775,123.828,0,66.87,581.39
864,14.4144,driven,512.284,358.337,623.180,252.928,-80.088,133.547,0,125.04,596.93
865,14.43108,driven,513.751,365.669,603.231,241.564,-77.287,144.208,0,189.76,622.22
866,14.44777,driven,516.025,374.512,582.561,236.737,-73.868,154.222,0,230.71,658.66
867,14.46445,driven,519.454,384.949,556.854,236.590,-69.753,165.851,0,266.06,708.14
868,14.48113,driven,524.311,396.609,529.026,243.681,-65.021,178.234,0,285.28,757.73
869,14.49782,driven,530.355,408.252,500.808,258.132,-60.107,-168.865,0,302.33,787.71
870,14.5145,driven,537.248,419.151,473.880,279.890,-55.277,-155.533,0,311.39,845.51
871,14.53118,driven,546.236,430.869,449.719,312.153,-49.744,-140.889,0,309.03,882.48
872,14.54787,driven,554.799,440.174,429.343,352.597,-45.007,-124.918,0,265.74,993.94
873,14.56455,driven,562.674,447.515,417.846,398.180,-40.975,-108.811,0,188.89,1135.42
874,14.58123,driven,567.288,451.366,414.531,459.987,-38.724,-86.770,0,103.09,1302.70
875,14.59792,driven,570.175,453.625,431.754,518.805,-37.351,-64.785,0,38.78,1456.75
876,14.6146,driven,570.792,454.093,472.190,571.083,-37.061,-40.125,0,50.18,1449.57
877,14.63128,driven,573.744,456.267,532.897,603.714,-35.688,-15.484,0,146.82,1341.72
878,14.64797,driven,582.079,461.849,592.614,614.486,-31.931,3.949,0,304.12,1099.75
879,14.66465,driven,597.154,470.106,650.705,613.428,-25.491,20.488,0,437.90,851.48
880,14.68133,driven,617.931,478.211,700.743,606.863,-17.132,32.769,0,540.80,648.78
881,14.69802,driven,642.024,483.555,744.253,597.389,-7.880,41.926,0,610.53,446.61
882,14.7147,driven,670.946,484.794,784.664,587.152,2.977,48.009,0,642.65,277.73
883,14.73138,driven,699.304,480.631,818.643,576.375,13.726,51.260,0,632.33,133.75
884,14.74807,driven,724.908,471.916,846.310,565.031,23.868,52.512,0,597.61,18.98
885,14.76475,driven,747.552,459.514,868.380,553.375,33.548,52.159,0,584.28,-76.81
886,14.78143,driven,767.925,443.354,885.560,541.186,43.297,50.251,0,584.31,-146.25
887,14.79812,driven,785.174,424.100,897.975,527.469,52.990,47.498,0,564.37,-147.22
888,14.8148,driven,798.268,403.495,906.958,511.177,62.142,45.267,0,509.58,-88.58
889,14.83148,driven,806.686,384.568,914.590,493.038,69.905,44.850,0,436.05,-11.91
890,14.84817,driven,811.739,367.859,920.379,475.591,76.445,45.241,0,362.36,61.49
891,14.86485,driven,814.410,354.003,926.025,458.651,81.731,46.845,0,244.43,170.41
892,14.88153,driven,815.468,344.748,933.474,442.132,85.221,50.469,0,111.29,290.37
893,14.89822,driven,815.468,344.748,943.568,428.410,85.221,56.852,0,17.31,369.21
894,14.9149,driven,815.468,344.748,951.844,414.106,85.221,63.043,0,-43.56,413.04
895,14.93158,driven,815.313,346.482,959.057,398.889,84.569,69.969,0,-101.28,458.40
896,14.94827,driven,814.429,353.872,964.235,384.971,81.781,78.272,0,-195.22,505.11
897,14.96495,driven,812.578,364.178,965.393,371.696,77.859,87.183,0,-262.66,535.32
898,14.98163,driven,809.378,376.525,961.697,362.105,73.082,95.408,0,-306.09,506.03
899,14.99832,driven,804.720,389.657,952.984,351.883,67.862,104.293,0,-345.56,445.62
900,15.015,driven,797.574,404.793,940.912,351.282,61.591,110.472,0,-376.60,398.36
901,15.03168,driven,788.646,419.305,925.622,351.140,55.207,116.457,0,-393.61,323.77
902,15.04837,driven,777.633,433.332,907.388,352.261,48.524,121.997,0,-410.24,233.77
903,15.06505,driven,764.699,446.308,891.370,360.497,41.659,124.115,0,-429.59,82.90
904,15.08173,driven,748.635,458.789,875.030,372.572,34.036,124.299,0,-451.55,-72.93
905,15.09842,driven,731.527,468.795,861.381,387.881,26.609,121.928,0,-476.54,-201.40
906,15.1151,driven,711.245,477.194,847.126,406.871,18.380,117.363,0,-492.81,-344.83
907,15.13178,driven,689.571,482.675,832.871,429.064,10.001,110.512,0,-500.57,-500.63
908,15.14847,driven,668.033,484.917,818.341,456.346,1.885,100.763,0,-479.57,-656.96
909,15.16515,driven,647.318,484.194,800.244,488.937,-5.883,88.224,0,-442.79,-835.04
910,15.18183,driven,629.198,481.219,775.929,524.566,-12.764,73.542,0,-379.92,-982.55
911,15.19852,driven,614.482,477.103,740.168,564.350,-18.488,55.233,0,-292.27,-1077.74
912,15.2152,driven,604.692,473.454,696.329,595.975,-22.402,36.794,0,-162.34,-1246.28
913,15.23188,driven,599.289,471.104,642.610,617.843,-24.608,16.448,0,-84.09,-1308.05
914,15.24857,driven,599.046,470.992,575.655,622.194,-24.708,-8.794,0,-79.93,-1298.24
915,15.26525,driven,592.647,467.866,523.992,604.597,-27.376,-26.662,0,-128.21,-1185.14
916,15.28193,driven,586.857,464.708,476.552,570.735,-29.846,-46.133,0,-191.43,-1032.41
917,15.29862,driven,579.259,460.049,443.024,529.684,-33.184,-62.927,0,-228.35,-946.86
918,15.3153,driven,569.713,453.271,420.669,487.836,-37.569,-76.943,0,-277.17,-791.45
919,15.33198,driven,559.610,444.781,406.617,446.248,-42.512,-89.451,0,-308.42,-699.73
920,15.34867,driven,550.132,435.295,399.614,407.852,-47.536,-100.333,0,-311.40,-621.61
921,15.36535,driven,540.992,424.320,397.621,370.899,-52.886,-110.436,0,-287.41,-549.04
922,15.38203,driven,534.397,414.887,400.312,341.197,-57.197,-118.792,0,-257.90,-499.75
923,15.39872,driven,529.424,406.609,407.128,314.671,-60.814,-126.935,0,-181.52,-474.83
924,15.4154,driven,525.644,399.396,417.197,291.469,-63.864,-134.862,0,-95.34,-474.05
925,15.43208,driven,525.644,399.396,432.762,277.815,-63.864,-142.622,0,-17.10,-446.70
926,15.44877,driven,525.644,399.396,449.142,266.895,-63.864,-149.999,0,45.93,-412.06
927,15.46545,driven,526.658,401.425,465.062,261.371,-63.015,-156.260,0,92.16,-388.66
928,15.48213,driven,529.662,407.033,484.060,260.987,-60.633,-162.659,0,159.51,-371.38
929,15.49882,driven,533.946,414.183,504.267,264.089,-57.511,-168.815,0,217.15,-330.34
930,15.5155,driven,539.842,422.780,523.187,270.690,-53.606,-173.750,0,264.56,-258.76
931,15.53218,driven,548.251,433.201,540.501,280.397,-48.590,-177.097,0,321.89,-176.19
932,15.54887,driven,558.857,444.086,557.737,291.090,-42.896,-179.581,0,376.77,-87.89
933,15.56555,driven,573.011,455.737,573.520,302.738,-36.027,179.809,0,436.28,14.95
934,15.58223,driven,590.068,466.499,587.432,313.522,-28.469,-179.013,0,481.47,111.42
935,15.59892,driven,611.112,475.933,600.990,323.268,-19.824,-176.207,0,518.86,211.78
936,15.6156,driven,632.963,482.023,612.726,330.367,-11.322,-172.399,0,552.23,309.39
937,15.63228,driven,658.444,484.932,621.452,336.471,-1.706,-166.009,0,558.90,374.44
938,15.64897,driven,683.496,483.621,629.707,340.388,7.699,-159.417,0,550.60,412.65
939,15.66565,driven,706.137,478.793,636.058,342.786,16.376,-152.740,0,522.89,435.54
940,15.68233,driven,727.998,470.507,639.937,345.390,25.139,-144.861,0,523.02,497.59
941,15.69902,driven,747.865,459.307,641.969,348.875,33.688,-136.201,0,513.37,540.40
942,15.7157,driven,766.451,444.725,643.397,353.803,42.543,-126.460,0,491.38,570.96
943,15.73238,driven,780.413,430.097,644.220,360.381,50.122,-117.108,0,489.27,643.43
944,15.74907,driven,793.131,412.467,645.796,371.218,58.269,-105.640,0,479.97,733.67
945,15.76575,driven,803.536,392.485,650.634,387.022,66.713,-92.046,0,465.88,814.10
946,15.78243,driven,809.845,374.960,659.952,405.637,73.693,-78.434,0,430.84,854.60
947,15.79912,driven,813.941,357.019,676.375,423.986,80.589,-64.043,0,396.12,900.24
948,15.8158,driven,815.788,340.058,700.895,441.096,86.981,-48.671,0,337.11,917.03
949,15.83248,driven,815.922,327.117,732.442,455.336,91.829,-33.067,0,206.95,875.78
950,15.84917,driven,815.607,321.042,764.391,465.215,94.107,-19.557,0,90.15,817.89
951,15.86585,driven,815.607,321.042,798.859,473.123,94.107,-6.284,0,-7.08,777.05
952,15.88253,driven,815.607,321.042,833.976,472.936,94.107,6.895,0,-97.68,757.08
953,15.89922,driven,815.973,329.139,867.104,473.342,91.072,19.523,0,-236.67,798.50
954,15.9159,driven,815.633,342.595,898.428,471.257,86.029,32.762,0,-416.31,901.52
955,15.93258,driven,812.595,364.098,929.206,463.148,77.890,49.655,0,-503.88,994.75
956,15.94927,driven,805.491,387.725,945.732,448.892,68.641,66.435,0,-509.41,1007.92
957,15.96595,driven,797.254,405.381,948.851,426.052,61.340,82.235,0,-451.85,895.54
958,15.98263,driven,786.763,421.953,938.750,404.373,53.990,96.598,0,-413.14,763.73
959,15.99932,driven,775.251,435.965,921.370,390.595,47.195,107.250,0,-413.16,599.00
960,16.016,driven,761.866,448.767,898.692,380.300,40.255,116.583,0,-421.41,442.97
961,16.03268,driven,746.521,460.192,875.693,378.193,33.086,122.408,0,-442.83,336.81
962,16.04937,driven,728.443,470.298,850.598,378.172,25.324,127.022,0,-473.38,218.58
963,16.06605,driven,708.644,478.033,825.475,379.242,17.357,130.217,0,-511.70,76.56
964,16.08273,driven,685.255,483.373,802.950,385.614,8.364,129.713,0,-542.52,-108.19
965,16.09942,driven,660.462,484.979,784.147,394.917,-0.950,126.061,0,-569.93,-290.84
966,16.1161,driven,635.523,482.512,767.791,405.610,-10.346,120.174,0,-577.21,-451.81
967,16.13278,driven,610.284,475.631,752.864,420.136,-20.154,111.267,0,-570.57,-610.47
968,16.14947,driven,588.012,465.363,738.811,439.507,-29.348,99.730,0,-536.08,-756.89
969,16.16615,driven,569.140,452.828,721.809,462.896,-37.840,86.227,0,-472.27,-861.02
970,16.18283,driven,554.692,440.066,699.478,489.522,-45.064,71.141,0,-401.25,-924.99
971,16.19952,driven,544.291,428.526,670.126,515.558,-50.884,55.331,0,-293.25,-972.08
972,16.2162,driven,537.467,419.467,633.670,538.437,-55.133,38.960,0,-159.41,-1011.35
973,16.23288,driven,535.553,416.655,591.556,559.037,-56.406,21.471,0,-47.05,-1088.82
974,16.24957,driven,535.553,416.655,544.643,569.384,-56.406,3.406,0,6.72,-1111.09
975,16.26625,driven,535.440,416.484,493.028,563.488,-56.483,-16.093,0,8.51,-1063.66
976,16.28293,driven,535.440,416.484,454.186,546.125,-56.483,-32.078,0,-4.45,-972.57
977,16.29962,driven,535.440,416.484,422.172,519.339,-56.483,-47.758,0,-21.68,-889.03
978,16.3163,driven,534.399,414.890,399.061,486.253,-57.196,-62.198,0,-41.20,-846.24
979,16.33298,driven,533.302,413.163,384.859,450.225,-57.962,-75.982,0,-48.08,-788.62
980,16.34967,driven,532.340,411.605,379.390,415.527,-58.648,-88.531,0,-32.43,-746.44
981,16.36635,driven,531.711,410.564,381.393,382.044,-59.103,-100.743,0,-14.98,-702.99
982,16.38303,driven,531.711,410.564,390.043,352.781,-59.103,-112.189,0,-5.26,-658.20
983,16.39972,driven,531.711,410.564,402.911,327.984,-59.103,-122.666,0,6.08,-605.76
984,16.4164,driven,531.841,410.781,418.909,307.557,-59.009,-132.428,0,31.12,-576.49
985,16.43308,driven,533.170,412.951,438.362,292.866,-58.056,-141.709,0,74.46,-547.08
986,16.44977,driven,535.604,416.730,461.218,283.030,-56.373,-150.910,0,122.04,-510.89
987,16.46645,driven,539.260,421.986,483.746,279.412,-53.975,-158.725,0,168.34,-468.77
988,16.48313,driven,544.497,428.779,508.016,280.191,-50.762,-166.205,0,226.88,-411.07
989,16.49982,driven,551.934,437.230,532.711,285.443,-46.545,-172.782,0,275.23,-358.93
990,16.5165,driven,561.972,446.902,556.149,294.013,-41.324,-177.819,0,321.84,-277.25
991,16.53318,driven,573.101,455.803,578.917,302.913,-35.985,177.822,0,363.50,-196.71
992,16.54987,driven,588.149,465.441,599.825,312.887,-29.289,175.624,0,408.61,-118.61
993,16.56655,driven,605.114,473.627,620.742,321.427,-22.231,174.137,0,453.73,-9.12
994,16.58323,driven,624.852,480.168,640.168,327.936,-14.438,174.255,0,465.63,31.93
995,16.59992,driven,645.746,484.024,656.345,331.392,-6.475,176.027,0,470.12,23.72
996,16.6166,driven,665.696,484.976,679.437,332.595,1.010,174.847,0,461.26,-25.91
997,16.63328,driven,686.576,483.173,701.671,330.919,8.864,174.338,0,455.78,-62.14
998,16.64997,driven,705.977,478.840,723.922,326.896,16.314,173.264,0,449.50,-77.69
999,16.66665,driven,724.575,472.063,746.883,320.698,23.732,171.616,0,433.32,-138.19
1000,16.68333,driven,741.390,463.393,771.837,313.453,30.820,168.521,0,417.24,-210.54
1001,16.70002,driven,756.405,453.180,797.476,305.795,37.625,164.429,0,393.94,-304.55
1002,16.7167,driven,769.382,441.963,825.288,299.543,44.052,158.568,0,381.52,-405.79
1003,16.73338,driven,780.629,429.839,855.131,296.204,50.248,150.860,0,370.01,-479.51
1004,16.75007,driven,790.856,416.034,885.053,295.469,56.685,142.000,0,386.20,-563.85
1005,16.76675,driven,799.187,401.728,911.801,298.155,62.888,132.605,0,408.25,-670.28
1006,16.78343,driven,807.105,383.407,940.218,307.975,70.367,119.539,0,422.97,-813.03
1007,16.80012,driven,812.257,365.634,959.925,325.593,77.301,105.172,0,450.64,-970.83
1008,16.8168,driven,815.298,346.635,968.229,351.239,84.511,88.276,0,442.47,-1038.40
1009,16.83348,driven,815.890,326.191,959.900,377.864,92.176,70.261,0,368.05,-982.41
1010,16.85017,driven,814.837,313.172,940.477,400.486,97.069,55.202,0,208.70,-841.32
1011,16.86685,driven,814.164,308.372,918.570,420.213,98.884,43.031,0,73.04,-734.91
1012,16.88353,driven,814.164,308.372,892.503,439.795,98.884,30.798,0,-15.54,-698.20
1013,16.90022,driven,814.164,308.372,864.184,452.964,98.884,19.082,0,-103.64,-672.45
1014,16.9169,driven,815.225,316.617,837.808,467.942,95.770,8.488,0,-213.81,-633.04
1015,16.93358,driven,815.967,328.824,811.310,481.753,91.189,-1.744,0,-325.85,-593.24
1016,16.95027,driven,815.469,344.734,784.977,494.664,85.226,-11.496,0,-406.82,-545.27
1017,16.96695,driven,812.575,364.193,760.930,508.213,77.854,-19.728,0,-471.68,-462.36
1018,16.98363,driven,806.120,386.088,737.289,522.731,69.297,-26.736,0,-514.87,-350.01
1019,17.00032,driven,796.601,406.564,716.833,537.125,60.834,-31.423,0,-540.87,-219.41
1020,17.017,driven,782.658,427.346,697.684,554.580,51.451,-33.737,0,-563.72,-56.93
1021,17.03368,driven,765.038,446.006,680.734,573.684,41.829,-33.436,0,-589.46,112.45
1022,17.05037,driven,743.633,462.028,667.643,594.823,31.804,-29.780,0,-619.40,305.58
1023,17.06705,driven,718.509,474.576,657.675,614.962,21.272,-23.428,0,-670.93,507.13
1024,17.08373,driven,688.622,482.839,653.059,631.649,9.640,-13.441,0,-708.06,661.15
1025,17.10042,driven,656.723,484.871,652.419,637.811,-2.351,-1.612,0,-687.91,688.57
1026,17.1171,driven,627.698,480.872,652.591,631.833,-13.340,9.364,0,-612.01,566.56
1027,17.13378,driven,604.080,473.200,648.736,619.539,-22.650,16.970,0,-541.10,387.76
1028,17.15047,driven,583.950,462.997,640.804,605.041,-31.109,21.814,0,-494.82,228.13
1029,17.16715,driven,565.863,450.209,629.750,589.232,-39.411,24.681,0,-461.98,97.73
1030,17.18383,driven,551.674,436.955,617.226,575.200,-46.687,25.369,0,-431.01,-22.49
1031,17.20052,driven,539.924,422.891,601.843,562.802,-53.554,23.872,0,-401.44,-127.99
1032,17.2172,driven,530.153,407.899,585.193,550.656,-60.260,21.084,0,-387.22,-216.64
1033,17.23388,driven,522.835,393.341,567.341,539.725,-66.364,16.911,0,-359.12,-293.99
1034,17.25057,driven,517.263,378.579,547.263,528.609,-72.276,11.308,0,-320.85,-357.37
1035,17.26725,driven,513.844,366.080,526.909,518.521,-77.130,4.899,0,-277.66,-409.63
1036,17.28393,driven,511.660,354.476,506.276,507.382,-81.552,-2.016,0,-256.83,-439.92
1037,17.30062,driven,510.476,344.062,484.257,494.799,-85.478,-9.867,0,-252.56,-452.93
1038,17.3173,driven,510.000,332.334,464.426,478.389,-89.875,-17.330,0,-212.39,-471.03
1039,17.33398,driven,510.196,324.262,445.098,462.722,-92.899,-25.181,0,-127.31,-498.76
1040,17.35067,driven,510.370,321.360,424.516,448.001,-93.988,-34.135,0,-53.04,-532.35
1041,17.36735,driven,510.370,321.360,405.447,432.716,-93.988,-43.296,0,12.59,-570.87
1042,17.38403,driven,510.371,321.356,388.449,413.790,-93.989,-52.833,0,109.48,-610.27
1043,17.40072,driven,510.013,330.012,372.457,396.999,-90.745,-64.035,0,230.30,-711.77
1044,17.4174,driven,510.426,343.411,362.048,380.733,-85.723,-75.881,0,329.47,-784.93
1045,17.43408,driven,512.280,358.316,359.284,357.271,-80.096,-90.392,0,357.56,-789.11
1046,17.45077,driven,516.008,374.455,366.540,341.772,-73.890,-102.334,0,377.60,-720.25
1047,17.46745,driven,521.493,390.179,381.253,329.008,-67.651,-113.566,0,395.13,-594.08
1048,17.48413,driven,529.473,406.696,400.648,324.154,-60.777,-122.649,0,399.03,-508.50
1049,17.50082,driven,539.051,421.698,421.757,323.459,-54.108,-129.948,0,402.78,-405.24
1050,17.5175,driven,550.194,435.362,444.678,324.567,-47.502,-136.398,0,414.84,-303.82
1051,17.53418,driven,564.108,448.745,466.104,331.254,-40.267,-140.167,0,439.82,-190.18
1052,17.55087,driven,580.902,461.108,487.058,340.267,-32.452,-142.168,0,496.98,-40.50
1053,17.56755,driven,600.384,471.600,505.983,351.194,-24.158,-141.903,0,549.81,120.78
1054,17.58423,driven,626.189,480.506,523.680,366.924,-13.921,-137.933,0,596.06,309.19
1055,17.60092,driven,651.464,484.564,536.805,383.261,-4.324,-131.461,0,596.10,490.82
1056,17.6176,driven,678.374,484.226,548.334,403.611,5.767,-121.796,0,568.29,654.16
1057,17.63428,driven,701.390,480.105,557.318,428.606,14.532,-109.670,0,534.90,800.44
1058,17.65097,driven,723.737,472.428,571.376,458.462,23.389,-95.237,0,480.28,908.06
1059,17.66765,driven,740.885,463.693,590.491,491.812,30.601,-79.410,0,415.60,985.78
1060,17.68433,driven,754.436,454.672,618.936,525.727,36.700,-62.328,0,272.95,1069.92
1061,17.70102,driven,762.326,448.376,655.901,558.297,40.481,-44.074,0,123.14,1155.75
1062,17.7177,driven,762.326,448.376,701.047,588.568,40.481,-23.611,0,2.54,1252.81
1063,17.73438,driven,762.326,448.376,754.857,601.193,40.481,-2.798,0,-33.56,1296.67
1064,17.75107,driven,761.180,449.344,811.833,593.716,39.919,19.333,0,-23.00,1236.89
1065,17.76775,driven,761.180,449.344,856.923,568.685,39.919,38.739,0,-1.63,1097.75
1066,17.78443,driven,761.180,449.344,887.040,536.340,39.919,55.348,0,57.91,926.45
1067,17.80112,driven,764.747,446.265,908.128,499.657,41.683,69.576,0,132.58,787.94
1068,17.8178,driven,770.152,441.213,921.667,462.476,44.454,82.011,0,187.05,687.19
1069,17.83448,driven,776.485,434.617,929.353,428.279,47.879,92.374,0,195.03,603.58
1070,17.85117,driven,781.541,428.732,930.958,395.815,50.785,102.424,0,179.62,553.69
1071,17.86785,driven,786.160,422.778,929.079,368.159,53.607,110.915,0,142.68,523.61
1072,17.88453,driven,789.334,418.306,922.183,342.411,55.661,119.739,0,88.24,486.04
1073,17.90122,driven,790.726,416.233,912.002,322.954,56.596,127.566,0,37.05,462.58
1074,17.9179,driven,790.726,416.233,899.301,308.435,56.596,134.794,0,-3.43,431.16
1075,17.93458,driven,790.726,416.233,884.942,295.683,56.596,141.990,0,-42.20,399.95
1076,17.95127,driven,788.748,419.157,868.985,288.884,55.274,148.371,0,-102.16,362.93
1077,17.96795,driven,785.324,423.901,852.969,286.667,53.083,153.761,0,-172.06,317.20
1078,17.98463,driven,779.412,431.283,834.509,288.548,49.540,158.893,0,-231.69,258.44
1079,18.00132,driven,771.873,439.497,817.500,293.459,45.364,162.649,0,-281.44,193.44
1080,18.018,driven,761.646,448.953,801.644,301.274,40.147,164.845,0,-329.04,101.43
1081,18.03468,driven,749.538,458.175,785.997,309.583,34.444,166.214,0,-382.99,0.02
1082,18.05137,driven,733.689,467.691,773.216,319.885,27.518,165.028,0,-422.05,-92.09
1083,18.06805,driven,715.564,475.687,761.665,329.798,20.094,162.464,0,-458.12,-201.90
1084,18.08473,driven,696.013,481.396,751.319,338.741,12.461,158.809,0,-492.18,-316.77
1085,18.10142,driven,673.284,484.654,745.169,349.592,3.854,151.976,0,-523.51,-439.44
1086,18.1181,driven,649.187,484.375,739.842,361.125,-5.180,143.664,0,-535.96,-549.75
1087,18.13478,driven,626.210,480.511,736.225,374.183,-13.914,134.023,0,-529.48,-639.20
1088,18.15147,driven,604.356,473.315,733.475,391.234,-22.538,122.444,0,-508.69,-736.04
1089,18.16815,driven,584.345,463.234,728.639,412.359,-30.936,109.422,0,-463.68,-811.13
1090,18.18483,driven,568.617,452.420,720.939,438.030,-38.089,95.396,0,-399.06,-862.84
1091,18.20152,driven,556.613,441.958,707.623,466.553,-44.054,80.750,0,-339.00,-908.88
1092,18.2182,driven,546.873,431.617,685.642,496.054,-49.376,65.092,0,-297.36,-968.65
1093,18.23488,driven,539.242,421.960,654.054,523.089,-53.987,48.626,0,-255.87,-1004.79
1094,18.25157,driven,533.639,413.699,612.561,544.773,-57.725,31.053,0,-171.55,-1063.13
1095,18.26825,driven,530.352,408.247,566.979,556.798,-60.110,13.850,0,-75.04,-1104.68
1096,18.28493,driven,530.352,408.247,514.073,560.378,-60.110,-6.108,0,-11.97,-1153.51
1097,18.30162,driven,530.352,408.247,466.551,547.309,-60.110,-24.645,0,22.81,-1181.22
1098,18.3183,driven,530.535,408.563,422.423,516.826,-59.973,-44.960,0,50.45,-1164.22
1099,18.33498,driven,532.482,411.838,395.010,478.998,-58.546,-63.963,0,85.31,-1160.05
1100,18.35167,driven,534.744,415.424,382.997,434.960,-56.958,-82.664,0,76.29,-1069.78
1101,18.36835,driven,536.117,417.497,385.687,389.570,-56.027,-100.517,0,32.97,-978.83
1102,18.38503,driven,536.117,417.497,397.376,353.000,-56.027,-114.932,0,0.38,-883.81
1103,18.40172,driven,536.117,417.497,418.430,319.729,-56.027,-129.718,0,-7.79,-834.34
1104,18.4184,driven,535.939,417.232,444.431,294.613,-56.146,-143.267,0,-6.29,-804.76
1105,18.43508,driven,535.939,417.232,475.294,276.764,-56.146,-156.648,0,-7.36,-781.78
1106,18.45177,driven,535.939,417.232,506.480,267.095,-56.146,-168.899,0,23.92,-757.43
1107,18.46845,driven,536.908,418.659,542.539,265.762,-55.501,177.891,0,96.13,-699.77
1108,18.48513,driven,540.780,424.040,574.398,274.779,-53.018,167.307,0,171.45,-637.83
1109,18.50182,driven,546.882,431.627,605.805,290.428,-49.371,157.349,0,228.32,-578.17
1110,18.5185,driven,553.624,438.986,635.598,309.799,-45.633,147.603,0,264.28,-556.06
1111,18.53518,driven,563.176,447.949,664.380,333.202,-40.726,138.589,0,305.21,-532.51
1112,18.55187,driven,574.582,456.865,691.912,358.668,-35.303,129.927,0,344.50,-523.87
1113,18.56855,driven,588.233,465.487,719.604,387.062,-29.254,120.836,0,379.83,-556.44
1114,18.58523,driven,603.629,473.011,746.226,417.558,-22.833,111.250,0,400.34,-613.84
1115,18.60192,driven,622.082,479.427,772.792,453.056,-15.512,99.925,0,426.92,-713.42
1116,18.6186,driven,640.279,483.303,793.059,491.502,-8.540,86.928,0,486.28,-974.72
1117,18.63528,driven,664.384,484.994,807.964,537.849,0.518,69.790,0,600.23,-1081.13
1118,18.65197,driven,693.451,481.939,804.719,586.956,11.480,46.655,0,741.23,-1287.06
1119,18.66865,driven,726.682,471.117,805.252,602.402,24.596,30.899,0,767.05,-1385.71
1120,18.68533,driven,755.957,453.523,759.756,606.476,37.414,1.423,0,660.16,-1314.10
1121,18.70202,driven,773.609,437.711,728.622,583.947,46.297,-17.099,0,471.35,-1137.04
1122,18.7187,driven,784.702,424.724,703.214,554.218,52.696,-32.181,0,311.25,-821.89
1123,18.73538,driven,791.489,415.064,681.863,521.793,57.119,-45.767,0,238.13,-771.79
1124,18.75207,driven,796.505,406.736,666.504,487.414,60.760,-58.176,0,228.54,-688.01
1125,18.76875,driven,801.391,397.246,658.405,451.689,64.758,-69.155,0,251.01,-611.93
1126,18.78543,driven,806.216,385.836,656.458,417.165,69.398,-78.184,0,269.92,-527.51
1127,18.80212,driven,809.802,375.105,656.959,382.031,73.636,-87.405,0,255.81,-515.79
1128,18.8188,driven,812.551,364.301,660.092,351.447,77.812,-94.819,0,223.29,-498.18
1129,18.83548,driven,814.068,356.238,666.068,317.443,80.885,-104.688,0,154.06,-499.80
1130,18.85217,driven,814.917,350.169,672.759,293.601,83.180,-111.699,0,68.59,-533.26
1131,18.86885,driven,814.917,350.169,684.609,269.989,83.180,-121.604,0,17.30,-557.21
1132,18.88553,driven,814.917,350.169,700.053,249.099,83.180,-131.345,0,-27.46,-609.50
1133,18.90222,driven,814.837,350.832,719.290,231.334,82.930,-141.355,0,-70.04,-606.98
1134,18.9189,driven,814.004,356.632,741.748,221.769,80.735,-151.819,0,-140.84,-638.20
1135,18.93558,driven,812.672,363.740,766.639,217.829,78.027,-162.490,0,-196.25,-668.69
1136,18.95227,driven,810.381,373.085,794.974,220.862,74.423,-174.221,0,-224.76,-699.42
1137,18.96895,driven,807.219,383.087,823.120,230.916,70.494,174.035,0,-252.88,-729.71
1138,18.98563,driven,802.948,393.836,851.497,248.743,66.162,161.499,0,-265.66,-772.53
1139,19.00232,driven,797.626,404.697,878.202,274.633,61.631,148.221,0,-265.64,-832.35
1140,19.019,driven,791.805,414.572,902.818,309.286,57.338,133.483,0,-249.83,-904.49
1141,19.03568,driven,785.810,423.251,921.163,351.916,53.387,117.790,0,-231.80,-1028.22
1142,19.05237,driven,779.886,430.725,930.718,405.058,49.815,99.657,0,-189.08,-1179.41
1143,19.06905,driven,774.363,436.915,924.175,467.984,46.708,78.284,0,-132.97,-1328.53
1144,19.08573,driven,771.506,439.868,898.027,525.899,45.169,55.785,0,-111.85,-1378.01
1145,19.10242,driven,767.518,443.736,850.364,572.366,43.088,32.784,0,-174.49,-1287.26
1146,19.1191,driven,759.556,450.684,793.374,599.900,39.130,12.770,0,-306.18,-1106.01
1147,19.13578,driven,745.595,460.791,736.282,613.507,32.673,-3.490,0,-439.49,-895.30
1148,19.15247,driven,726.425,471.235,682.105,617.675,24.490,-16.838,0,-542.18,-696.96
1149,19.16915,driven,702.012,479.943,632.073,616.022,14.772,-27.201,0,-606.86,-513.27
1150,19.18583,driven,674.491,484.568,589.162,611.564,4.307,-33.897,0,-649.12,-340.21
1151,19.20252,driven,645.500,483.996,549.866,603.424,-6.568,-38.687,0,-656.27,-216.52
1152,19.2192,driven,616.637,477.806,515.600,592.700,-17.639,-41.328,0,-641.14,-133.37
1153,19.23588,driven,591.487,467.259,486.452,578.509,-27.866,-43.354,0,-612.11,-81.30
1154,19.25257,driven,569.160,452.843,462.391,562.431,-37.831,-44.253,0,-576.03,-66.55
1155,19.26925,driven,550.723,435.937,441.481,543.059,-47.209,-45.561,0,-537.66,-74.03
1156,19.28593,driven,536.540,418.121,424.624,522.446,-55.745,-47.010,0,-491.37,-111.72
1157,19.30262,driven,526.009,400.136,410.374,500.324,-63.555,-49.094,0,-454.61,-136.29
1158,19.3193,driven,518.485,382.244,398.029,476.581,-70.829,-51.933,0,-421.90,-171.39
1159,19.33598,driven,513.586,364.930,388.700,453.319,-77.571,-54.711,0,-380.61,-206.39
1160,19.35267,driven,511.075,350.103,379.848,428.769,-83.205,-59.058,0,-274.07,-293.24
1161,19.36935,driven,510.185,339.527,372.303,405.841,-87.180,-64.315,0,-132.75,-415.21
1162,19.38603,driven,510.134,338.405,364.043,383.863,-87.601,-72.716,0,-38.60,-499.13
1163,19.40272,driven,510.134,338.405,358.744,360.542,-87.601,-81.681,0,26.50,-561.21
1164,19.4194,driven,510.134,338.405,357.147,336.414,-87.601,-90.745,0,94.78,-609.33
1165,19.43608,driven,510.656,346.150,360.797,315.304,-84.694,-101.631,0,187.60,-654.20
1166,19.45277,driven,512.012,356.733,371.183,296.932,-80.697,-113.008,0,253.31,-659.10
1167,19.46945,driven,514.166,367.460,386.138,283.687,-76.599,-123.198,0,276.44,-597.27
1168,19.48613,driven,517.707,379.948,405.544,275.889,-71.737,-132.854,0,301.68,-530.74
1169,19.50282,driven,522.856,393.388,426.264,274.733,-66.345,-140.852,0,322.89,-472.79
1170,19.5195,driven,529.291,406.371,449.116,276.060,-60.916,-148.397,0,344.30,-405.45
1171,19.53618,driven,537.581,419.630,471.819,281.484,-55.058,-154.544,0,370.26,-329.38
1172,19.55287,driven,548.839,433.864,494.298,290.916,-48.258,-159.116,0,420.19,-219.26
1173,19.56955,driven,562.379,447.258,514.611,301.906,-41.121,-161.808,0,485.10,-85.24
1174,19.58623,driven,581.270,461.341,533.994,315.829,-32.289,-162.002,0,543.44,63.41
1175,19.60292,driven,603.952,473.147,550.478,329.795,-22.702,-159.543,0,581.28,209.16
1176,19.6196,driven,628.680,481.101,563.881,342.501,-12.962,-154.943,0,611.86,353.32
1177,19.63628,driven,655.427,484.812,574.302,355.091,-2.837,-147.979,0,623.15,496.23
1178,19.65297,driven,684.892,483.426,583.217,369.096,8.226,-138.353,0,622.25,634.41
1179,19.66965,driven,709.604,477.729,587.100,386.068,17.734,-126.805,0,596.46,756.72
1180,19.68633,driven,734.020,467.518,593.575,406.820,27.657,-113.373,0,546.39,852.93
1181,19.70302,driven,753.674,455.236,602.290,433.062,36.345,-98.333,0,485.59,929.75
1182,19.7197,driven,768.571,442.742,616.890,462.785,43.631,-82.473,0,396.82,976.61
1183,19.73638,driven,779.617,431.043,640.174,494.007,49.659,-65.699,0,341.82,1029.19
1184,19.75307,driven,788.004,420.222,673.531,521.735,54.787,-48.434,0,302.23,1066.23
1185,19.76975,driven,795.020,409.329,719.460,542.369,59.641,-29.594,0,220.69,1142.22
1186,19.78643,driven,798.967,402.157,769.951,552.380,62.707,-10.932,0,107.73,1217.14
1187,19.80312,driven,799.338,401.432,828.560,551.616,63.012,11.011,0,31.50,1257.58
1188,19.8198,driven,799.338,401.432,879.912,531.497,63.012,31.778,0,-35.39,1275.73
1189,19.83648,driven,799.338,401.432,921.662,493.334,63.012,53.083,0,-102.64,1378.02
1190,19.85317,driven,795.285,408.874,943.531,446.720,59.838,75.679,0,-131.02,1368.01
1191,19.86985,driven,792.276,413.834,942.284,383.725,57.665,101.350,0,-89.69,1248.10
1192,19.88653,driven,792.276,413.834,929.029,345.223,57.665,116.643,0,-7.50,1081.22
1193,19.90322,driven,792.276,413.834,899.821,305.008,57.665,135.339,0,29.98,977.83
1194,19.9199,driven,792.943,412.770,865.205,277.910,58.136,151.816,0,49.29,1017.61
1195,19.93658,driven,794.504,410.202,826.362,260.556,59.261,167.982,0,55.91,960.34
1196,19.95327,driven,795.785,408.008,783.763,255.481,60.212,-175.494,0,45.32,957.71
1197,19.96995,driven,795.785,408.008,744.320,263.924,60.212,-160.344,0,-4.13,921.48
1198,19.98663,driven,795.785,408.008,707.556,283.009,60.212,-144.784,0,-77.12,869.10
1199,20.00332,driven,792.517,413.452,677.147,312.959,57.835,-131.057,0,-152.17,824.49
1200,20.02,driven,787.687,420.669,652.132,349.719,54.582,-117.627,0,-230.78,779.06
1201,20.03668,driven,781.200,429.149,633.159,390.509,50.583,-104.628,0,-277.30,773.69
1202,20.05337,driven,771.410,439.964,618.481,435.302,45.118,-91.746,0,-338.12,801.31
1203,20.07005,driven,759.739,450.535,610.088,482.368,39.219,-77.991,0,-407.12,845.80
1204,20.08673,driven,743.053,462.386,607.016,532.407,31.549,-62.764,0,-492.84,905.40
1205,20.10342,driven,721.133,473.526,609.510,578.165,22.331,-46.849,0,-667.14,1157.50
1206,20.1201,driven,691.024,482.412,621.907,618.910,10.554,-26.856,0,-814.94,1449.86
1207,20.13678,driven,649.560,484.409,655.179,637.305,-5.040,2.105,0,-825.95,1532.81
1208,20.15347,driven,616.851,477.874,683.192,615.743,-17.556,25.696,0,-690.86,1310.91
1209,20.17015,driven,594.053,468.585,699.290,579.644,-26.784,43.458,0,-497.19,959.42
1210,20.18683,driven,576.714,458.348,706.390,539.546,-34.330,57.947,0,-375.06,786.40
1211,20.20352,driven,565.289,449.735,709.036,502.137,-39.690,69.971,0,-294.74,710.98
1212,20.2202,driven,556.336,441.690,707.673,464.191,-44.199,81.543,0,-257.89,633.80
1213,20.23688,driven,548.329,433.289,701.250,428.398,-48.546,91.832,0,-283.41,549.45
1214,20.25357,driven,539.953,422.931,690.906,397.986,-53.536,99.383,0,-313.95,414.89
1215,20.27025,driven,531.376,410.000,678.310,367.345,-59.349,106.188,0,-338.29,341.75
1216,20.28693,driven,524.713,397.465,668.212,344.390,-64.667,110.298,0,-341.65,288.26
1217,20.30362,driven,518.757,383.020,656.131,315.659,-70.521,116.121,0,-332.76,234.60
1218,20.3203,driven,514.653,369.447,648.479,295.286,-75.833,118.994,0,-308.44,225.89
1219,20.33698,driven,512.042,356.915,640.840,274.331,-80.628,122.668,0,-256.43,237.53
1220,20.35367,driven,510.783,347.463,631.883,253.953,-84.200,127.674,0,-168.67,316.58
1221,20.37035,driven,510.277,341.203,621.794,236.451,-86.551,133.208,0,-76.19,374.54
1222,20.38703,driven,510.277,341.203,608.956,224.278,-86.551,139.837,0,-8.39,395.37
1223,20.40372,driven,510.277,341.203,593.836,213.036,-86.551,146.898,0,46.01,410.77
1224,20.4204,driven,510.469,343.969,579.233,207.292,-85.513,153.292,0,102.31,443.48
1225,20.43708,driven,511.133,350.586,560.343,205.715,-83.023,161.238,0,177.29,478.47
1226,20.45377,driven,512.558,359.860,539.051,209.171,-79.509,170.028,0,233.09,515.71
1227,20.47045,driven,514.973,370.691,519.708,217.764,-75.352,178.226,0,272.86,547.18
1228,20.48713,driven,518.786,383.101,497.627,231.571,-70.489,-172.051,0,309.11,598.47
1229,20.50382,driven,524.214,396.401,475.165,251.476,-65.107,-161.302,0,338.59,665.48
1230,20.5205,driven,531.439,410.106,454.763,277.706,-59.303,-149.924,0,344.88,727.94
1231,20.53718,driven,539.951,422.929,435.937,310.723,-53.537,-137.170,0,339.87,783.34
1232,20.55387,driven,548.813,433.835,420.418,350.626,-48.273,-122.946,0,314.32,907.73
1233,20.57055,driven,558.490,443.744,412.723,397.258,-43.084,-107.688,0,264.24,1066.34
1234,20.58723,driven,566.142,450.438,413.310,457.609,-39.276,-87.314,0,196.82,1214.82
1235,20.60392,driven,571.750,454.810,431.617,516.225,-36.613,-66.334,0,130.63,1349.94
1236,20.6206,driven,576.278,458.049,470.006,568.118,-34.528,-43.994,0,130.70,1396.41
1237,20.63728,driven,581.421,461.437,529.578,605.386,-32.222,-19.807,0,205.55,1335.31
1238,20.65397,driven,592.032,467.545,594.641,620.523,-27.635,0.977,0,324.90,1133.49
1239,20.67065,driven,608.103,474.812,652.987,621.081,-21.027,17.059,0,444.43,880.07
1240,20.68733,driven,628.820,481.133,705.522,613.518,-12.909,30.088,0,535.86,673.88
1241,20.70402,driven,654.096,484.741,752.246,602.109,-3.336,39.904,0,617.21,485.02
1242,20.7207,driven,682.581,483.742,793.477,589.151,7.353,46.453,0,650.65,307.97
1243,20.73738,driven,711.773,477.018,829.258,575.029,18.589,50.164,0,638.28,170.77
1244,20.75407,driven,736.020,466.451,857.032,560.073,28.506,52.273,0,613.28,66.00
1245,20.77075,driven,758.430,451.591,880.347,544.032,38.589,52.830,0,592.16,-2.47
1246,20.78743,driven,777.743,433.208,898.586,527.048,48.587,52.169,0,581.19,-39.73
1247,20.80412,driven,792.459,413.544,912.581,508.305,57.794,51.731,0,542.52,-31.72
1248,20.8208,driven,803.365,392.883,922.975,488.290,66.551,51.423,0,484.68,18.92
1249,20.83748,driven,810.104,374.065,931.110,467.695,74.042,52.269,0,420.32,85.43
1250,20.85417,driven,813.759,358.090,938.563,446.594,80.182,54.658,0,326.96,178.05
1251,20.87085,driven,815.427,345.226,945.479,425.821,85.041,58.213,0,198.40,297.49
1252,20.88753,driven,815.817,339.484,953.467,406.278,87.196,64.115,0,85.96,394.30
1253,20.90422,driven,815.817,339.484,961.357,386.675,87.196,72.035,0,-10.63,480.15
1254,20.9209,driven,815.817,339.484,966.357,366.807,87.196,79.713,0,-89.95,541.60
1255,20.93758,driven,815.336,346.239,968.334,347.100,84.660,89.677,0,-169.96,595.06
1256,20.95427,driven,814.138,355.798,964.877,329.591,81.052,99.863,0,-246.08,631.19
1257,20.97095,driven,811.976,366.858,955.646,314.246,76.830,110.113,0,-271.09,574.30
1258,20.98763,driven,808.430,379.530,941.581,304.166,71.901,119.510,0,-297.16,502.99
1259,21.00432,driven,803.826,391.808,926.792,300.768,66.989,126.515,0,-332.43,454.12
1260,21.021,driven,796.881,406.060,906.994,299.834,61.049,133.971,0,-361.75,401.97
1261,21.03768,driven,787.675,420.686,884.603,302.305,54.574,140.690,0,-389.28,316.47
1262,21.05437,driven,777.018,434.024,866.207,309.708,48.178,144.343,0,-410.85,184.71
1263,21.07105,driven,763.312,447.527,848.180,320.223,40.968,146.310,0,-448.53,66.37
1264,21.08773,driven,746.553,460.171,830.613,332.332,33.100,146.674,0,-491.60,-43.93
1265,21.10442,driven,726.445,471.226,814.800,346.316,24.499,144.726,0,-537.09,-215.66
1266,21.1211,driven,703.636,479.505,802.539,362.770,15.402,139.727,0,-583.11,-408.98
1267,21.13778,driven,677.034,484.355,792.767,384.280,5.263,130.850,0,-592.47,-584.37
1268,21.15447,driven,650.730,484.507,783.030,407.660,-4.600,120.150,0,-561.41,-724.11
1269,21.17115,driven,628.197,480.989,774.440,436.025,-13.148,107.091,0,-504.30,-839.15
1270,21.18783,driven,607.953,474.755,760.851,469.155,-21.087,92.097,0,-435.02,-954.73
1271,21.20452,driven,591.406,467.216,739.454,505.827,-27.900,75.383,0,-343.50,-1057.28
1272,21.2212,driven,580.328,460.741,708.900,543.676,-32.707,57.176,0,-257.83,-1100.24
1273,21.23788,driven,572.829,455.605,666.784,576.359,-36.111,37.885,0,-202.64,-1150.35
1274,21.25457,driven,565.601,449.993,616.237,594.371,-39.538,19.327,0,-153.59,-1268.79
1275,21.27125,driven,561.167,446.189,552.701,598.954,-41.726,-3.172,0,-92.43,-1345.87
1276,21.28793,driven,559.662,444.828,489.879,580.988,-42.486,-27.135,0,-41.43,-1337.09
1277,21.30462,driven,558.383,443.644,446.109,547.584,-43.139,-47.207,0,-46.28,-1250.06
1278,21.3213,driven,556.290,441.645,415.127,500.652,-44.223,-67.315,0,-90.04,-1142.70
1279,21.33798,driven,552.592,437.920,399.860,446.980,-46.189,-86.605,0,-137.13,-1039.30
1280,21.35467,driven,547.764,432.646,398.026,401.217,-48.867,-101.854,0,-179.71,-907.20
1281,21.37135,driven,542.441,426.205,405.238,358.497,-51.996,-116.266,0,-197.56,-821.95
1282,21.38803,driven,536.904,418.653,419.591,320.435,-55.503,-129.937,0,-208.97,-801.74
1283,21.40472,driven,532.595,412.023,440.059,290.178,-58.465,-142.785,0,-164.64,-754.37
1284,21.4214,driven,528.722,405.338,465.039,266.222,-61.358,-155.403,0,-85.14,-707.61
1285,21.43808,driven,528.722,405.338,492.793,256.617,-61.358,-166.418,0,-25.76,-678.53
1286,21.45477,driven,528.722,405.338,522.306,252.473,-61.358,-177.596,0,29.92,-647.87
1287,21.47145,driven,528.941,405.738,551.600,254.425,-61.187,171.483,0,72.81,-612.90
1288,21.48813,driven,532.031,411.096,579.511,265.650,-58.871,161.921,0,133.79,-587.88
1289,21.50482,driven,535.923,417.209,605.931,281.165,-56.157,152.770,0,198.13,-512.56
1290,21.5215,driven,541.012,424.347,632.218,301.504,-52.874,143.408,0,245.77,-467.97
1291,21.53818,driven,549.620,434.732,652.375,321.373,-47.821,137.809,0,297.72,-446.58
1292,21.55487,driven,559.246,444.446,678.191,348.211,-42.698,128.975,0,340.29,-459.70
1293,21.57155,driven,571.107,454.330,702.095,375.265,-36.913,121.116,0,364.07,-506.07
1294,21.58823,driven,585.762,464.073,726.814,404.799,-30.320,112.793,0,393.98,-520.92
1295,21.60492,driven,601.435,472.067,750.297,436.726,-23.728,103.355,0,416.36,-588.55
1296,21.6216,driven,619.731,478.754,772.585,472.057,-16.427,92.509,0,459.49,-730.95
1297,21.63828,driven,640.840,483.387,791.257,511.382,-8.328,79.457,0,528.87,-948.76
1298,21.65497,driven,666.823,484.952,800.739,558.949,1.432,61.077,0,644.20,-1134.28
1299,21.67165,driven,696.365,481.318,795.265,598.056,12.596,40.271,0,761.22,-1352.81
1300,21.68833,driven,730.887,469.115,780.901,613.709,26.340,19.080,0,761.72,-1375.57
1301,21.70502,driven,758.449,451.576,740.173,603.481,38.598,-6.860,0,628.21,-1227.47
1302,21.7217,driven,774.367,436.911,715.537,578.148,46.710,-22.614,0,425.95,-974.90
1303,21.73838,driven,784.512,424.972,692.743,547.395,52.580,-36.856,0,291.03,-754.89
1304,21.75507,driven,791.138,415.605,675.304,515.563,56.877,-49.208,0,255.17,-712.42
1305,21.77175,driven,796.913,406.002,663.733,481.315,61.074,-60.512,0,269.84,-612.08
1306,21.78843,driven,802.760,394.258,658.810,446.098,65.989,-70.195,0,291.27,-532.21
1307,21.80512,driven,807.623,381.933,657.958,413.705,70.952,-78.015,0,280.11,-472.71
1308,21.8218,driven,810.875,371.269,658.186,381.019,75.128,-86.346,0,236.52,-499.04
1309,21.83848,driven,812.957,362.363,660.412,350.577,78.554,-94.418,0,154.95,-541.08
1310,21.85517,driven,813.983,356.759,666.012,317.857,80.687,-104.730,0,73.77,-561.86
1311,21.87185,driven,813.983,356.759,673.762,295.547,80.687,-113.583,0,5.03,-586.58
1312,21.88853,driven,813.983,356.759,686.552,272.082,80.687,-123.603,0,-54.51,-626.66
1313,21.90522,driven,813.394,360.119,704.558,252.584,79.410,-134.656,0,-108.90,-676.05
1314,21.9219,driven,811.941,367.006,727.658,239.314,76.774,-146.573,0,-173.58,-697.36
1315,21.93858,driven,809.840,374.977,751.720,233.446,73.686,-157.675,0,-212.39,-725.69
1316,21.95527,driven,806.641,384.689,781.127,233.831,69.856,-170.401,0,-235.49,-757.69
1317,21.97195,driven,802.527,394.779,812.006,242.073,65.775,176.448,0,-255.12,-791.18
1318,21.98863,driven,797.463,404.998,841.380,258.436,61.503,163.319,0,-263.42,-815.15
1319,22.00532,driven,791.375,415.240,869.519,283.702,57.040,149.286,0,-260.37,-887.26
1320,22.022,driven,784.870,424.502,895.338,318.644,52.801,133.779,0,-246.30,-964.70
1321,22.03868,driven,778.553,432.283,915.522,364.103,49.047,116.463,0,-212.42,-1051.98
1322,22.05537,driven,772.532,438.826,923.828,416.052,45.717,98.560,0,-153.50,-1223.72
1323,22.07205,driven,768.676,442.642,917.761,477.029,43.685,77.011,0,-83.88,-1400.11
1324,22.08873,driven,766.836,444.370,886.327,539.927,42.740,51.351,0,-58.07,-1472.74
1325,22.10542,driven,764.562,446.430,836.513,581.456,41.591,28.052,0,-134.87,-1332.41
1326,22.1221,driven,757.768,452.117,777.936,603.782,38.272,7.575,0,-279.28,-1105.58
1327,22.13878,driven,743.960,461.825,721.829,613.215,31.948,-8.317,0,-428.58,-889.01
1328,22.15547,driven,725.139,471.813,667.480,613.533,23.962,-22.139,0,-530.85,-682.10
1329,22.17215,driven,701.137,480.171,621.314,610.698,14.434,-31.448,0,-599.71,-495.78
1330,22.18883,driven,674.188,484.590,579.289,604.604,4.194,-38.335,0,-642.88,-311.50
1331,22.20552,driven,644.511,483.879,541.298,596.821,-6.941,-42.423,0,-659.79,-178.72
1332,22.2222,driven,616.493,477.760,509.697,587.322,-17.696,-44.268,0,-649.16,-75.05
1333,22.23888,driven,590.132,466.533,481.704,574.479,-28.442,-45.128,0,-613.53,-25.64
1334,22.25557,driven,568.247,452.128,459.504,559.758,-38.265,-45.295,0,-580.32,-0.32
1335,22.27225,driven,550.146,435.310,441.139,542.671,-47.528,-45.436,0,-540.02,1.14
1336,22.28893,driven,535.538,416.631,426.750,524.214,-56.417,-45.319,0,-503.58,-32.45
1337,22.30562,driven,525.131,398.341,414.378,503.901,-64.304,-46.375,0,-458.47,-78.72
1338,22.3223,driven,517.831,380.321,403.511,482.007,-71.590,-48.347,0,-409.98,-130.39
1339,22.33898,driven,513.375,363.957,394.978,460.866,-77.944,-50.699,0,-363.62,-169.14
1340,22.35567,driven,511.044,349.847,386.848,439.202,-83.301,-54.266,0,-252.56,-272.12
1341,22.37235,driven,510.205,339.924,378.824,418.333,-87.031,-59.171,0,-116.03,-393.00
1342,22.38903,driven,510.205,339.924,368.772,398.281,-87.031,-67.578,0,-27.85,-455.63
1343,22.40572,driven,510.205,339.924,362.223,378.786,-87.031,-75.286,0,36.16,-513.92
1344,22.4224,driven,510.220,340.199,358.285,358.223,-86.928,-83.234,0,99.57,-559.31
1345,22.43908,driven,510.933,348.871,358.374,337.262,-83.669,-94.351,0,201.34,-627.86
1346,22.45577,driven,512.466,359.360,364.333,321.080,-79.699,-104.489,0,279.54,-647.53
1347,22.47245,driven,515.308,371.951,376.622,307.336,-74.863,-114.981,0,308.45,-584.90
1348,22.48913,driven,519.798,385.873,393.773,299.116,-69.384,-124.544,0,326.96,-510.93
1349,22.50582,driven,525.724,399.560,411.602,297.652,-63.796,-131.764,0,348.75,-427.33
1350,22.5225,driven,533.045,412.751,431.252,298.527,-58.144,-138.293,0,365.58,-352.16
1351,22.53918,driven,543.565,427.626,453.477,303.960,-51.317,-143.927,0,390.45,-270.49
1352,22.55587,driven,554.831,440.206,472.049,311.536,-44.990,-147.244,0,419.65,-163.42
1353,22.57255,driven,569.814,453.348,490.770,322.347,-37.522,-148.894,0,471.65,-33.18
1354,22.58923,driven,588.147,465.439,508.504,334.803,-29.290,-148.631,0,525.67,105.01
1355,22.60592,driven,611.342,476.015,523.845,350.503,-19.733,-145.119,0,566.81,282.68
1356,22.6226,driven,634.647,482.350,534.755,366.460,-10.679,-139.240,0,587.74,468.60
1357,22.63928,driven,662.035,484.997,544.253,387.343,-0.361,-129.662,0,580.08,630.73
1358,22.65597,driven,686.806,483.137,551.621,411.485,8.951,-117.925,0,558.94,777.39
1359,22.67265,driven,709.559,477.744,561.208,440.313,17.716,-104.161,0,498.19,894.05
1360,22.68933,driven,729.300,469.889,576.375,474.671,25.679,-88.209,0,419.82,988.37
1361,22.70602,driven,743.757,461.951,599.088,511.748,31.859,-71.006,0,325.19,1068.53
1362,22.7227,driven,753.712,455.209,631.387,547.109,36.362,-53.083,0,254.22,1098.29
1363,22.73938,driven,761.739,448.874,677.026,576.281,40.192,-33.620,0,204.96,1179.64
1364,22.75607,driven,768.188,443.105,729.502,591.134,43.433,-14.646,0,142.23,1271.12
1365,22.77275,driven,771.532,439.841,794.394,591.124,45.183,8.593,0,69.35,1318.87
1366,22.78943,driven,772.574,438.783,849.431,571.078,45.739,30.155,0,39.75,1292.27
1367,22.80612,driven,773.797,437.513,892.561,533.971,46.399,50.917,0,58.66,1233.80
1368,22.8228,driven,776.869,434.190,921.090,485.272,48.094,70.496,0,108.68,1161.41
1369,22.83948,driven,780.202,430.350,933.199,429.402,49.998,90.355,0,155.41,1020.89
1370,22.85617,driven,785.348,423.869,933.150,384.326,53.098,104.978,0,184.37,878.14
1371,22.87285,driven,790.315,416.852,924.730,343.765,56.318,118.535,0,198.16,785.42
1372,22.88953,driven,794.756,409.777,908.570,307.525,59.446,131.937,0,192.63,775.83
1373,22.90622,driven,798.598,402.867,887.343,278.233,62.407,144.547,0,146.83,742.33
1374,22.9229,driven,801.391,397.244,862.287,256.885,64.759,156.546,0,75.98,684.45
1375,22.93958,driven,801.391,397.244,833.856,247.728,64.759,167.749,0,14.29,651.61
1376,22.95627,driven,801.391,397.244,806.985,244.347,64.759,177.905,0,-32.98,634.22
1377,22.97295,driven,800.728,398.633,776.992,247.486,64.182,-171.075,0,-78.41,615.47
1378,22.98963,driven,798.242,403.545,748.680,258.794,62.121,-161.099,0,-143.23,594.69
1379,23.00632,driven,794.357,410.449,722.081,275.596,59.154,-151.810,0,-193.90,548.97
1380,23.023,driven,789.417,418.184,696.346,296.748,55.716,-142.533,0,-241.27,508.55
1381,23.03968,driven,782.456,427.600,673.516,320.170,51.330,-134.600,0,-294.07,472.66
1382,23.05637,driven,772.650,438.705,650.382,346.729,45.780,-126.952,0,-341.43,467.60
1383,23.07305,driven,761.115,449.399,627.136,375.515,39.887,-118.875,0,-377.06,496.53
1384,23.08973,driven,747.299,459.682,603.552,407.282,33.434,-110.028,0,-397.13,540.03
1385,23.10642,driven,730.936,469.090,580.597,440.678,26.361,-100.702,0,-431.69,606.84
1386,23.1231,driven,713.233,476.519,560.237,477.725,19.167,-89.548,0,-471.27,745.75
1387,23.13978,driven,690.878,482.439,542.451,519.565,10.498,-75.957,0,-526.10,926.24
1388,23.15647,driven,666.053,484.970,536.022,565.598,1.143,-58.198,0,-663.31,1143.62
1389,23.17315,driven,635.823,482.567,541.046,602.677,-10.232,-38.276,0,-769.49,1366.67
1390,23.18983,driven,598.318,470.655,560.707,618.960,-25.009,-14.231,0,-764.50,1389.61
1391,23.20652,driven,572.868,455.634,598.151,606.530,-36.093,9.512,0,-625.27,1213.30
1392,23.2232,driven,555.477,440.848,621.437,578.899,-44.649,25.538,0,-434.62,939.38
1393,23.23988,driven,543.976,428.137,641.384,546.122,-51.072,39.543,0,-318.28,759.91
1394,23.25657,driven,536.839,418.559,657.120,513.119,-55.546,51.827,0,-262.93,685.91
1395,23.27325,driven,530.925,409.235,666.752,479.663,-59.682,62.593,0,-271.79,586.50
1396,23.28993,driven,524.600,397.227,669.730,445.667,-64.766,71.542,0,-294.63,501.04
1397,23.30662,driven,519.391,384.779,669.747,413.103,-69.821,79.332,0,-291.59,435.63
1398,23.3233,driven,515.834,373.847,668.570,382.834,-74.127,86.632,0,-257.10,460.50
1399,23.33998,driven,513.289,363.555,665.927,353.038,-78.098,93.941,0,-178.23,491.32
1400,23.35667,driven,512.055,356.991,660.609,320.376,-80.599,103.846,0,-84.48,520.22
1401,23.37335,driven,512.055,356.991,654.405,300.907,-80.599,111.504,0,-12.82,535.05
1402,23.39003,driven,512.055,356.991,643.161,278.122,-80.599,121.030,0,37.54,575.41
1403,23.40672,driven,512.332,358.614,627.808,258.243,-79.983,130.997,0,94.86,641.05
1404,23.4234,driven,513.673,365.326,606.686,243.845,-77.419,142.560,0,172.89,665.31
1405,23.44008,driven,515.955,374.272,584.712,237.591,-73.961,153.295,0,223.72,698.08
1406,23.45677,driven,519.115,384.020,557.685,235.962,-70.123,165.399,0,248.95,741.67
1407,23.47345,driven,523.388,394.591,527.933,241.658,-65.852,178.298,0,269.98,789.56
1408,23.49013,driven,529.089,406.005,497.489,256.304,-61.073,-168.081,0,285.25,817.66
1409,23.50682,driven,535.581,416.696,469.640,278.635,-56.388,-154.470,0,291.35,886.31
1410,23.5235,driven,543.053,426.983,443.280,310.990,-51.625,-139.299,0,273.77,875.87
1411,23.54018,driven,550.783,436.002,422.053,353.312,-47.176,-122.715,0,230.28,994.78
1412,23.55687,driven,556.710,442.051,411.546,393.713,-44.004,-108.418,0,162.05,1173.02
1413,23.57355,driven,560.844,445.900,408.789,462.879,-41.889,-83.628,0,81.08,1367.85
1414,23.59023,driven,562.980,447.780,429.182,521.990,-40.823,-60.986,0,35.85,1474.58
1415,23.60692,driven,563.603,448.316,471.433,570.437,-40.515,-37.043,0,74.25,1364.54
1416,23.6236,driven,567.872,451.832,529.085,599.834,-38.444,-14.685,0,202.39,1245.56
1417,23.64028,driven,578.619,459.628,588.821,612.287,-33.471,3.823,0,360.05,1022.26
1418,23.65697,driven,595.255,469.184,645.733,613.618,-26.281,19.264,0,475.84,798.59
1419,23.67365,driven,616.482,477.757,694.201,609.547,-17.701,30.529,0,556.66,593.75
1420,23.69033,driven,641.522,483.485,737.785,602.407,-8.070,38.989,0,610.53,402.57
1421,23.70702,driven,670.072,484.836,776.823,594.441,2.649,44.245,0,639.90,237.79
1422,23.7237,driven,697.971,480.950,809.826,585.340,13.213,46.977,0,639.99,90.73
1423,23.74038,driven,724.761,471.980,837.506,575.410,23.808,47.467,0,620.42,-22.25
1424,23.75707,driven,748.518,458.869,859.451,564.238,33.982,46.474,0,611.31,-99.13
1425,23.77375,driven,769.036,442.296,876.245,551.454,43.872,44.484,0,582.29,-110.51
1426,23.79043,driven,786.289,422.602,889.935,535.148,53.689,42.642,0,550.45,-86.02
1427,23.80712,driven,798.109,403.795,900.722,517.284,62.014,42.119,0,503.68,-30.35
1428,23.8238,driven,807.018,383.651,908.800,497.885,70.270,41.701,0,440.11,36.69
1429,23.84048,driven,812.067,366.469,916.668,478.127,76.980,43.131,0,376.27,100.94
1430,23.85717,driven,814.617,352.523,924.066,459.434,82.291,45.672,0,271.41,204.78
1431,23.87385,driven,815.689,341.755,931.803,441.387,86.345,49.369,0,151.54,308.21
1432,23.89053,driven,815.864,338.440,942.564,424.208,87.588,55.905,0,61.68,375.61
1433,23.90722,driven,815.864,338.440,951.818,408.622,87.588,62.696,0,-17.19,422.78
1434,23.9239,driven,815.864,338.440,959.058,392.333,87.588,69.376,0,-102.74,498.29
1435,23.94058,driven,815.322,346.387,965.351,376.391,84.604,78.691,0,-199.53,590.56
1436,23.95727,driven,813.801,357.846,966.799,358.626,80.274,89.708,0,-270.97,621.49
1437,23.97395,driven,811.348,369.443,962.346,344.774,75.834,99.279,0,-298.30,570.43
1438,23.99063,driven,807.341,382.742,952.782,335.246,70.631,108.085,0,-332.72,495.98
1439,24.00732,driven,801.208,397.632,938.588,330.284,64.598,116.116,0,-373.45,454.12
1440,24.024,driven,793.078,412.552,921.665,329.640,58.232,122.814,0,-395.04,392.55
1441,24.04068,driven,782.612,427.404,901.282,330.830,51.424,129.139,0,-407.21,286.26
1442,24.05737,driven,770.428,440.942,882.850,337.162,44.599,132.711,0,-425.99,149.91
1443,24.07405,driven,755.716,453.707,866.499,348.179,37.300,133.608,0,-457.43,1.45
1444,24.09073,driven,738.009,465.352,850.350,361.485,29.357,132.755,0,-492.23,-121.84
1445,24.10742,driven,717.365,475.015,835.371,377.631,20.814,129.531,0,-514.44,-267.70
1446,24.1241,driven,695.394,481.531,822.465,396.314,12.224,123.847,0,-530.69,-450.39
1447,24.14078,driven,672.102,484.729,811.133,420.859,3.411,114.674,0,-530.06,-622.67
1448,24.15747,driven,648.367,484.299,797.617,450.633,-5.488,102.711,0,-501.91,-773.70
1449,24.17415,driven,627.790,480.893,780.766,483.577,-13.305,88.995,0,-445.81,-925.89
1450,24.19083,driven,610.741,475.798,756.700,521.678,-19.972,72.550,0,-356.98,-1051.01
1451,24.20752,driven,597.347,470.198,720.230,561.350,-25.411,53.433,0,-253.01,-1121.95
1452,24.2242,driven,589.855,466.383,677.015,592.129,-28.560,34.728,0,-162.09,-1227.77
1453,24.24088,driven,585.198,463.742,623.995,611.741,-30.565,14.689,0,-100.82,-1245.15
1454,24.25757,driven,581.122,461.248,557.359,612.391,-32.354,-8.935,0,-90.21,-1264.34
1455,24.27425,driven,578.257,459.388,509.445,596.040,-33.633,-26.728,0,-102.09,-1261.53
1456,24.29093,driven,573.608,456.170,458.512,556.976,-35.751,-48.787,0,-127.08,-1166.54
1457,24.30762,driven,568.460,452.296,426.076,508.294,-38.164,-68.531,0,-165.76,-1065.36
1458,24.3243,driven,562.317,447.204,410.541,466.517,-41.152,-82.748,0,-208.80,-884.95
1459,24.34098,driven,554.768,440.142,403.053,420.352,-45.024,-97.432,0,-251.80,-783.27
1460,24.35767,driven,546.460,431.133,402.911,378.191,-49.614,-110.245,0,-275.17,-723.59
1461,24.37435,driven,539.152,421.838,408.018,343.017,-54.043,-121.009,0,-263.88,-629.73
1462,24.39103,driven,532.812,412.374,418.124,311.104,-58.310,-131.445,0,-236.75,-586.60
1463,24.40772,driven,528.387,404.720,431.567,286.251,-61.621,-140.743,0,-166.95,-571.37
1464,24.4244,driven,525.245,398.578,449.262,265.779,-64.205,-150.223,0,-82.42,-534.35
1465,24.44108,driven,525.245,398.578,470.744,255.614,-64.205,-159.132,0,-11.05,-506.51
1466,24.45777,driven,525.245,398.578,490.010,249.690,-64.205,-166.686,0,49.52,-468.95
1467,24.47445,driven,526.603,401.316,512.525,248.965,-63.061,-174.721,0,104.24,-437.30
1468,24.49113,driven,529.726,407.146,533.866,254.202,-60.584,178.449,0,179.66,-395.73
1469,24.50782,driven,534.629,415.246,555.000,263.608,-57.038,172.349,0,233.22,-334.17
1470,24.5245,driven,541.215,424.614,574.886,275.365,-52.748,167.286,0,283.81,-274.01
1471,24.54118,driven,549.726,434.850,594.149,288.441,-47.761,163.121,0,335.28,-222.49
1472,24.55787,driven,561.599,446.572,613.300,302.572,-41.510,160.250,0,391.83,-127.14
1473,24.57455,driven,575.812,457.727,633.427,315.990,-34.740,157.879,0,433.43,-82.80
1474,24.59123,driven,593.279,468.191,649.748,325.993,-27.109,158.341,0,459.37,-57.39
1475,24.60792,driven,611.949,476.232,675.204,336.920,-19.492,155.579,0,468.46,-73.98
1476,24.6246,driven,632.494,481.928,696.904,343.146,-11.501,155.104,0,469.79,-121.71
1477,24.64128,driven,652.489,484.639,723.493,349.112,-3.939,152.350,0,460.49,-156.05
1478,24.65797,driven,673.505,484.639,752.279,353.476,3.937,149.012,0,449.20,-254.10
1479,24.67465,driven,692.336,482.161,781.815,358.054,11.054,144.209,0,444.92,-338.26
1480,24.69133,driven,711.892,476.978,815.318,364.229,18.636,137.469,0,435.13,-451.72
1481,24.70802,driven,730.049,469.526,849.023,373.328,25.991,128.958,0,451.06,-582.53
1482,24.7247,driven,747.210,459.741,882.224,387.769,33.394,118.061,0,476.03,-721.06
1483,24.74138,driven,765.403,445.678,913.735,408.175,42.013,104.189,0,515.98,-975.34
1484,24.75807,driven,781.816,428.394,934.642,435.694,50.948,87.265,0,595.96,-1205.63
1485,24.77475,driven,796.487,406.767,933.746,474.361,60.747,63.782,0,625.44,-1263.90
1486,24.79143,driven,808.658,378.826,915.209,488.625,72.179,44.140,0,553.48,-1131.17
1487,24.80812,driven,813.503,359.532,884.521,495.051,79.633,27.657,0,410.13,-939.53
1488,24.8248,driven,815.280,346.830,849.114,496.042,84.438,12.776,0,226.14,-869.46
1489,24.84148,driven,815.911,337.213,811.160,490.140,88.047,-1.780,0,101.59,-847.04
1490,24.85817,driven,815.911,337.213,774.817,484.591,88.047,-15.580,0,33.10,-820.75
1491,24.87485,driven,815.911,337.213,740.386,470.273,88.047,-29.579,0,-33.72,-831.25
1492,24.89153,driven,815.898,337.585,711.376,449.317,87.908,-43.090,0,-125.55,-875.82
1493,24.90822,driven,815.127,348.323,684.044,427.229,83.876,-58.954,0,-297.44,-966.20
1494,24.9249,driven,812.551,364.303,664.728,403.767,77.811,-75.052,0,-415.07,-1021.51
1495,24.94158,driven,806.651,384.664,653.861,376.639,69.866,-93.007,0,-457.06,-978.84
1496,24.95827,driven,799.188,401.726,654.016,353.414,62.888,-108.407,0,-482.56,-950.29
1497,24.97495,driven,787.122,421.458,658.955,337.898,54.219,-123.103,0,-504.63,-889.62
1498,24.99163,driven,772.265,439.099,672.633,322.985,45.573,-139.369,0,-537.53,-883.96
1499,25.00832,driven,754.316,454.762,683.925,318.916,36.644,-152.608,0,-543.12,-888.53
1500,25.025,driven,733.413,467.834,702.172,318.058,27.401,-168.218,0,-557.80,-912.01
1501,25.04168,driven,710.685,477.379,721.498,324.762,18.160,175.947,0,-556.45,-976.51
1502,25.05837,driven,686.758,483.144,739.885,339.664,8.933,159.681,0,-530.20,-993.99
1503,25.07505,driven,664.277,484.995,757.148,363.405,0.478,142.627,0,-481.58,-1028.68
1504,25.09173,driven,644.513,483.879,769.327,395.389,-6.940,125.336,0,-419.48,-1060.08
1505,25.10842,driven,627.917,480.923,774.150,435.925,-13.256,107.104,0,-331.94,-1117.48
1506,25.1251,driven,615.440,477.420,768.357,482.440,-18.111,88.120,0,-200.49,-1214.70
1507,25.14178,driven,610.012,475.531,750.745,535.556,-20.263,66.901,0,-83.82,-1287.54
1508,25.15847,driven,610.012,475.531,717.162,584.746,-20.263,44.453,0,27.26,-1376.09
1509,25.17515,driven,610.012,475.531,668.303,616.992,-20.263,22.395,0,68.24,-1364.50
1510,25.19183,driven,615.878,477.563,611.168,630.490,-17.938,-1.764,0,71.38,-1320.32
1511,25.20852,driven,615.878,477.563,560.924,620.353,-17.938,-21.050,0,12.68,-1187.22
1512,25.2252,driven,615.878,477.563,515.760,593.258,-17.938,-40.871,0,-92.71,-999.62
1513,25.24188,driven,608.941,475.131,483.269,562.399,-20.691,-55.224,0,-168.94,-848.01
1514,25.25857,driven,600.795,471.784,458.736,528.604,-23.990,-68.200,0,-237.01,-693.15
1515,25.27525,driven,590.608,466.790,440.400,495.883,-28.239,-79.039,0,-271.36,-610.92
1516,25.29193,driven,579.701,460.337,426.761,464.626,-32.986,-88.393,0,-304.64,-505.58
1517,25.30862,driven,568.003,451.936,415.877,435.608,-38.382,-96.126,0,-324.35,-407.66
1518,25.3253,driven,557.325,442.643,407.639,410.968,-43.685,-101.948,0,-331.14,-303.12
1519,25.34198,driven,547.167,431.959,400.431,388.626,-49.207,-106.452,0,-310.21,-224.44
1520,25.35867,driven,539.091,421.752,394.895,370.599,-54.083,-109.532,0,-266.48,-192.36
1521,25.37535,driven,533.589,413.620,392.467,354.513,-57.760,-112.726,0,-171.84,-182.46
1522,25.39203,driven,530.305,408.164,392.858,340.952,-60.145,-116.059,0,-75.10,-193.74
1523,25.40872,driven,530.305,408.164,396.343,334.250,-60.145,-118.888,0,-13.32,-175.92
1524,25.4254,driven,530.305,408.164,400.792,326.705,-60.145,-122.168,0,34.77,-156.44
1525,25.44208,driven,531.025,409.406,404.426,323.489,-59.608,-124.163,0,84.62,-158.80
1526,25.45877,driven,534.441,414.956,412.020,323.185,-57.167,-126.856,0,166.56,-150.63
1527,25.47545,driven,539.348,422.107,421.500,324.532,-53.919,-129.624,0,236.97,-124.46
1528,25.49213,driven,546.658,431.365,430.792,331.444,-49.500,-130.774,0,274.54,-37.13
1529,25.50882,driven,555.664,441.032,439.693,341.233,-44.551,-130.714,0,312.58,58.92
1530,25.5255,driven,565.986,450.310,446.526,354.715,-39.352,-128.668,0,342.86,159.39
1531,25.54218,driven,579.424,460.156,454.803,371.393,-33.110,-125.461,0,374.45,261.74
1532,25.55887,driven,594.104,468.610,461.446,392.383,-26.763,-119.882,0,400.47,366.62
1533,25.57555,driven,610.624,475.756,469.847,415.834,-20.019,-113.057,0,408.23,488.52
1534,25.59223,driven,628.214,480.993,479.660,444.378,-13.142,-103.846,0,398.13,610.07
1535,25.60892,driven,645.065,483.945,492.206,477.366,-6.732,-92.465,0,368.32,734.86
1536,25.6256,driven,660.047,484.971,509.736,513.534,-1.106,-79.241,0,322.56,864.20
1537,25.64228,driven,673.643,484.629,536.171,551.789,3.989,-63.963,0,257.63,1000.44
1538,25.65897,driven,683.529,483.616,573.647,590.082,7.711,-45.905,0,185.95,1116.14
1539,25.67565,driven,689.891,482.618,621.443,619.453,10.123,-26.575,0,130.71,1215.83
1540,25.69233,driven,695.359,481.539,678.194,633.573,12.210,-6.442,0,127.02,1211.91
1541,25.70902,driven,701.217,480.150,739.672,628.239,14.465,14.557,0,160.92,1165.73
1542,25.7257,driven,709.481,477.769,789.718,608.042,17.686,31.629,0,205.92,1042.38
1543,25.74238,driven,719.188,474.309,834.752,574.579,21.546,49.053,0,261.86,892.77
1544,25.75907,driven,730.529,469.291,865.695,540.979,26.191,62.060,0,312.04,769.20
1545,25.77575,driven,744.137,461.714,891.083,504.325,32.026,73.829,0,356.92,632.11
1546,25.79243,driven,757.371,452.429,909.454,469.159,38.083,83.722,0,378.82,530.61
1547,25.80912,driven,770.415,440.954,923.359,436.793,44.593,91.558,0,395.14,413.04
1548,25.8258,driven,781.959,428.217,933.680,408.476,51.033,97.413,0,403.85,304.70
1549,25.84248,driven,792.688,413.179,942.300,381.162,57.955,102.079,0,380.73,235.42
1550,25.85917,driven,800.283,399.546,947.880,359.246,63.802,105.272,0,320.27,209.03
1551,25.87585,driven,805.275,388.275,949.957,338.516,68.419,108.979,0,237.49,195.43
1552,25.89253,driven,808.149,380.383,949.486,321.793,71.565,112.516,0,143.75,225.71
1553,25.90922,driven,809.712,375.412,947.453,308.805,73.517,115.807,0,65.33,242.70
1554,25.9259,driven,809.712,375.412,940.888,296.660,73.517,120.979,0,3.34,263.26
1555,25.94258,driven,809.712,375.412,935.363,288.115,73.517,124.790,0,-57.47,266.02
1556,25.95927,driven,808.505,379.300,926.793,282.258,71.992,129.365,0,-128.02,261.57
1557,25.97595,driven,805.916,386.626,916.577,280.970,69.082,133.675,0,-209.25,270.00
1558,25.99263,driven,801.687,396.614,903.638,282.530,65.019,138.214,0,-260.01,246.07
1559,26.00932,driven,796.038,407.564,890.773,287.421,60.404,141.744,0,-299.94,182.70
1560,26.026,driven,788.603,419.366,877.765,295.031,55.179,144.355,0,-337.46,97.55
1561,26.04268,driven,778.668,432.149,867.081,307.281,49.113,144.700,0,-378.19,-1.24
1562,26.05937,driven,766.450,444.726,855.897,320.595,42.543,144.224,0,-415.44,-110.35
1563,26.07605,driven,751.500,456.807,847.508,337.678,35.340,141.134,0,-448.35,-233.56
1564,26.09273,driven,733.959,467.550,839.767,357.034,27.632,136.247,0,-473.68,-370.40
1565,26.10942,driven,714.259,476.158,833.609,380.426,19.574,128.733,0,-483.07,-507.46
1566,26.1261,driven,693.692,481.890,827.091,406.964,11.572,119.322,0,-479.32,-660.25
1567,26.14278,driven,672.951,484.676,819.315,440.105,3.729,106.937,0,-462.64,-787.18
1568,26.15947,driven,652.939,484.669,805.803,478.223,-3.770,92.415,0,-428.45,-936.78
1569,26.17615,driven,635.155,482.445,783.823,518.598,-10.486,76.332,0,-366.43,-1102.26
1570,26.19283,driven,620.910,479.097,747.939,564.376,-15.968,56.125,0,-284.15,-1210.61
1571,26.20952,driven,610.887,475.851,697.693,601.842,-19.914,34.567,0,-195.47,-1309.22
1572,26.2262,driven,604.254,473.272,640.874,621.825,-22.579,13.848,0,-117.81,-1394.70
1573,26.24288,driven,600.480,471.643,570.916,621.760,-24.119,-11.141,0,-81.21,-1441.91
1574,26.25957,driven,597.443,470.243,509.038,595.118,-25.371,-35.296,0,-104.44,-1369.43
1575,26.27625,driven,591.882,467.466,464.865,552.765,-27.699,-56.116,0,-178.60,-1187.65
1576,26.29293,driven,583.009,462.424,435.853,504.306,-31.521,-74.113,0,-270.45,-1001.02
1577,26.30962,driven,571.711,454.781,418.712,454.146,-36.631,-90.238,0,-335.94,-858.28
1578,26.3263,driven,559.099,444.310,409.702,411.301,-42.773,-102.459,0,-377.18,-727.00
1579,26.34298,driven,547.543,432.392,408.191,369.224,-48.992,-114.385,0,-397.01,-605.08
1580,26.35967,driven,536.611,418.226,409.023,333.786,-55.697,-123.497,0,-378.43,-526.15
1581,26.37635,driven,528.098,404.184,413.103,303.263,-61.849,-131.271,0,-344.09,-442.95
1582,26.39303,driven,522.647,392.911,422.138,277.556,-66.540,-138.934,0,-254.24,-426.65
1583,26.40972,driven,518.682,382.808,431.606,257.003,-70.605,-145.311,0,-138.04,-414.87
1584,26.4264,driven,517.959,380.705,447.810,244.735,-71.438,-152.710,0,-49.07,-387.21
1585,26.44308,driven,517.959,380.705,462.753,238.012,-71.438,-158.849,0,17.01,-375.47
1586,26.45977,driven,517.959,380.705,477.171,233.243,-71.438,-164.538,0,61.56,-361.17
1587,26.47645,driven,519.608,385.365,495.557,234.267,-69.587,-170.956,0,130.80,-346.32
1588,26.49313,driven,522.489,392.546,513.097,239.834,-66.689,-176.480,0,202.01,-303.01
1589,26.50982,driven,526.647,401.404,528.288,248.412,-63.024,179.385,0,253.88,-236.71
1590,26.5265,driven,532.847,412.431,544.350,259.864,-58.285,175.688,0,305.53,-179.60
1591,26.54318,driven,541.333,424.770,559.026,272.796,-52.675,173.359,0,363.32,-102.85
1592,26.55987,driven,552.413,437.734,572.985,286.123,-46.285,172.273,0,424.29,-9.14
1593,26.57655,driven,567.674,451.674,585.738,299.744,-38.539,173.219,0,492.22,92.42
1594,26.59323,driven,586.727,464.633,599.027,312.128,-29.902,175.389,0,546.67,210.23
1595,26.60992,driven,609.713,475.421,610.110,322.421,-20.382,179.852,0,573.33,311.18
1596,26.6266,driven,634.355,482.295,618.312,330.138,-10.791,-173.981,0,580.53,381.41
1597,26.64328,driven,659.904,484.969,626.680,335.620,-1.159,-167.458,0,576.19,423.39
1598,26.65997,driven,685.344,483.360,633.791,339.306,8.397,-160.309,0,570.49,446.49
1599,26.67665,driven,709.925,477.626,638.537,342.302,17.860,-152.187,0,560.68,485.11
1600,26.69333,driven,732.606,468.250,643.338,343.991,27.061,-144.307,0,542.89,523.26
1601,26.71002,driven,753.012,455.721,644.494,347.865,36.037,-134.825,0,534.06,571.88
1602,26.7267,driven,770.370,440.998,645.189,353.029,44.569,-125.097,0,496.22,598.95
1603,26.74338,driven,785.505,423.659,646.198,360.395,53.196,-114.424,0,479.46,647.26
1604,26.76007,driven,795.675,408.199,647.171,371.383,60.130,-103.923,0,485.37,748.06
1605,26.77675,driven,805.837,386.834,652.837,387.229,68.999,-89.852,0,473.56,828.78
1606,26.79343,driven,811.997,366.771,664.081,405.885,76.864,-75.188,0,458.17,897.99
1607,26.81012,driven,814.960,349.805,681.176,424.040,83.317,-60.975,0,398.49,914.16
1608,26.8268,driven,816.000,332.162,707.976,440.513,89.939,-44.913,0,304.80,904.66
1609,26.84348,driven,815.592,320.832,738.738,453.128,94.186,-30.153,0,165.32,854.85
1610,26.86017,driven,815.377,318.211,770.755,464.559,95.171,-16.957,0,53.51,781.28
1611,26.87685,driven,815.377,318.211,804.439,470.820,95.171,-4.100,0,-20.84,750.42
1612,26.89353,driven,815.377,318.211,837.719,469.571,95.171,8.396,0,-106.18,730.57
1613,26.91022,driven,815.939,327.663,870.239,470.703,91.624,20.788,0,-258.61,769.19
1614,26.9269,driven,815.649,342.358,900.514,469.665,86.118,33.688,0,-454.43,891.56
1615,26.94358,driven,812.403,364.981,929.802,463.095,77.552,50.113,0,-552.09,1012.96
1616,26.96027,driven,803.896,391.643,945.618,449.297,67.056,67.863,0,-552.85,1027.50
1617,26.97695,driven,794.520,410.176,946.674,426.241,59.273,83.973,0,-478.17,895.13
1618,26.99363,driven,783.361,426.457,935.093,406.800,51.876,97.382,0,-421.06,723.07
1619,27.01032,driven,770.772,440.602,916.515,394.042,44.780,107.717,0,-424.15,545.21
1620,27.027,driven,756.462,453.136,894.075,386.266,37.652,115.916,0,-436.69,399.94
1621,27.04368,driven,740.061,464.176,871.341,385.599,30.243,120.903,0,-459.40,281.27
1622,27.06037,driven,720.773,473.673,846.066,385.862,22.185,125.025,0,-484.00,155.75
1623,27.07705,driven,699.914,480.480,822.889,389.452,13.961,126.509,0,-525.65,4.36
1624,27.09373,driven,676.377,484.414,801.880,396.903,5.016,124.887,0,-566.34,-192.70
1625,27.11042,driven,649.498,484.403,781.922,407.767,-5.063,120.059,0,-590.81,-383.65
1626,27.1271,driven,624.168,479.990,765.878,422.307,-14.703,112.149,0,-578.67,-562.10
1627,27.14378,driven,600.657,471.723,750.584,441.213,-24.046,101.502,0,-538.70,-705.04
1628,27.16047,driven,580.415,460.797,733.369,464.571,-32.668,88.587,0,-492.50,-819.45
1629,27.17715,driven,564.066,448.709,711.451,489.775,-40.288,74.431,0,-422.88,-905.52
1630,27.19383,driven,551.656,436.936,682.135,516.837,-46.697,58.518,0,-330.43,-975.21
1631,27.21052,driven,543.724,427.824,645.951,541.661,-51.222,41.924,0,-199.23,-1022.10
1632,27.2272,driven,539.764,422.675,603.079,561.959,-53.655,24.445,0,-79.23,-1051.85
1633,27.24388,driven,539.764,422.675,557.843,574.603,-53.655,6.786,0,7.28,-1121.10
1634,27.26057,driven,539.764,422.675,508.037,572.349,-53.655,-11.968,0,34.81,-1137.63
1635,27.27725,driven,541.206,424.602,460.355,554.495,-52.754,-31.900,0,28.98,-1094.22
1636,27.29393,driven,541.206,424.602,427.312,526.764,-52.754,-48.108,0,3.17,-966.03
1637,27.31062,driven,541.206,424.602,404.085,492.476,-52.754,-63.665,0,-45.31,-831.06
1638,27.3273,driven,539.107,421.775,390.445,457.949,-54.072,-76.324,0,-78.46,-754.04
1639,27.34398,driven,536.864,418.595,383.925,422.920,-55.530,-88.380,0,-93.31,-677.61
1640,27.36067,driven,534.790,415.494,383.923,390.032,-56.927,-99.580,0,-64.09,-648.97
1641,27.37735,driven,533.546,413.552,389.542,361.865,-57.790,-109.745,0,-32.76,-621.10
1642,27.39403,driven,533.546,413.552,401.432,336.386,-57.790,-120.289,0,-0.77,-592.03
1643,27.41072,driven,533.546,413.552,416.153,315.431,-57.790,-129.890,0,29.32,-566.20
1644,27.4274,driven,534.727,415.397,433.683,300.509,-56.970,-138.668,0,61.67,-514.77
1645,27.44408,driven,536.889,418.631,454.491,289.714,-55.513,-147.415,0,106.59,-480.64
1646,27.46077,driven,540.117,423.153,474.432,284.971,-53.432,-154.576,0,160.09,-446.23
1647,27.47745,driven,545.285,429.735,498.040,284.212,-50.298,-162.014,0,217.45,-400.18
1648,27.49413,driven,552.920,438.261,521.706,288.479,-46.011,-168.228,0,269.30,-342.83
1649,27.51082,driven,562.114,447.026,543.851,295.120,-41.253,-173.145,0,324.45,-246.24
1650,27.5275,driven,574.102,456.524,564.923,303.800,-35.523,-176.560,0,373.29,-154.71
1651,27.54418,driven,589.810,466.358,585.031,313.433,-28.579,-178.210,0,417.48,-68.08
1652,27.56087,driven,606.606,474.228,603.455,321.260,-21.628,-178.820,0,442.71,6.25
1653,27.57755,driven,626.120,480.489,620.955,327.576,-13.948,-178.065,0,471.33,97.49
1654,27.59423,driven,647.042,484.166,636.801,331.509,-5.987,-176.162,0,499.08,135.71
1655,27.61092,driven,670.168,484.832,650.846,333.057,2.685,-172.745,0,503.50,154.28
1656,27.6276,driven,691.860,482.254,669.337,330.920,10.873,-171.535,0,493.93,164.47
1657,27.64428,driven,712.550,476.754,680.552,327.138,18.896,-167.928,0,462.59,156.28
1658,27.66097,driven,731.618,468.750,692.604,320.808,26.647,-165.227,0,459.85,158.93
1659,27.67765,driven,748.123,459.134,704.638,312.444,33.805,-163.488,0,454.02,119.19
1660,27.69433,driven,765.357,445.719,716.049,300.883,41.990,-161.199,0,449.18,100.99
1661,27.71102,driven,778.291,432.584,725.777,288.878,48.897,-159.927,0,427.45,61.66
1662,27.7277,driven,789.758,417.682,735.728,274.539,55.943,-159.321,0,389.38,1.49
1663,27.74438,driven,798.195,403.633,745.484,260.000,62.083,-159.848,0,360.84,-49.12
1664,27.76107,driven,804.741,389.607,754.855,244.968,67.882,-160.971,0,327.48,-90.98
1665,27.77775,driven,809.334,376.668,764.272,230.454,73.025,-162.871,0,301.28,-127.59
1666,27.79443,driven,812.659,363.800,773.393,215.924,78.004,-165.129,0,282.01,-159.95
1667,27.81112,driven,814.642,352.338,783.359,202.570,82.361,-168.202,0,268.69,-186.30
1668,27.8278,driven,815.764,340.487,792.748,189.228,86.820,-171.348,0,240.51,-202.01
1669,27.84448,driven,815.994,330.692,802.509,178.287,90.490,-174.944,0,187.82,-221.53
1670,27.86117,driven,815.794,324.056,811.893,171.106,92.976,-178.539,0,104.44,-240.91
1671,27.87785,driven,815.608,321.058,823.318,168.253,94.101,177.112,0,45.90,-221.74
1672,27.89453,driven,815.608,321.058,832.891,169.038,94.101,173.514,0,-4.49,-212.39
1673,27.91122,driven,815.608,321.058,840.121,170.035,94.101,170.781,0,-74.03,-196.70
1674,27.9279,driven,815.906,326.624,851.381,177.794,92.013,166.593,0,-158.61,-201.71
1675,27.94458,driven,815.942,336.231,858.974,189.407,88.416,163.665,0,-231.51,-218.86
1676,27.96127,driven,815.244,347.189,867.965,203.560,84.303,159.844,0,-273.86,-237.29
1677,27.97795,driven,813.476,359.677,877.507,220.720,79.578,155.260,0,-315.16,-282.28
1678,27.99463,driven,809.909,374.742,885.785,241.882,73.778,150.269,0,-357.39,-336.10
1679,28.01132,driven,804.448,390.322,893.850,266.160,67.592,144.245,0,-385.81,-419.79
1680,28.028,driven,796.896,406.032,902.910,295.714,61.062,136.140,0,-400.62,-513.17
1681,28.04468,driven,787.282,421.236,910.032,329.905,54.321,126.651,0,-403.83,-617.90
1682,28.06137,driven,775.934,435.222,913.830,368.937,47.573,115.673,0,-393.93,-750.70
1683,28.07805,driven,764.035,446.895,913.930,416.226,41.327,101.563,0,-369.23,-934.21
1684,28.09473,driven,751.596,456.739,903.861,471.716,35.384,84.382,0,-321.81,-1134.96
1685,28.11142,driven,740.419,463.967,877.825,531.262,30.398,63.907,0,-258.19,-1329.15
1686,28.1281,driven,731.544,468.787,832.031,584.162,26.616,41.054,0,-215.81,-1392.41
1687,28.14478,driven,723.203,472.658,767.871,618.992,23.171,16.975,0,-241.09,-1318.62
1688,28.16147,driven,711.536,477.098,705.625,629.983,18.495,-2.214,0,-322.82,-1116.94
1689,28.17815,driven,694.999,481.616,643.034,625.521,12.072,-19.855,0,-432.38,-915.97
1690,28.19483,driven,674.279,484.584,591.298,613.127,4.227,-32.844,0,-522.34,-758.49
1691,28.21152,driven,648.680,484.328,540.799,592.822,-5.370,-44.838,0,-588.91,-576.23
1692,28.2282,driven,622.607,479.572,500.513,571.778,-15.308,-52.940,0,-628.71,-421.62
1693,28.24488,driven,596.027,469.563,465.636,549.608,-25.959,-58.455,0,-620.94,-287.34
1694,28.26157,driven,572.402,455.292,436.499,525.574,-36.309,-62.654,0,-595.40,-216.38
1695,28.27825,driven,553.804,439.169,414.049,501.438,-45.537,-65.984,0,-557.52,-153.09
1696,28.29493,driven,537.932,420.130,396.120,477.562,-54.829,-67.953,0,-538.66,-94.15
1697,28.31162,driven,525.974,400.065,383.073,454.730,-63.585,-69.066,0,-525.74,-51.31
1698,28.3283,driven,517.324,378.770,373.574,431.162,-72.200,-69.975,0,-492.89,-49.41
1699,28.34498,driven,512.358,358.759,367.792,408.855,-79.927,-70.887,0,-430.20,-88.78
1700,28.36167,driven,510.304,341.635,363.901,386.077,-86.390,-73.114,0,-315.98,-181.93
1701,28.37835,driven,510.007,330.489,360.892,364.746,-90.566,-77.062,0,-171.45,-329.57
1702,28.39503,driven,510.114,326.089,358.062,343.096,-92.214,-83.618,0,-65.30,-423.30
1703,28.41172,driven,510.114,326.093,357.220,320.397,-92.213,-92.134,0,13.86,-494.93
1704,28.4284,driven,510.114,326.089,359.171,301.085,-92.214,-99.406,0,92.86,-549.68
1705,28.44508,driven,510.005,333.256,366.065,281.390,-89.529,-109.816,0,170.88,-594.58
1706,28.46177,driven,510.395,342.991,377.794,266.664,-85.880,-119.925,0,243.93,-592.18
1707,28.47845,driven,511.510,353.445,392.989,256.689,-81.943,-129.227,0,266.30,-518.02
1708,28.49513,driven,513.989,366.709,409.796,254.670,-76.888,-137.078,0,290.51,-481.51
1709,28.51182,driven,517.370,378.915,429.380,253.748,-72.144,-144.893,0,322.17,-455.67
1710,28.5285,driven,522.751,393.148,452.054,257.461,-66.443,-152.479,0,355.68,-397.83
1711,28.54518,driven,530.489,408.485,473.820,266.366,-60.007,-158.260,0,397.27,-296.97
1712,28.56187,driven,540.660,423.880,493.090,278.463,-53.092,-161.886,0,443.84,-171.96
1713,28.57855,driven,554.000,439.368,511.847,292.290,-45.432,-164.008,0,506.89,-36.19
1714,28.59523,driven,572.547,455.399,528.717,308.811,-36.242,-163.353,0,552.84,93.07
1715,28.61192,driven,594.627,468.873,543.074,324.819,-26.544,-160.309,0,592.48,235.92
1716,28.6286,driven,618.378,478.348,555.349,338.934,-16.957,-155.673,0,635.22,404.23
1717,28.64528,driven,647.565,484.219,565.060,355.371,-5.790,-147.368,0,643.68,566.34
1718,28.66197,driven,677.072,484.351,570.860,374.224,5.277,-136.037,0,622.82,712.94
1719,28.67865,driven,700.950,480.219,574.008,394.808,14.361,-123.934,0,570.33,825.13
1720,28.69533,driven,725.148,471.809,580.494,421.968,23.966,-109.012,0,522.78,926.70
1721,28.71202,driven,744.562,461.447,591.724,454.398,32.214,-92.641,0,461.07,1018.52
1722,28.7287,driven,759.462,450.761,611.398,489.310,39.085,-75.407,0,364.73,1055.70
1723,28.74538,driven,769.960,441.401,641.239,524.106,44.354,-57.279,0,278.49,1085.41
1724,28.76207,driven,777.388,433.609,681.005,552.434,48.386,-39.047,0,201.58,1157.79
1725,28.77875,driven,781.987,428.183,731.330,572.554,51.050,-19.335,0,119.90,1244.46
1726,28.79543,driven,784.615,424.838,791.865,577.666,52.643,2.716,0,53.20,1280.64
1727,28.81212,driven,784.615,424.838,847.098,564.498,52.643,24.104,0,-10.70,1305.34
1728,28.8288,driven,784.615,424.838,892.374,533.451,52.643,44.774,0,-39.95,1307.63
1729,28.84548,driven,782.494,427.552,924.186,485.278,51.353,67.834,0,-38.61,1259.41
1730,28.86217,driven,782.494,427.552,935.391,433.153,51.353,87.902,0,-7.17,1176.86
1731,28.87885,driven,782.494,427.552,929.897,386.546,51.353,105.546,0,45.23,1062.96
1732,28.89553,driven,784.693,424.735,911.806,339.580,52.691,123.819,0,80.46,995.82
1733,28.91222,driven,787.029,421.587,886.595,305.416,54.159,139.401,0,115.23,939.15
1734,28.9289,driven,789.953,417.393,856.238,279.497,56.074,154.327,0,96.85,872.20
1735,28.94558,driven,792.405,413.629,821.287,263.380,57.756,169.119,0,63.69,848.45
1736,28.96227,driven,792.405,413.629,785.719,260.775,57.756,-177.495,0,-0.45,807.76
1737,28.97895,driven,792.405,413.629,750.297,266.538,57.756,-164.025,0,-59.95,753.81
1738,28.99563,driven,789.709,417.754,717.187,283.034,55.911,-151.706,0,-111.31,769.12
1739,29.01232,driven,786.382,422.475,687.576,305.658,53.748,-139.775,0,-171.84,724.60
1740,29.029,driven,780.988,429.406,657.313,339.330,50.458,-126.067,0,-219.91,678.72
1741,29.04568,driven,773.487,437.837,637.501,367.718,46.231,-117.277,0,-284.26,626.18
1742,29.06237,driven,763.605,447.272,616.514,405.163,41.113,-105.975,0,-338.51,621.41
1743,29.07905,driven,750.512,457.502,598.122,443.856,34.888,-95.117,0,-383.61,726.01
1744,29.09573,driven,735.179,466.905,583.532,487.213,28.148,-82.372,0,-424.19,837.36
1745,29.11242,driven,716.771,475.240,575.925,535.000,20.576,-67.009,0,-503.06,940.38
1746,29.1291,driven,693.346,481.960,577.066,581.398,11.440,-49.464,0,-670.31,1153.15
1747,29.14578,driven,660.805,484.984,581.867,616.049,-0.822,-31.060,0,-789.89,1375.16
1748,29.16247,driven,621.924,479.383,611.770,632.046,-15.573,-3.805,0,-781.08,1435.94
1749,29.17915,driven,594.481,468.800,643.299,613.803,-26.605,18.607,0,-632.38,1256.05
1750,29.19583,driven,573.418,456.033,663.350,579.812,-35.838,36.000,0,-452.35,935.81
1751,29.21252,driven,560.335,445.441,677.290,544.085,-42.145,49.855,0,-334.22,768.01
1752,29.2292,driven,551.087,436.328,686.074,508.352,-47.009,61.917,0,-259.48,684.84
1753,29.24588,driven,543.928,428.077,689.988,473.634,-51.101,72.677,0,-266.53,598.68
1754,29.26257,driven,536.504,418.069,688.179,438.166,-55.768,82.452,0,-298.82,506.93
1755,29.27925,driven,528.751,405.390,681.742,407.006,-61.336,89.395,0,-315.33,404.37
1756,29.29593,driven,522.741,393.127,674.855,376.682,-66.452,96.170,0,-310.65,378.21
1757,29.31262,driven,518.122,381.186,668.108,350.971,-71.248,101.390,0,-295.86,327.43
1758,29.3293,driven,514.363,368.275,659.652,320.318,-76.285,108.267,0,-276.00,268.01
1759,29.34598,driven,512.159,357.613,655.323,303.639,-80.363,110.657,0,-198.79,296.78
1760,29.36267,driven,511.105,350.356,647.986,281.999,-83.110,116.537,0,-90.86,373.66
1761,29.37935,driven,511.025,349.678,636.893,262.694,-83.365,124.647,0,-26.42,465.26
1762,29.39603,driven,511.025,349.678,624.553,247.109,-83.365,132.097,0,19.35,464.78
1763,29.41272,driven,511.025,349.678,610.484,233.416,-83.365,139.454,0,71.73,471.84
1764,29.4294,driven,511.862,355.798,592.721,225.911,-81.052,148.096,0,156.24,523.53
1765,29.44608,driven,513.460,364.352,573.234,223.512,-77.793,157.003,0,225.57,571.99
1766,29.46277,driven,516.115,374.822,550.262,225.681,-73.747,167.104,0,258.16,610.45
1767,29.47945,driven,519.938,386.242,526.617,233.388,-69.236,177.498,0,290.97,651.12
1768,29.49613,driven,525.281,398.653,501.916,247.447,-64.174,-171.216,0,310.18,694.23
1769,29.51282,driven,532.228,411.421,477.981,268.361,-58.729,-159.234,0,335.93,766.35
1770,29.5295,driven,540.250,423.332,454.415,296.678,-53.349,-145.874,0,345.47,822.25
1771,29.54618,driven,550.673,435.883,435.364,335.322,-47.236,-131.092,0,324.66,901.80
1772,29.56287,driven,559.850,445.000,422.263,378.077,-42.391,-115.939,0,271.52,1026.67
1773,29.57955,driven,567.537,451.565,415.700,432.745,-38.604,-97.066,0,178.98,1217.72
1774,29.59623,driven,573.013,455.739,425.045,494.653,-36.026,-75.266,0,100.39,1407.45
1775,29.61292,driven,575.038,457.187,456.720,554.191,-35.093,-50.653,0,65.75,1468.05
1776,29.6296,driven,577.921,459.164,510.054,596.288,-33.784,-26.332,0,113.62,1399.97
1777,29.64628,driven,584.316,463.216,571.658,615.692,-30.949,-4.746,0,241.51,1201.77
1778,29.66297,driven,596.579,469.830,632.911,618.454,-25.730,13.737,0,382.97,975.92
1779,29.67965,driven,615.642,477.486,686.374,613.155,-18.031,27.536,0,507.86,757.72
1780,29.69633,driven,639.131,483.127,735.165,602.234,-8.975,38.879,0,585.31,558.81
1781,29.71302,driven,666.599,484.958,777.746,590.102,1.348,46.590,0,625.35,379.48
1782,29.7297,driven,694.063,481.814,813.837,577.014,11.714,51.521,0,634.39,209.20
1783,29.74638,driven,721.165,473.512,844.613,563.898,22.344,53.789,0,609.94,94.99
1784,29.76307,driven,744.741,461.334,869.324,550.149,32.294,54.515,0,598.47,-12.18
1785,29.77975,driven,764.973,446.063,889.010,535.640,41.797,54.164,0,580.56,-77.84
1786,29.79643,driven,783.451,426.343,903.504,521.192,51.930,51.689,0,570.12,-120.30
1787,29.81312,driven,796.511,406.725,914.431,504.213,60.765,50.418,0,540.26,-103.35
1788,29.8298,driven,806.374,385.412,921.278,486.438,69.568,48.677,0,476.95,-27.82
1789,29.84648,driven,812.042,366.577,927.719,466.716,76.939,49.118,0,408.39,37.82
1790,29.86317,driven,814.724,351.721,933.549,448.104,82.594,50.953,0,277.54,170.67
1791,29.87985,driven,815.746,340.816,939.228,431.156,86.697,53.811,0,135.29,290.32
1792,29.89653,driven,815.820,339.423,949.373,414.073,87.219,60.797,0,40.29,376.51
1793,29.91322,driven,815.820,339.423,956.754,398.976,87.219,67.093,0,-23.00,416.37
1794,29.9299,driven,815.820,339.423,962.821,381.845,87.219,73.903,0,-81.21,457.36
1795,29.94658,driven,815.347,346.125,966.891,367.179,84.703,82.091,0,-175.41,533.58
1796,29.96327,driven,814.081,356.157,966.980,350.608,80.916,92.078,0,-256.82,590.75
1797,29.97995,driven,811.700,368.017,961.770,338.217,76.384,101.232,0,-296.26,550.71
1798,29.99663,driven,807.768,381.511,950.857,327.341,71.119,110.735,0,-333.48,472.69
1799,30.01332,driven,802.027,395.879,938.524,326.758,65.323,116.857,0,-364.09,417.36
1800,30.03,driven,794.110,410.862,921.328,325.866,58.973,123.748,0,-386.33,351.32
1801,30.04668,driven,784.271,425.287,902.465,328.131,52.431,129.420,0,-403.69,272.72
1802,30.06337,driven,772.145,439.221,884.968,335.876,45.510,132.489,0,-426.10,132.97
1803,30.08005,driven,757.653,452.207,868.672,346.927,38.218,133.480,0,-460.98,-12.05
1804,30.09673,driven,739.980,464.223,853.150,361.259,30.208,132.297,0,-496.63,-153.49
1805,30.11342,driven,719.475,474.196,839.725,379.598,21.661,128.191,0,-513.40,-315.75
1806,30.1301,driven,697.415,481.079,827.447,400.453,12.999,121.801,0,-518.72,-480.24
1807,30.14678,driven,675.423,484.495,817.028,426.553,4.657,112.253,0,-510.75,-632.88
1808,30.16347,driven,652.388,484.632,802.826,456.750,-3.977,100.500,0,-487.25,-773.95
1809,30.18015,driven,632.202,481.868,784.897,491.529,-11.612,86.380,0,-439.46,-949.54
1810,30.19683,driven,614.974,477.267,758.496,530.282,-18.294,69.726,0,-348.71,-1094.29
1811,30.21352,driven,602.145,472.377,718.071,572.229,-23.437,49.260,0,-237.93,-1161.84
1812,30.2302,driven,595.114,469.115,672.188,601.284,-26.340,30.248,0,-141.41,-1264.74
1813,30.24688,driven,591.174,467.093,616.473,617.987,-27.999,9.518,0,-87.86,-1358.29
1814,30.26357,driven,587.343,464.985,546.006,612.295,-29.636,-15.675,0,-91.21,-1344.65
1815,30.28025,driven,583.826,462.922,492.098,585.376,-31.163,-36.836,0,-121.33,-1230.99
1816,30.29693,driven,578.053,459.252,454.231,549.124,-33.725,-54.027,0,-164.02,-1045.02
1817,30.31362,driven,571.259,454.445,425.189,499.968,-36.842,-72.690,0,-223.11,-939.47
1818,30.3303,driven,562.887,447.699,410.254,458.297,-40.869,-86.028,0,-265.50,-848.83
1819,30.34698,driven,553.234,438.586,402.377,413.071,-45.842,-99.600,0,-294.57,-722.04
1820,30.36367,driven,544.863,429.225,402.696,372.680,-50.546,-111.689,0,-292.09,-668.97
1821,30.38035,driven,537.073,418.899,406.214,339.622,-55.391,-121.208,0,-270.20,-590.02
1822,30.39703,driven,531.242,409.775,416.623,308.427,-59.447,-131.484,0,-224.84,-559.93
1823,30.41372,driven,526.936,401.968,429.157,284.289,-62.787,-140.277,0,-137.35,-550.26
1824,30.4304,driven,525.118,398.314,447.154,266.667,-64.315,-149.365,0,-60.84,-499.71
1825,30.44708,driven,525.118,398.314,466.895,256.824,-64.315,-157.633,0,6.42,-472.24
1826,30.46377,driven,525.118,398.314,484.554,250.789,-64.315,-164.626,0,58.85,-447.52
1827,30.48045,driven,527.138,402.360,506.958,250.697,-62.621,-172.421,0,112.60,-431.26
1828,30.49713,driven,530.275,408.112,528.630,255.121,-60.168,-179.384,0,177.73,-389.08
1829,30.51382,driven,534.777,415.474,548.596,263.100,-56.935,174.818,0,229.48,-317.23
1830,30.5305,driven,541.746,425.308,567.723,274.530,-52.421,170.225,0,300.53,-244.68
1831,30.54718,driven,550.996,436.231,586.786,287.476,-47.059,166.472,0,358.35,-180.60
1832,30.56387,driven,563.955,448.615,605.334,301.317,-40.342,164.309,0,404.91,-117.47
1833,30.58055,driven,578.278,459.402,623.874,313.354,-33.624,162.662,0,443.17,-33.81
1834,30.59723,driven,596.414,469.751,642.408,323.828,-25.798,162.505,0,469.44,19.99
1835,30.61392,driven,616.229,477.676,659.155,330.821,-17.800,163.706,0,490.79,33.88
1836,30.6306,driven,637.367,482.838,680.806,336.134,-9.644,163.506,0,487.92,-5.59
1837,30.64728,driven,658.881,484.945,703.718,338.662,-1.543,162.959,0,468.96,-74.01
1838,30.66397,driven,679.461,484.112,728.311,339.120,6.176,161.380,0,456.77,-127.08
1839,30.68065,driven,698.426,480.842,754.913,338.651,13.388,158.334,0,450.14,-202.05
1840,30.69733,driven,718.554,474.558,783.989,336.256,21.291,154.680,0,446.90,-283.14
1841,30.71402,driven,736.012,466.455,815.011,335.428,28.503,148.913,0,439.00,-384.35
1842,30.7307,driven,752.289,456.244,847.181,336.225,35.703,141.669,0,419.76,-498.13
1843,30.74738,driven,767.039,444.182,880.401,341.429,42.843,132.190,0,435.14,-619.53
1844,30.76407,driven,780.203,430.348,911.498,351.795,49.999,120.892,0,463.01,-761.00
1845,30.78075,driven,793.344,412.121,940.028,368.614,58.422,106.520,0,507.75,-998.85
1846,30.79743,driven,803.793,391.885,956.777,394.112,66.958,89.166,0,556.00,-1168.98
1847,30.81412,driven,811.645,368.243,952.210,428.662,76.297,66.740,0,544.70,-1182.40
1848,30.8308,driven,815.482,344.580,931.899,443.858,85.284,49.544,0,450.99,-1048.72
1849,30.84748,driven,815.967,328.807,900.135,456.575,91.196,33.375,0,262.22,-867.14
1850,30.86417,driven,815.617,321.183,866.904,465.331,94.054,19.585,0,101.37,-801.55
1851,30.88085,driven,815.617,321.186,834.322,473.038,94.053,7.022,0,-4.57,-760.87
1852,30.89753,driven,815.617,321.186,799.605,473.346,94.053,-6.007,0,-105.98,-763.07
1853,30.91422,driven,815.968,328.887,766.743,473.752,91.166,-18.768,0,-225.44,-768.12
1854,30.9309,driven,815.639,342.501,736.037,473.163,86.064,-31.351,0,-353.28,-757.87
1855,30.94758,driven,813.438,359.880,707.258,470.037,79.501,-43.947,0,-438.12,-730.74
1856,30.96427,driven,808.302,379.920,681.914,466.148,71.747,-55.696,0,-504.36,-660.59
1857,30.98095,driven,799.163,401.776,659.515,464.286,62.867,-65.885,0,-533.92,-564.07
1858,30.99763,driven,786.515,422.294,639.395,464.300,53.832,-74.065,0,-519.64,-430.98
1859,31.01432,driven,772.156,439.210,621.265,464.528,45.515,-80.475,0,-504.86,-278.60
1860,31.031,driven,755.808,453.638,603.868,471.619,37.343,-83.251,0,-514.97,-113.26
1861,31.04768,driven,735.448,466.760,583.290,482.791,28.263,-83.986,0,-527.62,48.96
1862,31.06437,driven,713.697,476.357,562.257,498.154,19.351,-81.809,0,-530.70,185.87
1863,31.08105,driven,691.579,482.307,542.449,516.502,10.765,-77.086,0,-536.05,391.63
1864,31.09773,driven,666.677,484.956,523.557,539.047,1.377,-69.296,0,-582.28,691.70
1865,31.11442,driven,639.719,483.218,513.936,570.326,-8.752,-55.297,0,-670.23,888.12
1866,31.1311,driven,609.788,475.449,516.192,596.480,-20.352,-37.716,0,-714.87,981.00
1867,31.14778,driven,580.001,460.531,516.757,599.848,-32.853,-24.416,0,-667.56,924.90
1868,31.16447,driven,559.211,444.414,538.358,595.986,-42.716,-7.834,0,-546.87,809.07
1869,31.18115,driven,544.988,429.377,555.865,581.990,-50.472,4.076,0,-425.54,683.27
1870,31.19783,driven,534.549,415.122,570.493,563.840,-57.093,13.588,0,-357.66,506.71
1871,31.21452,driven,527.153,402.389,583.175,544.764,-62.609,21.479,0,-315.98,428.50
1872,31.2312,driven,521.574,390.376,593.368,525.486,-67.571,27.985,0,-282.27,365.40
1873,31.24788,driven,517.316,378.745,602.288,505.980,-72.210,33.736,0,-257.27,313.54
1874,31.26457,driven,514.435,368.572,609.845,488.179,-76.171,38.579,0,-231.39,273.30
1875,31.28125,driven,512.346,358.690,616.073,471.161,-79.954,42.684,0,-214.34,226.49
1876,31.29793,driven,511.003,349.493,621.417,455.408,-83.435,46.191,0,-221.50,161.65
1877,31.31462,driven,510.192,339.664,624.424,441.449,-87.129,48.298,0,-231.77,90.09
1878,31.3313,driven,510.034,328.782,625.727,428.902,-91.205,49.127,0,-229.42,37.11
1879,31.34798,driven,510.491,319.754,627.307,418.562,-94.591,49.774,0,-165.05,51.67
1880,31.36467,driven,511.124,313.490,629.520,410.399,-96.949,50.699,0,-84.13,89.21
1881,31.38135,driven,511.124,313.490,633.658,405.110,-96.949,53.214,0,-3.58,143.94
1882,31.39803,driven,511.124,313.490,637.116,400.294,-96.949,55.434,0,79.72,194.80
1883,31.41472,driven,510.528,319.294,642.398,396.878,-94.764,59.530,0,168.23,248.69
1884,31.4314,driven,510.026,329.203,647.331,396.703,-91.047,63.821,0,263.46,296.71
1885,31.44808,driven,510.356,342.437,653.355,396.848,-86.088,69.168,0,318.63,299.04
1886,31.46477,driven,512.119,357.374,659.105,399.850,-80.454,73.882,0,360.52,276.88
1887,31.48145,driven,515.797,373.716,665.517,405.225,-74.178,78.115,0,399.93,228.99
1888,31.49813,driven,521.948,391.273,673.237,414.088,-67.207,81.424,0,432.16,174.71
1889,31.51482,driven,530.979,409.326,683.091,425.782,-59.642,83.826,0,463.73,97.61
1890,31.5315,driven,542.443,426.208,694.763,440.621,-51.995,84.594,0,473.00,-11.00
1891,31.54818,driven,557.363,442.679,709.370,460.086,-43.665,83.467,0,477.55,-133.05
1892,31.56487,driven,573.015,455.740,723.639,482.600,-36.025,79.889,0,490.56,-246.54
1893,31.58155,driven,592.434,467.755,739.938,508.395,-27.466,74.596,0,523.18,-432.89
1894,31.59823,driven,614.817,477.215,754.948,538.634,-18.356,66.332,0,569.14,-690.87
1895,31.61492,driven,641.133,483.429,761.578,577.780,-8.217,51.927,0,642.25,-854.48
1896,31.6316,driven,669.894,484.845,758.757,609.393,2.582,35.507,0,735.62,-1051.53
1897,31.64828,driven,704.959,479.134,758.636,622.409,15.917,20.538,0,768.12,-1137.05
1898,31.66497,driven,736.206,466.350,728.866,619.174,28.586,-2.750,0,686.37,-1083.07
1899,31.68165,driven,758.390,451.623,712.036,597.432,38.570,-17.636,0,529.22,-879.51
1900,31.69833,driven,772.929,438.417,698.445,572.063,45.930,-29.132,0,416.35,-598.26
1901,31.71502,driven,784.188,425.394,688.659,544.906,52.380,-38.636,0,354.49,-506.63
1902,31.7317,driven,793.089,412.536,682.628,518.401,58.239,-46.217,0,320.38,-427.50
1903,31.74838,driven,799.425,401.261,677.399,493.558,63.084,-52.897,0,295.25,-356.31
1904,31.76507,driven,804.823,389.405,674.537,469.621,67.964,-58.380,0,279.23,-296.59
1905,31.78175,driven,809.063,377.549,673.193,447.893,72.680,-62.628,0,271.05,-234.18
1906,31.79843,driven,812.066,366.470,672.092,428.244,76.980,-66.187,0,268.13,-165.69
1907,31.81512,driven,814.281,354.872,671.984,411.091,81.403,-68.442,0,270.15,-94.69
1908,31.8318,driven,815.629,342.646,672.415,396.485,86.010,-69.397,0,257.72,-43.91
1909,31.84848,driven,815.999,332.509,672.118,384.539,89.809,-70.119,0,180.77,-71.38
1910,31.86517,driven,815.875,325.807,670.727,374.192,92.320,-71.564,0,86.48,-133.74
1911,31.88185,driven,815.875,325.811,668.064,365.321,92.318,-75.035,0,7.04,-200.76
1912,31.89853,driven,815.875,325.810,666.032,356.731,92.319,-78.340,0,-62.23,-249.18
1913,31.91522,driven,815.988,330.107,664.101,348.526,90.709,-83.086,0,-146.55,-304.31
1914,31.9319,driven,815.843,338.933,662.903,343.222,87.403,-88.394,0,-241.97,-355.24
1915,31.94858,driven,814.685,352.017,662.265,338.709,82.482,-94.990,0,-299.16,-361.07
1916,31.96527,driven,812.318,365.365,661.978,336.957,77.404,-100.700,0,-334.67,-364.35
1917,31.98195,driven,808.040,380.706,661.449,336.888,71.437,-106.642,0,-399.55,-386.34
1918,31.99863,driven,801.008,398.051,660.737,336.953,64.424,-113.536,0,-466.69,-420.05
1919,32.01532,driven,789.168,418.548,657.693,340.296,55.551,-120.761,0,-503.42,-395.18
1920,32.032,driven,775.811,435.357,653.464,343.487,47.504,-126.903,0,-530.44,-354.11
1921,32.04868,driven,758.680,451.392,644.545,349.499,38.708,-131.757,0,-525.19,-290.10
1922,32.06537,driven,737.888,465.419,633.394,353.661,29.306,-136.924,0,-526.96,-222.13
1923,32.08205,driven,718.902,474.422,618.933,358.598,21.430,-139.202,0,-498.98,-126.24
1924,32.09873,driven,697.100,481.152,600.171,362.772,12.878,-140.689,0,-470.85,-10.39
1925,32.11542,driven,676.947,484.363,578.464,367.273,5.230,-139.933,0,-473.42,79.03
1926,32.1321,driven,656.527,484.863,553.377,371.862,-2.425,-137.609,0,-473.18,192.78
1927,32.14878,driven,634.662,482.353,524.208,376.481,-10.674,-133.786,0,-463.31,300.60
1928,32.16547,driven,614.812,477.213,493.282,384.265,-18.358,-127.409,0,-446.45,426.16
1929,32.18215,driven,597.810,470.417,464.495,395.341,-25.219,-119.386,0,-446.95,554.11
1930,32.19883,driven,578.915,459.823,433.954,410.881,-33.338,-108.656,0,-493.32,732.41
1931,32.21552,driven,560.701,445.771,408.335,431.855,-41.961,-95.218,0,-567.50,997.00
1932,32.2322,driven,542.755,426.605,393.931,462.108,-51.806,-76.582,0,-615.43,1172.04
1933,32.24888,driven,527.385,402.835,401.728,490.123,-62.421,-55.214,0,-604.89,1170.76
1934,32.26557,driven,517.558,379.493,423.560,500.213,-71.916,-37.906,0,-504.19,1016.76
1935,32.28225,driven,512.779,361.030,454.504,502.497,-79.062,-22.388,0,-359.12,865.21
1936,32.29893,driven,510.902,348.593,488.076,499.881,-83.774,-8.580,0,-239.44,788.62
1937,32.31562,driven,510.230,340.387,521.320,492.984,-86.858,4.157,0,-138.04,745.59
1938,32.3323,driven,510.029,335.003,552.805,481.902,-88.875,16.235,0,-69.71,736.05
1939,32.34898,driven,510.029,335.003,584.152,468.849,-88.875,28.977,0,-1.65,752.03
1940,32.36567,driven,510.029,335.003,611.393,449.609,-88.875,41.491,0,79.36,780.63
1941,32.38235,driven,510.270,341.084,635.455,429.049,-86.596,54.905,0,179.10,817.83
1942,32.39903,driven,511.254,351.546,653.967,406.699,-82.660,68.871,0,283.33,867.97
1943,32.41572,driven,513.870,366.196,665.936,383.079,-77.085,83.665,0,365.61,879.39
1944,32.4324,driven,518.508,382.309,669.743,359.135,-70.803,98.712,0,424.76,919.10
1945,32.44908,driven,526.803,401.709,667.402,341.369,-62.896,113.227,0,462.46,907.92
1946,32.46577,driven,537.224,419.118,654.837,321.260,-55.292,129.762,0,487.45,869.77
1947,32.48245,driven,551.110,436.353,643.875,314.683,-46.996,142.677,0,497.93,852.18
1948,32.49913,driven,567.771,451.752,627.603,310.936,-38.492,156.980,0,517.98,865.21
1949,32.51582,driven,586.734,464.637,606.496,312.918,-29.899,172.579,0,522.61,949.09
1950,32.5325,driven,607.781,474.688,585.420,323.331,-21.156,-171.596,0,515.30,988.07
1951,32.54918,driven,629.027,481.181,563.541,342.904,-12.829,-154.658,0,466.70,989.27
1952,32.56587,driven,648.642,484.325,546.038,370.829,-5.385,-137.885,0,411.06,1014.79
1953,32.58255,driven,664.012,484.997,533.369,405.364,0.379,-121.364,0,354.08,1075.78
1954,32.59923,driven,679.332,484.126,529.667,452.356,6.128,-101.984,0,245.69,1177.65
1955,32.61592,driven,688.191,482.912,536.859,505.440,9.477,-81.533,0,114.91,1290.93
1956,32.6326,driven,688.191,482.912,555.971,559.897,9.477,-59.790,0,2.77,1295.68
1957,32.64928,driven,688.191,482.912,596.502,605.395,9.477,-36.818,0,-24.39,1399.89
1958,32.66597,driven,687.453,483.033,645.764,630.244,9.197,-15.812,0,-21.85,1425.24
1959,32.68265,driven,687.453,483.033,717.692,633.015,9.197,11.399,0,7.42,1311.50
1960,32.69933,driven,687.453,483.033,762.822,616.182,9.197,29.512,0,86.62,1098.47
1961,32.71602,driven,694.970,481.622,803.611,589.355,12.061,45.240,0,189.28,845.26
1962,32.7327,driven,704.987,479.126,836.171,557.864,15.928,59.027,0,280.63,752.16
1963,32.74938,driven,717.774,474.860,861.946,526.079,20.977,70.442,0,316.06,647.19
1964,32.76607,driven,731.634,468.742,882.455,494.476,26.653,80.317,0,345.35,540.71
1965,32.78275,driven,744.637,461.400,897.606,464.454,32.247,88.856,0,361.39,434.12
1966,32.79943,driven,758.370,451.640,910.829,438.791,38.560,94.817,0,371.42,323.86
1967,32.81612,driven,770.647,440.725,921.560,415.540,44.715,99.474,0,362.25,230.44
1968,32.8328,driven,781.168,429.188,930.409,395.483,50.564,102.726,0,335.80,152.98
1969,32.84948,driven,789.398,418.213,937.320,379.123,55.703,104.803,0,300.96,87.49
1970,32.86617,driven,796.194,407.289,943.481,365.871,60.522,105.706,0,246.83,61.96
1971,32.88285,driven,800.446,399.213,946.886,354.894,63.941,106.838,0,155.55,69.72
1972,32.89953,driven,802.622,394.567,947.814,346.314,65.862,108.384,0,67.08,111.75
1973,32.91622,driven,802.622,394.567,946.182,341.657,65.862,110.232,0,0.21,125.55
1974,32.9329,driven,802.622,394.567,943.460,334.787,65.862,113.000,0,-62.35,142.17
1975,32.94958,driven,800.763,398.560,939.862,334.838,64.213,114.613,0,-127.16,148.58
1976,32.96627,driven,797.217,405.448,932.847,334.641,61.311,117.567,0,-200.00,118.79
1977,32.98295,driven,792.249,413.876,925.817,339.252,57.647,119.192,0,-248.45,72.38
1978,32.99963,driven,785.416,423.779,918.812,348.849,53.140,119.323,0,-287.34,-11.17
1979,33.01632,driven,776.736,434.339,910.728,360.480,48.019,118.864,0,-322.42,-78.31
1980,33.033,driven,766.310,444.854,902.941,375.999,42.472,116.746,0,-351.47,-161.38
1981,33.04968,driven,753.699,455.218,894.134,394.500,36.356,113.382,0,-372.76,-260.13
1982,33.06637,driven,739.380,464.571,884.858,417.188,29.948,108.041,0,-395.66,-355.49
1983,33.08305,driven,723.814,472.394,873.893,442.638,23.421,101.215,0,-404.64,-479.67
1984,33.09973,driven,706.275,478.753,859.149,472.542,16.430,92.326,0,-396.92,-616.37
1985,33.11642,driven,690.106,482.580,840.935,508.259,10.204,80.338,0,-363.11,-791.60
1986,33.1331,driven,675.005,484.528,815.131,545.957,4.500,66.328,0,-311.45,-931.80
1987,33.14978,driven,662.589,484.999,778.186,585.231,-0.154,49.072,0,-253.51,-1008.73
1988,33.16647,driven,652.531,484.641,733.487,614.468,-3.924,31.946,0,-177.29,-1154.65
1989,33.18315,driven,646.034,484.056,680.276,633.175,-6.367,12.933,0,-107.27,-1259.67
1990,33.19983,driven,642.214,483.581,613.368,633.838,-7.808,-10.867,0,-112.55,-1249.01
1991,33.21652,driven,636.994,482.774,561.835,616.041,-9.786,-29.422,0,-193.43,-1073.40
1992,33.2332,driven,624.487,480.073,516.456,588.417,-14.579,-44.917,0,-300.09,-846.54
1993,33.24988,driven,610.387,475.669,480.585,556.665,-20.113,-58.036,0,-373.61,-712.68
1994,33.26657,driven,594.301,468.709,451.589,523.867,-26.680,-68.869,0,-409.81,-578.19
1995,33.28325,driven,578.039,459.242,428.721,492.606,-33.731,-77.405,0,-438.16,-455.13
1996,33.29993,driven,562.116,447.028,409.961,463.081,-41.252,-83.978,0,-450.64,-340.26
1997,33.31662,driven,548.197,433.139,395.221,435.876,-48.621,-88.975,0,-448.69,-235.71
1998,33.3333,driven,536.008,417.335,383.103,411.956,-56.100,-92.015,0,-432.63,-144.39
1999,33.34998,driven,526.838,401.778,374.215,391.054,-62.866,-94.019,0,-383.29,-104.21
2000,33.36667,driven,520.329,387.263,368.065,372.281,-68.826,-95.620,0,-293.30,-133.77
2001,33.38335,driven,517.000,377.749,365.708,354.948,-72.602,-98.570,0,-169.98,-214.98
2002,33.40003,driven,515.490,372.619,366.288,338.741,-74.604,-102.793,0,-69.40,-281.03
2003,33.41672,driven,515.490,372.619,370.176,324.736,-74.604,-108.238,0,5.78,-318.58
2004,33.4334,driven,515.490,372.619,374.815,312.457,-74.604,-113.155,0,73.74,-340.79
2005,33.45008,driven,517.097,378.057,383.559,303.380,-72.481,-119.215,0,139.39,-337.43
2006,33.46677,driven,519.631,385.427,394.212,297.797,-69.562,-124.942,0,212.36,-337.24
2007,33.48345,driven,523.513,394.867,406.055,296.823,-65.739,-129.852,0,255.09,-310.26
2008,33.50013,driven,529.254,406.303,421.487,297.697,-60.945,-135.222,0,301.52,-271.90
2009,33.51682,driven,536.449,417.988,436.175,302.428,-55.805,-139.051,0,331.24,-192.82
2010,33.5335,driven,546.073,430.676,450.592,311.125,-49.839,-141.387,0,357.32,-77.05
2011,33.55018,driven,557.034,442.364,461.995,322.461,-43.835,-141.599,0,394.19,28.46
2012,33.56687,driven,571.218,454.413,473.138,336.985,-36.862,-140.130,0,441.82,153.14
2013,33.58355,driven,588.571,465.676,483.829,354.151,-29.108,-136.796,0,482.07,283.85
2014,33.60023,driven,608.812,475.083,492.433,375.760,-20.743,-130.479,0,488.93,424.37
2015,33.61692,driven,629.144,481.207,500.002,399.163,-12.784,-122.428,0,487.46,568.40
2016,33.6336,driven,649.970,484.444,507.903,427.648,-4.885,-111.791,0,475.92,715.13
2017,33.65028,driven,671.457,484.766,520.136,462.161,3.169,-98.496,0,452.16,867.98
2018,33.66697,driven,689.851,482.625,538.051,501.747,10.108,-82.821,0,391.16,1000.96
2019,33.68365,driven,705.108,479.091,566.223,543.278,15.975,-65.196,0,287.24,1117.90
2020,33.70033,driven,715.271,475.794,605.876,582.761,19.977,-45.643,0,178.41,1250.39
2021,33.71702,driven,720.211,473.901,656.929,613.201,21.958,-24.432,0,108.91,1266.93
2022,33.7337,driven,723.942,472.339,719.123,625.263,23.473,-1.805,0,95.28,1296.92
2023,33.75038,driven,729.008,470.029,773.233,616.498,25.558,16.801,0,122.22,1267.02
2024,33.76707,driven,734.122,467.464,833.303,583.964,27.701,40.409,0,156.64,1185.18
2025,33.78375,driven,741.305,463.443,870.750,545.009,30.784,57.784,0,209.81,1063.46
2026,33.80043,driven,749.991,457.863,897.031,500.152,34.651,73.955,0,271.61,874.13
2027,33.81712,driven,761.039,449.462,913.936,455.081,39.850,87.895,0,317.14,787.06
2028,33.8338,driven,771.630,439.743,922.323,413.275,45.235,99.962,0,342.00,672.87
2029,33.85048,driven,781.843,428.360,925.119,374.684,50.964,110.538,0,336.12,573.26
2030,33.86717,driven,790.538,416.516,924.023,341.745,56.469,119.255,0,309.15,492.54
2031,33.88385,driven,797.059,405.737,919.446,313.920,61.188,126.878,0,270.85,434.12
2032,33.90053,driven,801.701,396.584,911.738,290.279,65.032,134.012,0,189.32,411.86
2033,33.91722,driven,804.887,389.246,902.072,271.077,68.028,140.565,0,91.06,402.77
2034,33.9339,driven,804.887,389.246,887.388,260.395,68.028,147.369,0,21.69,376.36
2035,33.95058,driven,804.887,389.246,873.031,252.260,68.028,153.552,0,-28.90,352.11
2036,33.96727,driven,804.659,389.808,860.115,247.212,67.801,158.749,0,-75.91,336.17
2037,33.98395,driven,802.197,395.507,842.972,248.040,65.476,164.544,0,-157.20,319.12
2038,34.00063,driven,798.321,403.395,825.505,252.830,62.184,169.766,0,-233.71,276.14
2039,34.01732,driven,792.760,413.064,810.020,261.041,58.006,173.523,0,-277.59,203.61
2040,34.034,driven,784.760,424.648,794.733,271.973,52.732,176.263,0,-330.65,120.81
2041,34.05068,driven,775.072,436.158,780.939,283.271,47.096,177.802,0,-389.05,37.96
2042,34.06737,driven,761.233,449.300,768.301,296.464,39.944,177.352,0,-435.77,-48.35
2043,34.08405,driven,744.431,461.530,755.515,308.932,32.156,175.845,0,-486.65,-163.10
2044,34.10073,driven,725.420,471.688,745.509,320.012,24.078,172.455,0,-525.57,-284.22
2045,34.11742,driven,701.600,480.051,738.600,331.592,14.613,166.005,0,-575.38,-416.31
2046,34.1341,driven,676.227,484.427,732.082,341.987,4.959,158.588,0,-597.03,-517.33
2047,34.15078,driven,648.916,484.350,727.674,353.178,-5.282,149.019,0,-580.87,-586.33
2048,34.16747,driven,624.577,480.097,725.683,365.263,-14.544,138.638,0,-575.52,-680.17
2049,34.18415,driven,601.145,471.939,723.467,380.036,-23.846,126.918,0,-558.36,-767.51
2050,34.20083,driven,578.594,459.611,719.590,400.205,-33.482,112.847,0,-523.36,-848.62
2051,34.21752,driven,561.743,446.700,713.105,424.370,-41.438,98.392,0,-457.10,-901.28
2052,34.2342,driven,548.590,433.585,700.467,452.089,-48.398,83.053,0,-408.52,-963.05
2053,34.25088,driven,538.028,420.267,678.520,480.856,-54.767,66.671,0,-363.16,-1022.68
2054,34.26757,driven,529.569,406.868,644.708,507.625,-60.703,48.811,0,-321.02,-1080.18
