frame,time_s,phase,x_green,y_green,x_red,y_red,theta1_deg,theta2_deg,dropout,omega1_deg_s,omega2_deg_s,suspect,arm_length_px,arm_dev_pct,omega_cap_applied,delta_omega_suspect,swap_suspect,omega_cap_suspect
0,0.0,free_swing,583,492,583,637,-26.565,0.000,0,1.70,55.66,0,145.00,4.15,2500,0,0,0
1,0.01668,free_swing,583,492,583,632,-26.565,0.000,0,4.23,18.58,0,140.00,0.56,2500,0,0,0
2,0.03337,free_swing,584,492,581,643,-26.278,-1.138,0,5.34,-5.72,0,151.03,8.48,2500,0,0,0
3,0.05005,free_swing,583,492,589,623,-26.565,2.622,0,5.03,-17.26,0,131.14,5.81,2500,0,0,0
4,0.06673,free_swing,584,493,583,624,-26.136,-0.437,0,1.71,-30.41,0,131.00,5.90,2500,0,0,0
5,0.08342,free_swing,584,492,580,640,-26.278,-1.548,0,4.88,-33.74,0,148.05,6.34,2500,0,0,0
6,0.1001,free_swing,584,492,585,625,-26.278,0.431,0,-1.81,3.78,0,133.00,4.47,2500,0,0,0
7,0.11678,free_swing,584,493,583,634,-26.136,-0.406,0,2.25,23.10,0,141.00,1.28,2500,0,0,0
8,0.13347,free_swing,584,492,580,633,-26.278,-1.625,0,-6.53,-8.90,0,141.06,1.32,2500,0,0,0
9,0.15015,free_swing,584,492,587,625,-26.278,1.292,0,-6.22,-37.02,0,133.03,4.45,2500,0,0,0
10,0.16683,free_swing,583,492,580,598,-26.565,-1.621,0,3.00,28.93,1,106.04,23.83,2500,0,0,0
11,0.18352,free_swing,584,492,581,598,-26.278,-1.621,0,-2.91,98.10,1,106.04,23.83,2500,0,0,0
12,0.2002,free_swing,584,492,590,582,-26.278,3.814,0,0.13,70.16,1,90.20,35.21,2500,0,0,0
13,0.21688,free_swing,583,491,588,588,-26.709,2.951,0,-6.82,-25.19,1,97.13,30.24,2500,0,0,0
14,0.23357,free_swing,584,492,582,608,-26.278,-0.988,0,4.25,-54.84,1,116.02,16.67,2500,0,0,0
15,0.25025,free_swing,583,492,586,584,-26.565,1.868,0,8.83,-89.23,1,92.05,33.88,2500,0,0,0
16,0.26693,free_swing,584,493,586,592,-26.136,1.157,0,1.70,145.46,1,99.02,28.88,2500,1,0,0
17,0.28362,free_swing,584,492,579,629,-26.278,-2.090,0,2.62,-69.29,1,137.09,1.53,2500,1,0,0
18,0.3003,free_swing,584,492,599,568,-26.278,11.165,0,-3.77,427.71,1,77.47,44.36,2500,1,0,0
19,0.31698,free_swing,584,492,587,591,-26.278,1.736,0,2.25,1044.78,1,99.05,28.86,2500,1,0,0
20,0.33367,free_swing,584,492,610,525,-26.278,38.234,0,-4.57,544.93,1,42.01,69.82,2500,1,0,0
21,0.35035,free_swing,584,492,614,524,-26.278,43.152,0,-3.96,-350.59,1,43.86,68.49,2500,1,0,0
22,0.36703,free_swing,583,492,593,545,-26.565,10.685,0,1.50,-1115.64,1,53.94,61.26,2500,1,0,0
23,0.38372,free_swing,584,492,587,605,-26.278,1.521,0,-0.61,-522.26,1,113.04,18.81,2500,1,0,0
24,0.4004,free_swing,584,492,592,586,-26.278,4.865,0,0.61,33.23,1,94.34,32.24,2500,1,0,0
25,0.41708,free_swing,583,492,590,606,-26.565,3.514,0,-1.50,238.30,1,114.21,17.96,2500,1,0,0
26,0.43377,free_swing,584,492,588,609,-26.278,1.958,0,3.96,16.10,1,117.07,15.91,2500,1,0,0
27,0.45045,free_swing,584,492,602,557,-26.278,15.479,0,6.08,121.21,1,67.45,51.56,2500,0,0,0
28,0.46713,free_swing,584,492,584,601,-26.278,0.000,0,-4.57,68.10,1,109.00,21.71,2500,0,0,0
29,0.48382,free_swing,584,492,600,551,-26.278,15.173,0,-7.03,229.36,1,61.13,56.09,2500,0,0,0
30,0.5005,free_swing,583,492,602,581,-26.565,12.051,0,-7.03,216.86,1,91.01,34.63,2500,0,0,0
31,0.51718,free_swing,583,492,602,543,-26.565,20.433,0,-4.57,-335.24,1,54.42,60.91,2500,1,0,0
32,0.53387,free_swing,583,492,592,595,-26.565,4.994,0,4.57,-216.85,1,103.39,25.74,2500,0,0,0
33,0.55055,free_swing,583,492,589,602,-26.565,3.122,0,7.03,-436.11,1,110.16,20.87,2500,1,0,0
34,0.56723,free_swing,584,492,596,570,-26.278,8.746,0,7.79,662.31,1,78.92,43.32,2500,1,0,0
35,0.58392,free_swing,584,492,586,619,-26.278,0.902,0,0.76,665.51,0,127.02,8.77,2500,0,0,0
36,0.6006,free_swing,584,492,621,528,-26.278,45.785,0,-2.00,41.09,1,51.62,62.92,2500,1,0,0
37,0.61728,free_swing,583,493,603,585,-26.423,12.265,0,-3.07,-518.41,1,94.15,32.38,2500,1,0,0
38,0.63397,free_swing,584,492,590,595,-26.278,3.334,0,-6.53,-470.74,1,103.17,25.89,2500,0,0,0
39,0.65065,free_swing,583,492,597,583,-26.565,8.746,0,-1.65,260.84,1,92.07,33.87,2500,1,0,0
40,0.66733,free_swing,583,492,606,556,-26.565,19.767,0,3.96,-64.26,1,68.01,51.15,2500,1,0,0
41,0.68402,free_swing,584,492,589,615,-26.278,2.328,0,7.73,98.76,1,123.10,11.58,2500,0,0,0
42,0.7007,free_swing,584,492,597,574,-26.278,9.009,0,-3.50,52.49,1,83.02,40.37,2500,0,0,0
43,0.71738,free_swing,583,493,609,549,-26.423,24.905,0,-5.46,181.37,1,61.74,55.65,2500,0,0,0
44,0.73407,free_swing,583,492,591,578,-26.565,5.315,0,2.00,-108.38,1,86.37,37.96,2500,1,0,0
45,0.75075,free_swing,584,492,602,563,-26.278,14.226,0,7.77,-372.50,1,73.25,47.39,2500,1,0,0
46,0.76743,free_swing,584,492,599,565,-26.278,11.611,0,1.50,330.14,1,74.53,46.47,2500,1,0,0
47,0.78412,free_swing,584,492,589,594,-26.278,2.806,0,-12.33,134.29,1,102.12,26.65,2500,0,0,0
48,0.8008,free_swing,583,492,609,538,-26.565,29.476,0,-6.69,-108.14,1,52.84,62.05,2500,1,0,0
49,0.81748,free_swing,583,491,592,588,-26.709,5.301,0,7.73,-489.75,1,97.42,30.03,2500,1,0,0
50,0.83417,free_swing,584,492,583,627,-26.278,-0.424,0,7.91,33.80,1,135.00,3.03,2500,1,0,0
51,0.85085,free_swing,584,493,592,588,-26.136,4.814,0,1.41,583.13,1,95.34,31.52,2500,1,0,0
52,0.86753,free_swing,583,492,611,536,-26.565,32.471,0,-2.71,23.98,1,52.15,62.54,2500,1,0,0
53,0.88422,free_swing,584,492,590,574,-26.278,4.185,0,-2.88,-464.53,1,82.22,40.94,2500,1,0,0
54,0.9009,free_swing,584,492,587,616,-26.278,1.386,0,1.36,-445.94,1,124.04,10.91,2500,0,0,0
55,0.91758,free_swing,583,492,591,592,-26.565,4.574,0,-1.50,297.64,1,100.32,27.94,2500,1,0,0
56,0.93427,free_swing,584,492,593,583,-26.278,5.648,0,6.22,-87.76,1,91.44,34.32,2500,1,0,0
57,0.95095,free_swing,584,492,598,577,-26.278,9.353,0,-0.79,461.51,1,86.15,38.12,2500,1,0,0
58,0.96763,free_swing,584,492,589,603,-26.278,2.579,0,-12.02,377.17,1,111.11,20.19,2500,0,0,0
59,0.98432,free_swing,583,491,605,520,-26.709,37.185,0,-2.46,-69.09,1,36.40,73.85,2500,1,0,0
60,1.001,free_swing,583,492,593,621,-26.565,4.433,0,2.87,-510.24,1,129.39,7.06,2500,1,0,0
61,1.01768,free_swing,584,492,589,623,-26.278,2.186,0,3.05,-614.05,0,131.10,5.84,2500,0,0,0
62,1.03437,free_swing,583,492,587,612,-26.565,1.909,0,-4.70,856.33,1,120.07,13.76,2500,1,0,0
63,1.05105,free_swing,583,492,603,582,-26.565,12.529,0,2.72,533.16,1,92.20,33.78,2500,1,0,0
64,1.06773,free_swing,583,493,616,535,-26.423,38.157,0,11.25,-138.11,1,53.41,61.63,2500,1,0,0
65,1.08442,free_swing,584,493,591,606,-26.136,3.545,0,2.76,-609.56,1,113.22,18.68,2500,1,0,0
66,1.1011,free_swing,584,492,588,593,-26.278,2.268,0,-1.65,-511.26,1,101.08,27.40,2500,0,0,0
67,1.11778,free_swing,583,493,594,598,-26.423,5.981,0,-4.60,315.29,1,105.57,24.17,2500,1,0,0
68,1.13447,free_swing,584,492,591,597,-26.278,3.814,0,-8.85,180.25,1,105.23,24.41,2500,0,0,0
69,1.15115,free_swing,583,492,599,567,-26.565,12.043,0,-10.17,-7.13,1,76.69,44.92,2500,0,0,0
70,1.16783,free_swing,582,492,595,586,-26.851,7.874,0,0.74,-118.32,1,94.89,31.84,2500,0,0,0
71,1.18452,free_swing,583,492,587,598,-26.565,2.161,0,9.41,-271.99,1,106.08,23.81,2500,0,0,0
72,1.2012,free_swing,584,492,589,598,-26.278,2.701,0,3.06,-61.42,1,106.12,23.78,2500,1,0,0
73,1.21788,free_swing,583,492,581,626,-26.565,-0.855,0,0.61,15.47,0,134.01,3.74,2500,0,0,0
74,1.23457,free_swing,583,492,589,612,-26.565,2.862,0,-4.42,-12.60,1,120.15,13.70,2500,0,0,0
75,1.25125,free_swing,584,492,585,594,-26.278,0.562,0,-4.74,-24.00,1,102.00,26.73,2500,0,0,0
76,1.26793,free_swing,582,492,583,613,-26.851,0.474,0,-5.95,90.87,1,121.00,13.09,2500,0,0,0
77,1.28462,free_swing,583,491,586,604,-26.709,1.521,0,0.13,126.08,1,113.04,18.81,2500,0,0,0
78,1.3013,free_swing,583,492,595,575,-26.565,8.227,0,4.25,-97.22,1,83.86,39.76,2500,1,0,0
79,1.31798,free_swing,583,492,584,580,-26.565,0.651,0,3.39,85.11,1,88.01,36.79,2500,0,0,0
80,1.33467,free_swing,583,491,582,602,-26.709,-0.516,0,3.21,22.41,1,111.00,20.27,2500,0,0,0
81,1.35135,free_swing,584,492,600,557,-26.278,13.829,0,1.99,63.55,1,66.94,51.92,2500,0,0,0
82,1.36803,free_swing,583,492,580,619,-26.565,-1.353,0,-1.66,-169.61,1,127.04,8.75,2500,1,0,0
83,1.38472,free_swing,583,492,588,594,-26.565,2.806,0,-5.33,-113.41,1,102.12,26.65,2500,0,0,0
84,1.4014,free_swing,583,492,584,622,-26.565,0.441,0,1.50,156.00,1,130.00,6.62,2500,1,0,0
85,1.41808,free_swing,583,492,595,591,-26.565,6.911,0,0.74,201.10,1,99.72,28.37,2500,0,0,0
86,1.43477,free_swing,583,492,591,587,-26.565,4.814,0,-2.26,169.77,1,95.34,31.52,2500,0,0,0
87,1.45145,free_swing,583,492,599,558,-26.565,13.627,0,-1.96,-129.96,1,67.91,51.22,2500,1,0,0
88,1.46813,free_swing,582,493,589,578,-26.707,4.708,0,0.00,-181.75,1,85.29,38.74,2500,0,0,0
89,1.48482,free_swing,583,492,585,599,-26.565,1.071,0,2.71,29.44,1,107.02,23.13,2500,1,0,0
90,1.5015,free_swing,583,492,594,579,-26.565,7.206,0,-0.03,379.70,1,87.69,37.01,2500,1,0,0
91,1.51818,free_swing,583,492,600,552,-26.565,15.819,0,-1.23,95.05,1,62.36,55.21,2500,1,0,0
92,1.53487,free_swing,583,491,600,568,-26.709,12.450,0,-6.06,-170.51,1,78.85,43.36,2500,1,0,0
93,1.55155,free_swing,583,492,589,589,-26.565,3.540,0,2.62,-291.06,1,97.19,30.19,2500,0,0,0
94,1.56823,free_swing,582,492,596,593,-26.851,7.892,0,6.26,63.92,1,101.97,26.76,2500,1,0,0
95,1.58492,free_swing,584,492,591,611,-26.278,3.366,0,3.19,123.14,1,119.21,14.38,2500,0,0,0
96,1.6016,free_swing,583,492,599,562,-26.565,12.875,0,-0.90,-23.02,1,71.81,48.42,2500,0,0,0
97,1.61828,free_swing,583,492,591,595,-26.565,4.441,0,-1.50,-129.17,1,103.31,25.80,2500,0,0,0
98,1.63497,free_swing,583,492,593,611,-26.565,4.803,0,5.46,-154.53,1,119.42,14.22,2500,0,0,0
99,1.65165,free_swing,584,492,586,576,-26.278,1.364,0,-1.50,5.53,1,84.02,39.65,2500,0,0,0
100,1.66833,free_swing,583,492,593,602,-26.565,5.194,0,0.61,-35.82,1,110.45,20.66,2500,0,0,0
101,1.68502,free_swing,583,492,586,616,-26.565,1.386,0,-2.12,83.05,1,124.04,10.91,2500,0,0,0
102,1.7017,free_swing,584,492,591,605,-26.278,3.545,0,5.32,32.06,1,113.22,18.68,2500,0,0,0
103,1.71838,free_swing,583,492,595,583,-26.565,7.512,0,0.79,37.19,1,91.79,34.07,2500,0,0,0
104,1.73507,free_swing,584,492,591,613,-26.278,3.311,0,1.23,81.46,1,121.20,12.94,2500,0,0,0
105,1.75175,free_swing,584,491,594,592,-26.421,5.654,0,3.80,-46.90,1,101.49,27.10,2500,0,0,0
106,1.76843,free_swing,584,492,601,584,-26.278,10.469,0,-6.08,164.84,1,93.56,32.80,2500,1,0,0
107,1.78512,free_swing,584,491,588,605,-26.421,2.010,0,-0.18,-16.85,1,114.07,18.07,2500,0,0,0
108,1.8018,free_swing,583,492,601,561,-26.565,14.621,0,-1.85,-211.52,1,71.31,48.78,2500,0,0,0
109,1.81848,free_swing,584,492,586,626,-26.278,0.855,0,-0.79,162.60,1,134.01,3.74,2500,1,0,0
110,1.83517,free_swing,583,492,589,612,-26.565,2.862,0,-3.21,72.00,1,120.15,13.70,2500,0,0,0
111,1.85185,free_swing,583,492,609,564,-26.565,19.855,0,-4.57,70.77,1,76.55,45.02,2500,0,0,0
112,1.86853,free_swing,583,492,589,617,-26.565,2.748,0,2.26,-210.32,1,125.14,10.11,2500,1,0,0
113,1.88522,free_swing,583,492,588,623,-26.565,2.186,0,-1.55,-296.74,0,131.10,5.84,2500,0,0,0
114,1.9019,free_swing,583,492,592,598,-26.565,4.853,0,-5.75,124.20,1,106.38,23.59,2500,1,0,0
115,1.91858,free_swing,583,491,584,601,-26.709,0.521,0,2.62,9.70,1,110.00,20.99,2500,0,0,0
116,1.93527,free_swing,582,493,594,603,-26.707,6.226,0,5.95,5.27,1,110.65,20.52,2500,0,0,0
117,1.95195,free_swing,584,492,589,615,-26.278,2.328,0,4.25,40.11,1,123.10,11.58,2500,0,0,0
118,1.96863,free_swing,583,492,592,596,-26.565,4.946,0,-3.19,100.16,1,104.39,25.02,2500,0,0,0
119,1.98532,free_swing,583,492,595,602,-26.565,6.226,0,-4.56,187.39,1,110.65,20.52,2500,0,0,0
120,2.002,free_swing,583,492,601,583,-26.565,11.189,0,8.04,-62.49,1,92.76,33.37,2500,1,0,0
121,2.01868,free_swing,583,493,595,594,-26.423,6.776,0,3.22,-188.58,1,101.71,26.94,2500,0,0,0
122,2.03537,free_swing,584,492,585,626,-26.278,0.428,0,0.30,-230.48,0,134.00,3.75,2500,0,0,0
123,2.05205,free_swing,583,492,587,609,-26.565,1.958,0,-4.26,-55.25,1,117.07,15.91,2500,0,0,0
124,2.06873,free_swing,583,493,582,639,-26.423,-0.392,0,-4.57,109.29,0,146.00,4.87,2500,0,0,0
125,2.08542,free_swing,583,492,588,617,-26.565,2.291,0,1.06,107.64,1,125.10,10.14,2500,0,0,0
126,2.1021,free_swing,583,492,594,598,-26.565,5.925,0,-0.29,33.59,1,106.57,23.45,2500,0,0,0
127,2.11878,free_swing,583,493,590,607,-26.423,3.514,0,8.80,-47.56,1,114.21,17.96,2500,0,0,0
128,2.13547,free_swing,583,493,586,630,-26.423,1.254,0,3.98,-73.01,0,137.03,1.57,2500,0,0,0
129,2.15215,free_swing,584,493,591,599,-26.136,3.778,0,3.07,-47.55,1,106.23,23.70,2500,0,0,0
130,2.16883,free_swing,583,493,585,619,-26.423,0.909,0,0.81,101.79,0,126.02,9.49,2500,0,0,0
131,2.18552,free_swing,584,493,588,631,-26.136,1.660,0,1.24,52.59,0,138.06,0.84,2500,0,0,0
132,2.2022,free_swing,584,492,595,566,-26.278,8.455,0,3.05,-63.98,1,74.81,46.26,2500,0,0,0
133,2.21888,free_swing,584,493,585,632,-26.136,0.412,0,-2.26,61.41,0,139.00,0.16,2500,0,0,0
134,2.23557,free_swing,584,492,586,627,-26.278,0.849,0,-3.53,80.51,0,135.01,3.02,2500,0,0,0
135,2.25225,free_swing,584,492,602,573,-26.278,12.529,0,-2.76,29.66,1,82.98,40.40,2500,0,0,0
136,2.26893,free_swing,583,493,587,596,-26.423,2.224,0,-3.83,-159.65,1,103.08,25.96,2500,0,0,0
137,2.28562,free_swing,584,492,582,644,-26.278,-0.754,0,-1.96,-152.01,0,152.01,9.19,2500,0,0,0
138,2.3023,free_swing,583,492,589,612,-26.565,2.862,0,2.31,56.58,1,120.15,13.70,2500,1,0,0
139,2.31898,free_swing,584,492,588,605,-26.278,2.027,0,4.70,-2.75,1,113.07,18.78,2500,0,0,0
140,2.33567,free_swing,584,492,583,632,-26.278,-0.409,0,1.50,-94.64,0,140.00,0.56,2500,0,0,0
141,2.35235,free_swing,584,492,586,603,-26.278,1.032,0,-8.53,43.68,1,111.02,20.26,2500,0,0,0
142,2.36903,free_swing,583,492,582,624,-26.565,-0.434,0,-7.03,76.48,0,132.00,5.19,2500,0,0,0
143,2.38572,free_swing,583,492,591,590,-26.565,4.667,0,-3.07,112.04,1,98.33,29.38,2500,0,0,0
144,2.4024,free_swing,583,492,588,607,-26.565,2.490,0,1.50,-39.08,1,115.11,17.32,2500,0,0,0
145,2.41908,free_swing,583,492,593,590,-26.565,5.826,0,0.00,114.78,1,98.51,29.24,2500,0,0,0
146,2.43577,free_swing,583,492,584,608,-26.565,0.494,0,0.00,65.25,1,116.00,16.68,2500,0,0,0
147,2.45245,free_swing,583,492,603,570,-26.565,14.381,0,-1.50,149.72,1,80.52,42.16,2500,0,0,0
148,2.46913,free_swing,583,492,587,609,-26.565,1.958,0,-0.69,15.75,1,117.07,15.91,2500,0,0,0
149,2.48582,free_swing,583,492,597,552,-26.565,13.134,0,13.92,-288.00,1,61.61,55.75,2500,1,0,0
150,2.5025,free_swing,584,492,584,618,-26.278,0.000,0,18.51,-166.30,0,126.00,9.50,2500,0,0,0
151,2.51918,free_swing,586,493,582,609,-25.560,-1.975,0,25.84,-121.75,1,116.07,16.63,2500,0,0,0
152,2.53587,free_swing,587,492,588,597,-25.408,0.546,0,61.77,83.85,1,105.00,24.58,2500,1,0,0
153,2.55255,free_swing,592,492,595,577,-23.929,2.021,0,116.33,-195.07,1,85.05,38.91,2500,1,0,0
154,2.56923,free_swing,601,492,586,611,-21.181,-7.184,0,159.02,-433.53,1,119.94,13.85,2500,1,0,0
155,2.58592,free_swing,610,490,575,628,-18.544,-14.231,0,162.72,-459.94,0,142.37,2.26,2500,0,0,0
156,2.6026,free_swing,618,489,580,591,-15.994,-20.433,0,166.39,-312.38,1,108.85,21.82,2500,0,0,0
157,2.61928,free_swing,627,487,578,588,-13.076,-25.880,0,184.87,-471.45,1,112.26,19.37,2500,0,0,0
158,2.63597,free_swing,637,483,577,581,-9.770,-31.477,0,193.04,-257.75,1,114.91,17.46,2500,1,0,0
159,2.65265,free_swing,646,480,591,539,-6.553,-42.990,0,185.87,-345.26,1,80.66,42.06,2500,0,0,0
160,2.66933,free_swing,654,476,579,588,-3.576,-33.808,0,191.89,-46.20,1,134.79,3.18,2500,1,0,0
161,2.68602,free_swing,662,471,608,515,-0.412,-50.826,0,203.65,-167.99,1,69.66,49.97,2500,0,0,0
162,2.7027,free_swing,671,467,599,564,3.391,-36.585,0,206.55,-60.86,1,120.80,13.23,2500,0,0,0
163,2.71938,free_swing,678,463,611,513,6.532,-53.267,0,192.25,-0.48,1,83.60,39.95,2500,0,0,0
164,2.73607,free_swing,684,457,609,553,9.537,-37.999,0,170.19,-91.49,1,121.82,12.50,2500,0,0,0
165,2.75275,free_swing,689,452,627,503,12.225,-50.560,0,147.61,367.99,1,80.28,42.34,2500,1,0,0
166,2.76943,free_swing,693,449,635,527,14.381,-36.634,0,104.01,377.77,1,97.20,30.18,2500,0,0,0
167,2.78612,free_swing,695,447,640,558,15.550,-26.358,0,29.54,666.67,1,123.88,11.02,2500,1,0,0
168,2.8028,free_swing,695,448,661,535,15.422,-21.346,0,-64.91,187.56,1,93.41,32.91,2500,1,0,0
169,2.81948,free_swing,691,450,669,564,13.349,-10.923,0,-154.10,1145.48,1,116.10,16.61,2500,1,0,0
170,2.83617,free_swing,685,456,677,561,10.061,-4.357,0,-240.42,1365.30,1,105.30,24.36,2500,1,0,0
171,2.85285,free_swing,676,463,710,489,5.667,52.595,0,-324.50,842.92,1,42.80,69.26,2500,1,0,0
172,2.86953,free_swing,662,472,714,563,-0.409,29.745,0,-367.63,269.56,1,104.81,24.72,2500,1,0,0
173,2.88622,free_swing,645,479,723,587,-6.981,35.838,0,-363.71,-3.55,1,133.22,4.31,2500,1,0,0
174,2.9029,free_swing,630,486,731,571,-12.095,49.917,0,-309.17,775.69,1,132.01,5.18,2500,1,0,0
175,2.91958,free_swing,614,490,734,563,-17.230,58.686,0,-262.73,740.30,0,140.46,0.89,2500,0,0,0
176,2.93627,free_swing,602,491,736,545,-20.989,68.051,0,-236.19,467.00,1,144.47,3.77,2500,1,0,0
177,2.95295,free_swing,589,491,726,512,-24.958,81.285,0,-215.08,221.73,1,138.60,0.45,2500,1,0,0
178,2.96963,free_swing,577,491,725,532,-28.408,74.516,0,-211.47,297.72,1,153.57,10.31,2500,0,0,0
179,2.98632,free_swing,564,491,711,514,-31.908,81.107,0,-201.33,122.82,0,148.79,6.87,2500,0,0,0
180,3.003,free_swing,552,489,711,481,-35.261,92.880,0,-206.09,95.29,1,159.20,14.35,2500,0,0,0
181,3.01968,free_swing,540,486,691,521,-38.614,76.950,0,-202.33,-375.30,1,155.00,11.33,2500,1,0,0
182,3.03637,free_swing,528,481,678,508,-42.178,79.796,0,-199.04,-377.81,0,152.41,9.47,2500,0,0,0
183,3.05305,free_swing,517,477,662,535,-45.197,68.199,0,-193.99,-63.67,1,156.17,12.17,2500,1,0,0
184,3.06973,free_swing,505,472,647,517,-48.457,72.417,0,-178.28,-224.00,0,148.96,6.99,2500,0,0,0
185,3.08642,free_swing,495,466,628,520,-51.423,67.902,0,-168.09,-278.49,0,143.54,3.10,2500,0,0,0
186,3.1031,free_swing,487,461,612,539,-53.760,58.036,0,-145.41,-386.01,0,147.34,5.83,2500,0,0,0
187,3.11978,free_swing,479,455,584,535,-56.238,52.696,0,-114.51,-506.64,0,132.00,5.19,2500,0,0,0
188,3.13647,free_swing,475,451,569,536,-57.667,47.878,0,-62.19,-604.88,0,126.73,8.97,2500,0,0,0
189,3.15315,free_swing,473,450,535,571,-58.158,27.130,0,5.68,-881.24,1,135.96,2.34,2500,1,0,0
190,3.16983,free_swing,477,451,511,554,-57.389,18.268,0,78.83,-1102.20,1,108.47,22.09,2500,1,0,0
191,3.18652,free_swing,483,455,474,557,-55.654,-5.042,0,158.08,-1298.25,1,102.40,26.45,2500,0,0,0
192,3.2032,free_swing,492,464,441,562,-52.334,-27.493,0,215.34,-1366.16,1,110.48,20.65,2500,0,0,0
193,3.21988,free_swing,505,472,427,535,-48.457,-51.072,0,219.02,-1084.12,1,100.26,27.98,2500,1,0,0
194,3.23657,free_swing,517,478,394,541,-45.000,-62.879,0,184.93,-984.87,0,138.20,0.74,2500,0,0,0
195,3.25325,free_swing,526,481,391,504,-42.597,-80.331,0,142.98,-769.97,1,136.95,1.64,2500,1,0,0
196,3.26993,free_swing,534,485,399,468,-40.135,-97.177,0,123.50,-1145.27,1,136.07,2.27,2500,1,0,0
197,3.28662,free_swing,541,486,407,447,-38.387,-106.227,0,118.86,-1063.62,0,139.56,0.24,2500,0,0,0
198,3.3033,free_swing,549,488,457,383,-36.158,-138.775,0,125.16,-505.40,1,139.60,0.27,2500,1,0,0
199,3.31998,free_swing,557,489,439,384,-34.026,-131.664,0,154.71,-133.87,1,157.95,13.45,2500,1,0,0
200,3.33667,free_swing,567,491,436,397,-31.122,-125.662,0,193.40,162.35,1,161.24,15.81,2500,1,0,0
201,3.35335,free_swing,580,491,474,375,-27.565,-137.579,0,223.97,-131.09,1,157.14,12.87,2500,1,0,0
202,3.37003,free_swing,594,491,474,381,-23.459,-132.510,0,241.30,-167.26,1,162.79,16.93,2500,0,0,0
203,3.38672,free_swing,607,489,489,376,-19.631,-133.760,0,260.59,106.86,1,163.38,17.35,2500,1,0,0
204,3.4034,free_swing,622,486,511,362,-14.908,-138.166,0,288.55,14.86,1,166.42,19.54,2500,0,0,0
205,3.42008,free_swing,637,482,509,383,-9.834,-127.720,0,315.64,232.65,1,161.82,16.23,2500,1,0,0
206,3.43677,free_swing,652,476,523,364,-4.368,-130.965,0,333.45,328.32,1,170.84,22.71,2500,0,0,0
207,3.45345,free_swing,666,467,528,388,1.273,-119.790,0,366.43,387.19,1,159.01,14.21,2500,0,0,0
208,3.47013,free_swing,680,458,537,390,7.684,-115.432,0,402.07,376.48,1,158.34,13.73,2500,0,0,0
209,3.48682,free_swing,693,446,543,402,14.744,-106.348,0,430.21,344.27,1,156.32,12.28,2500,0,0,0
210,3.5035,free_swing,704,435,562,394,21.705,-106.105,0,409.91,621.00,1,147.80,6.16,2500,1,0,0
211,3.52018,free_swing,713,425,560,429,28.264,-88.502,0,324.66,705.67,0,153.05,9.93,2500,0,0,0
212,3.53687,free_swing,718,418,568,453,32.600,-76.866,0,201.49,498.78,1,154.03,10.64,2500,1,0,0
213,3.55355,free_swing,720,415,588,453,34.479,-73.940,0,45.07,94.06,1,137.36,1.34,2500,1,0,0
214,3.57023,free_swing,720,415,594,450,34.479,-74.476,0,-86.94,302.38,1,130.77,6.07,2500,1,0,0
215,3.58692,free_swing,717,420,609,466,31.535,-66.930,0,-186.45,406.88,1,117.39,15.68,2500,0,0,0
216,3.6036,free_swing,713,426,627,493,28.009,-52.079,0,-267.21,578.46,1,109.02,21.70,2500,0,0,0
217,3.62028,free_swing,707,435,641,486,23.131,-52.306,0,-332.60,725.04,1,83.41,40.09,2500,0,0,0
218,3.63697,free_swing,697,446,648,532,16.607,-29.673,0,-435.50,1177.66,1,98.98,28.91,2500,1,0,0
219,3.65365,free_swing,683,459,669,543,8.949,-9.462,0,-537.00,1637.09,1,85.16,38.83,2500,1,0,0
220,3.67033,free_swing,661,472,693,555,-0.818,21.084,0,-568.94,1543.98,1,88.96,36.11,2500,0,0,0
221,3.68702,free_swing,635,484,707,559,-10.437,43.831,0,-512.14,1250.08,1,103.97,25.32,2500,1,0,0
222,3.7037,free_swing,613,490,719,547,-17.560,61.731,0,-396.97,879.38,1,120.35,13.55,2500,1,0,0
223,3.72038,free_swing,594,492,720,534,-23.328,71.565,0,-303.21,694.31,0,132.82,4.60,2500,0,0,0
224,3.73707,free_swing,578,492,715,503,-27.979,85.409,0,-256.47,519.38,0,137.44,1.28,2500,0,0,0
225,3.75375,free_swing,564,491,713,487,-31.908,91.538,0,-231.80,391.68,0,149.05,7.06,2500,0,0,0
226,3.77043,free_swing,550,489,708,472,-35.744,96.141,0,-220.37,392.39,1,158.91,14.14,2500,0,0,0
227,3.78712,free_swing,538,484,702,449,-39.433,102.047,0,-210.44,116.78,1,167.69,20.45,2500,1,0,0
228,3.8038,free_swing,526,480,692,426,-42.790,108.020,0,-205.03,-66.99,1,174.56,25.38,2500,0,0,0
229,3.82048,free_swing,513,476,676,467,-46.169,93.160,0,-206.92,-347.41,1,163.25,17.26,2500,1,0,0
230,3.83717,free_swing,501,469,671,441,-49.779,99.353,0,-212.95,-29.33,1,172.29,23.75,2500,1,0,0
231,3.85385,free_swing,489,462,655,460,-53.236,90.690,0,-207.27,194.69,1,166.01,19.24,2500,1,0,0
232,3.87053,free_swing,479,453,646,408,-56.671,105.081,0,-197.85,-89.33,1,172.96,24.23,2500,1,0,0
233,3.88722,free_swing,470,445,627,439,-59.651,92.189,0,-170.49,-533.69,1,157.11,12.85,2500,1,0,0
234,3.9039,free_swing,462,437,616,456,-62.418,82.967,0,-123.79,-946.95,1,155.17,11.45,2500,1,0,0
235,3.92058,free_swing,458,433,595,499,-63.771,64.277,0,-65.28,-342.93,1,152.07,9.23,2500,1,0,0
236,3.93727,free_swing,456,431,589,500,-64.440,62.580,0,-8.15,-265.08,0,149.83,7.62,2500,0,0,0
237,3.95395,free_swing,457,432,582,481,-64.106,68.595,0,38.99,-364.93,0,134.26,3.56,2500,0,0,0
238,3.97063,free_swing,460,435,562,537,-63.097,45.000,0,92.15,-694.29,1,144.25,3.61,2500,1,0,0
239,3.98732,free_swing,466,441,549,545,-61.044,38.593,0,153.29,-766.11,0,133.06,4.43,2500,0,0,0
240,4.004,free_swing,474,450,536,566,-58.022,28.124,0,211.00,-689.81,0,131.53,5.53,2500,0,0,0
241,4.02068,free_swing,487,461,517,592,-53.760,12.899,0,291.22,-932.50,1,134.39,3.47,2500,1,0,0
242,4.03737,free_swing,504,471,492,604,-48.840,-5.156,0,359.40,-1086.82,0,133.54,4.08,2500,0,0,0
243,4.05405,free_swing,528,483,513,524,-41.798,-20.095,0,378.71,-1123.63,1,43.66,68.64,2500,0,0,0
244,4.07073,free_swing,550,488,468,575,-35.918,-43.305,0,342.62,-1180.30,1,119.55,14.13,2500,0,0,0
245,4.08742,free_swing,568,491,458,559,-30.858,-58.276,0,273.98,-886.93,1,129.32,7.11,2500,1,0,0
246,4.1041,free_swing,583,492,471,523,-26.565,-74.529,0,248.92,-441.00,1,116.21,16.53,2500,1,0,0
247,4.12078,free_swing,597,491,455,533,-22.543,-73.523,0,262.17,-366.49,0,148.08,6.36,2500,0,0,0
248,4.13747,free_swing,612,490,465,514,-17.889,-80.727,0,294.20,-249.91,0,148.95,6.98,2500,0,0,0
249,4.15415,free_swing,629,485,484,485,-12.529,-90.000,0,315.43,-237.17,0,145.00,4.15,2500,0,0,0
250,4.17083,free_swing,644,480,492,490,-7.316,-86.236,0,314.02,-98.33,0,152.33,9.41,2500,0,0,0
251,4.18752,free_swing,658,472,507,473,-2.045,-89.621,0,328.14,2.43,0,151.00,8.46,2500,0,0,0
252,4.2042,free_swing,671,464,526,457,3.468,-92.764,0,367.66,-278.08,1,145.17,4.27,2500,1,0,0
253,4.22088,free_swing,685,455,540,454,10.141,-90.395,0,395.27,32.92,1,145.00,4.15,2500,1,0,0
254,4.23757,free_swing,697,444,567,422,16.887,-99.605,0,399.89,210.39,0,131.85,5.30,2500,0,0,0
255,4.25425,free_swing,706,433,564,459,23.062,-79.624,0,371.10,527.64,1,144.36,3.69,2500,1,0,0
256,4.27093,free_swing,714,424,582,447,29.002,-80.116,0,303.86,731.71,1,133.99,3.76,2500,1,0,0
257,4.28762,free_swing,719,417,590,483,33.378,-62.904,0,192.38,375.09,1,144.90,4.08,2500,1,0,0
258,4.3043,free_swing,721,414,602,487,35.272,-58.473,0,69.76,249.83,0,139.61,0.28,2500,0,0,0
259,4.32098,free_swing,721,414,617,472,35.272,-60.852,0,-58.26,-67.02,1,119.08,14.47,2500,1,0,0
260,4.33767,free_swing,720,417,629,476,33.845,-57.043,0,-173.67,360.84,1,108.45,22.10,2500,1,0,0
261,4.35435,free_swing,715,424,653,473,29.476,-51.680,0,-267.89,726.48,1,79.03,43.24,2500,1,0,0
262,4.37103,free_swing,709,433,655,529,24.487,-29.358,0,-341.89,882.68,1,110.15,20.89,2500,0,0,0
263,4.38772,free_swing,700,443,679,504,18.435,-18.997,0,-436.98,1358.68,1,64.51,53.66,2500,1,0,0
264,4.4044,free_swing,686,456,692,564,10.508,3.180,0,-534.17,1463.12,1,108.17,22.31,2500,0,0,0
265,4.42108,free_swing,664,470,717,533,0.415,40.073,0,-551.89,1373.80,1,82.33,40.87,2500,0,0,0
266,4.43777,free_swing,642,481,727,556,-8.022,48.576,0,-478.42,887.68,1,113.36,18.58,2500,1,0,0
267,4.45445,free_swing,621,489,735,550,-14.977,61.849,0,-378.53,641.22,1,129.29,7.13,2500,1,0,0
268,4.47113,free_swing,603,491,729,527,-20.674,74.055,0,-321.07,656.42,0,131.04,5.88,2500,0,0,0
269,4.48782,free_swing,586,492,725,505,-25.699,84.657,0,-272.01,201.11,1,139.61,0.28,2500,1,0,0
270,4.5045,free_swing,571,491,723,508,-30.054,83.618,0,-238.40,171.76,0,152.95,9.86,2500,0,0,0
271,4.52118,free_swing,558,490,712,513,-33.606,81.506,0,-227.45,114.06,1,155.71,11.84,2500,0,0,0
272,4.53787,free_swing,544,487,697,473,-37.515,95.228,0,-228.02,80.10,1,153.64,10.35,2500,0,0,0
273,4.55455,free_swing,530,482,685,495,-41.562,85.206,0,-235.23,-120.96,1,155.54,11.72,2500,1,0,0
274,4.57123,free_swing,516,478,673,493,-45.196,84.542,0,-233.51,-259.51,1,157.71,13.28,2500,0,0,0
275,4.58792,free_swing,503,470,658,492,-49.222,81.922,0,-224.17,-91.29,1,156.55,12.45,2500,0,0,0
276,4.6046,free_swing,491,462,647,490,-52.918,79.824,0,-215.86,-183.90,1,158.49,13.84,2500,0,0,0
277,4.62128,free_swing,480,455,631,494,-56.094,75.518,0,-191.88,-334.55,1,155.96,12.02,2500,0,0,0
278,4.63797,free_swing,471,446,614,496,-59.300,70.728,0,-153.66,-294.10,0,151.49,8.81,2500,0,0,0
279,4.65465,free_swing,465,440,597,512,-61.390,61.390,0,-102.48,-329.57,0,150.36,8.00,2500,0,0,0
280,4.67133,free_swing,462,437,584,502,-62.418,61.952,0,-40.95,-572.94,1,138.24,0.71,2500,1,0,0
281,4.68802,free_swing,461,436,563,533,-62.758,46.439,0,20.62,-718.02,0,140.76,1.10,2500,0,0,0
282,4.7047,free_swing,463,439,539,565,-61.853,31.097,0,87.73,-681.23,0,147.15,5.69,2500,0,0,0
283,4.72138,free_swing,470,445,521,555,-59.651,24.874,0,164.11,-522.79,1,121.25,12.91,2500,0,0,0
284,4.73807,free_swing,479,454,504,545,-56.454,15.362,0,243.33,-1117.45,1,94.37,32.22,2500,1,0,0
285,4.75475,free_swing,494,465,481,568,-51.798,-7.193,0,312.14,-1439.38,1,103.82,25.43,2500,1,0,0
286,4.77143,free_swing,512,477,471,521,-46.161,-42.979,0,325.16,-1538.86,1,60.14,56.80,2500,0,0,0
287,4.78812,free_swing,532,484,430,569,-40.756,-50.194,0,289.30,-1004.81,1,132.77,4.63,2500,1,0,0
288,4.8048,free_swing,547,487,432,515,-36.811,-76.316,0,244.17,-485.38,1,118.36,14.99,2500,1,0,0
289,4.82148,free_swing,561,490,421,531,-32.845,-73.677,0,204.49,-526.46,0,145.88,4.78,2500,0,0,0
290,4.83817,free_swing,573,492,426,510,-29.358,-83.019,0,202.11,-545.06,0,148.10,6.37,2500,0,0,0
291,4.85485,free_swing,584,491,447,471,-26.421,-98.306,0,224.92,-558.85,0,138.45,0.55,2500,0,0,0
292,4.87153,free_swing,599,491,458,449,-21.926,-106.587,0,265.92,-507.20,0,147.12,5.67,2500,0,0,0
293,4.88822,free_swing,615,488,474,455,-17.103,-103.173,0,300.44,-221.04,1,144.81,4.01,2500,1,0,0
294,4.9049,free_swing,630,484,506,408,-12.249,-121.504,0,295.43,36.72,1,145.44,4.46,2500,1,0,0
295,4.92158,free_swing,645,479,496,434,-6.981,-106.805,0,314.30,3.28,1,155.65,11.80,2500,0,0,0
296,4.93827,free_swing,658,472,508,429,-2.045,-105.996,0,334.17,231.88,1,156.04,12.08,2500,1,0,0
297,4.95495,free_swing,673,463,537,405,4.365,-113.097,0,373.50,295.60,0,147.85,6.20,2500,0,0,0
298,4.97163,free_swing,685,453,537,436,10.305,-96.553,0,405.63,333.14,0,148.97,7.00,2500,0,0,0
299,4.98832,free_swing,698,442,549,447,17.650,-88.078,0,408.45,428.35,0,149.08,7.08,2500,0,0,0
300,5.005,free_swing,707,431,575,417,23.962,-96.054,0,372.75,352.74,0,132.74,4.66,2500,0,0,0
301,5.02168,free_swing,715,423,577,462,29.745,-74.219,0,276.25,672.89,1,143.41,3.00,2500,1,0,0
302,5.03837,free_swing,718,416,591,467,33.215,-68.121,0,161.19,643.12,0,136.86,1.70,2500,0,0,0
303,5.05505,free_swing,720,414,606,487,34.804,-57.366,0,20.87,280.00,1,135.37,2.77,2500,1,0,0
304,5.07173,free_swing,720,416,621,478,34.160,-57.943,0,-99.09,126.33,1,116.81,16.10,2500,0,0,0
305,5.08842,free_swing,717,421,631,492,31.247,-50.458,0,-224.12,286.95,1,111.52,19.90,2500,0,0,0
306,5.1051,free_swing,712,428,642,486,27.041,-50.356,0,-317.11,762.99,1,90.91,34.70,2500,1,0,0
307,5.12178,free_swing,703,439,660,527,20.497,-26.042,0,-401.60,1022.06,1,97.94,29.65,2500,1,0,0
308,5.13847,free_swing,692,451,681,534,13.696,-7.549,0,-498.61,1696.43,1,83.73,39.86,2500,1,0,0
309,5.15515,free_swing,674,465,706,587,4.728,14.697,0,-547.54,1554.55,0,126.13,9.41,2500,0,0,0
310,5.17183,free_swing,650,479,727,527,-5.054,58.062,0,-530.51,1808.21,1,90.74,34.83,2500,1,0,0
311,5.18852,free_swing,628,486,734,540,-12.804,63.004,0,-441.80,958.25,1,118.96,14.55,2500,1,0,0
312,5.2052,free_swing,608,490,734,475,-19.193,96.789,0,-337.64,239.75,1,126.89,8.86,2500,1,0,0
313,5.22188,free_swing,590,492,736,535,-24.525,73.589,0,-273.52,269.44,0,152.20,9.32,2500,0,0,0
314,5.23857,free_swing,577,492,717,490,-28.258,90.818,0,-236.40,83.04,0,140.01,0.57,2500,0,0,0
315,5.25525,free_swing,563,490,711,473,-32.330,96.553,0,-225.95,374.90,1,148.97,7.00,2500,1,0,0
316,5.27193,free_swing,549,488,701,480,-36.158,93.013,0,-228.55,37.84,1,152.21,9.33,2500,1,0,0
317,5.28862,free_swing,536,484,693,467,-39.880,96.180,0,-224.65,16.41,1,157.92,13.43,2500,0,0,0
318,5.3053,free_swing,522,480,685,452,-43.612,99.747,0,-228.22,-104.18,1,165.39,18.79,2500,0,0,0
319,5.32198,free_swing,509,473,665,466,-47.523,92.569,0,-228.65,176.21,1,156.16,12.16,2500,1,0,0
320,5.33867,free_swing,496,466,652,457,-51.257,93.302,0,-222.98,-103.06,1,156.26,12.24,2500,1,0,0
321,5.35535,free_swing,484,458,652,404,-54.858,107.819,0,-213.04,-160.06,1,176.47,26.75,2500,0,0,0
322,5.37203,free_swing,474,449,622,481,-58.241,77.800,0,-186.59,-333.79,0,151.42,8.76,2500,0,0,0
323,5.38872,free_swing,465,441,615,443,-61.167,89.236,0,-140.50,-506.53,0,150.01,7.75,2500,0,0,0
324,5.4054,free_swing,460,436,603,463,-62.873,79.308,0,-87.23,-301.27,1,145.53,4.53,2500,1,0,0
325,5.42208,free_swing,457,433,582,492,-63.882,64.733,0,-34.28,-567.67,1,138.22,0.72,2500,1,0,0
326,5.43877,free_swing,457,432,572,491,-64.106,62.840,0,17.41,-472.08,0,129.25,7.16,2500,0,0,0
327,5.45545,free_swing,459,435,567,510,-63.211,55.222,0,91.38,-450.95,0,131.49,5.56,2500,0,0,0
328,5.47213,free_swing,465,441,541,534,-61.167,39.256,0,163.94,-764.30,1,120.10,13.73,2500,1,0,0
329,5.48882,free_swing,476,451,528,533,-57.529,32.381,0,246.92,-1196.33,1,97.10,30.26,2500,1,0,0
330,5.5055,free_swing,489,462,496,546,-53.236,4.764,0,317.53,-1502.77,1,84.29,39.46,2500,1,0,0
331,5.52218,free_swing,509,475,462,570,-47.121,-26.323,0,353.41,-1852.64,1,105.99,23.87,2500,1,0,0
332,5.53887,free_swing,530,483,446,559,-41.373,-47.862,0,331.30,-1475.18,1,113.28,18.64,2500,1,0,0
333,5.55555,free_swing,549,488,457,508,-36.158,-77.735,0,275.18,-726.87,1,94.15,32.38,2500,1,0,0
334,5.57223,free_swing,563,490,451,508,-32.330,-80.870,0,235.37,-711.47,1,113.44,18.52,2500,0,0,0
335,5.58892,free_swing,577,492,440,511,-28.258,-82.104,0,225.65,-564.03,0,138.31,0.65,2500,0,0,0
336,5.6056,free_swing,590,492,476,443,-24.525,-113.259,0,258.11,-321.05,1,124.08,10.87,2500,1,0,0
337,5.62228,free_swing,606,489,468,462,-19.954,-101.070,0,290.75,-96.35,1,140.62,1.00,2500,1,0,0
338,5.63897,free_swing,623,486,475,469,-14.560,-96.553,0,309.35,-139.94,0,148.97,7.00,2500,0,0,0
339,5.65565,free_swing,638,482,502,421,-9.462,-114.158,0,314.30,-203.03,0,149.05,7.06,2500,0,0,0
340,5.67233,free_swing,652,476,521,412,-4.368,-116.038,0,334.90,-137.81,0,145.80,4.72,2500,0,0,0
341,5.68902,free_swing,667,468,510,445,1.685,-98.334,0,366.86,201.63,1,158.68,13.97,2500,1,0,0
342,5.7057,free_swing,681,457,560,394,8.194,-117.504,0,402.11,372.79,0,136.42,2.01,2500,0,0,0
343,5.72238,free_swing,693,446,551,429,14.744,-96.827,0,425.14,357.54,0,143.01,2.72,2500,0,0,0
344,5.73907,free_swing,705,435,556,445,22.184,-86.160,0,424.12,541.69,0,149.34,7.26,2500,0,0,0
345,5.75575,free_swing,714,424,577,423,29.002,-90.418,0,383.09,393.76,0,137.00,1.59,2500,0,0,0
346,5.77243,free_swing,720,415,588,444,34.479,-77.609,0,278.70,422.09,0,135.15,2.93,2500,0,0,0
347,5.78912,free_swing,723,408,605,467,38.290,-63.435,0,137.95,480.34,0,131.93,5.24,2500,0,0,0
348,5.8058,free_swing,724,407,625,446,39.123,-68.499,0,-16.13,515.23,1,106.40,23.57,2500,0,0,0
349,5.82248,free_swing,723,410,629,482,37.569,-52.549,0,-151.33,478.60,1,118.41,14.95,2500,0,0,0
350,5.83917,free_swing,720,416,641,515,34.160,-38.589,0,-255.66,534.33,0,126.66,9.03,2500,0,0,0
351,5.85585,free_swing,715,425,664,483,29.211,-41.326,0,-346.20,609.44,1,77.23,44.53,2500,0,0,0
352,5.87253,free_swing,706,435,671,518,22.659,-22.865,0,-428.66,1060.01,1,90.08,35.30,2500,1,0,0
353,5.88922,free_swing,694,448,700,561,14.962,3.039,0,-510.10,1744.54,1,113.16,18.72,2500,1,0,0
354,5.9059,free_swing,677,463,721,554,6.100,25.805,0,-557.86,1381.34,1,101.08,27.40,2500,1,0,0
355,5.92258,free_swing,654,477,742,532,-3.552,57.995,0,-534.32,1297.14,1,103.77,25.46,2500,0,0,0
356,5.93927,free_swing,631,485,742,552,-11.813,58.885,0,-438.94,786.75,1,129.65,6.87,2500,1,0,0
357,5.95595,free_swing,612,489,735,492,-17.996,88.603,0,-335.67,344.80,1,123.04,11.63,2500,1,0,0
358,5.97263,free_swing,596,491,740,524,-22.850,77.093,0,-277.70,537.12,0,147.73,6.11,2500,0,0,0
359,5.98932,free_swing,580,492,727,493,-27.418,89.610,0,-253.38,291.14,1,147.00,5.59,2500,1,0,0
360,6.006,free_swing,566,490,720,451,-31.547,104.211,0,-242.99,243.24,1,158.86,14.11,2500,0,0,0
361,6.02268,free_swing,552,488,712,471,-35.433,96.065,0,-231.30,298.38,1,160.90,15.57,2500,0,0,0
362,6.03937,free_swing,538,484,698,463,-39.433,97.477,0,-237.11,222.98,1,161.37,15.91,2500,0,0,0
363,6.05605,free_swing,524,480,684,383,-43.204,121.226,0,-239.95,93.87,1,187.11,34.39,2500,0,0,0
364,6.07273,free_swing,509,473,674,448,-47.523,98.616,0,-241.56,-379.63,1,166.88,19.87,2500,1,0,0
365,6.08942,free_swing,496,466,659,448,-51.257,96.302,0,-237.81,-654.27,1,163.99,17.79,2500,1,0,0
366,6.1061,free_swing,483,457,641,457,-55.222,90.000,0,-214.02,-410.51,1,158.00,13.49,2500,1,0,0
367,6.12278,free_swing,473,448,628,475,-58.595,80.119,0,-187.53,-250.63,1,157.33,13.01,2500,0,0,0
368,6.13947,free_swing,465,441,610,481,-61.167,74.578,0,-135.64,-139.54,0,150.42,8.04,2500,0,0,0
369,6.15615,free_swing,459,435,606,451,-63.211,83.788,0,-78.37,-18.62,0,147.87,6.21,2500,0,0,0
370,6.17283,free_swing,458,433,585,485,-63.771,67.733,0,-16.63,-720.03,1,137.23,1.43,2500,1,0,0
371,6.18952,free_swing,458,434,575,489,-63.547,64.822,0,52.80,-1072.22,1,129.28,7.14,2500,1,0,0
372,6.2062,free_swing,462,438,525,552,-62.194,28.926,0,119.85,-903.23,0,130.25,6.45,2500,0,0,0
373,6.22288,free_swing,470,446,517,532,-59.431,28.657,0,200.48,-946.48,1,98.01,29.61,2500,0,0,0
374,6.23957,free_swing,482,456,495,536,-55.586,9.230,0,284.20,-1151.04,1,81.05,41.78,2500,1,0,0
375,6.25625,free_swing,499,468,474,549,-50.332,-17.152,0,328.75,-2014.53,1,84.77,39.11,2500,1,0,0
376,6.27293,free_swing,519,479,446,534,-44.409,-53.005,0,324.81,-2041.18,1,91.40,34.35,2500,0,0,0
377,6.28962,free_swing,536,485,459,491,-39.695,-85.544,0,271.90,-1150.85,1,77.23,44.53,2500,1,0,0
378,6.3063,free_swing,552,488,460,475,-35.433,-98.043,0,223.58,-301.74,1,92.91,33.26,2500,1,0,0
379,6.32298,free_swing,564,490,425,494,-32.071,-88.352,0,221.58,-481.13,0,139.06,0.12,2500,0,0,0
380,6.33967,free_swing,577,492,445,453,-28.258,-106.460,0,238.33,-738.50,1,137.64,1.14,2500,1,0,0
381,6.35635,free_swing,593,491,487,403,-23.762,-129.699,0,270.64,-457.74,1,137.77,1.05,2500,1,0,0
382,6.37303,free_swing,608,489,473,418,-19.306,-117.741,0,287.35,218.04,1,152.53,9.56,2500,1,0,0
383,6.38972,free_swing,624,486,481,424,-14.211,-113.440,0,297.95,271.45,1,155.86,11.95,2500,0,0,0
384,6.4064,free_swing,639,481,502,412,-9.150,-116.732,0,329.47,-211.86,1,153.39,10.18,2500,1,0,0
385,6.42308,free_swing,654,475,521,403,-3.601,-118.429,0,352.37,-84.73,0,151.24,8.63,2500,0,0,0
386,6.43977,free_swing,670,466,537,385,2.990,-121.342,0,383.55,94.26,1,155.72,11.85,2500,0,0,0
387,6.45645,free_swing,683,456,537,393,9.162,-113.341,0,425.27,141.75,1,159.01,14.21,2500,0,0,0
388,6.47313,free_swing,696,443,562,385,16.557,-113.405,0,446.77,321.77,0,146.01,4.88,2500,0,0,0
389,6.48982,free_swing,708,431,578,389,24.444,-107.904,0,433.92,669.43,1,136.62,1.87,2500,1,0,0
390,6.5065,free_swing,716,421,579,419,30.774,-90.836,0,359.15,970.97,1,137.01,1.59,2500,1,0,0
391,6.52318,free_swing,721,412,580,456,35.942,-72.669,0,242.19,767.30,1,147.71,6.09,2500,1,0,0
392,6.53987,free_swing,724,407,590,467,39.123,-65.879,0,116.57,491.44,1,146.82,5.46,2500,1,0,0
393,6.55655,free_swing,725,407,603,474,39.579,-61.225,0,-21.70,398.31,0,139.19,0.03,2500,0,0,0
394,6.57323,free_swing,724,409,615,494,38.387,-52.052,0,-145.61,-228.74,1,138.22,0.72,2500,1,0,0
395,6.58992,free_swing,721,415,625,486,34.946,-53.514,0,-247.79,-29.70,1,119.40,14.24,2500,0,0,0
396,6.6066,free_swing,716,424,657,443,29.946,-72.150,0,-347.87,616.01,1,61.98,55.48,2500,1,0,0
397,6.62328,free_swing,708,435,657,532,23.600,-27.734,0,-429.19,1455.55,1,109.59,21.28,2500,1,0,0
398,6.63997,free_swing,695,447,676,543,15.550,-11.195,0,-528.43,1679.40,1,97.86,29.71,2500,1,0,0
399,6.65665,free_swing,678,462,701,558,6.582,13.473,0,-583.68,1270.16,1,98.72,29.09,2500,1,0,0
400,6.67333,free_swing,653,477,726,583,-3.945,34.554,0,-558.63,1392.47,0,128.71,7.55,2500,0,0,0
401,6.69002,free_swing,630,485,724,541,-12.171,59.216,0,-460.74,975.15,1,109.42,21.41,2500,1,0,0
402,6.7067,free_swing,609,490,731,533,-18.869,70.585,0,-350.25,665.37,1,129.36,7.09,2500,1,0,0
403,6.72338,free_swing,592,492,735,528,-23.929,75.870,0,-291.74,404.45,1,147.46,5.92,2500,1,0,0
404,6.74007,free_swing,576,491,714,497,-28.686,87.510,0,-263.17,528.66,0,138.13,0.78,2500,0,0,0
405,6.75675,free_swing,561,490,711,486,-32.845,91.528,0,-247.85,300.16,1,150.05,7.78,2500,1,0,0
406,6.77343,free_swing,546,487,700,459,-37.047,100.305,0,-235.68,-45.92,1,156.52,12.43,2500,1,0,0
407,6.79012,free_swing,532,484,688,484,-40.756,90.000,0,-236.26,-183.35,1,156.00,12.05,2500,0,0,0
408,6.8068,free_swing,518,478,676,478,-44.803,90.000,0,-237.58,-179.50,1,158.00,13.49,2500,0,0,0
409,6.82348,free_swing,504,471,663,476,-48.840,88.199,0,-239.80,-151.48,1,159.08,14.26,2500,0,0,0
410,6.84017,free_swing,491,463,647,476,-52.706,85.236,0,-231.29,-347.62,1,156.54,12.44,2500,0,0,0
411,6.85685,free_swing,479,454,634,495,-56.454,75.184,0,-216.14,-399.45,1,160.33,15.16,2500,0,0,0
412,6.87353,free_swing,470,444,620,494,-59.873,71.565,0,-182.77,-289.89,1,158.11,13.57,2500,0,0,0
413,6.89022,free_swing,461,437,600,499,-62.534,65.961,0,-127.33,-317.05,0,152.20,9.32,2500,0,0,0
414,6.9069,free_swing,457,432,586,499,-64.106,62.554,0,-68.55,-411.89,0,145.36,4.41,2500,0,0,0
415,6.92358,free_swing,456,430,570,525,-64.666,50.194,0,-12.56,-443.76,0,148.39,6.59,2500,0,0,0
416,6.94027,free_swing,455,431,547,520,-64.547,45.950,0,43.71,-660.73,1,128.00,8.06,2500,1,0,0
417,6.95695,free_swing,459,435,532,542,-63.211,34.303,0,114.17,-693.49,0,129.53,6.96,2500,0,0,0
418,6.97363,free_swing,467,442,507,580,-60.698,16.164,0,198.56,-761.48,0,143.68,3.20,2500,0,0,0
419,6.99032,free_swing,479,453,496,560,-56.671,9.028,0,283.09,-943.99,1,108.34,22.18,2500,0,0,0
420,7.007,free_swing,495,466,481,556,-51.423,-8.842,0,341.87,-1268.70,1,91.08,34.58,2500,1,0,0
421,7.02368,free_swing,516,477,464,544,-45.392,-37.816,0,342.77,-1555.93,1,84.81,39.08,2500,1,0,0
422,7.04037,free_swing,535,485,456,532,-39.916,-59.250,0,306.45,-1113.31,1,91.92,33.97,2500,1,0,0
423,7.05705,free_swing,551,489,443,515,-35.503,-76.464,0,248.09,-689.42,1,111.09,20.21,2500,1,0,0
424,7.07373,free_swing,566,491,438,514,-31.386,-79.813,0,219.88,-734.96,0,130.05,6.59,2500,0,0,0
425,7.09042,free_swing,578,491,451,477,-28.129,-96.291,0,232.38,-557.49,0,127.77,8.23,2500,0,0,0
426,7.1071,free_swing,593,491,471,448,-23.762,-109.415,0,276.87,-392.87,0,129.36,7.09,2500,0,0,0
427,7.12378,free_swing,610,488,474,458,-18.765,-102.440,0,309.27,-50.33,1,139.27,0.03,2500,1,0,0
428,7.14047,free_swing,627,485,486,434,-13.241,-109.885,0,310.80,-108.20,0,149.94,7.70,2500,0,0,0
429,7.15715,free_swing,641,480,506,433,-8.455,-109.195,0,319.87,13.10,0,142.95,2.68,2500,0,0,0
430,7.17383,free_swing,656,474,516,421,-2.822,-110.735,0,348.34,300.33,1,149.70,7.52,2500,1,0,0
431,7.19052,free_swing,671,465,518,445,3.442,-97.447,0,396.48,254.88,1,154.30,10.83,2500,0,0,0
432,7.2072,free_swing,685,454,539,431,10.222,-98.952,0,421.79,283.94,0,147.80,6.16,2500,0,0,0
433,7.22388,free_swing,698,443,554,429,17.501,-95.553,0,432.89,193.98,0,144.68,3.92,2500,0,0,0
434,7.24057,free_swing,708,431,566,441,24.444,-85.972,0,418.59,415.98,1,142.35,2.25,2500,1,0,0
435,7.25725,free_swing,716,420,585,436,31.059,-83.037,0,344.69,672.39,1,131.97,5.21,2500,1,0,0
436,7.27393,free_swing,722,413,595,460,36.069,-69.692,0,207.03,520.06,0,135.42,2.73,2500,0,0,0
437,7.29062,free_swing,723,409,601,495,37.926,-54.819,0,42.18,507.97,0,149.26,7.21,2500,0,0,0
438,7.3073,free_swing,723,411,626,466,37.216,-60.446,0,-88.34,402.43,1,111.51,19.91,2500,0,0,0
439,7.32398,free_swing,721,415,634,509,34.946,-42.785,0,-184.13,437.69,0,128.08,8.00,2500,0,0,0
440,7.34067,free_swing,717,421,650,513,31.247,-36.064,0,-297.07,848.80,1,113.81,18.25,2500,1,0,0
441,7.35735,free_swing,710,431,667,520,25.396,-25.787,0,-408.04,765.22,1,98.84,29.00,2500,0,0,0
442,7.37403,free_swing,698,444,697,536,17.354,-0.623,0,-498.45,1353.32,1,92.01,33.91,2500,1,0,0
443,7.39072,free_swing,683,458,707,594,9.019,10.008,0,-552.50,1319.36,0,138.10,0.81,2500,0,0,0
444,7.4074,free_swing,662,472,732,536,-0.409,47.564,0,-541.30,982.22,1,94.85,31.87,2500,1,0,0
445,7.42408,free_swing,638,483,749,584,-9.401,47.701,0,-470.77,864.43,0,150.07,7.79,2500,0,0,0
446,7.44077,free_swing,618,489,742,553,-15.994,62.700,0,-368.31,612.53,1,139.54,0.23,2500,1,0,0
447,7.45745,free_swing,601,491,742,519,-21.303,78.768,0,-296.12,571.51,0,143.75,3.25,2500,0,0,0
448,7.47413,free_swing,585,491,726,507,-26.131,83.526,0,-265.12,475.91,0,141.90,1.93,2500,0,0,0
449,7.49082,free_swing,570,491,723,506,-30.324,84.401,0,-244.67,481.07,1,153.73,10.42,2500,0,0,0
450,7.5075,free_swing,556,489,716,446,-34.276,105.043,0,-233.67,266.64,1,165.68,19.00,2500,1,0,0
451,7.52418,free_swing,541,487,707,456,-38.206,100.578,0,-239.48,70.89,1,168.87,21.29,2500,0,0,0
452,7.54087,free_swing,527,482,687,471,-42.198,93.933,0,-239.58,-187.65,1,160.38,15.19,2500,1,0,0
453,7.55755,free_swing,513,475,680,439,-46.369,102.165,0,-243.72,-43.46,1,170.84,22.71,2500,0,0,0
454,7.57423,free_swing,499,469,666,455,-50.126,94.792,0,-238.94,-41.76,1,167.59,20.37,2500,0,0,0
455,7.59092,free_swing,486,459,646,450,-54.340,93.219,0,-227.73,-231.69,1,160.25,15.11,2500,0,0,0
456,7.6076,free_swing,476,450,637,441,-57.747,93.200,0,-203.54,-327.97,1,161.25,15.82,2500,0,0,0
457,7.62428,free_swing,467,441,624,461,-60.921,82.740,0,-158.17,-367.42,1,158.27,13.68,2500,0,0,0
458,7.64097,free_swing,460,435,604,474,-63.097,74.846,0,-103.81,-288.58,0,149.19,7.16,2500,0,0,0
459,7.65765,free_swing,457,431,594,464,-64.332,76.457,0,-43.07,-545.50,1,140.92,1.22,2500,1,0,0
460,7.67433,free_swing,456,431,577,486,-64.440,65.556,0,14.00,-208.12,1,132.91,4.53,2500,1,0,0
461,7.69102,free_swing,457,433,549,517,-63.882,47.603,0,74.29,-483.19,1,124.58,10.52,2500,1,0,0
462,7.7077,free_swing,463,438,557,480,-62.076,65.925,0,129.63,-995.15,1,102.96,26.05,2500,1,0,0
463,7.72438,free_swing,471,446,507,549,-59.300,19.265,0,200.06,-1549.36,1,109.11,21.63,2500,1,0,0
464,7.74107,free_swing,481,456,470,560,-55.733,-6.038,0,270.39,-1937.43,1,104.58,24.88,2500,1,0,0
465,7.75775,free_swing,498,468,443,580,-50.503,-26.154,0,308.23,-1182.41,1,124.78,10.38,2500,1,0,0
466,7.77443,free_swing,516,478,441,535,-45.196,-52.765,0,292.85,-1110.04,1,94.20,32.34,2500,0,0,0
467,7.79112,free_swing,532,483,412,543,-40.943,-63.435,0,244.34,-1043.72,0,134.16,3.63,2500,0,0,0
468,7.8078,free_swing,545,487,419,502,-37.282,-83.211,0,206.26,-1036.54,0,126.89,8.86,2500,0,0,0
469,7.82448,free_swing,557,490,439,465,-33.857,-101.962,0,192.84,-1116.65,1,120.62,13.36,2500,0,0,0
470,7.84117,free_swing,568,491,454,431,-30.858,-117.759,0,182.29,-744.80,1,128.83,7.47,2500,1,0,0
471,7.85785,free_swing,580,491,471,407,-27.565,-127.619,0,195.52,-203.78,1,137.61,1.16,2500,1,0,0
472,7.87453,free_swing,591,491,478,409,-24.362,-125.967,0,236.60,247.05,1,139.62,0.28,2500,1,0,0
473,7.89122,free_swing,606,490,467,413,-19.837,-118.985,0,275.70,167.50,1,158.90,14.14,2500,0,0,0
474,7.9079,free_swing,622,487,489,417,-14.816,-117.759,0,303.63,-138.17,1,150.30,7.95,2500,1,0,0
475,7.92458,free_swing,637,482,519,395,-9.834,-126.401,0,317.16,-156.03,0,146.60,5.30,2500,0,0,0
476,7.94127,free_swing,652,476,525,389,-4.368,-124.413,0,344.98,220.31,1,153.94,10.57,2500,1,0,0
477,7.95795,free_swing,667,468,536,404,1.685,-116.038,0,377.06,611.04,1,145.80,4.72,2500,1,0,0
478,7.97463,free_swing,681,458,544,422,8.130,-104.723,0,390.16,712.57,0,141.65,1.74,2500,0,0,0
479,7.99132,free_swing,693,448,552,438,14.500,-94.057,0,367.71,528.17,0,141.35,1.53,2500,0,0,0
480,8.008,free_swing,702,438,557,453,20.200,-84.094,0,290.23,576.33,0,145.77,4.71,2500,0,0,0
481,8.02468,free_swing,708,432,583,450,24.228,-81.806,0,178.28,261.85,1,126.29,9.29,2500,1,0,0
482,8.04137,free_swing,710,429,587,482,25.852,-66.689,0,41.80,152.77,0,133.93,3.80,2500,0,0,0
483,8.05805,free_swing,710,429,611,450,25.852,-78.024,0,-58.89,427.71,1,101.20,27.31,2500,1,0,0
484,8.07473,free_swing,707,433,622,482,23.540,-60.038,0,-151.05,853.94,1,98.11,29.53,2500,1,0,0
485,8.09142,free_swing,704,439,636,520,20.966,-40.014,0,-249.92,1263.48,1,105.76,24.04,2500,1,0,0
486,8.1081,free_swing,695,448,652,560,15.422,-21.003,0,-378.48,998.82,1,119.97,13.83,2500,1,0,0
487,8.12478,free_swing,682,460,670,582,8.443,-5.618,0,-490.57,1357.42,1,122.59,11.95,2500,1,0,0
488,8.14147,free_swing,661,472,698,607,-0.818,15.327,0,-530.85,1334.75,0,139.98,0.54,2500,0,0,0
489,8.15815,free_swing,639,483,714,543,-9.031,51.340,0,-488.37,1457.23,1,96.05,31.01,2500,0,0,0
490,8.17483,free_swing,615,490,729,571,-16.899,54.605,0,-391.07,1006.91,1,139.85,0.45,2500,1,0,0
491,8.19152,free_swing,598,492,722,502,-22.109,85.389,0,-300.65,641.38,1,124.40,10.64,2500,1,0,0
492,8.2082,free_swing,583,491,720,512,-26.709,81.285,0,-229.63,333.57,1,138.60,0.45,2500,1,0,0
493,8.22488,free_swing,570,492,722,485,-30.167,92.637,0,-213.29,296.64,0,152.16,9.29,2500,0,0,0
494,8.24157,free_swing,558,490,713,493,-33.606,88.891,0,-204.00,429.37,1,155.03,11.35,2500,0,0,0
495,8.25825,free_swing,545,487,708,424,-37.282,111.132,0,-207.36,40.48,1,174.75,25.52,2500,1,0,0
496,8.27493,free_swing,533,484,694,466,-40.539,96.379,0,-206.24,88.47,1,162.00,16.36,2500,0,0,0
497,8.29162,free_swing,521,479,683,456,-44.009,98.081,0,-204.60,50.54,1,163.62,17.53,2500,0,0,0
498,8.3083,free_swing,509,473,675,413,-47.523,109.872,0,-207.68,193.51,1,176.51,26.78,2500,0,0,0
499,8.32498,free_swing,497,467,655,424,-50.880,105.224,0,-210.51,-199.26,1,163.75,17.61,2500,1,0,0
500,8.34167,free_swing,486,459,645,440,-54.340,96.814,0,-199.34,-465.56,1,160.13,15.02,2500,1,0,0
501,8.35835,free_swing,476,450,635,438,-57.747,94.316,0,-178.75,-193.36,1,159.45,14.53,2500,1,0,0
502,8.37503,free_swing,468,444,627,448,-60.129,88.559,0,-147.31,18.94,1,159.05,14.24,2500,1,0,0
503,8.39172,free_swing,462,437,615,428,-62.418,93.366,0,-100.44,-154.10,1,153.26,10.09,2500,0,0,0
504,8.4084,free_swing,458,433,620,436,-63.771,88.939,0,-46.28,-341.63,1,162.03,16.38,2500,0,0,0
505,8.42508,free_swing,458,433,601,471,-63.771,75.118,0,17.12,-762.48,1,147.96,6.28,2500,1,0,0
506,8.44177,free_swing,460,435,594,487,-63.097,68.791,0,73.69,-647.75,0,143.74,3.24,2500,0,0,0
507,8.45845,free_swing,464,440,575,529,-61.511,51.277,0,123.42,-344.59,1,142.27,2.19,2500,1,0,0
508,8.47513,free_swing,471,448,569,522,-58.861,52.943,0,172.24,-476.36,1,122.80,11.80,2500,0,0,0
509,8.49182,free_swing,482,456,563,538,-55.586,44.648,0,239.02,-771.00,1,115.26,17.21,2500,1,0,0
510,8.5085,free_swing,496,466,535,572,-51.257,20.200,0,319.44,-1325.50,1,112.95,18.87,2500,1,0,0
511,8.52518,free_swing,516,479,517,564,-45.000,0.674,0,381.55,-1501.08,1,85.01,38.94,2500,0,0,0
512,8.54187,free_swing,540,487,488,602,-38.434,-24.331,0,383.08,-1295.14,1,126.21,9.35,2500,1,0,0
513,8.55855,free_swing,562,491,477,571,-32.425,-46.736,0,332.76,-930.73,1,116.73,16.16,2500,1,0,0
514,8.57523,free_swing,580,492,466,569,-27.418,-55.963,0,283.58,-760.49,0,137.57,1.19,2500,0,0,0
515,8.59192,free_swing,595,492,463,554,-23.025,-64.841,0,254.38,-700.46,0,145.84,4.75,2500,0,0,0
516,8.6086,free_swing,609,490,486,501,-18.869,-84.890,0,242.08,-526.19,1,123.49,11.30,2500,0,0,0
517,8.62528,free_swing,622,487,487,496,-14.816,-86.186,0,232.31,-337.00,0,135.30,2.82,2500,0,0,0
518,8.64197,free_swing,634,483,486,491,-10.871,-86.906,0,254.59,-151.71,0,148.22,6.46,2500,0,0,0
519,8.65865,free_swing,646,478,510,462,-6.642,-96.710,0,296.80,-133.29,0,136.94,1.64,2500,0,0,0
520,8.67533,free_swing,661,471,516,461,-0.824,-93.945,0,336.55,7.41,0,145.34,4.40,2500,0,0,0
521,8.69202,free_swing,674,462,528,459,4.837,-91.177,0,359.60,24.97,0,146.03,4.89,2500,0,0,0
522,8.7087,free_swing,686,453,542,445,10.763,-93.180,0,368.80,145.76,0,144.22,3.59,2500,0,0,0
523,8.72538,free_swing,697,443,562,438,17.030,-92.121,0,367.62,450.39,1,135.09,2.97,2500,1,0,0
524,8.74207,free_swing,706,433,561,470,23.062,-75.685,0,332.07,447.74,0,149.65,7.49,2500,0,0,0
525,8.75875,free_swing,712,425,578,470,27.784,-71.437,0,243.30,350.61,0,141.35,1.53,2500,0,0,0
526,8.77543,free_swing,717,421,590,458,31.247,-73.757,0,138.32,44.64,1,132.28,4.99,2500,1,0,0
527,8.79212,free_swing,717,418,601,477,32.125,-63.041,0,13.51,283.87,1,130.14,6.52,2500,1,0,0
528,8.8088,free_swing,717,419,618,462,31.827,-66.523,0,-108.48,399.17,1,107.94,22.47,2500,0,0,0
529,8.82548,free_swing,714,425,619,503,28.740,-50.612,0,-194.52,546.85,1,122.92,11.71,2500,0,0,0
530,8.84217,free_swing,709,431,623,510,24.922,-47.429,0,-260.11,301.35,1,116.78,16.12,2500,1,0,0
531,8.85885,free_swing,703,440,635,538,20.323,-34.756,0,-328.02,388.68,1,119.28,14.32,2500,0,0,0
532,8.87553,free_swing,693,450,668,478,14.265,-41.760,0,-419.29,910.43,1,37.54,73.04,2500,1,0,0
533,8.89222,free_swing,677,462,671,563,6.147,-3.400,0,-512.43,1762.60,1,101.18,27.33,2500,1,0,0
534,8.9089,free_swing,657,475,691,580,-2.403,17.942,0,-536.91,1746.48,1,110.37,20.73,2500,0,0,0
535,8.92558,free_swing,631,486,707,535,-11.739,57.189,0,-490.99,1195.94,1,90.43,35.05,2500,1,0,0
536,8.94227,free_swing,609,491,716,571,-18.759,53.216,0,-402.10,824.01,1,133.60,4.04,2500,1,0,0
537,8.95895,free_swing,589,492,721,514,-24.821,80.538,0,-310.09,456.28,1,133.82,3.88,2500,1,0,0
538,8.97563,free_swing,573,492,709,520,-29.358,78.366,0,-269.05,341.87,0,138.85,0.27,2500,0,0,0
539,8.99232,free_swing,558,490,710,504,-33.606,84.738,0,-239.13,4.25,1,152.64,9.64,2500,1,0,0
540,9.009,free_swing,544,486,695,510,-37.694,80.969,0,-227.65,0.96,0,152.90,9.82,2500,0,0,0
541,9.02568,free_swing,531,483,689,490,-41.159,87.463,0,-214.48,101.20,1,158.15,13.60,2500,0,0,0
542,9.04237,free_swing,518,478,671,504,-44.803,80.356,0,-209.88,150.81,1,155.19,11.47,2500,0,0,0
543,9.05905,free_swing,506,472,665,462,-48.276,93.599,0,-213.14,8.93,1,159.31,14.43,2500,0,0,0
544,9.07573,free_swing,494,465,647,480,-51.798,84.401,0,-207.13,-158.70,1,153.73,10.42,2500,0,0,0
545,9.09242,free_swing,483,457,636,477,-55.222,82.553,0,-196.69,-339.45,1,154.30,10.83,2500,0,0,0
546,9.1091,free_swing,474,449,623,489,-58.241,74.973,0,-168.98,-421.88,1,154.28,10.81,2500,0,0,0
547,9.12578,free_swing,466,442,613,489,-60.822,72.269,0,-126.36,-519.53,1,154.33,10.85,2500,0,0,0
548,9.14247,free_swing,462,437,591,526,-62.418,55.397,0,-68.75,-253.13,1,156.72,12.57,2500,1,0,0
549,9.15915,free_swing,460,435,582,509,-63.097,58.761,0,-9.79,-233.00,0,142.69,2.49,2500,0,0,0
550,9.17583,free_swing,460,437,581,508,-62.650,59.597,0,48.46,197.15,1,140.29,0.77,2500,1,0,0
551,9.19252,free_swing,464,440,560,525,-61.511,48.478,0,106.25,-438.44,1,128.22,7.90,2500,1,0,0
552,9.2092,free_swing,471,447,561,503,-59.080,58.109,0,173.64,-872.69,1,106.00,23.86,2500,1,0,0
553,9.22588,free_swing,481,456,514,573,-55.733,15.751,0,254.21,-1380.23,1,121.56,12.68,2500,1,0,0
554,9.24257,free_swing,497,467,504,561,-50.880,4.259,0,312.19,-1869.27,1,94.26,32.30,2500,1,0,0
555,9.25925,free_swing,516,478,484,535,-45.196,-29.310,0,333.78,-1154.04,1,65.37,53.05,2500,1,0,0
556,9.27593,free_swing,535,485,465,533,-39.916,-55.561,0,309.92,-1572.64,1,84.88,39.04,2500,1,0,0
557,9.29262,free_swing,553,489,445,553,-35.017,-59.349,0,270.24,-1402.32,0,125.54,9.83,2500,0,0,0
558,9.3093,free_swing,568,491,484,464,-30.858,-107.819,0,235.64,-816.63,1,88.23,36.62,2500,1,0,0
559,9.32598,free_swing,581,492,479,466,-27.135,-104.300,0,211.66,-346.12,1,105.26,24.39,2500,1,0,0
560,9.34267,free_swing,593,492,463,483,-23.629,-93.960,0,220.25,229.42,1,130.31,6.40,2500,1,0,0
561,9.35935,free_swing,606,490,491,451,-19.837,-108.733,0,258.35,-38.43,1,121.43,12.78,2500,1,0,0
562,9.37603,free_swing,621,488,494,458,-15.068,-103.291,0,293.21,-192.77,0,130.50,6.27,2500,0,0,0
563,9.39272,free_swing,637,483,494,455,-9.770,-101.079,0,313.04,-202.30,0,145.72,4.66,2500,0,0,0
564,9.4094,free_swing,651,476,526,417,-4.764,-115.267,0,319.37,-167.18,0,138.22,0.72,2500,0,0,0
565,9.42608,free_swing,665,469,535,416,0.836,-112.180,0,345.28,399.18,1,140.39,0.84,2500,1,0,0
566,9.44277,free_swing,678,460,539,442,6.684,-97.379,0,376.32,556.64,0,140.16,0.67,2500,0,0,0
567,9.45945,free_swing,691,450,544,455,13.349,-88.052,0,388.04,556.27,0,147.09,5.65,2500,0,0,0
568,9.47613,free_swing,701,439,575,433,19.552,-92.726,0,372.81,-75.63,1,126.14,9.40,2500,1,0,0
569,9.49282,free_swing,709,429,573,465,25.372,-75.174,0,301.97,135.95,1,140.68,1.05,2500,1,0,0
570,9.5095,free_swing,715,423,611,411,29.745,-96.582,0,185.64,564.13,1,104.69,24.80,2500,1,0,0
571,9.52618,free_swing,717,420,609,479,31.535,-61.352,0,62.15,931.68,1,123.07,11.61,2500,1,0,0
572,9.54287,free_swing,717,421,619,497,31.247,-52.206,0,-68.00,1027.02,1,124.02,10.92,2500,0,0,0
573,9.55955,free_swing,715,423,638,529,29.745,-35.995,0,-191.12,447.03,1,131.02,5.90,2500,1,0,0
574,9.57623,free_swing,710,433,649,522,24.955,-34.426,0,-309.82,726.58,1,107.90,22.50,2500,1,0,0
575,9.59292,free_swing,701,442,671,552,19.058,-15.255,0,-414.59,1037.90,1,114.02,18.10,2500,1,0,0
576,9.6096,free_swing,688,453,701,594,11.674,5.268,0,-493.89,1527.55,1,141.60,1.71,2500,1,0,0
577,9.62628,free_swing,670,468,721,558,2.946,29.539,0,-529.77,1204.87,1,103.45,25.70,2500,1,0,0
578,9.64297,free_swing,647,480,741,549,-6.170,53.720,0,-489.00,1155.10,1,116.61,16.24,2500,0,0,0
579,9.65965,free_swing,627,486,747,559,-13.158,58.686,0,-388.72,1072.92,0,140.46,0.89,2500,0,0,0
580,9.67633,free_swing,609,489,743,493,-18.981,88.290,0,-306.18,619.89,1,134.06,3.71,2500,1,0,0
581,9.69302,free_swing,594,492,732,483,-23.328,93.731,0,-261.54,453.36,0,138.29,0.67,2500,0,0,0
582,9.7097,free_swing,579,491,727,499,-27.848,86.906,0,-231.39,150.42,1,148.22,6.46,2500,1,0,0
583,9.72638,free_swing,566,491,720,451,-31.386,104.560,0,-227.92,291.21,1,159.11,14.28,2500,0,0,0
584,9.74307,free_swing,552,490,706,454,-35.089,103.158,0,-226.57,227.83,1,158.15,13.60,2500,0,0,0
585,9.75975,free_swing,538,485,693,447,-39.249,103.775,0,-236.82,-58.05,1,159.59,14.63,2500,1,0,0
586,9.77643,free_swing,524,481,687,434,-43.011,106.085,0,-235.88,222.83,1,169.64,21.85,2500,1,0,0
587,9.79312,free_swing,511,474,676,425,-46.948,106.540,0,-233.80,-47.70,1,172.12,23.63,2500,1,0,0
588,9.8098,free_swing,497,467,670,398,-50.880,111.744,0,-233.94,-140.77,1,186.25,33.78,2500,0,0,0
589,9.82648,free_swing,485,458,643,443,-54.707,95.423,0,-223.11,-273.38,1,158.71,14.00,2500,0,0,0
590,9.84317,free_swing,474,449,647,413,-58.241,101.755,0,-203.78,-522.20,1,176.71,26.92,2500,1,0,0
591,9.85985,free_swing,465,440,622,445,-61.390,88.176,0,-163.57,-378.02,1,157.08,12.83,2500,0,0,0
592,9.87653,free_swing,458,433,603,469,-63.771,76.057,0,-110.45,-446.82,0,149.40,7.31,2500,0,0,0
593,9.89322,free_swing,456,429,589,456,-64.892,78.524,0,-41.49,-522.42,0,135.71,2.52,2500,0,0,0
594,9.9099,free_swing,455,428,578,486,-65.225,64.754,0,21.47,-1004.32,1,135.99,2.32,2500,1,0,0
595,9.92658,free_swing,457,432,551,534,-64.106,42.663,0,79.31,-406.10,1,138.71,0.37,2500,1,0,0
596,9.94327,free_swing,462,437,528,538,-62.418,33.163,0,153.36,-331.18,1,120.65,13.34,2500,0,0,0
597,9.95995,free_swing,471,446,535,491,-59.300,54.888,0,234.25,-995.12,1,78.24,43.80,2500,1,0,0
598,9.97663,free_swing,485,459,482,565,-54.493,-1.621,0,320.17,-1777.44,1,106.04,23.83,2500,1,0,0
599,9.99332,free_swing,504,471,465,544,-48.840,-28.113,0,360.78,-2419.46,1,82.76,40.55,2500,1,0,0
600,10.01,free_swing,526,481,443,545,-42.597,-52.365,0,343.81,-1765.10,1,104.81,24.72,2500,1,0,0
601,10.02668,free_swing,544,488,471,479,-37.337,-97.028,0,288.44,-1117.20,1,73.55,47.17,2500,1,0,0
602,10.04337,free_swing,560,490,452,469,-33.100,-101.004,0,233.85,-458.61,1,110.02,20.97,2500,1,0,0
603,10.06005,free_swing,573,491,444,486,-29.511,-92.220,0,219.32,-87.16,1,129.10,7.27,2500,1,0,0
604,10.07673,free_swing,586,492,470,446,-25.699,-111.631,0,237.17,-67.71,1,124.79,10.37,2500,0,0,0
605,10.09342,free_swing,601,490,468,446,-21.425,-108.306,0,277.39,-174.44,0,140.09,0.62,2500,0,0,0
606,10.1101,free_swing,617,487,469,466,-16.530,-98.076,0,318.57,-24.25,0,149.48,7.37,2500,0,0,0
607,10.12678,free_swing,634,483,500,413,-10.871,-117.582,0,328.92,-130.32,0,151.18,8.59,2500,0,0,0
608,10.14347,free_swing,650,476,512,428,-5.159,-109.179,0,336.87,42.83,0,146.11,4.95,2500,0,0,0
609,10.16015,free_swing,663,469,513,430,0.000,-104.574,0,357.33,259.62,1,154.99,11.32,2500,1,0,0
610,10.17683,free_swing,678,460,544,425,6.684,-104.638,0,398.39,292.59,0,138.50,0.52,2500,0,0,0
611,10.19352,free_swing,691,448,552,418,13.570,-102.179,0,436.19,66.92,1,142.20,2.14,2500,1,0,0
612,10.2102,free_swing,703,437,560,440,20.854,-88.798,0,436.28,102.76,0,143.03,2.74,2500,0,0,0
613,10.22688,free_swing,713,426,587,392,28.009,-105.101,0,404.65,563.42,1,130.51,6.26,2500,1,0,0
614,10.24357,free_swing,720,416,588,435,34.160,-81.809,0,312.73,609.32,0,133.36,4.21,2500,0,0,0
615,10.26025,free_swing,724,409,594,477,38.387,-62.387,0,184.01,663.40,0,146.71,5.38,2500,0,0,0
616,10.27693,free_swing,726,407,617,441,40.030,-72.676,0,31.38,390.99,1,114.18,17.99,2500,1,0,0
617,10.29362,free_swing,725,407,633,467,39.579,-56.889,0,-105.82,297.40,1,109.84,21.11,2500,0,0,0
618,10.3103,free_swing,722,412,642,493,36.409,-44.644,0,-230.12,373.03,1,113.85,18.23,2500,0,0,0
619,10.32698,free_swing,718,420,673,455,32.005,-52.125,0,-331.52,475.61,1,57.01,59.05,2500,0,0,0
620,10.34367,free_swing,710,431,669,493,25.396,-33.476,0,-431.91,1438.07,1,74.33,46.61,2500,1,0,0
621,10.36035,free_swing,699,444,696,544,17.819,-1.718,0,-529.80,1885.42,1,100.04,28.14,2500,1,0,0
622,10.37703,free_swing,681,459,720,517,8.067,33.917,0,-581.08,1227.58,1,69.89,49.80,2500,1,0,0
623,10.39372,free_swing,659,474,735,563,-1.614,40.495,0,-563.80,1185.99,1,117.03,15.94,2500,0,0,0
624,10.4104,free_swing,635,484,743,560,-10.437,54.866,0,-470.88,1051.09,0,132.06,5.14,2500,0,0,0
625,10.42708,free_swing,614,489,739,481,-17.333,93.662,0,-372.94,950.67,1,125.26,10.03,2500,0,0,0
626,10.44377,free_swing,596,492,740,503,-22.721,85.632,0,-298.98,453.59,1,144.42,3.73,2500,1,0,0
627,10.46045,free_swing,580,492,725,479,-27.418,95.123,0,-262.43,0.05,1,145.58,4.57,2500,1,0,0
628,10.47713,free_swing,565,491,722,464,-31.648,99.758,0,-244.89,74.56,1,159.30,14.42,2500,0,0,0
629,10.49382,free_swing,551,488,707,476,-35.676,94.399,0,-243.75,-1.43,1,156.46,12.38,2500,0,0,0
630,10.5105,free_swing,536,485,694,473,-39.695,94.343,0,-244.33,117.91,1,158.46,13.81,2500,0,0,0
631,10.52718,free_swing,521,479,685,438,-44.009,104.036,0,-248.08,134.74,1,169.05,21.42,2500,0,0,0
632,10.54387,free_swing,507,473,669,448,-47.891,98.773,0,-248.55,-208.49,1,163.92,17.74,2500,1,0,0
633,10.56055,free_swing,493,464,653,450,-52.172,95.001,0,-241.81,-276.93,1,160.61,15.36,2500,0,0,0
634,10.57723,free_swing,480,455,642,462,-56.094,87.526,0,-230.32,-310.41,1,162.15,16.47,2500,0,0,0
635,10.59392,free_swing,470,445,635,446,-59.651,89.653,0,-202.21,-336.93,1,165.00,18.52,2500,0,0,0
636,10.6106,free_swing,461,436,609,479,-62.758,73.799,0,-158.08,-353.78,1,154.12,10.70,2500,0,0,0
637,10.62728,free_swing,455,429,594,471,-64.998,73.187,0,-97.13,-731.44,1,145.21,4.30,2500,1,0,0
638,10.64397,free_swing,453,426,568,491,-65.886,60.524,0,-31.05,-824.41,0,132.10,5.12,2500,0,0,0
639,10.66065,free_swing,453,426,538,539,-65.886,36.951,0,38.97,-793.07,0,141.40,1.56,2500,0,0,0
640,10.67733,free_swing,455,430,525,543,-64.772,31.777,0,105.40,-690.19,0,132.92,4.52,2500,0,0,0
641,10.69402,free_swing,462,438,508,543,-62.194,23.658,0,184.03,-793.88,1,114.63,17.66,2500,0,0,0
642,10.7107,free_swing,472,448,469,580,-58.728,-1.302,0,267.63,-1275.42,1,132.03,5.16,2500,1,0,0
643,10.72738,free_swing,488,461,452,570,-53.604,-18.277,0,327.23,-1307.05,1,114.79,17.55,2500,0,0,0
644,10.74407,free_swing,508,473,431,555,-47.708,-43.199,0,338.27,-1154.17,1,112.49,19.20,2500,0,0,0
645,10.76075,free_swing,526,482,408,555,-42.406,-58.257,0,299.19,-1247.66,0,138.76,0.34,2500,0,0,0
646,10.77743,free_swing,542,487,420,512,-37.977,-78.419,0,245.34,-893.15,1,124.54,10.55,2500,1,0,0
647,10.79412,free_swing,556,490,434,477,-34.106,-96.082,0,205.99,-471.73,1,122.69,11.87,2500,1,0,0
648,10.8108,free_swing,568,491,421,484,-30.858,-92.726,0,212.66,-285.21,0,147.17,5.71,2500,0,0,0
649,10.82748,free_swing,581,491,428,469,-27.281,-98.183,0,253.86,-360.00,1,154.57,11.03,2500,0,0,0
650,10.84417,free_swing,598,491,462,435,-22.235,-112.380,0,295.81,-425.93,0,147.08,5.64,2500,0,0,0
651,10.86085,free_swing,615,488,467,426,-17.103,-112.730,0,317.52,-142.05,1,160.46,15.26,2500,1,0,0
652,10.87753,free_swing,631,483,491,426,-11.965,-112.153,0,322.35,126.51,1,151.16,8.57,2500,1,0,0
653,10.89422,free_swing,647,478,505,420,-6.254,-112.218,0,343.94,92.49,1,153.39,10.17,2500,0,0,0
654,10.9109,free_swing,662,471,515,424,-0.412,-107.731,0,380.85,135.26,1,154.33,10.85,2500,0,0,0
655,10.92758,free_swing,677,461,535,418,6.194,-106.847,0,407.83,343.34,1,148.37,6.57,2500,1,0,0
656,10.94427,free_swing,691,449,545,422,13.459,-100.477,0,436.06,386.21,0,148.48,6.65,2500,0,0,0
657,10.96095,free_swing,702,437,552,440,20.376,-88.854,0,437.15,405.04,0,150.03,7.76,2500,0,0,0
658,10.97763,free_swing,712,425,576,431,27.784,-87.474,0,399.52,552.70,0,136.13,2.22,2500,0,0,0
659,10.99432,free_swing,719,416,586,447,33.690,-76.880,0,297.76,608.69,0,136.57,1.91,2500,0,0,0
660,11.011,free_swing,723,410,597,484,37.569,-59.574,0,144.66,736.96,0,146.12,4.96,2500,0,0,0
661,11.02768,free_swing,724,409,610,485,38.387,-56.310,0,-2.27,431.39,1,137.01,1.59,2500,1,0,0
662,11.04437,free_swing,723,411,628,509,37.216,-44.109,0,-153.39,377.71,0,136.49,1.96,2500,0,0,0
663,11.06105,free_swing,720,417,652,489,33.845,-43.363,0,-275.04,513.44,1,99.04,28.87,2500,0,0,0
664,11.07773,free_swing,713,427,665,521,27.759,-27.051,0,-380.94,788.07,1,105.55,24.19,2500,1,0,0
665,11.09442,free_swing,704,438,677,533,21.146,-15.866,0,-469.16,1160.75,1,98.76,29.06,2500,1,0,0
666,11.1111,free_swing,690,452,707,544,12.680,10.469,0,-552.76,1472.04,1,93.56,32.80,2500,1,0,0
667,11.12778,free_swing,670,467,724,554,2.968,31.827,0,-583.71,1550.08,1,102.40,26.45,2500,0,0,0
668,11.14447,free_swing,645,480,741,531,-6.934,62.021,0,-515.10,1133.29,1,108.71,21.92,2500,1,0,0
669,11.16115,free_swing,624,487,750,527,-14.123,72.387,0,-399.76,713.38,1,132.20,5.05,2500,1,0,0
670,11.17783,free_swing,606,490,746,511,-19.837,81.469,0,-302.81,541.08,0,141.57,1.68,2500,0,0,0
671,11.19452,free_swing,590,492,740,490,-24.525,90.764,0,-263.84,628.60,0,150.01,7.75,2500,0,0,0
672,11.2112,free_swing,576,491,726,451,-28.686,104.931,0,-244.80,549.32,1,155.24,11.51,2500,0,0,0
673,11.22788,free_swing,561,490,722,439,-32.845,107.577,0,-245.33,158.11,1,168.88,21.31,2500,1,0,0
674,11.24457,free_swing,546,488,708,426,-36.870,110.943,0,-247.71,-226.28,1,173.46,24.59,2500,1,0,0
675,11.26125,free_swing,531,483,688,451,-41.159,101.520,0,-249.16,-193.10,1,160.23,15.09,2500,0,0,0
676,11.27793,free_swing,517,477,678,449,-45.197,99.866,0,-250.63,-183.12,1,163.42,17.38,2500,0,0,0
677,11.29462,free_swing,502,470,663,434,-49.399,102.604,0,-244.36,113.26,1,164.98,18.50,2500,1,0,0
678,11.3113,free_swing,489,461,649,440,-53.448,97.477,0,-236.55,57.18,1,161.37,15.91,2500,0,0,0
679,11.32798,free_swing,477,452,656,406,-57.171,104.412,0,-220.80,-424.35,1,184.82,32.75,2500,1,0,0
680,11.34467,free_swing,467,442,625,437,-60.698,91.813,0,-194.53,-662.48,1,158.08,13.54,2500,1,0,0
681,11.36135,free_swing,459,433,600,482,-63.660,70.837,0,-146.08,-804.22,0,149.27,7.22,2500,0,0,0
682,11.37803,free_swing,454,427,594,480,-65.556,69.265,0,-78.15,-701.80,0,149.70,7.52,2500,0,0,0
683,11.39472,free_swing,452,425,568,507,-66.214,54.744,0,-15.61,-524.64,0,142.06,2.04,2500,0,0,0
684,11.4114,free_swing,453,426,545,534,-65.886,40.426,0,50.52,-628.58,0,141.87,1.90,2500,0,0,0
685,11.42808,free_swing,455,430,536,528,-64.772,39.575,0,110.97,-654.44,0,127.14,8.68,2500,0,0,0
686,11.44477,free_swing,462,439,508,560,-61.972,20.815,0,185.97,-872.65,1,129.45,7.02,2500,1,0,0
687,11.46145,free_swing,473,448,481,583,-58.595,3.391,0,276.56,-1223.61,1,135.24,2.86,2500,1,0,0
688,11.47813,free_swing,489,462,462,572,-53.236,-13.791,0,341.96,-1199.77,1,113.27,18.64,2500,0,0,0
689,11.49482,free_swing,510,475,450,549,-46.935,-39.036,0,359.95,-1351.96,1,95.27,31.57,2500,0,0,0
690,11.5115,free_swing,530,483,420,556,-41.373,-56.430,0,315.37,-1085.45,1,132.02,5.17,2500,1,0,0
691,11.52818,free_swing,547,488,436,511,-36.634,-78.294,0,262.11,-857.66,1,113.36,18.58,2500,1,0,0
692,11.54487,free_swing,562,490,433,508,-32.588,-82.057,0,227.77,-712.97,0,130.25,6.45,2500,0,0,0
693,11.56155,free_swing,575,492,447,468,-28.811,-100.620,0,234.51,-520.46,0,130.23,6.46,2500,0,0,0
694,11.57823,free_swing,589,491,455,455,-24.958,-105.038,0,263.75,-399.58,0,138.75,0.34,2500,0,0,0
695,11.59492,free_swing,606,490,472,442,-19.837,-109.708,0,294.37,-300.96,0,142.34,2.24,2500,0,0,0
696,11.6116,free_swing,622,486,480,425,-14.908,-113.247,0,318.50,-181.45,1,154.55,11.01,2500,0,0,0
697,11.62828,free_swing,638,481,511,405,-9.525,-120.897,0,332.15,150.00,1,148.00,6.31,2500,1,0,0
698,11.64497,free_swing,654,475,512,429,-3.601,-107.949,0,367.90,355.01,1,149.26,7.21,2500,1,0,0
699,11.66165,free_swing,669,466,524,429,2.564,-104.315,0,389.86,250.01,0,149.65,7.49,2500,0,0,0
700,11.67833,free_swing,684,456,536,421,9.612,-103.305,0,425.76,-2.21,1,152.08,9.24,2500,1,0,0
701,11.69502,free_swing,696,444,559,411,16.417,-103.543,0,450.10,288.08,1,140.92,1.22,2500,1,0,0
702,11.7117,free_swing,708,431,573,417,24.444,-95.921,0,431.48,509.36,1,135.72,2.51,2500,1,0,0
703,11.72838,free_swing,716,420,584,439,31.059,-81.809,0,381.78,746.16,1,133.36,4.21,2500,1,0,0
704,11.74507,free_swing,721,411,598,444,36.285,-74.982,0,251.46,756.72,0,127.35,8.53,2500,0,0,0
705,11.76175,free_swing,725,406,603,482,39.958,-58.079,0,101.63,497.77,1,143.74,3.24,2500,1,0,0
706,11.77843,free_swing,725,407,627,483,39.579,-52.206,0,-38.55,362.06,1,124.02,10.92,2500,0,0,0
707,11.79512,free_swing,723,409,645,469,37.926,-52.431,0,-178.66,181.78,1,98.41,29.32,2500,0,0,0
708,11.8118,free_swing,721,416,644,503,34.624,-41.511,0,-287.86,586.80,1,116.18,16.55,2500,1,0,0
709,11.82848,free_swing,713,426,694,454,28.009,-34.160,0,-401.28,801.35,1,33.84,75.70,2500,1,0,0
710,11.84517,free_swing,704,439,686,557,20.966,-8.673,0,-505.88,1861.68,1,119.36,14.26,2500,1,0,0
711,11.86185,free_swing,689,453,708,555,12.127,10.552,0,-577.59,1985.99,1,103.75,25.48,2500,0,0,0
712,11.87853,free_swing,667,469,736,490,1.672,73.072,0,-585.56,1341.84,1,72.12,48.19,2500,1,0,0
713,11.89522,free_swing,643,481,745,543,-7.645,58.707,0,-499.25,913.61,1,119.36,14.26,2500,1,0,0
714,11.9119,free_swing,623,487,748,515,-14.470,77.374,0,-373.73,449.83,1,128.10,7.99,2500,1,0,0
715,11.92858,free_swing,605,490,746,469,-20.158,98.471,0,-300.06,779.71,1,142.56,2.39,2500,1,0,0
716,11.94527,free_swing,590,492,736,477,-24.525,95.866,0,-269.79,82.00,1,146.77,5.42,2500,1,0,0
717,11.96195,free_swing,574,491,728,467,-29.238,98.858,0,-252.77,-140.19,1,155.86,11.95,2500,1,0,0
718,11.97863,free_swing,560,489,716,475,-33.267,95.128,0,-245.42,29.51,1,156.63,12.50,2500,0,0,0
719,11.99532,free_swing,545,487,706,464,-37.282,98.130,0,-243.59,202.35,1,162.63,16.82,2500,0,0,0
720,12.012,free_swing,530,483,692,451,-41.373,101.174,0,-249.76,196.94,1,165.13,18.61,2500,0,0,0
721,12.02868,free_swing,515,476,681,425,-45.785,107.078,0,-255.22,-40.34,1,173.66,24.73,2500,1,0,0
722,12.04537,free_swing,500,470,667,446,-49.748,98.178,0,-253.29,-403.41,1,168.72,21.18,2500,1,0,0
723,12.06205,free_swing,486,460,653,448,-54.127,94.110,0,-240.23,-410.97,1,167.43,20.26,2500,0,0,0
724,12.07873,free_swing,475,450,631,470,-57.885,82.694,0,-217.18,-356.23,1,157.28,12.97,2500,0,0,0
725,12.09542,free_swing,465,441,617,455,-61.167,84.738,0,-178.93,-329.44,0,152.64,9.64,2500,0,0,0
726,12.1121,free_swing,458,433,599,482,-63.771,70.837,0,-130.01,-518.03,0,149.27,7.22,2500,0,0,0
727,12.12878,free_swing,454,427,587,483,-65.556,67.166,0,-64.82,-921.97,1,144.31,3.65,2500,1,0,0
728,12.14547,free_swing,453,426,560,523,-65.886,47.806,0,5.65,-201.92,1,144.42,3.74,2500,1,0,0
729,12.16215,free_swing,455,428,543,531,-65.225,40.510,0,74.73,20.45,1,135.47,2.69,2500,1,0,0
730,12.17883,free_swing,459,434,551,480,-63.435,63.435,0,147.44,-497.30,1,102.86,26.12,2500,1,0,0
731,12.19552,free_swing,468,443,511,516,-60.350,30.500,0,236.26,-1352.48,1,84.72,39.15,2500,1,0,0
732,12.2122,free_swing,481,456,476,537,-55.733,-3.532,0,315.11,-2060.39,1,81.15,41.71,2500,1,0,0
733,12.22888,free_swing,500,469,485,509,-49.953,-20.556,0,344.33,-1319.09,1,42.72,69.32,2500,1,0,0
734,12.24557,free_swing,520,479,439,533,-44.210,-56.310,0,321.56,-1658.20,1,97.35,30.08,2500,1,0,0
735,12.26225,free_swing,537,485,412,543,-39.472,-65.109,0,268.89,-1696.22,0,137.80,1.02,2500,0,0,0
736,12.27893,free_swing,552,489,457,445,-35.261,-114.852,0,218.83,-880.53,1,104.69,24.80,2500,1,0,0
737,12.29562,free_swing,565,490,447,449,-31.809,-109.160,0,224.62,-274.55,1,124.92,10.27,2500,1,0,0
738,12.3123,free_swing,577,492,445,460,-28.258,-103.627,0,249.44,145.33,1,135.82,2.44,2500,1,0,0
739,12.32898,free_swing,596,490,466,436,-22.979,-112.557,0,295.58,-228.69,1,140.77,1.11,2500,1,0,0
740,12.34567,free_swing,611,488,478,415,-18.435,-118.761,0,318.26,-328.52,0,151.72,8.97,2500,0,0,0
741,12.36235,free_swing,629,484,488,422,-12.609,-113.736,0,317.04,-84.12,1,154.03,10.64,2500,1,0,0
742,12.37903,free_swing,644,479,514,388,-7.365,-124.992,0,346.93,92.21,1,158.69,13.98,2500,0,0,0
743,12.39572,free_swing,659,471,519,407,-1.648,-114.567,0,366.91,237.45,1,153.94,10.57,2500,0,0,0
744,12.4124,free_swing,675,461,522,405,5.315,-110.103,0,409.46,363.10,1,162.93,17.03,2500,0,0,0
745,12.42908,free_swing,688,450,545,409,11.962,-105.998,0,444.91,334.74,0,148.76,6.85,2500,0,0,0
746,12.44577,free_swing,701,438,561,410,19.722,-101.310,0,466.31,377.84,0,142.77,2.55,2500,0,0,0
747,12.46245,free_swing,712,426,569,430,27.532,-88.398,0,446.74,613.21,1,143.06,2.75,2500,1,0,0
748,12.47913,free_swing,720,415,589,424,34.479,-86.070,0,353.09,547.80,0,131.31,5.68,2500,0,0,0
749,12.49582,free_swing,724,407,591,463,39.123,-67.166,0,223.20,439.20,0,144.31,3.65,2500,0,0,0
750,12.5125,free_swing,726,403,615,446,41.583,-68.824,0,62.25,595.21,1,119.04,14.50,2500,0,0,0
751,12.52918,free_swing,727,404,633,468,41.634,-55.751,0,-74.26,599.32,1,113.72,18.32,2500,0,0,0
752,12.54587,free_swing,724,408,634,514,38.752,-40.333,0,-193.57,777.17,0,139.05,0.12,2500,0,0,0
753,12.56255,free_swing,721,414,649,526,35.272,-32.735,0,-287.62,636.08,0,133.15,4.36,2500,0,0,0
754,12.57923,free_swing,715,424,668,549,29.476,-20.606,0,-375.97,648.48,0,133.54,4.08,2500,0,0,0
755,12.59592,free_swing,706,436,688,562,22.463,-8.130,0,-488.79,825.31,0,127.28,8.58,2500,0,0,0
756,12.6126,free_swing,692,451,705,562,13.696,6.680,0,-578.92,1286.74,1,111.76,19.73,2500,1,0,0
757,12.62928,free_swing,671,467,731,578,3.391,28.393,0,-603.86,1377.77,0,126.18,9.37,2500,0,0,0
758,12.64597,free_swing,646,480,752,541,-6.553,60.081,0,-531.39,1082.05,1,122.30,12.16,2500,1,0,0
759,12.66265,free_swing,624,487,750,550,-14.123,63.435,0,-407.34,662.81,1,140.87,1.18,2500,1,0,0
760,12.67933,free_swing,606,489,743,526,-19.954,74.887,0,-314.68,429.90,1,141.91,1.93,2500,1,0,0
761,12.69602,free_swing,590,491,734,503,-24.661,85.236,0,-273.52,589.87,0,144.50,3.79,2500,0,0,0
762,12.7127,free_swing,574,491,731,485,-29.238,92.189,0,-252.30,574.60,1,157.11,12.85,2500,0,0,0
763,12.72938,free_swing,559,490,721,457,-33.354,101.514,0,-248.34,387.41,1,165.33,18.75,2500,0,0,0
764,12.74607,free_swing,544,488,707,432,-37.337,108.961,0,-248.67,-117.78,1,172.35,23.80,2500,1,0,0
765,12.76275,free_swing,529,482,688,453,-41.775,100.337,0,-257.67,-226.00,1,161.62,16.09,2500,0,0,0
766,12.77943,free_swing,514,476,674,473,-45.978,91.074,0,-260.57,-276.91,1,160.03,14.94,2500,0,0,0
767,12.79612,free_swing,499,468,660,436,-50.332,101.241,0,-253.79,-97.25,1,164.15,17.90,2500,0,0,0
768,12.8128,free_swing,485,459,638,466,-54.493,87.380,0,-245.98,32.43,1,153.16,10.01,2500,0,0,0
769,12.82948,free_swing,473,449,632,446,-58.376,91.081,0,-222.24,-471.89,1,159.03,14.23,2500,1,0,0
770,12.84617,free_swing,463,439,612,440,-61.853,89.615,0,-177.12,-414.99,0,149.00,7.03,2500,0,0,0
771,12.86285,free_swing,457,431,588,498,-64.332,62.913,0,-119.31,-652.31,1,147.14,5.69,2500,1,0,0
772,12.87953,free_swing,454,427,586,474,-65.556,70.401,0,-41.59,-476.56,0,140.12,0.64,2500,0,0,0
773,12.89622,free_swing,453,426,564,505,-65.886,54.560,0,32.80,-391.25,0,136.24,2.14,2500,0,0,0
774,12.9129,free_swing,457,431,548,507,-64.332,50.133,0,115.41,-335.22,1,118.56,14.84,2500,0,0,0
775,12.92958,free_swing,463,438,534,523,-62.076,39.872,0,192.79,-472.94,1,110.75,20.45,2500,0,0,0
776,12.94627,free_swing,474,450,524,508,-58.022,40.764,0,259.82,-1393.05,1,76.58,45.00,2500,1,0,0
777,12.96295,free_swing,488,462,485,547,-53.393,-2.021,0,320.90,-1892.61,1,85.05,38.91,2500,1,0,0
778,12.97963,free_swing,508,473,464,533,-47.708,-36.254,0,340.00,-1788.56,1,74.40,46.56,2500,0,0,0
779,12.99632,free_swing,527,483,440,549,-42.008,-52.815,0,306.84,-1392.00,1,109.20,21.56,2500,1,0,0
780,13.013,free_swing,544,488,432,521,-37.337,-73.583,0,246.82,-1015.14,1,116.76,16.13,2500,1,0,0
781,13.02968,free_swing,557,489,455,470,-34.026,-100.552,0,204.72,-662.54,1,103.75,25.48,2500,1,0,0
782,13.04637,free_swing,570,491,440,487,-30.324,-91.762,0,224.65,-271.42,1,130.06,6.58,2500,1,0,0
783,13.06305,free_swing,583,492,444,460,-26.565,-102.965,0,267.98,-305.85,0,142.64,2.45,2500,0,0,0
784,13.07973,free_swing,601,491,466,441,-21.303,-110.323,0,297.86,-595.63,1,143.96,3.40,2500,1,0,0
785,13.09642,free_swing,617,488,490,417,-16.429,-119.208,0,313.28,-239.28,1,145.50,4.51,2500,1,0,0
786,13.1131,free_swing,633,484,506,408,-11.165,-120.897,0,307.24,-133.55,0,148.00,6.31,2500,0,0,0
787,13.12978,free_swing,648,478,518,408,-5.866,-118.301,0,327.57,229.25,1,147.65,6.05,2500,1,0,0
788,13.14647,free_swing,662,470,537,396,-0.415,-120.626,0,366.35,209.93,0,145.26,4.34,2500,0,0,0
789,13.16315,free_swing,677,461,538,420,6.194,-106.434,0,403.89,51.97,0,144.92,4.09,2500,0,0,0
790,13.17983,free_swing,691,450,555,388,13.349,-114.507,0,425.00,399.44,1,149.47,7.36,2500,1,0,0
791,13.19652,free_swing,702,439,577,397,20.026,-108.572,0,413.28,434.14,0,131.87,5.28,2500,0,0,0
792,13.2132,free_swing,711,427,572,439,26.806,-85.066,0,363.56,510.09,0,139.52,0.21,2500,0,0,0
793,13.22988,free_swing,718,419,601,415,32.300,-91.958,0,275.16,585.91,1,117.07,15.91,2500,0,0,0
794,13.24657,free_swing,721,413,616,428,35.605,-81.870,0,136.82,357.45,1,106.07,23.82,2500,1,0,0
795,13.26325,free_swing,723,412,625,467,36.870,-60.698,0,-9.00,367.67,1,112.38,19.28,2500,0,0,0
796,13.27993,free_swing,721,414,643,439,35.272,-72.229,0,-151.36,642.61,1,81.91,41.17,2500,1,0,0
797,13.29662,free_swing,718,421,663,459,31.715,-55.359,0,-294.63,955.32,1,66.85,51.98,2500,1,0,0
798,13.3133,free_swing,711,431,676,536,25.866,-18.435,0,-406.91,1853.20,1,110.68,20.50,2500,1,0,0
799,13.32998,free_swing,699,443,691,504,17.969,-7.472,0,-502.56,1744.18,1,61.52,55.81,2500,0,0,0
800,13.34667,free_swing,684,457,717,497,9.537,39.523,0,-548.38,1539.48,1,51.86,62.75,2500,1,0,0
801,13.36335,free_swing,663,471,738,530,0.000,51.809,0,-532.44,1375.73,1,95.43,31.46,2500,0,0,0
802,13.38003,free_swing,641,482,747,513,-8.344,73.698,0,-459.69,860.69,1,110.44,20.67,2500,1,0,0
803,13.39672,free_swing,621,488,752,494,-15.068,87.378,0,-352.74,699.69,0,131.14,5.81,2500,0,0,0
804,13.4134,free_swing,605,490,746,471,-20.158,97.674,0,-277.01,495.72,1,142.27,2.19,2500,1,0,0
805,13.43008,free_swing,591,491,737,468,-24.362,98.952,0,-246.51,310.31,0,147.80,6.16,2500,0,0,0
806,13.44677,free_swing,577,491,733,426,-28.408,112.620,0,-243.12,188.50,1,169.00,21.39,2500,0,0,0
807,13.46345,free_swing,561,491,713,447,-32.681,106.144,0,-245.35,150.69,1,158.24,13.66,2500,0,0,0
808,13.48013,free_swing,547,488,701,429,-36.634,110.963,0,-242.22,-175.83,1,164.92,18.45,2500,1,0,0
809,13.49682,free_swing,533,483,691,423,-40.726,110.794,0,-246.15,-32.95,1,169.01,21.39,2500,0,0,0
810,13.5135,free_swing,518,478,684,447,-44.803,100.578,0,-254.53,-142.71,1,168.87,21.29,2500,0,0,0
811,13.53018,free_swing,503,470,674,414,-49.222,108.133,0,-252.11,-254.52,1,179.94,29.24,2500,0,0,0
812,13.54687,free_swing,490,461,655,439,-53.289,97.595,0,-246.56,-477.40,1,166.46,19.56,2500,1,0,0
813,13.56355,free_swing,477,452,636,464,-57.171,85.684,0,-226.83,-782.82,1,159.45,14.53,2500,1,0,0
814,13.58023,free_swing,467,441,619,481,-60.921,75.256,0,-196.14,-607.50,1,157.18,12.89,2500,0,0,0
815,13.59692,free_swing,459,433,603,498,-63.660,65.706,0,-142.17,-254.18,1,157.99,13.48,2500,1,0,0
816,13.6136,free_swing,454,427,584,496,-65.556,62.042,0,-75.15,-343.79,0,147.18,5.71,2500,0,0,0
817,13.63028,free_swing,452,425,581,490,-66.214,63.258,0,-16.87,-274.54,0,144.45,3.76,2500,0,0,0
818,13.64697,free_swing,453,426,551,531,-65.886,43.025,0,52.56,-716.60,1,143.63,3.16,2500,1,0,0
819,13.66365,free_swing,456,430,540,509,-64.666,46.757,0,125.75,-400.05,1,115.31,17.17,2500,1,0,0
820,13.68033,free_swing,463,440,506,559,-61.631,19.867,0,207.68,-686.55,1,126.53,9.12,2500,1,0,0
821,13.69702,free_swing,475,451,510,510,-57.667,30.677,0,292.57,-1476.01,1,68.60,50.73,2500,1,0,0
822,13.7137,free_swing,492,464,462,539,-52.334,-21.801,0,339.54,-1730.10,1,80.78,41.98,2500,1,0,0
823,13.73038,free_swing,513,476,438,550,-46.169,-45.385,0,348.34,-1838.85,1,105.36,24.32,2500,0,0,0
824,13.74707,free_swing,532,483,427,531,-40.943,-65.433,0,298.31,-865.71,1,115.45,17.07,2500,1,0,0
825,13.76375,free_swing,548,489,426,504,-36.222,-82.991,0,240.77,-930.17,1,122.92,11.71,2500,0,0,0
826,13.78043,free_swing,561,490,428,490,-32.845,-90.000,0,215.46,-701.54,1,133.00,4.47,2500,1,0,0
827,13.79712,free_swing,574,492,450,445,-29.085,-110.758,0,231.44,-464.09,1,132.61,4.75,2500,1,0,0
828,13.8138,free_swing,589,491,450,446,-24.958,-107.939,0,278.81,-284.42,0,146.10,4.94,2500,0,0,0
829,13.83048,free_swing,606,490,469,429,-19.837,-114.001,0,309.41,-247.75,0,149.97,7.72,2500,0,0,0
830,13.84717,free_swing,623,487,483,411,-14.470,-118.496,0,322.24,-167.31,1,159.30,14.42,2500,0,0,0
831,13.86385,free_swing,639,481,504,390,-9.150,-123.983,0,323.33,105.43,1,162.81,16.94,2500,1,0,0
832,13.88053,free_swing,654,475,509,420,-3.601,-110.772,0,358.50,253.83,1,155.08,11.39,2500,0,0,0
833,13.89722,free_swing,669,466,528,404,2.564,-113.736,0,410.75,312.01,1,154.03,10.64,2500,0,0,0
834,13.9139,free_swing,685,455,537,410,10.141,-106.912,0,438.67,218.40,1,154.69,11.11,2500,0,0,0
835,13.93058,free_swing,698,443,548,416,17.501,-100.204,0,448.32,435.59,1,152.41,9.47,2500,1,0,0
836,13.94727,free_swing,708,431,563,417,24.444,-95.515,0,437.14,530.29,0,145.67,4.63,2500,0,0,0
837,13.96395,free_swing,717,419,575,435,31.827,-83.571,0,376.15,637.23,0,142.90,2.64,2500,0,0,0
838,13.98063,free_swing,723,410,590,453,37.569,-72.084,0,282.36,576.11,0,139.78,0.40,2500,0,0,0
839,13.99732,free_swing,725,405,602,462,40.342,-65.136,0,145.07,356.72,1,135.57,2.63,2500,1,0,0
840,14.014,free_swing,727,402,614,467,42.436,-60.092,0,-5.82,368.74,0,130.36,6.37,2500,0,0,0
841,14.03068,free_swing,726,405,629,476,40.795,-53.797,0,-142.35,521.95,1,120.21,13.66,2500,0,0,0
842,14.04737,free_swing,723,412,649,496,36.870,-41.379,0,-274.88,638.49,1,111.95,19.59,2500,0,0,0
843,14.06405,free_swing,718,420,660,518,32.005,-30.619,0,-380.57,833.42,1,113.88,18.21,2500,0,0,0
844,14.08073,free_swing,709,432,679,528,24.702,-17.354,0,-477.88,934.09,1,100.58,27.76,2500,0,0,0
845,14.09742,free_swing,695,446,701,529,15.680,4.135,0,-556.06,1201.39,1,83.22,40.23,2500,1,0,0
846,14.1141,free_swing,678,462,719,572,6.582,20.442,0,-581.68,1390.10,1,117.39,15.68,2500,0,0,0
847,14.13078,free_swing,655,476,746,559,-3.180,47.632,0,-535.16,1195.33,1,123.17,11.53,2500,0,0,0
848,14.14747,free_swing,631,485,749,535,-11.813,67.036,0,-453.31,1102.73,0,128.16,7.95,2500,0,0,0
849,14.16415,free_swing,612,491,747,526,-17.784,75.466,0,-349.21,700.33,1,139.46,0.17,2500,1,0,0
850,14.18083,free_swing,594,491,739,480,-23.459,94.338,0,-285.86,378.78,1,145.42,4.45,2500,1,0,0
851,14.19752,free_swing,579,492,732,487,-27.699,91.872,0,-265.17,180.86,0,153.08,9.95,2500,0,0,0
852,14.2142,free_swing,564,490,718,481,-32.071,93.345,0,-249.82,69.54,1,154.26,10.80,2500,0,0,0
853,14.23088,free_swing,548,488,706,464,-36.397,98.637,0,-257.78,180.65,1,159.81,14.79,2500,0,0,0
854,14.24757,free_swing,533,484,696,454,-40.539,100.429,0,-258.43,68.23,1,165.74,19.04,2500,0,0,0
855,14.26425,free_swing,517,478,683,453,-45.000,98.565,0,-256.85,-24.66,1,167.87,20.58,2500,0,0,0
856,14.28093,free_swing,503,470,663,445,-49.222,98.881,0,-249.75,-199.21,1,161.94,16.32,2500,0,0,0
857,14.29762,free_swing,489,462,655,446,-53.236,95.505,0,-243.83,-351.30,1,166.77,19.79,2500,0,0,0
858,14.3143,free_swing,477,452,631,467,-57.171,84.437,0,-232.06,-423.05,1,154.73,11.14,2500,0,0,0
859,14.33098,free_swing,466,441,618,468,-61.044,79.928,0,-197.99,-532.20,1,154.38,10.89,2500,0,0,0
860,14.34767,free_swing,458,433,609,480,-63.771,72.711,0,-142.97,-482.56,1,158.15,13.59,2500,0,0,0
861,14.36435,free_swing,454,427,577,502,-65.556,58.627,0,-72.35,-425.29,0,144.06,3.48,2500,0,0,0
862,14.38103,free_swing,451,425,568,500,-66.314,57.339,0,-6.76,-489.41,0,138.97,0.18,2500,0,0,0
863,14.39772,free_swing,453,427,552,513,-65.659,49.020,0,63.34,-603.66,0,131.14,5.81,2500,0,0,0
864,14.4144,free_swing,457,432,525,545,-64.106,31.038,0,145.24,-779.79,0,131.88,5.27,2500,0,0,0
865,14.43108,free_swing,466,441,504,539,-61.044,21.194,0,234.89,-1000.93,1,105.11,24.50,2500,1,0,0
866,14.44777,free_swing,480,454,487,539,-56.310,4.708,0,314.06,-1222.12,1,85.29,38.74,2500,1,0,0
867,14.46445,free_swing,497,468,476,511,-50.673,-26.030,0,341.81,-1722.72,1,47.85,65.63,2500,1,0,0
868,14.48113,free_swing,517,478,440,544,-45.000,-49.399,0,319.31,-2044.75,1,101.41,27.16,2500,1,0,0
869,14.49782,free_swing,534,485,459,489,-40.135,-86.947,0,274.92,-1339.24,1,75.11,46.05,2500,1,0,0
870,14.5145,free_swing,550,488,465,454,-35.918,-111.801,0,233.12,-1231.80,1,91.55,34.24,2500,0,0,0
871,14.53118,free_swing,563,491,451,464,-32.167,-103.554,0,221.87,-415.42,1,115.21,17.25,2500,1,0,0
872,14.54787,free_swing,576,492,493,393,-28.535,-140.024,0,244.73,-10.39,1,129.19,7.21,2500,1,0,0
873,14.56455,free_swing,592,491,466,444,-24.063,-110.456,0,278.50,160.69,0,134.48,3.41,2500,0,0,0
874,14.58123,free_swing,609,489,480,426,-18.981,-116.030,0,304.04,320.75,0,143.56,3.12,2500,0,0,0
875,14.59792,free_swing,625,485,494,421,-13.948,-116.038,0,320.19,-189.26,1,145.80,4.72,2500,1,0,0
876,14.6146,free_swing,641,480,511,413,-8.455,-117.266,0,341.27,179.46,1,146.25,5.05,2500,1,0,0
877,14.63128,free_swing,657,473,516,421,-2.437,-110.244,0,369.36,294.52,0,150.28,7.94,2500,0,0,0
878,14.64797,free_swing,672,464,530,422,3.900,-106.477,0,403.63,332.07,0,148.08,6.36,2500,0,0,0
879,14.66465,free_swing,686,453,544,427,10.763,-100.376,0,423.15,286.54,0,144.36,3.69,2500,0,0,0
880,14.68133,free_swing,699,441,560,426,18.277,-96.159,0,446.53,322.49,0,139.81,0.42,2500,0,0,0
881,14.69802,free_swing,709,430,568,432,25.145,-89.187,0,440.56,584.80,1,141.01,1.29,2500,1,0,0
882,14.7147,free_swing,718,418,590,439,32.600,-80.683,0,354.84,575.99,0,129.71,6.83,2500,0,0,0
883,14.73138,free_swing,723,410,599,471,37.569,-63.806,0,215.03,539.66,0,138.19,0.74,2500,0,0,0
884,14.74807,free_swing,724,407,616,455,39.123,-66.038,0,62.73,522.74,1,118.19,15.11,2500,0,0,0
885,14.76475,free_swing,725,408,645,471,39.207,-51.780,0,-82.31,79.87,1,101.83,26.86,2500,1,0,0
886,14.78143,free_swing,723,411,655,475,37.216,-46.736,0,-226.42,413.63,1,93.38,32.93,2500,1,0,0
887,14.79812,free_swing,717,420,684,444,31.535,-53.973,0,-352.49,741.37,1,40.80,70.69,2500,1,0,0
888,14.8148,free_swing,709,431,682,531,24.922,-15.110,0,-455.64,1739.95,1,103.58,25.60,2500,1,0,0
889,14.83148,free_swing,698,444,708,532,17.354,6.483,0,-522.57,2319.92,1,88.57,36.39,2500,1,0,0
890,14.84817,free_swing,680,461,728,497,7.507,53.130,0,-563.50,1969.72,1,60.00,56.90,2500,1,0,0
891,14.86485,free_swing,659,475,749,492,-1.602,79.303,0,-535.96,1535.16,1,91.59,34.21,2500,1,0,0
892,14.88153,free_swing,637,483,755,471,-9.770,95.807,0,-435.40,394.91,1,118.61,14.81,2500,1,0,0
893,14.89822,free_swing,617,488,755,465,-16.429,99.462,0,-344.79,-276.90,1,139.90,0.49,2500,1,0,0
894,14.9149,free_swing,602,490,748,497,-21.110,87.255,0,-279.06,-39.28,1,146.17,4.99,2500,1,0,0
895,14.93158,free_swing,586,492,737,497,-25.699,88.103,0,-253.19,305.64,1,151.08,8.52,2500,1,0,0
896,14.94827,free_swing,571,492,736,431,-29.899,110.289,0,-248.65,434.52,1,175.91,26.35,2500,0,0,0
897,14.96495,free_swing,557,489,717,458,-34.026,100.965,0,-253.17,-44.98,1,162.98,17.06,2500,1,0,0
898,14.98163,free_swing,542,486,706,449,-38.157,102.714,0,-252.72,-191.65,1,168.12,20.76,2500,0,0,0
899,14.99832,free_swing,526,480,687,459,-42.790,97.431,0,-258.05,74.18,1,162.36,16.62,2500,1,0,0
900,15.015,free_swing,512,475,673,434,-46.559,104.287,0,-256.56,-174.12,1,166.14,19.33,2500,1,0,0
901,15.03168,free_swing,496,466,664,445,-51.257,97.125,0,-255.72,-171.09,1,169.31,21.61,2500,0,0,0
902,15.04837,free_swing,483,457,643,461,-55.222,88.568,0,-249.27,-474.45,1,160.05,14.96,2500,1,0,0
903,15.06505,free_swing,471,446,637,445,-59.300,90.345,0,-211.34,-359.46,1,166.00,19.24,2500,0,0,0
904,15.08173,free_swing,462,437,610,484,-62.418,72.382,0,-167.35,-491.87,1,155.28,11.54,2500,0,0,0
905,15.09842,free_swing,456,430,597,473,-64.666,73.040,0,-107.10,-641.30,0,147.41,5.88,2500,0,0,0
906,15.1151,free_swing,452,426,578,508,-65.987,56.944,0,-47.40,-432.01,1,150.33,7.98,2500,1,0,0
907,15.13178,free_swing,452,425,555,514,-66.214,49.170,0,24.61,-589.28,0,136.12,2.23,2500,0,0,0
908,15.14847,free_swing,455,428,542,515,-65.225,45.000,0,95.76,-601.14,1,123.04,11.63,2500,0,0,0
909,15.16515,free_swing,460,436,516,548,-62.873,26.565,0,169.11,-870.10,1,125.22,10.06,2500,1,0,0
910,15.18183,free_swing,470,445,492,549,-59.651,11.944,0,248.56,-1279.00,1,106.30,23.65,2500,1,0,0
911,15.19852,free_swing,484,458,470,549,-54.858,-8.746,0,321.95,-1357.75,1,92.07,33.87,2500,0,0,0
912,15.2152,free_swing,503,471,441,544,-49.018,-40.342,0,346.55,-1773.70,1,95.78,31.21,2500,1,0,0
913,15.23188,free_swing,523,481,423,540,-43.216,-59.459,0,308.75,-1525.82,1,116.11,16.60,2500,1,0,0
914,15.24857,free_swing,539,486,444,477,-38.841,-95.412,0,254.28,-947.05,1,95.43,31.46,2500,1,0,0
915,15.26525,free_swing,553,489,432,478,-35.017,-95.194,0,211.16,-694.07,1,121.50,12.73,2500,1,0,0
916,15.28193,free_swing,566,491,439,457,-31.386,-104.988,0,206.84,-310.69,1,131.47,5.57,2500,1,0,0
917,15.29862,free_swing,578,491,462,427,-28.129,-118.887,0,232.03,-320.41,0,132.48,4.84,2500,0,0,0
918,15.3153,free_swing,593,491,458,431,-23.762,-113.962,0,277.24,-338.81,0,147.73,6.11,2500,0,0,0
919,15.33198,free_swing,610,489,475,414,-18.654,-119.055,0,316.47,-16.01,1,154.43,10.93,2500,1,0,0
920,15.34867,free_swing,627,485,510,385,-13.241,-130.521,0,324.49,77.34,1,153.91,10.55,2500,0,0,0
921,15.36535,free_swing,643,479,492,428,-7.748,-108.662,0,341.80,337.30,1,159.38,14.48,2500,1,0,0
922,15.38203,free_swing,658,472,515,407,-2.045,-114.444,0,373.81,336.69,1,157.08,12.83,2500,0,0,0
923,15.39872,free_swing,674,464,527,417,4.764,-107.731,0,411.07,260.95,1,154.33,10.85,2500,0,0,0
924,15.4154,free_swing,688,452,541,422,11.768,-101.535,0,438.47,367.91,0,150.03,7.76,2500,0,0,0
925,15.43208,free_swing,700,439,549,432,19.075,-92.654,0,439.63,176.26,0,151.16,8.58,2500,0,0,0
926,15.44877,free_swing,710,427,575,409,26.323,-97.595,0,412.58,296.49,0,136.19,2.18,2500,0,0,0
927,15.46545,free_swing,718,418,582,423,32.600,-87.894,0,324.97,523.44,1,136.09,2.25,2500,1,0,0
928,15.48213,free_swing,722,410,602,437,37.104,-77.320,0,178.31,-191.08,1,123.00,11.65,2500,1,0,0
929,15.49882,free_swing,724,408,615,431,38.752,-78.085,0,57.50,75.95,1,111.40,19.98,2500,1,0,0
930,15.5155,free_swing,724,410,638,389,38.027,-103.722,0,-89.16,339.31,1,88.53,36.41,2500,1,0,0
931,15.53218,free_swing,723,412,630,493,36.870,-48.945,0,-212.03,932.44,1,123.33,11.42,2500,1,0,0
932,15.54887,free_swing,716,421,649,455,30.774,-63.094,0,-322.49,1242.16,1,75.13,46.03,2500,1,0,0
933,15.56555,free_swing,710,431,664,503,25.396,-32.574,0,-424.41,1016.35,1,85.44,38.63,2500,1,0,0
934,15.58223,free_swing,699,444,683,537,17.819,-9.762,0,-494.32,1636.45,1,94.37,32.22,2500,1,0,0
935,15.59892,free_swing,682,458,706,555,8.575,13.897,0,-583.15,1339.56,1,99.92,28.23,2500,1,0,0
936,15.6156,free_swing,660,474,729,576,-1.210,34.077,0,-568.07,1250.25,1,123.15,11.55,2500,0,0,0
937,15.63228,free_swing,635,484,736,550,-10.437,56.837,0,-477.77,1060.13,1,120.65,13.34,2500,0,0,0
938,15.64897,free_swing,615,488,739,536,-17.103,68.839,0,-375.77,734.17,1,132.97,4.49,2500,1,0,0
939,15.66565,free_swing,597,491,738,513,-22.543,81.132,0,-304.63,399.35,1,142.71,2.50,2500,1,0,0
940,15.68233,free_swing,580,491,725,506,-27.565,84.094,0,-269.80,356.39,0,145.77,4.71,2500,0,0,0
941,15.69902,free_swing,565,490,721,490,-31.809,90.000,0,-249.52,408.70,1,156.00,12.05,2500,0,0,0
942,15.7157,free_swing,551,488,709,463,-35.676,98.991,0,-234.48,332.38,1,159.97,14.90,2500,0,0,0
943,15.73238,free_swing,536,484,693,445,-39.880,103.950,0,-237.06,150.16,1,161.77,16.20,2500,0,0,0
944,15.74907,free_swing,522,480,689,452,-43.612,99.518,0,-245.24,-182.18,1,169.33,21.63,2500,1,0,0
945,15.76575,free_swing,507,473,671,440,-47.891,101.377,0,-253.85,-198.49,1,167.29,20.16,2500,0,0,0
946,15.78243,free_swing,493,464,652,460,-52.172,91.441,0,-252.37,-137.36,1,159.05,14.24,2500,0,0,0
947,15.79912,free_swing,480,454,639,440,-56.310,95.032,0,-234.24,-269.26,1,159.62,14.65,2500,0,0,0
948,15.8158,free_swing,469,445,618,449,-59.780,88.462,0,-204.10,-211.55,0,149.05,7.06,2500,0,0,0
949,15.83248,free_swing,460,435,610,462,-63.097,79.796,0,-163.01,-508.29,1,152.41,9.47,2500,1,0,0
950,15.84917,free_swing,455,428,598,460,-65.225,77.386,0,-106.36,-658.53,0,146.54,5.25,2500,0,0,0
951,15.86585,free_swing,451,424,570,496,-66.541,58.824,0,-39.87,-775.76,0,139.09,0.10,2500,0,0,0
952,15.88253,free_swing,451,424,556,515,-66.541,49.086,0,23.34,-127.82,1,138.95,0.20,2500,1,0,0
953,15.89922,free_swing,453,427,543,515,-65.659,45.644,0,96.37,-320.98,0,125.87,9.59,2500,0,0,0
954,15.9159,free_swing,459,434,536,482,-63.435,58.062,0,174.56,-545.61,1,90.74,34.83,2500,1,0,0
955,15.93258,free_swing,469,445,493,573,-59.780,10.620,0,263.70,-1283.74,1,130.23,6.46,2500,1,0,0
956,15.94927,free_swing,484,458,501,519,-54.858,15.573,0,331.98,-1732.58,1,63.32,54.52,2500,1,0,0
957,15.96595,free_swing,503,472,461,541,-48.814,-31.329,0,356.19,-1470.21,1,80.78,41.98,2500,1,0,0
958,15.98263,free_swing,524,481,447,541,-43.011,-52.074,0,328.70,-1590.20,1,97.62,29.88,2500,0,0,0
959,15.99932,free_swing,542,487,428,530,-37.977,-69.334,0,274.24,-687.46,1,121.84,12.49,2500,1,0,0
960,16.016,free_swing,557,490,445,504,-33.857,-82.875,0,235.02,-524.77,1,112.87,18.93,2500,0,0,0
961,16.03268,free_swing,571,491,442,501,-30.054,-85.567,0,237.18,-633.86,0,129.39,7.06,2500,0,0,0
962,16.04937,free_swing,585,492,459,471,-25.989,-99.462,0,268.35,-902.85,1,127.74,8.25,2500,1,0,0
963,16.06605,free_swing,602,491,490,431,-20.989,-118.179,0,299.26,-527.93,1,127.06,8.74,2500,1,0,0
964,16.08273,free_swing,619,487,507,413,-15.848,-123.453,0,319.02,101.39,1,134.24,3.58,2500,1,0,0
965,16.09942,free_swing,635,483,499,443,-10.505,-106.390,0,328.88,444.07,1,141.76,1.82,2500,1,0,0
966,16.1161,free_swing,651,476,506,427,-4.764,-108.672,0,356.26,371.76,0,153.06,9.94,2500,0,0,0
967,16.13278,free_swing,666,467,519,436,1.273,-101.908,0,386.15,180.78,0,150.23,7.91,2500,0,0,0
968,16.14947,free_swing,681,457,533,442,8.194,-95.787,0,420.56,401.01,1,148.76,6.85,2500,1,0,0
969,16.16615,free_swing,694,446,548,438,15.213,-93.136,0,449.25,259.59,0,146.22,5.03,2500,0,0,0
970,16.18283,free_swing,706,434,562,450,22.859,-83.660,0,440.72,304.79,0,144.89,4.07,2500,0,0,0
971,16.19952,free_swing,715,422,588,436,30.018,-83.709,0,395.65,482.45,0,127.77,8.23,2500,0,0,0
972,16.2162,free_swing,721,413,597,456,35.605,-70.875,0,286.09,553.47,0,131.24,5.73,2500,0,0,0
973,16.23288,free_swing,725,407,615,472,39.579,-59.421,0,153.61,746.68,0,127.77,8.23,2500,0,0,0
974,16.24957,free_swing,726,406,639,475,40.409,-51.582,0,-20.13,546.52,1,111.04,20.24,2500,1,0,0
975,16.26625,free_swing,725,408,653,503,39.207,-37.158,0,-186.49,547.26,1,119.20,14.38,2500,0,0,0
976,16.28293,free_swing,720,416,670,491,34.160,-33.690,0,-311.36,732.25,1,90.14,35.26,2500,0,0,0
977,16.29962,free_swing,714,426,687,519,28.482,-16.189,0,-421.85,965.79,1,96.84,30.44,2500,1,0,0
978,16.3163,free_swing,704,439,711,557,20.966,3.395,0,-503.14,1194.70,1,118.21,15.09,2500,1,0,0
979,16.33298,free_swing,688,454,736,565,11.581,23.385,0,-574.30,1566.57,1,120.93,13.14,2500,1,0,0
980,16.34967,free_swing,668,469,752,550,2.090,46.042,0,-557.32,1428.64,1,116.69,16.18,2500,0,0,0
981,16.36635,free_swing,645,481,762,498,-6.888,81.733,0,-471.75,987.97,1,118.23,15.08,2500,1,0,0
982,16.38303,free_swing,626,485,763,515,-13.595,77.648,0,-367.13,624.58,1,140.25,0.74,2500,1,0,0
983,16.39972,free_swing,609,489,750,487,-18.981,90.813,0,-285.09,362.90,1,141.01,1.29,2500,1,0,0
984,16.4164,free_swing,594,492,742,457,-23.328,103.305,0,-259.42,435.81,0,152.08,9.24,2500,0,0,0
985,16.43308,free_swing,580,491,744,455,-27.565,102.381,0,-254.43,335.24,1,167.90,20.60,2500,0,0,0
986,16.44977,free_swing,564,490,722,441,-32.071,107.230,0,-258.64,221.28,1,165.42,18.82,2500,0,0,0
987,16.46645,free_swing,548,489,719,394,-36.222,119.055,0,-255.16,181.85,1,195.62,40.51,2500,0,0,0
988,16.48313,free_swing,533,484,690,427,-40.539,109.954,0,-258.32,-30.47,1,167.03,19.97,2500,1,0,0
989,16.49982,free_swing,518,478,685,408,-44.803,112.742,0,-266.07,-429.70,1,181.08,30.06,2500,1,0,0
990,16.5165,free_swing,502,470,669,418,-49.399,107.295,0,-262.34,-251.09,1,174.91,25.63,2500,0,0,0
991,16.53318,free_swing,488,461,651,456,-53.604,91.757,0,-249.46,-439.95,1,163.08,17.13,2500,0,0,0
992,16.54987,free_swing,476,451,643,424,-57.529,99.184,0,-221.40,-606.36,1,169.17,21.51,2500,0,0,0
993,16.56655,free_swing,466,441,619,471,-61.044,78.906,0,-192.70,-394.64,1,155.91,11.99,2500,1,0,0
994,16.58323,free_swing,458,433,595,484,-63.771,69.582,0,-144.60,-211.14,0,146.18,5.00,2500,0,0,0
995,16.59992,free_swing,453,426,604,453,-65.886,79.862,0,-79.61,-333.38,1,153.39,10.18,2500,0,0,0
996,16.6166,free_swing,452,424,581,475,-66.442,68.429,0,-4.70,-659.62,1,138.72,0.36,2500,1,0,0
997,16.63328,free_swing,453,426,545,532,-65.886,40.956,0,71.03,-803.93,0,140.36,0.81,2500,0,0,0
998,16.64997,free_swing,457,432,534,511,-64.106,44.265,0,139.86,-810.96,1,110.32,20.76,2500,0,0,0
999,16.66665,free_swing,465,441,507,530,-61.167,25.263,0,227.18,-1215.31,1,98.41,29.31,2500,1,0,0
1000,16.68333,free_swing,478,453,465,562,-56.813,-6.801,0,315.36,-2023.63,1,109.77,21.15,2500,1,0,0
1001,16.70002,free_swing,496,468,468,507,-50.842,-35.676,0,354.67,-1578.81,1,48.01,65.52,2500,1,0,0
1002,16.7167,free_swing,517,479,445,509,-44.804,-67.380,0,327.39,-1518.66,1,78.00,43.97,2500,0,0,0
1003,16.73338,free_swing,534,485,419,520,-40.135,-73.072,0,265.14,-1286.65,1,120.21,13.66,2500,1,0,0
1004,16.75007,free_swing,549,488,449,445,-36.158,-113.268,0,220.04,-623.29,1,108.85,21.81,2500,1,0,0
1005,16.76675,free_swing,562,490,444,453,-32.588,-107.409,0,208.02,-79.79,1,123.66,11.17,2500,1,0,0
1006,16.78343,free_swing,574,492,427,465,-29.085,-100.408,0,225.63,38.62,0,149.46,7.35,2500,0,0,0
1007,16.80012,free_swing,588,492,447,447,-25.115,-107.700,0,266.73,-324.81,1,148.01,6.31,2500,1,0,0
1008,16.8168,free_swing,605,490,479,406,-20.158,-123.690,0,303.31,-482.19,0,151.43,8.77,2500,0,0,0
1009,16.83348,free_swing,622,487,478,426,-14.816,-112.958,0,324.45,-171.62,1,156.39,12.33,2500,1,0,0
1010,16.85017,free_swing,638,482,513,379,-9.462,-129.489,0,332.04,144.21,1,161.97,16.34,2500,1,0,0
1011,16.86685,free_swing,654,474,515,401,-3.627,-117.708,0,369.11,48.35,1,157.00,12.77,2500,0,0,0
1012,16.88353,free_swing,669,466,521,402,2.564,-113.385,0,403.10,363.36,1,161.25,15.82,2500,1,0,0
1013,16.90022,free_swing,685,455,552,389,10.141,-116.392,0,438.08,411.54,0,148.48,6.65,2500,0,0,0
1014,16.9169,free_swing,697,443,552,415,17.030,-100.929,0,465.90,392.13,0,147.68,6.07,2500,0,0,0
1015,16.93358,free_swing,709,430,561,425,25.145,-91.935,0,460.85,465.04,0,148.08,6.37,2500,0,0,0
1016,16.95027,free_swing,718,418,592,403,32.600,-96.789,0,409.52,380.98,0,126.89,8.86,2500,0,0,0
1017,16.96695,free_swing,724,409,592,438,38.387,-77.609,0,265.96,486.40,0,135.15,2.93,2500,0,0,0
1018,16.98363,free_swing,726,403,610,438,41.583,-73.210,0,106.64,608.84,1,121.17,12.97,2500,0,0,0
1019,17.00032,free_swing,726,403,620,448,41.583,-66.997,0,-55.74,363.75,1,115.16,17.29,2500,1,0,0
1020,17.017,free_swing,725,406,631,470,39.958,-55.751,0,-180.47,187.64,1,113.72,18.32,2500,0,0,0
1021,17.03368,free_swing,721,413,643,467,35.605,-55.305,0,-284.56,455.60,1,94.87,31.86,2500,1,0,0
1022,17.05037,free_swing,716,422,659,466,30.493,-52.334,0,-374.46,822.10,1,72.01,48.28,2500,1,0,0
1023,17.06705,free_swing,707,434,669,544,23.334,-19.058,0,-449.35,1372.71,1,116.38,16.41,2500,1,0,0
1024,17.08373,free_swing,695,448,687,535,15.422,-5.254,0,-533.57,1615.19,1,87.37,37.25,2500,1,0,0
1025,17.10042,free_swing,677,464,711,536,6.054,25.278,0,-582.84,1438.71,1,79.62,42.81,2500,0,0,0
1026,17.1171,free_swing,653,478,736,544,-3.918,51.509,0,-559.21,1591.47,1,106.04,23.83,2500,0,0,0
1027,17.13378,free_swing,628,486,744,530,-12.804,69.228,0,-471.35,1037.21,1,124.06,10.89,2500,1,0,0
1028,17.15047,free_swing,608,490,740,487,-19.193,91.302,0,-364.17,461.91,1,132.03,5.16,2500,1,0,0
1029,17.16715,free_swing,589,491,732,499,-24.958,86.798,0,-291.77,181.42,1,143.22,2.87,2500,1,0,0
1030,17.18383,free_swing,574,491,722,494,-29.238,88.839,0,-262.27,52.58,0,148.03,6.33,2500,0,0,0
1031,17.20052,free_swing,559,489,713,470,-33.521,97.033,0,-245.28,191.86,1,155.17,11.45,2500,0,0,0
1032,17.2172,free_swing,543,487,702,473,-37.747,95.032,0,-248.82,212.94,1,159.62,14.65,2500,0,0,0
1033,17.23388,free_swing,529,482,688,461,-41.775,97.524,0,-246.29,32.54,1,160.38,15.20,2500,0,0,0
1034,17.25057,free_swing,514,476,683,435,-45.978,103.637,0,-253.07,-101.23,1,173.90,24.91,2500,0,0,0
1035,17.26725,free_swing,500,468,662,461,-50.160,92.474,0,-258.74,-206.11,1,162.15,16.47,2500,0,0,0
1036,17.28393,free_swing,486,458,647,454,-54.554,91.423,0,-245.86,-161.65,1,161.05,15.68,2500,0,0,0
1037,17.30062,free_swing,474,448,640,442,-58.460,92.070,0,-224.38,-219.14,1,166.11,19.31,2500,0,0,0
1038,17.3173,free_swing,464,439,620,451,-61.734,85.601,0,-184.05,-453.54,1,156.46,12.38,2500,1,0,0
1039,17.33398,free_swing,456,430,598,475,-64.666,72.417,0,-133.59,-492.83,0,148.96,6.99,2500,0,0,0
1040,17.35067,free_swing,452,425,588,477,-66.214,69.075,0,-71.18,-653.75,0,145.60,4.58,2500,0,0,0
1041,17.36735,free_swing,450,423,566,492,-66.866,59.255,0,-6.03,-441.73,1,134.97,3.05,2500,1,0,0
1042,17.38403,free_swing,452,424,545,527,-66.442,42.079,0,54.36,-433.21,0,138.77,0.32,2500,0,0,0
1043,17.40072,free_swing,455,429,540,501,-64.998,49.733,0,129.97,-483.85,1,111.40,19.99,2500,0,0,0
1044,17.4174,free_swing,462,438,510,522,-62.194,29.745,0,212.12,-945.82,1,96.75,30.51,2500,1,0,0
1045,17.43408,free_swing,475,450,489,527,-57.885,10.305,0,299.51,-1730.40,1,78.26,43.79,2500,1,0,0
1046,17.45077,free_swing,491,464,472,516,-52.496,-20.072,0,353.68,-1732.35,1,55.36,60.23,2500,0,0,0
1047,17.46745,free_swing,513,476,442,529,-46.169,-53.259,0,348.70,-1830.19,1,88.60,36.36,2500,0,0,0
1048,17.48413,free_swing,532,484,438,514,-40.756,-72.300,0,303.39,-1097.78,1,98.67,29.13,2500,1,0,0
1049,17.50082,free_swing,548,488,451,475,-36.397,-97.633,0,239.70,-502.79,1,97.87,29.70,2500,1,0,0
1050,17.5175,free_swing,562,491,429,498,-32.425,-86.987,0,228.49,-320.54,0,133.18,4.34,2500,0,0,0
1051,17.53418,free_swing,575,491,443,466,-28.963,-100.724,0,252.68,-227.66,0,134.35,3.50,2500,0,0,0
1052,17.55087,free_swing,592,492,457,450,-23.929,-107.281,0,289.65,-317.15,0,141.38,1.55,2500,0,0,0
1053,17.56755,free_swing,609,489,469,447,-18.981,-106.699,0,318.66,-222.54,0,146.16,4.99,2500,0,0,0
1054,17.58423,free_swing,626,485,488,435,-13.595,-109.916,0,318.34,-322.12,0,146.78,5.43,2500,0,0,0
1055,17.60092,free_swing,642,480,517,400,-8.076,-122.619,0,339.02,-161.76,0,148.41,6.60,2500,0,0,0
1056,17.6176,free_swing,657,472,524,401,-2.454,-118.095,0,376.76,-22.63,0,150.76,8.29,2500,0,0,0
1057,17.63428,free_swing,673,463,541,404,4.365,-114.083,0,415.06,60.30,0,144.59,3.85,2500,0,0,0
1058,17.65097,free_swing,688,452,562,378,11.768,-120.426,0,458.39,259.71,0,146.12,4.96,2500,0,0,0
1059,17.66765,free_swing,700,439,573,388,19.075,-111.879,0,465.86,365.20,0,136.86,1.70,2500,0,0,0
1060,17.68433,free_swing,712,427,583,416,27.284,-94.874,0,443.13,845.35,1,129.47,7.01,2500,1,0,0
1061,17.70102,free_swing,719,416,599,404,33.690,-95.711,0,348.39,914.30,1,120.60,13.38,2500,0,0,0
1062,17.7177,free_swing,724,408,600,467,38.752,-64.555,0,208.78,590.33,1,137.32,1.37,2500,1,0,0
1063,17.73438,free_swing,726,406,615,463,40.409,-62.819,0,45.73,353.53,1,124.78,10.37,2500,1,0,0
1064,17.75107,free_swing,726,406,646,442,40.409,-65.772,0,-105.87,373.37,1,87.73,36.99,2500,0,0,0
1065,17.76775,free_swing,723,412,659,467,36.870,-49.325,0,-228.56,1009.73,1,84.39,39.39,2500,1,0,0
1066,17.78443,free_swing,718,418,670,524,32.600,-24.362,0,-350.22,1361.74,1,116.36,16.42,2500,1,0,0
1067,17.80112,free_swing,710,429,695,523,25.852,-9.067,0,-440.41,1076.47,1,95.19,31.63,2500,1,0,0
1068,17.8178,free_swing,698,443,717,512,17.501,15.396,0,-540.40,1439.50,1,71.57,48.59,2500,1,0,0
1069,17.83448,free_swing,682,459,737,553,8.509,30.332,0,-577.89,1807.85,1,108.91,21.77,2500,1,0,0
1070,17.85117,free_swing,659,473,755,497,-1.625,75.964,0,-544.41,1128.95,1,98.95,28.92,2500,1,0,0
1071,17.86785,free_swing,637,482,764,493,-9.834,85.050,0,-442.11,780.28,1,127.48,8.44,2500,1,0,0
1072,17.88453,free_swing,618,488,760,522,-16.091,76.535,0,-331.33,222.22,1,146.01,4.88,2500,1,0,0
1073,17.90122,free_swing,603,490,749,449,-20.794,105.686,0,-273.94,448.05,1,151.65,8.92,2500,1,0,0
1074,17.9179,free_swing,587,492,743,472,-25.408,97.306,0,-254.84,489.88,1,157.28,12.97,2500,0,0,0
1075,17.93458,free_swing,573,491,737,440,-29.511,107.274,0,-249.59,108.97,1,171.75,23.36,2500,1,0,0
1076,17.95127,free_swing,558,489,715,423,-33.774,112.801,0,-256.99,-21.55,1,170.31,22.33,2500,0,0,0
1077,17.96795,free_swing,542,487,705,440,-37.977,106.085,0,-266.19,-220.80,1,169.64,21.85,2500,0,0,0
1078,17.98463,free_swing,526,480,687,458,-42.790,97.781,0,-267.86,-48.29,1,162.50,16.72,2500,0,0,0
1079,18.00132,free_swing,511,474,673,421,-46.948,108.116,0,-267.86,-57.47,1,170.45,22.43,2500,0,0,0
1080,18.018,free_swing,495,466,667,428,-51.423,102.458,0,-258.55,-279.42,1,176.15,26.52,2500,1,0,0
1081,18.03468,free_swing,481,456,642,455,-55.733,90.356,0,-240.85,-435.97,1,161.00,15.64,2500,0,0,0
1082,18.05137,free_swing,470,446,630,451,-59.431,88.210,0,-207.79,-420.20,1,160.08,14.98,2500,0,0,0
1083,18.06805,free_swing,462,437,620,455,-62.418,83.501,0,-166.46,-352.37,1,159.02,14.22,2500,0,0,0
1084,18.08473,free_swing,455,429,595,484,-64.998,68.552,0,-110.27,-605.40,1,150.42,8.04,2500,1,0,0
1085,18.10142,free_swing,452,425,582,480,-66.214,67.068,0,-43.99,-767.50,0,141.16,1.39,2500,0,0,0
1086,18.1181,free_swing,452,425,554,520,-66.214,47.035,0,26.19,-502.00,1,139.39,0.12,2500,1,0,0
1087,18.13478,free_swing,454,428,534,533,-65.329,37.304,0,99.35,-655.71,0,132.00,5.19,2500,0,0,0
1088,18.15147,free_swing,460,435,522,516,-63.097,37.432,0,174.61,-897.87,1,102.00,26.73,2500,1,0,0
1089,18.16815,free_swing,471,446,483,557,-59.300,6.170,0,259.33,-1308.14,1,111.65,19.81,2500,1,0,0
1090,18.18483,free_swing,485,458,446,586,-54.707,-16.945,0,329.58,-1817.09,1,133.81,3.89,2500,1,0,0
1091,18.20152,free_swing,504,472,440,553,-48.636,-38.313,0,348.03,-1471.86,1,103.23,25.85,2500,1,0,0
1092,18.2182,free_swing,525,481,449,499,-42.805,-76.675,0,315.65,-1402.33,1,78.10,43.90,2500,0,0,0
1093,18.23488,free_swing,541,486,424,506,-38.387,-80.300,0,252.15,-827.93,1,118.70,14.74,2500,1,0,0
1094,18.25157,free_swing,555,489,439,464,-34.524,-102.162,0,206.50,-214.87,1,118.66,14.77,2500,1,0,0
1095,18.26825,free_swing,567,491,427,476,-31.122,-96.116,0,208.54,-348.69,0,140.80,1.13,2500,0,0,0
1096,18.28493,free_swing,580,490,434,459,-27.714,-101.988,0,242.59,-350.04,0,149.25,7.21,2500,0,0,0
1097,18.30162,free_swing,596,490,463,425,-22.979,-116.046,0,292.10,-468.19,0,148.03,6.33,2500,0,0,0
1098,18.3183,free_swing,613,488,482,417,-17.771,-118.457,0,325.36,-121.45,1,149.00,7.03,2500,1,0,0
1099,18.33498,free_swing,630,484,488,416,-12.249,-115.589,0,331.53,239.47,1,157.44,13.09,2500,1,0,0
1100,18.35167,free_swing,646,478,503,410,-6.642,-115.432,0,341.93,-209.40,1,158.34,13.73,2500,1,0,0
1101,18.36835,free_swing,661,471,522,413,-0.824,-112.649,0,378.68,-116.30,0,150.62,8.18,2500,0,0,0
1102,18.38503,free_swing,676,461,558,364,5.755,-129.421,0,425.83,419.01,1,152.75,9.72,2500,1,0,0
1103,18.40172,free_swing,691,449,541,418,13.459,-101.677,0,449.12,772.66,1,153.17,10.02,2500,1,0,0
1104,18.4184,free_swing,703,437,550,435,20.854,-90.749,0,448.38,506.79,1,153.01,9.91,2500,1,0,0
1105,18.43508,free_swing,712,425,564,421,27.784,-91.548,0,409.79,-73.91,1,148.05,6.34,2500,1,0,0
1106,18.45177,free_swing,720,415,595,400,34.479,-96.843,0,324.35,218.17,1,125.90,9.57,2500,1,0,0
1107,18.46845,free_swing,724,408,600,422,38.752,-83.558,0,192.65,300.27,1,124.79,10.37,2500,0,0,0
1108,18.48513,free_swing,726,406,604,436,40.409,-76.185,0,29.27,524.08,1,125.63,9.76,2500,1,0,0
1109,18.50182,free_swing,725,406,622,428,39.958,-77.943,0,-109.39,653.21,1,105.32,24.35,2500,0,0,0
1110,18.5185,free_swing,722,411,642,473,36.754,-52.224,0,-222.60,848.23,1,101.21,27.30,2500,0,0,0
1111,18.53518,free_swing,718,419,645,503,32.300,-40.992,0,-340.38,1060.60,1,111.29,20.06,2500,1,0,0
1112,18.55187,free_swing,711,430,673,499,26.095,-28.843,0,-431.94,883.13,1,78.77,43.42,2500,0,0,0
1113,18.56855,free_swing,698,443,688,585,17.501,-4.028,0,-524.08,1134.37,1,142.35,2.25,2500,1,0,0
1114,18.58523,free_swing,683,459,699,574,8.949,7.921,0,-580.20,1327.91,1,116.11,16.60,2500,0,0,0
1115,18.60192,free_swing,660,474,730,578,-1.210,33.944,0,-564.01,1192.25,0,125.36,9.95,2500,0,0,0
1116,18.6186,free_swing,635,485,735,552,-10.371,56.178,0,-492.04,1010.65,1,120.37,13.54,2500,0,0,0
1117,18.63528,free_swing,614,490,743,552,-17.230,64.330,0,-377.59,942.57,0,143.13,2.80,2500,0,0,0
1118,18.65197,free_swing,596,491,737,519,-22.850,78.768,0,-305.58,596.25,1,143.75,3.25,2500,1,0,0
1119,18.66865,free_swing,580,491,723,469,-27.565,98.746,0,-273.34,377.90,1,144.68,3.92,2500,1,0,0
1120,18.68533,free_swing,564,490,716,504,-32.071,84.738,0,-252.33,135.70,1,152.64,9.64,2500,1,0,0
1121,18.70202,free_swing,549,488,711,466,-36.158,97.734,0,-242.09,290.93,1,163.49,17.43,2500,0,0,0
1122,18.7187,free_swing,535,484,698,451,-40.101,101.445,0,-241.81,60.31,1,166.31,19.45,2500,1,0,0
1123,18.73538,free_swing,520,479,679,437,-44.210,104.797,0,-246.22,-40.67,1,164.45,18.12,2500,0,0,0
1124,18.75207,free_swing,505,472,663,484,-48.457,85.657,0,-254.10,-133.64,1,158.46,13.81,2500,0,0,0
1125,18.76875,free_swing,491,464,657,408,-52.496,108.642,0,-251.61,-274.71,1,175.19,25.84,2500,0,0,0
1126,18.78543,free_swing,478,453,633,469,-56.813,84.106,0,-231.82,-354.99,1,155.82,11.92,2500,0,0,0
1127,18.80212,free_swing,468,443,619,468,-60.350,80.599,0,-201.80,-624.96,1,153.06,9.94,2500,1,0,0
1128,18.8188,free_swing,459,435,605,471,-63.211,76.149,0,-153.39,-156.83,1,150.37,8.01,2500,1,0,0
1129,18.83548,free_swing,454,427,584,475,-65.556,69.734,0,-98.33,-373.49,1,138.58,0.46,2500,1,0,0
1130,18.85217,free_swing,451,424,570,478,-66.541,65.592,0,-36.47,-507.07,0,130.68,6.14,2500,0,0,0
1131,18.86885,free_swing,451,424,554,500,-66.541,53.578,0,29.18,-417.59,0,128.00,8.06,2500,0,0,0
1132,18.88553,free_swing,453,427,537,510,-65.659,45.343,0,94.14,-546.99,1,118.09,15.18,2500,0,0,0
1133,18.90222,free_swing,459,434,520,504,-63.435,41.070,0,165.35,-941.32,1,92.85,33.31,2500,1,0,0
1134,18.9189,free_swing,469,444,493,532,-60.001,15.255,0,249.53,-1437.77,1,91.21,34.48,2500,1,0,0
1135,18.93558,free_swing,483,456,457,578,-55.437,-12.031,0,321.90,-1575.68,1,124.74,10.40,2500,0,0,0
1136,18.95227,free_swing,502,470,460,533,-49.399,-33.690,0,348.24,-1110.55,1,75.72,45.61,2500,1,0,0
1137,18.96895,free_swing,522,480,422,557,-43.612,-52.404,0,329.21,-1409.88,1,126.21,9.35,2500,1,0,0
1138,18.98563,free_swing,539,486,417,537,-38.841,-67.313,0,272.17,-1092.72,1,132.23,5.02,2500,1,0,0
1139,19.00232,free_swing,555,490,444,461,-34.354,-104.642,0,235.46,-661.68,1,114.73,17.60,2500,1,0,0
1140,19.019,free_swing,568,491,423,501,-30.858,-86.055,0,241.55,-211.11,1,145.34,4.40,2500,1,0,0
1141,19.03568,free_swing,583,492,442,466,-26.565,-100.448,0,273.31,-79.02,0,143.38,2.98,2500,0,0,0
1142,19.05237,free_swing,601,490,458,457,-21.425,-102.995,0,308.95,-528.18,1,146.76,5.41,2500,1,0,0
1143,19.06905,free_swing,618,487,481,438,-16.189,-109.680,0,320.91,-143.77,1,145.50,4.51,2500,1,0,0
1144,19.08573,free_swing,634,483,492,425,-10.871,-112.218,0,322.87,-42.97,1,153.39,10.17,2500,0,0,0
1145,19.10242,free_swing,650,476,500,428,-5.159,-107.745,0,365.69,321.58,1,157.49,13.12,2500,1,0,0
1146,19.1191,free_swing,665,468,517,428,0.843,-105.124,0,400.78,324.90,1,153.31,10.12,2500,0,0,0
1147,19.13578,free_swing,682,457,524,447,8.643,-93.621,0,431.62,236.99,1,158.32,13.71,2500,0,0,0
1148,19.15247,free_swing,694,446,552,429,15.213,-96.827,0,454.01,379.25,0,143.01,2.72,2500,0,0,0
1149,19.16915,free_swing,706,433,560,439,23.062,-87.647,0,448.70,459.26,0,146.12,4.96,2500,0,0,0
1150,19.18583,free_swing,716,422,569,463,30.493,-74.416,0,412.68,514.58,0,152.61,9.62,2500,0,0,0
1151,19.20252,free_swing,722,412,586,459,36.409,-70.935,0,280.90,474.49,0,143.89,3.35,2500,0,0,0
1152,19.2192,free_swing,725,406,615,458,39.958,-64.699,0,127.92,494.98,1,121.67,12.61,2500,0,0,0
1153,19.23588,free_swing,725,405,620,493,40.342,-50.034,0,-28.20,410.55,0,137.00,1.60,2500,0,0,0
1154,19.25257,free_swing,724,407,634,490,39.123,-47.317,0,-155.73,377.64,1,122.43,12.06,2500,0,0,0
1155,19.26925,free_swing,721,414,652,484,35.272,-44.588,0,-259.77,424.49,1,98.29,29.40,2500,0,0,0
1156,19.28593,free_swing,716,423,665,524,30.217,-26.792,0,-379.43,1032.51,1,113.15,18.73,2500,1,0,0
1157,19.30262,free_swing,707,435,690,507,23.131,-13.285,0,-500.88,1428.52,1,73.98,46.86,2500,1,0,0
1158,19.3193,free_swing,692,451,720,527,13.696,20.225,0,-593.42,1517.24,1,80.99,41.82,2500,0,0,0
1159,19.33598,free_swing,671,467,736,542,3.391,40.914,0,-592.02,1603.46,1,99.25,28.71,2500,0,0,0
1160,19.35267,free_swing,648,479,753,530,-5.826,64.093,0,-500.15,1047.97,1,116.73,16.16,2500,1,0,0
1161,19.36935,free_swing,627,486,758,497,-13.158,85.200,0,-387.55,707.34,1,131.46,5.58,2500,1,0,0
1162,19.38603,free_swing,610,489,753,508,-18.654,82.432,0,-308.41,271.48,1,144.26,3.62,2500,1,0,0
1163,19.40272,free_swing,594,491,743,484,-23.459,92.690,0,-266.98,18.82,1,149.16,7.14,2500,1,0,0
1164,19.4194,free_swing,579,491,734,488,-27.848,91.109,0,-252.28,201.88,1,155.03,11.35,2500,0,0,0
1165,19.43608,free_swing,564,491,725,488,-31.908,91.067,0,-250.05,153.05,1,161.03,15.66,2500,0,0,0
1166,19.45277,free_swing,549,488,710,456,-36.158,101.241,0,-254.51,278.00,1,164.15,17.90,2500,0,0,0
1167,19.46945,free_swing,533,484,698,456,-40.539,99.631,0,-260.46,-23.43,1,167.36,20.21,2500,1,0,0
1168,19.48613,free_swing,518,478,682,446,-44.803,101.041,0,-263.80,-101.53,1,167.09,20.02,2500,0,0,0
1169,19.50282,free_swing,503,470,670,463,-49.222,92.400,0,-262.00,-143.87,1,167.15,20.06,2500,0,0,0
1170,19.5195,free_swing,488,461,650,435,-53.604,99.118,0,-251.91,-331.94,1,164.07,17.85,2500,0,0,0
1171,19.53618,free_swing,476,451,634,465,-57.529,84.936,0,-225.95,-306.76,1,158.62,13.93,2500,0,0,0
1172,19.55287,free_swing,466,441,619,471,-61.044,78.906,0,-187.71,-602.33,1,155.91,11.99,2500,1,0,0
1173,19.56955,free_swing,458,433,606,470,-63.771,75.964,0,-136.41,-634.86,0,152.55,9.58,2500,0,0,0
1174,19.58623,free_swing,454,427,577,509,-65.556,56.310,0,-76.47,-325.28,1,147.83,6.18,2500,1,0,0
1175,19.60292,free_swing,452,425,564,508,-66.214,53.459,0,-8.08,-44.21,1,139.40,0.13,2500,1,0,0
1176,19.6196,free_swing,453,426,558,475,-65.886,64.983,0,59.07,-344.34,1,115.87,16.77,2500,1,0,0
1177,19.63628,free_swing,457,432,539,513,-64.106,45.352,0,137.92,-1042.33,1,115.26,17.21,2500,1,0,0
1178,19.65297,free_swing,465,440,498,548,-61.390,16.991,0,221.16,-1547.09,1,112.93,18.89,2500,1,0,0
1179,19.66965,free_swing,478,453,479,543,-56.813,0.637,0,306.28,-1634.39,1,90.01,35.35,2500,0,0,0
1180,19.68633,free_swing,495,466,452,535,-51.423,-31.931,0,347.63,-1831.74,1,81.30,41.60,2500,0,0,0
1181,19.70302,free_swing,516,478,432,519,-45.196,-63.983,0,324.01,-1447.78,1,93.47,32.86,2500,1,0,0
1182,19.7197,free_swing,533,484,436,493,-40.539,-84.699,0,279.91,-827.63,1,97.42,30.03,2500,1,0,0
1183,19.73638,free_swing,548,488,418,500,-36.397,-84.726,0,230.89,-819.75,0,130.55,6.23,2500,0,0,0
1184,19.75307,free_swing,562,491,432,455,-32.425,-105.479,0,208.37,-498.90,1,134.89,3.11,2500,1,0,0
1185,19.76975,free_swing,574,491,461,426,-29.238,-119.908,0,215.84,19.43,1,130.36,6.37,2500,1,0,0
1186,19.78643,free_swing,587,491,440,464,-25.547,-100.408,0,257.04,-387.39,1,149.46,7.35,2500,1,0,0
1187,19.80312,free_swing,604,490,458,439,-20.477,-109.255,0,303.83,-550.50,1,154.65,11.08,2500,0,0,0
1188,19.8198,free_swing,621,487,537,343,-15.161,-149.744,0,328.40,-385.53,1,166.71,19.74,2500,0,0,0
1189,19.83648,free_swing,637,482,506,414,-9.834,-117.433,0,328.15,-19.53,1,147.60,6.02,2500,1,0,0
1190,19.85317,free_swing,653,475,529,395,-4.000,-122.829,0,346.52,383.07,1,147.57,5.99,2500,1,0,0
1191,19.86985,free_swing,667,467,564,360,1.697,-136.091,0,391.27,192.50,0,148.52,6.68,2500,0,0,0
1192,19.88653,free_swing,682,456,542,412,8.711,-107.447,0,433.51,613.99,1,146.75,5.41,2500,1,0,0
1193,19.90322,free_swing,696,444,551,411,16.417,-102.821,0,448.76,688.72,0,148.71,6.81,2500,0,0,0
1194,19.9199,free_swing,707,433,569,405,23.540,-101.470,0,424.32,476.80,1,140.81,1.14,2500,1,0,0
1195,19.93658,free_swing,715,422,573,442,30.018,-81.983,0,361.35,631.81,0,143.40,3.00,2500,0,0,0
1196,19.95327,free_swing,721,413,593,450,35.605,-73.877,0,245.09,638.60,0,133.24,4.30,2500,0,0,0
1197,19.96995,free_swing,724,409,603,453,38.387,-70.017,0,103.30,416.77,1,128.75,7.52,2500,1,0,0
1198,19.98663,free_swing,724,409,609,488,38.387,-55.513,0,-61.48,453.82,0,139.52,0.21,2500,0,0,0
1199,20.00332,free_swing,723,412,629,482,36.870,-53.326,0,-190.30,360.68,1,117.20,15.82,2500,0,0,0
1200,20.02,free_swing,718,420,648,489,32.005,-45.412,0,-296.39,420.97,1,98.29,29.40,2500,0,0,0
1201,20.03668,free_swing,712,429,662,493,26.801,-37.999,0,-371.41,841.18,1,81.22,41.66,2500,1,0,0
1202,20.05337,free_swing,702,440,675,520,19.855,-18.650,0,-454.57,1089.94,1,84.43,39.35,2500,1,0,0
1203,20.07005,free_swing,689,454,693,557,12.031,2.224,0,-550.99,1410.99,1,103.08,25.96,2500,1,0,0
1204,20.08673,free_swing,667,469,717,584,1.672,23.499,0,-580.16,1629.76,1,125.40,9.93,2500,1,0,0
1205,20.10342,free_swing,643,482,728,543,-7.595,54.335,0,-528.59,1456.33,1,104.62,24.85,2500,0,0,0
1206,20.1201,free_swing,620,488,740,515,-15.410,77.320,0,-415.01,789.01,1,123.00,11.65,2500,1,0,0
1207,20.13678,free_swing,600,492,740,516,-21.492,80.272,0,-323.27,413.36,1,142.04,2.03,2500,1,0,0
1208,20.15347,free_swing,584,492,732,511,-26.278,82.684,0,-268.45,372.66,0,149.21,7.18,2500,0,0,0
1209,20.17015,free_swing,569,492,715,466,-30.434,100.098,0,-250.34,390.53,0,148.30,6.52,2500,0,0,0
1210,20.18683,free_swing,554,489,717,466,-34.771,98.032,0,-246.20,151.53,1,164.61,18.24,2500,1,0,0
1211,20.20352,free_swing,539,486,700,462,-38.841,98.479,0,-243.35,-164.25,1,162.78,16.92,2500,1,0,0
1212,20.2202,free_swing,525,481,690,456,-42.805,98.616,0,-246.03,30.33,1,166.88,19.87,2500,0,0,0
1213,20.23688,free_swing,511,474,675,458,-46.948,95.572,0,-248.93,96.54,1,164.78,18.36,2500,0,0,0
1214,20.25357,free_swing,496,466,668,430,-51.257,101.821,0,-243.41,-46.73,1,175.73,26.22,2500,0,0,0
1215,20.27025,free_swing,483,458,650,434,-55.008,98.178,0,-229.80,-365.27,1,168.72,21.18,2500,1,0,0
1216,20.28693,free_swing,472,448,631,456,-58.728,87.120,0,-210.43,-458.58,1,159.20,14.35,2500,0,0,0
1217,20.30362,free_swing,463,438,616,467,-62.076,79.267,0,-178.86,-324.83,1,155.72,11.85,2500,0,0,0
1218,20.3203,free_swing,456,430,609,457,-64.666,79.992,0,-128.16,-507.90,1,155.36,11.59,2500,0,0,0
1219,20.33698,free_swing,452,425,583,481,-66.214,66.854,0,-66.42,-612.72,0,142.47,2.33,2500,0,0,0
1220,20.35367,free_swing,450,423,562,518,-66.866,49.695,0,0.65,-732.56,0,146.86,5.49,2500,0,0,0
1221,20.37035,free_swing,452,425,547,509,-66.214,48.517,0,71.81,-787.33,0,126.81,8.92,2500,0,0,0
1222,20.38703,free_swing,456,431,523,544,-64.440,30.665,0,136.07,-84.61,1,131.37,5.64,2500,1,0,0
1223,20.40372,free_swing,464,440,507,554,-61.511,20.666,0,212.91,-490.25,1,121.84,12.49,2500,1,0,0
1224,20.4204,free_swing,475,451,518,503,-57.667,39.588,0,294.88,-1184.31,1,67.48,51.53,2500,1,0,0
1225,20.43708,free_swing,494,465,444,594,-51.798,-21.186,0,354.49,-2008.68,1,138.35,0.63,2500,1,0,0
1226,20.45377,free_swing,515,476,441,549,-45.785,-45.390,0,356.29,-1957.03,1,103.95,25.34,2500,0,0,0
1227,20.47045,free_swing,534,485,439,525,-40.135,-67.166,0,297.61,-709.94,1,103.08,25.96,2500,1,0,0
1228,20.48713,free_swing,550,489,428,517,-35.744,-77.074,0,248.35,-551.67,1,125.17,10.09,2500,0,0,0
1229,20.50382,free_swing,564,490,430,509,-32.071,-81.930,0,224.40,-458.72,0,135.34,2.79,2500,0,0,0
1230,20.5205,free_swing,578,492,439,484,-27.979,-93.294,0,249.68,-437.50,0,139.23,0.01,2500,0,0,0
1231,20.53718,free_swing,593,491,454,465,-23.762,-100.595,0,290.24,-425.27,0,141.41,1.57,2500,0,0,0
1232,20.55387,free_swing,611,489,469,458,-18.325,-102.315,0,320.16,-199.87,1,145.34,4.40,2500,1,0,0
1233,20.57055,free_swing,628,485,488,435,-12.885,-109.654,0,330.74,18.80,1,148.66,6.78,2500,1,0,0
1234,20.58723,free_swing,644,480,496,443,-7.316,-104.036,0,341.85,137.28,0,152.55,9.58,2500,0,0,0
1235,20.60392,free_swing,659,472,511,445,-1.637,-100.339,0,375.87,162.70,0,150.44,8.06,2500,0,0,0
1236,20.6206,free_swing,675,463,526,435,5.234,-100.643,0,414.61,210.21,0,151.61,8.90,2500,0,0,0
1237,20.63728,free_swing,689,451,546,433,12.325,-97.174,0,442.57,196.14,0,144.13,3.52,2500,0,0,0
1238,20.65397,free_swing,701,438,556,447,19.722,-86.448,0,449.71,486.15,1,145.28,4.35,2500,1,0,0
1239,20.67065,free_swing,711,426,574,431,27.051,-87.910,0,421.46,620.11,0,137.09,1.53,2500,0,0,0
1240,20.68733,free_swing,719,416,585,475,33.690,-66.236,0,328.91,411.39,1,146.41,5.17,2500,1,0,0
1241,20.70402,free_swing,723,409,604,467,37.926,-64.016,0,177.73,382.74,0,132.38,4.91,2500,0,0,0
1242,20.7207,free_swing,724,406,626,452,39.500,-64.855,0,16.41,442.13,1,108.26,22.24,2500,0,0,0
1243,20.73738,free_swing,724,409,636,491,38.387,-47.021,0,-115.43,851.46,1,120.28,13.60,2500,1,0,0
1244,20.75407,free_swing,721,413,652,526,35.605,-31.409,0,-228.01,821.24,0,132.40,4.90,2500,0,0,0
1245,20.77075,free_swing,717,422,676,526,30.964,-21.516,0,-343.29,664.38,1,111.79,19.70,2500,0,0,0
1246,20.78743,free_swing,709,434,687,544,24.274,-11.310,0,-470.26,939.67,1,112.18,19.43,2500,1,0,0
1247,20.80412,free_swing,695,447,715,568,15.550,9.386,0,-564.41,1243.67,1,122.64,11.91,2500,1,0,0
1248,20.8208,free_swing,676,463,737,557,5.667,32.981,0,-571.97,1322.97,1,112.06,19.51,2500,0,0,0
1249,20.83748,free_swing,654,476,759,561,-3.576,51.009,0,-504.28,1082.81,1,135.09,2.97,2500,1,0,0
1250,20.85417,free_swing,634,484,754,531,-10.802,68.611,0,-405.38,792.46,1,128.88,7.43,2500,1,0,0
1251,20.87085,free_swing,615,489,757,517,-17.000,78.845,0,-327.86,579.16,1,144.73,3.96,2500,1,0,0
1252,20.88753,free_swing,599,491,746,498,-21.926,87.274,0,-283.04,636.94,0,147.17,5.71,2500,0,0,0
1253,20.90422,free_swing,584,491,737,473,-26.421,96.710,0,-252.41,535.57,1,154.06,10.65,2500,0,0,0
1254,20.9209,free_swing,569,491,733,429,-30.591,110.709,0,-249.25,270.71,1,175.33,25.93,2500,1,0,0
1255,20.93758,free_swing,554,490,715,448,-34.601,104.621,0,-245.94,48.67,1,166.39,19.51,2500,1,0,0
1256,20.95427,free_swing,539,485,697,438,-39.023,106.566,0,-253.82,-206.85,1,164.84,18.40,2500,1,0,0
1257,20.97095,free_swing,524,481,687,432,-43.011,106.731,0,-266.19,-94.37,1,170.21,22.25,2500,0,0,0
1258,20.98763,free_swing,507,474,665,453,-47.690,97.571,0,-266.73,-150.19,1,159.39,14.49,2500,0,0,0
1259,21.00432,free_swing,493,464,656,430,-52.172,101.782,0,-257.25,-168.28,1,166.51,19.60,2500,0,0,0
1260,21.021,free_swing,480,455,641,437,-56.094,96.379,0,-235.48,-242.17,1,162.00,16.36,2500,0,0,0
1261,21.03768,free_swing,469,445,621,447,-59.780,89.246,0,-205.84,-479.53,1,152.01,9.19,2500,1,0,0
1262,21.05437,free_swing,460,435,601,454,-63.097,82.326,0,-156.30,-402.72,0,142.27,2.19,2500,0,0,0
1263,21.07105,free_swing,455,429,597,471,-64.998,73.523,0,-90.39,-778.48,1,148.08,6.36,2500,1,0,0
1264,21.08773,free_swing,453,426,577,481,-65.886,66.080,0,-26.32,-279.07,1,135.65,2.57,2500,1,0,0
1265,21.10442,free_swing,453,426,550,523,-65.886,45.000,0,35.80,-383.41,0,137.18,1.47,2500,0,0,0
1266,21.1211,free_swing,455,430,559,473,-64.772,67.537,0,107.75,-831.71,1,112.54,19.17,2500,1,0,0
1267,21.13778,free_swing,462,438,508,550,-62.194,22.329,0,189.54,-1314.41,1,121.08,13.03,2500,1,0,0
1268,21.15447,free_swing,474,448,481,562,-58.460,3.514,0,281.85,-1691.65,1,114.21,17.96,2500,1,0,0
1269,21.17115,free_swing,489,462,469,524,-53.236,-17.879,0,340.54,-1415.81,1,65.15,53.21,2500,1,0,0
1270,21.18783,free_swing,510,475,424,567,-46.935,-43.069,0,343.57,-1515.74,0,125.94,9.54,2500,0,0,0
1271,21.20452,free_swing,528,483,437,508,-41.798,-74.638,0,300.68,-1177.49,1,94.37,32.22,2500,1,0,0
1272,21.2212,free_swing,544,488,424,509,-37.337,-80.074,0,243.73,-601.22,1,121.82,12.50,2500,1,0,0
1273,21.23788,free_swing,559,490,433,485,-33.354,-92.272,0,213.40,-417.82,0,126.10,9.43,2500,0,0,0
1274,21.25457,free_swing,571,491,429,477,-30.054,-95.631,0,225.74,-543.79,0,142.69,2.49,2500,0,0,0
1275,21.27125,free_swing,585,491,450,443,-26.131,-109.573,0,270.27,-258.82,1,143.28,2.91,2500,1,0,0
1276,21.28793,free_swing,603,490,465,438,-20.794,-110.647,0,315.45,-320.28,0,147.47,5.93,2500,0,0,0
1277,21.30462,free_swing,620,487,470,434,-15.505,-109.460,0,316.50,-127.31,1,159.09,14.27,2500,0,0,0
1278,21.3213,free_swing,636,482,506,399,-10.204,-122.557,0,312.35,-65.95,1,154.24,10.78,2500,0,0,0
1279,21.33798,free_swing,650,476,500,413,-5.159,-112.782,0,351.56,72.55,1,162.69,16.86,2500,0,0,0
1280,21.35467,free_swing,666,468,521,408,1.264,-112.479,0,399.66,260.87,1,156.92,12.71,2500,0,0,0
1281,21.37135,free_swing,682,457,541,402,8.643,-111.309,0,445.54,210.02,0,151.35,8.71,2500,0,0,0
1282,21.38803,free_swing,695,445,550,410,15.811,-103.570,0,460.29,297.61,0,149.16,7.14,2500,0,0,0
1283,21.40472,free_swing,707,432,557,412,23.749,-97.595,0,461.10,554.43,1,151.33,8.69,2500,1,0,0
1284,21.4214,free_swing,716,420,580,413,31.059,-92.946,0,415.89,534.33,0,136.18,2.19,2500,0,0,0
1285,21.43808,free_swing,722,409,579,450,37.461,-74.002,0,297.46,427.35,0,148.76,6.85,2500,0,0,0
1286,21.45477,free_swing,725,403,593,434,41.129,-76.784,0,169.53,334.06,0,135.59,2.61,2500,0,0,0
1287,21.47145,free_swing,727,402,622,441,42.436,-69.624,0,30.76,521.47,1,112.01,19.55,2500,0,0,0
1288,21.48813,free_swing,727,402,619,471,42.436,-57.426,0,-115.97,654.63,0,128.16,7.95,2500,0,0,0
1289,21.50482,free_swing,724,407,634,508,39.123,-41.704,0,-238.24,584.26,0,135.28,2.83,2500,0,0,0
1290,21.5215,free_swing,719,416,658,481,33.690,-43.182,0,-338.48,593.18,1,89.14,35.97,2500,0,0,0
1291,21.53818,free_swing,714,427,667,537,28.229,-23.136,0,-412.11,819.72,1,119.62,14.08,2500,1,0,0
1292,21.55487,free_swing,703,440,686,544,20.323,-9.284,0,-517.22,1323.54,1,105.38,24.31,2500,1,0,0
1293,21.57155,free_swing,687,455,704,531,11.041,12.609,0,-601.85,1345.53,1,77.88,44.06,2500,0,0,0
1294,21.58823,free_swing,664,471,726,543,0.412,40.732,0,-594.36,1340.14,1,95.02,31.75,2500,0,0,0
1295,21.60492,free_swing,640,482,735,548,-8.717,55.211,0,-510.33,969.94,1,115.68,16.91,2500,1,0,0
1296,21.6216,free_swing,617,489,742,534,-16.330,70.201,0,-393.04,409.66,1,132.85,4.58,2500,1,0,0
1297,21.63828,free_swing,599,491,739,528,-21.926,75.196,0,-314.03,267.48,0,144.81,4.01,2500,0,0,0
1298,21.65497,free_swing,583,491,730,534,-26.709,73.695,0,-275.34,372.50,1,153.16,10.01,2500,0,0,0
1299,21.67165,free_swing,567,490,722,497,-31.283,87.414,0,-263.11,463.76,1,155.16,11.45,2500,0,0,0
1300,21.68833,free_swing,551,488,716,468,-35.676,96.911,0,-251.78,601.52,1,166.21,19.38,2500,0,0,0
1301,21.70502,free_swing,536,485,701,463,-39.695,97.595,0,-247.00,286.26,1,166.46,19.56,2500,1,0,0
1302,21.7217,free_swing,521,480,698,412,-43.815,111.016,0,-248.22,-27.78,1,189.61,36.19,2500,1,0,0
1303,21.73838,free_swing,507,472,670,441,-48.094,100.768,0,-251.69,-64.98,1,165.92,19.18,2500,0,0,0
1304,21.75507,free_swing,493,464,651,445,-52.172,96.857,0,-249.06,-351.04,1,159.14,14.30,2500,1,0,0
1305,21.77175,free_swing,479,455,650,422,-56.238,100.923,0,-233.91,-357.59,1,174.16,25.09,2500,0,0,0
1306,21.78843,free_swing,469,444,621,465,-60.001,82.134,0,-199.92,-573.09,1,153.44,10.21,2500,1,0,0
1307,21.80512,free_swing,460,436,613,471,-62.873,77.115,0,-145.32,-666.05,1,156.95,12.73,2500,0,0,0
1308,21.8218,free_swing,455,430,592,484,-64.772,68.488,0,-91.78,-294.63,1,147.26,5.77,2500,1,0,0
1309,21.83848,free_swing,452,427,577,496,-65.761,61.101,0,-33.75,100.80,1,142.78,2.55,2500,1,0,0
1310,21.85517,free_swing,452,426,569,476,-65.987,66.861,0,37.89,-160.85,1,127.24,8.61,2500,1,0,0
1311,21.87185,free_swing,455,431,559,472,-64.547,68.484,0,117.25,-763.59,1,111.79,19.70,2500,1,0,0
1312,21.88853,free_swing,463,439,518,526,-61.853,32.300,0,201.17,-1417.60,1,102.93,26.07,2500,1,0,0
1313,21.90522,free_swing,474,450,498,528,-58.022,17.103,0,284.28,-1579.32,1,81.61,41.38,2500,0,0,0
1314,21.9219,free_swing,491,463,473,558,-52.706,-10.729,0,339.91,-1748.26,1,96.69,30.55,2500,0,0,0
1315,21.93858,free_swing,511,476,436,566,-46.548,-39.806,0,343.04,-1612.63,1,117.15,15.85,2500,0,0,0
1316,21.95527,free_swing,530,483,450,505,-41.373,-74.624,0,296.03,-1214.61,1,82.97,40.40,2500,1,0,0
1317,21.97195,free_swing,546,488,437,521,-36.870,-73.156,0,245.28,-1059.16,1,113.89,18.20,2500,0,0,0
1318,21.98863,free_swing,560,490,451,465,-33.100,-102.918,0,220.63,-1043.42,1,111.83,19.68,2500,0,0,0
1319,22.00532,free_swing,573,492,467,432,-29.358,-119.511,0,233.94,-743.59,1,121.80,12.51,2500,1,0,0
1320,22.022,free_swing,587,492,484,418,-25.408,-125.695,0,268.59,-145.62,1,126.83,8.90,2500,1,0,0
1321,22.03868,free_swing,605,489,480,422,-20.276,-118.191,0,297.97,-108.25,0,141.82,1.87,2500,0,0,0
1322,22.05537,free_swing,621,486,514,397,-15.255,-129.753,0,319.59,184.86,1,139.18,0.03,2500,1,0,0
1323,22.07205,free_swing,637,481,518,402,-9.898,-123.579,0,332.00,409.73,1,142.84,2.59,2500,1,0,0
1324,22.08873,free_swing,653,475,507,435,-4.000,-105.322,0,364.54,490.94,0,151.38,8.73,2500,0,0,0
1325,22.10542,free_swing,668,466,524,422,2.137,-106.991,0,388.41,240.17,1,150.57,8.15,2500,1,0,0
1326,22.1221,free_swing,683,457,542,418,9.090,-105.461,0,423.92,264.70,0,146.29,5.08,2500,0,0,0
1327,22.13878,free_swing,695,444,548,433,15.945,-94.279,0,441.86,486.73,1,147.41,5.88,2500,1,0,0
1328,22.15547,free_swing,707,432,565,440,23.749,-86.775,0,419.59,349.28,0,142.23,2.16,2500,0,0,0
1329,22.17215,free_swing,715,422,588,435,30.018,-84.155,0,357.18,231.87,0,127.66,8.30,2500,0,0,0
1330,22.18883,free_swing,720,413,612,433,35.134,-79.509,0,256.55,605.37,1,109.84,21.11,2500,1,0,0
1331,22.20552,free_swing,724,409,625,449,38.387,-67.999,0,111.90,515.48,1,106.78,23.31,2500,0,0,0
1332,22.2222,free_swing,725,408,635,482,39.207,-50.572,0,-68.82,641.31,1,116.52,16.31,2500,0,0,0
1333,22.23888,free_swing,722,413,654,457,36.069,-57.095,0,-211.95,656.01,1,80.99,41.82,2500,0,0,0
1334,22.25557,free_swing,717,420,665,524,31.535,-26.565,0,-325.15,1130.56,1,116.28,16.48,2500,1,0,0
1335,22.27225,free_swing,711,430,690,500,26.095,-16.699,0,-402.75,1095.63,1,73.08,47.51,2500,0,0,0
1336,22.28893,free_swing,699,443,710,485,17.969,14.676,0,-503.25,1728.16,1,43.42,68.82,2500,1,0,0
1337,22.30562,free_swing,684,457,729,573,9.537,21.203,0,-564.08,1672.42,1,124.42,10.63,2500,0,0,0
1338,22.3223,free_swing,662,472,746,476,-0.409,87.274,0,-536.20,913.76,1,84.10,39.60,2500,1,0,0
1339,22.33898,free_swing,640,482,753,549,-8.717,59.335,0,-459.56,670.62,1,131.37,5.64,2500,1,0,0
1340,22.35567,free_swing,621,487,758,519,-15.161,76.853,0,-345.16,275.30,1,140.69,1.05,2500,1,0,0
1341,22.37235,free_swing,604,490,756,467,-20.477,98.604,0,-280.82,721.81,1,153.73,10.42,2500,1,0,0
1342,22.38903,free_swing,590,492,745,479,-24.525,94.794,0,-253.53,187.12,1,155.54,11.72,2500,1,0,0
1343,22.40572,free_swing,575,491,734,477,-28.963,95.032,0,-248.01,38.56,1,159.62,14.65,2500,0,0,0
1344,22.4224,free_swing,560,490,720,446,-33.100,105.376,0,-252.88,231.38,1,165.94,19.19,2500,0,0,0
1345,22.43908,free_swing,545,487,704,456,-37.282,101.032,0,-253.98,64.37,1,161.99,16.36,2500,0,0,0
1346,22.45577,free_swing,530,482,693,439,-41.562,104.778,0,-258.56,-107.19,1,168.58,21.08,2500,0,0,0
1347,22.47245,free_swing,514,476,674,446,-45.978,100.620,0,-257.78,-156.04,1,162.79,16.93,2500,0,0,0
1348,22.48913,free_swing,499,469,664,446,-50.126,97.936,0,-255.41,-252.35,1,166.60,19.66,2500,0,0,0
1349,22.50582,free_swing,486,459,648,454,-54.340,91.768,0,-245.81,-352.63,1,162.08,16.42,2500,0,0,0
1350,22.5225,free_swing,473,449,635,452,-58.376,88.939,0,-224.27,-303.55,1,162.03,16.38,2500,0,0,0
1351,22.53918,free_swing,464,439,615,472,-61.734,77.672,0,-183.21,-427.99,1,154.56,11.02,2500,0,0,0
1352,22.55587,free_swing,457,431,610,462,-64.332,78.546,0,-119.90,-464.75,1,156.11,12.13,2500,0,0,0
1353,22.57255,free_swing,453,426,585,495,-65.886,62.403,0,-55.52,-178.05,1,148.95,6.98,2500,1,0,0
1354,22.58923,free_swing,452,426,575,489,-65.987,62.879,0,8.07,-482.30,1,138.20,0.74,2500,1,0,0
1355,22.60592,free_swing,454,427,562,487,-65.556,60.945,0,71.29,-676.35,1,123.55,11.26,2500,0,0,0
1356,22.6226,free_swing,458,433,518,534,-63.771,30.713,0,140.77,-1185.43,1,117.48,15.62,2500,1,0,0
1357,22.63928,free_swing,467,442,504,542,-60.698,20.304,0,229.95,-1242.27,1,106.63,23.41,2500,0,0,0
1358,22.65597,free_swing,480,454,470,563,-56.310,-5.242,0,311.61,-1391.77,1,109.46,21.38,2500,0,0,0
1359,22.67265,free_swing,498,468,485,495,-50.503,-25.710,0,356.89,-1197.87,1,29.97,78.48,2500,0,0,0
1360,22.68933,free_swing,519,479,431,533,-44.409,-58.465,0,338.23,-2130.89,1,103.25,25.84,2500,1,0,0
1361,22.70602,free_swing,538,485,421,537,-39.249,-66.038,0,278.63,-1840.50,1,128.04,8.04,2500,1,0,0
1362,22.7227,free_swing,552,489,491,406,-35.261,-143.686,0,228.57,-812.36,1,103.00,26.01,2500,1,0,0
1363,22.73938,free_swing,566,490,442,467,-31.547,-100.508,0,223.71,140.46,1,126.12,9.41,2500,1,0,0
1364,22.75607,free_swing,579,492,447,454,-27.699,-106.060,0,257.38,706.64,1,137.36,1.34,2500,1,0,0
1365,22.77275,free_swing,596,490,456,449,-22.979,-106.323,0,296.27,-321.08,1,145.88,4.78,2500,1,0,0
1366,22.78943,free_swing,613,489,469,440,-17.665,-108.792,0,325.10,-196.53,0,152.11,9.26,2500,0,0,0
1367,22.80612,free_swing,630,484,488,432,-12.249,-110.113,0,323.44,-195.69,0,151.22,8.62,2500,0,0,0
1368,22.8228,free_swing,646,478,515,406,-6.642,-118.794,0,337.42,-74.07,0,149.48,7.37,2500,0,0,0
1369,22.83948,free_swing,660,470,517,413,-1.245,-111.732,0,372.63,120.12,1,153.94,10.57,2500,0,0,0
1370,22.85617,free_swing,676,461,539,407,5.755,-111.512,0,412.27,379.50,1,147.26,5.77,2500,1,0,0
1371,22.87285,free_swing,690,450,553,414,12.888,-104.723,0,456.86,347.93,0,141.65,1.74,2500,0,0,0
1372,22.88953,free_swing,702,437,553,421,20.376,-96.129,0,466.53,249.98,0,149.86,7.64,2500,0,0,0
1373,22.90622,free_swing,713,424,579,412,28.523,-95.117,0,453.05,141.64,0,134.54,3.37,2500,0,0,0
1374,22.9229,free_swing,721,414,582,404,35.272,-94.115,0,374.17,493.18,1,139.36,0.10,2500,1,0,0
1375,22.93958,free_swing,725,404,596,424,40.732,-81.187,0,238.79,796.78,1,130.54,6.24,2500,1,0,0
1376,22.95627,free_swing,727,400,605,466,43.264,-61.587,0,82.06,811.75,0,138.71,0.37,2500,0,0,0
1377,22.97295,free_swing,728,401,617,473,43.290,-57.031,0,-80.43,479.57,1,132.31,4.97,2500,1,0,0
1378,22.98963,free_swing,726,405,635,491,40.795,-46.618,0,-199.95,396.34,1,125.21,10.07,2500,0,0,0
1379,23.00632,free_swing,722,412,644,499,36.409,-41.878,0,-302.57,666.94,1,116.85,16.07,2500,1,0,0
1380,23.023,free_swing,717,422,665,526,30.964,-26.565,0,-397.37,788.78,1,116.28,16.48,2500,0,0,0
1381,23.03968,free_swing,707,434,689,533,23.334,-10.305,0,-498.64,1096.48,1,100.62,27.73,2500,1,0,0
1382,23.05637,free_swing,693,449,704,551,14.381,6.155,0,-583.48,1597.92,1,102.59,26.31,2500,1,0,0
1383,23.07305,free_swing,673,465,725,536,4.300,36.219,0,-590.96,1446.28,1,88.01,36.79,2500,0,0,0
1384,23.08973,free_swing,649,479,743,517,-5.440,67.989,0,-527.62,1145.00,1,101.39,27.17,2500,1,0,0
1385,23.10642,free_swing,627,486,749,547,-13.158,63.435,0,-432.75,458.51,1,136.40,2.03,2500,1,0,0
1386,23.1231,free_swing,607,490,747,503,-19.516,84.695,0,-351.28,421.42,0,140.60,0.99,2500,0,0,0
1387,23.13978,free_swing,588,492,735,513,-25.115,81.870,0,-297.86,776.34,1,148.49,6.66,2500,1,0,0
1388,23.15647,free_swing,572,492,713,463,-29.629,101.622,0,-261.75,347.32,1,143.95,3.40,2500,1,0,0
1389,23.17315,free_swing,558,489,721,440,-33.774,106.731,0,-245.95,51.90,1,170.21,22.25,2500,1,0,0
1390,23.18983,free_swing,542,487,700,470,-37.977,96.141,0,-251.24,-125.97,1,158.91,14.14,2500,0,0,0
1391,23.20652,free_swing,527,482,687,461,-42.198,97.477,0,-257.13,70.78,1,161.37,15.91,2500,0,0,0
1392,23.2232,free_swing,512,475,692,417,-46.559,107.860,0,-262.92,182.73,1,189.11,35.84,2500,0,0,0
1393,23.23988,free_swing,497,467,669,435,-50.880,100.539,0,-258.60,-104.74,1,174.95,25.66,2500,1,0,0
1394,23.25657,free_swing,483,457,662,425,-55.222,100.136,0,-244.78,-504.03,1,181.84,30.61,2500,1,0,0
1395,23.27325,free_swing,472,447,639,441,-58.948,92.058,0,-220.93,-374.27,1,167.11,20.03,2500,0,0,0
1396,23.28993,free_swing,462,437,610,465,-62.418,79.287,0,-177.12,-309.03,0,150.63,8.19,2500,0,0,0
1397,23.30662,free_swing,455,429,608,444,-64.998,84.401,0,-121.42,-288.27,1,153.73,10.42,2500,0,0,0
1398,23.3233,free_swing,451,425,584,460,-66.314,75.256,0,-56.92,-457.63,0,137.53,1.22,2500,0,0,0
1399,23.33998,free_swing,451,423,572,483,-66.769,63.625,0,11.52,-322.43,0,135.06,2.99,2500,0,0,0
1400,23.35667,free_swing,453,425,549,485,-66.114,57.995,0,76.78,-436.09,1,113.21,18.69,2500,0,0,0
1401,23.37335,free_swing,458,432,539,479,-63.997,59.876,0,152.84,-1022.88,1,93.65,32.73,2500,1,0,0
1402,23.39003,free_swing,466,441,500,531,-61.044,20.695,0,244.25,-1915.58,1,96.21,30.90,2500,1,0,0
1403,23.40672,free_swing,480,454,468,536,-56.310,-8.326,0,317.24,-2253.87,1,82.87,40.47,2500,1,0,0
1404,23.4234,free_swing,498,469,448,516,-50.297,-46.771,0,338.45,-1681.36,1,68.62,50.71,2500,1,0,0
1405,23.44008,free_swing,517,478,422,514,-45.000,-69.246,0,305.80,-1173.61,1,101.59,27.03,2500,1,0,0
1406,23.45677,free_swing,533,484,427,498,-40.539,-82.476,0,253.99,-780.29,1,106.92,23.20,2500,1,0,0
1407,23.47345,free_swing,548,488,424,480,-36.397,-93.691,0,214.92,-733.01,1,124.26,10.75,2500,0,0,0
1408,23.49013,free_swing,560,490,445,450,-33.100,-109.179,0,203.03,-553.91,1,121.76,12.54,2500,0,0,0
1409,23.50682,free_swing,572,491,447,436,-29.784,-113.749,0,230.77,-126.73,1,136.57,1.91,2500,1,0,0
1410,23.5235,free_swing,587,492,460,439,-25.408,-112.652,0,274.99,188.41,1,137.62,1.15,2500,1,0,0
1411,23.54018,free_swing,605,489,462,442,-20.276,-108.194,0,308.76,-85.13,1,150.53,8.12,2500,1,0,0
1412,23.55687,free_swing,621,486,482,431,-15.255,-111.588,0,328.46,-290.11,1,149.49,7.37,2500,1,0,0
1413,23.57355,free_swing,638,481,515,403,-9.525,-122.381,0,334.41,5.19,1,145.65,4.61,2500,1,0,0
1414,23.59023,free_swing,654,474,517,406,-3.627,-116.398,0,362.78,-48.47,0,152.95,9.86,2500,0,0,0
1415,23.60692,free_swing,668,466,522,421,2.137,-107.130,0,395.89,338.45,1,152.78,9.74,2500,1,0,0
1416,23.6236,free_swing,684,456,552,370,9.612,-123.085,0,444.00,187.18,1,157.54,13.16,2500,0,0,0
1417,23.64028,free_swing,697,444,544,434,16.887,-93.740,0,449.63,262.13,1,153.33,10.13,2500,0,0,0
1418,23.65697,free_swing,708,431,581,393,24.444,-106.658,0,402.39,689.26,1,132.56,4.78,2500,1,0,0
1419,23.67365,free_swing,715,422,589,415,30.018,-93.180,0,300.10,-215.79,1,126.19,9.36,2500,1,0,0
1420,23.69033,free_swing,720,415,598,435,34.479,-80.690,0,172.36,314.79,1,123.63,11.20,2500,1,0,0
1421,23.70702,free_swing,721,413,636,385,35.605,-108.232,0,44.86,691.52,1,89.49,35.72,2500,1,0,0
1422,23.7237,free_swing,722,414,623,477,35.735,-57.529,0,-88.54,1320.39,1,117.35,15.71,2500,1,0,0
1423,23.74038,free_swing,719,418,639,501,33.071,-43.946,0,-211.28,1473.27,1,115.28,17.20,2500,0,0,0
1424,23.75707,free_swing,714,426,655,538,28.482,-27.780,0,-336.15,628.88,1,126.59,9.07,2500,1,0,0
1425,23.77375,free_swing,705,436,674,553,21.991,-14.840,0,-428.26,929.44,1,121.04,13.06,2500,1,0,0
1426,23.79043,free_swing,693,450,694,535,14.265,0.674,0,-521.86,1258.96,1,85.01,38.94,2500,1,0,0
1427,23.80712,free_swing,675,463,721,559,5.234,25.602,0,-565.67,1416.43,1,106.45,23.54,2500,0,0,0
1428,23.8238,free_swing,651,478,746,553,-4.699,51.710,0,-525.60,1236.03,1,121.04,13.06,2500,0,0,0
1429,23.84048,free_swing,629,486,747,543,-12.450,64.217,0,-425.74,705.11,1,131.05,5.87,2500,1,0,0
1430,23.85717,free_swing,611,489,740,519,-18.325,76.908,0,-323.27,783.02,0,132.44,4.87,2500,0,0,0
1431,23.87385,free_swing,594,491,740,509,-23.459,82.972,0,-279.97,627.19,0,147.11,5.66,2500,0,0,0
1432,23.89053,free_swing,579,492,735,444,-27.699,107.103,0,-252.80,358.54,1,163.22,17.23,2500,1,0,0
1433,23.90722,free_swing,564,490,716,479,-32.071,94.139,0,-234.44,107.74,1,152.40,9.46,2500,1,0,0
1434,23.9239,free_swing,551,488,703,454,-35.676,102.609,0,-235.29,35.04,1,155.76,11.88,2500,0,0,0
1435,23.94058,free_swing,536,485,691,448,-39.695,103.426,0,-245.20,179.42,1,159.35,14.46,2500,0,0,0
1436,23.95727,free_swing,521,479,677,432,-44.009,106.767,0,-254.48,-66.97,1,162.93,17.03,2500,1,0,0
1437,23.97395,free_swing,506,472,675,443,-48.276,99.737,0,-251.32,-265.94,1,171.47,23.16,2500,0,0,0
1438,23.99063,free_swing,493,464,655,433,-52.172,100.833,0,-239.76,-72.25,1,164.94,18.47,2500,0,0,0
1439,24.00732,free_swing,480,454,639,449,-56.310,91.801,0,-229.63,-81.94,1,159.08,14.26,2500,0,0,0
1440,24.024,free_swing,469,445,624,411,-59.780,102.372,0,-207.77,-327.43,1,158.69,13.98,2500,1,0,0
1441,24.04068,free_swing,460,435,605,453,-63.097,82.924,0,-162.74,-603.75,1,146.11,4.95,2500,1,0,0
1442,24.05737,free_swing,454,428,591,464,-65.329,75.277,0,-109.16,-910.07,1,141.65,1.74,2500,1,0,0
1443,24.07405,free_swing,451,424,574,492,-66.541,61.064,0,-44.91,-461.68,1,140.55,0.95,2500,1,0,0
1444,24.09073,free_swing,450,423,558,510,-66.866,51.147,0,10.48,-479.03,0,138.68,0.39,2500,0,0,0
1445,24.10742,free_swing,453,425,553,503,-66.114,52.046,0,74.11,-491.50,0,126.82,8.91,2500,0,0,0
1446,24.1241,free_swing,456,431,524,536,-64.440,32.928,0,144.75,-803.85,1,125.10,10.15,2500,1,0,0
1447,24.14078,free_swing,466,440,505,538,-61.267,21.701,0,221.27,-1032.32,1,105.48,24.24,2500,1,0,0
1448,24.15747,free_swing,478,452,480,542,-57.031,1.273,0,305.87,-1107.80,1,90.02,35.34,2500,0,0,0
1449,24.17415,free_swing,496,465,469,552,-51.466,-17.241,0,358.78,-1531.87,1,91.09,34.57,2500,1,0,0
1450,24.19083,free_swing,517,478,436,556,-45.000,-46.081,0,358.07,-1997.04,1,112.45,19.23,2500,1,0,0
1451,24.20752,free_swing,536,486,449,502,-39.512,-79.579,0,304.07,-1557.99,1,88.46,36.46,2500,1,0,0
1452,24.2242,free_swing,553,489,462,460,-35.017,-107.676,0,255.28,-486.48,1,95.51,31.40,2500,1,0,0
1453,24.24088,free_swing,567,491,448,485,-31.122,-92.886,0,234.01,152.38,1,119.15,14.42,2500,1,0,0
1454,24.25757,free_swing,582,492,447,483,-26.851,-93.814,0,251.65,-102.47,1,135.30,2.82,2500,1,0,0
1455,24.27425,free_swing,596,491,463,456,-22.850,-104.744,0,282.20,-601.00,1,137.53,1.22,2500,1,0,0
1456,24.29093,free_swing,614,488,487,428,-17.438,-115.288,0,307.67,-409.47,0,140.46,0.89,2500,0,0,0
1457,24.30762,free_swing,630,484,498,424,-12.249,-114.444,0,333.67,86.78,1,145.00,4.15,2500,1,0,0
1458,24.3243,free_swing,646,478,518,418,-6.642,-115.115,0,350.56,178.03,0,141.36,1.54,2500,0,0,0
1459,24.34098,free_swing,662,471,510,430,-0.412,-105.096,0,385.67,171.09,1,157.43,13.08,2500,0,0,0
1460,24.35767,free_swing,677,461,539,408,6.194,-111.010,0,415.76,220.05,0,147.83,6.18,2500,0,0,0
1461,24.37435,free_swing,691,450,543,421,13.349,-101.086,0,440.63,270.47,0,150.81,8.33,2500,0,0,0
1462,24.39103,free_swing,703,438,562,422,20.674,-96.474,0,433.53,436.21,0,141.90,1.93,2500,0,0,0
1463,24.40772,free_swing,712,425,578,427,27.784,-89.145,0,383.20,537.24,0,134.01,3.74,2500,0,0,0
1464,24.4244,free_swing,718,416,589,439,33.215,-79.891,0,286.02,853.48,1,131.03,5.88,2500,1,0,0
1465,24.44108,free_swing,722,410,595,477,37.104,-62.186,0,151.12,686.19,0,143.59,3.14,2500,0,0,0
1466,24.45777,free_swing,724,409,616,495,38.387,-51.470,0,11.60,224.52,1,138.06,0.84,2500,1,0,0
1467,24.47445,free_swing,723,411,631,473,37.216,-56.023,0,-135.37,130.23,1,110.94,20.31,2500,0,0,0
1468,24.49113,free_swing,720,416,640,479,34.160,-51.780,0,-254.25,690.02,1,101.83,26.86,2500,1,0,0
1469,24.50782,free_swing,714,425,657,523,28.740,-30.184,0,-344.34,1130.59,1,113.37,18.57,2500,1,0,0
1470,24.5245,free_swing,706,436,691,541,22.463,-8.130,0,-434.13,1292.86,1,106.07,23.82,2500,0,0,0
1471,24.54118,free_swing,694,449,702,524,14.840,6.089,0,-526.93,1470.03,1,75.43,45.82,2500,0,0,0
1472,24.55787,free_swing,675,464,734,543,5.194,36.754,0,-579.31,1436.94,1,98.60,29.18,2500,0,0,0
1473,24.57455,free_swing,651,478,744,527,-4.699,62.216,0,-538.08,920.66,1,105.12,24.50,2500,1,0,0
1474,24.59123,free_swing,629,485,752,537,-12.529,67.083,0,-425.17,693.25,1,133.54,4.08,2500,1,0,0
1475,24.60792,free_swing,610,489,751,534,-18.654,72.300,0,-325.49,436.74,1,148.01,6.31,2500,1,0,0
1476,24.6246,free_swing,594,491,737,472,-23.459,97.568,0,-278.39,585.03,0,144.26,3.62,2500,0,0,0
1477,24.64128,free_swing,578,492,728,504,-27.979,85.426,0,-259.76,327.83,1,150.48,8.09,2500,1,0,0
1478,24.65797,free_swing,563,490,727,448,-32.330,104.365,0,-249.10,143.72,1,169.29,21.60,2500,0,0,0
1479,24.67465,free_swing,548,488,707,464,-36.397,98.584,0,-242.43,87.60,1,160.80,15.50,2500,0,0,0
1480,24.69133,free_swing,534,484,693,449,-40.321,102.414,0,-244.23,-110.06,1,162.81,16.94,2500,0,0,0
1481,24.70802,free_swing,519,478,679,466,-44.605,94.289,0,-255.94,-40.58,1,160.45,15.25,2500,0,0,0
1482,24.7247,free_swing,504,471,664,435,-48.840,102.680,0,-260.49,-279.89,1,164.00,17.80,2500,1,0,0
1483,24.74138,free_swing,489,462,646,462,-53.236,90.000,0,-250.50,-65.40,1,157.00,12.77,2500,1,0,0
1484,24.75807,free_swing,477,452,632,461,-57.171,86.677,0,-225.95,-344.41,1,155.26,11.52,2500,1,0,0
1485,24.77475,free_swing,467,442,629,434,-60.698,92.827,0,-191.88,-455.25,1,162.20,16.50,2500,0,0,0
1486,24.79143,free_swing,459,434,602,491,-63.435,68.268,0,-144.97,-673.42,1,153.94,10.57,2500,1,0,0
1487,24.80812,free_swing,454,427,586,495,-65.556,62.745,0,-81.81,-549.81,0,148.49,6.65,2500,0,0,0
1488,24.8248,free_swing,452,425,571,499,-66.214,58.125,0,-16.96,-276.52,1,140.13,0.65,2500,1,0,0
1489,24.84148,free_swing,453,426,553,503,-65.886,52.404,0,48.50,-287.52,0,126.21,9.35,2500,0,0,0
1490,24.85817,free_swing,456,430,534,517,-64.666,41.878,0,117.84,-623.84,1,116.85,16.07,2500,1,0,0
1491,24.87485,free_swing,463,438,524,516,-62.076,38.027,0,195.92,-1078.94,1,99.02,28.88,2500,1,0,0
1492,24.89153,free_swing,474,450,483,551,-58.022,5.092,0,277.76,-1587.63,1,101.40,27.17,2500,1,0,0
1493,24.90822,free_swing,490,462,473,516,-53.077,-17.475,0,332.75,-1537.60,1,56.61,59.34,2500,0,0,0
1494,24.9249,free_swing,509,475,454,529,-47.121,-45.526,0,329.80,-1076.07,1,77.08,44.64,2500,1,0,0
1495,24.94158,free_swing,528,483,412,559,-41.798,-56.768,0,294.74,-1985.64,1,138.68,0.39,2500,1,0,0
1496,24.95827,free_swing,543,487,429,494,-37.747,-86.486,0,244.27,-1351.87,1,114.21,17.96,2500,1,0,0
1497,24.97495,free_swing,558,490,489,411,-33.606,-138.865,0,211.33,-720.91,1,104.89,24.66,2500,1,0,0
1498,24.99163,free_swing,570,491,427,483,-30.324,-93.202,0,202.91,12.80,1,143.22,2.87,2500,1,0,0
1499,25.00832,free_swing,582,491,468,423,-26.996,-120.816,0,221.67,200.74,0,132.74,4.66,2500,0,0,0
1500,25.025,free_swing,596,491,474,419,-22.850,-120.548,0,277.29,-528.94,1,141.66,1.75,2500,1,0,0
1501,25.04168,free_swing,613,488,478,424,-17.771,-115.364,0,314.10,31.95,1,149.40,7.31,2500,1,0,0
1502,25.05837,free_swing,630,485,506,397,-12.171,-125.362,0,322.35,-91.06,0,152.05,9.22,2500,0,0,0
1503,25.07505,free_swing,645,479,522,404,-6.981,-121.373,0,338.24,330.52,1,144.06,3.48,2500,1,0,0
1504,25.09173,free_swing,660,472,521,411,-1.228,-113.694,0,376.74,565.01,1,151.80,9.03,2500,1,0,0
1505,25.10842,free_swing,676,462,520,439,5.711,-98.387,0,423.79,444.03,1,157.69,13.26,2500,0,0,0
1506,25.1251,free_swing,690,450,544,421,12.888,-101.234,0,433.56,453.51,0,148.85,6.92,2500,0,0,0
1507,25.14178,free_swing,702,439,552,441,20.026,-89.236,0,413.07,329.33,0,150.01,7.75,2500,0,0,0
1508,25.15847,free_swing,710,427,570,453,26.323,-79.479,0,357.45,501.36,0,142.39,2.28,2500,0,0,0
1509,25.17515,free_swing,717,419,596,441,31.827,-79.695,0,250.35,577.88,1,122.98,11.66,2500,0,0,0
1510,25.19183,free_swing,720,414,596,479,34.804,-62.337,0,114.09,608.34,0,140.00,0.56,2500,0,0,0
1511,25.20852,free_swing,721,414,614,502,35.272,-50.565,0,-30.41,606.50,0,138.54,0.49,2500,0,0,0
1512,25.2252,free_swing,720,417,629,497,33.845,-48.681,0,-154.27,447.84,1,121.17,12.97,2500,0,0,0
1513,25.24188,free_swing,716,423,647,522,30.217,-34.875,0,-279.10,714.43,1,120.67,13.32,2500,1,0,0
1514,25.25857,free_swing,709,432,666,534,24.702,-22.859,0,-384.16,933.53,1,110.69,20.49,2500,1,0,0
1515,25.27525,free_swing,698,445,693,523,17.210,-3.668,0,-491.28,956.09,1,78.16,43.86,2500,0,0,0
1516,25.29193,free_swing,683,458,708,575,9.019,12.061,0,-554.38,1725.34,1,119.64,14.07,2500,1,0,0
1517,25.30862,free_swing,660,472,728,558,-1.228,38.333,0,-546.36,1651.19,1,109.64,21.25,2500,0,0,0
1518,25.3253,free_swing,638,483,737,494,-9.401,83.660,0,-469.07,943.07,1,99.61,28.45,2500,1,0,0
1519,25.34198,free_swing,617,489,742,533,-16.330,70.608,0,-361.90,455.41,1,132.52,4.82,2500,1,0,0
1520,25.35867,free_swing,600,491,743,525,-21.615,76.626,0,-297.80,82.61,1,146.99,5.58,2500,1,0,0
1521,25.37535,free_swing,584,492,736,471,-26.278,97.866,0,-257.59,663.65,1,153.44,10.21,2500,1,0,0
1522,25.39203,free_swing,570,491,727,497,-30.324,87.811,0,-235.03,311.35,1,157.11,12.85,2500,1,0,0
1523,25.40872,free_swing,556,489,719,439,-34.276,107.053,0,-223.01,36.85,1,170.50,22.46,2500,1,0,0
1524,25.4254,free_swing,542,488,705,467,-37.799,97.341,0,-228.49,-7.74,1,164.35,18.05,2500,0,0,0
1525,25.44208,free_swing,528,483,690,459,-41.798,98.427,0,-240.92,-153.98,1,163.77,17.63,2500,0,0,0
1526,25.45877,free_swing,514,476,674,458,-45.978,96.419,0,-249.75,206.18,1,161.01,15.65,2500,1,0,0
1527,25.47545,free_swing,499,469,666,431,-50.126,102.819,0,-250.43,33.77,1,171.27,23.02,2500,0,0,0
1528,25.49213,free_swing,486,460,652,425,-54.127,101.906,0,-243.38,-119.06,1,169.65,21.85,2500,0,0,0
1529,25.50882,free_swing,474,449,638,440,-58.241,93.141,0,-218.79,-460.96,1,164.25,17.97,2500,1,0,0
1530,25.5255,free_swing,464,440,618,442,-61.511,89.256,0,-180.94,-646.83,1,154.01,10.62,2500,0,0,0
1531,25.54218,free_swing,458,432,603,474,-63.997,73.846,0,-129.41,-621.62,0,150.96,8.43,2500,0,0,0
1532,25.55887,free_swing,453,426,582,492,-65.886,62.904,0,-76.44,-719.71,0,144.90,4.08,2500,0,0,0
1533,25.57555,free_swing,451,424,570,502,-66.541,56.757,0,-10.44,-679.18,0,142.28,2.20,2500,0,0,0
1534,25.59223,free_swing,452,425,549,539,-66.214,40.394,0,53.57,-188.84,1,149.68,7.51,2500,1,0,0
1535,25.60892,free_swing,456,430,542,545,-64.666,36.790,0,114.56,-316.60,0,143.60,3.14,2500,0,0,0
1536,25.6256,free_swing,462,437,543,513,-62.418,46.824,0,178.48,-649.73,1,111.07,20.22,2500,1,0,0
1537,25.64228,free_swing,472,448,491,578,-58.728,8.315,0,256.95,-1431.51,1,131.38,5.63,2500,1,0,0
1538,25.65897,free_swing,487,460,471,587,-53.973,-7.181,0,340.38,-1784.12,1,128.00,8.06,2500,1,0,0
1539,25.67565,free_swing,508,473,452,542,-47.708,-39.063,0,368.19,-1236.44,1,88.87,36.17,2500,1,0,0
1540,25.69233,free_swing,529,484,434,540,-41.399,-59.482,0,338.31,-1381.65,1,110.28,20.79,2500,0,0,0
1541,25.70902,free_swing,547,488,428,529,-36.634,-70.989,0,281.75,-721.42,1,125.87,9.59,2500,1,0,0
1542,25.7257,free_swing,563,490,455,478,-32.330,-96.340,0,238.18,-497.66,1,108.66,21.95,2500,1,0,0
1543,25.74238,free_swing,577,492,430,509,-28.258,-83.403,0,231.11,-375.09,0,147.98,6.29,2500,0,0,0
1544,25.75907,free_swing,590,491,453,463,-24.661,-101.551,0,243.22,-204.75,0,139.83,0.44,2500,0,0,0
1545,25.77575,free_swing,605,490,469,454,-20.158,-104.826,0,280.32,-491.17,1,140.68,1.05,2500,1,0,0
1546,25.79243,free_swing,621,487,479,450,-15.161,-104.604,0,322.06,-53.39,1,146.74,5.40,2500,1,0,0
1547,25.80912,free_swing,638,482,507,425,-9.462,-113.515,0,344.36,171.52,1,142.86,2.62,2500,1,0,0
1548,25.8258,free_swing,654,475,502,442,-3.601,-102.249,0,361.95,117.31,1,155.54,11.72,2500,0,0,0
1549,25.84248,free_swing,669,467,517,445,2.545,-98.236,0,386.05,91.24,1,153.58,10.32,2500,0,0,0
1550,25.85917,free_swing,683,456,551,413,9.162,-108.043,0,414.91,179.53,0,138.83,0.28,2500,0,0,0
1551,25.87585,free_swing,696,444,558,426,16.417,-97.431,0,442.87,115.91,0,139.17,0.04,2500,0,0,0
1552,25.89253,free_swing,707,433,570,437,23.540,-88.328,0,415.36,65.80,0,137.06,1.55,2500,0,0,0
1553,25.90922,free_swing,716,422,606,396,30.493,-103.299,0,356.94,266.70,1,113.03,18.81,2500,1,0,0
1554,25.9259,free_swing,720,414,614,418,34.804,-87.839,0,229.69,776.32,1,106.08,23.81,2500,1,0,0
1555,25.94258,free_swing,724,409,618,459,38.387,-64.747,0,84.24,995.73,1,117.20,15.82,2500,1,0,0
1556,25.95927,free_swing,723,410,636,464,37.569,-58.173,0,-57.01,430.17,1,102.40,26.45,2500,1,0,0
1557,25.97595,free_swing,722,413,647,471,36.069,-52.284,0,-189.79,408.64,1,94.81,31.90,2500,0,0,0
1558,25.99263,free_swing,718,421,665,474,31.715,-45.000,0,-306.95,825.66,1,74.95,46.16,2500,1,0,0
1559,26.00932,free_swing,711,431,678,512,25.866,-22.166,0,-424.29,1242.54,1,87.46,37.18,2500,1,0,0
1560,26.026,free_swing,698,443,696,519,17.501,-1.507,0,-519.43,1811.05,1,76.03,45.39,2500,1,0,0
1561,26.04268,free_swing,683,458,722,527,9.019,29.476,0,-570.24,1993.47,1,79.26,43.07,2500,0,0,0
1562,26.05937,free_swing,660,473,747,508,-1.219,68.085,0,-542.73,1398.75,1,93.78,32.64,2500,1,0,0
1563,26.07605,free_swing,638,483,748,498,-9.401,82.235,0,-461.69,439.91,1,111.02,20.26,2500,1,0,0
1564,26.09273,free_swing,618,488,746,521,-16.091,75.543,0,-352.99,194.13,1,132.19,5.05,2500,1,0,0
1565,26.10942,free_swing,601,491,742,505,-21.303,84.330,0,-288.23,458.20,1,141.69,1.77,2500,1,0,0
1566,26.1261,free_swing,586,491,733,462,-25.840,101.160,0,-257.71,417.59,0,149.83,7.62,2500,0,0,0
1567,26.14278,free_swing,571,492,729,468,-29.899,98.637,0,-247.10,223.70,1,159.81,14.79,2500,0,0,0
1568,26.15947,free_swing,556,489,712,467,-34.276,98.027,0,-247.50,10.27,1,157.54,13.16,2500,1,0,0
1569,26.17615,free_swing,541,487,707,431,-38.206,108.642,0,-255.51,42.25,1,175.19,25.84,2500,0,0,0
1570,26.19283,free_swing,526,481,685,457,-42.597,98.584,0,-253.53,-75.44,1,160.80,15.50,2500,0,0,0
1571,26.20952,free_swing,511,474,672,443,-46.948,100.899,0,-254.00,-15.34,1,163.96,17.77,2500,0,0,0
1572,26.2262,free_swing,497,467,660,434,-50.880,101.445,0,-247.18,55.38,1,166.31,19.45,2500,0,0,0
1573,26.24288,free_swing,484,457,648,419,-55.072,103.046,0,-240.58,-321.80,1,168.34,20.92,2500,1,0,0
1574,26.25957,free_swing,472,447,629,443,-58.948,91.459,0,-213.57,-512.28,1,157.05,12.81,2500,0,0,0
1575,26.27625,free_swing,462,438,619,460,-62.194,82.023,0,-167.59,-694.15,1,158.53,13.87,2500,0,0,0
1576,26.29293,free_swing,457,431,596,465,-64.332,76.255,0,-107.73,-115.16,1,143.10,2.78,2500,1,0,0
1577,26.30962,free_swing,453,426,578,480,-65.886,66.636,0,-54.58,-266.88,0,136.17,2.20,2500,0,0,0
1578,26.3263,free_swing,452,426,576,441,-65.987,83.103,0,6.62,460.46,1,124.90,10.28,2500,1,0,0
1579,26.34298,free_swing,453,427,553,487,-65.659,59.036,0,81.20,-304.16,1,116.62,16.24,2500,1,0,0
1580,26.35967,free_swing,459,434,574,433,-63.435,90.498,0,158.70,-1317.68,1,115.00,17.40,2500,1,0,0
1581,26.37635,free_swing,468,444,499,543,-60.129,17.387,0,241.60,-1820.44,1,103.74,25.49,2500,1,0,0
1582,26.39303,free_swing,482,456,486,515,-55.586,3.879,0,318.00,-2643.27,1,59.14,57.52,2500,1,0,1
1583,26.40972,free_swing,500,469,466,522,-49.953,-32.681,0,350.44,-1588.05,1,62.97,54.77,2500,1,0,0
1584,26.4264,free_swing,521,481,453,497,-43.622,-76.759,0,323.45,-1716.70,1,69.86,49.82,2500,0,0,0
1585,26.44308,free_swing,538,485,427,510,-39.249,-77.307,0,260.87,-1079.12,1,113.78,18.27,2500,1,0,0
1586,26.45977,free_swing,552,489,451,458,-35.261,-107.063,0,216.39,-489.64,1,105.65,24.11,2500,1,0,0
1587,26.47645,free_swing,565,490,445,446,-31.809,-110.136,0,207.35,-349.37,0,127.81,8.20,2500,0,0,0
1588,26.49313,free_swing,578,491,443,453,-28.129,-105.721,0,222.15,11.77,1,140.25,0.74,2500,1,0,0
1589,26.50982,free_swing,591,490,460,432,-24.499,-113.881,0,258.56,-276.98,1,143.27,2.90,2500,1,0,0
1590,26.5265,free_swing,607,490,484,425,-19.516,-117.854,0,291.30,-407.31,0,139.12,0.07,2500,0,0,0
1591,26.54318,free_swing,623,487,498,408,-14.470,-122.293,0,319.14,23.25,1,147.87,6.21,2500,1,0,0
1592,26.55987,free_swing,639,481,515,400,-9.150,-123.154,0,335.33,372.62,1,148.11,6.38,2500,1,0,0
1593,26.57655,free_swing,655,474,513,429,-3.225,-107.583,0,358.39,400.23,0,148.96,6.99,2500,0,0,0
1594,26.59323,free_swing,670,465,524,426,3.013,-104.956,0,400.55,260.45,0,151.12,8.54,2500,0,0,0
1595,26.60992,free_swing,684,455,550,414,9.689,-107.013,0,437.55,0.71,1,140.13,0.65,2500,1,0,0
1596,26.6266,free_swing,698,442,565,419,17.650,-99.811,0,447.64,233.86,1,134.97,3.05,2500,1,0,0
1597,26.64328,free_swing,708,430,582,409,24.664,-99.462,0,412.28,616.46,1,127.74,8.25,2500,1,0,0
1598,26.65997,free_swing,716,421,579,433,30.774,-84.994,0,311.03,485.10,0,137.52,1.22,2500,0,0,0
1599,26.67665,free_swing,721,414,598,455,35.272,-71.565,0,187.41,630.00,0,129.65,6.87,2500,0,0,0
1600,26.69333,free_swing,722,411,612,439,36.754,-75.719,0,32.01,386.43,1,113.51,18.47,2500,1,0,0
1601,26.71002,free_swing,722,412,618,491,36.409,-52.779,0,-98.97,662.20,1,130.60,6.19,2500,1,0,0
1602,26.7267,free_swing,719,417,654,465,33.378,-53.556,0,-206.51,841.56,1,80.80,41.96,2500,0,0,0
1603,26.74338,free_swing,715,424,649,548,29.476,-28.025,0,-318.07,793.28,0,140.47,0.90,2500,0,0,0
1604,26.76007,free_swing,707,435,673,526,23.131,-20.487,0,-436.25,1098.61,1,97.14,30.22,2500,1,0,0
1605,26.77675,free_swing,694,448,696,551,14.962,1.112,0,-546.63,1220.55,1,103.02,26.00,2500,0,0,0
1606,26.79343,free_swing,675,464,716,556,5.194,24.020,0,-583.27,1487.94,1,100.72,27.65,2500,1,0,0
1607,26.81012,free_swing,652,477,739,549,-4.338,50.389,0,-530.20,1529.63,1,112.93,18.89,2500,0,0,0
1608,26.8268,free_swing,629,486,738,527,-12.450,69.386,0,-424.97,1001.61,1,116.46,16.35,2500,1,0,0
1609,26.84348,free_swing,611,489,743,486,-18.325,91.302,0,-333.19,479.62,1,132.03,5.16,2500,1,0,0
1610,26.86017,free_swing,594,491,735,512,-23.459,81.529,0,-280.95,165.12,1,142.56,2.39,2500,1,0,0
1611,26.87685,free_swing,578,492,724,485,-27.979,92.745,0,-259.51,55.32,0,146.17,4.99,2500,0,0,0
1612,26.89353,free_swing,563,491,715,482,-32.167,93.389,0,-242.17,354.81,1,152.27,9.37,2500,1,0,0
1613,26.91022,free_swing,549,488,708,472,-36.158,95.746,0,-240.93,136.33,1,159.80,14.78,2500,1,0,0
1614,26.9269,free_swing,534,485,695,446,-40.135,103.617,0,-244.30,108.60,1,165.66,18.99,2500,0,0,0
1615,26.94358,free_swing,520,478,677,454,-44.405,98.691,0,-248.81,57.43,1,158.82,14.08,2500,0,0,0
1616,26.96027,free_swing,505,472,666,442,-48.457,100.555,0,-252.41,-75.51,1,163.77,17.63,2500,0,0,0
1617,26.97695,free_swing,490,464,651,431,-52.656,101.583,0,-248.34,-258.87,1,164.35,18.05,2500,0,0,0
1618,26.99363,free_swing,478,453,640,447,-56.813,92.121,0,-237.80,-412.48,1,162.11,16.44,2500,0,0,0
1619,27.01032,free_swing,467,443,625,463,-60.476,82.786,0,-207.82,-429.28,1,159.26,14.39,2500,0,0,0
1620,27.027,free_swing,459,433,609,453,-63.660,82.405,0,-162.96,-251.40,0,151.33,8.69,2500,0,0,0
1621,27.04368,free_swing,453,426,594,470,-65.886,72.669,0,-103.67,-398.94,0,147.71,6.09,2500,0,0,0
1622,27.06037,free_swing,450,422,577,471,-67.094,68.902,0,-35.45,-676.45,1,136.12,2.23,2500,1,0,0
1623,27.07705,free_swing,450,422,561,508,-67.094,52.232,0,19.06,-815.39,0,140.42,0.86,2500,0,0,0
1624,27.09373,free_swing,452,425,535,525,-66.214,39.693,0,78.90,-636.18,0,129.96,6.65,2500,0,0,0
1625,27.11042,free_swing,456,430,520,550,-64.666,28.072,0,146.19,-575.59,0,136.00,2.31,2500,0,0,0
1626,27.1271,free_swing,466,440,512,537,-61.267,25.372,0,237.35,-899.34,1,107.35,22.89,2500,1,0,0
1627,27.14378,free_swing,478,453,474,565,-56.813,-2.045,0,326.98,-1345.27,1,112.07,19.50,2500,1,0,0
1628,27.16047,free_swing,497,468,453,566,-50.673,-24.179,0,368.56,-1325.98,1,107.42,22.84,2500,0,0,0
1629,27.17715,free_swing,519,479,436,549,-44.409,-49.857,0,350.94,-2166.69,1,108.58,22.01,2500,1,0,0
1630,27.19383,free_swing,538,486,432,522,-39.066,-71.241,0,296.27,-1968.05,1,111.95,19.59,2500,0,0,0
1631,27.21052,free_swing,554,489,485,410,-34.771,-138.865,0,244.72,-642.07,1,104.89,24.66,2500,1,0,0
1632,27.2272,free_swing,569,491,455,468,-30.591,-101.407,0,241.00,207.86,1,116.30,16.47,2500,1,0,0
1633,27.24388,free_swing,582,492,446,478,-26.851,-95.877,0,268.65,72.18,0,136.72,1.80,2500,0,0,0
1634,27.26057,free_swing,600,491,486,422,-21.615,-121.185,0,303.15,-547.20,1,133.26,4.29,2500,1,0,0
1635,27.27725,free_swing,617,488,507,401,-16.429,-128.341,0,329.53,-254.18,1,140.25,0.74,2500,1,0,0
1636,27.29393,free_swing,634,483,486,443,-10.871,-105.124,0,332.93,79.74,1,153.31,10.12,2500,1,0,0
1637,27.31062,free_swing,650,476,537,377,-5.159,-131.222,0,352.18,97.47,0,150.23,7.91,2500,0,0,0
1638,27.3273,free_swing,665,469,536,400,0.836,-118.142,0,385.46,-3.44,0,146.29,5.08,2500,0,0,0
1639,27.34398,free_swing,680,459,544,411,7.624,-109.440,0,430.25,339.57,1,144.22,3.59,2500,1,0,0
1640,27.36067,free_swing,694,446,570,384,15.213,-116.565,0,470.85,313.83,0,138.64,0.42,2500,0,0,0
1641,27.37735,free_swing,706,433,580,399,23.062,-105.101,0,469.90,596.16,1,130.51,6.26,2500,1,0,0
1642,27.39403,free_swing,716,421,577,430,30.774,-86.295,0,416.61,780.21,0,139.29,0.05,2500,0,0,0
1643,27.41072,free_swing,722,411,604,426,36.754,-82.755,0,306.76,680.34,1,118.95,14.56,2500,0,0,0
1644,27.4274,free_swing,726,405,610,445,40.795,-70.974,0,158.48,295.28,1,122.70,11.87,2500,1,0,0
1645,27.44408,free_swing,727,403,627,459,42.032,-60.751,0,1.85,71.78,1,114.61,17.68,2500,1,0,0
1646,27.46077,free_swing,726,405,653,430,40.795,-71.095,0,-146.32,417.75,1,77.16,44.58,2500,1,0,0
1647,27.47745,free_swing,723,411,664,449,37.216,-57.216,0,-273.38,1085.53,1,70.18,49.59,2500,1,0,0
1648,27.49413,free_swing,717,419,668,537,31.827,-22.551,0,-370.40,1596.04,1,127.77,8.23,2500,1,0,0
1649,27.51082,free_swing,709,432,701,511,24.702,-5.782,0,-473.01,1382.63,1,79.40,42.97,2500,1,0,0
1650,27.5275,free_swing,697,446,723,531,16.607,17.008,0,-565.61,1260.26,1,88.89,36.15,2500,0,0,0
1651,27.54418,free_swing,677,462,740,542,6.147,38.220,0,-597.51,1208.52,1,101.83,26.86,2500,0,0,0
1652,27.56087,free_swing,654,476,760,538,-3.576,59.676,0,-538.19,1021.79,1,122.80,11.80,2500,0,0,0
1653,27.57755,free_swing,632,485,766,538,-11.454,68.420,0,-414.77,701.86,1,144.10,3.50,2500,1,0,0
1654,27.59423,free_swing,614,489,763,502,-17.333,85.014,0,-325.24,505.57,0,149.57,7.43,2500,0,0,0
1655,27.61092,free_swing,598,491,745,502,-22.235,85.721,0,-277.70,299.59,1,147.41,5.88,2500,1,0,0
1656,27.6276,free_swing,582,492,739,480,-26.851,94.371,0,-257.99,219.19,1,157.46,13.10,2500,0,0,0
1657,27.64428,free_swing,568,490,726,482,-31.017,92.899,0,-252.72,200.36,1,158.20,13.63,2500,0,0,0
1658,27.66097,free_swing,553,488,713,455,-35.189,101.654,0,-258.04,52.29,1,163.37,17.34,2500,0,0,0
1659,27.67765,free_swing,536,485,694,468,-39.695,96.141,0,-269.46,-65.67,1,158.91,14.14,2500,0,0,0
1660,27.69433,free_swing,521,478,677,457,-44.204,97.667,0,-269.31,5.78,1,157.41,13.06,2500,0,0,0
1661,27.71102,free_swing,505,471,664,459,-48.660,94.316,0,-262.34,-61.74,1,159.45,14.53,2500,0,0,0
1662,27.7277,free_swing,490,463,659,431,-52.866,100.722,0,-252.40,-193.60,1,172.00,23.55,2500,0,0,0
1663,27.74438,free_swing,478,452,634,468,-57.031,84.144,0,-237.18,-426.13,1,156.82,12.64,2500,1,0,0
1664,27.76107,free_swing,467,442,626,456,-60.698,84.968,0,-202.21,-734.81,1,159.62,14.65,2500,1,0,0
1665,27.77775,free_swing,458,433,599,491,-63.771,67.640,0,-147.18,-516.75,1,152.46,9.51,2500,1,0,0
1666,27.79443,free_swing,454,427,577,509,-65.556,56.310,0,-85.38,-606.30,0,147.83,6.18,2500,0,0,0
1667,27.81112,free_swing,452,424,560,497,-66.442,55.944,0,-14.41,-555.43,0,130.36,6.37,2500,0,0,0
1668,27.8278,free_swing,452,425,538,535,-66.214,38.019,0,49.52,-687.34,0,139.63,0.29,2500,0,0,0
1669,27.84448,free_swing,457,430,514,546,-64.558,26.169,0,126.67,-765.64,0,129.25,7.16,2500,0,0,0
1670,27.86117,free_swing,463,438,499,559,-62.076,16.569,0,213.55,-804.89,0,126.24,9.32,2500,0,0,0
1671,27.87785,free_swing,475,451,474,553,-57.667,-0.562,0,299.43,-1316.58,1,102.00,26.73,2500,1,0,0
1672,27.89453,free_swing,492,465,449,553,-52.125,-26.042,0,347.94,-1572.38,1,97.94,29.65,2500,1,0,0
1673,27.91122,free_swing,513,476,429,533,-46.169,-55.840,0,329.70,-1448.04,1,101.51,27.09,2500,0,0,0
1674,27.9279,free_swing,530,484,422,518,-41.186,-72.525,0,275.75,-1113.64,1,113.23,18.67,2500,1,0,0
1675,27.94458,free_swing,545,488,424,487,-37.104,-90.474,0,225.41,-907.72,1,121.00,13.09,2500,1,0,0
1676,27.96127,free_swing,558,490,438,462,-33.606,-103.134,0,204.44,-594.12,1,123.22,11.49,2500,1,0,0
1677,27.97795,free_swing,571,491,449,437,-30.054,-113.875,0,231.77,-214.77,1,133.42,4.17,2500,1,0,0
1678,27.99463,free_swing,585,491,448,441,-26.131,-110.050,0,266.16,-423.15,1,145.84,4.75,2500,1,0,0
1679,28.01132,free_swing,603,490,473,420,-20.794,-118.301,0,301.91,-206.88,1,147.65,6.05,2500,1,0,0
1680,28.028,free_swing,618,488,509,381,-16.091,-134.469,0,326.84,-362.75,0,152.74,9.71,2500,0,0,0
1681,28.04468,free_swing,636,482,493,410,-10.204,-116.725,0,338.25,-48.32,1,160.10,15.00,2500,1,0,0
1682,28.06137,free_swing,652,476,535,352,-4.368,-136.664,0,363.71,265.51,1,170.48,22.45,2500,1,0,0
1683,28.07805,free_swing,667,467,533,385,1.697,-121.464,0,391.70,-74.75,1,157.10,12.84,2500,1,0,0
1684,28.09473,free_swing,682,457,542,388,8.643,-116.237,0,442.38,496.06,1,156.08,12.11,2500,1,0,0
1685,28.11142,free_swing,696,444,579,359,16.417,-125.998,0,478.80,418.01,0,144.62,3.87,2500,0,0,0
1686,28.1281,free_swing,708,431,558,419,24.444,-94.574,0,469.40,765.90,1,150.48,8.09,2500,1,0,0
1687,28.14478,free_swing,717,419,587,407,31.827,-95.274,0,391.81,759.01,0,130.55,6.23,2500,0,0,0
1688,28.16147,free_swing,723,410,586,435,37.569,-79.658,0,282.07,365.13,1,139.26,0.03,2500,1,0,0
1689,28.17815,free_swing,725,404,606,435,40.732,-75.399,0,145.07,472.50,1,122.97,11.67,2500,0,0,0
1690,28.19483,free_swing,727,402,619,446,42.436,-67.834,0,-8.74,296.64,1,116.62,16.24,2500,0,0,0
1691,28.21152,free_swing,726,405,636,453,40.795,-61.928,0,-156.05,619.39,1,102.00,26.74,2500,1,0,0
1692,28.2282,free_swing,723,412,651,468,36.870,-52.125,0,-287.34,703.04,1,91.21,34.48,2500,0,0,0
1693,28.24488,free_swing,717,420,655,517,31.535,-32.586,0,-356.45,717.84,1,115.12,17.31,2500,0,0,0
1694,28.26157,free_swing,709,432,678,495,24.702,-26.200,0,-445.32,871.96,1,70.21,49.57,2500,0,0,0
1695,28.27825,free_swing,698,445,686,568,17.210,-5.572,0,-559.01,2369.91,1,123.58,11.23,2500,1,0,0
1696,28.29493,free_swing,678,461,720,521,6.633,34.992,0,-616.13,2720.05,1,73.24,47.39,2500,1,0,1
1697,28.31162,free_swing,653,476,733,450,-3.972,108.004,0,-574.85,1468.29,1,84.12,39.58,2500,1,0,0
1698,28.3283,free_swing,630,486,735,496,-12.095,84.560,0,-452.45,127.54,1,105.48,24.24,2500,1,0,0
1699,28.34498,free_swing,610,489,744,502,-18.654,84.459,0,-350.04,-248.02,1,134.63,3.30,2500,1,0,0
1700,28.36167,free_swing,592,491,732,471,-24.063,98.130,0,-292.75,400.38,1,141.42,1.58,2500,1,0,0
1701,28.37835,free_swing,576,492,725,465,-28.535,100.271,0,-264.86,177.76,1,151.43,8.77,2500,1,0,0
1702,28.39503,free_swing,561,490,710,478,-32.845,94.604,0,-254.61,-3.28,0,149.48,7.37,2500,0,0,0
1703,28.41172,free_swing,545,487,704,448,-37.282,103.782,0,-257.13,46.62,1,163.71,17.59,2500,0,0,0
1704,28.4284,free_swing,530,483,692,454,-41.373,100.149,0,-257.19,106.03,1,164.58,18.21,2500,0,0,0
1705,28.44508,free_swing,515,476,677,446,-45.785,100.491,0,-250.59,79.29,1,164.75,18.34,2500,0,0,0
1706,28.46177,free_swing,500,469,670,425,-49.953,104.511,0,-253.07,-151.32,1,175.60,26.13,2500,1,0,0
1707,28.47845,free_swing,486,461,653,427,-53.915,101.508,0,-247.85,-321.17,1,170.43,22.41,2500,0,0,0
1708,28.49513,free_swing,474,449,627,465,-58.241,84.030,0,-230.69,-620.51,1,153.83,10.50,2500,1,0,0
1709,28.51182,free_swing,464,439,618,449,-61.734,86.285,0,-196.01,-712.05,1,154.32,10.85,2500,0,0,0
1710,28.5285,free_swing,456,431,597,499,-64.440,64.253,0,-138.45,-634.06,1,156.54,12.44,2500,0,0,0
1711,28.54518,free_swing,452,424,575,506,-66.442,56.310,0,-73.62,-593.82,0,147.83,6.18,2500,0,0,0
1712,28.56187,free_swing,451,422,560,511,-66.997,50.768,0,-14.97,-398.05,0,140.72,1.08,2500,0,0,0
1713,28.57855,free_swing,451,424,543,525,-66.541,42.330,0,50.44,-646.58,1,136.62,1.87,2500,1,0,0
1714,28.59523,free_swing,454,427,518,547,-65.556,28.072,0,122.48,-768.66,0,136.00,2.31,2500,0,0,0
1715,28.61192,free_swing,461,437,496,565,-62.534,15.293,0,208.53,-681.15,0,132.70,4.69,2500,0,0,0
1716,28.6286,free_swing,473,449,479,562,-58.376,3.039,0,298.31,-1133.07,1,113.16,18.72,2500,1,0,0
1717,28.64528,free_swing,489,463,472,534,-53.025,-13.465,0,351.53,-1621.40,1,73.01,47.56,2500,1,0,0
1718,28.66197,free_swing,511,475,471,503,-46.747,-55.008,0,347.95,-1447.93,1,48.83,64.93,2500,0,0,0
1719,28.67865,free_swing,530,484,442,516,-41.186,-70.017,0,302.20,-1028.40,1,93.64,32.74,2500,1,0,0
1720,28.69533,free_swing,546,487,423,520,-37.047,-74.982,0,245.90,-590.32,1,127.35,8.53,2500,1,0,0
1721,28.71202,free_swing,561,490,441,480,-32.845,-94.764,0,236.54,-606.58,1,120.42,13.51,2500,0,0,0
1722,28.7287,free_swing,574,492,442,467,-29.085,-100.724,0,256.83,-484.84,0,134.35,3.50,2500,0,0,0
1723,28.74538,free_swing,591,492,458,456,-24.228,-105.146,0,291.50,-479.98,0,137.79,1.03,2500,0,0,0
1724,28.76207,free_swing,608,489,473,429,-19.306,-113.962,0,321.49,-190.67,1,147.73,6.11,2500,1,0,0
1725,28.77875,free_swing,626,486,508,408,-13.510,-123.465,0,333.87,-62.84,0,141.45,1.60,2500,0,0,0
1726,28.79543,free_swing,642,480,495,439,-8.076,-105.584,0,346.77,-1.78,0,152.61,9.62,2500,0,0,0
1727,28.81212,free_swing,658,473,532,396,-2.031,-121.430,0,370.75,112.14,0,147.67,6.06,2500,0,0,0
1728,28.8288,free_swing,673,464,539,398,4.332,-116.222,0,419.78,-24.24,0,149.37,7.29,2500,0,0,0
1729,28.84548,free_swing,688,452,548,411,11.768,-106.323,0,446.94,409.90,1,145.88,4.78,2500,1,0,0
1730,28.86217,free_swing,701,439,580,392,19.552,-111.228,0,470.25,288.47,0,129.81,6.76,2500,0,0,0
1731,28.87885,free_swing,711,427,582,413,26.806,-96.194,0,454.30,375.93,0,129.76,6.80,2500,0,0,0
1732,28.89553,free_swing,720,415,602,407,34.479,-93.879,0,369.02,572.78,1,118.27,15.05,2500,0,0,0
1733,28.91222,free_swing,725,407,614,423,39.579,-81.798,0,237.85,1072.70,1,112.15,19.45,2500,1,0,0
1734,28.9289,free_swing,726,403,624,445,41.583,-67.620,0,66.61,252.64,1,110.31,20.77,2500,1,0,0
1735,28.94558,free_swing,727,403,634,496,42.032,-45.000,0,-76.60,-48.25,1,131.52,5.53,2500,1,0,0
1736,28.96227,free_swing,725,408,670,407,39.207,-91.042,0,-202.62,442.84,1,55.01,60.49,2500,1,0,0
1737,28.97895,free_swing,721,415,684,461,34.946,-38.811,0,-327.83,1371.02,1,59.03,57.60,2500,1,0,0
1738,28.99563,free_swing,714,425,686,526,28.740,-15.495,0,-432.65,2149.65,1,104.81,24.72,2500,1,0,0
1739,29.01232,free_swing,703,439,717,531,20.497,8.653,0,-542.89,1131.58,1,93.06,33.16,2500,1,0,0
1740,29.029,free_swing,687,455,737,532,11.041,32.998,0,-594.60,1492.81,1,91.81,34.06,2500,1,0,0
1741,29.04568,free_swing,665,471,747,547,0.824,47.175,0,-558.20,1230.88,1,111.80,19.69,2500,1,0,0
1742,29.06237,free_swing,643,481,764,497,-7.645,82.467,0,-458.32,762.31,1,122.05,12.33,2500,1,0,0
1743,29.07905,free_swing,624,487,763,522,-14.123,75.867,0,-347.11,457.20,1,143.34,2.96,2500,1,0,0
1744,29.09573,free_swing,608,489,752,503,-19.306,84.447,0,-286.69,210.99,1,144.68,3.92,2500,1,0,0
1745,29.11242,free_swing,593,491,743,477,-23.762,95.332,0,-264.89,502.62,1,150.65,8.21,2500,1,0,0
1746,29.1291,free_swing,577,492,736,471,-28.258,97.524,0,-258.99,328.69,1,160.38,15.20,2500,0,0,0
1747,29.14578,free_swing,562,490,722,450,-32.588,104.036,0,-260.36,175.96,1,164.92,18.46,2500,0,0,0
1748,29.16247,free_swing,546,488,706,440,-36.870,106.699,0,-264.07,-18.48,1,167.04,19.98,2500,0,0,0
1749,29.17915,free_swing,529,484,688,445,-41.399,103.782,0,-271.23,-26.84,1,163.71,17.59,2500,0,0,0
1750,29.19583,free_swing,514,476,672,446,-45.978,100.751,0,-277.92,39.83,1,160.82,15.51,2500,0,0,0
1751,29.21252,free_swing,498,468,664,414,-50.503,108.020,0,-268.89,-225.25,1,174.56,25.38,2500,1,0,0
1752,29.2292,free_swing,483,458,639,433,-55.008,99.105,0,-248.31,-394.80,1,157.99,13.48,2500,0,0,0
1753,29.24588,free_swing,472,448,627,463,-58.728,84.472,0,-217.89,-595.67,1,155.72,11.85,2500,1,0,0
1754,29.26257,free_swing,463,438,614,447,-62.076,86.589,0,-176.73,-203.26,1,151.27,8.65,2500,1,0,0
1755,29.27925,free_swing,456,430,599,471,-64.666,74.002,0,-121.57,-333.85,0,148.76,6.85,2500,0,0,0
1756,29.29593,free_swing,453,425,589,454,-66.114,77.963,0,-50.46,-561.38,1,139.06,0.12,2500,1,0,0
1757,29.31262,free_swing,452,425,560,501,-66.214,54.866,0,26.31,-661.74,0,132.06,5.14,2500,0,0,0
1758,29.3293,free_swing,455,428,536,496,-65.225,49.986,0,104.83,-1047.01,1,105.76,24.04,2500,1,0,0
1759,29.34598,free_swing,461,436,516,532,-62.758,29.809,0,188.79,-1137.37,1,110.64,20.53,2500,0,0,0
1760,29.36267,free_swing,472,447,481,557,-58.948,4.677,0,277.68,-1296.22,1,110.37,20.73,2500,0,0,0
1761,29.37935,free_swing,487,461,462,553,-53.760,-15.202,0,339.00,-1650.86,1,95.34,31.52,2500,1,0,0
1762,29.39603,free_swing,508,473,438,564,-47.708,-37.569,0,346.21,-1766.05,1,114.81,17.54,2500,0,0,0
1763,29.41272,free_swing,527,482,448,492,-42.198,-82.786,0,304.88,-1361.15,1,79.63,42.80,2500,1,0,0
1764,29.4294,free_swing,543,487,441,489,-37.747,-88.877,0,249.85,-965.04,1,102.02,26.72,2500,1,0,0
1765,29.44608,free_swing,557,490,440,478,-33.857,-95.856,0,213.41,-369.21,1,117.61,15.52,2500,1,0,0
1766,29.46277,free_swing,570,491,458,436,-30.324,-116.154,0,226.09,-144.36,1,124.78,10.38,2500,1,0,0
1767,29.47945,free_swing,583,492,441,455,-26.565,-104.604,0,265.08,-207.27,0,146.74,5.40,2500,0,0,0
1768,29.49613,free_swing,601,491,452,450,-21.303,-105.385,0,310.23,-317.51,1,154.54,11.00,2500,0,0,0
1769,29.51282,free_swing,618,488,500,394,-16.091,-128.541,0,324.87,-328.31,0,150.86,8.36,2500,0,0,0
1770,29.5295,free_swing,635,483,509,409,-10.505,-120.426,0,329.29,100.17,1,146.12,4.96,2500,1,0,0
1771,29.54618,free_swing,650,476,509,421,-5.159,-111.309,0,356.34,443.33,1,151.35,8.71,2500,1,0,0
1772,29.56287,free_swing,666,468,528,408,1.264,-113.499,0,387.51,383.02,0,150.48,8.09,2500,0,0,0
1773,29.57955,free_swing,681,459,534,425,8.067,-103.023,0,426.26,247.22,0,150.88,8.37,2500,0,0,0
1774,29.59623,free_swing,694,446,541,435,15.213,-94.112,0,456.09,379.59,1,153.39,10.18,2500,0,0,0
1775,29.61292,free_swing,706,433,572,410,23.062,-99.739,0,464.42,355.75,0,135.96,2.34,2500,0,0,0
1776,29.6296,free_swing,716,421,572,443,30.774,-81.314,0,433.98,474.17,0,145.67,4.63,2500,0,0,0
1777,29.64628,free_swing,722,410,586,441,37.104,-77.159,0,339.01,602.33,0,139.49,0.19,2500,0,0,0
1778,29.66297,free_swing,726,402,609,447,41.987,-68.962,0,201.95,516.14,0,125.36,9.96,2500,0,0,0
1779,29.67965,free_swing,728,400,615,472,43.708,-57.496,0,20.85,570.19,0,133.99,3.76,2500,0,0,0
1780,29.69633,free_swing,728,402,627,493,42.879,-47.981,0,-145.54,360.22,1,135.95,2.35,2500,1,0,0
1781,29.71302,free_swing,724,408,650,482,38.752,-45.000,0,-257.16,456.61,1,104.65,24.83,2500,0,0,0
1782,29.7297,free_swing,720,416,668,485,34.160,-37.003,0,-334.01,733.08,1,86.40,37.94,2500,1,0,0
1783,29.74638,free_swing,713,426,677,554,28.009,-15.709,0,-416.70,1154.13,1,132.97,4.49,2500,1,0,0
1784,29.76307,free_swing,703,440,703,531,20.323,0.000,0,-537.83,1293.96,1,91.00,34.64,2500,0,0,0
1785,29.77975,free_swing,686,456,729,545,10.508,25.787,0,-605.97,1311.13,1,98.84,29.00,2500,0,0,0
1786,29.79643,free_swing,663,472,742,552,0.000,44.640,0,-577.79,1233.50,1,112.43,19.24,2500,0,0,0
1787,29.81312,free_swing,640,483,758,536,-8.661,65.813,0,-467.51,1083.22,0,129.36,7.09,2500,0,0,0
1788,29.8298,free_swing,620,489,757,517,-15.317,78.449,0,-363.10,721.10,1,139.83,0.44,2500,1,0,0
1789,29.84648,free_swing,603,491,753,483,-20.674,93.053,0,-303.97,249.13,1,150.21,7.89,2500,1,0,0
1790,29.86317,free_swing,586,492,740,500,-25.699,87.026,0,-277.57,-31.16,1,154.21,10.76,2500,1,0,0
1791,29.87985,free_swing,571,491,729,494,-30.054,88.912,0,-261.70,-48.01,1,158.03,13.51,2500,0,0,0
1792,29.89653,free_swing,556,488,714,488,-34.446,90.000,0,-252.57,369.75,1,158.00,13.49,2500,1,0,0
1793,29.91322,free_swing,540,486,701,469,-38.614,96.028,0,-262.98,193.12,1,161.90,16.28,2500,0,0,0
1794,29.9299,free_swing,524,481,690,438,-43.011,104.522,0,-266.90,186.26,1,171.48,23.17,2500,0,0,0
1795,29.94658,free_swing,508,473,675,460,-47.708,94.451,0,-263.85,69.97,1,167.51,20.31,2500,0,0,0
1796,29.96327,free_swing,494,465,666,418,-51.798,105.283,0,-251.90,-339.17,1,178.31,28.07,2500,1,0,0
1797,29.97995,free_swing,480,456,650,439,-55.879,95.711,0,-239.81,-359.24,1,170.85,22.72,2500,0,0,0
1798,29.99663,free_swing,469,445,620,478,-59.780,77.672,0,-214.82,-650.47,1,154.56,11.02,2500,1,0,0
1799,30.01332,free_swing,460,435,617,456,-63.097,82.381,0,-162.73,-549.33,1,158.40,13.77,2500,0,0,0
1800,30.03,free_swing,454,429,587,495,-65.103,63.608,0,-97.84,-444.72,0,148.48,6.65,2500,0,0,0
1801,30.04668,free_swing,452,425,563,498,-66.214,56.669,0,-30.65,-474.05,0,132.85,4.58,2500,0,0,0
1802,30.06337,free_swing,452,425,559,502,-66.214,54.260,0,34.29,-620.77,0,131.83,5.31,2500,0,0,0
1803,30.08005,free_swing,455,429,534,518,-64.998,41.594,0,104.10,-514.05,1,119.00,14.52,2500,0,0,0
1804,30.09673,free_swing,462,436,500,544,-62.642,19.385,0,191.07,-829.57,1,114.49,17.76,2500,1,0,0
1805,30.11342,free_swing,472,447,504,511,-58.948,26.565,0,277.02,-1443.83,1,71.55,48.60,2500,1,0,0
1806,30.1301,free_swing,489,461,451,556,-53.448,-21.801,0,330.67,-1939.43,1,102.32,26.51,2500,1,0,0
1807,30.14678,free_swing,507,473,446,514,-47.891,-56.094,0,325.10,-2087.45,1,73.50,47.21,2500,0,0,0
1808,30.16347,free_swing,525,481,429,505,-42.805,-75.964,0,281.46,-1094.61,1,98.95,28.92,2500,1,0,0
1809,30.18015,free_swing,540,486,438,475,-38.614,-96.155,0,237.70,-597.76,1,102.59,26.31,2500,1,0,0
1810,30.19683,free_swing,554,489,424,470,-34.771,-98.315,0,210.72,-381.54,1,131.38,5.63,2500,1,0,0
1811,30.21352,free_swing,566,491,431,460,-31.386,-102.933,0,228.01,-19.66,1,138.51,0.51,2500,1,0,0
1812,30.2302,free_swing,580,492,439,443,-27.418,-109.163,0,269.90,-168.86,0,149.27,7.22,2500,0,0,0
1813,30.24688,free_swing,598,491,445,458,-22.235,-102.171,0,298.11,-395.57,1,156.52,12.42,2500,1,0,0
1814,30.26357,free_swing,615,488,484,415,-17.103,-119.129,0,315.21,-275.19,0,149.97,7.72,2500,0,0,0
1815,30.28025,free_swing,630,484,507,397,-12.249,-125.272,0,312.40,-447.06,0,150.66,8.21,2500,0,0,0
1816,30.29693,free_swing,647,478,504,405,-6.254,-117.044,0,344.45,-129.20,1,160.56,15.32,2500,1,0,0
1817,30.31362,free_swing,661,470,551,359,-0.830,-135.259,0,399.27,239.65,1,156.27,12.25,2500,1,0,0
1818,30.3303,free_swing,678,460,541,384,6.684,-119.019,0,447.53,505.06,1,156.67,12.53,2500,1,0,0
1819,30.34698,free_swing,693,448,547,413,14.500,-103.481,0,474.54,677.05,0,150.14,7.84,2500,0,0,0
1820,30.36367,free_swing,705,435,558,399,22.184,-103.761,0,451.29,213.97,1,151.34,8.71,2500,1,0,0
1821,30.38035,free_swing,714,423,578,405,29.268,-97.539,0,408.32,321.95,0,137.19,1.46,2500,0,0,0
1822,30.39703,free_swing,721,413,589,410,35.605,-91.302,0,319.09,668.80,1,132.03,5.16,2500,1,0,0
1823,30.41372,free_swing,725,406,592,439,39.958,-76.065,0,185.70,787.58,0,137.03,1.57,2500,0,0,0
1824,30.4304,free_swing,726,403,604,462,41.583,-64.191,0,22.95,685.53,0,135.52,2.66,2500,0,0,0
1825,30.44708,free_swing,726,405,625,478,40.795,-54.142,0,-117.85,324.89,1,124.62,10.49,2500,1,0,0
1826,30.46377,free_swing,723,410,639,479,37.569,-50.599,0,-230.87,309.72,1,108.71,21.92,2500,0,0,0
1827,30.48045,free_swing,719,418,652,481,33.071,-46.762,0,-342.57,540.50,1,91.97,33.94,2500,1,0,0
1828,30.49713,free_swing,711,428,669,506,26.565,-28.301,0,-449.57,1451.59,1,88.59,36.37,2500,1,0,0
1829,30.51382,free_swing,699,443,689,531,17.969,-6.483,0,-549.38,1506.39,1,88.57,36.39,2500,0,0,0
1830,30.5305,free_swing,682,459,716,505,8.509,36.469,0,-599.89,1995.39,1,57.20,58.91,2500,1,0,0
1831,30.54718,free_swing,659,473,735,564,-1.625,39.867,0,-573.20,1487.45,1,118.56,14.84,2500,1,0,0
1832,30.56387,free_swing,634,485,745,473,-10.733,96.170,0,-482.18,679.08,1,111.65,19.81,2500,1,0,0
1833,30.58055,free_swing,613,490,746,530,-17.560,73.261,0,-366.79,617.86,0,138.88,0.24,2500,0,0,0
1834,30.59723,free_swing,596,491,749,497,-22.850,87.754,0,-292.80,288.56,1,153.12,9.98,2500,1,0,0
1835,30.61392,free_swing,580,492,737,441,-27.418,107.996,0,-265.43,583.92,1,165.08,18.57,2500,1,0,0
1836,30.6306,free_swing,564,491,732,450,-31.908,103.715,0,-262.03,65.43,1,172.93,24.21,2500,1,0,0
1837,30.64728,free_swing,549,488,708,462,-36.158,99.287,0,-252.96,-250.21,1,161.11,15.72,2500,1,0,0
1838,30.66397,free_swing,533,484,701,436,-40.539,105.945,0,-252.28,-161.46,1,174.72,25.50,2500,0,0,0
1839,30.68065,free_swing,519,479,680,470,-44.409,93.200,0,-254.46,-88.64,1,161.25,15.82,2500,0,0,0
1840,30.69733,free_swing,503,471,664,453,-49.018,96.379,0,-253.82,47.27,1,162.00,16.36,2500,0,0,0
1841,30.71402,free_swing,490,462,658,431,-53.077,100.455,0,-256.27,90.89,1,170.84,22.71,2500,0,0,0
1842,30.7307,free_swing,477,452,654,424,-57.171,98.989,0,-238.00,-257.90,1,179.20,28.72,2500,1,0,0
1843,30.74738,free_swing,465,441,624,446,-61.167,88.199,0,-210.48,-698.14,1,159.08,14.26,2500,1,0,0
1844,30.76407,free_swing,457,432,608,458,-64.106,80.230,0,-153.94,-849.70,1,153.22,10.06,2500,0,0,0
1845,30.78075,free_swing,452,425,580,496,-66.214,60.983,0,-91.09,-286.08,1,146.37,5.14,2500,1,0,0
1846,30.79743,free_swing,450,422,570,491,-67.094,60.101,0,-29.82,-59.98,1,138.42,0.57,2500,1,0,0
1847,30.81412,free_swing,449,422,564,458,-67.190,72.618,0,36.38,-68.91,1,120.50,13.45,2500,0,0,0
1848,30.8308,free_swing,452,426,548,498,-65.987,53.130,0,95.03,-381.91,1,120.00,13.81,2500,1,0,0
1849,30.84748,free_swing,458,433,533,501,-63.771,47.802,0,164.46,-1045.93,1,101.24,27.28,2500,1,0,0
1850,30.86417,free_swing,467,442,513,508,-60.698,34.875,0,243.51,-1148.42,1,80.45,42.22,2500,0,0,0
1851,30.88085,free_swing,480,456,466,552,-55.879,-8.297,0,314.73,-2954.49,1,97.02,30.32,2500,1,0,1
1852,30.89753,free_swing,499,469,450,540,-50.126,-34.611,0,341.62,-2747.71,1,86.27,38.04,2500,1,0,1
1853,30.91422,free_swing,519,478,476,450,-44.605,-123.071,0,310.22,-1247.52,1,51.31,63.14,2500,1,0,0
1854,30.9309,free_swing,536,484,437,491,-39.880,-85.956,0,263.80,-641.51,1,99.25,28.71,2500,1,0,0
1855,30.94758,free_swing,550,488,433,472,-35.918,-97.787,0,228.44,-279.51,1,118.09,15.18,2500,1,0,0
1856,30.96427,free_swing,563,491,475,404,-32.167,-134.673,0,209.69,-723.07,1,123.75,11.12,2500,1,0,0
1857,30.98095,free_swing,576,491,461,414,-28.686,-123.805,0,219.50,-95.58,1,138.40,0.59,2500,1,0,0
1858,30.99763,free_swing,589,491,462,440,-24.958,-111.879,0,254.14,309.36,1,136.86,1.70,2500,1,0,0
1859,31.01432,free_swing,605,490,499,393,-20.158,-132.461,0,299.74,75.00,1,143.68,3.20,2500,1,0,0
1860,31.031,free_swing,622,487,489,430,-14.816,-113.199,0,335.12,-36.27,0,144.70,3.93,2500,0,0,0
1861,31.04768,free_swing,639,481,504,420,-9.150,-114.316,0,338.31,228.60,1,148.14,6.41,2500,1,0,0
1862,31.06437,free_swing,655,475,530,392,-3.202,-123.584,0,366.09,155.71,0,150.05,7.77,2500,0,0,0
1863,31.08105,free_swing,669,466,524,428,2.564,-104.685,0,400.68,538.70,1,149.90,7.67,2500,1,0,0
1864,31.09773,free_swing,685,454,535,432,10.222,-98.344,0,425.62,678.00,0,151.60,8.89,2500,0,0,0
1865,31.11442,free_swing,697,443,552,439,17.030,-91.580,0,428.45,383.45,1,145.06,4.19,2500,1,0,0
1866,31.1311,free_swing,707,432,566,456,23.749,-80.340,0,380.82,471.27,0,143.03,2.73,2500,0,0,0
1867,31.14778,free_swing,715,423,583,452,29.745,-77.609,0,285.34,332.92,0,135.15,2.93,2500,0,0,0
1868,31.16447,free_swing,719,417,604,466,33.378,-66.922,0,129.12,605.95,1,125.00,10.21,2500,1,0,0
1869,31.18115,free_swing,720,417,610,475,33.845,-62.199,0,-22.61,772.57,1,124.35,10.68,2500,0,0,0
1870,31.19783,free_swing,718,419,628,538,32.300,-37.100,0,-147.92,726.71,0,149.20,7.17,2500,0,0,0
1871,31.21452,free_swing,715,425,661,502,29.211,-35.042,0,-266.62,737.60,1,94.05,32.45,2500,0,0,0
1872,31.2312,free_swing,708,435,674,530,23.600,-19.692,0,-394.67,882.74,1,100.90,27.53,2500,0,0,0
1873,31.24788,free_swing,696,447,694,559,16.011,-1.023,0,-510.30,1396.84,1,112.02,19.54,2500,1,0,0
1874,31.26457,free_swing,679,461,722,556,7.070,24.353,0,-549.43,1324.32,1,104.28,25.10,2500,0,0,0
1875,31.28125,free_swing,657,476,746,562,-2.386,45.982,0,-519.86,1114.91,1,123.76,11.11,2500,1,0,0
1876,31.29793,free_swing,636,485,752,555,-10.008,58.891,0,-434.45,992.63,0,135.48,2.69,2500,0,0,0
1877,31.31462,free_swing,616,489,752,525,-16.666,75.174,0,-343.49,657.10,1,140.68,1.05,2500,1,0,0
1878,31.3313,free_swing,600,491,743,490,-21.615,90.401,0,-279.15,682.55,0,143.00,2.72,2500,0,0,0
1879,31.34798,free_swing,585,492,741,499,-25.989,87.431,0,-239.41,378.45,1,156.16,12.16,2500,1,0,0
1880,31.36467,free_swing,572,491,731,439,-29.784,108.110,0,-240.82,175.86,1,167.29,20.16,2500,1,0,0
1881,31.38135,free_swing,557,490,718,468,-33.857,97.781,0,-239.64,123.16,1,162.50,16.72,2500,0,0,0
1882,31.39803,free_swing,542,486,705,451,-38.157,102.119,0,-240.87,-65.27,1,166.72,19.75,2500,0,0,0
1883,31.41472,free_swing,529,482,687,441,-41.775,104.547,0,-239.26,178.44,1,163.23,17.25,2500,1,0,0
1884,31.4314,free_swing,514,476,676,438,-45.978,103.201,0,-247.17,-152.04,1,166.40,19.52,2500,1,0,0
1885,31.44808,free_swing,500,468,663,431,-50.160,102.789,0,-250.95,-230.20,1,167.15,20.06,2500,0,0,0
1886,31.46477,free_swing,486,459,648,453,-54.340,92.121,0,-239.82,-405.98,1,162.11,16.44,2500,0,0,0
1887,31.48145,free_swing,474,450,638,445,-58.022,91.746,0,-226.14,-460.70,1,164.08,17.85,2500,0,0,0
1888,31.49813,free_swing,464,439,618,472,-61.734,77.905,0,-194.75,-334.46,1,157.50,13.13,2500,0,0,0
1889,31.51482,free_swing,456,430,604,467,-64.666,75.964,0,-146.46,-376.49,0,152.55,9.58,2500,0,0,0
1890,31.5315,free_swing,452,424,594,470,-66.442,72.051,0,-82.67,-153.96,1,149.26,7.21,2500,1,0,0
1891,31.54818,free_swing,450,421,581,485,-67.323,63.962,0,-16.05,-325.22,0,145.80,4.72,2500,0,0,0
1892,31.56487,free_swing,450,422,571,481,-67.094,64.006,0,51.45,-627.77,1,134.62,3.31,2500,1,0,0
1893,31.58155,free_swing,454,427,549,515,-65.556,47.191,0,114.90,-671.39,0,129.50,6.99,2500,0,0,0
1894,31.59823,free_swing,460,435,523,539,-63.097,31.206,0,183.59,-806.61,1,121.59,12.66,2500,0,0,0
1895,31.61492,free_swing,470,445,518,538,-59.651,27.300,0,259.87,-891.25,1,104.66,24.83,2500,0,0,0
1896,31.6316,free_swing,485,459,489,563,-54.493,2.203,0,339.57,-1444.40,1,104.08,25.24,2500,1,0,0
1897,31.64828,free_swing,505,472,458,585,-48.457,-22.584,0,377.06,-1773.40,1,122.38,12.09,2500,1,0,0
1898,31.66497,free_swing,528,482,449,538,-41.987,-54.669,0,354.77,-1140.43,1,96.83,30.45,2500,1,0,0
1899,31.68165,free_swing,547,488,446,525,-36.634,-69.880,0,303.27,-1228.54,1,107.56,22.74,2500,0,0,0
1900,31.69833,free_swing,564,490,437,522,-32.071,-75.858,0,257.47,-1055.03,0,130.97,5.93,2500,0,0,0
1901,31.71502,free_swing,578,492,475,439,-27.979,-117.229,0,232.88,-702.80,1,115.84,16.80,2500,1,0,0
1902,31.7317,free_swing,592,492,469,454,-23.929,-107.168,0,253.14,-268.35,1,128.74,7.53,2500,1,0,0
1903,31.74838,free_swing,606,490,471,452,-19.837,-105.721,0,301.07,356.43,1,140.25,0.74,2500,1,0,0
1904,31.76507,free_swing,625,486,487,430,-13.861,-112.087,0,338.16,167.75,0,148.93,6.97,2500,0,0,0
1905,31.78175,free_swing,642,480,490,457,-8.076,-98.604,0,354.41,58.02,1,153.73,10.42,2500,0,0,0
1906,31.79843,free_swing,657,473,507,446,-2.437,-100.204,0,355.65,45.38,0,152.41,9.47,2500,0,0,0
1907,31.81512,free_swing,672,465,535,417,3.871,-109.309,0,395.66,-108.47,0,145.17,4.27,2500,0,0,0
1908,31.8318,free_swing,686,454,541,434,10.676,-97.853,0,441.47,281.87,1,146.37,5.14,2500,1,0,0
1909,31.84848,free_swing,699,440,558,417,18.435,-99.265,0,448.51,341.95,0,142.86,2.62,2500,0,0,0
1910,31.86517,free_swing,710,429,568,436,25.852,-87.178,0,432.37,456.36,0,142.17,2.12,2500,0,0,0
1911,31.88185,free_swing,717,418,593,426,32.125,-86.309,0,360.52,560.93,1,124.26,10.75,2500,0,0,0
1912,31.89853,free_swing,723,409,596,462,37.926,-67.348,0,237.54,345.72,1,137.62,1.15,2500,1,0,0
1913,31.91522,free_swing,725,405,613,447,40.342,-69.444,0,96.90,544.07,1,119.62,14.08,2500,0,0,0
1914,31.9319,free_swing,725,405,635,453,40.342,-61.928,0,-61.67,317.01,1,102.00,26.74,2500,1,0,0
1915,31.94858,free_swing,725,409,644,493,38.841,-43.958,0,-185.58,645.62,1,116.69,16.18,2500,1,0,0
1916,31.96527,free_swing,720,416,657,473,34.160,-47.862,0,-301.25,776.77,1,84.96,38.98,2500,0,0,0
1917,31.98195,free_swing,714,426,681,515,28.482,-20.344,0,-411.94,1013.52,1,94.92,31.82,2500,1,0,0
1918,31.99863,free_swing,704,439,698,523,20.966,-4.086,0,-516.28,1593.30,1,84.21,39.51,2500,1,0,0
1919,32.01532,free_swing,688,454,712,518,11.581,20.556,0,-588.20,1677.93,1,68.35,50.90,2500,0,0,0
1920,32.032,free_swing,666,470,750,526,1.245,56.310,0,-572.69,1666.73,1,100.96,27.49,2500,0,0,0
1921,32.04868,free_swing,644,480,754,506,-7.316,76.701,0,-477.99,931.76,1,113.03,18.81,2500,1,0,0
1922,32.06537,free_swing,623,487,763,496,-14.470,86.322,0,-374.61,287.41,1,140.29,0.77,2500,1,0,0
1923,32.08205,free_swing,606,490,753,504,-19.837,84.560,0,-311.17,155.30,0,147.67,6.06,2500,0,0,0
1924,32.09873,free_swing,589,492,737,487,-24.821,91.935,0,-270.51,219.54,0,148.08,6.37,2500,0,0,0
1925,32.11542,free_swing,574,491,727,478,-29.238,94.857,0,-260.95,113.19,1,153.55,10.29,2500,0,0,0
1926,32.1321,free_swing,559,490,720,471,-33.354,96.730,0,-256.02,83.46,1,162.12,16.44,2500,0,0,0
1927,32.14878,free_swing,543,486,702,476,-37.926,93.599,0,-264.73,262.14,1,159.31,14.43,2500,0,0,0
1928,32.16547,free_swing,527,482,689,439,-42.198,104.865,0,-265.08,135.28,1,167.61,20.39,2500,0,0,0
1929,32.18215,free_swing,511,475,679,431,-46.747,104.676,0,-261.53,-195.34,1,173.67,24.74,2500,1,0,0
1930,32.19883,free_swing,497,467,658,458,-50.880,93.200,0,-255.74,-473.96,1,161.25,15.82,2500,1,0,0
1931,32.21552,free_swing,483,457,641,464,-55.222,87.463,0,-242.34,-340.45,1,158.15,13.60,2500,0,0,0
1932,32.2322,free_swing,472,447,631,462,-58.948,84.611,0,-220.75,-303.83,1,159.71,14.71,2500,0,0,0
1933,32.24888,free_swing,462,437,606,470,-62.418,77.093,0,-175.78,-708.25,1,147.73,6.11,2500,1,0,0
1934,32.26557,free_swing,456,429,591,497,-64.892,63.265,0,-118.93,-938.87,1,151.16,8.57,2500,1,0,0
1935,32.28225,free_swing,452,425,561,537,-66.214,44.222,0,-46.67,-492.05,1,156.28,12.26,2500,1,0,0
1936,32.29893,free_swing,452,424,541,528,-66.442,40.556,0,27.48,-200.37,1,136.88,1.68,2500,1,0,0
1937,32.31562,free_swing,454,428,540,511,-65.329,46.017,0,99.99,-514.95,1,119.52,14.15,2500,1,0,0
1938,32.3323,free_swing,461,435,508,540,-62.983,24.114,0,179.67,-970.57,1,115.04,17.37,2500,1,0,0
1939,32.34898,free_swing,471,445,473,576,-59.521,0.875,0,260.49,-1562.83,1,131.02,5.90,2500,1,0,0
1940,32.36567,free_swing,485,459,465,541,-54.493,-13.707,0,318.69,-1419.76,1,84.40,39.38,2500,0,0,0
1941,32.38235,free_swing,504,471,466,498,-48.840,-54.605,0,330.19,-1826.60,1,46.62,66.52,2500,1,0,0
1942,32.39903,free_swing,522,480,416,525,-43.612,-66.997,0,299.64,-1397.70,1,115.16,17.29,2500,1,0,0
1943,32.41572,free_swing,538,486,450,460,-39.066,-106.460,0,250.97,-739.58,1,91.76,34.09,2500,1,0,0
1944,32.4324,free_swing,552,490,418,480,-35.089,-94.268,0,211.44,-711.97,0,134.37,3.48,2500,0,0,0
1945,32.44908,free_swing,564,491,439,435,-31.908,-114.132,0,202.41,-355.37,1,136.97,1.62,2500,1,0,0
1946,32.46577,free_swing,577,491,461,408,-28.408,-125.584,0,231.69,-285.38,0,142.64,2.45,2500,0,0,0
1947,32.48245,free_swing,592,491,454,420,-24.063,-117.225,0,278.61,180.07,1,155.19,11.47,2500,1,0,0
1948,32.49913,free_swing,609,489,466,424,-18.981,-114.444,0,318.28,-0.42,1,157.08,12.83,2500,0,0,0
1949,32.51582,free_swing,626,485,494,404,-13.595,-121.535,0,332.87,-124.65,1,154.87,11.24,2500,0,0,0
1950,32.5325,free_swing,643,480,511,398,-7.696,-121.849,0,347.45,86.49,1,155.40,11.62,2500,1,0,0
1951,32.54918,free_swing,658,472,519,410,-2.045,-114.039,0,385.51,333.84,1,152.20,9.32,2500,1,0,0
1952,32.56587,free_swing,674,463,535,408,4.800,-111.588,0,421.26,304.82,0,149.49,7.37,2500,0,0,0
1953,32.58255,free_swing,689,450,550,412,12.426,-105.290,0,449.07,286.22,0,144.10,3.50,2500,0,0,0
1954,32.59923,free_swing,701,439,561,410,19.552,-101.703,0,453.82,172.11,0,142.97,2.69,2500,0,0,0
1955,32.61592,free_swing,711,426,583,414,27.051,-95.356,0,430.69,510.48,1,128.56,7.66,2500,1,0,0
1956,32.6326,free_swing,719,415,591,407,34.007,-93.576,0,357.95,679.92,0,128.25,7.88,2500,0,0,0
1957,32.64928,free_swing,724,408,590,468,38.752,-65.879,0,199.06,715.94,0,146.82,5.46,2500,0,0,0
1958,32.66597,free_swing,726,405,614,451,40.795,-67.671,0,42.26,626.18,1,121.08,13.03,2500,0,0,0
1959,32.68265,free_swing,725,407,621,483,39.579,-53.842,0,-110.65,485.00,0,128.81,7.48,2500,0,0,0
1960,32.69933,free_swing,723,410,632,505,37.569,-43.768,0,-230.05,782.19,1,131.55,5.51,2500,1,0,0
1961,32.71602,free_swing,718,420,659,516,32.005,-31.574,0,-333.80,630.01,1,112.68,19.06,2500,0,0,0
1962,32.7327,free_swing,711,430,674,539,26.095,-18.750,0,-439.17,790.70,1,115.11,17.32,2500,0,0,0
1963,32.74938,free_swing,699,443,686,540,17.969,-7.633,0,-531.79,1281.48,1,97.87,29.70,2500,1,0,0
1964,32.76607,free_swing,682,459,710,542,8.509,18.642,0,-605.67,1369.50,1,87.60,37.08,2500,0,0,0
1965,32.78275,free_swing,658,474,732,540,-2.017,48.270,0,-573.66,1242.02,1,99.16,28.78,2500,0,0,0
1966,32.79943,free_swing,634,484,742,565,-10.802,53.130,0,-471.58,868.14,1,135.00,3.03,2500,1,0,0
1967,32.81612,free_swing,614,489,742,528,-17.333,73.055,0,-356.95,539.63,1,133.81,3.89,2500,1,0,0
1968,32.8328,free_swing,596,492,741,516,-22.721,80.602,0,-299.49,359.28,0,146.97,5.57,2500,0,0,0
1969,32.84948,free_swing,580,492,730,517,-27.418,80.538,0,-275.73,288.32,0,152.07,9.23,2500,0,0,0
1970,32.86617,free_swing,564,490,716,500,-32.071,86.236,0,-255.94,374.42,0,152.33,9.41,2500,0,0,0
1971,32.88285,free_swing,549,488,705,460,-36.158,100.176,0,-245.81,323.40,1,158.49,13.84,2500,0,0,0
1972,32.89953,free_swing,535,484,691,469,-40.101,95.492,0,-243.92,118.45,1,156.72,12.57,2500,1,0,0
1973,32.91622,free_swing,520,478,678,454,-44.405,98.637,0,-256.41,-151.71,1,159.81,14.79,2500,1,0,0
1974,32.9329,free_swing,505,471,662,448,-48.660,98.334,0,-262.66,-49.33,1,158.68,13.97,2500,0,0,0
1975,32.94958,free_swing,490,462,655,460,-53.077,90.694,0,-254.05,-205.64,1,165.01,18.52,2500,0,0,0
1976,32.96627,free_swing,477,452,641,441,-57.171,93.837,0,-237.19,-267.12,1,164.37,18.06,2500,0,0,0
1977,32.98295,free_swing,466,442,627,460,-60.822,83.621,0,-205.41,-421.80,1,162.00,16.36,2500,0,0,0
1978,32.99963,free_swing,458,432,612,467,-63.997,77.196,0,-161.48,-461.00,1,157.93,13.43,2500,0,0,0
1979,33.01632,free_swing,452,425,591,485,-66.214,66.652,0,-105.76,-626.45,0,151.40,8.74,2500,0,0,0
1980,33.033,free_swing,449,421,576,489,-67.418,61.834,0,-43.84,-879.36,1,144.06,3.47,2500,1,0,0
1981,33.04968,free_swing,449,420,541,544,-67.647,36.573,0,19.98,-705.99,1,154.40,10.90,2500,0,0,0
1982,33.06637,free_swing,451,423,523,549,-66.769,29.745,0,87.27,-575.49,0,145.12,4.24,2500,0,0,0
1983,33.08305,free_swing,456,430,513,538,-64.666,27.824,0,161.73,-437.65,1,122.12,12.29,2500,0,0,0
1984,33.09973,free_swing,465,440,485,563,-61.390,9.236,0,245.69,-1133.96,1,124.62,10.49,2500,1,0,0
1985,33.11642,free_swing,479,453,467,556,-56.671,-6.645,0,325.37,-1407.54,1,103.70,25.52,2500,1,0,0
1986,33.1331,free_swing,498,467,465,506,-50.711,-40.236,0,359.26,-1286.98,1,51.09,63.30,2500,0,0,0
1987,33.14978,free_swing,518,479,409,568,-44.608,-50.768,0,335.71,-1200.09,0,140.72,1.08,2500,0,0,0
1988,33.16647,free_swing,536,485,425,523,-39.695,-71.102,0,276.26,-757.54,1,117.32,15.73,2500,1,0,0
1989,33.18315,free_swing,552,488,426,494,-35.433,-87.274,0,232.52,-695.26,0,126.14,9.40,2500,0,0,0
1990,33.19983,free_swing,565,490,422,494,-31.809,-88.398,0,233.02,-595.49,0,143.06,2.75,2500,0,0,0
1991,33.21652,free_swing,579,492,443,456,-27.699,-104.826,0,264.92,-700.72,0,140.68,1.05,2500,0,0,0
1992,33.2332,free_swing,596,491,468,424,-22.850,-117.629,0,304.35,-753.86,0,144.47,3.77,2500,0,0,0
1993,33.24988,free_swing,614,488,491,402,-17.438,-124.961,0,332.77,-294.66,1,150.08,7.80,2500,1,0,0
1994,33.26657,free_swing,631,484,509,385,-11.889,-129.058,0,341.34,188.93,1,157.11,12.85,2500,1,0,0
1995,33.28325,free_swing,648,478,512,399,-5.866,-120.152,0,360.35,587.78,1,157.28,12.97,2500,1,0,0
1996,33.29993,free_swing,663,469,517,419,0.000,-108.905,0,395.21,422.52,1,154.32,10.85,2500,0,0,0
1997,33.31662,free_swing,679,459,529,428,7.181,-101.677,0,433.44,374.79,1,153.17,10.02,2500,0,0,0
1998,33.3333,free_swing,693,447,556,408,14.621,-105.890,0,456.48,304.85,0,142.44,2.31,2500,0,0,0
1999,33.34998,free_swing,705,435,561,444,22.184,-86.424,0,446.04,347.06,0,144.28,3.63,2500,0,0,0
2000,33.36667,free_swing,714,423,588,423,29.268,-90.000,0,413.12,433.55,0,126.00,9.50,2500,0,0,0
2001,33.38335,free_swing,721,413,594,434,35.605,-80.611,0,315.48,560.55,0,128.72,7.54,2500,0,0,0
2002,33.40003,free_swing,725,406,612,449,39.958,-69.167,0,159.11,456.12,1,120.90,13.16,2500,0,0,0
2003,33.41672,free_swing,726,405,623,471,40.795,-57.349,0,-11.84,178.69,1,122.33,12.13,2500,1,0,0
2004,33.4334,free_swing,725,408,642,439,39.207,-69.520,0,-162.05,290.89,1,88.60,36.36,2500,0,0,0
2005,33.45008,free_swing,722,414,652,473,35.735,-49.874,0,-278.19,967.31,1,91.55,34.24,2500,1,0,0
2006,33.46677,free_swing,716,424,675,491,29.946,-31.464,0,-388.02,1440.68,1,78.55,43.58,2500,1,0,0
2007,33.48345,free_swing,707,437,705,506,22.736,-1.660,0,-508.80,1651.07,1,69.03,50.42,2500,1,0,0
2008,33.50013,free_swing,692,451,722,556,13.696,15.945,0,-593.21,1513.06,1,109.20,21.56,2500,0,0,0
2009,33.51682,free_swing,670,467,738,515,2.968,54.782,0,-592.47,1333.09,1,83.23,40.21,2500,0,0,0
2010,33.5335,free_swing,647,479,759,547,-6.212,58.736,0,-497.07,1082.08,1,131.03,5.89,2500,1,0,0
2011,33.55018,free_swing,627,486,763,499,-13.158,84.540,0,-371.92,620.73,1,136.62,1.87,2500,1,0,0
2012,33.56687,free_swing,610,489,747,491,-18.654,89.164,0,-306.29,415.73,1,137.01,1.59,2500,1,0,0
2013,33.58355,free_swing,594,492,745,484,-23.328,93.033,0,-274.22,100.82,1,151.21,8.61,2500,1,0,0
2014,33.60023,free_swing,578,491,733,480,-28.129,94.059,0,-258.03,484.76,1,155.39,11.61,2500,1,0,0
2015,33.61692,free_swing,564,490,721,447,-32.071,105.317,0,-254.90,395.52,1,162.78,16.92,2500,0,0,0
2016,33.6336,free_swing,548,488,700,415,-36.397,115.653,0,-259.19,127.11,1,168.62,21.12,2500,1,0,0
2017,33.65028,free_swing,532,483,689,441,-40.943,104.977,0,-270.04,-87.80,1,162.52,16.73,2500,1,0,0
2018,33.66697,free_swing,517,476,675,428,-45.395,106.899,0,-267.36,-284.58,1,165.13,18.61,2500,0,0,0
2019,33.68365,free_swing,501,469,665,419,-49.779,106.955,0,-266.74,-214.28,1,171.45,23.15,2500,0,0,0
2020,33.70033,free_swing,487,459,654,451,-54.186,92.743,0,-257.88,-280.27,1,167.19,20.09,2500,0,0,0
2021,33.71702,free_swing,474,448,641,433,-58.460,95.133,0,-238.46,-399.55,1,167.67,20.43,2500,0,0,0
2022,33.7337,free_swing,464,438,626,440,-61.957,89.293,0,-196.88,-450.17,1,162.01,16.37,2500,0,0,0
2023,33.75038,free_swing,455,429,599,471,-64.998,73.740,0,-141.45,-311.02,0,150.00,7.74,2500,0,0,0
2024,33.76707,free_swing,452,423,586,464,-66.670,72.987,0,-72.77,-371.78,0,140.13,0.65,2500,0,0,0
2025,33.78375,free_swing,449,421,573,451,-67.418,76.399,0,-13.23,-346.18,0,127.58,8.36,2500,0,0,0
2026,33.80043,free_swing,450,423,549,500,-66.866,52.125,0,51.70,-65.42,1,125.42,9.91,2500,1,0,0
2027,33.81712,free_swing,453,426,543,478,-65.886,59.982,0,127.39,-623.75,1,103.94,25.34,2500,1,0,0
2028,33.8338,free_swing,460,437,527,478,-62.650,58.536,0,211.99,-1421.77,1,78.55,43.58,2500,1,0,0
2029,33.85048,free_swing,473,448,471,557,-58.595,-1.051,0,307.76,-2343.84,1,109.02,21.70,2500,1,0,0
2030,33.86717,free_swing,489,463,441,558,-53.025,-26.806,0,354.32,-1873.89,1,106.44,23.55,2500,1,0,0
2031,33.88385,free_swing,511,476,428,538,-46.548,-53.241,0,350.97,-1481.02,1,103.60,25.59,2500,1,0,0
2032,33.90053,free_swing,529,484,409,528,-41.399,-69.864,0,289.05,-1509.08,0,127.81,8.20,2500,0,0,0
2033,33.91722,free_swing,545,488,444,450,-37.104,-110.618,0,230.20,-855.47,1,107.91,22.49,2500,1,0,0
2034,33.9339,free_swing,558,490,437,456,-33.606,-105.695,0,218.39,-207.20,1,125.69,9.72,2500,1,0,0
2035,33.95058,free_swing,572,491,442,458,-29.784,-104.243,0,242.22,-165.87,0,134.12,3.66,2500,0,0,0
2036,33.96727,free_swing,587,492,456,436,-25.408,-113.146,0,284.08,-358.40,0,142.47,2.33,2500,0,0,0
2037,33.98395,free_swing,605,489,490,397,-20.276,-128.660,0,314.89,-187.65,0,147.27,5.78,2500,0,0,0
2038,34.00063,free_swing,622,487,479,427,-14.816,-112.762,0,340.46,-341.96,1,155.08,11.39,2500,0,0,0
2039,34.01732,free_swing,639,482,515,385,-9.090,-128.035,0,354.24,-166.99,1,157.43,13.08,2500,0,0,0
2040,34.034,free_swing,656,474,551,343,-2.822,-141.287,0,376.38,-401.32,1,167.89,20.59,2500,1,0,0
2041,34.05068,free_swing,671,465,543,382,3.442,-122.961,0,413.37,65.00,1,152.55,9.58,2500,1,0,0
2042,34.06737,free_swing,686,453,582,333,10.763,-139.086,0,455.45,671.05,1,158.80,14.06,2500,1,0,0
2043,34.08405,free_swing,700,441,578,374,18.750,-118.775,0,487.80,856.06,0,139.19,0.03,2500,0,0,0
2044,34.10073,free_swing,711,427,565,424,26.806,-91.177,0,484.99,925.80,0,146.03,4.89,2500,0,0,0
2045,34.11742,free_swing,720,415,588,409,34.479,-92.603,0,418.42,578.24,1,132.14,5.09,2500,1,0,0
2046,34.1341,free_swing,726,405,609,413,40.795,-86.088,0,274.90,52.44,1,117.27,15.77,2500,1,0,0
2047,34.15078,free_swing,728,400,616,442,43.708,-69.444,0,99.97,408.69,1,119.62,14.08,2500,1,0,0
2048,34.16747,free_swing,728,400,644,406,43.708,-85.914,0,-48.56,547.76,1,84.21,39.51,2500,0,0,0
2049,34.18415,free_swing,727,403,651,463,42.032,-51.710,0,-177.06,930.26,1,96.83,30.45,2500,1,0,0
2050,34.20083,free_swing,724,409,647,488,38.387,-44.265,0,-292.31,1167.58,1,110.32,20.76,2500,1,0,0
2051,34.21752,free_swing,718,420,671,530,32.005,-23.136,0,-398.53,719.18,1,119.62,14.08,2500,1,0,0
2052,34.2342,free_swing,710,433,695,498,24.955,-12.995,0,-507.23,981.52,1,66.71,52.09,2500,1,0,0
2053,34.25088,free_swing,696,447,703,529,16.011,4.879,0,-587.29,1441.71,1,82.30,40.89,2500,1,0,0
2054,34.26757,free_swing,675,464,727,549,5.194,31.457,0,-606.38,1572.71,1,99.64,28.43,2500,0,0,0
2055,34.28425,free_swing,652,478,743,520,-4.309,65.225,0,-533.50,1089.62,1,100.22,28.01,2500,1,0,0
2056,34.30093,free_swing,630,486,750,538,-12.095,66.571,0,-427.48,713.80,1,130.78,6.06,2500,1,0,0
2057,34.31762,free_swing,610,490,744,519,-18.544,77.788,0,-350.35,453.56,1,137.10,1.52,2500,1,0,0
2058,34.3343,free_swing,592,492,742,483,-23.929,93.434,0,-296.03,389.83,0,150.27,7.93,2500,0,0,0
2059,34.35098,free_swing,576,492,732,491,-28.535,90.367,0,-267.35,184.67,1,156.00,12.05,2500,1,0,0
2060,34.36767,free_swing,561,490,718,484,-32.845,92.189,0,-258.55,177.59,1,157.11,12.85,2500,0,0,0
2061,34.38435,free_swing,545,487,706,453,-37.282,101.925,0,-259.56,212.32,1,164.55,18.19,2500,0,0,0
2062,34.40103,free_swing,529,483,691,450,-41.586,101.514,0,-263.68,128.62,1,165.33,18.75,2500,0,0,0
2063,34.41772,free_swing,514,476,673,451,-45.978,98.936,0,-266.58,-106.71,1,160.95,15.61,2500,1,0,0
2064,34.4344,free_swing,498,468,664,428,-50.503,103.548,0,-267.71,-232.69,1,170.75,22.65,2500,0,0,0
2065,34.45108,free_swing,484,458,644,451,-54.858,92.505,0,-254.31,-142.70,1,160.15,15.03,2500,0,0,0
2066,34.46777,free_swing,472,447,625,449,-58.948,89.251,0,-231.82,-372.98,1,153.01,9.91,2500,1,0,0
2067,34.48445,free_swing,462,437,627,431,-62.418,92.083,0,-189.87,-352.15,1,165.11,18.59,2500,0,0,0
2068,34.50113,free_swing,454,428,593,478,-65.329,70.216,0,-130.68,-724.11,1,147.72,6.10,2500,1,0,0
2069,34.51782,free_swing,451,423,577,475,-66.769,67.574,0,-65.56,-988.07,1,136.31,2.09,2500,1,0,0
2070,34.5345,free_swing,450,421,552,524,-67.323,44.721,0,2.10,-920.30,0,144.96,4.12,2500,0,0,0
2071,34.55118,free_swing,450,423,524,548,-66.866,30.626,0,58.33,-502.45,1,145.26,4.34,2500,1,0,0
2072,34.56787,free_swing,455,428,508,549,-65.225,23.654,0,125.90,-364.22,0,132.10,5.12,2500,0,0,0
2073,34.58455,free_swing,461,436,507,520,-62.758,28.706,0,195.94,-815.97,1,95.77,31.21,2500,1,0,0
2074,34.60123,free_swing,472,448,457,559,-58.728,-7.696,0,277.96,-1585.88,1,112.01,19.55,2500,1,0,0
2075,34.61792,free_swing,488,460,439,554,-53.817,-27.532,0,322.06,-1629.32,1,106.00,23.86,2500,0,0,0
2076,34.6346,free_swing,507,473,430,519,-47.891,-59.146,0,303.27,-1241.24,1,89.69,35.58,2500,1,0,0
2077,34.65128,free_swing,522,480,403,531,-43.612,-66.801,0,251.88,-946.75,1,129.47,7.01,2500,1,0,0
2078,34.66797,free_swing,536,484,425,481,-39.880,-91.548,0,214.78,-792.36,1,111.04,20.24,2500,0,0,0
2079,34.68465,free_swing,548,488,416,481,-36.397,-93.036,0,207.15,-566.91,1,132.19,5.05,2500,1,0,0
2080,34.70133,free_swing,561,491,438,442,-32.681,-111.721,0,204.05,-381.42,0,132.40,4.90,2500,0,0,0
2081,34.71802,free_swing,573,491,428,451,-29.511,-105.422,0,218.26,-380.32,0,150.42,8.04,2500,0,0,0
2082,34.7347,free_swing,587,491,462,414,-25.547,-121.633,0,257.07,-198.52,0,146.81,5.45,2500,0,0,0
2083,34.75138,free_swing,603,490,465,416,-20.794,-118.202,0,311.47,-203.37,1,156.59,12.47,2500,0,0,0
2084,34.76807,free_swing,621,486,488,404,-15.255,-121.656,0,329.71,103.67,1,156.25,12.23,2500,1,0,0
2085,34.78475,free_swing,638,482,503,407,-9.462,-119.055,0,347.62,272.29,1,154.43,10.93,2500,0,0,0
2086,34.80143,free_swing,653,475,510,410,-4.000,-114.444,0,375.41,161.75,1,157.08,12.83,2500,0,0,0
2087,34.81812,free_swing,670,466,523,425,2.990,-105.584,0,422.02,106.48,0,152.61,9.62,2500,0,0,0
2088,34.8348,free_swing,685,455,553,390,10.141,-116.217,0,446.67,536.75,1,147.14,5.68,2500,1,0,0
2089,34.85148,free_swing,698,442,552,424,17.650,-97.028,0,419.34,450.96,0,147.11,5.66,2500,0,0,0
2090,34.86817,free_swing,707,431,560,458,23.962,-79.592,0,346.72,624.70,0,149.46,7.35,2500,0,0,0
2091,34.88485,free_swing,714,424,596,418,29.002,-92.911,0,223.95,484.54,1,118.15,15.13,2500,0,0,0
2092,34.90153,free_swing,717,420,590,478,31.535,-65.454,0,100.15,485.33,0,139.62,0.28,2500,0,0,0
2093,34.91822,free_swing,717,419,605,485,31.827,-59.490,0,-49.85,760.56,1,130.00,6.62,2500,1,0,0
2094,34.9349,free_swing,716,422,626,480,30.493,-57.200,0,-168.52,627.51,1,107.07,23.09,2500,0,0,0
2095,34.95158,free_swing,710,429,636,541,25.852,-33.453,0,-280.58,804.72,0,134.24,3.58,2500,0,0,0
2096,34.96827,free_swing,704,438,659,549,21.146,-22.068,0,-373.29,973.00,1,119.77,13.97,2500,0,0,0
2097,34.98495,free_swing,692,450,679,511,13.808,-12.031,0,-471.03,1141.18,1,62.37,55.20,2500,0,0,0
2098,35.00163,free_swing,676,464,699,535,5.625,17.949,0,-548.89,1409.69,1,74.63,46.39,2500,1,0,0
2099,35.01832,free_swing,652,477,719,557,-4.338,39.946,0,-534.61,1182.08,1,104.35,25.05,2500,1,0,0
2100,35.035,free_swing,629,487,726,558,-12.372,53.797,0,-463.86,847.77,1,120.21,13.66,2500,1,0,0
2101,35.05168,free_swing,608,490,734,548,-19.193,65.283,0,-362.08,758.78,0,138.71,0.37,2500,0,0,0
2102,35.06837,free_swing,590,491,726,510,-24.661,82.047,0,-287.09,666.17,0,137.32,1.37,2500,0,0,0
2103,35.08505,free_swing,575,491,718,496,-28.963,87.997,0,-244.90,379.72,1,143.09,2.78,2500,1,0,0
2104,35.10173,free_swing,562,490,713,480,-32.588,93.789,0,-225.06,230.81,0,151.33,8.70,2500,0,0,0
2105,35.11842,free_swing,547,487,705,475,-36.811,94.343,0,-220.37,144.41,1,158.46,13.81,2500,0,0,0
2106,35.1351,free_swing,534,485,698,454,-40.135,100.704,0,-229.87,-60.13,1,166.90,19.88,2500,1,0,0
2107,35.15178,free_swing,521,479,678,466,-44.009,94.733,0,-230.85,-19.64,1,157.54,13.15,2500,0,0,0
2108,35.16847,free_swing,506,472,667,463,-48.276,93.200,0,-236.05,-102.03,1,161.25,15.82,2500,0,0,0
2109,35.18515,free_swing,494,465,657,440,-51.798,98.720,0,-227.97,56.78,1,164.91,18.45,2500,0,0,0
2110,35.20183,free_swing,482,456,640,453,-55.586,91.088,0,-219.08,-114.12,1,158.03,13.51,2500,0,0,0
2111,35.21852,free_swing,471,446,629,432,-59.300,95.064,0,-209.08,-275.10,1,158.62,13.93,2500,0,0,0
2112,35.2352,free_swing,462,437,620,450,-62.418,85.296,0,-174.38,-242.48,1,158.53,13.87,2500,0,0,0
2113,35.25188,free_swing,455,429,606,448,-64.998,82.828,0,-120.15,-41.62,1,152.19,9.31,2500,1,0,0
2114,35.26857,free_swing,451,424,595,444,-66.541,82.093,0,-60.48,-118.51,0,145.38,4.42,2500,0,0,0
2115,35.28525,free_swing,450,423,599,435,-66.866,85.396,0,-1.84,-529.48,1,149.48,7.37,2500,1,0,0
2116,35.30193,free_swing,451,424,569,489,-66.541,61.152,0,53.12,-937.38,1,134.72,3.24,2500,1,0,0
2117,35.31862,free_swing,455,428,561,514,-65.225,50.947,0,111.65,-935.36,0,136.50,1.96,2500,0,0,0
2118,35.3353,free_swing,461,436,537,548,-62.758,34.160,0,173.50,-717.99,1,135.35,2.78,2500,1,0,0
2119,35.35198,free_swing,471,446,524,559,-59.300,25.128,0,241.09,-889.47,1,124.81,10.35,2500,0,0,0
2120,35.36867,free_swing,484,458,498,589,-54.858,6.100,0,326.65,-1095.00,1,131.75,5.37,2500,1,0,0
2121,35.38535,free_swing,503,472,478,579,-48.814,-13.151,0,382.12,-1345.49,1,109.88,21.07,2500,1,0,0
2122,35.40203,free_swing,528,483,470,557,-41.798,-38.089,0,384.35,-1544.33,1,94.02,32.47,2500,0,0,0
2123,35.41872,free_swing,549,488,456,540,-36.158,-60.789,0,339.43,-1368.53,1,106.55,23.47,2500,0,0,0
2124,35.4354,free_swing,568,491,475,496,-30.858,-86.923,0,286.86,-781.37,1,93.13,33.10,2500,1,0,0
2125,35.45208,free_swing,584,492,452,495,-26.278,-88.698,0,259.02,-353.68,1,132.03,5.16,2500,1,0,0
2126,35.46877,free_swing,598,491,460,488,-22.235,-91.245,0,244.13,-146.21,1,138.03,0.85,2500,1,0,0
2127,35.48545,free_swing,612,489,478,467,-17.996,-99.324,0,273.35,-214.60,0,135.79,2.46,2500,0,0,0
2128,35.50213,free_swing,627,485,486,462,-13.241,-99.265,0,315.50,-71.40,0,142.86,2.62,2500,0,0,0
2129,35.51882,free_swing,644,480,496,458,-7.316,-98.455,0,342.09,199.43,1,149.63,7.47,2500,1,0,0
2130,35.5355,free_swing,659,473,516,456,-1.625,-96.780,0,360.59,149.63,0,144.01,3.44,2500,0,0,0
2131,35.55218,free_swing,673,463,522,464,4.365,-89.621,0,376.85,166.69,0,151.00,8.46,2500,0,0,0
2132,35.56887,free_swing,687,454,546,446,11.129,-93.247,0,424.46,90.12,0,141.23,1.44,2500,0,0,0
2133,35.58555,free_swing,699,442,560,451,18.122,-86.295,0,438.95,270.46,0,139.29,0.05,2500,0,0,0
2134,35.60223,free_swing,710,429,579,441,25.852,-84.766,0,404.55,445.32,0,131.55,5.51,2500,0,0,0
2135,35.61892,free_swing,717,420,594,464,31.535,-70.317,0,323.21,553.94,0,130.63,6.17,2500,0,0,0
2136,35.6356,free_swing,722,413,612,459,36.069,-67.306,0,200.56,520.60,1,119.23,14.36,2500,0,0,0
2137,35.65228,free_swing,724,409,621,485,38.387,-53.578,0,57.10,292.35,1,128.00,8.06,2500,1,0,0
2138,35.66897,free_swing,724,410,627,482,38.027,-53.415,0,-99.47,476.63,1,120.80,13.23,2500,0,0,0
2139,35.68565,free_swing,721,415,645,488,34.946,-46.153,0,-221.23,294.23,1,105.38,24.31,2500,0,0,0
2140,35.70233,free_swing,716,422,662,514,30.493,-30.411,0,-329.21,767.30,1,106.68,23.38,2500,1,0,0
2141,35.71902,free_swing,709,433,674,495,24.487,-29.445,0,-430.72,1327.82,1,71.20,48.86,2500,1,0,0
2142,35.7357,free_swing,696,446,708,510,16.144,10.620,0,-527.15,1682.75,1,65.12,53.23,2500,1,0,0
2143,35.75238,free_swing,679,461,729,523,7.070,38.884,0,-565.77,1956.10,1,79.65,42.79,2500,1,0,0
2144,35.76907,free_swing,657,475,742,524,-2.403,60.038,0,-520.97,1254.28,1,98.11,29.53,2500,1,0,0
2145,35.78575,free_swing,635,484,746,488,-10.437,87.936,0,-438.20,533.16,1,111.07,20.22,2500,1,0,0
2146,35.80243,free_swing,616,489,759,505,-16.666,83.616,0,-347.38,318.01,1,143.89,3.35,2500,1,0,0
2147,35.81912,free_swing,599,490,744,509,-22.051,82.535,0,-283.48,213.09,0,146.24,5.04,2500,0,0,0
2148,35.8358,free_swing,584,491,730,455,-26.421,103.851,0,-250.14,426.37,1,150.37,8.01,2500,1,0,0
2149,35.85248,free_swing,570,491,718,472,-30.324,97.316,0,-241.55,125.03,1,149.21,7.18,2500,1,0,0
2150,35.86917,free_swing,555,489,706,459,-34.524,101.237,0,-248.64,-70.62,1,153.95,10.58,2500,0,0,0
2151,35.88585,free_swing,539,486,695,461,-38.841,99.105,0,-258.43,108.95,1,157.99,13.48,2500,0,0,0
2152,35.90253,free_swing,524,481,689,442,-43.011,103.299,0,-262.15,-37.36,1,169.55,21.78,2500,0,0,0
2153,35.91922,free_swing,509,473,672,447,-47.523,99.063,0,-260.14,-280.72,1,165.06,18.56,2500,1,0,0
2154,35.9359,free_swing,494,465,660,454,-51.798,93.791,0,-251.61,-556.86,1,166.36,19.49,2500,1,0,0
2155,35.95258,free_swing,481,456,638,479,-55.733,81.666,0,-230.59,-448.46,1,158.68,13.97,2500,0,0,0
2156,35.96927,free_swing,470,446,618,481,-59.431,76.695,0,-199.37,-17.26,1,152.08,9.24,2500,1,0,0
2157,35.98595,free_swing,462,437,606,466,-62.418,78.614,0,-156.05,-114.80,0,146.89,5.51,2500,0,0,0
2158,36.00263,free_swing,456,431,592,451,-64.440,81.634,0,-91.64,-395.39,1,137.46,1.26,2500,1,0,0
2159,36.01932,free_swing,454,427,563,497,-65.556,57.291,0,-21.63,-823.31,1,129.54,6.95,2500,1,0,0
2160,36.036,free_swing,454,429,562,506,-65.103,54.513,0,49.34,-821.62,0,132.64,4.73,2500,0,0,0
2161,36.05268,free_swing,458,433,528,539,-63.771,33.440,0,120.70,-761.58,0,127.03,8.76,2500,0,0,0
2162,36.06937,free_swing,465,441,511,540,-61.167,24.922,0,201.96,-1175.16,1,109.17,21.59,2500,1,0,0
2163,36.08605,free_swing,477,452,477,568,-57.171,0.000,0,294.42,-1353.23,1,116.00,16.68,2500,0,0,0
2164,36.10273,free_swing,494,466,440,580,-51.589,-25.346,0,343.63,-1647.00,1,126.14,9.40,2500,1,0,0
2165,36.11942,free_swing,515,477,420,558,-45.587,-49.548,0,329.48,-1240.14,1,124.84,10.33,2500,1,0,0
2166,36.1361,free_swing,533,483,424,518,-40.726,-72.198,0,276.72,-933.23,1,114.48,17.77,2500,1,0,0
2167,36.15278,free_swing,547,488,412,516,-36.634,-78.283,0,228.62,-1120.69,0,137.87,0.97,2500,0,0,0
2168,36.16947,free_swing,560,491,436,469,-32.935,-100.061,0,202.84,-981.36,0,125.94,9.54,2500,0,0,0
2169,36.18615,free_swing,572,492,472,422,-29.629,-124.992,0,209.67,-489.34,1,122.07,12.32,2500,1,0,0
2170,36.20283,free_swing,585,491,453,431,-26.131,-114.444,0,239.85,1.84,1,145.00,4.15,2500,1,0,0
2171,36.21952,free_swing,601,490,463,429,-21.425,-113.847,0,288.16,-66.77,0,150.88,8.37,2500,0,0,0
2172,36.2362,free_swing,617,487,491,399,-16.530,-124.931,0,316.39,-154.28,1,153.69,10.39,2500,0,0,0
2173,36.25288,free_swing,634,483,504,392,-10.871,-124.992,0,322.92,-91.52,1,158.69,13.98,2500,0,0,0
2174,36.26957,free_swing,649,476,505,409,-5.553,-114.952,0,351.43,171.73,1,158.82,14.08,2500,1,0,0
2175,36.28625,free_swing,664,470,534,374,0.415,-126.444,0,390.00,281.83,1,161.60,16.08,2500,0,0,0
2176,36.30293,free_swing,680,459,532,408,7.624,-109.014,0,422.12,535.66,1,156.54,12.44,2500,1,0,0
2177,36.31962,free_swing,693,446,552,416,14.744,-102.011,0,442.98,525.11,0,144.16,3.54,2500,0,0,0
2178,36.3363,free_swing,704,435,558,427,21.705,-93.136,0,435.41,232.84,1,146.22,5.03,2500,1,0,0
2179,36.35298,free_swing,714,423,582,408,29.268,-96.483,0,393.14,306.79,0,132.85,4.58,2500,0,0,0
2180,36.36967,free_swing,720,414,589,432,34.804,-82.176,0,276.75,624.00,1,132.23,5.02,2500,1,0,0
2181,36.38635,free_swing,723,408,603,441,38.290,-74.624,0,125.70,1013.86,1,124.45,10.61,2500,1,0,0
2182,36.40303,free_swing,724,408,604,491,38.752,-55.330,0,-28.56,242.28,1,145.91,4.80,2500,1,0,0
2183,36.41972,free_swing,723,410,618,503,37.569,-48.468,0,-164.89,131.28,0,140.26,0.75,2500,0,0,0
2184,36.4364,free_swing,719,417,640,446,33.378,-69.842,0,-259.97,168.99,1,84.15,39.55,2500,0,0,0
2185,36.45308,free_swing,714,426,648,516,28.482,-36.254,0,-349.30,1012.73,1,111.61,19.84,2500,1,0,0
2186,36.46977,free_swing,706,437,665,512,22.270,-28.664,0,-446.15,1601.04,1,85.48,38.61,2500,1,0,0
2187,36.48645,free_swing,692,450,701,529,13.808,6.499,0,-554.34,1513.08,1,79.51,42.89,2500,0,0,0
2188,36.50313,free_swing,672,466,713,546,3.842,27.135,0,-590.89,1550.84,1,89.89,35.43,2500,0,0,0
2189,36.51982,free_swing,648,479,731,540,-5.826,53.686,0,-532.69,907.62,1,103.00,26.01,2500,1,0,0
2190,36.5365,free_swing,625,487,742,549,-13.775,62.080,0,-441.31,528.85,1,132.41,4.89,2500,1,0,0
2191,36.55318,free_swing,605,490,745,546,-20.158,68.199,0,-354.05,626.86,0,150.78,8.30,2500,0,0,0
2192,36.56987,free_swing,586,491,736,523,-25.840,77.957,0,-290.20,587.56,1,153.38,10.17,2500,0,0,0
2193,36.58655,free_swing,571,491,725,468,-30.054,98.494,0,-255.86,227.63,1,155.71,11.84,2500,1,0,0
2194,36.60323,free_swing,556,490,715,502,-34.106,85.684,0,-237.54,310.25,1,159.45,14.53,2500,0,0,0
2195,36.61992,free_swing,541,486,703,477,-38.387,93.180,0,-244.57,453.69,1,162.25,16.54,2500,0,0,0
2196,36.6366,free_swing,527,482,679,411,-42.198,115.038,0,-248.41,408.65,1,167.76,20.50,2500,0,0,0
2197,36.65328,free_swing,512,475,686,419,-46.559,107.840,0,-248.73,-237.68,1,182.79,31.29,2500,1,0,0
2198,36.66997,free_swing,498,467,658,447,-50.711,97.125,0,-251.93,-642.57,1,161.25,15.82,2500,1,0,0
2199,36.68665,free_swing,485,458,646,447,-54.707,93.909,0,-238.62,-212.20,1,161.38,15.91,2500,1,0,0
2200,36.70333,free_swing,472,448,633,459,-58.728,86.091,0,-224.83,-174.49,1,161.38,15.91,2500,0,0,0
2201,36.72002,free_swing,463,438,624,435,-62.076,91.067,0,-187.70,-364.41,1,161.03,15.66,2500,0,0,0
2202,36.7367,free_swing,455,429,601,467,-64.998,75.411,0,-134.79,-546.71,0,150.86,8.36,2500,0,0,0
2203,36.75338,free_swing,451,424,589,481,-66.541,67.557,0,-76.91,-597.89,0,149.31,7.24,2500,0,0,0
2204,36.77007,free_swing,449,421,569,495,-67.418,58.339,0,-15.85,-497.28,0,140.98,1.26,2500,0,0,0
2205,36.78675,free_swing,449,422,556,506,-67.190,51.866,0,37.74,-681.41,0,136.03,2.29,2500,0,0,0
2206,36.80343,free_swing,452,426,531,535,-65.987,35.933,0,106.16,-654.11,0,134.62,3.31,2500,0,0,0
2207,36.82012,free_swing,458,433,509,545,-63.771,24.482,0,177.98,-798.39,1,123.07,11.61,2500,0,0,0
2208,36.8368,free_swing,469,444,497,546,-60.001,15.350,0,259.09,-991.05,1,105.77,24.03,2500,0,0,0
2209,36.85348,free_swing,483,457,466,548,-55.222,-10.582,0,334.62,-1529.17,1,92.57,33.51,2500,1,0,0
2210,36.87017,free_swing,502,471,431,578,-49.194,-33.566,0,361.52,-1431.07,0,128.41,7.76,2500,0,0,0
2211,36.88685,free_swing,524,481,442,523,-43.011,-62.879,0,330.16,-1088.64,1,92.13,33.83,2500,1,0,0
2212,36.90353,free_swing,541,487,419,539,-38.206,-66.915,0,269.82,-1090.13,0,132.62,4.74,2500,0,0,0
2213,36.92022,free_swing,556,489,442,488,-34.276,-90.503,0,230.14,-861.43,1,114.00,18.11,2500,1,0,0
2214,36.9369,free_swing,570,491,459,455,-30.324,-107.969,0,235.67,-364.06,1,116.69,16.18,2500,1,0,0
2215,36.95358,free_swing,584,492,449,464,-26.278,-101.717,0,271.54,42.37,1,137.87,0.97,2500,1,0,0
2216,36.97027,free_swing,601,490,445,475,-21.425,-95.492,0,305.36,44.39,1,156.72,12.57,2500,0,0,0
2217,36.98695,free_swing,619,487,481,437,-15.848,-109.916,0,326.07,-75.96,0,146.78,5.43,2500,0,0,0
2218,37.00363,free_swing,635,483,484,453,-10.505,-101.237,0,336.19,-20.41,1,153.95,10.58,2500,0,0,0
2219,37.02032,free_swing,651,476,505,450,-4.764,-100.098,0,367.64,160.52,0,148.30,6.52,2500,0,0,0
2220,37.037,free_swing,667,468,519,432,1.685,-103.671,0,416.64,49.91,0,152.32,9.40,2500,0,0,0
2221,37.05368,free_swing,683,457,533,439,9.090,-96.843,0,436.15,256.14,1,151.08,8.51,2500,1,0,0
2222,37.07037,free_swing,696,444,551,437,16.417,-92.764,0,430.51,450.69,0,145.17,4.27,2500,0,0,0
2223,37.08705,free_swing,706,433,567,445,23.062,-85.066,0,415.86,516.27,0,139.52,0.21,2500,0,0,0
2224,37.10373,free_swing,715,423,590,455,29.745,-75.641,0,351.01,356.67,0,129.03,7.32,2500,0,0,0
2225,37.12042,free_swing,721,414,596,460,35.272,-69.796,0,226.04,-0.47,1,133.20,4.33,2500,1,0,0
2226,37.1371,free_swing,722,410,630,435,37.104,-74.798,0,82.40,185.21,1,95.34,31.52,2500,0,0,0
2227,37.15378,free_swing,723,411,635,443,37.216,-70.017,0,-64.49,813.50,1,93.64,32.74,2500,1,0,0
2228,37.17047,free_swing,722,414,647,490,35.735,-44.621,0,-193.54,1084.80,1,106.78,23.31,2500,1,0,0
2229,37.18715,free_swing,717,423,670,517,30.685,-26.565,0,-323.96,950.16,1,105.10,24.51,2500,0,0,0
2230,37.20383,free_swing,709,433,683,505,24.487,-19.855,0,-447.51,991.97,1,76.55,45.02,2500,0,0,0
2231,37.22052,free_swing,697,446,704,529,16.607,4.821,0,-545.20,1743.10,1,83.29,40.17,2500,1,0,0
2232,37.2372,free_swing,678,462,729,530,6.582,36.870,0,-583.12,1767.97,1,85.00,38.95,2500,0,0,0
2233,37.25388,free_swing,655,476,747,507,-3.180,71.378,0,-519.48,1183.04,1,97.08,30.27,2500,1,0,0
2234,37.27057,free_swing,635,484,757,528,-10.437,70.168,0,-411.30,483.50,1,129.69,6.85,2500,1,0,0
2235,37.28725,free_swing,617,488,750,499,-16.429,85.272,0,-325.53,345.39,0,133.45,4.14,2500,0,0,0
2236,37.30393,free_swing,600,490,748,498,-21.739,86.906,0,-287.36,625.90,1,148.22,6.46,2500,1,0,0
2237,37.32062,free_swing,585,492,738,461,-25.989,101.454,0,-261.58,426.83,1,156.11,12.13,2500,0,0,0
2238,37.3373,free_swing,570,490,731,442,-30.481,106.601,0,-246.61,148.93,1,168.00,20.67,2500,1,0,0
2239,37.35398,free_swing,555,489,711,446,-34.524,105.410,0,-251.67,29.97,1,161.82,16.23,2500,0,0,0
2240,37.37067,free_swing,540,486,697,453,-38.614,101.870,0,-255.23,58.25,1,160.43,15.23,2500,0,0,0
2241,37.38735,free_swing,524,480,688,411,-43.204,112.818,0,-268.33,-40.96,1,177.92,27.80,2500,0,0,0
2242,37.40403,free_swing,509,473,678,433,-47.523,103.316,0,-265.59,-94.09,1,173.67,24.74,2500,0,0,0
2243,37.42072,free_swing,494,464,661,435,-52.008,99.851,0,-251.15,-283.08,1,169.50,21.75,2500,0,0,0
2244,37.4374,free_swing,481,455,651,421,-55.948,101.310,0,-242.08,-492.15,1,173.37,24.52,2500,1,0,0
2245,37.45408,free_swing,469,445,629,452,-59.780,87.495,0,-216.46,-456.41,1,160.15,15.03,2500,0,0,0
2246,37.47077,free_swing,460,434,609,478,-63.322,73.548,0,-173.07,-402.49,1,155.36,11.59,2500,0,0,0
2247,37.48745,free_swing,454,427,606,444,-65.556,83.618,0,-113.50,-128.75,1,152.95,9.86,2500,1,0,0
2248,37.50413,free_swing,450,423,578,475,-66.866,67.891,0,-56.61,-446.52,1,138.16,0.76,2500,1,0,0
2249,37.52082,free_swing,449,421,572,479,-67.418,64.754,0,6.50,-1000.88,1,135.99,2.32,2500,1,0,0
2250,37.5375,free_swing,450,423,541,525,-66.866,41.738,0,73.99,-834.13,0,136.69,1.82,2500,0,0,0
2251,37.55418,free_swing,456,430,518,556,-64.666,26.200,0,151.68,-871.89,0,140.43,0.87,2500,0,0,0
2252,37.57087,free_swing,463,439,504,546,-61.853,20.966,0,232.24,-789.33,1,114.59,17.70,2500,0,0,0
2253,37.58755,free_swing,477,452,474,562,-57.171,-1.562,0,316.33,-1254.26,1,110.04,20.96,2500,1,0,0
2254,37.60423,free_swing,495,466,450,576,-51.423,-22.249,0,365.88,-1625.16,1,118.85,14.63,2500,1,0,0
2255,37.62092,free_swing,517,478,431,544,-45.000,-52.496,0,344.15,-1347.16,1,108.41,22.13,2500,1,0,0
2256,37.6376,free_swing,535,485,429,519,-39.916,-72.216,0,288.51,-1082.33,1,111.32,20.04,2500,1,0,0
2257,37.65428,free_swing,551,488,426,507,-35.676,-81.357,0,239.97,-609.13,1,126.44,9.18,2500,1,0,0
2258,37.67097,free_swing,565,490,431,475,-31.809,-96.387,0,220.43,-398.59,1,134.84,3.15,2500,1,0,0
2259,37.68765,free_swing,578,492,432,475,-27.979,-96.642,0,240.35,-349.71,0,146.99,5.58,2500,0,0,0
2260,37.70433,free_swing,592,491,452,456,-24.063,-104.036,0,275.72,-529.32,0,144.31,3.65,2500,0,0,0
2261,37.72102,free_swing,610,490,470,429,-18.544,-113.543,0,322.57,-388.92,0,152.71,9.69,2500,0,0,0
2262,37.7377,free_swing,627,485,499,400,-13.241,-123.587,0,354.39,90.50,1,153.65,10.36,2500,1,0,0
2263,37.75438,free_swing,645,480,497,433,-6.934,-107.618,0,362.22,299.20,1,155.28,11.54,2500,1,0,0
2264,37.77107,free_swing,661,472,511,426,-0.818,-107.049,0,392.11,279.65,1,156.89,12.69,2500,0,0,0
2265,37.78775,free_swing,676,462,530,416,5.711,-107.488,0,421.18,221.92,0,153.08,9.95,2500,0,0,0
2266,37.80443,free_swing,691,450,536,425,13.349,-99.162,0,454.05,193.87,1,157.00,12.77,2500,0,0,0
2267,37.82112,free_swing,703,437,550,431,20.854,-92.246,0,462.43,277.15,0,153.12,9.98,2500,0,0,0
2268,37.8378,free_swing,713,425,584,406,28.264,-98.379,0,411.73,457.24,0,130.39,6.34,2500,0,0,0
2269,37.85448,free_swing,720,414,578,444,34.804,-78.071,0,325.15,618.76,0,145.13,4.25,2500,0,0,0
2270,37.87117,free_swing,724,408,593,460,38.752,-68.350,0,191.74,766.33,0,140.94,1.24,2500,0,0,0
2271,37.88785,free_swing,726,404,615,459,41.186,-63.642,0,63.40,213.73,1,123.88,11.02,2500,1,0,0
2272,37.90453,free_swing,726,405,638,476,40.795,-51.103,0,-56.24,404.73,1,113.07,18.78,2500,0,0,0
2273,37.92122,free_swing,725,408,646,460,39.207,-56.646,0,-190.37,735.65,1,94.58,32.07,2500,1,0,0
2274,37.9379,free_swing,721,415,664,520,34.946,-28.496,0,-297.99,855.49,1,119.47,14.19,2500,0,0,0
2275,37.95458,free_swing,714,425,685,529,28.740,-15.581,0,-403.92,1215.64,1,107.97,22.45,2500,1,0,0
2276,37.97127,free_swing,705,437,699,554,21.801,-2.936,0,-500.65,1103.36,1,117.15,15.85,2500,0,0,0
2277,37.98795,free_swing,690,452,727,522,12.680,27.860,0,-573.17,1283.00,1,79.18,43.13,2500,0,0,0
2278,38.00463,free_swing,669,468,743,552,2.526,41.379,0,-566.50,1136.32,1,111.95,19.59,2500,0,0,0
2279,38.02132,free_swing,647,479,759,544,-6.212,59.871,0,-468.72,848.81,1,129.50,6.99,2500,1,0,0
2280,38.038,free_swing,628,486,762,527,-12.804,72.987,0,-365.13,698.89,0,140.13,0.65,2500,0,0,0
2281,38.05468,free_swing,611,490,756,508,-18.217,82.924,0,-301.98,367.25,1,146.11,4.95,2500,1,0,0
2282,38.07137,free_swing,595,491,749,502,-23.155,85.914,0,-271.85,310.48,1,154.39,10.90,2500,0,0,0
2283,38.08805,free_swing,580,492,736,490,-27.418,90.735,0,-255.32,294.41,1,156.01,12.06,2500,0,0,0
2284,38.10473,free_swing,565,491,724,465,-31.648,99.287,0,-251.76,415.06,1,161.11,15.72,2500,0,0,0
2285,38.12142,free_swing,550,488,706,457,-35.918,101.239,0,-259.43,149.64,1,159.05,14.24,2500,1,0,0
2286,38.1381,free_swing,534,484,690,434,-40.321,107.771,0,-267.37,-27.08,1,163.82,17.67,2500,0,0,0
2287,38.15478,free_swing,518,478,677,456,-44.803,97.878,0,-276.25,-141.39,1,160.51,15.29,2500,0,0,0
2288,38.17147,free_swing,502,470,665,437,-49.399,101.445,0,-264.85,-305.95,1,166.31,19.45,2500,0,0,0
2289,38.18815,free_swing,488,460,646,450,-53.817,93.621,0,-243.53,-251.35,1,158.32,13.71,2500,0,0,0
2290,38.20483,free_swing,476,452,636,462,-57.311,86.424,0,-214.69,-471.32,1,160.31,15.15,2500,1,0,0
2291,38.22152,free_swing,466,442,623,460,-60.822,83.460,0,-179.35,-282.85,1,158.03,13.51,2500,0,0,0
2292,38.2382,free_swing,459,434,603,480,-63.435,72.284,0,-132.75,-460.59,0,151.17,8.58,2500,0,0,0
2293,38.25488,free_swing,455,429,590,472,-64.998,72.332,0,-52.93,-482.42,0,141.68,1.77,2500,0,0,0
2294,38.27157,free_swing,454,428,567,512,-65.329,53.374,0,30.69,-571.69,0,140.80,1.13,2500,0,0,0
2295,38.28825,free_swing,457,433,553,509,-63.882,51.633,0,112.68,-786.84,1,122.44,12.05,2500,1,0,0
2296,38.30493,free_swing,464,440,531,548,-61.511,31.814,0,180.97,-964.96,0,127.09,8.71,2500,0,0,0
2297,38.32162,free_swing,475,450,505,563,-57.885,14.868,0,259.06,-1314.02,1,116.91,16.02,2500,1,0,0
2298,38.3383,free_swing,489,462,470,579,-53.236,-9.224,0,329.37,-1403.67,1,118.53,14.86,2500,0,0,0
2299,38.35498,free_swing,510,475,458,562,-46.935,-30.867,0,352.41,-1311.46,1,101.36,27.20,2500,0,0,0
2300,38.37167,free_swing,529,484,439,547,-41.399,-55.008,0,313.76,-1103.78,1,109.86,21.09,2500,1,0,0
2301,38.38835,free_swing,546,489,425,545,-36.694,-65.165,0,248.12,-779.75,1,133.33,4.23,2500,1,0,0
2302,38.40503,free_swing,560,490,431,508,-33.100,-82.057,0,210.89,-659.22,0,130.25,6.45,2500,0,0,0
2303,38.42172,free_swing,573,491,427,500,-29.511,-86.473,0,225.09,-589.96,0,146.28,5.07,2500,0,0,0
2304,38.4384,free_swing,586,492,451,466,-25.699,-100.901,0,266.12,-285.07,1,137.48,1.25,2500,1,0,0
2305,38.45508,free_swing,604,490,458,462,-20.477,-100.856,0,303.22,-111.48,0,148.66,6.78,2500,0,0,0
2306,38.47177,free_swing,620,487,466,458,-15.505,-100.665,0,308.94,-255.72,1,156.71,12.56,2500,0,0,0
2307,38.48845,free_swing,636,483,486,442,-10.138,-105.287,0,312.39,-190.46,1,155.50,11.69,2500,0,0,0
2308,38.50513,free_swing,650,476,519,408,-5.159,-117.433,0,347.39,14.82,1,147.60,6.02,2500,1,0,0
2309,38.52182,free_swing,666,467,513,441,1.273,-99.644,0,386.66,217.79,1,155.19,11.47,2500,1,0,0
2310,38.5385,free_swing,681,458,532,418,8.130,-105.027,0,430.20,147.06,1,154.28,10.81,2500,0,0,0
2311,38.55518,free_swing,694,446,554,416,15.213,-102.095,0,439.51,83.24,0,143.18,2.84,2500,0,0,0
2312,38.57187,free_swing,706,434,562,409,22.859,-99.849,0,446.79,482.46,1,146.15,4.98,2500,1,0,0
2313,38.58855,free_swing,715,423,576,432,29.745,-86.295,0,414.50,543.32,0,139.29,0.05,2500,0,0,0
2314,38.60523,free_swing,722,412,593,437,36.409,-79.032,0,306.47,610.79,0,131.40,5.62,2500,0,0,0
2315,38.62192,free_swing,725,405,603,447,40.342,-71.003,0,160.75,509.73,0,129.03,7.32,2500,0,0,0
2316,38.6386,free_swing,726,404,615,470,41.186,-59.265,0,0.42,438.00,0,129.14,7.24,2500,0,0,0
2317,38.65528,free_swing,726,406,635,470,40.409,-54.881,0,-122.84,358.70,1,111.25,20.09,2500,0,0,0
2318,38.67197,free_swing,723,411,640,482,37.216,-49.456,0,-253.25,539.24,1,109.22,21.55,2500,0,0,0
2319,38.68865,free_swing,718,419,653,504,32.300,-37.405,0,-356.05,770.95,1,107.00,23.14,2500,1,0,0
2320,38.70533,free_swing,709,431,671,539,24.922,-19.385,0,-441.35,1046.51,1,114.49,17.76,2500,1,0,0
2321,38.72202,free_swing,699,444,686,558,17.819,-6.506,0,-535.26,1223.32,1,114.74,17.59,2500,0,0,0
2322,38.7387,free_swing,681,460,712,545,8.005,20.037,0,-585.78,1199.70,1,90.48,35.01,2500,0,0,0
2323,38.75538,free_swing,657,475,728,565,-2.403,38.270,0,-576.14,1080.04,1,114.63,17.66,2500,0,0,0
2324,38.77207,free_swing,634,484,741,570,-10.802,51.210,0,-471.17,869.77,1,137.28,1.40,2500,1,0,0
2325,38.78875,free_swing,612,490,738,545,-17.889,66.418,0,-373.54,653.04,1,137.48,1.25,2500,1,0,0
2326,38.80543,free_swing,594,492,732,520,-23.328,78.530,0,-315.18,583.60,0,140.81,1.14,2500,0,0,0
2327,38.82212,free_swing,577,491,725,518,-28.408,79.661,0,-277.81,379.17,1,150.44,8.06,2500,1,0,0
2328,38.8388,free_swing,561,490,715,481,-32.845,93.345,0,-259.48,175.08,1,154.26,10.80,2500,1,0,0
2329,38.85548,free_swing,546,487,704,487,-37.047,90.000,0,-248.07,112.96,1,158.00,13.49,2500,0,0,0
2330,38.87217,free_swing,531,483,690,484,-41.159,89.640,0,-249.11,-10.40,1,159.00,14.21,2500,0,0,0
2331,38.88885,free_swing,516,477,671,466,-45.392,94.059,0,-251.46,9.05,1,155.39,11.61,2500,0,0,0
2332,38.90553,free_swing,501,470,668,467,-49.574,91.029,0,-252.86,-211.82,1,167.03,19.97,2500,1,0,0
2333,38.92222,free_swing,487,461,645,474,-53.760,85.296,0,-253.31,-294.17,1,158.53,13.87,2500,0,0,0
2334,38.9389,free_swing,475,450,632,475,-57.885,80.952,0,-237.48,-132.80,1,158.98,14.19,2500,0,0,0
2335,38.95558,free_swing,464,439,614,463,-61.734,80.910,0,-197.16,-102.38,0,151.91,9.11,2500,0,0,0
2336,38.97227,free_swing,456,431,598,458,-64.440,79.234,0,-144.86,-253.70,0,144.54,3.82,2500,0,0,0
2337,38.98895,free_swing,451,425,586,469,-66.314,71.948,0,-86.18,-361.39,0,141.99,1.99,2500,0,0,0
2338,39.00563,free_swing,449,421,567,475,-67.418,65.410,0,-28.60,-160.27,1,129.77,6.79,2500,1,0,0
2339,39.02232,free_swing,449,422,558,478,-67.190,62.808,0,47.33,-490.66,1,122.54,11.98,2500,1,0,0
2340,39.039,free_swing,453,426,549,485,-65.886,58.426,0,122.55,-1003.15,1,112.68,19.06,2500,1,0,0
2341,39.05568,free_swing,461,435,507,538,-62.983,24.066,0,200.27,-1257.23,1,112.81,18.98,2500,1,0,0
2342,39.07237,free_swing,471,446,487,550,-59.300,8.746,0,283.33,-1524.20,1,105.22,24.42,2500,1,0,0
2343,39.08905,free_swing,486,461,476,512,-53.915,-11.094,0,338.17,-1519.51,1,51.97,62.67,2500,0,0,0
2344,39.10573,free_swing,507,473,432,535,-47.891,-50.421,0,340.33,-1835.13,1,97.31,30.11,2500,1,0,0
2345,39.12242,free_swing,525,482,428,517,-42.614,-70.159,0,290.80,-1377.68,1,103.12,25.93,2500,1,0,0
2346,39.1391,free_swing,541,486,432,478,-38.387,-94.198,0,244.72,-616.89,1,109.29,21.50,2500,1,0,0
2347,39.15578,free_swing,555,489,429,479,-34.524,-94.538,0,218.38,-238.98,1,126.40,9.21,2500,1,0,0
2348,39.17247,free_swing,569,490,426,471,-30.750,-97.568,0,222.01,-81.63,0,144.26,3.62,2500,0,0,0
2349,39.18915,free_swing,582,490,434,461,-27.142,-101.086,0,254.77,-329.72,1,150.81,8.33,2500,1,0,0
2350,39.20583,free_swing,598,490,455,444,-22.362,-107.832,0,306.33,-270.67,0,150.22,7.90,2500,0,0,0
2351,39.22252,free_swing,616,488,477,428,-16.767,-113.348,0,343.60,-495.46,1,151.40,8.74,2500,1,0,0
2352,39.2392,free_swing,634,483,498,418,-10.871,-115.545,0,345.44,-262.24,1,150.73,8.27,2500,1,0,0
2353,39.25588,free_swing,650,476,528,374,-5.159,-129.898,0,361.82,137.40,1,159.02,14.22,2500,1,0,0
2354,39.27257,free_swing,665,468,519,412,0.843,-110.985,0,390.68,537.97,1,156.37,12.32,2500,1,0,0
2355,39.28925,free_swing,681,458,531,420,8.130,-104.216,0,438.03,759.02,1,154.74,11.14,2500,1,0,0
2356,39.30593,free_swing,694,446,546,435,15.213,-94.251,0,447.51,502.63,1,148.41,6.60,2500,1,0,0
2357,39.32262,free_swing,706,433,555,450,23.062,-83.577,0,430.07,668.24,0,151.95,9.14,2500,0,0,0
2358,39.3393,free_swing,714,423,576,459,29.268,-75.379,0,377.59,507.24,0,142.62,2.44,2500,0,0,0
2359,39.35598,free_swing,721,414,591,480,35.272,-63.083,0,266.76,403.25,0,145.79,4.72,2500,0,0,0
2360,39.37267,free_swing,724,409,611,465,38.387,-63.638,0,113.58,285.00,0,126.12,9.41,2500,0,0,0
2361,39.38935,free_swing,724,408,624,481,38.752,-53.871,0,-77.06,420.87,1,123.81,11.07,2500,0,0,0
2362,39.40603,free_swing,722,413,652,472,36.069,-49.874,0,-215.68,27.34,1,91.55,34.24,2500,1,0,0
2363,39.42272,free_swing,717,421,658,502,31.247,-36.069,0,-323.74,1426.50,1,100.21,28.02,2500,1,0,0
2364,39.4394,free_swing,710,430,691,455,25.622,-37.235,0,-408.36,2165.73,1,31.40,77.45,2500,1,0,0
2365,39.45608,free_swing,699,444,719,456,17.819,59.036,0,-509.89,1970.86,1,23.32,83.25,2500,0,0,0
2366,39.47277,free_swing,683,459,736,520,8.949,40.986,0,-573.49,1137.79,1,80.81,41.96,2500,1,0,0
2367,39.48945,free_swing,660,473,751,526,-1.219,59.783,0,-544.41,82.11,1,105.31,24.36,2500,1,0,0
2368,39.50613,free_swing,638,484,765,526,-9.340,71.701,0,-454.74,848.88,1,133.76,3.92,2500,1,0,0
2369,39.52282,free_swing,619,487,759,511,-15.848,80.272,0,-344.43,740.09,0,142.04,2.03,2500,0,0,0
2370,39.5395,free_swing,602,490,749,483,-21.110,92.726,0,-288.56,593.96,0,147.17,5.71,2500,0,0,0
2371,39.55618,free_swing,587,492,740,441,-25.408,108.435,0,-261.71,455.65,1,161.28,15.84,2500,0,0,0
2372,39.57287,free_swing,572,490,730,453,-29.940,103.180,0,-248.86,412.50,1,162.27,16.56,2500,0,0,0
2373,39.58955,free_swing,557,489,710,413,-34.026,116.415,0,-247.31,256.41,1,170.84,22.71,2500,0,0,0
2374,39.60623,free_swing,542,487,713,379,-37.977,122.276,0,-249.27,16.77,1,202.25,45.27,2500,1,0,0
2375,39.62292,free_swing,527,481,684,416,-42.388,112.490,0,-259.07,-335.17,1,169.92,22.05,2500,1,0,0
2376,39.6396,free_swing,512,474,668,428,-46.759,106.429,0,-265.53,-482.63,1,162.64,16.82,2500,0,0,0
2377,39.65628,free_swing,496,467,659,424,-51.049,104.778,0,-260.22,-403.61,1,168.58,21.08,2500,0,0,0
2378,39.67297,free_swing,483,456,646,456,-55.437,90.000,0,-245.76,-254.37,1,163.00,17.08,2500,0,0,0
2379,39.68965,free_swing,471,446,636,446,-59.300,90.000,0,-224.22,-448.24,1,165.00,18.52,2500,0,0,0
2380,39.70633,free_swing,462,436,628,443,-62.642,87.585,0,-184.77,-524.64,1,166.15,19.34,2500,0,0,0
2381,39.72302,free_swing,454,427,596,494,-65.556,64.741,0,-133.77,-614.92,1,157.01,12.78,2500,0,0,0
2382,39.7397,free_swing,450,422,586,489,-67.094,63.773,0,-72.02,-496.60,0,151.61,8.90,2500,0,0,0
2383,39.75638,free_swing,448,420,569,494,-67.741,58.551,0,-1.95,-97.67,1,141.83,1.88,2500,1,0,0
2384,39.77307,free_swing,450,421,551,509,-67.323,48.935,0,62.15,-424.84,1,133.96,3.78,2500,1,0,0
2385,39.78975,free_swing,454,427,540,497,-65.556,50.856,0,132.26,-722.88,1,110.89,20.35,2500,1,0,0
2386,39.80643,free_swing,460,436,510,544,-62.873,24.842,0,205.28,-1136.15,1,119.01,14.52,2500,1,0,0
2387,39.82312,free_swing,473,447,487,560,-58.815,7.063,0,291.18,-1530.27,1,113.86,18.21,2500,1,0,0
2388,39.8398,free_swing,489,461,454,566,-53.448,-18.435,0,354.84,-1465.81,1,110.68,20.50,2500,0,0,0
2389,39.85648,free_swing,510,475,452,533,-46.935,-45.000,0,362.65,-1459.73,1,82.02,41.08,2500,0,0,0
2390,39.87317,free_swing,529,484,438,527,-41.399,-64.708,0,313.50,-932.76,1,100.65,27.71,2500,1,0,0
2391,39.88985,free_swing,547,488,428,511,-36.634,-79.061,0,257.81,-495.44,1,121.20,12.94,2500,1,0,0
2392,39.90653,free_swing,561,490,417,514,-32.845,-80.538,0,228.18,-619.63,0,145.99,4.86,2500,0,0,0
2393,39.92322,free_swing,575,492,434,483,-28.811,-93.652,0,234.27,-761.34,0,141.29,1.48,2500,0,0,0
2394,39.9399,free_swing,589,491,459,434,-24.958,-113.676,0,273.36,-575.71,0,141.95,1.96,2500,0,0,0
2395,39.95658,free_swing,606,490,477,432,-19.837,-114.209,0,313.61,-325.56,1,141.44,1.59,2500,1,0,0
2396,39.97327,free_swing,624,486,487,426,-14.211,-113.651,0,344.82,-20.94,1,149.56,7.43,2500,1,0,0
2397,39.98995,free_swing,641,480,514,394,-8.455,-124.104,0,351.48,45.31,1,153.38,10.17,2500,0,0,0
2398,40.00663,free_swing,657,473,519,420,-2.437,-111.010,0,373.02,446.09,1,147.83,6.18,2500,1,0,0
2399,40.02332,free_swing,672,464,524,417,3.900,-107.618,0,413.73,429.72,1,155.28,11.54,2500,0,0,0
2400,40.04,free_swing,687,453,536,439,11.219,-95.297,0,442.83,336.08,0,151.65,8.92,2500,0,0,0
2401,40.05668,free_swing,700,440,565,416,18.911,-100.081,0,465.62,520.11,0,137.12,1.51,2500,0,0,0
2402,40.07337,free_swing,710,428,562,451,26.086,-81.167,0,424.48,252.99,1,149.78,7.58,2500,1,0,0
2403,40.09005,free_swing,719,417,583,447,33.378,-77.560,0,360.73,464.37,1,139.27,0.03,2500,1,0,0
2404,40.10673,free_swing,723,410,608,427,37.569,-81.591,0,238.39,579.42,1,116.25,16.50,2500,0,0,0
2405,40.12342,free_swing,726,404,611,485,41.186,-54.841,0,65.38,686.04,0,140.66,1.03,2500,0,0,0
2406,40.1401,free_swing,726,406,625,499,40.409,-47.361,0,-77.37,593.64,0,137.30,1.38,2500,0,0,0
2407,40.15678,free_swing,723,410,641,484,37.569,-47.936,0,-218.57,337.54,1,110.45,20.66,2500,1,0,0
2408,40.17347,free_swing,720,417,663,509,33.845,-31.781,0,-311.65,727.11,1,108.23,22.26,2500,1,0,0
2409,40.19015,free_swing,712,427,680,510,27.284,-21.084,0,-415.20,945.88,1,88.96,36.11,2500,1,0,0
2410,40.20683,free_swing,702,441,698,545,19.687,-2.203,0,-527.06,1103.25,1,104.08,25.24,2500,0,0,0
2411,40.22352,free_swing,686,456,713,560,10.508,14.554,0,-589.14,1267.25,1,107.45,22.82,2500,0,0,0
2412,40.2402,free_swing,663,471,734,555,0.000,40.206,0,-585.60,1054.43,1,109.99,21.00,2500,1,0,0
2413,40.25688,free_swing,639,483,751,563,-9.031,54.462,0,-488.51,1112.02,0,137.64,1.14,2500,0,0,0
2414,40.27357,free_swing,618,488,749,541,-16.091,67.973,0,-373.09,1205.85,0,141.32,1.50,2500,0,0,0
2415,40.29025,free_swing,601,491,744,475,-21.303,96.384,0,-300.05,917.08,1,143.89,3.35,2500,1,0,0
2416,40.30693,free_swing,584,492,734,444,-26.278,107.745,0,-274.42,492.42,1,157.49,13.12,2500,1,0,0
2417,40.32362,free_swing,569,491,722,463,-30.591,100.371,0,-266.03,-141.14,1,155.54,11.72,2500,1,0,0
2418,40.3403,free_swing,553,488,707,433,-35.189,109.654,0,-253.37,-120.59,1,163.53,17.46,2500,0,0,0
2419,40.35698,free_swing,538,485,698,463,-39.249,97.829,0,-252.80,44.07,1,161.51,16.00,2500,0,0,0
2420,40.37367,free_swing,523,480,683,439,-43.409,104.373,0,-257.17,-135.00,1,165.17,18.64,2500,0,0,0
2421,40.39035,free_swing,507,473,670,437,-47.891,102.454,0,-263.88,-290.96,1,166.93,19.90,2500,0,0,0
2422,40.40703,free_swing,492,464,656,459,-52.334,91.746,0,-265.39,-365.45,1,164.08,17.85,2500,0,0,0
2423,40.42372,free_swing,479,454,636,471,-56.454,83.820,0,-249.17,-313.56,1,157.92,13.43,2500,0,0,0
2424,40.4404,free_swing,467,442,629,444,-60.698,89.293,0,-220.00,-299.35,1,162.01,16.37,2500,0,0,0
2425,40.45708,free_swing,458,433,608,480,-63.771,72.602,0,-170.73,-610.67,1,157.19,12.91,2500,1,0,0
2426,40.47377,free_swing,452,425,588,483,-66.214,66.903,0,-107.10,-481.33,0,147.85,6.20,2500,0,0,0
2427,40.49045,free_swing,449,421,565,504,-67.418,54.416,0,-46.17,-320.61,0,142.64,2.45,2500,0,0,0
2428,40.50713,free_swing,449,420,554,481,-67.647,59.845,0,19.27,-535.15,1,121.43,12.78,2500,1,0,0
2429,40.52382,free_swing,451,423,528,521,-66.769,38.157,0,84.49,-727.64,1,124.63,10.48,2500,0,0,0
2430,40.5405,free_swing,457,429,506,525,-64.785,27.041,0,165.19,-1082.51,1,107.78,22.58,2500,1,0,0
2431,40.55718,free_swing,465,440,485,547,-61.390,10.587,0,250.33,-1113.02,1,108.85,21.81,2500,0,0,0
2432,40.57387,free_swing,479,454,451,566,-56.454,-14.036,0,328.42,-1487.26,1,115.45,17.08,2500,1,0,0
2433,40.59055,free_swing,498,467,450,532,-50.711,-36.444,0,354.66,-1436.01,1,80.80,41.96,2500,0,0,0
2434,40.60723,free_swing,518,479,416,531,-44.608,-62.987,0,324.19,-1184.39,1,114.49,17.76,2500,1,0,0
2435,40.62392,free_swing,535,485,416,515,-39.916,-75.851,0,267.56,-949.82,1,122.72,11.85,2500,1,0,0
2436,40.6406,free_swing,550,488,421,486,-35.918,-90.888,0,218.99,-624.55,1,129.02,7.33,2500,1,0,0
2437,40.65728,free_swing,563,490,430,464,-32.330,-101.061,0,218.35,-307.90,1,135.52,2.66,2500,1,0,0
2438,40.67397,free_swing,576,491,432,458,-28.686,-102.907,0,244.43,-391.18,0,147.73,6.11,2500,0,0,0
2439,40.69065,free_swing,592,491,448,452,-24.063,-105.154,0,288.74,-434.84,0,149.19,7.16,2500,0,0,0
2440,40.70733,free_swing,609,489,488,404,-18.981,-125.087,0,330.67,-202.65,1,147.87,6.21,2500,1,0,0
2441,40.72402,free_swing,627,485,492,419,-13.241,-116.053,0,335.79,-17.20,0,150.27,7.93,2500,0,0,0
2442,40.7407,free_swing,644,479,500,421,-7.365,-111.938,0,340.74,273.81,1,155.24,11.51,2500,1,0,0
2443,40.75738,free_swing,658,472,524,399,-2.045,-118.580,0,379.79,96.57,0,152.59,9.60,2500,0,0,0
2444,40.77407,free_swing,674,462,526,420,4.837,-105.843,0,430.71,255.79,1,153.84,10.50,2500,0,0,0
2445,40.79075,free_swing,690,450,546,410,12.888,-105.524,0,470.91,579.89,1,149.45,7.35,2500,1,0,0
2446,40.80743,free_swing,702,438,554,424,20.200,-95.404,0,463.73,541.20,0,148.66,6.78,2500,0,0,0
2447,40.82412,free_swing,712,425,568,450,27.784,-80.151,0,398.38,590.61,0,146.15,4.98,2500,0,0,0
2448,40.8408,free_swing,719,415,590,442,34.007,-78.179,0,315.00,314.06,1,131.80,5.34,2500,1,0,0
2449,40.85748,free_swing,722,409,604,450,37.461,-70.840,0,169.81,257.43,1,124.92,10.27,2500,0,0,0
2450,40.87417,free_swing,725,406,618,450,39.958,-67.647,0,26.14,461.97,1,115.69,16.90,2500,1,0,0
2451,40.89085,free_swing,724,409,629,472,38.387,-56.449,0,-113.48,702.56,1,113.99,18.12,2500,1,0,0
2452,40.90753,free_swing,722,414,643,494,35.735,-44.640,0,-255.51,703.64,1,112.43,19.24,2500,0,0,0
2453,40.92422,free_swing,716,422,661,524,30.493,-28.334,0,-362.05,792.80,1,115.88,16.76,2500,0,0,0
2454,40.9409,free_swing,707,434,691,473,23.334,-22.306,0,-482.50,1158.52,1,42.15,69.72,2500,1,0,0
2455,40.95758,free_swing,694,449,707,556,14.840,6.927,0,-574.10,1339.35,1,107.79,22.58,2500,0,0,0
2456,40.97427,free_swing,674,465,730,552,4.728,32.768,0,-585.24,1720.26,1,103.46,25.68,2500,1,0,0
2457,40.99095,free_swing,650,477,746,555,-5.123,50.906,0,-514.82,1458.30,1,123.69,11.15,2500,1,0,0
2458,41.00763,free_swing,630,486,758,495,-12.095,85.978,0,-405.23,870.84,1,128.32,7.83,2500,1,0,0
2459,41.02432,free_swing,611,490,744,493,-18.217,88.708,0,-324.46,592.39,1,133.03,4.45,2500,1,0,0
2460,41.041,free_swing,594,492,738,496,-23.328,88.409,0,-280.07,335.07,1,144.06,3.47,2500,1,0,0
2461,41.05768,free_swing,579,492,733,437,-27.699,109.654,0,-252.87,225.43,1,163.53,17.46,2500,0,0,0
2462,41.07437,free_swing,565,491,719,450,-31.648,104.908,0,-249.98,283.10,1,159.36,14.47,2500,0,0,0
2463,41.09105,free_swing,549,488,706,461,-36.158,99.758,0,-254.13,115.55,1,159.30,14.42,2500,0,0,0
2464,41.10773,free_swing,533,485,711,382,-40.354,120.056,0,-263.06,-59.73,1,205.65,47.71,2500,0,0,0
2465,41.12442,free_swing,518,479,672,438,-44.608,104.908,0,-257.98,-356.39,1,159.36,14.47,2500,1,0,0
2466,41.1411,free_swing,503,470,661,465,-49.222,91.813,0,-264.23,-611.74,1,158.08,13.54,2500,1,0,0
2467,41.15778,free_swing,489,462,645,449,-53.236,94.764,0,-257.88,-305.32,1,156.54,12.44,2500,1,0,0
2468,41.17447,free_swing,476,450,630,468,-57.747,83.333,0,-244.41,-304.90,1,155.05,11.37,2500,0,0,0
2469,41.19115,free_swing,465,440,621,473,-61.390,78.056,0,-209.54,-367.06,1,159.45,14.53,2500,0,0,0
2470,41.20783,free_swing,456,430,605,472,-64.666,74.258,0,-153.28,-509.01,1,154.81,11.19,2500,0,0,0
2471,41.22452,free_swing,452,424,589,486,-66.442,65.651,0,-91.71,-477.12,0,150.38,8.01,2500,0,0,0
2472,41.2412,free_swing,449,420,562,517,-67.647,49.357,0,-27.56,-449.24,0,148.92,6.97,2500,0,0,0
2473,41.25788,free_swing,449,421,561,497,-67.418,55.840,0,31.27,-310.13,0,135.35,2.78,2500,0,0,0
2474,41.27457,free_swing,452,424,536,520,-66.442,41.186,0,103.63,-251.70,0,127.56,8.38,2500,0,0,0
2475,41.29125,free_swing,457,432,521,516,-64.106,37.304,0,179.91,-767.19,1,105.60,24.15,2500,1,0,0
2476,41.30793,free_swing,468,443,504,518,-60.350,25.641,0,270.66,-1272.42,1,83.19,40.25,2500,1,0,0
2477,41.32462,free_swing,484,456,472,549,-55.288,-7.352,0,347.87,-1807.12,1,93.77,32.65,2500,1,0,0
2478,41.3413,free_swing,503,471,447,544,-49.018,-37.493,0,367.99,-1594.99,1,92.01,33.91,2500,1,0,0
2479,41.35798,free_swing,524,482,420,546,-42.820,-58.392,0,329.67,-1035.82,1,122.11,12.29,2500,1,0,0
2480,41.37467,free_swing,541,487,419,528,-38.206,-71.424,0,263.35,-1105.16,0,128.71,7.55,2500,0,0,0
2481,41.39135,free_swing,556,490,434,494,-34.106,-88.122,0,232.28,-907.81,1,122.07,12.32,2500,0,0,0
2482,41.40803,free_swing,570,491,458,446,-30.324,-111.890,0,253.83,-378.67,1,120.70,13.30,2500,1,0,0
2483,41.42472,free_swing,586,492,449,465,-25.699,-101.149,0,287.41,-7.83,1,139.64,0.30,2500,1,0,0
2484,41.4414,free_swing,604,490,454,461,-20.477,-100.942,0,318.42,45.67,0,152.78,9.74,2500,0,0,0
2485,41.45808,free_swing,621,487,483,436,-15.161,-110.283,0,329.33,-239.47,1,147.12,5.67,2500,1,0,0
2486,41.47477,free_swing,638,482,495,434,-9.462,-108.555,0,345.99,-246.57,0,150.84,8.34,2500,0,0,0
2487,41.49145,free_swing,654,474,509,419,-3.627,-110.772,0,372.61,44.96,1,155.08,11.39,2500,1,0,0
2488,41.50813,free_swing,670,465,538,402,3.013,-115.514,0,413.74,287.54,1,146.26,5.06,2500,1,0,0
2489,41.52482,free_swing,685,455,533,429,10.141,-99.707,0,466.02,310.50,1,154.21,10.76,2500,0,0,0
2490,41.5415,free_swing,699,441,558,427,18.277,-95.670,0,485.48,497.72,0,141.69,1.77,2500,0,0,0
2491,41.55818,free_swing,711,428,577,412,26.565,-96.809,0,478.86,553.61,0,134.95,3.07,2500,0,0,0
2492,41.57487,free_swing,719,416,578,459,33.690,-73.040,0,419.77,616.60,0,147.41,5.88,2500,0,0,0
2493,41.59155,free_swing,725,405,593,456,40.342,-68.875,0,307.02,410.31,1,141.51,1.64,2500,1,0,0
2494,41.60823,free_swing,728,399,623,442,44.132,-67.730,0,151.13,302.53,1,113.46,18.50,2500,0,0,0
2495,41.62492,free_swing,729,398,630,458,45.000,-58.782,0,-30.52,507.40,1,115.76,16.85,2500,1,0,0
2496,41.6416,free_swing,728,401,652,479,43.290,-44.256,0,-169.34,664.43,1,108.90,21.78,2500,0,0,0
2497,41.65828,free_swing,725,408,663,481,39.207,-40.342,0,-285.18,742.09,1,95.78,31.21,2500,0,0,0
2498,41.67497,free_swing,720,417,675,533,33.845,-21.203,0,-410.02,902.15,1,124.42,10.63,2500,0,0,0
2499,41.69165,free_swing,711,430,700,544,26.095,-5.511,0,-524.74,1185.64,1,114.53,17.74,2500,1,0,0
2500,41.70833,free_swing,696,446,720,546,16.144,13.496,0,-614.99,1113.60,1,102.84,26.13,2500,0,0,0
2501,41.72502,free_swing,677,463,743,552,6.100,36.560,0,-602.12,1560.88,1,110.80,20.41,2500,1,0,0
2502,41.7417,free_swing,653,477,754,548,-3.945,54.894,0,-514.69,1267.37,1,123.46,11.32,2500,1,0,0
2503,41.75838,free_swing,633,485,762,486,-11.094,89.556,0,-418.19,737.51,1,129.00,7.34,2500,1,0,0
2504,41.77507,free_swing,614,489,756,516,-17.333,79.234,0,-337.44,529.84,1,144.54,3.82,2500,1,0,0
2505,41.79175,free_swing,596,491,748,485,-22.850,92.261,0,-301.07,286.13,1,152.12,9.26,2500,1,0,0
2506,41.80843,free_swing,580,492,733,447,-27.418,106.390,0,-274.59,358.39,1,159.48,14.55,2500,0,0,0
2507,41.82512,free_swing,564,491,723,465,-31.908,99.287,0,-260.51,80.04,1,161.11,15.72,2500,1,0,0
2508,41.8418,free_swing,548,488,701,457,-36.397,101.454,0,-261.04,-82.45,1,156.11,12.13,2500,0,0,0
2509,41.85848,free_swing,532,485,696,434,-40.570,107.274,0,-269.25,-5.66,1,171.75,23.36,2500,0,0,0
2510,41.87517,free_swing,516,478,679,459,-45.196,96.649,0,-273.11,-133.41,1,164.10,17.87,2500,0,0,0
2511,41.89185,free_swing,500,469,663,442,-49.953,99.405,0,-275.16,-331.00,1,165.22,18.67,2500,0,0,0
2512,41.90853,free_swing,486,460,652,445,-54.127,95.163,0,-256.77,-146.67,1,166.68,19.72,2500,0,0,0
2513,41.92522,free_swing,474,448,630,462,-58.460,84.872,0,-229.41,-91.12,1,156.63,12.50,2500,0,0,0
2514,41.9419,free_swing,463,439,620,432,-61.853,92.553,0,-193.79,-263.14,1,157.16,12.88,2500,0,0,0
2515,41.95858,free_swing,456,430,612,445,-64.666,84.508,0,-137.85,-734.23,1,156.72,12.57,2500,1,0,0
2516,41.97527,free_swing,451,424,576,491,-66.541,61.809,0,-74.17,-1032.93,1,141.82,1.87,2500,1,0,0
2517,41.99195,free_swing,450,422,547,512,-67.094,47.144,0,-1.70,-948.84,0,132.32,4.96,2500,0,0,0
2518,42.00863,free_swing,452,424,527,515,-66.442,39.495,0,74.59,-541.84,1,117.92,15.30,2500,1,0,0
2519,42.02532,free_swing,456,430,504,548,-64.666,22.135,0,159.04,-233.91,1,127.39,8.50,2500,1,0,0
2520,42.042,free_swing,466,440,502,517,-61.267,25.058,0,247.78,-938.39,1,85.00,38.95,2500,1,0,0
2521,42.05868,free_swing,479,454,486,493,-56.454,10.176,0,318.22,-1627.79,1,39.62,71.54,2500,1,0,0
2522,42.07537,free_swing,497,467,464,501,-50.880,-44.145,0,327.67,-1944.87,1,47.38,65.97,2500,1,0,0
2523,42.09205,free_swing,516,477,418,534,-45.392,-59.816,0,301.52,-1809.29,1,113.37,18.57,2500,0,0,0
2524,42.10873,free_swing,531,483,417,500,-41.159,-81.518,0,257.57,-1154.15,1,115.26,17.21,2500,1,0,0
2525,42.12542,free_swing,546,488,449,442,-36.870,-115.372,0,212.13,-884.92,1,107.35,22.89,2500,1,0,0
2526,42.1421,free_swing,558,490,438,446,-33.606,-110.136,0,194.47,-355.96,1,127.81,8.20,2500,1,0,0
2527,42.15878,free_swing,569,491,444,428,-30.591,-116.748,0,217.88,-6.97,1,139.98,0.54,2500,1,0,0
2528,42.17547,free_swing,584,491,459,407,-26.421,-123.901,0,274.31,-616.97,1,150.60,8.17,2500,1,0,0
2529,42.19215,free_swing,602,490,474,402,-21.110,-124.509,0,317.99,-297.68,1,155.33,11.57,2500,1,0,0
2530,42.20883,free_swing,619,487,522,352,-15.848,-144.302,0,330.21,61.58,1,166.23,19.40,2500,1,0,0
2531,42.22552,free_swing,636,482,500,397,-10.204,-122.005,0,342.29,322.38,1,160.38,15.19,2500,1,0,0
2532,42.2422,free_swing,652,475,526,393,-4.399,-123.056,0,370.06,488.09,0,150.33,7.98,2500,0,0,0
2533,42.25888,free_swing,668,466,531,389,2.137,-119.338,0,408.06,-17.32,1,157.16,12.88,2500,1,0,0
2534,42.27557,free_swing,683,456,542,394,9.162,-113.736,0,443.29,198.69,1,154.03,10.64,2500,1,0,0
2535,42.29225,free_swing,697,444,571,378,16.887,-117.646,0,464.46,365.63,0,142.24,2.17,2500,0,0,0
2536,42.30893,free_swing,708,431,571,399,24.444,-103.147,0,460.99,430.85,0,140.69,1.05,2500,0,0,0
2537,42.32562,free_swing,717,419,588,408,31.827,-94.874,0,383.28,694.68,1,129.47,7.01,2500,1,0,0
2538,42.3423,free_swing,723,410,607,409,37.569,-90.494,0,258.38,480.61,1,116.00,16.68,2500,1,0,0
2539,42.35898,free_swing,725,406,607,447,39.958,-70.840,0,104.04,783.40,1,124.92,10.27,2500,1,0,0
2540,42.37567,free_swing,726,405,624,441,40.795,-70.560,0,-53.47,612.07,1,108.17,22.31,2500,0,0,0
2541,42.39235,free_swing,724,408,629,497,38.752,-46.868,0,-191.95,386.81,1,130.18,6.50,2500,1,0,0
2542,42.40903,free_swing,720,416,651,466,34.160,-54.071,0,-301.70,514.84,1,85.21,38.79,2500,0,0,0
2543,42.42572,free_swing,714,426,663,492,28.482,-37.694,0,-383.54,820.77,1,83.41,40.09,2500,1,0,0
2544,42.4424,free_swing,705,437,677,514,21.801,-19.983,0,-486.39,1498.12,1,81.93,41.15,2500,1,0,0
2545,42.45908,free_swing,690,452,703,534,12.680,9.009,0,-588.39,1575.54,1,83.02,40.37,2500,0,0,0
2546,42.47577,free_swing,668,469,718,547,2.090,32.661,0,-613.01,1286.66,1,92.65,33.45,2500,1,0,0
2547,42.49245,free_swing,643,481,733,546,-7.645,54.162,0,-530.01,1135.03,1,111.02,20.26,2500,0,0,0
2548,42.50913,free_swing,620,488,740,548,-15.410,63.435,0,-417.34,974.01,0,134.16,3.63,2500,0,0,0
2549,42.52582,free_swing,601,491,731,492,-21.303,89.559,0,-329.71,589.73,1,130.00,6.62,2500,1,0,0
2550,42.5425,free_swing,583,492,726,493,-26.565,89.599,0,-278.96,271.34,1,143.00,2.72,2500,1,0,0
2551,42.55918,free_swing,568,491,725,492,-30.858,89.635,0,-257.14,116.37,1,157.00,12.77,2500,0,0,0
2552,42.57587,free_swing,553,489,716,469,-35.017,96.995,0,-243.09,408.82,1,164.22,17.96,2500,1,0,0
2553,42.59255,free_swing,538,485,694,444,-39.249,104.725,0,-248.50,328.29,1,161.30,15.86,2500,0,0,0
2554,42.60923,free_swing,523,481,691,430,-43.216,106.887,0,-254.49,-74.09,1,175.57,26.11,2500,1,0,0
2555,42.62592,free_swing,507,474,681,431,-47.690,103.881,0,-257.75,-200.07,1,179.23,28.74,2500,0,0,0
2556,42.6426,free_swing,493,465,664,446,-51.962,96.340,0,-257.78,-137.80,1,172.05,23.58,2500,0,0,0
2557,42.65928,free_swing,480,455,652,426,-56.094,99.570,0,-248.07,-362.28,1,174.43,25.29,2500,1,0,0
2558,42.67597,free_swing,468,444,635,439,-60.129,91.715,0,-223.01,-546.89,1,167.07,20.01,2500,0,0,0
2559,42.69265,free_swing,459,433,604,476,-63.660,73.482,0,-181.02,-629.29,0,151.24,8.63,2500,0,0,0
2560,42.70933,free_swing,452,426,600,476,-65.987,71.333,0,-125.44,-561.48,1,156.22,12.21,2500,0,0,0
2561,42.72602,free_swing,448,420,576,484,-67.741,63.435,0,-64.98,-144.83,1,143.11,2.79,2500,1,0,0
2562,42.7427,free_swing,447,418,555,500,-68.290,52.792,0,-3.04,-333.04,0,135.60,2.60,2500,0,0,0
2563,42.75938,free_swing,448,420,560,480,-67.741,61.821,0,56.93,-584.95,1,127.06,8.74,2500,1,0,0
2564,42.77607,free_swing,452,425,522,525,-66.214,34.992,0,126.02,-818.81,1,122.07,12.32,2500,1,0,0
2565,42.79275,free_swing,458,433,500,536,-63.771,22.184,0,206.08,-1015.65,1,111.23,20.10,2500,0,0,0
2566,42.80943,free_swing,471,446,487,532,-59.300,10.539,0,299.71,-968.17,1,87.48,37.17,2500,0,0,0
2567,42.82612,free_swing,487,460,474,515,-53.973,-13.299,0,356.40,-1978.12,1,56.52,59.41,2500,1,0,0
2568,42.8428,free_swing,508,474,424,554,-47.506,-46.397,0,350.52,-2178.31,1,116.00,16.68,2500,1,0,0
2569,42.85948,free_swing,527,482,465,477,-42.198,-94.611,0,309.81,-1233.21,1,62.20,55.32,2500,1,0,0
2570,42.87617,free_swing,544,487,444,482,-37.515,-92.862,0,262.53,-518.81,1,100.12,28.08,2500,1,0,0
2571,42.89285,free_swing,559,490,431,488,-33.354,-90.895,0,234.83,-116.52,1,128.02,8.05,2500,1,0,0
2572,42.90953,free_swing,573,492,458,444,-29.358,-112.655,0,239.26,-376.74,1,124.62,10.49,2500,1,0,0
2573,42.92622,free_swing,587,491,449,451,-25.547,-106.164,0,277.53,-289.67,0,143.68,3.20,2500,0,0,0
2574,42.9429,free_swing,605,490,473,438,-20.158,-111.501,0,321.23,-261.68,0,141.87,1.90,2500,0,0,0
2575,42.95958,free_swing,623,487,493,413,-14.470,-119.650,0,345.06,-152.63,0,149.59,7.44,2500,0,0,0
2576,42.97627,free_swing,640,481,517,404,-8.775,-122.047,0,351.03,217.08,1,145.11,4.23,2500,1,0,0
2577,42.99295,free_swing,656,473,511,434,-2.842,-105.054,0,378.63,484.26,1,150.15,7.85,2500,1,0,0
2578,43.00963,free_swing,672,465,539,422,3.871,-107.916,0,424.41,239.58,1,139.78,0.40,2500,1,0,0
2579,43.02632,free_swing,687,453,542,432,11.219,-98.241,0,458.20,201.49,0,146.51,5.24,2500,0,0,0
2580,43.043,free_swing,700,439,573,413,19.075,-101.570,0,457.34,349.55,0,129.63,6.89,2500,0,0,0
2581,43.05968,free_swing,711,429,571,441,26.328,-85.101,0,416.66,582.49,1,140.51,0.93,2500,1,0,0
2582,43.07637,free_swing,718,418,595,433,32.600,-83.047,0,324.42,781.27,1,123.91,11.00,2500,0,0,0
2583,43.09305,free_swing,722,410,608,472,37.104,-61.460,0,181.00,486.24,1,129.77,6.79,2500,1,0,0
2584,43.10973,free_swing,724,408,625,469,38.752,-58.360,0,23.46,543.43,1,116.28,16.48,2500,0,0,0
2585,43.12642,free_swing,723,410,643,469,37.569,-53.591,0,-112.73,637.97,1,99.40,28.60,2500,0,0,0
2586,43.1431,free_swing,721,415,655,515,34.946,-33.425,0,-233.91,957.25,1,119.82,13.94,2500,1,0,0
2587,43.15978,free_swing,716,423,685,524,30.217,-17.063,0,-347.24,964.03,1,105.65,24.11,2500,0,0,0
2588,43.17647,free_swing,707,435,701,521,23.131,-3.991,0,-472.62,1234.53,1,86.21,38.08,2500,1,0,0
2589,43.19315,free_swing,694,449,730,563,14.840,17.526,0,-565.35,1476.61,1,119.55,14.13,2500,1,0,0
2590,43.20983,free_swing,674,465,746,522,4.728,51.633,0,-577.20,1181.56,1,91.83,34.04,2500,1,0,0
2591,43.22652,free_swing,651,478,760,539,-4.699,60.767,0,-510.63,932.62,1,124.91,10.28,2500,1,0,0
2592,43.2432,free_swing,631,484,763,537,-11.889,68.124,0,-388.48,516.07,1,142.24,2.17,2500,1,0,0
2593,43.25988,free_swing,613,489,755,487,-17.665,90.807,0,-307.03,584.43,0,142.01,2.00,2500,0,0,0
2594,43.27657,free_swing,598,492,753,507,-22.109,84.472,0,-272.96,334.77,1,155.72,11.85,2500,1,0,0
2595,43.29325,free_swing,582,492,736,470,-26.851,98.130,0,-256.09,179.63,1,155.56,11.74,2500,0,0,0
2596,43.30993,free_swing,568,490,726,471,-31.017,96.857,0,-248.64,319.79,1,159.14,14.30,2500,0,0,0
2597,43.32662,free_swing,553,489,714,450,-35.017,103.617,0,-249.73,224.75,1,165.66,18.99,2500,0,0,0
2598,43.3433,free_swing,537,486,696,442,-39.289,105.468,0,-264.80,6.20,1,164.98,18.50,2500,1,0,0
2599,43.35998,free_swing,521,479,683,426,-44.009,108.116,0,-278.62,-228.84,1,170.45,22.43,2500,1,0,0
2600,43.37667,free_swing,505,472,665,459,-48.457,94.645,0,-270.48,4.81,1,160.53,15.30,2500,1,0,0
2601,43.39335,free_swing,490,462,649,428,-53.077,102.070,0,-259.46,74.56,1,162.59,16.79,2500,0,0,0
2602,43.41003,free_swing,477,453,650,399,-56.954,107.335,0,-241.42,-256.90,1,181.23,30.17,2500,1,0,0
2603,43.42672,free_swing,466,441,630,434,-61.044,92.444,0,-207.34,-656.28,1,164.15,17.90,2500,1,0,0
2604,43.4434,free_swing,458,432,609,467,-63.997,76.950,0,-161.87,-641.79,1,155.00,11.33,2500,0,0,0
2605,43.46008,free_swing,452,425,597,456,-66.214,77.932,0,-102.28,-270.49,1,148.28,6.50,2500,1,0,0
2606,43.47677,free_swing,449,421,575,476,-67.418,66.418,0,-44.30,-527.31,1,137.48,1.25,2500,1,0,0
2607,43.49345,free_swing,449,420,561,480,-67.647,61.821,0,27.78,-817.18,1,127.06,8.74,2500,1,0,0
2608,43.51013,free_swing,451,424,533,529,-66.541,37.988,0,102.34,-725.42,0,133.23,4.31,2500,0,0,0
2609,43.52682,free_swing,457,432,514,523,-64.106,32.062,0,178.29,-866.92,1,107.38,22.87,2500,0,0,0
2610,43.5435,free_swing,468,442,499,535,-60.573,18.435,0,270.01,-1047.73,1,98.03,29.59,2500,0,0,0
2611,43.56018,free_swing,482,456,467,562,-55.586,-8.054,0,343.18,-1524.79,1,107.06,23.10,2500,1,0,0
2612,43.57687,free_swing,503,471,436,577,-49.018,-32.296,0,363.21,-1630.86,0,125.40,9.93,2500,0,0,0
2613,43.59355,free_swing,523,480,415,548,-43.409,-57.804,0,322.36,-1163.96,1,127.62,8.33,2500,1,0,0
2614,43.61023,free_swing,540,486,426,510,-38.614,-78.111,0,266.68,-888.93,1,116.50,16.32,2500,1,0,0
2615,43.62692,free_swing,555,489,414,510,-34.524,-81.529,0,228.90,-871.14,0,142.56,2.39,2500,0,0,0
2616,43.6436,free_swing,569,491,438,459,-30.591,-103.727,0,232.37,-884.79,0,134.85,3.14,2500,0,0,0
2617,43.66028,free_swing,582,491,465,428,-26.996,-118.301,0,269.35,-345.23,1,132.88,4.55,2500,1,0,0
2618,43.67697,free_swing,600,491,472,424,-21.615,-117.629,0,310.51,98.53,1,144.47,3.77,2500,1,0,0
2619,43.69365,free_swing,618,487,472,445,-16.189,-106.049,0,343.48,-186.51,1,151.92,9.12,2500,1,0,0
2620,43.71033,free_swing,635,482,511,400,-10.574,-123.476,0,347.59,-270.26,0,148.66,6.78,2500,0,0,0
2621,43.72702,free_swing,652,475,530,379,-4.399,-128.199,0,367.34,-65.22,1,155.24,11.51,2500,1,0,0
2622,43.7437,free_swing,667,466,530,406,1.710,-113.651,0,397.30,521.11,1,149.56,7.43,2500,1,0,0
2623,43.76038,free_swing,682,456,545,398,8.711,-112.946,0,440.22,534.06,0,148.77,6.86,2500,0,0,0
2624,43.77707,free_swing,696,444,547,417,16.417,-100.271,0,482.33,414.31,0,151.43,8.77,2500,0,0,0
2625,43.79375,free_swing,708,430,563,418,24.664,-94.731,0,495.51,378.56,0,145.50,4.51,2500,0,0,0
2626,43.81043,free_swing,718,418,582,422,32.600,-88.315,0,453.14,507.36,0,136.06,2.27,2500,0,0,0
2627,43.82712,free_swing,725,407,594,425,39.579,-82.176,0,327.71,753.33,1,132.23,5.02,2500,1,0,0
2628,43.8438,free_swing,728,400,603,470,43.708,-60.751,0,165.86,600.42,0,143.27,2.90,2500,0,0,0
2629,43.86048,free_swing,729,399,616,474,44.569,-56.427,0,-4.55,542.43,0,135.62,2.58,2500,0,0,0
2630,43.87717,free_swing,728,400,637,464,43.708,-54.881,0,-146.56,139.28,1,111.25,20.09,2500,1,0,0
2631,43.89385,free_swing,725,406,651,495,39.958,-39.742,0,-264.27,232.69,1,115.75,16.86,2500,0,0,0
2632,43.91053,free_swing,721,416,668,465,34.624,-47.246,0,-372.50,753.83,1,72.18,48.15,2500,1,0,0
2633,43.92722,free_swing,713,427,681,500,27.759,-23.671,0,-478.86,1783.09,1,79.71,42.75,2500,1,0,0
2634,43.9439,free_swing,701,442,712,484,19.058,14.676,0,-581.39,2140.72,1,43.42,68.82,2500,1,0,0
2635,43.96058,free_swing,682,459,727,492,8.509,53.746,0,-618.06,1085.78,1,55.80,59.92,2500,1,0,0
2636,43.97727,free_swing,659,474,746,541,-1.614,52.400,0,-569.48,787.35,1,109.81,21.13,2500,1,0,0
2637,43.99395,free_swing,636,484,750,553,-10.072,58.815,0,-461.31,701.99,0,133.26,4.29,2500,0,0,0
2638,44.01063,free_swing,615,489,749,475,-17.000,95.964,0,-362.76,844.79,0,134.73,3.23,2500,0,0,0
2639,44.02732,free_swing,598,491,742,499,-22.235,86.820,0,-299.43,368.30,1,144.22,3.59,2500,1,0,0
2640,44.044,free_swing,582,491,731,475,-26.996,96.129,0,-274.40,145.95,1,149.86,7.64,2500,1,0,0
2641,44.06068,free_swing,566,490,724,464,-31.547,99.345,0,-272.66,241.54,1,160.12,15.01,2500,0,0,0
2642,44.07737,free_swing,549,488,714,441,-36.158,105.900,0,-265.74,-93.00,1,171.56,23.23,2500,1,0,0
2643,44.09405,free_swing,533,484,696,472,-40.539,94.210,0,-263.46,-144.06,1,163.44,17.40,2500,0,0,0
2644,44.11073,free_swing,518,478,680,455,-44.803,98.081,0,-265.88,-101.16,1,163.62,17.53,2500,0,0,0
2645,44.12742,free_swing,502,470,665,450,-49.399,96.995,0,-267.01,131.58,1,164.22,17.96,2500,1,0,0
2646,44.1441,free_swing,488,460,653,443,-53.817,95.882,0,-260.69,-210.84,1,165.87,19.14,2500,1,0,0
2647,44.16078,free_swing,475,450,641,434,-57.885,95.505,0,-239.49,-456.12,1,166.77,19.79,2500,1,0,0
2648,44.17747,free_swing,464,439,617,469,-61.734,78.906,0,-200.03,-553.48,1,155.91,11.99,2500,0,0,0
2649,44.19415,free_swing,456,430,599,476,-64.666,72.168,0,-147.02,-667.46,0,150.22,7.90,2500,0,0,0
2650,44.21083,free_swing,450,425,580,486,-66.413,64.863,0,-83.26,-998.31,1,143.60,3.14,2500,1,0,0
2651,44.22752,free_swing,449,421,550,516,-67.418,46.753,0,-20.00,335.26,1,138.66,0.41,2500,1,0,0
2652,44.2442,free_swing,450,422,531,526,-67.094,37.913,0,57.60,220.25,0,131.82,5.32,2500,0,0,0
2653,44.26088,free_swing,454,427,571,418,-65.556,94.399,0,133.42,-700.60,1,117.35,15.71,2500,1,0,0
2654,44.27757,free_swing,462,437,485,550,-62.418,11.505,0,218.18,-1961.42,1,115.32,17.17,2500,1,0,0
2655,44.29425,free_swing,473,448,460,557,-58.595,-6.801,0,299.52,-2582.85,1,109.77,21.15,2500,1,0,1
2656,44.31093,free_swing,491,463,433,549,-52.706,-33.996,0,342.81,-1186.53,1,103.73,25.49,2500,1,0,0
2657,44.32762,free_swing,510,475,429,514,-46.935,-64.290,0,327.40,-1144.20,1,89.90,35.43,2500,0,0,0
2658,44.3443,free_swing,527,483,402,524,-42.008,-71.841,0,267.99,-909.05,1,131.55,5.51,2500,1,0,0
2659,44.36098,free_swing,542,486,412,499,-38.157,-84.289,0,218.19,-670.54,1,130.65,6.16,2500,1,0,0
2660,44.37767,free_swing,555,489,430,454,-34.524,-105.642,0,202.26,-711.11,0,129.81,6.76,2500,0,0,0
2661,44.39435,free_swing,567,490,427,455,-31.283,-104.036,0,232.22,-416.35,1,144.31,3.65,2500,1,0,0
2662,44.41103,free_swing,582,491,451,427,-26.996,-116.038,0,274.14,-64.41,1,145.80,4.72,2500,1,0,0
2663,44.42772,free_swing,600,490,459,424,-21.739,-115.084,0,318.75,-240.77,1,155.68,11.82,2500,0,0,0
2664,44.4444,free_swing,617,487,472,424,-16.530,-113.484,0,338.08,-121.64,1,158.09,13.56,2500,0,0,0
2665,44.46108,free_swing,635,482,505,391,-10.574,-124.992,0,340.14,59.24,1,158.69,13.98,2500,0,0,0
2666,44.47777,free_swing,651,476,510,405,-4.764,-116.727,0,368.81,140.19,1,157.87,13.39,2500,0,0,0
2667,44.49445,free_swing,666,468,518,417,1.264,-109.014,0,416.71,78.88,1,156.54,12.44,2500,0,0,0
2668,44.51113,free_swing,683,457,550,388,9.090,-117.420,0,459.63,187.62,0,149.83,7.62,2500,0,0,0
2669,44.52782,free_swing,697,443,554,386,17.030,-111.732,0,480.34,551.41,1,153.94,10.57,2500,1,0,0
2670,44.5445,free_swing,708,431,564,431,24.444,-90.000,0,456.90,683.70,0,144.00,3.43,2500,0,0,0
2671,44.56118,free_swing,717,418,582,426,32.125,-86.609,0,404.98,584.13,0,135.24,2.86,2500,0,0,0
2672,44.57787,free_swing,723,409,595,428,37.926,-81.557,0,288.49,421.56,0,129.40,7.05,2500,0,0,0
2673,44.59455,free_swing,726,403,604,462,41.583,-64.191,0,126.08,604.79,0,135.52,2.66,2500,0,0,0
2674,44.61123,free_swing,727,403,618,461,42.032,-61.982,0,-30.39,721.92,1,123.47,11.31,2500,0,0,0
2675,44.62792,free_swing,726,406,631,492,40.409,-47.847,0,-181.32,328.60,1,128.14,7.96,2500,1,0,0
2676,44.6446,free_swing,722,412,646,517,36.409,-35.897,0,-298.93,537.24,1,129.62,6.90,2500,1,0,0
2677,44.66128,free_swing,716,423,674,469,30.217,-42.397,0,-397.83,760.87,1,62.29,55.26,2500,1,0,0
2678,44.67797,free_swing,707,435,690,540,23.131,-9.197,0,-501.98,1268.11,1,106.37,23.60,2500,1,0,0
2679,44.69465,free_swing,693,450,708,553,14.265,8.286,0,-591.86,1641.61,1,104.09,25.24,2500,1,0,0
2680,44.71133,free_swing,671,466,731,555,3.417,33.986,0,-603.28,1208.85,1,107.34,22.90,2500,1,0,0
2681,44.72802,free_swing,647,479,752,549,-6.212,56.310,0,-526.55,1049.83,0,126.19,9.36,2500,0,0,0
2682,44.7447,free_swing,626,487,752,546,-13.426,64.908,0,-405.07,721.75,1,139.13,0.07,2500,1,0,0
2683,44.76138,free_swing,606,490,744,517,-19.837,78.930,0,-328.76,502.47,1,140.62,1.00,2500,1,0,0
2684,44.77807,free_swing,590,492,737,500,-24.525,86.885,0,-285.43,514.24,0,147.22,5.74,2500,0,0,0
2685,44.79475,free_swing,573,492,726,489,-29.358,91.123,0,-262.69,381.32,0,153.03,9.92,2500,0,0,0
2686,44.81143,free_swing,559,489,715,456,-33.521,101.944,0,-259.72,313.86,1,159.45,14.53,2500,0,0,0
2687,44.82812,free_swing,542,487,698,451,-37.977,102.995,0,-257.18,210.97,1,160.10,15.00,2500,0,0,0
2688,44.8448,free_swing,527,482,687,439,-42.198,105.043,0,-266.61,12.93,1,165.68,19.00,2500,0,0,0
2689,44.86148,free_swing,512,474,670,430,-46.759,105.562,0,-270.07,-287.10,1,164.01,17.81,2500,1,0,0
2690,44.87817,free_swing,496,466,659,441,-51.257,98.720,0,-264.41,-403.87,1,164.91,18.45,2500,0,0,0
2691,44.89485,free_swing,482,456,638,468,-55.586,85.601,0,-249.85,-479.95,1,156.46,12.38,2500,0,0,0
2692,44.91153,free_swing,470,446,631,454,-59.431,87.155,0,-233.90,-471.94,1,161.20,15.78,2500,0,0,0
2693,44.92822,free_swing,459,435,610,481,-63.211,73.057,0,-192.86,-410.94,1,157.85,13.38,2500,0,0,0
2694,44.9449,free_swing,453,425,589,482,-66.114,67.261,0,-132.01,-216.47,0,147.46,5.92,2500,0,0,0
2695,44.96158,free_swing,449,421,580,477,-67.418,66.854,0,-64.77,-210.64,0,142.47,2.33,2500,0,0,0
2696,44.97827,free_swing,447,419,564,467,-68.062,67.694,0,-3.03,-121.63,0,126.46,9.16,2500,0,0,0
2697,44.99495,free_swing,448,420,543,496,-67.741,51.340,0,60.69,-136.55,1,121.66,12.62,2500,0,0,0
2698,45.01163,free_swing,452,426,540,472,-65.987,62.403,0,134.13,-750.77,1,99.30,28.68,2500,1,0,0
2699,45.02832,free_swing,460,435,508,491,-63.097,40.601,0,214.58,-1491.21,1,73.76,47.02,2500,1,0,0
2700,45.045,free_swing,471,447,470,551,-59.080,-0.551,0,296.97,-2088.88,1,104.00,25.30,2500,1,0,0
2701,45.06168,free_swing,489,461,442,558,-53.448,-25.852,0,345.41,-1572.97,1,107.79,22.58,2500,1,0,0
2702,45.07837,free_swing,509,474,421,552,-47.322,-48.447,0,346.59,-1039.83,1,117.59,15.54,2500,1,0,0
2703,45.09505,free_swing,527,482,403,547,-42.198,-62.337,0,304.78,-873.27,0,140.00,0.56,2500,0,0,0
2704,45.11173,free_swing,544,488,403,521,-37.337,-76.827,0,252.37,-754.48,0,144.81,4.01,2500,0,0,0
2705,45.12842,free_swing,558,491,413,493,-33.440,-89.210,0,220.01,-830.38,0,145.01,4.16,2500,0,0,0
2706,45.1451,free_swing,571,491,438,464,-30.054,-101.476,0,224.99,-637.69,0,135.71,2.52,2500,0,0,0
2707,45.16178,free_swing,585,492,455,434,-25.989,-114.044,0,273.24,-327.97,1,142.35,2.25,2500,1,0,0
2708,45.17847,free_swing,603,490,471,436,-20.794,-112.249,0,321.60,-136.38,0,142.62,2.44,2500,0,0,0
2709,45.19515,free_swing,621,487,483,426,-15.161,-113.847,0,339.86,-39.28,0,150.88,8.37,2500,0,0,0
2710,45.21183,free_swing,638,482,506,413,-9.462,-117.597,0,349.16,137.51,0,148.95,6.98,2500,0,0,0
2711,45.22852,free_swing,654,474,516,419,-3.627,-111.730,0,370.63,351.23,1,148.56,6.70,2500,1,0,0
2712,45.2452,free_swing,670,466,516,436,2.990,-101.023,0,417.47,344.58,1,156.89,12.69,2500,0,0,0
2713,45.26188,free_swing,685,455,540,428,10.141,-100.548,0,462.24,407.67,0,147.49,5.94,2500,0,0,0
2714,45.27857,free_swing,699,441,555,428,18.277,-95.159,0,472.63,233.22,0,144.59,3.85,2500,0,0,0
2715,45.29525,free_swing,710,429,563,450,25.852,-81.870,0,426.19,340.78,0,148.49,6.66,2500,0,0,0
2716,45.31193,free_swing,718,419,592,421,32.300,-89.091,0,335.90,481.76,0,126.02,9.49,2500,0,0,0
2717,45.32862,free_swing,722,411,602,453,36.754,-70.710,0,224.34,564.26,0,127.14,8.68,2500,0,0,0
2718,45.3453,free_swing,725,407,614,473,39.579,-59.265,0,72.27,781.61,1,129.14,7.24,2500,1,0,0
2719,45.36198,free_swing,725,407,636,472,39.579,-53.858,0,-81.99,469.73,1,110.21,20.84,2500,1,0,0
2720,45.37867,free_swing,722,412,645,507,36.409,-39.026,0,-232.29,578.69,1,122.29,12.16,2500,0,0,0
2721,45.39535,free_swing,718,420,660,505,32.005,-34.308,0,-344.42,858.61,1,102.90,26.09,2500,1,0,0
2722,45.41203,free_swing,709,430,691,499,25.145,-14.621,0,-444.18,1026.72,1,71.31,48.78,2500,0,0,0
2723,45.42872,free_swing,698,445,710,555,17.210,6.226,0,-545.84,1294.72,1,110.65,20.52,2500,1,0,0
2724,45.4454,free_swing,680,460,729,570,7.565,24.011,0,-583.05,1331.48,1,120.42,13.51,2500,0,0,0
2725,45.46208,free_swing,657,475,745,552,-2.403,48.814,0,-541.35,1135.86,1,116.93,16.01,2500,0,0,0
2726,45.47877,free_swing,635,484,760,533,-10.437,68.595,0,-439.76,1125.02,0,134.26,3.56,2500,0,0,0
2727,45.49545,free_swing,616,489,759,522,-16.666,77.005,0,-345.68,872.67,1,146.76,5.41,2500,1,0,0
2728,45.51213,free_swing,599,490,752,459,-22.051,101.454,0,-287.14,645.47,1,156.11,12.13,2500,1,0,0
2729,45.52882,free_swing,583,492,741,460,-26.565,101.449,0,-260.51,197.45,1,161.21,15.79,2500,1,0,0
2730,45.5455,free_swing,569,491,731,450,-30.591,104.203,0,-246.80,-131.80,1,167.11,20.03,2500,1,0,0
2731,45.56218,free_swing,553,489,716,465,-35.017,98.376,0,-252.47,-37.17,1,164.76,18.34,2500,0,0,0
2732,45.57887,free_swing,538,486,700,448,-39.066,103.201,0,-262.38,-14.47,1,166.40,19.52,2500,0,0,0
2733,45.59555,free_swing,522,480,685,453,-43.612,99.405,0,-263.07,-58.80,1,165.22,18.67,2500,0,0,0
2734,45.61223,free_swing,506,473,670,445,-48.073,99.689,0,-268.82,-246.83,1,166.37,19.50,2500,0,0,0
2735,45.62892,free_swing,492,464,654,455,-52.334,93.180,0,-262.46,-194.16,1,162.25,16.54,2500,0,0,0
2736,45.6456,free_swing,478,453,640,452,-56.813,90.354,0,-249.74,-214.80,1,162.00,16.36,2500,0,0,0
2737,45.66228,free_swing,467,442,633,442,-60.698,90.000,0,-222.75,120.65,1,166.00,19.23,2500,1,0,0
2738,45.67897,free_swing,458,432,613,440,-63.997,87.045,0,-167.66,-151.22,1,155.21,11.48,2500,1,0,0
2739,45.69565,free_swing,452,424,613,414,-66.442,93.554,0,-105.66,-355.40,1,161.31,15.86,2500,1,0,0
2740,45.71233,free_swing,449,421,577,470,-67.418,69.053,0,-43.60,-808.01,1,137.06,1.55,2500,1,0,0
2741,45.72902,free_swing,448,420,568,472,-67.741,66.571,0,12.02,-1084.38,1,130.78,6.06,2500,1,0,0
2742,45.7457,free_swing,450,422,534,524,-67.094,39.472,0,77.94,-802.60,1,132.14,5.09,2500,1,0,0
2743,45.76238,free_swing,455,428,516,541,-65.225,28.361,0,154.38,-1006.24,1,128.41,7.76,2500,1,0,0
2744,45.77907,free_swing,464,439,494,533,-61.734,17.700,0,241.54,-1003.01,1,98.67,29.13,2500,0,0,0
2745,45.79575,free_swing,477,451,453,584,-57.389,-10.229,0,324.51,-1374.81,1,135.15,2.93,2500,1,0,0
2746,45.81243,free_swing,496,466,451,544,-51.257,-29.982,0,364.64,-1534.64,1,90.05,35.32,2500,0,0,0
2747,45.82912,free_swing,517,478,424,543,-45.000,-55.049,0,346.46,-1242.95,1,113.46,18.50,2500,1,0,0
2748,45.8458,free_swing,536,484,427,508,-39.880,-77.583,0,283.26,-1106.29,1,111.61,19.83,2500,0,0,0
2749,45.86248,free_swing,551,488,427,495,-35.676,-86.769,0,237.52,-787.60,1,124.20,10.79,2500,1,0,0
2750,45.87917,free_swing,565,490,435,459,-31.809,-103.412,0,238.37,-385.11,1,133.65,4.01,2500,1,0,0
2751,45.89585,free_swing,579,492,444,453,-27.699,-106.113,0,273.74,-202.55,0,140.52,0.93,2500,0,0,0
2752,45.91253,free_swing,597,490,451,456,-22.671,-103.109,0,311.64,-24.04,0,149.91,7.67,2500,0,0,0
2753,45.92922,free_swing,615,488,471,435,-17.103,-110.206,0,338.70,-122.75,1,153.44,10.21,2500,0,0,0
2754,45.9459,free_swing,632,484,482,431,-11.527,-109.460,0,343.05,-179.56,1,159.09,14.27,2500,0,0,0
2755,45.96258,free_swing,649,477,506,421,-5.515,-111.386,0,363.78,48.67,1,153.57,10.31,2500,1,0,0
2756,45.97927,free_swing,664,469,521,409,0.418,-112.762,0,387.87,136.05,1,155.08,11.39,2500,0,0,0
2757,45.99595,free_swing,680,459,535,422,7.624,-104.315,0,430.09,216.69,0,149.65,7.49,2500,0,0,0
2758,46.01263,free_swing,693,447,552,414,14.621,-103.173,0,471.39,337.65,0,144.81,4.01,2500,0,0,0
2759,46.02932,free_swing,706,433,564,412,23.062,-98.412,0,482.63,374.35,0,143.54,3.10,2500,0,0,0
2760,46.046,free_swing,716,421,585,430,30.774,-86.070,0,445.30,669.07,1,131.31,5.68,2500,1,0,0
2761,46.06268,free_swing,723,410,599,434,37.569,-79.046,0,342.84,720.92,0,126.30,9.28,2500,0,0,0
2762,46.07937,free_swing,726,402,612,462,41.987,-62.241,0,196.55,596.48,0,128.83,7.47,2500,0,0,0
2763,46.09605,free_swing,728,399,624,468,44.132,-56.437,0,19.66,445.34,1,124.81,10.35,2500,0,0,0
2764,46.11273,free_swing,727,401,638,475,42.847,-50.258,0,-118.82,336.90,1,115.75,16.86,2500,0,0,0
2765,46.12942,free_swing,725,407,660,475,39.579,-43.708,0,-238.57,492.49,1,94.07,32.43,2500,0,0,0
2766,46.1461,free_swing,722,415,669,500,35.407,-31.945,0,-346.95,846.82,1,100.17,28.05,2500,1,0,0
2767,46.16278,free_swing,714,427,688,509,28.229,-17.592,0,-470.73,1209.65,1,86.02,38.21,2500,1,0,0
2768,46.17947,free_swing,702,442,717,525,19.522,10.244,0,-579.93,1744.03,1,84.34,39.42,2500,1,0,0
2769,46.19615,free_swing,684,458,730,524,9.462,34.875,0,-612.64,1641.46,1,80.45,42.22,2500,0,0,0
2770,46.21283,free_swing,661,473,753,508,-0.813,69.171,0,-564.92,955.88,1,98.43,29.30,2500,1,0,0
2771,46.22952,free_swing,638,483,760,529,-9.401,69.341,0,-454.03,472.88,1,130.38,6.35,2500,1,0,0
2772,46.2462,free_swing,619,488,760,527,-15.751,74.539,0,-349.33,304.71,0,146.29,5.08,2500,0,0,0
2773,46.26288,free_swing,602,491,747,500,-20.989,86.448,0,-298.08,365.83,0,145.28,4.35,2500,0,0,0
2774,46.27957,free_swing,585,493,740,490,-25.849,91.109,0,-283.15,289.06,1,155.03,11.35,2500,0,0,0
2775,46.29625,free_swing,569,491,729,495,-30.591,88.568,0,-272.38,233.84,1,160.05,14.96,2500,0,0,0
2776,46.31293,free_swing,553,489,715,456,-35.017,101.514,0,-260.34,323.39,1,165.33,18.75,2500,0,0,0
2777,46.32962,free_swing,537,486,699,452,-39.289,101.853,0,-260.18,167.43,1,165.53,18.90,2500,0,0,0
2778,46.3463,free_swing,522,480,680,440,-43.612,104.207,0,-266.78,-30.22,1,162.98,17.07,2500,0,0,0
2779,46.36298,free_swing,506,472,672,444,-48.276,99.574,0,-272.53,-324.85,1,168.34,20.92,2500,1,0,0
2780,46.37967,free_swing,490,464,659,435,-52.656,99.737,0,-266.99,-268.28,1,171.47,23.16,2500,0,0,0
2781,46.39635,free_swing,478,452,631,471,-57.031,82.921,0,-243.08,-214.74,1,154.18,10.74,2500,0,0,0
2782,46.41303,free_swing,466,442,618,431,-60.822,94.139,0,-206.58,-381.58,0,152.40,9.46,2500,0,0,0
2783,46.42972,free_swing,458,433,611,464,-63.771,78.546,0,-153.97,-466.97,1,156.11,12.13,2500,0,0,0
2784,46.4464,free_swing,453,426,586,484,-65.886,66.438,0,-89.79,-782.07,1,145.10,4.22,2500,1,0,0
2785,46.46308,free_swing,450,423,569,493,-66.866,59.534,0,-27.48,-754.14,0,138.06,0.83,2500,0,0,0
2786,46.47977,free_swing,451,424,547,521,-66.541,44.703,0,46.99,-405.32,1,136.47,1.97,2500,1,0,0
2787,46.49645,free_swing,455,427,521,534,-65.452,31.667,0,124.67,-688.38,1,125.72,9.70,2500,1,0,0
2788,46.51313,free_swing,462,437,517,507,-62.418,38.157,0,206.26,-770.82,1,89.02,36.06,2500,0,0,0
2789,46.52982,free_swing,474,448,467,559,-58.460,-3.608,0,289.36,-1427.87,1,111.22,20.11,2500,1,0,0
2790,46.5465,free_swing,489,462,481,501,-53.236,-11.592,0,328.87,-2064.68,1,39.81,71.40,2500,1,0,0
2791,46.56318,free_swing,509,474,438,519,-47.322,-57.633,0,329.04,-1733.54,1,84.06,39.62,2500,1,0,0
2792,46.57987,free_swing,526,482,448,488,-42.406,-85.601,0,286.28,-1319.32,1,78.23,43.81,2500,1,0,0
2793,46.59655,free_swing,542,487,434,481,-37.977,-93.180,0,232.16,-525.78,1,108.17,22.31,2500,1,0,0
2794,46.61323,free_swing,555,490,435,472,-34.354,-98.531,0,210.70,-86.46,1,121.34,12.84,2500,1,0,0
2795,46.62992,free_swing,568,490,439,443,-31.017,-110.019,0,233.89,-665.23,1,137.30,1.38,2500,1,0,0
2796,46.6466,free_swing,583,491,435,452,-26.709,-104.763,0,274.96,-837.39,0,153.05,9.93,2500,0,0,0
2797,46.66328,free_swing,601,490,509,364,-21.425,-143.865,0,305.57,-306.24,1,156.01,12.06,2500,1,0,0
2798,46.67997,free_swing,617,487,496,388,-16.530,-129.289,0,327.69,155.69,1,156.34,12.29,2500,1,0,0
2799,46.69665,free_swing,634,482,489,411,-10.942,-116.089,0,334.62,423.72,1,161.45,15.96,2500,1,0,0
2800,46.71333,free_swing,651,476,524,393,-4.764,-123.166,0,361.12,153.68,1,151.72,8.97,2500,1,0,0
2801,46.73002,free_swing,665,468,532,383,0.843,-122.583,0,394.30,83.30,1,157.84,13.37,2500,0,0,0
2802,46.7467,free_swing,681,457,533,418,8.194,-104.763,0,441.83,389.37,1,153.05,9.93,2500,1,0,0
2803,46.76338,free_swing,695,444,568,383,15.945,-115.656,0,501.42,473.92,0,140.89,1.20,2500,0,0,0
2804,46.78007,free_swing,707,430,558,416,24.179,-95.368,0,494.19,463.24,0,149.66,7.49,2500,0,0,0
2805,46.79675,free_swing,718,418,577,424,32.600,-87.563,0,426.26,721.76,1,141.13,1.37,2500,1,0,0
2806,46.81343,free_swing,723,408,590,426,38.290,-82.293,0,295.08,395.45,1,134.21,3.60,2500,1,0,0
2807,46.83012,free_swing,726,402,601,451,41.987,-68.595,0,151.05,591.65,0,134.26,3.56,2500,0,0,0
2808,46.8468,free_swing,727,400,614,453,43.264,-64.872,0,-2.85,610.82,1,124.81,10.35,2500,0,0,0
2809,46.86348,free_swing,727,402,627,491,42.436,-48.331,0,-125.78,824.31,1,133.87,3.85,2500,1,0,0
2810,46.88017,free_swing,724,409,641,498,38.387,-43.002,0,-246.37,-149.07,1,121.70,12.59,2500,1,0,0
2811,46.89685,free_swing,721,416,652,530,34.624,-31.185,0,-349.96,-86.94,0,133.26,4.29,2500,0,0,0
2812,46.91353,free_swing,712,428,677,442,27.041,-68.199,0,-456.51,868.06,1,37.70,72.92,2500,1,0,0
2813,46.93022,free_swing,701,442,692,544,19.058,-5.042,0,-561.56,1715.39,1,102.40,26.45,2500,1,0,0
2814,46.9469,free_swing,683,458,712,552,9.019,17.146,0,-594.32,2159.67,1,98.37,29.34,2500,1,0,0
2815,46.96358,free_swing,661,472,735,567,-0.818,37.917,0,-565.43,1124.96,1,120.42,13.51,2500,1,0,0
2816,46.98027,free_swing,637,483,747,535,-9.770,64.699,0,-470.45,1066.15,1,121.67,12.61,2500,0,0,0
2817,46.99695,free_swing,617,489,744,525,-16.330,74.174,0,-377.79,656.27,1,132.00,5.19,2500,1,0,0
2818,47.01363,free_swing,598,491,738,507,-22.235,83.480,0,-316.68,349.17,1,140.91,1.21,2500,1,0,0
2819,47.03032,free_swing,581,492,732,495,-27.135,88.862,0,-285.58,484.27,0,151.03,8.48,2500,0,0,0
2820,47.047,free_swing,565,490,716,473,-31.809,96.423,0,-257.98,458.89,0,151.95,9.14,2500,0,0,0
2821,47.06368,free_swing,550,488,715,439,-35.918,106.540,0,-253.63,107.93,1,172.12,23.63,2500,1,0,0
2822,47.08037,free_swing,535,484,697,441,-40.101,104.865,0,-254.73,64.04,1,167.61,20.39,2500,0,0,0
2823,47.09705,free_swing,519,478,678,455,-44.605,98.231,0,-262.74,188.41,1,160.65,15.39,2500,0,0,0
2824,47.11373,free_swing,504,471,673,397,-48.840,113.647,0,-263.15,-135.01,1,184.49,32.52,2500,1,0,0
2825,47.13042,free_swing,489,462,654,411,-53.236,107.176,0,-256.11,-305.76,1,172.70,24.05,2500,0,0,0
2826,47.1471,free_swing,477,451,630,463,-57.389,85.515,0,-233.16,-414.53,1,153.47,10.23,2500,0,0,0
2827,47.16378,free_swing,466,441,621,422,-61.044,96.988,0,-198.30,-374.75,1,156.16,12.17,2500,0,0,0
2828,47.18047,free_swing,458,433,605,445,-63.771,85.333,0,-152.28,-672.81,1,147.49,5.94,2500,1,0,0
2829,47.19715,free_swing,453,425,580,486,-66.114,64.344,0,-91.30,-871.04,0,140.89,1.20,2500,0,0,0
2830,47.21383,free_swing,451,422,568,506,-66.997,54.324,0,-31.41,-527.79,1,144.03,3.45,2500,1,0,0
2831,47.23052,free_swing,451,423,554,496,-66.769,54.673,0,38.67,-215.41,1,126.25,9.32,2500,1,0,0
2832,47.2472,free_swing,453,426,533,517,-65.886,41.319,0,108.72,-452.20,1,121.17,12.97,2500,1,0,0
2833,47.26388,free_swing,459,435,519,511,-63.211,38.290,0,190.71,-1047.10,1,96.83,30.45,2500,1,0,0
2834,47.28057,free_swing,472,445,493,537,-59.390,12.858,0,274.79,-1556.10,1,94.37,32.22,2500,1,0,0
2835,47.29725,free_swing,486,459,447,574,-54.340,-18.733,0,330.05,-1761.43,1,121.43,12.78,2500,1,0,0
2836,47.31393,free_swing,505,472,434,545,-48.457,-44.204,0,348.15,-1136.75,1,101.83,26.86,2500,1,0,0
2837,47.33062,free_swing,525,481,416,547,-42.805,-58.805,0,316.40,-985.12,0,127.42,8.47,2500,0,0,0
2838,47.3473,free_swing,542,487,409,540,-37.977,-68.273,0,257.94,-1033.11,0,143.17,2.84,2500,0,0,0
2839,47.36398,free_swing,556,490,438,475,-34.106,-97.245,0,222.22,-644.32,1,118.95,14.56,2500,1,0,0
2840,47.38067,free_swing,569,491,441,465,-30.591,-101.482,0,235.78,-587.42,0,130.61,6.18,2500,0,0,0
2841,47.39735,free_swing,584,492,440,474,-26.278,-97.125,0,276.49,-490.51,0,145.12,4.24,2500,0,0,0
2842,47.41403,free_swing,602,490,485,407,-21.110,-125.352,0,315.48,-254.49,1,143.45,3.04,2500,1,0,0
2843,47.43072,free_swing,619,487,493,414,-15.848,-120.087,0,323.89,-125.43,0,145.62,4.59,2500,0,0,0
2844,47.4474,free_swing,636,482,486,436,-10.204,-107.049,0,332.89,77.11,1,156.89,12.69,2500,1,0,0
2845,47.46408,free_swing,651,475,529,386,-4.797,-126.111,0,361.02,21.34,0,151.01,8.47,2500,0,0,0
2846,47.48077,free_swing,667,467,527,394,1.697,-117.539,0,397.02,179.01,1,157.89,13.41,2500,0,0,0
2847,47.49745,free_swing,682,456,533,419,8.711,-103.946,0,440.93,444.66,1,153.53,10.27,2500,1,0,0
2848,47.51413,free_swing,695,443,559,399,16.082,-107.928,0,458.57,366.94,0,142.94,2.67,2500,0,0,0
2849,47.53082,free_swing,707,431,567,410,23.962,-98.531,0,460.76,573.96,1,141.57,1.68,2500,1,0,0
2850,47.5475,free_swing,716,420,576,438,31.059,-82.674,0,395.54,553.78,0,141.15,1.39,2500,0,0,0
2851,47.56418,free_swing,723,411,589,445,37.216,-75.763,0,274.36,618.83,0,138.25,0.70,2500,0,0,0
2852,47.58087,free_swing,725,406,622,434,39.958,-74.792,0,112.81,560.60,1,106.74,23.33,2500,0,0,0
2853,47.59755,free_swing,726,405,614,503,40.795,-48.814,0,-58.25,452.96,0,148.82,6.89,2500,0,0,0
2854,47.61423,free_swing,724,409,636,473,38.387,-53.973,0,-183.78,430.62,1,108.81,21.84,2500,0,0,0
2855,47.63092,free_swing,720,416,652,479,34.160,-47.186,0,-308.17,547.72,1,92.70,33.42,2500,0,0,0
2856,47.6476,free_swing,714,425,666,518,28.740,-27.300,0,-404.36,1114.52,1,104.66,24.83,2500,1,0,0
2857,47.66428,free_swing,703,438,686,544,20.674,-9.111,0,-496.26,1305.64,1,107.35,22.89,2500,0,0,0
2858,47.68097,free_swing,689,453,708,544,12.127,11.793,0,-566.34,1443.57,1,92.96,33.23,2500,0,0,0
2859,47.69765,free_swing,669,468,736,551,2.526,38.911,0,-563.42,1471.01,1,106.67,23.38,2500,0,0,0
2860,47.71433,free_swing,645,480,744,533,-6.934,61.837,0,-501.11,965.29,1,112.29,19.34,2500,1,0,0
2861,47.73102,free_swing,624,487,759,523,-14.123,75.069,0,-398.24,909.24,0,139.72,0.36,2500,0,0,0
2862,47.7477,free_swing,606,490,747,515,-19.837,79.946,0,-312.03,737.90,0,143.20,2.86,2500,0,0,0
2863,47.76438,free_swing,589,492,740,439,-24.821,109.341,0,-275.81,508.52,1,160.03,14.95,2500,1,0,0
2864,47.78107,free_swing,574,492,728,464,-29.085,100.305,0,-258.84,255.54,1,156.52,12.43,2500,1,0,0
2865,47.79775,free_swing,559,489,722,444,-33.521,105.433,0,-253.54,69.59,1,169.10,21.46,2500,0,0,0
2866,47.81443,free_swing,544,486,707,424,-37.694,110.825,0,-257.71,52.17,1,174.39,25.26,2500,0,0,0
2867,47.83112,free_swing,528,482,693,422,-41.987,109.983,0,-257.20,-276.00,1,175.57,26.11,2500,1,0,0
2868,47.8478,free_swing,513,475,675,457,-46.369,96.340,0,-256.96,-264.95,1,163.00,17.08,2500,0,0,0
2869,47.86448,free_swing,499,467,664,440,-50.540,99.293,0,-251.29,-282.73,1,167.19,20.09,2500,0,0,0
2870,47.88117,free_swing,484,459,651,441,-54.644,96.152,0,-242.81,-258.16,1,167.97,20.65,2500,0,0,0
2871,47.89785,free_swing,473,448,632,467,-58.595,83.186,0,-222.65,-401.50,1,160.13,15.02,2500,0,0,0
2872,47.91453,free_swing,463,438,620,458,-62.076,82.740,0,-186.89,-391.31,1,158.27,13.68,2500,0,0,0
2873,47.93122,free_swing,456,430,606,469,-64.666,75.426,0,-129.98,-408.10,1,154.99,11.32,2500,0,0,0
2874,47.9479,free_swing,452,424,585,486,-66.442,65.007,0,-62.65,-439.33,0,146.74,5.40,2500,0,0,0
2875,47.96458,free_swing,451,423,568,494,-66.769,58.749,0,-2.13,-529.46,0,136.86,1.70,2500,0,0,0
2876,47.98127,free_swing,452,425,554,502,-66.214,52.951,0,68.85,-726.63,0,127.80,8.20,2500,0,0,0
2877,47.99795,free_swing,455,430,523,537,-64.772,32.437,0,141.81,-735.94,0,126.78,8.94,2500,0,0,0
2878,48.01463,free_swing,465,440,503,538,-61.390,21.194,0,227.13,-908.35,1,105.11,24.50,2500,0,0,0
2879,48.03132,free_swing,477,452,492,526,-57.171,11.459,0,307.80,-1239.38,1,75.50,45.77,2500,1,0,0
2880,48.048,free_swing,494,466,457,557,-51.589,-22.126,0,340.23,-1882.37,1,98.23,29.44,2500,1,0,0
2881,48.06468,free_swing,515,477,424,549,-45.587,-51.649,0,329.86,-1678.93,1,116.04,16.65,2500,1,0,0
2882,48.08137,free_swing,532,484,436,500,-40.756,-80.538,0,282.68,-1079.14,1,97.32,30.09,2500,1,0,0
2883,48.09805,free_swing,548,488,422,501,-36.397,-84.109,0,237.90,-876.00,1,126.67,9.02,2500,1,0,0
2884,48.11473,free_swing,562,490,450,464,-32.588,-103.069,0,214.91,-457.37,1,114.98,17.41,2500,1,0,0
2885,48.13142,free_swing,574,492,453,437,-29.085,-114.444,0,222.48,-407.53,0,132.91,4.53,2500,0,0,0
2886,48.1481,free_swing,588,491,450,453,-25.253,-105.396,0,269.36,-182.97,1,143.14,2.81,2500,1,0,0
2887,48.16478,free_swing,605,490,480,418,-20.158,-119.942,0,312.86,37.12,1,144.25,3.61,2500,1,0,0
2888,48.18147,free_swing,623,487,491,417,-14.470,-117.937,0,335.13,-210.10,1,149.41,7.32,2500,1,0,0
2889,48.19815,free_swing,639,481,499,433,-9.150,-108.925,0,338.89,50.51,1,148.00,6.30,2500,1,0,0
2890,48.21483,free_swing,655,474,533,384,-3.225,-126.416,0,358.64,44.19,0,151.60,8.89,2500,0,0,0
2891,48.23152,free_swing,670,466,527,416,2.990,-109.272,0,413.08,429.91,1,151.49,8.81,2500,1,0,0
2892,48.2482,free_swing,685,455,546,418,10.141,-104.906,0,452.29,851.95,1,143.84,3.32,2500,1,0,0
2893,48.26488,free_swing,699,441,550,442,18.277,-89.615,0,460.57,272.68,1,149.00,7.03,2500,1,0,0
2894,48.28157,free_swing,709,429,562,443,25.372,-84.560,0,424.00,235.89,0,147.67,6.06,2500,0,0,0
2895,48.29825,free_swing,717,419,598,414,31.827,-92.406,0,337.99,298.18,1,119.10,14.45,2500,0,0,0
2896,48.31493,free_swing,722,411,597,448,36.754,-73.511,0,202.54,660.10,1,130.36,6.37,2500,1,0,0
2897,48.33162,free_swing,724,408,618,455,38.752,-66.088,0,53.04,193.01,1,115.95,16.71,2500,1,0,0
2898,48.3483,free_swing,723,409,627,462,37.926,-61.098,0,-87.51,92.28,1,109.66,21.24,2500,0,0,0
2899,48.36498,free_swing,722,413,659,430,36.069,-74.899,0,-214.57,746.06,1,65.25,53.13,2500,1,0,0
2900,48.38167,free_swing,717,421,663,497,31.247,-35.395,0,-321.53,1280.08,1,93.23,33.03,2500,1,0,0
2901,48.39835,free_swing,709,432,679,529,24.702,-17.186,0,-437.06,1631.62,1,101.53,27.07,2500,1,0,0
2902,48.41503,free_swing,698,444,699,534,17.354,0.637,0,-523.05,965.05,1,90.01,35.35,2500,1,0,0
2903,48.43172,free_swing,680,460,723,536,7.565,29.501,0,-572.94,1743.45,1,87.32,37.28,2500,1,0,0
2904,48.4484,free_swing,658,475,738,570,-2.003,40.101,0,-555.63,1514.50,1,124.20,10.79,2500,1,0,0
2905,48.46508,free_swing,635,484,758,476,-10.437,93.721,0,-453.68,772.70,1,123.26,11.47,2500,1,0,0
2906,48.48177,free_swing,614,489,754,531,-17.333,73.301,0,-360.91,559.58,1,146.16,4.99,2500,1,0,0
2907,48.49845,free_swing,598,491,742,506,-22.235,84.053,0,-290.89,265.77,1,144.78,3.99,2500,1,0,0
2908,48.51513,free_swing,581,492,738,445,-27.135,106.666,0,-257.38,542.29,1,163.88,17.71,2500,1,0,0
2909,48.53182,free_swing,567,491,723,464,-31.122,99.819,0,-247.42,-18.83,1,158.32,13.72,2500,1,0,0
2910,48.5485,free_swing,552,489,708,473,-35.261,95.856,0,-235.97,-222.09,1,156.82,12.64,2500,1,0,0
2911,48.56518,free_swing,537,486,701,456,-39.289,100.366,0,-254.12,121.70,1,166.72,19.75,2500,1,0,0
2912,48.58187,free_swing,522,481,684,458,-43.420,98.081,0,-264.31,63.32,1,163.62,17.53,2500,0,0,0
2913,48.59855,free_swing,506,472,669,438,-48.276,101.782,0,-264.15,-110.52,1,166.51,19.60,2500,0,0,0
2914,48.61523,free_swing,492,464,655,449,-52.334,95.258,0,-249.64,-432.97,1,163.69,17.57,2500,1,0,0
2915,48.63192,free_swing,480,454,636,455,-56.310,89.633,0,-235.19,-354.08,1,156.00,12.05,2500,0,0,0
2916,48.6486,free_swing,468,444,622,480,-60.129,76.842,0,-217.74,-263.79,1,158.15,13.60,2500,0,0,0
2917,48.66528,free_swing,459,433,617,443,-63.660,86.379,0,-176.03,-255.62,1,158.32,13.71,2500,0,0,0
2918,48.68197,free_swing,453,426,598,478,-65.886,70.271,0,-111.99,-333.47,1,154.04,10.64,2500,0,0,0
2919,48.69865,free_swing,450,421,578,474,-67.323,67.507,0,-46.39,-497.16,0,138.54,0.49,2500,0,0,0
2920,48.71533,free_swing,449,421,569,492,-67.418,59.389,0,15.94,-649.80,0,139.43,0.15,2500,0,0,0
2921,48.73202,free_swing,451,423,543,499,-66.769,50.440,0,78.09,-200.04,1,119.33,14.29,2500,1,0,0
2922,48.7487,free_swing,455,430,519,526,-64.772,33.690,0,149.05,-411.62,1,115.38,17.13,2500,1,0,0
2923,48.76538,free_swing,463,439,528,486,-61.853,54.130,0,227.78,-1018.07,1,80.21,42.39,2500,1,0,0
2924,48.78207,free_swing,477,452,477,516,-57.171,0.000,0,319.73,-1823.88,1,64.00,54.03,2500,1,0,0
2925,48.79875,free_swing,495,465,447,568,-51.633,-24.986,0,363.81,-2835.64,1,113.64,18.38,2500,1,0,1
2926,48.81543,free_swing,517,479,439,516,-44.804,-64.622,0,347.53,-1770.47,1,86.33,37.99,2500,1,0,0
2927,48.83212,free_swing,535,484,454,456,-40.101,-109.069,0,295.07,-1215.91,1,85.70,38.44,2500,1,0,0
2928,48.8488,free_swing,552,488,432,484,-35.433,-91.909,0,234.85,-111.35,1,120.07,13.76,2500,1,0,0
2929,48.86548,free_swing,565,491,450,451,-31.648,-109.179,0,234.28,369.65,1,121.76,12.54,2500,1,0,0
2930,48.88217,free_swing,578,492,436,477,-27.979,-96.030,0,255.37,-254.30,1,142.79,2.56,2500,1,0,0
2931,48.89885,free_swing,596,490,449,465,-22.979,-99.652,0,297.35,-277.40,0,149.11,7.10,2500,0,0,0
2932,48.91553,free_swing,613,488,482,420,-17.771,-117.433,0,330.88,-346.77,0,147.60,6.02,2500,0,0,0
2933,48.93222,free_swing,630,484,494,426,-12.249,-113.097,0,337.16,-50.84,1,147.85,6.20,2500,1,0,0
2934,48.9489,free_swing,647,478,499,432,-6.254,-107.266,0,356.93,269.16,1,154.98,11.32,2500,1,0,0
2935,48.96558,free_swing,662,470,525,413,-0.415,-112.590,0,398.28,362.09,0,148.38,6.58,2500,0,0,0
2936,48.98227,free_swing,678,460,525,436,6.684,-98.915,0,436.68,152.62,1,154.87,11.24,2500,1,0,0
2937,48.99895,free_swing,693,448,539,439,14.500,-93.345,0,449.44,230.57,1,154.26,10.80,2500,0,0,0
2938,49.01563,free_swing,704,435,572,401,21.705,-104.444,0,455.26,342.59,0,136.31,2.09,2500,0,0,0
2939,49.03232,free_swing,713,423,576,440,28.787,-82.926,0,434.90,449.01,0,138.05,0.84,2500,0,0,0
2940,49.049,free_swing,722,412,590,446,36.409,-75.556,0,356.18,442.92,0,136.31,2.09,2500,0,0,0
2941,49.06568,free_swing,726,405,608,427,40.795,-79.439,0,194.36,346.68,1,120.03,13.78,2500,0,0,0
2942,49.08237,free_swing,727,402,625,447,42.436,-66.194,0,16.85,456.78,1,111.49,19.92,2500,0,0,0
2943,49.09905,free_swing,727,405,630,480,41.241,-52.289,0,-132.29,631.07,1,122.61,11.93,2500,0,0,0
2944,49.11573,free_swing,724,409,661,457,38.387,-52.696,0,-247.20,807.87,1,79.20,43.11,2500,0,0,0
2945,49.13242,free_swing,719,419,668,511,32.768,-29.002,0,-361.06,1028.83,1,105.19,24.44,2500,1,0,0
2946,49.1491,free_swing,712,430,698,545,26.565,-6.941,0,-476.48,1419.04,1,115.85,16.79,2500,1,0,0
2947,49.16578,free_swing,698,444,713,550,17.354,8.054,0,-568.04,1335.30,1,107.06,23.10,2500,0,0,0
2948,49.18247,free_swing,680,461,744,533,7.507,41.634,0,-602.46,1741.36,1,96.33,30.81,2500,1,0,0
2949,49.19915,free_swing,657,475,753,527,-2.403,61.557,0,-539.13,1513.53,1,109.18,21.58,2500,1,0,0
2950,49.21583,free_swing,635,484,758,471,-10.437,96.033,0,-442.05,927.37,1,123.69,11.16,2500,1,0,0
2951,49.23252,free_swing,615,490,751,483,-16.899,92.946,0,-342.29,579.37,1,136.18,2.19,2500,1,0,0
2952,49.2492,free_swing,599,490,733,452,-22.051,105.832,0,-284.02,127.93,1,139.28,0.04,2500,1,0,0
2953,49.26588,free_swing,584,491,731,440,-26.421,109.134,0,-264.98,-33.41,1,155.60,11.76,2500,0,0,0
2954,49.28257,free_swing,568,491,723,459,-30.858,101.665,0,-259.12,-255.04,1,158.27,13.68,2500,1,0,0
2955,49.29925,free_swing,552,488,708,469,-35.433,96.944,0,-263.05,-36.91,1,157.15,12.88,2500,1,0,0
2956,49.31593,free_swing,537,485,694,447,-39.472,103.606,0,-266.10,30.61,1,161.53,16.02,2500,0,0,0
2957,49.33262,free_swing,521,478,680,442,-44.204,102.758,0,-267.77,189.53,1,163.02,17.10,2500,0,0,0
2958,49.3493,free_swing,505,471,664,447,-48.660,98.584,0,-268.31,-25.46,1,160.80,15.50,2500,1,0,0
2959,49.36598,free_swing,491,462,663,402,-52.918,109.231,0,-258.68,-451.02,1,182.16,30.84,2500,1,0,0
2960,49.38267,free_swing,477,452,633,453,-57.171,89.633,0,-239.51,-451.52,1,156.00,12.05,2500,0,0,0
2961,49.39935,free_swing,466,441,618,478,-61.044,76.319,0,-202.49,-564.08,1,156.44,12.37,2500,0,0,0
2962,49.41603,free_swing,458,433,603,444,-63.771,85.662,0,-150.05,-459.16,0,145.42,4.45,2500,0,0,0
2963,49.43272,free_swing,453,426,582,492,-65.886,62.904,0,-86.98,-466.64,0,144.90,4.08,2500,0,0,0
2964,49.4494,free_swing,450,423,562,502,-66.866,54.802,0,-25.09,-625.23,0,137.06,1.55,2500,0,0,0
2965,49.46608,free_swing,451,424,550,492,-66.541,55.516,0,38.72,-562.30,1,120.10,13.73,2500,0,0,0
2966,49.48277,free_swing,455,427,524,529,-65.452,34.077,0,109.45,-833.83,1,123.15,11.55,2500,1,0,0
2967,49.49945,free_swing,460,435,499,547,-63.097,19.199,0,196.64,-1128.25,1,118.60,14.82,2500,1,0,0
2968,49.51613,free_swing,472,447,481,543,-58.948,5.356,0,286.67,-1275.38,1,96.42,30.74,2500,0,0,0
2969,49.53282,free_swing,488,461,441,566,-53.604,-24.114,0,336.51,-1492.02,1,115.04,17.37,2500,1,0,0
2970,49.5495,free_swing,507,473,444,530,-47.891,-47.862,0,321.95,-1258.78,1,84.96,38.98,2500,1,0,0
2971,49.56618,free_swing,525,481,420,531,-42.805,-64.537,0,282.26,-873.51,1,116.30,16.47,2500,1,0,0
2972,49.58287,free_swing,540,485,410,517,-38.797,-76.171,0,236.57,-1093.04,1,133.88,3.84,2500,1,0,0
2973,49.59955,free_swing,554,489,432,478,-34.771,-95.152,0,210.57,-986.48,1,122.49,12.02,2500,0,0,0
2974,49.61623,free_swing,566,490,462,433,-31.547,-118.726,0,211.88,-512.62,1,118.60,14.82,2500,1,0,0
2975,49.63292,free_swing,579,491,449,439,-27.848,-111.801,0,238.12,-301.08,1,140.01,0.57,2500,1,0,0
2976,49.6496,free_swing,594,491,462,428,-23.459,-115.514,0,287.43,-132.52,0,146.26,5.06,2500,0,0,0
2977,49.66628,free_swing,611,489,499,394,-18.325,-130.305,0,309.75,-94.40,0,146.86,5.49,2500,0,0,0
2978,49.68297,free_swing,628,485,492,415,-12.885,-117.235,0,317.91,227.77,1,152.96,9.87,2500,1,0,0
2979,49.69965,free_swing,643,479,502,416,-7.748,-114.075,0,348.23,423.07,1,154.43,10.93,2500,0,0,0
2980,49.71633,free_swing,659,472,519,415,-1.637,-112.153,0,397.20,284.64,0,151.16,8.57,2500,0,0,0
2981,49.73302,free_swing,676,461,520,427,5.755,-102.295,0,438.36,362.77,1,159.66,14.68,2500,0,0,0
2982,49.7497,free_swing,690,449,541,429,12.995,-97.645,0,442.95,295.93,0,150.34,7.98,2500,0,0,0
2983,49.76638,free_swing,702,438,558,428,20.200,-93.972,0,430.23,433.96,0,144.35,3.68,2500,0,0,0
2984,49.78307,free_swing,711,426,574,433,27.051,-87.075,0,386.15,460.00,0,137.18,1.47,2500,0,0,0
2985,49.79975,free_swing,719,418,578,463,33.071,-72.300,0,279.59,367.43,0,148.01,6.31,2500,0,0,0
2986,49.81643,free_swing,722,412,603,442,36.409,-75.851,0,135.16,500.05,1,122.72,11.85,2500,0,0,0
2987,49.83312,free_swing,723,411,614,458,37.216,-66.675,0,-14.54,-29.72,1,118.70,14.74,2500,1,0,0
2988,49.8498,free_swing,722,413,623,482,36.069,-55.125,0,-136.28,112.21,1,120.67,13.32,2500,0,0,0
2989,49.86648,free_swing,719,419,652,434,32.768,-77.381,0,-235.67,464.34,1,68.66,50.68,2500,1,0,0
2990,49.88317,free_swing,713,426,654,491,28.009,-42.230,0,-335.95,1389.70,1,87.78,36.95,2500,1,0,0
2991,49.89985,free_swing,705,437,673,527,21.801,-19.573,0,-455.70,1778.80,1,95.52,31.39,2500,1,0,0
2992,49.91653,free_swing,691,451,699,486,13.241,12.875,0,-565.35,1630.93,1,35.90,74.21,2500,0,0,0
2993,49.93322,free_swing,670,467,718,560,2.968,27.300,0,-595.32,1587.78,1,104.66,24.83,2500,0,0,0
2994,49.9499,free_swing,646,480,735,514,-6.553,69.092,0,-519.90,1182.62,1,95.27,31.57,2500,1,0,0
2995,49.96658,free_swing,624,487,743,522,-14.123,73.610,0,-401.36,945.85,1,124.04,10.91,2500,1,0,0
2996,49.98327,free_swing,606,490,749,499,-19.837,86.399,0,-318.22,498.81,1,143.28,2.92,2500,1,0,0
2997,49.99995,free_swing,590,491,736,464,-24.661,100.477,0,-270.44,463.46,0,148.48,6.65,2500,0,0,0
2998,50.01663,free_swing,574,491,723,463,-29.238,100.643,0,-254.74,-23.26,1,151.61,8.90,2500,1,0,0
2999,50.03332,free_swing,560,490,713,466,-33.100,98.915,0,-246.10,-131.84,1,154.87,11.24,2500,0,0,0
3000,50.05,free_swing,545,486,700,472,-37.461,95.161,0,-240.18,-9.98,1,155.63,11.79,2500,0,0,0
3001,50.06668,free_swing,530,483,690,453,-41.373,100.620,0,-246.95,26.22,1,162.79,16.93,2500,0,0,0
3002,50.08337,free_swing,516,477,674,456,-45.392,97.571,0,-246.79,39.62,1,159.39,14.49,2500,0,0,0
3003,50.10005,free_swing,501,469,660,448,-49.779,97.524,0,-250.59,-70.41,1,160.38,15.20,2500,0,0,0
3004,50.11673,free_swing,487,461,656,438,-53.760,97.750,0,-246.71,-295.23,1,170.56,22.51,2500,1,0,0
3005,50.13342,free_swing,476,450,637,447,-57.747,91.067,0,-230.46,-318.60,1,161.03,15.66,2500,0,0,0
3006,50.1501,free_swing,464,440,617,467,-61.511,79.992,0,-195.96,-198.67,1,155.36,11.59,2500,0,0,0
3007,50.16678,free_swing,457,431,619,441,-64.332,86.468,0,-146.36,-289.61,1,162.31,16.58,2500,0,0,0
3008,50.18347,free_swing,453,425,603,457,-66.114,77.957,0,-85.95,-466.63,1,153.38,10.17,2500,0,0,0
3009,50.20015,free_swing,450,421,578,486,-67.323,63.078,0,-27.01,-318.06,0,143.56,3.11,2500,0,0,0
3010,50.21683,free_swing,450,422,569,484,-67.094,62.480,0,25.41,-384.72,0,134.18,3.62,2500,0,0,0
3011,50.23352,free_swing,452,425,556,473,-66.214,65.225,0,76.90,-493.47,1,114.54,17.73,2500,0,0,0
3012,50.2502,free_swing,456,430,526,529,-64.666,35.263,0,131.82,-696.50,1,121.25,12.91,2500,1,0,0
3013,50.26688,free_swing,463,439,516,513,-61.853,35.611,0,203.79,-739.15,1,91.02,34.62,2500,0,0,0
3014,50.28357,free_swing,476,450,499,526,-57.747,16.837,0,291.28,-2368.02,1,79.40,42.97,2500,1,0,0
3015,50.30025,free_swing,492,463,453,565,-52.545,-20.925,0,345.99,-2732.76,1,109.20,21.56,2500,1,0,1
3016,50.31693,free_swing,512,477,483,468,-46.161,-107.241,0,344.40,-1377.90,1,30.36,78.19,2500,1,0,0
3017,50.33362,free_swing,531,484,435,528,-40.972,-65.376,0,295.45,-360.00,1,105.60,24.15,2500,1,0,0
3018,50.3503,free_swing,547,488,423,516,-36.634,-77.276,0,243.02,128.65,1,127.12,8.69,2500,1,0,0
3019,50.36698,free_swing,561,490,456,462,-32.845,-104.931,0,221.56,-751.87,1,108.67,21.95,2500,1,0,0
3020,50.38367,free_swing,574,492,433,489,-29.085,-91.219,0,211.64,-215.44,1,141.03,1.30,2500,1,0,0
3021,50.40035,free_swing,587,491,448,464,-25.547,-100.993,0,229.90,-153.76,0,141.60,1.71,2500,0,0,0
3022,50.41703,free_swing,600,491,465,445,-21.615,-108.816,0,271.04,-242.33,0,142.62,2.44,2500,0,0,0
3023,50.43372,free_swing,617,488,476,437,-16.429,-109.885,0,317.16,-490.35,1,149.94,7.70,2500,1,0,0
3024,50.4504,free_swing,634,483,489,432,-10.871,-109.378,0,340.05,-410.51,1,153.71,10.40,2500,0,0,0
3025,50.46708,free_swing,650,477,546,364,-5.123,-137.375,0,356.33,122.19,1,153.57,10.31,2500,1,0,0
3026,50.48377,free_swing,665,468,529,419,0.843,-109.814,0,384.45,630.13,1,144.56,3.83,2500,1,0,0
3027,50.50045,free_swing,680,458,539,438,7.684,-98.073,0,415.03,785.11,0,142.41,2.29,2500,0,0,0
3028,50.51713,free_swing,693,447,561,430,14.621,-97.339,0,425.91,192.92,1,133.09,4.40,2500,1,0,0
3029,50.53382,free_swing,704,436,568,436,21.516,-90.000,0,377.66,439.15,1,136.00,2.31,2500,1,0,0
3030,50.5505,free_swing,712,427,573,446,27.284,-82.216,0,275.54,558.87,0,140.29,0.77,2500,0,0,0
3031,50.56718,free_swing,716,422,589,471,30.493,-68.902,0,127.28,583.14,0,136.12,2.23,2500,0,0,0
3032,50.58387,free_swing,717,420,599,475,31.535,-65.010,0,-4.24,580.40,0,130.19,6.49,2500,0,0,0
3033,50.60055,free_swing,716,423,618,503,30.217,-50.774,0,-108.12,469.46,0,126.51,9.13,2500,0,0,0
3034,50.61723,free_swing,713,426,634,508,28.009,-43.933,0,-195.57,509.44,1,113.86,18.21,2500,0,0,0
3035,50.63392,free_swing,708,434,651,511,23.806,-36.511,0,-288.51,898.45,1,95.80,31.19,2500,1,0,0
3036,50.6506,free_swing,700,444,670,538,18.281,-17.700,0,-412.50,1448.44,1,98.67,29.13,2500,1,0,0
3037,50.66728,free_swing,686,455,707,531,10.592,15.446,0,-511.08,1276.33,1,78.85,43.37,2500,0,0,0
3038,50.68397,free_swing,666,470,723,554,1.245,34.160,0,-533.80,1788.51,1,101.51,27.09,2500,1,0,0
3039,50.70065,free_swing,644,480,748,576,-7.316,47.291,0,-474.26,1336.07,1,141.53,1.66,2500,1,0,0
3040,50.71733,free_swing,624,488,747,457,-14.036,104.146,0,-374.29,985.85,1,126.85,8.89,2500,1,0,0
3041,50.73402,free_swing,606,490,751,524,-19.837,76.804,0,-294.72,404.05,1,148.93,6.97,2500,1,0,0
3042,50.7507,free_swing,592,491,741,469,-24.063,98.399,0,-248.11,22.83,1,150.62,8.18,2500,1,0,0
3043,50.76738,free_swing,578,492,734,463,-27.979,100.531,0,-223.46,503.40,1,158.67,13.97,2500,1,0,0
3044,50.78407,free_swing,565,490,722,451,-31.809,103.950,0,-228.14,32.54,1,161.77,16.20,2500,1,0,0
3045,50.80075,free_swing,551,489,709,447,-35.503,104.886,0,-223.53,198.91,1,163.49,17.43,2500,0,0,0
3046,50.81743,free_swing,537,485,702,431,-39.472,108.122,0,-230.36,74.58,1,173.61,24.70,2500,0,0,0
3047,50.83412,free_swing,524,481,685,417,-43.011,111.679,0,-234.57,58.27,1,173.25,24.44,2500,0,0,0
3048,50.8508,free_swing,510,473,674,428,-47.337,105.344,0,-238.71,-166.29,1,170.06,22.15,2500,1,0,0
3049,50.86748,free_swing,496,467,664,411,-51.049,108.435,0,-240.95,-380.76,1,177.09,27.20,2500,1,0,0
3050,50.88417,free_swing,484,457,647,439,-55.072,96.302,0,-220.79,-208.84,1,163.99,17.79,2500,0,0,0
3051,50.90085,free_swing,473,448,636,442,-58.595,92.108,0,-190.13,-160.01,1,163.11,17.16,2500,0,0,0
3052,50.91753,free_swing,464,441,625,420,-61.289,97.431,0,-144.11,-407.63,1,162.36,16.62,2500,1,0,0
3053,50.93422,free_swing,459,435,613,450,-63.211,84.437,0,-89.29,-571.63,1,154.73,11.14,2500,0,0,0
3054,50.9509,free_swing,456,431,594,493,-64.440,65.807,0,-32.80,-437.63,0,151.29,8.67,2500,0,0,0
3055,50.96758,free_swing,456,432,592,473,-64.215,73.223,0,27.56,-287.52,0,142.05,2.03,2500,0,0,0
3056,50.98427,free_swing,459,434,575,489,-63.435,64.633,0,84.64,-567.28,1,128.38,7.79,2500,1,0,0
3057,51.00095,free_swing,464,440,556,528,-61.511,46.273,0,137.36,-1010.69,1,127.31,8.56,2500,1,0,0
3058,51.01763,free_swing,472,448,539,551,-58.728,33.043,0,197.49,-1311.33,1,122.87,11.74,2500,1,0,0
3059,51.03432,free_swing,484,458,526,562,-54.858,21.991,0,281.45,1613.75,1,112.16,19.44,2500,1,0,0
3060,51.051,free_swing,501,469,527,542,-49.779,19.604,0,359.65,667.23,1,77.49,44.34,2500,1,0,0
3061,51.06768,free_swing,524,482,549,466,-42.820,122.619,0,389.33,-1673.10,1,29.68,78.68,2500,1,0,0
3062,51.08437,free_swing,546,489,473,558,-36.694,-46.614,0,352.10,-3366.34,1,100.45,27.85,2500,1,0,1
3063,51.10105,free_swing,566,491,455,559,-31.386,-58.508,0,287.34,-2908.06,1,130.17,6.50,2500,1,0,1
3064,51.11773,free_swing,581,492,456,545,-27.135,-67.023,0,245.95,382.79,1,135.77,2.48,2500,1,0,0
3065,51.13442,free_swing,595,492,461,525,-23.025,-76.165,0,235.06,-739.31,1,138.00,0.88,2500,1,0,0
3066,51.1511,free_swing,608,490,466,505,-19.193,-83.970,0,261.53,-892.40,0,142.79,2.56,2500,0,0,0
3067,51.16778,free_swing,623,487,510,444,-14.470,-110.833,0,288.26,-640.50,1,120.90,13.16,2500,1,0,0
3068,51.18447,free_swing,639,481,514,437,-9.150,-109.392,0,320.76,-135.42,1,132.52,4.82,2500,1,0,0
3069,51.20115,free_swing,653,474,524,431,-4.028,-108.435,0,336.99,-167.11,0,135.98,2.33,2500,0,0,0
3070,51.21783,free_swing,668,467,544,422,2.121,-109.946,0,360.25,12.30,0,131.91,5.25,2500,0,0,0
3071,51.23452,free_swing,681,458,572,387,8.130,-123.079,0,399.17,321.64,1,130.08,6.56,2500,1,0,0
3072,51.2512,free_swing,694,448,550,446,14.962,-90.796,0,413.22,681.64,1,144.01,3.44,2500,1,0,0
3073,51.26788,free_swing,705,435,572,423,22.184,-95.156,0,411.50,889.44,1,133.54,4.08,2500,1,0,0
3074,51.28457,free_swing,713,425,578,449,28.264,-79.919,0,348.39,-156.06,1,137.12,1.51,2500,1,0,0
3075,51.30125,free_swing,719,416,583,456,33.690,-73.610,0,241.52,84.21,1,141.76,1.82,2500,1,0,0
3076,51.31793,free_swing,722,412,620,393,36.409,-100.552,0,121.66,54.45,1,103.75,25.48,2500,0,0,0
3077,51.33462,free_swing,723,411,603,464,37.216,-66.171,0,-27.61,422.87,1,131.18,5.77,2500,1,0,0
3078,51.3513,free_swing,722,413,614,446,36.069,-73.009,0,-151.49,451.18,1,112.93,18.89,2500,0,0,0
3079,51.36798,free_swing,718,420,639,457,32.005,-64.904,0,-247.88,182.91,1,87.24,37.34,2500,1,0,0
3080,51.38467,free_swing,713,428,652,461,27.512,-61.587,0,-325.49,820.34,1,69.35,50.18,2500,1,0,0
3081,51.40135,free_swing,705,437,660,495,21.801,-37.807,0,-388.21,1293.75,1,73.41,47.27,2500,1,0,0
3082,51.41803,free_swing,693,450,662,540,14.265,-19.006,0,-478.07,1562.78,1,95.19,31.63,2500,1,0,0
3083,51.43472,free_swing,677,463,689,515,6.100,12.995,0,-549.28,1291.15,1,53.37,61.67,2500,1,0,0
3084,51.4514,free_swing,654,476,709,574,-3.576,29.302,0,-554.40,1414.83,1,112.38,19.28,2500,0,0,0
3085,51.46808,free_swing,628,487,721,573,-12.724,47.239,0,-492.46,1179.96,1,126.67,9.02,2500,1,0,0
3086,51.48477,free_swing,606,491,715,514,-19.722,78.085,0,-386.25,914.51,1,111.40,19.98,2500,1,0,0
3087,51.50145,free_swing,587,492,703,517,-25.408,77.838,0,-307.27,204.39,1,118.66,14.77,2500,1,0,0
3088,51.51813,free_swing,570,492,706,512,-30.167,81.634,0,-275.57,-26.16,1,137.46,1.26,2500,1,0,0
3089,51.53482,free_swing,555,489,700,519,-34.524,78.311,0,-249.29,485.47,1,148.07,6.36,2500,1,0,0
3090,51.5515,free_swing,540,485,702,473,-38.797,94.236,0,-228.36,463.46,1,162.44,16.68,2500,0,0,0
3091,51.56818,free_swing,527,482,696,444,-42.198,102.672,0,-225.65,113.06,1,173.22,24.42,2500,1,0,0
3092,51.58487,free_swing,514,476,678,464,-45.978,94.185,0,-227.35,-88.87,1,164.44,18.11,2500,1,0,0
3093,51.60155,free_swing,500,468,665,463,-50.160,91.736,0,-231.08,-109.55,1,165.08,18.57,2500,0,0,0
3094,51.61823,free_swing,488,461,656,429,-53.604,100.784,0,-219.39,-51.53,1,171.02,22.84,2500,0,0,0
3095,51.63492,free_swing,477,452,636,462,-57.171,86.401,0,-196.01,-521.42,1,159.31,14.43,2500,1,0,0
3096,51.6516,free_swing,468,443,623,462,-60.350,83.012,0,-164.92,-747.97,1,156.16,12.17,2500,1,0,0
3097,51.66828,free_swing,461,437,601,504,-62.534,64.426,0,-112.98,-381.80,1,155.21,11.48,2500,1,0,0
3098,51.68497,free_swing,458,432,590,497,-63.997,63.783,0,-54.54,-210.14,0,147.14,5.68,2500,0,0,0
3099,51.70165,free_swing,456,431,573,488,-64.440,64.026,0,4.88,-234.69,0,130.15,6.52,2500,0,0,0
3100,51.71833,free_swing,458,433,559,504,-63.771,54.894,0,63.54,-752.88,1,123.46,11.32,2500,1,0,0
3101,51.73502,free_swing,462,438,543,535,-62.194,39.864,0,128.25,-358.97,1,126.37,9.23,2500,1,0,0
3102,51.7517,free_swing,470,445,524,540,-59.651,29.615,0,200.38,-370.71,1,109.27,21.51,2500,0,0,0
3103,51.76838,free_swing,481,457,528,512,-55.518,40.515,0,280.07,-940.57,1,72.35,48.04,2500,1,0,0
3104,51.78507,free_swing,497,469,490,537,-50.467,-5.877,0,330.58,-3172.84,1,68.36,50.90,2500,1,0,1
3105,51.80175,free_swing,518,479,492,502,-44.608,-48.504,0,326.12,-2806.89,1,34.71,75.07,2500,1,0,1
3106,51.81843,free_swing,536,486,499,457,-39.512,-128.089,0,287.52,-839.91,1,47.01,66.23,2500,1,0,0
3107,51.83512,free_swing,552,489,438,533,-35.261,-68.895,0,242.75,66.21,1,122.20,12.23,2500,1,0,0
3108,51.8518,free_swing,566,491,453,492,-31.386,-89.493,0,224.76,235.98,1,113.00,18.83,2500,0,0,0
3109,51.86848,free_swing,579,492,477,460,-27.699,-107.418,0,223.35,-668.40,1,106.90,23.22,2500,1,0,0
3110,51.88517,free_swing,592,492,463,478,-23.929,-96.194,0,218.53,54.33,1,129.76,6.80,2500,1,0,0
3111,51.90185,free_swing,605,490,463,470,-20.158,-98.017,0,222.56,24.92,0,143.40,3.00,2500,0,0,0
3112,51.91853,free_swing,617,487,484,447,-16.530,-106.739,0,255.20,-552.27,1,138.88,0.24,2500,1,0,0
3113,51.93522,free_swing,631,484,497,443,-11.889,-107.013,0,294.51,-204.78,1,140.13,0.65,2500,1,0,0
3114,51.9519,free_swing,647,478,528,407,-6.254,-120.822,0,340.21,177.71,1,138.57,0.47,2500,1,0,0
3115,51.96858,free_swing,661,470,517,443,-0.830,-100.620,0,365.43,242.76,0,146.51,5.23,2500,0,0,0
3116,51.98527,free_swing,676,461,541,432,5.755,-102.124,0,370.75,378.40,0,138.08,0.82,2500,0,0,0
3117,52.00195,free_swing,688,451,555,425,11.864,-101.061,0,377.05,339.66,0,135.52,2.66,2500,0,0,0
3118,52.01863,free_swing,698,442,565,452,17.650,-85.700,0,352.00,810.18,1,133.38,4.20,2500,1,0,0
3119,52.03532,free_swing,707,433,582,470,23.540,-73.511,0,281.66,794.29,0,130.36,6.37,2500,0,0,0
3120,52.052,free_swing,712,427,588,499,27.284,-59.859,0,149.08,616.77,0,143.39,2.99,2500,0,0,0
3121,52.06868,free_swing,713,425,604,504,28.264,-54.067,0,14.50,478.83,0,134.62,3.31,2500,0,0,0
3122,52.08537,free_swing,712,427,619,528,27.284,-42.639,0,-112.51,543.89,0,137.30,1.38,2500,0,0,0
3123,52.10205,free_swing,710,432,636,532,25.174,-36.501,0,-212.51,689.42,1,124.40,10.64,2500,0,0,0
3124,52.11873,free_swing,702,440,665,547,19.855,-19.075,0,-330.52,842.49,1,113.22,18.68,2500,0,0,0
3125,52.13542,free_swing,693,450,677,582,14.265,-6.911,0,-446.86,1086.61,1,132.97,4.49,2500,1,0,0
3126,52.1521,free_swing,676,463,705,578,5.667,14.153,0,-511.55,1223.61,1,118.60,14.81,2500,0,0,0
3127,52.16878,free_swing,655,476,734,585,-3.180,35.933,0,-514.64,1322.84,0,134.62,3.31,2500,0,0,0
3128,52.18547,free_swing,633,485,740,552,-11.094,57.947,0,-429.35,1388.51,0,126.25,9.32,2500,0,0,0
3129,52.20215,free_swing,614,489,742,518,-17.333,77.234,0,-330.34,1088.26,1,131.24,5.73,2500,1,0,0
3130,52.21883,free_swing,598,491,747,465,-22.235,99.898,0,-261.53,650.82,1,151.25,8.64,2500,1,0,0
3131,52.23552,free_swing,585,492,738,471,-25.989,97.815,0,-232.89,387.79,1,154.43,10.93,2500,1,0,0
3132,52.2522,free_swing,571,491,732,447,-30.054,105.285,0,-222.56,-30.02,1,166.90,19.88,2500,1,0,0
3133,52.26888,free_swing,558,489,720,430,-33.774,110.011,0,-223.42,-26.69,1,172.41,23.84,2500,0,0,0
3134,52.28557,free_swing,545,487,704,465,-37.282,97.878,0,-218.34,177.40,1,160.51,15.29,2500,1,0,0
3135,52.30225,free_swing,531,483,691,428,-41.159,108.970,0,-223.34,224.63,1,169.19,21.52,2500,0,0,0
3136,52.31893,free_swing,518,478,681,386,-44.803,119.441,0,-228.08,48.57,1,187.17,34.44,2500,0,0,0
3137,52.33562,free_swing,505,471,666,430,-48.660,104.287,0,-231.72,-372.97,1,166.14,19.33,2500,1,0,0
3138,52.3523,free_swing,492,463,655,429,-52.545,101.782,0,-236.75,-326.24,1,166.51,19.60,2500,0,0,0
3139,52.36898,free_swing,479,454,650,423,-56.454,100.275,0,-221.90,-84.10,1,173.79,24.83,2500,1,0,0
3140,52.38567,free_swing,469,444,628,427,-60.001,96.103,0,-195.32,-376.48,1,159.91,14.86,2500,1,0,0
3141,52.40235,free_swing,461,436,625,437,-62.758,89.651,0,-148.94,-599.81,1,164.00,17.80,2500,1,0,0
3142,52.41903,free_swing,455,429,603,466,-64.998,75.964,0,-92.13,-415.06,0,152.55,9.58,2500,0,0,0
3143,52.43572,free_swing,453,426,590,477,-65.886,69.582,0,-37.83,-464.48,0,146.18,5.00,2500,0,0,0
3144,52.4524,free_swing,452,426,588,476,-65.987,69.814,0,22.41,-673.02,1,144.90,4.08,2500,1,0,0
3145,52.46908,free_swing,454,428,564,532,-65.329,46.606,0,81.94,-592.21,0,151.38,8.73,2500,0,0,0
3146,52.48577,free_swing,459,435,542,543,-63.211,37.543,0,152.69,-531.77,0,136.21,2.16,2500,0,0,0
3147,52.50245,free_swing,468,444,541,529,-60.129,40.657,0,224.17,-659.07,1,112.04,19.52,2500,0,0,0
3148,52.51913,free_swing,482,455,512,560,-55.802,15.945,0,303.22,-1250.24,1,109.20,21.56,2500,1,0,0
3149,52.53582,free_swing,499,468,482,581,-50.332,-8.556,0,363.83,-1490.99,1,114.27,17.92,2500,1,0,0
3150,52.5525,free_swing,522,480,465,582,-43.612,-29.197,0,379.46,-1208.47,1,116.85,16.07,2500,1,0,0
3151,52.56918,free_swing,543,487,448,574,-37.747,-47.517,0,340.96,-1005.18,1,128.82,7.47,2500,1,0,0
3152,52.58587,free_swing,562,491,452,542,-32.425,-65.126,0,281.37,-995.75,1,121.25,12.91,2500,0,0,0
3153,52.60255,free_swing,577,492,454,518,-28.258,-78.064,0,251.29,-1064.90,0,125.72,9.70,2500,0,0,0
3154,52.61923,free_swing,591,492,476,475,-24.228,-98.409,0,229.24,-756.04,1,116.25,16.50,2500,1,0,0
3155,52.63592,free_swing,605,491,490,450,-20.041,-109.622,0,256.33,-221.83,1,122.09,12.31,2500,1,0,0
3156,52.6526,free_swing,618,488,484,458,-16.091,-102.619,0,292.38,188.46,1,137.32,1.37,2500,1,0,0
3157,52.66928,free_swing,636,483,495,457,-10.138,-100.448,0,326.86,124.20,0,143.38,2.98,2500,0,0,0
3158,52.68597,free_swing,651,476,510,446,-4.764,-102.011,0,360.34,25.57,0,144.16,3.54,2500,0,0,0
3159,52.70265,free_swing,666,468,520,440,1.264,-100.856,0,373.33,270.51,1,148.66,6.78,2500,1,0,0
3160,52.71933,free_swing,681,459,532,449,8.067,-93.840,0,410.69,276.10,0,149.34,7.26,2500,0,0,0
3161,52.73602,free_swing,693,446,544,449,14.744,-88.847,0,429.83,-315.60,1,149.03,7.04,2500,1,0,0
3162,52.7527,free_swing,705,435,567,417,22.184,-97.431,0,426.71,-124.92,0,139.17,0.04,2500,0,0,0
3163,52.76938,free_swing,714,424,591,385,29.002,-107.592,0,396.21,701.48,1,129.03,7.32,2500,1,0,0
3164,52.78607,free_swing,720,414,587,458,34.804,-71.694,0,274.88,920.11,1,140.09,0.62,2500,1,0,0
3165,52.80275,free_swing,724,408,611,476,38.752,-58.962,0,135.57,621.14,1,131.88,5.27,2500,1,0,0
3166,52.81943,free_swing,724,408,625,446,38.752,-69.001,0,1.33,342.79,1,106.04,23.83,2500,1,0,0
3167,52.83612,free_swing,724,409,641,479,38.387,-49.857,0,-139.00,612.43,1,108.58,22.01,2500,1,0,0
3168,52.8528,free_swing,721,414,653,518,35.272,-33.179,0,-249.83,829.51,1,124.26,10.75,2500,1,0,0
3169,52.86948,free_swing,715,425,671,496,29.211,-31.787,0,-371.39,665.68,1,83.53,40.00,2500,0,0,0
3170,52.88617,free_swing,707,435,684,548,23.131,-11.505,0,-448.90,1002.95,1,115.32,17.17,2500,1,0,0
3171,52.90285,free_swing,694,450,704,558,14.720,5.290,0,-529.88,1183.94,1,108.46,22.09,2500,0,0,0
3172,52.91953,free_swing,676,464,729,560,5.625,28.902,0,-571.73,1469.95,1,109.66,21.24,2500,1,0,0
3173,52.93622,free_swing,652,477,739,563,-4.338,45.331,0,-520.88,1343.04,1,122.33,12.13,2500,0,0,0
3174,52.9529,free_swing,631,485,752,502,-11.813,82.003,0,-435.79,1015.45,1,122.19,12.24,2500,1,0,0
3175,52.96958,free_swing,611,490,744,519,-18.217,77.699,0,-338.96,510.80,1,136.12,2.23,2500,1,0,0
3176,52.98627,free_swing,593,492,736,486,-23.629,92.403,0,-285.86,106.16,1,143.13,2.80,2500,1,0,0
3177,53.00295,free_swing,579,492,729,492,-27.699,90.000,0,-247.18,212.06,0,150.00,7.74,2500,0,0,0
3178,53.01963,free_swing,564,491,720,478,-31.908,94.764,0,-242.39,170.98,1,156.54,12.44,2500,0,0,0
3179,53.03632,free_swing,550,488,703,471,-35.918,96.340,0,-251.55,275.06,1,153.94,10.57,2500,0,0,0
3180,53.053,free_swing,534,484,685,445,-40.321,104.482,0,-252.92,-20.64,1,155.96,12.02,2500,1,0,0
3181,53.06968,free_swing,519,479,679,455,-44.409,98.531,0,-253.86,-204.60,1,161.79,16.21,2500,0,0,0
3182,53.08637,free_swing,504,472,662,468,-48.636,91.450,0,-244.92,-417.02,1,158.05,13.52,2500,1,0,0
3183,53.10305,free_swing,491,463,645,464,-52.706,89.628,0,-241.01,-382.01,1,154.00,10.62,2500,0,0,0
3184,53.11973,free_swing,479,454,629,483,-56.454,79.058,0,-221.50,-317.20,0,152.78,9.74,2500,0,0,0
3185,53.13642,free_swing,468,444,611,482,-60.129,75.118,0,-190.80,-247.63,0,147.96,6.28,2500,0,0,0
3186,53.1531,free_swing,461,436,596,476,-62.758,73.496,0,-139.26,-430.41,0,140.80,1.13,2500,0,0,0
3187,53.16978,free_swing,456,430,583,486,-64.666,66.205,0,-75.05,-108.25,1,138.80,0.30,2500,1,0,0
3188,53.18647,free_swing,455,428,555,504,-65.225,52.765,0,-2.80,-437.94,1,125.60,9.78,2500,1,0,0
3189,53.20315,free_swing,455,430,563,473,-64.772,68.290,0,72.90,-776.30,1,116.25,16.50,2500,1,0,0
3190,53.21983,free_swing,461,436,512,549,-62.758,24.291,0,142.25,-1192.38,1,123.98,10.95,2500,1,0,0
3191,53.23652,free_swing,470,444,496,545,-59.873,14.436,0,231.22,-1679.12,1,104.29,25.09,2500,1,0,0
3192,53.2532,free_swing,482,456,466,539,-55.586,-10.911,0,305.34,-1048.96,1,84.53,39.29,2500,1,0,0
3193,53.26988,free_swing,501,470,449,528,-49.574,-41.878,0,341.68,-2116.04,1,77.90,44.05,2500,1,0,0
3194,53.28657,free_swing,520,479,421,549,-44.210,-54.737,0,308.74,-1877.15,1,121.25,12.91,2500,1,0,0
3195,53.30325,free_swing,537,485,457,438,-39.472,-120.434,0,249.94,-948.43,1,92.78,33.36,2500,1,0,0
3196,53.31993,free_swing,550,488,439,473,-35.918,-97.696,0,211.19,-230.91,1,112.01,19.55,2500,1,0,0
3197,53.33662,free_swing,563,490,433,471,-32.330,-98.315,0,203.41,78.01,1,131.38,5.63,2500,1,0,0
3198,53.3533,free_swing,575,491,454,435,-28.963,-114.835,0,235.04,-727.22,1,133.33,4.23,2500,1,0,0
3199,53.36998,free_swing,590,491,469,414,-24.661,-122.471,0,271.91,-267.15,1,143.42,3.02,2500,1,0,0
3200,53.38667,free_swing,607,489,479,412,-19.631,-121.030,0,304.96,147.61,1,149.38,7.29,2500,1,0,0
3201,53.40335,free_swing,623,486,483,417,-14.560,-116.237,0,314.79,102.55,1,156.08,12.11,2500,0,0,0
3202,53.42003,free_swing,639,481,503,410,-9.150,-117.567,0,325.16,11.46,1,153.42,10.20,2500,0,0,0
3203,53.43672,free_swing,654,474,519,401,-3.627,-118.402,0,356.54,124.60,1,153.47,10.24,2500,0,0,0
3204,53.4534,free_swing,669,465,527,405,2.583,-112.906,0,393.23,319.27,1,154.16,10.73,2500,0,0,0
3205,53.47008,free_swing,684,455,541,415,9.689,-105.627,0,443.49,455.52,0,148.49,6.66,2500,0,0,0
3206,53.48677,free_swing,697,443,553,417,17.030,-100.235,0,461.92,383.51,0,146.33,5.10,2500,0,0,0
3207,53.50345,free_swing,709,430,561,428,25.145,-90.774,0,458.65,453.79,0,148.01,6.31,2500,0,0,0
3208,53.52013,free_swing,717,419,581,426,31.827,-87.054,0,379.02,583.88,0,136.18,2.19,2500,0,0,0
3209,53.53682,free_swing,723,409,582,450,37.926,-73.787,0,243.63,346.70,1,146.84,5.47,2500,1,0,0
3210,53.5535,free_swing,725,406,597,458,39.958,-67.891,0,111.85,85.65,1,138.16,0.76,2500,1,0,0
3211,53.57018,free_swing,726,405,629,433,40.795,-73.899,0,-36.57,289.41,1,100.96,27.48,2500,1,0,0
3212,53.58687,free_swing,725,407,643,446,39.579,-64.564,0,-175.12,808.37,1,90.80,34.78,2500,1,0,0
3213,53.60355,free_swing,721,415,641,514,34.946,-38.941,0,-314.87,1108.93,1,127.28,8.58,2500,1,0,0
3214,53.62023,free_swing,714,425,661,527,28.740,-27.457,0,-395.85,904.69,1,114.95,17.44,2500,1,0,0
3215,53.63692,free_swing,705,437,674,572,21.801,-12.933,0,-476.20,965.04,0,138.51,0.51,2500,0,0,0
3216,53.6536,free_swing,692,451,701,589,13.696,3.731,0,-565.91,1126.50,0,138.29,0.67,2500,0,0,0
3217,53.67028,free_swing,670,468,729,571,2.946,29.805,0,-596.71,1294.63,1,118.70,14.74,2500,0,0,0
3218,53.68697,free_swing,646,480,739,581,-6.553,42.639,0,-525.47,1370.02,0,137.30,1.38,2500,0,0,0
3219,53.70365,free_swing,624,487,750,528,-14.123,71.975,0,-411.30,1054.38,1,132.50,4.83,2500,1,0,0
3220,53.72033,free_swing,605,491,746,500,-20.041,86.348,0,-337.41,671.83,1,141.29,1.48,2500,1,0,0
3221,53.73702,free_swing,587,491,737,496,-25.547,88.091,0,-292.78,332.93,1,150.08,7.80,2500,1,0,0
3222,53.7537,free_swing,571,491,719,478,-30.054,95.020,0,-264.84,280.82,0,148.57,6.71,2500,0,0,0
3223,53.77038,free_swing,556,489,719,450,-34.276,103.456,0,-243.93,37.47,1,167.60,20.38,2500,1,0,0
3224,53.78707,free_swing,541,486,695,465,-38.387,97.765,0,-245.87,-68.86,1,155.43,11.64,2500,0,0,0
3225,53.80375,free_swing,526,482,685,472,-42.406,93.599,0,-248.80,23.58,1,159.31,14.43,2500,0,0,0
3226,53.82043,free_swing,511,475,673,437,-46.747,103.201,0,-252.21,120.78,1,166.40,19.52,2500,0,0,0
3227,53.83712,free_swing,496,468,652,440,-50.842,100.176,0,-251.89,-80.93,1,158.49,13.84,2500,1,0,0
3228,53.8538,free_swing,483,458,636,445,-55.008,94.857,0,-243.40,-459.04,1,153.55,10.29,2500,1,0,0
3229,53.87048,free_swing,472,447,623,450,-58.948,88.862,0,-224.29,-508.43,0,151.03,8.48,2500,0,0,0
3230,53.88717,free_swing,462,437,607,471,-62.418,76.804,0,-181.05,-543.37,0,148.93,6.97,2500,0,0,0
3231,53.90385,free_swing,455,429,598,478,-64.998,71.086,0,-128.83,-300.69,1,151.16,8.58,2500,1,0,0
3232,53.92053,free_swing,451,424,579,486,-66.541,64.156,0,-68.58,-461.47,0,142.23,2.16,2500,0,0,0
3233,53.93722,free_swing,450,421,567,479,-67.323,63.631,0,-6.76,-311.39,0,130.59,6.20,2500,0,0,0
3234,53.9539,free_swing,451,423,536,517,-66.769,42.122,0,58.16,-534.88,1,126.73,8.97,2500,1,0,0
3235,53.97058,free_swing,455,428,540,495,-65.225,51.754,0,135.88,-796.74,1,108.23,22.26,2500,1,0,0
3236,53.98727,free_swing,462,437,502,551,-62.418,19.335,0,215.86,-1075.25,1,120.81,13.22,2500,1,0,0
3237,54.00395,free_swing,474,450,483,544,-58.022,5.469,0,294.64,-1490.70,1,94.43,32.17,2500,1,0,0
3238,54.02063,free_swing,491,463,464,534,-52.706,-20.821,0,345.60,-1416.16,1,75.96,45.44,2500,0,0,0
3239,54.03732,free_swing,511,475,431,556,-46.747,-44.644,0,342.67,-1697.17,1,113.85,18.23,2500,1,0,0
3240,54.054,free_swing,530,484,438,513,-41.186,-72.504,0,298.15,-1089.20,1,96.46,30.71,2500,1,0,0
3241,54.07068,free_swing,546,488,436,489,-36.870,-89.479,0,248.51,-426.97,1,110.00,20.99,2500,1,0,0
3242,54.08737,free_swing,560,490,414,511,-33.100,-81.815,0,215.43,-186.63,1,147.50,5.95,2500,1,0,0
3243,54.10405,free_swing,574,491,424,490,-29.238,-90.382,0,232.58,-292.67,0,150.00,7.74,2500,0,0,0
3244,54.12073,free_swing,587,491,445,458,-25.547,-103.083,0,271.65,-691.16,1,145.78,4.71,2500,1,0,0
3245,54.13742,free_swing,605,490,458,452,-20.158,-104.494,0,311.90,-308.88,1,151.83,9.06,2500,1,0,0
3246,54.1541,free_swing,622,487,498,420,-14.816,-118.383,0,341.15,-27.58,1,140.94,1.24,2500,1,0,0
3247,54.17078,free_swing,639,481,489,438,-9.150,-105.996,0,335.63,27.69,1,156.04,12.08,2500,0,0,0
3248,54.18747,free_swing,655,474,512,420,-3.225,-110.688,0,359.35,-44.57,0,152.86,9.79,2500,0,0,0
3249,54.20415,free_swing,669,465,532,409,2.583,-112.233,0,412.50,26.98,0,148.00,6.31,2500,0,0,0
3250,54.22083,free_swing,685,455,549,401,10.141,-111.656,0,448.50,558.39,1,146.33,5.10,2500,1,0,0
3251,54.23752,free_swing,699,442,551,437,18.122,-91.935,0,446.85,722.82,0,148.08,6.37,2500,0,0,0
3252,54.2542,free_swing,708,430,564,447,24.664,-83.267,0,409.82,826.35,0,145.00,4.15,2500,0,0,0
3253,54.27088,free_swing,716,420,583,454,31.059,-75.660,0,337.24,296.63,1,137.28,1.40,2500,1,0,0
3254,54.28757,free_swing,722,412,591,480,36.409,-62.567,0,225.92,-84.42,1,147.60,6.02,2500,1,0,0
3255,54.30425,free_swing,724,409,623,431,38.387,-77.712,0,72.70,139.78,1,103.37,25.75,2500,1,0,0
3256,54.32093,free_swing,724,409,648,436,38.387,-70.442,0,-78.51,694.08,1,80.65,42.07,2500,1,0,0
3257,54.33762,free_swing,722,413,655,487,36.069,-42.158,0,-220.57,1248.95,1,99.82,28.30,2500,1,0,0
3258,54.3543,free_swing,717,421,671,505,31.247,-28.706,0,-348.93,1037.33,1,95.77,31.21,2500,1,0,0
3259,54.37098,free_swing,708,432,687,536,24.228,-11.416,0,-441.80,1314.76,1,106.10,23.79,2500,1,0,0
3260,54.38767,free_swing,697,446,708,504,16.607,10.739,0,-527.83,1838.56,1,59.03,57.60,2500,1,0,0
3261,54.40435,free_swing,680,461,728,498,7.507,52.374,0,-572.86,1587.50,1,60.61,56.47,2500,1,0,0
3262,54.42103,free_swing,656,476,759,513,-2.783,70.241,0,-548.40,1100.21,1,109.44,21.39,2500,1,0,0
3263,54.43772,free_swing,634,484,755,514,-10.802,76.075,0,-440.79,371.73,1,124.66,10.46,2500,1,0,0
3264,54.4544,free_swing,615,488,747,485,-17.103,91.302,0,-333.17,335.90,0,132.03,5.16,2500,0,0,0
3265,54.47108,free_swing,599,491,750,501,-21.926,86.211,0,-279.86,268.76,0,151.33,8.70,2500,0,0,0
3266,54.48777,free_swing,583,492,734,470,-26.565,98.289,0,-251.68,355.49,0,152.59,9.60,2500,0,0,0
3267,54.50445,free_swing,569,491,728,462,-30.591,100.337,0,-240.30,450.17,1,161.62,16.09,2500,0,0,0
3268,54.52113,free_swing,555,489,720,425,-34.524,111.200,0,-240.68,22.41,1,176.98,27.12,2500,1,0,0
3269,54.53782,free_swing,540,486,697,441,-38.614,105.994,0,-249.42,-126.86,1,163.32,17.31,2500,0,0,0
3270,54.5545,free_swing,525,480,685,453,-42.997,99.578,0,-257.57,-337.91,1,162.26,16.55,2500,1,0,0
3271,54.57118,free_swing,510,474,673,443,-47.135,100.768,0,-265.10,-131.53,1,165.92,19.18,2500,1,0,0
3272,54.58787,free_swing,495,465,656,456,-51.633,93.200,0,-257.19,-59.43,1,161.25,15.82,2500,0,0,0
3273,54.60455,free_swing,481,455,644,437,-55.948,96.302,0,-241.47,-285.87,1,163.99,17.79,2500,1,0,0
3274,54.62123,free_swing,470,446,632,446,-59.431,90.000,0,-206.62,-436.14,1,162.00,16.36,2500,0,0,0
3275,54.63792,free_swing,461,436,614,473,-62.758,76.405,0,-162.83,-493.50,1,157.41,13.06,2500,0,0,0
3276,54.6546,free_swing,455,429,593,475,-64.998,71.565,0,-112.82,-704.47,1,145.46,4.48,2500,1,0,0
3277,54.67128,free_swing,451,425,582,484,-66.314,65.754,0,-53.46,-193.58,1,143.67,3.20,2500,1,0,0
3278,54.68797,free_swing,451,423,553,522,-66.769,45.855,0,8.65,-226.44,0,142.14,2.10,2500,0,0,0
3279,54.70465,free_swing,453,425,564,469,-66.114,68.377,0,73.69,-750.07,1,119.40,14.24,2500,1,0,0
3280,54.72133,free_swing,457,432,525,530,-64.106,34.756,0,153.06,-524.46,1,119.28,14.32,2500,1,0,0
3281,54.73802,free_swing,465,441,496,561,-61.167,14.485,0,232.39,-1031.32,1,123.94,10.98,2500,1,0,0
3282,54.7547,free_swing,478,455,504,501,-56.381,29.476,0,315.30,-1171.72,1,52.84,62.05,2500,0,0,0
3283,54.77138,free_swing,497,467,477,508,-50.880,-26.003,0,362.31,-2407.45,1,45.62,67.23,2500,1,0,0
3284,54.78807,free_swing,519,479,462,514,-44.409,-58.449,0,343.77,-2202.62,1,66.89,51.96,2500,1,0,0
3285,54.80475,free_swing,538,485,463,474,-39.249,-98.344,0,293.71,-581.16,1,75.80,45.55,2500,1,0,0
3286,54.82143,free_swing,553,489,431,509,-35.017,-80.690,0,233.92,-271.94,1,123.63,11.20,2500,1,0,0
3287,54.83812,free_swing,567,491,440,489,-31.122,-90.902,0,224.80,-708.30,1,127.02,8.77,2500,1,0,0
3288,54.8548,free_swing,580,491,464,435,-27.565,-115.769,0,245.44,-856.37,0,128.81,7.48,2500,0,0,0
3289,54.87148,free_swing,596,491,491,406,-22.850,-128.991,0,294.41,-158.44,1,135.09,2.97,2500,1,0,0
3290,54.88817,free_swing,613,488,476,441,-17.771,-108.935,0,327.22,63.63,1,144.84,4.03,2500,1,0,0
3291,54.90485,free_swing,631,485,502,407,-11.813,-121.159,0,330.26,66.94,0,150.75,8.28,2500,0,0,0
3292,54.92153,free_swing,646,478,524,394,-6.642,-124.548,0,336.59,28.02,0,148.12,6.39,2500,0,0,0
3293,54.93822,free_swing,661,471,517,421,-0.824,-109.148,0,370.76,356.20,1,152.43,9.49,2500,1,0,0
3294,54.9549,free_swing,676,461,536,412,5.755,-109.290,0,427.18,537.54,0,148.33,6.54,2500,0,0,0
3295,54.97158,free_swing,691,449,544,413,13.459,-103.761,0,461.74,487.54,0,151.34,8.71,2500,0,0,0
3296,54.98827,free_swing,703,436,547,453,21.038,-83.781,0,461.81,514.95,1,156.92,12.71,2500,0,0,0
3297,55.00495,free_swing,713,424,573,435,28.523,-85.507,0,415.63,440.24,0,140.43,0.87,2500,0,0,0
3298,55.02163,free_swing,720,414,583,442,34.804,-78.449,0,320.48,351.33,0,139.83,0.44,2500,0,0,0
3299,55.03832,free_swing,724,407,599,464,39.123,-65.487,0,188.80,495.19,0,137.38,1.32,2500,0,0,0
3300,55.055,free_swing,726,405,621,459,40.795,-62.784,0,25.68,468.39,1,118.07,15.19,2500,0,0,0
3301,55.07168,free_swing,725,405,635,470,40.342,-54.162,0,-107.82,478.53,1,111.02,20.26,2500,0,0,0
3302,55.08837,free_swing,722,411,642,501,36.754,-41.634,0,-239.25,727.16,1,120.42,13.51,2500,1,0,0
3303,55.10505,free_swing,719,419,667,499,32.768,-33.024,0,-344.36,699.65,1,95.41,31.47,2500,0,0,0
3304,55.12173,free_swing,710,431,683,530,25.396,-15.255,0,-432.72,922.45,1,102.62,26.29,2500,1,0,0
3305,55.13842,free_swing,699,443,693,530,17.969,-3.945,0,-542.05,1412.65,1,87.21,37.36,2500,1,0,0
3306,55.1551,free_swing,682,459,723,543,8.509,26.017,0,-581.69,1339.18,1,93.47,32.86,2500,0,0,0
3307,55.17178,free_swing,658,474,733,532,-2.017,52.284,0,-565.40,1267.96,1,94.81,31.90,2500,0,0,0
3308,55.18847,free_swing,636,483,741,551,-10.138,57.072,0,-461.45,761.82,1,125.10,10.15,2500,1,0,0
3309,55.20515,free_swing,615,489,746,513,-17.000,79.618,0,-354.90,458.43,1,133.18,4.34,2500,1,0,0
3310,55.22183,free_swing,598,491,740,519,-22.235,78.845,0,-303.36,350.26,0,144.73,3.96,2500,0,0,0
3311,55.23852,free_swing,582,491,730,508,-26.996,83.447,0,-275.76,253.90,0,148.97,7.00,2500,0,0,0
3312,55.2552,free_swing,565,491,721,489,-31.648,90.735,0,-261.98,383.12,1,156.01,12.06,2500,0,0,0
3313,55.27188,free_swing,550,488,707,466,-35.918,97.977,0,-250.63,166.90,1,158.53,13.87,2500,1,0,0
3314,55.28857,free_swing,536,484,693,468,-39.880,95.819,0,-246.59,3.00,1,157.81,13.35,2500,0,0,0
3315,55.30525,free_swing,521,478,681,460,-44.204,96.419,0,-255.74,124.09,1,161.01,15.65,2500,0,0,0
3316,55.32193,free_swing,505,472,666,444,-48.457,99.866,0,-266.66,325.22,1,163.42,17.38,2500,1,0,0
3317,55.33862,free_swing,491,462,659,412,-52.918,106.574,0,-256.56,-2.65,1,175.28,25.90,2500,1,0,0
3318,55.3553,free_swing,477,452,647,410,-57.171,103.878,0,-236.63,-464.56,1,175.11,25.78,2500,1,0,0
3319,55.37198,free_swing,466,443,627,451,-60.601,87.155,0,-201.93,-683.37,1,161.20,15.78,2500,1,0,0
3320,55.38867,free_swing,458,433,603,462,-63.771,78.690,0,-153.42,-742.39,0,147.87,6.21,2500,0,0,0
3321,55.40535,free_swing,453,426,584,475,-65.886,69.492,0,-95.26,-915.57,0,139.86,0.46,2500,0,0,0
3322,55.42203,free_swing,451,423,565,515,-66.769,51.096,0,-28.04,-309.33,1,146.49,5.22,2500,1,0,0
3323,55.43872,free_swing,451,423,540,525,-66.769,41.106,0,33.94,-42.86,1,135.37,2.77,2500,1,0,0
3324,55.4554,free_swing,453,427,551,471,-65.659,65.821,0,102.66,-313.93,1,107.42,22.84,2500,1,0,0
3325,55.47208,free_swing,460,434,518,526,-63.322,32.229,0,186.97,-1083.77,1,108.76,21.88,2500,1,0,0
3326,55.48877,free_swing,471,445,492,542,-59.521,12.216,0,273.78,-1814.79,1,99.25,28.71,2500,1,0,0
3327,55.50545,free_swing,486,459,472,523,-54.340,-12.339,0,334.87,-1610.19,1,65.51,52.94,2500,1,0,0
3328,55.52213,free_swing,505,472,442,533,-48.457,-45.924,0,338.85,-1780.78,1,87.69,37.01,2500,0,0,0
3329,55.53882,free_swing,524,481,428,516,-43.011,-69.969,0,301.66,-1350.63,1,102.18,26.61,2500,1,0,0
3330,55.5555,free_swing,540,486,431,484,-38.614,-91.051,0,257.49,-691.18,1,109.02,21.70,2500,1,0,0
3331,55.57218,free_swing,555,489,425,480,-34.524,-93.960,0,217.59,-237.33,1,130.31,6.40,2500,1,0,0
3332,55.58887,free_swing,568,491,427,473,-30.858,-97.275,0,218.34,-124.60,0,142.14,2.10,2500,0,0,0
3333,55.60555,free_swing,580,491,437,466,-27.565,-99.917,0,247.20,-342.86,1,145.17,4.27,2500,1,0,0
3334,55.62223,free_swing,597,491,454,444,-22.543,-108.194,0,295.93,-383.99,0,150.53,8.12,2500,0,0,0
3335,55.63892,free_swing,614,488,473,425,-17.438,-114.075,0,321.90,-180.76,1,154.43,10.93,2500,1,0,0
3336,55.6556,free_swing,631,484,489,416,-11.889,-115.589,0,323.05,-143.00,1,157.44,13.09,2500,0,0,0
3337,55.67228,free_swing,646,479,507,418,-6.597,-113.694,0,349.56,-245.32,0,151.80,9.03,2500,0,0,0
3338,55.68897,free_swing,662,470,531,381,-0.415,-124.192,0,398.11,0.19,1,158.37,13.76,2500,1,0,0
3339,55.70565,free_swing,678,460,548,384,6.684,-120.311,0,440.76,463.65,1,150.59,8.16,2500,1,0,0
3340,55.72233,free_swing,693,449,550,416,14.381,-102.995,0,449.23,798.88,1,146.76,5.41,2500,1,0,0
3341,55.73902,free_swing,704,436,561,428,21.516,-93.202,0,436.42,617.79,0,143.22,2.87,2500,0,0,0
3342,55.7557,free_swing,713,424,574,434,28.523,-85.885,0,407.95,443.72,0,139.36,0.10,2500,0,0,0
3343,55.77238,free_swing,720,414,586,442,34.804,-78.198,0,301.27,468.68,0,136.89,1.67,2500,0,0,0
3344,55.78907,free_swing,724,407,605,453,39.123,-68.866,0,146.53,492.65,0,127.58,8.36,2500,0,0,0
3345,55.80575,free_swing,724,407,626,460,39.123,-61.595,0,-11.49,585.59,1,111.41,19.97,2500,0,0,0
3346,55.82243,free_swing,724,409,630,484,38.387,-51.415,0,-148.57,558.06,1,120.25,13.62,2500,0,0,0
3347,55.83912,free_swing,721,415,650,504,34.946,-38.581,0,-264.23,702.06,1,113.85,18.22,2500,0,0,0
3348,55.8558,free_swing,715,425,680,483,29.211,-31.109,0,-394.92,767.86,1,67.74,51.34,2500,0,0,0
3349,55.87248,free_swing,705,436,690,529,21.991,-9.162,0,-484.74,1484.28,1,94.20,32.34,2500,1,0,0
3350,55.88917,free_swing,691,451,711,562,13.241,10.214,0,-556.70,1840.50,1,112.79,18.99,2500,1,0,0
3351,55.90585,free_swing,672,466,735,507,3.842,56.944,0,-571.34,1542.39,1,75.17,46.01,2500,1,0,0
3352,55.92253,free_swing,648,479,746,525,-5.826,64.855,0,-511.66,785.61,1,108.26,22.24,2500,1,0,0
3353,55.93922,free_swing,627,485,746,514,-13.241,76.304,0,-409.80,438.32,1,122.48,12.02,2500,1,0,0
3354,55.9559,free_swing,608,490,751,519,-19.193,78.536,0,-321.69,547.89,0,145.91,4.80,2500,0,0,0
3355,55.97258,free_swing,592,491,736,466,-24.063,99.849,0,-280.06,354.17,0,146.15,4.98,2500,0,0,0
3356,55.98927,free_swing,576,491,719,483,-28.686,93.202,0,-258.65,349.68,0,143.22,2.87,2500,0,0,0
3357,56.00595,free_swing,561,490,715,461,-32.845,100.665,0,-253.76,171.92,1,156.71,12.56,2500,0,0,0
3358,56.02263,free_swing,546,487,705,429,-37.047,110.041,0,-249.18,433.28,1,169.25,21.57,2500,1,0,0
3359,56.03932,free_swing,531,482,695,430,-41.348,107.592,0,-252.23,-57.55,1,172.05,23.58,2500,1,0,0
3360,56.056,free_swing,516,477,694,399,-45.392,113.663,0,-253.93,-216.25,1,194.34,39.59,2500,0,0,0
3361,56.07268,free_swing,500,470,664,448,-49.748,97.640,0,-256.14,-171.41,1,165.47,18.85,2500,0,0,0
3362,56.08937,free_swing,487,460,649,418,-53.973,104.534,0,-250.24,-202.34,1,167.36,20.21,2500,0,0,0
3363,56.10605,free_swing,474,450,645,423,-58.022,98.973,0,-229.22,-146.50,1,173.12,24.35,2500,0,0,0
3364,56.12273,free_swing,464,440,626,433,-61.511,92.474,0,-194.08,-569.67,1,162.15,16.47,2500,1,0,0
3365,56.13942,free_swing,456,431,612,444,-64.440,85.236,0,-138.38,-464.74,1,156.54,12.44,2500,0,0,0
3366,56.1561,free_swing,452,425,585,468,-66.214,72.084,0,-79.40,-528.67,0,139.78,0.40,2500,0,0,0
3367,56.17278,free_swing,450,423,590,470,-66.866,71.442,0,-20.26,-432.73,0,147.68,6.07,2500,0,0,0
3368,56.18947,free_swing,450,423,563,500,-66.866,55.729,0,44.42,-551.23,0,136.74,1.78,2500,0,0,0
3369,56.20615,free_swing,454,427,549,502,-65.556,51.710,0,118.83,-898.64,1,121.04,13.06,2500,1,0,0
3370,56.22283,free_swing,461,436,518,535,-62.758,29.932,0,195.45,-1030.11,1,114.24,17.95,2500,0,0,0
3371,56.23952,free_swing,472,447,491,553,-58.948,10.162,0,276.35,-1481.39,1,107.69,22.65,2500,1,0,0
3372,56.2562,free_swing,487,460,473,533,-53.973,-10.856,0,344.98,-1425.28,1,74.33,46.61,2500,0,0,0
3373,56.27288,free_swing,509,473,449,535,-47.523,-44.061,0,366.28,-1596.59,1,86.28,38.03,2500,0,0,0
3374,56.28957,free_swing,529,483,425,542,-41.586,-60.433,0,327.47,-1656.62,1,119.57,14.12,2500,0,0,0
3375,56.30625,free_swing,546,488,449,481,-36.870,-94.128,0,261.93,-1359.43,1,97.25,30.15,2500,1,0,0
3376,56.32293,free_swing,561,490,459,446,-32.845,-113.334,0,228.66,-818.73,1,111.09,20.21,2500,1,0,0
3377,56.33962,free_swing,574,492,466,436,-29.085,-117.408,0,242.22,-22.19,1,121.66,12.62,2500,1,0,0
3378,56.3563,free_swing,589,492,463,436,-24.821,-113.962,0,278.75,265.89,1,137.88,0.96,2500,1,0,0
3379,56.37298,free_swing,607,489,476,436,-19.631,-112.027,0,318.10,-116.63,1,141.32,1.50,2500,1,0,0
3380,56.38967,free_swing,624,486,483,428,-14.211,-112.360,0,334.62,-346.20,1,152.46,9.51,2500,1,0,0
3381,56.40635,free_swing,641,480,521,387,-8.455,-127.776,0,336.30,28.10,1,151.82,9.05,2500,1,0,0
3382,56.42303,free_swing,656,474,521,401,-2.822,-118.402,0,368.62,124.22,1,153.47,10.24,2500,0,0,0
3383,56.43972,free_swing,671,465,524,422,3.442,-106.305,0,415.23,397.92,1,153.16,10.01,2500,1,0,0
3384,56.4564,free_swing,687,453,562,387,11.219,-117.834,0,455.20,371.18,0,141.35,1.53,2500,0,0,0
3385,56.47308,free_swing,700,441,553,426,18.750,-95.826,0,471.02,478.17,0,147.76,6.13,2500,0,0,0
3386,56.48977,free_swing,710,427,571,428,26.323,-89.588,0,449.19,752.17,1,139.00,0.16,2500,1,0,0
3387,56.50645,free_swing,719,416,591,431,33.690,-83.316,0,388.09,598.50,0,128.88,7.43,2500,0,0,0
3388,56.52313,free_swing,724,407,598,465,39.123,-65.283,0,244.36,730.70,0,138.71,0.37,2500,0,0,0
3389,56.53982,free_swing,726,402,609,478,41.987,-56.993,0,85.84,517.74,1,139.52,0.21,2500,1,0,0
3390,56.5565,free_swing,726,403,630,484,41.583,-49.844,0,-41.96,402.27,0,125.61,9.78,2500,0,0,0
3391,56.57318,free_swing,726,406,637,495,40.409,-45.000,0,-159.01,477.24,0,125.87,9.59,2500,0,0,0
3392,56.58987,free_swing,723,412,656,523,36.870,-31.115,0,-287.75,545.16,0,129.65,6.87,2500,0,0,0
3393,56.60655,free_swing,717,423,681,502,30.685,-24.499,0,-419.78,899.26,1,86.82,37.64,2500,1,0,0
3394,56.62323,free_swing,706,435,691,540,22.659,-8.130,0,-532.82,1159.76,1,106.07,23.82,2500,1,0,0
3395,56.63992,free_swing,692,451,725,542,13.696,19.933,0,-591.84,1360.57,1,96.80,30.47,2500,1,0,0
3396,56.6566,free_swing,670,467,746,569,2.968,36.690,0,-580.34,1184.36,0,127.20,8.64,2500,0,0,0
3397,56.67328,free_swing,648,479,756,549,-5.826,57.051,0,-499.54,1319.20,0,128.70,7.56,2500,0,0,0
3398,56.68997,free_swing,627,486,758,520,-13.158,75.450,0,-390.66,1107.92,1,135.34,2.79,2500,1,0,0
3399,56.70665,free_swing,609,489,755,459,-18.981,101.611,0,-320.08,326.53,1,149.05,7.06,2500,1,0,0
3400,56.72333,free_swing,592,492,744,490,-23.929,90.754,0,-274.01,252.59,0,152.01,9.19,2500,0,0,0
3401,56.74002,free_swing,577,492,729,491,-28.258,90.377,0,-259.57,215.95,0,152.00,9.18,2500,0,0,0
3402,56.7567,free_swing,562,490,725,410,-32.588,116.142,0,-262.21,399.08,1,181.57,30.42,2500,0,0,0
3403,56.77338,free_swing,545,488,704,451,-37.104,103.100,0,-269.50,51.27,1,163.25,17.26,2500,1,0,0
3404,56.79007,free_swing,529,483,686,439,-41.586,105.656,0,-264.37,-317.31,1,163.05,17.11,2500,1,0,0
3405,56.80675,free_swing,514,476,675,435,-45.978,104.287,0,-259.87,-233.68,1,166.14,19.33,2500,0,0,0
3406,56.82343,free_swing,499,469,660,453,-50.126,95.675,0,-260.54,-152.70,1,161.79,16.21,2500,0,0,0
3407,56.84012,free_swing,486,458,645,453,-54.554,91.801,0,-248.95,-56.70,1,159.08,14.26,2500,0,0,0
3408,56.8568,free_swing,473,448,642,418,-58.595,100.066,0,-221.31,-524.50,1,171.64,23.29,2500,1,0,0
3409,56.87348,free_swing,464,439,620,460,-61.734,82.333,0,-175.06,-610.77,1,157.41,13.06,2500,0,0,0
3410,56.89017,free_swing,457,431,588,503,-64.332,61.206,0,-122.75,-552.75,0,149.48,7.37,2500,0,0,0
3411,56.90685,free_swing,453,426,587,463,-65.886,74.564,0,-61.76,-301.77,1,139.01,0.15,2500,1,0,0
3412,56.92353,free_swing,451,425,559,494,-66.314,57.426,0,6.19,-352.67,0,128.16,7.95,2500,0,0,0
3413,56.94022,free_swing,454,427,540,507,-65.556,47.070,0,82.74,-824.47,1,117.46,15.63,2500,1,0,0
3414,56.9569,free_swing,459,433,527,513,-63.660,40.365,0,167.16,-963.85,1,105.00,24.58,2500,0,0,0
3415,56.97358,free_swing,469,444,493,542,-60.001,13.761,0,254.14,-1413.80,1,100.90,27.53,2500,1,0,0
3416,56.99027,free_swing,483,457,463,556,-55.222,-11.421,0,330.26,-1787.15,1,101.00,27.45,2500,1,0,0
3417,57.00695,free_swing,502,470,449,536,-49.399,-38.766,0,347.53,-1776.87,1,84.65,39.20,2500,0,0,0
3418,57.02363,free_swing,522,481,435,512,-43.420,-70.388,0,313.50,-1238.34,1,92.36,33.66,2500,1,0,0
3419,57.04032,free_swing,538,486,434,491,-39.066,-87.248,0,251.00,-619.55,1,104.12,25.21,2500,1,0,0
3420,57.057,free_swing,553,488,410,505,-35.189,-83.220,0,217.53,-272.91,1,144.01,3.44,2500,1,0,0
3421,57.07368,free_swing,565,491,425,476,-31.648,-96.116,0,232.57,-331.79,0,140.80,1.13,2500,0,0,0
3422,57.09037,free_swing,580,492,433,462,-27.418,-101.535,0,266.46,-425.30,0,150.03,7.76,2500,0,0,0
3423,57.10705,free_swing,597,490,450,451,-22.671,-104.859,0,297.51,-124.82,1,152.09,9.24,2500,1,0,0
3424,57.12373,free_swing,614,488,471,439,-17.438,-108.914,0,313.67,-127.09,0,151.16,8.58,2500,0,0,0
3425,57.14042,free_swing,630,484,479,437,-12.249,-107.289,0,318.62,-151.27,1,158.15,13.59,2500,0,0,0
3426,57.1571,free_swing,646,478,506,419,-6.642,-112.852,0,349.94,9.06,0,151.92,9.12,2500,0,0,0
3427,57.17378,free_swing,661,470,520,411,-0.830,-112.706,0,398.97,-48.55,0,152.85,9.79,2500,0,0,0
3428,57.19047,free_swing,678,460,530,415,6.684,-106.912,0,436.66,-45.07,1,154.69,11.11,2500,0,0,0
3429,57.20715,free_swing,692,448,562,388,14.036,-114.775,0,461.53,274.63,1,143.18,2.84,2500,1,0,0
3430,57.22383,free_swing,704,436,568,395,21.516,-106.777,0,459.01,562.36,1,142.05,2.03,2500,1,0,0
3431,57.24052,free_swing,714,423,570,434,29.268,-85.632,0,430.91,831.28,1,144.42,3.73,2500,1,0,0
3432,57.2572,free_swing,721,412,584,430,35.942,-82.515,0,360.81,630.82,1,138.18,0.75,2500,1,0,0
3433,57.27388,free_swing,725,404,592,455,40.732,-69.020,0,222.42,469.18,0,142.44,2.31,2500,0,0,0
3434,57.29057,free_swing,727,399,614,458,43.688,-62.430,0,69.16,353.87,0,127.48,8.44,2500,0,0,0
3435,57.30725,free_swing,727,401,632,464,42.847,-56.449,0,-82.77,467.27,1,113.99,18.12,2500,0,0,0
3436,57.32393,free_swing,726,405,643,464,40.795,-54.593,0,-193.56,207.70,1,101.83,26.86,2500,1,0,0
3437,57.34062,free_swing,722,412,649,516,36.409,-35.066,0,-311.11,510.16,1,127.06,8.73,2500,1,0,0
3438,57.3573,free_swing,717,422,695,442,30.964,-47.726,0,-422.17,850.91,1,29.73,78.64,2500,1,0,0
3439,57.37398,free_swing,705,436,694,519,21.991,-7.549,0,-523.49,1407.39,1,83.73,39.86,2500,1,0,0
3440,57.39067,free_swing,692,451,705,555,13.696,7.125,0,-594.20,1724.74,1,104.81,24.72,2500,1,0,0
3441,57.40735,free_swing,670,467,731,536,2.968,41.479,0,-589.68,1266.73,1,92.10,33.85,2500,1,0,0
3442,57.42403,free_swing,646,480,739,547,-6.553,54.230,0,-542.29,1258.23,1,114.62,17.67,2500,0,0,0
3443,57.44072,free_swing,623,487,740,518,-14.470,75.160,0,-418.41,637.70,1,121.04,13.06,2500,1,0,0
3444,57.4574,free_swing,603,490,743,499,-20.794,86.322,0,-334.90,331.84,1,140.29,0.77,2500,1,0,0
3445,57.47408,free_swing,587,492,730,512,-25.408,82.038,0,-279.40,505.24,0,144.39,3.71,2500,0,0,0
3446,57.49077,free_swing,570,491,721,482,-30.324,93.411,0,-257.10,535.13,0,151.27,8.65,2500,0,0,0
3447,57.50745,free_swing,556,489,713,414,-34.276,115.534,0,-256.89,318.95,1,173.99,24.98,2500,1,0,0
3448,57.52413,free_swing,540,486,698,460,-38.614,99.345,0,-252.14,-167.66,1,160.12,15.01,2500,1,0,0
3449,57.54082,free_swing,525,480,681,450,-42.997,100.886,0,-257.54,-349.54,1,158.86,14.10,2500,0,0,0
3450,57.5575,free_swing,510,474,672,450,-47.135,98.427,0,-257.43,-247.08,1,163.77,17.63,2500,0,0,0
3451,57.57418,free_swing,495,466,652,464,-51.423,90.730,0,-258.08,-371.54,1,157.01,12.78,2500,0,0,0
3452,57.59087,free_swing,482,455,636,476,-55.802,82.235,0,-247.51,-259.64,1,155.43,11.64,2500,0,0,0
3453,57.60755,free_swing,470,445,628,462,-59.651,83.859,0,-217.66,-341.79,1,158.91,14.14,2500,0,0,0
3454,57.62423,free_swing,460,436,614,475,-62.873,75.789,0,-169.20,-310.60,1,158.86,14.11,2500,0,0,0
3455,57.64092,free_swing,454,428,588,495,-65.329,63.435,0,-111.29,-621.54,1,149.82,7.61,2500,1,0,0
3456,57.6576,free_swing,451,424,582,489,-66.541,63.610,0,-46.33,-787.56,0,146.24,5.04,2500,0,0,0
3457,57.67428,free_swing,451,423,545,537,-66.769,39.508,0,21.33,-414.06,1,147.76,6.13,2500,1,0,0
3458,57.69097,free_swing,453,426,526,535,-65.886,33.811,0,87.82,-310.54,0,131.19,5.77,2500,0,0,0
3459,57.70765,free_swing,458,433,528,507,-63.771,43.409,0,163.74,-588.88,1,101.86,26.83,2500,1,0,0
3460,57.72433,free_swing,467,443,495,545,-60.476,15.350,0,247.85,-1373.57,1,105.77,24.03,2500,1,0,0
3461,57.74102,free_swing,481,456,452,573,-55.733,-13.921,0,317.71,-1796.63,1,120.54,13.42,2500,1,0,0
3462,57.7577,free_swing,500,469,430,568,-49.953,-35.263,0,337.50,-1312.10,1,121.25,12.91,2500,1,0,0
3463,57.77438,free_swing,519,479,422,536,-44.409,-59.560,0,311.38,-1040.85,1,112.51,19.19,2500,1,0,0
3464,57.79107,free_swing,536,484,410,530,-39.880,-69.944,0,258.39,-915.69,0,134.13,3.65,2500,0,0,0
3465,57.80775,free_swing,551,488,423,497,-35.676,-85.978,0,220.56,-542.51,1,128.32,7.83,2500,1,0,0
3466,57.82443,free_swing,563,490,426,474,-32.330,-96.661,0,223.79,-519.97,0,137.93,0.93,2500,0,0,0
3467,57.84112,free_swing,577,491,424,476,-28.408,-95.599,0,261.07,-401.40,1,153.73,10.42,2500,0,0,0
3468,57.8578,free_swing,594,491,454,435,-23.459,-111.801,0,309.10,-416.97,0,150.78,8.30,2500,0,0,0
3469,57.87448,free_swing,612,489,471,429,-17.996,-113.051,0,329.57,-225.46,1,153.24,10.06,2500,0,0,0
3470,57.89117,free_swing,629,485,483,415,-12.529,-115.615,0,325.49,121.94,1,161.91,16.30,2500,1,0,0
3471,57.90785,free_swing,645,479,497,425,-6.981,-110.045,0,348.68,286.42,1,157.54,13.16,2500,0,0,0
3472,57.92453,free_swing,660,472,509,424,-1.228,-107.634,0,391.08,314.29,1,158.45,13.81,2500,0,0,0
3473,57.94122,free_swing,677,462,519,439,6.147,-98.282,0,424.72,158.16,1,159.67,14.68,2500,0,0,0
3474,57.9579,free_swing,691,451,540,423,13.241,-100.505,0,445.91,211.97,1,153.57,10.31,2500,0,0,0
3475,57.97458,free_swing,702,437,561,422,20.376,-96.072,0,434.77,405.86,0,141.80,1.85,2500,0,0,0
3476,57.99127,free_swing,712,425,567,439,27.784,-84.485,0,400.22,587.77,0,145.67,4.63,2500,0,0,0
3477,58.00795,free_swing,719,416,581,455,33.690,-74.219,0,322.88,540.96,0,143.41,3.00,2500,0,0,0
3478,58.02463,free_swing,723,409,607,452,37.926,-69.661,0,167.76,455.91,1,123.71,11.14,2500,0,0,0
3479,58.04132,free_swing,725,406,610,475,39.958,-59.036,0,15.95,436.53,0,134.11,3.67,2500,0,0,0
3480,58.058,free_swing,723,409,636,477,37.926,-51.988,0,-119.96,554.10,1,110.42,20.69,2500,0,0,0
3481,58.07468,free_swing,722,414,653,485,35.735,-44.182,0,-225.87,526.03,1,99.01,28.89,2500,0,0,0
3482,58.09137,free_swing,717,422,670,504,30.964,-29.820,0,-344.71,839.27,1,94.51,32.11,2500,1,0,0
3483,58.10805,free_swing,709,434,688,493,24.274,-19.592,0,-478.87,1135.72,1,62.63,55.02,2500,1,0,0
3484,58.12473,free_swing,694,448,707,536,14.962,8.403,0,-570.97,1420.89,1,88.96,36.11,2500,1,0,0
3485,58.14142,free_swing,676,463,730,559,5.667,29.358,0,-584.09,1579.60,1,110.15,20.89,2500,0,0,0
3486,58.1581,free_swing,652,477,746,541,-4.338,55.751,0,-518.20,1178.10,1,113.72,18.32,2500,1,0,0
3487,58.17478,free_swing,631,486,753,521,-11.739,73.993,0,-423.25,742.10,1,126.92,8.84,2500,1,0,0
3488,58.19147,free_swing,612,489,751,518,-17.996,78.215,0,-326.84,476.09,1,141.99,1.99,2500,1,0,0
3489,58.20815,free_swing,596,490,739,501,-22.979,85.601,0,-285.90,331.15,0,143.42,3.02,2500,0,0,0
3490,58.22483,free_swing,580,492,740,472,-27.418,97.125,0,-256.18,412.66,1,161.25,15.82,2500,0,0,0
3491,58.24152,free_swing,565,490,725,476,-31.809,95.001,0,-245.70,347.57,1,160.61,15.36,2500,0,0,0
3492,58.2582,free_swing,551,488,715,440,-35.676,106.314,0,-248.22,3.62,1,170.88,22.74,2500,1,0,0
3493,58.27488,free_swing,535,485,690,442,-39.916,105.505,0,-256.95,102.17,1,160.85,15.54,2500,0,0,0
3494,58.29157,free_swing,520,478,683,459,-44.405,96.649,0,-260.44,20.49,1,164.10,17.87,2500,0,0,0
3495,58.30825,free_swing,505,471,673,406,-48.660,111.152,0,-252.22,-50.61,1,180.14,29.39,2500,0,0,0
3496,58.32493,free_swing,490,464,660,430,-52.656,101.310,0,-249.11,-385.30,1,173.37,24.52,2500,1,0,0
3497,58.34162,free_swing,478,453,634,451,-56.813,90.735,0,-234.58,-556.88,1,156.01,12.06,2500,0,0,0
3498,58.3583,free_swing,467,442,620,460,-60.698,83.290,0,-207.56,-285.31,1,154.06,10.65,2500,1,0,0
3499,58.37498,free_swing,459,434,618,449,-63.435,84.611,0,-150.99,-292.03,1,159.71,14.71,2500,0,0,0
3500,58.39167,free_swing,454,426,593,464,-65.784,74.710,0,-90.06,-224.24,0,144.10,3.50,2500,0,0,0
3501,58.40835,free_swing,452,424,579,474,-66.442,68.510,0,-29.25,-668.70,1,136.49,1.96,2500,1,0,0
3502,58.42503,free_swing,451,424,570,475,-66.541,66.801,0,41.27,-340.13,1,129.47,7.01,2500,1,0,0
3503,58.44172,free_swing,454,428,532,518,-65.329,40.914,0,101.83,-373.12,1,119.10,14.46,2500,0,0,0
3504,58.4584,free_swing,460,436,542,489,-62.873,57.124,0,178.05,-1045.38,1,97.64,29.87,2500,1,0,0
3505,58.47508,free_swing,471,445,505,524,-59.521,23.286,0,260.33,-1577.17,1,86.01,38.22,2500,1,0,0
3506,58.49177,free_swing,485,459,449,575,-54.493,-17.241,0,329.39,-2033.71,1,121.46,12.76,2500,1,0,0
3507,58.50845,free_swing,505,472,450,553,-48.457,-34.177,0,352.81,-1273.68,1,97.91,29.68,2500,1,0,0
3508,58.52513,free_swing,525,481,434,541,-42.805,-56.602,0,319.90,-880.74,1,109.00,21.71,2500,1,0,0
3509,58.54182,free_swing,542,487,421,535,-37.977,-68.362,0,269.59,-946.17,0,130.17,6.50,2500,0,0,0
3510,58.5585,free_swing,557,490,422,508,-33.857,-82.405,0,225.47,-662.66,1,136.19,2.18,2500,1,0,0
3511,58.57518,free_swing,570,492,440,476,-30.167,-97.017,0,216.43,-424.48,1,130.98,5.92,2500,1,0,0
3512,58.59187,free_swing,583,491,437,476,-26.709,-95.866,0,249.64,-400.99,0,146.77,5.42,2500,0,0,0
3513,58.60855,free_swing,599,491,448,457,-21.926,-102.689,0,299.03,-286.26,1,154.78,11.17,2500,0,0,0
3514,58.62523,free_swing,617,488,483,424,-16.429,-115.530,0,336.54,-267.50,0,148.50,6.66,2500,0,0,0
3515,58.64192,free_swing,634,483,492,438,-10.871,-107.583,0,334.78,7.74,1,148.96,6.99,2500,1,0,0
3516,58.6586,free_swing,650,477,507,420,-5.123,-111.732,0,340.82,253.93,1,153.94,10.57,2500,1,0,0
3517,58.67528,free_swing,664,469,518,424,0.418,-107.130,0,376.52,67.58,0,152.78,9.74,2500,0,0,0
3518,58.69197,free_swing,679,459,533,431,7.181,-100.856,0,417.42,207.16,0,148.66,6.78,2500,0,0,0
3519,58.70865,free_swing,693,447,547,407,14.621,-105.322,0,439.42,286.77,0,151.38,8.73,2500,0,0,0
3520,58.72533,free_swing,704,435,565,428,21.705,-92.883,0,435.81,483.29,0,139.18,0.03,2500,0,0,0
3521,58.74202,free_swing,713,424,576,436,28.523,-84.994,0,385.04,439.56,0,137.52,1.22,2500,0,0,0
3522,58.7587,free_swing,720,414,592,441,34.804,-78.089,0,287.28,367.44,0,130.82,6.04,2500,0,0,0
3523,58.77538,free_swing,723,409,606,437,37.926,-76.541,0,140.25,599.36,1,120.30,13.59,2500,1,0,0
3524,58.79207,free_swing,724,407,616,474,39.123,-58.186,0,-21.35,690.27,0,127.09,8.71,2500,0,0,0
3525,58.80875,free_swing,723,410,630,495,37.569,-47.573,0,-153.65,655.08,0,125.99,9.50,2500,0,0,0
3526,58.82543,free_swing,720,417,641,508,33.845,-40.962,0,-264.23,624.31,1,120.51,13.44,2500,0,0,0
3527,58.84212,free_swing,714,425,660,529,28.740,-27.440,0,-351.58,874.82,1,117.18,15.83,2500,1,0,0
3528,58.8588,free_swing,706,437,686,574,22.270,-8.306,0,-463.92,1099.30,1,138.45,0.55,2500,1,0,0
3529,58.87548,free_swing,692,450,707,543,13.808,9.162,0,-563.70,1483.78,1,94.20,32.34,2500,1,0,0
3530,58.89217,free_swing,671,466,732,558,3.417,33.546,0,-586.73,1490.42,1,110.39,20.71,2500,0,0,0
3531,58.90885,free_swing,648,479,737,519,-5.826,65.799,0,-519.78,1045.33,1,97.58,29.91,2500,1,0,0
3532,58.92553,free_swing,626,487,754,534,-13.426,69.837,0,-414.18,557.61,1,136.36,2.06,2500,1,0,0
3533,58.94222,free_swing,607,489,746,526,-19.631,75.094,0,-331.82,384.82,0,143.84,3.32,2500,0,0,0
3534,58.9589,free_swing,590,491,737,495,-24.661,88.441,0,-280.69,529.65,0,147.05,5.63,2500,0,0,0
3535,58.97558,free_swing,575,491,721,480,-28.963,94.309,0,-252.92,252.21,1,146.41,5.17,2500,1,0,0
3536,58.99227,free_swing,560,489,715,473,-33.267,95.894,0,-243.50,79.88,1,155.82,11.92,2500,0,0,0
3537,59.00895,free_swing,546,486,707,473,-37.225,94.616,0,-247.61,129.08,1,161.52,16.02,2500,0,0,0
3538,59.02563,free_swing,530,483,688,453,-41.373,100.751,0,-252.07,-34.20,1,160.82,15.51,2500,0,0,0
3539,59.04232,free_swing,515,476,676,453,-45.785,98.130,0,-259.18,-217.75,1,162.63,16.82,2500,0,0,0
3540,59.059,free_swing,500,469,661,474,-49.953,88.221,0,-254.19,-364.42,1,161.08,15.70,2500,0,0,0
3541,59.07568,free_swing,487,459,645,468,-54.186,86.740,0,-243.02,-322.20,1,158.26,13.67,2500,0,0,0
3542,59.09237,free_swing,474,450,629,476,-58.022,80.478,0,-221.46,-355.87,1,157.17,12.89,2500,0,0,0
3543,59.10905,free_swing,464,440,616,488,-61.511,72.474,0,-183.62,-600.02,1,159.40,14.49,2500,1,0,0
3544,59.12573,free_swing,457,432,597,501,-64.106,63.763,0,-133.20,-361.27,1,156.08,12.11,2500,1,0,0
3545,59.14242,free_swing,453,426,577,516,-65.886,54.028,0,-72.05,-272.48,1,153.22,10.05,2500,0,0,0
3546,59.1591,free_swing,451,424,575,498,-66.541,59.172,0,-15.17,-452.78,0,144.40,3.72,2500,0,0,0
3547,59.17578,free_swing,452,425,551,534,-66.214,42.248,0,51.30,-685.68,1,147.25,5.76,2500,1,0,0
3548,59.19247,free_swing,455,429,522,553,-64.998,28.383,0,115.09,-699.37,0,140.94,1.24,2500,0,0,0
3549,59.20915,free_swing,462,438,505,555,-62.194,20.179,0,195.13,-678.53,1,124.65,10.47,2500,0,0,0
3550,59.22583,free_swing,473,448,491,545,-58.595,10.513,0,283.84,-1142.66,1,98.66,29.14,2500,1,0,0
3551,59.24252,free_swing,490,462,449,583,-53.077,-18.719,0,345.14,-1494.88,1,127.76,8.24,2500,1,0,0
3552,59.2592,free_swing,510,475,428,560,-46.935,-43.971,0,355.15,-1467.95,1,118.11,15.17,2500,0,0,0
3553,59.27588,free_swing,529,484,426,538,-41.399,-62.333,0,304.28,-996.62,1,116.30,16.47,2500,1,0,0
3554,59.29257,free_swing,546,488,427,507,-36.870,-80.929,0,248.33,-1207.53,1,120.51,13.44,2500,1,0,0
3555,59.30925,free_swing,560,490,438,484,-33.100,-92.816,0,221.39,-937.53,1,122.15,12.26,2500,1,0,0
3556,59.32593,free_swing,573,492,476,431,-29.358,-122.164,0,243.03,-344.88,1,114.59,17.70,2500,1,0,0
3557,59.34262,free_swing,588,492,453,452,-25.115,-106.504,0,276.27,-10.83,1,140.80,1.13,2500,1,0,0
3558,59.3593,free_swing,606,490,462,443,-19.837,-108.076,0,308.69,192.15,1,151.48,8.80,2500,1,0,0
3559,59.37598,free_swing,622,486,486,422,-14.908,-115.201,0,320.55,-149.34,1,150.31,7.96,2500,1,0,0
3560,59.39267,free_swing,639,481,487,426,-9.150,-109.892,0,337.31,-294.26,1,161.64,16.10,2500,0,0,0
3561,59.40935,free_swing,654,474,513,408,-3.627,-115.084,0,365.72,-34.19,1,155.68,11.82,2500,1,0,0
3562,59.42603,free_swing,670,465,548,381,3.013,-124.548,0,399.99,376.26,1,148.12,6.39,2500,1,0,0
3563,59.44272,free_swing,684,454,533,427,9.767,-100.138,0,445.59,512.63,1,153.39,10.18,2500,0,0,0
3564,59.4594,free_swing,698,443,552,432,17.501,-94.309,0,455.47,443.67,0,146.41,5.17,2500,0,0,0
3565,59.47608,free_swing,709,430,576,406,25.145,-100.229,0,430.44,276.65,0,135.15,2.93,2500,0,0,0
3566,59.49277,free_swing,717,420,581,437,31.535,-82.875,0,360.13,668.25,1,137.06,1.55,2500,1,0,0
3567,59.50945,free_swing,722,411,593,450,36.754,-73.179,0,247.30,581.22,0,134.77,3.20,2500,0,0,0
3568,59.52613,free_swing,725,406,617,456,39.958,-65.158,0,102.94,66.55,1,119.01,14.52,2500,1,0,0
3569,59.54282,free_swing,725,406,642,440,39.958,-67.724,0,-80.44,500.91,1,89.69,35.58,2500,1,0,0
3570,59.5595,free_swing,723,410,641,458,37.569,-59.657,0,-220.65,821.19,1,95.02,31.75,2500,1,0,0
3571,59.57618,free_swing,718,419,653,542,32.300,-27.854,0,-316.72,1011.73,0,139.12,0.07,2500,0,0,0
3572,59.59287,free_swing,712,428,669,516,27.041,-26.042,0,-409.69,941.36,1,97.94,29.65,2500,0,0,0
3573,59.60955,free_swing,701,440,692,528,19.385,-5.839,0,-502.28,1164.60,1,88.46,36.46,2500,1,0,0
3574,59.62623,free_swing,685,456,715,545,10.061,18.628,0,-577.90,1701.93,1,93.92,32.54,2500,1,0,0
3575,59.64292,free_swing,664,471,735,533,0.412,48.871,0,-552.77,1462.95,1,94.26,32.30,2500,1,0,0
3576,59.6596,free_swing,641,482,744,521,-8.344,69.261,0,-470.25,1137.41,1,110.14,20.89,2500,1,0,0
3577,59.67628,free_swing,621,488,754,508,-15.068,81.448,0,-378.45,585.01,1,134.50,3.40,2500,1,0,0
3578,59.69297,free_swing,603,490,740,481,-20.794,93.759,0,-301.74,401.71,0,137.30,1.38,2500,0,0,0
3579,59.70965,free_swing,587,491,736,487,-25.547,91.538,0,-267.37,144.65,1,149.05,7.06,2500,1,0,0
3580,59.72633,free_swing,573,491,727,460,-29.511,101.381,0,-248.89,185.16,1,157.09,12.83,2500,0,0,0
3581,59.74302,free_swing,557,489,714,471,-34.026,96.540,0,-247.38,190.94,1,158.03,13.51,2500,0,0,0
3582,59.7597,free_swing,542,487,702,436,-37.977,107.680,0,-250.82,67.12,1,167.93,20.62,2500,0,0,0
3583,59.77638,free_swing,527,482,687,449,-42.198,101.654,0,-256.61,61.51,1,163.37,17.34,2500,0,0,0
3584,59.79307,free_swing,512,475,676,432,-46.559,104.692,0,-264.73,-70.99,1,169.54,21.78,2500,0,0,0
3585,59.80975,free_swing,497,466,667,429,-51.089,102.279,0,-256.53,-166.29,1,173.98,24.97,2500,0,0,0
3586,59.82643,free_swing,484,457,644,431,-55.072,99.230,0,-244.82,-580.20,1,162.10,16.43,2500,1,0,0
3587,59.84312,free_swing,472,447,630,458,-58.948,86.017,0,-211.82,-329.93,1,158.38,13.76,2500,1,0,0
3588,59.8598,free_swing,462,437,610,470,-62.418,77.430,0,-170.91,-299.62,0,151.63,8.91,2500,0,0,0
3589,59.87648,free_swing,456,431,608,440,-64.440,86.611,0,-116.62,-504.34,1,152.27,9.37,2500,1,0,0
3590,59.89317,free_swing,453,425,580,491,-66.114,62.540,0,-55.41,-840.88,1,143.13,2.80,2500,1,0,0
3591,59.90985,free_swing,451,424,557,515,-66.541,49.354,0,7.94,-597.89,1,139.70,0.35,2500,1,0,0
3592,59.92653,free_swing,453,427,542,517,-65.659,44.680,0,80.10,-75.21,1,126.57,9.09,2500,1,0,0
3593,59.94322,free_swing,458,433,540,505,-63.771,48.715,0,154.70,-574.07,1,109.12,21.62,2500,1,0,0
3594,59.9599,free_swing,467,442,515,528,-60.698,29.168,0,236.42,-1286.07,1,98.49,29.26,2500,1,0,0
3595,59.97658,free_swing,481,455,477,553,-55.948,-2.337,0,314.60,-1803.11,1,98.08,29.55,2500,1,0,0
3596,59.99327,free_swing,499,468,475,517,-50.332,-26.095,0,347.96,-1638.52,1,54.56,60.81,2500,0,0,0
3597,60.00995,free_swing,519,479,446,530,-44.409,-55.061,0,328.70,-1346.93,1,89.05,36.04,2500,1,0,0
3598,60.02663,free_swing,537,485,432,518,-39.472,-72.553,0,279.44,-913.32,1,110.06,20.94,2500,1,0,0
3599,60.04332,free_swing,553,488,438,494,-35.189,-87.013,0,228.39,-817.98,1,115.16,17.29,2500,0,0,0
3600,60.06,free_swing,565,491,431,482,-31.648,-93.842,0,211.31,-811.70,0,134.30,3.53,2500,0,0,0
3601,60.07668,free_swing,578,491,467,431,-28.129,-118.393,0,238.47,-634.67,0,126.18,9.37,2500,0,0,0
3602,60.09337,free_swing,593,491,473,425,-23.762,-118.811,0,288.73,-342.79,1,136.95,1.63,2500,1,0,0
3603,60.11005,free_swing,611,489,489,408,-18.325,-123.582,0,321.84,-287.85,0,146.44,5.18,2500,0,0,0
3604,60.12673,free_swing,628,485,506,388,-12.885,-128.488,0,338.07,-476.81,1,155.86,11.95,2500,0,0,0
3605,60.14342,free_swing,644,479,545,358,-7.365,-140.711,0,340.58,106.51,1,156.34,12.29,2500,1,0,0
3606,60.1601,free_swing,660,472,548,370,-1.228,-132.325,0,371.45,401.63,1,151.49,8.81,2500,1,0,0
3607,60.17678,free_swing,674,463,539,404,4.800,-113.607,0,408.32,635.95,1,147.33,5.82,2500,1,0,0
3608,60.19347,free_swing,689,451,564,382,12.325,-118.899,0,438.01,570.51,0,142.78,2.55,2500,0,0,0
3609,60.21015,free_swing,701,439,560,415,19.552,-99.660,0,447.81,572.57,0,143.03,2.73,2500,0,0,0
3610,60.22683,free_swing,711,427,575,428,26.806,-89.579,0,412.59,746.51,0,136.00,2.31,2500,0,0,0
3611,60.24352,free_swing,718,416,592,432,33.215,-82.763,0,338.01,466.37,1,127.01,8.77,2500,1,0,0
3612,60.2602,free_swing,723,409,596,454,37.926,-70.489,0,202.48,563.95,0,134.74,3.22,2500,0,0,0
3613,60.27688,free_swing,725,406,613,460,39.958,-64.259,0,41.38,707.21,1,124.34,10.69,2500,0,0,0
3614,60.29357,free_swing,725,408,623,494,39.207,-49.865,0,-106.08,619.38,0,133.42,4.17,2500,0,0,0
3615,60.31025,free_swing,722,412,644,513,36.409,-37.678,0,-215.89,612.01,0,127.61,8.34,2500,0,0,0
3616,60.32693,free_swing,718,420,653,520,32.005,-33.024,0,-314.26,672.87,1,119.27,14.33,2500,0,0,0
3617,60.34362,free_swing,711,430,676,545,26.095,-16.928,0,-430.78,874.53,1,120.21,13.66,2500,1,0,0
3618,60.3603,free_swing,699,443,700,494,17.969,1.123,0,-540.49,1096.14,1,51.01,63.36,2500,1,0,0
3619,60.37698,free_swing,681,458,719,581,8.130,17.168,0,-589.68,1285.64,0,128.74,7.53,2500,0,0,0
3620,60.39367,free_swing,659,474,739,569,-1.614,40.101,0,-557.24,1338.86,1,124.20,10.79,2500,0,0,0
3621,60.41035,free_swing,636,484,750,536,-10.072,65.480,0,-462.39,1051.32,1,125.30,10.00,2500,1,0,0
3622,60.42703,free_swing,615,488,750,524,-17.103,75.069,0,-366.97,501.51,1,139.72,0.36,2500,1,0,0
3623,60.44372,free_swing,598,491,743,517,-22.235,79.834,0,-295.93,250.76,1,147.31,5.81,2500,1,0,0
3624,60.4604,free_swing,582,491,735,509,-26.996,83.290,0,-258.18,267.85,1,154.06,10.65,2500,0,0,0
3625,60.47708,free_swing,567,491,726,489,-31.122,90.721,0,-250.00,159.14,1,159.01,14.21,2500,0,0,0
3626,60.49377,free_swing,552,489,708,487,-35.261,90.735,0,-245.95,162.58,1,156.01,12.06,2500,0,0,0
3627,60.51045,free_swing,537,485,697,483,-39.472,90.716,0,-250.89,56.37,1,160.01,14.93,2500,0,0,0
3628,60.52713,free_swing,521,481,682,460,-43.622,97.431,0,-255.79,99.53,1,162.36,16.62,2500,0,0,0
3629,60.54382,free_swing,507,473,664,468,-47.891,91.824,0,-252.94,-109.61,1,157.08,12.83,2500,1,0,0
3630,60.5605,free_swing,493,464,655,454,-52.172,93.532,0,-244.79,-324.56,1,162.31,16.58,2500,1,0,0
3631,60.57718,free_swing,481,455,639,474,-55.948,83.143,0,-228.29,-373.28,1,159.14,14.30,2500,0,0,0
3632,60.59387,free_swing,470,445,625,477,-59.651,78.335,0,-202.51,-373.73,1,158.27,13.68,2500,0,0,0
3633,60.61055,free_swing,461,436,606,484,-62.758,71.684,0,-163.92,-382.45,0,152.74,9.71,2500,0,0,0
3634,60.62723,free_swing,455,429,594,487,-64.998,67.351,0,-103.20,-519.42,0,150.62,8.18,2500,0,0,0
3635,60.64392,free_swing,452,425,570,513,-66.214,53.286,0,-39.72,-509.94,0,147.20,5.73,2500,0,0,0
3636,60.6606,free_swing,452,425,555,522,-66.214,46.718,0,26.25,-677.08,0,141.48,1.62,2500,0,0,0
3637,60.67728,free_swing,454,428,541,541,-65.329,37.593,0,94.55,-729.85,0,142.61,2.43,2500,0,0,0
3638,60.69397,free_swing,460,435,503,571,-63.097,17.546,0,170.42,-817.63,0,142.64,2.45,2500,0,0,0
3639,60.71065,free_swing,470,445,487,566,-59.651,7.997,0,251.07,-937.90,1,122.19,12.24,2500,0,0,0
3640,60.72733,free_swing,484,458,472,543,-54.858,-8.036,0,316.96,-1267.30,1,85.84,38.34,2500,1,0,0
3641,60.74402,free_swing,503,470,445,552,-49.222,-35.272,0,347.91,-1683.86,1,100.44,27.86,2500,1,0,0
3642,60.7607,free_swing,523,480,445,519,-43.409,-63.435,0,320.56,-1197.90,1,87.21,37.36,2500,1,0,0
3643,60.77738,free_swing,540,487,433,504,-38.434,-80.972,0,262.28,-677.70,1,108.34,22.18,2500,1,0,0
3644,60.79407,free_swing,554,489,416,519,-34.771,-77.735,0,215.47,-481.77,0,141.22,1.44,2500,0,0,0
3645,60.81075,free_swing,567,490,431,476,-31.283,-95.877,0,206.70,-329.92,0,136.72,1.80,2500,0,0,0
3646,60.82743,free_swing,580,491,444,465,-27.565,-100.823,0,243.86,-327.84,0,138.46,0.55,2500,0,0,0
3647,60.84412,free_swing,595,490,443,473,-23.286,-96.382,0,292.32,-205.76,0,152.95,9.86,2500,0,0,0
3648,60.8608,free_swing,613,488,467,440,-17.771,-108.199,0,328.14,-280.70,1,153.69,10.39,2500,0,0,0
3649,60.87748,free_swing,630,485,492,428,-12.171,-112.443,0,338.15,-120.11,0,149.31,7.24,2500,0,0,0
3650,60.89417,free_swing,646,479,498,430,-6.597,-108.319,0,339.20,2.46,1,155.90,11.98,2500,0,0,0
3651,60.91085,free_swing,661,472,508,424,-0.818,-107.418,0,377.87,127.54,1,160.35,15.18,2500,0,0,0
3652,60.92753,free_swing,676,462,541,408,5.711,-111.801,0,418.62,408.08,1,145.40,4.44,2500,1,0,0
3653,60.94422,free_swing,691,450,541,438,13.349,-94.574,0,435.99,403.65,0,150.48,8.09,2500,0,0,0
3654,60.9609,free_swing,702,438,552,445,20.200,-87.328,0,414.90,391.63,0,150.16,7.86,2500,0,0,0
3655,60.97758,free_swing,711,427,580,421,26.806,-92.622,0,379.32,429.06,0,131.14,5.81,2500,0,0,0
3656,60.99427,free_swing,717,417,586,450,32.428,-75.861,0,282.22,224.41,1,135.09,2.97,2500,1,0,0
3657,61.01095,free_swing,722,411,598,462,36.754,-67.643,0,142.44,284.09,0,134.08,3.70,2500,0,0,0
3658,61.02763,free_swing,722,411,628,425,36.754,-81.529,0,-11.70,423.38,1,95.04,31.74,2500,0,0,0
3659,61.04432,free_swing,722,413,630,480,36.069,-53.936,0,-141.65,937.76,1,113.81,18.25,2500,1,0,0
3660,61.061,free_swing,718,418,641,514,32.600,-38.733,0,-237.45,1132.24,1,123.07,11.61,2500,0,0,0
3661,61.07768,free_swing,713,427,671,520,27.759,-24.305,0,-356.11,823.28,1,102.04,26.70,2500,1,0,0
3662,61.09437,free_swing,704,438,682,560,21.146,-10.222,0,-450.97,1109.28,1,123.97,10.96,2500,1,0,0
3663,61.11105,free_swing,690,452,706,532,12.680,11.310,0,-549.54,1325.71,1,81.58,41.40,2500,1,0,0
3664,61.12773,free_swing,671,468,725,545,3.366,35.042,0,-572.90,1196.81,1,94.05,32.45,2500,0,0,0
3665,61.14442,free_swing,646,480,751,560,-6.553,52.696,0,-516.64,876.10,1,132.00,5.19,2500,1,0,0
3666,61.1611,free_swing,625,487,750,554,-13.775,61.809,0,-408.77,766.29,0,141.82,1.87,2500,0,0,0
3667,61.17778,free_swing,606,490,753,528,-19.837,75.506,0,-310.70,513.23,1,151.83,9.06,2500,1,0,0
3668,61.19447,free_swing,591,491,740,495,-24.362,88.462,0,-264.53,727.99,1,149.05,7.06,2500,1,0,0
3669,61.21115,free_swing,576,491,727,497,-28.686,87.725,0,-238.90,614.16,0,151.12,8.54,2500,0,0,0
3670,61.22783,free_swing,562,490,722,419,-32.588,113.929,0,-243.76,236.36,1,175.05,25.73,2500,1,0,0
3671,61.24452,free_swing,547,488,705,447,-36.634,104.547,0,-243.54,74.44,1,163.23,17.25,2500,0,0,0
3672,61.2612,free_swing,531,484,689,456,-40.972,100.049,0,-246.12,-132.58,1,160.46,15.26,2500,1,0,0
3673,61.27788,free_swing,518,478,672,422,-44.803,109.983,0,-246.99,120.77,1,163.87,17.70,2500,1,0,0
3674,61.29457,free_swing,503,471,666,426,-49.018,105.433,0,-248.62,-64.08,1,169.10,21.46,2500,0,0,0
3675,61.31125,free_swing,489,462,651,429,-53.236,101.514,0,-249.46,-449.48,1,165.33,18.75,2500,1,0,0
3676,61.32793,free_swing,477,452,644,435,-57.171,95.812,0,-221.76,-604.64,1,167.86,20.57,2500,0,0,0
3677,61.34462,free_swing,467,442,622,465,-60.698,81.560,0,-187.29,-427.01,1,156.70,12.55,2500,0,0,0
3678,61.3613,free_swing,459,435,602,476,-63.211,74.002,0,-138.22,-444.62,0,148.76,6.85,2500,0,0,0
3679,61.37798,free_swing,454,428,599,461,-65.329,77.179,0,-83.52,-420.48,0,148.71,6.81,2500,0,0,0
3680,61.39467,free_swing,452,426,568,506,-65.987,55.408,0,-19.51,-677.78,1,140.91,1.21,2500,1,0,0
3681,61.41135,free_swing,453,426,560,510,-65.886,51.866,0,54.08,-647.91,0,136.03,2.29,2500,0,0,0
3682,61.42803,free_swing,457,431,536,537,-64.332,36.697,0,111.00,-739.44,0,132.20,5.04,2500,0,0,0
3683,61.44472,free_swing,463,439,523,540,-61.853,30.713,0,178.58,-481.86,1,117.48,15.62,2500,1,0,0
3684,61.4614,free_swing,473,448,488,571,-58.595,6.953,0,265.74,-828.14,1,123.91,11.00,2500,1,0,0
3685,61.47808,free_swing,488,462,498,499,-53.393,15.124,0,342.37,-1770.06,1,38.33,72.47,2500,1,0,0
3686,61.49477,free_swing,510,475,459,530,-46.935,-42.839,0,361.88,-1908.44,1,75.01,46.12,2500,0,0,0
3687,61.51145,free_swing,530,483,457,505,-41.373,-73.229,0,321.27,-1456.75,1,76.24,45.24,2500,1,0,0
3688,61.52813,free_swing,547,488,433,523,-36.634,-72.933,0,261.11,-127.71,1,119.25,14.34,2500,1,0,0
3689,61.54482,free_swing,562,491,425,513,-32.425,-80.877,0,227.35,-505.24,1,138.76,0.34,2500,1,0,0
3690,61.5615,free_swing,575,491,431,500,-28.963,-86.424,0,224.85,-783.54,1,144.28,3.63,2500,1,0,0
3691,61.57818,free_swing,589,491,471,440,-24.958,-113.374,0,264.16,-386.14,1,128.55,7.67,2500,1,0,0
3692,61.59487,free_swing,605,490,466,455,-20.158,-104.133,0,308.83,-236.64,0,143.34,2.96,2500,0,0,0
3693,61.61155,free_swing,623,487,473,449,-14.470,-104.216,0,328.29,77.22,1,154.74,11.14,2500,1,0,0
3694,61.62823,free_swing,639,480,511,415,-9.211,-116.922,0,324.05,-101.30,0,143.56,3.11,2500,0,0,0
3695,61.64492,free_swing,654,474,506,436,-3.627,-104.400,0,346.55,81.64,0,152.80,9.75,2500,0,0,0
3696,61.6616,free_swing,668,466,529,422,2.137,-107.565,0,396.13,303.90,1,145.80,4.72,2500,1,0,0
3697,61.67828,free_swing,684,456,538,417,9.612,-104.956,0,434.27,-53.29,1,151.12,8.54,2500,1,0,0
3698,61.69497,free_swing,697,444,549,425,16.887,-97.316,0,458.92,350.82,1,149.21,7.18,2500,1,0,0
3699,61.71165,free_swing,708,432,572,398,24.228,-104.036,0,441.17,399.17,0,140.19,0.69,2500,0,0,0
3700,61.72833,free_swing,717,420,578,448,31.535,-78.611,0,370.43,659.29,1,141.79,1.85,2500,1,0,0
3701,61.74502,free_swing,722,411,592,432,36.754,-80.824,0,242.99,690.20,0,131.69,5.41,2500,0,0,0
3702,61.7617,free_swing,724,407,603,474,39.123,-61.026,0,79.20,438.00,1,138.31,0.65,2500,1,0,0
3703,61.77838,free_swing,725,407,626,466,39.579,-59.207,0,-54.23,706.26,1,115.25,17.22,2500,1,0,0
3704,61.79507,free_swing,723,411,633,497,37.216,-46.302,0,-174.58,537.84,1,124.48,10.59,2500,0,0,0
3705,61.81175,free_swing,720,417,651,526,33.845,-32.335,0,-282.46,694.41,0,129.00,7.34,2500,0,0,0
3706,61.82843,free_swing,713,426,666,518,28.009,-27.061,0,-372.39,689.86,1,103.31,25.80,2500,0,0,0
3707,61.84512,free_swing,704,438,685,554,21.146,-9.302,0,-479.89,1097.03,1,117.55,15.57,2500,1,0,0
3708,61.8618,free_swing,690,452,703,534,12.680,9.009,0,-562.11,1434.88,1,83.02,40.37,2500,1,0,0
3709,61.87848,free_swing,669,468,724,538,2.526,38.157,0,-581.76,1148.40,1,89.02,36.06,2500,1,0,0
3710,61.89517,free_swing,645,481,745,554,-6.888,53.871,0,-508.29,1309.50,1,123.81,11.07,2500,0,0,0
3711,61.91185,free_swing,624,487,749,545,-14.123,65.109,0,-392.63,877.89,1,137.80,1.02,2500,1,0,0
3712,61.92853,free_swing,606,490,748,469,-19.837,98.412,0,-315.20,651.30,1,143.54,3.10,2500,1,0,0
3713,61.94522,free_swing,590,491,738,507,-24.661,83.830,0,-271.91,213.76,1,148.86,6.92,2500,1,0,0
3714,61.9619,free_swing,574,491,720,471,-29.238,97.800,0,-254.61,167.85,0,147.36,5.85,2500,0,0,0
3715,61.97858,free_swing,560,490,718,471,-33.100,96.857,0,-246.79,282.68,1,159.14,14.30,2500,0,0,0
3716,61.99527,free_swing,544,487,700,436,-37.515,108.104,0,-250.31,148.95,1,164.12,17.89,2500,0,0,0
3717,62.01195,free_swing,530,482,687,463,-41.562,96.900,0,-257.59,65.73,1,158.15,13.59,2500,0,0,0
3718,62.02863,free_swing,514,476,675,413,-45.978,111.371,0,-253.46,-164.99,1,172.89,24.18,2500,1,0,0
3719,62.04532,free_swing,499,469,658,450,-50.126,96.814,0,-250.66,-283.89,1,160.13,15.02,2500,0,0,0
3720,62.062,free_swing,487,459,656,448,-54.186,93.724,0,-238.37,-648.01,1,169.36,21.64,2500,1,0,0
3721,62.07868,free_swing,474,450,636,466,-58.022,84.359,0,-214.43,-253.10,1,162.79,16.93,2500,1,0,0
3722,62.09537,free_swing,465,440,620,474,-61.390,77.628,0,-176.88,1.67,1,158.69,13.98,2500,1,0,0
3723,62.11205,free_swing,458,433,610,446,-63.771,85.112,0,-128.15,-37.78,0,152.55,9.58,2500,0,0,0
3724,62.12873,free_swing,454,427,604,449,-65.556,81.656,0,-66.20,-682.16,1,151.60,8.89,2500,1,0,0
3725,62.14542,free_swing,453,425,572,489,-66.114,61.728,0,1.26,-906.09,1,135.12,2.95,2500,1,0,0
3726,62.1621,free_swing,454,428,547,529,-65.329,42.639,0,78.22,-541.23,1,137.30,1.38,2500,1,0,0
3727,62.17878,free_swing,458,434,537,509,-63.547,46.488,0,148.74,-733.14,1,108.93,21.76,2500,0,0,0
3728,62.19547,free_swing,468,443,517,527,-60.350,30.256,0,227.27,-1206.69,1,97.25,30.15,2500,1,0,0
3729,62.21215,free_swing,480,455,462,580,-56.094,-8.194,0,311.04,-1784.17,1,126.29,9.29,2500,1,0,0
3730,62.22883,free_swing,499,468,476,520,-50.332,-23.860,0,347.75,-1439.77,1,56.86,59.16,2500,1,0,0
3731,62.24552,free_swing,519,480,431,543,-44.215,-54.401,0,333.07,-1293.13,1,108.23,22.26,2500,0,0,0
3732,62.2622,free_swing,537,485,418,537,-39.472,-66.396,0,280.77,-1225.01,0,129.87,6.72,2500,0,0,0
3733,62.27888,free_swing,552,490,440,481,-35.089,-94.594,0,227.21,-739.18,1,112.36,19.29,2500,1,0,0
3734,62.29557,free_swing,566,491,437,473,-31.386,-97.943,0,222.59,-726.57,0,130.25,6.45,2500,0,0,0
3735,62.31225,free_swing,578,492,443,454,-27.979,-105.721,0,249.56,-408.27,1,140.25,0.74,2500,1,0,0
3736,62.32893,free_swing,596,490,478,416,-22.979,-122.093,0,298.78,-214.96,0,139.28,0.04,2500,0,0,0
3737,62.34562,free_swing,613,488,475,425,-17.771,-114.538,0,324.91,-15.48,0,151.70,8.96,2500,0,0,0
3738,62.3623,free_swing,630,484,492,426,-12.249,-112.797,0,316.73,-45.91,0,149.69,7.52,2500,0,0,0
3739,62.37898,free_swing,645,479,517,399,-6.981,-122.005,0,346.34,-29.51,0,150.94,8.42,2500,0,0,0
3740,62.39567,free_swing,660,472,527,395,-1.228,-120.069,0,380.31,-82.23,1,153.68,10.39,2500,0,0,0
3741,62.41235,free_swing,677,461,527,405,6.194,-110.472,0,426.42,190.27,1,160.11,15.00,2500,1,0,0
3742,62.42903,free_swing,690,450,571,372,12.888,-123.243,0,453.68,413.79,1,142.28,2.20,2500,1,0,0
3743,62.44572,free_swing,703,437,559,411,20.854,-100.235,0,455.03,600.87,0,146.33,5.10,2500,0,0,0
3744,62.4624,free_swing,713,425,572,422,28.264,-91.219,0,426.99,667.85,0,141.03,1.30,2500,0,0,0
3745,62.47908,free_swing,720,414,584,423,34.804,-86.214,0,350.94,492.11,0,136.30,2.10,2500,0,0,0
3746,62.49577,free_swing,724,406,590,438,39.500,-76.569,0,215.66,723.95,1,137.77,1.05,2500,1,0,0
3747,62.51245,free_swing,727,402,609,473,42.436,-58.965,0,53.69,583.01,0,137.71,1.08,2500,0,0,0
3748,62.52913,free_swing,726,404,620,484,41.186,-52.958,0,-77.43,550.71,0,132.80,4.61,2500,0,0,0
3749,62.54582,free_swing,724,407,634,482,39.123,-50.194,0,-198.51,427.40,1,117.15,15.85,2500,0,0,0
3750,62.5625,free_swing,721,413,654,526,35.605,-30.665,0,-297.65,671.31,1,131.37,5.64,2500,1,0,0
3751,62.57918,free_swing,714,424,670,505,29.002,-28.511,0,-397.38,780.58,1,92.18,33.79,2500,0,0,0
3752,62.59587,free_swing,705,437,693,539,21.801,-6.710,0,-494.46,1260.34,1,102.70,26.23,2500,1,0,0
3753,62.61255,free_swing,692,452,712,557,13.586,10.784,0,-565.93,1473.10,1,106.89,23.23,2500,1,0,0
3754,62.62923,free_swing,670,468,737,531,2.946,46.762,0,-594.28,1068.38,1,91.97,33.94,2500,1,0,0
3755,62.64592,free_swing,646,481,753,576,-6.509,48.400,0,-524.26,861.12,1,143.09,2.78,2500,1,0,0
3756,62.6626,free_swing,624,487,754,553,-14.123,63.083,0,-404.60,554.41,1,145.79,4.72,2500,1,0,0
3757,62.67928,free_swing,606,490,746,517,-19.837,79.084,0,-314.44,575.72,0,142.58,2.41,2500,0,0,0
3758,62.69597,free_swing,589,492,739,519,-24.821,79.796,0,-266.18,342.65,1,152.41,9.47,2500,1,0,0
3759,62.71265,free_swing,575,492,732,502,-28.811,86.356,0,-245.85,441.94,1,157.32,13.00,2500,0,0,0
3760,62.72933,free_swing,560,490,720,472,-33.100,96.419,0,-244.46,393.43,1,161.01,15.65,2500,0,0,0
3761,62.74602,free_swing,545,488,710,448,-37.104,103.627,0,-257.95,172.21,1,169.78,21.95,2500,1,0,0
3762,62.7627,free_swing,530,482,688,462,-41.562,97.214,0,-259.42,-53.24,1,159.26,14.39,2500,1,0,0
3763,62.77938,free_swing,514,476,681,439,-45.978,102.492,0,-263.05,-59.38,1,171.05,22.86,2500,0,0,0
3764,62.79607,free_swing,499,469,667,445,-50.126,98.130,0,-258.39,-12.62,1,169.71,21.89,2500,0,0,0
3765,62.81275,free_swing,485,459,654,433,-54.493,98.746,0,-243.26,-102.23,1,170.99,22.82,2500,0,0,0
3766,62.82943,free_swing,473,449,645,433,-58.376,95.315,0,-211.93,-317.82,1,172.74,24.08,2500,1,0,0
3767,62.84612,free_swing,465,440,616,439,-61.390,90.379,0,-165.94,-691.71,1,151.00,8.46,2500,1,0,0
3768,62.8628,free_swing,458,433,597,477,-63.771,72.435,0,-111.68,-581.70,0,145.80,4.72,2500,0,0,0
3769,62.87948,free_swing,455,428,584,494,-65.225,62.904,0,-52.54,-871.00,1,144.90,4.08,2500,1,0,0
3770,62.89617,free_swing,454,428,565,490,-65.329,60.814,0,26.82,-318.07,1,127.14,8.68,2500,1,0,0
3771,62.91285,free_swing,456,431,534,554,-64.440,32.381,0,106.61,-415.83,0,145.65,4.61,2500,0,0,0
3772,62.92953,free_swing,464,439,541,494,-61.734,54.462,0,182.09,-817.48,1,94.63,32.03,2500,1,0,0
3773,62.94622,free_swing,474,449,502,547,-58.241,15.945,0,264.67,-1265.35,1,101.92,26.79,2500,1,0,0
3774,62.9629,free_swing,488,462,475,556,-53.393,-7.874,0,326.66,-2001.89,1,94.89,31.84,2500,1,0,0
3775,62.97958,free_swing,509,474,443,574,-47.322,-33.425,0,347.17,-1353.58,1,119.82,13.94,2500,1,0,0
3776,62.99627,free_swing,529,482,457,520,-41.775,-62.176,0,306.41,-1317.57,1,81.41,41.52,2500,0,0,0
3777,63.01295,free_swing,545,487,432,527,-37.282,-70.507,0,244.54,-897.12,1,119.87,13.90,2500,1,0,0
3778,63.02963,free_swing,558,490,456,484,-33.606,-93.366,0,214.17,-401.32,1,102.18,26.61,2500,1,0,0
3779,63.04632,free_swing,571,491,441,490,-30.054,-90.441,0,227.18,-209.68,0,130.00,6.62,2500,0,0,0
3780,63.063,free_swing,585,492,438,486,-25.989,-92.337,0,264.40,-304.77,0,147.12,5.67,2500,0,0,0
3781,63.07968,free_swing,602,490,460,462,-21.110,-101.155,0,308.50,-353.77,0,144.73,3.96,2500,0,0,0
3782,63.09637,free_swing,619,487,483,430,-15.848,-112.739,0,321.71,-98.40,1,147.46,5.92,2500,1,0,0
3783,63.11305,free_swing,636,483,481,457,-10.138,-99.522,0,318.84,-66.38,1,157.17,12.89,2500,0,0,0
3784,63.12973,free_swing,650,476,508,432,-5.159,-107.216,0,346.71,47.41,0,148.66,6.78,2500,0,0,0
3785,63.14642,free_swing,665,468,526,410,0.843,-112.649,0,377.94,-55.20,0,150.62,8.18,2500,0,0,0
3786,63.1631,free_swing,681,458,535,432,8.130,-100.098,0,420.33,30.06,0,148.30,6.52,2500,0,0,0
3787,63.17978,free_swing,693,447,553,406,14.621,-106.323,0,443.96,359.01,1,145.88,4.78,2500,1,0,0
3788,63.19647,free_swing,705,434,574,401,22.380,-104.139,0,446.28,368.05,0,135.09,2.97,2500,0,0,0
3789,63.21315,free_swing,715,423,568,451,29.745,-79.216,0,402.40,713.80,1,149.64,7.48,2500,1,0,0
3790,63.22983,free_swing,721,413,593,425,35.605,-84.644,0,293.25,619.82,0,128.56,7.66,2500,0,0,0
3791,63.24652,free_swing,724,407,609,462,39.123,-64.440,0,148.14,596.90,0,127.48,8.44,2500,0,0,0
3792,63.2632,free_swing,725,404,615,474,40.732,-57.529,0,5.16,759.20,0,130.38,6.35,2500,0,0,0
3793,63.27988,free_swing,725,408,628,509,39.207,-43.843,0,-125.21,417.18,1,140.04,0.58,2500,1,0,0
3794,63.29657,free_swing,722,412,650,501,36.409,-38.972,0,-241.86,531.22,1,114.48,17.77,2500,0,0,0
3795,63.31325,free_swing,718,422,660,519,31.430,-30.877,0,-352.27,688.22,1,113.02,18.82,2500,0,0,0
3796,63.32993,free_swing,709,432,682,547,24.702,-13.213,0,-462.99,888.07,1,118.13,15.15,2500,0,0,0
3797,63.34662,free_swing,696,447,702,554,16.011,3.209,0,-564.50,1427.47,1,107.17,23.02,2500,1,0,0
3798,63.3633,free_swing,678,463,720,566,6.532,22.184,0,-595.09,1527.60,1,111.23,20.10,2500,0,0,0
3799,63.37998,free_swing,653,476,734,518,-3.972,62.592,0,-537.69,1241.70,1,91.24,34.46,2500,1,0,0
3800,63.39667,free_swing,632,485,748,536,-11.454,66.267,0,-427.32,762.53,1,126.72,8.98,2500,1,0,0
3801,63.41335,free_swing,613,489,748,523,-17.665,75.864,0,-321.47,375.95,1,139.22,0.01,2500,1,0,0
3802,63.43003,free_swing,597,491,732,498,-22.543,87.032,0,-281.73,338.92,0,135.18,2.90,2500,0,0,0
3803,63.44672,free_swing,581,493,730,493,-26.991,90.000,0,-257.42,278.84,0,149.00,7.02,2500,0,0,0
3804,63.4634,free_swing,566,491,726,495,-31.386,88.568,0,-253.02,243.19,1,160.05,14.96,2500,0,0,0
3805,63.48008,free_swing,552,488,712,451,-35.433,103.021,0,-248.14,275.13,1,164.22,17.96,2500,0,0,0
3806,63.49677,free_swing,536,485,699,457,-39.695,99.747,0,-252.24,207.58,1,165.39,18.79,2500,0,0,0
3807,63.51345,free_swing,521,480,675,446,-43.815,102.450,0,-258.48,-143.32,1,157.71,13.28,2500,1,0,0
3808,63.53013,free_swing,506,472,668,438,-48.276,101.853,0,-251.51,-417.94,1,165.53,18.90,2500,1,0,0
3809,63.54682,free_swing,492,464,654,466,-52.334,89.293,0,-242.21,-391.05,1,162.01,16.37,2500,0,0,0
3810,63.5635,free_swing,480,455,634,483,-56.094,79.695,0,-222.73,-375.43,1,156.52,12.43,2500,0,0,0
3811,63.58018,free_swing,469,445,628,453,-59.780,87.120,0,-196.59,-224.15,1,159.20,14.35,2500,0,0,0
3812,63.59687,free_swing,460,437,606,492,-62.650,69.358,0,-151.96,-383.23,1,156.02,12.06,2500,0,0,0
3813,63.61355,free_swing,456,430,595,482,-64.666,69.489,0,-83.67,-562.72,0,148.41,6.60,2500,0,0,0
3814,63.63023,free_swing,454,427,570,502,-65.556,57.115,0,-14.06,-574.86,0,138.13,0.78,2500,0,0,0
3815,63.64692,free_swing,455,429,547,514,-64.998,47.265,0,54.49,-571.33,1,125.26,10.03,2500,0,0,0
3816,63.6636,free_swing,459,433,524,531,-63.660,33.555,0,121.36,-771.45,1,117.60,15.53,2500,1,0,0
3817,63.68028,free_swing,466,441,516,530,-61.044,29.327,0,201.63,-1119.44,1,102.08,26.68,2500,1,0,0
3818,63.69697,free_swing,478,452,463,597,-57.031,-5.906,0,294.19,-1385.60,1,145.77,4.71,2500,1,0,0
3819,63.71365,free_swing,496,465,443,594,-51.466,-22.335,0,346.97,-1441.65,0,139.46,0.17,2500,0,0,0
3820,63.73033,free_swing,516,477,421,572,-45.392,-45.000,0,337.56,-1030.99,1,134.35,3.50,2500,1,0,0
3821,63.74702,free_swing,534,484,424,539,-40.321,-63.435,0,281.42,-1141.06,1,122.98,11.66,2500,0,0,0
3822,63.7637,free_swing,549,488,415,520,-36.158,-76.569,0,225.15,-941.08,0,137.77,1.05,2500,0,0,0
3823,63.78038,free_swing,562,490,444,475,-32.588,-97.245,0,220.19,-526.39,1,118.95,14.56,2500,1,0,0
3824,63.79707,free_swing,575,491,440,469,-28.963,-99.256,0,252.94,-221.54,1,136.78,1.75,2500,1,0,0
3825,63.81375,free_swing,592,491,435,472,-24.063,-96.900,0,291.24,-117.06,1,158.15,13.59,2500,0,0,0
3826,63.83043,free_swing,609,489,464,447,-18.981,-106.154,0,311.97,-333.49,1,150.96,8.43,2500,1,0,0
3827,63.84712,free_swing,625,486,479,432,-13.861,-110.298,0,309.06,-208.00,1,155.67,11.81,2500,0,0,0
3828,63.8638,free_swing,641,480,496,421,-8.455,-112.141,0,339.03,14.46,1,156.54,12.44,2500,1,0,0
3829,63.88048,free_swing,656,473,506,424,-2.842,-108.090,0,379.79,186.95,1,157.80,13.34,2500,0,0,0
3830,63.89717,free_swing,673,463,528,412,4.365,-109.378,0,418.63,-45.02,1,153.71,10.40,2500,1,0,0
3831,63.91385,free_swing,687,452,543,417,11.310,-103.661,0,451.05,-11.70,0,148.19,6.44,2500,0,0,0
3832,63.93053,free_swing,700,440,572,382,18.911,-114.376,0,458.24,234.81,1,140.53,0.94,2500,1,0,0
3833,63.94722,free_swing,711,427,569,410,26.806,-96.827,0,469.14,690.32,1,143.01,2.72,2500,1,0,0
3834,63.9639,free_swing,719,415,578,418,34.007,-88.781,0,417.84,694.86,0,141.03,1.30,2500,0,0,0
3835,63.98058,free_swing,725,404,591,447,40.732,-72.209,0,297.71,378.72,1,140.73,1.08,2500,1,0,0
3836,63.99727,free_swing,728,399,615,423,44.132,-78.009,0,153.43,547.27,1,115.52,17.02,2500,0,0,0
3837,64.01395,free_swing,729,398,620,459,45.000,-60.767,0,-21.61,460.84,1,124.91,10.28,2500,0,0,0
3838,64.03063,free_swing,728,399,633,483,44.132,-48.517,0,-159.76,853.79,1,126.81,8.92,2500,1,0,0
3839,64.04732,free_swing,725,407,649,474,39.579,-48.601,0,-274.08,85.68,1,101.32,27.23,2500,1,0,0
3840,64.064,free_swing,721,416,664,527,34.624,-27.181,0,-368.34,351.04,1,124.78,10.37,2500,1,0,0
3841,64.08068,free_swing,713,426,678,457,28.009,-48.468,0,-437.67,843.30,1,46.75,66.42,2500,1,0,0
3842,64.09737,free_swing,702,441,701,526,19.687,-0.674,0,-542.74,1799.84,1,85.01,38.94,2500,1,0,0
3843,64.11405,free_swing,686,457,712,536,10.426,18.217,0,-611.03,2110.67,1,83.17,40.26,2500,1,0,0
3844,64.13073,free_swing,662,472,739,510,-0.409,63.733,0,-598.40,1043.32,1,85.87,38.32,2500,1,0,0
3845,64.14742,free_swing,637,483,747,546,-9.770,60.199,0,-492.96,613.39,1,126.76,8.95,2500,1,0,0
3846,64.1641,free_swing,616,489,750,537,-16.666,70.292,0,-364.28,216.96,1,142.34,2.24,2500,1,0,0
3847,64.18078,free_swing,600,491,744,519,-21.615,78.996,0,-289.41,513.29,1,146.70,5.37,2500,1,0,0
3848,64.19747,free_swing,583,492,729,506,-26.565,84.523,0,-271.22,298.39,1,146.67,5.35,2500,1,0,0
3849,64.21415,free_swing,568,491,725,492,-30.858,89.635,0,-265.97,306.34,1,157.00,12.77,2500,0,0,0
3850,64.23083,free_swing,552,488,714,480,-35.433,92.827,0,-251.99,256.34,1,162.20,16.50,2500,0,0,0
3851,64.24752,free_swing,537,485,698,457,-39.472,99.866,0,-252.72,129.49,1,163.42,17.38,2500,0,0,0
3852,64.2642,free_swing,522,480,680,460,-43.612,97.214,0,-256.28,-126.47,1,159.26,14.39,2500,1,0,0
3853,64.28088,free_swing,507,472,669,456,-48.094,95.641,0,-257.87,-150.02,1,162.79,16.93,2500,0,0,0
3854,64.29757,free_swing,492,464,651,465,-52.334,89.640,0,-248.00,-187.13,1,159.00,14.21,2500,0,0,0
3855,64.31425,free_swing,480,455,635,447,-56.094,92.955,0,-222.62,-277.69,1,155.21,11.48,2500,0,0,0
3856,64.33093,free_swing,469,445,618,470,-59.780,80.475,0,-188.84,-379.99,0,151.08,8.52,2500,0,0,0
3857,64.34762,free_swing,462,437,598,467,-62.418,77.560,0,-143.26,-327.94,0,139.27,0.03,2500,0,0,0
3858,64.3643,free_swing,457,431,588,476,-64.332,71.042,0,-81.65,-98.05,1,138.51,0.51,2500,1,0,0
3859,64.38098,free_swing,455,428,580,471,-65.225,71.017,0,-13.91,-664.28,1,132.19,5.05,2500,1,0,0
3860,64.39767,free_swing,455,430,558,488,-64.772,60.616,0,57.85,-557.54,1,118.21,15.09,2500,0,0,0
3861,64.41435,free_swing,460,435,526,533,-63.097,33.959,0,139.94,-549.21,1,118.15,15.13,2500,0,0,0
3862,64.43103,free_swing,468,443,524,495,-60.350,47.121,0,220.11,-1151.60,1,76.42,45.11,2500,1,0,0
3863,64.44772,free_swing,481,456,494,510,-55.733,13.536,0,304.63,-1624.29,1,55.54,60.11,2500,1,0,0
3864,64.4644,free_swing,498,468,442,549,-50.503,-34.658,0,336.76,-2784.63,1,98.47,29.27,2500,1,0,1
3865,64.48108,free_swing,519,479,417,556,-44.409,-52.951,0,312.72,-1796.83,1,127.80,8.20,2500,1,0,0
3866,64.49777,free_swing,535,484,458,457,-40.101,-109.323,0,264.48,-962.28,1,81.60,41.39,2500,1,0,0
3867,64.51445,free_swing,550,488,416,498,-35.918,-85.732,0,219.40,-564.10,1,134.37,3.48,2500,1,0,0
3868,64.53113,free_swing,563,490,448,451,-32.330,-108.733,0,231.95,-176.18,1,121.43,12.78,2500,1,0,0
3869,64.54782,free_swing,576,492,456,437,-28.535,-114.624,0,253.22,-376.05,0,132.00,5.19,2500,0,0,0
3870,64.5645,free_swing,594,490,463,434,-23.591,-113.146,0,282.48,143.35,1,142.47,2.33,2500,1,0,0
3871,64.58118,free_swing,609,489,466,445,-18.981,-107.103,0,295.82,94.58,0,149.62,7.47,2500,0,0,0
3872,64.59787,free_swing,625,486,487,424,-13.861,-114.193,0,316.66,-105.29,0,151.29,8.67,2500,0,0,0
3873,64.61455,free_swing,641,480,492,426,-8.455,-109.921,0,349.58,8.88,1,158.48,13.83,2500,0,0,0
3874,64.63123,free_swing,658,472,518,406,-2.045,-115.241,0,385.78,-99.86,1,154.78,11.17,2500,0,0,0
3875,64.64792,free_swing,673,464,528,416,4.332,-108.316,0,416.57,-81.68,0,152.74,9.71,2500,0,0,0
3876,64.6646,free_swing,688,452,563,376,11.768,-121.300,0,438.59,121.80,1,146.29,5.08,2500,1,0,0
3877,64.68128,free_swing,700,439,566,402,19.075,-105.436,0,472.56,515.43,1,139.01,0.15,2500,1,0,0
3878,64.69797,free_swing,711,427,576,401,26.806,-100.901,0,449.15,737.41,1,137.48,1.25,2500,1,0,0
3879,64.71465,free_swing,720,415,579,435,34.479,-81.927,0,379.66,660.99,0,142.41,2.29,2500,0,0,0
3880,64.73133,free_swing,724,407,599,430,39.123,-79.574,0,255.81,737.36,0,127.10,8.71,2500,0,0,0
3881,64.74802,free_swing,727,402,605,472,42.436,-60.154,0,91.38,639.87,0,140.66,1.03,2500,0,0,0
3882,64.7647,free_swing,727,401,615,484,42.847,-53.459,0,-63.48,576.07,0,139.40,0.13,2500,0,0,0
3883,64.78138,free_swing,726,407,626,509,40.030,-44.433,0,-194.83,319.94,1,142.84,2.60,2500,1,0,0
3884,64.79807,free_swing,722,413,647,502,36.069,-40.121,0,-289.05,463.99,1,116.39,16.40,2500,0,0,0
3885,64.81475,free_swing,717,422,656,526,30.964,-30.393,0,-375.59,703.51,1,120.57,13.40,2500,1,0,0
3886,64.83143,free_swing,707,433,674,557,23.540,-14.903,0,-478.19,1142.37,1,128.32,7.83,2500,1,0,0
3887,64.84812,free_swing,694,448,701,519,14.962,5.631,0,-563.83,1346.63,1,71.34,48.76,2500,1,0,0
3888,64.8648,free_swing,675,463,719,536,5.234,31.079,0,-591.33,1343.43,1,85.23,38.78,2500,0,0,0
3889,64.88148,free_swing,651,478,733,549,-4.699,49.112,0,-547.28,1092.15,1,108.47,22.09,2500,1,0,0
3890,64.89817,free_swing,627,487,739,537,-13.076,65.943,0,-450.61,575.80,1,122.65,11.90,2500,1,0,0
3891,64.91485,free_swing,607,491,741,530,-19.402,73.773,0,-349.92,611.46,0,139.56,0.24,2500,0,0,0
3892,64.93153,free_swing,589,492,728,527,-24.821,75.867,0,-290.27,409.73,1,143.34,2.96,2500,1,0,0
3893,64.94822,free_swing,574,491,728,472,-29.238,97.033,0,-261.47,331.19,1,155.17,11.45,2500,0,0,0
3894,64.9649,free_swing,558,490,715,500,-33.606,86.356,0,-250.20,139.15,1,157.32,13.00,2500,0,0,0
3895,64.98158,free_swing,544,486,703,474,-37.694,94.316,0,-252.00,-83.96,1,159.45,14.53,2500,1,0,0
3896,64.99827,free_swing,528,482,687,474,-41.987,92.880,0,-252.17,79.60,1,159.20,14.35,2500,0,0,0
3897,65.01495,free_swing,513,476,669,471,-46.169,91.836,0,-250.84,83.42,1,156.08,12.11,2500,0,0,0
3898,65.03163,free_swing,499,468,656,459,-50.332,93.281,0,-248.16,-38.56,1,157.26,12.95,2500,0,0,0
3899,65.04832,free_swing,486,459,656,440,-54.340,96.377,0,-242.14,-462.63,1,171.06,22.87,2500,1,0,0
3900,65.065,free_swing,473,449,625,482,-58.376,77.751,0,-223.17,-611.09,1,155.54,11.72,2500,0,0,0
3901,65.08168,free_swing,464,439,607,498,-61.734,67.580,0,-179.48,-695.22,1,154.69,11.11,2500,0,0,0
3902,65.09837,free_swing,457,431,597,492,-64.332,66.457,0,-119.85,-227.60,1,152.71,9.69,2500,1,0,0
3903,65.11505,free_swing,453,427,569,521,-65.659,50.981,0,-59.11,-389.11,0,149.31,7.24,2500,0,0,0
3904,65.13173,free_swing,452,425,566,496,-66.214,58.085,0,-0.08,-411.20,0,134.30,3.53,2500,0,0,0
3905,65.14842,free_swing,453,427,535,539,-65.659,36.209,0,68.44,-618.02,1,138.81,0.30,2500,1,0,0
3906,65.1651,free_swing,458,432,526,531,-63.997,34.484,0,147.56,-932.03,1,120.10,13.73,2500,1,0,0
3907,65.18178,free_swing,467,442,489,569,-60.698,9.828,0,225.93,-929.25,0,128.89,7.42,2500,0,0,0
3908,65.19847,free_swing,479,454,473,568,-56.454,-3.013,0,301.21,-1361.10,1,114.16,18.00,2500,1,0,0
3909,65.21515,free_swing,496,467,439,581,-51.049,-26.565,0,341.08,-1385.89,0,127.46,8.45,2500,0,0,0
3910,65.23183,free_swing,517,478,429,541,-45.000,-54.401,0,334.13,-1250.28,1,108.23,22.26,2500,0,0,0
3911,65.24852,free_swing,535,485,420,526,-39.916,-70.378,0,287.63,-1044.70,1,122.09,12.31,2500,1,0,0
3912,65.2652,free_swing,551,488,420,510,-35.676,-80.467,0,230.13,-833.17,1,132.83,4.59,2500,1,0,0
3913,65.28188,free_swing,564,491,444,464,-31.908,-102.680,0,216.98,-504.48,1,123.00,11.65,2500,1,0,0
3914,65.29857,free_swing,576,492,443,459,-28.535,-103.935,0,245.74,-453.23,0,137.03,1.57,2500,0,0,0
3915,65.31525,free_swing,593,491,446,456,-23.762,-103.392,0,294.41,-141.63,1,151.11,8.54,2500,1,0,0
3916,65.33193,free_swing,611,488,485,414,-18.435,-120.426,0,329.09,-126.80,0,146.12,4.96,2500,0,0,0
3917,65.34862,free_swing,628,485,484,440,-12.885,-107.354,0,330.75,34.37,0,150.87,8.36,2500,0,0,0
3918,65.3653,free_swing,644,479,499,423,-7.365,-111.117,0,337.28,154.46,1,155.44,11.65,2500,0,0,0
3919,65.38198,free_swing,659,472,514,417,-1.637,-110.772,0,370.50,-89.05,1,155.08,11.39,2500,1,0,0
3920,65.39867,free_swing,674,462,530,414,4.837,-108.435,0,415.39,318.22,1,151.79,9.03,2500,1,0,0
3921,65.41535,free_swing,689,451,551,413,12.325,-105.396,0,447.79,393.13,0,143.14,2.81,2500,0,0,0
3922,65.43203,free_swing,701,438,550,437,19.722,-90.379,0,457.90,470.30,0,151.00,8.46,2500,0,0,0
3923,65.44872,free_swing,711,426,572,424,27.051,-90.824,0,411.30,483.90,0,139.01,0.15,2500,0,0,0
3924,65.4654,free_swing,719,416,584,445,33.690,-77.876,0,325.04,502.20,0,138.08,0.82,2500,0,0,0
3925,65.48208,free_swing,723,410,597,458,37.569,-69.146,0,200.62,811.55,1,134.83,3.15,2500,1,0,0
3926,65.49877,free_swing,725,406,615,476,39.958,-57.529,0,43.69,479.80,1,130.38,6.35,2500,1,0,0
3927,65.51545,free_swing,725,407,625,510,39.579,-44.153,0,-112.21,391.99,0,143.56,3.11,2500,0,0,0
3928,65.53213,free_swing,722,413,649,475,36.069,-49.658,0,-237.68,471.42,1,95.78,31.21,2500,0,0,0
3929,65.54882,free_swing,717,421,666,507,31.247,-30.669,0,-331.17,864.25,1,99.98,28.18,2500,1,0,0
3930,65.5655,free_swing,710,430,679,547,25.622,-14.840,0,-421.32,1193.99,1,121.04,13.06,2500,1,0,0
3931,65.58218,free_swing,698,444,709,543,17.354,6.340,0,-533.72,1143.46,1,99.61,28.45,2500,0,0,0
3932,65.59887,free_swing,681,460,722,557,8.005,22.913,0,-580.89,1249.45,1,105.31,24.36,2500,0,0,0
3933,65.61555,free_swing,658,474,748,560,-2.017,46.302,0,-535.65,1266.28,1,124.48,10.59,2500,0,0,0
3934,65.63223,free_swing,637,484,755,537,-9.707,65.813,0,-443.40,1074.70,0,129.36,7.09,2500,0,0,0
3935,65.64892,free_swing,617,488,759,509,-16.429,81.588,0,-347.25,526.93,1,143.54,3.10,2500,1,0,0
3936,65.6656,free_swing,600,491,752,503,-21.615,85.486,0,-294.86,189.42,1,152.47,9.52,2500,1,0,0
3937,65.68228,free_swing,585,491,733,505,-26.131,84.596,0,-259.47,82.89,0,148.66,6.78,2500,0,0,0
3938,65.69897,free_swing,570,490,728,488,-30.481,90.725,0,-248.72,258.44,1,158.01,13.50,2500,0,0,0
3939,65.71565,free_swing,555,489,716,478,-34.524,93.909,0,-244.43,435.76,1,161.38,15.91,2500,0,0,0
3940,65.73233,free_swing,540,486,700,454,-38.614,101.310,0,-248.22,101.48,1,163.17,17.20,2500,1,0,0
3941,65.74902,free_swing,525,481,686,438,-42.805,104.954,0,-252.90,-36.34,1,166.64,19.70,2500,0,0,0
3942,65.7657,free_swing,510,474,671,468,-47.135,92.134,0,-257.48,-259.43,1,161.11,15.72,2500,1,0,0
3943,65.78238,free_swing,496,466,661,441,-51.257,98.616,0,-254.95,-227.00,1,166.88,19.87,2500,0,0,0
3944,65.79907,free_swing,482,456,639,462,-55.586,87.811,0,-241.92,-278.50,1,157.11,12.85,2500,0,0,0
3945,65.81575,free_swing,471,446,629,458,-59.300,85.657,0,-205.73,-431.95,1,158.46,13.81,2500,0,0,0
3946,65.83243,free_swing,462,437,610,478,-62.418,74.516,0,-154.62,-491.40,1,153.57,10.31,2500,0,0,0
3947,65.84912,free_swing,457,431,597,481,-64.332,70.346,0,-98.56,-679.40,0,148.66,6.78,2500,0,0,0
3948,65.8658,free_swing,453,427,572,515,-65.659,53.517,0,-39.00,-454.43,1,148.00,6.31,2500,1,0,0
3949,65.88248,free_swing,453,427,553,518,-65.659,47.698,0,28.47,-419.97,0,135.21,2.88,2500,0,0,0
3950,65.89917,free_swing,456,430,545,514,-64.666,46.655,0,104.07,-621.24,1,122.38,12.10,2500,1,0,0
3951,65.91585,free_swing,462,438,515,538,-62.194,27.924,0,175.21,-895.13,1,113.18,18.71,2500,1,0,0
3952,65.93253,free_swing,472,448,488,570,-58.728,7.472,0,260.12,-1132.87,1,123.04,11.62,2500,1,0,0
3953,65.94922,free_swing,487,460,483,529,-53.973,-3.318,0,322.22,-1351.13,1,69.12,50.36,2500,1,0,0
3954,65.9659,free_swing,507,473,425,594,-47.891,-34.125,0,339.42,-1744.77,1,146.17,4.99,2500,1,0,0
3955,65.98258,free_swing,526,481,439,523,-42.597,-64.231,0,310.17,-1419.39,1,96.61,30.61,2500,1,0,0
3956,65.99927,free_swing,542,487,440,495,-37.977,-85.515,0,255.16,-572.08,1,102.31,26.51,2500,1,0,0
3957,66.01595,free_swing,557,490,428,507,-33.857,-82.493,0,214.69,-905.17,1,130.12,6.54,2500,1,0,0
3958,66.03263,free_swing,569,491,440,473,-30.591,-97.943,0,215.33,-958.32,0,130.25,6.45,2500,0,0,0
3959,66.04932,free_swing,582,491,490,394,-26.996,-136.515,0,253.54,-454.77,1,133.69,3.97,2500,1,0,0
3960,66.066,free_swing,599,491,467,432,-21.926,-114.083,0,298.52,114.24,1,144.59,3.85,2500,1,0,0
3961,66.08268,free_swing,616,488,480,437,-16.767,-110.556,0,320.18,120.63,0,145.25,4.33,2500,0,0,0
3962,66.09937,free_swing,632,484,511,394,-11.527,-126.642,0,323.63,-266.41,1,150.80,8.32,2500,1,0,0
3963,66.11605,free_swing,648,478,517,392,-5.866,-123.284,0,347.07,14.80,1,156.71,12.56,2500,1,0,0
3964,66.13273,free_swing,663,470,527,410,0.000,-113.806,0,375.34,317.18,1,148.65,6.77,2500,1,0,0
3965,66.14942,free_swing,678,460,550,391,6.684,-118.327,0,410.34,331.89,0,145.41,4.45,2500,0,0,0
3966,66.1661,free_swing,691,448,548,405,13.570,-106.736,0,433.90,354.19,0,149.33,7.26,2500,0,0,0
3967,66.18278,free_swing,703,436,558,417,21.038,-97.465,0,428.10,700.63,1,146.24,5.04,2500,1,0,0
3968,66.19947,free_swing,712,425,568,418,27.784,-92.783,0,393.02,748.57,0,144.17,3.55,2500,0,0,0
3969,66.21615,free_swing,719,416,578,462,33.690,-71.932,0,300.21,328.03,1,148.31,6.53,2500,1,0,0
3970,66.23283,free_swing,723,409,594,457,37.926,-69.590,0,165.44,148.15,0,137.64,1.14,2500,0,0,0
3971,66.24952,free_swing,724,407,624,423,39.123,-80.910,0,8.68,424.73,1,101.27,27.26,2500,1,0,0
3972,66.2662,free_swing,724,410,619,476,38.027,-57.848,0,-128.78,505.61,1,124.02,10.92,2500,0,0,0
3973,66.28288,free_swing,721,415,636,506,34.946,-43.047,0,-237.21,589.89,1,124.52,10.56,2500,0,0,0
3974,66.29957,free_swing,716,423,666,458,30.217,-55.008,0,-336.88,554.52,1,61.03,56.16,2500,0,0,0
3975,66.31625,free_swing,708,434,666,527,23.806,-24.305,0,-420.54,1186.74,1,102.04,26.70,2500,1,0,0
3976,66.33293,free_swing,696,447,693,518,16.011,-2.420,0,-529.29,2258.92,1,71.06,48.96,2500,1,0,0
3977,66.34962,free_swing,679,461,718,525,7.070,31.357,0,-593.98,2186.43,1,74.95,46.17,2500,0,0,0
3978,66.3663,free_swing,653,476,738,490,-3.972,80.647,0,-566.45,1485.14,1,86.15,38.12,2500,1,0,0
3979,66.38298,free_swing,630,485,750,495,-12.171,85.236,0,-462.70,321.92,1,120.42,13.51,2500,1,0,0
3980,66.39967,free_swing,610,490,744,514,-18.544,79.846,0,-344.18,-119.50,1,136.13,2.22,2500,1,0,0
3981,66.41635,free_swing,592,492,738,506,-23.929,84.523,0,-290.60,311.09,1,146.67,5.35,2500,1,0,0
3982,66.43303,free_swing,577,491,713,477,-28.408,95.877,0,-258.22,508.96,0,136.72,1.80,2500,0,0,0
3983,66.44972,free_swing,562,490,719,466,-32.588,98.691,0,-244.29,166.67,1,158.82,14.08,2500,1,0,0
3984,66.4664,free_swing,547,488,710,446,-36.634,104.449,0,-243.65,334.36,1,168.32,20.90,2500,0,0,0
3985,66.48308,free_swing,532,484,692,455,-40.756,100.273,0,-242.66,175.83,1,162.61,16.80,2500,0,0,0
3986,66.49977,free_swing,518,478,698,380,-44.803,118.566,0,-246.85,-401.99,1,204.95,47.21,2500,1,0,0
3987,66.51645,free_swing,504,471,665,460,-48.840,93.909,0,-245.32,-363.65,1,161.38,15.91,2500,0,0,0
3988,66.53313,free_swing,490,462,648,476,-53.077,84.936,0,-241.14,-344.31,1,158.62,13.93,2500,0,0,0
3989,66.54982,free_swing,478,453,643,426,-56.813,99.293,0,-227.30,-170.44,1,167.19,20.09,2500,0,0,0
3990,66.5665,free_swing,467,443,622,464,-60.476,82.284,0,-195.73,-471.02,1,156.42,12.35,2500,1,0,0
3991,66.58318,free_swing,459,434,600,486,-63.435,69.756,0,-148.05,-526.51,0,150.28,7.94,2500,0,0,0
3992,66.59987,free_swing,454,428,593,477,-65.329,70.582,0,-86.97,-408.93,0,147.38,5.86,2500,0,0,0
3993,66.61655,free_swing,452,425,574,489,-66.214,62.319,0,-26.35,-617.69,1,137.77,1.05,2500,1,0,0
3994,66.63323,free_swing,452,425,545,528,-66.214,42.079,0,39.00,-814.53,0,138.77,0.32,2500,0,0,0
3995,66.64992,free_swing,455,429,526,529,-64.998,35.375,0,103.64,-813.50,1,122.64,11.91,2500,0,0,0
3996,66.6666,free_swing,461,437,505,555,-62.534,20.450,0,180.71,-860.29,0,125.94,9.54,2500,0,0,0
3997,66.68328,free_swing,472,446,476,583,-59.169,1.672,0,263.96,-1130.65,1,137.06,1.55,2500,1,0,0
3998,66.69997,free_swing,487,460,460,556,-53.973,-15.709,0,326.76,-1251.25,1,99.72,28.37,2500,0,0,0
3999,66.71665,free_swing,507,472,441,556,-48.094,-38.157,0,350.72,-1357.24,1,106.83,23.27,2500,0,0,0
4000,66.73333,free_swing,526,481,437,530,-42.597,-61.164,0,318.23,-1201.10,1,101.60,27.03,2500,0,0,0
4001,66.75002,free_swing,544,487,440,507,-37.515,-79.114,0,265.89,-686.52,1,105.91,23.93,2500,1,0,0
4002,66.7667,free_swing,558,490,426,499,-33.606,-86.100,0,224.18,-595.37,0,132.31,4.97,2500,0,0,0
4003,66.78338,free_swing,571,491,427,488,-30.054,-91.193,0,224.12,-619.93,0,144.03,3.45,2500,0,0,0
4004,66.80007,free_swing,585,491,455,439,-26.131,-111.801,0,264.73,-380.03,1,140.01,0.57,2500,1,0,0
4005,66.81675,free_swing,602,490,468,440,-21.110,-110.462,0,309.73,-196.96,0,143.02,2.73,2500,0,0,0
4006,66.83343,free_swing,619,488,472,446,-15.751,-105.945,0,328.06,-54.50,0,152.88,9.81,2500,0,0,0
4007,66.85012,free_swing,636,483,501,412,-10.138,-117.741,0,326.23,-74.45,0,152.53,9.56,2500,0,0,0
4008,66.8668,free_swing,651,476,520,418,-4.764,-113.881,0,352.92,166.11,1,143.27,2.90,2500,1,0,0
4009,66.88348,free_swing,666,468,519,425,1.264,-106.305,0,394.05,129.64,1,153.16,10.01,2500,0,0,0
4010,66.90017,free_swing,682,457,541,417,8.643,-105.838,0,438.43,264.89,0,146.56,5.27,2500,0,0,0
4011,66.91685,free_swing,695,445,567,394,15.811,-111.724,0,453.95,-76.67,1,137.79,1.03,2500,1,0,0
4012,66.93353,free_swing,707,434,562,431,23.334,-91.185,0,418.73,110.89,0,145.03,4.17,2500,0,0,0
4013,66.95022,free_swing,715,422,607,375,30.018,-113.518,0,362.95,686.24,1,117.78,15.40,2500,1,0,0
4014,66.9669,free_swing,720,414,605,429,34.804,-82.569,0,246.06,944.07,1,115.97,16.70,2500,1,0,0
4015,66.98358,free_swing,724,409,605,474,38.387,-61.356,0,99.01,859.06,0,135.59,2.61,2500,0,0,0
4016,67.00027,free_swing,723,408,628,461,38.290,-60.843,0,-39.34,160.37,1,108.78,21.86,2500,1,0,0
4017,67.01695,free_swing,722,412,650,450,36.409,-62.176,0,-173.74,469.46,1,81.41,41.52,2500,1,0,0
4018,67.03363,free_swing,719,418,654,491,33.071,-41.682,0,-282.66,1099.19,1,97.74,29.79,2500,1,0,0
4019,67.05032,free_swing,712,428,674,523,27.041,-21.801,0,-392.97,1171.66,1,102.32,26.51,2500,0,0,0
4020,67.067,free_swing,702,441,700,530,19.687,-1.287,0,-500.45,1479.49,1,89.02,36.06,2500,1,0,0
4021,67.08368,free_swing,687,455,718,560,11.041,16.449,0,-572.27,1691.32,1,109.48,21.36,2500,1,0,0
4022,67.10037,free_swing,665,470,747,515,0.830,61.243,0,-571.73,1400.12,1,93.54,32.82,2500,1,0,0
4023,67.11705,free_swing,641,482,761,527,-8.344,69.444,0,-489.68,903.32,1,128.16,7.95,2500,1,0,0
4024,67.13373,free_swing,621,488,761,518,-15.068,77.905,0,-373.64,468.10,1,143.18,2.84,2500,1,0,0
4025,67.15042,free_swing,603,491,748,487,-20.674,91.580,0,-297.70,561.80,0,145.06,4.19,2500,0,0,0
4026,67.1671,free_swing,588,491,742,467,-25.253,98.858,0,-262.33,292.62,1,155.86,11.95,2500,1,0,0
4027,67.18378,free_swing,573,491,733,463,-29.511,99.926,0,-251.16,169.46,1,162.43,16.67,2500,0,0,0
4028,67.20047,free_swing,558,490,723,455,-33.606,101.976,0,-247.10,168.84,1,168.67,21.15,2500,0,0,0
4029,67.21715,free_swing,542,487,709,430,-37.977,108.846,0,-246.40,129.76,1,176.46,26.75,2500,0,0,0
4030,67.23383,free_swing,528,483,685,437,-41.798,106.330,0,-250.50,8.88,1,163.60,17.51,2500,0,0,0
4031,67.25052,free_swing,513,476,685,428,-46.169,105.593,0,-256.00,-229.53,1,178.57,28.26,2500,1,0,0
4032,67.2672,free_swing,498,468,674,428,-50.503,102.804,0,-260.58,-399.25,1,180.49,29.64,2500,0,0,0
4033,67.28388,free_swing,485,458,643,452,-54.707,92.175,0,-241.97,-313.89,1,158.11,13.57,2500,0,0,0
4034,67.30057,free_swing,473,448,635,460,-58.595,85.764,0,-219.97,-575.18,1,162.44,16.68,2500,1,0,0
4035,67.31725,free_swing,463,439,622,447,-61.853,87.120,0,-181.65,-172.58,1,159.20,14.35,2500,1,0,0
4036,67.33393,free_swing,456,430,594,494,-64.666,65.120,0,-126.94,-132.25,0,152.12,9.26,2500,0,0,0
4037,67.35062,free_swing,453,425,607,432,-66.114,87.397,0,-61.88,-261.07,1,154.16,10.73,2500,0,0,0
4038,67.3673,free_swing,451,424,577,478,-66.541,66.801,0,10.22,-176.24,0,137.08,1.54,2500,0,0,0
4039,67.38398,free_swing,453,426,564,489,-65.886,60.422,0,74.00,-854.63,1,127.63,8.33,2500,1,0,0
4040,67.40067,free_swing,458,432,552,489,-63.997,58.768,0,140.03,-430.34,1,109.93,21.04,2500,1,0,0
4041,67.41735,free_swing,465,441,520,535,-61.167,30.332,0,213.23,-849.47,1,108.91,21.77,2500,1,0,0
4042,67.43403,free_swing,478,452,513,505,-57.031,33.440,0,300.74,-1683.96,1,63.51,54.38,2500,1,0,0
4043,67.45072,free_swing,496,465,487,510,-51.466,-11.310,0,356.51,-2145.33,1,45.89,67.04,2500,1,0,0
4044,67.4674,free_swing,517,478,444,527,-45.000,-56.129,0,347.48,-2302.39,1,87.92,36.85,2500,0,0,0
4045,67.48408,free_swing,535,485,440,506,-39.916,-77.535,0,289.45,-1230.74,1,97.29,30.12,2500,1,0,0
4046,67.50077,free_swing,551,488,446,477,-35.676,-95.981,0,230.27,-501.48,1,105.57,24.17,2500,1,0,0
4047,67.51745,free_swing,564,490,437,471,-32.071,-98.509,0,200.98,-286.45,1,128.41,7.76,2500,1,0,0
4048,67.53413,free_swing,576,491,440,462,-28.686,-102.037,0,216.00,-335.22,0,139.06,0.12,2500,0,0,0
4049,67.55082,free_swing,589,490,456,440,-25.096,-110.603,0,262.39,-373.68,0,142.09,2.06,2500,0,0,0
4050,67.5675,free_swing,606,490,471,418,-19.837,-118.072,0,305.80,-108.51,1,153.00,9.90,2500,1,0,0
4051,67.58418,free_swing,623,486,484,428,-14.560,-112.649,0,330.29,166.13,1,150.62,8.18,2500,1,0,0
4052,67.60087,free_swing,639,481,490,427,-9.150,-109.921,0,335.83,299.81,1,158.48,13.83,2500,0,0,0
4053,67.61755,free_swing,655,474,503,427,-3.225,-107.182,0,368.28,152.58,1,159.10,14.28,2500,0,0,0
4054,67.63423,free_swing,670,466,513,433,2.990,-101.870,0,397.59,58.75,1,160.43,15.23,2500,0,0,0
4055,67.65092,free_swing,685,455,542,419,10.141,-104.130,0,425.81,266.61,1,147.46,5.92,2500,1,0,0
4056,67.6676,free_swing,697,443,556,418,17.030,-100.054,0,436.99,273.04,0,143.20,2.86,2500,0,0,0
4057,67.68428,free_swing,708,431,559,442,24.444,-85.778,0,412.68,365.22,0,149.41,7.31,2500,0,0,0
4058,67.70097,free_swing,716,421,587,419,30.774,-90.888,0,343.52,408.73,0,129.02,7.33,2500,0,0,0
4059,67.71765,free_swing,721,413,599,440,35.605,-77.521,0,216.57,492.01,1,124.95,10.25,2500,0,0,0
4060,67.73433,free_swing,723,409,606,460,37.926,-66.448,0,54.50,703.82,1,127.63,8.33,2500,1,0,0
4061,67.75102,free_swing,723,410,633,466,37.569,-58.109,0,-92.58,657.03,1,106.00,23.86,2500,0,0,0
4062,67.7677,free_swing,720,415,640,494,34.479,-45.360,0,-218.42,755.86,1,112.43,19.24,2500,0,0,0
4063,67.78438,free_swing,716,422,652,531,30.493,-30.420,0,-334.96,853.17,0,126.40,9.21,2500,0,0,0
4064,67.80107,free_swing,708,434,672,549,23.806,-17.382,0,-429.11,961.06,1,120.50,13.45,2500,0,0,0
4065,67.81775,free_swing,695,446,696,563,15.680,0.490,0,-522.36,1238.36,1,117.00,15.96,2500,1,0,0
4066,67.83443,free_swing,679,460,726,572,7.125,22.765,0,-558.71,1381.34,1,121.46,12.76,2500,0,0,0
4067,67.85112,free_swing,656,475,736,549,-2.802,47.231,0,-541.33,1024.06,1,108.98,21.72,2500,1,0,0
4068,67.8678,free_swing,633,485,749,551,-11.094,60.362,0,-458.88,762.08,1,133.46,4.14,2500,1,0,0
4069,67.88448,free_swing,613,488,750,550,-17.771,65.651,0,-341.51,677.83,0,150.38,8.01,2500,0,0,0
4070,67.90117,free_swing,597,490,743,504,-22.671,84.523,0,-276.68,522.85,0,146.67,5.35,2500,0,0,0
4071,67.91785,free_swing,582,492,732,488,-26.851,91.528,0,-257.13,625.32,0,150.05,7.78,2500,0,0,0
4072,67.93453,free_swing,566,491,720,486,-31.386,91.860,0,-253.26,371.04,1,154.08,10.67,2500,1,0,0
4073,67.95122,free_swing,551,488,706,427,-35.676,111.482,0,-248.91,20.71,1,166.57,19.64,2500,1,0,0
4074,67.9679,free_swing,537,485,699,457,-39.472,99.806,0,-246.10,16.49,1,164.40,18.09,2500,0,0,0
4075,67.98458,free_swing,521,480,682,469,-43.815,93.909,0,-251.46,-160.21,1,161.38,15.91,2500,0,0,0
4076,68.00127,free_swing,507,472,663,419,-48.094,108.765,0,-256.39,0.62,1,164.76,18.34,2500,0,0,0
4077,68.01795,free_swing,493,464,655,454,-52.172,93.532,0,-247.72,-319.43,1,162.31,16.58,2500,1,0,0
4078,68.03463,free_swing,480,454,641,450,-56.310,91.423,0,-232.19,-329.28,1,161.05,15.68,2500,0,0,0
4079,68.05132,free_swing,469,444,624,458,-60.001,84.839,0,-212.88,-214.42,1,155.63,11.79,2500,0,0,0
4080,68.068,free_swing,460,435,620,442,-63.097,87.495,0,-169.60,-488.60,1,160.15,15.03,2500,1,0,0
4081,68.08468,free_swing,454,426,593,479,-65.784,69.128,0,-108.26,-459.78,0,148.76,6.85,2500,0,0,0
4082,68.10137,free_swing,451,423,580,483,-66.769,65.056,0,-43.13,-275.44,0,142.27,2.19,2500,0,0,0
4083,68.11805,free_swing,450,423,571,479,-66.866,65.165,0,23.66,-86.78,0,133.33,4.23,2500,0,0,0
4084,68.13473,free_swing,452,425,555,484,-66.214,60.195,0,82.38,-751.89,1,118.70,14.74,2500,1,0,0
4085,68.15142,free_swing,457,432,532,510,-64.106,43.877,0,149.30,-1178.62,1,108.21,22.28,2500,1,0,0
4086,68.1681,free_swing,466,441,498,566,-61.044,14.359,0,225.86,-1270.11,0,129.03,7.32,2500,0,0,0
4087,68.18478,free_swing,478,453,482,554,-56.813,2.268,0,309.91,-1362.43,1,101.08,27.40,2500,0,0,0
4088,68.20147,free_swing,496,467,461,553,-51.049,-22.145,0,357.73,-1431.48,1,92.85,33.31,2500,0,0,0
4089,68.21815,free_swing,518,479,446,534,-44.608,-52.624,0,345.81,-1450.24,1,90.60,34.92,2500,0,0,0
4090,68.23483,free_swing,536,485,431,524,-39.695,-69.624,0,288.91,-963.99,1,112.01,19.55,2500,1,0,0
4091,68.25152,free_swing,552,489,428,504,-35.261,-83.103,0,236.95,-876.94,1,124.90,10.28,2500,0,0,0
4092,68.2682,free_swing,566,490,443,482,-31.547,-93.721,0,215.07,-516.67,1,123.26,11.47,2500,1,0,0
4093,68.28488,free_swing,578,492,461,445,-27.979,-111.886,0,220.96,-449.44,0,126.09,9.43,2500,0,0,0
4094,68.30157,free_swing,592,490,440,467,-24.198,-98.604,0,259.90,-65.73,1,153.73,10.42,2500,1,0,0
4095,68.31825,free_swing,608,489,486,424,-19.306,-118.048,0,300.28,30.16,0,138.24,0.71,2500,0,0,0
4096,68.33493,free_swing,625,485,474,450,-13.948,-103.050,0,332.00,-348.26,1,155.00,11.33,2500,1,0,0
4097,68.35162,free_swing,641,480,505,416,-8.455,-115.201,0,338.41,-23.63,1,150.31,7.96,2500,1,0,0
4098,68.3683,free_swing,657,473,532,397,-2.437,-121.300,0,362.26,-86.91,0,146.29,5.08,2500,0,0,0
4099,68.38498,free_swing,671,464,530,421,3.468,-106.960,0,407.35,439.13,1,147.41,5.88,2500,1,0,0
4100,68.40167,free_swing,686,452,554,408,10.850,-108.435,0,437.83,368.15,0,139.14,0.06,2500,0,0,0
4101,68.41835,free_swing,699,440,559,425,18.435,-96.116,0,442.57,382.68,0,140.80,1.13,2500,0,0,0
4102,68.43503,free_swing,709,430,581,419,25.145,-94.912,0,396.16,701.02,1,128.47,7.72,2500,1,0,0
4103,68.45172,free_swing,716,419,586,450,31.350,-76.588,0,314.13,672.96,0,133.65,4.01,2500,0,0,0
4104,68.4684,free_swing,721,413,605,464,35.605,-66.267,0,172.65,598.62,0,126.72,8.98,2500,0,0,0
4105,68.48508,free_swing,723,411,622,467,37.216,-60.994,0,10.21,301.23,1,115.49,17.05,2500,1,0,0
4106,68.50177,free_swing,721,413,641,470,35.605,-54.530,0,-135.09,436.29,1,98.23,29.44,2500,0,0,0
4107,68.51845,free_swing,719,419,656,479,32.768,-46.397,0,-250.14,729.24,1,87.00,37.51,2500,1,0,0
4108,68.53513,free_swing,713,428,671,502,27.512,-29.578,0,-359.50,1148.72,1,85.09,38.88,2500,1,0,0
4109,68.55182,free_swing,704,440,692,510,20.788,-9.728,0,-473.02,1246.06,1,71.02,48.99,2500,0,0,0
4110,68.5685,free_swing,689,454,713,536,12.031,16.314,0,-557.44,1470.31,1,85.44,38.63,2500,1,0,0
4111,68.58518,free_swing,669,468,732,569,2.526,31.954,0,-565.87,1502.09,1,119.04,14.50,2500,0,0,0
4112,68.60187,free_swing,645,480,751,525,-6.934,66.997,0,-495.56,1124.00,1,115.16,17.29,2500,1,0,0
4113,68.61855,free_swing,625,487,756,518,-13.775,76.686,0,-384.56,599.25,1,134.62,3.31,2500,1,0,0
4114,68.63523,free_swing,607,489,752,514,-19.631,80.218,0,-301.49,463.88,0,147.14,5.69,2500,0,0,0
4115,68.65192,free_swing,592,492,740,497,-23.929,88.065,0,-265.93,526.45,0,148.08,6.37,2500,0,0,0
4116,68.6686,free_swing,576,492,734,442,-28.535,107.560,0,-244.40,249.02,1,165.72,19.03,2500,1,0,0
4117,68.68528,free_swing,562,491,720,472,-32.425,96.857,0,-242.51,131.14,1,159.14,14.30,2500,0,0,0
4118,68.70197,free_swing,548,488,708,460,-36.397,99.926,0,-237.78,175.77,1,162.43,16.67,2500,0,0,0
4119,68.71865,free_swing,533,484,689,420,-40.539,112.306,0,-245.67,218.74,1,168.62,21.11,2500,0,0,0
4120,68.73533,free_swing,518,479,679,424,-44.608,108.861,0,-251.56,-209.07,1,170.14,22.20,2500,1,0,0
4121,68.75202,free_swing,504,471,665,445,-48.840,99.174,0,-260.87,-409.94,1,163.09,17.14,2500,1,0,0
4122,68.7687,free_swing,489,462,650,444,-53.236,96.379,0,-260.28,-366.68,1,162.00,16.36,2500,0,0,0
4123,68.78538,free_swing,476,451,642,447,-57.529,91.380,0,-234.37,-328.36,1,166.05,19.27,2500,0,0,0
4124,68.80207,free_swing,466,441,622,464,-61.044,81.613,0,-193.42,-437.47,1,157.69,13.26,2500,0,0,0
4125,68.81875,free_swing,458,433,610,463,-63.771,78.835,0,-144.30,-280.17,1,154.93,11.28,2500,0,0,0
4126,68.83543,free_swing,453,426,596,476,-65.886,70.728,0,-92.96,-179.80,0,151.49,8.81,2500,0,0,0
4127,68.85212,free_swing,450,423,588,469,-66.866,71.565,0,-31.69,-460.99,1,145.46,4.48,2500,1,0,0
4128,68.8688,free_swing,450,423,572,491,-66.866,60.866,0,34.81,-582.56,0,139.67,0.32,2500,0,0,0
4129,68.88548,free_swing,453,427,539,518,-65.659,43.382,0,106.98,-987.60,1,125.21,10.07,2500,1,0,0
4130,68.90217,free_swing,460,434,524,523,-63.322,35.720,0,189.25,-842.33,1,109.62,21.26,2500,0,0,0
4131,68.91885,free_swing,470,446,489,563,-59.431,9.224,0,270.11,-993.84,1,118.53,14.86,2500,0,0,0
4132,68.93553,free_swing,486,459,490,529,-54.340,3.270,0,337.51,-1620.73,1,70.11,49.64,2500,1,0,0
4133,68.95222,free_swing,505,472,446,563,-48.457,-32.957,0,355.82,-1620.42,1,108.45,22.10,2500,0,0,0
4134,68.9689,free_swing,526,482,440,518,-42.406,-67.286,0,332.14,-1351.43,1,93.23,33.03,2500,1,0,0
4135,68.98558,free_swing,544,487,428,525,-37.515,-71.862,0,282.94,-991.82,1,122.07,12.32,2500,1,0,0
4136,69.00227,free_swing,560,490,439,495,-33.100,-87.634,0,238.37,-724.56,1,121.10,13.01,2500,1,0,0
4137,69.01895,free_swing,573,492,464,448,-29.358,-111.982,0,219.60,-415.68,1,117.55,15.57,2500,1,0,0
4138,69.03563,free_swing,586,492,444,463,-25.699,-101.543,0,233.12,-265.79,0,144.93,4.10,2500,0,0,0
4139,69.05232,free_swing,600,491,462,455,-21.615,-104.621,0,276.35,-221.88,0,142.62,2.44,2500,0,0,0
4140,69.069,free_swing,617,488,488,400,-16.429,-124.301,0,315.38,-255.18,1,156.16,12.16,2500,0,0,0
4141,69.08568,free_swing,634,483,488,420,-10.871,-113.341,0,345.78,176.61,1,159.01,14.21,2500,1,0,0
4142,69.10237,free_swing,650,476,505,425,-5.159,-109.378,0,360.54,261.25,1,153.71,10.40,2500,0,0,0
4143,69.11905,free_swing,666,468,521,415,1.264,-110.078,0,381.56,-109.44,1,154.38,10.89,2500,1,0,0
4144,69.13573,free_swing,680,459,538,400,7.624,-112.563,0,416.27,-60.45,1,153.77,10.45,2500,0,0,0
4145,69.15242,free_swing,693,446,557,396,14.744,-110.186,0,436.58,453.07,1,144.90,4.08,2500,1,0,0
4146,69.1691,free_swing,705,434,566,404,22.380,-102.179,0,438.09,786.68,1,142.20,2.14,2500,1,0,0
4147,69.18578,free_swing,714,424,570,449,29.002,-80.151,0,378.02,679.96,0,146.15,4.98,2500,0,0,0
4148,69.20247,free_swing,720,414,590,443,34.804,-77.425,0,266.48,341.34,1,133.20,4.33,2500,1,0,0
4149,69.21915,free_swing,723,409,610,441,37.926,-74.189,0,125.40,436.10,1,117.44,15.64,2500,0,0,0
4150,69.23583,free_swing,724,408,627,448,38.752,-67.590,0,-22.36,16.70,1,104.92,24.64,2500,1,0,0
4151,69.25252,free_swing,723,411,631,477,37.216,-54.345,0,-145.82,-21.00,1,113.23,18.67,2500,0,0,0
4152,69.2692,free_swing,720,417,657,427,33.845,-80.981,0,-268.99,556.17,1,63.79,54.18,2500,1,0,0
4153,69.28588,free_swing,714,426,671,474,28.482,-41.855,0,-385.90,1672.05,1,64.44,53.71,2500,1,0,0
4154,69.30257,free_swing,704,439,689,522,20.966,-10.244,0,-500.27,2346.83,1,84.34,39.42,2500,1,0,0
4155,69.31925,free_swing,689,453,710,494,12.127,27.121,0,-573.49,1628.80,1,46.07,66.91,2500,1,0,0
4156,69.33593,free_swing,668,467,727,521,2.121,47.534,0,-567.74,1729.84,1,79.98,42.55,2500,0,0,0
4157,69.35262,free_swing,645,480,741,514,-6.934,70.498,0,-499.95,1158.29,1,101.84,26.85,2500,1,0,0
4158,69.3693,free_swing,624,487,734,463,-14.123,102.308,0,-392.87,430.29,1,112.59,19.13,2500,1,0,0
4159,69.38598,free_swing,605,490,747,503,-20.158,84.769,0,-315.25,54.28,1,142.59,2.42,2500,1,0,0
4160,69.40267,free_swing,590,491,735,495,-24.661,88.420,0,-272.05,241.23,0,145.06,4.19,2500,0,0,0
4161,69.41935,free_swing,574,491,724,445,-29.238,107.049,0,-252.14,732.20,1,156.89,12.69,2500,1,0,0
4162,69.43603,free_swing,559,490,716,427,-33.354,111.864,0,-249.77,236.24,1,169.17,21.51,2500,1,0,0
4163,69.45272,free_swing,545,486,699,423,-37.461,112.249,0,-240.40,-87.64,1,166.39,19.51,2500,1,0,0
4164,69.4694,free_swing,530,482,694,429,-41.562,107.909,0,-248.63,-4.94,1,172.35,23.80,2500,0,0,0
4165,69.48608,free_swing,515,477,680,408,-45.587,112.694,0,-257.43,90.01,1,178.85,28.46,2500,0,0,0
4166,69.50277,free_swing,500,468,654,406,-50.160,111.930,0,-259.59,-117.26,1,166.01,19.24,2500,1,0,0
4167,69.51945,free_swing,486,459,651,401,-54.340,109.367,0,-249.71,-425.36,1,174.90,25.62,2500,1,0,0
4168,69.53613,free_swing,474,449,641,430,-58.241,96.491,0,-220.49,-439.19,1,168.08,20.73,2500,0,0,0
4169,69.55282,free_swing,464,439,619,436,-61.734,91.109,0,-184.79,-715.94,1,155.03,11.35,2500,1,0,0
4170,69.5695,free_swing,457,431,614,451,-64.332,82.740,0,-134.22,-676.23,1,158.27,13.68,2500,0,0,0
4171,69.58618,free_swing,453,425,579,499,-66.114,59.574,0,-71.41,-725.67,0,146.12,4.96,2500,0,0,0
4172,69.60287,free_swing,451,423,571,490,-66.769,60.824,0,-5.54,-518.78,1,137.44,1.28,2500,1,0,0
4173,69.61955,free_swing,452,425,550,517,-66.214,46.809,0,61.54,-295.49,1,134.42,3.45,2500,1,0,0
4174,69.63623,free_swing,456,430,531,512,-64.666,42.447,0,129.07,-536.13,1,111.13,20.18,2500,1,0,0
4175,69.65292,free_swing,464,438,515,514,-61.957,33.864,0,204.41,-830.24,1,91.53,34.26,2500,1,0,0
4176,69.6696,free_swing,475,450,492,527,-57.885,12.450,0,292.14,-1604.12,1,78.85,43.36,2500,1,0,0
4177,69.68628,free_swing,491,464,473,515,-52.496,-19.440,0,351.64,-2501.61,1,54.08,61.15,2500,1,0,1
4178,69.70297,free_swing,513,476,447,512,-46.169,-61.390,0,350.79,-2115.64,1,75.18,46.00,2500,1,0,0
4179,69.71965,free_swing,532,484,461,467,-40.756,-103.465,0,299.99,-1098.16,1,73.01,47.56,2500,1,0,0
4180,69.73633,free_swing,548,488,433,483,-36.397,-92.490,0,243.70,-372.79,1,115.11,17.32,2500,1,0,0
4181,69.75302,free_swing,562,490,441,462,-32.588,-103.029,0,221.72,-99.67,1,124.20,10.79,2500,1,0,0
4182,69.7697,free_swing,575,492,462,441,-28.811,-114.291,0,241.35,-369.04,1,123.98,10.95,2500,1,0,0
4183,69.78638,free_swing,590,491,459,448,-24.661,-108.172,0,272.69,14.68,1,137.88,0.97,2500,1,0,0
4184,69.80307,free_swing,607,490,471,429,-19.516,-114.158,0,297.93,-121.01,0,149.05,7.06,2500,0,0,0
4185,69.81975,free_swing,623,486,483,428,-14.560,-112.504,0,325.53,-362.54,1,151.54,8.85,2500,1,0,0
4186,69.83643,free_swing,639,482,518,401,-9.090,-123.799,0,338.55,-0.62,1,145.61,4.59,2500,1,0,0
4187,69.85312,free_swing,656,474,531,401,-2.822,-120.285,0,365.89,200.25,1,144.75,3.97,2500,1,0,0
4188,69.8698,free_swing,670,466,529,422,2.990,-107.331,0,396.10,526.47,1,147.71,6.09,2500,1,0,0
4189,69.88648,free_swing,685,455,554,413,10.141,-107.776,0,439.06,413.48,0,137.57,1.19,2500,0,0,0
4190,69.90317,free_swing,698,442,549,430,17.650,-94.604,0,458.02,394.50,0,149.48,7.37,2500,0,0,0
4191,69.91985,free_swing,709,429,566,426,25.372,-91.202,0,426.68,627.41,1,143.03,2.74,2500,1,0,0
4192,69.93653,free_swing,717,420,583,442,31.535,-80.676,0,347.20,262.03,1,135.79,2.46,2500,1,0,0
4193,69.95322,free_swing,722,411,590,457,36.754,-70.787,0,227.04,409.34,0,139.79,0.40,2500,0,0,0
4194,69.9699,free_swing,724,407,608,432,39.123,-77.838,0,75.28,508.75,1,118.66,14.77,2500,0,0,0
4195,69.98658,free_swing,725,408,619,488,39.207,-52.958,0,-81.19,549.74,0,132.80,4.61,2500,0,0,0
4196,70.00327,free_swing,722,412,635,488,36.409,-48.861,0,-207.48,576.50,1,115.52,17.02,2500,0,0,0
4197,70.01995,free_swing,718,419,660,478,32.300,-44.510,0,-305.58,446.24,1,82.73,40.57,2500,0,0,0
4198,70.03663,free_swing,711,429,665,511,26.328,-29.291,0,-395.26,937.24,1,94.02,32.47,2500,1,0,0
4199,70.05332,free_swing,701,441,684,530,19.220,-10.814,0,-501.48,1742.12,1,90.61,34.92,2500,1,0,0
4200,70.07,free_swing,685,456,718,565,10.061,16.844,0,-575.54,1481.76,1,113.89,18.20,2500,1,0,0
4201,70.08668,free_swing,663,472,752,530,0.000,56.908,0,-576.99,1473.70,1,106.23,23.70,2500,0,0,0
4202,70.10337,free_swing,639,483,752,582,-9.031,48.778,0,-485.34,847.14,1,150.23,7.91,2500,1,0,0
4203,70.12005,free_swing,618,488,748,491,-16.091,88.678,0,-372.22,485.32,1,130.03,6.60,2500,1,0,0
4204,70.13673,free_swing,601,491,749,527,-21.303,76.329,0,-294.88,693.40,1,152.32,9.40,2500,1,0,0
4205,70.15342,free_swing,585,492,738,486,-25.989,92.246,0,-263.50,358.73,1,153.12,9.98,2500,1,0,0
4206,70.1701,free_swing,570,491,730,450,-30.324,104.373,0,-256.47,460.84,1,165.17,18.64,2500,0,0,0
4207,70.18678,free_swing,554,490,721,451,-34.601,103.145,0,-255.74,-133.85,1,171.49,23.18,2500,1,0,0
4208,70.20347,free_swing,539,486,698,463,-38.841,98.231,0,-256.53,-246.66,1,160.65,15.39,2500,0,0,0
4209,70.22015,free_swing,524,480,684,463,-43.204,96.065,0,-252.94,-45.32,1,160.90,15.57,2500,1,0,0
4210,70.23683,free_swing,509,474,672,453,-47.322,97.341,0,-250.36,137.67,1,164.35,18.05,2500,0,0,0
4211,70.25352,free_swing,495,466,660,439,-51.423,99.293,0,-245.73,-70.28,1,167.19,20.09,2500,1,0,0
4212,70.2702,free_swing,482,456,647,430,-55.586,98.955,0,-246.15,-192.01,1,167.04,19.98,2500,0,0,0
4213,70.28688,free_swing,470,446,634,453,-59.431,87.556,0,-223.51,-336.27,1,164.15,17.90,2500,0,0,0
4214,70.30357,free_swing,460,435,625,435,-63.097,90.000,0,-177.62,-331.34,1,165.00,18.52,2500,0,0,0
4215,70.32025,free_swing,454,428,599,455,-65.329,79.452,0,-115.48,-119.85,1,147.49,5.94,2500,1,0,0
4216,70.33693,free_swing,451,423,596,455,-66.769,77.555,0,-53.60,-325.43,1,148.49,6.66,2500,1,0,0
4217,70.35362,free_swing,450,422,587,456,-67.094,76.062,0,10.74,-748.52,1,141.16,1.39,2500,1,0,0
4218,70.3703,free_swing,451,424,553,498,-66.541,54.039,0,79.22,-1091.87,1,126.02,9.49,2500,1,0,0
4219,70.38698,free_swing,457,431,522,538,-64.332,31.278,0,147.26,-939.91,1,125.20,10.08,2500,0,0,0
4220,70.40367,free_swing,464,440,506,533,-61.511,24.305,0,227.22,-952.19,1,102.04,26.70,2500,0,0,0
4221,70.42035,free_swing,477,452,488,532,-57.171,7.829,0,301.90,-1479.48,1,80.75,42.00,2500,1,0,0
4222,70.43703,free_swing,495,466,455,538,-51.423,-29.055,0,347.92,-1798.22,1,82.37,40.84,2500,1,0,0
4223,70.45372,free_swing,515,477,446,522,-45.587,-56.889,0,329.93,-1533.31,1,82.38,40.83,2500,1,0,0
4224,70.4704,free_swing,533,484,438,514,-40.539,-72.474,0,280.83,-896.15,1,99.62,28.44,2500,1,0,0
4225,70.48708,free_swing,548,488,435,487,-36.397,-90.507,0,233.34,-834.65,1,113.00,18.83,2500,0,0,0
4226,70.50377,free_swing,562,490,434,475,-32.588,-96.684,0,212.67,-690.16,0,128.88,7.43,2500,0,0,0
4227,70.52045,free_swing,574,491,461,437,-29.238,-115.542,0,220.69,-286.94,1,125.24,10.04,2500,1,0,0
4228,70.53713,free_swing,588,491,462,440,-25.253,-112.036,0,244.32,-215.65,0,135.93,2.37,2500,0,0,0
4229,70.55382,free_swing,603,490,466,436,-20.794,-111.512,0,289.44,-67.15,0,147.26,5.77,2500,0,0,0
4230,70.5705,free_swing,619,487,501,413,-15.848,-122.093,0,325.94,-70.69,0,139.28,0.04,2500,0,0,0
4231,70.58718,free_swing,637,482,500,415,-9.834,-116.061,0,350.74,51.18,0,152.51,9.54,2500,0,0,0
4232,70.60387,free_swing,653,475,519,421,-4.000,-111.949,0,363.93,277.53,1,144.47,3.77,2500,1,0,0
4233,70.62055,free_swing,668,468,534,409,2.106,-113.764,0,379.05,266.51,0,146.41,5.17,2500,0,0,0
4234,70.63723,free_swing,682,456,540,426,8.711,-101.929,0,426.11,412.72,0,145.13,4.25,2500,0,0,0
4235,70.65392,free_swing,695,444,558,427,15.945,-97.074,0,449.13,512.41,0,138.05,0.84,2500,0,0,0
4236,70.6706,free_swing,707,432,567,435,23.749,-88.772,0,414.09,423.21,0,140.03,0.58,2500,0,0,0
4237,70.68728,free_swing,715,423,580,446,29.745,-80.331,0,326.29,513.21,0,136.95,1.64,2500,0,0,0
4238,70.70397,free_swing,719,415,602,450,34.007,-73.346,0,194.96,402.87,1,122.12,12.28,2500,0,0,0
4239,70.72065,free_swing,722,412,622,462,36.409,-63.435,0,51.04,679.96,1,111.80,19.69,2500,1,0,0
4240,70.73733,free_swing,722,414,627,476,35.735,-56.870,0,-105.78,755.18,1,113.44,18.52,2500,0,0,0
4241,70.75402,free_swing,719,419,643,539,32.768,-32.347,0,-241.74,619.17,0,142.04,2.03,2500,0,0,0
4242,70.7707,free_swing,713,427,669,506,27.759,-29.116,0,-345.93,1519.13,1,90.43,35.05,2500,1,0,0
4243,70.78738,free_swing,704,437,691,530,21.329,-7.958,0,-443.87,1598.81,1,93.90,32.55,2500,0,0,0
4244,70.80407,free_swing,691,451,731,484,13.241,50.477,0,-536.25,1499.45,1,51.86,62.75,2500,0,0,0
4245,70.82075,free_swing,672,466,735,548,3.842,37.535,0,-568.76,797.25,1,103.41,25.73,2500,1,0,0
4246,70.83743,free_swing,648,479,748,536,-5.826,60.317,0,-511.09,648.54,1,115.10,17.32,2500,0,0,0
4247,70.85412,free_swing,627,486,755,524,-13.158,73.465,0,-401.32,1044.14,1,133.52,4.10,2500,1,0,0
4248,70.8708,free_swing,609,490,748,484,-18.869,92.472,0,-312.02,533.03,1,139.13,0.07,2500,1,0,0
4249,70.88748,free_swing,593,492,746,490,-23.629,90.749,0,-271.74,202.38,1,153.01,9.91,2500,1,0,0
4250,70.90417,free_swing,578,491,731,470,-28.129,97.815,0,-248.19,50.23,1,154.43,10.93,2500,0,0,0
4251,70.92085,free_swing,564,490,721,475,-32.071,95.458,0,-234.45,231.77,1,157.71,13.28,2500,0,0,0
4252,70.93753,free_swing,550,488,714,451,-35.918,102.714,0,-234.63,286.06,1,168.12,20.76,2500,0,0,0
4253,70.95422,free_swing,535,485,697,434,-39.916,107.475,0,-248.07,331.00,1,169.84,21.99,2500,0,0,0
4254,70.9709,free_swing,520,479,683,413,-44.210,112.043,0,-252.60,112.49,1,175.86,26.31,2500,1,0,0
4255,70.98758,free_swing,505,472,676,406,-48.457,111.105,0,-255.79,-178.23,1,183.29,31.66,2500,1,0,0
4256,71.00427,free_swing,491,464,663,412,-52.496,106.821,0,-248.29,-531.33,1,179.69,29.07,2500,1,0,0
4257,71.02095,free_swing,478,453,648,435,-56.813,96.044,0,-237.25,-300.45,1,170.95,22.79,2500,1,0,0
4258,71.03763,free_swing,468,443,626,448,-60.350,88.187,0,-212.07,-247.86,1,158.08,13.54,2500,0,0,0
4259,71.05432,free_swing,459,433,631,413,-63.660,96.633,0,-158.68,-453.60,1,173.16,24.38,2500,1,0,0
4260,71.071,free_swing,453,426,596,461,-65.886,76.247,0,-101.19,-425.97,0,147.22,5.74,2500,0,0,0
4261,71.08768,free_swing,451,423,587,481,-66.769,66.903,0,-37.72,-548.52,0,147.85,6.20,2500,0,0,0
4262,71.10437,free_swing,450,422,583,462,-67.094,73.261,0,22.34,-87.94,1,138.88,0.24,2500,1,0,0
4263,71.12105,free_swing,452,425,551,498,-66.214,53.596,0,83.12,-751.94,1,123.00,11.65,2500,1,0,0
4264,71.13773,free_swing,457,432,548,498,-64.106,54.048,0,155.80,-1304.28,1,112.41,19.26,2500,1,0,0
4265,71.15442,free_swing,466,441,492,578,-61.044,10.746,0,236.24,-1419.87,0,139.45,0.16,2500,0,0,0
4266,71.1711,free_swing,479,454,475,584,-56.454,-1.762,0,319.32,-1437.47,0,130.06,6.58,2500,0,0,0
4267,71.18778,free_swing,498,468,453,563,-50.503,-25.346,0,365.84,-1016.34,1,105.12,24.50,2500,1,0,0
4268,71.20447,free_swing,520,479,423,583,-44.210,-43.005,0,357.75,-1323.31,1,142.21,2.15,2500,1,0,0
4269,71.22115,free_swing,539,486,420,548,-38.841,-62.480,0,300.37,-811.92,1,134.18,3.62,2500,1,0,0
4270,71.23783,free_swing,556,490,433,504,-34.106,-83.506,0,248.75,-1170.76,1,123.79,11.08,2500,1,0,0
4271,71.25452,free_swing,569,491,425,508,-30.591,-83.267,0,223.72,-1225.51,0,145.00,4.15,2500,0,0,0
4272,71.2712,free_swing,583,492,487,412,-26.565,-129.806,0,235.67,-645.20,1,124.96,10.24,2500,1,0,0
4273,71.28788,free_swing,597,491,488,426,-22.543,-120.809,0,276.24,-14.60,1,126.91,8.84,2500,1,0,0
4274,71.30457,free_swing,614,488,474,441,-17.438,-108.558,0,319.01,365.63,1,147.68,6.07,2500,1,0,0
4275,71.32125,free_swing,631,484,497,423,-11.889,-114.476,0,338.37,-54.82,1,147.23,5.75,2500,1,0,0
4276,71.33793,free_swing,648,478,522,406,-5.866,-119.745,0,349.56,74.17,0,145.12,4.24,2500,0,0,0
4277,71.35462,free_swing,662,470,517,429,-0.415,-105.789,0,385.54,436.78,1,150.69,8.23,2500,1,0,0
4278,71.3713,free_swing,678,460,536,427,6.684,-103.083,0,434.17,470.33,0,145.78,4.71,2500,0,0,0
4279,71.38798,free_swing,693,449,545,435,14.381,-95.404,0,468.95,236.46,1,148.66,6.78,2500,1,0,0
4280,71.40467,free_swing,705,436,558,436,21.991,-90.000,0,444.12,407.57,0,147.00,5.59,2500,0,0,0
4281,71.42135,free_swing,714,424,572,433,29.002,-86.373,0,375.44,550.29,0,142.28,2.20,2500,0,0,0
4282,71.43803,free_swing,720,415,590,459,34.479,-71.301,0,277.84,534.99,0,137.24,1.42,2500,0,0,0
4283,71.45472,free_swing,723,409,601,471,37.926,-63.060,0,150.45,521.71,0,136.85,1.70,2500,0,0,0
4284,71.4714,free_swing,725,407,614,470,39.579,-60.422,0,12.64,457.47,0,127.63,8.33,2500,0,0,0
4285,71.48808,free_swing,724,409,643,487,38.387,-46.081,0,-125.37,546.67,1,112.45,19.23,2500,0,0,0
4286,71.50477,free_swing,721,414,646,509,35.272,-38.290,0,-246.60,628.48,1,121.04,13.06,2500,0,0,0
4287,71.52145,free_swing,716,423,665,517,30.217,-28.482,0,-353.98,726.57,1,106.94,23.19,2500,0,0,0
4288,71.53813,free_swing,708,435,690,519,23.600,-12.095,0,-471.50,1250.72,1,85.91,38.30,2500,1,0,0
4289,71.55482,free_swing,694,449,708,525,14.840,10.437,0,-573.38,1575.82,1,77.28,44.49,2500,1,0,0
4290,71.5715,free_swing,674,465,736,534,4.728,41.941,0,-593.81,1535.68,1,92.76,33.37,2500,0,0,0
4291,71.58818,free_swing,650,478,753,533,-5.088,61.899,0,-524.61,1245.74,1,116.76,16.13,2500,1,0,0
4292,71.60487,free_swing,629,486,755,512,-12.450,78.341,0,-413.06,633.68,1,128.65,7.59,2500,1,0,0
4293,71.62155,free_swing,610,489,753,491,-18.654,89.199,0,-320.74,285.90,1,143.01,2.72,2500,1,0,0
4294,71.63823,free_swing,594,491,741,502,-23.459,85.721,0,-278.63,289.67,0,147.41,5.88,2500,0,0,0
4295,71.65492,free_swing,579,491,726,479,-27.848,94.667,0,-259.87,471.01,0,147.49,5.94,2500,0,0,0
4296,71.6716,free_swing,563,490,721,443,-32.330,106.566,0,-262.03,286.08,1,164.84,18.40,2500,0,0,0
4297,71.68828,free_swing,547,488,708,439,-36.634,106.928,0,-256.48,-83.37,1,168.29,20.88,2500,1,0,0
4298,71.70497,free_swing,532,483,696,462,-40.943,97.297,0,-252.71,-156.96,1,165.34,18.76,2500,0,0,0
4299,71.72165,free_swing,517,478,680,443,-45.000,102.119,0,-253.42,-93.23,1,166.72,19.75,2500,0,0,0
4300,71.73833,free_swing,502,470,668,441,-49.399,99.909,0,-259.73,-191.20,1,168.51,21.04,2500,0,0,0
4301,71.75502,free_swing,488,461,656,456,-53.604,91.705,0,-255.50,-482.73,1,168.07,20.72,2500,1,0,0
4302,71.7717,free_swing,475,450,632,464,-57.885,84.904,0,-229.96,-325.09,1,157.62,13.22,2500,0,0,0
4303,71.78838,free_swing,464,441,618,473,-61.289,78.261,0,-193.82,-470.30,1,157.29,12.98,2500,0,0,0
4304,71.80507,free_swing,457,432,608,466,-64.106,77.311,0,-142.02,-306.13,1,154.78,11.17,2500,0,0,0
4305,71.82175,free_swing,453,425,581,499,-66.114,59.967,0,-83.38,-85.27,1,147.85,6.20,2500,1,0,0
4306,71.83843,free_swing,450,423,575,461,-66.866,73.091,0,-17.82,-110.43,0,130.65,6.16,2500,0,0,0
4307,71.85512,free_swing,451,424,561,473,-66.541,65.989,0,52.01,-209.83,1,120.42,13.51,2500,0,0,0
4308,71.8718,free_swing,455,428,539,492,-65.225,52.696,0,121.54,-1051.34,1,105.60,24.15,2500,1,0,0
4309,71.88848,free_swing,462,437,523,509,-62.418,40.272,0,206.02,-1288.63,1,94.37,32.22,2500,1,0,0
4310,71.90517,free_swing,474,448,480,542,-58.460,3.652,0,295.72,-1895.29,1,94.19,32.34,2500,1,0,0
4311,71.92185,free_swing,490,463,464,541,-52.866,-18.435,0,345.27,-2384.12,1,82.22,40.94,2500,1,0,0
4312,71.93853,free_swing,511,475,466,494,-46.747,-67.109,0,346.34,-1670.94,1,48.85,64.91,2500,1,0,0
4313,71.95522,free_swing,529,483,454,481,-41.586,-91.528,0,300.45,-725.41,1,75.03,46.11,2500,1,0,0
4314,71.9719,free_swing,546,488,408,513,-36.870,-79.732,0,246.24,-16.10,1,140.25,0.74,2500,1,0,0
4315,71.98858,free_swing,560,490,421,497,-33.100,-87.117,0,218.62,-234.74,1,139.18,0.03,2500,1,0,0
4316,72.00527,free_swing,572,492,433,467,-29.629,-100.196,0,232.41,-716.13,1,141.23,1.44,2500,1,0,0
4317,72.02195,free_swing,587,492,440,454,-25.408,-104.494,0,277.04,-440.05,1,151.83,9.06,2500,1,0,0
4318,72.03863,free_swing,605,490,472,426,-20.158,-115.697,0,316.22,-45.83,1,147.60,6.02,2500,1,0,0
4319,72.05532,free_swing,622,487,474,433,-14.816,-110.045,0,334.76,65.57,1,157.54,13.16,2500,0,0,0
4320,72.072,free_swing,639,481,489,437,-9.150,-106.348,0,342.42,70.61,1,156.32,12.28,2500,0,0,0
4321,72.08868,free_swing,655,474,517,419,-3.225,-111.730,0,367.93,-64.61,0,148.56,6.70,2500,0,0,0
4322,72.10537,free_swing,670,466,528,414,2.990,-110.113,0,404.81,81.89,0,151.22,8.62,2500,0,0,0
4323,72.12205,free_swing,685,454,540,414,10.222,-105.422,0,440.10,441.97,1,150.42,8.04,2500,1,0,0
4324,72.13873,free_swing,698,441,556,418,17.802,-99.200,0,464.24,425.90,0,143.85,3.32,2500,0,0,0
4325,72.15542,free_swing,709,429,561,436,25.372,-87.292,0,464.73,348.99,0,148.17,6.42,2500,0,0,0
4326,72.1721,free_swing,718,417,575,423,32.905,-87.597,0,407.36,489.99,0,143.13,2.80,2500,0,0,0
4327,72.18878,free_swing,724,407,601,436,39.123,-76.734,0,275.54,763.36,1,126.37,9.23,2500,1,0,0
4328,72.20547,free_swing,727,403,603,478,42.032,-58.833,0,115.72,704.87,0,144.92,4.09,2500,0,0,0
4329,72.22215,free_swing,727,402,616,501,42.436,-48.270,0,-34.90,509.72,0,148.73,6.83,2500,0,0,0
4330,72.23883,free_swing,726,404,633,481,41.186,-50.377,0,-160.27,323.60,1,120.74,13.28,2500,0,0,0
4331,72.25552,free_swing,723,411,648,524,37.216,-33.573,0,-287.52,423.28,0,135.62,2.58,2500,0,0,0
4332,72.2722,free_swing,717,420,663,509,31.535,-31.247,0,-397.90,786.59,1,104.10,25.23,2500,1,0,0
4333,72.28888,free_swing,708,433,693,486,24.015,-15.803,0,-492.60,994.20,1,55.08,60.44,2500,1,0,0
4334,72.30557,free_swing,695,448,706,513,15.422,9.605,0,-576.90,1552.06,1,65.92,52.65,2500,1,0,0
4335,72.32225,free_swing,675,464,729,554,5.194,30.964,0,-598.03,1752.83,1,104.96,24.61,2500,1,0,0
4336,72.33893,free_swing,651,478,747,525,-4.699,63.914,0,-537.48,1219.62,1,106.89,23.23,2500,1,0,0
4337,72.35562,free_swing,629,485,751,500,-12.529,82.991,0,-419.82,800.81,1,122.92,11.71,2500,1,0,0
4338,72.3723,free_swing,610,490,750,520,-18.544,77.905,0,-326.54,256.86,1,143.18,2.84,2500,1,0,0
4339,72.38898,free_swing,594,491,738,475,-23.459,96.340,0,-283.61,310.26,0,144.89,4.07,2500,0,0,0
4340,72.40567,free_swing,578,491,733,484,-28.129,92.586,0,-267.11,519.53,1,155.16,11.45,2500,1,0,0
4341,72.42235,free_swing,562,490,710,452,-32.588,104.400,0,-263.58,124.39,1,152.80,9.75,2500,1,0,0
4342,72.43903,free_swing,546,488,710,433,-36.870,108.540,0,-262.90,39.36,1,172.98,24.24,2500,0,0,0
4343,72.45572,free_swing,530,483,695,459,-41.373,98.276,0,-265.92,-102.74,1,166.74,19.76,2500,0,0,0
4344,72.4724,free_swing,515,476,683,440,-45.785,102.095,0,-263.59,-253.81,1,171.81,23.41,2500,0,0,0
4345,72.48908,free_swing,500,468,670,433,-50.160,101.634,0,-260.01,-117.25,1,173.57,24.67,2500,0,0,0
4346,72.50577,free_swing,486,459,647,468,-54.340,86.800,0,-254.29,-249.92,1,161.25,15.82,2500,0,0,0
4347,72.52245,free_swing,473,448,638,432,-58.595,95.539,0,-236.25,-411.43,1,165.77,19.07,2500,0,0,0
4348,72.53913,free_swing,462,438,617,459,-62.194,82.284,0,-192.50,-361.13,1,156.42,12.35,2500,0,0,0
4349,72.55582,free_swing,455,429,595,481,-64.998,69.624,0,-136.76,-561.72,1,149.35,7.27,2500,1,0,0
4350,72.5725,free_swing,451,424,587,470,-66.541,71.313,0,-67.98,-521.44,0,143.57,3.12,2500,0,0,0
4351,72.58918,free_swing,449,421,561,499,-67.418,55.146,0,-2.45,-755.33,1,136.48,1.97,2500,1,0,0
4352,72.60587,free_swing,451,424,538,520,-66.541,42.184,0,59.47,-357.92,1,129.56,6.94,2500,1,0,0
4353,72.62255,free_swing,455,428,524,527,-65.225,34.875,0,133.41,-297.47,1,120.67,13.32,2500,0,0,0
4354,72.63923,free_swing,462,437,517,494,-62.418,43.977,0,211.27,-1058.78,1,79.21,43.11,2500,1,0,0
4355,72.65592,free_swing,474,450,476,537,-58.022,1.317,0,307.13,-1857.32,1,87.02,37.49,2500,1,0,0
4356,72.6726,free_swing,492,463,439,551,-52.545,-31.059,0,354.01,-1962.23,1,102.73,26.21,2500,0,0,0
4357,72.68928,free_swing,513,476,426,539,-46.169,-54.090,0,342.15,-1157.75,1,107.42,22.85,2500,1,0,0
4358,72.70597,free_swing,531,483,416,521,-41.159,-71.715,0,287.83,-1231.50,1,121.12,13.01,2500,0,0,0
4359,72.72265,free_swing,546,488,421,491,-36.870,-88.625,0,221.72,-1041.94,1,125.04,10.19,2500,0,0,0
4360,72.73933,free_swing,559,490,452,438,-33.354,-115.919,0,209.77,-853.90,1,118.97,14.55,2500,0,0,0
4361,72.75602,free_swing,571,491,443,437,-30.054,-112.874,0,244.06,-470.37,1,138.92,0.21,2500,1,0,0
4362,72.7727,free_swing,588,491,467,398,-25.253,-127.546,0,295.46,-92.39,1,152.61,9.62,2500,1,0,0
4363,72.78938,free_swing,606,490,477,400,-19.837,-124.902,0,323.06,-21.47,1,157.29,12.98,2500,0,0,0
4364,72.80607,free_swing,623,486,492,401,-14.560,-122.978,0,323.27,-61.47,1,156.16,12.17,2500,0,0,0
4365,72.82275,free_swing,639,481,505,390,-9.150,-124.181,0,338.96,-201.54,1,161.98,16.34,2500,0,0,0
4366,72.83943,free_swing,655,474,545,367,-3.225,-134.208,0,377.08,319.67,1,153.46,10.22,2500,1,0,0
4367,72.85612,free_swing,671,465,535,388,3.442,-119.518,0,414.92,517.57,1,156.28,12.26,2500,0,0,0
4368,72.8728,free_swing,686,453,534,420,10.763,-102.249,0,463.59,484.38,1,155.54,11.72,2500,0,0,0
4369,72.88948,free_swing,699,440,563,389,18.435,-110.556,0,487.91,460.82,0,145.25,4.33,2500,0,0,0
4370,72.90617,free_swing,711,426,571,411,27.051,-96.116,0,472.21,573.59,0,140.80,1.13,2500,0,0,0
4371,72.92285,free_swing,719,415,575,448,34.007,-77.093,0,383.22,787.27,1,147.73,6.11,2500,1,0,0
4372,72.93953,free_swing,725,407,592,438,39.579,-76.880,0,240.95,459.00,1,136.57,1.91,2500,1,0,0
4373,72.95622,free_swing,727,403,608,462,42.032,-63.628,0,94.27,413.25,0,132.82,4.60,2500,0,0,0
4374,72.9729,free_swing,727,402,622,465,42.436,-59.036,0,-57.09,440.60,1,122.45,12.05,2500,0,0,0
4375,72.98958,free_swing,726,406,649,471,40.409,-49.830,0,-189.91,419.39,1,100.77,27.62,2500,0,0,0
4376,73.00627,free_swing,722,413,654,481,36.069,-45.000,0,-311.66,659.95,1,96.17,30.93,2500,1,0,0
4377,73.02295,free_swing,716,424,668,515,29.946,-27.810,0,-425.12,1006.64,1,102.88,26.10,2500,1,0,0
4378,73.03963,free_swing,706,437,695,494,22.270,-10.923,0,-524.77,1266.42,1,58.05,58.30,2500,1,0,0
4379,73.05632,free_swing,690,453,716,551,12.579,14.859,0,-601.08,1532.59,1,101.39,27.17,2500,1,0,0
4380,73.073,free_swing,669,468,736,562,2.526,35.480,0,-595.56,1414.29,1,115.43,17.09,2500,0,0,0
4381,73.08968,free_swing,644,481,753,530,-7.267,65.794,0,-513.41,991.40,1,119.51,14.16,2500,1,0,0
4382,73.10637,free_swing,623,487,760,538,-14.470,69.582,0,-401.95,694.65,1,146.18,5.00,2500,1,0,0
4383,73.12305,free_swing,604,490,750,512,-20.477,81.431,0,-312.02,488.21,1,147.65,6.05,2500,1,0,0
4384,73.13973,free_swing,588,492,737,486,-25.115,92.306,0,-275.12,429.86,0,149.12,7.11,2500,0,0,0
4385,73.15642,free_swing,572,492,723,475,-29.629,96.423,0,-261.22,169.43,1,151.95,9.14,2500,1,0,0
4386,73.1731,free_swing,557,489,716,474,-34.026,95.389,0,-260.96,249.51,1,159.71,14.71,2500,0,0,0
4387,73.18978,free_swing,541,486,704,452,-38.387,101.782,0,-256.41,67.73,1,166.51,19.60,2500,0,0,0
4388,73.20647,free_swing,526,481,696,428,-42.597,107.316,0,-260.26,-6.76,1,178.07,27.90,2500,0,0,0
4389,73.22315,free_swing,511,474,670,464,-46.948,93.599,0,-263.09,-58.08,1,159.31,14.43,2500,0,0,0
4390,73.23983,free_swing,496,465,667,428,-51.466,102.209,0,-260.22,-263.00,1,174.96,25.67,2500,1,0,0
4391,73.25652,free_swing,482,456,647,436,-55.586,96.911,0,-247.76,-489.82,1,166.21,19.38,2500,1,0,0
4392,73.2732,free_swing,471,445,624,477,-59.521,78.187,0,-219.30,-641.25,1,156.31,12.27,2500,0,0,0
4393,73.28988,free_swing,461,435,603,481,-62.983,72.051,0,-176.60,-425.14,1,149.26,7.21,2500,1,0,0
4394,73.30657,free_swing,454,428,589,472,-65.329,71.948,0,-116.13,-313.97,0,141.99,1.99,2500,0,0,0
4395,73.32325,free_swing,451,423,573,498,-66.769,58.419,0,-52.56,-668.86,1,143.21,2.86,2500,1,0,0
4396,73.33993,free_swing,450,422,554,510,-67.094,49.764,0,6.74,-657.03,0,136.24,2.15,2500,0,0,0
4397,73.35662,free_swing,452,424,528,535,-66.442,34.399,0,74.67,-492.88,0,134.53,3.37,2500,0,0,0
4398,73.3733,free_swing,456,430,516,523,-64.666,32.829,0,150.22,-736.18,1,110.68,20.50,2500,1,0,0
4399,73.38998,free_swing,465,440,495,551,-61.390,15.124,0,241.38,-1118.75,1,114.98,17.41,2500,1,0,0
4400,73.40667,free_swing,478,453,454,584,-56.813,-10.382,0,322.30,-1588.27,1,133.18,4.34,2500,1,0,0
4401,73.42335,free_swing,496,468,429,564,-50.842,-34.912,0,348.37,-1639.30,1,117.07,15.91,2500,0,0,0
4402,73.44003,free_swing,517,478,436,522,-45.000,-61.489,0,325.28,-1207.31,1,92.18,33.79,2500,1,0,0
4403,73.45672,free_swing,534,484,436,499,-40.321,-81.298,0,274.99,-742.36,1,99.14,28.79,2500,1,0,0
4404,73.4734,free_swing,550,488,416,506,-35.918,-82.349,0,231.64,-562.55,0,135.20,2.89,2500,0,0,0
4405,73.49008,free_swing,563,491,432,478,-32.167,-95.667,0,231.61,-559.36,0,131.64,5.44,2500,0,0,0
4406,73.50677,free_swing,576,492,445,448,-28.535,-108.566,0,253.37,-439.81,0,138.19,0.74,2500,0,0,0
4407,73.52345,free_swing,594,491,455,444,-23.459,-108.682,0,301.18,-13.09,1,146.73,5.39,2500,1,0,0
4408,73.54013,free_swing,611,488,465,443,-18.435,-107.130,0,329.58,86.87,0,152.78,9.74,2500,0,0,0
4409,73.55682,free_swing,629,485,479,439,-12.529,-107.049,0,338.72,-141.82,1,156.89,12.69,2500,1,0,0
4410,73.5735,free_swing,645,478,497,422,-7.028,-110.726,0,353.87,-151.64,1,158.24,13.66,2500,0,0,0
4411,73.59018,free_swing,661,471,523,408,-0.824,-114.538,0,384.03,24.40,0,151.70,8.96,2500,0,0,0
4412,73.60687,free_swing,676,461,529,411,5.755,-108.785,0,425.68,242.32,1,155.27,11.53,2500,1,0,0
4413,73.62355,free_swing,691,449,544,411,13.459,-104.494,0,465.64,293.98,0,151.83,9.06,2500,0,0,0
4414,73.64023,free_swing,703,436,556,413,21.038,-98.893,0,485.86,626.96,1,148.79,6.87,2500,1,0,0
4415,73.65692,free_swing,714,423,576,421,29.268,-90.830,0,438.40,651.46,0,138.01,0.87,2500,0,0,0
4416,73.6736,free_swing,721,412,578,468,35.942,-68.614,0,334.23,406.26,1,153.57,10.31,2500,1,0,0
4417,73.69028,free_swing,725,406,605,436,39.958,-75.964,0,186.99,661.16,1,123.69,11.15,2500,1,0,0
4418,73.70697,free_swing,726,402,620,448,41.987,-66.541,0,41.61,-34.82,1,115.55,17.00,2500,1,0,0
4419,73.72365,free_swing,726,403,632,499,41.583,-44.397,0,-98.01,262.43,1,134.36,3.49,2500,1,0,0
4420,73.74033,free_swing,724,408,661,421,38.752,-78.341,0,-212.47,621.81,1,64.33,53.80,2500,1,0,0
4421,73.75702,free_swing,720,416,681,482,34.160,-30.579,0,-320.54,1178.13,1,76.66,44.94,2500,1,0,0
4422,73.7737,free_swing,714,426,687,557,28.482,-11.646,0,-436.19,1996.56,1,133.75,3.93,2500,1,0,0
4423,73.79038,free_swing,702,440,709,485,19.855,8.842,0,-557.84,1441.83,1,45.54,67.29,2500,1,0,0
4424,73.80707,free_swing,685,457,729,499,9.982,46.332,0,-613.11,1352.70,1,60.83,56.31,2500,0,0,0
4425,73.82375,free_swing,662,472,746,525,-0.409,57.750,0,-562.22,965.01,1,99.32,28.66,2500,1,0,0
4426,73.84043,free_swing,640,482,759,530,-8.717,68.033,0,-459.92,475.90,1,128.32,7.83,2500,1,0,0
4427,73.85712,free_swing,620,488,758,506,-15.410,82.569,0,-358.60,707.84,1,139.17,0.04,2500,1,0,0
4428,73.8738,free_swing,603,490,750,501,-20.794,85.721,0,-301.14,520.30,0,147.41,5.88,2500,0,0,0
4429,73.89048,free_swing,587,491,735,456,-25.547,103.305,0,-268.11,239.15,1,152.08,9.24,2500,1,0,0
4430,73.90717,free_swing,571,492,730,474,-29.899,96.459,0,-255.89,149.83,1,160.02,14.93,2500,0,0,0
4431,73.92385,free_swing,556,490,716,463,-34.106,99.578,0,-254.01,-116.18,1,162.26,16.55,2500,1,0,0
4432,73.94053,free_swing,540,487,694,453,-38.434,102.450,0,-260.35,-25.75,1,157.71,13.28,2500,0,0,0
4433,73.95722,free_swing,525,481,683,467,-42.805,95.064,0,-267.54,56.21,1,158.62,13.93,2500,0,0,0
4434,73.9739,free_swing,509,474,674,449,-47.322,98.616,0,-270.05,-70.64,1,166.88,19.87,2500,0,0,0
4435,73.99058,free_swing,494,465,660,427,-51.798,102.894,0,-266.05,-297.19,1,170.29,22.32,2500,1,0,0
4436,74.00727,free_swing,480,455,640,467,-56.094,85.711,0,-247.29,-395.65,1,160.45,15.25,2500,0,0,0
4437,74.02395,free_swing,469,444,626,464,-60.001,82.740,0,-210.06,-42.21,1,158.27,13.68,2500,1,0,0
4438,74.04063,free_swing,460,435,608,441,-63.097,87.678,0,-160.25,-187.75,0,148.12,6.39,2500,0,0,0
4439,74.05732,free_swing,455,428,603,443,-65.225,84.213,0,-105.88,-787.13,1,148.76,6.85,2500,1,0,0
4440,74.074,free_swing,451,424,568,506,-66.541,54.975,0,-43.12,-871.09,0,142.87,2.62,2500,0,0,0
4441,74.09068,free_swing,451,423,557,515,-66.769,49.044,0,24.74,-514.76,1,140.36,0.81,2500,1,0,0
4442,74.10737,free_swing,454,427,546,512,-65.556,47.265,0,104.72,-389.08,1,125.26,10.03,2500,0,0,0
4443,74.12405,free_swing,460,434,516,519,-63.322,33.378,0,184.59,-1040.59,1,101.79,26.89,2500,1,0,0
4444,74.14073,free_swing,470,446,490,550,-59.431,10.886,0,271.84,-1434.17,1,105.91,23.93,2500,1,0,0
4445,74.15742,free_swing,485,459,455,557,-54.493,-17.021,0,336.61,-1839.27,1,102.49,26.38,2500,1,0,0
4446,74.1741,free_swing,506,472,440,542,-48.276,-43.315,0,351.22,-2142.57,1,96.21,30.90,2500,1,0,0
4447,74.19078,free_swing,525,481,459,486,-42.805,-85.668,0,313.42,-1440.61,1,66.19,52.46,2500,1,0,0
4448,74.20747,free_swing,542,487,459,462,-37.977,-106.763,0,250.39,-925.43,1,86.68,37.74,2500,1,0,0
4449,74.22415,free_swing,556,489,425,474,-34.276,-96.532,0,227.77,-253.63,1,131.86,5.29,2500,1,0,0
4450,74.24083,free_swing,569,491,470,426,-30.591,-123.288,0,240.32,-185.15,1,118.43,14.93,2500,0,0,0
4451,74.25752,free_swing,585,492,454,438,-25.989,-112.402,0,282.39,-377.34,0,141.69,1.77,2500,0,0,0
4452,74.2742,free_swing,602,490,473,416,-21.110,-119.840,0,320.01,-367.32,0,148.72,6.82,2500,0,0,0
4453,74.29088,free_swing,620,487,511,389,-15.505,-131.958,0,329.89,-164.77,1,146.58,5.28,2500,1,0,0
4454,74.30757,free_swing,637,483,522,374,-9.770,-133.466,0,340.37,396.33,1,158.45,13.81,2500,1,0,0
4455,74.32425,free_swing,652,476,506,426,-4.368,-108.905,0,357.24,352.78,1,154.32,10.85,2500,0,0,0
4456,74.34093,free_swing,668,467,535,399,2.121,-117.080,0,400.36,147.87,1,149.38,7.29,2500,1,0,0
4457,74.35762,free_swing,683,457,551,384,9.090,-118.944,0,444.75,111.73,0,150.84,8.34,2500,0,0,0
4458,74.3743,free_swing,697,444,553,407,16.887,-104.410,0,473.09,555.51,1,148.68,6.79,2500,1,0,0
4459,74.39098,free_swing,708,430,569,410,24.664,-98.188,0,477.87,694.51,0,140.43,0.87,2500,0,0,0
4460,74.40767,free_swing,718,418,578,421,32.600,-88.772,0,439.08,560.39,0,140.03,0.58,2500,0,0,0
4461,74.42435,free_swing,724,407,587,446,39.123,-74.110,0,334.76,463.29,0,142.44,2.31,2500,0,0,0
4462,74.44103,free_swing,728,400,611,438,43.708,-72.007,0,182.71,828.17,1,123.02,11.64,2500,1,0,0
4463,74.45772,free_swing,729,398,619,452,45.000,-63.853,0,10.12,-217.19,1,122.54,11.98,2500,1,0,0
4464,74.4744,free_swing,729,400,628,504,44.145,-44.162,0,-136.09,-79.48,0,144.97,4.13,2500,0,0,0
4465,74.49108,free_swing,726,406,661,402,40.409,-93.521,0,-252.83,538.95,1,65.12,53.22,2500,1,0,0
4466,74.50777,free_swing,722,414,661,508,35.735,-32.981,0,-359.77,1190.50,1,112.06,19.51,2500,1,0,0
4467,74.52445,free_swing,714,425,675,543,28.740,-18.289,0,-457.39,1730.66,1,124.28,10.73,2500,1,0,0
4468,74.54113,free_swing,703,440,690,550,20.323,-6.740,0,-569.75,962.98,1,110.77,20.44,2500,1,0,0
4469,74.55782,free_swing,686,457,719,543,10.426,20.993,0,-616.04,1362.70,1,92.11,33.84,2500,1,0,0
4470,74.5745,free_swing,662,472,735,550,-0.409,43.103,0,-589.92,1228.19,1,106.83,23.27,2500,0,0,0
4471,74.59118,free_swing,639,482,750,552,-9.090,57.763,0,-489.83,773.13,1,131.23,5.74,2500,1,0,0
4472,74.60787,free_swing,617,488,752,538,-16.429,69.677,0,-378.38,520.36,1,143.96,3.40,2500,1,0,0
4473,74.62455,free_swing,599,491,743,525,-21.926,76.715,0,-317.52,630.88,0,147.96,6.28,2500,0,0,0
4474,74.64123,free_swing,582,492,728,504,-26.851,85.301,0,-281.34,497.30,0,146.49,5.22,2500,0,0,0
4475,74.65792,free_swing,565,491,723,463,-31.648,100.049,0,-270.85,238.33,1,160.46,15.26,2500,1,0,0
4476,74.6746,free_swing,550,488,708,481,-35.918,92.537,0,-260.73,-19.98,1,158.15,13.60,2500,1,0,0
4477,74.69128,free_swing,534,484,696,473,-40.321,93.884,0,-259.06,-196.85,1,162.37,16.63,2500,0,0,0
4478,74.70797,free_swing,519,478,685,462,-44.605,95.505,0,-260.95,448.42,1,166.77,19.79,2500,1,0,0
4479,74.72465,free_swing,504,470,664,455,-49.044,95.356,0,-260.07,312.19,1,160.70,15.43,2500,0,0,0
4480,74.74133,free_swing,489,462,678,368,-53.236,116.444,0,-258.96,-239.65,1,211.09,51.62,2500,1,0,0
4481,74.75802,free_swing,476,451,638,448,-57.529,91.061,0,-242.57,-605.59,1,162.03,16.38,2500,1,0,0
4482,74.7747,free_swing,465,440,616,468,-61.390,79.495,0,-206.16,-793.02,1,153.57,10.31,2500,0,0,0
4483,74.79138,free_swing,457,431,604,458,-64.332,79.592,0,-154.23,-375.41,1,149.46,7.35,2500,1,0,0
4484,74.80807,free_swing,451,425,580,483,-66.314,65.791,0,-87.85,-184.76,0,141.44,1.59,2500,0,0,0
4485,74.82475,free_swing,449,421,556,477,-67.418,62.374,0,-18.19,-365.32,1,120.77,13.26,2500,0,0,0
4486,74.84143,free_swing,450,423,562,476,-66.866,64.676,0,49.95,-838.93,1,123.91,11.00,2500,1,0,0
4487,74.85812,free_swing,454,427,519,517,-65.556,35.838,0,116.97,-1069.05,1,111.02,20.26,2500,1,0,0
4488,74.8748,free_swing,460,435,487,551,-63.097,13.103,0,196.36,-1207.57,1,119.10,14.45,2500,0,0,0
4489,74.89148,free_swing,472,446,484,518,-59.169,9.462,0,290.62,-1205.68,1,72.99,47.57,2500,0,0,0
4490,74.90817,free_swing,488,461,441,553,-53.604,-27.061,0,338.48,-1929.82,1,103.31,25.80,2500,1,0,0
4491,74.92485,free_swing,508,473,427,528,-47.708,-55.823,0,323.22,-1771.31,1,97.91,29.68,2500,0,0,0
4492,74.94153,free_swing,524,481,434,481,-43.011,-90.000,0,275.42,-741.68,1,90.00,35.36,2500,1,0,0
4493,74.95822,free_swing,539,486,411,505,-38.841,-81.557,0,228.92,-431.94,1,129.40,7.05,2500,1,0,0
4494,74.9749,free_swing,553,489,409,485,-35.017,-91.591,0,209.29,-709.05,1,144.06,3.47,2500,1,0,0
4495,74.99158,free_swing,565,490,439,436,-31.809,-113.199,0,217.36,-674.84,0,137.08,1.54,2500,0,0,0
4496,75.00827,free_swing,579,491,461,413,-27.848,-123.465,0,262.65,-125.23,1,141.45,1.60,2500,1,0,0
4497,75.02495,free_swing,596,490,450,449,-22.979,-105.686,0,310.03,70.55,0,151.65,8.92,2500,0,0,0
4498,75.04163,free_swing,614,489,480,416,-17.333,-118.580,0,336.92,30.83,0,152.59,9.60,2500,0,0,0
4499,75.05832,free_swing,631,484,496,406,-11.889,-120.018,0,341.46,-266.17,1,155.91,11.99,2500,1,0,0
4500,75.075,free_swing,648,478,504,417,-5.866,-112.958,0,355.32,-76.72,1,156.39,12.33,2500,0,0,0
4501,75.09168,free_swing,663,470,531,378,0.000,-124.875,0,402.93,218.07,1,160.90,15.57,2500,1,0,0
4502,75.10837,free_swing,679,460,543,393,7.125,-116.227,0,434.41,455.17,1,151.61,8.90,2500,1,0,0
4503,75.12505,free_swing,694,448,540,430,14.962,-96.667,0,445.45,682.08,1,155.05,11.37,2500,1,0,0
4504,75.14173,free_swing,704,435,557,415,21.705,-97.748,0,424.13,492.09,0,148.35,6.56,2500,0,0,0
4505,75.15842,free_swing,713,424,574,433,28.523,-86.295,0,370.93,412.66,0,139.29,0.05,2500,0,0,0
4506,75.1751,free_swing,719,414,584,445,34.330,-77.067,0,274.84,513.04,0,138.51,0.51,2500,0,0,0
4507,75.19178,free_swing,723,410,604,448,37.569,-72.290,0,133.27,245.02,1,124.92,10.27,2500,1,0,0
4508,75.20847,free_swing,724,409,626,452,38.387,-66.309,0,-21.19,363.20,1,107.02,23.13,2500,0,0,0
4509,75.22515,free_swing,722,410,626,461,37.104,-62.021,0,-161.26,763.46,1,108.71,21.92,2500,1,0,0
4510,75.24183,free_swing,719,418,649,495,33.071,-42.274,0,-278.67,1028.03,1,104.06,25.25,2500,1,0,0
4511,75.25852,free_swing,713,428,665,543,27.512,-22.655,0,-392.37,1063.22,1,124.62,10.49,2500,0,0,0
4512,75.2752,free_swing,703,439,686,554,20.497,-8.409,0,-503.31,1112.80,1,116.25,16.50,2500,0,0,0
4513,75.29188,free_swing,687,455,710,569,11.041,11.407,0,-589.16,1643.82,1,116.30,16.47,2500,1,0,0
4514,75.30857,free_swing,665,470,737,546,0.830,43.452,0,-585.98,1611.71,1,104.69,24.80,2500,0,0,0
4515,75.32525,free_swing,641,482,739,506,-8.344,76.239,0,-492.85,1619.61,1,100.90,27.53,2500,0,0,0
4516,75.34193,free_swing,620,488,748,507,-15.410,81.557,0,-382.26,855.89,1,129.40,7.05,2500,1,0,0
4517,75.35862,free_swing,602,491,737,430,-20.989,114.316,0,-304.28,331.90,1,148.14,6.41,2500,1,0,0
4518,75.3753,free_swing,586,492,738,476,-25.699,96.009,0,-267.37,311.23,0,152.84,9.78,2500,0,0,0
4519,75.39198,free_swing,571,491,725,440,-30.054,108.323,0,-255.98,26.94,1,162.23,16.52,2500,1,0,0
4520,75.40867,free_swing,556,489,717,411,-34.276,115.849,0,-254.67,138.77,1,178.90,28.50,2500,0,0,0
4521,75.42535,free_swing,540,486,696,443,-38.614,105.410,0,-253.00,-367.93,1,161.82,16.23,2500,1,0,0
4522,75.44203,free_swing,526,480,682,448,-42.790,101.592,0,-252.04,-380.73,1,159.25,14.38,2500,0,0,0
4523,75.45872,free_swing,511,474,671,454,-46.948,97.125,0,-254.55,-112.93,1,161.25,15.82,2500,1,0,0
4524,75.4754,free_swing,496,466,657,453,-51.257,94.616,0,-259.81,-141.88,1,161.52,16.02,2500,0,0,0
4525,75.49208,free_swing,482,456,645,443,-55.586,94.560,0,-251.82,-228.06,1,163.52,17.45,2500,0,0,0
4526,75.50877,free_swing,470,445,627,456,-59.651,85.992,0,-229.60,-547.91,1,157.38,13.05,2500,1,0,0
4527,75.52545,free_swing,460,435,609,466,-63.097,78.247,0,-190.35,-465.11,0,152.19,9.31,2500,0,0,0
4528,75.54213,free_swing,452,426,591,491,-65.987,64.938,0,-140.38,-504.50,1,153.45,10.22,2500,0,0,0
4529,75.55882,free_swing,448,420,582,473,-67.741,68.420,0,-80.00,-414.58,0,144.10,3.50,2500,0,0,0
4530,75.5755,free_swing,446,417,563,521,-68.609,48.366,0,-14.08,-413.11,1,156.54,12.44,2500,0,0,0
4531,75.59218,free_swing,447,418,556,508,-68.290,50.454,0,39.92,-600.82,0,141.35,1.53,2500,0,0,0
4532,75.60887,free_swing,450,422,537,538,-67.094,36.870,0,94.14,-467.89,0,145.00,4.15,2500,0,0,0
4533,75.62555,free_swing,455,428,507,543,-65.225,24.331,0,156.65,-882.52,1,126.21,9.35,2500,1,0,0
4534,75.64223,free_swing,464,438,490,534,-61.957,15.154,0,234.12,-1048.93,1,99.46,28.56,2500,0,0,0
4535,75.65892,free_swing,477,451,453,562,-57.389,-12.200,0,315.52,-1272.02,1,113.56,18.43,2500,1,0,0
4536,75.6756,free_swing,494,465,450,538,-51.798,-31.079,0,341.12,-1457.88,1,85.23,38.78,2500,0,0,0
4537,75.69228,free_swing,514,477,405,561,-45.779,-52.381,0,318.80,-1134.04,1,137.61,1.16,2500,1,0,0
4538,75.70897,free_swing,530,483,417,512,-41.373,-75.606,0,266.61,-834.47,1,116.66,16.20,2500,1,0,0
4539,75.72565,free_swing,545,488,416,512,-37.104,-79.461,0,223.48,-626.98,1,131.21,5.75,2500,1,0,0
4540,75.74233,free_swing,558,490,416,489,-33.606,-90.403,0,215.39,-566.89,0,142.00,2.00,2500,0,0,0
4541,75.75902,free_swing,571,491,435,455,-30.054,-104.826,0,221.54,-619.29,0,140.68,1.05,2500,0,0,0
4542,75.7757,free_swing,585,491,445,440,-26.131,-110.016,0,234.47,-426.43,0,149.00,7.02,2500,0,0,0
4543,75.79238,free_swing,599,491,460,424,-21.926,-115.735,0,256.00,-172.44,1,154.30,10.83,2500,1,0,0
4544,75.80907,free_swing,613,488,482,414,-17.771,-119.461,0,295.25,-15.88,0,150.46,8.07,2500,0,0,0
4545,75.82575,free_swing,630,484,490,418,-12.249,-115.241,0,330.00,92.47,1,154.78,11.17,2500,0,0,0
4546,75.84243,free_swing,647,478,506,415,-6.254,-114.075,0,370.28,135.46,1,154.43,10.93,2500,0,0,0
4547,75.85912,free_swing,662,469,522,410,-0.418,-112.852,0,384.67,331.15,0,151.92,9.12,2500,0,0,0
4548,75.8758,free_swing,678,460,537,423,6.684,-104.704,0,403.41,579.16,1,145.77,4.71,2500,1,0,0
4549,75.89248,free_swing,690,449,538,448,12.995,-90.377,0,406.71,751.28,0,152.00,9.18,2500,0,0,0
4550,75.90917,free_swing,701,438,553,458,19.722,-82.304,0,359.02,584.73,0,149.35,7.27,2500,0,0,0
4551,75.92585,free_swing,709,430,567,482,25.145,-69.887,0,259.72,450.21,0,151.22,8.62,2500,0,0,0
4552,75.94253,free_swing,713,425,591,475,28.264,-67.714,0,115.30,352.56,0,131.85,5.30,2500,0,0,0
4553,75.95922,free_swing,714,425,604,494,28.740,-57.901,0,-22.95,412.45,0,129.85,6.73,2500,0,0,0
4554,75.9759,free_swing,712,426,630,487,27.532,-53.354,0,-140.92,599.51,1,102.20,26.59,2500,0,0,0
4555,75.99258,free_swing,708,432,644,514,24.228,-37.972,0,-235.74,773.91,1,104.02,25.29,2500,0,0,0
4556,76.00927,free_swing,701,440,657,530,19.385,-26.053,0,-342.47,1014.26,1,100.18,28.04,2500,1,0,0
4557,76.02595,free_swing,691,452,686,509,13.134,-5.013,0,-474.23,1385.90,1,57.22,58.90,2500,1,0,0
4558,76.04263,free_swing,673,465,701,554,4.300,17.464,0,-552.49,1699.81,1,93.30,32.98,2500,1,0,0
4559,76.05932,free_swing,648,479,723,540,-5.826,50.877,0,-532.15,1246.08,1,96.67,30.56,2500,1,0,0
4560,76.076,free_swing,627,486,741,534,-13.158,67.166,0,-418.12,900.50,1,123.69,11.15,2500,1,0,0
4561,76.09268,free_swing,608,489,740,541,-19.306,68.499,0,-311.81,578.14,1,141.87,1.90,2500,1,0,0
4562,76.10937,free_swing,593,491,740,489,-23.762,90.779,0,-259.10,539.61,0,147.01,5.60,2500,0,0,0
4563,76.12605,free_swing,578,492,728,485,-27.979,92.672,0,-225.22,420.09,0,150.16,7.86,2500,0,0,0
4564,76.14273,free_swing,566,490,723,472,-31.547,96.540,0,-220.84,111.77,1,158.03,13.51,2500,1,0,0
4565,76.15942,free_swing,553,488,713,457,-35.189,100.965,0,-217.84,94.15,1,162.98,17.06,2500,0,0,0
4566,76.1761,free_swing,539,485,699,454,-39.023,100.965,0,-221.48,105.26,1,162.98,17.06,2500,0,0,0
4567,76.19278,free_swing,526,481,690,452,-42.597,100.028,0,-223.44,79.73,1,166.54,19.62,2500,0,0,0
4568,76.20947,free_swing,513,475,678,425,-46.369,106.858,0,-232.09,-14.05,1,172.41,23.84,2500,0,0,0
4569,76.22615,free_swing,499,468,661,435,-50.332,101.514,0,-237.77,-71.09,1,165.33,18.75,2500,0,0,0
4570,76.24283,free_swing,486,459,653,434,-54.340,98.514,0,-228.09,-132.26,1,168.86,21.29,2500,0,0,0
4571,76.25952,free_swing,475,450,649,419,-57.885,100.102,0,-212.78,-313.26,1,176.74,26.95,2500,0,0,0
4572,76.2762,free_swing,465,441,630,433,-61.167,92.776,0,-176.37,-381.70,1,165.19,18.65,2500,0,0,0
4573,76.29288,free_swing,458,432,613,463,-63.997,78.690,0,-128.57,-464.17,1,158.07,13.54,2500,0,0,0
4574,76.30957,free_swing,454,428,612,450,-65.329,82.073,0,-73.95,-459.58,1,159.52,14.58,2500,0,0,0
4575,76.32625,free_swing,452,425,595,483,-66.214,67.923,0,-12.57,-367.20,1,154.31,10.84,2500,0,0,0
4576,76.34293,free_swing,453,425,581,496,-66.114,60.983,0,37.76,-240.26,0,146.37,5.14,2500,0,0,0
4577,76.35962,free_swing,456,430,580,494,-64.666,62.700,0,98.34,-227.96,0,139.54,0.23,2500,0,0,0
4578,76.3763,free_swing,460,436,565,500,-62.873,58.637,0,152.81,-457.20,1,122.97,11.68,2500,1,0,0
4579,76.39298,free_swing,470,445,549,541,-59.651,39.452,0,213.48,-858.03,1,124.33,10.70,2500,1,0,0
4580,76.40967,free_swing,482,456,536,540,-55.586,32.735,0,294.96,-961.30,1,99.86,28.27,2500,0,0,0
4581,76.42635,free_swing,499,469,512,562,-50.126,7.958,0,368.72,-1354.31,1,93.90,32.55,2500,1,0,0
4582,76.44303,free_swing,523,480,515,525,-43.409,-10.081,0,401.45,-1601.15,1,45.71,67.17,2500,1,0,0
4583,76.45972,free_swing,547,488,485,548,-36.634,-45.939,0,371.87,-1124.36,1,86.28,38.03,2500,1,0,0
4584,76.4764,free_swing,567,491,465,561,-31.122,-55.539,0,320.39,-1160.97,1,123.71,11.14,2500,0,0,0
4585,76.49308,free_swing,584,492,463,547,-26.278,-65.556,0,277.50,-725.29,1,132.91,4.53,2500,1,0,0
4586,76.50977,free_swing,600,491,489,479,-21.615,-96.170,0,246.49,-642.24,1,111.65,19.81,2500,0,0,0
4587,76.52645,free_swing,613,489,477,503,-17.665,-84.123,0,257.53,-185.47,1,136.72,1.80,2500,1,0,0
4588,76.54313,free_swing,626,485,498,474,-13.595,-94.912,0,283.57,30.15,1,128.47,7.72,2500,1,0,0
4589,76.55982,free_swing,643,481,506,476,-7.645,-92.090,0,338.48,-159.24,0,137.09,1.53,2500,0,0,0
4590,76.5765,free_swing,657,473,522,455,-2.437,-97.595,0,364.51,-262.02,0,136.19,2.18,2500,0,0,0
4591,76.59318,free_swing,673,463,536,447,4.365,-96.661,0,367.74,-210.24,0,137.93,0.93,2500,0,0,0
4592,76.60987,free_swing,685,454,573,411,10.222,-111.003,0,400.69,-29.35,1,119.97,13.83,2500,0,0,0
4593,76.62655,free_swing,697,444,563,432,16.887,-95.117,0,405.52,156.62,0,134.54,3.37,2500,0,0,0
4594,76.64323,free_swing,708,432,586,412,24.228,-99.310,0,402.62,679.47,1,123.63,11.20,2500,1,0,0
4595,76.65992,free_swing,715,422,594,427,30.018,-87.634,0,338.43,510.00,1,121.10,13.01,2500,0,0,0
4596,76.6766,free_swing,720,413,591,462,35.134,-69.201,0,226.56,162.06,1,137.99,0.88,2500,1,0,0
4597,76.69328,free_swing,723,409,621,428,37.926,-79.448,0,118.96,112.12,1,103.75,25.48,2500,0,0,0
4598,76.70997,free_swing,724,409,632,423,38.387,-81.347,0,-27.29,728.42,1,93.06,33.16,2500,1,0,0
4599,76.72665,free_swing,723,410,639,481,37.569,-49.794,0,-159.17,770.05,1,109.99,21.00,2500,0,0,0
4600,76.74333,free_swing,719,418,643,517,33.071,-37.513,0,-274.61,587.28,1,124.81,10.35,2500,0,0,0
4601,76.76002,free_swing,713,426,677,454,28.009,-52.125,0,-371.23,416.11,1,45.61,67.24,2500,0,0,0
4602,76.7767,free_swing,704,437,673,535,21.329,-17.554,0,-437.78,1286.25,1,102.79,26.17,2500,1,0,0
4603,76.79338,free_swing,691,451,687,516,13.241,-3.521,0,-524.78,1696.93,1,65.12,53.22,2500,1,0,0
4604,76.81007,free_swing,673,466,716,533,4.268,32.692,0,-560.99,1384.39,1,79.61,42.82,2500,1,0,0
4605,76.82675,free_swing,649,479,733,559,-5.440,46.397,0,-533.87,1398.64,1,116.00,16.68,2500,0,0,0
4606,76.84343,free_swing,626,486,735,524,-13.510,70.780,0,-448.45,757.97,1,115.43,17.09,2500,1,0,0
4607,76.86012,free_swing,605,490,738,504,-20.158,83.991,0,-349.64,718.20,0,133.73,3.94,2500,0,0,0
4608,76.8768,free_swing,588,491,733,511,-25.253,82.147,0,-287.40,341.18,1,146.37,5.14,2500,1,0,0
4609,76.89348,free_swing,572,491,721,461,-29.784,101.384,0,-260.38,176.82,0,151.99,9.17,2500,0,0,0
4610,76.91017,free_swing,557,489,715,481,-34.026,92.899,0,-254.93,74.01,1,158.20,13.63,2500,0,0,0
4611,76.92685,free_swing,541,486,696,474,-38.387,94.427,0,-248.73,-52.56,1,155.46,11.67,2500,0,0,0
4612,76.94353,free_swing,526,482,686,462,-42.406,97.125,0,-239.61,52.55,1,161.25,15.82,2500,0,0,0
4613,76.96022,free_swing,513,475,673,455,-46.369,97.125,0,-244.63,-179.24,1,161.25,15.82,2500,1,0,0
4614,76.9769,free_swing,499,468,658,467,-50.332,90.360,0,-243.20,16.04,1,159.00,14.21,2500,0,0,0
4615,76.99358,free_swing,485,458,643,456,-54.707,90.725,0,-229.24,-33.40,1,158.01,13.50,2500,0,0,0
4616,77.01027,free_swing,475,450,645,426,-57.885,98.036,0,-198.15,-448.43,1,171.69,23.32,2500,1,0,0
4617,77.02695,free_swing,466,441,612,474,-61.044,77.264,0,-153.61,-710.03,1,149.68,7.51,2500,1,0,0
4618,77.04363,free_swing,459,435,588,500,-63.211,63.258,0,-108.09,-564.31,0,144.45,3.76,2500,0,0,0
4619,77.06032,free_swing,456,431,577,488,-64.440,64.776,0,-42.17,-586.50,0,133.75,3.93,2500,0,0,0
4620,77.077,free_swing,456,430,560,502,-64.666,55.305,0,18.99,-95.96,1,126.49,9.14,2500,1,0,0
4621,77.09368,free_swing,459,433,531,534,-63.660,35.484,0,94.61,-299.43,1,124.04,10.91,2500,1,0,0
4622,77.11037,free_swing,463,440,536,479,-61.631,61.887,0,176.90,-841.13,1,82.76,40.55,2500,1,0,0
4623,77.12705,free_swing,474,451,495,534,-57.804,14.199,0,257.93,-1825.45,1,85.62,38.50,2500,1,0,0
4624,77.14373,free_swing,490,462,465,548,-53.077,-16.209,0,316.23,-2192.35,1,89.56,35.67,2500,1,0,0
4625,77.16042,free_swing,508,474,446,529,-47.506,-48.424,0,325.33,-1121.63,1,82.88,40.47,2500,1,0,0
4626,77.1771,free_swing,527,482,424,548,-42.198,-57.349,0,293.68,-1056.27,1,122.33,12.13,2500,0,0,0
4627,77.19378,free_swing,543,487,422,522,-37.747,-73.867,0,252.63,-1046.22,0,125.96,9.53,2500,0,0,0
4628,77.21047,free_swing,557,489,438,467,-34.026,-100.474,0,219.46,-933.61,1,121.02,13.08,2500,0,0,0
4629,77.22715,free_swing,570,492,454,455,-30.167,-107.691,0,204.65,-607.80,1,121.76,12.54,2500,1,0,0
4630,77.24383,free_swing,582,491,459,445,-26.996,-110.505,0,216.90,-137.70,1,131.32,5.68,2500,1,0,0
4631,77.26052,free_swing,595,491,474,418,-23.155,-121.103,0,257.58,-33.44,0,141.32,1.50,2500,0,0,0
4632,77.2772,free_swing,611,489,469,433,-18.325,-111.523,0,301.33,-116.18,0,152.64,9.64,2500,0,0,0
4633,77.29388,free_swing,628,485,494,418,-12.885,-116.565,0,318.29,-55.61,0,149.82,7.61,2500,0,0,0
4634,77.31057,free_swing,643,479,516,394,-7.748,-123.794,0,328.46,10.48,0,152.82,9.77,2500,0,0,0
4635,77.32725,free_swing,658,472,521,411,-2.045,-114.001,0,363.59,131.71,0,149.97,7.72,2500,0,0,0
4636,77.34393,free_swing,673,463,540,413,4.365,-110.603,0,420.22,323.44,0,142.09,2.06,2500,0,0,0
4637,77.36062,free_swing,688,452,548,391,11.768,-113.543,0,438.88,481.84,0,152.71,9.69,2500,0,0,0
4638,77.3773,free_swing,701,441,553,434,19.220,-92.708,0,422.04,775.08,1,148.17,6.42,2500,1,0,0
4639,77.39398,free_swing,709,429,565,448,25.372,-82.484,0,359.43,775.37,0,145.25,4.33,2500,0,0,0
4640,77.41067,free_swing,716,420,578,463,31.059,-72.693,0,273.66,490.26,1,144.54,3.82,2500,1,0,0
4641,77.42735,free_swing,720,415,597,473,34.479,-64.754,0,159.00,392.88,0,135.99,2.32,2500,0,0,0
4642,77.44403,free_swing,722,413,611,484,36.069,-57.395,0,-3.84,484.04,0,131.76,5.36,2500,0,0,0
4643,77.46072,free_swing,720,414,630,482,34.804,-52.927,0,-143.89,393.63,1,112.80,18.98,2500,0,0,0
4644,77.4774,free_swing,716,421,641,519,30.774,-37.427,0,-266.30,569.54,1,123.41,11.36,2500,0,0,0
4645,77.49408,free_swing,711,430,669,487,26.095,-36.384,0,-360.97,1049.79,1,70.80,49.14,2500,1,0,0
4646,77.51077,free_swing,701,442,689,519,19.058,-8.858,0,-472.04,1215.02,1,77.93,44.03,2500,0,0,0
4647,77.52745,free_swing,686,455,715,545,10.592,17.860,0,-564.51,1785.59,1,94.56,32.08,2500,1,0,0
4648,77.54413,free_swing,664,471,732,576,0.412,32.928,0,-565.28,1219.74,1,125.10,10.15,2500,1,0,0
4649,77.56082,free_swing,641,482,750,517,-8.344,72.198,0,-487.40,1001.16,1,114.48,17.77,2500,1,0,0
4650,77.5775,free_swing,620,488,755,559,-15.410,62.259,0,-369.59,887.75,0,152.53,9.56,2500,0,0,0
4651,77.59418,free_swing,603,490,743,489,-20.794,90.409,0,-291.27,521.26,1,140.00,0.56,2500,1,0,0
4652,77.61087,free_swing,588,492,742,470,-25.115,98.130,0,-254.17,477.58,1,155.56,11.74,2500,0,0,0
4653,77.62755,free_swing,573,492,727,479,-29.358,94.825,0,-246.63,-105.70,1,154.55,11.01,2500,1,0,0
4654,77.64423,free_swing,559,489,718,470,-33.521,96.814,0,-240.90,32.66,1,160.13,15.02,2500,0,0,0
4655,77.66092,free_swing,544,487,704,465,-37.515,97.829,0,-242.17,179.67,1,161.51,16.00,2500,0,0,0
4656,77.6776,free_swing,530,483,691,450,-41.373,101.583,0,-241.98,112.56,1,164.35,18.05,2500,0,0,0
4657,77.69428,free_swing,515,476,676,440,-45.785,102.604,0,-245.49,5.46,1,164.98,18.50,2500,0,0,0
4658,77.71097,free_swing,501,470,670,440,-49.574,100.066,0,-249.07,-308.92,1,171.64,23.29,2500,1,0,0
4659,77.72765,free_swing,488,460,655,443,-53.817,95.812,0,-243.25,-278.44,1,167.86,20.57,2500,0,0,0
4660,77.74433,free_swing,475,450,632,462,-57.885,85.629,0,-232.81,-219.27,1,157.46,13.10,2500,0,0,0
4661,77.76102,free_swing,465,440,625,439,-61.390,90.358,0,-194.86,-326.95,1,160.00,14.93,2500,0,0,0
4662,77.7777,free_swing,457,431,607,459,-64.332,79.426,0,-145.05,-514.81,0,152.59,9.60,2500,0,0,0
4663,77.79438,free_swing,452,425,588,482,-66.214,67.261,0,-83.52,-650.47,0,147.46,5.92,2500,0,0,0
4664,77.81107,free_swing,450,422,581,500,-67.094,59.230,0,-23.06,-585.28,0,152.46,9.51,2500,0,0,0
4665,77.82775,free_swing,450,423,561,507,-66.866,52.883,0,38.30,-161.44,1,139.20,0.02,2500,1,0,0
4666,77.84443,free_swing,453,426,542,523,-65.886,42.537,0,101.75,-252.72,0,131.64,5.44,2500,0,0,0
4667,77.86112,free_swing,459,434,542,499,-63.435,51.934,0,174.68,-785.43,1,105.42,24.28,2500,1,0,0
4668,77.8778,free_swing,469,444,506,548,-60.001,19.584,0,261.05,-1525.66,1,110.39,20.71,2500,1,0,0
4669,77.89448,free_swing,483,458,468,569,-55.008,-7.696,0,336.46,-1815.36,1,112.01,19.55,2500,1,0,0
4670,77.91117,free_swing,504,471,481,503,-48.840,-35.707,0,373.50,-1241.91,1,39.41,71.69,2500,1,0,0
4671,77.92785,free_swing,525,482,432,557,-42.614,-51.116,0,346.12,-1383.64,1,119.47,14.19,2500,0,0,0
4672,77.94453,free_swing,544,488,430,529,-37.337,-70.219,0,290.43,-925.82,1,121.15,12.98,2500,1,0,0
4673,77.96122,free_swing,560,490,456,474,-33.100,-98.746,0,239.41,-657.91,1,105.22,24.42,2500,1,0,0
4674,77.9779,free_swing,574,492,433,506,-29.085,-84.330,0,236.70,-414.04,1,141.69,1.77,2500,1,0,0
4675,77.99458,free_swing,588,491,460,458,-25.253,-104.457,0,275.91,-287.93,0,132.19,5.05,2500,0,0,0
4676,78.01127,free_swing,606,489,480,444,-19.954,-109.654,0,322.83,-289.14,0,133.79,3.90,2500,0,0,0
4677,78.02795,free_swing,624,486,488,444,-14.211,-107.162,0,345.65,-133.69,0,142.34,2.24,2500,0,0,0
4678,78.04463,free_swing,641,480,496,434,-8.455,-107.601,0,338.91,-97.41,0,152.12,9.26,2500,0,0,0
4679,78.06132,free_swing,656,473,532,397,-2.842,-121.504,0,369.41,-84.76,0,145.44,4.46,2500,0,0,0
4680,78.078,free_swing,671,465,532,427,3.442,-105.290,0,405.44,235.26,1,144.10,3.50,2500,1,0,0
4681,78.09468,free_swing,687,453,555,404,11.219,-110.366,0,455.04,438.97,1,140.80,1.13,2500,1,0,0
4682,78.11137,free_swing,699,441,555,423,18.277,-97.125,0,476.25,530.85,0,145.12,4.24,2500,0,0,0
4683,78.12805,free_swing,711,427,575,425,26.806,-90.843,0,470.51,451.91,0,136.01,2.30,2500,0,0,0
4684,78.14473,free_swing,719,415,585,447,34.007,-76.569,0,415.33,417.99,0,137.77,1.05,2500,0,0,0
4685,78.16142,free_swing,725,405,611,417,40.342,-83.991,0,292.95,622.58,1,114.63,17.66,2500,1,0,0
4686,78.1781,free_swing,728,400,612,475,43.708,-57.115,0,151.63,738.96,0,138.13,0.78,2500,0,0,0
4687,78.19478,free_swing,729,398,635,476,45.000,-50.315,0,-32.03,694.31,1,122.15,12.26,2500,0,0,0
4688,78.21147,free_swing,728,401,647,493,43.290,-41.362,0,-181.41,346.09,1,122.58,11.96,2500,1,0,0
4689,78.22815,free_swing,724,409,660,497,38.387,-36.027,0,-312.06,629.81,1,108.81,21.84,2500,1,0,0
4690,78.24483,free_swing,719,418,675,529,33.071,-21.623,0,-411.27,823.12,1,119.40,14.24,2500,0,0,0
4691,78.26152,free_swing,710,432,702,537,25.174,-4.357,0,-509.58,1226.68,1,105.30,24.36,2500,1,0,0
4692,78.2782,free_swing,696,447,723,551,16.011,14.554,0,-598.76,1564.11,1,107.45,22.82,2500,1,0,0
4693,78.29488,free_swing,676,463,749,533,5.667,46.202,0,-594.02,1557.58,1,101.14,27.35,2500,0,0,0
4694,78.31157,free_swing,653,476,744,509,-3.972,70.067,0,-523.28,963.34,1,96.80,30.47,2500,1,0,0
4695,78.32825,free_swing,632,485,760,513,-11.454,77.661,0,-412.01,277.59,1,131.03,5.89,2500,1,0,0
4696,78.34493,free_swing,613,489,755,522,-17.665,76.917,0,-328.40,263.47,0,145.78,4.71,2500,0,0,0
4697,78.36162,free_swing,597,491,741,505,-22.543,84.447,0,-288.68,328.34,0,144.68,3.92,2500,0,0,0
4698,78.3783,free_swing,581,491,732,475,-27.281,96.049,0,-270.40,419.83,0,151.85,9.07,2500,0,0,0
4699,78.39498,free_swing,565,490,724,482,-31.809,92.880,0,-265.24,277.82,1,159.20,14.35,2500,0,0,0
4700,78.41167,free_swing,549,488,708,448,-36.158,104.121,0,-264.56,88.64,1,163.95,17.76,2500,0,0,0
4701,78.42835,free_swing,533,484,695,448,-40.539,102.529,0,-268.19,106.53,1,165.95,19.20,2500,0,0,0
4702,78.44503,free_swing,517,477,684,447,-45.197,100.184,0,-271.44,43.75,1,169.67,21.87,2500,0,0,0
4703,78.46172,free_swing,501,470,670,423,-49.574,105.542,0,-267.07,-25.52,1,175.41,25.99,2500,0,0,0
4704,78.4784,free_swing,487,460,657,418,-53.973,103.878,0,-253.26,-226.56,1,175.11,25.78,2500,1,0,0
4705,78.49508,free_swing,474,450,640,445,-58.022,91.725,0,-227.36,-758.60,1,166.08,19.29,2500,1,0,0
4706,78.51177,free_swing,464,440,615,451,-61.511,85.833,0,-185.04,-501.62,1,151.40,8.75,2500,1,0,0
4707,78.52845,free_swing,457,432,592,493,-64.106,65.684,0,-134.99,-596.43,0,148.14,6.41,2500,0,0,0
4708,78.54513,free_swing,453,426,587,459,-65.886,76.165,0,-70.21,-313.13,1,138.00,0.88,2500,1,0,0
4709,78.56182,free_swing,451,424,551,513,-66.541,48.331,0,4.16,-599.22,1,133.87,3.85,2500,1,0,0
4710,78.5785,free_swing,453,427,549,482,-65.659,60.191,0,83.40,-421.00,1,110.64,20.53,2500,0,0,0
4711,78.59518,free_swing,459,433,511,532,-63.660,27.711,0,162.50,-515.37,1,111.83,19.68,2500,0,0,0
4712,78.61187,free_swing,468,443,513,492,-60.350,42.563,0,251.96,-1709.00,1,66.53,52.21,2500,1,0,0
4713,78.62855,free_swing,482,456,468,531,-55.586,-10.574,0,321.78,-2000.87,1,76.30,45.20,2500,1,0,0
4714,78.64523,free_swing,501,470,435,523,-49.574,-51.234,0,334.30,-2188.64,1,84.65,39.20,2500,0,0,0
4715,78.66192,free_swing,519,479,425,522,-44.409,-65.418,0,293.09,-1055.04,1,103.37,25.75,2500,1,0,0
4716,78.6786,free_swing,535,484,426,487,-40.101,-88.423,0,237.87,-1013.78,1,109.04,21.68,2500,0,0,0
4717,78.69528,free_swing,548,488,421,471,-36.397,-97.624,0,208.74,-794.08,1,128.13,7.97,2500,1,0,0
4718,78.71197,free_swing,560,491,450,430,-32.935,-119.010,0,217.68,-220.86,1,125.78,9.65,2500,1,0,0
4719,78.72865,free_swing,574,491,431,444,-29.238,-108.194,0,257.01,-64.06,0,150.53,8.12,2500,0,0,0
4720,78.74533,free_swing,591,491,446,437,-24.362,-110.426,0,290.81,1.04,1,154.73,11.14,2500,0,0,0
4721,78.76202,free_swing,608,490,475,419,-19.193,-118.095,0,313.84,-135.48,0,150.76,8.29,2500,0,0,0
4722,78.7787,free_swing,624,486,486,419,-14.211,-115.897,0,317.75,-160.79,1,153.40,10.19,2500,0,0,0
4723,78.79538,free_swing,641,480,498,415,-8.455,-114.444,0,338.26,-165.18,1,157.08,12.83,2500,0,0,0
4724,78.81207,free_swing,656,473,528,378,-2.842,-126.582,0,376.98,128.72,1,159.40,14.49,2500,1,0,0
4725,78.82875,free_swing,672,464,531,392,3.900,-117.051,0,415.62,232.49,1,158.32,13.72,2500,0,0,0
4726,78.84543,free_swing,687,452,537,415,11.310,-103.856,0,467.13,376.99,1,154.50,10.97,2500,0,0,0
4727,78.86212,free_swing,700,439,565,382,19.075,-112.891,0,490.42,510.44,0,146.54,5.26,2500,0,0,0
4728,78.8788,free_swing,712,426,561,411,27.532,-95.673,0,471.44,334.29,0,151.74,8.99,2500,0,0,0
4729,78.89548,free_swing,720,414,575,436,34.804,-81.373,0,399.83,531.03,0,146.66,5.34,2500,0,0,0
4730,78.91217,free_swing,725,405,607,397,40.342,-93.879,0,262.90,418.53,1,118.27,15.05,2500,0,0,0
4731,78.92885,free_swing,728,400,598,454,43.708,-67.443,0,100.10,620.75,1,140.77,1.11,2500,1,0,0
4732,78.94553,free_swing,728,400,620,457,43.708,-62.176,0,-58.76,669.83,1,122.12,12.29,2500,0,0,0
4733,78.96222,free_swing,726,403,632,471,41.583,-54.118,0,-172.29,361.52,1,116.02,16.67,2500,1,0,0
4734,78.9789,free_swing,723,409,645,480,37.926,-47.690,0,-267.80,618.84,1,105.48,24.24,2500,1,0,0
4735,78.99558,free_swing,719,418,654,516,33.071,-33.555,0,-369.44,698.04,1,117.60,15.53,2500,0,0,0
4736,79.01227,free_swing,710,430,678,511,25.622,-21.557,0,-462.59,820.32,1,87.09,37.44,2500,0,0,0
4737,79.02895,free_swing,698,444,689,510,17.354,-7.765,0,-551.11,1235.66,1,66.61,52.16,2500,1,0,0
4738,79.04563,free_swing,681,459,710,571,8.067,14.517,0,-587.71,1481.64,1,115.69,16.90,2500,1,0,0
4739,79.06232,free_swing,657,475,731,545,-2.403,46.591,0,-578.12,1149.83,1,101.86,26.83,2500,1,0,0
4740,79.079,free_swing,633,485,749,565,-11.094,55.408,0,-488.44,676.25,1,140.91,1.21,2500,1,0,0
4741,79.09568,free_swing,610,490,742,563,-18.544,61.056,0,-380.27,514.72,0,150.84,8.34,2500,0,0,0
4742,79.11237,free_swing,593,491,739,527,-23.762,76.149,0,-309.88,794.10,1,150.37,8.01,2500,1,0,0
4743,79.12905,free_swing,575,492,726,495,-28.811,88.862,0,-267.93,755.47,0,151.03,8.48,2500,0,0,0
4744,79.14573,free_swing,560,490,708,465,-33.100,99.588,0,-257.41,382.92,1,150.10,7.81,2500,1,0,0
4745,79.16242,free_swing,545,487,700,452,-37.282,102.724,0,-252.56,45.39,1,158.90,14.14,2500,1,0,0
4746,79.1791,free_swing,529,483,686,456,-41.586,99.758,0,-258.31,-221.03,1,159.30,14.42,2500,1,0,0
4747,79.19578,free_swing,514,476,676,458,-45.978,96.340,0,-257.91,-287.53,1,163.00,17.08,2500,0,0,0
4748,79.21247,free_swing,500,468,664,466,-50.160,90.699,0,-255.03,-266.84,1,164.01,17.81,2500,0,0,0
4749,79.22915,free_swing,486,459,649,467,-54.340,87.190,0,-244.90,-333.06,1,163.20,17.22,2500,0,0,0
4750,79.24583,free_swing,473,449,627,467,-58.376,83.333,0,-223.73,162.31,1,155.05,11.37,2500,1,0,0
4751,79.26252,free_swing,464,439,616,467,-61.734,79.563,0,-186.01,-303.77,1,154.56,11.01,2500,1,0,0
4752,79.2792,free_swing,456,431,615,423,-64.440,92.880,0,-131.74,-512.05,1,159.20,14.35,2500,1,0,0
4753,79.29588,free_swing,452,425,573,520,-66.214,51.864,0,-72.37,-440.48,1,153.84,10.50,2500,0,0,0
4754,79.31257,free_swing,451,423,581,480,-66.769,66.324,0,-15.10,-514.01,0,141.95,1.96,2500,0,0,0
4755,79.32925,free_swing,451,424,561,487,-66.541,60.199,0,49.78,-298.53,1,126.76,8.95,2500,1,0,0
4756,79.34593,free_swing,454,428,528,521,-65.329,38.509,0,120.08,-708.69,1,118.85,14.63,2500,1,0,0
4757,79.36262,free_swing,462,437,519,521,-62.418,34.160,0,199.66,-830.93,1,101.51,27.09,2500,0,0,0
4758,79.3793,free_swing,473,448,506,527,-58.595,22.671,0,285.26,-1328.78,1,85.62,38.50,2500,1,0,0
4759,79.39598,free_swing,488,462,464,556,-53.393,-14.323,0,339.27,-1880.06,1,97.02,30.32,2500,1,0,0
4760,79.41267,free_swing,509,475,448,539,-47.121,-43.625,0,349.10,-1438.28,1,88.41,36.49,2500,1,0,0
4761,79.42935,free_swing,528,483,424,534,-41.798,-63.877,0,308.66,-1476.74,1,115.83,16.80,2500,0,0,0
4762,79.44603,free_swing,545,488,424,519,-37.104,-75.630,0,253.61,-1309.35,1,124.91,10.28,2500,0,0,0
4763,79.46272,free_swing,560,490,467,434,-33.100,-121.054,0,233.61,-652.48,1,108.56,22.03,2500,1,0,0
4764,79.4794,free_swing,573,492,454,461,-29.358,-104.601,0,248.36,-16.92,1,122.97,11.67,2500,1,0,0
4765,79.49608,free_swing,589,492,450,466,-24.821,-100.595,0,287.03,433.38,1,141.41,1.57,2500,1,0,0
4766,79.51277,free_swing,607,489,471,447,-19.631,-107.162,0,318.12,-159.02,1,142.34,2.24,2500,1,0,0
4767,79.52945,free_swing,624,486,478,453,-14.211,-102.736,0,324.60,-206.35,0,149.68,7.51,2500,0,0,0
4768,79.54613,free_swing,640,481,498,431,-8.775,-109.398,0,327.18,-24.51,0,150.55,8.13,2500,0,0,0
4769,79.56282,free_swing,655,474,519,422,-3.225,-110.925,0,362.88,8.58,0,145.60,4.58,2500,0,0,0
4770,79.5795,free_swing,670,465,517,431,3.013,-102.529,0,405.87,267.87,1,156.73,12.58,2500,1,0,0
4771,79.59618,free_swing,686,455,539,420,10.592,-103.392,0,443.20,376.37,0,151.11,8.54,2500,0,0,0
4772,79.61287,free_swing,698,442,549,435,17.650,-92.690,0,448.00,554.77,0,149.16,7.14,2500,0,0,0
4773,79.62955,free_swing,709,430,567,447,25.145,-83.173,0,416.05,680.48,0,143.01,2.72,2500,0,0,0
4774,79.64623,free_swing,717,420,573,470,31.535,-70.852,0,346.31,395.98,1,152.43,9.49,2500,1,0,0
4775,79.66292,free_swing,722,412,601,463,36.409,-67.145,0,216.00,325.49,0,131.31,5.68,2500,0,0,0
4776,79.6796,free_swing,724,408,623,456,38.752,-64.581,0,64.78,413.41,1,111.83,19.68,2500,0,0,0
4777,79.69628,free_swing,724,409,632,483,38.387,-51.189,0,-99.32,637.93,1,118.07,15.20,2500,1,0,0
4778,79.71297,free_swing,722,414,650,497,35.735,-40.941,0,-220.64,764.76,1,109.88,21.08,2500,0,0,0
4779,79.72965,free_swing,716,421,665,513,30.774,-29.002,0,-311.87,709.67,1,105.19,24.44,2500,0,0,0
4780,79.74633,free_swing,710,431,678,557,25.396,-14.250,0,-404.42,858.51,0,130.00,6.62,2500,0,0,0
4781,79.76302,free_swing,699,444,697,521,17.819,-1.488,0,-512.01,1178.10,1,77.03,44.67,2500,1,0,0
4782,79.7797,free_swing,682,460,714,541,8.443,21.557,0,-582.14,1243.04,1,87.09,37.44,2500,0,0,0
4783,79.79638,free_swing,659,474,738,546,-1.614,47.654,0,-552.23,1560.24,1,106.89,23.23,2500,1,0,0
4784,79.81307,free_swing,637,483,749,543,-9.770,61.821,0,-446.35,1183.07,1,127.06,8.74,2500,1,0,0
4785,79.82975,free_swing,617,489,750,478,-16.330,94.728,0,-338.89,693.77,1,133.45,4.14,2500,1,0,0
4786,79.84643,free_swing,602,490,746,498,-21.110,86.820,0,-282.96,374.02,1,144.22,3.59,2500,1,0,0
4787,79.86312,free_swing,586,492,736,478,-25.699,95.332,0,-255.70,-34.90,1,150.65,8.21,2500,1,0,0
4788,79.8798,free_swing,571,491,728,463,-30.054,100.112,0,-254.90,213.34,1,159.48,14.55,2500,1,0,0
4789,79.89648,free_swing,557,489,713,477,-34.026,94.399,0,-244.77,36.09,1,156.46,12.38,2500,0,0,0
4790,79.91317,free_swing,541,486,703,450,-38.387,102.529,0,-244.05,-22.78,1,165.95,19.20,2500,0,0,0
4791,79.92985,free_swing,527,482,691,455,-42.198,99.349,0,-252.71,187.57,1,166.21,19.38,2500,1,0,0
4792,79.94653,free_swing,512,475,672,451,-46.559,98.531,0,-249.64,60.20,1,161.79,16.21,2500,0,0,0
4793,79.96322,free_swing,497,467,664,413,-50.880,107.919,0,-252.85,-187.97,1,175.51,26.07,2500,1,0,0
4794,79.9799,free_swing,484,459,647,445,-54.644,94.909,0,-236.68,-616.91,1,163.60,17.51,2500,1,0,0
4795,79.99658,free_swing,472,448,627,469,-58.728,82.284,0,-207.38,-428.98,1,156.42,12.35,2500,0,0,0
4796,80.01327,free_swing,464,439,619,475,-61.734,76.924,0,-164.15,-271.46,1,159.13,14.30,2500,0,0,0
4797,80.02995,free_swing,457,433,605,449,-63.882,83.830,0,-102.68,-405.51,0,148.86,6.92,2500,0,0,0
4798,80.04663,free_swing,455,428,580,501,-65.225,59.715,0,-42.06,-570.24,0,144.75,3.97,2500,0,0,0
4799,80.06332,free_swing,454,428,562,499,-65.329,56.679,0,22.23,-695.99,0,129.25,7.16,2500,0,0,0
4800,80.08,free_swing,457,431,548,510,-64.332,49.038,0,86.76,-250.59,1,120.51,13.44,2500,1,0,0
4801,80.09668,free_swing,462,437,523,525,-62.418,34.729,0,159.58,-815.44,1,107.07,23.09,2500,1,0,0
4802,80.11337,free_swing,472,446,518,519,-59.169,32.217,0,242.76,-1300.55,1,86.28,38.02,2500,1,0,0
4803,80.13005,free_swing,486,459,464,585,-54.340,-9.904,0,323.07,-1723.18,1,127.91,8.13,2500,1,0,0
4804,80.14673,free_swing,504,472,448,563,-48.636,-31.608,0,350.11,-1739.43,1,106.85,23.25,2500,0,0,0
4805,80.16342,free_swing,525,482,435,538,-42.614,-58.109,0,323.99,-1013.02,1,106.00,23.86,2500,1,0,0
4806,80.1801,free_swing,542,487,423,524,-37.977,-72.728,0,264.59,-789.05,1,124.62,10.49,2500,1,0,0
4807,80.19678,free_swing,557,490,415,516,-33.857,-79.624,0,213.37,-705.75,0,144.36,3.69,2500,0,0,0
4808,80.21347,free_swing,569,491,431,479,-30.591,-94.970,0,217.24,-640.00,0,138.52,0.50,2500,0,0,0
4809,80.23015,free_swing,582,492,453,448,-26.851,-108.834,0,251.64,-728.39,0,136.30,2.10,2500,0,0,0
4810,80.24683,free_swing,599,491,458,440,-21.926,-109.885,0,302.49,-321.81,1,149.94,7.70,2500,1,0,0
4811,80.26352,free_swing,616,488,499,403,-16.767,-125.998,0,324.40,-130.47,0,144.62,3.87,2500,0,0,0
4812,80.2802,free_swing,633,484,490,420,-11.165,-114.111,0,317.49,-77.27,1,156.67,12.53,2500,0,0,0
4813,80.29688,free_swing,648,477,520,398,-5.906,-121.682,0,330.67,72.56,0,150.42,8.04,2500,0,0,0
4814,80.31357,free_swing,662,470,532,394,-0.415,-120.311,0,381.74,202.22,0,150.59,8.16,2500,0,0,0
4815,80.33025,free_swing,678,461,546,401,6.633,-114.444,0,432.67,212.37,0,145.00,4.15,2500,0,0,0
4816,80.34693,free_swing,693,448,554,411,14.500,-104.906,0,456.99,42.58,0,143.84,3.32,2500,0,0,0
4817,80.36362,free_swing,704,436,585,374,21.516,-117.520,0,454.97,477.28,1,134.18,3.62,2500,1,0,0
4818,80.3803,free_swing,714,424,590,399,29.002,-101.399,0,408.09,461.25,0,126.50,9.14,2500,0,0,0
4819,80.39698,free_swing,721,413,586,436,35.605,-80.331,0,311.35,423.15,0,136.95,1.64,2500,0,0,0
4820,80.41367,free_swing,724,407,622,392,39.123,-98.366,0,171.27,-54.63,1,103.10,25.95,2500,1,0,0
4821,80.43035,free_swing,726,405,620,415,40.795,-84.611,0,23.71,670.17,1,106.47,23.53,2500,1,0,0
4822,80.44703,free_swing,726,406,631,427,40.409,-77.535,0,-100.91,761.62,1,97.29,30.12,2500,0,0,0
4823,80.46372,free_swing,723,411,639,493,37.216,-45.690,0,-234.73,517.73,1,117.39,15.68,2500,1,0,0
4824,80.4804,free_swing,719,419,659,442,32.768,-69.027,0,-332.10,561.98,1,64.26,53.85,2500,0,0,0
4825,80.49708,free_swing,711,430,666,497,26.095,-33.887,0,-410.90,1011.34,1,80.71,42.03,2500,1,0,0
4826,80.51377,free_swing,701,442,688,477,19.058,-20.376,0,-508.20,1803.25,1,37.34,73.18,2500,1,0,0
4827,80.53045,free_swing,685,458,708,556,9.904,13.208,0,-575.63,1420.75,1,100.66,27.70,2500,1,0,0
4828,80.54713,free_swing,662,473,725,557,-0.406,36.870,0,-583.51,1663.47,1,105.00,24.58,2500,1,0,0
4829,80.56382,free_swing,638,483,739,550,-9.401,56.441,0,-494.36,1212.47,1,121.20,12.94,2500,1,0,0
4830,80.5805,free_swing,616,489,744,499,-16.666,85.533,0,-380.77,854.32,1,128.39,7.78,2500,1,0,0
4831,80.59718,free_swing,598,492,741,505,-22.109,84.806,0,-306.37,499.83,1,143.59,3.14,2500,1,0,0
4832,80.61387,free_swing,582,492,728,481,-26.851,94.309,0,-272.46,100.96,1,146.41,5.17,2500,1,0,0
4833,80.63055,free_swing,566,491,730,463,-31.386,99.689,0,-259.99,336.84,1,166.37,19.50,2500,1,0,0
4834,80.64723,free_swing,551,488,707,471,-35.676,96.219,0,-249.05,149.06,1,156.92,12.71,2500,0,0,0
4835,80.66392,free_swing,536,485,708,426,-39.695,108.933,0,-246.10,-25.23,1,181.84,30.61,2500,0,0,0
4836,80.6806,free_swing,521,480,685,452,-43.815,99.689,0,-249.51,-59.93,1,166.37,19.50,2500,0,0,0
4837,80.69728,free_swing,507,472,668,452,-48.094,97.081,0,-249.39,-167.67,1,162.24,16.53,2500,0,0,0
4838,80.71397,free_swing,493,464,663,433,-52.172,100.335,0,-245.90,-296.74,1,172.80,24.12,2500,0,0,0
4839,80.73065,free_swing,480,455,645,448,-56.094,92.429,0,-236.30,-164.93,1,165.15,18.62,2500,0,0,0
4840,80.74733,free_swing,469,444,623,472,-60.001,79.695,0,-206.23,-405.65,1,156.52,12.43,2500,1,0,0
4841,80.76402,free_swing,460,435,622,428,-63.097,92.474,0,-156.77,-474.97,1,162.15,16.47,2500,0,0,0
4842,80.7807,free_swing,455,429,589,498,-64.998,62.755,0,-96.62,-652.43,0,150.72,8.26,2500,0,0,0
4843,80.79738,free_swing,452,425,571,493,-66.214,60.255,0,-30.83,-775.60,0,137.06,1.55,2500,0,0,0
4844,80.81407,free_swing,452,425,549,511,-66.214,48.440,0,37.46,-670.87,0,129.63,6.89,2500,0,0,0
4845,80.83075,free_swing,455,430,534,535,-64.772,36.957,0,111.16,-465.73,1,131.40,5.62,2500,1,0,0
4846,80.84743,free_swing,462,437,509,559,-62.418,21.069,0,196.58,-414.23,0,130.74,6.09,2500,0,0,0
4847,80.86412,free_swing,473,448,509,505,-58.595,32.276,0,278.86,-975.36,1,67.42,51.58,2500,1,0,0
4848,80.8808,free_swing,489,463,482,534,-53.025,-5.631,0,340.65,-1674.89,1,71.34,48.76,2500,1,0,0
4849,80.89748,free_swing,509,474,462,535,-47.322,-37.614,0,353.49,-2010.69,1,77.01,44.69,2500,1,0,0
4850,80.91417,free_swing,529,483,436,531,-41.586,-62.700,0,309.79,-1383.43,1,104.66,24.83,2500,1,0,0
4851,80.93085,free_swing,546,489,441,503,-36.694,-82.405,0,258.62,-846.86,1,105.93,23.91,2500,1,0,0
4852,80.94753,free_swing,560,490,445,481,-33.100,-94.475,0,232.01,-292.98,1,115.35,17.15,2500,1,0,0
4853,80.96422,free_swing,574,492,435,487,-29.085,-92.060,0,247.02,-24.71,1,139.09,0.10,2500,1,0,0
4854,80.9809,free_swing,590,492,439,483,-24.525,-93.411,0,283.73,-160.34,0,151.27,8.65,2500,0,0,0
4855,80.99758,free_swing,607,489,463,462,-19.631,-100.620,0,310.66,-640.03,1,146.51,5.23,2500,1,0,0
4856,81.01427,free_swing,624,486,486,434,-14.211,-110.647,0,333.65,-550.04,0,147.47,5.93,2500,0,0,0
4857,81.03095,free_swing,641,480,510,393,-8.455,-123.589,0,350.46,-77.24,1,157.26,12.95,2500,1,0,0
4858,81.04763,free_swing,657,473,520,413,-2.437,-113.651,0,374.10,170.89,1,149.56,7.43,2500,1,0,0
4859,81.06432,free_swing,672,464,531,415,3.900,-109.163,0,409.96,348.90,0,149.27,7.22,2500,0,0,0
4860,81.081,free_swing,687,453,550,396,11.219,-112.590,0,451.01,5.97,1,148.38,6.58,2500,1,0,0
4861,81.09768,free_swing,700,440,558,412,18.911,-101.155,0,477.45,294.01,1,144.73,3.96,2500,1,0,0
4862,81.11437,free_swing,711,427,587,391,26.806,-106.189,0,449.24,811.82,1,129.12,7.26,2500,1,0,0
4863,81.13105,free_swing,719,415,588,436,34.007,-80.893,0,383.63,714.27,0,132.67,4.70,2500,0,0,0
4864,81.14773,free_swing,724,407,593,463,39.123,-66.854,0,261.40,682.96,0,142.47,2.33,2500,0,0,0
4865,81.16442,free_swing,727,401,619,437,42.847,-71.565,0,131.85,266.59,1,113.84,18.23,2500,1,0,0
4866,81.1811,free_swing,728,401,630,469,43.290,-55.244,0,-6.40,414.88,1,119.28,14.32,2500,0,0,0
4867,81.19778,free_swing,728,403,640,472,42.474,-51.900,0,-161.40,846.09,1,111.83,19.68,2500,1,0,0
4868,81.21447,free_swing,724,409,661,489,38.387,-38.220,0,-305.75,349.80,1,101.83,26.86,2500,1,0,0
4869,81.23115,free_swing,718,420,679,521,32.005,-21.114,0,-430.53,715.18,1,108.27,22.23,2500,1,0,0
4870,81.24783,free_swing,708,433,693,459,24.015,-29.982,0,-534.37,1333.10,1,30.02,78.44,2500,1,0,0
4871,81.26452,free_swing,694,448,723,529,14.962,19.699,0,-610.79,1800.68,1,86.03,38.20,2500,1,0,0
4872,81.2812,free_swing,672,465,745,531,3.871,47.883,0,-597.68,1763.11,1,98.41,29.31,2500,0,0,0
4873,81.29788,free_swing,649,478,754,531,-5.477,63.217,0,-498.79,937.23,1,117.62,15.52,2500,1,0,0
4874,81.31457,free_swing,630,485,764,509,-12.171,79.846,0,-377.40,702.21,1,136.13,2.22,2500,1,0,0
4875,81.33125,free_swing,612,490,752,487,-17.889,91.228,0,-313.22,460.74,1,140.03,0.58,2500,1,0,0
4876,81.34793,free_swing,595,492,745,484,-23.025,93.053,0,-290.41,173.62,1,150.21,7.89,2500,1,0,0
4877,81.36462,free_swing,580,491,736,472,-27.565,96.944,0,-269.44,74.12,1,157.15,12.88,2500,0,0,0
4878,81.3813,free_swing,563,491,725,470,-32.167,97.386,0,-265.93,68.42,1,163.36,17.33,2500,0,0,0
4879,81.39798,free_swing,548,488,708,464,-36.397,98.531,0,-268.48,50.53,1,161.79,16.21,2500,0,0,0
4880,81.41467,free_swing,531,483,695,456,-41.159,99.349,0,-276.27,143.91,1,166.21,19.38,2500,0,0,0
4881,81.43135,free_swing,516,476,678,443,-45.591,101.514,0,-274.96,-2.53,1,165.33,18.75,2500,0,0,0
4882,81.44803,free_swing,499,468,666,431,-50.332,102.492,0,-263.88,-175.21,1,171.05,22.86,2500,0,0,0
4883,81.46472,free_swing,486,459,646,451,-54.340,92.862,0,-247.62,-385.86,1,160.20,15.07,2500,1,0,0
4884,81.4814,free_swing,474,448,629,451,-58.460,88.891,0,-220.15,-641.47,1,155.03,11.35,2500,1,0,0
4885,81.49808,free_swing,464,439,611,472,-61.734,77.347,0,-183.33,-587.35,0,150.66,8.21,2500,0,0,0
4886,81.51477,free_swing,456,431,583,494,-64.440,63.616,0,-127.06,-368.35,1,141.77,1.83,2500,1,0,0
4887,81.53145,free_swing,452,426,573,483,-65.987,64.776,0,-67.37,-223.26,0,133.75,3.93,2500,0,0,0
4888,81.54813,free_swing,451,424,553,477,-66.541,62.543,0,5.47,-131.63,1,114.95,17.44,2500,0,0,0
4889,81.56482,free_swing,453,426,536,496,-65.886,49.857,0,79.72,-812.24,1,108.58,22.01,2500,1,0,0
4890,81.5815,free_swing,458,433,528,503,-63.771,45.000,0,164.28,-1121.91,1,98.99,28.89,2500,1,0,0
4891,81.59818,free_swing,467,443,478,540,-60.476,6.470,0,254.34,-1482.13,1,97.62,29.88,2500,1,0,0
4892,81.61487,free_swing,482,456,477,513,-55.586,-5.013,0,321.70,-1695.03,1,57.22,58.90,2500,1,0,0
4893,81.63155,free_swing,500,470,427,554,-49.748,-40.992,0,333.56,-1420.16,1,111.29,20.06,2500,1,0,0
4894,81.64823,free_swing,519,479,410,535,-44.409,-62.808,0,299.60,-1484.04,1,122.54,11.98,2500,0,0,0
4895,81.66492,free_swing,535,484,419,505,-40.101,-79.739,0,251.87,-783.86,1,117.89,15.33,2500,1,0,0
4896,81.6816,free_swing,549,489,423,470,-35.984,-98.575,0,212.62,-728.48,0,127.42,8.47,2500,0,0,0
4897,81.69828,free_swing,562,490,417,472,-32.588,-97.076,0,211.98,-664.30,0,146.11,4.95,2500,0,0,0
4898,81.71497,free_swing,574,491,451,419,-29.238,-120.343,0,243.81,-535.34,0,142.52,2.37,2500,0,0,0
4899,81.73165,free_swing,591,491,465,410,-24.362,-122.735,0,291.04,-272.82,1,149.79,7.59,2500,1,0,0
4900,81.74833,free_swing,608,490,483,405,-19.193,-124.216,0,324.49,-146.75,0,151.16,8.58,2500,0,0,0
4901,81.76502,free_swing,625,486,492,399,-13.861,-123.190,0,326.90,-164.24,1,158.93,14.15,2500,0,0,0
4902,81.7817,free_swing,642,480,524,357,-8.076,-136.189,0,343.28,272.11,1,170.45,22.43,2500,1,0,0
4903,81.79838,free_swing,657,472,517,396,-2.454,-118.496,0,373.55,461.21,1,159.30,14.42,2500,0,0,0
4904,81.81507,free_swing,673,464,525,417,4.332,-107.618,0,426.47,482.18,1,155.28,11.54,2500,0,0,0
4905,81.83175,free_swing,688,452,548,396,11.768,-111.801,0,482.43,213.03,1,150.78,8.30,2500,1,0,0
4906,81.84843,free_swing,702,438,551,405,20.200,-102.328,0,492.56,286.94,1,154.56,11.02,2500,0,0,0
4907,81.86512,free_swing,713,425,562,413,28.264,-94.544,0,459.43,552.12,1,151.48,8.80,2500,1,0,0
4908,81.8818,free_swing,720,413,581,413,35.134,-90.000,0,388.52,746.17,0,139.00,0.16,2500,0,0,0
4909,81.89848,free_swing,725,404,591,442,40.732,-74.168,0,249.64,119.70,1,139.28,0.04,2500,1,0,0
4910,81.91517,free_swing,728,399,600,456,44.132,-65.996,0,93.96,181.60,0,140.12,0.64,2500,0,0,0
4911,81.93185,free_swing,728,401,641,401,43.290,-90.000,0,-59.49,419.26,1,87.00,37.51,2500,1,0,0
4912,81.94853,free_swing,726,402,628,490,41.987,-48.077,0,-179.86,963.68,1,131.71,5.39,2500,1,0,0
4913,81.96522,free_swing,723,409,641,496,37.926,-43.305,0,-279.96,1015.74,1,119.55,14.13,2500,0,0,0
4914,81.9819,free_swing,718,419,659,526,32.300,-28.872,0,-399.24,396.46,1,122.19,12.24,2500,1,0,0
4915,81.99858,free_swing,709,431,672,522,24.922,-22.126,0,-480.08,1050.89,1,98.23,29.44,2500,1,0,0
4916,82.01527,free_swing,696,446,692,530,16.144,-2.726,0,-572.98,1193.59,1,84.10,39.60,2500,0,0,0
4917,82.03195,free_swing,678,462,715,531,6.582,28.202,0,-608.38,1404.91,1,78.29,43.76,2500,1,0,0
4918,82.04863,free_swing,652,477,739,589,-4.338,37.840,0,-572.60,1166.02,1,141.82,1.87,2500,1,0,0
4919,82.06532,free_swing,629,485,738,537,-12.529,64.496,0,-470.71,856.27,1,120.77,13.26,2500,1,0,0
4920,82.082,free_swing,607,490,745,531,-19.516,73.453,0,-351.52,792.68,0,143.96,3.40,2500,0,0,0
4921,82.09868,free_swing,590,491,732,509,-24.661,82.776,0,-290.99,456.87,1,143.14,2.81,2500,1,0,0
4922,82.11537,free_swing,574,492,726,482,-29.085,93.764,0,-265.27,328.98,0,152.33,9.41,2500,0,0,0
4923,82.13205,free_swing,558,490,721,475,-33.606,95.258,0,-262.19,313.81,1,163.69,17.57,2500,0,0,0
4924,82.14873,free_swing,542,486,703,464,-38.157,97.781,0,-261.97,299.01,1,162.50,16.72,2500,0,0,0
4925,82.16542,free_swing,527,482,696,425,-42.198,108.638,0,-260.55,4.25,1,178.35,28.11,2500,1,0,0
4926,82.1821,free_swing,511,475,682,436,-46.747,102.848,0,-258.42,-398.84,1,175.39,25.98,2500,1,0,0
4927,82.19878,free_swing,496,467,658,471,-51.049,88.586,0,-256.99,-533.38,1,162.05,16.40,2500,0,0,0
4928,82.21547,free_swing,484,457,641,468,-55.072,85.992,0,-240.08,-320.49,1,157.38,13.05,2500,1,0,0
4929,82.23215,free_swing,471,447,627,467,-59.080,82.694,0,-222.53,-188.15,1,157.28,12.97,2500,0,0,0
4930,82.24883,free_swing,462,437,609,473,-62.418,76.239,0,-186.76,-245.85,0,151.34,8.71,2500,0,0,0
4931,82.26552,free_swing,455,428,595,470,-65.225,73.301,0,-128.09,-386.26,0,146.16,4.99,2500,0,0,0
4932,82.2822,free_swing,451,423,580,479,-66.769,66.534,0,-64.94,-615.94,1,140.63,1.01,2500,1,0,0
4933,82.29888,free_swing,449,422,556,507,-67.190,51.537,0,-0.47,-695.93,0,136.65,1.85,2500,0,0,0
4934,82.31557,free_swing,451,423,537,528,-66.769,39.319,0,67.08,-813.05,0,135.72,2.51,2500,0,0,0
4935,82.33225,free_swing,454,429,516,534,-65.103,30.561,0,137.22,-892.15,1,121.94,12.41,2500,0,0,0
4936,82.34893,free_swing,464,438,480,563,-61.957,7.294,0,224.56,-1029.02,0,126.02,9.48,2500,0,0,0
4937,82.36562,free_swing,475,450,459,579,-57.885,-7.070,0,307.85,-1190.40,0,129.99,6.63,2500,0,0,0
4938,82.3823,free_swing,493,465,458,537,-51.962,-25.925,0,349.88,-1112.23,1,80.06,42.50,2500,0,0,0
4939,82.39898,free_swing,513,477,435,543,-45.971,-49.764,0,336.66,-1260.02,1,102.18,26.61,2500,0,0,0
4940,82.41567,free_swing,531,484,415,537,-40.972,-65.445,0,286.28,-1477.52,1,127.53,8.40,2500,1,0,0
4941,82.43235,free_swing,547,488,434,486,-36.634,-91.014,0,240.77,-909.74,1,113.02,18.82,2500,1,0,0
4942,82.44903,free_swing,562,490,452,446,-32.588,-111.801,0,234.69,-432.55,1,118.47,14.90,2500,1,0,0
4943,82.46572,free_swing,575,491,428,478,-28.963,-95.054,0,252.09,-251.84,0,147.57,6.00,2500,0,0,0
4944,82.4824,free_swing,592,491,460,437,-24.063,-112.249,0,291.13,-114.31,0,142.62,2.44,2500,0,0,0
4945,82.49908,free_swing,609,488,479,412,-19.093,-120.311,0,334.51,-404.10,1,150.59,8.16,2500,1,0,0
4946,82.51577,free_swing,627,485,480,438,-13.241,-107.731,0,334.27,79.26,1,154.33,10.85,2500,1,0,0
4947,82.53245,free_swing,644,480,521,399,-7.316,-123.366,0,351.91,105.97,0,147.28,5.78,2500,0,0,0
4948,82.54913,free_swing,658,472,512,422,-2.045,-108.905,0,374.71,222.20,1,154.32,10.85,2500,0,0,0
4949,82.56582,free_swing,675,462,534,416,5.274,-108.068,0,428.59,477.33,1,148.31,6.53,2500,1,0,0
4950,82.5825,free_swing,689,450,552,430,12.426,-98.306,0,476.86,415.88,0,138.45,0.55,2500,0,0,0
4951,82.59918,free_swing,703,438,565,429,20.674,-93.731,0,471.01,495.15,0,138.29,0.67,2500,0,0,0
4952,82.61587,free_swing,713,425,572,448,28.264,-80.735,0,420.69,382.93,0,142.86,2.62,2500,0,0,0
4953,82.63255,free_swing,720,415,599,438,34.479,-79.237,0,321.92,571.66,1,123.17,11.53,2500,0,0,0
4954,82.64923,free_swing,723,407,622,445,38.660,-69.382,0,205.71,434.97,1,107.91,22.49,2500,0,0,0
4955,82.66592,free_swing,726,404,622,477,41.186,-54.934,0,47.93,366.98,0,127.06,8.73,2500,0,0,0
4956,82.6826,free_swing,726,405,643,454,40.795,-59.444,0,-98.71,378.14,1,96.38,30.77,2500,0,0,0
4957,82.69928,free_swing,723,411,651,476,37.216,-47.925,0,-239.48,720.71,1,97.00,30.33,2500,1,0,0
4958,82.71597,free_swing,719,418,673,500,33.071,-29.291,0,-356.78,1125.94,1,94.02,32.47,2500,1,0,0
4959,82.73265,free_swing,710,429,694,512,25.852,-10.911,0,-460.58,999.93,1,84.53,39.29,2500,0,0,0
4960,82.74933,free_swing,698,444,708,532,17.354,6.483,0,-551.09,1486.91,1,88.57,36.39,2500,1,0,0
4961,82.76602,free_swing,681,460,723,538,8.005,28.301,0,-577.92,2041.62,1,88.59,36.37,2500,1,0,0
4962,82.7827,free_swing,659,475,747,497,-1.602,75.964,0,-536.00,1441.33,1,90.71,34.85,2500,1,0,0
4963,82.79938,free_swing,636,483,756,479,-10.138,91.909,0,-443.69,598.79,1,120.07,13.76,2500,1,0,0
4964,82.81607,free_swing,618,488,756,520,-16.091,76.945,0,-338.41,56.26,1,141.66,1.75,2500,1,0,0
4965,82.83275,free_swing,601,490,744,475,-21.425,95.988,0,-284.52,351.71,1,143.78,3.28,2500,1,0,0
4966,82.84943,free_swing,586,492,738,463,-25.699,100.802,0,-269.73,532.09,1,154.74,11.15,2500,0,0,0
4967,82.86612,free_swing,570,490,723,452,-30.481,103.948,0,-254.86,109.11,1,157.65,13.23,2500,1,0,0
4968,82.8828,free_swing,555,489,712,437,-34.524,108.325,0,-251.58,124.66,1,165.39,18.79,2500,0,0,0
4969,82.89948,free_swing,540,486,699,438,-38.614,106.798,0,-252.15,9.40,1,166.09,19.30,2500,0,0,0
4970,82.91617,free_swing,524,481,688,425,-43.011,108.853,0,-264.98,-84.52,1,173.30,24.47,2500,0,0,0
4971,82.93285,free_swing,509,473,671,432,-47.523,104.203,0,-266.03,-190.13,1,167.11,20.03,2500,0,0,0
4972,82.94953,free_swing,494,465,656,433,-51.798,101.174,0,-255.12,-548.30,1,165.13,18.61,2500,1,0,0
4973,82.96622,free_swing,481,455,636,451,-55.948,91.478,0,-236.12,-468.83,1,155.05,11.37,2500,0,0,0
4974,82.9829,free_swing,470,445,622,478,-59.651,77.751,0,-208.26,-377.51,1,155.54,11.72,2500,0,0,0
4975,82.99958,free_swing,461,436,614,454,-62.758,83.290,0,-158.45,-187.47,1,154.06,10.65,2500,0,0,0
4976,83.01627,free_swing,455,429,589,470,-64.998,72.987,0,-95.73,-310.79,0,140.13,0.65,2500,0,0,0
4977,83.03295,free_swing,453,426,580,475,-65.886,68.902,0,-31.79,-584.73,1,136.12,2.23,2500,1,0,0
4978,83.04963,free_swing,453,426,557,497,-65.886,55.679,0,34.90,-595.40,0,125.92,9.55,2500,0,0,0
4979,83.06632,free_swing,456,429,538,509,-64.892,45.707,0,99.92,-976.70,1,114.56,17.71,2500,1,0,0
4980,83.083,free_swing,462,437,520,540,-62.418,29.384,0,179.25,-1056.23,1,118.21,15.09,2500,0,0,0
4981,83.09968,free_swing,472,447,479,576,-58.948,3.106,0,268.61,-1301.01,1,129.19,7.21,2500,1,0,0
4982,83.11637,free_swing,488,460,470,561,-53.817,-10.105,0,335.32,-1542.41,1,102.59,26.31,2500,1,0,0
4983,83.13305,free_swing,508,473,437,552,-47.708,-41.947,0,348.78,-1336.12,1,106.22,23.71,2500,1,0,0
4984,83.14973,free_swing,527,482,443,518,-42.198,-66.801,0,305.79,-1150.07,1,91.39,34.36,2500,0,0,0
4985,83.16642,free_swing,543,487,413,531,-37.747,-71.301,0,249.55,-775.55,1,137.24,1.42,2500,1,0,0
4986,83.1831,free_swing,557,490,435,487,-33.857,-91.409,0,215.69,-663.39,1,122.04,12.34,2500,0,0,0
4987,83.19978,free_swing,570,491,440,463,-30.324,-102.155,0,221.44,-927.09,1,132.98,4.48,2500,1,0,0
4988,83.21647,free_swing,583,492,455,445,-26.565,-110.163,0,253.98,-493.06,1,136.36,2.06,2500,1,0,0
4989,83.23315,free_swing,600,490,486,399,-21.739,-128.598,0,298.34,-37.14,1,145.87,4.77,2500,1,0,0
4990,83.24983,free_swing,617,487,482,428,-16.530,-113.607,0,330.25,-46.04,0,147.33,5.82,2500,0,0,0
4991,83.26652,free_swing,634,483,493,419,-10.871,-114.413,0,330.87,-103.39,1,154.85,11.22,2500,0,0,0
4992,83.2832,free_swing,650,476,535,377,-5.159,-130.724,0,351.47,14.37,0,151.74,8.99,2500,0,0,0
4993,83.29988,free_swing,664,468,530,395,0.421,-118.580,0,379.90,235.50,1,152.59,9.60,2500,1,0,0
4994,83.31657,free_swing,680,458,531,418,7.684,-105.027,0,420.89,439.45,1,154.28,10.81,2500,1,0,0
4995,83.33325,free_swing,693,447,567,385,14.621,-116.200,0,461.19,342.43,0,140.43,0.87,2500,0,0,0
4996,83.34993,free_swing,705,434,560,418,22.380,-96.297,0,452.56,574.41,1,145.88,4.78,2500,1,0,0
4997,83.36662,free_swing,715,422,569,429,30.018,-87.255,0,404.96,810.60,1,146.17,4.99,2500,1,0,0
4998,83.3833,free_swing,721,413,583,443,35.605,-77.735,0,299.08,398.64,1,141.22,1.44,2500,1,0,0
4999,83.39998,free_swing,725,407,598,456,39.579,-68.902,0,163.80,379.75,0,136.12,2.23,2500,0,0,0
5000,83.41667,free_swing,726,404,611,453,41.186,-66.922,0,4.69,505.68,1,125.00,10.21,2500,0,0,0
5001,83.43335,free_swing,725,406,631,473,39.958,-54.520,0,-140.63,617.64,1,115.43,17.09,2500,0,0,0
5002,83.45003,free_swing,722,413,643,505,36.069,-40.653,0,-261.45,740.40,1,121.26,12.90,2500,0,0,0
5003,83.46672,free_swing,717,420,652,520,31.535,-33.024,0,-355.64,702.74,1,119.27,14.33,2500,0,0,0
5004,83.4834,free_swing,709,433,678,533,24.487,-17.223,0,-444.33,864.93,1,104.69,24.80,2500,0,0,0
5005,83.50008,free_swing,697,447,693,545,16.470,-2.337,0,-544.94,1179.24,1,98.08,29.55,2500,1,0,0
5006,83.51677,free_swing,679,461,713,557,7.070,19.502,0,-583.63,1417.96,1,101.84,26.85,2500,1,0,0
5007,83.53345,free_swing,655,476,739,562,-3.180,44.326,0,-558.24,1347.32,1,120.22,13.65,2500,0,0,0
5008,83.55013,free_swing,632,485,742,533,-11.454,66.425,0,-457.92,846.50,1,120.02,13.80,2500,1,0,0
5009,83.56682,free_swing,611,490,742,528,-18.217,73.824,0,-356.86,685.79,0,136.40,2.03,2500,0,0,0
5010,83.5835,free_swing,594,492,733,514,-23.328,81.006,0,-296.80,605.80,0,140.73,1.08,2500,0,0,0
5011,83.60018,free_swing,577,492,721,464,-28.258,101.004,0,-268.54,501.17,0,146.70,5.37,2500,0,0,0
5012,83.61687,free_swing,562,491,711,466,-32.425,99.525,0,-255.63,200.20,1,151.08,8.52,2500,1,0,0
5013,83.63355,free_swing,547,487,711,455,-36.811,101.041,0,-247.36,-48.94,1,167.09,20.02,2500,1,0,0
5014,83.65023,free_swing,532,484,696,448,-40.756,102.381,0,-246.75,-5.79,1,167.90,20.60,2500,0,0,0
5015,83.66692,free_swing,517,478,680,447,-45.000,100.768,0,-244.42,-113.80,1,165.92,19.18,2500,0,0,0
5016,83.6836,free_swing,503,471,670,450,-49.018,97.167,0,-254.17,-305.65,1,168.32,20.90,2500,0,0,0
5017,83.70028,free_swing,489,462,652,450,-53.236,94.210,0,-251.53,-110.42,1,163.44,17.40,2500,0,0,0
5018,83.71697,free_swing,476,451,633,460,-57.529,86.719,0,-235.99,-138.16,1,157.26,12.95,2500,0,0,0
5019,83.73365,free_swing,466,441,633,428,-61.044,94.451,0,-201.61,-391.42,1,167.51,20.31,2500,1,0,0
5020,83.75033,free_swing,458,432,606,467,-63.997,76.695,0,-148.12,-639.44,1,152.08,9.24,2500,1,0,0
5021,83.76702,free_swing,453,425,580,483,-66.114,65.454,0,-84.01,-652.00,0,139.62,0.28,2500,0,0,0
5022,83.7837,free_swing,451,423,566,495,-66.769,57.950,0,-15.13,-665.05,0,135.68,2.54,2500,0,0,0
5023,83.80038,free_swing,452,424,553,502,-66.442,52.322,0,46.52,-121.71,1,127.61,8.34,2500,1,0,0
5024,83.81707,free_swing,455,428,528,538,-65.225,33.570,0,116.46,-352.54,1,132.02,5.17,2500,1,0,0
5025,83.83375,free_swing,461,436,531,484,-62.758,55.561,0,193.87,-953.82,1,84.88,39.04,2500,1,0,0
5026,83.85043,free_swing,473,448,483,551,-58.595,5.545,0,276.48,-1713.08,1,103.48,25.67,2500,1,0,0
5027,83.86712,free_swing,487,461,457,552,-53.760,-18.246,0,335.06,-2086.86,1,95.82,31.18,2500,1,0,0
5028,83.8838,free_swing,508,473,449,525,-47.708,-48.608,0,336.42,-1234.12,1,78.64,43.51,2500,1,0,0
5029,83.90048,free_swing,527,482,436,524,-42.198,-65.225,0,304.62,-924.89,1,100.22,28.01,2500,1,0,0
5030,83.91717,free_swing,543,486,422,511,-37.926,-78.326,0,260.60,-845.40,1,123.56,11.25,2500,0,0,0
5031,83.93385,free_swing,558,490,420,495,-33.606,-87.925,0,234.36,-605.29,1,138.09,0.81,2500,1,0,0
5032,83.95053,free_swing,572,492,448,451,-29.629,-108.296,0,240.03,-401.02,1,130.60,6.19,2500,1,0,0
5033,83.96722,free_swing,586,491,436,469,-25.840,-98.344,0,264.92,-391.47,0,151.60,8.89,2500,0,0,0
5034,83.9839,free_swing,603,490,470,434,-20.794,-112.834,0,306.58,-311.55,0,144.31,3.65,2500,0,0,0
5035,84.00058,free_swing,620,488,496,413,-15.410,-121.167,0,329.04,-285.60,0,144.92,4.09,2500,0,0,0
5036,84.01727,free_swing,637,482,500,413,-9.834,-116.732,0,327.24,121.13,1,153.39,10.18,2500,1,0,0
5037,84.03395,free_swing,652,475,510,411,-4.399,-114.261,0,356.02,286.65,1,155.76,11.88,2500,0,0,0
5038,84.05063,free_swing,667,467,522,407,1.697,-112.479,0,398.09,287.72,1,156.92,12.71,2500,0,0,0
5039,84.06732,free_swing,683,456,535,424,9.162,-102.200,0,445.39,384.15,0,151.42,8.76,2500,0,0,0
5040,84.084,free_swing,696,444,551,422,16.417,-98.627,0,462.97,523.41,0,146.66,5.34,2500,0,0,0
5041,84.10068,free_swing,708,432,564,434,24.228,-89.204,0,436.10,498.90,0,144.01,3.44,2500,0,0,0
5042,84.11737,free_swing,716,420,574,452,31.059,-77.300,0,374.38,530.45,0,145.56,4.55,2500,0,0,0
5043,84.13405,free_swing,721,411,588,452,36.285,-72.867,0,257.59,635.18,0,139.18,0.03,2500,0,0,0
5044,84.15073,free_swing,725,407,611,467,39.579,-62.241,0,104.11,302.02,1,128.83,7.47,2500,1,0,0
5045,84.16742,free_swing,725,406,619,496,39.958,-49.667,0,-50.66,376.86,0,139.05,0.12,2500,0,0,0
5046,84.1841,free_swing,723,410,642,457,37.569,-59.876,0,-183.67,554.92,1,93.65,32.73,2500,0,0,0
5047,84.20078,free_swing,720,417,652,523,33.845,-32.681,0,-300.26,779.14,1,125.94,9.54,2500,1,0,0
5048,84.21747,free_swing,713,426,676,524,28.009,-20.684,0,-410.91,1151.46,1,104.75,24.76,2500,1,0,0
5049,84.23415,free_swing,702,439,691,522,20.026,-7.549,0,-515.15,1108.32,1,83.73,39.86,2500,0,0,0
5050,84.25083,free_swing,687,455,721,546,11.041,20.487,0,-578.78,1454.47,1,97.14,30.22,2500,1,0,0
5051,84.26752,free_swing,666,470,739,553,1.245,41.332,0,-567.99,1323.67,1,110.54,20.61,2500,0,0,0
5052,84.2842,free_swing,642,481,743,534,-8.022,62.312,0,-480.63,811.94,1,114.06,18.07,2500,1,0,0
5053,84.30088,free_swing,622,487,756,533,-14.816,71.053,0,-365.21,531.94,1,141.68,1.76,2500,1,0,0
5054,84.31757,free_swing,606,490,751,526,-19.837,76.057,0,-284.71,322.11,1,149.40,7.31,2500,1,0,0
5055,84.33425,free_swing,590,492,736,505,-24.525,84.912,0,-264.79,315.99,0,146.58,5.28,2500,0,0,0
5056,84.35093,free_swing,575,492,732,498,-28.811,87.811,0,-257.59,387.25,1,157.11,12.85,2500,0,0,0
5057,84.36762,free_swing,560,489,718,478,-33.267,93.983,0,-255.03,359.02,1,158.38,13.76,2500,0,0,0
5058,84.3843,free_swing,545,487,704,451,-37.282,102.758,0,-257.95,196.55,1,163.02,17.10,2500,0,0,0
5059,84.40098,free_swing,529,482,685,448,-41.775,102.295,0,-251.54,31.34,1,159.66,14.68,2500,0,0,0
5060,84.41767,free_swing,514,476,676,448,-45.978,99.806,0,-256.47,166.67,1,164.40,18.09,2500,0,0,0
5061,84.43435,free_swing,500,469,659,424,-49.953,105.803,0,-251.98,113.08,1,165.25,18.69,2500,0,0,0
5062,84.45103,free_swing,485,459,655,397,-54.493,110.037,0,-247.45,-278.90,1,180.95,29.97,2500,1,0,0
5063,84.46772,free_swing,474,449,635,439,-58.241,93.554,0,-224.91,-854.83,1,161.31,15.86,2500,1,0,0
5064,84.4844,free_swing,464,439,618,462,-61.734,81.506,0,-180.01,-725.84,1,155.71,11.84,2500,0,0,0
5065,84.50108,free_swing,457,431,595,488,-64.332,67.557,0,-127.53,-430.38,1,149.31,7.24,2500,1,0,0
5066,84.51777,free_swing,453,426,587,471,-65.886,71.437,0,-60.37,-163.82,1,141.35,1.53,2500,1,0,0
5067,84.53445,free_swing,451,425,568,497,-66.314,58.392,0,5.99,-421.34,1,137.38,1.32,2500,1,0,0
5068,84.55113,free_swing,453,427,558,491,-65.659,58.637,0,71.79,-1036.99,1,122.97,11.68,2500,1,0,0
5069,84.56782,free_swing,459,432,521,535,-63.886,31.045,0,141.75,-548.28,1,120.22,13.65,2500,1,0,0
5070,84.5845,free_swing,467,441,502,555,-60.921,17.067,0,226.81,-838.85,1,119.25,14.34,2500,1,0,0
5071,84.60118,free_swing,480,453,505,500,-56.527,28.009,0,312.80,-1178.67,1,53.24,61.76,2500,1,0,0
5072,84.61787,free_swing,497,468,444,577,-50.673,-25.931,0,353.88,-1773.29,1,121.20,12.94,2500,1,0,0
5073,84.63455,free_swing,518,479,424,567,-44.608,-46.888,0,334.50,-1755.23,0,128.76,7.51,2500,0,0,0
5074,84.65123,free_swing,536,485,426,532,-39.695,-66.864,0,281.22,-928.66,1,119.62,14.08,2500,1,0,0
5075,84.66792,free_swing,552,488,426,503,-35.433,-83.211,0,232.86,-795.66,0,126.89,8.86,2500,0,0,0
5076,84.6846,free_swing,565,491,429,481,-31.648,-94.205,0,217.76,-420.48,1,136.37,2.05,2500,1,0,0
5077,84.70128,free_swing,578,491,440,471,-28.129,-98.246,0,241.30,-348.48,0,139.44,0.16,2500,0,0,0
5078,84.71797,free_swing,593,491,452,460,-23.762,-102.400,0,282.26,-441.78,0,144.37,3.70,2500,0,0,0
5079,84.73465,free_swing,611,488,481,429,-18.435,-114.411,0,315.10,-274.25,0,142.76,2.54,2500,0,0,0
5080,84.75133,free_swing,627,485,493,417,-13.241,-116.906,0,323.55,-84.35,0,150.27,7.93,2500,0,0,0
5081,84.76802,free_swing,643,479,499,425,-7.748,-110.556,0,329.56,-39.27,1,153.79,10.46,2500,0,0,0
5082,84.7847,free_swing,658,472,518,399,-2.045,-117.539,0,374.24,-33.79,1,157.89,13.41,2500,0,0,0
5083,84.80138,free_swing,673,463,538,391,4.365,-118.072,0,422.45,204.86,1,153.00,9.90,2500,1,0,0
5084,84.81807,free_swing,689,452,545,406,12.225,-107.716,0,452.55,401.66,0,151.17,8.58,2500,0,0,0
5085,84.83475,free_swing,701,439,556,414,19.552,-99.782,0,455.58,584.24,0,147.14,5.69,2500,0,0,0
5086,84.85143,free_swing,711,427,579,410,26.806,-97.339,0,423.73,525.31,0,133.09,4.40,2500,0,0,0
5087,84.86812,free_swing,719,416,583,446,33.690,-77.560,0,358.87,467.80,0,139.27,0.03,2500,0,0,0
5088,84.8848,free_swing,723,407,596,433,38.660,-78.430,0,230.25,436.37,0,129.63,6.89,2500,0,0,0
5089,84.90148,free_swing,726,404,612,444,41.186,-70.665,0,62.58,472.47,1,120.81,13.22,2500,0,0,0
5090,84.91817,free_swing,726,405,618,471,40.795,-58.570,0,-95.65,680.36,1,126.57,9.09,2500,1,0,0
5091,84.93485,free_swing,723,409,630,496,37.926,-46.909,0,-227.96,465.89,1,127.35,8.53,2500,1,0,0
5092,84.95153,free_swing,719,417,649,495,33.378,-41.906,0,-314.93,505.30,1,104.80,24.72,2500,0,0,0
5093,84.96822,free_swing,712,427,660,505,27.284,-33.690,0,-398.70,883.92,1,93.74,32.67,2500,1,0,0
5094,84.9849,free_swing,703,440,682,549,20.323,-10.905,0,-508.62,1316.40,1,111.00,20.27,2500,1,0,0
5095,85.00158,free_swing,687,456,707,544,10.954,12.804,0,-586.00,1584.40,1,90.24,35.18,2500,1,0,0
5096,85.01827,free_swing,664,471,737,571,0.412,36.129,0,-585.48,1405.01,1,123.81,11.07,2500,0,0,0
5097,85.03495,free_swing,641,482,738,534,-8.344,61.805,0,-490.47,957.14,1,110.06,20.95,2500,1,0,0
5098,85.05163,free_swing,619,489,744,534,-15.656,70.201,0,-389.98,490.22,1,132.85,4.58,2500,1,0,0
5099,85.06832,free_swing,601,491,741,531,-21.303,74.055,0,-323.96,347.78,0,145.60,4.58,2500,0,0,0
5100,85.085,free_swing,583,492,729,511,-26.565,82.585,0,-278.70,502.02,0,147.23,5.75,2500,0,0,0
5101,85.10168,free_swing,568,491,725,483,-30.858,92.917,0,-258.43,440.21,1,157.20,12.92,2500,0,0,0
5102,85.11837,free_swing,553,489,714,469,-35.017,97.081,0,-242.99,148.92,1,162.24,16.53,2500,1,0,0
5103,85.13505,free_swing,538,485,698,464,-39.249,97.477,0,-248.79,-14.63,1,161.37,15.91,2500,0,0,0
5104,85.15173,free_swing,523,481,685,465,-43.216,95.641,0,-255.50,-17.91,1,162.79,16.93,2500,0,0,0
5105,85.16842,free_swing,508,473,670,452,-47.708,97.386,0,-257.25,-91.81,1,163.36,17.33,2500,0,0,0
5106,85.1851,free_swing,493,465,658,450,-51.962,95.194,0,-252.91,-46.08,1,165.68,19.00,2500,0,0,0
5107,85.20178,free_swing,481,455,644,454,-55.948,90.352,0,-236.25,-244.56,1,163.00,17.08,2500,0,0,0
5108,85.21847,free_swing,469,445,633,440,-59.780,91.746,0,-216.76,-429.84,1,164.08,17.85,2500,0,0,0
5109,85.23515,free_swing,460,435,611,473,-63.097,75.875,0,-170.54,-588.28,1,155.71,11.84,2500,0,0,0
5110,85.25183,free_swing,454,427,591,483,-65.556,67.767,0,-108.46,-712.64,0,148.00,6.31,2500,0,0,0
5111,85.26852,free_swing,451,424,567,497,-66.541,57.817,0,-41.64,-608.22,0,137.06,1.55,2500,0,0,0
5112,85.2852,free_swing,450,423,549,521,-66.866,45.291,0,23.77,-609.00,0,139.30,0.06,2500,0,0,0
5113,85.30188,free_swing,453,426,528,524,-65.886,37.427,0,87.20,-257.64,1,123.41,11.36,2500,1,0,0
5114,85.31857,free_swing,458,433,514,524,-63.771,31.608,0,165.65,-481.93,1,106.85,23.25,2500,1,0,0
5115,85.33525,free_swing,467,443,501,506,-60.476,28.355,0,252.30,-1235.94,1,71.59,48.58,2500,1,0,0
5116,85.35193,free_swing,482,456,471,527,-55.586,-8.807,0,328.15,-1406.95,1,71.85,48.39,2500,0,0,0
5117,85.36862,free_swing,501,470,452,531,-49.574,-38.774,0,353.19,-2644.36,1,78.24,43.80,2500,1,0,1
5118,85.3853,free_swing,521,480,414,549,-43.815,-57.184,0,320.60,-2324.08,1,127.32,8.55,2500,1,0,0
5119,85.40198,free_swing,538,486,480,414,-39.066,-141.147,0,266.13,-1082.15,1,92.46,33.59,2500,1,0,0
5120,85.41867,free_swing,553,489,451,458,-35.017,-106.905,0,223.80,187.61,1,106.61,23.43,2500,1,0,0
5121,85.43535,free_swing,566,491,429,476,-31.386,-96.248,0,214.28,752.97,1,137.82,1.01,2500,1,0,0
5122,85.45203,free_swing,579,491,451,449,-27.848,-108.166,0,240.28,-323.10,1,134.71,3.24,2500,1,0,0
5123,85.46872,free_swing,594,491,457,437,-23.459,-111.512,0,275.90,-750.56,1,147.26,5.77,2500,1,0,0
5124,85.4854,free_swing,611,489,477,429,-18.325,-114.121,0,311.84,-457.71,1,146.82,5.46,2500,1,0,0
5125,85.50208,free_swing,627,485,532,365,-13.241,-141.633,0,328.01,-101.32,1,153.05,9.93,2500,1,0,0
5126,85.51877,free_swing,644,479,511,410,-7.365,-117.420,0,340.75,338.31,1,149.83,7.62,2500,1,0,0
5127,85.53545,free_swing,659,471,528,406,-1.648,-116.390,0,378.74,570.56,1,146.24,5.04,2500,1,0,0
5128,85.55213,free_swing,674,463,533,405,4.800,-112.360,0,413.64,198.99,1,152.46,9.51,2500,1,0,0
5129,85.56882,free_swing,689,450,555,416,12.426,-104.237,0,446.33,585.11,1,138.25,0.70,2500,1,0,0
5130,85.5855,free_swing,701,439,556,424,19.552,-95.906,0,445.41,538.28,0,145.77,4.71,2500,0,0,0
5131,85.60218,free_swing,711,427,567,447,26.806,-82.093,0,398.12,511.52,0,145.38,4.42,2500,0,0,0
5132,85.61887,free_swing,718,417,586,437,32.905,-81.384,0,302.00,584.43,0,133.51,4.11,2500,0,0,0
5133,85.63555,free_swing,722,411,600,464,36.754,-66.519,0,163.42,435.21,0,133.02,4.46,2500,0,0,0
5134,85.65223,free_swing,724,410,618,479,38.027,-56.938,0,3.85,593.50,0,126.48,9.15,2500,0,0,0
5135,85.66892,free_swing,723,411,632,472,37.216,-56.165,0,-123.11,510.62,1,109.55,21.31,2500,0,0,0
5136,85.6856,free_swing,720,418,649,517,33.536,-35.647,0,-253.75,758.46,1,121.83,12.49,2500,1,0,0
5137,85.70228,free_swing,715,425,662,521,29.211,-28.902,0,-350.89,817.38,1,109.66,21.24,2500,0,0,0
5138,85.71897,free_swing,705,438,686,569,21.615,-8.253,0,-461.25,1400.07,1,132.37,4.92,2500,1,0,0
5139,85.73565,free_swing,693,451,712,575,14.149,8.711,0,-569.19,1689.50,1,125.45,9.89,2500,1,0,0
5140,85.75233,free_swing,671,467,741,513,3.391,56.689,0,-586.32,1331.86,1,83.76,39.84,2500,1,0,0
5141,85.76902,free_swing,647,480,749,547,-6.170,56.701,0,-525.83,1051.10,1,122.04,12.34,2500,1,0,0
5142,85.7857,free_swing,626,486,754,524,-13.510,73.465,0,-399.43,566.55,1,133.52,4.10,2500,1,0,0
5143,85.80238,free_swing,608,489,750,484,-19.306,92.017,0,-318.98,580.26,0,142.09,2.06,2500,0,0,0
5144,85.81907,free_swing,591,491,741,494,-24.362,88.854,0,-276.02,21.92,1,150.03,7.76,2500,1,0,0
5145,85.83575,free_swing,576,491,726,487,-28.686,91.528,0,-255.13,165.08,0,150.05,7.78,2500,0,0,0
5146,85.85243,free_swing,561,490,724,483,-32.845,92.459,0,-248.63,412.97,1,163.15,17.19,2500,1,0,0
5147,85.86912,free_swing,546,487,708,431,-37.047,109.069,0,-243.72,273.14,1,171.41,23.12,2500,0,0,0
5148,85.8858,free_swing,531,483,691,445,-41.159,103.360,0,-242.37,92.49,1,164.45,18.12,2500,0,0,0
5149,85.90248,free_swing,517,478,679,439,-45.000,103.536,0,-249.76,-307.94,1,166.63,19.68,2500,1,0,0
5150,85.91917,free_swing,502,470,667,435,-49.399,101.976,0,-257.87,-351.90,1,168.67,21.15,2500,0,0,0
5151,85.93585,free_swing,487,461,651,466,-53.760,88.254,0,-255.15,-469.55,1,164.08,17.85,2500,0,0,0
5152,85.95253,free_swing,476,450,635,466,-57.747,84.254,0,-231.75,-455.50,1,159.80,14.78,2500,0,0,0
5153,85.96922,free_swing,465,440,618,473,-61.390,77.829,0,-197.16,-448.37,1,156.52,12.42,2500,0,0,0
5154,85.9859,free_swing,457,431,601,489,-64.332,68.062,0,-150.29,-495.49,1,155.24,11.51,2500,0,0,0
5155,86.00258,free_swing,451,425,585,503,-66.314,59.797,0,-91.12,-213.21,1,155.05,11.37,2500,1,0,0
5156,86.01927,free_swing,450,421,573,497,-67.323,58.289,0,-25.57,-338.58,0,144.59,3.85,2500,0,0,0
5157,86.03595,free_swing,449,422,563,498,-67.190,56.310,0,41.27,-511.63,0,137.01,1.59,2500,0,0,0
5158,86.05263,free_swing,453,426,531,543,-65.886,33.690,0,110.05,-878.07,1,140.62,1.00,2500,1,0,0
5159,86.06932,free_swing,458,434,517,542,-63.547,28.648,0,173.80,-877.81,1,123.07,11.61,2500,0,0,0
5160,86.086,free_swing,469,444,483,575,-60.001,6.100,0,251.98,-930.45,0,131.75,5.37,2500,0,0,0
5161,86.10268,free_swing,483,456,476,549,-55.437,-4.304,0,329.07,-1062.99,1,93.26,33.01,2500,0,0,0
5162,86.11937,free_swing,503,470,447,562,-49.222,-31.329,0,358.81,-1816.07,1,107.70,22.64,2500,1,0,0
5163,86.13605,free_swing,524,480,421,564,-43.204,-50.802,0,335.46,-1719.65,0,132.91,4.53,2500,0,0,0
5164,86.15273,free_swing,541,486,468,468,-38.387,-103.851,0,275.25,-846.70,1,75.19,46.00,2500,1,0,0
5165,86.16942,free_swing,557,489,432,507,-34.026,-81.806,0,238.19,-366.76,1,126.29,9.29,2500,1,0,0
5166,86.1861,free_swing,570,491,436,485,-30.324,-92.564,0,229.16,-274.12,0,134.13,3.65,2500,0,0,0
5167,86.20278,free_swing,584,492,460,445,-26.278,-110.758,0,254.27,-612.54,1,132.61,4.75,2500,1,0,0
5168,86.21947,free_swing,599,491,476,436,-21.926,-114.092,0,289.05,-211.95,1,134.74,3.22,2500,1,0,0
5169,86.23615,free_swing,617,488,477,448,-16.429,-105.945,0,321.03,138.48,1,145.60,4.58,2500,1,0,0
5170,86.25283,free_swing,633,483,502,416,-11.237,-117.087,0,340.89,168.29,0,147.14,5.69,2500,0,0,0
5171,86.26952,free_swing,650,476,502,441,-5.159,-103.305,0,355.60,139.31,0,152.08,9.24,2500,0,0,0
5172,86.2862,free_swing,665,469,519,432,0.836,-104.221,0,392.36,49.77,0,150.62,8.18,2500,0,0,0
5173,86.30288,free_swing,680,459,543,420,7.624,-105.890,0,428.01,15.91,0,142.44,2.31,2500,0,0,0
5174,86.31957,free_swing,694,446,560,406,15.213,-106.621,0,465.19,317.24,1,139.84,0.45,2500,1,0,0
5175,86.33625,free_swing,706,434,561,433,22.859,-90.395,0,454.59,592.88,1,145.00,4.15,2500,1,0,0
5176,86.35293,free_swing,716,423,576,430,30.217,-87.138,0,388.16,726.70,0,140.17,0.68,2500,0,0,0
5177,86.36962,free_swing,721,413,590,458,35.605,-71.042,0,254.09,687.63,0,138.51,0.51,2500,0,0,0
5178,86.3863,free_swing,724,408,601,479,38.752,-60.005,0,103.11,566.06,0,142.02,2.01,2500,0,0,0
5179,86.40298,free_swing,724,408,620,490,38.752,-51.746,0,-33.97,534.21,0,132.44,4.87,2500,0,0,0
5180,86.41967,free_swing,723,410,642,481,37.569,-48.764,0,-158.82,315.95,1,107.71,22.63,2500,1,0,0
5181,86.43635,free_swing,720,417,655,526,33.845,-30.809,0,-267.80,485.04,0,126.91,8.84,2500,0,0,0
5182,86.45303,free_swing,714,427,674,480,28.229,-37.042,0,-402.89,871.71,1,66.40,52.31,2500,1,0,0
5183,86.46972,free_swing,704,439,693,539,20.966,-6.277,0,-518.80,1350.54,1,100.60,27.74,2500,1,0,0
5184,86.4864,free_swing,687,454,717,554,11.129,16.699,0,-589.13,1854.65,1,104.40,25.01,2500,1,0,0
5185,86.50308,free_swing,666,469,744,545,1.254,45.744,0,-577.83,1333.37,1,108.90,21.78,2500,1,0,0
5186,86.51977,free_swing,643,481,752,525,-7.645,68.018,0,-477.23,825.54,1,117.55,15.57,2500,1,0,0
5187,86.53645,free_swing,622,487,760,532,-14.816,71.940,0,-369.30,703.11,0,145.15,4.26,2500,0,0,0
5188,86.55313,free_swing,606,490,750,511,-19.837,81.703,0,-293.09,523.29,0,145.52,4.53,2500,0,0,0
5189,86.56982,free_swing,590,492,737,458,-24.525,103.023,0,-264.62,498.75,0,150.88,8.37,2500,0,0,0
5190,86.5865,free_swing,575,491,734,483,-28.963,92.880,0,-259.46,136.43,1,159.20,14.35,2500,1,0,0
5191,86.60318,free_swing,560,489,715,452,-33.267,103.426,0,-249.68,-83.34,1,159.35,14.46,2500,1,0,0
5192,86.61987,free_swing,544,488,706,465,-37.337,98.081,0,-253.98,-62.85,1,163.62,17.53,2500,0,0,0
5193,86.63655,free_swing,529,483,688,464,-41.586,96.814,0,-259.14,-164.23,1,160.13,15.02,2500,0,0,0
5194,86.65323,free_swing,513,476,678,469,-46.169,92.429,0,-264.99,-71.71,1,165.15,18.62,2500,0,0,0
5195,86.66992,free_swing,499,468,664,450,-50.332,96.226,0,-260.61,-189.60,1,165.98,19.22,2500,0,0,0
5196,86.6866,free_swing,485,458,641,465,-54.707,87.431,0,-243.22,-247.62,1,156.16,12.16,2500,0,0,0
5197,86.70328,free_swing,473,448,631,467,-58.595,83.143,0,-220.98,-451.33,1,159.14,14.30,2500,1,0,0
5198,86.71997,free_swing,463,439,614,467,-61.853,79.495,0,-183.09,-50.46,1,153.57,10.31,2500,1,0,0
5199,86.73665,free_swing,456,430,598,481,-64.666,70.244,0,-136.85,-401.30,1,150.88,8.37,2500,1,0,0
5200,86.75333,free_swing,452,424,591,452,-66.442,78.611,0,-75.27,-619.02,1,141.79,1.85,2500,1,0,0
5201,86.77002,free_swing,450,422,557,529,-67.094,45.000,0,-3.80,-733.61,0,151.32,8.69,2500,0,0,0
5202,86.7867,free_swing,451,424,546,517,-66.541,45.610,0,63.76,-817.73,0,132.94,4.51,2500,0,0,0
5203,86.80338,free_swing,456,429,522,536,-64.892,31.667,0,134.81,-627.66,0,125.72,9.70,2500,0,0,0
5204,86.82007,free_swing,463,438,495,556,-62.076,15.173,0,219.41,-1024.47,1,122.26,12.18,2500,1,0,0
5205,86.83675,free_swing,476,450,473,542,-57.747,-1.868,0,310.23,-1426.96,1,92.05,33.88,2500,1,0,0
5206,86.85343,free_swing,493,465,473,509,-51.962,-24.444,0,352.85,-1507.21,1,48.33,65.28,2500,0,0,0
5207,86.87012,free_swing,514,477,449,513,-45.779,-61.020,0,337.17,-1365.70,1,74.30,46.63,2500,0,0,0
5208,86.8868,free_swing,532,483,423,526,-40.943,-68.471,0,289.42,-1319.18,1,117.18,15.84,2500,0,0,0
5209,86.90348,free_swing,548,488,438,486,-36.397,-91.042,0,248.21,-674.76,1,110.02,20.98,2500,1,0,0
5210,86.92017,free_swing,562,491,448,446,-32.425,-111.541,0,221.72,-452.88,1,122.56,11.97,2500,1,0,0
5211,86.93685,free_swing,575,492,426,481,-28.811,-94.222,0,219.68,-65.70,1,149.41,7.31,2500,1,0,0
5212,86.95353,free_swing,588,491,452,441,-25.253,-110.186,0,251.17,-80.57,0,144.90,4.08,2500,0,0,0
5213,86.97022,free_swing,604,491,466,441,-20.358,-109.916,0,293.84,-283.55,1,146.78,5.43,2500,1,0,0
5214,86.9869,free_swing,621,487,474,434,-15.161,-109.826,0,336.38,88.65,1,156.26,12.24,2500,1,0,0
5215,87.00358,free_swing,638,481,493,423,-9.525,-111.801,0,344.82,-93.64,1,156.17,12.17,2500,0,0,0
5216,87.02027,free_swing,655,474,509,421,-3.225,-109.952,0,371.18,-48.58,1,155.32,11.56,2500,0,0,0
5217,87.03695,free_swing,669,466,528,399,2.564,-115.416,0,406.63,-14.58,1,156.11,12.13,2500,0,0,0
5218,87.05363,free_swing,685,455,540,404,10.141,-109.378,0,443.94,136.35,1,153.71,10.40,2500,0,0,0
5219,87.07032,free_swing,698,442,557,394,17.650,-108.800,0,464.23,559.37,1,148.95,6.98,2500,1,0,0
5220,87.087,free_swing,709,430,575,415,25.145,-96.387,0,426.09,709.10,0,134.84,3.15,2500,0,0,0
5221,87.10368,free_swing,717,419,582,445,31.827,-79.099,0,357.60,832.96,0,137.48,1.25,2500,0,0,0
5222,87.12037,free_swing,722,411,596,452,36.754,-71.975,0,228.70,650.23,0,132.50,4.83,2500,0,0,0
5223,87.13705,free_swing,725,407,605,480,39.579,-58.686,0,78.26,531.78,0,140.46,0.89,2500,0,0,0
5224,87.15373,free_swing,725,408,623,489,39.207,-51.546,0,-66.26,510.74,0,130.25,6.45,2500,0,0,0
5225,87.17042,free_swing,723,411,641,500,37.216,-42.656,0,-192.75,574.79,1,121.02,13.08,2500,0,0,0
5226,87.1871,free_swing,719,418,655,516,33.071,-33.147,0,-304.49,642.78,1,117.05,15.93,2500,0,0,0
5227,87.20378,free_swing,712,428,683,528,27.041,-16.172,0,-418.76,1038.96,1,104.12,25.21,2500,1,0,0
5228,87.22047,free_swing,701,441,697,501,19.220,-3.814,0,-519.39,1395.92,1,60.13,56.81,2500,1,0,0
5229,87.23715,free_swing,685,456,717,504,10.061,33.690,0,-586.44,2222.08,1,57.69,58.56,2500,1,0,0
5230,87.25383,free_swing,663,471,742,517,0.000,59.789,0,-562.40,1799.49,1,91.42,34.34,2500,1,0,0
5231,87.27052,free_swing,639,483,750,453,-9.031,105.124,0,-477.46,504.73,1,114.98,17.41,2500,1,0,0
5232,87.2872,free_swing,620,488,748,512,-15.410,79.380,0,-367.60,-41.04,1,130.23,6.46,2500,1,0,0
5233,87.30388,free_swing,601,491,745,512,-21.303,81.703,0,-301.09,-176.61,0,145.52,4.53,2500,0,0,0
5234,87.32057,free_swing,586,492,728,473,-25.699,97.621,0,-274.01,673.73,1,143.27,2.90,2500,1,0,0
5235,87.33725,free_swing,570,491,730,477,-30.324,95.001,0,-250.37,439.63,1,160.61,15.36,2500,1,0,0
5236,87.35393,free_swing,556,488,714,428,-34.446,110.794,0,-250.35,201.29,1,169.01,21.39,2500,1,0,0
5237,87.37062,free_swing,540,487,699,438,-38.434,107.128,0,-246.55,70.48,1,166.38,19.51,2500,0,0,0
5238,87.3873,free_swing,525,481,680,432,-42.805,107.543,0,-253.22,-88.44,1,162.56,16.76,2500,0,0,0
5239,87.40398,free_swing,511,474,674,429,-46.948,105.433,0,-258.78,-112.58,1,169.10,21.46,2500,0,0,0
5240,87.42067,free_swing,496,466,656,416,-51.257,107.354,0,-259.50,-91.72,1,167.63,20.40,2500,0,0,0
5241,87.43735,free_swing,482,456,646,436,-55.586,96.953,0,-245.12,-259.95,1,165.22,18.67,2500,0,0,0
5242,87.45403,free_swing,471,445,628,415,-59.521,100.818,0,-214.78,-634.02,1,159.84,14.81,2500,1,0,0
5243,87.47072,free_swing,461,437,607,458,-62.534,81.815,0,-174.07,-680.95,0,147.50,5.95,2500,0,0,0
5244,87.4874,free_swing,455,428,589,482,-65.225,68.051,0,-123.52,-572.63,0,144.47,3.77,2500,0,0,0
5245,87.50408,free_swing,451,423,578,477,-66.769,66.965,0,-57.52,-363.60,1,138.00,0.88,2500,1,0,0
5246,87.52077,free_swing,450,422,558,485,-67.094,59.744,0,10.58,-914.56,1,125.03,10.19,2500,1,0,0
5247,87.53745,free_swing,452,425,537,519,-66.214,42.122,0,77.50,-119.17,1,126.73,8.97,2500,1,0,0
5248,87.55413,free_swing,456,430,519,551,-64.666,27.504,0,143.17,8.60,0,136.42,2.01,2500,0,0,0
5249,87.57082,free_swing,465,440,528,466,-61.390,67.574,0,223.49,-743.78,1,68.15,51.05,2500,1,0,0
5250,87.5875,free_swing,478,451,490,540,-57.249,7.679,0,311.20,-2120.05,1,89.81,35.50,2500,1,0,0
5251,87.60418,free_swing,495,466,442,574,-51.423,-26.139,0,355.19,-2270.66,1,120.30,13.59,2500,0,0,0
5252,87.62087,free_swing,516,478,448,520,-45.196,-58.299,0,341.93,-1394.00,1,79.92,42.59,2500,1,0,0
5253,87.63755,free_swing,535,484,415,550,-40.101,-61.189,0,287.35,-1289.24,0,136.95,1.63,2500,0,0,0
5254,87.65423,free_swing,550,488,455,463,-35.918,-104.744,0,241.40,-747.77,1,98.23,29.44,2500,1,0,0
5255,87.67092,free_swing,564,491,439,467,-31.908,-100.869,0,220.47,-252.98,1,127.28,8.58,2500,1,0,0
5256,87.6876,free_swing,577,492,435,477,-28.258,-96.030,0,233.38,69.55,1,142.79,2.56,2500,1,0,0
5257,87.70428,free_swing,591,491,450,459,-24.362,-102.787,0,267.02,-294.86,1,144.59,3.85,2500,1,0,0
5258,87.72097,free_swing,608,490,478,433,-19.193,-113.676,0,310.22,-309.45,0,141.95,1.96,2500,0,0,0
5259,87.73765,free_swing,625,486,482,443,-13.861,-106.736,0,341.03,67.68,1,149.33,7.26,2500,1,0,0
5260,87.75433,free_swing,642,480,504,422,-8.076,-112.797,0,345.57,173.79,0,149.69,7.52,2500,0,0,0
5261,87.77102,free_swing,658,473,509,438,-2.031,-103.219,0,364.99,-88.11,1,153.06,9.94,2500,1,0,0
5262,87.7877,free_swing,672,464,527,417,3.900,-107.959,0,401.33,105.77,0,152.43,9.48,2500,0,0,0
5263,87.80438,free_swing,687,454,550,406,11.129,-109.309,0,438.03,391.70,1,145.17,4.27,2500,1,0,0
5264,87.82107,free_swing,700,441,551,436,18.750,-91.922,0,456.43,783.97,1,149.08,7.08,2500,1,0,0
5265,87.83775,free_swing,710,429,560,457,25.852,-79.426,0,404.00,650.33,0,152.59,9.60,2500,0,0,0
5266,87.85443,free_swing,718,419,575,463,32.300,-72.897,0,315.60,497.86,0,149.62,7.47,2500,0,0,0
5267,87.87112,free_swing,722,413,592,467,36.069,-67.443,0,188.43,332.53,0,140.77,1.11,2500,0,0,0
5268,87.8878,free_swing,724,409,606,493,38.387,-54.554,0,28.67,292.20,0,144.84,4.04,2500,0,0,0
5269,87.90448,free_swing,723,410,628,467,37.569,-59.036,0,-91.93,453.96,1,110.79,20.42,2500,0,0,0
5270,87.92117,free_swing,720,415,650,485,34.479,-45.000,0,-215.24,695.64,1,98.99,28.89,2500,1,0,0
5271,87.93785,free_swing,717,422,663,523,30.964,-28.131,0,-316.99,971.84,1,114.53,17.74,2500,1,0,0
5272,87.95453,free_swing,708,433,677,551,24.015,-14.720,0,-447.60,920.88,1,122.00,12.37,2500,0,0,0
5273,87.97122,free_swing,696,447,700,541,16.011,2.437,0,-566.72,1469.56,1,94.09,32.42,2500,1,0,0
5274,87.9879,free_swing,676,462,724,557,5.711,26.806,0,-590.76,1547.99,1,106.44,23.55,2500,0,0,0
5275,88.00458,free_swing,653,477,734,516,-3.945,64.290,0,-532.99,1297.03,1,89.90,35.43,2500,1,0,0
5276,88.02127,free_swing,631,485,752,541,-11.813,65.165,0,-431.40,686.85,1,133.33,4.23,2500,1,0,0
5277,88.03795,free_swing,612,490,748,508,-17.889,82.461,0,-342.12,268.54,1,137.19,1.46,2500,1,0,0
5278,88.05463,free_swing,594,490,742,510,-23.591,82.304,0,-285.22,376.90,0,149.35,7.27,2500,0,0,0
5279,88.07132,free_swing,580,491,733,496,-27.565,88.128,0,-257.73,113.54,1,153.08,9.95,2500,1,0,0
5280,88.088,free_swing,564,491,721,482,-31.908,93.281,0,-243.47,355.07,1,157.26,12.95,2500,1,0,0
5281,88.10468,free_swing,549,488,710,480,-36.158,92.845,0,-249.86,154.60,1,161.20,15.78,2500,1,0,0
5282,88.12137,free_swing,534,485,698,444,-40.135,104.036,0,-250.21,36.70,1,169.05,21.42,2500,0,0,0
5283,88.13805,free_swing,519,479,678,470,-44.409,93.240,0,-257.57,-113.13,1,159.25,14.39,2500,0,0,0
5284,88.15473,free_swing,504,471,666,452,-48.840,96.689,0,-260.90,-99.18,1,163.11,17.16,2500,0,0,0
5285,88.17142,free_swing,490,462,648,455,-53.077,92.537,0,-255.22,-59.79,1,158.15,13.60,2500,0,0,0
5286,88.1881,free_swing,477,452,639,439,-57.171,94.588,0,-237.40,-372.49,1,162.52,16.73,2500,1,0,0
5287,88.20478,free_swing,466,441,614,464,-61.044,81.167,0,-206.35,-603.23,1,149.78,7.58,2500,1,0,0
5288,88.22147,free_swing,458,432,600,475,-63.997,73.153,0,-159.61,-491.68,0,148.37,6.57,2500,0,0,0
5289,88.23815,free_swing,452,425,586,494,-66.214,62.755,0,-101.47,-343.64,0,150.72,8.26,2500,0,0,0
5290,88.25483,free_swing,449,421,574,480,-67.418,64.733,0,-34.74,-701.60,1,138.22,0.72,2500,1,0,0
5291,88.27152,free_swing,449,421,552,517,-67.418,47.015,0,30.51,-238.39,1,140.80,1.13,2500,1,0,0
5292,88.2882,free_swing,452,425,529,539,-66.214,34.037,0,93.17,-334.64,0,137.57,1.19,2500,0,0,0
5293,88.30488,free_swing,457,431,540,490,-64.332,54.593,0,162.13,-686.93,1,101.83,26.86,2500,1,0,0
5294,88.32157,free_swing,467,441,492,550,-60.921,12.918,0,248.27,-1512.74,1,111.83,19.68,2500,1,0,0
5295,88.33825,free_swing,480,455,456,577,-56.094,-11.129,0,336.21,-1864.78,1,124.34,10.69,2500,1,0,0
5296,88.35493,free_swing,500,469,429,564,-49.953,-36.773,0,373.77,-1117.68,1,118.60,14.81,2500,1,0,0
5297,88.37162,free_swing,522,480,415,561,-43.612,-52.874,0,348.13,-1058.59,0,134.20,3.61,2500,0,0,0
5298,88.3883,free_swing,540,487,414,538,-38.434,-67.964,0,279.06,-1072.81,0,135.93,2.37,2500,0,0,0
5299,88.40498,free_swing,555,490,425,494,-34.354,-88.238,0,227.29,-816.76,1,130.06,6.58,2500,1,0,0
5300,88.42167,free_swing,568,491,435,463,-30.858,-101.889,0,220.97,-413.10,1,135.92,2.38,2500,1,0,0
5301,88.43835,free_swing,582,492,434,472,-26.851,-97.696,0,249.48,-298.57,0,149.35,7.27,2500,0,0,0
5302,88.45503,free_swing,598,490,451,446,-22.362,-106.663,0,297.47,-299.60,1,153.44,10.21,2500,0,0,0
5303,88.47172,free_swing,615,488,482,421,-17.103,-116.737,0,330.91,-192.00,0,148.92,6.97,2500,0,0,0
5304,88.4884,free_swing,633,484,487,430,-11.165,-110.298,0,344.83,212.18,1,155.67,11.81,2500,1,0,0
5305,88.50508,free_swing,649,477,500,432,-5.515,-106.805,0,350.87,337.33,1,155.65,11.80,2500,0,0,0
5306,88.52177,free_swing,664,470,511,436,0.415,-102.529,0,386.97,121.24,1,156.73,12.58,2500,1,0,0
5307,88.53845,free_swing,679,459,529,434,7.181,-99.462,0,434.36,260.45,0,152.07,9.23,2500,0,0,0
5308,88.55513,free_swing,694,447,545,426,15.086,-98.022,0,460.19,451.29,0,150.47,8.08,2500,0,0,0
5309,88.57182,free_swing,705,434,555,452,22.380,-83.157,0,443.95,619.28,0,151.08,8.51,2500,0,0,0
5310,88.5885,free_swing,715,424,577,458,29.476,-76.159,0,380.19,348.10,1,142.13,2.09,2500,1,0,0
5311,88.60518,free_swing,720,413,590,461,35.134,-69.734,0,284.96,260.74,0,138.58,0.46,2500,0,0,0
5312,88.62187,free_swing,723,407,614,441,38.660,-72.676,0,141.13,405.80,1,114.18,17.99,2500,0,0,0
5313,88.63855,free_swing,725,406,620,484,39.958,-53.393,0,-4.03,644.13,1,130.80,6.05,2500,1,0,0
5314,88.65523,free_swing,724,409,644,481,38.387,-48.013,0,-138.26,824.25,1,107.63,22.69,2500,0,0,0
5315,88.67192,free_swing,721,414,665,504,35.272,-31.891,0,-258.61,675.29,1,106.00,23.86,2500,0,0,0
5316,88.6886,free_swing,716,424,671,555,29.946,-18.958,0,-382.96,907.15,1,138.51,0.51,2500,1,0,0
5317,88.70528,free_swing,706,435,697,509,22.659,-6.934,0,-515.49,1024.96,1,74.55,46.46,2500,0,0,0
5318,88.72197,free_swing,691,452,721,554,13.134,16.390,0,-586.58,1205.33,1,106.32,23.63,2500,0,0,0
5319,88.73865,free_swing,670,467,742,569,2.968,35.218,0,-580.36,1231.02,1,124.85,10.32,2500,0,0,0
5320,88.75533,free_swing,648,479,757,559,-5.826,53.723,0,-500.62,1021.56,1,135.21,2.88,2500,1,0,0
5321,88.77202,free_swing,626,486,760,534,-13.510,70.292,0,-395.85,643.87,1,142.34,2.24,2500,1,0,0
5322,88.7887,free_swing,608,489,753,516,-19.306,79.452,0,-320.70,649.52,0,147.49,5.94,2500,0,0,0
5323,88.80538,free_swing,592,492,742,512,-23.929,82.405,0,-274.21,509.57,0,151.33,8.69,2500,0,0,0
5324,88.82207,free_swing,576,491,730,450,-28.686,104.908,0,-259.98,520.98,1,159.36,14.47,2500,0,0,0
5325,88.83875,free_swing,561,490,720,465,-32.845,98.936,0,-253.82,398.67,1,160.95,15.61,2500,0,0,0
5326,88.85543,free_swing,546,487,710,425,-37.047,110.709,0,-255.11,14.28,1,175.33,25.93,2500,1,0,0
5327,88.87212,free_swing,530,483,702,422,-41.373,109.527,0,-266.90,-169.35,1,182.50,31.08,2500,0,0,0
5328,88.8888,free_swing,514,476,676,444,-45.978,101.174,0,-266.23,-182.80,1,165.13,18.61,2500,0,0,0
5329,88.90548,free_swing,499,468,664,450,-50.332,96.226,0,-261.95,-336.47,1,165.98,19.22,2500,0,0,0
5330,88.92217,free_swing,485,459,651,418,-54.493,103.874,0,-252.38,-317.29,1,170.99,22.82,2500,0,0,0
5331,88.93885,free_swing,472,448,627,481,-58.728,77.981,0,-232.18,-368.72,1,158.47,13.83,2500,0,0,0
5332,88.95553,free_swing,463,437,622,448,-62.301,86.042,0,-192.62,-476.17,1,159.38,14.48,2500,0,0,0
5333,88.97222,free_swing,455,429,603,466,-64.998,75.964,0,-139.01,-364.99,0,152.55,9.58,2500,0,0,0
5334,88.9889,free_swing,450,423,579,489,-66.866,62.904,0,-81.95,-631.39,1,144.90,4.08,2500,1,0,0
5335,89.00558,free_swing,448,420,564,495,-67.741,57.115,0,-17.60,-476.04,0,138.13,0.78,2500,0,0,0
5336,89.02227,free_swing,449,421,547,506,-67.418,49.063,0,54.01,-562.77,0,129.73,6.82,2500,0,0,0
5337,89.03895,free_swing,453,426,525,524,-65.886,36.304,0,131.18,-922.11,1,121.61,12.65,2500,1,0,0
5338,89.05563,free_swing,460,435,498,541,-63.097,19.722,0,208.59,-1102.80,1,112.61,19.12,2500,0,0,0
5339,89.07232,free_swing,472,447,466,566,-58.948,-2.886,0,285.59,-1290.10,1,119.15,14.42,2500,0,0,0
5340,89.089,free_swing,487,461,449,560,-53.760,-20.999,0,343.97,-1417.37,1,106.04,23.83,2500,0,0,0
5341,89.10568,free_swing,508,473,437,535,-47.708,-48.871,0,345.74,-1470.64,1,94.26,32.30,2500,0,0,0
5342,89.12237,free_swing,527,483,433,515,-42.008,-71.200,0,307.47,-1318.39,1,99.30,28.68,2500,0,0,0
5343,89.13905,free_swing,543,487,431,485,-37.747,-91.023,0,254.24,-845.22,1,112.02,19.54,2500,1,0,0
5344,89.15573,free_swing,558,490,434,468,-33.606,-100.061,0,218.03,-324.76,1,125.94,9.54,2500,1,0,0
5345,89.17242,free_swing,571,491,440,461,-30.054,-102.899,0,221.15,-28.84,1,134.39,3.47,2500,1,0,0
5346,89.1891,free_swing,584,491,433,464,-26.421,-100.138,0,251.84,-101.66,1,153.39,10.18,2500,0,0,0
5347,89.20578,free_swing,600,491,456,449,-21.615,-106.260,0,300.73,-283.65,0,150.00,7.74,2500,0,0,0
5348,89.22247,free_swing,618,487,479,430,-16.189,-112.297,0,333.59,-473.46,0,150.23,7.91,2500,0,0,0
5349,89.23915,free_swing,635,482,498,410,-10.574,-117.724,0,338.95,-225.39,1,154.77,11.17,2500,1,0,0
5350,89.25583,free_swing,651,476,522,392,-4.764,-123.071,0,363.40,123.21,1,153.94,10.57,2500,1,0,0
5351,89.27252,free_swing,666,467,526,409,1.273,-112.504,0,394.02,515.19,1,151.54,8.85,2500,1,0,0
5352,89.2892,free_swing,682,457,535,419,8.643,-104.494,0,446.31,698.49,0,151.83,9.06,2500,0,0,0
5353,89.30588,free_swing,695,445,544,439,15.811,-92.275,0,469.79,527.61,0,151.12,8.54,2500,0,0,0
5354,89.32257,free_swing,708,432,559,447,24.228,-84.251,0,452.88,487.96,0,149.75,7.56,2500,0,0,0
5355,89.33925,free_swing,716,421,574,447,30.774,-79.624,0,374.22,330.43,0,144.36,3.69,2500,0,0,0
5356,89.35593,free_swing,722,412,593,458,36.409,-70.374,0,235.47,304.82,0,136.96,1.63,2500,0,0,0
5357,89.37262,free_swing,724,408,615,451,38.752,-68.471,0,93.85,527.67,1,117.18,15.84,2500,1,0,0
5358,89.3893,free_swing,724,407,621,470,39.123,-58.548,0,-58.62,500.24,1,120.74,13.28,2500,0,0,0
5359,89.40598,free_swing,723,411,634,507,37.216,-42.833,0,-177.91,634.49,0,130.91,5.97,2500,0,0,0
5360,89.42267,free_swing,719,418,659,485,33.071,-41.845,0,-277.22,730.82,1,89.94,35.40,2500,0,0,0
5361,89.43935,free_swing,713,427,671,538,27.759,-20.726,0,-376.69,1047.16,1,118.68,14.76,2500,1,0,0
5362,89.45603,free_swing,704,439,700,545,20.966,-2.161,0,-503.61,1319.29,1,106.08,23.81,2500,1,0,0
5363,89.47272,free_swing,688,455,727,552,11.489,21.903,0,-593.35,1510.99,1,104.55,24.91,2500,0,0,0
5364,89.4894,free_swing,665,470,740,550,0.830,43.152,0,-578.68,1517.58,1,109.66,21.24,2500,0,0,0
5365,89.50608,free_swing,643,481,750,507,-7.645,76.342,0,-474.05,1264.00,1,110.11,20.91,2500,1,0,0
5366,89.52277,free_swing,623,487,759,500,-14.470,84.540,0,-367.55,615.45,1,136.62,1.87,2500,1,0,0
5367,89.53945,free_swing,605,491,754,473,-20.041,96.888,0,-304.78,444.70,0,150.08,7.80,2500,0,0,0
5368,89.55613,free_swing,589,492,739,482,-24.821,93.814,0,-272.12,252.18,0,150.33,7.98,2500,0,0,0
5369,89.57282,free_swing,574,492,736,424,-29.085,112.770,0,-256.65,-74.12,1,175.69,26.20,2500,1,0,0
5370,89.5895,free_swing,559,489,719,479,-33.521,93.576,0,-246.80,-132.47,1,160.31,15.15,2500,0,0,0
5371,89.60618,free_swing,544,487,710,465,-37.515,97.549,0,-249.18,-124.48,1,167.45,20.28,2500,0,0,0
5372,89.62287,free_swing,529,483,692,454,-41.586,100.088,0,-257.12,243.34,1,165.56,18.92,2500,1,0,0
5373,89.63955,free_swing,513,476,680,443,-46.169,101.178,0,-262.43,-1.91,1,170.23,22.27,2500,1,0,0
5374,89.65623,free_swing,498,468,660,441,-50.503,99.462,0,-257.43,-350.17,1,164.23,17.97,2500,1,0,0
5375,89.67292,free_swing,485,459,652,448,-54.493,93.769,0,-244.41,-333.46,1,167.36,20.21,2500,0,0,0
5376,89.6896,free_swing,473,448,627,473,-58.595,80.779,0,-224.28,-394.26,1,156.02,12.06,2500,0,0,0
5377,89.70628,free_swing,463,438,625,449,-62.076,86.116,0,-189.10,-413.16,1,162.37,16.63,2500,0,0,0
5378,89.72297,free_swing,456,430,602,487,-64.666,68.674,0,-129.19,-507.07,1,156.73,12.58,2500,0,0,0
5379,89.73965,free_swing,452,424,583,492,-66.442,62.567,0,-63.20,-720.77,1,147.60,6.02,2500,1,0,0
5380,89.75633,free_swing,451,423,564,513,-66.769,51.464,0,1.36,-659.41,0,144.46,3.76,2500,0,0,0
5381,89.77302,free_swing,452,425,542,535,-66.214,39.289,0,65.57,-376.93,1,142.13,2.09,2500,1,0,0
5382,89.7897,free_swing,456,430,522,542,-64.666,30.510,0,136.79,-445.36,0,130.00,6.62,2500,0,0,0
5383,89.80638,free_swing,464,439,519,519,-61.734,34.509,0,217.79,-782.00,1,97.08,30.27,2500,1,0,0
5384,89.82307,free_swing,476,452,476,558,-57.311,0.000,0,302.46,-1727.96,1,106.00,23.86,2500,1,0,0
5385,89.83975,free_swing,493,465,462,543,-51.962,-21.675,0,355.59,-1972.70,1,83.93,39.71,2500,1,0,0
5386,89.85643,free_swing,515,477,463,501,-45.587,-65.225,0,348.94,-1350.22,1,57.27,58.86,2500,1,0,0
5387,89.87312,free_swing,534,485,431,522,-40.135,-70.241,0,298.41,-734.99,1,109.44,21.39,2500,1,0,0
5388,89.8898,free_swing,550,488,435,501,-35.918,-83.550,0,239.89,-639.77,1,115.73,16.87,2500,0,0,0
5389,89.90648,free_swing,564,490,438,490,-32.071,-90.000,0,224.56,-679.30,0,126.00,9.50,2500,0,0,0
5390,89.92317,free_swing,577,492,462,436,-28.258,-115.964,0,248.84,-704.81,0,127.91,8.13,2500,0,0,0
5391,89.93985,free_swing,593,491,454,451,-23.762,-106.054,0,297.59,-509.69,0,144.64,3.89,2500,0,0,0
5392,89.95653,free_swing,611,488,500,395,-18.435,-129.958,0,326.60,-8.83,1,144.81,4.01,2500,1,0,0
5393,89.97322,free_swing,629,485,495,410,-12.529,-119.236,0,334.14,143.02,1,153.56,10.30,2500,0,0,0
5394,89.9899,free_swing,644,479,511,425,-7.365,-112.098,0,348.99,363.72,1,143.54,3.10,2500,1,0,0
5395,90.00658,free_swing,660,472,524,419,-1.228,-111.291,0,380.87,122.51,1,145.96,4.84,2500,1,0,0
5396,90.02327,free_swing,676,462,536,405,5.711,-112.153,0,426.85,235.93,0,151.16,8.57,2500,0,0,0
5397,90.03995,free_swing,690,450,548,424,12.888,-100.376,0,457.53,407.62,0,144.36,3.69,2500,0,0,0
5398,90.05663,free_swing,703,438,562,423,20.674,-96.072,0,471.37,623.37,1,141.80,1.85,2500,1,0,0
5399,90.07332,free_swing,713,424,573,432,28.523,-86.730,0,440.70,427.64,0,140.23,0.72,2500,0,0,0
5400,90.09,free_swing,721,414,579,458,35.272,-72.784,0,347.69,617.70,0,148.66,6.78,2500,0,0,0
5401,90.10668,free_swing,725,406,595,442,39.958,-74.521,0,226.75,455.13,0,134.89,3.11,2500,0,0,0
5402,90.12337,free_swing,727,402,618,482,42.436,-53.723,0,75.50,398.05,0,135.21,2.88,2500,0,0,0
5403,90.14005,free_swing,728,402,627,467,42.879,-57.236,0,-68.31,643.58,1,120.11,13.73,2500,1,0,0
5404,90.15673,free_swing,725,406,644,493,39.958,-42.955,0,-192.12,580.37,1,118.87,14.62,2500,0,0,0
5405,90.17342,free_swing,722,413,664,530,36.069,-26.369,0,-333.46,796.09,1,130.59,6.20,2500,1,0,0
5406,90.1901,free_swing,716,424,671,543,29.946,-20.714,0,-444.84,758.33,0,127.22,8.62,2500,0,0,0
5407,90.20678,free_swing,703,438,697,536,20.674,-3.504,0,-533.37,1046.53,1,98.18,29.48,2500,1,0,0
5408,90.22347,free_swing,689,453,720,558,12.127,16.449,0,-579.06,1186.43,1,109.48,21.36,2500,0,0,0
5409,90.24015,free_swing,669,468,738,553,2.526,39.068,0,-565.55,1431.32,1,109.48,21.36,2500,1,0,0
5410,90.25683,free_swing,644,481,743,552,-7.267,54.353,0,-507.21,1318.41,1,121.83,12.49,2500,0,0,0
5411,90.27352,free_swing,623,487,753,492,-14.470,87.797,0,-405.99,580.89,1,130.10,6.56,2500,1,0,0
5412,90.2902,free_swing,605,490,743,505,-20.158,83.797,0,-319.56,328.12,1,138.81,0.29,2500,1,0,0
5413,90.30688,free_swing,587,491,735,522,-25.547,78.170,0,-282.22,149.20,0,151.21,8.61,2500,0,0,0
5414,90.32357,free_swing,572,491,725,458,-29.784,102.171,0,-268.22,401.25,1,156.52,12.42,2500,1,0,0
5415,90.34025,free_swing,557,488,712,470,-34.196,96.624,0,-259.00,443.03,1,156.04,12.08,2500,0,0,0
5416,90.35693,free_swing,540,485,697,454,-38.797,101.170,0,-256.51,100.83,1,160.03,14.95,2500,1,0,0
5417,90.37362,free_swing,526,480,691,411,-42.790,112.694,0,-252.70,76.30,1,178.85,28.46,2500,0,0,0
5418,90.3903,free_swing,511,474,671,441,-46.948,101.654,0,-255.93,-163.30,1,163.37,17.34,2500,1,0,0
5419,90.40698,free_swing,496,465,654,438,-51.466,99.697,0,-258.12,-366.70,1,160.29,15.13,2500,1,0,0
5420,90.42367,free_swing,482,456,648,432,-55.586,98.227,0,-240.30,-409.08,1,167.73,20.47,2500,0,0,0
5421,90.44035,free_swing,471,446,619,460,-59.300,84.596,0,-210.73,-445.35,0,148.66,6.78,2500,0,0,0
5422,90.45703,free_swing,461,437,604,471,-62.534,76.626,0,-169.13,-619.54,0,146.99,5.58,2500,0,0,0
5423,90.47372,free_swing,455,429,584,464,-64.998,74.820,0,-114.02,-406.43,1,133.66,3.99,2500,1,0,0
5424,90.4904,free_swing,452,425,565,507,-66.214,54.033,0,-48.41,-601.71,0,139.62,0.28,2500,0,0,0
5425,90.50708,free_swing,451,424,557,491,-66.541,57.704,0,20.02,-670.85,0,125.40,9.93,2500,0,0,0
5426,90.52377,free_swing,454,427,528,535,-65.556,34.418,0,96.12,-785.03,0,130.92,5.96,2500,0,0,0
5427,90.54045,free_swing,460,434,510,537,-63.322,25.894,0,181.31,-1014.10,1,114.49,17.76,2500,1,0,0
5428,90.55713,free_swing,471,445,479,557,-59.521,4.086,0,275.47,-1001.97,1,112.29,19.35,2500,0,0,0
5429,90.57382,free_swing,485,459,470,535,-54.493,-11.165,0,336.09,-1647.47,1,77.47,44.36,2500,1,0,0
5430,90.5905,free_swing,505,473,426,561,-48.254,-41.915,0,337.57,-1993.66,1,118.26,15.06,2500,1,0,0
5431,90.60718,free_swing,524,480,448,492,-43.204,-81.027,0,294.32,-1460.12,1,76.94,44.73,2500,1,0,0
5432,90.62387,free_swing,540,485,444,472,-38.797,-97.712,0,238.33,-467.15,1,96.88,30.42,2500,1,0,0
5433,90.64055,free_swing,554,488,422,494,-34.943,-87.397,0,230.12,-10.54,1,132.14,5.09,2500,1,0,0
5434,90.65723,free_swing,567,490,429,475,-31.283,-96.203,0,247.36,-173.88,0,138.81,0.29,2500,0,0,0
5435,90.67392,free_swing,583,492,443,457,-26.565,-104.036,0,282.93,-499.76,1,144.31,3.65,2500,1,0,0
5436,90.6906,free_swing,600,490,450,447,-21.739,-105.996,0,304.20,-397.76,1,156.04,12.08,2500,0,0,0
5437,90.70728,free_swing,617,488,481,419,-16.429,-116.901,0,311.29,-203.02,0,152.50,9.54,2500,0,0,0
5438,90.72397,free_swing,633,482,497,410,-11.310,-117.897,0,328.95,17.87,1,153.88,10.53,2500,1,0,0
5439,90.74065,free_swing,649,477,506,421,-5.515,-111.386,0,364.40,194.98,1,153.57,10.31,2500,0,0,0
5440,90.75733,free_swing,665,468,523,413,0.843,-111.173,0,408.47,196.50,0,152.28,9.38,2500,0,0,0
5441,90.77402,free_swing,681,458,539,410,8.130,-108.677,0,435.60,281.17,0,149.89,7.66,2500,0,0,0
5442,90.7907,free_swing,694,444,548,417,15.471,-100.477,0,460.30,333.53,0,148.48,6.65,2500,0,0,0
5443,90.80738,free_swing,706,433,558,422,23.062,-94.251,0,474.68,436.04,0,148.41,6.60,2500,0,0,0
5444,90.82407,free_swing,716,420,577,417,31.059,-91.236,0,441.54,482.06,0,139.03,0.14,2500,0,0,0
5445,90.84075,free_swing,723,409,587,442,37.926,-76.361,0,334.28,460.00,0,139.95,0.52,2500,0,0,0
5446,90.85743,free_swing,726,402,602,443,41.987,-71.704,0,188.29,497.67,0,130.60,6.19,2500,0,0,0
5447,90.87412,free_swing,728,400,618,449,43.708,-65.989,0,23.98,565.35,1,120.42,13.51,2500,0,0,0
5448,90.8908,free_swing,728,401,625,485,43.290,-50.802,0,-119.78,732.31,0,132.91,4.53,2500,0,0,0
5449,90.90748,free_swing,725,407,638,515,39.579,-38.853,0,-239.53,683.32,0,138.68,0.39,2500,0,0,0
5450,90.92417,free_swing,721,415,660,521,34.946,-29.919,0,-362.73,637.02,1,122.30,12.16,2500,0,0,0
5451,90.94085,free_swing,714,426,674,553,28.482,-17.482,0,-444.41,983.76,1,133.15,4.36,2500,1,0,0
5452,90.95753,free_swing,701,440,702,550,19.385,0.521,0,-544.16,1100.51,1,110.00,20.99,2500,0,0,0
5453,90.97422,free_swing,687,456,727,542,10.954,24.944,0,-601.02,1216.03,1,94.85,31.87,2500,0,0,0
5454,90.9909,free_swing,663,472,743,583,0.000,35.781,0,-574.43,1236.17,0,136.82,1.72,2500,0,0,0
5455,91.00758,free_swing,639,482,750,539,-9.090,62.819,0,-494.48,841.02,1,124.78,10.37,2500,1,0,0
5456,91.02427,free_swing,619,488,752,523,-15.751,75.256,0,-380.60,654.70,0,137.53,1.22,2500,0,0,0
5457,91.04095,free_swing,600,491,741,532,-21.615,73.787,0,-319.79,574.67,0,146.84,5.47,2500,0,0,0
5458,91.05763,free_swing,582,492,733,485,-26.851,92.654,0,-281.01,463.84,0,151.16,8.58,2500,0,0,0
5459,91.07432,free_swing,567,491,732,456,-31.122,101.976,0,-260.30,224.47,1,168.67,21.15,2500,1,0,0
5460,91.091,free_swing,552,489,708,486,-35.261,91.102,0,-251.71,-89.50,1,156.03,12.07,2500,1,0,0
5461,91.10768,free_swing,536,484,696,465,-39.880,96.772,0,-256.14,10.44,1,161.12,15.73,2500,0,0,0
5462,91.12437,free_swing,521,480,686,456,-43.815,98.276,0,-258.31,-24.61,1,166.74,19.76,2500,0,0,0
5463,91.14105,free_swing,506,472,666,460,-48.276,94.289,0,-262.28,-243.14,1,160.45,15.25,2500,1,0,0
5464,91.15773,free_swing,491,463,655,474,-52.706,86.163,0,-266.85,-406.79,1,164.37,18.06,2500,0,0,0
5465,91.17442,free_swing,478,452,641,466,-57.031,85.091,0,-244.11,-536.01,1,163.60,17.51,2500,0,0,0
5466,91.1911,free_swing,466,442,612,495,-60.822,70.048,0,-203.80,-407.94,1,155.32,11.56,2500,0,0,0
5467,91.20778,free_swing,458,433,595,499,-63.771,64.277,0,-151.31,-250.12,0,152.07,9.23,2500,0,0,0
5468,91.22447,free_swing,452,427,585,484,-65.761,66.801,0,-92.88,-230.12,0,144.70,3.93,2500,0,0,0
5469,91.24115,free_swing,450,423,567,495,-66.866,58.392,0,-31.05,-525.85,1,137.38,1.32,2500,1,0,0
5470,91.25783,free_swing,451,423,543,518,-66.769,44.081,0,35.27,-735.20,1,132.25,5.01,2500,1,0,0
5471,91.27452,free_swing,454,427,524,529,-65.556,34.461,0,121.56,-816.99,1,123.71,11.14,2500,0,0,0
5472,91.2912,free_swing,461,435,501,546,-62.983,19.817,0,201.26,-1009.71,1,117.99,15.25,2500,0,0,0
5473,91.30788,free_swing,473,448,470,568,-58.595,-1.432,0,285.31,-1316.30,1,120.04,13.78,2500,1,0,0
5474,91.32457,free_swing,488,460,442,567,-53.817,-23.263,0,339.47,-1468.82,1,116.47,16.34,2500,0,0,0
5475,91.34125,free_swing,509,473,429,544,-47.523,-48.411,0,337.34,-1304.65,1,106.96,23.17,2500,0,0,0
5476,91.35793,free_swing,527,482,426,518,-42.198,-70.382,0,302.61,-1250.42,1,107.22,22.98,2500,0,0,0
5477,91.37462,free_swing,543,486,421,500,-37.926,-83.454,0,241.28,-917.73,1,122.80,11.80,2500,1,0,0
5478,91.3913,free_swing,557,490,437,458,-33.857,-104.931,0,228.75,-539.36,1,124.19,10.80,2500,1,0,0
5479,91.40798,free_swing,570,491,438,459,-30.324,-103.627,0,250.80,-249.17,1,135.82,2.44,2500,1,0,0
5480,91.42467,free_swing,587,491,451,449,-25.547,-107.162,0,284.44,46.69,1,142.34,2.24,2500,1,0,0
5481,91.44135,free_swing,604,490,468,439,-20.477,-110.556,0,326.93,-414.02,1,145.25,4.33,2500,1,0,0
5482,91.45803,free_swing,621,488,474,431,-15.068,-111.194,0,325.65,-326.83,1,157.66,13.25,2500,0,0,0
5483,91.47472,free_swing,639,482,515,379,-9.090,-129.715,0,339.55,-191.10,1,161.20,15.78,2500,0,0,0
5484,91.4914,free_swing,653,474,513,406,-4.028,-115.907,0,367.28,152.09,1,155.64,11.79,2500,1,0,0
5485,91.50808,free_swing,670,465,529,389,3.013,-118.325,0,417.45,562.81,1,160.18,15.05,2500,1,0,0
5486,91.52477,free_swing,685,454,542,411,10.222,-106.736,0,468.35,441.74,0,149.33,7.26,2500,0,0,0
5487,91.54145,free_swing,699,441,547,425,18.277,-96.009,0,479.00,534.90,0,152.84,9.78,2500,0,0,0
5488,91.55813,free_swing,710,428,559,423,26.086,-91.897,0,456.79,538.87,0,151.08,8.52,2500,0,0,0
5489,91.57482,free_swing,719,417,581,436,33.378,-82.161,0,386.92,464.42,0,139.30,0.06,2500,0,0,0
5490,91.5915,free_swing,724,408,587,461,38.752,-68.850,0,276.82,513.70,0,146.89,5.51,2500,0,0,0
5491,91.60818,free_swing,727,402,602,449,42.436,-69.394,0,128.66,572.05,0,133.54,4.08,2500,0,0,0
5492,91.62487,free_swing,727,400,621,478,43.264,-53.653,0,-14.40,441.52,0,131.61,5.47,2500,0,0,0
5493,91.64155,free_swing,726,403,639,493,41.583,-44.029,0,-151.50,501.47,1,125.18,10.09,2500,0,0,0
5494,91.65823,free_swing,724,409,646,487,38.387,-45.000,0,-275.17,486.72,1,110.31,20.77,2500,0,0,0
5495,91.67492,free_swing,719,419,667,521,32.768,-27.013,0,-371.19,808.64,1,114.49,17.76,2500,1,0,0
5496,91.6916,free_swing,710,431,688,528,25.396,-12.779,0,-488.29,1194.33,1,99.46,28.56,2500,1,0,0
5497,91.70828,free_swing,698,444,708,526,17.354,6.953,0,-588.06,1257.59,1,82.61,40.67,2500,0,0,0
5498,91.72497,free_swing,677,462,739,561,6.147,32.057,0,-621.86,1372.53,1,116.81,16.10,2500,0,0,0
5499,91.74165,free_swing,653,477,749,552,-3.945,52.001,0,-554.56,1445.17,1,121.82,12.50,2500,0,0,0
5500,91.75833,free_swing,631,485,753,521,-11.813,73.560,0,-426.42,935.41,1,127.20,8.64,2500,1,0,0
5501,91.77502,free_swing,612,490,752,484,-17.889,92.454,0,-337.49,256.71,1,140.13,0.65,2500,1,0,0
5502,91.7917,free_swing,594,492,744,516,-23.328,80.910,0,-287.50,50.18,1,151.91,9.11,2500,1,0,0
5503,91.80838,free_swing,579,492,732,509,-27.699,83.660,0,-265.99,167.61,1,153.94,10.57,2500,0,0,0
5504,91.82507,free_swing,564,490,719,466,-32.071,98.802,0,-259.28,369.70,1,156.85,12.66,2500,1,0,0
5505,91.84175,free_swing,548,487,707,470,-36.573,96.103,0,-266.00,380.79,1,159.91,14.86,2500,0,0,0
5506,91.85843,free_swing,532,483,688,456,-40.943,99.819,0,-265.63,161.75,1,158.32,13.72,2500,1,0,0
5507,91.87512,free_swing,516,477,685,408,-45.392,112.209,0,-264.76,-67.37,1,182.54,31.12,2500,1,0,0
5508,91.8918,free_swing,501,469,662,447,-49.779,97.781,0,-264.56,-334.16,1,162.50,16.72,2500,1,0,0
5509,91.90848,free_swing,486,460,649,454,-54.127,92.108,0,-253.08,-219.56,1,163.11,17.16,2500,0,0,0
5510,91.92517,free_swing,474,449,640,437,-58.241,94.135,0,-233.28,-299.40,1,166.43,19.54,2500,0,0,0
5511,91.94185,free_swing,464,439,625,440,-61.734,89.644,0,-190.69,-731.15,1,161.00,15.64,2500,1,0,0
5512,91.95853,free_swing,456,430,590,497,-64.666,63.435,0,-137.96,-837.73,0,149.82,7.61,2500,0,0,0
5513,91.97522,free_swing,452,425,580,504,-66.214,58.318,0,-74.76,-631.65,1,150.42,8.04,2500,1,0,0
5514,91.9919,free_swing,450,422,560,503,-67.094,53.633,0,-9.18,102.48,1,136.61,1.88,2500,1,0,0
5515,92.00858,free_swing,451,424,546,515,-66.541,46.232,0,61.08,-310.14,1,131.55,5.51,2500,1,0,0
5516,92.02527,free_swing,455,429,542,486,-64.998,56.768,0,141.70,-611.40,1,104.01,25.29,2500,1,0,0
5517,92.04195,free_swing,463,439,494,535,-61.853,17.896,0,225.49,-1480.44,1,100.88,27.54,2500,1,0,0
5518,92.05863,free_swing,476,451,484,509,-57.529,7.853,0,313.19,-1927.26,1,58.55,57.95,2500,1,0,0
5519,92.07532,free_swing,494,465,477,486,-51.798,-38.991,0,353.53,-1460.30,1,27.02,80.59,2500,1,0,0
5520,92.092,free_swing,515,477,410,559,-45.587,-52.012,0,332.11,-1215.04,1,133.23,4.31,2500,1,0,0
5521,92.10868,free_swing,532,484,413,535,-40.756,-66.801,0,270.26,-616.59,1,129.47,7.01,2500,1,0,0
5522,92.12537,free_swing,547,487,411,511,-36.811,-79.992,0,225.08,-805.85,0,138.10,0.81,2500,0,0,0
5523,92.14205,free_swing,560,490,417,488,-33.100,-90.801,0,226.96,-789.79,0,143.01,2.72,2500,0,0,0
5524,92.15873,free_swing,574,492,437,453,-29.085,-105.890,0,267.38,-484.25,1,142.44,2.31,2500,1,0,0
5525,92.17542,free_swing,591,491,455,435,-24.362,-112.380,0,305.79,-226.67,1,147.08,5.64,2500,1,0,0
5526,92.1921,free_swing,610,489,464,441,-18.654,-108.199,0,322.08,-213.12,1,153.69,10.39,2500,0,0,0
5527,92.20878,free_swing,626,486,491,417,-13.510,-117.072,0,324.33,-211.87,0,151.61,8.90,2500,0,0,0
5528,92.22547,free_swing,642,480,510,395,-8.076,-122.779,0,340.03,5.41,1,157.00,12.77,2500,1,0,0
5529,92.24215,free_swing,658,472,518,410,-2.045,-113.886,0,386.11,350.82,1,153.11,9.98,2500,1,0,0
5530,92.25883,free_swing,674,463,533,416,4.800,-108.435,0,432.86,286.04,0,148.63,6.75,2500,0,0,0
5531,92.27552,free_swing,689,451,547,411,12.325,-105.732,0,461.08,268.26,0,147.53,5.96,2500,0,0,0
5532,92.2922,free_swing,702,438,562,406,20.200,-102.875,0,475.13,436.05,0,143.61,3.15,2500,0,0,0
5533,92.30888,free_swing,712,425,565,426,27.784,-89.610,0,457.13,321.35,0,147.00,5.59,2500,0,0,0
5534,92.32557,free_swing,721,414,583,425,35.272,-85.443,0,391.44,494.78,0,138.44,0.56,2500,0,0,0
5535,92.34225,free_swing,725,404,607,415,40.732,-84.674,0,248.88,617.70,1,118.51,14.88,2500,0,0,0
5536,92.35893,free_swing,728,400,608,470,43.708,-59.744,0,91.48,667.15,0,138.92,0.21,2500,0,0,0
5537,92.37562,free_swing,727,400,631,465,43.264,-55.899,0,-56.44,614.33,1,115.94,16.73,2500,0,0,0
5538,92.3923,free_swing,727,403,647,469,42.032,-50.477,0,-180.10,435.47,1,103.71,25.51,2500,0,0,0
5539,92.40898,free_swing,723,410,662,498,37.569,-34.729,0,-287.20,641.36,1,107.07,23.09,2500,1,0,0
5540,92.42567,free_swing,718,420,678,501,32.005,-26.281,0,-408.23,1006.66,1,90.34,35.11,2500,1,0,0
5541,92.44235,free_swing,709,433,697,500,24.487,-10.154,0,-516.30,1213.31,1,68.07,51.11,2500,1,0,0
5542,92.45903,free_swing,694,448,721,519,14.962,20.821,0,-610.06,1335.16,1,75.96,45.44,2500,0,0,0
5543,92.47572,free_swing,673,464,729,548,4.332,33.690,0,-610.13,983.34,1,100.96,27.49,2500,1,0,0
5544,92.4924,free_swing,649,478,750,562,-5.477,50.250,0,-539.09,639.93,1,131.37,5.64,2500,1,0,0
5545,92.50908,free_swing,627,486,751,561,-13.158,58.833,0,-433.86,914.09,1,144.92,4.09,2500,1,0,0
5546,92.52577,free_swing,606,489,748,531,-19.954,73.523,0,-346.91,818.86,0,148.08,6.36,2500,0,0,0
5547,92.54245,free_swing,589,491,733,480,-24.958,94.368,0,-288.10,671.65,0,144.42,3.73,2500,0,0,0
5548,92.55913,free_swing,573,491,721,485,-29.511,92.322,0,-256.56,204.87,1,148.12,6.39,2500,1,0,0
5549,92.57582,free_swing,559,488,716,463,-33.690,99.048,0,-258.20,-76.17,1,158.98,14.19,2500,1,0,0
5550,92.5925,free_swing,542,486,701,475,-38.157,93.958,0,-266.18,-36.08,1,159.38,14.48,2500,0,0,0
5551,92.60918,free_swing,526,481,687,469,-42.597,94.263,0,-267.42,-162.23,1,161.45,15.96,2500,0,0,0
5552,92.62587,free_swing,510,474,676,468,-47.135,92.070,0,-261.43,-158.84,1,166.11,19.31,2500,0,0,0
5553,92.64255,free_swing,496,466,658,472,-51.257,87.879,0,-257.91,-158.92,1,162.11,16.44,2500,0,0,0
5554,92.65923,free_swing,482,456,643,472,-55.586,84.325,0,-250.09,-237.61,1,161.79,16.21,2500,0,0,0
5555,92.67592,free_swing,470,445,630,464,-59.651,83.228,0,-228.29,-398.08,1,161.12,15.73,2500,0,0,0
5556,92.6926,free_swing,460,435,608,488,-63.097,70.297,0,-176.69,-629.13,1,157.20,12.92,2500,1,0,0
5557,92.70928,free_swing,454,427,588,501,-65.556,61.091,0,-117.28,-639.64,0,153.08,9.95,2500,0,0,0
5558,92.72597,free_swing,450,423,565,521,-66.866,49.563,0,-57.98,-611.29,0,151.09,8.53,2500,0,0,0
5559,92.74265,free_swing,449,421,547,523,-67.418,43.854,0,6.59,-264.47,1,141.45,1.60,2500,1,0,0
5560,92.75933,free_swing,451,423,524,540,-66.769,31.961,0,80.64,-555.62,1,137.91,0.95,2500,1,0,0
5561,92.77602,free_swing,456,430,522,515,-64.666,37.828,0,158.96,-468.98,1,107.62,22.70,2500,0,0,0
5562,92.7927,free_swing,465,440,473,568,-61.390,3.576,0,236.74,-853.02,1,128.25,7.88,2500,1,0,0
5563,92.80938,free_swing,478,452,488,502,-57.031,11.310,0,302.34,-1557.43,1,50.99,63.38,2500,1,0,0
5564,92.82607,free_swing,495,466,445,538,-51.423,-34.778,0,337.36,-1666.26,1,87.66,37.04,2500,0,0,0
5565,92.84275,free_swing,515,476,442,508,-45.785,-66.329,0,324.24,-2443.89,1,79.71,42.75,2500,1,0,0
5566,92.85943,free_swing,532,484,437,486,-40.756,-88.794,0,272.87,-1337.74,1,95.02,31.75,2500,1,0,0
5567,92.87612,free_swing,547,488,469,423,-36.634,-129.806,0,228.61,-358.37,1,101.53,27.07,2500,1,0,0
5568,92.8928,free_swing,560,490,434,464,-33.100,-101.659,0,224.96,264.29,1,128.65,7.59,2500,1,0,0
5569,92.90948,free_swing,574,491,431,455,-29.238,-104.130,0,245.29,-32.14,1,147.46,5.92,2500,1,0,0
5570,92.92617,free_swing,590,492,457,429,-24.525,-115.346,0,288.90,-652.13,1,147.17,5.71,2500,1,0,0
5571,92.94285,free_swing,606,490,488,391,-19.837,-129.996,0,317.93,-383.47,1,154.03,10.64,2500,1,0,0
5572,92.95953,free_swing,625,486,495,413,-13.861,-119.316,0,335.69,146.57,1,149.09,7.09,2500,1,0,0
5573,92.97622,free_swing,641,480,521,389,-8.455,-127.174,0,348.44,485.41,1,150.60,8.17,2500,1,0,0
5574,92.9929,free_swing,657,473,515,424,-2.437,-109.038,0,371.38,310.91,0,150.22,7.90,2500,0,0,0
5575,93.00958,free_swing,672,464,524,423,3.900,-105.484,0,406.72,389.74,1,153.57,10.31,2500,0,0,0
5576,93.02627,free_swing,687,452,554,413,11.310,-106.343,0,447.96,381.40,0,138.60,0.45,2500,0,0,0
5577,93.04295,free_swing,699,440,551,433,18.435,-92.708,0,456.18,497.11,0,148.17,6.42,2500,0,0,0
5578,93.05963,free_swing,711,428,560,450,26.565,-81.711,0,436.52,450.64,0,152.59,9.60,2500,0,0,0
5579,93.07632,free_swing,718,418,585,434,32.600,-83.140,0,347.54,385.28,0,133.96,3.78,2500,0,0,0
5580,93.093,free_swing,724,410,596,454,38.027,-71.030,0,189.06,606.01,1,135.35,2.78,2500,1,0,0
5581,93.10968,free_swing,725,408,611,477,39.207,-58.815,0,34.38,682.29,0,133.26,4.29,2500,0,0,0
5582,93.12637,free_swing,724,409,639,484,38.387,-48.576,0,-123.06,494.23,1,113.36,18.58,2500,0,0,0
5583,93.14305,free_swing,722,414,650,490,35.735,-43.452,0,-231.67,465.11,1,104.69,24.80,2500,0,0,0
5584,93.15973,free_swing,716,422,661,510,30.493,-32.005,0,-362.90,797.72,1,103.77,25.46,2500,1,0,0
5585,93.17642,free_swing,708,433,682,512,24.015,-18.217,0,-450.19,1137.39,1,83.17,40.26,2500,1,0,0
5586,93.1931,free_swing,694,446,706,538,15.213,7.431,0,-525.45,1274.38,1,92.78,33.36,2500,0,0,0
5587,93.20978,free_swing,679,461,727,560,7.070,25.866,0,-563.10,1540.54,1,110.02,20.97,2500,1,0,0
5588,93.22647,free_swing,655,476,743,552,-3.180,49.185,0,-524.12,1169.10,1,116.28,16.48,2500,1,0,0
5589,93.24315,free_swing,633,485,750,513,-11.094,76.541,0,-450.56,866.34,1,120.30,13.59,2500,1,0,0
5590,93.25983,free_swing,614,489,752,533,-17.333,72.316,0,-341.93,558.52,1,144.84,4.04,2500,1,0,0
5591,93.27652,free_swing,596,491,745,492,-22.850,89.615,0,-292.09,422.28,0,149.00,7.03,2500,0,0,0
5592,93.2932,free_swing,581,492,735,473,-27.135,97.033,0,-259.74,486.84,1,155.17,11.45,2500,0,0,0
5593,93.30988,free_swing,566,490,718,465,-31.547,99.340,0,-243.89,152.71,1,154.04,10.64,2500,1,0,0
5594,93.32657,free_swing,551,489,710,452,-35.503,103.100,0,-251.09,51.32,1,163.25,17.26,2500,0,0,0
5595,93.34325,free_swing,535,486,692,450,-39.732,102.915,0,-255.01,-92.16,1,161.07,15.70,2500,0,0,0
5596,93.35993,free_swing,520,479,679,452,-44.210,99.638,0,-263.77,-63.30,1,161.28,15.84,2500,0,0,0
5597,93.37662,free_swing,505,472,664,452,-48.457,97.169,0,-261.50,-243.73,1,160.25,15.11,2500,0,0,0
5598,93.3933,free_swing,490,463,656,437,-52.866,98.902,0,-259.64,-196.12,1,168.02,20.69,2500,0,0,0
5599,93.40998,free_swing,478,452,636,470,-57.031,83.501,0,-245.38,-440.36,1,159.02,14.22,2500,1,0,0
5600,93.42667,free_swing,466,441,630,445,-61.044,88.603,0,-209.64,-338.75,1,164.05,17.83,2500,0,0,0
5601,93.44335,free_swing,458,432,604,483,-63.997,70.745,0,-159.05,-296.85,1,154.65,11.08,2500,0,0,0
5602,93.46003,free_swing,452,425,598,461,-66.214,76.149,0,-102.98,-559.60,1,150.37,8.01,2500,1,0,0
5603,93.47672,free_swing,449,421,572,495,-67.418,58.968,0,-46.30,-580.90,0,143.54,3.10,2500,0,0,0
5604,93.4934,free_swing,448,420,556,517,-67.741,48.071,0,19.98,-917.08,1,145.17,4.27,2500,1,0,0
5605,93.51008,free_swing,451,423,530,532,-66.769,35.933,0,90.45,-805.50,0,134.62,3.31,2500,0,0,0
5606,93.52677,free_swing,456,430,505,568,-64.666,19.549,0,159.26,-405.22,1,146.44,5.18,2500,1,0,0
5607,93.54345,free_swing,465,440,494,567,-61.390,12.863,0,234.85,-539.17,0,130.27,6.43,2500,0,0,0
5608,93.56013,free_swing,478,452,495,518,-57.031,14.444,0,319.75,-1187.76,1,68.15,51.05,2500,1,0,0
5609,93.57682,free_swing,496,467,454,550,-51.049,-26.841,0,367.14,-1662.32,1,93.02,33.19,2500,1,0,0
5610,93.5935,free_swing,518,479,430,544,-44.608,-53.549,0,346.42,-1438.77,1,109.40,21.42,2500,1,0,0
5611,93.61018,free_swing,536,486,419,542,-39.512,-64.423,0,285.03,-771.67,1,129.71,6.83,2500,1,0,0
5612,93.62687,free_swing,552,488,417,518,-35.433,-77.471,0,241.73,-635.34,0,138.29,0.67,2500,0,0,0
5613,93.64355,free_swing,566,491,428,488,-31.386,-91.245,0,227.19,-695.82,0,138.03,0.85,2500,0,0,0
5614,93.66023,free_swing,580,492,440,474,-27.418,-97.326,0,244.63,-538.13,0,141.15,1.39,2500,0,0,0
5615,93.67692,free_swing,594,491,464,445,-23.459,-109.486,0,284.36,-324.18,1,137.90,0.95,2500,1,0,0
5616,93.6936,free_swing,612,489,476,439,-17.996,-110.186,0,323.74,-54.10,1,144.90,4.08,2500,1,0,0
5617,93.71028,free_swing,630,484,496,437,-12.249,-109.328,0,348.06,211.60,1,142.00,2.00,2500,1,0,0
5618,93.72697,free_swing,646,478,503,441,-6.642,-104.507,0,355.65,155.49,0,147.71,6.10,2500,0,0,0
5619,93.74365,free_swing,662,470,516,438,-0.415,-102.362,0,379.10,189.65,0,149.47,7.36,2500,0,0,0
5620,93.76033,free_swing,677,461,529,432,6.194,-101.086,0,431.24,226.83,0,150.81,8.33,2500,0,0,0
5621,93.77702,free_swing,691,449,544,441,13.459,-93.115,0,455.94,381.34,0,147.22,5.74,2500,0,0,0
5622,93.7937,free_swing,704,435,559,440,21.705,-88.025,0,454.47,546.68,0,145.09,4.21,2500,0,0,0
5623,93.81038,free_swing,713,425,566,456,28.264,-78.092,0,391.52,365.06,0,150.23,7.91,2500,0,0,0
5624,93.82707,free_swing,720,415,587,466,34.479,-69.020,0,290.17,499.60,0,142.44,2.31,2500,0,0,0
5625,93.84375,free_swing,723,409,605,453,37.926,-69.550,0,157.52,515.73,0,125.94,9.54,2500,0,0,0
5626,93.86043,free_swing,725,407,617,501,39.579,-48.965,0,-6.34,509.02,0,143.18,2.84,2500,0,0,0
5627,93.87712,free_swing,723,409,638,488,37.926,-47.095,0,-142.17,508.25,1,116.04,16.65,2500,0,0,0
5628,93.8938,free_swing,720,415,648,503,34.479,-39.289,0,-262.60,555.51,1,113.70,18.33,2500,0,0,0
5629,93.91048,free_swing,715,424,669,520,29.476,-25.602,0,-364.98,941.09,1,106.45,23.54,2500,1,0,0
5630,93.92717,free_swing,706,436,694,537,22.463,-6.776,0,-479.11,1016.30,1,101.71,26.94,2500,0,0,0
5631,93.94385,free_swing,692,451,709,553,13.696,9.462,0,-564.59,1262.18,1,103.41,25.73,2500,1,0,0
5632,93.96053,free_swing,672,466,734,577,3.842,29.186,0,-576.91,1422.31,0,127.14,8.68,2500,0,0,0
5633,93.97722,free_swing,649,479,750,538,-5.440,59.708,0,-510.79,1239.90,1,116.97,15.98,2500,0,0,0
5634,93.9939,free_swing,627,487,754,523,-13.076,74.174,0,-411.27,854.87,1,132.00,5.19,2500,1,0,0
5635,94.01058,free_swing,609,489,752,510,-18.981,81.646,0,-326.17,614.78,1,144.53,3.81,2500,1,0,0
5636,94.02727,free_swing,592,491,736,479,-24.063,94.764,0,-278.31,506.15,0,144.50,3.79,2500,0,0,0
5637,94.04395,free_swing,577,491,729,454,-28.408,103.681,0,-259.91,243.04,1,156.44,12.37,2500,1,0,0
5638,94.06063,free_swing,562,489,722,461,-32.754,99.926,0,-255.45,-151.69,1,162.43,16.67,2500,1,0,0
5639,94.07732,free_swing,546,487,707,460,-37.047,99.520,0,-256.80,-97.67,1,163.25,17.26,2500,0,0,0
5640,94.094,free_swing,531,482,689,466,-41.348,95.782,0,-256.84,85.64,1,158.81,14.07,2500,0,0,0
5641,94.11068,free_swing,516,476,675,440,-45.591,102.758,0,-260.73,69.32,1,163.02,17.10,2500,0,0,0
5642,94.12737,free_swing,501,468,665,440,-49.986,99.689,0,-262.31,-205.88,1,166.37,19.50,2500,1,0,0
5643,94.14405,free_swing,486,459,653,444,-54.340,95.133,0,-251.20,-427.93,1,167.67,20.43,2500,1,0,0
5644,94.16073,free_swing,473,449,634,467,-58.376,83.621,0,-231.60,-412.90,1,162.00,16.36,2500,0,0,0
5645,94.17742,free_swing,463,439,621,462,-61.853,81.718,0,-198.60,-523.83,1,159.67,14.68,2500,0,0,0
5646,94.1941,free_swing,455,429,604,480,-64.998,71.105,0,-148.50,-462.30,1,157.49,13.12,2500,0,0,0
5647,94.21078,free_swing,450,423,581,501,-66.866,59.230,0,-84.76,-505.93,0,152.46,9.51,2500,0,0,0
5648,94.22747,free_swing,449,420,568,496,-67.647,57.435,0,-17.13,-560.00,0,141.20,1.42,2500,0,0,0
5649,94.24415,free_swing,449,421,548,522,-67.418,44.427,0,46.02,-522.65,0,141.43,1.58,2500,0,0,0
5650,94.26083,free_swing,453,425,523,543,-66.114,30.677,0,122.45,-731.52,1,137.20,1.45,2500,1,0,0
5651,94.27752,free_swing,459,434,506,528,-63.435,26.565,0,199.08,-921.19,1,105.10,24.51,2500,0,0,0
5652,94.2942,free_swing,471,446,473,568,-59.300,0.939,0,285.05,-1202.56,1,122.02,12.36,2500,1,0,0
5653,94.31088,free_swing,486,459,446,568,-54.340,-20.152,0,344.15,-1558.99,1,116.11,16.60,2500,1,0,0
5654,94.32757,free_swing,507,473,435,554,-47.891,-41.634,0,350.78,-1282.20,1,108.37,22.16,2500,1,0,0
5655,94.34425,free_swing,526,482,426,520,-42.406,-69.193,0,321.41,-1016.47,1,106.98,23.16,2500,1,0,0
5656,94.36093,free_swing,543,487,417,520,-37.747,-75.324,0,260.83,-882.83,0,130.25,6.45,2500,0,0,0
5657,94.37762,free_swing,559,490,431,490,-33.354,-90.000,0,227.66,-594.09,1,128.00,8.06,2500,1,0,0
5658,94.3943,free_swing,571,491,452,456,-30.054,-106.390,0,226.02,-563.77,1,124.04,10.91,2500,0,0,0
5659,94.41098,free_swing,585,492,448,459,-25.989,-103.543,0,259.88,-360.50,1,140.92,1.22,2500,1,0,0
5660,94.42767,free_swing,602,490,469,429,-21.110,-114.638,0,317.17,-156.58,1,146.32,5.10,2500,1,0,0
5661,94.44435,free_swing,620,487,488,420,-15.505,-116.911,0,344.63,6.59,0,148.03,6.33,2500,0,0,0
5662,94.46103,free_swing,638,482,499,431,-9.462,-110.148,0,361.67,240.71,1,148.06,6.35,2500,1,0,0
5663,94.47772,free_swing,654,475,508,431,-3.601,-106.771,0,373.02,357.40,0,152.49,9.53,2500,0,0,0
5664,94.4944,free_swing,670,466,520,424,2.990,-105.642,0,397.74,102.48,1,155.77,11.88,2500,1,0,0
5665,94.51108,free_swing,684,455,536,441,9.689,-95.404,0,426.13,49.76,0,148.66,6.78,2500,0,0,0
5666,94.52777,free_swing,697,442,564,405,17.176,-105.546,0,461.26,382.35,1,138.05,0.84,2500,1,0,0
5667,94.54445,free_swing,708,430,571,424,24.664,-92.508,0,467.42,374.62,0,137.13,1.50,2500,0,0,0
5668,94.56113,free_swing,718,418,574,454,32.600,-75.964,0,385.06,679.28,1,148.43,6.61,2500,1,0,0
5669,94.57782,free_swing,723,409,598,427,37.926,-81.806,0,264.40,567.45,0,126.29,9.29,2500,0,0,0
5670,94.5945,free_swing,725,405,609,478,40.342,-57.817,0,93.70,658.05,0,137.06,1.55,2500,0,0,0
5671,94.61118,free_swing,727,404,626,484,41.634,-51.618,0,-44.04,725.11,0,128.84,7.45,2500,0,0,0
5672,94.62787,free_swing,724,408,645,497,38.752,-41.594,0,-185.85,332.85,1,119.00,14.52,2500,1,0,0
5673,94.64455,free_swing,721,414,659,506,35.272,-33.977,0,-314.13,596.52,1,110.94,20.31,2500,1,0,0
5674,94.66123,free_swing,714,425,668,519,28.740,-26.075,0,-407.63,930.96,1,104.65,24.83,2500,1,0,0
5675,94.67792,free_swing,704,437,700,540,21.329,-2.224,0,-523.95,1236.39,1,103.08,25.96,2500,1,0,0
5676,94.6946,free_swing,689,453,727,560,12.127,19.552,0,-584.83,1554.71,1,113.55,18.44,2500,1,0,0
5677,94.71128,free_swing,667,469,742,557,1.672,40.440,0,-582.30,1300.60,1,115.62,16.95,2500,1,0,0
5678,94.72797,free_swing,644,481,754,523,-7.267,69.102,0,-494.26,806.92,1,117.75,15.43,2500,1,0,0
5679,94.74465,free_swing,623,487,759,533,-14.470,71.313,0,-386.92,844.06,0,143.57,3.12,2500,0,0,0
5680,94.76133,free_swing,605,490,747,515,-20.158,80.015,0,-314.61,661.34,0,144.18,3.56,2500,0,0,0
5681,94.77802,free_swing,588,492,735,441,-25.115,109.134,0,-277.89,396.55,1,155.60,11.76,2500,1,0,0
5682,94.7947,free_swing,573,491,728,474,-29.511,96.259,0,-265.30,202.24,1,155.93,12.00,2500,0,0,0
5683,94.81138,free_swing,557,489,715,471,-34.026,96.499,0,-261.96,3.42,1,159.02,14.22,2500,0,0,0
5684,94.82807,free_swing,541,486,707,416,-38.387,112.865,0,-267.38,19.36,1,180.16,29.40,2500,0,0,0
5685,94.84475,free_swing,526,480,689,453,-42.790,99.405,0,-261.29,-103.15,1,165.22,18.67,2500,0,0,0
5686,94.86143,free_swing,510,473,673,463,-47.337,93.511,0,-265.38,-232.39,1,163.31,17.30,2500,0,0,0
5687,94.87812,free_swing,495,466,670,420,-51.423,104.727,0,-268.59,-118.22,1,180.94,29.97,2500,0,0,0
5688,94.8948,free_swing,481,454,645,454,-56.165,90.000,0,-255.42,-321.55,1,164.00,17.80,2500,1,0,0
5689,94.91148,free_swing,469,443,627,456,-60.223,85.296,0,-229.29,-373.28,1,158.53,13.87,2500,0,0,0
5690,94.92817,free_swing,459,434,619,453,-63.435,83.228,0,-178.90,-212.44,1,161.12,15.73,2500,0,0,0
5691,94.94485,free_swing,452,425,592,454,-66.214,78.297,0,-127.91,-463.07,1,142.97,2.69,2500,1,0,0
5692,94.96153,free_swing,448,420,579,477,-67.741,66.485,0,-66.68,-688.94,1,142.86,2.62,2500,1,0,0
5693,94.97822,free_swing,447,418,558,495,-68.290,55.251,0,4.61,-714.05,0,135.09,2.97,2500,0,0,0
5694,94.9949,free_swing,449,420,538,516,-67.647,42.833,0,72.98,-643.02,0,130.91,5.97,2500,0,0,0
5695,95.01158,free_swing,454,426,518,524,-65.784,33.147,0,144.85,-672.20,1,117.05,15.93,2500,0,0,0
5696,95.02827,free_swing,461,436,497,536,-62.758,19.799,0,230.52,-974.58,1,106.28,23.66,2500,1,0,0
5697,95.04495,free_swing,473,449,474,531,-58.376,0.699,0,316.88,-1822.34,1,82.01,41.10,2500,1,0,0
5698,95.06163,free_swing,492,464,439,549,-52.334,-31.945,0,364.37,-1753.22,1,100.17,28.05,2500,0,0,0
5699,95.07832,free_swing,513,476,446,498,-46.169,-71.822,0,343.01,-1189.63,1,70.52,49.35,2500,1,0,0
5700,95.095,free_swing,531,484,404,543,-40.972,-65.082,0,285.65,-568.85,1,140.04,0.58,2500,1,0,0
5701,95.11168,free_swing,546,488,411,508,-36.870,-81.573,0,239.61,-388.38,0,136.47,1.97,2500,0,0,0
5702,95.12837,free_swing,561,490,422,488,-32.845,-90.824,0,226.22,-513.09,0,139.01,0.15,2500,0,0,0
5703,95.14505,free_swing,574,492,422,477,-29.085,-95.636,0,250.96,-307.68,1,152.74,9.71,2500,1,0,0
5704,95.16173,free_swing,590,491,436,469,-24.661,-98.130,0,292.27,-498.88,1,155.56,11.74,2500,0,0,0
5705,95.17842,free_swing,608,490,471,436,-19.193,-111.512,0,330.63,-340.31,0,147.26,5.77,2500,0,0,0
5706,95.1951,free_swing,626,486,491,418,-13.510,-116.735,0,349.67,-89.59,1,151.16,8.57,2500,1,0,0
5707,95.21178,free_swing,643,479,496,434,-7.748,-107.021,0,343.35,285.26,1,153.73,10.42,2500,1,0,0
5708,95.22847,free_swing,659,472,518,422,-1.637,-109.525,0,381.28,191.89,0,149.60,7.46,2500,0,0,0
5709,95.24515,free_swing,673,462,519,431,4.399,-101.381,0,428.71,180.82,1,157.09,12.83,2500,0,0,0
5710,95.26183,free_swing,690,450,540,416,12.888,-102.771,0,474.29,415.43,1,153.81,10.47,2500,1,0,0
5711,95.27852,free_swing,702,437,555,435,20.376,-90.779,0,491.40,338.92,0,147.01,5.60,2500,0,0,0
5712,95.2952,free_swing,713,424,570,439,28.523,-84.012,0,448.22,525.25,0,143.78,3.28,2500,0,0,0
5713,95.31188,free_swing,721,413,586,435,35.605,-80.744,0,379.06,644.63,0,136.78,1.75,2500,0,0,0
5714,95.32857,free_swing,725,404,601,470,40.732,-61.975,0,251.36,713.77,0,140.47,0.90,2500,0,0,0
5715,95.34525,free_swing,728,400,613,493,43.708,-51.038,0,70.95,617.71,0,147.90,6.23,2500,0,0,0
5716,95.36193,free_swing,728,400,630,492,43.708,-46.809,0,-92.61,475.91,0,134.42,3.45,2500,0,0,0
5717,95.37862,free_swing,725,406,645,518,39.958,-35.538,0,-231.50,533.30,0,137.64,1.14,2500,0,0,0
5718,95.3953,free_swing,722,413,664,541,36.069,-24.376,0,-347.30,641.22,0,140.53,0.94,2500,0,0,0
5719,95.41198,free_swing,715,425,684,531,29.211,-16.302,0,-440.33,800.89,1,110.44,20.67,2500,0,0,0
5720,95.42867,free_swing,703,438,705,546,20.674,1.061,0,-555.81,1031.91,1,108.02,22.41,2500,1,0,0
5721,95.44535,free_swing,688,454,735,565,11.581,22.949,0,-596.77,1685.75,1,120.54,13.42,2500,1,0,0
5722,95.46203,free_swing,665,470,747,551,0.830,45.352,0,-567.08,1474.86,1,115.26,17.21,2500,1,0,0
5723,95.47872,free_swing,643,481,751,494,-7.645,83.136,0,-478.19,802.51,1,108.78,21.87,2500,1,0,0
5724,95.4954,free_swing,623,487,755,527,-14.470,73.142,0,-370.07,389.76,1,137.93,0.93,2500,1,0,0
5725,95.51208,free_swing,605,490,754,516,-20.158,80.102,0,-307.79,175.19,1,151.25,8.64,2500,1,0,0
5726,95.52877,free_swing,589,491,736,478,-24.958,95.054,0,-273.29,408.41,1,147.57,6.00,2500,1,0,0
5727,95.54545,free_swing,574,491,729,486,-29.238,91.848,0,-261.33,295.79,1,155.08,11.39,2500,0,0,0
5728,95.56213,free_swing,558,489,715,472,-33.774,96.180,0,-263.03,199.47,1,157.92,13.43,2500,0,0,0
5729,95.57882,free_swing,542,486,700,440,-38.157,106.232,0,-266.54,84.73,1,164.56,18.20,2500,0,0,0
5730,95.5955,free_swing,526,481,687,455,-42.597,99.174,0,-270.62,-267.07,1,163.09,17.14,2500,1,0,0
5731,95.61218,free_swing,510,474,673,467,-47.135,92.459,0,-275.60,-417.64,1,163.15,17.19,2500,0,0,0
5732,95.62887,free_swing,494,465,660,469,-51.798,88.620,0,-270.50,-268.82,1,166.05,19.27,2500,0,0,0
5733,95.64555,free_swing,480,455,639,473,-56.094,83.541,0,-246.91,-247.96,1,160.02,14.93,2500,0,0,0
5734,95.66223,free_swing,469,444,624,474,-60.001,79.046,0,-213.11,-381.93,1,157.88,13.40,2500,0,0,0
5735,95.67892,free_swing,460,435,602,479,-63.097,72.784,0,-172.15,-470.85,0,148.66,6.78,2500,0,0,0
5736,95.6956,free_swing,453,427,585,499,-65.659,61.390,0,-118.90,-608.13,0,150.36,8.00,2500,0,0,0
5737,95.71228,free_swing,450,422,569,508,-67.094,54.145,0,-50.55,-500.94,0,146.82,5.46,2500,0,0,0
5738,95.72897,free_swing,450,421,549,529,-67.323,42.510,0,22.48,-451.03,0,146.51,5.23,2500,0,0,0
5739,95.74565,free_swing,452,425,529,519,-66.214,39.323,0,92.77,-679.16,1,121.51,12.72,2500,1,0,0
5740,95.76233,free_swing,458,431,507,546,-64.223,23.078,0,171.14,-942.09,1,125.00,10.21,2500,1,0,0
5741,95.77902,free_swing,467,442,474,567,-60.698,3.205,0,255.37,-1193.40,1,125.20,10.08,2500,1,0,0
5742,95.7957,free_swing,481,456,450,570,-55.733,-15.213,0,328.47,-1281.86,1,118.14,15.14,2500,0,0,0
5743,95.81238,free_swing,500,469,416,581,-49.953,-36.870,0,345.63,-1464.15,0,140.00,0.56,2500,0,0,0
5744,95.82907,free_swing,520,479,426,528,-44.210,-62.468,0,307.56,-1157.42,1,106.00,23.86,2500,1,0,0
5745,95.84575,free_swing,536,485,423,501,-39.695,-81.941,0,254.97,-707.88,1,114.13,18.03,2500,1,0,0
5746,95.86243,free_swing,550,488,410,510,-35.918,-81.069,0,221.27,-479.68,1,141.72,1.79,2500,1,0,0
5747,95.87912,free_swing,564,490,428,478,-32.071,-95.042,0,232.74,-539.93,0,136.53,1.94,2500,0,0,0
5748,95.8958,free_swing,578,491,440,451,-28.129,-106.164,0,268.23,-657.45,0,143.68,3.20,2500,0,0,0
5749,95.91248,free_swing,595,491,462,435,-23.155,-112.834,0,306.90,-435.93,1,144.31,3.65,2500,1,0,0
5750,95.92917,free_swing,613,488,486,416,-17.771,-119.550,0,328.37,-106.86,1,145.99,4.86,2500,1,0,0
5751,95.94585,free_swing,630,485,504,411,-12.171,-120.426,0,336.39,196.26,1,146.12,4.96,2500,1,0,0
5752,95.96253,free_swing,646,478,506,426,-6.642,-110.376,0,349.55,377.77,0,149.35,7.27,2500,0,0,0
5753,95.97922,free_swing,662,470,519,425,-0.415,-107.468,0,389.22,269.44,0,149.91,7.68,2500,0,0,0
5754,95.9959,free_swing,677,461,527,426,6.194,-103.134,0,431.34,180.03,1,154.03,10.64,2500,0,0,0
5755,96.01258,free_swing,692,448,546,420,14.036,-100.856,0,461.68,352.43,0,148.66,6.78,2500,0,0,0
5756,96.02927,free_swing,704,436,557,430,21.516,-92.337,0,471.03,505.42,0,147.12,5.67,2500,0,0,0
5757,96.04595,free_swing,714,423,563,443,29.268,-82.455,0,431.03,633.84,0,152.32,9.41,2500,0,0,0
5758,96.06263,free_swing,721,412,583,454,35.942,-73.072,0,337.00,495.06,0,144.25,3.61,2500,0,0,0
5759,96.07932,free_swing,725,405,596,468,40.342,-63.970,0,185.08,523.80,0,143.56,3.12,2500,0,0,0
5760,96.096,free_swing,726,402,610,466,41.987,-61.113,0,26.66,26.38,1,132.48,4.84,2500,1,0,0
5761,96.11268,free_swing,726,404,625,484,41.186,-51.618,0,-107.92,104.21,0,128.84,7.45,2500,0,0,0
5762,96.12937,free_swing,724,409,644,443,38.387,-66.975,0,-221.81,494.66,1,86.93,37.56,2500,1,0,0
5763,96.14605,free_swing,720,417,653,508,33.845,-36.363,0,-345.44,903.90,1,113.00,18.83,2500,1,0,0
5764,96.16273,free_swing,712,427,664,533,27.284,-24.362,0,-444.65,1237.90,1,116.36,16.42,2500,1,0,0
5765,96.17942,free_swing,700,442,688,550,18.591,-6.340,0,-540.28,1217.06,1,108.66,21.95,2500,0,0,0
5766,96.1961,free_swing,685,458,713,553,9.904,16.422,0,-592.32,1412.83,1,99.04,28.86,2500,0,0,0
5767,96.21278,free_swing,661,472,737,548,-0.818,45.000,0,-577.99,1284.77,1,107.48,22.80,2500,0,0,0
5768,96.22947,free_swing,637,483,740,553,-9.770,55.800,0,-500.39,824.12,1,124.54,10.55,2500,1,0,0
5769,96.24615,free_swing,615,489,744,528,-17.000,73.179,0,-379.74,643.65,0,134.77,3.20,2500,0,0,0
5770,96.26283,free_swing,597,491,739,526,-22.543,76.154,0,-308.19,594.49,0,146.25,5.05,2500,0,0,0
5771,96.27952,free_swing,581,491,724,485,-27.281,92.403,0,-273.33,268.16,1,143.13,2.80,2500,1,0,0
5772,96.2962,free_swing,565,490,721,486,-31.809,91.469,0,-261.38,198.09,1,156.05,12.09,2500,0,0,0
5773,96.31288,free_swing,549,488,707,486,-36.158,90.725,0,-255.95,136.07,1,158.01,13.50,2500,0,0,0
5774,96.32957,free_swing,534,484,697,460,-40.321,98.376,0,-253.01,34.21,1,164.76,18.34,2500,0,0,0
5775,96.34625,free_swing,519,478,678,454,-44.605,98.584,0,-254.49,-72.07,1,160.80,15.50,2500,0,0,0
5776,96.36293,free_swing,504,471,667,479,-48.840,87.190,0,-254.07,-214.53,1,163.20,17.22,2500,0,0,0
5777,96.37962,free_swing,490,462,651,452,-53.077,93.554,0,-256.05,-274.37,1,161.31,15.86,2500,0,0,0
5778,96.3963,free_swing,477,452,629,467,-57.171,84.364,0,-243.24,-248.81,0,152.74,9.71,2500,0,0,0
5779,96.41298,free_swing,466,440,612,477,-61.267,75.779,0,-207.86,-544.93,1,150.62,8.18,2500,1,0,0
5780,96.42967,free_swing,457,432,599,473,-64.106,73.895,0,-156.54,-378.74,0,147.80,6.16,2500,0,0,0
5781,96.44635,free_swing,452,425,579,502,-66.214,58.772,0,-96.42,-522.31,0,148.52,6.68,2500,0,0,0
5782,96.46303,free_swing,449,421,568,496,-67.418,57.779,0,-35.93,-592.67,0,140.66,1.03,2500,0,0,0
5783,96.47972,free_swing,449,421,540,529,-67.418,40.117,0,32.95,-667.93,0,141.23,1.44,2500,0,0,0
5784,96.4964,free_swing,452,425,521,531,-66.214,33.062,0,101.88,-799.96,0,126.48,9.15,2500,0,0,0
5785,96.51308,free_swing,458,432,494,562,-63.997,15.479,0,174.55,-788.13,0,134.89,3.11,2500,0,0,0
5786,96.52977,free_swing,467,443,477,570,-60.476,4.502,0,260.42,-1008.49,1,127.39,8.50,2500,1,0,0
5787,96.54645,free_swing,481,457,445,586,-55.518,-15.593,0,317.65,-1187.83,0,133.93,3.80,2500,0,0,0
5788,96.56313,free_swing,502,470,427,571,-49.399,-36.597,0,360.01,-1373.63,0,125.80,9.64,2500,0,0,0
5789,96.57982,free_swing,522,480,429,531,-43.612,-61.260,0,387.50,-1565.89,1,106.07,23.82,2500,0,0,0
